:1000000040360020F14B0000BF370100DD4B0000FF
:10001000DD4B0000DD4B0000DD4B0000DD4B000040
:10002000000000000000000000000000314D000052
:10003000DD4B0000000000000D500000DD4B000013
:10004000C9500000C9500000C9500000C95000004C
:10005000C9500000C9500000C9500000C95000003C
:10006000C9500000C9500000C9500000C95000002C
:10007000C9500000C9500000C9500000C95000001C
:10008000C9500000C9500000C9500000C95000000C
:10009000C9500000C9500000C9500000C9500000FC
:1000A000C9500000C9500000C9500000C9500000EC
:1000B000C9500000C9500000C9500000C9500000DC
:1000C000C9500000C9500000C9500000C9500000CC
:1000D000C9500000C9500000C9500000C9500000BC
:1000E000C9500000C9500000C9500000C9500000AC
:1000F000C9500000C9500000C9500000C95000009C
:10010000C9500000C9500000C9500000C95000008B
:10011000C9500000C9500000C9500000C95000007B
:10012000C9500000C9500000C9500000C95000006B
:10013000C9500000C9500000C9500000C95000005B
:10014000C9500000C9500000C9500000C95000004B
:10015000C9500000C9500000C9500000C95000003B
:10016000C9500000C9500000C9500000C95000002B
:10017000C9500000C9500000C9500000C95000001B
:10018000C9500000C9500000C9500000C95000000B
:10019000C9500000C9500000C9500000C9500000FB
:1001A000C9500000C9500000C9500000C9500000EB
:1001B000C9500000C9500000C9500000C9500000DB
:1001C000C9500000C9500000C9500000C9500000CB
:1001D000C9500000C9500000C9500000C9500000BB
:1001E000C9500000C9500000C9500000C9500000AB
:1001F000C9500000C9500000C9500000C95000009B
:10020000C9500000C9500000C9500000C95000008A
:10021000C9500000C9500000C9500000C95000007A
:10022000C9500000C9500000C9500000C95000006A
:10023000C9500000C9500000C9500000C95000005A
:10024000C9500000C9500000C9500000C95000004A
:10025000C9500000C9500000C9500000C95000003A
:10026000C9500000C9500000C9500000C95000002A
:10027000C9500000C9500000C9500000C95000001A
:10028000C9500000C9500000C9500000C95000000A
:10029000C9500000C9500000C9500000C9500000FA
:1002A000C9500000C9500000C9500000C9500000EA
:1002B000C9500000C9500000C9500000C9500000DA
:1002C000C9500000C9500000C9500000C9500000CA
:1002D000C9500000C9500000C9500000C9500000BA
:1002E000C9500000C9500000C9500000C9500000AA
:1002F000C9500000C9500000C9500000C95000009A
:10030000C9500000C9500000C9500000C950000089
:10031000C9500000C9500000C9500000C950000079
:10032000C9500000C9500000C9500000C950000069
:10033000C9500000C9500000C9500000C950000059
:10034000C9500000C9500000C9500000C950000049
:10035000C9500000C9500000C9500000C950000039
:10036000C9500000C9500000C9500000C950000029
:10037000C9500000C9500000C9500000C950000019
:10038000C9500000C9500000C9500000C950000009
:10039000C9500000C9500000C9500000C9500000F9
:1003A000C9500000C9500000C9500000C9500000E9
:1003B000C9500000C9500000C9500000C9500000D9
:1003C000C9500000C9500000C9500000C9500000C9
:1003D000C9500000C9500000C9500000C9500000B9
:1003E000C9500000C9500000C9500000C9500000A9
:1003F000C9500000C9500000C9500000C950000099
:10040000C9500000C9500000C9500000C950000088
:10041000C9500000C9500000C9500000C950000078
:10042000C9500000C9500000C9500000C950000068
:10043000C9500000C9500000C9500000C950000058
:10044000C9500000C9500000C9500000C950000048
:10045000C9500000C9500000C9500000C950000038
:10046000C9500000C9500000C9500000C950000028
:10047000C9500000C9500000C9500000C950000018
:10048000C9500000C9500000C9500000C950000008
:10049000C9500000C9500000C9500000C9500000F8
:1004A000C9500000C9500000C9500000C9500000E8
:1004B000C9500000C9500000C9500000C9500000D8
:0804C000C9500000C950000002
:1004C800844641EA000313F0030349D1403A23D399
:1004D8000B6803604B6843608B688360CB68C360BC
:1004E8000B6903614B6943618B698361CB69C361A4
:1004F8000B6A03624B6A43628B6A8362CB6AC3628C
:100508000B6B03634B6B43638B6B8363CB6BC36373
:1005180040304031403ADBD230320BD30B680360B5
:100528004B6843608B688360CB68C36010301031C0
:10053800103AF3D20C3205D351F8043B40F8043B8F
:10054800043AF9D2043208D0D2071CBF11F8013B93
:1005580000F8013B01D30B8803806046704700BF59
:10056800082A13D38B07B1D010F00303AED0C3F120
:100578000403D21ADB071CBF11F8013B00F8013B4A
:10058800A4D331F8023B20F8023B9FE7043AD9D3C1
:10059800013A11F8013B00F8013BF9D20B780370DE
:1005A8004B7843708B788370604670477BB972B91B
:1005B8000029BEBF00204FF0004106E008BF002818
:1005C8001CBF6FF000414FF0FF3000F057B8ADF19D
:1005D800080C6DE904CE002909DB002B1ADB00F0BA
:1005E8004FF8DDF804E0DDE9022304B0704740422B
:1005F80061EB4101002B1BDB00F042F8DDF804E061
:10060800DDE9022304B0404261EB4101524263EB51
:1006180043037047524263EB430300F031F8DDF8BF
:1006280004E0DDE9022304B0404261EB4101704778
:10063800524263EB430300F023F8DDF804E0DDE900
:10064800022304B0524263EB4303704753B94AB9DB
:10065800002908BF00281CBF4FF0FF314FF0FF30C2
:1006680000F00CB8ADF1080C6DE904CE00F008F804
:10067800DDF804E0DDE9022304B07047704700BFED
:100688002DE9F0478C468E46089E154604461946C5
:10069800002B40F0D080724547D9B2FA82F74FB1AB
:1006A800C7F120030EFA07FCBD40BC4020FA03F353
:1006B80043EA0C0C4FEA154EA8B2230CBCFBFEF81B
:1006C8000EFB18CC08FB00F943EA0C43994528D9DE
:1006D800EB1808F1FF3204D2994502D9A8F10202B9
:1006E8002B44A3EB0903A4B2B3FBFEFC0EFB1C33A3
:1006F8000CFB00F044EA0344A04214D92C190CF175
:10070800FF3304D2A04202D9ACF102032C44241ACC
:1007180043EA02401EB1FC40002334607360BDE828
:10072800F0874246DDE76346F1E7002A79D0B2FA5E
:1007380082F3002B3FD01946C1F1200302FA01F5DC
:1007480000FA01F42EFA03F20EFA01FE20FA03F37E
:10075800AFB243EA0E034FEA154EB2FBFEFC0EFBA6
:100768001C201A0C0CFB07F842EA004290455AD9A3
:10077800AA180CF1FF3004D2904502D9ACF102005E
:100788002A44A2EB08029BB2B2FBFEFC0EFB1C2221
:100798000CFB07F743EA02439F4246D9EB180CF1DA
:1007A800FF3204D29F4202D9ACF102022B44DB1B78
:1007B80042EA004202E0AEEB020301224FEA154E84
:1007C800AFB2200CB3FBFEFC0EFB1C330CFB07F88E
:1007D80040EA034398452AD9EB180CF1FF3004D2BC
:1007E800984502D9ACF102002B44A3EB0803A4B24C
:1007F800B3FBFEFC0EFB1C330CFB07F744EA034477
:10080800A74216D92C190CF1FF3304D2A74202D9FA
:10081800ACF102032C44E41B43EA00400F461146A6
:1008280078E71F2188E76046ABE76246BFE7604686
:10083800DBE76346EFE7734506D916B9002108469A
:100848006DE7C6E9000EF9E7B3FA83F787B9734590
:1008580001D3824207D8841A6EEB030301209C4619
:100868001EB900215BE73846FAE7C6E9004CF8E70D
:10087800C7F1200CBB4000FA07F422FA0CF520FA65
:100888000CF1BA401D432EFA0CF30EFA07FE4FEA9C
:10089800154941EA0E011FFA85FEB3FBF9F809FB79
:1008A80018300B0C08FB0EFA43EA00439A4540D96E
:1008B800EB1808F1FF3004D29A4502D9A8F10200DA
:1008C8002B44A3EB0A0389B2B3FBF9F809FB1833ED
:1008D80008FB0EFE41EA03418E452CD9691808F140
:1008E800FF3304D28E4502D9A8F10203294443EA12
:1008F8000040A1EB0E01A0FB02984145CE464346BD
:1009080002D306D14C4504D20138B9EB020E68EB8C
:100918000503002EA5D0B4EB0E0261EB030101FA2A
:100928000CFC22FA07F3F9404CEA0303C6E900314C
:1009380097E74046C5E74346D9E7000000000000B6
:1009480080B582B000AF00F03DF838603B68002BFE
:1009580003D03968124810F029FB00F087F841F6F7
:100968006A024FF00003104619460FF093FE00F09C
:10097800B3F801237B6008A3D3E900231046194686
:100988000FF088FE786800F03DF97B6801337B60E2
:1009980000BFF0E7AFF30080389C1C0000000000A7
:1009A8003CC5010080B584B000AFF860B9607A60DA
:1009B8003B6003480FF08CFE00BF1037BD4680BD7A
:1009C8009408002080B582B000AF002005F0ACF993
:1009D80003461D4A13601C4B1B68002B05D11B489E
:1009E80010F0E4FA6FF0120329E0194919480FF0E2
:1009F8007AFE154B1B681849184611F056FB7860AB
:100A08007B68002B05DA7968144810F0CFFA7B6808
:100A180015E04FF224404FF0000102460B46104803
:100A28000FF046FE0346002B05D00E4810F0BEFA24
:100A38006FF0730303E00C4810F0B8FA002318466F
:100A48000837BD4680BD00BF88100020E0C0010007
:100A5800AD090000901000208C100020F8C00100A3
:100A68009408002014C1010024C1010080B500AF22
:100A780004210E480FF04DFE0C210C480FF049FEE2
:100A880000210A480FF055FE032108480FF068FEC0
:100A9800002106480FF07BFE002104480FF039FEC4
:100AA8000349044810F082FA00BF80BD00A00C5032
:100AB8000024F40044C1010080B500AF402105487E
:100AC8000FF027FE002103480FF06FFE034618467B
:100AD80080BD00BF00A00C5080B586B000AF364B7B
:100AE800364A1A60EFF31183BB60BB687B60202332
:100AF8003B603B6883F3128800BFBFF36F8F00BF72
:100B08007B687B61FFF7D8FF03462D4A13600FF01F
:100B1800BAFD03462B4A13607B693B613B69FB6066
:100B2800FB6883F3118800BFBFF36F8F00BF00BF5E
:100B380025494FF000024FF00003C1E90023234983
:100B48004FF000024FF00003C1E90023204810F0E5
:100B58002DFA204810F02AFA1F4810F027FA1F49EA
:100B68001F4810F023FA1F4810F020FA124B1B6898
:100B780019461D4810F01AFA3C211C4810F016FAC4
:100B88001B4B1B6809221B4918460DF0B9FA03468E
:100B9800002B03D1184810F009FA05E0174B1B6821
:100BA8001946174810F002FA0B4810F0FFF900BF79
:100BB8001837BD4680BD00BFA410002040420F007A
:100BC8009C100020A0100020D0080020D808002089
:100BD80070C10100ACC10100D4C1010010C2010004
:100BE80030C2010040C201006CC2010098C201007D
:100BF800B0050020B0C20100BCC20100B40500204D
:100C0800D8C201002DE9B04FF2B000AFC7F8140107
:100C1800EFF31183C7F82031D7F82031C7F81C311A
:100C28002023C7F81831D7F8183183F3128800BF8A
:100C3800BFF36F8F00BFD7F81C31C7F8C431FFF777
:100C48003BFFC7F8C0010FF01EFDC7F8BC01D7F87D
:100C5800C431C7F82831D7F82831C7F82431D7F874
:100C6800243183F3118800BFBFF36F8F00BF00BF2B
:100C7800B24B1A68D7F8C0319B1AC7F8B831B04BD5
:100C88001A68D7F8BC319B1AC7F8B431AB4AD7F801
:100C9800C0311360AA4AD7F8BC311360D7F8B8310D
:100CA8000022C7F8C030C7F8C420A64BD3E90023F8
:100CB800D7F8C0108918C7F8B010D7F8C41043EB9C
:100CC8000101C7F8B4109F4BD7E92C12C3E90012F1
:100CD800D7F8B4310022C7F8B830C7F8BC209A4B0F
:100CE800D3E90023D7F8B8108918C7F8A810D7F89F
:100CF800BC1043EB0101C7F8AC10934BD7E92A129B
:100D0800C3E900128F4BD3E90001904A4FF000036A
:100D1800FFF79CFC02460B46C7E96A23894BD3E9D7
:100D280000018A4A4FF00003FFF790FCC7E96823E7
:100D3800D7F8AC21864B03FB02F1D7F8A821002392
:100D480002FB03F31944D7F8A821814BA2FB034502
:100D58004B191D46D7F8A4217D4B03FB02F1D7F8A8
:100D6800A021002302FB03F31944D7F8A021784BF4
:100D7800A2FB0332C7F80C21C7F80831D7F80C31A9
:100D8800CB18C7F80C31714A4FF00003D7E942017C
:100D9800FFF70CFC02460B46A118B96745EB0303A5
:100DA800FB67D7E91E34C7E96634674BD3E900010E
:100DB800684B1B680022C7F8A030C7F8A420D7E901
:100DC8002823FFF743FC02460B46C7E964235E4B22
:100DD800D3E900015F4B1B680022C7F89830C7F8B9
:100DE8009C20D7E92623FFF731FCC7E96223D7F80F
:100DF8009421574B03FB02F1D7F89021002302FB03
:100E080003F31944D7F89021514BA2FB0332C7F8DA
:100E18000421C7F80031D7F80431CB18C7F80431DA
:100E2800D7F88C214A4B03FB02F1D7F8882100231D
:100E380002FB03F31944D7F88821454BA2FB033280
:100E4800C7F8FC20C7F8F830D7F8FC30CB18C7F83B
:100E5800FC30404B1B680022C7F89030C7F894203C
:100E6800D7E92423D7E93E01FFF7A0FB02460B464A
:100E7800D7E94045214689183967294643EB0101DE
:100E88007967D7E91C34C7E96034D7E96001D7E945
:100E98006623841ABC6661EB0303FB66D7E91A3440
:100EA800C7E95E34D7E96623012A73F1000353DBEF
:100EB800D7E95E4522462B464FF000004FF000016F
:100EC800590141EAD261500102460B46B2EB0408CF
:100ED80063EB05094FF000024FF000034FEA492386
:100EE80043EAD8534FEA48229046994618EB040A39
:100EF80049EB050B4FF000024FF000034FEA8B134C
:100F080043EA9A634FEA8A12B2EB0A01396663EB45
:100F18000B037B66D7E918120B461B19C7F88830F4
:100F2800134645EB0303C7F88C30D7E96623D7E9A6
:100F38002201FFF73BFB02460B4611E09C10002004
:100F4800A0100020D0080020D80800200024F400B9
:100F580000CA9A3BA41000204FF000024FF0000393
:100F6800C7E95C23D7E96623012A73F1000321DB73
:100F7800D7F87C21BB4B03FB02F1D7F8782100237B
:100F880002FB03F31944D7F87821B64BA2FB0332CE
:100F9800C7F8F420C7F8F030D7F8F430CB18C7F802
:100FA800F430D7E96623D7E93C01FFF7FFFA024698
:100FB8000B4603E04FF000024FF00003C7E95A2345
:100FC800D7F8B821A84BA3FB02239B0D0022BB65D1
:100FD800FA65D7E91634C7E95834D7F8B811A24BDF
:100FE800A3FB01239A0DA14B02FB03F3CA1A0023AA
:100FF8003A657B65D7E91434C7E95634D7F86421D4
:10100800984B03FB02F1D7F86021002302FB03F39E
:101018001944D7F86021934BA2FB0332C7F8EC20A0
:10102800C7F8E830D7F8EC30CB18C7F8EC30D7F869
:101038005C218C4B03FB02F1D7F85821002302FBFB
:1010480003F31944D7F85821864BA2FB0332C7F89B
:10105800E420C7F8E030D7F8E430CB18C7F8E4301C
:10106800824A4FF00003D7E93801FFF79FFA02469A
:101078000B46D7E93A4521468918B964294643EB16
:101088000101F964D7E91234C7E95434784B1A6876
:10109800D7F8B431B3FBF2F300223B647A64D7E9A2
:1010A8001034C7E95234724B1968D7F8B421B2FB2F
:1010B800F1F301FB03F3D31A0022BB63FA63D7E908
:1010C8000E34C7E95034D7F84C21664B03FB02F1C4
:1010D800D7F84821002302FB03F31944D7F8482125
:1010E800604BA2FB0332C7F8DC20C7F8D830D7F82A
:1010F800DC30CB18C7F8DC30D7F84421594B03FB58
:1011080002F1D7F84021002302FB03F31944D7F872
:101118004021544BA2FB0332C7F8D420C7F8D03083
:10112800D7F8D430CB18C7F8D430514B1B680022FD
:10113800C7F88030C7F88420D7E92023D7E93401DD
:10114800FFF734FA02460B46D7E936452146891897
:101158003963294643EB01017963D7E90C34C7E9C0
:101168004E34D7E94E01D7E95423841ABC6261EBA7
:101178000303FB62D7E90A34C7E94C34D7F81421D2
:1011880013461B019B1A9B00C7F82C31D7F8141182
:1011980038480FF00BFFD7F82C1137480FF006FF2F
:1011A80036480FF003FFD7E96601354A4FF00003D0
:1011B800FFF7FCF902460B4632480FF0F7FE2C4BBE
:1011C8001B68194630480FF0F1FED7E960012C4A38
:1011D8004FF00003FFF7EAF902460B4629480FF0E3
:1011E800E5FE2A480FF0E2FED7E95E23002B01DB7B
:1011F8002B2400E02D24D7E95E23002B07DA0021F9
:101208005042386261EB03037B62D7E9082310463A
:1012180019464FF47A724FF00003FFF7C7F90246F8
:101228000B4621461A480FF0C1FED7E95C23002B74
:1012380001DB2B2100E02D21D7E95C23002B07DA05
:1012480000205442BC6160EB0303FB61D7E906232D
:1012580010480FF0ABFED7E95A23002B1CDB2B21DB
:101268001BE000BF00CA9A3B83DE1B430024F40046
:10127800A4100020FCC2010018C3010038C30100FB
:1012880040420F0060C3010080C30100A8C30100F1
:10129800CCC30100F0C301002D21D7E95A23002B4C
:1012A80007DA002054423C6160EB03037B61D7E915
:1012B80004233F480FF07AFED7E95C23012A73F133
:1012C800000307DAD7E95C23002B01DA394B02E087
:1012D800394B00E0394B194639480FF067FE3C217D
:1012E80038480FF063FED7E94C23002B01DB2B2491
:1012F80000E02D24D7E94C23002B07DA00215042C7
:10130800B86061EB0303FB60D7E902231046194676
:101318004FF47A724FF00003FFF748F902460B4684
:10132800214629480FF042FED7E94C23002B01DB68
:101338002B2400E02D24D7E95423012A73F100035C
:1013480027DBD7E94C23002B07DA0021504238600D
:1013580061EB03037B60D7E900231C4901FB03F021
:10136800002102FB01F101441848A2FB0032C7F832
:10137800CC20C7F8C830D7F8CC30CB18C7F8CC3059
:10138800D7E95423D7E93201FFF710F902460B4693
:1013980003E04FF000024FF0000321460C480FF025
:1013A80005FE00BF07F5E477BD46BDE8B08F00BF76
:1013B80014C4010038C4010064C401007CC40100E5
:1013C800A8C40100C8C40100ECC4010000CA9A3BCB
:1013D80010C5010080B582B000AF184BD3F80439AE
:1013E8007B60174B1B685B00164AA2FB03239B0913
:1013F8000C3B154AD2F82426C2F3080202F5C4723F
:1014080003FB02F2104BD3F824361B0CC3F3090379
:10141800DB00134403F580735B0A3B60074A3B68B3
:10142800C2F80439064B19683B687A6807480FF018
:10143800BDFD002318460837BD4680BD0000125088
:10144800B4050020D34D621000C0FF0078C501002C
:1014580080B483B000AF78607B68094A934205D3B3
:101468007B68084A934201D2012300E0002303F07D
:101478000103DBB218460C37BD4680BC704700BF7D
:101488000CB5010054E2010080B5A4B000AFF860CB
:10149800B9607A603B60FB68FB65FB6DC7F88C3010
:1014A8000023C7F880300023FB670023BB674FF099
:1014B800FF337B67002387F86B307B6803F00403F6
:1014C800002B14BF0123002387F85B307B68DB08FF
:1014D80003F0070301337B66002387F86330FB685A
:1014E8007B65FB6803F00303002B02D06FF00D034C
:1014F800A2E3D7F88C300433C7F88C30FB6D002B8F
:101508000DD1BB6803F00703D7F88C201344C7F844
:101518008C30BB6803F00703C3F10803BB60FB6DA5
:10152800002B0AD0FB6DD7F88C20D31A0433BA6885
:101538009A4202D26FF01B037EE33B68FB663B686E
:10154800013B3B600423C7F884300423C7F8883084
:1015580097E197F86B3083F00103DBB2002B11D0D1
:101568003B681B78252B40F07882012387F86B3085
:101578007B6F01337B670423C7F884300423C7F8E3
:1015880088306AE23B681B787A2B00F349814C2B40
:1015980011DA472B00F344812A2B71DA252B00F04E
:1015A8009280252B00F33C81202B00F05882232BBE
:1015B80000F0558234E14C3B2E2B00F2318101A220
:1015C80052F823F0671A00002918000029180000B3
:1015D80029180000291800002918000029180000FF
:1015E80029180000291800002918000029180000EF
:1015F8002918000007170000291800002918000002
:1016080029180000291800002918000029180000CE
:101618002918000029180000571700002918000091
:10162800071700000717000057170000571700009A
:1016380057170000671A000007170000DD160000A2
:1016480029180000671A0000291800004317000035
:101658000717000043170000291800002918000088
:101668003D170000F91600000717000029180000B0
:10167800291800000717000029180000EB160000C1
:101688002A3B012202FA03F34FF6DA721A40002AC3
:1016980014BF01220022D2B2002A40F0E08103F0F8
:1016A8006252002A14BF01220022D2B2002A4ED16F
:1016B80003F00103002B14BF01230023DBB2002B2E
:1016C80040F0B280ACE0002387F86B307B6F013BC1
:1016D8007B67C5E10823C7F884300823C7F888303A
:1016E800BEE10423C7F884300423C7F88830B7E183
:1016F8000423C7F884300423C7F88830B0E13B6876
:10170800013B1B786C2B11D13B68023B1B786C2B7F
:1017180006D10823C7F884300823C7F8883005E0C5
:101728000423C7F884300423C7F88830002387F8D7
:101738006B307AE0012387F863300423C7F88430DC
:101748000423C7F88830002387F86B306DE03B68C6
:10175800013B1B784C2B13D1D7F89830073323F073
:10176800070303F10802C7F89820D3E90023C7E963
:1017780006230823C7F884300823C7F8883012E006
:10178800D7F89830073323F0070303F10802C7F8A6
:101798009820D3E90023C7E906230823C7F8843033
:1017A8000823C7F88830D7F88420D7F88C3013443A
:1017B8005A1ED7F88430B2FBF3F2D7F8843002FB14
:1017C80003F3C7F88C30FB6D002B1ED0FB6DD7F8E8
:1017D8008C20D21AD7F888301344BA689A4202D2B9
:1017E8006FF01B0328E23B68013B1B784C2B06D1AA
:1017F800D7F88C10D7E90623C1E9002305E0D7F80C
:101808008C10D7E90623C1E90023D7F88C20D7F834
:1018180088301344C7F88C30002387F86B301FE1F9
:10182800002387F86B301BE100BFD7F88420D7F876
:101838008C3013445A1ED7F88430B2FBF3F2D7F831
:10184800843002FB03F3C7F88C30FB6D002B0CD0FF
:10185800FB6DD7F88C20D21AD7F888301344BA68B1
:101868009A4202D26FF01B03E6E197F86330002B2F
:1018780000F0A080D7F898301A1DC7F898201B6888
:10188800FB66FB6D002B03D0D7F88C30FA6E1A601C
:101898007B6E5A1E7A66002B05DCF86E0FF038FA5C
:1018A8000346002B01D0012300E0002387F85330C2
:1018B8007B6803F00203002B14BF0123002387F881
:1018C800523097F85330002B06D097F8523083F0F7
:1018D8000103DBB2002B64D1FB6DD7F88C20D31A3F
:1018E8009B08FB6497F85230002B05D0FB6C7F2BCC
:1018F80002D96FF015039FE1D7F880300F2B02D97A
:101908006FF0150398E1FB6D002B2DD0FB6CD9B25D
:1019180007F13002D7F8803013440A461A707B6FFB
:10192800D9B207F12002D7F8803013440A461A705A
:1019380097F85330002B13D007F13002D7F88030D6
:1019480013441B7863F07F03D9B207F13002D7F84C
:10195800803013440A461A70BB6F0133BB671BE023
:10196800FB6F0133FB6717E097F85330002B03D068
:10197800BB680133BB600FE097F85B30002B03D0E6
:10198800BB680233BB6007E0F86E0CF08BFB0246C5
:10199800BB6813440233BB60D7F880300133C7F803
:1019A8008030D7F88C300433C7F88C30002387F8A0
:1019B800633055E0D7F88830042B13D1D7F8983026
:1019C8001A1DC7F898201B687B64FB6D002B03D099
:1019D800D7F88C307A6C1A60D7F88C300433C7F893
:1019E8008C303DE0D7F88830042B13D1D7F89830E5
:1019F8001A1DC7F898201B68BB64FB6D002B03D029
:101A0800D7F88C30BA6C1A60D7F88C300433C7F822
:101A18008C3025E0D7F88830082B1BD1D7F89830C0
:101A2800073323F0070303F10802C7F89820D3E926
:101A38000023C7E90423FB6D002B05D0D7F88C10D1
:101A4800D7E90423C1E90023D7F88C300833C7F855
:101A58008C3005E06FF01503EEE000BF00E000BF3A
:101A68003B6801333B603B681B78002B7FF471AD0A
:101A780000BFFB6DD7F88C20D31AB3F5806F02D363
:101A88006FF01503D8E0FB6D002B07D1FB6DD7F87D
:101A98008C20D21ABB681344083BCDE0FB6D0022B2
:101AA8001A60FB6DD7F88C20D31A9B08DAB27B6DCD
:101AB8001A7097F85B30002B07D07B6D00225A70A4
:101AC800FB6FDAB27B6DDA7006E0FB6FDAB27B6D22
:101AD8005A707B6D0022DA70BB6FDAB27B6D9A7038
:101AE800BB6F002B32D000233B672AE007F130029E
:101AF8003B6F13441B785BB2002B1EDA07F13002F0
:101B08003B6F13441B7803F07F0387F84330FB6D6A
:101B1800D7F88C20D31A0133BA689A4202D26FF0F0
:101B28001B0389E0D7F88C3097F843201A70D7F850
:101B38008C300133C7F88C3000E000BF3B6F0133B5
:101B48003B673A6FD7F880309A42CFD300233B6780
:101B580069E0BB6F002B07D007F130023B6F1344DD
:101B68001B785BB2002B5ADB97F85B30002B10D048
:101B78000023C7F88830D7F88C3007F120013A6F76
:101B88000A4412781A70D7F88C300133C7F88C30B1
:101B98001AE007F130023B6F13441B789B00FA6D83
:101BA80013441B68FB6607F130023B6F13441B7834
:101BB8009B00FA6D134400221A60F86E0CF072FA5A
:101BC80003460133C7F88830FB6DD7F88C20D21A4A
:101BD800D7F8883013440133BA689A4202D26FF0BA
:101BE8001B0329E0D7F88C3007F130013A6F0A441B
:101BF80012781A70D7F88C300133C7F88C30D7F8C0
:101C08008C30D7F88820F96E1846FEF759FCD7F8BB
:101C18008C20D7F888301344C7F88C3000E000BF18
:101C28003B6F01333B673A6FD7F880309A4290D3C5
:101C3800FB6DD7F88C20D31A18469037BD4680BD67
:101C480080B5B6B006AFF860B9607A603B60FB68F3
:101C5800C7F89830FB68C7F89430D7F8C830DB0865
:101C680087F8933097F8933003F0010387F893309F
:101C7800FB68C7F88C30BB68002B04D1F8680FF0FC
:101C880067F8034600E0BB68BB60D7F88C309B78E8
:101C9800C7F88830D7F88830002B07D0D7F8C83075
:101CA80003F00103002B01D0012300E0002387F893
:101CB800873097F8873003F0010387F88730D7F823
:101CC8008C30DB78C7F88030D7F88030002B07D00D
:101CD800D7F8C83003F00203002B01D0012300E03D
:101CE800002387F87F3097F87F3003F0010387F8E7
:101CF8007F3097F87F3083F00103DBB2002B10D0E0
:101D080097F8873083F00103DBB2002B09D07B689A
:101D1800002B04D07B683A68B968F8689847BB68B4
:101D2800CAE2D7F88C301B789B00BB67D7F898308D
:101D38005B687B67D7F89820BB6F1344C7F8B83047
:101D48000023C7F8B4307B68002B40F00181BB68E2
:101D5800C7F8BC3097F88730002B40D00023C7F86D
:101D6800B03035E0D7F8B8301B789B00D7F894200E
:101D780013441B68BB650023BA6D002178680FF017
:101D88001FF87865D7F8CC30002B11D0D7F8B420DD
:101D9800D7F8D0309A420BD2D7F8B4305A1CC7F8CB
:101DA800B4205B00D7F8CC2013447A6D92B21A8025
:101DB800D7F8BC207B6D1344C7F8BC30D7F8B830CF
:101DC8000133C7F8B830D7F8B0300133C7F8B030AE
:101DD800D7F8B020D7F888309A42C3D306E0D7F8AE
:101DE800B820D7F888301344C7F8B830D7F8C830C7
:101DF80003F00503002B0CBF0123002387F85330A1
:101E08000023C7F8AC3099E0D7F8B8305A1CC7F8A7
:101E1800B8201B7887F85230D7F8B8305A1CC7F862
:101E2800B8201B7887F8513097F851309B00D7F8C5
:101E3800942013441B68FB64F86C0EF069FF03469A
:101E480087F84B3097F89330002B2FD097F8523003
:101E58001946786F0FF04AF80346002B26D0032363
:101E6800012B1DD9012387F84A3097F84A3083F0AF
:101E78000103DBB2002B13D1C14B196897F852301C
:101E880004937B6F0393BF4B0293002301930023BA
:101E980000930023022200200EF01CFF00237B6425
:101EA800D7F8BC30023BC7F8BC3042E097F84B305B
:101EB800002B12D0D7F8C83003F00103002B13D140
:101EC80097F85330002B01D0022300E00123D7F804
:101ED800BC20D31AC7F8BC302BE0D7F8C83003F0C1
:101EE8000203002B25D000E000BF0023FA6C00217C
:101EF80078680EF065FF3864D7F8CC30002B11D025
:101F0800D7F8B420D7F8D0309A420BD2D7F8B430EB
:101F18005A1CC7F8B4205B00D7F8CC2013443A6C9D
:101F280092B21A803B6C013BD7F8BC201344C7F827
:101F3800BC30D7F8AC300133C7F8AC30D7F8AC2098
:101F4800D7F880309A42FFF45FAFD7F8BC30B3E1DE
:101F580097F88730002B0BD0D7F8883087F8AB304C
:101F6800002387F8AA3007F12C03C7F8A4301EE035
:101F7800D7F88830002B11D0D7F8C83003F0040305
:101F8800002B0BD0002387F8AB30D7F8883087F8C0
:101F9800AA3007F11C03C7F8A43008E0002387F82B
:101FA800AB30002387F8AA300023C7F8A430D7F84D
:101FB800A430002B07D0D7F88820D7F8B810D7F866
:101FC800A400FEF77DFAD7F8B820D7F88830134474
:101FD800C7F8B8300023C7F8A03081E0D7F8B83088
:101FE8005A1CC7F8B8201B7887F86530D7F8B8307E
:101FF8005A1CC7F8B8201B7887F8643097F8643003
:102008009B00D7F8942013441B683B66386E0EF08B
:102018007FFE034687F85F3097F89330002B08D08F
:1020280097F865301946786F0EF060FF0346002B6D
:1020380050D197F85F30002B23D0D7F8C83003F081
:102048000103002B0BD097F8AB305A1C87F8AB2054
:10205800C0333B4497F8642003F8942C3BE0D7F84E
:10206800C83003F00403002B35D097F8AA305A1C67
:1020780087F8AA20C0333B4497F8642003F8A42CBF
:1020880029E0D7F8C83003F00203002B0BD097F8EB
:10209800AB305A1C87F8AB20C0333B4497F8642018
:1020A80003F8942C17E097F8AA305A1C87F8AA204E
:1020B800C0333B4497F8652003F8A42C97F8AA305E
:1020C8005A1C87F8AA20C0333B4497F8642003F8C9
:1020D800A42C00E000BFD7F8A0300133C7F8A03027
:1020E800D7F8A020D7F880309A42FFF477AFD7F816
:1020F8008C301B7887F83C30D7F88C305A7897F8B2
:10210800AB301344DBB287F83D30D7F8C83003F062
:102118000203002B04D197F8AA305B08DBB200E079
:10212800002387F83F30D7F8C83003F00103002BAD
:102138000AD1D7F8C83003F00403002B02D097F86F
:10214800AA3002E0002300E0002387F83E30D7F8E9
:102158008C2007F1180310681860D7F88C301A46DD
:1021680007F13C03186810607B683A68B96FF86833
:10217800984738673B6F002B06DA3B6F9CE000BF3F
:10218800B80500205CC601003B6FC7F8BC30D7F823
:102198008C301A4607F118031868106097F8AA10CF
:1021A80007F11C007B683A68984738673B6F002B3B
:1021B80001DA3B6F80E0D7F8BC203B6F1344C7F8C7
:1021C800BC30BA6FD7F888301A44D7F880305B0033
:1021D8001344BA68D31AFB667B683A68F96ED7F875
:1021E800B800984738673B6F002B01DA3B6F63E014
:1021F800D7F8BC203B6F1344C7F8BC300023C7F89E
:102208009C304CE007F12C02D7F89C3013441B7823
:10221800FB75FB7D9B00D7F8942013441B68BB66B5
:10222800D7F8CC30002B0DD0D7F89C20D7F8D03079
:102238009A4207D2D7F89C305B00D7F8CC201344D9
:102248001B8800E00023A7F8663007F117007B68B9
:102258003A680121984738673B6F002B01DA3B6FDA
:102268002AE0D7F8BC203B6F1344C7F8BC30B7F856
:102278006630BA6E396878680EF0A2FD38673B6F31
:10228800002B01DA3B6F17E0D7F8BC203B6F1344F3
:10229800C7F8BC30D7F89C300133C7F89C3097F8A2
:1022A800AB30D7F89C209A42ACD37B683A680021BF
:1022B80000209847D7F8BC301846C037BD4680BDC7
:1022C80080B483B000AF7860034A7B68136000BFB6
:1022D8000C37BD4680BC7047BC05002080B500AFF8
:1022E80002F00CFF0346024A9B58184680BD00BF07
:1022F8000800000080B584B000AFF860B9607A606B
:102308003B600EF065FE024602F0F8FE0346064901
:102318005A50FB683A687968B8689847FFF7DEFF53
:10232800034618460EF05BFE0800000080B59AB020
:1023380000AFF860B9607A60FB681B8B03F0070395
:102348007B6600233B66FB681B8B03F00803002BAE
:1023580014BF0123002387F85B3097F85B30002B0C
:1023680012D0BB68012B07D1FB681B8B43F010030D
:102378009AB2FB681A830BE1FB681B8B43F02003BE
:102388009AB2FB681A8303E107F11C0318460FF0A1
:10239800DBFB0023FB65BB68022B03D1F8680FF059
:1023A800C0FDB860BB68002B00F0F18000233B66DD
:1023B800BB68012B0AD1FB685B693B6607F11C030C
:1023C8003A6E1946F8680FF0E5FD22E0BB68032B6A
:1023D80008D1FB681B691B68FB650621F8680FF0CC
:1023E80083FC16E0BB68042B08D1FB681B695B689B
:1023F800FB650421F8680FF077FC0AE0BB68052B41
:1024080007D1FB681B699B68FB650521F8680FF01D
:102418006BFCFB681B8B03F007037A6E9A420CD0A7
:10242800FB68083318460FF0E6FB034683F0010308
:10243800DBB2002B01D0012300E0002387F85A30DB
:1024480097F85A3003F0010387F85A300023BB602D
:1024580097F85A30002B0DD107F11C0318460FF0DE
:10246800CAFB034683F00103DBB2002B02D1FB6DEC
:10247800002B63D0FB681B8B43F008039BB27B6582
:102488007B6D9AB2FB681A837B6D03F007037B664A
:10249800FB6814337A683A613B653B69FB64FB6C03
:1024A800BB64BB6C83F3118800BFBFF36F8F00BFA1
:1024B80000BF00BF97F85A30002B04D03A6E796EEF
:1024C800F8680FF075FC07F11C0318460FF093FB32
:1024D800034683F00103DBB2002B06D007F11C0191
:1024E8003B6E7A6EF8680FF0CEFCFB6D002B03D0C4
:1024F800FB6D3249F8689847FB6814337B64EFF347
:1025080011833B643B6CFB632023BB63BB6B83F38E
:10251800128800BFBFF36F8F00BFFB6B7B617B6CC2
:102528007B6300BF7B6C3B6300BF7B697B60FB68A0
:102538001B8B23F008039AB2FB681A83FB681B8B7A
:1025480003F01003002B09D0FB681B8B23F010034A
:102558009AB2FB681A830123BB600EE0FB681B8BF1
:1025680003F02003002B08D0FB681B8B23F020030B
:102578009AB2FB681A830223BB60FB681B8B03F0CB
:1025880007037B66BB68002B7FF403AF00E000BF46
:10259800FB6814337A68BA61FB62BB69BB62BB6AC9
:1025A8007B627B6A83F3118800BFBFF36F8F00BF24
:1025B80000BF00BF00BF6837BD4680BDD31E010005
:1025C80080B500AF02F09AFD0346024A9B581846B0
:1025D80080BD00BF0800000080B485B000AF7860FF
:1025E8007B681B01044A1344FB60FB6818461437D8
:1025F800BD4680BC704700BF00C0010080B483B0F6
:1026080000AF7860044A7B6852F8233018460C37CC
:10261800BD4680BC704700BF98DB010080B590B014
:1026280002AF2D480FF080FE78632C4B1B78002BEF
:102638002DD02B4B7B62EFF311833B623B6AFB612E
:102648002023BB61BB6983F3128800BFBFF36F8F80
:1026580000BFFB69BB607B6A7B6100BF7B6A3B6133
:1026680000BFBB68FB6010F0B8F8FB687B601C4BD0
:102678003B637B68FB62FB6ABB62BB6A83F31188BE
:1026880000BFBFF36F8F00BF00BF00BF1FE0154B37
:102698001B68002B1BD07B6B002B0FD147F6122039
:1026A8004FF000014FF000024FF00003CDE9002386
:1026B80002460B460C480FF0B5FF08E07B6B092B70
:1026C80005D109480FF0C1FF08480FF0E2FF00BF2D
:1026D8003837BD4680BD00BFAC100020341600203E
:1026E800C0100020B4100020E0080020A40800203A
:1026F80080B584B000AF1B4B00221A701A4B002221
:102708001A601A4B00221A60194BBB60B968194845
:1027180000F0B2F800F050FA174BFB6015E0012307
:102728007B600020FFF758FF0246FB689B1A1B11CD
:102738001A467B6813447B607B68DBB21946F868ED
:1027480010F00DF8FB681033FB60FB680B4A9342EE
:1027580034BF01230023DBB2002BE0D11037BD4684
:1027680080BD00BF34160020B0100020AC1000203F
:1027780040420F002B28010000C0010020C00100CA
:1027880080B586B000AF03460A46FB711346BB719D
:1027980000237B6128480FF0C7FD0346002B01D0BA
:1027A800002344E000233B61244BFB6024E0FB68EA
:1027B8001B7B002B1AD00423BB60F8680FF074FF52
:1027C800F8680FF087FF0346002B08D1FB685B68A9
:1027D8001B68BA681946F86810F04AF906E0012241
:1027E8003B6902FA03F37A6913437B613B6901335E
:1027F8003B61FB681033FB60FB68114A934234BFAE
:1028080001230023DBB2002BD1D1FB79002B0DD0A3
:1028180009E0786910F00CF87861BB79002B02D0D8
:102828000A200FF017FE7B69002BF2D17B6918464E
:102838001837BD4680BD00BFA810002000C00100A9
:1028480020C0010080B582B000AF7860074A7B687D
:1028580013607B68002B06D0054B1B68092B02DD33
:1028680004480FF016FF0837BD4680BDB41000209D
:10287800AC100020A408002080B582B000AF7860BA
:1028880039607B68002B02D16FF0150309E0074A15
:102898007B681360064A3B681360386801F016F8D5
:1028A800002318460837BD4680BD00BFC405002078
:1028B800B810002080B582B000AF174B1B78002BF2
:1028C80026D100210120FFF75BFF144B7B600BE052
:1028D80078680FF053FF0346002B02D078680FF09A
:1028E80031FF7B6810337B607B680D4A934234BFAD
:1028F80001230023DBB2002BEAD100BF0FF06DFFEC
:102908000346002BFAD100BF034B01221A7000E0E6
:1029180000BF0837BD4680BD3416002000C0010046
:1029280020C0010080B584B000AF7860124BFB6016
:1029380013E0F8680FF022FF0346002B0AD07968ED
:10294800F8680FF0B2FF0346002B03D07968F868E7
:102958000FF0D5FEFB681033FB60FB68074A934213
:1029680034BF01230023DBB2002BE2D100BF00BF3C
:102978001037BD4680BD00BF00C0010020C0010067
:1029880080B582B000AF00F0FBF838600E4B7B607A
:102998000CE078680FF0F2FE0346002B03D039688C
:1029A80078680FF0BBFE7B6810337B607B68074A52
:1029B800934234BF01230023DBB2002BE9D100BFCF
:1029C80000BF0837BD4680BD00C0010020C001001F
:1029D80080B588B004AF002112480FF0BFFC034651
:1029E800FB600323012B19D90123FB72FB7A83F0C7
:1029F8000103DBB2002B11D10B4B1968FB68039361
:102A08000A4B029300230193002300930023022220
:102A180000200FF0BDFC00237B6000BF00BF103713
:102A2800BD4680BDBC100020C005002058C701006D
:102A380080B500AF074B1B7883F00103DBB2002B96
:102A480002D005480FF025FE024B01221A7000BF84
:102A580080BD00BF35160020A40800202DE9B04332
:102A680084B000AF4FF000024FF00003C7E9002325
:102A7800304B1B7883F00103DBB2002B01D000231D
:102A880052E03B46184600F0D9F8F860FB68002B86
:102A980008D0F868FFF746FFF86800F0E9F826481C
:102AA8000FF04FFC00F078F80346FB720FF012FFAE
:102AB8000346BB72FB7A002B02D1BB7A002B1BD0DA
:102AC8000FF02BFD02460B46104619461B4BD3E967
:102AD8000023841A61EB030540F2E9339C4275F147
:102AE800000309D3FB7A002B01D0FFF749FFBB7A1B
:102AF800002B01D0FFF76CFF104BD3E9002312F530
:102B08007A7843F100090D4BC3E90089FB68002B73
:102B180006D000F0BDF80346002B01D0012300E0E9
:102B2800002303F00103DBB218461037BD46BDE8A9
:102B3800B08300BF35160020AC1000201809002013
:102B480080B582B000AF0346FB7109480FF0ECFB7B
:102B5800FB79002B02D007480FF0F3FB06480FF073
:102B680074FD06480FF095FD00BF0837BD4680BDCF
:102B7800B0100020AC100020E0080020A4080020BD
:102B880080B500AF002103480FF0E8FB0346184664
:102B980080BD00BFB010002080B400AF054B1B689B
:102BA800002BCCBF01230023DBB21846BD4680BCF6
:102BB800704700BFB010002080B500AF0449054839
:102BC8000EF05BFA044B034A1A6000BF80BD00BFD9
:102BD800A8DB010008080020C010002080B582B0E2
:102BE80000AF7860796804480FF07BFE034618460A
:102BF8000837BD4680BD00BF0808002080B582B0F8
:102C080000AF7860064B1B68984702467B689A605D
:102C1800796804480FF079FE00BF0837BD4680BDCB
:102C2800C40500200808002080B500AF02480EF057
:102C380026FE0346184680BD0808002080B584B0EB
:102C480000AF7860074A084BD31ADB08074AA2FB93
:102C58000323FB60FFF7E8FF034618461037BD461D
:102C680080BD00BF400800200808002025499224A4
:102C780080B582B000AF7860044B1B68796818464D
:102C88000FF056FE00BF0837BD4680BDC0100020BB
:102C980080B584B000AF0023FB60084A084BD31A04
:102CA800DB08084AA2FB0323BB6007480FF04EFE6F
:102CB800034618461037BD4680BD00BF40080020B7
:102CC80008080020254992240808002080B584B00F
:102CD80000AF03463960FB710C4BFB6008E0FB79E1
:102CE8003A681946F8680FF055FDFB681033FB6029
:102CF800FB68074A934234BF01230023DBB2002B51
:102D0800EDD100BF00BF1037BD4680BD00C0010037
:102D180020C0010080B582B000AF786003480FF092
:102D2800B8FC00BF0837BD4680BD00BFA40800201E
:102D380080B58AB000AFF860B9607A604FF0FF33B1
:102D4800FB610023FB7600210020FFF719FD786264
:102D58007B6A002B06D040F21B624FF00003C7E9E4
:102D6800042305E04FF0FF324FF0FF33C7E9042397
:102D7800002387F82330FFF723FC03461846FFF7A4
:102D880061FD7B6A002B0CD0786A0FF051FD7862E8
:102D98007B6A002B05D14FF0FF324FF0FF33C7E9B4
:102DA80004230FF01AFD034683F00103DBB2002B66
:102DB80010D097F82330002B06D0002387F8233053
:102DC80000210020FFF782FFD7E9042303480FF012
:102DD80050FCD6E7012387F82330D2E7A408002067
:102DE80080B588B008AF00221149124817F090F852
:102DF8004FF000024FF00003CDE9062300230493AF
:102E08000E230393002302930023019300230093CE
:102E1800094B4FF48052094909480FF0C7FB09498B
:102E280007480FF0F1FB00231846BD4680BD00BFE0
:102E38001D2D0000E0080020392D0000401600205C
:102E4800200D002080C7010080B483B000AF7860F7
:102E58007B68044A9B1ADB0818460C37BD4680BCC1
:102E6800704700BF90BF010080B500AF0248FFF770
:102E7800EBFF0346184680BD00C0010080B485B052
:102E880000AF03463960FB71184BFB601BE0FB6821
:102E98009B689B68DAB2FB689B681B68DBB21344CB
:102EA800FB72FA79FB7A9A420AD2FB689B689B68A4
:102EB800DBB2FA79D31ADAB23B681A70FB680FE012
:102EC800FB681833FB60FB68094A934234BF01234F
:102ED8000023DBB2002BDAD13B6800221A700023F2
:102EE80018461437BD4680BC704700BF20C001009B
:102EF80020C0010080B58AB002AF03463960FB717B
:102F08001C4BDB693B61FB793B733B689BB2FB81E4
:102F1800FB6807F11402194616480FF0CDFE034668
:102F280083F00103DBB2002B1FD007F10B02FB7902
:102F380011461846FFF7A2FFF861FB7A18463B686E
:102F48009AB2796907F1100300930B460146F869B4
:102F58000FF03CFDB861BB69002B01DA002305E0E6
:102F68007B69194603480FF02AFF7B69184620370A
:102F7800BD4680BDC410002080B582B000AF786027
:102F880039607B68DBB218460FF0F3FC0346002B70
:102F98000DD078680FF048FD02463B68934204D292
:102FA800084A3B6852F8333008E0002306E07B68A3
:102FB800DBB239681846FFF79DFF03461846083705
:102FC800BD4680BD90BF010080B58CB004AFF860ED
:102FD800B9607A603B607B687B613B68BB610023BA
:102FE800FB617B68002B01D00A4A00E0002207F150
:102FF80014013B6B0293FB6A0193BB6A00930B4677
:10300800B968F868FEF71CFE034618462037BD4627
:1030180080BD00BFF92D010080B483B000AF786097
:103028007B68044A9B1ADB0818460C37BD4680BCEF
:10303800704700BF90BF010080B594B006AFF8603C
:10304800B9607A603B60BB68BB61BB68C3F34A2365
:103058009BB23B633B6B002B61DD0A23FB62396B40
:103068000423029307F110030193FB6A00930023E2
:1030780000227868FFF7A8FFB862BB6AB3F5006F53
:1030880024D37B687B620323012B56D9012387F85D
:10309800233097F8233083F00103DBB2002B4CD1A7
:1030A800274B19687B6A5B6840F2FF7204920393AE
:1030B800244B029300230193002300930023022250
:1030C80000200FF0C2FE0023FB6136E0BB6AC3F3A9
:1030D8000A039AB2BB6962F35323BB61B8690FF064
:1030E800D2FE03461846FFF779FD78637B6B002B09
:1030F8001DD0396B7B6B03F11002BB69C3F34A2304
:103108009BB218460423029307F110030193FB6A4C
:10311800009303467868FFF757FFB86207E0B8697D
:103128000FF0B1FE03461846FFF758FD78633B6879
:10313800BA69F968786B0FF0FFFE3837BD4680BD75
:10314800C8050020A0C7010080B590B004AFB960E1
:103158007B600346FB731346BB733B6C002B0BD0A1
:103168007B6C3B613B6900933B6CFA6B1021002040
:10317800FEF78AF9786201E000237B627B6AB3F587
:10318800006F1FD30323012B40F291800123FB77AB
:10319800FB7F83F00103DBB2002B40F08880454BB6
:1031A800196840F2FF730393434B02930023019382
:1031B800002300930023022200200FF046FE002384
:1031C800BB6174E07A6ABB6B1344173323F00703BF
:1031D80003339B083B623B7D23F001033B753B7D3A
:1031E80023F002033B753B7D23F004033B75FB7B17
:1031F80003F00703DAB23B7D62F3C5033B75BB7B83
:1032080003F00703DAB2BB8A62F38813BB827B6AD6
:10321800C3F30A039AB27B6962F353237B61BB6BE6
:10322800C3F30B039AB2FB8A62F30F13FB820FF00E
:10323800D8FD0346002B0DD07B6A0733DB08DB0083
:10324800ADEB030D04AB0733DB08DB00FB620023A7
:10325800BB620BE0386AFFF7C1FCB862BB6A002B9F
:1032680002D0BB6A103300E00023FB62FB6A002B2C
:103278000BD03B6C002B08D0796A7B6C00933B6CBD
:10328800FA6BF86AFEF700F978620FF0AAFD0346B8
:10329800002B06D07B68FA6A7969B8680FF024FEBB
:1032A80005E07B687A69B968B86A0FF045FE30377F
:1032B800BD4680BDC8050020E0C7010080B584B0C8
:1032C80000AFF860B9607A607B68BA680449F8684A
:1032D8000DF09DFD034618461037BD4680BD00BF62
:1032E800215A00000EB480B585B000AF7860002385
:1032F800FB6007F12003BB60BB68FA697968064880
:1033080002F08AFBF860FB6818461437BD46BDE832
:10331800804003B0704700BF7531010080B5A2B08E
:1033280004AFF860B9607A60BB6803F04403002B0F
:1033380014BF0123002387F8633097F8633083F0C4
:103348000103DBB2002B06D07A683849F868FFF72A
:10335800C9FF786765E0364B1B68002B5FD0354B9B
:103368001B687A68B2FBF3F37B60314B1B687A68A1
:10337800B2FBF3F3FB652E4B1A687B68B3FBF2F1E3
:1033880001FB02F29B1ABB65BB6D4FF47A7203FB1B
:1033980002F2274B1B68B2FBF3F37B65BB6D4FF45E
:1033A8007A7203FB02F2224B1B68796D01FB03F36F
:1033B800D31A4FF47A7203FB02F21D4B1B68B2FB5F
:1033C800F3F33B67FB6DFB66FB6E1B4AA2FB032313
:1033D800DB0ABB66BB6E4FF4616202FB03F3FA6E55
:1033E800D31AFB66FB6E154AA2FB03235B097B66B7
:1033F8007A6E13461B019B1A9B001A46FB6E9B1A9A
:10340800FB663B6F02937B6D0193FB6E00937B6EB3
:10341800BA6E0B49F868FFF765FF786701E000238B
:103428007B677B6F18467837BD4680BD38C801007A
:10343800E4100020E8100020C5B3A291898888888C
:1034480044C8010080B586B000AFF8607B600B46C9
:10345800FB721346BB72FB7A002B14D0BB7A002B8D
:103468000AD00B4A7B6852F82330002B04D0084A54
:103478007B6852F8233000E0064B7B617A69064985
:10348800F868FFF72FFF00BF1837BD4680BD00BFA3
:10349800D0DB010060C8010068C8010080B584B0B5
:1034A80000AF7860084611461A460346FB700B4683
:1034B800BB7013467B700023FB60FB78002B0CD09D
:1034C800194AFB6A52F823301A4618497868FFF7F8
:1034D80009FF0246FB681344FB60FB69002B08D018
:1034E800FA6913497868FFF7FDFE0246FB68134442
:1034F800FB603B6A002B11D0BB78002B04D0FB6A21
:10350800042B01D10B4B00E00B4B3A6A1946786843
:10351800FFF7E8FE0246FB681344FB60FB681846A9
:103528001037BD4680BD00BFBCDB01006CC8010080
:1035380074C8010078C801007CC8010080B582B059
:1035480000AF786039603B6803F01003002B0ED1A0
:103558003B6803F02003002B04D007497868FFF785
:10356800C1FE05E005497868FFF7BCFE00E000BF32
:103578000837BD4680BD00BF84C8010088C8010067
:1035880080B588B000AFF860B9607A603B60B96A0E
:10359800F868FFF7D3FF0023FB6106E03749F868B6
:1035A800FFF7A0FEFB690133FB61FA693B689A42A9
:1035B800F4DB0023BB6120E0BB69002B08DDBB699D
:1035C80003F00703002B03D12C49F868FFF78AFEA4
:1035D800BB697A689A4209D9BB69BA6813441B78EF
:1035E8001A462749F868FFF77DFE03E02549F86881
:1035F800FFF778FEBB690133BB61BB690F2BDBDDCD
:103608002149F868FFF76EFE00237B612DE07B6996
:10361800002B08DD7B6903F00703002B03D1174952
:10362800F868FFF75FFE7B697A689A4216D97B696A
:10363800BA6813441B78FB74FB7C8033134A134429
:103648001B7803F09703002B01D0FB7C00E02E23AE
:103658001A460F49F868FFF745FE03E00749F8687E
:10366800FFF740FE7B6901337B617B690F2BCEDD61
:1036780000BF00BF2037BD4680BD00BF8CC8010019
:1036880090C8010098C801009CC8010014E001001E
:10369800A0C8010090B591B006AFF860B9603B6072
:1036A8001346FB7100237B62BB6803F00203002B07
:1036B80014BF0123002387F82330BB6887F8223022
:1036C80097F8223003F0010387F82230BB6803F033
:1036D8000803002B14BF0123002387F8213000239F
:1036E800FB75002387F82030BB6803F48073002B38
:1036F80014BF01230023FB770FF034F9B861BB69CD
:10370800002B09D0BA692349F868FFF7EBFD034697
:103718001A467B6A13447B6297F82330002B09D042
:103728003A68B968F868FFF7F9FD03461A467B6AF4
:1037380013447B6297F8482097F822301946F868B6
:103748000FF04CFDFC7DFB7F002B01D0002300E037
:10375800FB6B97F84820F87997F82110059297F8AD
:10376800442004923A6C03920293BB6B019397F83E
:103778002030009323460246F868FFF78FFE034681
:103788001A467B6A13447B627B6A18462C37BD460F
:1037980090BD00BFACC8010080B58EB006AFF86020
:1037A800B9607A603B6097F83030002B0CBF01237A
:1037B8000023FB75FB7D83F00103DBB2002B15D0E2
:1037C80097F83030049397F82C300393BB6A029330
:1037D8003B6801937B680093BB680022396CF868EA
:1037E800FFF758FFF8611A4BBB6108E00023FB6143
:1037F8003B68012B01D1164B00E0164BBB617B6B7C
:10380800002B05D07A6BF968B869FFF757FD386166
:10381800FB6B002B08D0FA693B6C00931346FA6BDC
:10382800B96BF8680FF0FCFCFB7D83F00103DBB299
:10383800002B06D097F830301A46396CF8680FF02C
:1038480013FDF8680FF079FC00BF2037BD4680BD36
:1038580075310100BB31010080B586B000AF7860DA
:1038680039607B681B687B613B6842F20F72934248
:1038780028BF13463B6007F108003B68104A052142
:103888000AF0AAFC38617B685B685B680B220D490B
:1038980078690FF034FC3A697B685B685B6807F10C
:1038A800080178690FF02BFC7B685B685B681B225A
:1038B800054978690FF023FC00BF1837BD4680BD65
:1038C800C4C80100E4DB0100F0DB010080B483B070
:1038D80000AF78600B4B01221A6007E07B685B0839
:1038E8007B60084B1B685B00064A13607B68064ACE
:1038F8009342F3D8054A7B68136000BF0C37BD4676
:1039080080BC7047E810002040420F00E4100020FF
:1039180080B400AF024B1B781846BD4680BC704788
:103928003616002080B400AF024B1B781846BD46FF
:1039380080BC70473616002080B582B000AF786032
:103948007B68002B03D10A4B00221A700CE0FFF7AA
:10395800DFFF0346002B04D041F288300FF06DFDE5
:1039680002E005200FF0F8FC00BF0837BD4680BD17
:103978003716002080B582B000AF78600E4B012268
:103988001A70FFF7CFFF0346002B10D005E07B68C5
:103998005A1E7A601846FFF7CFFF002005F048F955
:1039A8000346002B03D0044B1B78002BEFD100BF3C
:1039B8000837BD4680BD00BF3716002080B588B0E7
:1039C80000AFF860B9607A600023FB610423BB6133
:1039D800FFF79EFF034683F00103DBB2002B0DD0F7
:1039E80014F0D8FF7861BA68F968002005F0A4F8E7
:1039F8000346FB61786914F0E4FF06E0BA68F968E9
:103A0800002005F099F80346FB61FB69002B03D001
:103A1800B869FFF7AFFF09E00F4B1B78002B05D003
:103A2800BB69013BBB61B869FFF786FFFB69002BE7
:103A380003D1094B1B78002BCAD1FB69002B03D19A
:103A4800054B1B78002B01D1BB6800E0002318460A
:103A58002037BD4680BD00BF3716002080B584B032
:103A680000AFF860B9607A60044B7A68B968F868A2
:103A78009847034618461037BD4680BDC539000033
:103A880080B483B000AF7860054B01221A70054BF3
:103A9800054A1A6000BF0C37BD4680BC704700BF9E
:103AA8003716002004110020EC10002080B582B0E9
:103AB80000AF7860044B01221A7004480FF01AFD19
:103AC80000BF0837BD4680BD361600200CDC01005B
:103AD80080B582B000AF78603960396803480FF06C
:103AE80014FD00BF0837BD4680BD00BF0CDC0100D7
:103AF80080B584B000AF786039600FF0E0FCF86002
:103B0800074B1B681846FEF779FDB8603968BB6833
:103B1800FA680448984700BF1037BD4680BD00BF0B
:103B2800181100200CDC010080B483B000AF78606D
:103B38003960044A3B681360002318460C37BD46B9
:103B480080BC70471811002080B588B000AFF860BD
:103B5800B9607A607B68BB61BB695B687B61154B48
:103B68003B6138690FF078FD0346002B01DAB9682C
:103B78001AE00023FB610AE0FA68FB6913441B782A
:103B8800194638690FF059FDFB690133FB61FA6981
:103B9800BB689A42F0D300BF4FF020024FF00003F9
:103BA80038690FF063FDB9680B4618462037BD46E3
:103BB80080BD00BF18B6010080B586B000AF786040
:103BC8007B685B681B683B61064BFB603B695B6815
:103BD8007B613B691B68396918460FF0DAFC1837B6
:103BE800BD4680BD18B6010080B586B000AF7860CC
:103BF8007B685B681B687B617B695B683B61074B23
:103C0800FB603B6901221A757B691B6818460FF037
:103C1800E9FC00BF1837BD4680BD00BF18B60100DB
:103C280080B483B000AF78607B68044A1A600023D0
:103C380018460C37BD4680BC704700BF6CDC0100DD
:103C480080B500AF04480DF0B1F904480DF0AEF9A5
:103C58000023184680BD00BF18C9010050C90100E3
:103C680080B500AF044A054BD31A1A460021034811
:103C78000FF04FFD80BD00BF3C160020D00800208B
:103C880080B500AF084A094BD31A1A4608490748B5
:103C98000FF04EFD074A084BD31A1A460749064843
:103CA8000FF046FD00BF80BDCC0800202005002095
:103CB8005CE20100200500201805002054E2010004
:103CC80080B590B006AF78600323002B20D0012385
:103CD800BB73BB7B83F00103DBB2002B18D13E4BD7
:103CE80018687B681B687A685268796889680591E2
:103CF80004920393394B029300230193002300930A
:103D080000230122014600200FF021FD00233B6122
:103D18000323002B20D00123FB73FB7B83F00103DB
:103D2800DBB2002B18D12C4B18687B68DB687A68EB
:103D3800126979684969059104920393284B0293A3
:103D48000023019300230093002301220146002051
:103D58000FF0FDFC00233B620323002B19D0012345
:103D6800FB77FB7F83F00103DBB2002B11D11A4BE9
:103D780019687B68DB6903931A4B0293002301934C
:103D8800002300930023012200200FF0E0FC002311
:103D9800BB610323002B1AD00123FB75FB7D83F045
:103DA8000103DBB2002B12D10B4B19687B689B69AE
:103DB80003930D4B029300230193002300930023E8
:103DC800012200200FF0C3FC00237B6200BF00BF6C
:103DD8002837BD4680BD00BFD405002080C901003A
:103DE800B0C90100E0C90100F0C9010080B58AB07E
:103DF80004AF786039603B68002B02D03868FFF761
:103E08005FFF7B68012B21D1EFF30583BB60BB68A3
:103E1800103B7B610323002B18D00123FB74FB7C30
:103E280083F00103DBB2002B10D10C4B19687B69BE
:103E380003930B4B02930023019300230093002369
:103E4800012200200FF083FC0023FB6039687868AA
:103E580004F0ACFF00BF1837BD4680BDD405002074
:103E680020CA010030BFFFF7FDBF00BF80B400AF1C
:103E7800034A044B13441846BD4680BC704700BF34
:103E8800000000000400000080B582B000AF786038
:103E9800094B1A4609497868FCF712FB064A7B6801
:103EA80013447B60064B1A46002178680AF0A2F892
:103EB80000BF0837BD4680BD0000000061C001009A
:103EC8000400000080B59AB004AFF860B9607A6069
:103ED80010237B656FF015033B650323002B18D077
:103EE800012387F84F3097F84F3083F00103DBB296
:103EF800002B0ED18C4B19688C4B02930023019335
:103F0800002300930023012200200FF07AFC0023F5
:103F1800BB64874B9B6A03F01003002B1DD0112351
:103F28007B650323002B18D0012387F8473097F8C7
:103F3800473083F00103DBB2002B0ED17A4B1968AE
:103F48007C4B02930023019300230093002301225A
:103F580000200FF056FC00233B64754B9B6A03F06E
:103F68000803002B1DD012237B650323002B18D0D8
:103F7800012387F83F3097F83F3083F00103DBB225
:103F8800002B0ED1684B19686B4B029300230193E9
:103F9800002300930023012200200FF032FC0023AD
:103FA800BB63634B9B6A03F00203002B4FD01323C0
:103FB8007B650323002B18D0012387F8373097F847
:103FC800373083F00103DBB2002B0ED1564B196852
:103FD8005A4B0293002301930023009300230122EC
:103FE80000200FF00EFC00233B63514B5B6BFB6220
:103FF8004F4B9B6A03F08003002B28D0FB6A3B657C
:104008000323002B1AD0012387F82B3097F82B3085
:1040180083F00103DBB2002B10D1434B19683B6DD1
:104028000393474B0293002301930023009300233B
:10403800012200200FF0E5FB00237B62BB68002B08
:1040480005D03B4B9B6A3A4A23F080039362384B76
:104058009B6A03F00103002B1DD014237B65032307
:10406800002B18D0012387F8233097F8233083F0EA
:104078000103DBB2002B0ED12B4B1968314B029395
:1040880000230193002300930023012200200FF056
:10409800B8FB0023FB61264B9B6A03F02003002B2F
:1040A8001BD015237B650323002B16D00123FB7639
:1040B800FB7E83F00103DBB2002B0ED11A4B19688B
:1040C800214B029300230193002300930023012234
:1040D80000200FF096FB00237B61154B9B6A03F0D1
:1040E8001003002B01D1124B9B6A114B9B6A03F002
:1040F8002003002B05D00E4B5B6A0D4A23F40053B6
:1041080053620B4B9B6A0A4A43F0FF0393620121F7
:10411800F8680FF09EFB03461A467B681A707B6DA1
:1041280018465837BD4680BDD805002034CA01005E
:1041380000ED00E04CCA010080CA010094CA0100E9
:10414800ACCA0100C4CA0100E4CA010080B59AB033
:1041580004AFF860B9607A6016237B650323002BEF
:1041680018D0012387F8533097F8533083F00103B0
:10417800DBB2002B0ED1934B1968934B02930023AB
:104188000193002300930023012200200FF039FB44
:104198000023FB648D4B9B6A03F48053002B1DD0D6
:1041A80017237B650323002B18D0012387F84B3096
:1041B80097F84B3083F00103DBB2002B0ED1814B13
:1041C8001968834B02930023019300230093002373
:1041D800012200200FF015FB00237B647B4B9B6AB8
:1041E80003F40063002B1DD018237B650323002BE9
:1041F80018D0012387F8433097F8433083F0010340
:10420800DBB2002B0ED16F4B1968724B029300235F
:104218000193002300930023012200200FF0F1FAFC
:104228000023FB63694B9B6A03F40073002B4DD09A
:1042380019237B650323002B18D0012387F83B3013
:1042480097F83B3083F00103DBB2002B0ED15D4BB6
:104258001968614B02930023019300230093002304
:10426800012200200FF0CDFA00237B63574B9B6B94
:104278003B63564B9B6A03F40043002B26D0032371
:10428800002B1AD0012387F82F3097F82F3083F0AE
:104298000103DBB2002B10D14A4B19683B6B039327
:1042A8004E4B029300230193002300930023012225
:1042B80000200FF0A6FA0023BB62BB68002B05D0D4
:1042C800424B9B6A414A23F4004393623F4B9B6AEB
:1042D80003F48063002B1DD01A237B650323002B76
:1042E80018D0012387F8273097F8273083F0010387
:1042F800DBB2002B0ED1334B1968394B02930023E4
:104308000193002300930023012200200FF079FA83
:1043180000233B622D4B9B6A03F48073002B1CD057
:104328001B237B650323002B39D00123FB75FB7D01
:1043380083F00103DBB2002B31D1224B1968294BE2
:1043480002930023019300230093002301220020FD
:104358000FF057FA00233B6121E01C4B9B6A03F4E2
:104368000053002B1BD01C237B650323002B16D086
:104378000123FB77FB7F83F00103DBB2002B0ED117
:10438800104B1968184B02930023019300230093E4
:104398000023012200200FF034FA0023BB610B4BED
:1043A8009B6A0A4A43F47F4393620121F8680FF03D
:1043B80050FA03461A467B681A707B6D18465837C0
:1043C800BD4680BDD805002014CB010000ED00E0FB
:1043D8002CCB010080CA010040CB01005CCB01005E
:1043E80074CB010090CB0100E4CA010080B598B0FD
:1043F80004AF78601D23FB640323002B18D001232E
:1044080087F84B3097F84B3083F00103DBB2002B71
:104418000ED18B4B19688B4B029300230193002319
:1044280000930023012200200FF0EBF900237B64A6
:10443800854B9B6A03F00073002B1DD01E23FB6481
:104448000323002B18D0012387F8433097F8433013
:1044580083F00103DBB2002B0ED1794B19687B4B3B
:1044680002930023019300230093002301220020DC
:104478000FF0C7F90023FB63734B9B6A03F080734B
:10448800002B1DD01F23FB640323002B18D001230E
:1044980087F83B3097F83B3083F00103DBB2002B01
:1044A8000ED1674B19686A4B0293002301930023CE
:1044B80000930023012200200FF0A3F900237B635F
:1044C800614B9B6A03F48013002B1FD02023FB64ED
:1044D8000323002B18D0012387F8333097F83330A3
:1044E80083F00103DBB2002B0ED1554B1968594BF1
:1044F800029300230193002300930023012200204C
:104508000FF07FF90023FB620223FB644E4B9B6A8A
:1045180003F40023002B1DD02123FB640323002B6D
:1045280018D0012387F82B3097F82B3083F001033C
:10453800DBB2002B0ED1424B1968474B0293002384
:104548000193002300930023012200200FF059F962
:1045580000237B623C4B9B6A03F48023002B1DD015
:104568002223FB640323002B18D0012387F8233070
:1045780097F8233083F00103DBB2002B0ED1304BC8
:104588001968364B029300230193002300930023FC
:10459800012200200FF035F90023FB612A4B9B6AAA
:1045A80003F40033002B1BD02323FB640323002BCD
:1045B80016D00123FB76FB7E83F00103DBB2002BD0
:1045C8000ED11F4B1968264B029300230193002339
:1045D80000930023012200200FF013F900237B61D0
:1045E800194B9B6A03F48033002B1BD02423FB64F4
:1045F8000323002B16D00123FB74FB7C83F00103FB
:10460800DBB2002B0ED10E4B1968164B0293002318
:104618000193002300930023012200200FF0F1F8FA
:104628000023FB60084B9B6A074A6FEA03436FEA63
:1046380013439362FB6C18465037BD4680BD00BFDC
:10464800D8050020A8CB010000ED00E0C0CB010098
:10465800D4CB0100F0CB01001CCC01003CCC010004
:1046680064CC010080CC010080B588B004AF7860CC
:1046780039603B6800221A700323002B17D00123EE
:10468800FB73FB7B83F00103DBB2002B0FD10A4BDA
:1046980019680A4B02930023019300230093002317
:1046A800012200200FF0ADF80023BB6000BF00BF5F
:1046B8001037BD4680BD00BFD8050020ACCC010036
:1046C80080B485B000AF78607B689B69FB601B4B4A
:1046D8005B691A4A43F480735361BFF34F8F00BF7D
:1046E80000BF00BFBFF36F8F00BF00BF00BFFB68F4
:1046F80033F8023C7B81114B5B69104A23F48073C9
:104708005361BFF34F8F00BF00BF00BFBFF36F8F70
:1047180000BF00BF00BF7B8903F47F43B3F55F4F41
:1047280005D17B89DBB2022B01D1012300E00023F4
:1047380018461437BD4680BC704700BF00ED00E046
:1047480080B592B004AF786039600023FB62032320
:10475800002B18D0012387F8333097F8333083F0D3
:104768000103DBB2002B0ED1634B1968634B029334
:1047780000230193002300930023012200200FF05F
:1047880040F800237B633B6800221A705C4BDB6AAD
:1047980003F00203002B1CD00323002B00F0A7809A
:1047A8000123FB74FB7C83F00103DBB2002B40F098
:1047B8009E80514B1968534B0293002301930023A9
:1047C80000930023012200200FF01BF80023FB6058
:1047D8008DE04B4BDB6A002B1BDA0323002B00F028
:1047E80086800123FB76FB7E83F00103DBB2002B7E
:1047F8007DD1414B1968444B029300230193002358
:1048080000930023012200200EF0FBFF00237B61B0
:104818006DE03B4BDB6A03F08043002B67D003233A
:10482800002B18D0012387F82B3097F82B3083F012
:104838000103DBB2002B0ED12F4B1968334B0293C7
:1048480000230193002300930023012200200EF08F
:10485800D8FF00237B627868FFF732FF0346002BFE
:1048680022D00323002B1BD0012387F8233097F88D
:10487800233083F00103DBB2002B11D11E4B1968E2
:104888007B681B680393224B029300230193002348
:1048980000930023012200200EF0B3FF0023FB61E8
:1048A8007B681B68FB6222E0154B9B6ADBB2002B1E
:1048B80006D03A6801217868FFF704FBF86216E031
:1048C8000F4B9B6A03F47F43002B07D03A68012102
:1048D8007868FFF73BFC0346FB6208E0084B9B6ADD
:1048E800B3F5803F03D37868FFF780FDF862FB6A71
:1048F80018463837BD4680BDD8050020D0CC010009
:1049080000ED00E0E8CC01000CCD01001CCD010059
:104918003CCD010080B58AB006AF786039600323CA
:10492800002B21D00123FB73FB7B83F00103DBB257
:10493800002B19D10E4B19683B680F2B01DC0D4B6E
:1049480000E00D4B3A68103A049203930B4B029324
:1049580000230193002300930023012200200EF07E
:1049680050FF0023BB6000BF00BF1037BD4680BDAD
:10497800D805002058CD010070CD01008CCD010074
:1049880080B586B000AFF860B9607A6000237B61BB
:104998007B6800221A70BB68033B092B35D801A23B
:1049A80052F823F0D5490000E1490000EF49000022
:1049B800FF490000134A0000134A0000134A000090
:1049C800134A0000134A0000094A00007968F86891
:1049D800FFF7B6FE78611DE07A680021F868FFF7F6
:1049E80071FA786116E07A680021F868FFF7AEFB83
:1049F80003467B610EE0F868FFF7F8FC786109E090
:104A08007968F868FFF730FE04E0B968F868FFF7DE
:104A180081FF00BF7B681B7883F00103DBB2002BAA
:104A280003D0B968F8680EF00AFF7B691846183792
:104A3800BD4680BD80B58CB004AFF860B9607A60BF
:104A48003B600023FB760023FB613B6800221A7061
:104A58007B6803F07F43B3F17F4F01D0002339E037
:104A68007B6803F00803002B20D07B6803F0040365
:104A7800002B1BD10323002B16D00123BB76BB7E52
:104A880083F00103DBB2002B0ED1144B1968144BD1
:104A980002930023019300230093002301220020A6
:104AA8000EF0AFFE00237B61002313E0FB7E83F052
:104AB8000103DBB2002B0CD07B6803F00803002B4A
:104AC80002D0BB68FB6104E0FB68FB613B68012224
:104AD8001A70FB6918462037BD4680BDD8050020EE
:104AE800A0CD010080B594B000AFF860B9607A60DD
:104AF8003B600023FB64294B5B68C3F30803BB647A
:104B08000023BB63BB6B7B637B6B83F3118800BFA4
:104B1800BFF36F8F00BF00BF07F132037A68B9682F
:104B2800F868FFF787FF78647B6C3B647B68FB63FE
:104B380000BF07F133031A46B96C786CFFF720FF02
:104B4800F86497F83330002B23D107F110032022A3
:104B5800796C1846FBF7B4FC97F83230002B0BD071
:104B6800FB6AC3F30803002B0CD1FB6A6FEA5323DB
:104B78006FEA4323FB6205E0FB6A23F4FF7323F02B
:104B88000103FB6207F110031946F86CFFF72EF9D1
:104B980000E000BF5037BD4680BD00BF00ED00E01B
:104BA80080B400AF0A4B5B69094A43F010035361B4
:104BB800074B5B69064A43F480635361044B5B69A6
:104BC800034A23F00803536100BFBD4680BC704709
:104BD80000ED00E0EFF30880EFF3098101B57246BC
:104BE800FFF780FF01BD00BF002080F31488BFF3EA
:104BF8006F8F002080F30A8880F30B88104880F3B9
:104C0800088800200F49087002F032F900200E4988
:104C18000860BFF34F8F00F047F8202080F3118819
:104C28000A484FF40061401880F30988EFF31480B4
:104C38000221084380F31488BFF36F8F0EF05EFEE5
:104C4800403600203B16002094ED00E0803700201D
:104C580080B582B000AF7860796803480EF005FE31
:104C680000BF0837BD4680BD90ED00E080B582B03A
:104C780000AF0C4B1B681B0ADBB23B6000237B6058
:104C880006E07B681846FFF7E3FF7B6801337B602B
:104C98007A683B689A42F4DB00BF00BF0837BD461C
:104CA80080BD00BF90ED00E080B582B000AF72B665
:104CB80000BF00233B603B6883F3138800BFFFF706
:104CC800D5FF0023FB7109E0164AFB7920334FF02A
:104CD800FF3142F82310FB790133FB71FB790F2B6D
:104CE800F2D90023BB7109E00E4ABB7960334FF05B
:104CF800FF3142F82310BB790133BB71BB790F2B0D
:104D0800F2D962B600BFBFF34F8F00BF00BF00BF2C
:104D1800BFF36F8F00BF00BF00BF00BF0837BD469D
:104D280080BD00BF00E100E01EF0040F0CBFEFF3F0
:104D38000880EFF30980816911F8021C0229FFD06D
:104D480001B572460EF021FD01BD00BF80B483B0ED
:104D580000AF0346FB80B7F90630002B0BDBFB885E
:104D680003F01F020649B7F906305B09012000FA73
:104D780002F241F8232000BF0C37BD4680BC7047C3
:104D880000E100E080B483B000AF0346FB80B7F9D0
:104D98000630002B12DBFB8803F01F020A49B7F923
:104DA80006305B09012000FA02F2203341F8232083
:104DB800BFF34F8F00BFBFF36F8F00BF00BF0C372B
:104DC800BD4680BC704700BF00E100E080B483B0FE
:104DD80000AF03463960FB80B7F90630002B0ADBC9
:104DE8003B68DAB20C49B7F906305201D2B20B442B
:104DF80083F800230AE03B68DAB20849FB8803F02D
:104E08000F03043B5201D2B20B441A7600BF0C3791
:104E1800BD4680BC704700BF00E100E000ED00E047
:104E280080B483B000AF7860084A7B685B0952F8A9
:104E380023207B6803F01F03012101FA03F31340C9
:104E480018460C37BD4680BC704700BF00E100E043
:104E580080B400AF094B0A4A23F07F039360BFF385
:104E68004F8F00BF00BF00BFBFF36F8F00BF00BFF1
:104E780000BF00BFBD4680BC704700BF00000000F7
:104E880000ED00E080B400AF054BD3F88830044A49
:104E980023F47003C2F8883000BFBD4680BC704759
:104EA80000ED00E080B487B000AFF860B9607A60C8
:104EB8003B60154B7B617B68203B3B617A693B69B2
:104EC8009A613B699B6923F001023B699A613A68E0
:104ED8003B691A603A6A3B695A607A6A3B699A6028
:104EE800BA6A3B69DA603B694FF08072DA613A6905
:104EF800FB681A65FB680022C3F8B02000BF1C37A6
:104F0800BD4680BC704700BFFD220000F0B587B0E9
:104F180000AFF860B9607A600EF01CFD104AFB68BB
:104F28009360FB68D3F8AC300E4A1360FB68D3F883
:104F38009C307B617B6983F30B8800BF7D68BE680A
:104F48002C4686F309880020034B98472046002109
:104F580000220023014C204769390100FD2200008E
:104F6800841200205811002080B400AF034B102297
:104F78001A6100BFBD4680BC704700BF00ED00E06D
:104F880080B400AF074B5A69064B9B689A4205D01C
:104F9800054B5B68044A43F08053536000BFBD462D
:104FA80080BC70478412002000ED00E080B584B01A
:104FB80000AF7860114B9B687A689A4216D1EFF37C
:104FC8000583FB60FB68002B14BF01230023DBB2C1
:104FD800002B0BD00A4B5B68094A43F0805353609F
:104FE800074B5B6A064A23F400435362786806F06D
:104FF80033F900BF1037BD4680BD00BF84120020C2
:1050080000ED00E016498A684FF030001044EFF3D5
:10501800098C80E8F01F202080F31288BFF36F8F7F
:10502800104F4FF000664A698A603E60D2F8AC00C3
:105038000D4C2060D2F8B0000023C2F8B03080F3E5
:10504800118802F1300090E8F01F8CF3098802F112
:10505800000004B50EF060FCBDE804407047000095
:105068008412002004ED00E05811002080B483B0C1
:1050780000AF03463960FB80B7F90630002B0ADB26
:105088003B68DAB20C49B7F906305201D2B20B4488
:1050980083F800230AE03B68DAB20849FB8803F08A
:1050A8000F03043B5201D2B20B441A7600BF0C37EF
:1050B800BD4680BC704700BF00E100E000ED00E0A5
:1050C80080B584B000AFEFF305837B607B68FB603D
:1050D800FB68103BFB60FB68DB00074A1344BB60BE
:1050E800BB685B68BA68126810469847FFF748FFC4
:1050F80000BF1037BD4680BD34B6010001480068C6
:10510800704700005811002080B584B000AF0D4AE8
:105118000D4B01210D480EF07EFF3B1D00221A6049
:105128005A609A600A4B7B60074A094BD31ABB60E6
:105138003B1D012118460EF080FF00BF1037BD4609
:1051480080BD00BF0000002000FC07206CDC0100CF
:10515800D008002080B582B000AF78607968034835
:105168000EF08CFC00BF0837BD4680BD90ED00E016
:1051780080B483B000AF7860034A7B68136300BFD4
:105188000C37BD4680BC704790ED00E080B483B01A
:1051980000AF7860034A7B68936000BF0C37BD4658
:1051A80080BC704790ED00E080B483B000AF7860B9
:1051B800034A7B68D36000BF0C37BD4680BC70478C
:1051C80090ED00E080B400AF024BDB681846BD46A6
:1051D80080BC704790ED00E080B483B000AF786089
:1051E800034A7B68136100BF0C37BD4680BC70471B
:1051F80090ED00E080B400AF024B1B691846BD4635
:1052080080BC704790ED00E080B483B000AF074BDE
:105218001B687B607B681B0ADBB27B607B68DBB248
:1052280018460C37BD4680BC704700BF90ED00E0C3
:1052380080B500AF0248FFF79BFF00BF80BD00BFED
:10524800AAFF440090B58FB00AAF786039603B6818
:105258001B6823F01F033A68127AC2F30402D2B221
:1052680043EA02013B68DB6823F01F023B681B7AB4
:10527800C3F34213DBB25B0003F00E03134343F0A6
:1052880001031A4678680EF032FC0323032B2FD94A
:105298000123FB72FB7A83F00103DBB2002B27D1D9
:1052A800154B19683B681B683A68127AC2F3040206
:1052B800D2B210463A68127AC2F34212D2B21446F7
:1052C8003A68D26808920794069005937B6804931D
:1052D8000A4B03930A4B029308230193002300937C
:1052E8000023042200200EF0D9FB0023FB6000BF3E
:1052F80000BF1437BD4690BDDC05002078DC0100F6
:10530800D0CD010080B594B004AF7860084611464E
:105318001A460346FB700B46BB7013467B70BB787E
:10532800FB630023BB6397E1BA6B13465B0013442E
:105338009B001A467B6813445B68002B00F0888149
:105348007B78002B2ED0BA6B13465B0013449B006E
:105358001A467B68134418460EF0DCFB0346002B04
:1053680020D10323002B1AD0012387F8373097F870
:10537800373083F00103DBB2002B10D1AF4B196833
:10538800BB6B0393AE4B029300230193002300935E
:105398000023012200200EF081FB00233B636FF005
:1053A80015035FE1BA6B13465B0013449B001A4672
:1053B8007B6813441868BA6B13465B0013449B0060
:1053C8001A467B6813445B6819460EF0C1FBF86205
:1053D800FB6A13F1160F03D0FA6BFB6A9A421EDCC4
:1053E8000323002B18D00123FB77FB7F83F00103F5
:1053F800DBB2002B10D1914B1968FB6A0393914BD8
:10540800029300230193002300930023012200202C
:105418000EF044FB0023BB616FF0150322E1FB6A29
:1054280018460EF0B4FBB862FB6A18460EF0D7FBBC
:105438007862BA6B13465B0013449B001A467B687C
:1054480013441968BA6B13465B0013449B001A4651
:105458007B6813445B680B44013B3B62BA6B1346A1
:105468005B0013449B001A467B6813441B68BA6AA6
:105478009A4211D13A6A7B6A9A420DD1FB6AD8B234
:10548800BA6B13465B0013449B001A467B681344AF
:10549800194600F0DBF9DCE0BA6B13465B001344F5
:1054A8009B001A467B6813441B68BA6A9A422ED13D
:1054B800F86ABA6B13465B0013449B001A467B6874
:1054C80013441968BA6B13465B0013449B001A46D1
:1054D8007B6813445B680B4419460EF068FBFB6B52
:1054E800D8B2BA6B13465B0013449B001A467B681C
:1054F8001344194600F0AAF9F863FB6B13F1160F71
:1055080001D1FB6BAEE0FB6B0133FB63A1E03A6AB0
:105518007B6A9A4225D1F86ABA6B13465B0013443A
:105528009B001A467B6813441B68013B19460EF022
:1055380066FBFB6BD8B2BA6B13465B0013449B0047
:105548001A467B681344194600F080F9F863FB6B30
:1055580013F1160F01D1FB6B84E0FB6B0133FB6386
:1055680077E0F86ABA6B13465B0013449B001A464F
:105578007B6813441B68013B19460EF040FBFB6B2C
:10558800D8B2BA6B13465B0013449B001A467B687B
:105598001344194600F05AF9F863FB6B13F1160F20
:1055A80001D1FB6B5EE0FB6B0133FB63FA6A07F129
:1055B80008030833194610460EF039FBBA6B134638
:1055C8005B0013449B001A467B6813441968BA6B46
:1055D80013465B0013449B001A467B6813445B68C0
:1055E8000B44BB60BA6B13465B0013449B001A461E
:1055F8007B6813441968BA6B13465B0013449B001D
:105608001A467B6813445B680B4423F01F02796ACF
:105618003B6ACB1A1344013B23F01F037B61FB6BEE
:10562800DBB207F108021146184600F0B3F8F86338
:10563800FB6B13F1160F07D1FB6B13E0DC050020A1
:10564800F8CD010020CE0100FB6B0133FB6300E0C5
:1056580000BFBB6B0133BB63FB78BA6B9A42FFF6A2
:1056680063AEFB6B18464037BD4680BD80B586B03B
:1056780000AFF8607A603B600B46FB72094B1B7801
:105688007B617B69DAB2F97A0123F868FFF73AFEA1
:1056980078617B69DAB2034B1A707B691846183750
:1056A800BD4680BD3816002080B584B000AF786054
:1056B8000B46FB700023FB605EE0FA6813465B0054
:1056C80013449B001A467B6813445B68002B4FD039
:1056D800FA6813465B0013449B001A467B68134420
:1056E8001868FA6813465B0013449B001A467B68E7
:1056F80013445B6819460EF02BFA01462348FA68F2
:1057080013469B0013449B00034419601F49FA6821
:1057180013469B0013449B000B441B6813F1160FA0
:1057280002D16FF015032CE01849FA6813469B0064
:1057380013449B000B441B68154A1278934202DB02
:105748006FF015031DE01149FA6813469B001344D6
:105758009B000B441B681846FA6813469B001344C9
:105768009B000A4A1344043319460EF083FA00E0FA
:1057780000BFFB680133FB60FB78FA689A429CDB48
:10578800002318461037BD4680BD00BF5C110020BD
:105798003816002090B58DB006AF03463960FB710E
:1057A800FC790EF0B1FA0346013B9C421ED9032353
:1057B800002B18D00123FB73FB7B83F00103DBB2C2
:1057C800002B10D11D4B1968FB7903931C4B0293D6
:1057D80000230193002300930023012200200EF0F0
:1057E8005DF90023BB606FF0150323E00323032B4F
:1057F8001AD90123FB75FB7D83F00103DBB2002B73
:1058080012D10E4B1968FB7904930E4B03930E4B80
:10581800029308230193002300930023042200200D
:105828000EF03CF900233B61FB7939681846FFF715
:1058380009FDFB7918461C37BD4690BDDC050020E4
:1058480044CE010084DC01006CCE010090B58FB01D
:1058580006AF03463960FB710323032B1AD90123D2
:10586800FB77FB7F83F00103DBB2002B12D1184BCF
:105878001968FB790493174B0393174B029308237A
:105888000193002300930023042200200EF006F960
:105898000023BB613B681B68BB603B6803F10801E0
:1058A8003B681A683B685C6807F1080303F1080065
:1058B80023460EF0FFF907F10802FB791146184656
:1058C800FFF768FF034618462437BD4690BD00BF62
:1058D800DC050020A0DC010094CE010080B400AFFC
:1058E800084B05225A60BFF34F8F00BF00BF00BFAF
:1058F800BFF36F8F00BF00BF00BF00BFBD4680BCB5
:10590800704700BF90ED00E080B400AFBFF35F8F39
:1059180000BF00BF00BF034B00225A6000BFBD4656
:1059280080BC704790ED00E090B58BB006AF354B6A
:105938001C680EF0E9F903469C4202D94FF0FF3388
:105948005CE00323032B1DD90123FB71FB7983F052
:105958000103DBB2002B15D12B4B1C680EF0D4F9D8
:1059680003460493294B0393294B0293082301937D
:105978000023009300230422214600200EF08EF815
:1059880000233B60FFF7C0FFFFF752FC0023FB60DA
:105998000BE01C4B5A68FB681B0113441946F86856
:1059A800FFF750FCFB680133FB60164B1B68FA6875
:1059B8009A42EED3134B1B68DAB2164B1A7015488D
:1059C8000EF0A9F9034613F1160F02D16FF0150373
:1059D80014E0104B1B78BB6006E0BB6818460EF05D
:1059E8007BF8BB680133BB600EF08EF903461A469C
:1059F800BB689342F1DBFFF771FF002318461437A9
:105A0800BD4690BDE8DC0100DC050020B8DC0100E3
:105A180010CF01003816002080B58AB000AFF860BA
:105A2800B9607A603B6007F1100300221A605A607F
:105A38009A60DA601A615A610223BB74084B7B6171
:105A4800FB683B62BB687B6207F110033A687968C0
:105A5800184608F08DFD034618462837BD4680BD18
:105A68006140010080B582B000AF78603960044BB6
:105A78001B6878689847002318460837BD4680BDDC
:105A88007011002080B483B000AF7860074A7B684B
:105A98001360074B9B7843F00203DAB2044B9A7009
:105AA80000BF0C37BD4680BC704700BF7011002096
:105AB800E005002080B582B000AF00237B600B4B6F
:105AC800073323F007037B60084B073323F00702F3
:105AD800074B9B1A3B603A68796806480BF07EF8DA
:105AE800002318460837BD4680BD00BF803F002010
:105AF80000FC07207411002080B584B000AF7860E6
:105B08007B68002B11D00B4B43F00103FB600A4B61
:105B18001B680A4AA2FB03239A0C7B6802FB03F367
:105B2800BB60FB68B868984700E000BF1037BD4607
:105B380080BD00BFF0D801006807002083DE1B434A
:105B480080B58AB000AF2D4BD3F824363B623B6A50
:105B5800C3F30803FB6140F2FF13BB61BB695B0839
:105B6800BA69D31A7B61FA697B6953401A467B6923
:105B7800D31A3B613B6A1B0CC3F30903FB6044F275
:105B88005063BB60BA681E4B13443A6902F5C4728D
:105B980003FB02F2FB684FF47A6101FB03F3134441
:105BA8005B007B607B68174AA2FB0323DB0B7B62ED
:105BB8007A68144BA3FB0213DB0B4FF4FA2101FBA9
:105BC80003F3D31AB3F57A3F02D37B6A01337B62BE
:105BD800796A0D480EF086FA002200210A480EF074
:105BE8008FFA002108480EF069FA012200210648C0
:105BF8000EF09BFA00BF2837BD4680BD00C0FF00ED
:105C080090E8FF7FD34D62100000125080B500AFBE
:105C1800054B064A1A6000F00BF800BFFFF790FF2B
:105C28000023184680BD00BF680700200020A10798
:105C380080B500AF02480EF09EFA00BF80BD00BFDD
:105C4800002008E080B483B000AF0346FB80B7F9BA
:105C58000630002B0CDBFB8803F01F020749B7F95D
:105C680006305B09012000FA02F2603341F8232074
:105C780000BF0C37BD4680BC704700BF00E100E0A4
:105C880080B500AF0EF097FA0346002B01D0002331
:105C98000CE0074B1B78002B14BF01230023DBB259
:105CA80083F00103DBB203F00103DBB2184680BDC9
:105CB8003B16002080B582B000AF78607A6800217A
:105CC80003480EF097FB034618460837BD4680BDCB
:105CD80000E0105080B584B000AF78607A68012188
:105CE8000A480EF087FB0346FB73FB7B002B05D0AD
:105CF8007B681B78002B01D1012300E0002303F00F
:105D08000103DBB218461037BD4680BD00E01050D5
:105D180080B500AF0022022102480EF06BFB03465B
:105D2800184680BD00E0105080B582B000AF7860A2
:105D38007B68DBB2194604480EF049FC0346184656
:105D48000837BD4680BD00BF8CB5010090B58FB047
:105D580006AF78600B46FB70FB78194678680EF042
:105D68000AFCF861FB691B68BB61FB695B687B61C6
:105D7800FB6900221A60FB69083318460EF0D1FC53
:105D88000323032B21D90123FB74FB7C83F001033C
:105D9800DBB2002B19D1134B1C68FB7819467868C5
:105DA8000EF000FC03469B6804930F4B03930F4BC4
:105DB8000293082301930023009300230422214621
:105DC80000200EF0BAFB0023FB60BB69002B05D056
:105DD800FB781946BB697A697868984700BF243709
:105DE800BD4690BD5807002014DD01005CCF0100BE
:105DF80080B483B000AF044B7B607B685C3318468B
:105E08000C37BD4680BC70478411002080B588B02F
:105E180000AF0023FB77EFF311837B617B693B6164
:105E28002023FB60FB6883F3128800BFBFF36F8FEA
:105E380000BF3B69BB611B4B1B6843F002031A465A
:105E4800184B1A60174B1B6803F00103002B0FD087
:105E5800FB1C194601200EF04EFBFB78002B07D1E6
:105E68000123FB77FFF7C4FF034618460EF059FCE1
:105E7800BB69BB60BB687B607B6883F3118800BF2C
:105E8800BFF36F8F00BF00BFFB7F002B04D0002142
:105E98000548FFF75BFF01E00EF07CFC2037BD46AC
:105EA80080BD00BF801100208CB5010080B586B090
:105EB80000AFEFF311833B613B69FB602023BB60BC
:105EC800BB6883F3128800BFBFF36F8F00BFFB6806
:105ED8007B610F4B1B6823F002030D4A13600C4BC8
:105EE8001B6803F00103002B01D10EF05AFC7B69FB
:105EF8007B607B683B603B6883F3118800BFBFF31E
:105F08006F8F00BF00BF00BF1837BD4680BD00BF00
:105F18008011002080B588B000AF7860396007F143
:105F28000C03FB6007F10C033B6100237B61012339
:105F3800BB6107F10C030D4A396878680EF0AAFCBA
:105F4800F861FB69002B01DAF96909E043F60952A7
:105F58004FF0000307F10C0108460EF0CDF9014699
:105F68000B4618462037BD4680BD00BFC548010016
:105F780080B485B000AF7860074BFB60FB687A6837
:105F8800D31A9B10054A02FB03F3BB60BB68184693
:105F98001437BD4680BC704784110020B76DDBB64E
:105FA80080B584B000AF786039607868FFF7E0FFAB
:105FB80003464022194606480EF008FCF8603B6884
:105FC800F9687868984700BF1037BD4680BD00BFA4
:105FD8008CB5010080B586B002AF7860396078680A
:105FE800FFF7C6FF0146402300933B68074A08486D
:105FF8000EF022FCF860FB68002B03DA3B68F968B6
:106008007868984700BF1037BD4680BDE348010057
:106018008CB5010080B58AB000AF0346FB71FB79EF
:10602800012B0AD14F4B1B78012B06D14E480EF09D
:1060380052FA0346012B00F0918013F0AEF80346A4
:10604800002B04D1FFF71CFE0346002B01D00123CF
:1060580000E0002387F8273097F8273003F0010382
:1060680087F8273097F82730002B0FD0EFF31183EC
:10607800FB61FB69BB6120237B617B6983F3128829
:1060880000BFBFF36F8F00BFBB6900E000233B6216
:1060980097F8273083F00103DBB2002B33D00421BB
:1060A80031480EF064F92EE097F82730002B04D021
:1060B8003B6A18460EF007F902E001200EF0A0F83E
:1060C800284B1B78012B1ED127480EF0F7F9034601
:1060D800002B18D14FF4847123480EF07BF9034646
:1060E800002B10D04FF484711F480EF05EF9012187
:1060F8001D480EF0D4F94FF48770FFF7A3FD102167
:1061080019480EF042F9194B1B7807F10B0211469A
:1061180018460EF0F0F9034683F00103DBB2002BBA
:10612800C2D1FA7A0F4B1B789A4202D0FB79012B25
:10613800BAD197F82730002B0BD03B6A3B613B69FB
:10614800FB60FB6883F3118800BFBFF36F8F00BF4C
:1061580005E0042104480EF0FCF800E000BF2837F1
:10616800BD4680BD50E2010000E0105051E2010040
:1061780080B584B000AF0346FB71012111480EF0D1
:1061880007F80346002B0CD101210F480EF01FFA27
:10619800F8600E480EF0CBF80D49F8680BF085FF53
:1061A800B860FB79002B09D0002B08DB013B012BE1
:1061B80005D8FB791846FFF72DFF00E000BF103720
:1061C800BD4680BDFC1100208CB5010004120020E2
:1061D8000012002080B584B000AF0346FB71164B57
:1061E800FB60FB79072B21D801A252F823F000BFEE
:1061F80035620000356200002B6200003562000045
:10620800196200003562000035620000216200005A
:10621800F8680EF07AFB0AE00221F868FFF796FDAD
:1062280005E00121F868FFF791FD00E000BF00BF1D
:106238001037BD4680BD00BF8CB5010080B586B063
:1062480000AF7860002201214FF487700DF037FB12
:10625800194800F093FF0346002B02D06FF00403A7
:1062680026E00EF069FB01F06DF80023FB751BE0DA
:10627800FB7D194678680EF07EF93861FB7D19467A
:1062880078680EF0A4F903460C4918460BF067FD30
:10629800F860FB68002B01DAFB6809E03B69012222
:1062A8009A60FB7D0133FB75FB7D022BE0D900234F
:1062B80018461837BD4680BDDD61000028DD0100A5
:1062C80080B582B000AF7860124B18460EF068FBBC
:1062D8000346002B01DA796817E07B680A2B04D1A2
:1062E8000C4B0D2118460EF04CFB0A4A7B68DBB2BA
:1062F800194610460EF045FB06494FF020024FF0B4
:10630800000308460EF056FB79680B461846083716
:10631800BD4680BD18B6010080B500AF0348FFF741
:10632800B1FB0248FBF7CCFF00BF80BDC96200008B
:1063380080B500AF084B18460EF004FB034683F007
:106348000103DBB2002B02D06FF0120302E0FFF76B
:10635800E3FF0023184680BD18B6010080B584B05D
:1063680000AF78600023FB6078680EF0F6FC034607
:10637800032B16D801A252F823F000BF9563000042
:106388009B630000A1630000A7630000074BFB604C
:1063980007E0074BFB6004E0064BFB6001E0064B9F
:1063A800FB60FB6818461037BD4680BD00A0105042
:1063B80000820D500004055000860D5080B485B051
:1063C80000AF78600023FB607B68022B02D10D4B85
:1063D800FB6010E07B68012B02D10B4BFB600AE0ED
:1063E8007B68032B02D1094BFB6004E07B68002B20
:1063F80001D1074BFB60FB6818461437BD4680BCCB
:10640800704700BFA8B50100C4B50100E0B50100A0
:10641800FCB5010080B584B000AF786078680EF0F4
:106428006BFDF860F8680EF072FD034683F0010317
:10643800DBB2002B27D1FB689B68184611F0B0FC33
:106448000346002B21D1FB689B680021184611F0F8
:1064580097FCB860BB68002B02D06FF004031AE009
:10646800FB689B6800220E49184611F06AFC00225E
:106478000121DB200DF023FA0022012140F20D104A
:106488000DF01DFA02E000BF00E000BF0549786882
:106498000EF076FC034618461037BD4680BD00BF97
:1064A8009D5501000D56010080B584B000AF78609D
:1064B8000023FB6078680FF053F90346032B16D8C6
:1064C80001A252F823F000BFE1640000E764000075
:1064D800ED640000F3640000074BFB6007E0074B26
:1064E800FB6004E0064BFB6001E0064BFB60FB68C9
:1064F80018461037BD4680BD00A0105000820D50D0
:106508000004055000860D5080B586B000AF786055
:10651800084611461A460346FB700B46BB701346E5
:106528007B703B1D1846FFF7BFFF78617A687B696F
:10653800203253F822303B61114BFB60FB68DB4390
:106548003A6913403B61FA78BB785B001A437B7861
:106558009B001A4397F820301B021A4397F82430FF
:106568001B0413433A6913433B617A687B69203201
:10657800396943F8221000BF1837BD4680BD00BFF7
:106588000F0F030080B58CB002AFF8600B467A603D
:10659800FB72002387F82730E2E197F827309B0049
:1065A800FA6813441B68DB0ADBB203F00F037B763F
:1065B80097F827309B00FA6813441B68C3F3080355
:1065C8003B624FF0FF33FB617B7E082B09D87B7E53
:1065D800B14AD35C3B763B6A40F2FF12934206D144
:1065E80002E06FF01503C2E14FF0FF333B6297F80A
:1065F80027309B00FA6813441B681B0E4E2B00F2D1
:10660800488101A252F823F04D670000636700003B
:10661800756700008B6700009D670000B367000086
:10662800C96700009B6800009B6800009B68000029
:106638009B6800009B6800009B6800009B68000046
:106648009B6800009B6800009B6800009B68000036
:106658009B6800009B6800009B6800009B68000026
:10666800F1670000176800003D68000063680000DB
:106678009B6800009B6800009B6800009B68000006
:106688009B6800009B6800009B6800009B680000F6
:106698009B6800009B6800009B6800009B680000E6
:1066A8009B6800009B6800009B6800009B680000D6
:1066B8009B6800009B6800009B6800009B680000C6
:1066C8009B6800009B6800009B6800009B680000B6
:1066D8009B6800009B6800009B6800009B680000A6
:1066E8009B6800009B680000896800009B680000A8
:1066F8009B6800009B6800009B6800009B68000086
:106708009B6800009B6800009B6800009B68000075
:106718009B6800009B6800009B6800009B68000065
:106728009B6800009B6800009B6800009B68000055
:106738009B6800009B6800009B6800009B68000045
:10674800DB6700007B683A6AC3F804260123FB6113
:106758000123FB760123BB76A0E07B683A6AC3F885
:106768000C260023FB760023BB7697E07B683A6A09
:10677800C3F810260123FB610123FB760123BB76B6
:106788008CE07B683A6AC3F808260023FB7600236E
:10679800BB7683E07B683A6AC3F800260023FB6176
:1067A8000123FB760023BB7678E07B683A6AC3F85E
:1067B80004260023FB610123FB760123BB766DE0F1
:1067C8007B683A6AC3F808260023FB760023BB7669
:1067D80064E07B683A6AC3F810260123FB61012351
:1067E800FB760123BB7659E07B683A6AC3F86025DB
:1067F80097F827309B00FA6813441B681B0C03F0BA
:106808000103FB610123FB760123BB7646E07B682D
:106818003A6AC3F8642597F827309B00FA6813444E
:106828001B681B0C03F00103FB610123FB760123AA
:10683800BB7633E07B683A6AC3F8682597F8273057
:106848009B00FA6813441B681B0C03F00103FB61EF
:106858000123FB760123BB7620E07B683A6AC3F804
:106868006C2597F827309B00FA6813441B681B0CAB
:1068780003F00103FB610123FB760123BB760DE0E6
:106888000421386A0EF04CFF0123FB760123BB7606
:1068980004E06FF085036AE084DD01003B6AB3F130
:1068A800FF3F58D03B6A7B617B699BB20021184649
:1068B8000EF069FFFB69B3F1FF3F03D0F96978690E
:1068C8000EF001FF97F827309B00FA6813441B6805
:1068D80003F40043002B03D00023FB760123BB768F
:1068E80097F827309B00FA6813441B685B0ADBB2F1
:1068F80003F00303D8B2BA7EF97E002301933B7EEE
:10690800009303467869FFF7FFFD97F827309B004F
:10691800FA6813441B6803F40043002B0CD07B690E
:106928009BB2012118460EF02EFF7B699BB2002115
:1069380018460EF035FF0EE07B6998B297F82730BD
:106948009B00FA6813441B685B0C03F00103DBB27D
:1069580019460EF025FF97F82730013387F82730BE
:1069680097F82720FB7A9A42FFF417AE00231846BF
:106978002837BD4680BD00BF80B500AF0EF01DFFB3
:106988000346002B01D000230CE0074B1B78002B9B
:1069980014BF01230023DBB283F00103DBB203F051
:1069A8000103DBB2184680BD3B16002080B586B0D7
:1069B80000AF78600B46FB707B685B687B617B6926
:1069C800DB68012118460EF014FF78680FF0EDF827
:1069D80038617B695B69194638690FF07CF87B6917
:1069E8001833194638690FF053F878680FF0A0FA91
:1069F800F860FB68002B01D0FB6804E00449786864
:106A08000EF0A3FF034618461837BD4680BD00BFE9
:106A18000B5F010080B582B000AF0346FB71FB79C4
:106A2800194603480FF033FB00BF0837BD4680BD49
:106A380000200E502DE9B04386B000AFF860C7E9DA
:106A4800002300200FF053FB1D4BD3E90023D7E9A7
:106A580000010FF02DFB4FF000024FF00003420938
:106A680042EAC1624B0913467B617B6900221C46DE
:106A780015464FF000024FF000036B0143EAD46360
:106A880062010F49D1E9000112EB000843EB01094B
:106A98000B4BC3E900890B49D7E90023C1E900235F
:106AA80009494FF000024FF00003C1E900237B6958
:106AB80018460FF0C7FA00BF1837BD46BDE8B083C7
:106AC800D80D0020F00D0020E00D002080B500AFAB
:106AD8000FF004FB0B4BD3E900230FF0E9FA024651
:106AE8000B460949C1E90023074BD3E900014FF0E0
:106AF80000024FF00003420942EAC1624B09134603
:106B0800184680BDD80D0020E00D0020B0B582B039
:106B180000AF00220121E4200CF0D1FE0020FFF795
:106B280079FF002001F006FD78607B68002B01DA10
:106B38007B682BE01749012001F0D2FD78607B6863
:106B4800002B01DA7B6821E00FF0C8FA02460B46F9
:106B580022F01F041D46104BC3E900450E4BD3E934
:106B680000230E49C1E900230D494FF0FF324FF0D1
:106B7800FF33C1E900230B4B1B7A00220A49184650
:106B880001F09CFC094B67221A600023184608375D
:106B9800BD46B0BD64070020D80D0020F80D0020C8
:106BA800F00D00205C0700203D6A0000481200201C
:106BB80080B500AF034B1B781846FFF7D9FA0023BE
:106BC800184680BD52E201002DE9B04F94B002AFE3
:106BD800F8610B46FB76FB691E2BD4BF012300230B
:106BE80087F84230474B1B7AFB6301200FF07FFA8E
:106BF800454BD3E90001454BD3E90023994208BF2F
:106C0800904225D1FB69B3F1806F21D2FB695B010A
:106C18007B647B6C002B01D101237B647B6C00229D
:106C280098469146384BD3E9002318EB02013961A5
:106C380049EB03037B61344BD7E90412C3E9001223
:106C4800FB6BDBB20122796C184601F025FE55E09A
:106C5800FB69DA171C4615464FF000024FF0000397
:106C68006B0143EAD4636201C7E90C23002387F868
:106C78004330254BD3E90023C7E90A23244BD3E942
:106C88000001244BD3E9002384183C6041EB030343
:106C98007B60D7E90034C7E90834D7E90801D7E9A8
:106CA8000C2310EB020A41EB030B174BC3E900ABB3
:106CB800154BD3E90023D7E90A01904271EB03038E
:106CC80012D2D7E90A01D7E90823841ABC6061EB1C
:106CD8000303FB60D7E90223C82A73F10003B4BF9A
:106CE8000123002387F84330FB6BD8B2064BD3E966
:106CF800002397F84310009101F086FD4837BD4600
:106D0800BDE8B08F5C070020E80D0020F00D0020E2
:106D1800D80D0020E00D002080B483B000AF134BE5
:106D28001B687B60124B1B683B607B68292B0CD16E
:106D38003B68002B03D03B68012B02D003E0012302
:106D48000EE001230CE001230AE07B68332B06D117
:106D58003B68012B01D1012302E0012300E000235D
:106D680018460C37BD4680BC704700BF40C3FF00C3
:106D780044C3FF0080B483B000AF78607B681B68B1
:106D880003F00203002B12D07B681B6803F0010399
:106D9800002B13D00C4B0922C3F80C250A4B0F22E9
:106DA800C3F80425084B01221A6000BFFDE77B6881
:106DB800064A1A607B68064A1A6000E000BF0C3772
:106DC800BD4680BC704700BF00801050F000FA50EC
:106DD8000100FA5080B483B000AF78607B681B680C
:106DE80003F00203002B12D07B681B6803F0010339
:106DF800002B13D00C4B0922C3F80C250A4B0F2289
:106E0800C3F80425084B01221A6000BFFDE77B6820
:106E1800064A1A607B68064A1A6000E000BF0C3711
:106E2800BD4680BC704700BF00801050F000FA508B
:106E38000100FA5080B500AF0848FFF79BFF0848EB
:106E4800FFF798FF0748FFF7C5FF0748FFF7C2FF9E
:106E58000648FFF78FFF00BF80BD00BF00F50E504A
:106E680008F50E5010F50E5018F50E5000F70E509C
:106E780080B582B000AF394B0122C3F80028384BE7
:106E8800D3F80034FFF748FF0346002B02D0354BF8
:106E980001221A60FFF7CEFF334BD3F88C30324A09
:106EA80043F44063C2F88C300FF054F900237B6040
:106EB80000237B600FE02D4A2C497B68803351F812
:106EC800333019467B688033DB0013445B680B6002
:106ED8007B6801337B607B683F2B0ED8234A7B6835
:106EE800803352F83330B3F1FF3F06D01F4A7B6836
:106EF800803352F83330002BDDD11D4BD3F80036E8
:106F080003F00103002B04D0194B6FF00102C3F802
:106F18000026184BD3F81835164A23F00303C2F895
:106F28001835144B134AD3F81835C2F818350E4BD8
:106F3800D3F88C300C4A43F44063C2F88C300D4BC4
:106F48000022C3F8A02500BF054BD3F80034012B5D
:106F5800FAD000BF00BF0837BD4680BD0000125000
:106F6800009004500C34055000ED00E000C0FF0014
:106F780000E0105000E0045080B483B000AF7860A7
:106F88007B685B42162B6FDC002B39DA8BE0743B95
:106F9800182B00F2888001A252F823F097700000A5
:106FA800AF700000AF7000008F700000AB70000081
:106FB800AF700000AF700000AF700000AF7000004D
:106FC800AF700000AF700000AF700000AF7000003D
:106FD800AF700000AF700000AF700000AF7000002D
:106FE800AF70000087700000AF700000AF70000045
:106FF800AF700000AF700000AF7000007F7000003D
:10700800162B50D801A252F823F000BF7B70000065
:107018009B700000AF700000AF700000AF70000000
:10702800AF700000AF70000093700000AF700000F8
:10703800AF700000AF700000AF70000083700000F8
:10704800A37000009F700000AF700000A7700000E0
:10705800AF700000AF700000AF700000AF700000AC
:10706800AF7000008B7000008C2B1CDC742B8EDA48
:1070780019E0104B18E0104B16E0104B14E0104BC1
:1070880012E0104B10E0104B0EE0104B0CE0104BD0
:107098000AE0104B08E0104B06E0104B04E0104BE0
:1070A80002E0104B00E0104B18460C37BD4680BC80
:1070B800704700BFECCF0100F0CF0100F4CF010012
:1070C800F8CF0100FCCF010000D0010004D001007E
:1070D80008D001000CD0010010D0010014D001002C
:1070E80018D001001CD0010020D0010080B582B06A
:1070F80000AF0723FB710B480FF0CFF80346BB80A6
:10710800B7F904301846FDF78BFE0346002B04D16F
:10711800B7F9043018460CF0B8FB00BF0837BD4675
:1071280080BD00BF00E0105080B582B000AF0346BC
:10713800FB71044B1B68FA791046984700BF083763
:10714800BD4680BD5012002080B582B000AF034616
:10715800FB71044B1B68FA791046984700BF083743
:10716800BD4680BD5012002080B500AF024B1B68A1
:107178000720984700BF80BD5012002090B593B0FB
:1071880006AF78600023FB62674B1B79002B25D084
:107198000023022B1FD90123FB74FB7C83F001031E
:1071A800DBB2002B17D1614B1C686FF07700FFF73B
:1071B800E3FE034604935E4B03935E4B0293002366
:1071C80001930023009300230322214600200FF09F
:1071D80074F80023FB606FF07703A0E0524A7B68E5
:1071E8001360514B01221A714F4B1B68002B01D0C1
:1071F800514B00E00023184600F044FBF862FB6A9C
:10720800002B23D00023022B1ED90123FB76FB7E03
:1072180083F00103DBB2002B16D1444B1C68F86ADB
:10722800FFF7AAFE03460493414B0393414B029395
:10723800002301930023009300230322214600200A
:107248000FF03BF800237B61FB6A68E0364B1B6854
:10725800002B01D0394B00E00023184600F008F954
:10726800F862FB6A002B25D00023022B20D90123CA
:1072780087F8233097F8233083F00103DBB2002B23
:1072880016D12A4B1C68F86AFFF776FE034604936A
:10729800274B0393274B029300230193002300936A
:1072A80000230322214600200FF007F80023FB618A
:1072B800FB6A34E01C4B1B68002B01D0204B00E01C
:1072C8000023184600F074FCF862FB6A002B25D0F6
:1072D8000023022B20D9012387F82B3097F82B3075
:1072E80083F00103DBB2002B16D1104B1C68F86A3F
:1072F800FFF742FE034604930D4B03930D4B029395
:107308000023019300230093002303222146002039
:107318000EF0D3FF00237B62FB6A00E000231846CF
:107328003437BD4690BD00BF501200204C120020DB
:10733800E0DD010028D0010031710000517100002A
:107348007171000080B586B004AF124B1B68002B2A
:1073580001D0FFF7CBFE0023022B17D90123FB71C5
:10736800FB7983F00103DBB2002B0FD10A4B1968BC
:107378000A4B029300230193002300930023032266
:1073880000200EF09AFF00233B6000BF00BF0837C3
:10739800BD4680BD501200204C12002048D001008C
:1073A80080B582B000AF78607A68002103480FF09A
:1073B80096F8034618460837BD4680BD00E01050D1
:1073C80080B588B004AF042126480FF002F81421D4
:1073D80024480FF018F84FF4847122480FF023F86E
:1073E8000023FB7342F21073BB600020FFF7D8FF45
:1073F800034683F00103DBB2002B02D00123FB73A9
:1074080008E001200EF0C2FEBB68013BBB60BB6810
:10741800002BEAD1FB7B83F00103DBB2002B1CD0ED
:107428000023002B19D00123FB71FB7983F00103A2
:10743800DBB2002B11D10C4B1968002303930B4BC3
:1074480002930023019300230093002301220020CC
:107458000FF0B9F800233B60FFE700BF1037BD46C7
:1074680080BD00BF00E01050581200207CD0010001
:1074780090B58BB006AF78601D4B1B79002B25D0DB
:107488000023022B1FD90123FB73FB7B83F001032D
:10749800DBB2002B17D1174B1C686FF07700FFF792
:1074A8006BFD03460493144B0393144B0293002380
:1074B80001930023009300230322214600200FF0AC
:1074C80082F80023BB606FF077030DE0084A7B6801
:1074D8001360074B01221A710FF093F803461946FF
:1074E80007480FF051F8002318461437BD4690BDE1
:1074F8005C12002058120020F0DD0100A0D001002D
:1075080000E0105080B582B000AFFB1D1A46002184
:1075180033480EF0E4FF0346002B04D0FB1D184649
:107528000FF076F831E000212D480EF0A1FF034658
:10753800002B26D02A480FF036F80346FB71FB1DB6
:1075480018460FF065F80346002B1ED0254B1B6824
:10755800002B04D0042122480EF02DFF3DE000BF8F
:107568004FF484711E480EF073FF034683F0010345
:10757800DBB2002BF4D14FF4847119480EF053FF9D
:107588002BE00FF03EF80346FB71FB7919461448CF
:107598000EF0FAFF4FF4847111480EF044FF1021E9
:1075A8000F480EF030FF0F4B1B68002B04D004214E
:1075B8000B480EF000FF10E000BF4FF4847108483C
:1075C8000EF046FF034683F00103DBB2002BF4D133
:1075D8004FF4847102480EF026FF0837BD4680BD7F
:1075E80000E010505C12002080B58EB006AF434812
:1075F8000EF0FDFE034603F00C03FB6175E0FB692A
:10760800B3FA83F3C3F11F037B6101227B6902FA9A
:1076180003F3FB747B699BB29B009BB203F58073F9
:107628003B827B69FB730123FB763B8A194633480F
:107638000EF0F9FEFB7C194630480EF0CAFE002316
:10764800032B24D90123BB73BB7B83F00103DBB27B
:10765800002B1CD12A4B1968FB7B022B06D0FB7B25
:10766800032B01D1274B02E0274B00E0274B049363
:10767800274B0393274B029308230193002300937E
:107688000023042200200EF09EFF0023BB60FB7C39
:10769800042B18D1FB1D1A46002118480EF01FFFB5
:1076A800FB79002B11D1012114480EF06DFFFB7CF2
:1076B800194612480EF07FFE102110480EF0A3FE66
:1076C8000023FB7601E000BF00E000BFFB7E002B3B
:1076D80004D0114B1B68FA7B1046984707480EF0F8
:1076E80086FE034603F00C03FB61FB69002B86D181
:1076F80000BF00BF2037BD4680BD00BF00E010506E
:1077080058120020D0D00100DCD00100E4D00100E4
:1077180008DE0100F4D001005C12002080B483B0C0
:1077280000AF134B1B687B60124B1B683B607B6888
:10773800292B0CD13B68002B03D03B68012B02D0CE
:1077480003E001230EE001230CE001230AE07B683B
:10775800332B06D13B68012B01D1012302E0012321
:1077680000E0002318460C37BD4680BC704700BFB8
:1077780040C3FF0044C3FF0080B584B000AF786009
:107788007A6801210A480EF0F1FF0346FB73FB7B80
:10779800002B05D07B681B78002B01D1012300E06A
:1077A800002303F00103DBB218461037BD4680BD45
:1077B80000E0105080B58AB004AF71212D480EF05A
:1077C80086FF04212B480EF09CFF4FF48071294856
:1077D8000EF0A7FFFFF7A2FF0346002B03D00C21F2
:1077E80024480EF08EFF0023FB710023FB7542F244
:1077F80010733B61FB1D1846FFF7BEFF034683F07D
:107808000103DBB2002B02D00123FB7508E0012045
:107818000EF0BCFC3B69013B3B613B69002BE9D1A5
:10782800FB7D83F00103DBB2002B1AD00023002B71
:107838001BD00123FB73FB7B83F00103DBB2002B1E
:1078480013D10D4B19680D4B0293002301930023AC
:1078580000930023012200200EF0DDFF0023BB600F
:1078680003E0074B00225A71FFE700BF1837BD46F7
:1078780080BD00BF00E010506412002004D1010058
:107888006812002090B58BB006AF78601A4B1B7950
:10789800002B25D00023022B1FD90123FB73FB7B70
:1078A80083F00103DBB2002B17D1144B1C686FF077
:1078B8007700FFF761FB03460493114B0393114BC9
:1078C80002930023019300230093002303222146FF
:1078D80000200EF0A0FF0023BB606FF0770306E0E6
:1078E800054A7B681360044B01221A71002318466D
:1078F8001437BD4690BD00BF6812002064120020F6
:1079080028DE010020D1010080B500AF4FF4887156
:107918001D480EF006FF4FF48C711B480EF001FF56
:107928004FF48A7118480EF0FCFEFFF7F7FE034685
:10793800002B03D0082114480EF0E3FE4FF48071A9
:1079480011480EF0EEFE00210F480EF0DAFE0F4B44
:107958001B68002B04D071210B480EF0AAFE10E022
:1079680000BF4FF4807108480EF0F0FE034683F024
:107978000103DBB2002BF4D14FF4807102480EF002
:10798800D0FE00BF80BD00BF00E01050681200208C
:1079980080B58CB006AF4B480EF0A7FE034603F047
:1079A80071037B6184E07B69B3FA83F3C3F11F033E
:1079B8003B6101223B6902FA03F3FB733B699BB20B
:1079C8009B009BB203F58073BB813B69FB72BB894B
:1079D80019463C480EF0A5FEFB7B194639480EF0C7
:1079E80076FE0023032B33D90123BB72BB7A83F0C5
:1079F8000103DBB2002B2BD1334B1968FB7A002B28
:107A080015D0FB7A012B10D0FB7A042B0BD0FB7A14
:107A1800052B06D0FB7A062B01D12C4B08E02C4B0A
:107A280006E02C4B04E02C4B02E02C4B00E02C4BE6
:107A380004932C4B03932C4B0293082301930023AC
:107A480000930023042200200EF0E5FE00237B6053
:107A5800FB7B402B17D0402B19DC202B19D0202B77
:107A680015DC012B17D0102B00D010E01F4B022281
:107A78005A714FF48A7113480EF053FE20211148B1
:107A88000EF017FE08E0194B00225A7104E000BFFF
:107A980002E000BF00E000BF144B1B68FA7A1046F2
:107AA800984708480EF021FE034603F071037B61F6
:107AB8007B69002B7FF477AF00BF00BF1837BD4646
:107AC80080BD00BF00E010506412002050D10100BA
:107AD80060D1010068D1010078D1010084D1010092
:107AE80090D101003CDE01009CD101006812002009
:107AF80080B500AF0022022102480EF02EFF034697
:107B0800184680BD00E0105080B588B004AF8021D1
:107B180024480EF0D0FE282122480EF0E9FE4FF44A
:107B28008E7120480EF0F4FE0023FB7342F21073AE
:107B3800BB60FFF7DDFF034683F00103DBB2002BD8
:107B480002D00123FB7308E001200EF01FFBBB6885
:107B5800013BBB60BB68002BEBD1FB7B83F00103CF
:107B6800DBB2002B1AD00023002B17D00123FB71A6
:107B7800FB7983F00103DBB2002B0FD10A4B1968A4
:107B88000A4B029300230193002300930023012250
:107B980000200EF037FF00233B60FFE700BF1037DF
:107BA800BD4680BD00E0105070120020ACD101002D
:107BB80090B58BB006AF78601A4B1B79002B25D097
:107BC8000023022B1FD90123FB73FB7B83F00103E6
:107BD800DBB2002B17D1144B1C686FF07700FFF74E
:107BE800CBF903460493114B0393114B02930023E3
:107BF80001930023009300230322214600200EF066
:107C080001FF0023BB606FF0770306E0054A7B683D
:107C18001360044B01221A71002318461437BD461D
:107C280090BD00BF741200207012002058DE0100C1
:107C3800CCD1010080B500AF4FF48E7111480EF021
:107C480067FE24210F480EF053FE0F4B1B68002BD4
:107C580004D080210B480EF020FE10E000BF4FF446
:107C68008E7108480EF069FE034683F00103DBB20B
:107C7800002BF4D14FF48E7102480EF049FE00BF7C
:107C880080BD00BF00E010507412002080B586B09F
:107C980004AF80211E480EF01CFE0346002B33D093
:107CA8004FF48E711A480EF048FE034683F0010324
:107CB800DBB2002B28D14FF48E7115480EF028FE48
:107CC800802113480EF0F7FD0023032B18D9012358
:107CD800FB71FB7983F00103DBB2002B10D10D4B54
:107CE80019680D4B03930D4B02930823019300234E
:107CF80000930023042200200EF084FE00233B6042
:107D0800074B1B68984700E000BF0837BD4680BD99
:107D180000E010507012002070DE0100FCD101005C
:107D28007412002080B485B000AFF860B9607A6042
:107D3800FB70FB68BA6802F5A27253F82220154B53
:107D48001340FA68B96801F5A27142F82130FB685E
:107D5800BA6802F5A27253F822207B68190141F62D
:107D6800F0730B40F978090401F4403119433B7E64
:107D78001B0503F480130B4342EA0301FB68BA684E
:107D880002F5A27243F8221000BF1437BD4680BC2A
:107D9800704700BF0FE0ECFF80B586B000AFF86019
:107DA800B96011461A460B46FB711346BB71002396
:107DB8007B610DE07B69DBB218460EF06CFF034671
:107DC8001A46B968F8680FF034F87B6901337B61AB
:107DD8007A693B6A9A42EDD34FF4A272B968F8689F
:107DE8000FF027F8FB680D4A934201D1DB2301E02D
:107DF80040F20D137B82B7F9123018460BF045FD9F
:107E0800BB79002B03D0B968F8680EF089FE0EF034
:107E180028FE00BF1837BD4680BD00BF00A00D502A
:107E280080B584B000AF78600023FB6078680FF0FD
:107E380069F90346032B16D801A252F823F000BFB4
:107E4800597E00005F7E0000657E00006B7E0000AA
:107E5800074BFB6007E0074BFB6004E0064BFB6049
:107E680001E0064BFB60FB6818461037BD4680BD35
:107E780000A0105000820D500004055000860D50DF
:107E880080B586B000AF7860084611461A460346AA
:107E9800FB700B46BB7013467B703B1D1846FFF703
:107EA800BFFF78617A687B69203253F822303B61E2
:107EB800114BFB60FB68DB433A6913403B61FA787E
:107EC800BB785B001A437B789B001A4397F82030F5
:107ED8001B021A4397F824301B0413433A691343CF
:107EE8003B617A687B692032396943F8221000BF08
:107EF8001837BD4680BD00BF0F0F030090B48AB08D
:107F080000AFF860B9607A60164B07F114040FCB24
:107F180084E80F00FB687B6217E07B6A9B002833CC
:107F28003B4453F8143C1A6A7B681A607B6A9B00CE
:107F380028333B4453F8143C7A6812681A627B6809
:107F480004337B607B6A01337B62FA68BB68134445
:107F58007A6A9A42E1D300BF00BF2837BD4690BC79
:107F6800704700BF18D2010080B483B000AF7860BA
:107F78007B685B09064AD25C7B68DBB203F01F03AF
:107F8800DBB21344DBB218460C37BD4680BC7047E1
:107F9800A8DE010080B483B000AF78607B689B00E6
:107FA800034A134418460C37BD4680BC704700BFCF
:107FB8006C07002080B483B000AF78607B68DB007A
:107FC800034A134418460C37BD4680BC704700BFAF
:107FD80090DE0100B0B592B006AF78600B46FB703A
:107FE8007B680433BB617B6893F8B1301846FFF7B0
:107FF800E1FF786100237B62BB6993F8AC30002B0A
:1080080026D06FF077037B620023012B1ED9012352
:10801800FB73FB7B83F00103DBB2002B16D1434BD0
:108028001C68786AFEF7A8FF03460493404B039345
:10803800404B029300230193002300930023022264
:10804800214600200FF02DF90023BB607B6A68E011
:10805800BB69103384220021184605F0CBFF4FF48A
:1080680000333B627B6818687B691B68FA78009369
:108078000023396AFFF790FEBB69012283F8AC2020
:10808800BB690122C3F898200023022B24D90123BD
:10809800FB77FB7F83F00103DBB2002B1CD1234B62
:1080A8001C687B691B681D467B6893F8B1301846CD
:1080B800FFF770FF03461B68049303951E4B02935A
:1080C800002301930023009300230322214600206C
:1080D8000FF0E7F80023FB620023022B20D90123CD
:1080E80087F82B3097F82B3083F00103DBB2002B95
:1080F80016D10E4B1C68786AFEF73EFF03460493C0
:108108000B4B03930B4B0293002301930023009323
:1081180000230322214600200FF0C3F800233B610F
:108128007B6A18463037BD46B0BD00BF7C120020C0
:10813800B8DE010028D2010048D2010090B589B00C
:1081480004AF78600023022B20D90123FB72FB7A4D
:1081580083F00103DBB2002B18D1144B1C687B6839
:1081680093F8B1301846FFF715FF03461B680393D1
:108178000F4B029300230193002300930023032253
:10818800214600200FF08DF80023FB607B6893F8F0
:10819800B1301846FFF7FEFE034618460EF023F8E6
:1081A800034618461437BD4690BD00BF7C12002018
:1081B8008CD2010080B584B000AF786039600023AC
:1081C800FB6021E0144AFB6813441B781A463B46BF
:1081D800194610460FF023F80346002B11D0FB6810
:1081E8009B007A6813441A460121F8680EF0F7FFDD
:1081F800FB689B007A6813441B68002B01D001239D
:1082080006E0FB680133FB60FB68032BDAD9002327
:1082180018461037BD4680BDA4DE010080B58CB07D
:1082280000AFF860B9607A6007F1100300221A60A5
:108238005A609A60DA607B685A6807F11003114641
:108248001846FFF7B7FF0023FB6256E0374AFB6A80
:1082580013441B781A467B680433194610460EF0FF
:10826800DEFF0346002B45D03CE0FB6A9B00303321
:108278003B4453F8203C93FAA3F3B3FA83F3BB626D
:10828800BB6A03F01F022A49FB6A0B441B785B0197
:1082980013437B62786AFFF767FE03461A46BB689A
:1082A800083233F812309B0803F0070387F82330AD
:1082B80007F11002FB6A9B0013441946B86A0EF0D6
:1082C800CCFF786A0EF079FF034687F8223097F8DA
:1082D800223097F82320796AB8680FF0E5FD786AAC
:1082E8000EF090FFFB6A9B0030333B4453F8203C70
:1082F800002BBAD1FB6A0133FB62FB6A032BA5D9B9
:1083080000224FF40031F8680EF0D4FC7B685A68FC
:1083180007F1100311461846FFF74CFF0346002BE0
:1083280091D100BF00BF3037BD4680BDA4DE01003B
:10833800A0DE010080B584B000AF78607B68002BB8
:1083480011D00B4B43F00103FB600A4B1B680A4A30
:10835800A2FB03239A0C7B6802FB03F3BB60FB6858
:10836800B868984700E000BF1037BD4680BD00BF21
:1083780000D901006807002083DE1B4380B500AFE9
:10838800024810F0D7F90346184680BD00200E5069
:1083980080B483B000AF0346FB71074B9A68FB7942
:1083A800012101FA03F31343034A936000BF0C371A
:1083B800BD4680BC704700BF2005002080B58AB04C
:1083C80000AF78603960EFF31183FB61FB69BB6133
:1083D80020237B617B6983F3128800BFBFF36F8F13
:1083E80000BFBB693B62184B5B681A463B68134089
:1083F8003B603B4618460DF0F6FE78627B6A002B20
:1084080011DB114B5B68194601227B6A02FA03F300
:10841800DB430B401A460C4B5A607B6ADAB27B6826
:108428001A7000237B623B6A3B613B69FB60FB6817
:1084380083F3118800BFBFF36F8F00BF00BF7B6A53
:1084480018462837BD4680BD2005002080B582B07B
:1084580000AF78607B681B7A1946094810F059F913
:108468007B681B681946064810F070F97B685B68E2
:108478001946034810F079F900BF0837BD4680BD9A
:1084880000200E5080B500AF024810F094F8034663
:10849800184680BD00200E5080B582B000AF064857
:1084A80010F06FF8C7E90001D7E900231046194614
:1084B8000837BD4680BD00BF00200E5080B586B08D
:1084C80000AF0346B9607A60FB73FB7B174A13441D
:1084D80093F85430FB75FA7D144913465B00134436
:1084E8009B000B440C33BA681A60FA7D0F49134697
:1084F8005B0013449B000B4410337A681A60FA7DC2
:108508000A4913465B0013449B000B441433FA7B5F
:108518001A70FB7B012202FA03F31946044810F093
:10852800C7F800BF1837BD4680BD00BF2005002032
:1085380000200E5090B593B006AF0346FB710023A0
:10854800FB62604B1B78002B26D06FF07703FB6231
:108558000023012B1ED90123FB76FB7E83F0010348
:10856800DBB2002B16D1584B1C68F86AFEF704FDE5
:1085780003460493554B0393554B029300230193F1
:1085880000230093002302222146002010F031F935
:1085980000237B61FB6A90E04E4A07F1080307CA93
:1085A80083E8070000214C4810F0A2F807F10803FF
:1085B8001846FFF74BFF672010F039F90346052BE3
:1085C80028D06FF08B03FB620023012B20D90123F5
:1085D80087F8223097F8223083F00103DBB2002BB2
:1085E80016D1394B1C68F86AFEF7C6FC034604939B
:1085F800364B0393364B02930023019300230093D9
:10860800002302222146002010F0F3F80023FB612A
:10861800FB6A52E0002387F82B3020E097F82B30D4
:10862800184610F01FF9034687F8233097F82B20D7
:10863800244913465B0013449B000B44143397F8FA
:1086480023201A7097F823301E4A134497F82B20DA
:1086580083F8542097F82B30013387F82B3097F89C
:108668002B30042BDAD9FA79002367211A480FF046
:10867800DEFE012118480FF00CFF124B01221A7080
:108688000023022B18D9012387F82A3097F82A30BB
:1086980083F00103DBB2002B0ED10B4B19680F4B93
:1086A8000293002301930023009300230322002058
:1086B80010F09FF800237B62FB6A18463437BD46EA
:1086C80090BD00BF2005002080120020C4DE0100FC
:1086D800ACD20100E0D2010000200E50CCD2010043
:1086E80090B58FB006AF03463960FB71FFF746FEC1
:1086F8000346002B26D06FF077033B610023012B44
:108708001ED90123FB73FB7B83F00103DBB2002B33
:1087180016D1364B1C683869FEF72EFC03460493C5
:10872800334B0393334B02930023019300230093AD
:10873800002302222146002010F05BF80023BB60D2
:108748003B694EE0FB7919462B480FF0DEFE2B4BB8
:108758001B682B4AA2FB03239A0C13465B011344A4
:10876800FB6102E0FB69013BFB61FB69002B07D061
:10877800FFF788FE034683F00103DBB2002BF1D13B
:10878800FB69002B02D16FF073032AE00023022B50
:1087980016D90123FB76FB7E83F00103DBB2002BA5
:1087A8000ED1124B1968174B029300230193002333
:1087B800009300230322002010F01BF800237B61A4
:1087C8004FF0FF313868FFF7F9FD38613B69002B3E
:1087D80001DA3B6905E03B681B781846FFF7D8FDCE
:1087E800002318462437BD4690BD00BF80120020E4
:1087F800D4DE0100ACD2010000200E506807002032
:1088080083DE1B43ECD2010080B586B000AF014681
:10881800C7E900230B46FB73FB7B1D4A134493F8FF
:1088280054301B4A0C33DB00D118D7E90023C1E9C7
:10883800002397F82030002B1FD0F97BD7E90023BD
:1088480014480FF0F3FEFB7B194612480FF0BFFEE9
:108858000346002B17D0FFF71FFEC7E90401D7E92D
:108868000023D7E90401904271EB03030BD2FB7B91
:10887800194608480FF0C5FE05E0F97BD7E9002343
:1088880004480FF0D3FE00BF1837BD4680BD00BFB7
:108898002005002000200E502DE9B04382B000AF23
:1088A80003463960FB711346BB71FB79144A1344C4
:1088B80093F85430124A0C33DB001344D3E90023F5
:1088C800396800200C460546F9790D48014491F8AD
:1088D800541012EB040843EB0509094A01F10C0393
:1088E800DB001344C3E90089BB79F9793A68054884
:1088F8000FF0C8FE00BF0837BD46BDE8B08300BF13
:108908002005002000200E5090B589B002AF4F48D6
:108918000FF0DDFE786190E07B6993FAA3F3B3FA78
:1089280083F3FB71FB79012202FA03F3DB437A69D3
:1089380013407B61FB79464A134493F854303B60FB
:1089480043493A6813465B0013449B000B440C33BD
:108958001B68002B56D0FB79012202FA03F3DB4394
:1089680019463C480FF067FB03461A46FB7922FA82
:1089780003F303F00103002B07D0FB7919463348B2
:108988000FF068FEC7E9020108E0314A3B680C3382
:10899800DB001344D3E90023C7E90223FB799BB228
:1089A8009B009BB203F580739BB2194627480FF0D2
:1089B80039FC034683F00103DBB2002B3CD1FB7981
:1089C8009BB29B009BB203F580739BB219461F486C
:1089D8000FF038FC1E493A6813465B0013449B00AD
:1089E8000B440C331968F879194C3A6813465B0044
:1089F80013449B00234410331B680093D7E90223D8
:108A080088471AE0FB799BB29B009BB203F5807301
:108A18009BB219460D480FF005FC0346002B0CD0FD
:108A2800FB799BB29B009BB203F580739BB21946FE
:108A380006480FF007FC00E000BF7B69002B7FF4BD
:108A48006BAF00BF00BF1C37BD4690BD00200E5065
:108A580020050020A805002080B584B000AF03469B
:108A68003960FB71FB793B733B68DBB27B7307F1C1
:108A78000C03194603480FF056FF00BF1037BD46D8
:108A880080BD00BF00E0045080B582B000AF254B28
:108A98003B60A8220021386805F0ACFA3B68032245
:108AA8001A613B6803225A613B681F4A9A613B6816
:108AB8001E4ADA613B684FF480621A623B68002202
:108AC8009A623B6800225A623B680022DA623B687D
:108AD800154A1A663B68164A5A663B6810229A6617
:108AE8003B6800221A673B680022DA663B6800226E
:108AF8005A6700237B600CE07B68C3F10F030D4AC3
:108B0800D15C3A687B6813440A461A707B68013363
:108B18007B607B680F2BEFD900BF00BF0837BD46CD
:108B280080BD00BF6000002008D5010008010020BA
:108B380008050020F0DE010080B58CB000AFF860B9
:108B4800B9607A60BB68FB62FB685A1C13465B001D
:108B58001344DB00354A1344BB62BB6A1B697B6262
:108B6800BB6ADB683B62BB6A5A683B6A1344FB61B9
:108B78007A6A3B6A9A423ED8BB6A9A683B6AD31AB9
:108B8800013BBB61BA697B689A420BD37A68F96A80
:108B9800F869F7F795FC3A6A7B681A44BB6ADA60A9
:108BA80001233EE0BA697B6A1344BB61BA697B68FA
:108BB8009A4235D3BB6A9A683B6AD31A7B617A6951
:108BC800F96AF869F7F77CFC7A687B69D31A7B60E5
:108BD8007B68002B0AD0BB6A5B68FB61FA6A7B6919
:108BE80013447A681946F869F7F76AFCBB6A7A6829
:108BF800DA60012315E07A6A3B6AD31A013BBB614C
:108C0800BA697B689A420BD37A68F96AF869F7F708
:108C180057FC3A6A7B681A44BB6ADA60012300E0B1
:108C2800002318463037BD4680BD00BF60000020D5
:108C380080B485B000AF78607B685A1C13465B002F
:108C48001344DB00074A1344FB60FB681B69BB60E5
:108C5800FB68DA68BB68D31A18461437BD4680BC6F
:108C6800704700BF6000002080B584B000AF124B91
:108C78007B600023BB600023FB6011E07A68FB681F
:108C880013441B78DAB2FB68C3F10F030B49CB5CC2
:108C98009A4202D00123BB6005E0FB680133FB6008
:108CA800FB680F2BEAD9BB68002B01D0FFF7ECFE5D
:108CB80000BF1037BD4680BD60000020F0DE010017
:108CC80080B588B004AF786039600FF026FF0323C1
:108CD800002B16D00123FB73FB7B83F00103DBB26F
:108CE800002B0ED1084B1968084B029300230193FF
:108CF800002300930023012200200FF0F0FE002340
:108D0800BB6078680FF01AFF7407002014D50100C3
:108D180080B584B000AF78607B68002B04D0786899
:108D280010F04CFA034600E00023FB60FB68002BC0
:108D380003D0FB681B78002B01D1034BFB60FB6859
:108D480018461037BD4680BD24D5010080B483B0D5
:108D580000AF78607B68042B16D801A252F823F084
:108D68007D8D0000818D0000858D0000898D0000BB
:108D78008D8D0000074B08E0074B06E0074B04E029
:108D8800074B02E0074B00E0074B18460C37BD467F
:108D980080BC70472CD501003CD5010050D501009E
:108DA80060D501006CD501007CD5010090B599B063
:108DB80006AF78603960EFF311837B627B6A3B62B0
:108DC8002023FB61FB6983F3128800BFBFF36F8F19
:108DD80000BF3B6ABB634F4B9B683B640323002B7C
:108DE80023D0012387F83F3097F83F3083F0010301
:108DF800DBB2002B19D1484B1C687868FFF7A6FF37
:108E08000346444A127C059204937B680393434BC0
:108E1800029300230193002300930023012221469B
:108E280000200FF05CFE00237B643B68002B28D0F9
:108E38003B68BB61BB69DB69C3F30803002B14BF44
:108E480001230023DBB2002B1BD00323002B18D0F7
:108E5800012387F8373097F8373083F00103DBB206
:108E6800002B0ED12C4B19682D4B02930023019334
:108E7800002300930023012200200FF030FE00237E
:108E88003B630323002B20D0012387F82F3097F86A
:108E98002F3083F00103DBB2002B16D11E4B1C6868
:108EA800386CFFF735FF034604933B6C03931D4B67
:108EB80002930023019300230093002301222146FB
:108EC80000200FF00CFE0023BB623A6C396878680A
:108ED8000FF029FE39687868FFF7F2FE3B68002B2F
:108EE80006D03B687B617B69DB69C3F30803002B11
:108EF800BB6B3B613B69FB60FB6883F3118800BF78
:108F0800BFF36F8F00BF00BF386C0FF0DDFD4C372B
:108F1800BD4690BD84120020740700208CD5010046
:108F2800B4D50100D8D5010082B003460091ADF850
:108F38000630BDF90630002B0ADB009BDAB20C497B
:108F4800BDF906305201D2B20B4483F800230BE07E
:108F5800009BDAB20749BDF8063003F00F03043B63
:108F68005201D2B20B441A7600BF02B0704700BF5C
:108F780000E100E000ED00E000B585B00390CDE928
:108F88000023039B03F11800DDE90023044902F0E4
:108F980097FD02460B461046194605B05DF804FBDE
:108FA80099A70000F0B58DB0304B0B9328E00B9BD0
:108FB8001E680B9B5F680B9B9B6806930B9BD9688D
:108FC80007910B9B1B690B9A52690B9989690B983E
:108FD800C0690B9C246A0B9D6D6A059504940390E7
:108FE800029101920093079B069A3946304600F099
:108FF80003FF0B9B1B680B9A5A650B9B30330B9333
:109008000B9B1B4A934234BF01230023DBB2002B86
:10901800CDD101F033FE154B0A9318E00A9BD3E932
:109028000A23CDE90823DDE908234FF0FF304FF08C
:10903800FF318B4208BF824206D00A9B1968DDE9DE
:10904800082308460FF0ADFD0A9B30330A930A9BAC
:10905800074A934234BF01230023DBB2002BDDD142
:1090680001F07CFE00BF0DB0F0BD00BF44BF0100A1
:1090780044BF010000B583B00B4B019305E0019894
:109088000FF076FD019B1C330193019B074A934225
:1090980034BF01230023DBB2002BF0D100BF00BF97
:1090A80003B05DF804FB00BF8CB5010034B60100C5
:1090B80000B587B003468DF807309DF80730164A8B
:1090C80052F82330059319E0059B5B68049300234D
:1090D8000393049B002B0AD0049B1B7E03F001031F
:1090E800002B08D104980FF09AFC039003E0059B2D
:1090F8001B6898470390059B083305939DF8073034
:109108000133054A52F82330059A9A42DCD300BF4E
:1091180000BF07B05DF804FB7807002000B585B0F4
:109128000390029101920B4B01221A700320FFF762
:10913800BFFF10F00FFF0420FFF7BAFFFFF732FF61
:10914800F7F7FEFB04480FF054FD00BF05B05DF8CB
:1091580004FB00BF3B160020000E002000B58DB0B8
:109168000790079BB82202FB03F3174A13440B939B
:10917800079A13469B0013449B01144A13440A930D
:109188004FF4A0730993124B0893079A13469B0058
:1091980013449B000F4A1344089A05920122049233
:1091A8000F220392002202920022019200930A4B9E
:1091B800099A0A990B9800F01FFE0B980FF00DFD05
:1091C80000BF0DB05DF804FBB80E0020403600204B
:1091D800F4D5010084120020238C010000B583B06F
:1091E80001900198FFF7BAFF019BB82202FB03F335
:1091F800164A99181648019A13469B0013449B0077
:1092080003440C331960019BD8B21149019A1346E3
:109218009B0013449B000B44103302461A70019BB9
:10922800DB020C4A134418460FF09CFC034603F576
:1092380000610748019A13469B0013449B000344AE
:109248000433196000BF03B05DF804FBB80E0020BA
:10925800841200208037002000B589B001F036FE66
:10926800124B134A5A61134B0593012304930023AD
:1092780003930023029300230193002300930E4BD2
:109288004FF480520D490A4800F0B6FD079008488F
:109298000FF0A3FC064801F023F80020FFF79EFF1B
:1092A800079B184609B05DF804FB00BF8412002034
:1092B800000E0020FCD5010025910000402600206A
:1092C80000B583B00190024A01990248FBF71EFEDF
:1092D80025910000000E002000B585B00FF095FC28
:1092E8000020FFF7E5FE31480FF03CFC034603F58C
:1092F80000630393039B0293029B83F3088800BFD8
:109308002A4B0193019B83F30A8800BF00BFFF210A
:109318006FF00100FFF708FE00216FF00400FFF76F
:1093280003FE00216FF00B00FFF7FEFD00216FF038
:109338000A00FFF7F9FD00216FF00900FFF7F4FDBF
:1093480000216FF00300FFF7EFFD194B5B6A184A25
:1093580043F4E023536220214FF0FF30FFF7E4FD90
:1093680000BFFBF71DFCFBF7FFFD114B4FF0FF3271
:109378009A620F4B4FF0FF32DA6200BFFCF7D4FA63
:10938800FBF7C2FE00BFF9F7B3F90A4800F0C6FDC3
:10939800FFF770FE0120FFF78BFE0220FFF788FE23
:1093A800FFF75AFF03461846FFF78AFF8037002069
:1093B80000ED00E0700F0020B0B58CB008AF786009
:1093C80039607B689B6893F90E301A463B68934274
:1093D8003AD00323032B2FD90123FB72FB7A83F0A6
:1093E8000103DBB2002B27D11A4B1D687B689C68F0
:1093F8007B689B6818460FF09AFC0346002B01D047
:10940800792300E06E237A68926892F90E20079219
:109418003A680692059304940F4B03930F4B0293FB
:1094280008230193002300930023042229460020E7
:109438000FF00DFD0023FB607B689B6839681846B8
:1094480001F080FA034600E0002318461037BD46B5
:10945800B0BD00BF9007002004DF010004D6010062
:1094680080B5B8B008AFF860C7E90023002387F8D3
:10947800BF309A4BFB67EFF31183BB67BB6F7B670A
:1094880020233B673B6F83F3128800BFBFF36F8FC6
:1094980000BF7B6FBB61FB6FFB6600BFFB6FBB66EA
:1094A80000BFBB69BB62FB68DB68002B0CBF0123F4
:1094B8000023DBB2002B0AD1FB689A68884B9B68B3
:1094C8009A420CBF01230023DBB2002B01D00123F9
:1094D80000E00023002B53D0FB68DB68002B04D18D
:1094E8007F4B9B6893F90E3001E0FB681B69FA68B3
:1094F8001361FB68DB685A1CFB68DA60784B9A6872
:10950800FB689A600323032B27D9012387F8873048
:1095180097F8873083F00103DBB2002B1DD1714B24
:1095280018686F4B9B68FA68D268F96809690791EF
:109538000692FA68059204936B4B03936B4B029364
:1095480008230193002300930023042201460020EE
:109558000FF07DFC0023C7F88030BB6AFB615F4BCE
:109568007B66FB693B663B6EFB65FB6D83F311888D
:1095780000BFBFF36F8F00BF00BF00BF00238CE1A7
:10958800D7E900234FF000004FF000018B4208BFDD
:1095980082420CBF01230023DBB2002B13D0BB6A2D
:1095A8007B614E4BBB657B697B657B6D3B653B6D2A
:1095B80083F3118800BFBFF36F8F00BF00BF00BFE8
:1095C8006FF00F0369E1464B9B6893F90E301A461A
:1095D800FB689B6893F90E30194610460FF055FC4E
:1095E800C7F8B8000323032B1DD9012387F8B73028
:1095F80097F8B73083F00103DBB2002B13D1394B56
:109608001968FB680493384B0393394B029308237A
:109618000193002300930023042200200FF017FC7D
:109628000023C7F8B030FB689B6893F90E301946E1
:10963800D7F8B8000FF0D5FB0346002B07D0D7F8B2
:10964800B810F868FFF7B8FE034687F8BF30F96826
:10965800D7E90023CDE900230A46B96A1F4801F07B
:10966800DBF8C7F8AC000323032B20D9012387F8C4
:10967800AB3097F8AB3083F00103DBB2002B16D187
:10968800184B1968D7F8AC300593FB680493164B50
:109698000393184B0293082301930023009300239C
:1096A800042200200FF0D3FB0023C7F8A4300323C3
:1096B800032B36D9012387F8A33097F8A33083F01A
:1096C8000103DBB2002B2CD1064B1968044B9B68B5
:1096D800D7F8AC20002A0FD079220EE0A81200207B
:1096E800841200209007002018DF01003CD60100FA
:1096F8006CD6010090D601006E220692FA68059297
:109708000493684B0393684B029308230193002347
:1097180000930023042200200FF099FB0023C7F8D0
:109728009C30D7F8AC30002B01D10023B5E00323DF
:10973800032B20D9012387F89B3097F89B3083F0BF
:109748000103DBB2002B16D1584B1968584B9B68A4
:10975800FA6805920493534B0393564B02930823DC
:109768000193002300930023042200200FF06FFBD5
:109778000023C7F89430504BFB64EFF31183BB64AC
:10978800BB6C7B6420233B643B6C83F3128800BF73
:10979800BFF36F8F00BF7B6C3B62FB6CFB6300BF4A
:1097A800FB6CBB6300BF3B6ABB62FB689B68002B1A
:1097B80014BF01230023DBB2002B52D0FB681846EC
:1097C8000FF038FBC7F89000D7F89030002B0CD07A
:1097D800D7F8903093F90E301A46FB681B69194682
:1097E80010460FF052FB034601E0FB681B69C7F8FF
:1097F800B8300323032B1DD9012387F88F3097F83E
:109808008F3083F00103DBB2002B13D1274B19688B
:10981800FB680493234B0393284B0293082301937B
:10982800002300930023042200200FF010FB0023E4
:10983800C7F88830D7F8B810F868FFF7BDFD0346B9
:10984800002B03D197F8BF30002B01D0012300E093
:10985800002387F8BF3097F8BF3003F0010387F87B
:10986800BF3097F8BF30002B04D0B96A124810F007
:109878005DF810E0BB6A7B620F4B7B637B6A3B63DE
:109888003B6BFB62FB6A83F3118800BFBFF36F8FEA
:1098980000BF00BF00BF6FF00A031846C037BD46BF
:1098A80080BD00BF18DF0100B4D60100900700207A
:1098B80084120020D4D60100A8120020F0D601009E
:1098C80080B5A2B008AF78607B689B68002B02D196
:1098D8006FF01503DAE07B689A686E4B9B689A42D2
:1098E80002D04FF0FF33D1E00323032B1FD901230C
:1098F80087F8673097F8673083F00103DBB2002BF5
:1099080015D1654B19687B68DB6805937B68049300
:10991800624B0393624B0293082301930023009345
:109928000023042200200FF092FA00233B667B6894
:10993800DB68012B05D97B68DB685A1E7B68DA6017
:10994800A3E0584BFB63EFF31183BB63BB6B7B63F3
:1099580020233B633B6B83F3128800BFBFF36F8FF9
:1099680000BF7B6BBB60FB6BFB6200BFFB6BBB622A
:1099780000BFBB683B617B681B6919467868FFF7C5
:109988001BFD7B683B650023FB643B6DBB640023C8
:109998007B64B86C0FF081F938643B6C002B01D004
:1099A8003B6C7B647B6CFB64FB6C002B14BF01235A
:1099B8000023DBB2002B05D0F86C0FF020FAF86C0E
:1099C8000FF094F9FB6CFB657B68FA6D9A600323D2
:1099D800032B27D9012387F85B3097F85B3083F096
:1099E8000103DBB2002B1DD12B4B1968FB6D002B3B
:1099F80003D0FB6D93F90E3000E02B4B0693FB6D03
:109A080005937B680493254B0393284B0293082303
:109A18000193002300930023042200200FF017FA7B
:109A280000237B65FB6D002B14BF01230023DBB2F1
:109A3800002B16D0FB6D93F90E301A467B681A611D
:109A4800FB6D7B6200233B627B6A3A6AC3F8B420F1
:109A580000BFF86D00F044FC396912480FF066FF4A
:109A680013E07B680022DA603B69FB600D4BFB6109
:109A7800FB68BB61BB697B617B6983F3118800BFAD
:109A8800BFF36F8F00BF00BF00BF002318466837C1
:109A9800BD4680BD84120020900700202CDF010005
:109AA80014D70100A812002018FCFFFF30D70100CE
:109AB80080B598B000AF7860434B3B64EFF31183F7
:109AC800FB63FB6BBB6320237B637B6B83F3128895
:109AD80000BFBFF36F8F00BFBB6BFB603B6C3B638A
:109AE80000BF3B6CFB6200BFFB687B617B687B65EA
:109AF80000233B657B6DFB640023BB64F86C0FF0AF
:109B08000CFA78647B6C002B01D07B6CBB64BB6C5B
:109B18003B653B6D002B14BF01230023DBB2002BF8
:109B280005D0386D0FF054FA386D0FF028FA3B6DF8
:109B3800BB65BB6D002B14BF01230023DBB2002BD8
:109B48000FD0BB6DBB6200237B62BB6A7A6AC3F825
:109B5800B42000BFB86D00F0C3FB012387F85F3065
:109B680013E07B689B687A6891687A68D26891424A
:109B780001D0012200E000221A447B689A607868CC
:109B88000FF063FA034687F85F3097F85F30002BD1
:109B980004D079690C480FF0C9FE10E07B693B617D
:109BA800094B3B623B69FB61FB69BB61BB6983F3A2
:109BB800118800BFBFF36F8F00BF00BF00BF00BF99
:109BC8006037BD4680BD00BFA812002080B598B0A0
:109BD80002AFF860C7E90023354B3B65EFF311830B
:109BE800FB64FB6CBB6420237B647B6C83F312886F
:109BF80000BFBFF36F8F00BFBB6CBB613B6D3B64A5
:109C080000BF3B6DFB6300BFBB693B62FB689B68A1
:109C1800002B14BF01230023DBB2002B18D0FB68F4
:109C28009B685A1EFB689A603B6AFB61204BBB63CA
:109C3800FB697B637B6B3B633B6B83F3118800BFE2
:109C4800BFF36F8F00BF00BF00BF00237B6529E013
:109C5800D7E900234FF000004FF000018B4208BF06
:109C6800824214D13B6A7B61114BFB627B69BB6208
:109C7800BB6A7B627B6A83F3118800BFBFF36F8F77
:109C880000BF00BF00BF6FF00F037B650AE0F968F3
:109C9800D7E90023CDE900230A46396A044800F0D1
:109CA800BBFD78657B6D18465837BD4680BD00BF43
:109CB800A812002080B584B000AFF860C7E900237F
:109CC800FB6803F11800D7E90023054901F0F8FE05
:109CD80002460B46104619461037BD4680BD00BFE8
:109CE80099A7000080B582B000AF786039607B68C2
:109CF800002B02D1094B9B687B607B687C331F2259
:109D08003968184604F02AFA7B68002283F89B20F9
:109D1800002318460837BD4680BD00BF84120020C6
:109D280080B596B00AAFF860B9607A600023FB622C
:109D38007B68073323F00703073323F00703BB626D
:109D4800B8680FF0AAF97862BB6A3B62BA68BB6A66
:109D58001344FB610323032B24D90123FB76FB7EE9
:109D680083F00103DBB2002B1CD1204B1968FB697F
:109D780009933B6A08937B6A0793BB6A0693FB685F
:109D88000593BB6804931A4B03931A4B0293082359
:109D98000193002300930023042200200FF0DFF931
:109DA80000237B61F969F86809F00DFD0246FB6A3A
:109DB8001344FB62FB6A073323F00703FB627A6AEA
:109DC800FB68C3F89C20FB683A6AC3F8A020FB68CC
:109DD800FA6AC3F8A420FB6A5B42FA691344FB6180
:109DE800FB6918463037BD4680BD00BF9407002088
:109DF80044DF010064D7010080B596B004AFF86075
:109E0800B9607A603B60FB68583318460FF09BF9DD
:109E1800F8683B6E0422F96D0FF008FA7A68B968A1
:109E2800F868FFF77DFF7864BB6D02937B6D019343
:109E38003B6D00933B687A6CB968F868FBF732F8B9
:109E4800FB6800225A65FB683A689A66FB683A6DB7
:109E5800DA66FB687A6D1A67FB68BA6D5A672D4B2C
:109E68007B63EFF311833B633B6BFB622023BB6295
:109E7800BB6A83F3128800BFBFF36F8F00BFFB6A12
:109E8800BB617B6B7B6200BF7B6B3B6200BFBB69C6
:109E9800FB61214B1A6AFB689A671F4AFB681362C9
:109EA800FB697B611B4B3B647B69FB63FB6BBB639F
:109EB800BB6B83F3118800BFBFF36F8F00BF00BF78
:109EC80000BF7B6E002B0BD0FB687C331F22796EA2
:109ED800184604F043F9FB68002283F89B2003E04E
:109EE800FB68002283F87C200B4B9B68002B05D174
:109EF800FB680022C3F8A8207B6C07E0064B9B6830
:109F0800D3F8A820FB68C3F8A8207B6C184648370C
:109F1800BD4680BDB41200208412002080B483B0F6
:109F280000AF78607B6801221A747B6801229A81ED
:109F38007B680022C3F89C207B680022C3F8A0201D
:109F48007B680022C3F8A820034A7B68936000BF9F
:109F58000C37BD4680BC70478412002000B585B020
:109F68000390CDE90023039B03F11800DDE90023EA
:109F7800044901F0A5FD02460B461046194605B0F6
:109F88005DF804FB99A7000086B00190019B04933B
:109F9800124B9B68049AC3F8B020104B9B686FF073
:109FA8000A02C3F8B4200E4B5B680D4A43F0805395
:109FB800536000230393039B0293029B83F311884E
:109FC80000BFBFF36F8F00BF00BF044B9B68D3F87F
:109FD800B4300593059B184606B0704784120020DC
:109FE80000ED00E000B591B04F4B07934F4B9B68D5
:109FF800194607980FF07AF906904C4B9B6818465B
:10A008000FF0BFF926E0069B0593484B9B68049325
:10A01800059B0393049B93F90E300293039B93F9DA
:10A028000E300193029A019B9A4203D0019A029B37
:10A03800D31A00E00023002B07DD059B3B4A9268FA
:10A04800114618460FF088F90DE0069907980FF0A9
:10A058004DF90690069B002BD5D1344B9B681946C9
:10A0680007980FF064F900BF01230F932E4B0E934E
:10A0780000230D930E980FF028F90C900C9B002BE1
:10A0880001D00C9B0D930D9B00BF0B930B9B002BDA
:10A0980002D1264BDB6800E00B9B0A930A9B0993CD
:10A0A8000F9B0893089B002B01D0012322E01F4B34
:10A0B8009B6818460FF01BFA0346002B01D00123BA
:10A0C80018E01A4B9B6818460FF0C7F90346002B97
:10A0D80005D109980FF0CDF90346002B01D00123D3
:10A0E80008E009980FF015FA0346002B01D0012368
:10A0F80000E00023002B0ED00C4B9B680A9A9A4272
:10A1080002D00A9801F0A4FB0A980FF0FDFA074A5A
:10A118000A9B536103E0054B9B68044A536100BFE7
:10A1280000BF11B05DF804FB9C12002084120020CF
:10A1380000B595B0019001980FF029FA034683F015
:10A148000103DBB2002B00F0C28001980FF0F9F98F
:10A158000346002B00F0BB80019B0B930B980FF07C
:10A1680022FA0B980FF0C5FA0346002B52D00B9B2E
:10A178000A930A9B0993584B08930A9B07930898DC
:10A188000FF0A3F80346002B04D008980FF09DF8B1
:10A19800034600E00023069333E0079B0593069BE4
:10A1A8000493059B93F90E300393049B93F90E30A7
:10A1B8000293039A029B9A4203D0029A039BD31AF2
:10A1C80000E00023002B06DD069B079A114618467F
:10A1D8000FF0C2F81DE0069B002B10D0069B194615
:10A1E80008980FF092F80346002B06D0069B1946F4
:10A1F80008980FF08AF8034602E0002300E00023E5
:10A208000693069B002BC8D1079B194608980FF0A8
:10A218008EF800BF00BF002313932F4B1293002327
:10A22800119312980FF051F81090109B002B01D049
:10A23800109B1193119B00BF0F930F9B002B02D112
:10A24800264BDB6800E00F9B0E930E9B0D93139B30
:10A258000C930C9B002B01D0012322E01F4B9B6821
:10A2680018460FF044F90346002B01D0012318E0EB
:10A278001A4B9B6818460FF0F0F80346002B05D1DF
:10A288000D980FF0F6F80346002B01D0012308E0E3
:10A298000D980FF03EF90346002B01D0012300E092
:10A2A8000023002B0ED00D4B9B680E9A9A4202D0C9
:10A2B8000E9801F0CDFA0E980FF026FA074A0E9B79
:10A2C800536103E0054B9B68044A536100BF00BF1C
:10A2D80015B05DF804FB00BF9C120020841200201A
:10A2E80000B591B00190002306931F4B0F93EFF335
:10A2F80011830E930E9B0D9320230C930C9B83F3D9
:10A30800128800BFBFF36F8F00BF0D9B03930F9B95
:10A318000B9300BF0F9B0A9300BF039B05931BE0A1
:10A3280001980FF0F6F90346002B02D10198FFF7C8
:10A33800FFFE059B04930C4B0993049B0893089B11
:10A348000793079B83F3118800BFBFF36F8F00BF8C
:10A3580000BF00BF01230693069B002BE0D000BF7F
:10A3680000BF11B05DF804FBA812002010B59CB026
:10A3780001900091904B9B6818460FF0AAF803468D
:10A38800002B00F0DE808C4B9C688B4B9B6818463A
:10A398000FF091F80346002B01D0082300E01023AA
:10A3A8001A948DF8673000238DF866301A9B1A7C52
:10A3B8009DF867301340DBB2002B40F0C2801A9B37
:10A3C8001A7C9DF867301343DAB21A9B1A741A98EC
:10A3D8000FF0DDF80346002B19D01A9B1893189834
:10A3E8000FF0EDF818980FF084F90346002B0DD004
:10A3F800189B1793179B1693704A179B15931492E3
:10A40800159B18460EF0CEFF00BF00BF00BF9DF899
:10A418006730082B21D11A9B9B68002B02D01A9811
:10A428000FF021F91A980EF0FFFF1A9B58331846BF
:10A438000FF04DFB604B9B681A9A9A420DD1EFF3CF
:10A4480005831393139B002B14BF01230023DBB256
:10A45800002B02D001238DF8663001231293574B4D
:10A4680011930023109311980EF02FFF0F900F9B5C
:10A47800002B01D00F9B1093109B00BF0E930E9BD7
:10A48800002B02D14C4BDB6800E00E9B0D930D9B1B
:10A498000C93129B0B930B9B002B01D0012322E002
:10A4A800454B9B6818460FF022F80346002B01D055
:10A4B800012318E0404B9B6818460EF0CEFF034678
:10A4C800002B05D10C980EF0D4FF0346002B01D0C9
:10A4D800012308E00C980FF01CF80346002B01D06C
:10A4E800012300E00023002B0ED0334B9B680D9A0C
:10A4F8009A4202D00D9801F0ABF90D980FF004F9CB
:10A508002D4A0D9B536103E02B4B9B682A4A5361EC
:10A5180000BF9DF86730102B03D11A980FF0EFF8A1
:10A528000FE01A9809F00BFA1A9801F03FFA9DF813
:10A538006630002B02D02248FFF7F0FC1A980FF083
:10A54800DEF8009B02931F4B0A93029B0993099B19
:10A558000893089B83F3118800BFBFF36F8F00BF78
:10A5680000BF00BF1DE0EFF311830593059B049323
:10A5780020230393039B83F3128800BFBFF36F8FDD
:10A5880000BF049B1B930EF060FB1B9B0793079B6C
:10A598000693069B83F3118800BFBFF36F8F00BF3C
:10A5A80000BF01980EF095FF0346002BDBD100BFDA
:10A5B80000BF1CB010BD00BF841200209C120020F8
:10A5C800700F0020A812002082B0074B5B6901932E
:10A5D800054B9B68019A9A4214BF01230023DBB202
:10A5E800184602B0704700BF8412002000B591B031
:10A5F800019001980EF0CBFF0346002B19D0019B68
:10A608000F930F980EF0DBFF0F980FF072F80346C8
:10A61800002B0DD00F9B0E930E9B0D93384A0E9B6B
:10A628000C930B920C9B18460EF0BCFE00BF00BFAB
:10A6380000BF344B9B68019A9A420CBF0123002348
:10A64800DBB20A932E4B09930023089309980EF066
:10A658003CFE0790079B002B01D0079B0893089BA3
:10A6680000BF0693069B002B02D1264BDB6800E057
:10A67800069B0593059B04930A9B0393039B002B5E
:10A6880001D0012322E01F4B9B6818460EF02FFFD4
:10A698000346002B01D0012318E01A4B9B6818468B
:10A6A8000EF0DBFE0346002B05D104980EF0E1FE08
:10A6B8000346002B01D0012308E004980EF029FF7F
:10A6C8000346002B01D0012300E00023002B0ED00D
:10A6D8000C4B9B68059A9A4202D0059801F0B8F88D
:10A6E80005980FF011F8074A059B536103E0054BE5
:10A6F8009B68044A536100BF00BF11B05DF804FBBA
:10A708009C1200208412002000B591B00190002313
:10A7180006931E4B0F93EFF311830E930E9B0D932D
:10A7280020230C930C9B83F3128800BFBFF36F8F19
:10A7380000BF0D9B03930F9B0B9300BF0F9B0A93C6
:10A7480000BF039B059319E0019B9B68002B02D077
:10A7580001980EF088FF059B04930C4B0993049B0A
:10A768000893089B0793079B83F3118800BFBFF3E7
:10A778006F8F00BF00BF00BF01230693069B002B0D
:10A78800E2D000BF00BF11B05DF804FBA8120020A2
:10A7980000B591B00190019B183B0F9300230593DE
:10A7A8001C4B0E93EFF311830D930D9B0C932023F9
:10A7B8000B930B9B83F3128800BFBFF36F8F00BF0F
:10A7C8000C9B02930E9B0A9300BF0E9B099300BF3C
:10A7D800029B049315E00F980FF083F8049B0393F2
:10A7E8000C4B0893039B0793079B0693069B83F3E5
:10A7F800118800BFBFF36F8F00BF00BF00BF0123E8
:10A808000593059B002BE6D000BF00BF11B05DF893
:10A8180004FB00BFA812002000B591B0039002917C
:10A8280001921B4B9B681B4A13601B4B0C93EFF365
:10A8380011830B930B9B0A9320230993099B83F3A2
:10A84800128800BFBFF36F8F00BF0A9B06930C9B53
:10A85800089300BF0C9B079300BF0D4B9868DDE978
:10A86800122301990FF02AF8039B0D9300BF0A4B9E
:10A878000F93029B05930F9B0E9300BF059B1846F1
:10A88800FFF782FB0346184611B05DF804FB00BFD2
:10A8980084120020B0120020A812002000B595B044
:10A8A80001900023139300230693254B1293EFF393
:10A8B80011831193119B109320230F930F9B83F304
:10A8C800128800BFBFF36F8F00BF109B0393129BCA
:10A8D8000E9300BF129B0D9300BF039B059327E0C7
:10A8E800019B0C9300230B930C980EF0EEFC0A903E
:10A8F8000A9B002B01D00A9B0B930B9B1393139B72
:10A90800002B02D013980EF0AEFE059B04930C4B5F
:10A918000993049B0893089B0793079B83F311886B
:10A9280000BFBFF36F8F00BF00BF00BF01230693B6
:10A93800069B002BD4D0139B184615B05DF804FB7A
:10A94800A812002000B5B5B00190009100238DF841
:10A95800CF30019B93F90E30329300230693944B2A
:10A968003093EFF311832F932F9B2E9320232D9356
:10A978002D9B83F3128800BFBFF36F8F00BF2E9B00
:10A988000393309B2C9300BF309B2B9300BF039BFA
:10A99800059367E101980EF0D4FD03468DF8CF309A
:10A9A8009DF8CF30002B00F0D980019B2093209890
:10A9B8000EF005FE20980EF09CFE0346002B0DD0ED
:10A9C800209B1F931F9B1E937A4A1F9B1D931C92CB
:10A9D8001D9B18460EF0E6FC00BF00BF00BF009BA1
:10A9E8005AB2019B9A73019B2A932A980EF0DBFDB9
:10A9F8002A980EF07EFE0346002B52D02A9B2993FC
:10AA0800299B28936B4B2793299B269327980EF015
:10AA18005CFC0346002B04D027980EF056FC034636
:10AA280000E00023259333E0269B2493259B239362
:10AA3800249B93F90E302293239B93F90E30219394
:10AA4800229A219B9A4203D0219A229BD31A00E092
:10AA58000023002B06DD259B269A114618460EF08A
:10AA68007BFC1DE0259B002B10D0259B19462798C1
:10AA78000EF04BFC0346002B06D0259B1946279861
:10AA88000EF043FC034602E0002300E00023259378
:10AA9800259B002BC8D1269B194627980EF047FC0A
:10AAA80000BF00BF01231B93424B1A930023199345
:10AAB8001A980EF00AFC1890189B002B01D0189BCE
:10AAC8001993199B00BF1793179B002B02D13A4B80
:10AAD800DB6800E0179B1693169B15931B9B14933A
:10AAE800149B002B01D0012322E0334B9B681846AE
:10AAF8000EF0FDFC0346002B01D0012318E02E4B7D
:10AB08009B6818460EF0A9FC0346002B05D1159842
:10AB18000EF0AFFC0346002B01D0012308E0159886
:10AB28000EF0F7FC0346002B01D0012300E00023C0
:10AB3800002B0ED0204B9B68169A9A4202D016988A
:10AB480000F086FE16980EF0DFFD1B4A169B536137
:10AB580075E0194B9B68184A536170E001980EF034
:10AB68008EFC0346002B66D0019B0A930A9B9B68C8
:10AB78003193319B019A0C920B930C9B18460EF063
:10AB880011FC00BF009B5AB2019B9A73319B13932F
:10AB9800019B129313980EF098FB0346002B04D0E8
:10ABA80013980EF092FB034600E00023119339E05E
:10ABB800A81200209C12002084120020129B1093DF
:10ABC800119B0F93109B93F90E300E930F9B93F9E3
:10ABD8000E300D930E9A0D9B9A4203D00D9A0E9B40
:10ABE800D31A00E00023002B06DD119B129A1146B0
:10ABF80018460EF0B1FB22E0119B002B10D0119BE0
:10AC0800194613980EF081FB0346002B06D0119BC2
:10AC1800194613980EF079FB034602E0002300E082
:10AC280000231193119B002BC8D1129B194613982E
:10AC38000EF07DFB03E0009B5AB2019B9A73059BC3
:10AC480004930D4B0993049B0893089B0793079B58
:10AC580083F3118800BFBFF36F8F00BF00BF00BF31
:10AC680001230693069B002B3FF494AE9DF8CF304A
:10AC7800184635B05DF804FBA812002000B597B05F
:10AC88000323032B21D901238DF853309DF853302A
:10AC980083F00103DBB2002B17D12B4B19682B4B28
:10ACA8009B682A4A9268D27B05920493284B0393A7
:10ACB800284B0293082301930023009300230422C6
:10ACC80000200EF0F6FC0023159300230A93224B74
:10ACD8001393EFF311831293129B11932023109374
:10ACE800109B83F3128800BFBFF36F8F00BF119BC7
:10ACF8000793139B0F9300BF139B0E9300BF079BF3
:10AD0800099318E0114B9B68DA7B013AD2B2DA73E7
:10AD1800099B0893104B0D93089B0C930C9B0B936A
:10AD28000B9B83F3118800BFBFF36F8F00BF00BF79
:10AD380000BF01230A930A9B002BE3D000BF00BF8A
:10AD480017B05DF804FB00BF9807002084120020AC
:10AD580058DF010008D80100A812002000B599B0FA
:10AD68000323032B21D901238DF85B309DF85B3039
:10AD780083F00103DBB2002B17D14E4B19684E4B01
:10AD88009B684D4A9268D27B059204934B4B039380
:10AD98004B4B0293082301930023009300230422C2
:10ADA80000200EF086FC00231793464B0D93EFF31B
:10ADB80011830C930C9B0B9320230A930A9B83F318
:10ADC800128800BFBFF36F8F00BF0B9B06930D9BCC
:10ADD800099300BF0D9B089300BF069B0793364B52
:10ADE8009B68DA7B0132D2B2DA7300231593364BB3
:10ADF80014930023139314980EF067FA1290129B81
:10AE0800002B01D0129B1393139B00BF1193119B2E
:10AE1800002B02D1284BDB6800E0119B1093109B9C
:10AE28000F93159B0E930E9B002B01D0012322E05C
:10AE3800214B9B6818460EF05AFB0346002B01D0A5
:10AE4800012318E01C4B9B6818460EF006FB0346CE
:10AE5800002B05D10F980EF00CFB0346002B01D0F8
:10AE6800012308E00F980EF054FB0346002B01D095
:10AE7800012300E00023002B0ED00F4B9B68109A93
:10AE88009A4202D0109800F0E3FC10980EF03CFCB7
:10AE9800094A109B536103E0074B9B68064A5361BC
:10AEA80000BF079907480EF05DFC00BF19B05DF8B8
:10AEB80004FB00BF980700208412002068DF01000F
:10AEC80028D80100A81200209C12002008B50248CA
:10AED8000EF038FD00BF08BD9812002000B59BB0E9
:10AEE800624B0893EFF311830793079B0693202384
:10AEF8000593059B83F3128800BFBFF36F8F00BFD4
:10AF0800069B0193089B049300BF089B039300BF13
:10AF1800019B0293564B0F93564B9B6819460F980B
:10AF28000EF0E4F90E90534B9B6818460EF029FA80
:10AF380026E00E9B0D934F4B9B680C930D9B0B9338
:10AF48000C9B93F90E300A930B9B93F90E300993DF
:10AF58000A9A099B9A4203D0099A0A9BD31A00E0DD
:10AF68000023002B07DD0D9B424A926811461846C4
:10AF78000EF0F2F90DE00E990F980EF0B7F90E9059
:10AF88000E9B002BD5D13B4B9B6819460F980EF0B2
:10AF9800CEF900BF01231793354B16930023159361
:10AFA80016980EF092F91490149B002B01D0149B64
:10AFB8001593159B00BF1393139B002B02D12D4BA8
:10AFC800DB6800E0139B1293129B1193179B10935D
:10AFD800109B002B01D0012322E0264B9B681846CA
:10AFE8000EF085FA0346002B01D0012318E0214B0F
:10AFF8009B6818460EF031FA0346002B05D11198CC
:10B008000EF037FA0346002B01D0012308E011980F
:10B018000EF07FFA0346002B01D0012300E0002345
:10B02800002B0ED0134B9B68129A9A4202D01298AA
:10B0380000F00EFC12980EF067FB0E4A129B53614B
:10B0480003E00C4B9B680B4A536100BF074B1993F5
:10B05800029B0093199B189300BF009B1846FEF7AC
:10B0680093FF00BF1BB05DF804FB00BFA8120020CF
:10B078009C1200208412002000B599B0CDE9060189
:10B088000323032B22D901238DF85F309DF85F300D
:10B0980083F00103DBB2002B18D1424B1868424BF6
:10B0A8009968DDE906231346059304913F4B039302
:10B0B8003F4B0293082301930023009300230422AB
:10B0C800014600200EF0F5FA00231693DDE9062369
:10B0D8004FF000004FF000018B4208BF824203D1BD
:10B0E8000EF076F9002358E0324B1093EFF31183FA
:10B0F8000F930F9B0E9320230D930D9B83F31288C0
:10B1080000BFBFF36F8F00BF0E9B0993109B0C937A
:10B1180000BF109B0B9300BF099B0A93224B9B68AF
:10B12800254A1360204B9B681846FFF75FFA1E4BB1
:10B138009968DDE906230846FEF710FF02460B462C
:10B1480013461593184B9B6818460EF06AFA194B6C
:10B1580012930A9B0893129B119300BF089B1846F1
:10B16800FEF712FF104B9B6818460EF069F903466C
:10B1780083F00103DBB2002B01D000230DE00EF0B9
:10B1880029FE0246159B9B1A1493149B1393139B39
:10B19800002B01DD139B00E00023184619B05DF871
:10B1A80004FB00BF980700208412002078DF01000C
:10B1B80048D80100A8120020B012002000B58FB0B6
:10B1C8000190214B0D93EFF311830C930C9B0B9380
:10B1D80020230A930A9B83F3128800BFBFF36F8F63
:10B1E80000BF0B9B02930D9B099300BF0D9B089317
:10B1F80000BF029B049301980EF005FA0346002B4A
:10B208000DD001980EF010F901980EF016FA019879
:10B21800FEF78EFF04990C480EF0A4FA10E0049B88
:10B228000393094B0793039B0693069B0593059B82
:10B2380083F3118800BFBFF36F8F00BF00BF00BF4B
:10B2480000BF0FB05DF804FBA8120020014B9B68FB
:10B25800184670478412002000B5C1B001900198CB
:10B268000EF0F7F903468DF8FF309F4B3E93EFF34E
:10B2780011833D933D9B3C9320233B933B9B83F35E
:10B28800128800BFBFF36F8F00BF3C9B02933E9BA9
:10B298003A9300BF3E9B399300BF029B0A930198E3
:10B2A8000EF0FBF80346002B10D00A9B03938E4B3D
:10B2B8003893039B3793379B3693369B83F31188D8
:10B2C80000BFBFF36F8F00BF00BFA7E1019B35939D
:10B2D8000A9B099301238DF8D330359B5833339358
:10B2E800359B329300BF35980EF013FA3190319B9D
:10B2F800002B2ED0359B1A7C9DF8D330002B01D023
:10B30800202300E040231343DAB2359B1A74EFF38D
:10B3180005833093309B002B14BF01230023DBB23D
:10B32800002B04D009993598FFF720F862E16F4B9C
:10B338009B68339918460EF046FA6B4B2F93099B7E
:10B3480004932F9B2E9300BF049B1846FEF71CFE08
:10B3580050E19DF8D330002B01D0082200E01022E4
:10B36800359B2D9313468DF8B33000238DF8B230FA
:10B378002D9B1A7C9DF8B3301340DBB2002B40F0B4
:10B38800C9802D9B1A7C9DF8B3301343DAB22D9BEC
:10B398001A742D980EF0FBF80346002B19D02D9B3C
:10B3A8002B932B980EF00BF92B980EF0A2F903466D
:10B3B800002B0DD02B9B2A932A9B29934C4A2A9B1E
:10B3C80028932792289B18460DF0ECFF00BF00BF7A
:10B3D80000BF9DF8B330082B21D12D9B9B68002B13
:10B3E80002D02D980EF03FF92D980EF01DF82D9BE8
:10B3F800583318460EF06BFB3C4B9B682D9A9A42CB
:10B408000DD1EFF305832693269B002B14BF012350
:10B418000023DBB2002B02D001238DF8B2300123C8
:10B428002593334B24930023239324980DF04DFF49
:10B438002290229B002B01D0229B2393239B00BFA9
:10B448002193219B002B02D1284BDB6800E0219B34
:10B458002093209B1F93259B1E931E9B002B01D09E
:10B46800012322E0214B9B6818460EF040F8034662
:10B47800002B01D0012318E01C4B9B6818460DF0E7
:10B48800ECFF0346002B05D11F980DF0F2FF034691
:10B49800002B01D0012308E01F980EF03AF803466C
:10B4A800002B01D0012300E00023002B0ED00F4B0E
:10B4B8009B68209A9A4202D0209800F0C9F92098F7
:10B4C8000EF022F9094A209B536103E0074B9B6861
:10B4D800064A536100BF9DF8B330102B0AD12D984E
:10B4E8000EF00DF916E000BFA8120020841200200B
:10B4F8009C1200202D9808F022FA2D9800F056FA98
:10B508009DF8B230002B02D04648FEF707FD2D9873
:10B518000EF0F5F8444B9B68359A9A4259D1EFF3EF
:10B5280005831D931D9B002B14BF01230023DBB251
:10B5380083F00103DBB2002B4BD035980EF089F86D
:10B548000346002B39D0099B0693384B1C93069B66
:10B558001B931B9B1A931A9B83F3118800BFBFF39D
:10B568006F8F00BF00BF00BF00231993199B18936A
:10B57800189B83F3118800BFBFF36F8F00BF00BF14
:10B588000423184602DF294B1793EFF31183169310
:10B59800169B159320231493149B83F3128800BFE2
:10B5A800BFF36F8F00BF159B0593179B139300BFC5
:10B5B800179B129300BF059B09931C4B1193099B82
:10B5C8000793119B109300BF079B1846FEF7DCFCFE
:10B5D80010E0099B0893154B0F93089B0E930E9B45
:10B5E8000D930D9B83F3118800BFBFF36F8F00BFCE
:10B5F80000BF00BF00BF9DF8FF30002B0ED0002316
:10B608000C930C9B0B930B9B83F3118800BFBFF328
:10B618006F8F00BF00BF0423184602DF41B05DF8FA
:10B6280004FB00BF700F002084120020A812002025
:10B6380000B595B0039002910192009300231293F4
:10B6480000230793454B1093EFF311830F930F9B40
:10B658000E9320230D930D9B83F3128800BFBFF335
:10B668006F8F00BF0E9B0493109B0C9300BF109B21
:10B678000B9300BF049B069368E0039B18460DF0EC
:10B6880024FE0346002B05D0039B18460DF01DFE33
:10B69800034600E000231393139B002B12D0039B57
:10B6A800139A114618460DF030FE0346002B07D0BA
:10B6B800039B139A114618460DF027FE034602E035
:10B6C800002300E00023119321E0029B00991398C6
:10B6D80098471290129B002B1DD1119B1393139B1B
:10B6E800002B12D0039B139A114618460DF00DFE3D
:10B6F8000346002B07D0039B139A114618460DF0FA
:10B7080004FE034602E0002300E000231193139B8C
:10B71800002BDAD100E000BF019B002B03D0019B76
:10B72800009912989847069B05930C4B0A93059B22
:10B738000993099B0893089B83F3118800BFBFF303
:10B748006F8F00BF00BF00BF01230793079B002B2B
:10B7580093D0129B184615B05DF804FBA812002080
:10B7680080B483B000AF78607B68054A93420CBF11
:10B7780001230023DBB218460C37BD4680BC704756
:10B78800B80E002080B485B000AF7860044B1B6809
:10B79800FB60FB6818461437BD4680BC704700BF85
:10B7A8009C07002080B582B000AF786078680EF002
:10B7B800C4F90346002B0BD17868FFF7D1FF034685
:10B7C800002B05D17868FFF7DDFF0346002B01D178
:10B7D800002319E078680EF0A0F90346002B12D078
:10B7E8007B6893F90E301A46094B1B6819461046B8
:10B7F8000EF0C8F9034683F00103DBB2002B02D038
:10B80800044B1B6800E0002318460837BD4680BD7E
:10B81800A81200209C07002080B485B000AF786093
:10B828007B68084A9B1ADB10074A02FB03F3FB609C
:10B83800064AFB68134401221A7000BF1437BD463C
:10B8480080BC704728100020ABAAAAAAAC1200201E
:10B85800B0B584B000AF7860164B1B7CFB6078688D
:10B86800FFF7A0FFB860FA6813465B001344DB00DB
:10B87800114A1344184600F067FA104AFB6813444B
:10B8880000221A70BB68002B10D0FA6813465B00C0
:10B898001344DB00084A9818BB68013BDA171C46BA
:10B8A800154622462B46064900F00AF900BF103714
:10B8B800BD46B0BD8412002028100020AC12002024
:10B8C80021B8000080B592B000AF344B3B64EFF371
:10B8D8001183FB63FB6BBB6320237B637B6B83F36D
:10B8E800128800BFBFF36F8F00BFBB6B7B603B6CE0
:10B8F8003B6300BF3B6CFB6200BF7B683B61284B2E
:10B908009B687B64274B1B687A6C9A4213D1786CCE
:10B91800FFF79EFF3B69BB60204BBB62BB687B6245
:10B928007B6A3B623B6A83F3118800BFBFF36F8F6A
:10B9380000BF00BF2EE01B4B00221A60184B1B7C77
:10B948001A46194B9B5C002B13D0786CFFF72AFF23
:10B958000346002B0DD0786C0EF0EFF8034683F009
:10B968000103DBB2002B01D0FEF73CFB786CFFF73C
:10B978006FFF3B69FB60094BFB61FB68BB61BB69FF
:10B988007B617B6983F3118800BFBFF36F8F00BFB2
:10B9980000BF00BF4837BD4680BD00BFA8120020C9
:10B9A80084120020B0120020AC12002080B491B0A4
:10B9B80000AF7860284BBB63EFF311837B637B6B2D
:10B9C8003B632023FB62FB6A83F3128800BFBFF34B
:10B9D8006F8F00BF3B6BFB60BB6BBB6200BFBB6B79
:10B9E8007B6200BFFB687B611C4B1B6A7A689A42CA
:10B9F80005D11A4B1B6A9B6F184A136215E0174B47
:10BA08001B6AFB6302E0FB6B9B6FFB63FB6B002B0A
:10BA180004D0FB6B9B6F7A689A42F4D1FB6B002BC6
:10BA280003D07B689A6FFB6B9A677B693B610A4B13
:10BA38003B623B69FB61FB69BB61BB6983F31188AE
:10BA480000BFBFF36F8F00BF00BF00BF00BF443708
:10BA5800BD4680BC704700BFB4120020841200208D
:10BA680080B582B000AF04480EF0CAF878607B68F1
:10BA780018460837BD4680BDA007002080B584B0B1
:10BA880000AF78607B68194604480EF0DEF8F8606D
:10BA9800FB6818461037BD4680BD00BFA0070020D0
:10BAA80080B500AF054B1B68002B03D1FBF70EF8E0
:10BAB800034600E00023184680BD00BFB4120020F2
:10BAC8002DE9B04FACB000AF78643964C7E90E23F4
:10BAD8004FF000024FF00003C7E92A23D7E90E010F
:10BAE8004FF0FF344FF0FF3522462B46994208BFEE
:10BAF800904204D14FF000024FF0000315E17A6C38
:10BB08003B6C93600023BB658B4BFB67EFF31183A2
:10BB1800BB67BB6F7B6720233B673B6F83F3128850
:10BB280000BFBFF36F8F00BF7B6FFB64FB6FFB66CB
:10BB380000BFFB6FBB6600BFFB6C7B65EFE00023BB
:10BB480087F89F30D7E90E23002B32DBFFF7A8FFD9
:10BB5800C7F8A000012387F89F30D7E90E2312F118
:10BB6800010843F10009D7F8A030DA173B637A637C
:10BB7800D7E90C341A4618EB0202BA62234649EB9D
:10BB88000303FB627B6CD7E90A12C3E904127B6CDE
:10BB9800D3E9042310461946684BD3E900238418D7
:10BBA8003C6241EB03037B62D7E90834C7E92A34D6
:10BBB80037E0D7E90E2310461946604BD3E9002336
:10BBC80010EB020A41EB030B6FF001024FF0FF3359
:10BBD800B2EB0A02BA6163EB0B03FB61D7E90634E7
:10BBE800C7E924340123C7F88C30D7E92423C7E9EF
:10BBF8002023D7F88C30DA173B617A61D7E9202304
:10BC0800D7E9044521468A42294673EB010101DA46
:10BC180022462B46796CC1E90423D7E90E23C7E9EC
:10BC28002A23FFF71DFFC7F8A4003AE0D7F8A4308D
:10BC3800D3E904017B6CD3E9042382428B4119DAEE
:10BC4800D7F8A430D3E904017B6CD3E90423841A20
:10BC5800BC6061EB0303FB60D7F8A430D7E902129C
:10BC6800C3E90412D7F8A4207B6C194610460EF0DD
:10BC780018F81AE07B6CD3E90401D7F8A430D3E9AB
:10BC88000423841A3C6061EB03037B607B6CD7E977
:10BC98000012C3E90412D7F8A400FFF7EFFEC7F8B3
:10BCA800A400D7F8A430002BC0D1D7F8A430002BBB
:10BCB80004D17B6C194622480DF0DAFFFFF7D0FE5D
:10BCC80002467B6C934217D11E4B1B68002B13D185
:10BCD80097F89F3083F00103DBB2002B03D0FFF706
:10BCE800DFFEC7F8A000D7F8A0000EF02AF8034638
:10BCF80000211846FAF768FF7B6D3B650E4B7B66A3
:10BD08003B6D3B663B6EFB65FB6D83F3118800BFA3
:10BD1800BFF36F8F00BF00BF00BF0123BB65BB6DC2
:10BD2800002B3FF40CAFD7E92A2310461946B03749
:10BD3800BD46BDE8B08F00BFB412002040100020FF
:10BD4800A0070020B412002080B592B000AF786040
:10BD58006FF015037B640023BB61394BFB63EFF382
:10BD68001183BB63BB6B7B6320233B633B6B83F318
:10BD7800128800BFBFF36F8F00BF7B6BFB60FB6B4C
:10BD8800FB6200BFFB6BBB6200BFFB687B614EE0E0
:10BD98007B6818460DF013FF0346002B25D0FFF7EC
:10BDA8005FFE02467B6893420CBF0123002387F89D
:10BDB800433078680DF0A5FF79684FF000024FF026
:10BDC8000043C1E9042300237B6497F84330002B28
:10BDD8001AD0FFF765FE034618460DF0B2FF03467A
:10BDE80000211846FAF7F0FE0EE07B68D3E9042339
:10BDF800B3F1004F08BF012A06D179684FF000025D
:10BE08004FF00043C1E904237B693B610C4B7B6223
:10BE18003B693B623B6AFB61FB6983F3118800BFA6
:10BE2800BFF36F8F00BF00BF00BF0123BB61BB69B9
:10BE3800002BADD07B6C18464837BD4680BD00BF8F
:10BE4800B41200202DE9B04F9CB000AF786239627F
:10BE5800604A7B6A1360FFF703FEF8665FE0FB6EDB
:10BE6800D3E904231346BB66BB6EDA179A4693469A
:10BE7800594BD3E900231AEB0201B9614BEB0303D9
:10BE8800FB61554BD7E90612C3E90012F96E4FF072
:10BE980000024FF00003C1E90423F86E0DF031FFF2
:10BEA800F96E4FF001024FF00043C1E904233B6AE9
:10BEB8003B634A4BFB643B6BBB64BB6C7B647B6C36
:10BEC80083F3118800BFBFF36F8F00BF00BF00BFAF
:10BED800FB6E9B68F86E9847404B7B66EFF31183C7
:10BEE8003B663B6EFB652023BB65BB6D83F3128805
:10BEF80000BFBFF36F8F00BFFB6DFB627B6E7B657E
:10BF080000BF7B6E3B6500BFFB6A3B62314B1A6822
:10BF1800BB6ED21A2F4B1A60FFF7A2FDF866FB6EB4
:10BF2800002B0DD0FB6ED3E904012A4B1B68DA17EE
:10BF38003B617A61D7E90423944684458B418EDAC4
:10BF4800FB6E002B12D0FB6ED3E90423214909684C
:10BF5800C81788468146B2EB0801B96063EB09034C
:10BF6800FB60FB6ED7E90212C3E90412194B1B6888
:10BF7800DA171C461546184BD3E90023A118396077
:10BF880045EB03037B60144BD7E90012C3E90012A9
:10BF9800104B00221A6000200DF0D3FE034600214A
:10BFA8001846FAF711FE3B6A7B630C4B3B647B6BCC
:10BFB800FB63FB6BBB63BB6B83F3118800BFBFF3F1
:10BFC8006F8F00BF00BF00BFFFF77CFC7037BD4616
:10BFD800BDE8B08FB412002040100020B412002039
:10BFE8002DE9B04390B000AF4FF000024FF00003CE
:10BFF800C7E90E2300233B61234B7B63EFF31183D7
:10C008003B633B6BFB622023BB62BB6A83F31288F2
:10C0180000BFBFF36F8F00BFFB6A7B607B6B7B62E7
:10C0280000BF7B6B3B6200BF7B68FB6021E0FFF7D2
:10C0380037FD0346DA171C461546144BD3E900238F
:10C0480014EB020845EB0309C7E90E89FB68BB60DE
:10C058000D4BFB61BB68BB61BB697B617B6983F38B
:10C06800118800BFBFF36F8F00BF00BF00BF01235F
:10C078003B613B69002BDAD0D7E90E2310461946FD
:10C088004037BD46BDE8B083B41200204010002000
:10C098002DE9B04FB8B000AF78637B6BC7F8DC30E0
:10C0A800BD4BC7F8C030EFF31183C7F8BC30D7F8E1
:10C0B800BC30C7F8B8302023C7F8B430D7F8B4304C
:10C0C80083F3128800BFBFF36F8F00BFD7F8B83073
:10C0D800BB64D7F8C030C7F8B03000BFD7F8C0305D
:10C0E800C7F8AC3000BFBB6CBB65786B0DF0E3FEE6
:10C0F8000346002B16D0BB6DFB64A74BC7F8A830CE
:10C10800FB6CC7F8A430D7F8A430C7F8A030D7F82C
:10C11800A03083F3118800BFBFF36F8F00BF00BF4B
:10C1280000BF34E1D7F8DC30D3E90A014FF0000250
:10C138004FF00003994208BF904200F09880D7F86A
:10C14800DC30D3E90A014FF0FF324FF0FF33994258
:10C1580008BF904200F08B80D7F8DC30D3E90A237F
:10C16800C7E91023D7E91023511E396043F1FF3383
:10C178007B60D7E90023C7E934230023C7F8CC3014
:10C18800D7F8CC30DA17BB62FA62D7E93423D7E99B
:10C198000A0184466245C7E90A01F96A73EB01019D
:10C1A80001DAD7E90A23C7E910230DF06FFE02462A
:10C1B8000B4612F1010843F10009D7E9102318EBE7
:10C1C800020449EB0305012C75F1000342DB0DF075
:10C1D8005DFE02460B46511C396243F100037B6247
:10C1E800D7E91023D7E9084521468918B9612946B6
:10C1F80043EB0101F961D7E906341A4612F1020F3F
:10C20800234653F1004320DA0DF040FE02460B4668
:10C21800511C396143F100037B61D7E91023D7E949
:10C22800044521468918B960294643EB0101F960A4
:10C238006FF001024FF0FF33D7E902010446B2EB79
:10C24800040A0A4663EB020B08E04FF0000A4FF0BD
:10C25800004B03E06FF0010A4FF0FF3BC7E910AB5A
:10C26800D7F8DC00D7E910234C49FFF729FCD7F8A9
:10C27800DC301B6B5A1CD7F8DC301A63D7F8DC307B
:10C288001B6A002B42D0D7F8DC301B6AC7F8C830CD
:10C29800BB6DFB63404BC7F88430FB6BC7F880303D
:10C2A800D7F88030FB67FB6F83F3118800BFBFF3BB
:10C2B8006F8F00BF00BF00BFD7F8C830D7F8DC00C9
:10C2C8009847354BC7F89C30EFF31183C7F898307F
:10C2D800D7F89830C7F894302023C7F89030D7F8AB
:10C2E800903083F3128800BFBFF36F8F00BFD7F879
:10C2F8009430BB63D7F89C30C7F88C3000BFD7F8B0
:10C308009C30C7F8883000BFBB6BBB65D7F8DC3002
:10C31800183318460DF0EFFDC7F8C400D7F8C4303D
:10C32800002B11D1BB6D3B651B4BBB673B6D7B671E
:10C338007B6F3B673B6F83F3118800BFBFF36F8F41
:10C3480000BF00BF00BF22E0D7F8C400FEF7DCF949
:10C35800D7F8C4303B660023FB653B6EFA6DC3F823
:10C36800B42000BFBB6D7B650B4BFB667B6DBB666A
:10C37800BB6E7B667B6E83F3118800BFBFF36F8F44
:10C3880000BF00BF00BFD7F8C400FDF7A9FFE03722
:10C39800BD46BDE8B08F00BFB812002099C00000AC
:10C3A8002DE9B04398B000AFF860C7E900233E4BD1
:10C3B800FB64EFF31183BB64BB6C7B6420233B6499
:10C3C8003B6C83F3128800BFBFF36F8F00BF7B6C99
:10C3D8007B61FB6CFB6300BFFB6CBB6300BF7B69CD
:10C3E800FB61D7E900234FF0FF304FF0FF318B425C
:10C3F80008BF824211D1FB693B612B4B7B633B69D0
:10C408003B633B6BFB62FB6A83F3118800BFBFF39E
:10C418006F8F00BF00BF00BF42E0D7E90023002BA9
:10C428001BDB0123FB65D7E90023C7E91423FB6D58
:10C43800DA171C461546D7E91423A24273EB050107
:10C4480001DA22462B46C7E90023D7E9002312F177
:10C45800FF3843F1FF39C7E90089FB681846FFF741
:10C4680073FCF968D7E91E23C1E90A23FB68002297
:10C478001A63F868D7E900230C49FFF721FBFB6929
:10C48800BB61094BBB62BB697B627B6A3B623B6AEF
:10C4980083F3118800BFBFF36F8F00BF00BF00BFD9
:10C4A8006037BD46BDE8B083B812002099C00000CF
:10C4B80080B5A0B000AF7860484B7B67EFF311837D
:10C4C8003B673B6FFB662023BB66BB6E83F312881A
:10C4D80000BFBFF36F8F00BFFB6EFB607B6F7B6697
:10C4E80000BF7B6F3B6600BFFB683B627B681846FA
:10C4F800FFF72AFC0346002B14BF0123002387F80B
:10C508007F3097F87F30002B10D03B6A3B61334B6C
:10C51800FB653B69BB65BB6D7B657B6D83F31188F0
:10C5280000BFBFF36F8F00BF00BF54E07B685B6A3A
:10C53800002B2ED03B6ABB61284BBB63BB697B6376
:10C548007B6B3B633B6B83F3118800BFBFF36F8F3B
:10C5580000BF00BF00BF7B685B6A786898471F4BC5
:10C568003B65EFF31183FB64FB6CBB6420237B64A6
:10C578007B6C83F3128800BFBFF36F8F00BFBB6C67
:10C588007B613B6D3B6400BF3B6DFB6300BF7B6918
:10C598003B627B6818331846FEF780F9B867BB6FB3
:10C5A800002B07D0B86FFDF79BFE396A0B480DF0DA
:10C5B800BDF910E03B6AFB61084BFB62FB69BB629B
:10C5C800BB6A7B627B6A83F3118800BFBFF36F8FFE
:10C5D80000BF00BF00BF8037BD4680BDB812002035
:10C5E80080B582B000AF12480DF05BFD114B5B784F
:10C5F800022B0CBF01230023DBB2FB710C480DF0AA
:10C6080062FD0D480DF04DFDFB79002B05D0094B5F
:10C618001B78072B01D1012300E00023FB7106489A
:10C628000DF051FDFB7918460837BD4680BD00BFA7
:10C63800C0070020B8120020A807002080B500AF6E
:10C6480026480DF02EFD264B1B7803F00403002B23
:10C6580006D0234B1B7823F00403DAB2204B1A7060
:10C668001F4B1B7803F00203002B08D000F058F989
:10C678001B4B1B7823F00203DAB2194B1A701748C8
:10C688000DF021FD17480DF00CFD154B5B78002BC4
:10C6980002D015480DF0DFFC114B00225A7004211E
:10C6A800114800F06FF90F480DF00DFD0B480DF023
:10C6B800F8FC0B4B1B7803F00103002B08D00DF09E
:10C6C800BAFC074B1B7823F00103DAB2044B1A704B
:10C6D80002480DF0F8FC00BF80BD00BFA80700208D
:10C6E800B8120020C0070020BC12002080B582B01C
:10C6F80000AF00237B600023FB70FFF771FF034648
:10C70800002B01D00023DEE071480DF0CAFC03467F
:10C71800002B07D07B68002B40F0CF806FF08F0391
:10C728007B60CAE06B4B1B7803F00203002B09D136
:10C7380000F0E8F87860674B1B7843F00203DAB240
:10C74800644B1A7062480DF0BEFC0346002B07D0FC
:10C758007B68002B40F0B1806FF08F037B60ACE00A
:10C768007B68002B40F0A28059480DF09AFC0346E4
:10C77800002B07D07B68002B40F09F806FF08F0361
:10C788007B609AE0534B1B7803F00103002B09D11F
:10C798000DF03EFC78604F4B1B7843F00103DAB292
:10C7A8004C4B1A704A480DF08EFC0346002B07D0FC
:10C7B8007B68002B40F081806FF08F037B607CE00A
:10C7C8007B68002B74D142480DF06BFC0346002BAC
:10C7D80006D07B68002B70D16FF08F037B606CE014
:10C7E8003C4B1B7803F00103FB7039480DF06BFCE0
:10C7F8000346002B06D07B68002B5ED16FF08F03B9
:10C808007B605AE034480DF04CFC0346002B06D000
:10C818007B68002B51D16FF08F037B604DE02D4B6F
:10C828005B78002B09D1FB78002B06D02B480DF044
:10C8380008FC7860274B02225A7027480DF043FC09
:10C848000346002B06D07B68002B36D16FF08F0390
:10C858007B6032E07B68002B2CD11D480DF021FC59
:10C868000346002B06D07B68002B26D16FF08F0380
:10C878007B6022E0174B1B7803F00403002B08D1E0
:10C88800144B1B7843F00403DAB2124B1A700023DE
:10C898007B600F480DF017FC0346002B0CD07B681B
:10C8A800002B0AD16FF08F037B6006E000BF04E025
:10C8B80000BF02E000BF00E000BF7B68002B01D092
:10C8C800FFF7BCFE7B6818460837BD4680BD00BF31
:10C8D800A8070020B8120020C0070020BC120020C2
:10C8E80080B483B000AF786039603B682C2202FBCB
:10C8F80003F3034A134418460C37BD4680BC7047FF
:10C90800C012002080B400AF044B012283F8C0227B
:10C9180000231846BD4680BC704700BFC0120020E7
:10C9280080B584B000AF0023FB601DE00023BB602E
:10C9380010E0B968F868FFF7D3FF78607B680122D8
:10C948001A627B6803221A7778680DF01FFBBB68B0
:10C958000133BB60F8680DF051FB0246BB68934297
:10C96800E7D3FB680133FB60FB68002BDED0044B88
:10C97800002283F8C02200BF1037BD4680BD00BF2B
:10C98800C0120020B0B584B000AF786039603B6851
:10C99800002B15D00C4B1B683A6800217868984723
:10C9A8003B681A46013AFA6000221C4615464FF0C9
:10C9B80000024FF00003EB0043EA5473E2007B6887
:10C9C80000BF1037BD46B0BD88DF010080B483B01A
:10C9D80000AF0346FB80B7F90630002B0CDBFB8861
:10C9E80003F01F020749B7F906305B09012000FA76
:10C9F80002F2603341F8232000BF0C37BD4680BCEB
:10CA0800704700BF00E100E080B586B004AF1D4B61
:10CA18001B6818460EF00EFB1B4B1B685A1C1A4964
:10CA28000A60002B24D1072118480DF0A5FB5920D6
:10CA380006F02BFF0323032B18D90123FB71FB7985
:10CA480083F00103DBB2002B10D1114B1968114B95
:10CA58000393114B029308230193002300930023AF
:10CA6800042200200DF047FB00233B600DF0F3FD8E
:10CA7800044B1B6818460EF0EFFA00BF0837BD4696
:10CA880080BD00BFD8070020841500200090055005
:10CA9800DC0700208CDF0100A4D8010080B582B03B
:10CAA80000AF00237B60592006F0FCFE7B6843F052
:10CAB80001037B607B6843F002037B607B6843F083
:10CAC80004037B60796803480DF048FB00BF083712
:10CAD800BD4680BD0090055080B588B004AF2C4B92
:10CAE8001B6818460EF0A6FA2A4B1B68013B294A18
:10CAF8001360284B1B68002B41D1FFF7CFFF0023A1
:10CB0800FB60FB6843F00103FB60FB6843F0020332
:10CB1800FB60FB6843F00403FB60F9681E480DF0F6
:10CB28003DFB4FF480711C480DF003FB4FF48271FC
:10CB380019480DF0FEFA4FF4847117480DF0F9FA10
:10CB48005920FFF743FF0323032B18D90123FB7256
:10CB5800FB7A83F00103DBB2002B10D10F4B19686D
:10CB68000F4B03930F4B0293082301930023009369
:10CB78000023042200200DF0BEFA00237B60044B42
:10CB88001B6818460EF068FA00BF1037BD4680BD16
:10CB9800D80700208415002000900550DC070020ED
:10CBA8009CDF0100BCD8010080B582B000AF002333
:10CBB8007B6000233B60174B1B68174A934201D1E7
:10CBC800002322E0FFF720FF00F0C4FD00F052FE32
:10CBD80038603B68002B04D0386800F01FF8786094
:10CBE8000AE000F04FFA78607B68002B03D10DF063
:10CBF80043FC786000E000BFFFF76EFF7B68002B06
:10CC080002D1044B044A1A607B6818460837BD46AF
:10CC180080BD00BFE00700201173650080B58AB0B1
:10CC280006AF78607B68002B1DD00323032B1AD92D
:10CC38000123FB73FB7B83F00103DBB2002B12D1D2
:10CC4800984B19687B680493974B0393974B02930F
:10CC580008230193002300930023042200200DF0F1
:10CC6800B0FA0023BB607B680A2B00F3E9807B687D
:10CC780013F1550F1CDA0EE17B68643B092B00F2B7
:10CC88000A8101A252F823F081CE00009FCE000055
:10CC98009FCE000059CE000087CE000099CE00003C
:10CCA80093CE00009FCE00009FCE00008DCE0000E6
:10CCB8007B6855335F2B00F2EE8001A252F823F017
:10CCC80093CE00009FCE00009FCE00009FCE0000B4
:10CCD8009FCE00009FCE00009FCE00009FCE000098
:10CCE8009FCE00009FCE00009FCE00009FCE000088
:10CCF80063CE00009FCE00009FCE00009FCE0000B4
:10CD08009FCE00009FCE00009FCE00009FCE000067
:10CD180069CE000063CE00009FCE00009FCE0000C9
:10CD28009FCE00009FCE00009FCE00009FCE000047
:10CD38009FCE00009FCE00009FCE00009FCE000037
:10CD48009FCE00009FCE00009FCE00009FCE000027
:10CD58009FCE00009FCE00009FCE00009FCE000017
:10CD68009FCE00009FCE00009FCE00009FCE000007
:10CD78009FCE00009FCE00009FCE00009FCE0000F7
:10CD88009FCE00009FCE00009FCE00009FCE0000E7
:10CD980075CE00006FCE00009FCE00009FCE000031
:10CDA8009FCE00009FCE00009FCE00009FCE0000C7
:10CDB8009FCE00009FCE00009FCE00009FCE0000B7
:10CDC8009FCE00009FCE00009FCE00009FCE0000A7
:10CDD8009FCE00007BCE00009FCE00009FCE0000BB
:10CDE8009FCE00009FCE00009FCE00009FCE000087
:10CDF8009FCE00009FCE00009FCE00009FCE000077
:10CE08009FCE00009FCE00005DCE00006FCE0000D8
:10CE18009FCE000059CE00009FCE00009FCE00009C
:10CE28009FCE00009FCE00009FCE00009FCE000046
:10CE38007BCE00009FCE00009FCE00007BCE00007E
:10CE48007B686D2B27DC7B68642BBFF615AF22E06F
:10CE5800002322E06FF085031FE06FF084031CE0DD
:10CE68006FF0890319E06FF0920316E06FF0880302
:10CE780013E06FF0940310E06FF098030DE06FF08B
:10CE880085030AE06FF08C0307E06FF0930304E07A
:10CE98006FF0860301E06FF0860318461037BD4631
:10CEA80080BD00BFE4070020ACDF0100D4D801003A
:10CEB80080B400AF0D4B0022C3F810210B4B0022A9
:10CEC800C3F80C21094B0022C3F80021074B0022AC
:10CED800C3F80421054B0022C3F80821034B0022A4
:10CEE800C3F8182100BFBD4680BC704700900450AD
:10CEF80080B584B000AF786039604FF0FF33FB60D5
:10CF0800FFF7D6FF7B6801221A6000BF3B681B68E9
:10CF1800002B09D1134BD3F80C31002B04D1114B42
:10CF2800D3F80831002BF1D03B681B68002B02D0E6
:10CF38000023FB600FE03B680B4A934208D0094B83
:10CF4800D3F80831002B03D06FF00203FB6002E036
:10CF58004FF0FF33FB60FFF7ABFFFB681846103755
:10CF6800BD4680BD009004500891045080B584B03F
:10CF780000AF786039603B68002B02D16FF0010385
:10CF880017E00123FB6000210120FBF765FD0B4A38
:10CF98007B68C2F80035094A3B68C2F8043508497D
:10CFA8000648FFF7A5FFF86000210020FBF754FDB5
:10CFB800FB6818461037BD4680BD00BF009004507E
:10CFC8000091045080B582B000AF7860064A7B6853
:10CFD800C2F8003505490648FFF78AFF0346184698
:10CFE8000837BD4680BD00BF00900450049104502E
:10CFF8000490045080B584B000AF7860002101200F
:10D00800FBF72AFD084A7B68C2F80035074908483B
:10D01800FFF76EFFF86000210020FBF71DFDFB689D
:10D0280018461037BD4680BD009004500891045042
:10D038000890045080B584B000AF786039603B68D0
:10D04800002B02D16FF0010311E00B4A7B68C2F894
:10D0580000350A490A48FFF74BFFF860FB68002BC8
:10D0680004D1054BD3F808253B681A60FB681846BD
:10D078001037BD4680BD00BF009004501091045089
:10D088000C90045080B592B000AF3B4600221A6065
:10D098005A609A60DA601A615A619A61F8200DF054
:10D0A800F6F80346002B05D1F9200DF0F0F80346F9
:10D0B800002B01D0012300E0002387F8473097F8C0
:10D0C800473003F0010387F8473097F8473083F07B
:10D0D8000103DBB2002B01D0002348E007F11C0359
:10D0E80020221946002000F0FBFD38643B6C002B21
:10D0F80001D03B6C3BE03B464FF4807118460DF085
:10D108004CF93B461C4918460DF062F93B464FF472
:10D11800105118460DF074F93B464FF480711846CB
:10D128000DF087F93B46154918460DF0F6F81449F5
:10D1380000200DF0C1F802463B46114618460DF096
:10D14800C6F83B4618460DF0DDF80346DBB2FB6334
:10D1580007F11C0238462023F96B00F095F9386472
:10D1680007F11C03202118460EF036F83B6C1846D0
:10D178004837BD4680BD00BF0010C004014B4E803B
:10D18800F800FF7F90B587B000AF7860396004225F
:10D198000021386800F02EFF3A68137823F00F0357
:10D1A800137078680DF0AEF803461B0B03F0030309
:10D1B800D9B23A68137861F3051313703B681B788A
:10D1C800C3F30113DBB2032B02D96FF0860343E1EB
:10D1D80000BF3B681B7803F03003DBB2002B15D18E
:10D1E80078680DF0EAF8034603F00103002B02D03B
:10D1F8006FF0860330E178680DF0DFF8034603F03E
:10D208000203002B02D06FF0860325E13B681B78F0
:10D2180003F03003DBB2102B0DD13A68538802219A
:10D2280061F3C81353803A689378052161F30613B4
:10D238009370002310E178680DF0D7F8F860FB6868
:10D2480003F0FE43B3F1A06F29D1FB6823F47E13EA
:10D25800834A934221D0FB6823F47E13814A934288
:10D2680019D0FB6823F47E13B3F1052F11D0FB68A6
:10D2780023F47E137C4A934209D0FB6823F47E137F
:10D288007A4A934201D17A4B08E0002306E0794BB1
:10D2980004E0794B02E0794B00E0794BFB60786859
:10D2A8000DF030F80346DBB2BB60BB68F82B02D048
:10D2B8006FF08503D0E000237B6100233B6129E008
:10D2C80078680DF07AF802466E493B6951F82330C8
:10D2D8001340002B1BD03B68DB78C3F34603DBB25B
:10D2E8005AB201213B6901FA03F35BB213435BB203
:10D2F80003F07F03D9B23A68D37861F34703D37058
:10D30800604A3B6952F823307A6913437B613B6971
:10D3180001333B613B69062BD2D97B69DC437868D2
:10D328000DF04BF803462340002B02D06FF0850325
:10D3380092E078680DF095F80346B3F5C07F2DD0DC
:10D34800B3F5C07F31D8B3F5807F20D0B3F5807FA7
:10D358002BD8FF2B14D0FF2B27D8802B02D0C02B23
:10D3680007D022E03A689378012161F3061393709D
:10D378001EE03A689378022161F30613937017E070
:10D388003A689378032161F30613937010E03A68C2
:10D398009378042161F30613937009E03A6893784F
:10D3A800062161F30613937002E06FF0850353E0E2
:10D3B80078680CF0A7FF03461B0B03F00303D9B2F0
:10D3C8003A68137861F3051313703B681B7803F010
:10D3D8003003DBB2002B15D178680CF0EEFF034662
:10D3E80003F00103002B02D06FF0860334E0786865
:10D3F8000CF0E3FF034603F00203002B02D06FF0AA
:10D40800860329E078680CF09CFF0346DBB2FF2B0B
:10D418000AD0FF2B1CDC032B06D0032B18DC012BB6
:10D4280009D0022B0ED013E03A685388022161F329
:10D43800C81353800FE03A685388012161F3C81379
:10D44800538008E03A68538843F4C073538002E07D
:10D458006FF0860300E0002318461C37BD4690BDD8
:10D468000001400500024005000600050007000510
:10D4780000071005000610050005100500025005FC
:10D4880000015005C8DF010080B592B000AFF86018
:10D49800B9607A603B600DF023F838643B6C002B70
:10D4A80001D03B6CDFE007F12C031946F868FFF761
:10D4B80069FE38643B6C002B01D03B6CD3E097F8D5
:10D4C8002C30C3F30113DBB2032B1ED0032B42DC39
:10D4D800002B02D0012B36D03DE0F8680CF09EFFFF
:10D4E8000346B3F5105F02D06FF08503BBE0604BD5
:10D4F8007B643B68102B31D03B68182B2ED03B68DF
:10D50800202B2BD06FF08603ADE05A4B7B643B6831
:10D51800412B02D03B68612B06D17B6801337B60CD
:10D528003B68013B3B601BE03B68102B18D03B6815
:10D53800182B15D03B68202B12D03B68302B0FD00E
:10D548006FF086038FE04C4B7B643B68302B09D02F
:10D558006FF0860387E06FF0860384E000BF02E087
:10D5680000BF00E000BF3B680F331B097B6300234B
:10D57800FB6311E0BA68FB6B134418460CF087FE96
:10D58800034683F00103DBB2002B02D06FF08A035D
:10D5980069E0FB6B0133FB63FA6B7B6B9A42E9D35F
:10D5A8007B6B012B0AD9BB68796B18460CF0DCFF42
:10D5B80038643B6C002B01D03B6C54E007F110033E
:10D5C80000221A605A609A60DA601A615A619A6198
:10D5D8000023BB6339E0BB6B1A017B6C13447B628D
:10D5E800BB6B002B02D1FB6ABB6202E04FF0FF333A
:10D5F800BB62FB8DC3F3C113DBB23B62BB6B1B0188
:10D608007A68D11807F1100310221846F2F758FF6C
:10D61800BA68BB6B13441A4607F110031946104643
:10D62800FFF7A4FC38633B6B002B05D06FF0920327
:10D638003B640CF055FF0CE007F110031C21184661
:10D648000DF0CAFDBB6B0133BB63BA6B7B6B9A42AF
:10D65800C1D37B6B012B05D93B6C002B02D10CF09D
:10D66800ABFF38643B6C18464837BD4680BD00BFE9
:10D6780000FF0720000000201094055080B500AF7F
:10D6880000211C200DF077F94FF0FF3130200DF00C
:10D6980072F934211C200DF06EF9012102480DF0B9
:10D6A80080F900BF80BD00BF0090055080B582B0F2
:10D6B80000AF78600B46FB70FFF7A6F9084B1B68B4
:10D6C80018460DF0B7FC7B68002B02D07B6801225E
:10D6D8001A70FFF7D3FF002318460837BD4680BDF0
:10D6E800E807002080B582B000AF78607B68002B27
:10D6F80003D07B681B78002B0CD0FFF7EDF9074BA4
:10D708001B6818460DF0A8FC7B68002B02D07B68CC
:10D7180000221A7000BF0837BD4680BDE807002008
:10D7280080B500AF0DF04BF90346002B01D0002364
:10D738000CE0074B1B78002B14BF01230023DBB23E
:10D7480083F00103DBB203F00103DBB2184680BDAE
:10D758003B16002080B500AF084B1B6818460DF03B
:10D76800C5FC074B1B6818460DF0C0FC00220021C1
:10D77800592006F0A4F800BF80BD00BFEC070020C8
:10D78800F007002080B584B000AF78604FF4807156
:10D798001B480DF04EF90346002B14D028200DF03D
:10D7A80083F9F8604FF0FF3130200DF067F94FF43E
:10D7B800807113480DF028F9124B1B68F968184658
:10D7C8000DF0C2FC18E04FF484710D480DF031F9EA
:10D7D8000346002B10D000F0BFF8034618460DF0A2
:10D7E800D2F94FF4847106480DF00EF9064B1B6808
:10D7F800012118460DF0A8FC00BF1037BD4680BDBA
:10D8080000900550EC070020F007002080B500AF1D
:10D81800FFF786FF0346002B01D0002305E0044BE9
:10D828001B6818460DF056F90346184680BD00BF20
:10D83800EC07002080B582B000AF00237B600B4B63
:10D84800DB6C002B01D00A4B0CE0182107480DF0C7
:10D85800ECF97860064978680DF051FA034B01221B
:10D86800DA64034B18460837BD4680BD881500208A
:10D87800D415002080B582B000AF174B3B603B68E1
:10D88800164A1A603B68164A5A603B683A681A6139
:10D89800FFF7D0FF0346002B01D10E2317E04FF40A
:10D8A80000737B603B681B6DB3F5007F02DD4FF4AE
:10D8B80080637B603B687A689A60074800F012F8DA
:10D8C800054800F077F8044800F050F8002318469F
:10D8D8000837BD4680BD00BF8815002000200150D4
:10D8E8000080015080B582B000AF7860174B1B688C
:10D8F80018460DF09FFB7B68154A12681A60144B96
:10D908005A687B685A60124B9A687B689A607B6891
:10D918000F4A1A617B681B690E4A12689A667B680F
:10D9280000229A64FFF770F800BF78680DF0F4F8E9
:10D938000346002BF9D178680DF003F90346002B54
:10D94800F3D100BF00BF0837BD4680BDF4070020F3
:10D958008815002010E0010080B400AF024B184683
:10D96800BD4680BC704700BF8815002080B582B0D6
:10D9780000AF7860786800F01DF804210A480DF0BF
:10D98800BDF8FFF7A9F87B681B69084A12689A6610
:10D998007B6800225A64064B1B6818460DF05CFB36
:10D9A80000BF0837BD4680BD0090055010E001005B
:10D9B800F407002080B582B000AF7860084B1B6880
:10D9C800194678680DF044F978680DF086F978689A
:10D9D8000DF0FAF8034618460837BD4680BD00BF6B
:10D9E800F8DF010080B483B000AF78607A68434BF9
:10D9F80013407B607B68B3F5803F76D07B68B3F5D6
:10DA0800803F74DC7B68B3F5004F6CD07B68B3F55E
:10DA1800004F6CDC7B68B3F5804F62D07B68B3F550
:10DA2800804F64DC7B68B3F5005F58D07B68B3F542
:10DA3800005F5CDC7B68B3F5805F4ED07B68B3F534
:10DA4800805F54DC7B68B3F5006F44D07B68B3F526
:10DA5800006F4CDC7B68B3F5806F3AD07B68B3F518
:10DA6800806F44DC7B68B3F5007F30D07B68B3F50A
:10DA7800007F3CDC7B68B3F5807F26D07B68B3F5FC
:10DA8800807F34DC7B68802B1DD07B68802B2EDC6C
:10DA98007B68402B15D07B68402B28DC7B68202BCB
:10DAA8000DD07B68202B22DC7B68002B03D07B68A1
:10DAB800102B02D01BE000231AE00C2318E00923E6
:10DAC80016E00A2314E00B2312E0082310E00723D2
:10DAD8000EE011230CE006230AE0052308E00423E6
:10DAE80006E0142304E00F2302E0032300E00223EE
:10DAF80018460C37BD4680BC704700BFF0FF0100D8
:10DB0800F0B599B002AF786007F15803503B1F3366
:10DB18005B095E0100237B6500210020FFF7C6FD3D
:10DB280038653B6D002B2CD0386DFFF777F803462E
:10DB38004AE00122102126480CF085FB7B6D334416
:10DB48001022019200931023214A2021214800F03D
:10DB580095F938653B6D002B07D00020FFF7C2FD13
:10DB6800386DFFF75BF803462EE07B6D10337B655D
:10DB7800184BD3E90C23541C43F10005154BC3E99A
:10DB88000C457B6D2F2BD4D90020FFF7ABFD7B68AC
:10DB9800002B04D03022796830460CF030FB0D4B56
:10DBA8001C4635460FCD0FC495E80F0084E80F00DA
:10DBB80006F12002074B03F1200413461868596840
:10DBC8009A68DB680FC4002318465C37BD46F0BD71
:10DBD800681000204810002080B590B000AF786031
:10DBE8006FF05503FB63244B9B6B244A934201D18E
:10DBF80000233CE0224B1B6818460DF01BFA40231B
:10DC0800002240211C480DF0C5FA07F10803302115
:10DC180018460DF0BBF8F863FB6B002B1DD107F11C
:10DC280008031846FFF76CFFB863BB6B002B02D0E4
:10DC38000E23FB6312E007F1080030230022302195
:10DC48000DF0A8FA0C494FF001024FF00003C1E9AA
:10DC58000C23094B094A9A6300E000BF084B1B6874
:10DC680018460DF0F9F9F86BFEF7D8FF0346184689
:10DC78004037BD4680BD00BF48100020B4A5B4A5FC
:10DC8800F807002080B58EB000AF3B46302118461B
:10DC98000DF07CF878637B6B002B02D06FF0920359
:10DCA80017E03B461846FFF72BFF38633B6B002B0A
:10DCB80001D03B6B0DE038463023002230210DF0B7
:10DCC80069FA06494FF000024FF00003C1E90C233E
:10DCD800002318463837BD4680BD00BF48100020D5
:10DCE8002DE9F04F97B002AFF860B9607A6007F19C
:10DCF8005003403B1F335B095E0100237B647B6854
:10DD0800FB647B680F331B093B647B68002B05D0E1
:10DD1800BB68002B02D16FF08603A4E07B68B3F5E3
:10DD2800005F02D96FF086039DE0514B1B681846CF
:10DD38000DF080F94F4BD3E90C2313430DD1F8684C
:10DD4800FFF74AFF78647B6C002B06D0484B1B68B2
:10DD580018460DF081F97B6C85E0464BD3E90C231E
:10DD6800396C00208846814612EB080443EB09050C
:10DD7800B4F5803F75F100030CD3FFF783FF786497
:10DD88007B6C002B06D03A4B1B6818460DF064F9E3
:10DD98007B6C68E000210020FFF788FCF863FB6BD0
:10DDA800002B50D0324B1B6818460DF055F9F86B14
:10DDB800FEF734FF034656E0FB6C102B28BF1023F8
:10DDC800BB63012210212C480CF03DFA102301936B
:10DDD80000961023284A2021264800F04FF8F863BF
:10DDE800FB6B002B0CD00020FFF77CFC204B1B6842
:10DDF80018460DF031F9F86BFEF710FF034632E0D4
:10DE08000023BB6409E0BB6CBA681344BA6C3244A3
:10DE180012781A70BB6C0133BB64BB6CBA6B9A4244
:10DE2800F1D8FA6CBB6BD31AFB64BA68BB6B1344AA
:10DE3800BB60104BD3E90C2312F1010A43F1000B2C
:10DE48000C4BC3E90CABFB6C002BB5D10020FFF7E2
:10DE580049FC0020FFF754FE7864054B1B68184600
:10DE68000DF0FAF87B6C18465437BD46BDE8F08FC4
:10DE7800F8070020481000206810002080B586B000
:10DE880000AFF860B9607A603B604FF0FF337B61A8
:10DE98004FF480733B612B4A07F110031360294B41
:10DEA800294A9A601122274BDA60264B274A5A6082
:10DEB800244AFB681361BB6843F00053214A93610D
:10DEC80040F611021F4BDA611E4B214A5A611D4A66
:10DED8007B6813623B6843F000531A4A936201233C
:10DEE80043F02003174AD362164B01225A62194A9B
:10DEF8003B6A13607B6A43F00053164A9360154BE4
:10DF080001225A60134B2022DA600E4900200CF0DF
:10DF1800C1FF104910200CF0BDFF032134200CF084
:10DF2800A3FF032138200CF09FFF02E00DF039F821
:10DF380078617B69B3F1FF3FF8D07B6918461837E1
:10DF4800BD4680BDF4150020040000200416002002
:10DF5800141600202416002080B590B000AFF86099
:10DF6800B9607A60FB680C33BB63EFF311837B63A2
:10DF78007B6B3B632023FB62FB6A83F3128800BF41
:10DF8800BFF36F8F00BF3B6B7B61BB6BBB6200BF96
:10DF9800BB6B7B6200BF7B693B62FB689B687A68EE
:10DFA8001340FB63FB689A687B68DB431A40B968D7
:10DFB8007B680B401343BB60BB68BB610023FB61FC
:10DFC800F86807F1180300220949FDF731FBBA691F
:10DFD800FB69DB431A40FB689A60FB680C33396ABB
:10DFE80018460BF0A3FCFB6B18464037BD4680BDB6
:10DFF800DFB2010070B586074FD08418844604E06C
:10E0080003F8011B9D0704D09C4664456346F7D17D
:10E0180070BD013A0244A2EB0C02032A2FD9CCB2FC
:10E028000F2A04EB042404EB044438D9A2F11006A7
:10E038009C464FF0000E350901350EF1010EAE4534
:10E04800CCE90044CCE902440CF1100CF5D326F0DD
:10E058000F06103312F00C0F02F00F0533441AD0DC
:10E068002A1F1C60032A05D9A5F108025C60032A4F
:10E0780088BF9C6005F0030225F003052B44541E5D
:10E08800002AC5D0C9B21970002CC1D0012C597012
:10E0980018BF997070BD2A46F1E70346BDE71546DB
:10E0A800DEE700BF20F0030110F00300C0F100001C
:10E0B80051F8043B00F1040C4FEACC0C6FF000025D
:10E0C8001CBF22FA0CF213434FF0010C4CEA0C2C43
:10E0D8004CEA0C4CA3EB0C0222EA030212EACC1223
:10E0E80004BF51F8043B0430F4D0C2F1000102EA45
:10E0F8000102B2FA82F2C2F11F0200EBD2007047AD
:10E10800032A30B412D941EA000484460B46A40716
:10E1180021D11946604653F8044B5CF8045BA542CC
:10E1280019D1043A032AF4D860461946541E7AB124
:10E13800431E0139021901E09A4209D013F8010F70
:10E1480011F801CF6045F7D0A0EB0C0030BC704748
:10E15800002030BC7047541EEAE700BF38B540EADB
:10E16800010304469B0701D1032A0ED820464B1E03
:10E178004AB113F8011F013A00F8011B0029F7D131
:10E188000AB1FFF737FF204638BD8C46DCF800504F
:10E1980061460CF1040CA5F1013323EA050313F0E1
:10E1A800803FE4D1043A40F8045B032AEED8614684
:10E1B800DDE700BF71B1034601EB000C01E06345E8
:10E1C80006D01A46013311780029F8D1101A704781
:10E1D800181A7047084670470CB430B58BB00D4616
:10E1E80020220446002102A8FFF704FF0222134B55
:10E1F800002D06948DF80A2003931DDB10D0013DF5
:10E208002C440FAA0E9902A80794019200F0B0F9C5
:10E21800069B00221A700BB0BDE8304002B0704770
:10E228000FAA0E9902A80794019200F0A1F90BB069
:10E23800BDE8304002B070470024E2E765060100FF
:10E248002DE9F041C3F1370805460C46174603F09F
:10E258001F065FFA88F82846214632460023F2F75F
:10E26800F5F92346D2B20C46AC460546092A08EB16
:10E27800020188BFCAB2B44502F1300207F8012B87
:10E288004FF000029341E6D23846BDE8F08100BF66
:10E298002DE9F0434FF0010E724508DD034601E019
:10E2A800252C06D09C4613F8014B002CF8D1BDE86C
:10E2B800F0831C780CF1020C252C01D16346F1E7A0
:10E2C8000026AA4FB04609E027FA03F3DB0740F11E
:10E2D800F4801CF8014B002C00F09280A4F120037C
:10E2E800102BF1D963464FF0000CA4F12405152D2D
:10E2F80020D8DFE805F0B21F1F1F1F1FAA1F1F1F0E
:10E30800AA1F0C0C0C0C0C0C0C0C0C0C6346303CAF
:10E3180006EB86064FF0200C04EB460613F8014B7B
:10E32800002C70D0BCF11F0F40F2BA80BCF17F0FF7
:10E3380040F2AE80A4F14C052E2D64D80FF20409EA
:10E3480059F825F057E400000FE400000FE400003E
:10E358000FE400000FE400000FE400000FE40000E9
:10E368000FE400000FE400000FE400000FE40000D9
:10E378000FE400000FE400000FE400000FE40000C9
:10E388000FE400000FE400000FE400000FE40000B9
:10E398000FE400000FE400000FE400000FE40000A9
:10E3A8000FE400000FE400000FE400000FE4000099
:10E3B8000FE4000089E400000FE4000057E40000C7
:10E3C8000FE4000079E400000FE400000FE400000F
:10E3D8000FE400000FE400000FE400000FE4000069
:10E3E8000FE4000025E300000FE400000FE4000044
:10E3F8000FE400000FE400000FE4000025E3000034
:10E4080063464FF0000CB8F1000F3FF450AFF045F1
:10E418007FF448AF44F020050B68A5F16506022E8D
:10E4280040F29F80612D00F09C80633C102C00F22C
:10E438009280DFE804F018909090909090909090DF
:10E448009090909090901800B046002666E74CF4A3
:10E45800207C63E763464FF0000CB8F1000FF3D05F
:10E468007645F2D10B6804330EF1010E0B6013E709
:10E478001CF0800F18BF4CF4007C4CF0800C4DE76A
:10E488001CF4807F18BF4CF4007C4CF4807C45E77A
:10E498004FF0200C29E713F8014B0026002CB0D0D0
:10E4A800A4F1200C314DBCF1100F25FA0CF54FD812
:10E4B80015F0010526D09C460BE7A4F124030C2B8C
:10E4C8009ED801A555F823F05DE4000009E400009A
:10E4D80009E4000009E4000009E4000009E4000080
:10E4E80005E5000009E4000009E4000009E4000073
:10E4F80005E5000009E4000015E300000026634676
:10E50800B4460BE7A4F12409AC464D460C2D3FF662
:10E5180078AF0FF2080959F825F000BF63E400004E
:10E528000BE400000BE400000BE400000BE4000027
:10E538000BE400009FE400000BE400000BE4000083
:10E548000BE400009FE400000BE4000017E3000068
:10E558004FF0000CC9E61CF0800F84D01CF4007F3B
:10E5680081D0073323F0070308337DE789280100AA
:10E578002DE9F04F837893B047689C07049240F1E7
:10E5880036870B4683468E460B9213F8010B0028FC
:10E5980000F094860C464FF0000A05910DE01C46E9
:10E5A80059460AF1010AB8470028C0F26A81234691
:10E5B80013F8010B002800F06C812528EFD165784D
:10E5C8000234252DECD04FF00008C1464646CDF860
:10E5D80008801F2E40D97F2E75D9A5F14C032E2B0C
:10E5E80000F25B81DFE813F00F015901590159016D
:10E5F8005901590159015901590159015901590143
:10E608005901590159015901590159015901590132
:10E618005901590159015901590159015901590122
:10E62800920159010F0159018601590159015901F6
:10E638005901590159015901B500590159015901A7
:10E6480059015901B50046F0020614F8015B46F07D
:10E658000406002D00F08280A5F12003102B32D88B
:10E6680001A252F823F000BF53E60000CFE60000F5
:10E67800CFE60000DFE70000CFE60000CFE60000AD
:10E68800CFE600005BE70000CFE60000CFE6000021
:10E69800CFE600004FE60000CFE60000EFE70000FD
:10E6A800CFE60000CFE60000FFE700007306A5F103
:10E6B800300540F16B8109EB890905EB490914F82C
:10E6C800015B002D4AD0A5F12403152B85D801A2A2
:10E6D80052F823F035E70000E3E50000E3E5000029
:10E6E800E3E50000E3E50000E3E50000BDE8000025
:10E6F800E3E50000E3E50000E3E50000E9E80000E9
:10E70800E3E50000B5E60000B5E60000B5E6000068
:10E71800B5E60000B5E60000B5E60000B5E6000085
:10E72800B5E60000B5E60000B5E60000B8F1000F58
:10E7380000F02181049B72060B9300F13581029A47
:10E748000BA90598FFF7A4FD0B9B1A1D1B680B92DC
:10E75800029314F8015B002D7FF43BAF202303954F
:10E768000693B8F1000F06D0049B42460BA9059802
:10E778000B93FFF78DFDB9F1000F04DA26F0400680
:10E788004FF00009B6B2039B002B00F0DA80ED438E
:10E7980006F0400205F0200307930B9B073323F094
:10E7A800070303F108010B91D3E90001069B612BD4
:10E7B80000F04B81002A40F00E81652B00F07D842B
:10E7C800662B4FF0060900F05F834B460022652553
:10E7D800039208950EE114F8015B46F01006002D2F
:10E7E8007FF43AAFBAE714F8015B46F00806002D4B
:10E7F8007FF432AFB2E714F8015B46F00106002D52
:10E808007FF42AAFAAE714F8015B46F42076002DBE
:10E818007FF4E3AEA2E72D25029B042B00F37F8251
:10E828000023029328465946B84700280AF1010AEE
:10E8380027DB9DF834301D0740F14F83AE4E354637
:10E84800DDF81C8003E0C0B2B847002819DBA946F0
:10E8580015F8013B5946A3EB0800002BF3D1AAEBAE
:10E868000606B144029DCA464D44A5EB0A03594623
:10E878002020002B7FF79BAEB84700280AF1010A39
:10E88800F3DA9BF802304FF0FF3A43F004038BF8B9
:10E898000230504613B0BDE8F08F45F02002A2F1D7
:10E8A80065030692612A18BF022B94BF0123002337
:10E8B800039356E7B8F1000F7FF44BAF0B9B750637
:10E8C80053F8042B0B937FD4002AC0F2558314F815
:10E8D800015B46F02006002D00F057830292F2E615
:10E8E8007006D6D414F8015B46F04006002D7FF47C
:10E8F800EAAE33E7330614F8015B48BF46F4007606
:10E9080046F08006002D7FF468AE27E7F50514F879
:10E91800015B48BF46F4007646F48076002D7FF40C
:10E928005CAE1BE7002B00F074811A46049B0BA910
:10E9380005980B93C146FFF7ABFC2023CDF8088060
:10E948000693A5F16303122B00F25F81DFE813F051
:10E958008F0270015D015D015D015D0170015D0166
:10E968005D015D015D015D01990248025D015D0186
:10E978001D025D018A0214F8015B4646029B002DC8
:10E98800D0D0C146CDF80880984665E6029B46F08F
:10E99800200603EB830305EB4303029314F8015BA2
:10E9A800002D7FF490AED9E64A460BA90598FFF7EB
:10E9B8006FFC0B9B14F8015B1A1DD3F800900B92A7
:10E9C800002D7FF408AEC9E614F8015B002D00F0B5
:10E9D800DC82914677E6652B00F06583662B00F0B4
:10E9E800538219F0FF0340F006851A466525039304
:10E9F8000123089501920DF13008039A00924246CE
:10EA080000F020FE0C9AC3B20221069302F109031A
:10EA18000391122B35D89DF8343013F0010503F01B
:10EA28000C0C3CD1B00760D416F0040040F08D8186
:10EA3800BCF1000F39D0029A032A40F31383033A3A
:10EA4800029232073FF5F7AE6EE1079B46F4C056D7
:10EA58000DF130080093002A00F0CC804B46424666
:10EA680001F0F8FB431CDBB24B45069380F2CA80E9
:10EA780070230C9A0121089302F109030391122BC8
:10EA8800C9D902F16303C62B2CD902F2E73140F24F
:10EA9800CE73994240F2608104210391BBE7BCF137
:10EAA800000F7FF4B8AE4FF02D0C16F4405F00F065
:10EAB8006E82B50440F1978022EAE2730133BCF11B
:10EAC800000F1BD1B9F1000F00F0548109F10101C9
:10EAD8000B440299994200F3CC823005CDF808C066
:10EAE80026D43CE00221039195E7BCF1000F00F029
:10EAF80029812B2590E600BF98E10100591CB9F146
:10EB0800000F00F02C8109F101030B44029999428E
:10EB180000F3568300230293604659460992B8478A
:10EB280000280AF1010A099AFFF6ABAE350513D59C
:10EB3800594630200992B8470028FFF6A2AE079B35
:10EB480059460AF1020AC3F1780000F0F800B84704
:10EB58000028099AFFF695AE300740F1F982B10412
:10EB680000F1C78259469DF835000992B847002838
:10EB7800FFF687AEB9F1000F099A00F33183F50665
:10EB880000F154830AF1010906925946DDE9072389
:10EB9800981AC0B2B8470028FFF673AE069A002A42
:10EBA800C0F241832B2059460692B8470028FFF649
:10EBB80068AE039B069A042B00F01882032B09F118
:10EBC800020900F02782012B40F0378202F1300061
:10EBD800594609F10109C0B2B8470028BFF642AE4C
:10EBE8004FE60EF1FF3916F4006F14BF0523032317
:10EBF8000B4464E74FF0FF33424601F02BFB431C04
:10EC0800DBB2069303F1FF3932E7069B782B00F05D
:10EC18007B8359462520B8470028FFF632AE2846A0
:10EC28005946B8470028FFF62CAE0AF1020ABEE49E
:10EC380032060B9B40F11683B00540F1A6830733DB
:10EC480023F0070303F10802D3E900030B9226F02F
:10EC58001008002B1FFA88F20392C0F2438350EA8F
:10EC6800030140F0488406F040030693730603D579
:10EC7800B9F1000F00F0E682002001460DF13008DE
:10EC88000A234246FFF7DCFA069AA0EB0803002A9B
:10EC980000F0DE82039A4B451E4622F00108B8BFF9
:10ECA8004E461FFA88F20392DDF80CC040F2064186
:10ECB8000CF008001CEA010F024600F0AC8406F1D3
:10ECC8000108002800F02583029AA2EB08020292AC
:10ECD80006935946039B0AF1010513F0020F14BF6E
:10ECE8002B20202013F4806F18BF2D20B847002850
:10ECF800069BFFF6C6AD994540F3128409EB050A59
:10ED08001E46AAEB030A02E0554500F0C4805946A6
:10ED18003020B847002805F10105F5DAB1E5043BD4
:10ED2800360702933FF57EAD029E564402E0B24597
:10ED380000F0458359462020B84700280AF1010A07
:10ED4800F5DA9EE54FF02B0CAFE6BCF1000F40F072
:10ED5800AC824FF0200CA8E6032103915BE6F00695
:10ED680040F1E58202330299994200F32982CDF8F5
:10ED78000890D1E6F10640F1E58201330299994203
:10ED880000F37781CDF80890D0E60B9B1A1D0B9203
:10ED98001A68002A00F0F78216F0400F1046039216
:10EDA80014BF49464FF0FF31FFF704FA039A804633
:10EDB800029B3007194600F19980984580F09680AB
:10EDC8001D461646994603E0984580F088801D4602
:10EDD80059462020B847002805F1FF33F4DA50E5FA
:10EDE80046F010061023782516F0800C0B9A67D091
:10EDF80016F4007100F03981073222F0070202F19F
:10EE080008010B91D2E9000106F0400C50EA01021A
:10EE1800CDF80CC040F0848062461AB1B9F1000FF9
:10EE280000F018820DF13008002000214246FFF75B
:10EE380007FA039AA0EB0803002A00F0428126F0A3
:10EE480017024B4592B2039280F24582002D40F0A2
:10EE5800A882300740F1AF83029A5546A2EB090217
:10EE680002924BE726F010060A23B6B2BCE70B9BCA
:10EE78004FF001080CAA191D1B680B918DF8303052
:10EE880096E708230025AFE7662546F400564A466C
:10EE980011230895AEE533460DF1300808EB03065B
:10EEA800354605E015F8010DB8470028FFF6E9AC2E
:10EEB800A8455946F6D106EB0A03A3EB0809D1E4A5
:10EEC800111D10680B9116F480719DD016F4007115
:10EED80000F0F281C0B2614696E7BD4EAFE40AF198
:10EEE800010A32461946CA44AAEB050A029402EB03
:10EEF800080516461446894605E014F8010BB8477C
:10EF08000028FFF6BEACAC425946F6D14946AAEBFA
:10EF18000603A146029CA1EB080299440292A1E4CF
:10EF28000DF130084246FFF78BF9039AA0EB08036E
:10EF3800002A40F0C68126F00602F60692B2039235
:10EF480040F1C380039A02F00802002D40F01881B6
:10EF580003F10108002A00F03A82029AA2EB0802A3
:10EF68000292594630200393B84700280AF1010558
:10EF7800039BBFF6C0AE84E4534214F8015B46F02D
:10EF880028060293002D7FF49EAB002541E6B9F1D7
:10EF9800000F069B14BFCE464FF0010E002B00F069
:10EFA800B882581D404403E013F0FF0500F080814B
:10EFB80010F8019D1D46013BB9F1300FF4D0994678
:10EFC800EBB206937245B4BF01230023101DB8BFEE
:10EFD800002316F0100000F04E81002B3FF401AE24
:10EFE80046F40056531CAEEB030965E5794D5946C6
:10EFF800039209F10309A5FB0235AD0905F13000BB
:10F00800C0B2B8470028FFF63CAC4FF47A73039AB5
:10F0180003FB1522704D5946039209F10109A5FB1E
:10F0280002356D0905F13000C0B2B8470028FFF677
:10F0380028AC6423039A03FB1522684D59460392B2
:10F0480009F10109A5FB0235ED0805F13000C0B250
:10F05800B8470028FFF615AC05EB8505039AA2EB27
:10F068004502B3E50290FFF7E6BB101D0B90106850
:10F07800CAE6CB1A16F0090F02937FF457AD1D4666
:10F088005544099402925446C246E04602E0AC4216
:10F0980000F05B8259462020B847002804F101049B
:10F0A800F5DAFFF7EEBB09F10103DBB2112B28BF3C
:10F0B800112346F48056FFF789BB07234FF0060952
:10F0C800F7E726F0160292B2039212F0080200F057
:10F0D8009781029A5546D21A02920CE63105E1460A
:10F0E80000F1278216F0080FCDF808C01E463FF43D
:10F0F80036ADC9F1000322EAE275914607960393FB
:10F10800531D069E5B1B06949844A9EB0502039BBE
:10F11800013D3020964259460AF1010488BF98F80B
:10F128000000AB4200F31881B847002808F1010835
:10F13800FFF6A7AB6B1C01D0A246E6E759462E2086
:10F14800B84700280AF10204FFF69BABA246DCE7A9
:10F15800029B002B3FF403AD029D43460292A0465A
:10F16800554454469A4602E0AC4200F0C5805946E0
:10F178003020B847002804F10104F5DAFFF781BB15
:10F1880003F10208002A00F07481029AA2EB080237
:10F198000292594630200393B8470028FFF671AB16
:10F1A800039B002D00F02081284659460393B84759
:10F1B80000280AF10205039BBFF69DADFFF761BB6E
:10F1C800CB1A16F0090F02937FF4A6AC57E700BFDD
:10F1D80094E10100D34D62101F85EB51CDCCCCCC0E
:10F1E80059462E20B8470028FFF64BAB099A01264E
:10F1F800069D09940692AE4208EB06024FF03000D5
:10F208005946B8BF50793446B847002806F1010678
:10F21800FFF637AB4E45EEDD25460AF10209069AA0
:10F22800099CA944B0E452422D20BCE459462E2042
:10F238000692B84700280AF10209069ABFF6A4AC5C
:10F24800FFF71FBB26F011081FFA88F3039300236A
:10F258001E4629E516F0080300F0178100230DF17A
:10F2680030081BE61A1DF1051B680B9200F192800D
:10F278001846DB17EBE4002B3FF4B5ACAA4246F482
:10F288000053C0F24A81BCF1000F00F01A81911CB2
:10F29800029D8D4240F33881691A029116F00901E6
:10F2A8001E4600F07081814636E42025FFF7B4BA87
:10F2B8004FF0FF39069585E680B2A5E58246FFF74F
:10F2C800E8BA26F007024B4592B20392C0F26A816F
:10F2D800F2063FF537AE320740F15881029AD21A4A
:10F2E8000292DBE542F480624042039206F040025B
:10F2F80063EB43010692C1E45346A2464446029A90
:10F308009846002302932AE4C5F1780343F01003DA
:10F318006AE56146C9077ED502988045A0EB0801D9
:10F3280080F2E78001EB030911460291D0E4029BC9
:10F338008B427FF71CAD5B1A16F0090F02937FF41E
:10F34800EBAB9CE6029999423FF793AE3505CDF8B1
:10F3580008903FF5EDAB02E4A146DDE90646B84763
:10F368000028FFF68EAAF6067FF57CAA01357FF401
:10F3780079AA59462E20B84700280AF10209BFF693
:10F3880071AAFFF77EBAAE4A06E5186804330B93F4
:10F39800C3175CE4B20540F1A78058B243F3C01329
:10F3A80055E4494602F0080082B2002800F027819F
:10F3B800029A5546A2EB0902894602929BE4002D67
:10F3C8007FF42EAA9DF834300295FFF734BA039AD9
:10F3D800D6076FD502998845A1EB080280F2918083
:10F3E80003EB02090295D4E60AF1010583E44FF024
:10F3F800FF3AFFF74EBA112B28BF1123FFF7E6B9E2
:10F408000399C90740F1908002988342A0EB030159
:10F4180049DB029142E5029A904580F2A380264694
:10F428000695029C4546079302E0A24209DA154672
:10F4380059462020B847002805F10102F5DAFFF700
:10F4480020BA02990AF1010A34462E468A1AAAEB12
:10F45800080A0292B244039AD606DDE906533FF53C
:10F4680098AE40F20642039911427FF431AC5546FA
:10F4780041E4039A12F0010F029A5FD09045A2EB83
:10F4880008010FDB9946029183E6029A002A40F3AD
:10F49800B38026F0170899461FFA88F3C8460393E5
:10F4A8004B46BCE7102203EB0109002A67D0002273
:10F4B80002926EE6029A9045B1DBA2EB0802029234
:10F4C8004FE5511C029888427FF708AE411A16F0A2
:10F4D800090F02914FD0300549D416F0080FE146C4
:10F4E8001E467FF406AE37E618B243F3C033FFF783
:10F4F800AEBB994619E7194606F040030693FFF795
:10F50800BDBB9946029244E681461E460290FFF72B
:10F5180003BB1D464FF0FF3954E51E46AE4661E574
:10F52800AA460DF13008B9E4029A93427CDA98466B
:10F5380075E71E46CDF80890FFF7FABA9045FFF632
:10F548006EAFA2EB0802029223E6C446029AD046A6
:10F55800A246099CBCF1000F7FF4DCAACDF808C0D4
:10F56800FFF7E4BAA2EB08020292FFF7B1BB1E460E
:10F57800E146FFF7DDBA1E46E1460D4680E55546F1
:10F588000292FFF7B8BB8946029D79E59846029A30
:10F598009045FFF644AF029A5546A2EB0802029244
:10F5A800FFF7A9BB55B926F0170835071FFA88F2E7
:10F5B80003923FF551ACC8460025E8E7F10604D4AC
:10F5C800039A494602F00800EEE6300709F10208FE
:10F5D8003FF5DBAD029A9045FFF621AF03935946FC
:10F5E800029B3020A3EB08030293B8470028039B33
:10F5F800BFF6DAADFFF745B90DF130084EE40398D0
:10F60800C0070BD502988145A0EB0901FFF64BAF67
:10F618000DF13008FDE64946B146C5E6029A914526
:10F6280007DAC8468946FAE6D21A55460292FFF723
:10F6380062BBA2EB0902554689460292FFF75BBB03
:10F648009CE101002DE9F04F9BB0C1F3130504467E
:10F658000B92CA0F0E939DF890300C9240EA050267
:10F668000D93C1F30A53002B08BF002A0CBF0122D7
:10F6780000220A9200F00181080D40F2FF718B42CE
:10F6880000F0ED8004F001021192002B40F004819B
:10F69800AB00012740F23446DFF8F88143EA94735F
:10F6A80006970593A300049330460DF1580B00F01C
:10F6B80057FCC31BF61A1F460793434430460F9363
:10F6C80000F056FC0346594630467D3BA7EB030A3B
:10F6D80000F078FC241912ABAAF141086D412046CC
:10F6E80000932946DDE9162300F074FD14AB0646A5
:10F6F8000F46204629460093DDE9182300F06AFDED
:10F708000022CDF80080DDE91243041951EB03050E
:10F71800149B169928BF0122D218159B43F10003A8
:10F7280070181799149247EB0101B0421593B9412B
:10F73800DDE9180134BF4FF0010C4FF0000C201820
:10F7480045EB01011CEB000041F10001A04271EB07
:10F75800050C34BF4FF0010C4FF0000C1CEB0202FB
:10F7680043F1000300F04EFD039106998146DDF850
:10F7780064C0DDE914230293169B0893DDE917E3BF
:10F788000993002940F02182B019AAF140010091A3
:10F7980047EB0701231945EB050AB04271EB070651
:10F7A80034BF012600269E19089B4AF1000798429B
:10F7B800099B71EB0E0134BF01200020301A67F15C
:10F7C8000001C01A029B61EB0C0192185B41A64232
:10F7D80077EB050C34BF4FF0010C4FF0000C12EB27
:10F7E8000C0243F10003864277EB010634BF012681
:10F7F8000026921B63F1000300F004FD824602918B
:10F8080020462946CDF80080DDE9142300F0FAFCF3
:10F81800079B04460D46012B40F252833E2B1E46A1
:10F8280000F20A814FF0FF33A6F12002C6F1200052
:10F8380003FA02F203FA06F123FA00F00B46114329
:10F84800049A014322EA0302059B23EA01031A43AF
:10F858004FF00003069308BF01230593EFE00C9BCC
:10F8680025434FF000000B9A14BF43F0080343F000
:10F87800040313711BB0BDE8F08F0C9B30210B9C67
:10F88800012043F0020200236171227123601BB042
:10F89800BDE8F08FCCFBFFFF54EA050240F2FE7290
:10F8A80045F48015A3F2354800EA020014BF01228E
:10F8B8000022002808BF42F00102271906924FEAE9
:10F8C800850245EB0506B8F1000F42EA94720592ED
:10F8D8004FEA84020492C0F21B8340460DF1580B94
:10F8E80000F036FBB8F1030FC8BF01380446079093
:10F8F8000F9000F03DFBA4EB080800F17C0359468B
:10F90800204603EB080A00F0DDFB12AB384631460F
:10F918000093DDE9162300F05DFC14AB04460D46A8
:10F92800384631460093DDE9182300F053FC0A9A63
:10F93800DDE912638719AAF1410651EB0308149B0C
:10F94800169928BF012208960096D218159B43F1F4
:10F95800000360181799149245EB0101A042159312
:10F96800A941DDE9180134BF01260026381848EB03
:10F978000101301841F10001B84271EB080634BFAB
:10F9880001260026B21843F1000300F03BFCDDF825
:10F9980064E003918146DDE91432DDE917610292E2
:10F9A800169A0992069A002A40F0F18014EB040C8A
:10F9B800AAF1400245EB05000092FA1948EB080A43
:10F9C800A44570EB0505099D34BF012400241219D4
:10F9D8004AF10004AC45B041029E34BF012000202A
:10F9E800101A64F10005401A65EB0E01DB18764128
:10F9F800BA4274EB080534BF012500255D1946F1AC
:10FA08000003824274EB010234BF01220022AA1AC9
:10FA180063F1000300F0F6FB82460291089B38462A
:10FA280041460093DDE9142300F0ECFB079B0446F4
:10FA38000D46152B40F21C820023CDE905330D9BA2
:10FA4800002B00F0D4810A2C75F10003C0F06A8203
:10FA58000A2300220120910001309E0041EA93719F
:10FA6800F31842EB0102DB1852419C4275EB02018C
:10FA7800F1D20F9B259AC3181344D20F9342B8BFF3
:10FA880013460E9A9342A8BF13460993B3FA83F01C
:10FA98004FF0000E03994009CDF810E01090484649
:10FAA800CDE9079E634A4FF0CC33CDF800B000F0A3
:10FAB80091FB169F179B5046FF0802994FEAD308FF
:10FAC8005C4A47EA4377CDF800B04FF0CC3300F0FA
:10FAD80081FB169E179BF6084FEAD30946EA437640
:10FAE800BE4279EB08031ED30A2C75F10003C0F05F
:10FAF8008A800A23002201204FEA820C01309900F3
:10FB08004CEA937CCB1842EB0C0CDB184CEB0C0C3E
:10FB18009C4275EB0C016246EED2099B984240F379
:10FB2800518101230A9329462046424A4FF0CC339B
:10FB3800CDF800B000F04EFB049B06EB8602089956
:10FB48000133179DBAEB420F069A0493B24602F0AE
:10FB58000102169B18BF00223846DB08CDF8089032
:10FB68000692059A43EA45730797ED08002914BFE2
:10FB7800002202F00102CDF80C804146059203EB09
:10FB88008302A4EB42021C46D3B208938AE7099881
:10FB9800791A089A009268EB0E02844275EB060601
:10FBA80034BF01200020081A62F10001874278EB77
:10FBB800010234BF012200229A1A029B63F100035A
:10FBC80000F020FB8246029128E7E11A089BCDF855
:10FBD800008065EB0C0C9E42029B77EB0E0034BF55
:10FBE80001200020081A6CF10001844275EB01061F
:10FBF80034BF01260026921B63F1000300F002FBCC
:10FC080082460291FCE5099B002B00F3DB8054EA55
:10FC1800050386D1109B002B83D00024DDE9079EC5
:10FC28002546069B002B4ED05B46F046A34602991C
:10FC38001C4632E0CDCCCCCCBB4A4FF0CC33009440
:10FC4800B24600F0C7FA169B294658464FEAD30930
:10FC5800179BB54A49EA43790094DB0803934FF0B0
:10FC6800CC3300F0B7FA059B179D3946B8F1000F61
:10FC780014BF002303F0010302970593049B01338B
:10FC88000493169BDB0843EA4573ED0803EB8302F4
:10FC9800ABEB42029B465FFA82F84FF0CC33A24AA4
:10FCA8005046009400F096FA169E179F4846F608AC
:10FCB800039946EA4776FF0806EB8603BAEB430F3B
:10FCC800BAD0C6465C46049BDDF83CB0059A9B4416
:10FCD800029BBEF1050F14BF002202F001029D42F3
:10FCE80008BF54450A9B83F0010303F0010318BFC2
:10FCF8000023002A69D014F001017BD1002B40F0C9
:10FD080022810A2C75F10002C0F020811A460A23CC
:10FD18000021012688009F0040EA9370FB1841EB00
:10FD28000001DB18304606F1010649419C4275EB9B
:10FD38000107EFD2099B9E4201DD002A66D109988E
:10FD48000FFA8BFEB042A8BF304600B286440028A6
:10FD58000EF1FF3E2EDD0B9B411D734A4FF0CC3751
:10FD6800194403F1050C052614EB050848F10008B1
:10FD7800A2FB083929F0030303EB9903A8EB030856
:10FD8800B4EB080465F1000307FB04F502FB035517
:10FD9800A4FB02431D4404F001036408A3FB0639D5
:10FDA80044EAC57413EB08036D08303301F8013DCC
:10FDB8006145D9D10B9A0C9BC2F800E013711BB0B6
:10FDC800BDE8F08FDDE9079E2BE7BBB9BEF1040F54
:10FDD80094BF002201221146611845F100050A2945
:10FDE8000C4675F1000392D200200126A2E70E9B73
:10FDF80009934BE6002BEFD04FF0050E069B119AA6
:10FE080083F001031A43E1D00121E5E70D9B6BB1B3
:10FE1800259A06EB0B0313440E9A012BB8BF012356
:10FE28009A42A8BF1A469642099288DD05343E498F
:10FE380006464FF0CC3345F100050BF1010B621972
:10FE480042F10002A1FB020727F0030000EB970034
:10FE5800121AA41A65F1000504FB03F301FB05332C
:10FE6800A4FB01410B4464085D0844EAC37466E7D7
:10FE7800049E14AB2C4A009330464FF0CC330599BE
:10FE880000F0A8F9149B159A9B0843EA827303EBC8
:10FE98008303B3424AD0119E049B1EBB013B059AC3
:10FEA80042F1FF31069A981A61F1000100F068F8F2
:10FEB800079B83428CBF00230123CDE90563BEE580
:10FEC800119B13B901230593B9E519F1FF334FF0DD
:10FED80000029946039B63F1000303930123CDE9D4
:10FEE8000532ACE5981C059B43F1000100F048F889
:10FEF800079B83428CBF00230123B9EB0303994678
:10FF0800039B63F1000303930023CDE9053396E5D2
:10FF180040F2354618F10107A6EB030618BF012782
:10FF2800FFF7C2BB0120A4E5CDCCCCCCDDE90401B0
:10FF380000F026F8079B83428CBF0023012305931A
:10FF4800002306937BE54FF0040E57E70126F6E6FB
:10FF5800024B03FB00F0800C704700BF41340100E6
:10FF6800024B03FB00F0000D704700BFFB2E0B0097
:10FF7800024B03FB00F0C00C013070474F93120096
:10FF880030B54FF0CC350E4C4FF0333C05FB00F349
:10FF980004FB0131A0FB043200200A449C457CEBA1
:10FFA80002010CD3A64605FB03F1013004FB021144
:10FFB800A3FB0E320A449C457CEB0201F3D230BD10
:10FFC800CDCCCCCC2DE9F04F3A4D1A233A4F87B01F
:10FFD800A5FB00250E46ED0803FB150307EB0517E7
:10FFE80053B9D7E90023C1E90023D7E90201C6E9DB
:08FFF800020107B0BDE8F08F23
:020000021000EC
:10000000304A02A9044602EBC303D3E90089D7E9C9
:10001000022340460091494600F0E0F802460B46B4
:100020004046494691469846D7E9002304AF0097D9
:1000300000F0D4F8002282468B46DDE9047317EB0A
:10004000090753EB080928BF012232B1029B013393
:100050000293039B43F1000303932046FFF78CFFB9
:1000600080461A2005FB00F0FFF786FFA8EB00058D
:100070003A464B4600955046594600F0C7F8009561
:10008000114B25096400844653F825300A4604F0D4
:100090001E0438464946E34003F0030313EB0C0308
:1000A00042F10002C6E90032DDE9022300F0AEF8B9
:1000B000C6E9020107B0BDE8F08F00BF4FECC44EA7
:1000C000D8D9010008D90100A4E101003F4A00F19C
:1000D0001903A2FB03232DE9F04FDB081A263C4F3E
:1000E00087B003FB06F60D4607EB031B321A0AD155
:1000F000DBE90023C1E90023DBE90201C5E90201D4
:1001000007B0BDE8F08F4FEA031A324B02A904464C
:1001100003EBC203D3E90089DBE9022340460091E7
:10012000494600F05BF857F80A200F46DBF8043028
:10013000013A84464046B84604AF63F1000349469D
:10014000E246009700F04AF8002281468B46DDE93E
:10015000047317EB0A0753EB080828BF012232B1DA
:10016000029B01330293039B43F100030393304648
:10017000FFF702FF06462046FFF7FEFE361A3A4614
:10018000434600964846594600F040F80096124B08
:1001900026096400844653F826300A4604F01E04FB
:1001A00038464146E34003F00303013313EB0C03ED
:1001B00042F10002C5E90032DDE9022300F026F831
:1001C000C5E9020107B0BDE8F08F00BF4FECC44E97
:1001D000A8DA010008D90100F8E101004FF0000C95
:1001E00070B58E4605461646A0FB02016246049C89
:1001F000EEFB06126646EEFB032CE3FB0516921996
:100200004CF10003C4E9002370BD00BF10B5029C8F
:10021000C4F1400CC4F1200EE04002FA0EFE03FAD5
:100220000CF302FA0CFC43EA0E03C4F1200E01FAAF
:100230000EFE40EA0E00A4F1200E22FA0EFEA4F1FA
:10024000200221FA04F421FA02F243EA0E031043D9
:1002500043EA04014CEA000010BD00BF2DE9F04361
:100260000446C1F31305CE0F184654EA05039DF862
:100270001CE0C1F30A51167156D10B1E18BF0123A1
:10028000002951D100281360C0F25E810C2800F3D0
:10029000DA811F461D46C0F10D060124B600711E0D
:1002A000A6F12108C6F1210304FA01F104FA08F8C5
:1002B00024FA03F34C1848EA030848EB08096342A0
:1002C00069EB490C013C49F1FF393C4009EA050959
:1002D000A14278EB09090EDBC6F1200927FA06F4E2
:1002E000203E05FA09F944EA090402D445FA06F663
:1002F0003443E40703D5C91945EB08050F463B40D5
:1003000005EA0C0C1B0943EA0C734FEA2C1C190973
:100310000C2803F00F0441EA0C714FEA2C1C2CD07E
:10032000002C00F0148128E040F2FF73994200F0A5
:100330008D81002900F0F780A1F2FF31002845F4FB
:10034000801527461160C0F2F5800C28A3DD230933
:1003500004F00F004FEA251C43EA0573092802DD6B
:10036000CEF1270108443030190903F00F0441EAA7
:100370000C7190744FEA2C1C0D20092C02DDCEF17B
:1003800027031C4430340C284FEA11155474B8BFAD
:100390000C2001F00F0445EA0C754FEA2C13092CD0
:1003A00002DDCEF127010C4430340B2814744FEADF
:1003B0001514B8BF0B2005F00F0544EA03741B1198
:1003C000092D02DDCEF127010D444FEA14180A2849
:1003D00005F1300504F00F0448EA0378B8BF0A209D
:1003E0001B11D573092C02DDCEF127010C443034EA
:1003F000092894734FEA1814B8BF092008F00F08B1
:1004000044EA03741B11B8F1090F02DDCEF1270194
:10041000884408F13008082882F80D804FEA141843
:10042000B8BF082004F00F0448EA03781B11092C18
:1004300002DDCEF127010C443034072814734FEA53
:100440001814B8BF072008F00F0844EA03741B1102
:10045000B8F1090F02DDCEF12701884421090628F1
:1004600008F1300804F00F0441EA0371B8BF062018
:100470001B1182F80B80092C02DDCEF127052C44DC
:100480004FEA1118052804F1300401F00F0148EA81
:100490000378B8BF05201B119472092902DDCEF143
:1004A000270421444FEA1814042801F1300108F010
:1004B0000F08B8BF042044EA03744FEA23195172AD
:1004C000B8F1090F02DDCEF1270398442109032872
:1004D00008F1300804F00F04B8BF032041EA0971A5
:1004E0004FEA291382F80880092C02DDCEF1270596
:1004F0002C440D09022804F1300401F00F01B8BFAB
:10050000022045EA0375D471092902DDCEF1270ED8
:100510007144012801F13001B8BF012091713035DB
:100520005571BDE8F083A1F2FE3100282746116025
:10053000BFF60BAF230914F00F004FEA251C43EA66
:1005400005737FF40BAFE2E6184619469C460D0989
:1005500011F00F044FEA2C1745EA0C753B467FF467
:100560001EAF0B283FF41BAF0C0A15F00F054FEA26
:100570002C2644EA0C6433467FF422AF0A283FF469
:100580001FAF4FEA113814F00F044FEA2C3548EA38
:100590000C582B467FF426AF09283FF423AF0C0CF0
:1005A00018F00F084FEA2C4344EA0C447FF42BAFB9
:1005B00008283FF428AF4FEA115814F00F044FEA0F
:1005C0002C5348EA0C387FF432AF07283FF42FAFA2
:1005D0000C0E18F00F084FEA2C6344EA0C247FF449
:1005E00037AF06283FF434AF090F14F00F044FEA79
:1005F0002C7341EA0C117FF43EAF05283FF43BAF6A
:1006000011F00F01E0464FEAEC737FF446AF042887
:100610003FF443AF1CF00F083C4699467FF450AFBF
:1006200003283FF44DAF17F00F0431467FF45CAF61
:1006300002283FF459AF16F00F017FF465AFC307EE
:100640007FF56DAF60E79C4618468CE625434FF07A
:10065000000014BF46F0080646F004061671BDE817
:10066000F08300BFD1E90432934202D05A1C0A61E0
:100670001870704780B400AF00BFBD4680BC7047A3
:1006800080B500AF05F041FD0346184680BD80B53A
:1006900000AFFFF7F5FF0346184680BD80B582B076
:1006A00000AFC7E90001D7E9000109F05DF9034691
:1006B00018460837BD4680BD80B584B000AFF860ED
:1006C000C7E90023D7E90023F868F9F783FA03465E
:1006D00018461037BD4680BD80B582B000AF786047
:1006E0007868F9F7E9F900BF0837BD4680BD80B4E6
:1006F00087B000AF786039607B681A4600231360CA
:10070000536093607B683A681A607B6803225A6082
:1007100000BF1C37BD4680BC704780B483B000AFBB
:1007200078600B46FB70FB787A68134401221A60EC
:1007300000BF0C37BD4680BC704780B483B000AFAB
:1007400078600B46FB707B68D3F8043523F0030216
:10075000FB7803F003031A437B68C3F8042500BF4A
:100760000C37BD4680BC704780B483B000AF786062
:100770000B46FB707B68D3F8083523F00302FB7847
:1007800003F003031A437B68C3F8082500BF0C3746
:10079000BD4680BC704780B483B000AF78603960DC
:1007A0007B683A68C3F8102500BF0C37BD4680BC93
:1007B000704780B483B000AF78600B46FB70FA7866
:1007C0007B6802F5A87253F8223018460C37BD46F4
:1007D00080BC704780B483B000AF78607B6847F618
:1007E000FF7293428CBF01230023DBB218460C3703
:1007F000BD4680BC704780B582B000AF78607B6832
:10080000DB081846FFF7E6FF034618460837BD46E3
:1008100080BD80B582B000AF78607B689B68184669
:10082000FFF7D8FF034618460837BD4680BD80B4A1
:1008300083B000AF78607B6818460C37BD4680BC3B
:10084000704780B586B000AFF860B9601346FB71A1
:10085000F868FFF7ECFF7861BB68DB007A69134446
:100860003B61F868FFF7D5FF0346002B05D0FB7905
:100870009B003A6913441B6804E0FB795B003A690A
:1008800013441B8818461837BD4680BD80B586B016
:1008900000AFF860B9603B601346FB71F868FFF782
:1008A000C6FF7861BB68DB007A6913443B61F86876
:1008B000FFF7AFFF0346002B06D0FB799B003A6998
:1008C00013443A681A6006E0FB795B003A69134406
:1008D0003A6892B21A8000BF1837BD4680BD80B515
:1008E00082B000AF78603960012239687868FFF71C
:1008F000A8FF03465B0818460837BD4680BD80B593
:1009000086B000AFF860B9601346FB71F868FFF776
:100910008EFF7861BB68DB007A6913443B61F8683D
:10092000FFF777FF0346002B14D0FB79002B08D08C
:100930003B6904331A683B69043342F001021A60D0
:100940001EE03B6904331A683B69043322F001025C
:100950001A6015E0FB79002B09D03B6902331A8835
:100960003B69023342F0010292B21A8008E03B690F
:1009700002331A883B69023322F0010292B21A80D4
:1009800000BF1837BD4680BD80B584B000AFF860A9
:10099000B9607A607B685B000122B968F868FFF78C
:1009A00075FF00BF1037BD4680BD80B582B000AF77
:1009B00078603960022239687868FFF742FF0346A1
:1009C00018460837BD4680BD80B584B000AFF860DA
:1009D000B9607A607B680222B968F868FFF756FF51
:1009E00000BF1037BD4680BD80B584B000AFF86051
:1009F000B9607A607B680322B968F868FFF746FF40
:100A000000BF1037BD4680BD80B584B000AFF86030
:100A1000B9607A607B680022B968F868FFF736FF32
:100A200000BF1037BD4680BD80B582B000AF786092
:100A30007868FFF7EEFE0346002B01D0082300E0A4
:100A4000042318460837BD4680BD80B582B000AF8C
:100A500078607868FFF7CFFE0346002B01D00823AB
:100A600000E0042318460837BD4680BD80B483B03B
:100A700000AF78607B680733DB0818460C37BD464B
:100A800080BC704780B582B000AF78607868FFF7AF
:100A9000CBFF034601331846FFF7E8FF034618462D
:100AA0000837BD4680BD90B583B000AF786039602F
:100AB0007868FFF7AEFE0346002B0CD039687868E3
:100AC000FFF70DFF04467868FFF7DCFF03469C4202
:100AD00001D2012300E0002303F00103DBB218463A
:100AE0000C37BD4690BD80B584B000AF78603960EA
:100AF0007868FFF7C7FF02463B689B1A0133FB602B
:100B0000FB68B3FA83F3C3F11F0318461037BD46E1
:100B100080BD80B588B000AFF860B9607A607B684E
:100B200004339B00FA681344FB61FB691B68002BCC
:100B300016D1FB68DA6801217B6801FA03F31A43D6
:100B4000FB68DA60FB69BA681A60BA68B968F86865
:100B5000FFF73AFFBA68B968F868FFF745FF1BE08E
:100B6000FB691B68BB61B969F868FFF71EFF786114
:100B70007A69B968F868FFF727FFBA69B968F86851
:100B8000FFF732FFBA687969F868FFF72DFFBA6896
:100B9000B969F868FFF718FF00BF2037BD4680BD70
:100BA00080B584B000AF7860396039687868FFF745
:100BB0007AFF034683F00103DBB2002B0ED03968C5
:100BC0007868FFF78CFE034619467868FFF78BFFBD
:100BD000F860FA6839687868FFF79BFF00BF103744
:100BE000BD4680BD80B58CB000AFF860B9607A605A
:100BF0007868FFF72AFF02467B689B1A7B60BB6818
:100C0000073323F00703BB62BA687B68134423F001
:100C100007037B627A6ABB6AD31ADB083B62BB6A52
:100C2000FB61FB68FA691A60FB693A6A9A60FB69C2
:100C30000022DA60396AF869FFF755FF034601338D
:100C4000BB61BB6904339B001846FFF70FFF786157
:100C50000023FB6208E0FB69FA6A0432002143F8D2
:100C60002210FB6A0133FB62FA6ABB699A42F2DB2B
:100C70007A690021F869FFF787FE00220021F869F0
:100C8000FFF7C2FE01220021F869FFF738FE3A6A39
:100C90007B69D31A1A467969F869FFF775FE7A6994
:100CA0007969F869FFF7B0FE0022396AF869FFF741
:100CB0006BFE3A6A7B69D31A1A46396AF869FFF7FC
:100CC000A3FE0122396AF869FFF719FE7969F8690C
:100CD000FFF766FF00BF3037BD4680BD80B58AB0E4
:100CE00004AFB9607B600346FB731346BB7307F127
:100CF0002C037B61BA7BF87B7B690393BB6A02930D
:100D00007B6A01933B6A00937B68B968F2F720FA2B
:100D100000BF1837BD4680BD80B582B000AF786097
:100D20007868F0F799FB034618460837BD4680BD42
:100D300090B587B000AFF860B9607A603B60BB6A7D
:100D40007B61BC687B693A687968F868A0470346AC
:100D500018461C37BD4690BD80B588B000AF78609E
:100D60007B68FB61FB697B61FB691B789B003B61D6
:100D7000FB6901331B78FB60FB6902331B78BB60A6
:100D8000FA693B691344FB61FA69BB681344FB6170
:100D90000023BB610DE0FB690133FB61F869FDF7DE
:100DA00085F903460133FA691344FB61BB690133DA
:100DB000BB61BA69FB689A42EDD3FA697B69D31AC1
:100DC00018462037BD4680BD80B584B000AFF860BE
:100DD000B9607A607B80FB68002B05D17868FDF7ED
:100DE00065F90346013312E07B88002B07D1786850
:100DF000FDF75CF903469BB201339BB200E07B88B0
:100E00007B807988FB68BA687868984703461846FB
:100E10001037BD4680BD80B590B002AFF860B960B4
:100E20007A603B603B68FB623B68BB62FB6A002BFD
:100E300002D16FF0150343E0BB6A1B789B007B6215
:100E4000BB6A5B783B62BB6A9B78FB61BB6ADB7801
:100E5000BB617A6AFB691A44BB695B001344FA6A96
:100E600013447B6300233B6318E07B6B1B787B613F
:100E70007B6B01337B637B699B00FA6A13443B61A4
:100E80003B697A6B1A60786BFDF710F90346013302
:100E90007A6B13447B633B6B01333B633A6B3B6A76
:100EA0009A42E2D3FB6A0833FB62BB6A5A68FB6A68
:100EB000009313467A68B968F868FFF739FF03466C
:100EC00018463837BD4680BD80B483B000AF0346B6
:100ED000FB71FB793F2B04D9FB797A2B01D80123D5
:100EE00000E0002303F00103DBB218460C37BD46D7
:100EF00080BC704780B586B000AF78603960002351
:100F0000FB7500233B6131E0FB7D002B1DD03A696E
:100F10003B689A420DD1FB7B702B01D101232EE05F
:100F2000FB7B1846FFF7D0FF0346002B0DD00023B4
:100F300025E0FB7B1846FFF7C7FF0346002B04D0D4
:100F40003B6901333B610023FB75FB7B252B0DD1F6
:100F5000FB7D002B14BF01230023DBB283F00103D0
:100F6000DBB2FB75FB7D03F00103FB757B685A1C4C
:100F70007A601B78FB73FB7B002BC5D100231846DE
:100F80001837BD4680BD80B483B000AF78600023C1
:100F900018460C37BD4680BC704780B58CB000AF9A
:100FA000786039603968786801F029FC00BF303713
:100FB000BD4680BD0FB480B582B000AF07F1140309
:100FC0007B6079683869FFF7E8FF00BF0837BD46E6
:100FD000BDE8804004B0704780B500AFFAF73AF939
:100FE0000346184680BD80B582B000AF786078684F
:100FF000F3F7E0FF00BF0837BD4680BD80B483B083
:1010000000AF78607B68002B07D07B685A1E7B6836
:101010001340002B01D1012300E0002303F0010362
:10102000DBB218460C37BD4680BC704780B584B033
:1010300000AFF860B9607A607A68B968F86807F05C
:10104000E6FF034618461037BD4680BD80B584B024
:1010500000AFF860C7E90023D7E90023F868F8F784
:10106000B9FD034618461037BD4680BD80B582B035
:1010700000AF78607868F8F71FFD00BF0837BD46FD
:1010800080BD80B584B000AF786039601C2200213B
:101090007868FCF7B3FF3B68DA687B689A613B6865
:1010A0009A687B685A613B681A687B68DA613B68BA
:1010B0005A687B681A627B6800225A623B681A6928
:1010C0007B681A617B681B6A1846FFF797FF034627
:1010D000002B05D07B681B6943F001027B681A6115
:1010E0007B682833012200211846FFF79FFFF86034
:1010F00000BF1037BD4680BD80B483B000AF7860BC
:1011000039607B681B6903F00803002B04D03B683F
:1011100000221A60002316E07B68DA687B681B688F
:101120009A4208D97B68DA687B681B68D21A3B68E8
:101130001A60002307E07B681A6A7B681B68D21A72
:101140003B681A60012318460C37BD4680BC7047C7
:1011500080B483B000AF786039607B681B6903F0AE
:101160000803002B05D17B689A687B685B689A420C
:1011700008D97B681A6A7B689B68D21A3B681A6038
:10118000012307E07B685A687B689B68D21A3B683A
:101190001A60002318460C37BD4680BC704780B5E6
:1011A00084B000AF786007F10C0319467868FFF748
:1011B000A3FF0346002B05D07B68DA68FB68134465
:1011C000013BFB607B681A6AFB68D31A013B184637
:1011D0001037BD4680BD80B584B000AF78607B68B5
:1011E0001B6903F00403002B0ED07B685B6AFB6075
:1011F0007868FFF7D4FFB860BA68FB689A4238BFD6
:101200001A467B685A6200E000BF1037BD4680BDB9
:1012100080B483B000AF78607B681B78C3F30003B1
:10122000DBB218460C37BD4680BC704780B483B033
:1012300000AF78607B681B7803F00103DBB2002B02
:1012400008D17B681B7803F00203DBB2002B01D1CD
:10125000012300E0002303F00103DBB218460C3742
:10126000BD4680BC704780B487B000AFF860B960FD
:101270007A607B68BA6813447B61FB681B6903F082
:101280000103002B05D0FB681B6A5A1E7B691340C3
:101290000AE0FB681B6A7A699A4204D3FB681B6AFE
:1012A0007A69D31A00E07B6918461C37BD4680BCBA
:1012B000704780B483B000AF78607B681B7803F020
:1012C0000203DBB2002B0BD07B681B7803F0010319
:1012D000DBB2002B04D17B681B68C3F39D0300E0E5
:1012E000002318460C37BD4680BC704780B582B0DD
:1012F00000AF786039607B68DB683A6819467868C7
:10130000FFF7B1FF02467B68DA607B681B6923F058
:1013100008027B681A6100BF0837BD4680BD80B5F2
:1013200086B000AF786039603B7B23F001033B73EC
:101330003B7B43F002033B733B6823F04042FB6876
:1013400062F39F03FB607B68DA697B681B689B0024
:101350001344FA681A603B687A687A613B617B697A
:101360001B683A6919467869FFF77DFF02467B6979
:101370001A607B691A687B69DB689A4205D17B69D0
:101380001B6943F008027B691A6100BF7B685B68D8
:101390003A6819467868FFF766FF02467B685A602C
:1013A00000BF1837BD4680BD80B58AB000AFF86079
:1013B000B9607A603B60FB68DA69FB68DB689B00B8
:1013C00013443B62386AFFF774FFF8617B680022C0
:1013D0001A603B6800221A60FB69002B0AD0FB6987
:1013E0001946F868FFF782FFFB68DA68FB689A60C5
:1013F00001238BE0FB681B6903F00203002B01D182
:10140000002383E0FB689B69386A9847B861386AB3
:10141000FFF7FEFE034683F00103DBB2002B01D091
:10142000002373E03B6A1B7803F00203DBB2002B5E
:1014300037D0012387F82730BB68002B03D0B96869
:10144000F868FFF76CFFFB685B68BA691946F868D3
:10145000FFF709FF0246FB685A60FB68DA68FB6821
:101460009B689A420CD1FB689B68BA691946F86878
:10147000FFF7F9FE0246FB689A60002387F82730E1
:10148000FB689A68FB681A60FB689A68FB68DA6018
:10149000FB681B6943F00802FB681A6197F8273064
:1014A00034E0BB691946F868FFF720FFFB68DA688B
:1014B000FB689A60BB68002B09D000237B61FB6846
:1014C000DA69FB681B689B0013447A691A60BA6981
:1014D000BB681A443B681A60FB6819683B681B6864
:1014E0001A46F868FFF7BFFE0246FB681A60FB6801
:1014F0001B6943F00802FB681A613A6A137823F00B
:10150000010313707B683A6A1A6001231846283772
:10151000BD4680BD80B586B000AFF860B9607A6026
:101520007B681A46B968F868FFF79DFE7861FB682A
:101530001B687A699A4209D1FB68BA681A60FB682D
:101540001B6923F00802FB681A611FE03B7C23F053
:1015500001033B743B7C43F002033B747B6823F044
:1015600040423B6962F39F033B61FB68DA69BB68F9
:101570009B0013443A691A60FB685B687A681946F5
:10158000F868FFF770FE0246FB685A601837BD46E0
:1015900080BD80B5A6B000AFF860B960C7E9002390
:1015A0000023C7F894300023FB62012387F89330AF
:1015B00000237B620023C7F88C30FB681B6ABA6883
:1015C0009A4201D900230DE1FB681433C7F880303B
:1015D000EFF31183FB67FB6FBB6720237B677B6F98
:1015E00083F3128800BFBFF36F8F00BFBB6FBB6177
:1015F000D7F880303B6700BFD7F88030FB6600BF6C
:10160000BB693B627B6A002B08D07B6A1A46D7F81D
:101610008C10F868FFF77EFF00237B6207F1280338
:101620001946F868FFF768FD034687F88B30BB6AF8
:10163000BA689A4232D8FB68DA69FB681B689B007B
:101640001344C7F89430D7F89420137823F001039B
:101650001370D7F89420137823F002031370BB683B
:10166000FA68BA667B66BB6E1B687A6E1946B86EFE
:10167000FFF7F9FD0246BB6E1A60BB6E1A68BB6EBF
:10168000DB689A4205D1BB6E1B6943F00802BB6E52
:101690001A6100BF002387F893307BE097F88B3006
:1016A000002B08D0BB6A1946F868FFF738FE012303
:1016B00087F893306EE0D7E900234FF000004FF039
:1016C00000018B4208BF824251D007F06AFD0346F9
:1016D00083F00103DBB2002B49D03B6A3B663B6ED3
:1016E000002B0CBF01230023DBB2002B3FD0FB6893
:1016F00014333A6A7A617B647B693B643B6CFB63BD
:10170000FB6B83F3118800BFBFF36F8F00BF00BF77
:1017100000BFFB6803F12801D7E900230846FFF763
:1017200095FCC7F88400FB681433FB65EFF3118365
:10173000BB65BB6D7B6520233B653B6D83F31288E6
:1017400000BFBFF36F8F00BF7B6D3B61FB6DFB6420
:1017500000BFFB6DBB6400BF3B693B62D7F88430C0
:10176000002B0CBF0123002387F8933012E097F879
:101770009330002B0ED0FB681B68C7F88C30B96A19
:1017800007F1240307F12C02F868FFF70DFE03466A
:1017900087F89330FB6814333A6AFA61BB63FB69DC
:1017A0007B637B6B3B633B6B83F3118800BFBFF3B1
:1017B0006F8F00BF00BF00BFFB6A002B0BD0FB6820
:1017C0005B69002B05D0FB685B69FA6A1146F86813
:1017D00098470023FB6297F89330002B7FF4F4AE18
:1017E000D7F8943018469837BD4680BD80B590B084
:1017F00000AF786039607B689B6938689847F86308
:101800007B681433FB62EFF31183BB62BB6A7B62BC
:1018100020233B623B6A83F3128800BFBFF36F8FC4
:1018200000BF7B6A3B61FB6AFB6100BFFB6ABB6177
:1018300000BF3B697B613A68137843F00103137082
:101840007B685B68FA6B19467868FFF70CFD024607
:101850007B685A607868FFF7BEFC7B6814337A694E
:10186000FA60BB63FB687B637B6B3B633B6B83F31F
:10187000118800BFBFF36F8F00BF00BF00BF00BF64
:101880004037BD4680BD90B595B000AF786000236D
:1018900087F84730002387F84F307B681433BB63E9
:1018A000EFF311837B637B6B3B632023FB62FB6A5B
:1018B00083F3128800BFBFF36F8F00BF3B6BBB6029
:1018C000BB6BBB6200BFBB6B7B6200BFBB683B6195
:1018D00007F1140319467868FFF73AFC7B68DA6968
:1018E0007B689B689B001344BB647B69002B05D01D
:1018F000B86CFFF79BFC0346002B02D00023BB64AF
:1019000044E0B86CFFF7D5FC38643B6C002B08D181
:10191000B86CFFF77DFC034683F00103DBB2002BBC
:1019200020D03B6C002B05D17B689B69B86C984735
:10193000034600E03B6CFB637B689B68FA6B1946CF
:101940007868FFF790FC02467B689A60FB6B19464B
:101950007868FFF7CBFC012387F84F30012387F825
:10196000473013E0BA6C137843F0020313707B68BE
:101970009C687B689B69B86C984703461A46214669
:101980007868FFF770FC02467B689A607B681433C6
:101990003A69FA603B62FB68FB61FB69BB61BB694A
:1019A00083F3118800BFBFF36F8F00BF00BF00BF7C
:1019B00097F84F30002B7FF46DAF97F84730002B2E
:1019C00007D0BB6C002B04D17B6828331846FFF787
:1019D0004DFBBB6C18465437BD4690BD80B590B0EA
:1019E00000AF786039607B689B6938689847F86316
:1019F0007B6814337B63EFF311833B633B6BFB62C8
:101A00002023BB62BB6A83F3128800BFBFF36F8FD2
:101A100000BFFB6ABB607B6B7B6200BF7B6B3B6282
:101A200000BFBB683B613B68BB63BA6B137823F0B4
:101A3000010313707B681B6903F00203002B08D0BD
:101A40007B68DA697B68DB689B0013443A689A42DA
:101A50001AD1BA6B137823F0020313707B68DA682B
:101A60007B689B689A4209D17B689B68FA6B194630
:101A70007868FFF7F8FB02467B689A60FB6B1946B3
:101A80007868FFF733FC07E0FB6B23F04041BA6B4B
:101A9000136861F39F0313607B6814333A69FA603B
:101AA000FB61FB68BB61BB697B617B6983F3118868
:101AB00000BFBFF36F8F00BF00BF00BF7B6828333C
:101AC0001846FFF7D3FA00BF4037BD4680BD80B54A
:101AD00090B000AF78607B6814333B63EFF3118301
:101AE000FB62FB6ABB6220237B627B6A83F3128802
:101AF00000BFBFF36F8F00BFBB6A3B613B6B3B62B4
:101B000000BF3B6BFB6100BF3B697B6107F11803C2
:101B100019467868FFF71CFB7B6814337A69FA6012
:101B2000FB63FB68BB63BB6B7B637B6B83F31188DD
:101B300000BFBFF36F8F00BF00BF00BFBB69002BAA
:101B400014BF01230023DBB218464037BD4680BDD9
:101B500080B483B000AF78607B6800221A607B6835
:101B600000225A6000BF0C37BD4680BC704780B46D
:101B700083B000AF78607B681B6818460C37BD46A1
:101B800080BC704780B483B000AF786039607B68F8
:101B90003A681A6000BF0C37BD4680BC704780B4FD
:101BA00083B000AF786039607B683A681A6000BF24
:101BB0000C37BD4680BC704780B483B000AF7860FE
:101BC00039607B683A685A6000BF0C37BD4680BCFC
:101BD000704780B483B000AF78607B681B6818469C
:101BE0000C37BD4680BC704780B483B000AF7860CE
:101BF0007B685B6818460C37BD4680BC704780B573
:101C000082B000AF78607868FFF7E3FF0346002BEF
:101C10000CBF01230023DBB218460837BD4680BD48
:101C200080B582B000AF78607868FFF7A0FF034608
:101C300018460837BD4680BD80B582B000AF7860D9
:101C40007B68002B04D07868FFF7EAFF034600E0CA
:101C5000002318460837BD4680BD80B582B000AF6E
:101C60007860396000213868FFF78CFF7868FFF7EB
:101C7000BBFF0346002B08D139687868FFF79CFF4B
:101C800039687868FFF78BFF0BE07868FFF7ACFFE7
:101C9000034639681846FFF775FF39687868FFF71B
:101CA0008BFF0837BD4680BD80B584B000AF78603B
:101CB0007868FFF78EFFF860F868FFF758FF034673
:101CC00019467868FFF76BFF7868FFF78DFF0246CB
:101CD000FB68934207D17868FFF77BFF03461946FC
:101CE0007868FFF769FFFB6818461037BD4680BD6E
:101CF00080B483B000AF786039603B689BB203F07A
:101D000007039AB27B681B8B23F007039BB2134334
:101D10009AB27B681A8300BF0C37BD4680BC7047FF
:101D200080B584B000AF786039607B68002B02D04A
:101D30003B68002B02D16FF0150310E03B680433C1
:101D4000184600F069FAF860FB68002B06D13B6882
:101D50009B68032B02D96FF01503FB60FB681846E4
:101D60001037BD4680BD80B48BB000AF786039605D
:101D70007B68002B0AD03B68002B07D03B681B68B0
:101D8000002B03D03B685B68002B02D16FF015037A
:101D90000DE07B681A460023136053609360D360A4
:101DA0001361536193617B683A681A610023184696
:101DB0002C37BD4680BC704790B589B000AFF86045
:101DC000B9607A60FB6808337B617869FFF701FFCF
:101DD0000346002B04D07869FFF7FBFE034600E0C2
:101DE0000023FB61FB69002B0ED0FB691846FFF74F
:101DF00023FF0346002B05D0FB691846FFF71CFFA5
:101E0000034602E0002300E00023BB611CE0FB6905
:101E10005C687B68BA68F969F868A047BB69FB61D0
:101E2000FB69002B0ED0FB691846FFF705FF034640
:101E3000002B05D0FB691846FFF7FEFE034602E0C3
:101E4000002300E00023BB61FB69002BDFD100BF52
:101E500000BF2437BD4690BD90B587B000AFF86095
:101E6000B9607A603B60BB6804333968184600F09B
:101E700001FA78617B69002B05D07C693B687A6840
:101E8000B968F868A04700BF1C37BD4690BD80B553
:101E900086B000AFF860B9607A603B600BE0B8686C
:101EA000FFF702FF78617B693B613B687A683969BB
:101EB000F868FFF7D1FFB868FFF7A1FE034683F08B
:101EC0000103DBB2002BEAD100BF00BF1837BD46CB
:101ED00080BD80B58AB000AF786039607B6814330C
:101EE0007B62EFF311833B623B6AFB612023BB61A2
:101EF000BB6983F3128800BFBFF36F8F00BFFB691C
:101F0000BB607B6A7B6100BF7B6A3B6100BFBB68D3
:101F1000FB607B683A685A61FA6801217868F0F7DB
:101F200009FA00BF2837BD4680BD80B584B000AF38
:101F300078600023FB607B681B8B03F00703BB60AA
:101F4000BB68002B0CD17B681846FFF758FE034690
:101F500083F00103DBB2002B02D00323FB6018E007
:101F6000BB68022B06D17B685B8B002B02D104235C
:101F7000FB600EE0BB68012B0BD17B681846FFF7B6
:101F80003EFE034683F00103DBB2002B01D00523A4
:101F9000FB60FB6818461037BD4680BD80B586B033
:101FA00000AFF860B9607A60FB681B8B03F0070331
:101FB0003B617B68002B0EDABB68FA6892E803008D
:101FC00083E80300FB681846FFF7C2FD0121F868AB
:101FD000FFF78EFE69E03B69062B02D03B69052BBB
:101FE0004ED1BB68FA6892E8030083E80300FB68FF
:101FF0001846FFF7ADFD3B69062B2FD1B868FFF7F8
:10200000E8FD0346002B04D0B868FFF7E2FD034665
:1020100000E000237B6119E0FB685B8B01339AB21F
:10202000FB685A837B69002B0ED07B691846FFF74B
:1020300003FE0346002B05D07B691846FFF7FCFD25
:10204000034602E0002300E000237B617B69002B54
:10205000E2D10221F868FFF74BFE03E00021F868A7
:10206000FFF746FEF868FFF760FF0346002B1CD021
:10207000FB681B8B43F020039AB2FB681A8314E0C1
:102080003B69042B11D10021F868FFF731FEF86895
:10209000FFF74BFF0346002B07D0FB681B8B43F079
:1020A00020039AB2FB681A83FFE700BF1837BD46CA
:1020B00080BD80B592B000AF78603960002387F8AA
:1020C0004730002387F84630002387F845303968C9
:1020D0007868FFF725FE38643B6C002B01DA3B6C17
:1020E00087E07B681433BB63EFF311837B637B6B07
:1020F0003B632023FB62FB6A83F3128800BFBFF3BC
:102100006F8F00BF3B6BFB60BB6BBB6200BFBB6BE9
:102110007B6200BFFB687B617B681B8B03F007035E
:10212000FB637B685B8B4FF6FF72934203D16FF0CA
:102130000A033B642CE0FB6B3B64FB6B022B09D175
:10214000012387F845307B685B8B01339AB27B684B
:102150005A831DE0FB6B002B05D0FB6B042B02D0D8
:10216000FB6B062B0AD1FB6B002B0CBF012300235A
:1021700087F84630012387F8473009E0FB6B052BD1
:1021800003D16FF085033B6402E06FF004033B640E
:1021900097F84730002B05D07B683A6811461846FF
:1021A000FFF75BFD97F84630002B05D07A690221D6
:1021B0007868F0F7BFF81BE07B6814337A693A61FE
:1021C0003B623B69FB61FB69BB61BB6983F31188BF
:1021D00000BFBFF36F8F00BF00BF00BF97F845304F
:1021E000002B05D00023FA6B39687868FFF734FEBE
:1021F0003B6C18464837BD4680BD80B485B000AF03
:1022000078607B685B68FB60FB6803F0030318463B
:102210001437BD4680BC704780B584B000AF78608D
:102220000023FB607B68002B02D16FF015031DE0DB
:102230007868FFF7E2FF0346012B0DD0032B07D18F
:102240007B681B68002B09D16FF01503FB6005E06C
:102250006FF01503FB6002E000BF00E000BFFB6809
:10226000002B02D17B6800229A60FB681846103769
:10227000BD4680BD80B586B000AF78603960002370
:102280003B6100237B617868FFF7B7FFF8607B68EC
:102290003A689A60FB68032B09D0FB68032B0FD8C0
:1022A000FB68012B0BD0FB68022B04D008E07B6895
:1022B0001B687B6104E07B681B683B6100E000BF3A
:1022C0007B6800225A607B6918461837BD4680BD7E
:1022D00080B400AF00BFBD4680BC704790B482B0F0
:1022E00000AF786039603A687B68D3E8EF1F01EB94
:1022F0000200C3E8E40F002CF7D10B46184608375C
:10230000BD4690BC704790B482B000AF7860396031
:102310003A687B68D3E8EF1FA1EB0200C3E8E40F43
:10232000002CF7D10B4618460837BD4690BC7047C5
:1023300080B582B000AF786001217868FFF7CEFFEA
:10234000034618460837BD4680BD80B582B000AF51
:10235000786001217868FFF7D6FF034618460837F2
:10236000BD4680BD80B483B000AF786039603A6804
:102370007B68D3E8EF1FC3E8E02F0028F9D10B46B4
:1023800018460C37BD4680BC704780B500AF03F0DF
:10239000BCFE0346184680BD80B58AB004AFB96064
:1023A0007B600346FB731346BB7307F12C037B6111
:1023B000BA7BF87B7B690393BB6A02937B6A0193C8
:1023C0003B6A00937B68B968F0F7C2FE00BF18371C
:1023D000BD4680BD80B483B000AF78607B681B7859
:1023E00003F00403DBB2002B0CBF01230023DBB29C
:1023F00018460C37BD4680BC704780B483B000AF30
:1024000078607B68C3F34A239BB21A46FB88C3F308
:102410000B139BB21344173323F0070303339B08BA
:1024200018460C37BD4680BC704780B584B000AFFD
:1024300078607B68FB60F868FFF7CCFF0346002BF1
:1024400007D0FB68BB60BB681868FFF7D6FF034680
:1024500000E0002318461037BD4680BD2DE9B04F7F
:1024600088B000AFF861FB6923EAE373DA173B61D8
:102470007A61D7E904234FF000004FF000015901C1
:1024800041EAD261500102460B46D7E90401844675
:10249000B2EB0C088C4663EB0C094FF000024FF0D6
:1024A00000034FEA891343EA98634FEA8812B2EBBC
:1024B000080463EB09054FF000024FF00003EB0046
:1024C00043EA5473E20014461D46034614EB030A24
:1024D0000B4645EB030B1AEB0A033B604BEB0B037C
:1024E0007B60D7E900AB52465B4640F2E7315118BA
:1024F000B96043F10003FB604FF47A724FF00003C0
:10250000D7E90201EEF7A6F802460B461046194637
:1025100000F070F801460B4618462037BD46BDE86E
:10252000B08F2DE9B04F00AF00F09EF802460B4689
:102530001046194602460B464FF0000A4FF0000BBA
:102540004FEA431B4BEAD26B4FEA421A52465B46B4
:10255000141A63EB01054FF000024FF00003AB00CB
:1025600043EA9473A20014461D4614EB000845EBA1
:1025700001094FF000024FF000034FEAC90343EA9C
:1025800058734FEAC802904699464046494647F676
:1025900012224FF00003EEF75DF802460B4610469C
:1025A0001946BDE8B08F80B500AFFFF7EEFE0346D9
:1025B000184680BD80B58CB008AFF860B9607A600D
:1025C0003B60D7E90C23CDE90623BB6A04937B6A01
:1025D00003933B6A0293FB690193BB6900933B68D9
:1025E0007A68B968F86806F0F8FD034618461037AF
:1025F000BD4680BD80B582B000AFC7E90001D7E914
:10260000000107F0B1F9034618460837BD4680BD02
:1026100080B582B000AF7860396039687868F7F7C4
:1026200065FB034618460837BD4680BD80B586B0B9
:1026300002AFF860C7E90023D7E90623CDE90023FC
:10264000D7E90023F868F9F7AFFE00BF1037BD46A1
:1026500080BD80B582B000AF78607868F9F72CFF54
:1026600000BF0837BD4680BD80B500AF07F0BFFB97
:1026700002460B461046194680BD80B584B000AFB7
:10268000F860C7E90023D7E90023F868F7F7A2FA52
:10269000034618461037BD4680BD80B582B000AFF6
:1026A00078607868F7F708FA00BF0837BD4680BD44
:1026B00080B582B000AF78607B681B68DB68002B58
:1026C00004D07B681B68DB68786898477B685B6828
:1026D00001229A7100BF0837BD4680BD80B582B027
:1026E00000AF78607B681B681B69002B06D07B6895
:1026F0001B681B6978689847034600E0002318466A
:102700000837BD4680BD80B582B000AF78603960C3
:102710007B681B681B6839687868984700BF083772
:10272000BD4680BD80B582B000AF786039607B68FF
:102730001B685B68002B05D07B681B685B68396889
:102740007868984700BF0837BD4680BD80B582B025
:1027500000AF78607B681B689B687868984700BF0B
:102760000837BD4680BD80B483B000AF78600B46AB
:10277000FB707B685B68FA781A7100BF0C37BD4646
:1027800080BC704780B483B000AF78607B685B68C2
:102790005B7918460C37BD4680BC704780B584B065
:1027A00000AFF8600B467A60FB72FB681B689B69A0
:1027B000002B06D0FB681B689B69F97A7A68F86879
:1027C000984700BF1037BD4680BD80B582B000AFCE
:1027D000786039600120F0F7B7F900BF0837BD46CF
:1027E00080BD80B500AFF0F73DF90346184680BDC7
:1027F00080B400AF00231846BD4680BC704780B54A
:1028000086B004AF786039603B6803937B680293BD
:1028100000230193002300930023002200210020C5
:10282000F0F796FC0837BD4680BD80B500AFFFF7D6
:10283000BAFE0346184680BD80B586B000AF78600A
:102840007B687B612DE07B6993FAA3F3B3FA83F392
:102850003B613869EFF7C4FEF86001223B6902FA78
:1028600003F3DB437A6913407B61FB681B7B002B1E
:1028700017D0F868FFF732FF0346002B11D104236D
:10288000BB6001223B6902FA03F3DB437A68134021
:102890007B60FB685B681B68BA681946F86800F0E3
:1028A000EBF87B69002BCED17B6818461837BD4604
:1028B00080BD80B582B000AF786039603868FFF7BE
:1028C00089FD034683F00103DBB2002B01D0012315
:1028D00000E0012318460837BD4680BD80B400AF34
:1028E00000231846BD4680BC704780B582B000AF5B
:1028F000786039604FF000024FF000033968786863
:10290000FEF747FE014600BF0B4618460837BD4696
:1029100080BD80B586B000AF786039603B687B6170
:102920000023FB747B6919467868FEF75FFFEFF7B9
:1029300079FE1837BD4680BD80B582B000AF7860A3
:1029400039603B6819467868FFF748F800BF0837D8
:10295000BD4680BD80B582B000AF78607868FFF773
:10296000B6F8034618460837BD4680BD80B400AFB0
:1029700000231846BD4680BC704780B483B000AFCA
:102980000346FB71012318460C37BD4680BC7047D7
:1029900080B483B000AF786039607B685B683A6868
:1029A0001A607B685B6801225A7100BF0C37BD4614
:1029B00080BC704780B483B000AF786039607B68BA
:1029C0009A683B685B0013449B8818460C37BD46E9
:1029D00080BC704790B587B002AFF860B9603B60CB
:1029E0001346FB80FB681B68DC68FA883B6A00932F
:1029F0003B68B968F868A047034618461437BD46D7
:102A000090BD80B584B000AF0346FB7107F10B02A7
:102A1000FB7911461846F0F735FAF860FB7A19464B
:102A2000F868FFF7C7FF034618461037BD4680BD5C
:102A300080B582B000AF78607B68DBB21846FFF7E4
:102A40009CFF0346002B03D0F0F712FA034605E083
:102A50007B68DBB21846FFF7D4FF034618460837F9
:102A6000BD4680BD80B483B000AF7860396000BFE0
:102A70000C37BD4680BC704780B584B000AFF860AD
:102A8000B9607A60FB685B687A68D2B2DA7179689B
:102A9000F868FFF7E7FFB968F868FFF779FFEFF725
:102AA000CBFF00BF1037BD4680BD80B483B000AF00
:102AB00078607B681B6818460C37BD4680BC704741
:102AC00080B483B000AF786039607B683A681A6080
:102AD00000BF0C37BD4680BC704780B483B000AFE8
:102AE000786039607B683A681A6000BF0C37BD4671
:102AF00080BC704780B483B000AF786039607B6879
:102B00003A685A6000BF0C37BD4680BC704780B43D
:102B100083B000AF78607B681B6818460C37BD46F1
:102B200080BC704780B483B000AF78607B685B681E
:102B300018460C37BD4680BC704780B582B000AFE8
:102B400078607868FFF7E3FF0346002B0CBF012392
:102B50000023DBB218460837BD4680BD80B582B081
:102B600000AF78607868FFF7A0FF03461846083783
:102B7000BD4680BD80B582B000AF78607B68002B19
:102B800004D07868FFF7EAFF034600E00023184608
:102B90000837BD4680BD80B582B000AF786039602F
:102BA0007868FFF7B4FF034619463868FFF788FFD7
:102BB00039687868FFF791FF7868FFF7B3FF03463D
:102BC000002B07D17868FFF7A2FF03461946786803
:102BD000FFF790FF0837BD4680BD80B584B000AFD9
:102BE00078607868FFF793FFF860F868FFF75DFF9B
:102BF000034619467868FFF770FF7868FFF792FF81
:102C00000246FB68934207D17868FFF780FF0346CE
:102C100019467868FFF76EFFFB6818461037BD4607
:102C200080BD80B582B000AF78607868FFF785FF1F
:102C30000346002B04D17868FFF7CFFF034600E07E
:102C4000002318460837BD4680BD80B584B000AF6C
:102C5000F860B9607A60BB68002B17D17868FFF71D
:102C600024FF03461946F868FFF737FFF868FFF7B7
:102C700059FF02467B6893421BD1F868FFF747FF74
:102C800003461946F868FFF735FF12E07868FFF74A
:102C90000CFF03461946B868FFF712FFF868FFF704
:102CA00041FF02467B68934203D1B968F868FFF799
:102CB00021FF00217868FFF703FF1037BD4680BD74
:102CC00090B589B000AFF860B9607A600023FB610D
:102CD0000023FB75FB681846FFF719FF0346002B1E
:102CE00005D0FB681846FFF712FF034600E00023FB
:102CF000BB612FE0FB681B69BA695268B96810466E
:102D000098470346002B07D0FB685B695A1CFB6899
:102D10005A610123FB7522E0BC69FB681846FFF786
:102D200001FF03469C4219D0BB69FB61BB69002BC4
:102D30000ED0BB691846FFF71DFF0346002B05D0D8
:102D4000BB691846FFF716FF034602E0002300E0C8
:102D50000023BB61BB69002BCCD100E000BFFB7D31
:102D6000002B0CD0FB68BA69F9691846FFF76DFFB4
:102D7000FB68BA6911461846FFF70DFF16E0FB68BD
:102D80009B695A1CFB689A61FB6808331846FFF779
:102D900048FF38613B69002B02D03B69BB6105E00D
:102DA000FB68BA69F9691846FFF74FFFBB6903F181
:102DB00008027B681A60BB69BA685A60FB7D1846D6
:102DC0002437BD4690BD80B584B000AF78603960CF
:102DD0003B68083BFB607B68FA6811461846FFF7C2
:102DE000DAFE00BF1037BD4680BD80B400AF0023BF
:102DF0001846BD4680BC704780B586B000AFF8600D
:102E0000B9607A607B687B61BB68002B01D10023CD
:102E10001BE07B695A687B699B68D31ABA689A423F
:102E200002D96FF01B0310E07B691A687B699B680D
:102E30001344BA68F9681846EDF746FB7B699A684F
:102E4000BB681A447B699A60BB6818461837BD4650
:102E500080BD80B58AB004AFB9607B600346FB7368
:102E60001346BB7307F12C037B61BA7BF87B7B694C
:102E70000393BB6A02937B6A01933B6A00937B686E
:102E8000B968F0F765F900BF1837BD4680BD80B45A
:102E900083B000AF78607B68C3F34A239BB21A46C5
:102EA000FB88C3F30B139BB21344173323F00703C0
:102EB00003339B0818460C37BD4680BC704780B46E
:102EC00083B000AF78607B681B78C3F3C203DBB2CA
:102ED00018460C37BD4680BC704780B483B000AF45
:102EE00078607B685B6818460C37BD4680BC7047CD
:102EF00080B584B000AFF860B9607A603B603B6831
:102F00007A68B968F868F0F79BF800BF1037BD46DB
:102F100080BD80B582B000AF78607868F0F780F847
:102F2000034618460837BD4680BD80B483B000AF65
:102F30000346FB71012318460C37BD4680BC704721
:102F400080B586B000AFF860B9607A603B60FB681E
:102F5000002B03D10020EFF7F7FD1CE03B68002BAE
:102F600010D0FB6810337A68C2F34A2292B213443D
:102F70007B61FB88C3F30B139BB21A4639687869EF
:102F8000EDF7A2FAFB687A681A60FB68BA685A60C3
:102F9000F868EFF737FE1837BD4680BD80B584B0BE
:102FA00000AF78607868FFF78AFF03461846FFF79E
:102FB000BCFF034683F00103DBB2002B05D0786829
:102FC000FFF78BFF03461BB20EE07868FFF785FF23
:102FD000F860FB68002B05D0F868FFF79AFF0346FE
:102FE0001BB201E04FF0FF3318461037BD4680BDDD
:102FF00090B482B000AF786039603A687B68D3E8FB
:10300000EF1F01EB0200C3E8E40F002CF7D10B46E1
:1030100018460837BD4690BC704780B582B000AFF7
:10302000786001217868FFF7E3FF03461846083708
:10303000BD4680BD80B483B000AF78607B681B78EC
:10304000C3F3C203DBB218460C37BD4680BC7047E1
:1030500080B483B000AF78607B681B88C3F38213B1
:10306000DBB218460C37BD4680BC704780B483B0D5
:1030700000AF78607B689B6818460C37BD4680BC03
:10308000704780B483B000AF7860002318460C37D7
:10309000BD4680BC704780B483B000AF7860002329
:1030A00018460C37BD4680BC704780B483B000AF73
:1030B000786039607B685B88C3F30B139BB21A4658
:1030C0003B681A607B6810337A681268C2F34A2240
:1030D00092B2134418460C37BD4680BC704780B48A
:1030E00083B000AF786039607B681B68C3F34A2304
:1030F0009BB21A463B681A607B68103318460C373F
:10310000BD4680BC704780B586B000AFF860B9603E
:103110007A603B600DE0FB683A687968B868984768
:1031200078617B697A68D31A7B607B69BA681344DB
:10313000BB607B68002BEED100BF00BF1837BD46D7
:1031400080BD80B582B000AF78607B6818687B680E
:1031500099687B685B681B681A467B685B685B687C
:10316000FFF7D1FF7B685B6800221A6000BF083759
:10317000BD4680BD80B586B000AF786039603B68E1
:103180007B617B695B681B687A69D268934202D174
:103190007869FFF7D6FF7B695B681846FFF73DFF4C
:1031A00038617B699A683B6913447A68D2B21A70B5
:1031B000002318461837BD4680BD80B582B000AFE9
:1031C000786039607B680A2B03D139680D20FFF7DE
:1031D000D1FF39687868FFF7CDFF0023184608371C
:1031E000BD4680BD80B584B000AFF8600B467A6004
:1031F000FB72F97A7B680122F868F0F727F900BFC3
:103200001037BD4680BD80B584B000AFF8600B4676
:103210007A60FB72F97A7B680022F868F0F716F999
:1032200000BF1037BD4680BD80B588B002AFF860E2
:10323000B9607A603B607B68102B28BF10237B61EC
:103240003B6A00933B687A69B968F868F0F79CF9C3
:10325000BA687B691344BB607A687B69D31A7B6068
:103260007B68002BE7D100BF00BF1837BD4680BD8B
:1032700080B584B000AFF860B9601346FB71BB68DD
:1032800003F00103DBB2FA791946F868FFF7BBFFD8
:10329000B968F868F0F756F900BF1037BD4680BD31
:1032A00090B595B008AFF860B9607A60B868FFF77C
:1032B000DDFEF862B868FFF7CBFE034687F82B30D7
:1032C000B868FFF7B7FE034687F82A30B868FFF7FB
:1032D00065FE03463B8500237B62B7F92830002B4F
:1032E00009DB97F82A30B7F9282011461846EFF77E
:1032F00047FE034600E000233B6207F11403194632
:10330000B868FFF7ECFEF86107F110031946B868DA
:10331000FFF7CBFEB861B868FFF7B3FE0446B868A4
:10332000FFF7B9FE034618467B69002B01D0FB6905
:1033300000E000233A69796806910592BA6904921F
:10334000039397F82B300293019000943B6A7A6ABA
:10335000F96AF868F0F724FA00BF3437BD4690BD2B
:103360002DE9B04F88B000AFF861FB6923EAE37341
:10337000DA173B617A61D7E904234FF000004FF080
:103380000001590141EAD261500102460B46D7E9DA
:1033900004018446B2EB0C088C4663EB0C094FF039
:1033A00000024FF000034FEA891343EA98634FEAA3
:1033B0008812B2EB080463EB09054FF000024FF0EE
:1033C0000003EB0043EA5473E20014461D46034633
:1033D00014EB030A0B4645EB030B1AEB0A033B60A5
:1033E0004BEB0B037B60D7E900AB52465B4640F2E8
:1033F000E7315118B96043F10003FB604FF47A7272
:103400004FF00003D7E90201EDF724F902460B461D
:103410001046194600F007F801460B4618462037BB
:10342000BD46BDE8B08F80B582B000AFC7E90001EE
:10343000D7E9000106F098FA034618460837BD465A
:1034400080BD80B582B000AF7860786805F0D2FAB0
:1034500000BF0837BD4680BD80B586B000AFF860BC
:10346000B9607A603B600DE0FB683A687968B868DB
:10347000984778617B697A68D31A7B607B69BA6800
:103480001344BB607B68002BEED100BF00BF183730
:10349000BD4680BD80B582B000AF78607B6818689B
:1034A0007B6899687B685B681B681A467B685B6809
:1034B0005B68FFF7D1FF7B685B6800221A6000BF82
:1034C0000837BD4680BD80B483B000AF00237B6069
:1034D0007B6843F002037B607B6843F008037B60FA
:1034E0007B6843F001037B607B6843F004037B60EF
:1034F0007B6818460C37BD4680BC704780B582B0EB
:1035000000AF78607868FFF7C5FF00BF0837BD4699
:1035100080BD80B582B000AF786039603968786866
:10352000F0F79EF900BF0837BD4680BD80B586B074
:1035300000AFF860B9607A603B600DE0FB683A6804
:103540007968B868984778617B697A68D31A7B6034
:103550007B69BA681344BB607B68002BEED100BF67
:1035600000BF1837BD4680BD80B582B000AF78601F
:103570007B6818687B6899687B685B681B681A467B
:103580007B685B685B68FFF7D1FF7B685B68002244
:103590001A6000BF0837BD4680BD80B483B000AF5D
:1035A000786039607B685B683A685A6000BF0C37A6
:1035B000BD4680BC704780B483B000AF00237B6001
:1035C0007B6843F002037B607B6843F008037B6009
:1035D0007B6843F001037B607B6843F004037B60FE
:1035E0007B6818460C37BD4680BC704780B582B0FA
:1035F00000AF78607868FFF7B7FF00BF0837BD46B7
:1036000080BD80B582B000AF786039603968786875
:10361000F0F726F900BF0837BD4680BD80B584B0FD
:1036200000AF78600B46FB707B689B68FB60FB68B3
:103630005B68FA7811467868984700BF1037BD4636
:1036400080BD80B582B000AF78600B46FB70FB7820
:1036500019467868FFF7E2FF00BF0837BD4680BD16
:1036600080B483B000AF7860002318460C37BD46A5
:1036700080BC704780B485B000AFF860C7E9002314
:10368000002318461437BD4680BC704780B586B00D
:1036900000AF786039607B685B681B687B617B6921
:1036A0005B683B61FFF787FFF8603B691B69184661
:1036B000EEF7A8FFB8607B6918683968BB68FA68DC
:1036C000984700BF1837BD4680BD80B485B000AFB5
:1036D000786039607B685B681B68FB60FB685B68CF
:1036E000BB60BB683A681A61002318461437BD46B0
:1036F00080BC704780B584B000AF786039607B686B
:103700005B681B68FB60FB681B6839681846FFF73D
:1037100078FF00BF1037BD4680BD80B584B000AFD4
:10372000F860B9607A607A68B968F868FAF766FC98
:1037300000BF1037BD4680BD80B584B000AFF860D3
:10374000B9607A607A68B968F868ECF7BDFE00BFC6
:103750001037BD4680BD80B58AB004AFB9607B60CC
:103760000346FB731346BB7307F12C037B61BA7BE3
:10377000F87B7B690393BB6A02937B6A01933B6A84
:1037800000937B68B968EFF7E3FC00BF1837BD46CC
:1037900080BD80B588B000AFF860B9607A60FB6822
:1037A0001B68FB61FB68BB617B687B6100BFF968DC
:1037B000F869F0F71FFB00BF2037BD4680BD80B51C
:1037C00000AFF0F753FBF1F7DFFB00BF80BD80B522
:1037D00082B000AF78603960F0F74CFB03465B4283
:1037E0003A6813443B603868F0F752FB3B68083B8B
:1037F0003B603A687B68C3F8AC20F0F73BFB0346BC
:10380000083318460837BD4680BD80B58AB004AF7E
:10381000B9607B600346FB731346BB7307F12C034F
:103820007B61BA7BF87B7B690393BB6A02937B6AFB
:1038300001933B6A00937B68B968EFF789FC00BF8E
:103840001837BD4680BD80B483B000AF7860396062
:1038500000BF0C37BD4680BC704780B483B000AF5A
:1038600078600B46FB70002318460C37BD4680BCC1
:10387000704780B483B000AF786039607B683A6885
:103880009A607B6800221A6100BF0C37BD4680BC7D
:10389000704780B582B000AF78607B681BB2184675
:1038A000F1F758FA00BF0837BD4680BD80B582B039
:1038B00000AF78607B681BB21846F1F767FA00BF6B
:1038C0000837BD4680BD80B584B000AFF860B960F0
:1038D0007A60BB680133BB60FB681BB2B9681846ED
:1038E000F1F778FA00BF1037BD4680BD80B582B0D1
:1038F00000AF786000210120F0F77CFA00BF0837A4
:10390000BD4680BD80B500AFF1F7A6FAF1F7BEFA6B
:10391000F0F7AAF9F0F7B8F900F081F8F5F7E0FC54
:1039200080B485B000AF78607B68D3F89C30FB60D2
:10393000FB68BB60BB6883F30B8800BF00BF143714
:10394000BD4680BC704780B483B000AF78606FF034
:10395000850318460C37BD4680BC704780B400AF65
:1039600000BFBD4680BC704780B485B000AF7860B2
:1039700061B600BF62B600BF7B68FB60FB68BB60DE
:10398000BB6883F3118800BFBFF36F8F00BF00BF18
:1039900000BF1437BD4680BC704780B483B000AF11
:1039A00072B600BF00237B607B6883F3118800BF81
:1039B000BFF36F8F00BFBFF34F8F00BF30BF62B642
:1039C00000BFBFF36F8F00BF00BF0C37BD4680BC88
:1039D000704780B487B000AF786072B600BF002334
:1039E000FB60FB6883F3118800BFBFF36F8F00BFDC
:1039F000BFF34F8F00BF20BF7B687B617B693B615A
:103A00003B6983F3118800BFBFF36F8F00BF00BF16
:103A100062B600BF00BF1C37BD4680BC704780B592
:103A200082B000AF00237B6008E07B681BB20121FD
:103A30001846F1F71FFB7B6801337B607B68B3F5A9
:103A4000917FF2DB00BF00BF0837BD4680BD80B468
:103A500087B000AF78607B687B617B6943E800F3E7
:103A6000FB60FB683B61BB7C03F00103DBB2002B16
:103A700001D03B7C01E06FF0150318461C37BD46B2
:103A800080BC704780B483B000AF786039607B68D9
:103A90003A689A607B6800221A6100BF0C37BD4605
:103AA00080BC704780B58AB004AFB9607B600346C4
:103AB000FB731346BB7307F12C037B61BA7BF87B66
:103AC0007B690393BB6A02937B6A01933B6A009311
:103AD0007B68B968EFF73CFB00BF1837BD4680BD77
:103AE00080B582B000AF78607868F1F737FB00BF2F
:103AF0000837BD4680BD80B584B000AFF860B960BE
:103B00007A60F868F1F746FBB868F1F751FB78681E
:103B1000F1F766FB00BF1037BD4680BD80B485B0AD
:103B200000AF78607B685B681F2B0DD97B685B6892
:103B300003F01F03002B07D17B681B6803F01F03F2
:103B4000002B01D1012300E00023FB60FB68184635
:103B50001437BD4680BC704780B584B000AF786034
:103B600039607868FFF773FF0346FB607A683B684B
:103B70001344013B1846FFF76AFF0346BB60FA682F
:103B8000BB689A4201D1FB6801E06FF0150318464B
:103B90001037BD4680BD80B582B000AF78607868D0
:103BA000F1F7F8FAF1F712FB034623F01F0318466A
:103BB0000837BD4680BD80B582B000AF78603960FF
:103BC0007868F1F7E7FAF1F701FB034603F01F020B
:103BD0003B6823F01F0313431846F1F7E9FA00BFCF
:103BE0000837BD4680BD80B582B000AF7860786888
:103BF000F1F7D0FAF1F702FB034643F01F03184632
:103C00000837BD4680BD80B582B000AF78603960AE
:103C10007868F1F7BFFAF1F7F1FA034603F01F02F3
:103C20003B6823F01F0313431846F1F7D9FA00BF8E
:103C30000837BD4680BD80B582B000AF786039607E
:103C40007868F1F7A7FAF1F7C1FA034603F01F030A
:103C5000D9B23A68137861F304031370F1F7CEFA1E
:103C600003465B0803F00703D9B23A68137861F39F
:103C70004713137000BF0837BD4680BD80B582B0C2
:103C800000AF786039607868F1F784FA3B680833F0
:103C900019467868FFF7CFFFF1F798FA034623F04B
:103CA0001F023B681A60F1F7A9FA034623F01F02CE
:103CB0003B68DA6000BF0837BD4680BD80B485B080
:103CC00000AFF860B9607A603B60BB681B8803F0A6
:103CD0001F03D9B2FA68137861F304031370BB6849
:103CE0005B8803F00703D9B2FA68137861F34713CE
:103CF00013707B6823F01F023B681344013B23F0E1
:103D00001F02FB685A6000BF1437BD4680BC704775
:103D100080B500AFF1F77CFA0346184680BD90B538
:103D2000A3B000AF786007F17C031846EFF77CFF83
:103D3000C7F880000023C7F8843064E1FA6FD7F831
:103D400084301B011344DB681B0D1B05B3F1805F3E
:103D500000F01181B3F1805F00F25081B3F1006F88
:103D600000F0D980B3F1006F00F24881B3F1807F99
:103D700000F0A180B3F1807F00F24081B3F5800FA5
:103D80006AD0B3F5800F00F23981B3F5801F03D0FC
:103D9000B3F5001F30D031E1FA6FD7F884301B0142
:103DA00013445968FA6FD7F884301B0113441B6819
:103DB000F86FD7F8842012010244526822F01F00E5
:103DC000FC6FD7F884201201224492680244013A21
:103DD00022F01F02F9663B6797F87430012161F306
:103DE000040387F8743097F87430012161F34713A6
:103DF00087F87430BA67EDE0FA6FD7F884301B01AA
:103E000013445968FA6FD7F884301B0113441B68B8
:103E1000F86FD7F8842012010244526822F01F0084
:103E2000FC6FD7F884201201224492680244013AC0
:103E300022F01F02F9663B6797F87430012161F3A5
:103E4000040387F8743097F87430022161F3471344
:103E500087F87430BA67BDE0FA6FD7F884301B0179
:103E600013445968FA6FD7F884301B0113441B6858
:103E7000F86FD7F8842012010244526822F01F0024
:103E8000FC6FD7F884201201224492680244013A60
:103E900022F01F02F9663B6797F87430062161F340
:103EA000040387F8743097F8743023F0E00387F840
:103EB0007430BA678EE0FA6FD7F884301B01134470
:103EC0005968FA6FD7F884301B0113441B68F86FE8
:103ED000D7F8842012010244526822F01F00FC6FC0
:103EE000D7F884201201224492680244013A22F059
:103EF0001F02F9663B6797F87430012161F30403F0
:103F000087F8743097F87430032161F3471387F80A
:103F10007430BA675EE0FA6FD7F884301B0113443F
:103F20005968FA6FD7F884301B0113441B68F86F87
:103F3000D7F8842012010244526822F01F00FC6F5F
:103F4000D7F884201201224492680244013A22F0F8
:103F50001F02F9663B6797F87430012161F304038F
:103F600087F8743097F87430032161F3471387F8AA
:103F70007430BA672EE0FA6FD7F884301B0113440F
:103F80005968FA6FD7F884301B0113441B68F86F27
:103F9000D7F8842012010244526822F01F00FC6FFF
:103FA000D7F884201201224492680244013A22F098
:103FB0001F02F9663B6797F87430012161F304032F
:103FC00087F8743097F8743023F0E00387F8743082
:103FD000BA6700BF7B681B7807F16C021146184670
:103FE000F1F7DCFB0346002B02DA6FF0150312E059
:103FF0007B681B780133DAB27B681A70D7F884309B
:104000000133C7F88430D7F88420D7F880309A423B
:10401000FFF494AE002318468C37BD4690BD80B5A2
:1040200084B000AFF8607A603B600B46FB72F97AAF
:104030003B687A68F868F1F71DFB00BF1037BD4692
:1040400080BD80B582B000AF78600B46FB70FB7816
:1040500019467868F1F72CFB00BF0837BD4680BDD4
:1040600080B584B000AF03463960FB713B68FB60EC
:10407000FB681B69F879FA68526911469847002372
:1040800018461037BD4680BD80B582B000AF78605D
:10409000396039687868F1F7E9FC03461846083753
:1040A000BD4680BD80B582B000AF03463960FB716C
:1040B000FB7939681846FFF7E7FF002318460837F1
:1040C000BD4680BD80B483B000AF78600B46FB7006
:1040D000FB78002B01D0012200E000227B68C3F8AE
:1040E000002900BF0C37BD4680BC704780B483B048
:1040F00000AF786039607B683A68C3F8042900BF74
:104100000C37BD4680BC704780B485B000AFF86006
:104110000B467A60FB72FB7A002B01D07B6800E0D3
:104120000023FA68C2F81C3700BF1437BD4680BCB4
:10413000704780B483B000AF78600B46FB701346C5
:10414000BB70FB78002B09D1BB78002B01D001227A
:1041500000E000227B68C3F8002600E000BF00BF3B
:104160000C37BD4680BC704780B582B000AF786028
:104170007868F1F7C5FC00BF0837BD4680BD80B444
:1041800083B000AF78607B680122C3F8042400BFCD
:104190000C37BD4680BC704780B483B000AF7860F8
:1041A00039603A687B68D3E8EF1FC3E8E02F002846
:1041B000F9D10B4618460C37BD4680BC704780B419
:1041C00000AF00231846BD4680BC704780B483B062
:1041D00000AF78607B681B6800BF0C37BD4680BCB1
:1041E000704780B483B000AF786039607A683B680C
:1041F00013441B68002B14BF01230023DBB21846B5
:104200000C37BD4680BC70472DE9B04F88B000AF79
:10421000F861FB6923EAE373DA173B617A61D7E956
:1042200004234FF000004FF00001590141EAD26130
:10423000500102460B46D7E904018446B2EB0C0854
:104240008C4663EB0C094FF000024FF000034FEA7D
:10425000891343EA98634FEA8812B2EB080463EBD0
:1042600009054FF000024FF00003EB0043EA5473DE
:10427000E20014461D46034614EB030A0B4645EBC9
:10428000030B1AEB0A033B604BEB0B037B60D7E994
:1042900000AB52465B4640F2E7315118B96043F13A
:1042A0000003FB604FF47A724FF00003D7E902017C
:1042B000ECF7D0F902460B461046194600F012F80A
:1042C00001460B4618462037BD46BDE8B08F80B585
:1042D00082B000AF78607868FFF77BFB00BF0837DB
:1042E000BD4680BD80B582B000AFC7E90001D7E907
:1042F000000105F039FB034618460837BD4680BD6E
:1043000080B584B000AFF860C7E90023D7E9002387
:10431000F868F5F75FFC034618461037BD4680BDC8
:1043200080B582B000AF78607868F5F7C5FB00BF54
:104330000837BD4680BD80B487B000AF78607B6829
:104340001A4600231360536093607B6801225A6011
:1043500000BF1C37BD4680BC704780B483B000AF3F
:10436000786039607B683A68C3F8042300BF0C3773
:10437000BD4680BC704780B483B000AF78603960C0
:104380007B683A68C3F8082300BF0C37BD4680BC81
:10439000704780B483B000AF78600B46FB70FB7849
:1043A0007A68134401221A6000BF0C37BD4680BCF6
:1043B000704780B582B000AF78600B467B807B8809
:1043C0007A68134400221A607B887A68134418467E
:1043D000FFF7FCFE00BF0837BD4680BD80B582B048
:1043E00000AF78600B467B807B8819467868FFF7C2
:1043F000F8FE034618460837BD4680BD80B487B036
:1044000000AFF8600B467A60FB720023FB75FB7A05
:10441000022B32D0022B3BDC002B02D0012B17D019
:1044200036E0FB68D3F84C3403F48033002B14BF20
:1044300001230023FB757B68002B2BD0FB68D3F88E
:104440004C34DBB203F00303DAB27B681A7021E06C
:10445000FB68D3F80C3403F48033002B14BF012322
:104460000023FB757B68002B16D0FB7D83F00103D6
:10447000DBB21A467B681A700EE0FB68D3F86C3426
:1044800003F48033002B14BF01230023FB7504E0E9
:10449000002303E000BF00E000BFFB7D18461C378F
:1044A000BD4680BC704780B483B000AF78600B46D7
:1044B000FB70FA787B68C3F8402400BF0C37BD4618
:1044C00080BC704780B483B000AF78607B68D3F85D
:1044D0004034DBB218460C37BD4680BC704780B410
:1044E00083B000AF78607B68D3F85034DBB203F060
:1044F0000303DBB218460C37BD4680BC704780B55D
:1045000082B000AF03463960FB71FB79022B0FD0FC
:10451000022B11DC002B06D0012B0DD13868F1F7EE
:10452000DDFB034609E03868F1F7C8FB034604E009
:10453000F1F7F2FB034600E0002318460837BD46BA
:1045400080BD80B58AB004AFB9607B600346FB7361
:104550001346BB7307F12C037B61BA7BF87B7B6945
:104560000393BB6A02937B6A01933B6A00937B6867
:10457000B968EEF7EDFD00BF1837BD4680BD80B4C9
:1045800085B000AF78600B46FB707B681B69FB60F1
:10459000FA7813465B0013449B005033FA681344C7
:1045A000043318461437BD4680BC704780B485B0CC
:1045B00000AF78600B46FB707B685B68FB60FA7845
:1045C00013465B0013449B00FA68134418461437E3
:1045D000BD4680BC704780B485B000AF78600B46A4
:1045E000FB707B681B69FB60FA781346DB009B1A43
:1045F0009B00FA68134418461437BD4680BC7047C8
:1046000080B584B000AF786039603B68FB73FB7B9A
:1046100019467868FFF7B3FF03469B68DBB203F0E7
:104620000703DBB218461037BD4680BD80B48BB09F
:1046300000AF7860396000237B62EFF31183BB61C8
:10464000BB697B6120233B613B6983F3128800BF18
:10465000BFF36F8F00BF7B693B627B681B6803F011
:10466000C003FB61FB69002B07D0FA693B689A42E3
:1046700003D04FF0FF337B6202E07B6801221A60B7
:104680003B6AFB60FB68BB60BB6883F3118800BFBB
:10469000BFF36F8F00BF00BF7B6A18462C37BD4643
:1046A00080BC704780B48BB000AF78603960002365
:1046B0007B62EFF31183BB61BB697B6120233B61AC
:1046C0003B6983F3128800BFBFF36F8F00BF7B6924
:1046D0003B627B681B6803F0C003FB617B681B685F
:1046E00003F00703012B03D17B683A681A600AE0E4
:1046F000FA693B689A4203D04FF0FF337B6202E0D5
:104700006FF077037B623B6AFB60FB68BB60BB6852
:1047100083F3118800BFBFF36F8F00BF00BF7B6AB8
:1047200018462C37BD4680BC704780B489B000AFB6
:104730007860EFF311833B613B69FB602023BB6032
:10474000BB6883F3128800BFBFF36F8F00BFFB68A5
:10475000FB617B681B6803F0C00343F002027B68C7
:104760001A60FB69BB61BB697B617B6983F311885C
:1047700000BFBFF36F8F00BF00BF00BF2437BD462F
:1047800080BC704780B500AFF2F7C0FE00BF80BDAF
:1047900080B500AF01F06DFF00BF80BD80B500AFF8
:1047A000012001F0ACFD00BF80BD80B500AF01204D
:1047B00001F0C1FD00BF80BD80B500AF022001F057
:1047C0009EFD00BF80BD80B500AF022001F0B3FDAB
:1047D00000BF80BD80B588B000AFF860B9607A6076
:1047E000BB68FB77FB7F1946F868FFF7C8FEB86126
:1047F000BB69083379681846FFF718FF78617B6951
:10480000002B01DA7B6908E0FB7F1946F868FFF7A7
:10481000CDFE03465B689847002318462037BD4607
:1048200080BD80B582B000AF786039608022396881
:104830007868FFF7CFFF034618460837BD4680BDAE
:1048400080B588B000AFF860B9607A603B60BB6843
:10485000FB77FB7F1946F868FFF791FEB861BB69EB
:104860000833B96A1846FFF71DFF78617B69002B92
:1048700001DA7B690EE0BB697A681A60BB693A6845
:104880005A60FB7F1946F868FFF790FE03461B68E5
:104890009847002318462037BD4680BD80B586B0B6
:1048A00002AFF860B9607A603B60802300933B6898
:1048B0007A68B968F868FFF7C3FF034618461037EF
:1048C000BD4680BD80B586B000AFF860B9607A6043
:1048D0007B687B617869FFF723FD00BF1837BD4611
:1048E00080BD80B588B000AFF860B9607A60BB6801
:1048F000FB77FB7F1946F868FFF76DFEB8617B68B0
:104900007B617B690021B869984700BF2037BD46AD
:1049100080BD80B584B000AF786000217868FFF773
:104920002EFEF860FB689B6803F00703002B03D1A1
:1049300000217868F1F70EFA00BF1037BD4680BD40
:1049400080B400AF00BFBD4680BC704780B582B068
:1049500000AF7860786804F09AF803461846083784
:10496000BD4680BD80B584B000AF78600B46FB705B
:104970007B689B68FB60FB685B68FA781146786827
:10498000984700BF1037BD4680BD80B582B000AFEC
:1049900078600B46FB70FB7819467868FFF7E2FFFA
:1049A00000BF0837BD4680BD80B483B000AF7860DB
:1049B000002318460C37BD4680BC704780B485B0D4
:1049C00000AFF860C7E90023002318461437BD463E
:1049D00080BC704780B483B000AF78607B681B6890
:1049E00018460C37BD4680BC704780B483B000AF1A
:1049F000786039607B683A681A6000BF0C37BD4642
:104A000080BC704780B483B000AF786039607B6849
:104A10003A681A6000BF0C37BD4680BC704780B44E
:104A200083B000AF786039607B683A685A6000BF35
:104A30000C37BD4680BC704780B483B000AF78604F
:104A40007B681B6818460C37BD4680BC704780B435
:104A500083B000AF78607B685B6818460C37BD4652
:104A600080BC704780B582B000AF78607868FFF78F
:104A7000E3FF0346002B0CBF01230023DBB21846E3
:104A80000837BD4680BD80B582B000AF78607868D9
:104A9000FFF7A0FF034618460837BD4680BD80B526
:104AA00082B000AF78607B68002B04D07868FFF795
:104AB000EAFF034600E0002318460837BD4680BDE4
:104AC00080B582B000AF786039607868FFF7B4FFD6
:104AD000034619463868FFF788FF39687868FFF79A
:104AE00091FF7868FFF7B3FF0346002B07D1786882
:104AF000FFF7A2FF034619467868FFF790FF0837D3
:104B0000BD4680BD80B584B000AFF860B9607A6002
:104B1000BB68002B17D17868FFF75CFF0346194686
:104B2000F868FFF76FFFF868FFF791FF02467B68B0
:104B300093421BD1F868FFF77FFF03461946F868D8
:104B4000FFF76DFF12E07868FFF744FF0346194650
:104B5000B868FFF74AFFF868FFF779FF02467B68FD
:104B6000934203D1B968F868FFF759FF00217868CC
:104B7000FFF73BFF1037BD4680BD80B584B000AF66
:104B8000786039600023FB607868FFF755FFB860F4
:104B900010E0BA683B689A4206D13A68F9687868CA
:104BA000FFF7B0FF012309E0BB68FB60B868FFF7BF
:104BB00076FFB860BB68002BEBD100231846103796
:104BC000BD4680BD80B588B000AFF860B9607A603E
:104BD0003B6007F10C031846F1F7C4FBF861FA6873
:104BE000FB69203253F82230BB61BB68002B01D037
:104BF000012200E000227B68002B01D0022300E0AC
:104C0000002313433A68002A01D00C2200E000225E
:104C10001343BA6A002A02D04FF4706200E0002207
:104C20001343FA6A002A02D04FF4403200E0002217
:104C300013437B617B69DB43BA691340BB61BB688B
:104C4000002B03D0BB681B781A4600E000227B686B
:104C5000002B03D07B681B785B0000E000231A4325
:104C60003B68002B03D03B681B789B0000E00023CF
:104C70001A43BB6A002B03D0BB6A1B781B0200E0FF
:104C800000231A43FB6A002B03D0FB6A1B781B042A
:104C900000E000231343BA691343BB61FA68FB6960
:104CA0002032B96943F8221000BF2037BD4680BDCD
:104CB00080B584B000AF78603B1D1846F1F752FB19
:104CC000F8607A68FB68203253F82230DBB203F0D8
:104CD0000103DBB218461037BD4680BD80B483B0F7
:104CE00000AF78607B68DB6818460C37BD4680BC37
:104CF000704780B483B000AF78607B681B6818464B
:104D00000C37BD4680BC704780B483B000AF78607C
:104D100039607B683A685A6000BF0C37BD4680BC7A
:104D2000704780B483B000AF786039607B683A68C0
:104D30009A6000BF0C37BD4680BC704780B483B01A
:104D400000AF78600B46FB70FB78002B01D001228E
:104D500000E000227B685A6200BF0C37BD4680BC71
:104D6000704780B485B000AF78607B681B68FB60DB
:104D7000FB6803F01F027B681A60FB685B0918463A
:104D80001437BD4680BC704780B584B000AF7860F2
:104D900039603B68032178689847F860FB68002B0E
:104DA00005DAFB6813F1860F01D0FB680AE03B6867
:104DB000012178689847F860FB68002B01DAFB68EE
:104DC00000E0002318461037BD4680BD80B584B092
:104DD00000AFF860B9601346FB71F868FFF742FE58
:104DE000034683F00103DBB2002B13D0BB681946E6
:104DF000F868FFF7C2FE034683F00103DBB2002B25
:104E000011D0FB7983F00103DBB2002B0BD06FF0E4
:104E1000150311E0FB7983F00103DBB2002B02D014
:104E20006FF0150308E0FB79002B04D0BB6819462E
:104E3000F868FFF745FE002318461037BD4680BDD1
:104E400080B586B000AFF860B9607A60F868FFF7A7
:104E5000F3FD0346002B04D0F868FFF7EDFD034691
:104E600000E000237B617B69002B0ED07B69184634
:104E7000FFF715FE0346002B05D07B691846FFF7A8
:104E80000EFE034602E0002300E000233B6124E025
:104E90007B699A687B681340002B08D07B695B684C
:104EA0007A6991687A680A407969B86898473B6975
:104EB0007B617B69002B0ED07B691846FFF7EFFD05
:104EC0000346002B05D07B691846FFF7E8FD034633
:104ED00002E0002300E000233B617B69002BD7D177
:104EE00000BF00BF1837BD4680BD80B483B000AF9F
:104EF00078607B681B6918460C37BD4680BC7047DC
:104F000080B483B000AF78607B685B6818460C376C
:104F1000BD4680BC704780B483B000AF78607B68CA
:104F20009B68002B14BF01230023DBB218460C370B
:104F3000BD4680BC704780B483B000AF78603960F4
:104F400000BF0C37BD4680BC704780B483B000AF53
:104F50007860396000BF0C37BD4680BC704780B4B4
:104F600083B000AF78607B6803F01003002B01D0A2
:104F7000032307E07B6803F02003002B01D001230B
:104F800000E0002318460C37BD4680BC704780B552
:104F900096B002AFF8600B467A60FB720023BB64E8
:104FA0000023FB64002387F84730F868FFF7A8FF69
:104FB0003864FB7A03F01F023B6C1B7C5B011343DC
:104FC000FB637868FFF7CBFF034687F83A307A68CF
:104FD00040F206331340B3F5407F31D0B3F5407F44
:104FE00042D840F2022293423AD040F20222934247
:104FF0003AD8B3F5007F1BD0B3F5007F34D8B3F5B2
:10500000837F25D0B3F5837F2ED8B3F5807F13D06F
:10501000B3F5807F28D8062B16D0062B24D8002B7A
:1050200002D0022B18D01FE0002387F839301EE091
:10503000042387F839301AE0012387F8393016E065
:10504000052387F8393012E0082387F839300EE05D
:10505000092387F839300AE0022387F8393006E05F
:10506000062387F8393002E06FF01503D6E0FB7AAB
:10507000012202FA03F31946386CFFF766FF7B68DA
:1050800003F40023002B0AD03B6C5A68FB7A012101
:1050900001FA03F319461046FFF736FE0EE07B686F
:1050A00003F48023002B09D03B6C5A68FB7A012162
:1050B00001FA03F319461046FFF733FE386CFFF789
:1050C0002AFF034683F00103DBB2002B21D07B686B
:1050D0005B0CDBB203F00103DBB287F838307B688E
:1050E00003F48033002B0CBF01230023DBB287F8CD
:1050F000373007F13A0007F1370207F13801002392
:10510000019307F1390300930346F86BFFF75AFD4B
:1051100083E03B6C9B6807F13B02F96B184602F099
:1051200023FEF864FB6C002B0CBF0123002387F8DF
:1051300047307B6803F44033002B06D13B6C9B68FF
:10514000F96B184602F03CFE54E007F12C030022F4
:105150001A605A6007F1200300221A605A609A60B0
:1051600007F12C037B623B6C9B6807F12002F96B13
:10517000184602F0C8FDF864FB6C002B48DB7B6826
:1051800003F40033002B20D097F839303B777B684D
:1051900003F48033002B0CBF01230023DBB27B77A9
:1051A00097F83A30BB773B6C986807F11C020023F4
:1051B000F96B02F0B8FDF864FB7A012202FA03F3FE
:1051C0001946386CFFF7B7FE11E007F11003002213
:1051D0001A605A609A6007F13A033B613B6C9B6826
:1051E00007F11002F96B184602F08DFDF864FB6CB4
:1051F000002B0FDB97F84730002B0DD03B6C9B68E2
:1052000097F83B201146184602F0E8FDF86404E0E8
:1052100000BF02E000BF00E000BFBB6C1846503783
:10522000BD4680BD80B584B000AF786039607868D5
:10523000FFF766FE03465B68FB60F868FFF74EFD0C
:1052400002463B681A60002318461037BD4680BDF1
:1052500080B588B000AFF860B9607A60F868FFF791
:105260004FFE03465B68FB617A68BB681340BB6115
:10527000BB69DB43BA6813407B61F868FFF740FE07
:105280000346B9681846FFF760FEB969F869FFF789
:105290003BFD7969F869FFF744FDF868FFF730FED8
:1052A0000346B9681846FFF746FE00231846203724
:1052B000BD4680BD80B584B000AF78603960786845
:1052C000FFF71EFE03465B68FB607868FFF718FE79
:1052D000034639681846FFF738FE3968F868FFF763
:1052E00013FD7868FFF70CFE034639681846FFF790
:1052F00022FE002318461037BD4680BD80B584B01D
:1053000000AF786039607868FFF7FAFD03465B68A4
:10531000FB607868FFF7F4FD034639681846FFF72D
:1053200014FE3968F868FFF7FCFC7868FFF7E8FDC1
:10533000034639681846FFF7FEFD0023184610376C
:10534000BD4680BD80B586B000AF786039607868B2
:10535000FFF7D6FD03465B687B617869FFF7C9FC00
:1053600002463B6853403B613A693B681340FB602F
:105370003B69DB433A681340BB607868FFF7C0FDC8
:10538000034639681846FFF7E0FDF9687869FFF7CA
:10539000BBFCB9687869FFF7C4FC7868FFF7B0FD1B
:1053A000034639681846FFF7C6FD0023184618372C
:1053B000BD4680BD80B483B000AF786039607B6843
:1053C000B3F5800F07D13B68B3F1007F01D104230F
:1053D0000EE005230CE03B68B3F1C06F07D03B68DB
:1053E000B3F1007F01D1022302E0012300E0032397
:1053F00018460C37BD4680BC704780B584B000AFFE
:10540000F8600B467A60FB72FB689B687968184607
:1054100002F0F4FC034618461037BD4680BD80B547
:105420008EB000AFF8607A603B600B46FB72F868A4
:10543000FFF766FD7863FB7A03F01F027B6B1B7C32
:105440005B0113433B63786BFFF765FD034683F015
:105450000103DBB2002B02D06FF0850384E07B6890
:10546000B3F5001F07D17B6B9B68396B184602F0C0
:10547000EDFC002378E07B6B5A687B6B5B7C194604
:105480001046FFF75BFC07F1200300221A605A6008
:1054900039687868FFF78EFF034687F8203007F1F8
:1054A000140300221A605A609A6007F12003BB615E
:1054B0007B6BDA68FB7A22FA03F303F00103002B1B
:1054C00027D17B68B3F1A07F23D1386BFFF7F0FBC6
:1054D0000346002B1DD17B6B9B6807F12B02396BB8
:1054E000184602F041FCF862FB6A13F1160F0CD16A
:1054F00007F12B02FB7A1946786BFFF77EFFF86203
:10550000FB6A002B01DAFB6A2EE007F12B037B62BA
:1055100014E07B6B9B6807F12B02396B184602F095
:1055200023FCF862FB6A002B08D17B6B9B6897F821
:105530002B201146184602F051FCF8627B6B9B68E9
:1055400007F11402396B184602F0DDFBF862FB6AC2
:10555000002B01DAFB6A07E07B6B9B680122396B49
:10556000184602F062FC002318463837BD4680BD5D
:1055700080B584B000AFF860B9601346FB71F8687D
:10558000FFF7B3FC03460433FA79B9681846FFF70E
:105590001DFC034618461037BD4680BD80B58AB055
:1055A00000AFF8600B467A60FB72FB687B6107F125
:1055B00014031846FFF7D5FB7862786AF0F702FF0C
:1055C00038623B6A002B10D0386AFFF78EFCF86116
:1055D000FB690433BB617B69012202FA03F31A46BB
:1055E000396AB869FFF72CFC00E000BF2837BD46D8
:1055F00080BD80B584B000AF78607B68FB60F868E0
:1056000002F00DFD00BF1037BD4680BD80B483B0F1
:1056100000AF78600B46FB70002318460C37BD4680
:1056200080BC704780B485B000AFF8600B467A60EC
:10563000FB72FB685A687B681A600DE07B681B6828
:105640005B79FA7A9A4201D1002311E07B681B68EA
:1056500003F108027B681A607B681A68FB68596866
:10566000FB681B7ADB000B449A42E7D36FF001031F
:1056700018461437BD4680BC704780B584B000AF73
:1056800078603B1D1846F0F713FFF8607B68012235
:1056900002FA03F31946F86800F02CF800BF10373F
:1056A000BD4680BD80B584B000AF78603B1D184614
:1056B000F0F7FEFEF8607B68012202FA03F3194658
:1056C000F86800F024F800BF1037BD4680BD80B5F3
:1056D00082B000AF786039603B68002B03D17868F6
:1056E000FFF7E0FF02E07868FFF7C7FF00BF083769
:1056F000BD4680BD80B483B000AF786039607B6800
:105700003A685A6000BF0C37BD4680BC704780B411
:1057100083B000AF786039607B683A689A6000BFF8
:105720000C37BD4680BC704780B584B000AF786050
:105730000B46FB703B1D1846F0F7BAFEF8607A681E
:10574000FB68203253F8223023F0E043BB60FB7843
:1057500019077A68BB681943FB68203243F82210A6
:1057600000BF1037BD4680BD80B485B000AF786003
:105770007B681B68FB60FB6803F01F027B681A6094
:10578000FB685B0918461437BD4680BC704780B47F
:1057900083B000AF03460A46FB8013467B7100BF0F
:1057A0000C37BD4680BC704780B483B000AF034661
:1057B0000A46FB8013467B7100BF0C37BD4680BC98
:1057C000704780B400AF00231846BD4680BC7047C8
:1057D00080B584B000AF786039607B681B68FB607F
:1057E0003B6818683B681B79FA681946F0F7CEFEEB
:1057F000034618461037BD4680BD80B584B000AF63
:1058000078600B46FB7007F10802FB781946786850
:10581000FFF708FFF860FB68002B01DAFB6805E082
:10582000BB6819467868FFF7D3FF03461846103760
:10583000BD4680BD80B483B000AF78607B681B68D4
:1058400000BF0C37BD4680BC704780B483B000AF4A
:10585000786039607A683B6813441B68002B14BF7A
:1058600001230023DBB218460C37BD4680BC7047CD
:105870002DE9B04F88B000AFF861FB6923EAE3730C
:10588000DA173B617A61D7E904234FF000004FF04B
:105890000001590141EAD261500102460B46D7E9A5
:1058A00004018446B2EB0C088C4663EB0C094FF004
:1058B00000024FF000034FEA891343EA98634FEA6E
:1058C0008812B2EB080463EB09054FF000024FF0B9
:1058D0000003EB0043EA5473E20014461D460346FE
:1058E00014EB030A0B4645EB030B1AEB0A033B6070
:1058F0004BEB0B037B60D7E900AB52465B4640F2B3
:10590000E7315118B96043F10003FB604FF47A723C
:105910004FF00003D7E90201EAF79CFE02460B466E
:105920001046194600F007F801460B461846203786
:10593000BD46BDE8B08F80B582B000AFC7E90001B9
:10594000D7E9000104F010F8034618460837BD46B1
:1059500080BD80B584B000AF786039603B680321BA
:1059600078689847F860FB68002B05DAFB6813F14C
:10597000860F01D0FB680AE03B68012178689847F0
:10598000F860FB68002B01DAFB6800E00023184692
:105990001037BD4680BD80B582B000AF78600B4641
:1059A0007B807B887A68134400221A607B887A683F
:1059B00013441846FFF73EFF00BF0837BD4680BDC1
:1059C00080B582B000AF78600B467B807B8819463B
:1059D0007868FFF73AFF034618460837BD4680BD92
:1059E00080B483B000AF786039607B68D3F8002260
:1059F0003B681A437B68C3F8002200BF0C37BD46E2
:105A000080BC704780B483B000AF786039607B6839
:105A10003A68C3F8042300BF0C37BD4680BC70470A
:105A200080B485B000AF78607B68D3F88034FB60C9
:105A30007B68FA68C3F88024FB6818461437BD46B3
:105A400080BC704780B483B000AF78607B68082268
:105A5000C3F8002500BF0C37BD4680BC704780B43A
:105A600083B000AF78607B680022C3F8002500BFD8
:105A70000C37BD4680BC704780B483B000AF7860FF
:105A80000B46FB70FB787A68134401221A6000BF52
:105A90000C37BD4680BC704780B483B000AF7860DF
:105AA00039603B685A783B689B781343DBB21A46EF
:105AB0003B689B8813433A68D28813433A6812893B
:105AC00013433A68528913433A6812781A437B6841
:105AD000C3F86C2500BF0C37BD4680BC704780B44E
:105AE00083B000AF786039607B683A68C3F82425DA
:105AF00000BF0C37BD4680BC704780B483B000AF98
:105B0000786039607B683A68C3F8402700BF0C377B
:105B1000BD4680BC704780B483B000AF7860396008
:105B20003A687B68C3F83C2700BF0C37BD4680BC91
:105B3000704780B584B000AFF860B9607A60B9682A
:105B4000F868FFF7E8FF7968F868FFF7D6FF00BF4D
:105B50001037BD4680BD80B483B000AF7860396037
:105B60007B683A68C3F8082700BF0C37BD4680BC85
:105B7000704780B483B000AF786039603A687B6862
:105B8000C3F8042700BF0C37BD4680BC704780B502
:105B900084B000AFF860B9607A60B968F868FFF760
:105BA000E8FF7968F868FFF7D6FF00BF1037BD46F9
:105BB00080BD80B485B000AF78607B685B68FB60B7
:105BC000FB681B6818461437BD4680BC704780B51B
:105BD00088B000AF78607B687B617B695B68FB6144
:105BE0007B691B69BB617869FFF7E3FF38614FF49C
:105BF00098713869FFF7E4FE0346FB7300BF203756
:105C0000BD4680BD80B584B000AF78607868FFF78E
:105C1000D0FFF860F868FFF703FF03461846103717
:105C2000BD4680BD80B586B000AF78607B685B689C
:105C30007B617868FFF7BDFF38610123FB734FF488
:105C400098713869FFF7BCFE0346002B0DD1FB7B32
:105C500083F00103DBB2002B09D04FF4B471386933
:105C6000FFF7AEFE0346002B01D0012300E0002326
:105C700003F00103DBB218461837BD4680BD80B57E
:105C80008AB000AF7860002387F8273064233B6236
:105C90007868FFF7C7FF0346002B03D0012387F87E
:105CA000273008E0012000F075FA3B6A013B3B62B7
:105CB0003B6A002BECD197F82730002B21D0EFF373
:105CC0001183BB61BB697B6120233B613B6983F32B
:105CD000128800BFBFF36F8F00BF7B69FB617868DC
:105CE000FFF7A0FF0346002B0FD1FB69FB60FB68A9
:105CF000BB60BB6883F3118800BFBFF36F8F00BF29
:105D000000BF0120FFF7B4FDBDE700BFFB691846E7
:105D10002837BD4680BD80B586B000AF7860786812
:105D2000FFF747FF78617B685B683B617B681B69B5
:105D3000FB603B69DB6800211846FFF75EFD786970
:105D4000FFF780FE3B691B7A83F00103DBB2002B77
:105D50000FD03B699B6A012219467869FFF717FF4C
:105D60004FF4A6717869FFF716FE28217869FFF7CE
:105D700083FE00BF1837BD4680BD80B586B000AF3A
:105D8000F860B9607A60FB685B687B61F868FFF770
:105D900010FF38617A68B9683869FFF7CAFE4FF4B6
:105DA00098713869FFF7F7FD50213869FFF764FEF5
:105DB00000BF1837BD4680BD80B584B000AF7860A5
:105DC00039607B685B68FB607868FFF7F2FEB8605B
:105DD0004FF4A671B868FFF7F3FD034683F00103A3
:105DE000DBB2002B02D04FF0FF330EE0FB689B6A62
:105DF0001A783B681A704FF4A671B868FFF7CBFDAC
:105E00002821B868FFF738FE002318461037BD4632
:105E100080BD80B58EB000AF78600B46FB707B68AC
:105E20005B68FB6203F0BDF90346002B04D1F0F779
:105E3000A7FD0346002B01D0012300E0002387F8D3
:105E4000373097F8373003F0010387F837307B6835
:105E50001B693B637868FFF7ACFE786297F83730D0
:105E6000002B22D0EFF311833B623B6AFB612023BE
:105E7000BB61BB6983F3128800BFBFF36F8F00BFA4
:105E8000FB69BB627868FFF7CDFE0346002B12D199
:105E9000BB6A7B617B693B613B6983F3118800BF0F
:105EA000BFF36F8F00BF00BFDCE77868FFF7E7FE46
:105EB0000346BB6200E000BFFB6A5B6AFA781A70B7
:105EC000FB6A5B6A012219467868FFF756FFBB6AD6
:105ED000FB60FB68BB60BB6883F3118800BFBFF346
:105EE0006F8F00BF00BF00BF3837BD4680BD80B593
:105EF00084B000AF78607B685B68FB607868FFF710
:105F00000AFF00BF1037BD4680BD80B584B000AF2A
:105F100078600B46FB700023FB60FB78012B03D1FC
:105F20007868FFF7E4FF02E06FF08503FB60FB6831
:105F300018461037BD4680BD80B586B000AF78608A
:105F40007868FFF736FE78617B685B683B61002309
:105F5000FB734FF480217869FFF742FD0123FB7347
:105F60007869FFF76FFD3B695B6A00221946786923
:105F7000FFF7DFFD50217869FFF77EFDFB7B83F0A3
:105F80000103DBB2002B19D000BF4FF4B471786964
:105F9000FFF716FD034683F00103DBB2002BF4D1BB
:105FA0004FF4B4717869FFF7F6FC54217869FFF774
:105FB00063FD4FF080617869FFF724FD00BF4FF467
:105FC00098717869FFF7FCFC034683F00103DBB2AC
:105FD000002BF4D17869FFF742FD002318461837EB
:105FE000BD4680BD80B582B000AF7860002201213F
:105FF000C620FDF768FCC620FDF74BFC0021786841
:10600000F0F7D8FC034618460837BD4680BD80B47B
:1060100000AF00BFBD4680BC704780B485B000AF04
:10602000EFF31183FB60FB68BB6020237B607B6820
:1060300083F3128800BFBFF36F8F00BFBB683B6064
:106040003B6818461437BD4680BC704780B582B0A7
:1060500000AF7860FFF7E1FF034619467868F5F76F
:10606000F5FE00BF0837BD4680BD80B483B000AFE9
:1060700078600B46FB707B68D3F8183723F4403206
:10608000FB781B041A437B68C3F8182700BF0C3742
:10609000BD4680BC704780B582B000AF78600B46CB
:1060A000FB70FB7819467868FFF7DFFFFFF7AFFF5B
:1060B00000BF0837BD4680BDB0B485B000AFC7E9AA
:1060C0000201C7E90023D7E90201D7E90023841AB6
:1060D00061EB030522462B46104619461437BD4690
:1060E000B0BC704780B500AFF2F7DAF902460B4654
:1060F0001046194680BD80B483B000AF0346FB71E3
:1061000000BF0C37BD4680BC704780B500AFFFF7BD
:10611000E9FF02460B461346184680BD80B584B0A1
:1061200000AFF6F7E7FAF860FB68002B11D0002308
:10613000BB60BB687B607B6883F3118800BFBFF3E3
:106140006F8F00BF00BF0423184602DF6FF0040307
:1061500000E0002318461037BD4680BD80B400AF74
:1061600000BFBD4680BC704780B582B000AF78608C
:10617000786802F03FFC00BF0837BD4680BD80B59F
:1061800082B000AF78607B680020984700BF083776
:10619000BD4680BD80B582B000AF78607868FFF7FB
:1061A000E3FF00BF0837BD4680BD90B484B000AFA8
:1061B000F860B9607A607C68FA6807F108031868CB
:1061C000D2E8EF1F814206D1C2E8EC4FBCF1000FCC
:1061D000BCF1000FF4D10CBF01220022002A00D133
:1061E0001960134618461037BD4690BC704780B5FD
:1061F00086B000AF78607B681B687B617B69002B91
:1062000002D16FF00B031AE07B69B3FA83F3C3F199
:106210001F033B6101223B6902FA03F3DB437A6906
:106220001340FB607B69FA6819467868FFF7BDFF89
:10623000034683F00103DBB2002BDCD13B69184637
:106240001837BD4680BD80B584B000AF78600B467E
:10625000FB707B681B681A46FB7822FA03F303F095
:106260000103002B02D06FF0150316E07B681B685A
:10627000FB60FB78012202FA03F3FA681343BB6068
:10628000FB68BA6819467868FFF78FFF034683F00A
:106290000103DBB2002BE9D1002318461037BD46BD
:1062A00080BD80B483B000AF78607B681B0B9BB26D
:1062B000C3F308039BB21BB218460C37BD4680BC23
:1062C000704780B58AB004AFB9607B600346FB734A
:1062D0001346BB7307F12C037B61BA7BF87B7B69A8
:1062E0000393BB6A02937B6A01933B6A00937B68CA
:1062F000B968ECF72DFF00BF1837BD4680BD80B5EB
:1063000082B000AF0346FB71FB79022B0CD0022B4D
:106310000DDC002B02D0012B03D008E0F1F7F6F8DA
:1063200006E0F1F7F5FA03E0F1F788FC00E000BFC2
:106330000837BD4680BD80B582B000AF0346FB7113
:10634000FB79022B0BD0022B0CDC002B04D0012B91
:1063500008D100F082FA06E000F08BF903E000F0CB
:1063600073FB00E000BF00BF0837BD4680BD80B5AD
:1063700000AFF1F711FBF1F73BF9F1F78BFC00BF30
:1063800080BD80B483B000AF78607B681B6800BFBD
:106390000C37BD4680BC704780B483B000AF7860D6
:1063A00039607A683B6813441B68002B14BF0123D3
:1063B0000023DBB218460C37BD4680BC704780B462
:1063C00083B000AF786039607B683A68C3F8042313
:1063D00000BF0C37BD4680BC704780B483B000AFAF
:1063E000786039607B683A68C3F8082300BF0C37CF
:1063F000BD4680BC704780B483B000AF78607B68D6
:10640000D3F80C3318460C37BD4680BC704780B4B7
:1064100083B000AF78600B46FB70FB787A6813445A
:1064200001221A6000BF0C37BD4680BC704780B5A2
:1064300082B000AF78600B467B807B887A6813441B
:1064400000221A607B887A6813441846FFF799FF88
:1064500000BF0837BD4680BD80B582B000AF786010
:106460000B467B807B8819467868FFF795FF0346CB
:1064700018460837BD4680BD80B483B000AF786051
:106480000B46FB70FB78022B1CD0022B25DC002B6B
:1064900002D0012B0BD020E07B68D3F8483403F006
:1064A0000103002B14BF01230023DBB216E07B683D
:1064B000D3F8083403F00103002B14BF0123002399
:1064C000DBB20BE07B68D3F8683403F00103002BE8
:1064D00014BF01230023DBB200E0002318460C3771
:1064E000BD4680BC704780B487B000AFF8600B46F3
:1064F0007A60FB720023FB75FB7A022B32D0022BF1
:106500003BDC002B02D0012B17D036E0FB68D3F820
:106510004C3403F48033002B14BF01230023FB759C
:106520007B68002B2BD0FB68D3F84C34DBB203F034
:106530000303DAB27B681A7021E0FB68D3F80C34ED
:1065400003F48033002B14BF01230023FB757B6809
:10655000002B16D0FB7D83F00103DBB21A467B686B
:106560001A700EE0FB68D3F86C3403F48033002B10
:1065700014BF01230023FB7504E0002303E000BFE8
:1065800000E000BFFB7D18461C37BD4680BC70474D
:1065900080B483B000AF78600B46FB70FA787B68FC
:1065A000C3F8402400BF0C37BD4680BC704780B4A0
:1065B00083B000AF78607B68D3F85034DBB203F06F
:1065C0000303DBB218460C37BD4680BC704780B56C
:1065D0008AB004AFB9607B600346FB731346BB739C
:1065E00007F12C037B61BA7BF87B7B690393BB6A61
:1065F00002937B6A01933B6A00937B68B968ECF76E
:10660000A7FD00BF1837BD4680BD80B400AF002392
:106610001846BD4680BC704780B584B000AF786036
:106620007B681B78012B0CBF01230023FB73FB7BD2
:10663000002B03D17B681B78002B01D1012300E0E4
:106640000023FB73FB7B03F00103FB73FB7B83F0F5
:106650000103DBB2002B07D0F0F7B6FEFFF7D5FF42
:1066600003461A467B681A70FB7B18461037BD46F6
:1066700080BD80B500AFF0F7A7FE00BF80BD80B43D
:1066800083B000AF78607B681B6800BF0C37BD46E5
:1066900080BC704780B483B000AF786039607A689E
:1066A0003B6813441B68002B14BF01230023DBB29B
:1066B00018460C37BD4680BC704780B483B000AF2D
:1066C000786039607B683A68C3F8042300BF0C37F0
:1066D000BD4680BC704780B483B000AF786039603D
:1066E0007B683A68C3F8082300BF0C37BD4680BCFE
:1066F000704780B483B000AF78607B68D3F80C3308
:1067000018460C37BD4680BC704780B483B000AFDC
:1067100078600B46FB70FB787A68134401221A609C
:1067200000BF0C37BD4680BC704780B582B000AF5B
:1067300078600B467B807B887A68134400221A605D
:106740007B887A6813441846FFF799FF00BF083723
:10675000BD4680BD80B582B000AF78600B467B80BF
:106760007B8819467868FFF795FF03461846083777
:10677000BD4680BD80B487B000AFF8600B467A603C
:10678000FB720023FB75FB7A022B32D0022B3BDC21
:10679000002B02D0012B17D036E0FB68D3F84C3425
:1067A00003F48033002B14BF01230023FB757B68A7
:1067B000002B2BD0FB68D3F84C34DBB203F003037F
:1067C000DAB27B681A7021E0FB68D3F80C3403F46A
:1067D0008033002B14BF01230023FB757B68002B43
:1067E00016D0FB7D83F00103DBB21A467B681A707A
:1067F0000EE0FB68D3F86C3403F48033002B14BF35
:1068000001230023FB7504E0002303E000BF00E048
:1068100000BFFB7D18461C37BD4680BC704780B565
:106820008AB004AFB9607B600346FB731346BB7349
:1068300007F12C037B61BA7BF87B7B690393BB6A0E
:1068400002937B6A01933B6A00937B68B968ECF71B
:106850007FFC00BF1837BD4680BD80B500AFF0F7A4
:10686000ADFF00BF80BD80B483B000AF78607B68AF
:106870001B6800BF0C37BD4680BC704780B483B036
:1068800000AF786039607A683B6813441B68002B5E
:1068900014BF01230023DBB218460C37BD4680BC71
:1068A000704780B483B000AF786039607B683A6825
:1068B000C3F8042300BF0C37BD4680BC704780B4CA
:1068C00083B000AF786039607B683A68C3F808230A
:1068D00000BF0C37BD4680BC704780B483B000AFAA
:1068E000786039607B68D3F804233B68134018460E
:1068F0000C37BD4680BC704780B483B000AF786071
:106900000B46FB70FB787A68134401221A6000BFC3
:106910000C37BD4680BC704780B582B000AF786050
:106920000B467B807B887A68134400221A607B8840
:106930007A6813441846FFF796FF00BF0837BD4634
:1069400080BD80B582B000AF78600B467B807B88CD
:1069500019467868FFF792FF034618460837BD4688
:1069600080BD80B487B000AFF8600B467A60FB72E0
:106970000023FB75FB7A022B32D0022B3BDC002B71
:1069800002D0012B17D036E0FB68D3F84C3403F467
:106990008033002B14BF01230023FB757B68002B81
:1069A0002BD0FB68D3F84C34DBB203F00303DAB22C
:1069B0007B681A7021E0FB68D3F80C3403F4803351
:1069C000002B14BF01230023FB757B68002B16D01E
:1069D000FB7D83F00103DBB21A467B681A700EE080
:1069E000FB68D3F86C3403F48033002B14BF01230D
:1069F0000023FB7504E0002303E000BF00E000BFBC
:106A0000FB7D18461C37BD4680BC704780B58AB0F8
:106A100004AFB9607B600346FB731346BB7307F199
:106A20002C037B61BA7BF87B7B690393BB6A02937F
:106A30007B6A01933B6A00937B68B968ECF788FB3B
:106A400000BF1837BD4680BD80B500AFF1F760F8D4
:106A500000BF80BD80B483B000AF78607B681B68E6
:106A600000BF0C37BD4680BC704780B400AF00BF8C
:106A7000BD4680BC704780B400AF00BFBD4680BC3F
:106A8000704780B400AF00BFBD4680BC704780B483
:106A900083B000AF786039607A683B6813441B6844
:106AA000002B14BF01230023DBB218460C37BD4670
:106AB00080BC704780B582B000AF78600B467B80A9
:106AC0007B8819467868FFF7E2FF034618460837C7
:106AD000BD4680BD80B582B000AF78600B467B803C
:106AE0007B881946786800F011F803461A4600239F
:106AF00013607B881946786800F008F8034618464A
:106B0000FFF7A8FF00BF0837BD4680BD80B483B043
:106B100000AF78600B467B807A887B681344184608
:106B20000C37BD4680BC704780B483B000AF78603E
:106B300039607B683A68C3F8142300BF0C37BD4640
:106B400080BC704780B483B000AF786039607B68E8
:106B50003A68C3F8182300BF0C37BD4680BC7047A5
:106B600080B483B000AF786039607B68D3F81423B9
:106B70003B68134018460C37BD4680BC704780B454
:106B800083B000AF786039607B683A6802F5A27222
:106B900053F8223043F001017B683A6802F5A27293
:106BA00043F8221000BF0C37BD4680BC704780B44C
:106BB00083B000AF786039607B683A6802F5A272F2
:106BC00053F8223023F003017B683A6802F5A27281
:106BD00043F8221000BF0C37BD4680BC704780B41C
:106BE00085B000AFF860B9607A60FB70FB68BA6886
:106BF00002F5A27253F8223023F4473323F47C7356
:106C0000FA68B96801F5A27142F82130FB68BA68E8
:106C100002F5A27253F822207B68190141F6F07345
:106C20000B40F978090401F440310B4342EA0301B7
:106C3000FB68BA6802F5A27243F8221000BF14374D
:106C4000BD4680BC704780B483B000AF78603960C7
:106C50007B683A6802F5A27253F822301B0C03F0ED
:106C60000303DBB218460C37BD4680BC704780B4C6
:106C700083B000AF786039607B683A6802F5A27231
:106C8000002143F822107B683A6802F5A2720021C5
:106C900043F8221000BF0C37BD4680BC704780B45B
:106CA00083B000AF0346FB71FB799B0003F5807353
:106CB0009BB218460C37BD4680BC704780B586B085
:106CC00000AFF860B9607A607A68B968F86800F077
:106CD00003F97861FFF7C9FE7B6918461837BD468E
:106CE00080BD80B582B000AF78600B467B807B882A
:106CF00019467868FFF7EEFEFFF7B7FE00BF0837CA
:106D0000BD4680BD80B582B000AF7860396039681B
:106D10007868FFF709FFFFF7A8FE00BF0837BD46F8
:106D200080BD80B582B000AF78603960396878681E
:106D3000FFF708FFFFF799FE00BF0837BD4680BD8B
:106D400080B584B000AF78603960FFF79AFE39688B
:106D50007868FFF705FFF860FFF78DFEFB681846BF
:106D60001037BD4680BD80B582B000AF7860396015
:106D700039687868FFF703FFFFF777FE00BF083731
:106D8000BD4680BD80B582B000AF7860396039689B
:106D90007868FFF70CFFFFF768FE00BF0837BD46B5
:106DA00080BD80B584B000AFF860B9607A60FB70D8
:106DB000FB787A68B968F868FFF711FFFFF755FEAE
:106DC00000BF1037BD4680BD80B584B000AF78608D
:106DD0003960FFF756FE39687868FFF734FF0346DD
:106DE000FB73FFF748FEFB7B18461037BD4680BD9E
:106DF00080B586B002AFF860B9607A60FB70FA784F
:106E00003B7E009313467A68B968F868F0F78EFF06
:106E1000FFF72BFE00BF1037BD4680BD80B582B0A6
:106E200000AF7860396039687868FFF720FFFFF7B6
:106E30001CFE00BF0837BD4680BD80B584B000AFE2
:106E4000F860B9601346FB80FB88A3F580739B084C
:106E500001229A40BB681340002B04D0FB881946DE
:106E6000F868FFF737FE00BF1037BD4680BD80B51C
:106E700084B000AFF860B9603B601346FB80FB88CC
:106E8000A3F580739B0801229A40BB681340002B36
:106E90001DD0FB881946F868FFF70CFE0346002B4F
:106EA00015D0FB881946F868FFF714FE3B68002BE5
:106EB0000BD03B681A68FB88A3F580739B080121FF
:106EC00001FA03F31A433B681A60012300E0002330
:106ED00018461037BD4680BD80B586B000AFF8605B
:106EE000B9607A6000233B61FFF7C5FD00237B6139
:106EF0000FE07B69DBB21846FFF7D1FE03461A4666
:106F000007F11003B968F868FFF7B1FF7B69013337
:106F10007B617A697B689A42EBD3BB6803F40033E8
:106F2000002B07D007F110034FF4A272B968F8687C
:106F3000FFF79DFF3B6918461837BD4680BD80B5F9
:106F400088B000AFF860B9607A603B6007F10C036D
:106F50001846F0F769FFF861FA68FB69203253F8C8
:106F60002230BB61BB68002B01D0012200E000226F
:106F70007B68002B01D0022300E0002313433A6812
:106F8000002A01D00C2200E000221343BA6A002A32
:106F900002D04FF4706200E000221343FA6A002A24
:106FA00002D04FF4403200E0002213437B617B6942
:106FB000DB43BA691340BB61BB68002B03D0BB68DD
:106FC0001B781A4600E000227B68002B03D07B6808
:106FD0001B785B0000E000231A433B68002B03D0C2
:106FE0003B681B789B0000E000231A43BB6A002B20
:106FF00003D0BB6A1B781B0200E000231A43FB6A24
:10700000002B03D0FB6A1B781B0400E00023134312
:10701000BA691343BB61FA68FB692032B96943F866
:10702000221000BF2037BD4680BD80B584B002AFBE
:1070300078600023019300230093002301220021A4
:107040007868F0F721FF00BF0837BD4680BD80B5E6
:1070500084B002AF78600B46FB70FB1C01930023E9
:1070600000930023002200217868FFF768FF00BF2B
:107070000837BD4680BD80B584B000AF78603B1D49
:107080001846F0F7D1FEF860F86800F020F80246E4
:107090007B6822FA03F303F0010318461037BD465C
:1070A00080BD80B584B000AF78603B1D1846F0F716
:1070B000BBFEF8607A68FB68203253F822301B0C64
:1070C00003F00303DBB218461037BD4680BD80B421
:1070D00083B000AF78607B68DB6818460C37BD462C
:1070E00080BC704780B584B000AF78603B1D184607
:1070F000F0F79AFEF8607B68012202FA03F31A4661
:10710000FB681A6200BF1037BD4680BD80B485B0F1
:1071100000AF78607B681B68FB60FB6803F01F02B0
:107120007B681A60FB685B0918461437BD4680BC53
:10713000704780B586B002AFF860B9607A603B6096
:10714000FB690193BB6900933B687A68B968F8688A
:10715000FFF7F5FEFFF789FC00BF1037BD4680BD85
:1071600080B582B000AF78607868FFF75EFFFFF708
:107170007CFC00BF0837BD4680BD80B582B000AF43
:1071800078600B46FB70FFF776FCFB781946786851
:10719000FFF75DFFFFF775FC00BF0837BD4680BDF8
:1071A00080B584B000AF7860FFF765FC7868FFF7C2
:1071B00062FFF860FFF75FFCFB6818461037BD46BA
:1071C00080BD80B584B000AF7860FFF75AFC786866
:1071D000FFF767FF0346FB73FFF74DFCFB7B184689
:1071E0001037BD4680BD80B584B000AFF860B9608F
:1071F0007A60FFF740FC7A68B968F868F0F782FEB9
:10720000FFF73FFC00BF1037BD4680BD80B582B0A0
:1072100000AF78607868FFF765FFFFF726FC00BFD6
:107220000837BD4680BD80B485B000AF7860396056
:107230003B68FB607B68DB08BB607B6803F007038F
:107240007B60FA68BB6813441B781A467B6822FA95
:1072500003F303F00103DBB218461437BD4680BCCC
:10726000704780B485B000AF786039603B68FB60E0
:107270007B68DB08BB607B6803F007037B60FA6810
:10728000BB681344197801227B6802FA03F3DBB26E
:10729000DB43DAB2F868BB6803440A40D2B21A7022
:1072A00000BF1437BD4680BC704780B58AB004AFBC
:1072B000B9607B600346FB731346BB7307F12C0375
:1072C0007B61BA7BF87B7B690393BB6A02937B6A21
:1072D00001933B6A00937B68B968EBF739FF00BF05
:1072E0001837BD4680BD80B582B000AF7860396088
:1072F0003868F0F73DFE03467A6808335B001344B4
:107300009B8803F00103002B14BF01230023DBB291
:1073100018460837BD4680BD80B582B000AF7860A2
:1073200039603868F0F724FE03467A6808335B005A
:1073300013449B8803F02003002B14BF0123002378
:10734000DBB218460837BD4680BD80B582B000AFBD
:10735000786039603868F0F70BFE03467A680833C6
:107360005B0013449B889B0803F00703DBB2002BF0
:1073700014BF01230023DBB218460837BD4680BD89
:1073800080B582B000AF786039603868F0F7F0FD02
:1073900003467A6808335B0013449B8803F00203BA
:1073A000022B0CBF01230023DBB218460837BD4671
:1073B00080BD80B582B000AF786039603968786888
:1073C000FFF7DEFF0346002B08D039687868FFF727
:1073D000A3FF0346002B01D0012300E0002303F0AC
:1073E0000103DBB218460837BD4680BD80B582B0C8
:1073F00000AF7860396039687868FFF7C1FF0346ED
:10740000002B14BF01230023DBB283F00103DBB2A6
:1074100003F00103DBB218460837BD4680BD80B4D7
:1074200083B000AF0346FB71FB7918460C37BD46AD
:1074300080BC704780B483B000AF0346FB71FB791A
:1074400018460C37BD4680BC704780B582B000AF8F
:10745000786039603868F0F78BFD03467A68083346
:107460005B0013449B885B0BDBB203F00703DBB2CA
:1074700018460837BD4680BD80B483B000AF0346D0
:10748000FB71FB79032B8CBF01230023DBB2184671
:107490000C37BD4680BC704780B485B000AF7860C3
:1074A00039600023FB601DE07A68FB6808335B00ED
:1074B00013449B8803F48073002B09D07A68FB681F
:1074C00008335B0013449B885B0A03F00F0301E061
:1074D0004FF0FF333A68934201D1012306E0FB6885
:1074E0000133FB60FB68412BDED9002318461437BB
:1074F000BD4680BC704780B586B000AF786039600B
:107500003868F0F735FD0346FB75FB7D7A68083374
:107510005B0013449B8803F48073002B09D0FB7D30
:107520007A6808335B0013449B885B0A03F00F03FF
:1075300001E04FF0FF333B613B69B3F1FF3F29D0DE
:10754000FB7D7A6808335B0013449A88FB7D22F444
:10755000F85291B27A6808335B0013440A469A8065
:1075600039697868FFF798FF034683F00103DBB2BF
:10757000002B10D07A683B69DB00134400225A606C
:107580007B689C333A69D2B211461846FEF75BFE1F
:10759000F86000E000BF1837BD4680BD90B583B0ED
:1075A00000AF7860396039687868FFF7B5FE034648
:1075B000002B0AD07B681C6839687868FFF745FFA4
:1075C000034619462046FFF729FC39687868FFF71B
:1075D00092FF3868F0F7CCFC03467A6808335B000A
:1075E000134400229A8000BF0C37BD4690BD80B581
:1075F00084B000AF7860396039687868FFF78CFE36
:107600000346002B1ED039687868FFF7EFFE03466B
:10761000002B17D039687868FFF717FF0346FB7314
:107620007B681A68FB7B012101FA03F319461046B7
:10763000FFF777FB7B681B68FA7B11461846FFF75C
:10764000A1FB04E000213868FFF797FD00BF00BFF1
:107650001037BD4680BD80B487B000AFF860B96018
:107660007A6000237B6114E0FA687B69DB001344D5
:107670005B68BA689A4209D1FA687B69DB001344F7
:107680009B687A689A4201D17B6907E07B69013384
:107690007B617B69002BE7DD4FF0FF3318461C3719
:1076A000BD4680BC704780B586B000AFF860B96059
:1076B0007A603B60B968F868FFF71DFF7B68002BB4
:1076C00001D100233CE03A687968F868FFF7C3FF0E
:1076D00078617B69002B0ADAFB689C331846FEF759
:1076E00086FD78617B69002B01DA7B6928E0FA6806
:1076F0007B69DB0013447A685A60FA687B69DB00B7
:1077000013443A689A60B868F0F732FC03461946A9
:107710000B46FA6808335B0013449A887B69DBB236
:107720005B029BB213439BB2084643F4807399B249
:10773000FA6800F108035B0013440A469A800023AC
:1077400018461837BD4680BD80B584B000AF78605C
:1077500039603868F0F70CFC03467A6808335B0040
:1077600013449B889B0803F00703BB73BB7B042B6C
:1077700002D10323FB730FE0BB7B052B02D1022355
:10778000FB7309E03868FFF70BFD0346002B01D0BF
:10779000032300E00223FB73FB7B18461037BD4632
:1077A00080BD80B584B000AF786039603868F0F78C
:1077B000DFFB03461A467B68083233F8123003F4C5
:1077C0008073002B0CD03868F0F7D2FB03461A46C2
:1077D0007B68083233F812305B0A03F00F0301E0D4
:1077E0004FF0FF33FB60FB68B3F1FF3F01D1002393
:1077F00003E0FB68DB007A68134418461037BD4687
:1078000080BD80B582B000AF786039603968786833
:10781000FFF769FD034683F00103DBB2002B02D0C2
:107820006FF015030BE039687868FFF7E0FE396800
:107830007868FFF7B3FE3868FFF792FC002318461C
:107840000837BD4680BD80B58CB002AFF860B96026
:107850007A60B868F0F78CFB034687F82330FB6842
:107860000433FB617B681B68002B38D0B968F8686B
:10787000FFF79FFD0346002B02D06FF01503E4E0F5
:107880000023BB7500237B757B681B6807F115021D
:1078900007F116010020019000200090B868FFF762
:1078A00048FC97F82320FB69083233F8123097F828
:1078B000232023F0020399B2FB69083223F8121047
:1078C00097F82320FB69083233F8123097F8232009
:1078D00043F0010399B2FB69083223F812107B6868
:1078E0005B68002B00F09E807B685B681B78FB76F2
:1078F0007B685B685B68002B14BF01230023BB76A9
:10790000B968F868FFF73CFD0346002B05D0BB7E45
:10791000002B66D06FF0150397E097F82320FB69E2
:10792000083233F8121097F8232041F6DF730B402A
:1079300099B2FB69083223F81210BB7E002B50D09D
:10794000FB7E032B94BF012300237B767B7E83F099
:107950000103DBB2002B02D06FF0150375E07B68EA
:107960005B685B681B783B76FB7E002B07D1FB686E
:107970001B683A7E11461846FFF750FA31E0FB7E4D
:107980001846FFF757FD0346FB75FB681B683A7EF8
:1079900011461846FFF7F6F9FB681868397EFB7D3B
:1079A000BA68FFF7FEF93B7EBA6891B2FA694C33C8
:1079B0005B0013440A469A8097F82320FB6908323B
:1079C00033F812203B7E9BB25B039BB213439BB206
:1079D00097F8232043F0200399B2FB69083223F87B
:1079E000121097F82320FB69083233F8123097F809
:1079F000232023F01C0399B2FB69083223F81210EC
:107A000097F82320FB69083233F81210FB7E9BB2F3
:107A10009B009BB297F823200B4399B2FB69083275
:107A200023F812107B689B68002B0BD07B689B6847
:107A30001A687B689B685B68B968F868FFF733FE73
:107A4000786201E000237B627B6A18462837BD46D6
:107A500080BD90B58BB002AFF860B9607A603B60D2
:107A6000B868F0F785FA0346FB777B68002B3ED0B9
:107A7000B968F868FFF7BAFC0346002B09D0B9686B
:107A8000F868FFF749FC0346002B02D06FF015039E
:107A90007CE0B968F868FFF758FC0346002B06D075
:107AA0007B685B78012B02D16FF015036EE0012338
:107AB000FB757B685A1C7B68981C7B6807F1170173
:107AC0000024019400930346B868FFF732FBFB7F64
:107AD000FA6808335B0013449A88FB7F42F0030284
:107AE00091B2FA6808335B0013440A469A803B68F7
:107AF000002B4AD0B968F868FFF778FC0346002BE2
:107B000002D06FF0150341E03B681B78BB61FB6856
:107B10001B68B9691846FFF781F9FB7FFA680833DB
:107B20005B0013449A88F97F41F6DF73134098B2E3
:107B3000FA6801F108035B00134402469A803B682F
:107B40005B78002B21D0FB6818683B685A783B684B
:107B50009B7800931346BA68B969FFF749F9FB7F30
:107B6000FA6808335B0013449A88BB699BB25B03D5
:107B70009BB213439AB2FB7F42F0200291B2FA68A3
:107B800008335B0013440A469A80002318462437C2
:107B9000BD4690BD80B485B000AFF860B9607A6032
:107BA000FB68BA68DA60FB687A681A6100BF14374C
:107BB000BD4680BC704780B584B000AFF860B96046
:107BC0007A60B968F868FFF7A7FB0346002B11D06D
:107BD000B868F0F7CDF90346FA6808335B00134440
:107BE0009B885B0BDBB203F00703DAB27B681A7089
:107BF000002301E06FF0150318461037BD4680BD25
:107C000080B483B000AF78607B6893F8B030002B0D
:107C100014BF01230023DBB218460C37BD4680BCDD
:107C2000704780B582B000AF78600B46FB707B6810
:107C300093F8B1301846F0F7B1F90246FB781946CF
:107C40001046FEF700FB034618460837BD4680BDC8
:107C500090B587B000AFF860B9601346FB71B968A2
:107C6000F868FFF759FB0346002B2CD0B968F86879
:107C7000FFF7BCFB0346002B25D0B968F868FFF777
:107C8000E4FB0346FB75FB681C68FB7D1846FFF7A9
:107C900006F8034619462046FFF723F8FB681B68E1
:107CA000FA7D11461846FFF75EF8FB79002B25D0C8
:107CB000FB681A68FB7D012101FA03F3194610469F
:107CC000FFF720F81AE0FB681B684FF400311846F4
:107CD000FFF736F80346002B06D1FB681B684FF40C
:107CE00000311846FFF70EF8B968F868FFF72CFD69
:107CF00003461946B868FFF740FA00E000BF00BF2E
:107D00001C37BD4690BD80B584B000AFF860B96047
:107D10007A607A68B968F868FFF795FD03461846F7
:107D20001037BD4680BD80B584B000AFF860B96043
:107D30007A603B603B687A68B968F868FFF789FE4B
:107D4000034618461037BD4680BD80B584B000AFED
:107D5000F860B9607A607A68B968F868FFF71AFF66
:107D600000BF1037BD4680BD80B584B000AFF8605D
:107D7000B9607A607A68B968F868FFF71CFF034653
:107D800018461037BD4680BD80B582B000AF786020
:107D90000B46FB70FB7819467868F0F71FF903462D
:107DA00018460837BD4680BD80B582B000AF786008
:107DB0007868FFF725FF034618460837BD4680BDA3
:107DC00080B582B000AF7860396039687868FFF7B5
:107DD00018FD034618460837BD4680BD80B582B001
:107DE00000AF78600B46FB70FB7819467868FFF7A8
:107DF00018FF034618460837BD4680BD80B584B0DD
:107E000000AF786039607868F0F79CF9F860FB683B
:107E1000002B01DAFB6804E0FB68DAB23B681A70F9
:107E2000002318461037BD4680BD80B584B000AF32
:107E3000F860B9601346FB71FB791A46B968F868B7
:107E4000FFF706FF00BF1037BD4680BD80B582B08A
:107E500000AF7860396039687868FFF7C8FB00BF09
:107E60000837BD4680BD80B586B000AFF860B96008
:107E70001346FB71B968F868FFF793FC78617B697A
:107E8000002B06D07B691B687A695268F979B8685B
:107E90009847FB689B68002B06D0FB689B68FA68D4
:107EA000D268F979B868984700BF1837BD4680BDD9
:107EB00080B586B000AFF860B96011461A460B462F
:107EC000FB711346BB71FB791846FFF7D5FA0346E1
:107ED000002B17D0FB791A46B968F868FFF7C3FF83
:107EE000B868FFF76EF903461A46BB7993422AD168
:107EF0000021B868FFF741F9BB791946B868FFF768
:107F00003CF920E0BB79022B01D1032300E00223DE
:107F1000FB75FB7D1946B868FFF72FF9FB79032B3A
:107F20000BD0BB79022B02D1FB79012B05D0BB7999
:107F3000032B08D1FB79022B05D1FB791A46B968CE
:107F4000F868FFF790FF00BF1837BD4680BD80B5C9
:107F500088B000AFF860B9607A6024E07B6893FA7B
:107F6000A3F3B3FA83F3FB610122FB6902FA03F383
:107F7000DB437A6813407B60BA68FB694C335B0073
:107F800013449B88BB61F969F868FEF71DFF03463F
:107F9000FB75FB7D1846FFF742FA03461A46B9699E
:107FA000B868FFF760FF7B68002BD7D100BF00BF28
:107FB0002037BD4680BD80B586B000AF786039609F
:107FC0003B6893F8AD303B613869EFF7F7FFF86035
:107FD000FF217868FEF7C4FD034643F40033BB601D
:107FE000FB681B681A46B9687868FEF767FE786117
:107FF0007B6903F40033002B08D0FA68396878688D
:10800000F0F710F97B6923F400337B617A693968F2
:108010007868FFF79CFF00BF1837BD4680BD80B56C
:1080200082B000AF78607B681A687B6804331946B9
:108030001046FFF7C0FF00BF0837BD4680BD90B4B3
:1080400082B000AF786039603A687B68D3E8EF1F90
:1080500001EA0200C3E8E40F002CF7D10B461846F2
:108060000837BD4690BC704780B400AF00BFBD4626
:1080700080BC704780B400AF00BFBD4680BC704775
:1080800080B400AF00BFBD4680BC704780B483B0F1
:1080900000AF786039607A683B6813441B68002B36
:1080A00014BF01230023DBB218460C37BD4680BC49
:1080B000704780B487B000AFF860C7E900230B4673
:1080C000FB72D7E900014FF000024FF000030A00F5
:1080D000002313467B61FB7A3A68F96852331B012F
:1080E0000B441A60FB7A7A69C2F31302F9685233BF
:1080F0001B010B4404331A6000BF1C37BD4680BC13
:1081000070472DE9B00F85B000AF78600B46FB706B
:10811000FB787A6852331B01134404331B68FB60FD
:10812000FB787A6852331B0113441B6800221C46FB
:108130001546FB6800229A4693464FF000024FF026
:1081400000035346002244EA020845EA0309424676
:108150004B46104619461437BD46BDE8B00F704770
:1081600080B485B000AFF8607A601A460B46FB72A7
:108170001346BB72BB7AD9077B6823F00042FB7AB7
:108180000A43F9681B010B4403F5A5631A6000BF9D
:108190001437BD4680BC704780B483B000AF7860B0
:1081A00039607B683A68C3F8242300BF0C37BD46AA
:1081B00080BC704780B483B000AF786039607B6862
:1081C0003A68C3F8282300BF0C37BD4680BC70470F
:1081D00080B483B000AF78607B68D3F82C33184646
:1081E0000C37BD4680BC704780B483B000AF786068
:1081F0000B46FB70FB7880337A68134400221A60C8
:1082000000BF0C37BD4680BC704780B483B000AF60
:1082100078600B467B807B8880337A681344002229
:108220001A6000BF0C37BD4680BC704780B582B075
:1082300000AF78600B467B807B8819467868FFF733
:1082400025FF034618460837BD4680BD80B483B07D
:1082500000AF78600B467B807B887A6813440022ED
:108260001A6000BF0C37BD4680BC704780B483B035
:1082700000AF78607B68D3F8403718460C37BD46AE
:1082800080BC704780B483B000AF78607B68D3F85F
:10829000443718460C37BD4680BC704780B485B063
:1082A00000AF78607B6803F5E863FB60FB68D3E9A7
:1082B0000023104619461437BD4680BC704780B471
:1082C00083B000AF78600B46FB707B68D3F848370B
:1082D00023F00103FA78002A01D0012200E00022F5
:1082E0001A437B68C3F8482700BF0C37BD4680BCE3
:1082F000704780B483B000AF78607B68D3F84837AC
:1083000003F00103012B0CBF01230023DBB218464D
:108310000C37BD4680BC704780B483B000AF786036
:108320000B46FB70FB787A68134401221A6000BF89
:108330000C37BD4680BC704780B483B000AF0346A5
:10834000FB71FB799B00DBB218460C37BD4680BC45
:10835000704780B483B000AF0346FB71FB799B008C
:1083600003F580739BB218460C37BD4680BC70473E
:1083700080B483B000AF78600B46FB707B68D3F8A5
:10838000103523F00203FA78002A01D0022200E01F
:1083900000221A437B68C3F8102500BF0C37BD4686
:1083A00080BC704780B483B000AF78600B46FB7030
:1083B0007B68D3F8103523F00103FA78002A01D046
:1083C000012200E000221A437B68C3F8102500BF99
:1083D0000C37BD4680BC704780B483B000AF786076
:1083E0007B68D3F8103503F00203002B14BF012380
:1083F0000023DBB218460C37BD4680BC704780B402
:1084000083B000AF786039607B683A68C3F8A4260F
:1084100000BF0C37BD4680BC704780B483B000AF4E
:10842000786039607B683A68C3F8AC2600BF0C37C7
:10843000BD4680BC704780B586B000AFF860B960BB
:1084400011461A460B46FB711346BB710023FB75A0
:108450000EE0FB7D1846FFF77CFF0346BB82BB8A1C
:108460001A46B968F86800F093F9FB7D0133FB7593
:10847000FB7D0B2BEDD9FFF7F7FDE420FBF709FAA5
:10848000BB79002B03D0B968F868FFF785FEFFF7CA
:10849000EBFD00BF1837BD4680BD80B584B000AF8E
:1084A00078600B46FB7000217868FFF761FFFFF7EB
:1084B000DBFD40F6FF717868FFF77CFE0023FB735D
:1084C00014E0FB7B1846FFF744FF03461946786823
:1084D000FFF79BFEFB7B1846FFF72EFF034619466E
:1084E0007868FFF781FEFB7B0133FB73FB7B0B2B73
:1084F000E7D960217868FFF70FFFFFF7B5FDFB783C
:10850000002B02D05D20EFF719FF00BF1037BD46EA
:1085100080BD80B584B000AF78600B46FB70012150
:108520007868FFF725FFFFF79FFDFB78002B28D029
:108530007868FFF7DEFE0346FB73FFF79BFDFB7BCE
:1085400083F00103DBB2002B05D001217868FFF72F
:10855000B6FEFFF789FD00BF786800F033F90346E7
:1085600083F00103DBB2002BF6D1FB7B83F0010328
:10857000DBB2002B05D000217868FFF7A0FEFFF7E3
:1085800073FD00BF1037BD4680BDB0B584B000AFED
:1085900078607868FFF782FEC7E90201D7E9022315
:1085A000B3F1804FF5D2D7E902231446C3F3130584
:1085B00022462B46104619461037BD46B0BD80B541
:1085C00082B000AF7860786800F0FCF80346184687
:1085D0000837BD4680BD80B584B000AF78600B46DB
:1085E000FB70FFF747FDFB781846FFF7B2FE034626
:1085F00019467868FFF71AFE0346FB73FFF73AFD4A
:10860000FB7B18461037BD4680BD80B582B000AFF9
:1086100078600B46FB70FB781846FFF79AFE03461E
:1086200019467868FFF712FEFFF71EFD00BF0837F6
:10863000BD4680BD80B584B000AFF860C7E90023B7
:108640000B46FB72F97AD7E90023F868FFF731FD92
:10865000FFF70AFD00BF1037BD4680BD80B584B06E
:1086600000AF78600B46FB70FFF70AFDFB781946F8
:108670007868FFF746FDC7E90201FFF7FBFCD7E981
:108680000223104619461037BD4680BD80B584B020
:1086900000AFF8607A601A460B46FB721346BB7255
:1086A000BB7AF97A7A68F868FFF75AFDFFF7DCFCC5
:1086B00000BF1037BD4680BD80B582B000AF786086
:1086C000396039687868FFF767FDFFF7CDFC00BFB8
:1086D0000837BD4680BD80B584B000AF7860FFF735
:1086E000C9FC7868FFF774FDF860FFF7C3FCFB680E
:1086F00018461037BD4680BD80B582B000AF7860A7
:108700000B46FB70FB7819467868FFF731FEFFF7E0
:10871000ABFC00BF0837BD4680BD80B582B000AF5E
:1087200078600B46FB70FB7819467868FFF73AFED5
:10873000FFF79AFC00BF0837BD4680BD80B582B008
:1087400000AF78607868FFF747FE034618460837A1
:10875000BD4680BD80B582B000AF786039603968B1
:108760007868FFF74CFEFFF77FFC00BF0837BD4677
:1087700080BD80B582B000AF7860396039687868B4
:10878000FFF74BFEFFF770FC00BF0837BD4680BD0A
:1087900080B584B000AFF860B9601346FB80FB88F9
:1087A000A3F580739B0801229A40BB681340002BFD
:1087B00004D0FB881946F868FFF748FD00BF103762
:1087C000BD4680BD80B584B000AF78607868FFF7A3
:1087D0004DFDFFF74FFC7868FFF754FD034603F0AB
:1087E0008043002B0CBF01230023FB73FFF742FCE7
:1087F000FB7B18461037BD4680BD80B58AB004AFFC
:10880000B9607B600346FB731346BB7307F12C030F
:108810007B61BA7BF87B7B690393BB6A02937B6ABB
:1088200001933B6A00937B68B968EAF791FC00BF4B
:108830001837BD4680BD80B485B000AF7860002396
:10884000FB730AE07B68DBB203F00103DAB2FB7B67
:108850001344FB737B685B087B607B68002BF1D162
:10886000FB7B18461437BD4680BC704780B485B08A
:1088700000AF0346FB716723FB600023FB720EE031
:10888000FB6893FAA3F3B3FA83F3012202FA03F32A
:10889000DB43FA681340FB60FB7A0133FB72FA7A20
:1088A000FB799A42ECD3FB6893FAA3F3B3FA83F310
:1088B000DBB218461437BD4680BC704780B500AFA8
:1088C000F0F726F800BF80BD80B400AF00BFBD4602
:1088D00080BC704780B400AF00BFBD4680BC70470D
:1088E00080B483B000AF78607B68D3F8003403F0C5
:1088F0000103012B0CBF01230023DBB218460C3708
:10890000BD4680BC704780B483B000AF78603960EA
:108910003B681B781A463B685B781B021A437B68EE
:10892000C3F8002500BF0C37BD4680BC704780B53A
:1089300082B000AF786039603968786800F004F878
:1089400000BF0837BD4680BD80B582B000AF7860FB
:10895000396039687868FFF7D6FFFFF7B5FFFFF792
:10896000B9FF00BF7868FFF7BBFF034683F0010340
:10897000DBB2002BF6D1FFF7ADFF00BF0837BD46D5
:1089800080BD80B500AFF0F773F900BF80BD80B542
:1089900000AFFFF7F6FF0023184680BD80B485B016
:1089A00000AFEFF31183FB60FB68BB6020237B60AB
:1089B0007B6883F3128800BFBFF36F8F00BFBB6873
:1089C00018461437BD4680BC704780B485B000AFF0
:1089D00078607B68FB60FB68BB60BB6883F31188D1
:1089E00000BFBFF36F8F00BF00BF00BF1437BD468D
:1089F00080BC704780B582B000AF78607B68002B88
:108A000003D07868FBF7B0FB00E000BF0837BD4635
:108A100080BD80B483B000AF7860002318460C3767
:108A2000BD4680BC704780B584B000AF786000233D
:108A3000FB607B685B69002B17D07B685B6978689B
:108A40009847F860FB68002B0FD0FB68002B02DA18
:108A5000FB685B42FB60FB68FF2B01DDFF23FB60D3
:108A60007B68DB68FA68D2B21A707B68DA68537880
:108A700043F001035370FB68002B02D17868FFF7C5
:108A8000C8FFFB685B4218461037BD4680BD80B406
:108A900083B000AF78607B68002B01D1002312E027
:108AA0007B68DB685B7803F00103DBB2002B06D048
:108AB0007B68DB681B78002B01D1012300E00023D9
:108AC00003F00103DBB218460C37BD4680BC70478B
:108AD00080B582B000AF78607868ECF76BFA00BFC1
:108AE0000837BD4680BD80B58AB004AFB9607B60F1
:108AF0000346FB731346BB7307F12C037B61BA7B00
:108B0000F87B7B690393BB6A02937B6A01933B6AA0
:108B100000937B68B968EAF71BFB00BF1837BD46B6
:108B200080BD80B500AFE9F7C9FE00BF80BD80B44D
:108B300085B000AFF860B9607A6000BF1437BD46F9
:108B400080BC704780B487B000AF7860EFF31183CA
:108B50007B617B693B612023FB60FB6883F31288A8
:108B600000BFBFF36F8F00BF00BFFDE782B0019071
:108B7000019B184602B0704782B0019000BF02B05E
:108B8000704700B583B00190019800F004F800BF71
:108B900003B05DF804FB00B583B001900198F2F7D3
:108BA00011FB00BF03B05DF804FB00B585B0039076
:108BB000CDE90023DDE900234FF000004FF0000174
:108BC0008B4208BF824203D10398FFF7DAFF04E02B
:108BD000DDE900230398F0F7D3F900BF05B05DF895
:108BE00004FB82B00190019B1B7C23F00403DAB2EA
:108BF000019B1A7400BF02B0704782B00190019BC4
:108C00009B8923F001039AB2019B9A8100BF02B0B5
:108C1000704700BF704780B500AFFAF7BEFE00BFD7
:108C200080BD80B588B000AFF860B9607A60EFF3BE
:108C30001183FB61FB69BB6120237B617B6983F34B
:108C4000128800BFBFF36F8F00BF00BFFFF7E3FFC5
:108C5000EDE780B400AF00BF00BF00BFBD4680BCE1
:108C6000704780B483B000AF78607B6800221A60E0
:108C70007B6800225A6000BF0C37BD4680BC70473D
:108C800080B483B000AF78607B681B687A689A42D2
:108C90000CBF01230023DBB218460C37BD4680BC55
:108CA000704780B582B000AF78607868FFF7E8FF62
:108CB0000346002B02D17B681B6800E000231846A6
:108CC0000837BD4680BD80B584B000AF78607B6852
:108CD0005B68FB607B681B68BB60FB68BA681A60F6
:108CE000BB68FA685A607868FFF7BBFF00BF1037AF
:108CF000BD4680BD80B582B000AF78607B68183318
:108D00001846F3F725F800BF0837BD4680BD80B48C
:108D100085B000AF78607B681B7CFB73FB7B03F046
:108D20001F03002B14BF01230023DBB218461437A6
:108D3000BD4680BC704780B582B000AF786078686F
:108D4000FFF7E5FF0346002B14BF01230023DBB22E
:108D500083F00103DBB203F00103DBB218460837EE
:108D6000BD4680BD80B483B000AF78607B681B7C5B
:108D700023F00203DAB27B681A7400BF0C37BD46D9
:108D800080BC704780B483B000AF78607B6813F11B
:108D9000800FACBF01230023DBB218460C37BD4661
:108DA00080BC704780B582B000AF78607868FFF70C
:108DB000E9FF0346002B01D07B6801E06FF07F03E1
:108DC00018460837BD4680BD80B483B000AF7860D8
:108DD00039607A683B689A42B4BF01230023DBB252
:108DE00018460C37BD4680BC704780B582B000AFD6
:108DF0007860396039687868FFF7E6FF03461846FF
:108E00000837BD4680BD80B586B000AF78607B680E
:108E1000FB60FB689B681A467B687B613A617B69F3
:108E20001846FFF750FF00BF7868FFF79BFF7B688D
:108E300000229A6000BF1837BD4680BD80B582B061
:108E400000AF78607B681846FFF72BFF0346184693
:108E50000837BD4680BD80B58AB004AFB9607B607D
:108E60000346FB731346BB7307F12C037B61BA7B8C
:108E7000F87B7B690393BB6A02937B6A01933B6A2D
:108E800000937B68B968EAF763F900BF1837BD46FD
:108E900080BD80B584B000AF78603960396878688B
:108EA000FFF7A3FF0346002B01D07B6800E03B687F
:108EB000FB60F868FFF776FFF860FB68184610372C
:108EC000BD4680BD80B483B000AF78607B687A68AF
:108ED0001A607B687A685A6000BF0C37BD4680BC58
:108EE000704780B483B000AF78607B6800221A605E
:108EF0007B6800225A6000BF0C37BD4680BC7047BB
:108F000080B483B000AF78607B681B687A689A424F
:108F10000CBF01230023DBB218460C37BD4680BCD2
:108F2000704780B582B000AF78607868FFF7E8FFDF
:108F30000346002B02D17B681B6800E00023184623
:108F40000837BD4680BD80B584B000AF78607B68CF
:108F50005B68FB607B681B68BB60FB68BA681A6073
:108F6000BB68FA685A607868FFF7BBFF00BF10372C
:108F7000BD4680BD80B483B000AF786000BF0C37C1
:108F8000BD4680BC704780B582B000AF78607B681A
:108F900018331846F2F7DCFE00BF0837BD4680BD27
:108FA00080B582B000AF78607B681846FFF78AFF13
:108FB00000BF0837BD4680BD80B483B000AF786085
:108FC0007B681B7C23F00203DAB27B681A7400BF53
:108FD0000C37BD4680BC704780B586B000AF786066
:108FE0007B68FB60FB689B681A467B687B613A6123
:108FF0007B691846FFF7A7FF00BF7868FFF7DCFF23
:109000007B6800229A6000BF1837BD4680BD80B5DE
:1090100084B000AFF860B9607A607B68002B03D041
:10902000BA687B689A4202D96FF015030DE0FB68BD
:10903000BA689A60FB687A68DA60FB681846FFF7DE
:10904000AFFFF868FFF796FF002318461037BD46BC
:1090500080BD80B483B000AF7860002318460C3721
:10906000BD4680BC704780B483B000AF78607B6839
:109070007A681A607B687A685A6000BF0C37BD4610
:1090800080BC704780B483B000AF78607B680022FA
:109090001A607B6800225A6000BF0C37BD4680BC56
:1090A000704780B483B000AF78607B6818460C3797
:1090B000BD4680BC704780B582B000AF78607868EC
:1090C00000F004F800BF0837BD4680BD80B582B00F
:1090D00000AF78607868F2F775F800BF0837BD46D2
:1090E00080BD80B582B000AF78607B681846FFF71E
:1090F000C9FF00BF0837BD4680BD80B582B000AF54
:1091000078607B6818331846FFF7EBFF00BF08371D
:10911000BD4680BD80B584B000AFF860C7E90023CC
:10912000D7E900234FF000004FF000018B4208BF49
:10913000824203D1F868FFF7BEFF04E0D7E90023BD
:10914000F868F0F7BBFD00BF1037BD4680BD80B5A5
:1091500082B000AF78607B681846FFF784FF00BFDD
:109160000837BD4680BD80B58AB004AFB9607B606A
:109170000346FB731346BB7307F12C037B61BA7B79
:10918000F87B7B690393BB6A02937B6A01933B6A1A
:1091900000937B68B968E9F7DBFF00BF1837BD466D
:1091A00080BD80B483B000AFEFF305837B607B6844
:1091B000002B14BF01230023DBB218460C37BD4639
:1091C00080BC704780B483B000AF78607B687C332C
:1091D00018460C37BD4680BC704780B58AB006AFD4
:1091E000F860B9607A603B6000230593BB6A049322
:1091F0007B6A03933B6A0293FB690193BB6900930B
:109200003B687A68B968F868F0F7FAFDD7E90C238B
:109210004FF0FF304FF0FF318B4208BF824204D045
:10922000D7E90C23F868FFF775FFFB68184610377D
:10923000BD4680BD80B584B000AFF860B9607A608B
:109240003B60FB6800229A603B689AB2FB689A8197
:109250007B68DAB2FB681A74BB685AB2FB689A730F
:10926000FB680022DA73F868FFF747FF00BF10378A
:10927000BD4680BD82B00190019B019A1A60019B9E
:10928000019A5A6000BF02B0704782B00190019B02
:1092900000221A60019B00225A6000BF02B0704792
:1092A00082B00190019B1B68002B14BF0123002397
:1092B000DBB2184602B0704782B00190019B1B6878
:1092C000019A9A420CBF01230023DBB2184602B078
:1092D000704700B583B001900198FFF7EDFF03469A
:1092E000002B02D1019B1B6800E00023184603B04D
:1092F0005DF804FB82B001900091019B5B68009ACD
:109300009A4202D0009B1B6800E00023184602B07E
:10931000704700B583B001900091009B002B05D0F1
:1093200000990198FFF7E6FF034600E00023184686
:1093300003B05DF804FB84B001900091019B5B6871
:109340000393009B019A1A60009B039A5A60039B47
:10935000009A1A60019B009A5A6000BF04B07047DF
:1093600084B001900091019B5B680393009B039A7A
:109370005A60009B019A1A60039B009A1A60019B35
:10938000009A5A6000BF04B0704784B00190019BFE
:109390005B680393019B1B680293039B029A1A600C
:1093A000029B039A5A6000BF04B0704700B585B0B5
:1093B0000190019B5B680393019B1B680293039BD5
:1093C000029A1A60029B039A5A600198FFF75DFFA8
:1093D00000BF05B05DF804FB08B5F1F783FD00BFE1
:1093E00008BD00B583B00190019B1846FFF758FFF8
:1093F0000346002B14BF01230023DBB283F00103DB
:10940000DBB203F00103DBB2184603B05DF804FBE6
:1094100082B00190019BD3E9042303F1004152EA99
:1094200001030CBF01230023DBB2184602B07047D2
:1094300000B583B00190019B18331846F2F788FC01
:1094400000BF03B05DF804FB00B583B00190019B41
:1094500018331846FFF7DCFF0346184603B05DF8E3
:1094600004FB82B00190019BDB897F2B94BF012319
:109470000023DBB2184602B0704782B0019000238F
:10948000184602B0704782B00190019B1B7C03F02C
:109490000203002B14BF01230023DBB2184602B0E5
:1094A000704782B00190019B1B7C03F00803002BE6
:1094B00014BF01230023DBB2184602B0704782B00C
:1094C0000190019B1B7C03F02003002B14BF0123A0
:1094D0000023DBB2184602B0704782B00190019BB6
:1094E0001B7C03F06003002B14BF01230023DBB2BD
:1094F000184602B0704784B00190019B1B7C8DF828
:109500000F309DF80F3003F01F03002B14BF012311
:109510000023DBB2184604B0704700B583B0019059
:10952000019B18331846FFF75CFF0346002B14BF5E
:1095300001230023DBB283F00103DBB203F001035C
:10954000DBB2184603B05DF804FB00B583B00190B0
:109550000198FFF7D0FF0346002B14BF012300231F
:10956000DBB283F00103DBB203F00103DBB2184688
:1095700003B05DF804FB82B001900091019B1B7C5D
:109580001A46009B1340002B14BF01230023DBB2BB
:10959000184602B0704700B583B001908021019851
:1095A000FFF7E9FF0346184603B05DF804FB82B0FD
:1095B0000190019B1B7C63F07F03DAB2019B1A745C
:1095C00000BF02B0704782B00190019B1B7C03F08A
:1095D0007F03DAB2019B1A7400BF02B0704782B0F9
:1095E0000190019B1B7C43F00203DAB2019B1A74C9
:1095F00000BF02B0704782B00190019B1B7C23F03A
:109600000203DAB2019B1A7400BF02B0704782B045
:109610000190019B1B7C03F00403002B14BF01236A
:109620000023DBB2184602B0704782B00190019B64
:109630001B7C43F00403DAB2019B1A7400BF02B032
:10964000704782B00190019B1B7C23F00403DAB2C7
:10965000019B1A7400BF02B0704782B00190019B59
:109660009B8903F00103DBB2184602B0704700B5D6
:1096700087B00190019B0393039B9B681A46019B53
:1096800005930492059B1846FFF790FE00BF0198D2
:10969000FFF7B1FF019B00229A6000BF07B05DF8A1
:1096A00004FB00B583B00190019B1846FFF711FE43
:1096B0000346184603B05DF804FB00B58BB0069175
:1096C000059303468DF81F3013468DF81E300FABFF
:1096D00009939DF81E209DF81F00099B03930E9B84
:1096E00002930D9B01930C9B0093059B0699E9F750
:1096F0002FFD00BF0BB05DF804FB82B00190012389
:10970000184602B0704782B0019000BF02B07047A7
:1097100082B0019000BF02B0704782B00190002378
:10972000184602B0704784B00190019B0393039BDD
:10973000002B0CBF01230023DBB2002B0FD0EFF373
:1097400005830293029B002B14BF01230023DBB28D
:1097500083F00103DBB2002B01D0012300E00023E2
:1097600003F00103DBB2184604B0704700B58BB0BC
:1097700001900091009B1846FFF7D5FF0346002B90
:1097800010D0F0F725FF0346002B0BD0019B099367
:10979000009B0393099B089300BF039B1846F0F7B7
:1097A000F7FB10E0009B0493019B0793049B069337
:1097B000069B0593059B83F3118800BFBFF36F8F52
:1097C00000BF00BF00BF00BF0BB05DF804FB00B5D9
:1097D0008BB0019000910198F0F70CFF0198FFF712
:1097E000FEFE009B002B51D0019B009A9A60009BCB
:1097F0000993019B08930998FFF76BFD0346002B23
:1098000004D00998FFF765FD034600E000230793A5
:1098100034E0089B0693079B0593069B93F90E3053
:109820000493059B93F90E300393049A039B9A4289
:1098300003D0039A049BD31A00E00023002B07DD1A
:10984000079B089A11461846FFF78AFD00BF1DE0E6
:10985000079B002B10D0079B19460998FFF759FD6D
:109860000346002B06D0079B19460998FFF751FDC8
:10987000034602E0002300E000230793079B002B30
:10988000C7D1089B19460998FFF755FD00BF0BB0DB
:109890005DF804FB00B585B00390CDE90023DDE958
:1098A00000234FF0FF304FF0FF318B4208BF824260
:1098B00004D0DDE900230398F0F754FB00BF05B0A6
:1098C0005DF804FB00B585B003900291CDE900235B
:1098D00002990398FFF77BFFDDE900230398FFF768
:1098E000D9FF00BF05B05DF804FB00B585B001905D
:1098F000019B1B7C03F02803002B14BF01230023D2
:109900008DF80F309DF80F3083F00103DBB2002B90
:109910000CD0019B9B68002B02D00198FFF7A7FE9B
:109920000198FFF78EFE0198F0F706FC00BF05B026
:109930005DF804FB00B583B0019000910099019897
:10994000FFF714FF00BF03B05DF804FB00B585B05E
:109950000190019B043303930398FFF78BFC00BF36
:1099600000BF05B05DF804FB2DE9F04F91B0CDE9E3
:109970000601DDE90601F1F783FB0346DA171C4611
:109980001546CDE90E45DDE906014FF0FF344FF0F5
:10999000FF3522462B46994208BF904268D0DDE948
:1099A0000E0102460B464FF000044FF000055D012A
:1099B00045EAD265540122462B46161A63EB01078D
:1099C0004FF000024FF00003BB0043EA9673B20071
:1099D00016461F4616EB000847EB01094FF0000240
:1099E0004FF000034FEAC90343EA58734FEAC80235
:1099F0009046994642464B4647F611215118009130
:109A000043F10003019347F612224FF00003DDE912
:109A10000001E6F71FFE02460B46CDE90C230023AA
:109A20000B936FF000430A930B9BDA170293039298
:109A3000DDE90C23DDE902010446A2428B4104D298
:109A40000B9BDA179A4693460FE00A9BDA170493AA
:109A50000592DDE90CABDDE904120B4653451346D4
:109A600073EB0B0301D28A46934652465B4603E0F2
:109A70004FF0FF324FF0FF33CDE90823089B184623
:109A800011B0BDE8F08FF0B585B001900199C8170D
:109A90000C46054614F11F0245F100034FF000008B
:109AA0004FF00001500940EAC3605909034603938F
:109AB000039BDA171E46174632463B4610461946A8
:109AC000F1F7DEFA0390039B5B01029302990B46C8
:109AD000184605B0F0BD00B587B001900198FFF7BA
:109AE000E0FD059015E00598FFF7C1FD0598FFF72B
:109AF0009FFC059B049300230393049B039AC3F8E4
:109B0000B42000BF0598F0F717FB0198FFF7C9FDD7
:109B10000590059B002BE6D100BF00BF07B05DF8A4
:109B200004FB80B483B000AF78607B68DB897F2B57
:109B300094BF01230023DBB218460C37BD4680BC1E
:109B4000704780B485B000AF78607B681B7CFB7386
:109B5000FB7B03F01F03002B14BF01230023DBB2A8
:109B600018461437BD4680BC704780B483B000AF40
:109B7000786039607A683B689A42B4BF0123002359
:109B8000DBB218460C37BD4680BC704780B582B04A
:109B900000AF7860396039687868FFF7E6FF034600
:109BA00018460837BD4680BD80B483B000AF7860EA
:109BB0007B6800221A607B6800225A6000BF0C3765
:109BC000BD4680BC704780B483B000AF78607B68CE
:109BD0001B68002B14BF01230023DBB218460C378F
:109BE000BD4680BC704780B483B000AF78607B68AE
:109BF0001B687A689A420CBF01230023DBB2184627
:109C00000C37BD4680BC704780B582B000AF78602D
:109C10007868FFF7E8FF0346002B02D17B681B68DA
:109C200000E0002318460837BD4680BD80B483B0ED
:109C300000AF786039607B685B683A689A4202D00E
:109C40003B681B6800E0002318460C37BD4680BC0B
:109C5000704780B582B000AF786039603B68002BF8
:109C600005D039687868FFF7E1FF034600E000237C
:109C700018460837BD4680BD80B485B000AF786017
:109C800039607B685B68FB603B687A681A603B6898
:109C9000FA685A60FB683A681A607B683A685A60EA
:109CA00000BF1437BD4680BC704780B485B000AF9C
:109CB000786039607B685B68FB603B68FA685A6073
:109CC0003B687A681A60FB683A681A607B683A6891
:109CD0005A6000BF1437BD4680BC704780B584B061
:109CE00000AF78607B685B68FB607B681B68BB606B
:109CF000FB68BA681A60BB68FA685A607868FFF750
:109D000053FF00BF1037BD4680BDF0B583B000AF34
:109D100078607868F1F7B6FE0346002B0DD07868BE
:109D2000F1F7B0FE0646D6E904017B68D3E90423C7
:109D3000841841EB0305C6E904457B681846FFF724
:109D4000CDFF00BF0C37BD46F0BD2DE9B04F8CB044
:109D500000AF7861F1F788FEB862BB6A002B12D0C1
:109D6000BB6AD3E904237969C817B960F860D7E9F9
:109D700002018446B2EB0C0463EB0105B4F1004F21
:109D800075F1000303DB6FF00043FB6220E000236A
:109D90007B62BB6AD3E904237969C8178A46834684
:109DA000B2EB0A01396063EB0B037B60D7E9003447
:109DB000C7E906347B6ADA1798469146D7E9062345
:109DC000424573EB090101DA42464B461346FB62FA
:109DD000FB6A18463037BD46BDE8B08F80B500AF8E
:109DE000F2F702F902460B461346184680BD80B5CD
:109DF00000AFF2F7F9F802460B461046194680BD4F
:109E000080B483B000AF78607B687A681A607B6842
:109E10007A685A6000BF0C37BD4680BC704780B47A
:109E200083B000AF78607B6800221A607B680022F4
:109E30005A6000BF0C37BD4680BC704780B483B009
:109E400000AF78607B681B687A689A420CBF012378
:109E50000023DBB218460C37BD4680BC704780B586
:109E600082B000AF78607868FFF7E8FF0346002B08
:109E700002D17B681B6800E0002318460837BD4606
:109E800080BD80B483B000AF786000BF0C37BD46A2
:109E900080BC704780B500AFFFF7A9FF02460B46B4
:109EA0001046194680BD80B582B000AF78607B68EF
:109EB0001846FFF7B4FF00BF0837BD4680BD80B429
:109EC00083B000AF78607B68D3E90423B3F1004F1F
:109ED00008BF012A14BF01230023DBB218460C3748
:109EE000BD4680BC704780B582B000AF78607B68AB
:109EF0001846FFF785FF00BF0837BD4680BD80B517
:109F000082B000AF78607B681846FFF7A8FF034671
:109F100018460837BD4680BD80B584B000AFF860F4
:109F2000B9607A60FB68BA681A62FB687A685A623C
:109F3000FB6800221A63FB6818331846FFF7D3FF4B
:109F4000FB681846FFF7AFFFFB6800225A63F8680A
:109F5000FFF797FF00BF1037BD4680BD80B400AF4C
:109F600000BFBD4680BC704780B582B000AF78604E
:109F70007B689B6A002B05D07B682433012118463F
:109F8000F2F704FD7B6800229A6200231846083726
:109F9000BD4680BD80B584B000AF78607868FFF7BB
:109FA000E3FFF8607B681B7F032B1ADC022B04DACB
:109FB000002B12D0012B08D013E07B681B6A012B09
:109FC00013D06FF09603FB600FE07B681B6A002BD9
:109FD0000DD06FF09603FB6009E06FF09603FB6015
:109FE00006E06FF09603FB6002E000BF00E000BFF8
:109FF0002C2200217868F4F701F8FB681846103726
:10A00000BD4680BD80B483B000AF78601023184691
:10A010000C37BD4680BC704780B582B000AF6FF092
:10A0200096037B60F2F7C4FD78607B68002B01D05B
:10A030007B6800E0002318460837BD4680BD80B429
:10A0400000AF00BFBD4680BC704780B483B000AF96
:10A050007860002318460C37BD4680BC704780B43A
:10A0600083B000AF7860002318460C37BD4680BC33
:10A07000704780B584B000AFF860C7E90023D7E926
:10A080000023F868EFF7F0F9034618461037BD468D
:10A0900080BD80B582B000AF78607868EFF714FCBF
:10A0A000034618460837BD4680BD80B582B000AF74
:10A0B000786079684FF0FF324FF0FF330846FFF7C2
:10A0C000D8FF01460B4618460837BD4680BD80B50F
:10A0D00082B000AF78607B681846FFF7DAFF03466E
:10A0E00018460837BD4680BD80B483B000AF7860A5
:10A0F0007B681B6800BF0C37BD4680BC704780B5CD
:10A100008AB004AFB9607B600346FB731346BB7330
:10A1100007F12C037B61BA7BF87B7B690393BB6AF5
:10A1200002937B6A01933B6A00937B68B968E9F705
:10A130000FF800BF1837BD4680BD80B582B000AFB4
:10A1400078600B467B807B887A68134400221A6013
:10A150007B887A6813441846FFF7C6FF00BF0837AC
:10A16000BD4680BD80B483B000AF786039607B6845
:10A170003A68C3F8082300BF0C37BD4680BC70475F
:10A1800080B483B000AF786039607B68D3F8002476
:10A190003B681A437B68C3F8002400BF0C37BD46F8
:10A1A00080BC704780B483B000AF786039607B6852
:10A1B000D3F800243B68DB431A407B68C3F80024D3
:10A1C00000BF0C37BD4680BC704780B58AB004AF75
:10A1D000B9607B600346FB731346BB7307F12C0326
:10A1E0007B61BA7BF87B7B690393BB6A02937B6AD2
:10A1F00001933B6A00937B68B968E8F7A9FF00BF49
:10A200001837BD4680BD80B487B000AFF860B96034
:10A210007A6000237B6110E0FB681A78BB681B78CA
:10A220005340DAB2FB681A707B6901337B61FB68CB
:10A230000133FB60BB680133BB607A697B689A427B
:10A24000EAD300BF00BF1C37BD4680BC704780B456
:10A2500085B000AFF860B9607A6013E0BB68013B7D
:10A26000BB60FA68BB6813441B781A467B681344CA
:10A270007B60FA68BB6813447A68D2B21A707B6854
:10A280001B0A7B60BB68002BE8D100BF00BF1437FE
:10A29000BD4680BC704780B584B000AF786007F1E0
:10A2A000080319467868F2F7C9FEF860FB68002BCE
:10A2B00014BF01230023DBB218461037BD4680BD12
:10A2C00080B483B000AF786039603B6818460C37C3
:10A2D000BD4680BC704780B485B000AF78603960FF
:10A2E0007B685B68FB607B683A685A61FB68DBB23D
:10A2F000002B06D1FB6823F0FF0343F001027B68CB
:10A300005A6000BF1437BD4680BC704780B483B02C
:10A3100000AF78607B685B6918460C37BD4680BC2F
:10A32000704780B483B000AF786039607B683A686A
:10A330005A603B68DBB2002B02D17B6800225A6175
:10A3400000BF0C37BD4680BC704780B483B000AFFF
:10A3500078607B685B6818460C37BD4680BC7047E8
:10A3600080B483B000AF78607B681B6803F48053CF
:10A37000002B05D07B681B6843F480627B681A6001
:10A380007B681B6803F40053002B05D07B681B68B7
:10A3900043F400627B681A6000BF0C37BD4680BC86
:10A3A000704780B582B000AF786039603B46184690
:10A3B000FFF7D6FF3A687B689A6000BF0837BD4652
:10A3C00080BD80B483B000AF78607B689B6818461E
:10A3D0000C37BD4680BC704780B483B000AF786056
:10A3E00039607B683A68DA6000BF0C37BD4680BCD4
:10A3F000704780B483B000AF78607B68DB68184634
:10A400000C37BD4680BC704780B483B000AF786025
:10A410000B467B807B687A881A8000BF0C37BD466C
:10A4200080BC704780B483B000AF78607B681B88C5
:10A4300018460C37BD4680BC704780B483B000AF6F
:10A44000786039603B684FF6F872934204D97B68B4
:10A450004FF6FF725A8003E03B689AB27B685A80DD
:10A4600000BF0C37BD4680BC704780B483B000AFDE
:10A4700078607B685B8818460C37BD4680BC7047A7
:10A4800080B582B000AFF820FFF705FF0346002B30
:10A4900005D1F920FFF7FFFE0346002B01D0012371
:10A4A00000E00023FB71FB7903F00103FB71FB79F2
:10A4B000002B02D06FF0920312E0F820F2F786FD35
:10A4C0000346002B02D06FF0920309E0F920F2F767
:10A4D0007DFD0346002B02D06FF0920300E00023C5
:10A4E00018460837BD4680BD80B586B000AF3B1D1D
:10A4F0001946BA20F2F7A2FD38613B69002B32D130
:10A500007B681B0AFB607B68DBB2BB6000237B615E
:10A510001BE0FA687B6913441846F2F76FFD386157
:10A520003B69002B0ED0FA687B6913441846FFF78D
:10A53000B2FE034683F00103DBB2002B02D06FF0C2
:10A54000920311E07B6901337B617A69BB689A42AF
:10A55000DFD3BA20F2F752FD38613B69002B02D0FD
:10A560006FF0920300E0002318461837BD4680BD07
:10A5700080B58AB000AF7860396007F10803002227
:10A580001A605A609A60DA601A615A619A617B684F
:10A590001A023B6813433B620123BB6107F10803C6
:10A5A0001946BA20F2F7E6FC78627B6A002B02D0EB
:10A5B0006FF0920300E0002318462837BD4680BDA7
:10A5C00080B500AFBA20F2F719FD0346002B02D088
:10A5D0006FF0920300E00023184680BD80B400AF06
:10A5E000BFF35F8F00BF00BFBD4680BC704780B522
:10A5F00000AFFFF7F3FF00BF80BD80B500AFFFF7EE
:10A60000EDFF00BF80BD80B584B000AF78603960D9
:10A610007B6803F1A04303F58833FB60FFF7E7FF96
:10A62000FB683A681A60FFF7E8FF00BF1037BD46C5
:10A6300080BD80B584B000AF78607B6803F1A04333
:10A6400003F58833FB60FFF7D2FFFB681B68BB6034
:10A65000FFF7D3FFBB6818461037BD4680BD80B5F5
:10A6600000AF15212420FFF7CEFF40F2371128203C
:10A67000FFF7C9FF00BF80BD80B582B000AF3020BA
:10A68000FFF7D7FF78607B685B0803F007037B6008
:10A690007B68052B02D16FF0510309E07B68002B2A
:10A6A00002D07B68012B02D14FF0FF3300E0002382
:10A6B00018460837BD4680BD80B582B000AF002087
:10A6C000FFF7B7FF78607B6843F001037B60796830
:10A6D0000020FFF798FF00BF0837BD4680BD80B55A
:10A6E00082B000AF0020FFF7A4FF78607B6843F4DE
:10A6F000807319460020FFF786FF7B6823F4807380
:10A7000019460020FFF77FFF00BF0837BD4680BD18
:10A7100080B500AFFFF7E3FFFFF7CEFF00BF80BDBE
:10A7200080B58CB000AF786039607B681A46002332
:10A7300013605360F2F76CF97B6801221A70FFF71F
:10A74000CEFF0023BB62F1237B624FF400733B62B8
:10A750000023FB610C20FFF76CFF03469B08013BC5
:10A76000FB623B68002B2ED03B681B68002B12D08D
:10A770003B681B68FA6A9A420AD26FF03F03BB61DA
:10A7800000BFF2F7ADF97B6800221A70BB693AE0AE
:10A790003B681B68FB623B689B68002B02D03B68F0
:10A7A0009B68BB623B685B68002B02D03B685B68C0
:10A7B0003B623B68DB68002B02D03B68DB687B6256
:10A7C0003B681B69FB61F96A0820FFF71CFFB96A47
:10A7D0004020FFF718FF796A4420FFF714FF396A19
:10A7E0003420FFF710FF4FF480237B617A69FB6907
:10A7F00013437B617B6943F001037B61796900202E
:10A80000FFF701FF002318463037BD4680BD80B5F5
:10A8100086B000AF78600420FFF70BFF38613B691A
:10A82000032B02D84FF0FF3319E000237B610DE0CA
:10A830008020FFF7FEFEF8607B6904339B00F96817
:10A840001846FFF7E0FE7B6901337B617B69032BD0
:10A85000EED9FFF75DFF7B6801225A60002318469E
:10A860001837BD4680BD80B58AB000AFF860B960CA
:10A870007A6000237B62FB681B7883F00103DBB204
:10A88000002B02D06FF020034EE0FFF7F5FE786258
:10A890007B6A002B01D07B6A46E0FB685B68002B7B
:10A8A00008D1F868FFF7B3FF78627B6A002B01D00C
:10A8B0007B6A39E00820FFF7BCFEB861BB69013351
:10A8C0001B017A689A4202D96FF03F032CE0042002
:10A8D000FFF7AFFE78617B699B007A689A421FD9C7
:10A8E0004FF0FF3320E08020FFF7A3FE3862002303
:10A8F000FB610FE03B6ADAB2BB681A70BB680133D8
:10A90000BB603B6A1B0A3B62FB690133FB617B68EE
:10A91000013B7B60FB69032B02D87B68002BE9D1EC
:10A920007B68002BDFD17B6A18462837BD4680BD87
:10A9300080B582B000AF78607B681B78002B04D0B4
:10A94000F2F7CEF87B6800221A7000231846083709
:10A95000BD4680BD80B400AFBFF35F8F00BF00BFB6
:10A96000BD4680BC704780B500AFFFF7F3FF00BF66
:10A9700080BD80B500AFFFF7EDFF00BF80BD80B5A3
:10A9800084B000AF786039607B6803F1A04303F5C1
:10A990008033FB60FFF7E7FFFB683A681A60FFF758
:10A9A000E8FF00BF1037BD4680BD80B483B000AF64
:10A9B000786039607B683A68C3F8042300BF0C37BD
:10A9C000BD4680BC704780B400AF00231846BD462A
:10A9D00080BC704780B483B000AF78607B681B6830
:10A9E00000BF0C37BD4680BC704780B483B000AF59
:10A9F000786039607A683B6813441B68002B14BF89
:10AA000001230023DBB218460C37BD4680BC7047DB
:10AA100080B582B000AF78600B467B807B887A6817
:10AA2000134400221A607B887A6813441846FFF7A3
:10AA3000D1FF00BF0837BD4680BD80B582B000AFF2
:10AA400078600B467B807B8819467868FFF7CDFFDE
:10AA5000034618460837BD4680BD80B400AFBFF33B
:10AA60005F8F00BF00BFBD4680BC704780B500AFA0
:10AA7000FFF7F3FF00BF80BD80B500AFFFF7EDFF2C
:10AA800000BF80BD80B584B000AF786039607B685E
:10AA900003F1A04303F58033FB60FFF7E7FFFB689A
:10AAA0003A681A60FFF7E8FF00BF1037BD4680BD67
:10AAB00080B584B000AF78607B6803F1A04303F5F4
:10AAC0008033FB60FFF7D2FFFB681B68BB60FFF7BA
:10AAD000D3FFBB6818461037BD4680BD80B584B033
:10AAE00000AF78604FF0FF31786800F00EFBF8603F
:10AAF0004FF0FF31786800F01EFBFB6818461037F6
:10AB0000BD4680BD80B483B000AF786039607B689B
:10AB10003A68C3F8082300BF0C37BD4680BC7047B5
:10AB200080B582B000AF78607B680C21184600F0D9
:10AB300080F8034603F48033002B14BF0123002365
:10AB4000DBB218460837BD4680BD80B582B000AF85
:10AB500078607B6841F22401184600F06AF80346E9
:10AB600003F4A023002B14BF01230023DBB21846FB
:10AB70000837BD4680BD80B582B000AF7860786888
:10AB8000FFF7CEFF034618460837BD4680BD80B5A7
:10AB900082B000AF78607B6802220821184600F07E
:10ABA00035F800BF0837BD4680BD80B584B000AF22
:10ABB00078607B680C21184600F03BF8F860FB6871
:10ABC0001846F2F713FF034618461037BD4680BDFE
:10ABD00080B582B000AF78607B6841F2040118460E
:10ABE00000F027F80346C62B02D16FF0010309E0FD
:10ABF0007868FFF7C0FF0346002BEDD17868FFF7B8
:10AC0000D4FF034618460837BD4680BD80B487B0E0
:10AC100000AFF860B9607A60FB681A68BB681344DB
:10AC20007B617B697A681A6000BF1C37BD4680BCB7
:10AC3000704780B485B000AF786039607B681A686F
:10AC40003B681344FB60FB681B68BB60BB6818462D
:10AC50001437BD4680BC704780B483B000AF7860C5
:10AC600039607B681B693A689A6600BF0C37BD463D
:10AC700080BC704780B483B000AF78607B681B698C
:10AC80009B6E18460C37BD4680BC704780B400AF41
:10AC9000BFF35F8F00BF00BFBD4680BC704780B56B
:10ACA00000AFFFF7F3FF00BF80BD80B584B000AFF9
:10ACB00078607868FFF7DEFF0346DB68FB60FB68BF
:10ACC000002B0AD07868FB6843F4202343F4006328
:10ACD0001A460021FFF79AFF00E000BF1037BD467B
:10ACE00080BD80B582B000AF78607868FFF7DDFF87
:10ACF000FFF7D5FF7B68032208211846FFF786FF80
:10AD00000837BD4680BD80B485B000AF786039603B
:10AD10007B68C3F30B03FB60FA683B685A60FB680F
:10AD2000482B28BF48231A463B689A603B689A68BC
:10AD30003B68DA603B6801225A613B6808229A61ED
:10AD40007B6803F40033002B02D13B680022DA60F9
:10AD50007B6803F48033002B05D13B6800225A60E6
:10AD60003B6800229A607B6803F47003B3F5700FB0
:10AD700002D03B6800229A607B68002B05DA3B68B2
:10AD800000225A613B6800229A6100BF1437BD4619
:10AD900080BC704780B588B000AF786039604AE009
:10ADA0003B68202BA8BF20237B616FF05103FB6120
:10ADB0000123FB762AE0FB6913F1520F04D0FB69F3
:10ADC000B3F1FF3F0CD01DE007F10C030021184642
:10ADD000FFF7A6FCF861FB69002B01D0FB692EE0B0
:10ADE0007A6907F10C0379681846FFF73CFDF861B2
:10ADF000FB6913F1520F08D107F10C031846FFF756
:10AE000097FD02E00023FB7600E000BFFB7E002BF5
:10AE1000D1D107F10C031846FFF78AFDFB69002B1F
:10AE200001D0FB690BE03A687B69D31A3B607B6910
:10AE30007A6813447B603B68002BB1D1002318462D
:10AE40002037BD4680BD80B400AFBFF35F8F00BF29
:10AE500000BFBD4680BC704780B500AFFFF7F3FF71
:10AE600000BF80BD80B500AFFFF7EDFF00BF80BD24
:10AE700080B584B000AF786039607B6803F1A0438F
:10AE800003F58033FB60FFF7E7FFFB683A681A6061
:10AE9000FFF7E8FF00BF1037BD4680BD80B584B026
:10AEA00000AF786039607B6803F1A04303F580331D
:10AEB000FB60FFF7D1FF3A68FB681A60FFF7D2FF2B
:10AEC00000BF1037BD4680BD80B400AFBFF35F8FB9
:10AED00000BF00BFBD4680BC704780B500AFFFF724
:10AEE000F3FF00BF80BD80B500AFFFF7EDFF00BFEF
:10AEF00080BD80B584B000AF786039607B6803F1B5
:10AF0000A04303F58033FB60FFF7E7FFFB683A6877
:10AF10001A60FFF7E8FF00BF1037BD4680BD80B55F
:10AF200084B000AF78607B6803F1A04303F5803301
:10AF3000FB60FFF7D2FFFB681B68BB60FFF7D3FF26
:10AF4000BB6818461037BD4680BD80B582B000AFE3
:10AF5000FF237B60F2F75EFC78607B68002B03D1F7
:10AF60002820FFF7DCFF78603C20FFF7D8FF03467E
:10AF700003F023033B607B6803F02403002B04D021
:10AF800000F01AF86FF01F030BE03B68002B02D0B3
:10AF90004FF0FF3305E04FF0FF313020FFF7A9FFFE
:10AFA000002318460837BD4680BD80B500AFFFF7C7
:10AFB000CCFF0346184680BD80B582B000AF1C2090
:10AFC000FFF7ADFF786010213420FFF792FF0120DA
:10AFD00000F0D8F800213420FFF78BFF00BF3C20A1
:10AFE000FFF79DFF034603F04003002BF7D17B687A
:10AFF000002B03D079681C20FFF77BFF00BF0837C8
:10B00000BD4680BD80B584B000AFF860C7E90023BD
:10B01000D7E90023F868EEF727FA034618461037F9
:10B02000BD4680BD80B582B000AF78607868EEF72D
:10B030004BFC034618460837BD4680BD80B584B03A
:10B0400000AF78604FF0FF324FF0FF337868FFF7C2
:10B05000D9FFF860F9680B4618461037BD4680BD29
:10B0600080B584B000AF78607868FFF7DBFFF860E8
:10B07000FB6818461037BD4680BD80B582B000AF72
:10B080007860786800F000F900BF0837BD4680BDE1
:10B0900080B582B000AF786039603968786800F0B8
:10B0A00059F9034618460837BD4680BD80B582B0C1
:10B0B00000AF786039603968786800F05BF9034662
:10B0C00018460837BD4680BD80B586B002AFF8602F
:10B0D000B9601346FB71F979D7E90623CDE900235E
:10B0E0000A46B968F86800F0F1F9034618461037C7
:10B0F000BD4680BD80B582B000AF78607868FFF74C
:10B10000BCFF00BF0837BD4680BD80B584B002AF2C
:10B11000786039604FF0FF324FF0FF33CDE9002304
:10B12000002239687868FFF7CFFF01460B461846C2
:10B130000837BD4680BD80B582B000AF7860396009
:10B1400039687868FFF7B2FF00BF0837BD4680BD99
:10B1500080B582B000AF7860396039687868FFF7F1
:10B1600097FF034618460837BD4680BD80B582B0BC
:10B1700000AF78607868FEF786FC0346184608370B
:10B18000BD4680BD80B582B000AF78607B68184650
:10B19000FFF7ECFF00BF0837BD4680BD80B487B025
:10B1A00000AFF860B9603B601346FB713A68BB685A
:10B1B000934228BF13467B61FB683B6105E03B6916
:10B1C000FA791A703B6901333B617B695A1E7A61D7
:10B1D000002BF4D100BF00BF1C37BD4680BC7047B8
:10B1E00080B485B000AF786039607B68BB600023B5
:10B1F000FB6007E0BA68FB68134400221A70FB6822
:10B200000133FB60FA683B689A42F3D300BF00BF8A
:10B210001437BD4680BC704780B483B000AF7860FF
:10B220007B687A681A607B687A685A6000BF0C375E
:10B23000BD4680BC704780B483B000AF786000BF6B
:10B240000C37BD4680BC704780B500AFF0F702F800
:10B250000346184680BD80B582B000AF78607B6839
:10B2600018331846F0F774FD00BF0837BD4680BD9F
:10B2700080B582B000AF78607B681846FFF7CCFFDE
:10B2800000BF0837BD4680BD80B582B000AF786092
:10B290007B6800229A607B681846FFF7E9FF7868B0
:10B2A000FFF7C9FF00BF0837BD4680BD80B487B037
:10B2B00000AFF860B9607A60BA68FB6813407B61E0
:10B2C0007B68012B05D17A69FB689A4201D0002383
:10B2D00000E07B6918461C37BD4680BC704780B5CE
:10B2E00088B000AF786039603B68FB617B685B6E5B
:10B2F00003F00103BB617B68186EFB691B68BA69C8
:10B300001946FFF7D3FF78617B69002B1DD07B685E
:10B310007A691A667B685B6E03F00403002B05D024
:10B32000FB695A687B691A43FB695A607868FFF7C2
:10B3300092FF7B683B610023FB603B69FA68C3F8BE
:10B34000B42000BF7868FEF7D0FA002318462037F3
:10B35000BD4680BD80B582B000AF786039604FF0E7
:10B36000FF3239687868F2F7FBFD03461846083764
:10B37000BD4680BD80B582B000AF786039603A6864
:10B3800000217868F2F7ECFD034618460837BD4601
:10B3900080BD80B59AB002AFF860B9607A600023D2
:10B3A000FB65BB68002B01D100238BE07B6803F0B9
:10B3B0000103BB65FFF748FF7865FB680C333B650D
:10B3C000EFF31183FB64FB6CBB6420237B647B6C19
:10B3D00083F3128800BFBFF36F8F00BFBB6CBB61EC
:10B3E0003B6D3B6400BF3B6DFB6300BFBB693B62D1
:10B3F0007B6803F00203002B02D0FB6800229A60F6
:10B40000FB689B68BA6D1946B868FFF74FFFF8658F
:10B41000FB6D002B1ED07B6803F00403002B06D0CD
:10B42000FB689A68FB6DDB431A40FB689A60FB6817
:10B430000C333A6AFA61BB63FB697B637B6B3B63EA
:10B440003B6B83F3118800BFBFF36F8F00BF00BF5A
:10B4500000BF36E0D7E91A234FF000004FF000019B
:10B460008B4208BF824212D1FB680C333A6A7A6180
:10B47000FB627B69BB62BB6A7B627B6A83F3118878
:10B4800000BFBFF36F8F00BF00BF00BF19E07B6D2F
:10B49000BA681A667B6D7A685A66FB6803F10C001D
:10B4A000F968D7E91A23CDE900230A46396AEFF78C
:10B4B000B7F90346002B03D17B6D1B6EFB6500E0E3
:10B4C00000BFFB6D18466037BD4680BD80B588B0B3
:10B4D00002AFF860B9601346FB71FB79002B01D015
:10B4E000022300E000237B61D7E90823CDE9002394
:10B4F0007A69B968F868FFF74CFF034618461837B1
:04B50000BD4680BD07
:08B504008451FE7F01000000EC
:10B50C00155C000000000000156B0000000000003E
:10B51C00DD13000000000000000000008CB50100ED
:10B52C008F8901000000000000000000C4B501007C
:10B53C0000000000FCB5010000000000E0B50100B7
:10B54C0000000000A8B501000000000018B60100C2
:10B55C003963000000000000B96B0000000000001F
:10B56C00E92D000000000000BD5A000000000000A2
:10B57C001D61010000000000493C000000000000BB
:10B58C0090CF0100F0DC010068BF0100FC07002037
:10B59C00841100204562000000000000A0CF0100D3
:10B5AC0034DD010044BF0100FE0700201012002012
:10B5BC001D64000000000000ACCF010048DD01005C
:10B5CC0044BF0100000800201C1200201D64000074
:10B5DC0000000000B8CF01005CDD010044BF010099
:10B5EC0002080020281200201D640000000000004A
:10B5FC00C4CF010070DD010044BF0100040800202D
:10B60C00341200201D64000000000000E0CF010097
:10B61C00B4DD010084BF01000608002040120020A8
:08B62C00E55F010000000000D1
:10B6340000000000ED38010000000000ED380100BA
:10B6440000000000ED38010000000000ED380100AA
:10B6540000000000ED38010000000000ED3801009A
:10B6640000000000ED38010000000000ED3801008A
:10B6740000000000ED38010000000000ED3801007A
:10B6840000000000ED38010000000000ED3801006A
:10B6940000000000ED38010000000000ED3801005A
:10B6A40000000000ED38010000000000ED3801004A
:10B6B40000000000ED38010000000000ED3801003A
:10B6C40000000000ED38010000000000ED3801002A
:10B6D40000000000ED38010000000000ED3801001A
:10B6E40000000000ED38010000000000ED3801000A
:10B6F40000000000ED38010000000000ED380100FA
:10B7040000000000ED38010000000000ED380100E9
:10B7140000000000ED38010000000000ED380100D9
:10B7240000000000ED38010000000000ED380100C9
:10B7340000000000ED38010000000000ED380100B9
:10B7440000000000ED38010000000000ED380100A9
:10B7540000000000ED38010000000000ED38010099
:10B7640000000000ED38010000000000ED38010089
:10B7740000000000ED38010000000000ED38010079
:10B7840000000000ED38010000000000ED38010069
:10B7940000000000ED38010000000000ED38010059
:10B7A40000000000ED38010000000000ED38010049
:10B7B40000000000ED38010000000000ED38010039
:10B7C40000000000ED38010000000000ED38010029
:10B7D40000000000ED38010000000000ED38010019
:10B7E40000000000ED38010000000000ED38010009
:10B7F40000000000ED38010000000000ED380100F9
:10B8040000000000ED38010000000000ED380100E8
:10B8140000000000ED38010000000000ED380100D8
:10B8240000000000ED38010000000000ED380100C8
:10B8340000000000ED38010000000000ED380100B8
:10B8440000000000ED38010000000000ED380100A8
:10B8540000000000ED38010000000000ED38010098
:10B8640000000000ED38010000000000ED38010088
:10B8740000000000ED38010000000000ED38010078
:10B8840000000000ED38010000000000ED38010068
:10B8940000000000ED38010000000000ED38010058
:10B8A40000000000ED38010000000000ED38010048
:10B8B40000000000ED38010000000000ED38010038
:10B8C40000000000ED38010000000000ED38010028
:10B8D40000000000ED38010000000000ED38010018
:10B8E40000000000ED38010000000000ED38010008
:10B8F40000000000ED380100000000008DD70000BA
:10B9040000000000ED38010000000000ED380100E7
:10B9140000000000ED38010000000000ED380100D7
:10B9240000000000ED38010000000000ED380100C7
:10B9340000000000ED38010000000000ED380100B7
:10B9440000000000ED38010000000000ED380100A7
:10B9540000000000ED38010000000000ED38010097
:10B9640000000000ED38010000000000ED38010087
:10B9740000000000ED38010000000000ED38010077
:10B9840000000000ED38010000000000ED38010067
:10B9940000000000ED38010000000000ED38010057
:10B9A40000000000ED38010000000000ED38010047
:10B9B40000000000ED38010000000000ED38010037
:10B9C40000000000ED38010000000000ED38010027
:10B9D40000000000ED38010000000000ED38010017
:10B9E40000000000ED38010000000000ED38010007
:10B9F40000000000ED38010000000000ED380100F7
:10BA040000000000ED38010000000000ED380100E6
:10BA140000000000ED38010000000000ED380100D6
:10BA240000000000ED38010000000000ED380100C6
:10BA340000000000ED38010000000000ED380100B6
:10BA440000000000ED38010000000000ED380100A6
:10BA540000000000ED38010000000000ED38010096
:10BA640000000000ED38010000000000ED38010086
:10BA740000000000ED38010000000000ED38010076
:10BA840000000000ED38010000000000ED38010066
:10BA940000000000ED38010000000000ED38010056
:10BAA40000000000ED38010000000000ED38010046
:10BAB40000000000ED38010000000000ED38010036
:10BAC40000000000ED38010000000000ED38010026
:10BAD40000000000ED38010000000000ED38010016
:10BAE40000000000ED38010000000000ED38010006
:10BAF40000000000ED38010000000000ED380100F6
:10BB040000000000ED38010000000000ED380100E5
:10BB140000000000ED38010000000000ED380100D5
:10BB240000000000ED38010000000000ED380100C5
:10BB340000000000ED38010000000000ED380100B5
:10BB440000000000ED38010000000000ED380100A5
:10BB540000000000ED38010000000000ED38010095
:10BB640000000000ED38010000000000ED38010085
:10BB740000000000ED38010000000000ED38010075
:10BB840000000000ED38010000000000ED38010065
:10BB940000000000ED38010000000000ED38010055
:10BBA40000000000ED38010000000000ED38010045
:10BBB40000000000ED38010000000000ED38010035
:10BBC40000000000ED38010000000000ED38010025
:10BBD40000000000ED38010000000000ED38010015
:10BBE40000000000ED38010000000000ED38010005
:10BBF40000000000ED38010000000000ED380100F5
:10BC040000000000ED38010000000000ED380100E4
:10BC140000000000ED38010000000000ED380100D4
:10BC240000000000ED38010000000000ED380100C4
:10BC340000000000ED38010000000000ED380100B4
:10BC440000000000ED38010000000000ED380100A4
:10BC540000000000ED38010000000000ED38010094
:10BC640018B60100CF5B010000000000ED380100B0
:10BC740000000000ED38010000000000ED38010074
:10BC840000000000ED38010000000000ED38010064
:10BC940000000000ED38010000000000ED38010054
:10BCA40000000000ED38010000000000ED38010044
:10BCB40000000000ED38010000000000ED38010034
:10BCC40000000000ED38010000000000ED38010024
:10BCD40000000000ED38010000000000ED38010014
:10BCE40000000000ED38010000000000ED38010004
:10BCF40000000000ED38010000000000ED380100F4
:10BD040000000000ED380100F0050020F3550100AB
:10BD140000000000ED38010000000000ED380100D3
:10BD240000000000ED38010000000000ED380100C3
:10BD340000000000ED38010000000000ED380100B3
:10BD440000000000ED38010000000000ED380100A3
:10BD5400BD8801007F61010000000000ED38010092
:10BD640000000000ED38010000000000ED38010083
:10BD740000000000ED38010000000000ED38010073
:10BD840000000000ED38010000000000ED38010063
:10BD940000000000ED38010000000000ED38010053
:10BDA40000000000ED38010000000000ED38010043
:10BDB40000000000ED38010000000000ED38010033
:10BDC40000000000ED38010000000000ED38010023
:10BDD40000000000ED38010000000000ED38010013
:10BDE40000000000ED38010000000000ED38010003
:10BDF40000000000ED38010000000000ED380100F3
:10BE040000000000ED38010000000000ED380100E2
:10BE140000000000ED38010000000000ED380100D2
:10BE240000000000ED38010000000000ED380100C2
:10BE340000000000ED38010000000000ED380100B2
:10BE440000000000ED38010000000000ED380100A2
:10BE540000000000ED38010000000000ED38010092
:10BE640000000000ED38010000000000ED38010082
:10BE740000000000ED38010000000000ED38010072
:10BE840000000000ED38010000000000ED38010062
:10BE940000000000ED380100A4060020F355010065
:10BEA4006F6301007F61010000000000ED380100B4
:10BEB40000000000ED38010000000000ED38010032
:10BEC40000000000ED38010000000000ED38010022
:10BED40000000000ED38010000000000ED38010012
:10BEE40000000000ED38010000000000ED38010002
:10BEF40000000000ED38010000000000ED380100F2
:10BF040000000000ED38010000000000ED380100E1
:10BF140000000000ED38010000000000ED380100D1
:10BF240000000000ED38010000000000ED380100C1
:10BF340000000000ED38010000000000ED380100B1
:10BF44008F4F01002552010051520100B5520100EA
:10BF5400FD520100455301001F54010071550100B9
:04BF640000000000D9
:10BF68001D5F0000234801009D48010000000000FB
:0CBF780001460100000000000000000075
:0CBF8400B95D0100135E0100055C0100C6
:10BF900040CF01000300000048C60100030000007C
:10BFA0004CCF01000300000064D801000300000032
:10BFB00070C001000300000054C70100030000002E
:10BFC00088C7010003000000F8C80100030000005A
:10BFD000CCCD010003000000F0D5010003000000FB
:10BFE000C8C50100030000003CCF010003000000B1
:10BFF00000C7010003000000D0CF010003000000D3
:10C000001CDC010028110020E8C80100010000002C
:10C0100038DC0100CC05002004C90100010000004B
:10C02000010000000800000020000000680000007F
:10C0300078000000100000000C0000000E0000005E
:10C04000500000007C000000B0000000FFFFFFFF78
:10C05000FFFFFFFFFFFFFFFFFFFFFFFF0F000000DD
:01C0600004DB
:10C070006C66786F5F64726966740000696E7465DF
:10C08000726E616C000000004C46584F206D616E6E
:10C0900061676572206E6F7420666F756E640A004A
:10C0A0004C46584F207265717565737420666169DE
:10C0B0006C65643A2025640A000000004C46434C3D
:10C0C0004B20284C46584F29206578706C6963696D
:10C0D000746C79207265717565737465642E0A00DD
:10C0E0004846584F206D616E61676572206E6F74AF
:10C0F00020666F756E640A004846584F207265715D
:10C1000075657374206661696C65643A2025640AFC
:10C11000000000004846584F2074696D656F7574C3
:10C120000A0000004846584F20656E61626C6564E5
:10C1300020283332204D487A206372797374616C01
:10C14000290A000054494D45522073746172746588
:10C1500064204020256C7520487A20284846584F96
:10C160002031364D487A20646F6D61696E290A006E
:10C170000A3D3D3D3D3D3D3D3D3D3D3D3D3D3D3D22
:10C180003D3D3D3D3D3D3D3D3D3D3D3D3D3D3D3DDF
:10C190003D3D3D3D3D3D3D3D3D3D3D3D3D3D3D3DCF
:10C1A0003D3D3D3D3D3D3D3D3D0A000020436C6F22
:10C1B000636B204472696674204D656173757265A6
:10C1C0006D656E7420436F6E666967757261746920
:10C1D0006F6E0A003D3D3D3D3D3D3D3D3D3D3D3D9C
:10C1E0003D3D3D3D3D3D3D3D3D3D3D3D3D3D3D3D7F
:10C1F0003D3D3D3D3D3D3D3D3D3D3D3D3D3D3D3D6F
:10C200003D3D3D3D3D3D3D3D3D3D3D3D0A00000048
:10C210006E726635346C6D3230646B2F6E726635BB
:10C22000346C6D3230612F63707561707000000086
:10C2300020426F61726420203A2025730A000000BA
:10C24000204846434C4B20203A2054494D45523219
:10C25000302040203136204D487A20284846584F1B
:10C26000203332204D487A290A000000204C4643F2
:10C270004C4B20203A206B5F6379636C655F676588
:10C28000745F33322829204020257520487A2028E1
:10C290004C46584F290A000020506572696F64208F
:10C2A0003A202564207365636F6E64730A00000092
:10C2B00065787465726E616C00000000204C6F61DF
:10C2C0006420436170206D6F6465203A2065787446
:10C2D00065726E616C0A0000204C6F6164204361DE
:10C2E00070206D6F6465203A20696E7465726E61AE
:10C2F0006C20282564206646290A00000A3D3D3D41
:10C30000204D6561737572656D656E7420232564BB
:10C31000203D3D3D0A000000456C6170736564205E
:10C320002020202020202020202020203A202564AA
:10C33000207365630A0A00005B4846434C4B5D204E
:10C3400054494D4552202831364D487A29202F2016
:10C3500036322E356E73207469636B0A000000005C
:10C360002020456C617073656420202020202020EF
:10C37000202020203A20256C6C64206D730A0A006E
:10C380005B4C46434C4B5D2048617264776172653B
:10C39000204379636C65202F20257520487A20740E
:10C3A00069636B0A000000005B4452494654202D2B
:10C3B0002043756D756C61746976652066726F6D6A
:10C3C0002073746172745D0A000000002020536BBA
:10C3D00065772020202020202020202020202020C1
:10C3E0003A202563256C6C642075730A00000000F8
:10C3F000202050504D2020202020202020202020B0
:10C40000202020203A202563256C6C642070706DFC
:10C410000A00000020205050422020202020202010
:10C4200020202020202020203A202563256C6C64C9
:10C43000207070620A000000534C4F574552207420
:10C4400068616E204846434C4B20284C6F61642045
:10C45000436170206D6179206265206C617267654F
:10C460002900000053414D45206173204846434C4C
:10C470004B20283C312070706D29000046415354F8
:10C480004552207468616E204846434C4B20284C2E
:10C490006F616420436170206D6179206265207353
:10C4A0006D616C6C290000002020537461747573F9
:10C4B0002020202020202020202020203A204C4610
:10C4C000434C4B2025730A000A5B445249465420D2
:10C4D0002D204C6173742025642073656320696E80
:10C4E00074657276616C5D0A00000000202044656E
:10C4F0006C746120536B6577202020202020202041
:10C500003A202563256C6C642075730A00000000D6
:10C510002020447269667420726174652020202096
:10C52000202020203A202563256C6C6420707062E6
:10C530002F696E74657276616C0A00004846584F28
:10C54000206661696C65642028256429202D2054AB
:10C55000494D45522077696C6C2072756E206F6E64
:10C56000204846494E5420286C65737320616363EC
:10C570007572617465290A004C46584F20696E74C3
:10C5800065726E616C2063617061636974616E6372
:10C590006520636865636B3A202564206646202D1C
:10C5A0003E2050726576696F757320494E54434141
:10C5B000503A2025752C2043616C63756C6174655D
:10C5C000643A2025750A00006F735F68656170002A
:10C5D0006865617020636F7272757074696F6E2028
:10C5E00028646F75626C6520667265653F292061FD
:10C5F00074202570000000006865617020636F7210
:10C6000072757074696F6E20286275666665722037
:10C610006F766572666C6F773F2920617420257094
:10C62000000000006865617020636F72727570743D
:10C63000696F6E20286E6F7420696E207573653F78
:10C64000292061742025700063627072696E7466BF
:10C650005F7061636B6167650000000028756E7331
:10C6600069676E6564292063686172202A2075738A
:10C67000656420666F722025257020617267756D74
:10C68000656E742E2049742773207265636F6D6D1B
:10C69000656E64656420746F2063617374206974CF
:10C6A00020746F20766F6964202A2062656361754B
:10C6B0007365206974206D617920636175736520ED
:10C6C0006D69736265686176696F7220696E206357
:10C6D00065727461696E20636F6E666967757261F9
:10C6E00074696F6E732E20537472696E673A2225D7
:10C6F000732220617267756D656E743A256400005F
:10C700007379735F6765746F7074000000000000D8
:10C7100025733A20696C6C6567616C206F70746971
:10C720006F6E202D2D2025630000000025733A2018
:10C730006F7074696F6E20726571756972657320B0
:10C74000616E20617267756D656E74202D2D2025D8
:10C75000630000006C6F6700256420756E6F726463
:10C7600065726564206D65737361676573207369B5
:10C770006E6365206C617374207265706F727400F3
:10C780006C6F6767696E67006C6F675F6D676D746C
:10C790000000000000000000696E76616C696400B2
:10C7A0004D657373616765202822257322292064F3
:10C7B000726F70706564206265636175736520696E
:10C7C0007420657863656564732073697A65206C8D
:10C7D000696D69746174696F6E2028257529000080
:10C7E0004D6573736167652064726F707065642056
:10C7F000626563617573652069742065786365653A
:10C8000064732073697A65206C696D6974617469F9
:10C810006F6E2028257529006572720077726E0090
:10C82000696E6600646267001B5B313B33316D00EB
:10C830001B5B313B33336D005B2530386C755D20FD
:10C84000000000005B253032753A253032753A25FC
:10C850003032752E253033752C253033755D200030
:10C860001B5B306D00000000257300003C25733E0B
:10C870002000000025732F0025732E0025733A2019
:10C88000000000000A0000000D0A00002000000067
:10C890002530327820000000202020007C0000009D
:10C8A000256300007A6570687972000025732000A6
:10C8B00069727100257020002D2000002D202D2090
:10C8C0002D200000256400006D657373616765733A
:10C8D0002064726F707065643A202020200D0A0079
:10C8E0004C6F6767657200006C6F675F6261636BB6
:10C8F000656E645F727474006C6F675F75617274EB
:10C90000000000006C6F675F6261636B656E645F5F
:10C9100075617274000000002A2A2A20426F6F7429
:10C92000696E67206E524620436F6E6E6563742099
:10C9300053444B2076332E342E302D393935353350
:10C9400030353536303762202A2A2A0A00000000A6
:10C950002A2A2A205573696E67205A657068797291
:10C96000204F532076342E342E302D6266383031ED
:10C9700065346533643139202A2A2A0A0000000010
:10C9800072302F61313A20203078253038782020DD
:10C9900072312F61323A20203078253038782020CB
:10C9A00072322F61333A20203078253038780000F9
:10C9B00072332F61343A2020307825303878207255
:10C9C00031322F69703A2020307825303878207243
:10C9D00031342F6C723A20203078253038780000BE
:10C9E00020787073723A2020307825303878000033
:10C9F0004661756C74696E6720696E7374727563D5
:10CA000074696F6E2061646472657373202872317B
:10CA1000352F7063293A20307825303878000000AF
:10CA2000556E68616E646C6564204952516E3A209F
:10CA3000256400002A2A2A2A2A204D5055204641E2
:10CA4000554C54202A2A2A2A2A00000020205374F8
:10CA500061636B696E67206572726F722028636F05
:10CA60006E746578742061726561206D69676874A1
:10CA7000206265206E6F742076616C696429000005
:10CA80002020556E737461636B696E6720657272E6
:10CA90006F720000202044617461204163636573FC
:10CAA000732056696F6C6174696F6E0020204D4D64
:10CAB00046415220416464726573733A2030782590
:10CAC000780000002020496E737472756374696F7A
:10CAD0006E204163636573732056696F6C6174697E
:10CAE0006F6E00002020466C6F6174696E672D7058
:10CAF0006F696E74206C617A79207374617465203B
:10CB0000707265736572766174696F6E206572729A
:10CB10006F7200002A2A2A2A2A20425553204641B1
:10CB2000554C54202A2A2A2A2A0000002020537417
:10CB300061636B696E67206572726F72000000003E
:10CB4000202050726563697365206461746120629E
:10CB50007573206572726F720000000020204246DB
:10CB6000415220416464726573733A2030782578AD
:10CB7000000000002020496D7072656369736520B4
:10CB80006461746120627573206572726F72000057
:10CB90002020496E737472756374696F6E206275BC
:10CBA00073206572726F72002A2A2A2A2A2055532E
:10CBB000414745204641554C54202A2A2A2A2A001A
:10CBC00020204469766973696F6E206279207A65E6
:10CBD000726F00002020556E616C69676E6564207D
:10CBE0006D656D6F7279206163636573730000001A
:10CBF0002020537461636B206F766572666C6F776B
:10CC00002028636F6E746578742061726561206E90
:10CC10006F742076616C69642900000020204E6FDB
:10CC200020636F70726F636573736F7220696E73C8
:10CC30007472756374696F6E730000002020496C14
:10CC40006C6567616C206C6F6164206F662045586D
:10CC5000435F52455455524E20696E746F205043C5
:10CC6000000000002020496C6C6567616C207573C2
:10CC700065206F662074686520455053520000009F
:10CC80002020417474656D707420746F2065786520
:10CC90006375746520756E646566696E6564206988
:10CCA0006E737472756374696F6E00002A2A2A2A83
:10CCB0002A204465627567206D6F6E69746F7220FB
:10CCC000657863657074696F6E202A2A2A2A2A00A3
:10CCD0002A2A2A2A2A2048415244204641554C54A7
:10CCE000202A2A2A2A2A0000202042757320666101
:10CCF000756C74206F6E20766563746F722074613A
:10CD0000626C65207265616400000000202044654B
:10CD1000627567206576656E7400000020204661AC
:10CD2000756C7420657363616C6174696F6E202823
:10CD30007365652062656C6F772900004152434836
:10CD40005F45584345505420776974682072656187
:10CD5000736F6E2025780A0052657365727665647C
:10CD600020457863657074696F6E202800000000AC
:10CD700053707572696F757320696E746572727520
:10CD80007074202849525120000000002A2A2A2AC3
:10CD90002A20257320256429202A2A2A2A2A0000ED
:10CDA000535053454C20696E20746872656164204D
:10CDB0006D6F646520646F6573206E6F7420696E9B
:10CDC0006469636174652050535000006D70750094
:10CDD00025733A205B25645D203078253038782033
:10CDE0003078253038782030782530387820307801
:10CDF0002530387800000000506172746974696FE2
:10CE00006E2025753A20636F686572656E636520D4
:10CE1000636865636B206661696C65642E00000061
:10CE2000496E76616C696420756E6465726C7969AF
:10CE30006E6720726567696F6E20696E6465782021
:10CE4000257500004661696C656420746F20616C13
:10CE50006C6F63617465206E6577204D505520724C
:10CE60006567696F6E2025750A00000025733A20FA
:10CE700050726F6772616D204D5055207265676901
:10CE80006F6E20617420696E646578203078257833
:10CE90000000000025733A20436F6E666967757263
:10CEA00065204D505520726567696F6E2061742052
:10CEB000696E6465782030782578000025733A2003
:10CEC000496E76616C6964204D50552072656769C2
:10CED0006F6E20636F756E743A2025750000000038
:10CEE00025733A20496E76616C6964204D50552057
:10CEF000636F6E74657874206E756D5F76616C69B2
:10CF0000645F726567696F6E733A20257500000073
:10CF100025733A20746F74616C20726567696F6E57
:10CF200020636F756E743A2025640000464C4153AF
:10CF3000485F30005352414D5F300000736F630013
:10CF400063616368655F6E7266780000636C6F632F
:10CF50006B5F636F6E74726F6C00000025733A2014
:10CF600025733A20436C6F636B2073746172746530
:10CF7000640000006866636C6B0000006C66636CA4
:10CF80006B0000006866636C6B32346D000000005B
:10CF9000636C6F636B4031306530303000000000EF
:10CFA0006770696F40353034303000006770696FEA
:10CFB00040643832303000006770696F4064383642
:10CFC000303000006770696F4031306130303000C0
:10CFD000756172745F6E7266785F756172746500F8
:10CFE00075617274406336303030000030000000EC
:10CFF000313430003132000031333400323200003D
:10D000003131390037000000313136003100000085
:10D01000313400003133000031360000313230004D
:10D02000756E6B6E6F776E0046756E6374696F6EAA
:10D030003A2025732C206572726F7220636F6465CD
:10D040003A2025732E0000004D6F64756C652065D5
:10D050006E61626C65642E004D6F64756C65206452
:10D06000697361626C65642E00000000556E696E24
:10D07000697469616C697A65642E00004661696C47
:10D08000656420746F2073746F7020636C6F636BC2
:10D0900020646F6D61696E3A2025642E00000000E7
:10D0A00046756E6374696F6E3A2025732C20657225
:10D0B000726F7220636F64653A2025732E00000042
:10D0C000556E696E697469616C697A65642E0000D9
:10D0D00043414C5F444F4E4500000000556E6B6E5F
:10D0E0006F776E004C46434C4B5F5354415254454E
:10D0F0004400000025733A204576656E743A202579
:10D10000730000004661696C656420746F2073745D
:10D110006F7020636C6F636B20584F2E000000000F
:10D1200046756E6374696F6E3A2025732C206572A4
:10D13000726F7220636F64653A2025732E000000C1
:10D14000556E696E697469616C697A65642E000058
:10D15000584F5F54554E455F4641494C4544000089
:10D16000556E6B6E6F776E00584F5F54554E455F2E
:10D170004552524F52000000584F5F54554E45449F
:10D1800000000000504C4C5F535441525445440041
:10D19000584F5F53544152544544000025733A2080
:10D1A0004576656E743A2025730000004661696C0F
:10D1B000656420746F2073746F7020636C6F636B91
:10D1C0003A20584F32344D2E0000000046756E63F1
:10D1D00074696F6E3A2025732C206572726F72200D
:10D1E000636F64653A2025732E000000556E696EEA
:10D1F000697469616C697A65642E000025733A2050
:10D200004576656E743A204846434C4B32344D5F48
:10D21000535441525445440000A0105000820D5018
:10D220000004055000860D5046756E6374696F6E7C
:10D230003A2025732C206572726F7220636F6465CB
:10D240003A2025732E0000006368616E6E656C7372
:10D250005F6E756D6265723A2025642C206176617F
:10D26000696C61626C655F6368616E6E656C735F4B
:10D270006D61736B3A20307825780000556E696EC9
:10D28000697469616C697A65642E00006176616910
:10D290006C61626C655F6368616E6E656C735F6D17
:10D2A00061736B203D2030782578000046756E63F1
:10D2B00074696F6E3A2025732C206572726F72202C
:10D2C000636F64653A2025732E0000004752544373
:10D2D00020696E697469616C697A65642E0000006A
:10D2E0000500000004000000010000004752544304
:10D2F00020535953434F554E544552207374617215
:10D300007465642E000000004E5246585F47525428
:10D31000435F414354494F4E5F434C4541520000E7
:10D32000554E4B4E4F574E20414354494F4E0000EF
:10D330004E5246585F475254435F414354494F4E03
:10D340005F53544F500000004E5246585F475254AE
:10D35000435F414354494F4E5F5354415254000080
:10D360004752544320257320616374696F6E2E0009
:10D370004752544320756E696E697469616C697AAD
:10D3800065642E004752544320535953434F554E22
:10D3900054455220636F6D7061726520666F722014
:10D3A0006368616E6E656C202575206469736162C7
:10D3B0006C65642E000000004752544320535953BB
:10D3C000434F554E544552206162736F6C757465BE
:10D3D00020636F6D7061726520666F722063686193
:10D3E0006E6E656C2025752073657420746F202522
:10D3F000752E00004752544320535953434F554E06
:10D4000054455220636F6D7061726520666F7220A3
:10D410006368616E6E656C20257520736574207479
:10D420006F2025752E000000475254432053595356
:10D43000434F554E54455220636F6D7061726520A5
:10D44000696E7465727275707420666F722063689D
:10D45000616E6E656C2025752064697361626C6510
:10D46000642E00004752544320535953434F554EA6
:10D4700054455220636F6D7061726520696E7465EA
:10D48000727275707420666F72206368616E6E656B
:10D490006C20257520656E61626C65642E0000004D
:10D4A0004752544320535953434F554E54455220ED
:10D4B0006361707475726520666F72206368616E57
:10D4C0006E656C2025752074726967676572656486
:10D4D0002E0000004752544320535953434F554E9A
:10D4E000544552206361707475726520666F7220B6
:10D4F0006368616E6E656C20257520726561643AA3
:10D5000020256C6C752E00005465726D696E616C1F
:10D510000000000048616C74696E67207379737451
:10D52000656D0000756E6B6E6F776E004350552011
:10D53000657863657074696F6E000000556E686190
:10D540006E646C656420696E7465727275707400C7
:10D55000537461636B206F766572666C6F77000041
:10D560004B65726E656C206F6F7073004B65726EE9
:10D57000656C2070616E696300000000556E6B6E13
:10D580006F776E206572726F720000003E3E3E2023
:10D590005A455048595220464154414C2045525218
:10D5A0004F522025643A202573206F6E204350553A
:10D5B000202564004661756C7420647572696E671D
:10D5C00020696E746572727570742068616E646C27
:10D5D000696E670A0000000043757272656E742000
:10D5E0007468726561643A202570202825732900CB
:10D5F0006F73000069646C65000000006D61696E06
:10D600000000000025733A202570202872656164AF
:10D61000792028792F6E293A202563292070726994
:10D620006F206368616E67656420746F20256420D5
:10D6300028776173202564290000000025733A20B3
:10D64000257020746F6F6B206D7574657820257060
:10D650002C20636F756E743A2025642C206F7269DC
:10D6600067207072696F3A202564000025733A20A4
:10D6700061646A757374696E67207072696F207572
:10D6800070206F6E206D7574657820257000000025
:10D6900025733A206F6E206D757465782025702093
:10D6A000676F745F6D757465782076616C75653A27
:10D6B0002025640025733A20257020676F74206D43
:10D6C000757465782025702028792F6E293A2025D9
:10D6D0006300000025733A2025702074696D656F22
:10D6E0007574206F6E206D7574657820257000004C
:10D6F00025733A2061646A757374696E672070726D
:10D70000696F20646F776E206F6E206D7574657819
:10D710002025700025733A206D757465782025707A
:10D72000206C6F636B5F636F756E743A20256400C5
:10D7300025733A206E6577206F776E6572206F666D
:10D74000206D757465782025703A2025702028702A
:10D7500072696F3A20256429000000000000000073
:10D760002B00000025733A20737461636B202570D1
:10D7700020666F72207468726561642025703A209B
:10D780006F626A5F73697A653D257A752062756696
:10D790005F73746172743D257020206275665F73DB
:10D7A000697A6520257A7520737461636B5F707484
:10D7B000723D25700000000064756D6D79000000F9
:10D7C00070656E64696E6700736C656570696E671D
:10D7D00000000000646561640000000073757370F0
:10D7E000656E64656400000061626F7274696E67E3
:10D7F0000000000073757370656E64696E670000E9
:10D80000717565756564000025733A2073636865FA
:10D8100064756C6572206C6F636B6564202825707D
:10D820003A2564290000000025733A207363686577
:10D8300064756C657220756E6C6F636B656420280F
:10D8400025703A256429000025733A2074687265B2
:10D85000616420257020666F7220256C75207469C4
:10D86000636B730063726163656E000025733A2019
:10D87000436F7079696E67202564206279746573DF
:10D88000206F66206D6963726F636F6465206672D6
:10D890006F6D203078257820746F20307825780AD5
:10D8A0000000000025733A20506F77657265642090
:10D8B0006F6E2043524143454E2E000025733A209F
:10D8C000506F7765726564206F66662043524143EE
:10D8D000454E2E0025733A2053585F45525220255D
:10D8E00064000000000000000000000000000000D4
:10D8F0000338FDD870470000000000000000000061
:10D900000338FDD87047000001000000000000004F
:10D9100005000000000000001900000000000000E9
:10D920007D00000000000000710200000000000007
:10D93000350C000000000000093D00000000000060
:10D940002D31010000000000E1F50500000000009D
:10D9500065CD1D0000000000F902950000000000E8
:10D96000DD0EE90200000000514A8D0E00000000AB
:10D970009573C24800000000E941CC6B0100000033
:10D980008D49FD1A07000000C16FF28623000000D8
:10D99000C52EBCA2B1000000D9E9AC2D780300006F
:10D9A0003D9160E45811000031D6E275BC5600008C
:10D9B000F52E6E4DAEB10100C9EA268367780800E6
:10D9C000ED95C28F055A2A00A1EDCCCE1BC2D30023
:10D9D00025A4000A8BCA22040000000000000000F9
:10D9E0000000000000000010000000000000000027
:10D9F000B9340332B7F4AD1410DB1AB30892540EE5
:10DA00000D307D951447BA1A66088F4D26ADC66D48
:10DA1000F598BF85E2B74511CA96853D92BD1DEBCD
:10DA2000FCA11860DCEF52163C92AE220BB8C1B4D8
:10DA3000839D2D5B0562DA1C304C7E8F4E8BB25B72
:10DA400016F4529F8B56A512FBD4827643ED8AF0D2
:10DA50008FE7F9311565191850F19BD94A13EEB4C7
:10DA6000284CF0A686C1251F035FC270CB9E4916C5
:10DA7000E642889C44EB2014B0650836AD6EA5855F
:10DA800085F0CA14E2FD031A0B899979D5B13D09D5
:10DA9000D8DA973A35EBCF10AC363F5E73BB38CF50
:10DAA0003E6752FA44AFBA150100000000000000C2
:10DAB0000000000000000020345065C05FC9A6527D
:10DAC000BB13CBAEC440C21806C8DF7100D5A87C1A
:10DAD000F56F0FDA58FC27136E4756357D24206505
:10DAE00002C7E768E48CA41DE9E60268D7CD396176
:10DAF0007977FCC2405BEF16798CDE43FFA751F9C2
:10DB000091F3B278F5BDBE11E857E9D6E8BEE87BDF
:10DB1000B054AC8F848D751BEA23A499E9F9D38B9B
:10DB2000B7A3714061DA3E15CEE33ECB73F94808E6
:10DB30008C97B427D51B7010A2BFEFB9EB853215B7
:10DB40004DB44DB49BBB6F1996B6076CF8E7EEADBC
:10DB500036D9B4F59135AE13222218AF4E6A684D0E
:10DB600091DAAA3D4F40741E9FBD9EE006A1C09869
:10DB700057C2A7FDA40E90170E7D497173E3208F45
:10DB8000B220D87605143B12853D7434811343B01E
:10DB9000AD297A5F27F4351CA13201000000000096
:10DBA000000000000000000020090020000100002B
:10DBB000CB2701002B240100020000000000000020
:10DBC00018C801001CC8010020C8010024C80100B9
:10DBD0000000000028C8010030C80100000000005B
:10DBE000000000001B5B313B33316D2D2D2D2000DB
:10DBF000206D657373616765732064726F70706503
:10DC000064202D2D2D0D0A1B5B306D00653A000040
:10DC10001C1100200811002010000000F93A00003B
:10DC2000D93A0000B53A0000893A0000000000002F
:10DC3000313B0000000000008D360100F536010088
:10DC4000F13B0000C13B000000000000CB360100AA
:10DC500000000000513B0000341100203011002072
:10DC60000100000054DC01004011002020050020CC
:10DC70000000000006000100726567696F6E5F6951
:10DC80006E697400726567696F6E5F616C6C6F635B
:10DC90006174655F616E645F696E697400000000A5
:10DCA0006D70755F636F6E6669677572655F7265CB
:10DCB00067696F6E000000007A5F61726D5F6D7062
:10DCC000755F696E69740000000000002CCF0100D0
:10DCD00006000000E0CF1F000000002034CF01004C
:10DCE00021000000E0FB072002000000C8DC01006A
:10DCF000155E0000B55E000074CF0100854701008D
:10DD0000914701007CCF0100B9470100C7470100DE
:10DD100084CF0100636C6B737461727465645F68B7
:10DD2000616E646C65000000DD5F0000A95F0000AB
:10DD300000000000FF070000000405500000000084
:10DD40000000000002000000FFFFFFFF00820D50F6
:10DD5000F00500200000000001000000FF1F00008F
:10DD600000860D50F00500200000000003000000B8
:10DD7000FF03000000A01050A406002000000000D7
:10DD80000000000000010405020608090F00000061
:10DD900030000000320000023106000133060003AB
:10DDA00090DD01000400000000600C50A0DD0100C7
:10DDB0000100000000600C500000000000000000A6
:10DDC000A8DD010000C201000000D6010000000033
:10DDD0000000004000100000391600203A16002014
:10DDE0006E7266785F636C6F636B5F696E697400F7
:10DDF0006E7266785F636C6F636B5F6C66636C6B8F
:10DE00005F696E69740000006E7266785F636C6FA4
:10DE1000636B5F6C66636C6B5F6972715F68616E88
:10DE2000646C6572000000006E7266785F636C6FF0
:10DE3000636B5F786F5F696E697400006E726678FD
:10DE40005F636C6F636B5F786F5F6972715F68614E
:10DE50006E646C65720000006E7266785F636C6F52
:10DE6000636B5F786F32346D5F696E6974000000B8
:10DE70006E7266785F636C6F636B5F786F32346D60
:10DE80005F6972715F68616E646C657200000000AA
:10DE9000080000000A00000004000000010000006B
:10DEA0000001020300010203000A2A3542424242F5
:10DEB00042424242424242426770696F74655F6902
:10DEC0006E6974006E7266785F677274635F696E04
:10DED000697400006E7266785F677274635F73794D
:10DEE00073636F756E7465725F7374617274000032
:10DEF000000000000000545452205245474745534B
:10DF00000000000061646A7573745F6F776E6572FC
:10DF10005F7072696F0000007A5F696D706C5F6B93
:10DF20005F6D757465785F6C6F636B007A5F696DA8
:10DF3000706C5F6B5F6D757465785F756E6C6F6329
:10DF40006B00000073657475705F7468726561645E
:10DF50005F737461636B00006B5F73636865645F1C
:10DF60006C6F636B000000006B5F73636865645FD8
:10DF7000756E6C6F636B00007A5F7469636B5F73BF
:10DF80006C65657000000000FDDF00006372616376
:10DF9000656E5F61637175697265000063726163CC
:10DFA000656E5F72656C65617365000073696C65B1
:10DFB000785F737461747573636F6465735F746F96
:10DFC0005F707361000000000001010000020200A8
:10DFD00000140000002800000040000001000000C4
:10DFE000020000000F000000000000000000000020
:10DFF0000600000000000000E4DF01000000000057
:10E000000000000000000000000000000000000010
:10E01000FCDF010000000000000000000000000024
:10E0200000000000000000000000000000000000F0
:10E0300000000000000000000000000000000000E0
:10E0400000000000000000000000000000000000D0
:10E0500000000000000000000000000000000000C0
:10E0600000000000000000000000000000000000B0
:10E0700000000000000000000000000000000000A0
:10E080000000000000000000000000000000000090
:10E0900000000000202020202020202020282828E8
:10E0A0002828202020202020202020202020202060
:10E0B00020202020881010101010101010101010A8
:10E0C00010101010040404040404040404041010C8
:10E0D0001010101010414141414141010101010165
:10E0E0000101010101010101010101010101011011
:10E0F000101010101042424242424202020202023A
:10E1000002020202020202020202020202020210E1
:10E1100010101020000000000000000000000000AF
:10E1200000000000000000000000000000000000EF
:10E1300000000000000000000000000000000000DF
:10E1400000000000000000000000000000000000CF
:10E1500000000000000000000000000000000000BF
:10E1600000000000000000000000000000000000AF
:10E17000000000000000000000000000000000009F
:10E18000000000000000000000000000000000008F
:10E1900000000000696E66006E616E00286E756C8E
:10E1A0006C290000000000000000000000000000DA
:10E1B000000000000000004095596959555554551C
:10E1C00015555556040515411054554045515544B3
:10E1D0004045504450555545004000404004449649
:10E1E0006555565545404554514115405591555535
:10E1F00055554051050100005445545445550504FA
:10E200000010041014044000000001405555154151
:10E21000540400004400010000000040410000449C
:10E2200050444550540055555455655100400040E8
:10E2300001000001000501001154515154555505CC
:10E2400000154150000004401001040500000000CA
:04E2500001000200C7
:10E25C00000000006700000000000000000000004B
:10E26C0000000000000000000000000000000000A2
:10E27C000000000000000000000000000000000092
:10E28C000000000000000000000000000000000082
:10E29C000000000000000000000000000000000072
:10E2AC000000000000000000000000000000000062
:10E2BC000000000000000000000000000000000052
:10E2CC000000000000000000000000000000000042
:10E2DC000000000000000000000000000000000032
:10E2EC007CC001005046000098BF0100870F010060
:10E2FC00B8BF0100F1270100B8BF010064DC0100C8
:10E30C0000000000D8BF0100D8BF0100D0BF010041
:10E31C0000000000A540010000000000000000000B
:10E32C0000A00D50000000000000000000000000E4
:10E33C0000000000000000000000000000000000D1
:10E34C0000000000000000000000000000000000C1
:10E35C0000000000000000000000000000000000B1
:10E36C0000000000000000000000000000000000A1
:10E37C000000000000000000000000000000000091
:10E38C000000000000000000000000000000000081
:10E39C000000000000000000000000000000000071
:10E3AC000000000000000000000000000000000061
:10E3BC000000000000000000000000000000000051
:10E3CC000000000000000000000000000000000041
:10E3DC000000000000C01050000000000000000011
:10E3EC000000000000000000000000000000000021
:10E3FC000000000000000000000000000000000011
:10E40C000000000000000000000000000000000000
:10E41C0000000000000000000000000000000000F0
:10E42C0000000000000000000000000000000000E0
:10E43C0000000000000000000000000000000000D0
:10E44C0000000000000000000000000000000000C0
:10E45C0000000000000000000000000000000000B0
:10E46C0000000000000000000000000000000000A0
:10E47C000000000000000000000000000000000090
:10E48C000000000000010000A0BF01003D6A000078
:10E49C0000000000FF0000000090D003FF0000000F
:10E4AC000F000000D8BF01000CB501001CB5010025
:10E4BC0064B501006CB5010084B501008CB5010098
:10E4CC00D8BF0100D8BF0100D8BF01007102000005
:10E4DC00A0070020A0070020A8070020A807002004
:10E4EC0000000000000000000E0000000000000012
:10E4FC00C0070020C0070020000000000000000042
:10E50C000E0000000000000044080020A8BF01001D
:10E51C0067742000A8BF01006C080020B40800201C
:0CE52C00C00800205808002080080020D3
:0CE53800000000000000000000000000D7
:10E5440000000000000000000000000000000000C7
:10E5540000000000000000000000000000000000B7
:10E5640000000000000000000000000000000000A7
:08E5740000000000000000009F
:04E57C00000000009B
:10E5800044080020440800200000000000000000B3
:10E590000E0000005808002058080020000000006D
:10E5A000000000000E0000006C0800206C08002035
:10E5B00000000000000000000E00000080080020A5
:10E5C0008008002000000000000000000E00000095
:10E5D00094080020940800200000000001000000C2
:10E5E000A4080020A4080020000000000100000092
:10E5F000B4080020B408002000000000C00800207B
:08E60000C0080020000000002A
:04E6080015E015E024
:0400000300004BF1BD
:00000001FF
