:1000000070350020A94B00007D330100954B0000A6
:10001000954B0000954B0000954B0000954B000060
:10002000000000000000000000000000E94C00009B
:10003000954B000000000000C54F0000954B0000EC
:10004000815000008150000081500000815000006C
:10005000815000008150000081500000815000005C
:10006000815000008150000081500000815000004C
:10007000815000008150000081500000815000003C
:10008000815000008150000081500000815000002C
:10009000815000008150000081500000815000001C
:1000A000815000008150000081500000815000000C
:1000B00081500000815000008150000081500000FC
:1000C00081500000815000008150000081500000EC
:1000D00081500000815000008150000081500000DC
:1000E00081500000815000008150000081500000CC
:1000F00081500000815000008150000081500000BC
:1001000081500000815000008150000081500000AB
:10011000815000008150000081500000815000009B
:10012000815000008150000081500000815000008B
:10013000815000008150000081500000815000007B
:10014000815000008150000081500000815000006B
:10015000815000008150000081500000815000005B
:10016000815000008150000081500000815000004B
:10017000815000008150000081500000815000003B
:10018000815000008150000081500000815000002B
:10019000815000008150000081500000815000001B
:1001A000815000008150000081500000815000000B
:1001B00081500000815000008150000081500000FB
:1001C00081500000815000008150000081500000EB
:1001D00081500000815000008150000081500000DB
:1001E00081500000815000008150000081500000CB
:1001F00081500000815000008150000081500000BB
:1002000081500000815000008150000081500000AA
:10021000815000008150000081500000815000009A
:10022000815000008150000081500000815000008A
:10023000815000008150000081500000815000007A
:10024000815000008150000081500000815000006A
:10025000815000008150000081500000815000005A
:10026000815000008150000081500000815000004A
:10027000815000008150000081500000815000003A
:10028000815000008150000081500000815000002A
:10029000815000008150000081500000815000001A
:1002A000815000008150000081500000815000000A
:1002B00081500000815000008150000081500000FA
:1002C00081500000815000008150000081500000EA
:1002D00081500000815000008150000081500000DA
:1002E00081500000815000008150000081500000CA
:1002F00081500000815000008150000081500000BA
:1003000081500000815000008150000081500000A9
:100310008150000081500000815000008150000099
:100320008150000081500000815000008150000089
:100330008150000081500000815000008150000079
:100340008150000081500000815000008150000069
:100350008150000081500000815000008150000059
:100360008150000081500000815000008150000049
:100370008150000081500000815000008150000039
:100380008150000081500000815000008150000029
:100390008150000081500000815000008150000019
:1003A0008150000081500000815000008150000009
:1003B00081500000815000008150000081500000F9
:1003C00081500000815000008150000081500000E9
:1003D00081500000815000008150000081500000D9
:1003E00081500000815000008150000081500000C9
:1003F00081500000815000008150000081500000B9
:1004000081500000815000008150000081500000A8
:100410008150000081500000815000008150000098
:100420008150000081500000815000008150000088
:100430008150000081500000815000008150000078
:100440008150000081500000815000008150000068
:100450008150000081500000815000008150000058
:100460008150000081500000815000008150000048
:0C0470008150000081500000815000000D
:10048000844641EA000313F0030349D1403A23D3E1
:100490000B6803604B6843608B688360CB68C36004
:1004A0000B6903614B6943618B698361CB69C361EC
:1004B0000B6A03624B6A43628B6A8362CB6AC362D4
:1004C0000B6B03634B6B43638B6B8363CB6BC363BC
:1004D00040304031403ADBD230320BD30B680360FE
:1004E0004B6843608B688360CB68C3601030103109
:1004F000103AF3D20C3205D351F8043B40F8043BD8
:10050000043AF9D2043208D0D2071CBF11F8013BDB
:1005100000F8013B01D30B8803806046704700BFA1
:10052000082A13D38B07B1D010F00303AED0C3F168
:100530000403D21ADB071CBF11F8013B00F8013B92
:10054000A4D331F8023B20F8023B9FE7043AD9D309
:10055000013A11F8013B00F8013BF9D20B78037026
:100560004B7843708B788370604670477BB972B963
:100570000029BEBF00204FF0004106E008BF002860
:100580001CBF6FF000414FF0FF3000F057B8ADF1E5
:10059000080C6DE904CE002909DB002B1ADB00F002
:1005A0004FF8DDF804E0DDE9022304B07047404273
:1005B00061EB4101002B1BDB00F042F8DDF804E0A9
:1005C000DDE9022304B0404261EB4101524263EB9A
:1005D00043037047524263EB430300F031F8DDF808
:1005E00004E0DDE9022304B0404261EB41017047C1
:1005F000524263EB430300F023F8DDF804E0DDE949
:10060000022304B0524263EB4303704753B94AB923
:10061000002908BF00281CBF4FF0FF314FF0FF300A
:1006200000F00CB8ADF1080C6DE904CE00F008F84C
:10063000DDF804E0DDE9022304B07047704700BF35
:100640002DE9F0478C468E46089E1546044619460D
:10065000002B40F0D080724547D9B2FA82F74FB1F3
:10066000C7F120030EFA07FCBD40BC4020FA03F39B
:1006700043EA0C0C4FEA154EA8B2230CBCFBFEF863
:100680000EFB18CC08FB00F943EA0C43994528D926
:10069000EB1808F1FF3204D2994502D9A8F1020201
:1006A0002B44A3EB0903A4B2B3FBFEFC0EFB1C33EB
:1006B0000CFB00F044EA0344A04214D92C190CF1BD
:1006C000FF3304D2A04202D9ACF102032C44241A15
:1006D00043EA02401EB1FC40002334607360BDE871
:1006E000F0874246DDE76346F1E7002A79D0B2FAA7
:1006F00082F3002B3FD01946C1F1200302FA01F525
:1007000000FA01F42EFA03F20EFA01FE20FA03F3C6
:10071000AFB243EA0E034FEA154EB2FBFEFC0EFBEE
:100720001C201A0C0CFB07F842EA004290455AD9EB
:10073000AA180CF1FF3004D2904502D9ACF10200A6
:100740002A44A2EB08029BB2B2FBFEFC0EFB1C2269
:100750000CFB07F743EA02439F4246D9EB180CF122
:10076000FF3204D29F4202D9ACF102022B44DB1BC0
:1007700042EA004202E0AEEB020301224FEA154ECC
:10078000AFB2200CB3FBFEFC0EFB1C330CFB07F8D6
:1007900040EA034398452AD9EB180CF1FF3004D204
:1007A000984502D9ACF102002B44A3EB0803A4B294
:1007B000B3FBFEFC0EFB1C330CFB07F744EA0344BF
:1007C000A74216D92C190CF1FF3304D2A74202D943
:1007D000ACF102032C44E41B43EA00400F461146EF
:1007E00078E71F2188E76046ABE76246BFE76046CF
:1007F000DBE76346EFE7734506D916B900210846E3
:100800006DE7C6E9000EF9E7B3FA83F787B97345D8
:1008100001D3824207D8841A6EEB030301209C4661
:100820001EB900215BE73846FAE7C6E9004CF8E755
:10083000C7F1200CBB4000FA07F422FA0CF520FAAD
:100840000CF1BA401D432EFA0CF30EFA07FE4FEAE4
:10085000154941EA0E011FFA85FEB3FBF9F809FBC1
:1008600018300B0C08FB0EFA43EA00439A4540D9B6
:10087000EB1808F1FF3004D29A4502D9A8F1020022
:100880002B44A3EB0A0389B2B3FBF9F809FB183335
:1008900008FB0EFE41EA03418E452CD9691808F188
:1008A000FF3304D28E4502D9A8F10203294443EA5A
:1008B0000040A1EB0E01A0FB02984145CE46434605
:1008C00002D306D14C4504D20138B9EB020E68EBD5
:1008D0000503002EA5D0B4EB0E0261EB030101FA73
:1008E0000CFC22FA07F3F9404CEA0303C6E9003195
:1008F00097E74046C5E74346D9E7000000000000FF
:1009000080B582B000AF00F03DF838603B68002B46
:1009100003D03968124810F02CF900F087F841F63E
:100920006A024FF00003104619460FF09DFC00F0DC
:10093000B3F801237B6008A3D3E9002310461946CE
:100940000FF092FC786800F03DF97B6801337B6022
:1009500000BFF0E7AFF30080389C1C0000000000EF
:10096000B8BB010080B584B000AFF860B9607A60B0
:100970003B6003480FF096FC00BF1037BD4680BDBA
:100980000408002080B582B000AF002005F0E6F931
:1009900003461D4A13601C4B1B68002B05D11B48E6
:1009A00010F0E7F86FF0120329E0194919480FF029
:1009B00084FC154B1B681849184611F059F97860EA
:1009C0007B68002B05DA7968144810F0D2F87B6850
:1009D00015E04FF224404FF0000102460B4610484C
:1009E0000FF050FC0346002B05D00E4810F0C1F864
:1009F0006FF0730303E00C4810F0BBF800231846B7
:100A00000837BD4680BD00BFF80F002060B7010069
:100A10006509000000100020FC0F002078B70100DD
:100A20000408002094B70100A4B7010080B500AF0E
:100A300004210E480FF057FC0C210C480FF053FC1A
:100A400000210A480FF05FFC032108480FF072FCF8
:100A5000002106480FF085FC002104480FF043FCFC
:100A60000349044810F085F800BF80BD00A00C5079
:100A70000024F400C4B7010080B500AF4021054850
:100A80000FF031FC002103480FF079FC03461846B3
:100A900080BD00BF00A00C5080B586B000AF364BC3
:100AA000364A1A60EFF31183BB60BB687B6020237A
:100AB0003B603B6883F3128800BFBFF36F8F00BFBA
:100AC0007B687B61FFF7D8FF03462D4A13600FF068
:100AD000C4FB03462B4A13607B693B613B69FB60A7
:100AE000FB6883F3118800BFBFF36F8F00BF00BFA7
:100AF00025494FF000024FF00003C1E900232349CC
:100B00004FF000024FF00003C1E90023204810F02D
:100B100030F8204810F02DF81F4810F02AF81F492F
:100B20001F4810F026F81F4810F023F8124B1B68DE
:100B300019461D4810F01DF83C211C4810F019F80A
:100B40001B4B1B6809221B4918460DF0C3F80346CE
:100B5000002B03D1184810F00CF805E0174B1B6868
:100B60001946174810F005F80B4810F002F800BFBE
:100B70001837BD4680BD00BF1410002040420F0052
:100B80000C10002010100020400800204808002011
:100B9000F0B701002CB8010054B8010090B8010072
:100BA000ACB80100BCB80100E8B8010014B90100FC
:100BB000B00500202CB9010038B90100B4050020AF
:100BC00054B901002DE9B04FF2B000AFC7F81401DD
:100BD000EFF31183C7F82031D7F82031C7F81C3163
:100BE0002023C7F81831D7F8183183F3128800BFD3
:100BF000BFF36F8F00BFD7F81C31C7F8C431FFF7C0
:100C00003BFFC7F8C0010FF028FBC7F8BC01D7F8BD
:100C1000C431C7F82831D7F82831C7F82431D7F8BC
:100C2000243183F3118800BFBFF36F8F00BF00BF73
:100C3000B24B1A68D7F8C0319B1AC7F8B831B04B1D
:100C40001A68D7F8BC319B1AC7F8B431AB4AD7F849
:100C5000C0311360AA4AD7F8BC311360D7F8B83155
:100C60000022C7F8C030C7F8C420A64BD3E9002340
:100C7000D7F8C0108918C7F8B010D7F8C41043EBE4
:100C80000101C7F8B4109F4BD7E92C12C3E9001239
:100C9000D7F8B4310022C7F8B830C7F8BC209A4B57
:100CA000D3E90023D7F8B8108918C7F8A810D7F8E7
:100CB000BC1043EB0101C7F8AC10934BD7E92A12E3
:100CC000C3E900128F4BD3E90001904A4FF00003B3
:100CD000FFF79CFC02460B46C7E96A23894BD3E920
:100CE00000018A4A4FF00003FFF790FCC7E9682330
:100CF000D7F8AC21864B03FB02F1D7F8A8210023DB
:100D000002FB03F31944D7F8A821814BA2FB03454A
:100D10004B191D46D7F8A4217D4B03FB02F1D7F8F0
:100D2000A021002302FB03F31944D7F8A021784B3C
:100D3000A2FB0332C7F80C21C7F80831D7F80C31F1
:100D4000CB18C7F80C31714A4FF00003D7E94201C4
:100D5000FFF70CFC02460B46A118B96745EB0303ED
:100D6000FB67D7E91E34C7E96634674BD3E9000156
:100D7000684B1B680022C7F8A030C7F8A420D7E949
:100D80002823FFF743FC02460B46C7E964235E4B6A
:100D9000D3E900015F4B1B680022C7F89830C7F801
:100DA0009C20D7E92623FFF731FCC7E96223D7F857
:100DB0009421574B03FB02F1D7F89021002302FB4B
:100DC00003F31944D7F89021514BA2FB0332C7F823
:100DD0000421C7F80031D7F80431CB18C7F8043123
:100DE000D7F88C214A4B03FB02F1D7F88821002366
:100DF00002FB03F31944D7F88821454BA2FB0332C9
:100E0000C7F8FC20C7F8F830D7F8FC30CB18C7F883
:100E1000FC30404B1B680022C7F89030C7F8942084
:100E2000D7E92423D7E93E01FFF7A0FB02460B4692
:100E3000D7E94045214689183967294643EB010126
:100E40007967D7E91C34C7E96034D7E96001D7E98D
:100E50006623841ABC6661EB0303FB66D7E91A3488
:100E6000C7E95E34D7E96623012A73F1000353DB37
:100E7000D7E95E4522462B464FF000004FF00001B7
:100E8000590141EAD261500102460B46B2EB040817
:100E900063EB05094FF000024FF000034FEA4923CE
:100EA00043EAD8534FEA48229046994618EB040A81
:100EB00049EB050B4FF000024FF000034FEA8B1394
:100EC00043EA9A634FEA8A12B2EB0A01396663EB8E
:100ED0000B037B66D7E918120B461B19C7F888303D
:100EE000134645EB0303C7F88C30D7E96623D7E9EF
:100EF0002201FFF73BFB02460B4611E00C100020DD
:100F00001010002040080020480800200024F400B1
:100F100000CA9A3B141000204FF000024FF000036B
:100F2000C7E95C23D7E96623012A73F1000321DBBB
:100F3000D7F87C21BB4B03FB02F1D7F878210023C3
:100F400002FB03F31944D7F87821B64BA2FB033216
:100F5000C7F8F420C7F8F030D7F8F430CB18C7F84A
:100F6000F430D7E96623D7E93C01FFF7FFFA0246E0
:100F70000B4603E04FF000024FF00003C7E95A238D
:100F8000D7F8B821A84BA3FB02239B0D0022BB6519
:100F9000FA65D7E91634C7E95834D7F8B811A24B27
:100FA000A3FB01239A0DA14B02FB03F3CA1A0023F2
:100FB0003A657B65D7E91434C7E95634D7F864211C
:100FC000984B03FB02F1D7F86021002302FB03F3E7
:100FD0001944D7F86021934BA2FB0332C7F8EC20E9
:100FE000C7F8E830D7F8EC30CB18C7F8EC30D7F8B2
:100FF0005C218C4B03FB02F1D7F85821002302FB44
:1010000003F31944D7F85821864BA2FB0332C7F8E3
:10101000E420C7F8E030D7F8E430CB18C7F8E43064
:10102000824A4FF00003D7E93801FFF79FFA0246E2
:101030000B46D7E93A4521468918B964294643EB5E
:101040000101F964D7E91234C7E95434784B1A68BE
:10105000D7F8B431B3FBF2F300223B647A64D7E9EA
:101060001034C7E95234724B1968D7F8B421B2FB77
:10107000F1F301FB03F3D31A0022BB63FA63D7E950
:101080000E34C7E95034D7F84C21664B03FB02F10C
:10109000D7F84821002302FB03F31944D7F848216D
:1010A000604BA2FB0332C7F8DC20C7F8D830D7F872
:1010B000DC30CB18C7F8DC30D7F84421594B03FBA0
:1010C00002F1D7F84021002302FB03F31944D7F8BB
:1010D0004021544BA2FB0332C7F8D420C7F8D030CC
:1010E000D7F8D430CB18C7F8D430514B1B68002246
:1010F000C7F88030C7F88420D7E92023D7E9340126
:10110000FFF734FA02460B46D7E9364521468918DF
:101110003963294643EB01017963D7E90C34C7E908
:101120004E34D7E94E01D7E95423841ABC6261EBEF
:101130000303FB62D7E90A34C7E94C34D7F814211A
:1011400013461B019B1A9B00C7F82C31D7F81411CA
:1011500038480FF00EFDD7F82C1137480FF009FD75
:1011600036480FF006FDD7E96601354A4FF0000317
:10117000FFF7FCF902460B4632480FF0FAFC2C4B05
:101180001B68194630480FF0F4FCD7E960012C4A7F
:101190004FF00003FFF7EAF902460B4629480FF02B
:1011A000E8FC2A480FF0E5FCD7E95E23002B01DBC1
:1011B0002B2400E02D24D7E95E23002B07DA002141
:1011C0005042386261EB03037B62D7E90823104683
:1011D00019464FF47A724FF00003FFF7C7F9024641
:1011E0000B4621461A480FF0C4FCD7E95C23002BBC
:1011F00001DB2B2100E02D21D7E95C23002B07DA4E
:1012000000205442BC6160EB0303FB61D7E9062375
:1012100010480FF0AEFCD7E95A23002B1CDB2B2122
:101220001BE000BF00CA9A3B83DE1B430024F4008E
:101230001410002078B9010094B90100B4B901007C
:1012400040420F00DCB90100FCB9010024BA0100E2
:1012500048BA01006CBA01002D21D7E95A23002BAE
:1012600007DA002054423C6160EB03037B61D7E95D
:1012700004233F480FF07DFCD7E95C23012A73F17A
:10128000000307DAD7E95C23002B01DA394B02E0CF
:10129000394B00E0394B194639480FF06AFC3C21C4
:1012A00038480FF066FCD7E94C23002B01DB2B24D8
:1012B00000E02D24D7E94C23002B07DA002150420F
:1012C000B86061EB0303FB60D7E9022310461946BF
:1012D0004FF47A724FF00003FFF748F902460B46CD
:1012E000214629480FF045FCD7E94C23002B01DBB0
:1012F0002B2400E02D24D7E95423012A73F10003A5
:1013000027DBD7E94C23002B07DA00215042386055
:1013100061EB03037B60D7E900231C4901FB03F069
:10132000002102FB01F101441848A2FB0032C7F87A
:10133000CC20C7F8C830D7F8CC30CB18C7F8CC30A1
:10134000D7E95423D7E93201FFF710F902460B46DB
:1013500003E04FF000024FF0000321460C480FF06D
:1013600008FC00BF07F5E477BD46BDE8B08F00BFBD
:1013700090BA0100B4BA0100E0BA0100F8BA010065
:1013800024BB010044BB010068BB010000CA9A3BBA
:101390008CBB010080B582B000AF184BD3F8043984
:1013A0007B60174B1B685B00164AA2FB03239B095B
:1013B0000C3B154AD2F82426C2F3080202F5C47287
:1013C00003FB02F2104BD3F824361B0CC3F30903C2
:1013D000DB00134403F580735B0A3B60074A3B68FC
:1013E000C2F80439064B19683B687A6807480FF061
:1013F000C0FB002318460837BD4680BD00001250D0
:10140000B4050020D34D621000C0FF00F4BB010002
:1014100080B483B000AF78607B68094A934205D3FB
:101420007B68084A934201D2012300E0002303F0C5
:101430000103DBB218460C37BD4680BC704700BFC5
:1014400048AC0100BCD7010080B5A4B000AFF86083
:10145000B9607A603B60FB68FB65FB6DC7F88C3058
:101460000023C7F880300023FB670023BB674FF0E1
:10147000FF337B67002387F86B307B6803F004033E
:10148000002B14BF0123002387F85B307B68DB0847
:1014900003F0070301337B66002387F86330FB68A2
:1014A0007B65FB6803F00303002B02D06FF00D0394
:1014B000A2E3D7F88C300433C7F88C30FB6D002BD7
:1014C0000DD1BB6803F00703D7F88C201344C7F88D
:1014D0008C30BB6803F00703C3F10803BB60FB6DEE
:1014E000002B0AD0FB6DD7F88C20D31A0433BA68CE
:1014F0009A4202D26FF01B037EE33B68FB663B68B7
:10150000013B3B600423C7F884300423C7F88830CC
:1015100097E197F86B3083F00103DBB2002B11D019
:101520003B681B78252B40F07882012387F86B30CD
:101530007B6F01337B670423C7F884300423C7F82B
:1015400088306AE23B681B787A2B00F349814C2B88
:1015500011DA472B00F344812A2B71DA252B00F096
:101560009280252B00F33C81202B00F05882232B06
:1015700000F0558234E14C3B2E2B00F2318101A268
:1015800052F823F01F1A0000E1170000E1170000D5
:10159000E1170000E1170000E1170000E11700006B
:1015A000E1170000E1170000E1170000E11700005B
:1015B000E1170000BF160000E1170000E11700006E
:1015C000E1170000E1170000E1170000E11700003B
:1015D000E1170000E11700000F170000E1170000FD
:1015E000BF160000BF1600000F1700000F17000005
:1015F0000F1700001F1A0000BF160000951600000C
:10160000E11700001F1A0000E1170000FB160000A0
:10161000BF160000FB160000E1170000E1170000F4
:10162000F5160000B1160000BF160000E11700001B
:10163000E1170000BF160000E1170000A31600002C
:101640002A3B012202FA03F34FF6DA721A40002A0B
:1016500014BF01220022D2B2002A40F0E08103F040
:101660006252002A14BF01220022D2B2002A4ED1B7
:1016700003F00103002B14BF01230023DBB2002B76
:1016800040F0B280ACE0002387F86B307B6F013B09
:101690007B67C5E10823C7F884300823C7F8883082
:1016A000BEE10423C7F884300423C7F88830B7E1CB
:1016B0000423C7F884300423C7F88830B0E13B68BE
:1016C000013B1B786C2B11D13B68023B1B786C2BC8
:1016D00006D10823C7F884300823C7F8883005E00E
:1016E0000423C7F884300423C7F88830002387F820
:1016F0006B307AE0012387F863300423C7F8843025
:101700000423C7F88830002387F86B306DE03B680E
:10171000013B1B784C2B13D1D7F89830073323F0BB
:10172000070303F10802C7F89820D3E90023C7E9AB
:1017300006230823C7F884300823C7F8883012E04E
:10174000D7F89830073323F0070303F10802C7F8EE
:101750009820D3E90023C7E906230823C7F884307B
:101760000823C7F88830D7F88420D7F88C30134482
:101770005A1ED7F88430B2FBF3F2D7F8843002FB5C
:1017800003F3C7F88C30FB6D002B1ED0FB6DD7F830
:101790008C20D21AD7F888301344BA689A4202D201
:1017A0006FF01B0328E23B68013B1B784C2B06D1F2
:1017B000D7F88C10D7E90623C1E9002305E0D7F854
:1017C0008C10D7E90623C1E90023D7F88C20D7F87D
:1017D00088301344C7F88C30002387F86B301FE142
:1017E000002387F86B301BE100BFD7F88420D7F8BF
:1017F0008C3013445A1ED7F88430B2FBF3F2D7F87A
:10180000843002FB03F3C7F88C30FB6D002B0CD047
:10181000FB6DD7F88C20D21AD7F888301344BA68F9
:101820009A4202D26FF01B03E6E197F86330002B77
:1018300000F0A080D7F898301A1DC7F898201B68D0
:10184000FB66FB6D002B03D0D7F88C30FA6E1A6064
:101850007B6E5A1E7A66002B05DCF86E0FF03BF8A3
:101860000346002B01D0012300E0002387F853300A
:101870007B6803F00203002B14BF0123002387F8C9
:10188000523097F85330002B06D097F8523083F03F
:101890000103DBB2002B64D1FB6DD7F88C20D31A87
:1018A0009B08FB6497F85230002B05D0FB6C7F2B14
:1018B00002D96FF015039FE1D7F880300F2B02D9C2
:1018C0006FF0150398E1FB6D002B2DD0FB6CD9B2A6
:1018D00007F13002D7F8803013440A461A707B6F44
:1018E000D9B207F12002D7F8803013440A461A70A3
:1018F00097F85330002B13D007F13002D7F880301F
:1019000013441B7863F07F03D9B207F13002D7F894
:10191000803013440A461A70BB6F0133BB671BE06B
:10192000FB6F0133FB6717E097F85330002B03D0B0
:10193000BB680133BB600FE097F85B30002B03D02E
:10194000BB680233BB6007E0F86E0CF095F9024605
:10195000BB6813440233BB60D7F880300133C7F84B
:101960008030D7F88C300433C7F88C30002387F8E8
:10197000633055E0D7F88830042B13D1D7F898306E
:101980001A1DC7F898201B687B64FB6D002B03D0E1
:10199000D7F88C307A6C1A60D7F88C300433C7F8DB
:1019A0008C303DE0D7F88830042B13D1D7F898302D
:1019B0001A1DC7F898201B68BB64FB6D002B03D071
:1019C000D7F88C30BA6C1A60D7F88C300433C7F86B
:1019D0008C3025E0D7F88830082B1BD1D7F8983009
:1019E000073323F0070303F10802C7F89820D3E96F
:1019F0000023C7E90423FB6D002B05D0D7F88C101A
:101A0000D7E90423C1E90023D7F88C300833C7F89D
:101A10008C3005E06FF01503EEE000BF00E000BF82
:101A20003B6801333B603B681B78002B7FF471AD52
:101A300000BFFB6DD7F88C20D31AB3F5806F02D3AB
:101A40006FF01503D8E0FB6D002B07D1FB6DD7F8C5
:101A50008C20D21ABB681344083BCDE0FB6D0022FA
:101A60001A60FB6DD7F88C20D31A9B08DAB27B6D15
:101A70001A7097F85B30002B07D07B6D00225A70EC
:101A8000FB6FDAB27B6DDA7006E0FB6FDAB27B6D6A
:101A90005A707B6D0022DA70BB6FDAB27B6D9A7080
:101AA000BB6F002B32D000233B672AE007F13002E6
:101AB0003B6F13441B785BB2002B1EDA07F1300238
:101AC0003B6F13441B7803F07F0387F84330FB6DB3
:101AD000D7F88C20D31A0133BA689A4202D26FF039
:101AE0001B0389E0D7F88C3097F843201A70D7F899
:101AF0008C300133C7F88C3000E000BF3B6F0133FE
:101B00003B673A6FD7F880309A42CFD300233B67C8
:101B100069E0BB6F002B07D007F130023B6F134425
:101B20001B785BB2002B5ADB97F85B30002B10D090
:101B30000023C7F88830D7F88C3007F120013A6FBE
:101B40000A4412781A70D7F88C300133C7F88C30F9
:101B50001AE007F130023B6F13441B789B00FA6DCB
:101B600013441B68FB6607F130023B6F13441B787C
:101B70009B00FA6D134400221A60F86E0CF07CF89A
:101B800003460133C7F88830FB6DD7F88C20D21A92
:101B9000D7F8883013440133BA689A4202D26FF002
:101BA0001B0329E0D7F88C3007F130013A6F0A4463
:101BB00012781A70D7F88C300133C7F88C30D7F808
:101BC0008C30D7F88820F96E1846FEF759FCD7F804
:101BD0008C20D7F888301344C7F88C3000E000BF61
:101BE0003B6F01333B673A6FD7F880309A4290D30E
:101BF000FB6DD7F88C20D31A18469037BD4680BDB0
:101C000080B5B6B006AFF860B9607A603B60FB683B
:101C1000C7F89830FB68C7F89430D7F8C830DB08AD
:101C200087F8933097F8933003F0010387F89330E7
:101C3000FB68C7F88C30BB68002B04D1F8680EF045
:101C40006AFE034600E0BB68BB60D7F88C309B7827
:101C5000C7F88830D7F88830002B07D0D7F8C830BD
:101C600003F00103002B01D0012300E0002387F8DB
:101C7000873097F8873003F0010387F88730D7F86B
:101C80008C30DB78C7F88030D7F88030002B07D055
:101C9000D7F8C83003F00203002B01D0012300E085
:101CA000002387F87F3097F87F3003F0010387F82F
:101CB0007F3097F87F3083F00103DBB2002B10D028
:101CC00097F8873083F00103DBB2002B09D07B68E3
:101CD000002B04D07B683A68B968F8689847BB68FD
:101CE000CAE2D7F88C301B789B00BB67D7F89830D6
:101CF0005B687B67D7F89820BB6F1344C7F8B83090
:101D00000023C7F8B4307B68002B40F00181BB682A
:101D1000C7F8BC3097F88730002B40D00023C7F8B5
:101D2000B03035E0D7F8B8301B789B00D7F8942056
:101D300013441B68BB650023BA6D002178680EF060
:101D400022FE7865D7F8CC30002B11D0D7F8B4201C
:101D5000D7F8D0309A420BD2D7F8B4305A1CC7F813
:101D6000B4205B00D7F8CC2013447A6D92B21A806D
:101D7000D7F8BC207B6D1344C7F8BC30D7F8B83017
:101D80000133C7F8B830D7F8B0300133C7F8B030F6
:101D9000D7F8B020D7F888309A42C3D306E0D7F8F6
:101DA000B820D7F888301344C7F8B830D7F8C8300F
:101DB00003F00503002B0CBF0123002387F85330E9
:101DC0000023C7F8AC3099E0D7F8B8305A1CC7F8F0
:101DD000B8201B7887F85230D7F8B8305A1CC7F8AB
:101DE000B8201B7887F8513097F851309B00D7F80E
:101DF000942013441B68FB64F86C0EF06CFD0346E2
:101E000087F84B3097F89330002B2FD097F852304B
:101E10001946786F0EF04DFE0346002B26D00323A3
:101E2000012B1DD9012387F84A3097F84A3083F0F7
:101E30000103DBB2002B13D1C14B196897F8523064
:101E400004937B6F0393BF4B029300230193002302
:101E500000930023022200200EF01FFD00237B646C
:101E6000D7F8BC30023BC7F8BC3042E097F84B30A3
:101E7000002B12D0D7F8C83003F00103002B13D188
:101E800097F85330002B01D0022300E00123D7F84C
:101E9000BC20D31AC7F8BC302BE0D7F8C83003F009
:101EA0000203002B25D000E000BF0023FA6C0021C4
:101EB00078680EF068FD3864D7F8CC30002B11D06C
:101EC000D7F8B420D7F8D0309A420BD2D7F8B43034
:101ED0005A1CC7F8B4205B00D7F8CC2013443A6CE6
:101EE00092B21A803B6C013BD7F8BC201344C7F870
:101EF000BC30D7F8AC300133C7F8AC30D7F8AC20E1
:101F0000D7F880309A42FFF45FAFD7F8BC30B3E126
:101F100097F88730002B0BD0D7F8883087F8AB3094
:101F2000002387F8AA3007F12C03C7F8A4301EE07D
:101F3000D7F88830002B11D0D7F8C83003F004034D
:101F4000002B0BD0002387F8AB30D7F8883087F808
:101F5000AA3007F11C03C7F8A43008E0002387F873
:101F6000AB30002387F8AA300023C7F8A430D7F895
:101F7000A430002B07D0D7F88820D7F8B810D7F8AE
:101F8000A400FEF77DFAD7F8B820D7F888301344BC
:101F9000C7F8B8300023C7F8A03081E0D7F8B830D0
:101FA0005A1CC7F8B8201B7887F86530D7F8B830C6
:101FB0005A1CC7F8B8201B7887F8643097F864304B
:101FC0009B00D7F8942013441B683B66386E0EF0D4
:101FD00082FC034687F85F3097F89330002B08D0D7
:101FE00097F865301946786F0EF063FD0346002BB5
:101FF00050D197F85F30002B23D0D7F8C83003F0CA
:102000000103002B0BD097F8AB305A1C87F8AB209C
:10201000C0333B4497F8642003F8942C3BE0D7F896
:10202000C83003F00403002B35D097F8AA305A1CAF
:1020300087F8AA20C0333B4497F8642003F8A42C07
:1020400029E0D7F8C83003F00203002B0BD097F833
:10205000AB305A1C87F8AB20C0333B4497F8642060
:1020600003F8942C17E097F8AA305A1C87F8AA2096
:10207000C0333B4497F8652003F8A42C97F8AA30A6
:102080005A1C87F8AA20C0333B4497F8642003F811
:10209000A42C00E000BFD7F8A0300133C7F8A0306F
:1020A000D7F8A020D7F880309A42FFF477AFD7F85E
:1020B0008C301B7887F83C30D7F88C305A7897F8FA
:1020C000AB301344DBB287F83D30D7F8C83003F0AB
:1020D0000203002B04D197F8AA305B08DBB200E0C2
:1020E000002387F83F30D7F8C83003F00103002BF6
:1020F0000AD1D7F8C83003F00403002B02D097F8B8
:10210000AA3002E0002300E0002387F83E30D7F831
:102110008C2007F1180310681860D7F88C301A4625
:1021200007F13C03186810607B683A68B96FF8687B
:10213000984738673B6F002B06DA3B6F9CE000BF87
:10214000B8050020D8BC01003B6FC7F8BC30D7F8F9
:102150008C301A4607F118031868106097F8AA1017
:1021600007F11C007B683A68984738673B6F002B83
:1021700001DA3B6F80E0D7F8BC203B6F1344C7F80F
:10218000BC30BA6FD7F888301A44D7F880305B007B
:102190001344BA68D31AFB667B683A68F96ED7F8BD
:1021A000B800984738673B6F002B01DA3B6F63E05C
:1021B000D7F8BC203B6F1344C7F8BC300023C7F8E6
:1021C0009C304CE007F12C02D7F89C3013441B786C
:1021D000FB75FB7D9B00D7F8942013441B68BB66FE
:1021E000D7F8CC30002B0DD0D7F89C20D7F8D030C2
:1021F0009A4207D2D7F89C305B00D7F8CC20134422
:102200001B8800E00023A7F8663007F117007B6801
:102210003A680121984738673B6F002B01DA3B6F22
:102220002AE0D7F8BC203B6F1344C7F8BC30B7F89E
:102230006630BA6E396878680EF0A5FB38673B6F78
:10224000002B01DA3B6F17E0D7F8BC203B6F13443B
:10225000C7F8BC30D7F89C300133C7F89C3097F8EA
:10226000AB30D7F89C209A42ACD37B683A68002107
:1022700000209847D7F8BC301846C037BD4680BD0F
:1022800080B483B000AF7860034A7B68136000BFFE
:102290000C37BD4680BC7047BC05002080B500AF40
:1022A00002F00CFF0346024A9B58184680BD00BF4F
:1022B0000800000080B584B000AFF860B9607A60B3
:1022C0003B600EF068FC024602F0F8FE0346064949
:1022D0005A50FB683A687968B8689847FFF7DEFF9C
:1022E000034618460EF05EFC0800000080B59AB068
:1022F00000AFF860B9607A60FB681B8B03F00703DE
:102300007B6600233B66FB681B8B03F00803002BF6
:1023100014BF0123002387F85B3097F85B30002B54
:1023200012D0BB68012B07D1FB681B8B43F0100355
:102330009AB2FB681A830BE1FB681B8B43F0200306
:102340009AB2FB681A8303E107F11C0318460FF0E9
:10235000DEF90023FB65BB68022B03D1F8680FF0A0
:10236000C3FBB860BB68002B00F0F18000233B6624
:10237000BB68012B0AD1FB685B693B6607F11C0354
:102380003A6E1946F8680FF0E8FB22E0BB68032BB1
:1023900008D1FB681B691B68FB650621F8680FF014
:1023A00086FA16E0BB68042B08D1FB681B695B68E2
:1023B000FB650421F8680FF07AFA0AE0BB68052B88
:1023C00007D1FB681B699B68FB650521F8680FF066
:1023D0006EFAFB681B8B03F007037A6E9A420CD0EF
:1023E000FB68083318460FF0E9F9034683F0010350
:1023F000DBB2002B01D0012300E0002387F85A3024
:1024000097F85A3003F0010387F85A300023BB6075
:1024100097F85A30002B0DD107F11C0318460FF026
:10242000CDF9034683F00103DBB2002B02D1FB6D33
:10243000002B63D0FB681B8B43F008039BB27B65CA
:102440007B6D9AB2FB681A837B6D03F007037B6692
:10245000FB6814337A683A613B653B69FB64FB6C4B
:10246000BB64BB6C83F3118800BFBFF36F8F00BFE9
:1024700000BF00BF97F85A30002B04D03A6E796E37
:10248000F8680FF078FA07F11C0318460FF096F978
:10249000034683F00103DBB2002B06D007F11C01D9
:1024A0003B6E7A6EF8680FF0D1FAFB6D002B03D00B
:1024B000FB6D3249F8689847FB6814337B64EFF38F
:1024C00011833B643B6CFB632023BB63BB6B83F3D7
:1024D000128800BFBFF36F8F00BFFB6B7B617B6C0B
:1024E0007B6300BF7B6C3B6300BF7B697B60FB68E9
:1024F0001B8B23F008039AB2FB681A83FB681B8BC3
:1025000003F01003002B09D0FB681B8B23F0100392
:102510009AB2FB681A830123BB600EE0FB681B8B39
:1025200003F02003002B08D0FB681B8B23F0200353
:102530009AB2FB681A830223BB60FB681B8B03F013
:1025400007037B66BB68002B7FF403AF00E000BF8E
:10255000FB6814337A68BA61FB62BB69BB62BB6A11
:102560007B627B6A83F3118800BFBFF36F8F00BF6C
:1025700000BF00BF00BF6837BD4680BD911A010093
:1025800080B500AF02F09AFD0346024A9B581846F8
:1025900080BD00BF0800000080B485B000AF786047
:1025A0007B681B01044A1344FB60FB681846143720
:1025B000BD4680BC704700BF80B6010080B483B0C8
:1025C00000AF7860044A7B6852F8233018460C3715
:1025D000BD4680BC704700BF88D1010080B590B077
:1025E00002AF2D480FF083FC78632C4B1B78002B37
:1025F0002DD02B4B7B62EFF311833B623B6AFB6177
:102600002023BB61BB6983F3128800BFBFF36F8FC8
:1026100000BFFB69BB607B6A7B6100BF7B6A3B617B
:1026200000BFBB68FB600FF0BBFEFB687B601C4B10
:102630003B637B68FB62FB6ABB62BB6A83F3118806
:1026400000BFBFF36F8F00BF00BF00BF1FE0154B7F
:102650001B68002B1BD07B6B002B0FD147F6122081
:102660004FF000014FF000024FF00003CDE90023CE
:1026700002460B460C480FF0B8FD08E07B6B092BB7
:1026800005D109480FF0C4FD08480FF0E5FD00BF73
:102690003837BD4680BD00BF1C10002064150020E7
:1026A00030100020241000205008002014080020C2
:1026B00080B584B000AF1B4B00221A701A4B002269
:1026C0001A601A4B00221A60194BBB60B96819488E
:1026D00000F0B2F800F050FA174BFB6015E0012350
:1026E0007B600020FFF758FF0246FB689B1A1B1116
:1026F0001A467B6813447B607B68DBB21946F86836
:102700000FF010FEFB681033FB60FB680B4A93422E
:1027100034BF01230023DBB2002BE0D11037BD46CC
:1027200080BD00BF64150020201000201C10002078
:1027300040420F00E923010080B60100A0B601006D
:1027400080B586B000AF03460A46FB711346BB71E5
:1027500000237B6128480FF0CAFB0346002B01D001
:10276000002344E000233B61244BFB6024E0FB6832
:102770001B7B002B1AD00423BB60F8680FF077FD99
:10278000F8680FF08AFD0346002B08D1FB685B68F0
:102790001B68BA681946F8680FF04DFF06E0012281
:1027A0003B6902FA03F37A6913437B613B690133A6
:1027B0003B61FB681033FB60FB68114A934234BFF6
:1027C00001230023DBB2002BD1D1FB79002B0DD0EC
:1027D00009E078690FF00FFE7861BB79002B02D019
:1027E0000A200FF01AFC7B69002BF2D17B69184696
:1027F0001837BD4680BD00BF1810002080B601000C
:10280000A0B6010080B582B000AF7860074A7B684F
:1028100013607B68002B06D0054B1B68092B02DD7B
:1028200004480FF019FD0837BD4680BD2410002074
:102830001C1000201408002080B582B000AF786022
:1028400039607B68002B02D16FF0150309E0074A5D
:102850007B681360064A3B681360386801F016F81D
:10286000002318460837BD4680BD00BFC4050020C0
:102870002810002080B582B000AF174B1B78002BCA
:1028800026D100210120FFF75BFF144B7B600BE09A
:1028900078680FF056FD0346002B02D078680FF0E1
:1028A00034FD7B6810337B607B680D4A934234BFF4
:1028B00001230023DBB2002BEAD100BF0FF070FD33
:1028C0000346002BFAD100BF034B01221A7000E02F
:1028D00000BF0837BD4680BD6415002080B60100EA
:1028E000A0B6010080B584B000AF7860124BFB60E9
:1028F00013E0F8680FF025FD0346002B0AD0796835
:10290000F8680FF0B5FD0346002B03D07968F8682E
:102910000FF0D8FCFB681033FB60FB68074A93425A
:1029200034BF01230023DBB2002BE2D100BF00BF84
:102930001037BD4680BD00BF80B60100A0B60100C3
:1029400080B582B000AF00F0FBF838600E4B7B60C2
:102950000CE078680FF0F5FC0346002B03D03968D3
:1029600078680FF0BEFC7B6810337B607B68074A99
:10297000934234BF01230023DBB2002BE9D100BF17
:1029800000BF0837BD4680BD80B60100A0B601007B
:1029900080B588B004AF002112480FF0C2FA034698
:1029A000FB600323012B19D90123FB72FB7A83F00F
:1029B0000103DBB2002B11D10B4B1968FB680393A9
:1029C0000A4B029300230193002300930023022269
:1029D00000200FF0C0FA00237B6000BF00BF10375B
:1029E000BD4680BD2C100020C0050020D4BD0100D4
:1029F00080B500AF074B1B7883F00103DBB2002BDF
:102A000002D005480FF028FC024B01221A7000BFCB
:102A100080BD00BF65150020140800202DE9B043DB
:102A200084B000AF4FF000024FF00003C7E900236D
:102A3000304B1B7883F00103DBB2002B01D0002365
:102A400052E03B46184600F0D9F8F860FB68002BCE
:102A500008D0F868FFF746FFF86800F0E9F8264864
:102A60000FF052FA00F078F80346FB720FF015FDF4
:102A70000346BB72FB7A002B02D1BB7A002B1BD022
:102A80000FF02EFB02460B46104619461B4BD3E9AE
:102A90000023841A61EB030540F2E9339C4275F18F
:102AA000000309D3FB7A002B01D0FFF749FFBB7A63
:102AB000002B01D0FFF76CFF104BD3E9002312F578
:102AC0007A7843F100090D4BC3E90089FB68002BBC
:102AD00006D000F0BDF80346002B01D0012300E032
:102AE000002303F00103DBB218461037BD46BDE8F2
:102AF000B08300BF651500201C100020880800204E
:102B000080B582B000AF0346FB7109480FF0EFF9C2
:102B1000FB79002B02D007480FF0F6F906480FF0BA
:102B200077FB06480FF098FB00BF0837BD4680BD15
:102B3000201000201C100020500800201408002045
:102B400080B500AF002103480FF0EBF903461846AB
:102B500080BD00BF2010002080B400AF054B1B6873
:102B6000002BCCBF01230023DBB21846BD4680BC3E
:102B7000704700BF2010002080B500AF0449054811
:102B80000EF05EF8044B034A1A6000BF80BD00BF20
:102B900098D101008C0700203010002080B582B051
:102BA00000AF7860796804480FF07EFC0346184651
:102BB0000837BD4680BD00BF8C07002080B582B0BD
:102BC00000AF7860064B1B68984702467B689A60A6
:102BD000796804480FF07CFC00BF0837BD4680BD13
:102BE000C40500208C07002080B500AF02480EF01D
:102BF00029FC0346184680BD8C07002080B584B0B0
:102C000000AF7860074A084BD31ADB08074AA2FBDB
:102C10000323FB60FFF7E8FF034618461037BD4665
:102C200080BD00BFC40700208C07002025499224E6
:102C300080B582B000AF7860044B1B687968184695
:102C40000FF059FC00BF0837BD4680BD3010002092
:102C500080B584B000AF0023FB60084A084BD31A4C
:102C6000DB08084AA2FB0323BB6007480FF051FCB6
:102C7000034618461037BD4680BD00BFC40700207C
:102C80008C070020254992248C07002080B584B051
:102C900000AF03463960FB710C4BFB6008E0FB7929
:102CA0003A681946F8680FF058FBFB681033FB6070
:102CB000FB68074A934234BF01230023DBB2002B99
:102CC000EDD100BF00BF1037BD4680BD80B601000A
:102CD000A0B6010080B582B000AF786003480FF065
:102CE000BBFA00BF0837BD4680BD00BF14080020F6
:102CF00080B58AB000AFF860B9607A604FF0FF33FA
:102D0000FB610023FB7600210020FFF719FD7862AC
:102D10007B6A002B06D040F21B624FF00003C7E92C
:102D2000042305E04FF0FF324FF0FF33C7E90423DF
:102D3000002387F82330FFF723FC03461846FFF7EC
:102D400061FD7B6A002B0CD0786A0FF054FB78622F
:102D50007B6A002B05D14FF0FF324FF0FF33C7E9FC
:102D600004230FF01DFB034683F00103DBB2002BAD
:102D700010D097F82330002B06D0002387F823309B
:102D800000210020FFF782FFD7E9042303480FF05A
:102D900053FAD6E7012387F82330D2E7140800203E
:102DA00080B588B008AF00221149124816F039FDED
:102DB0004FF000024FF00003CDE9062300230493F7
:102DC0000E23039300230293002301930023009317
:102DD000094B4FF48052094909480FF0CAF90949D3
:102DE00007480FF0F4F900231846BD4680BD00BF28
:102DF000D52C000050080020F12C00007015002098
:102E0000900C0020FCBD010080B483B000AF78605E
:102E10007B68044A9B1ADB0818460C37BD4680BC09
:102E2000704700BF10B6010080B500AF0248FFF741
:102E3000EBFF0346184680BD80B6010080B485B024
:102E400000AF03463960FB71184BFB601BE0FB6869
:102E50009B689B68DAB2FB689B681B68DBB2134413
:102E6000FB72FA79FB7A9A420AD2FB689B689B68EC
:102E7000DBB2FA79D31ADAB23B681A70FB680FE05A
:102E8000FB681833FB60FB68094A934234BF012397
:102E90000023DBB2002BDAD13B6800221A7000233A
:102EA00018461437BD4680BC704700BFA0B601006D
:102EB000A0B6010080B58AB002AF03463960FB714D
:102EC0001C4BDB693B61FB793B733B689BB2FB812D
:102ED000FB6807F11402194616480FF0D0FC0346B0
:102EE00083F00103DBB2002B1FD007F10B02FB794B
:102EF00011461846FFF7A2FFF861FB7A18463B68B7
:102F00009AB2796907F1100300930B460146F869FC
:102F10000FF03FFBB861BB69002B01DA002305E02D
:102F20007B69194603480FF02DFD7B691846203751
:102F3000BD4680BD3410002080B582B000AF7860FF
:102F400039607B68DBB218460FF0F6FA0346002BB7
:102F50000DD078680FF04BFB02463B68934204D2D9
:102F6000084A3B6852F8333008E0002306E07B68EB
:102F7000DBB239681846FFF79DFF0346184608374D
:102F8000BD4680BD10B6010080B58CB004AFF860BE
:102F9000B9607A603B607B687B613B68BB61002302
:102FA000FB617B68002B01D00A4A00E0002207F198
:102FB00014013B6B0293FB6A0193BB6A00930B46BF
:102FC000B968F868FEF71CFE034618462037BD4670
:102FD00080BD00BFB729010080B483B000AF786026
:102FE0007B68044A9B1ADB0818460C37BD4680BC38
:102FF000704700BF10B6010080B594B006AFF8600E
:10300000B9607A603B60BB68BB61BB68C3F34A23AD
:103010009BB23B633B6B002B61DD0A23FB62396B88
:103020000423029307F110030193FB6A009300232A
:1030300000227868FFF7A8FFB862BB6AB3F5006F9B
:1030400024D37B687B620323012B56D9012387F8A5
:10305000233097F8233083F00103DBB2002B4CD1EF
:10306000274B19687B6A5B6840F2FF7204920393F6
:10307000244B029300230193002300930023022298
:1030800000200FF0C5FC0023FB6136E0BB6AC3F3F0
:103090000A039AB2BB6962F35323BB61B8690FF0AC
:1030A000D5FC03461846FFF779FD78637B6B002B50
:1030B0001DD0396B7B6B03F11002BB69C3F34A234C
:1030C0009BB218460423029307F110030193FB6A95
:1030D000009303467868FFF757FFB86207E0B869C6
:1030E0000FF0B4FC03461846FFF758FD78633B68C1
:1030F000BA69F968786B0FF002FD3837BD4680BDBC
:10310000C80500201CBE010080B590B004AFB960B6
:103110007B600346FB731346BB733B6C002B0BD0E9
:103120007B6C3B613B6900933B6CFA6B1021002088
:10313000FEF78AF9786201E000237B627B6AB3F5CF
:10314000006F1FD30323012B40F291800123FB77F3
:10315000FB7F83F00103DBB2002B40F08880454BFE
:10316000196840F2FF730393434B029300230193CA
:10317000002300930023022200200FF049FC0023CB
:10318000BB6174E07A6ABB6B1344173323F0070307
:1031900003339B083B623B7D23F001033B753B7D82
:1031A00023F002033B753B7D23F004033B75FB7B5F
:1031B00003F00703DAB23B7D62F3C5033B75BB7BCB
:1031C00003F00703DAB2BB8A62F38813BB827B6A1F
:1031D000C3F30A039AB27B6962F353237B61BB6B2F
:1031E000C3F30B039AB2FB8A62F30F13FB820FF057
:1031F000DBFB0346002B0DD07B6A0733DB08DB00CB
:10320000ADEB030D04AB0733DB08DB00FB620023EF
:10321000BB620BE0386AFFF7C1FCB862BB6A002BE7
:1032200002D0BB6A103300E00023FB62FB6A002B74
:103230000BD03B6C002B08D0796A7B6C00933B6C05
:10324000FA6BF86AFEF700F978620FF0ADFB0346FF
:10325000002B06D07B68FA6A7969B8680FF027FC02
:1032600005E07B687A69B968B86A0FF048FC3037C6
:10327000BD4680BDC80500205CBE010080B584B09D
:1032800000AFF860B9607A607B68BA680449F86892
:103290000DF0A0FB034618461037BD4680BD00BFA9
:1032A000D95900000EB480B585B000AF7860002316
:1032B000FB6007F12003BB60BB68FA6979680648C8
:1032C00002F08AFBF860FB6818461437BD46BDE87B
:1032D000804003B0704700BF332D010080B5A2B01D
:1032E00004AFF860B9607A60BB6803F04403002B58
:1032F00014BF0123002387F8633097F8633083F00D
:103300000103DBB2002B06D07A683849F868FFF772
:10331000C9FF786765E0364B1B68002B5FD0354BE3
:103320001B687A68B2FBF3F37B60314B1B687A68E9
:10333000B2FBF3F3FB652E4B1A687B68B3FBF2F12B
:1033400001FB02F29B1ABB65BB6D4FF47A7203FB63
:1033500002F2274B1B68B2FBF3F37B65BB6D4FF4A6
:103360007A7203FB02F2224B1B68796D01FB03F3B7
:10337000D31A4FF47A7203FB02F21D4B1B68B2FBA7
:10338000F3F33B67FB6DFB66FB6E1B4AA2FB03235B
:10339000DB0ABB66BB6E4FF4616202FB03F3FA6E9D
:1033A000D31AFB66FB6E154AA2FB03235B097B66FF
:1033B0007A6E13461B019B1A9B001A46FB6E9B1AE2
:1033C000FB663B6F02937B6D0193FB6E00937B6EFC
:1033D000BA6E0B49F868FFF765FF786701E00023D4
:1033E0007B677B6F18467837BD4680BDB4BE010051
:1033F0005410002058100020C5B3A29189888888F5
:10340000C0BE010080B586B000AFF8607B600B469F
:10341000FB721346BB72FB7A002B14D0BB7A002BD5
:103420000AD00B4A7B6852F82330002B04D0084A9C
:103430007B6852F8233000E0064B7B617A690649CD
:10344000F868FFF72FFF00BF1837BD4680BD00BFEB
:10345000C0D10100DCBE0100E4BE010080B584B033
:1034600000AF7860084611461A460346FB700B46CB
:10347000BB7013467B700023FB60FB78002B0CD0E5
:10348000194AFB6A52F823301A4618497868FFF740
:1034900009FF0246FB681344FB60FB69002B08D060
:1034A000FA6913497868FFF7FDFE0246FB6813448A
:1034B000FB603B6A002B11D0BB78002B04D0FB6A69
:1034C000042B01D10B4B00E00B4B3A6A194678688C
:1034D000FFF7E8FE0246FB681344FB60FB681846F2
:1034E0001037BD4680BD00BFACD10100E8BE010071
:1034F000F0BE0100F4BE0100F8BE010080B582B04C
:1035000000AF786039603B6803F01003002B0ED1E8
:103510003B6803F02003002B04D007497868FFF7CD
:10352000C1FE05E005497868FFF7BCFE00E000BF7A
:103530000837BD4680BD00BF00BF010004BF0100C9
:1035400080B588B000AFF860B9607A603B60B96A56
:10355000F868FFF7D3FF0023FB6106E03749F868FE
:10356000FFF7A0FEFB690133FB61FA693B689A42F1
:10357000F4DB0023BB6120E0BB69002B08DDBB69E5
:1035800003F00703002B03D12C49F868FFF78AFEEC
:10359000BB697A689A4209D9BB69BA6813441B7837
:1035A0001A462749F868FFF77DFE03E02549F868C9
:1035B000FFF778FEBB690133BB61BB690F2BDBDD15
:1035C0002149F868FFF76EFE00237B612DE07B69DF
:1035D000002B08DD7B6903F00703002B03D117499B
:1035E000F868FFF75FFE7B697A689A4216D97B69B3
:1035F000BA6813441B78FB74FB7C8033134A134472
:103600001B7803F09703002B01D0FB7C00E02E23F6
:103610001A460F49F868FFF745FE03E00749F868C6
:10362000FFF740FE7B6901337B617B690F2BCEDDA9
:1036300000BF00BF2037BD4680BD00BF08BF0100EE
:103640000CBF010014BF010018BF01007CD50100B0
:103650001CBF010090B591B006AFF860B9603B6047
:103660001346FB7100237B62BB6803F00203002B4F
:1036700014BF0123002387F82330BB6887F822306A
:1036800097F8223003F0010387F82230BB6803F07B
:103690000803002B14BF0123002387F821300023E7
:1036A000FB75002387F82030BB6803F48073002B80
:1036B00014BF01230023FB770EF037FFB861BB690D
:1036C000002B09D0BA692349F868FFF7EBFD0346E0
:1036D0001A467B6A13447B6297F82330002B09D08B
:1036E0003A68B968F868FFF7F9FD03461A467B6A3D
:1036F00013447B6297F8482097F822301946F868FF
:103700000FF04FFBFC7DFB7F002B01D0002300E07E
:10371000FB6B97F84820F87997F82110059297F8F5
:10372000442004923A6C03920293BB6B019397F886
:103730002030009323460246F868FFF78FFE0346C9
:103740001A467B6A13447B627B6A18462C37BD4657
:1037500090BD00BF28BF010080B58EB006AFF860F5
:10376000B9607A603B6097F83030002B0CBF0123C2
:103770000023FB75FB7D83F00103DBB2002B15D02A
:1037800097F83030049397F82C300393BB6A029378
:103790003B6801937B680093BB680022396CF86832
:1037A000FFF758FFF8611A4BBB6108E00023FB618B
:1037B0003B68012B01D1164B00E0164BBB617B6BC4
:1037C000002B05D07A6BF968B869FFF757FD3861AF
:1037D000FB6B002B08D0FA693B6C00931346FA6B25
:1037E000B96BF8680FF0FFFAFB7D83F00103DBB2E1
:1037F000002B06D097F830301A46396CF8680FF075
:1038000016FBF8680FF07CFA00BF2037BD4680BD7C
:10381000332D0100792D010080B586B000AF7860AE
:1038200039607B681B687B613B6842F20F72934290
:1038300028BF13463B6007F108003B68104A05218A
:103840000AF0B4FA38617B685B685B680B220D494B
:1038500078690FF037FA3A697B685B685B6807F153
:10386000080178690FF02EFA7B685B685B681B22A1
:10387000054978690FF026FA00BF1837BD4680BDAC
:1038800040BF0100D4D10100E0D1010080B483B079
:1038900000AF78600B4B01221A6007E07B685B0881
:1038A0007B60084B1B685B00064A13607B68064A16
:1038B0009342F3D8054A7B68136000BF0C37BD46BE
:1038C00080BC70475810002040420F005410002068
:1038D00080B400AF024B1B781846BD4680BC7047D1
:1038E0006615002080B400AF024B1B781846BD4619
:1038F00080BC70476615002080B582B000AF78604C
:103900007B68002B03D10A4B00221A700CE0FFF7F2
:10391000DFFF0346002B04D041F288300FF070FB2C
:1039200002E005200FF0FBFA00BF0837BD4680BD5E
:103930006715002080B582B000AF78600E4B012281
:103940001A70FFF7CFFF0346002B10D005E07B680D
:103950005A1E7A601846FFF7CFFF002005F064F882
:103960000346002B03D0044B1B78002BEFD100BF84
:103970000837BD4680BD00BF6715002080B588B000
:1039800000AFF860B9607A600023FB610423BB617B
:10399000FFF79EFF034683F00103DBB2002B0DD03F
:1039A00014F081FC7861BA68F968002004F0C0FF67
:1039B0000346FB61786914F08DFC06E0BA68F9688B
:1039C000002004F0B5FF0346FB61FB69002B03D028
:1039D000B869FFF7AFFF09E00F4B1B78002B05D04C
:1039E000BB69013BBB61B869FFF786FFFB69002B30
:1039F00003D1094B1B78002BCAD1FB69002B03D1E3
:103A0000054B1B78002B01D1BB6800E00023184652
:103A10002037BD4680BD00BF6715002080B584B04B
:103A200000AFF860B9607A60044B7A68B968F868EA
:103A30009847034618461037BD4680BD7D390000C3
:103A400080B483B000AF7860054B01221A70054B3B
:103A5000054A1A6000BF0C37BD4680BC704700BFE6
:103A600067150020741000205C10002080B582B023
:103A700000AF7860044B01221A7004480FF01DFB60
:103A800000BF0837BD4680BD66150020FCD101008F
:103A900080B582B000AF78603960396803480FF0B4
:103AA00017FB00BF0837BD4680BD00BFFCD1010039
:103AB00080B584B000AF786039600FF0E3FAF86049
:103AC000074B1B681846FEF779FDB8603968BB687C
:103AD000FA680448984700BF1037BD4680BD00BF54
:103AE00088100020FCD1010080B483B000AF786062
:103AF0003960044A3B681360002318460C37BD4602
:103B000080BC70478810002080B588B000AFF86096
:103B1000B9607A607B68BB61BB695B687B61154B90
:103B20003B6138690FF07BFB0346002B01DAB96873
:103B30001AE00023FB610AE0FA68FB6913441B7872
:103B4000194638690FF05CFBFB690133FB61FA69C8
:103B5000BB689A42F0D300BF4FF020024FF0000341
:103B600038690FF066FBB9680B4618462037BD462A
:103B700080BD00BF30AD010080B586B000AF786079
:103B80007B685B681B683B61064BFB603B695B685D
:103B90007B613B691B68396918460FF0DDFA1837FD
:103BA000BD4680BD30AD010080B586B000AF786005
:103BB0007B685B681B687B617B695B683B61074B6B
:103BC000FB603B6901221A757B691B6818460FF080
:103BD000ECFA00BF1837BD4680BD00BF30AD010014
:103BE00080B483B000AF78607B68044A1A60002319
:103BF00018460C37BD4680BC704700BF5CD2010040
:103C000080B500AF04480CF0B4FF04480CF0B1FFDD
:103C10000023184680BD00BF94BF0100CCBF010047
:103C200080B500AF044A054BD31A1A460021034859
:103C30000FF052FB80BD00BF6C1500204008002033
:103C400080B500AF084A094BD31A1A4608490748FD
:103C50000FF051FB074A084BD31A1A46074906488A
:103C60000FF049FB00BF80BD3C080020200500206C
:103C7000C4D701002005002018050020BCD7010092
:103C800080B590B006AF78600323002B20D00123CD
:103C9000BB73BB7B83F00103DBB2002B18D13E4B1F
:103CA00018687B681B687A6852687968896805912A
:103CB00004920393394B0293002301930023009352
:103CC00000230122014600200FF024FB00233B616A
:103CD0000323002B20D00123FB73FB7B83F0010324
:103CE000DBB2002B18D12C4B18687B68DB687A6834
:103CF000126979684969059104920393284B0293EC
:103D00000023019300230093002301220146002099
:103D10000FF000FB00233B620323002B19D001238B
:103D2000FB77FB7F83F00103DBB2002B11D11A4B31
:103D300019687B68DB6903931A4B02930023019394
:103D4000002300930023012200200FF0E3FA002358
:103D5000BB610323002B1AD00123FB75FB7D83F08D
:103D60000103DBB2002B12D10B4B19687B689B69F6
:103D700003930D4B02930023019300230093002330
:103D8000012200200FF0C6FA00237B6200BF00BFB3
:103D90002837BD4680BD00BFD4050020FCBF010010
:103DA0002CC001005CC001006CC0010080B58AB06D
:103DB00004AF786039603B68002B02D03868FFF7A9
:103DC0005FFF7B68012B21D1EFF30583BB60BB68EC
:103DD000103B7B610323002B18D00123FB74FB7C79
:103DE00083F00103DBB2002B10D10C4B19687B6907
:103DF00003930B4B029300230193002300930023B2
:103E0000012200200FF086FA0023FB6039687868F1
:103E100004F0C8FE00BF1837BD4680BDD4050020A1
:103E20009CC0010030BFFFF7FDBF00BF80B400AFF2
:103E3000034A044B13441846BD4680BC704700BF7C
:103E4000000000000400000080B582B000AF786080
:103E5000094B1A4609497868FCF712FB064A7B6849
:103E600013447B60064B1A460021786809F0ACFECB
:103E700000BF0837BD4680BD00000000E1B601006C
:103E80000400000080B59AB004AFF860B9607A60B1
:103E900010237B656FF015033B650323002B18D0BF
:103EA000012387F84F3097F84F3083F00103DBB2DE
:103EB000002B0ED18C4B19688C4B0293002301937D
:103EC000002300930023012200200FF07DFA00233D
:103ED000BB64874B9B6A03F01003002B1DD011239A
:103EE0007B650323002B18D0012387F8473097F810
:103EF000473083F00103DBB2002B0ED17A4B1968F7
:103F00007C4B0293002301930023009300230122A2
:103F100000200FF059FA00233B64754B9B6A03F0B5
:103F20000803002B1DD012237B650323002B18D020
:103F3000012387F83F3097F83F3083F00103DBB26D
:103F4000002B0ED1684B19686B4B02930023019331
:103F5000002300930023012200200FF035FA0023F4
:103F6000BB63634B9B6A03F00203002B4FD0132308
:103F70007B650323002B18D0012387F8373097F88F
:103F8000373083F00103DBB2002B0ED1564B19689A
:103F90005A4B029300230193002300930023012234
:103FA00000200FF011FA00233B63514B5B6BFB6267
:103FB0004F4B9B6A03F08003002B28D0FB6A3B65C4
:103FC0000323002B1AD0012387F82B3097F82B30CE
:103FD00083F00103DBB2002B10D1434B19683B6D1A
:103FE0000393474B02930023019300230093002384
:103FF000012200200FF0E8F900237B62BB68002B50
:1040000005D03B4B9B6A3A4A23F080039362384BBE
:104010009B6A03F00103002B1DD014237B6503234F
:10402000002B18D0012387F8233097F8233083F032
:104030000103DBB2002B0ED12B4B1968314B0293DD
:1040400000230193002300930023012200200FF09E
:10405000BBF90023FB61264B9B6A03F02003002B76
:104060001BD015237B650323002B16D00123FB7681
:10407000FB7E83F00103DBB2002B0ED11A4B1968D3
:10408000214B02930023019300230093002301227C
:1040900000200FF099F900237B61154B9B6A03F018
:1040A0001003002B01D1124B9B6A114B9B6A03F04A
:1040B0002003002B05D00E4B5B6A0D4A23F40053FE
:1040C00053620B4B9B6A0A4A43F0FF039362012140
:1040D000F8680FF0A1F903461A467B681A707B6DE9
:1040E00018465837BD4680BDD8050020B0C0010035
:1040F00000ED00E0C8C00100FCC0010010C10100DB
:1041000028C1010040C1010060C1010080B59AB022
:1041100004AFF860B9607A6016237B650323002B37
:1041200018D0012387F8533097F8533083F00103F8
:10413000DBB2002B0ED1934B1968934B02930023F3
:104140000193002300930023012200200FF03CF98B
:104150000023FB648D4B9B6A03F48053002B1DD01E
:1041600017237B650323002B18D0012387F84B30DE
:1041700097F84B3083F00103DBB2002B0ED1814B5B
:104180001968834B029300230193002300930023BB
:10419000012200200FF018F900237B647B4B9B6AFF
:1041A00003F40063002B1DD018237B650323002B31
:1041B00018D0012387F8433097F8433083F0010388
:1041C000DBB2002B0ED16F4B1968724B02930023A8
:1041D0000193002300930023012200200FF0F4F844
:1041E0000023FB63694B9B6A03F40073002B4DD0E3
:1041F00019237B650323002B18D0012387F83B305C
:1042000097F83B3083F00103DBB2002B0ED15D4BFE
:104210001968614B0293002301930023009300234C
:10422000012200200FF0D0F800237B63574B9B6BDB
:104230003B63564B9B6A03F40043002B26D00323B9
:10424000002B1AD0012387F82F3097F82F3083F0F6
:104250000103DBB2002B10D14A4B19683B6B03936F
:104260004E4B02930023019300230093002301226D
:1042700000200FF0A9F80023BB62BB68002B05D01B
:10428000424B9B6A414A23F4004393623F4B9B6A33
:1042900003F48063002B1DD01A237B650323002BBE
:1042A00018D0012387F8273097F8273083F00103CF
:1042B000DBB2002B0ED1334B1968394B029300232C
:1042C0000193002300930023012200200FF07CF8CB
:1042D00000233B622D4B9B6A03F48073002B1CD0A0
:1042E0001B237B650323002B39D00123FB75FB7D4A
:1042F00083F00103DBB2002B31D1224B1968294B2B
:104300000293002301930023009300230122002045
:104310000FF05AF800233B6121E01C4B9B6A03F429
:104320000053002B1BD01C237B650323002B16D0CE
:104330000123FB77FB7F83F00103DBB2002B0ED15F
:10434000104B1968184B029300230193002300932C
:104350000023012200200FF037F80023BB610B4B34
:104360009B6A0A4A43F47F4393620121F8680FF085
:1043700053F803461A467B681A707B6D1846583707
:10438000BD4680BDD805002090C1010000ED00E0D1
:10439000A8C10100FCC00100BCC10100D8C10100DE
:1043A000F0C101000CC2010060C1010080B598B0ED
:1043B00004AF78601D23FB640323002B18D0012376
:1043C00087F84B3097F84B3083F00103DBB2002BBA
:1043D0000ED18B4B19688B4B029300230193002362
:1043E00000930023012200200EF0EEFF00237B64E7
:1043F000854B9B6A03F00073002B1DD01E23FB64CA
:104400000323002B18D0012387F8433097F843305B
:1044100083F00103DBB2002B0ED1794B19687B4B83
:104420000293002301930023009300230122002024
:104430000EF0CAFF0023FB63734B9B6A03F080738B
:10444000002B1DD01F23FB640323002B18D0012356
:1044500087F83B3097F83B3083F00103DBB2002B49
:104460000ED1674B19686A4B029300230193002316
:1044700000930023012200200EF0A6FF00237B639F
:10448000614B9B6A03F48013002B1FD02023FB6435
:104490000323002B18D0012387F8333097F83330EB
:1044A00083F00103DBB2002B0ED1554B1968594B39
:1044B0000293002301930023009300230122002094
:1044C0000EF082FF0023FB620223FB644E4B9B6ACB
:1044D00003F40023002B1DD02123FB640323002BB6
:1044E00018D0012387F82B3097F82B3083F0010385
:1044F000DBB2002B0ED1424B1968474B02930023CD
:104500000193002300930023012200200EF05CFFA2
:1045100000237B623C4B9B6A03F48023002B1DD05D
:104520002223FB640323002B18D0012387F82330B8
:1045300097F8233083F00103DBB2002B0ED1304B10
:104540001968364B02930023019300230093002344
:10455000012200200EF038FF0023FB612A4B9B6AEA
:1045600003F40033002B1BD02323FB640323002B15
:1045700016D00123FB76FB7E83F00103DBB2002B18
:104580000ED11F4B1968264B029300230193002381
:1045900000930023012200200EF016FF00237B6110
:1045A000194B9B6A03F48033002B1BD02423FB643C
:1045B0000323002B16D00123FB74FB7C83F0010343
:1045C000DBB2002B0ED10E4B1968164B0293002361
:1045D0000193002300930023012200200EF0F4FE3B
:1045E0000023FB60084B9B6A074A6FEA03436FEAAC
:1045F00013439362FB6C18465037BD4680BD00BF25
:10460000D805002024C2010000ED00E03CC20100FA
:1046100050C201006CC2010098C20100B8C2010082
:10462000E0C20100FCC2010080B588B004AF786030
:1046300039603B6800221A700323002B17D0012336
:10464000FB73FB7B83F00103DBB2002B0FD10A4B22
:1046500019680A4B0293002301930023009300235F
:10466000012200200EF0B0FE0023BB6000BF00BF9F
:104670001037BD4680BD00BFD805002028C301000B
:1046800080B485B000AF78607B689B69FB601B4B92
:104690005B691A4A43F480735361BFF34F8F00BFC5
:1046A00000BF00BFBFF36F8F00BF00BF00BFFB683C
:1046B00033F8023C7B81114B5B69104A23F4807311
:1046C0005361BFF34F8F00BF00BF00BFBFF36F8FB9
:1046D00000BF00BF00BF7B8903F47F43B3F55F4F8A
:1046E00005D17B89DBB2022B01D1012300E000233D
:1046F00018461437BD4680BC704700BF00ED00E08F
:1047000080B592B004AF786039600023FB62032368
:10471000002B18D0012387F8333097F8333083F01B
:104720000103DBB2002B0ED1634B1968634B02937C
:1047300000230193002300930023012200200EF0A8
:1047400043FE00237B633B6800221A705C4BDB6AEC
:1047500003F00203002B1CD00323002B00F0A780E2
:104760000123FB74FB7C83F00103DBB2002B40F0E0
:104770009E80514B1968534B0293002301930023F1
:1047800000930023012200200EF01EFE0023FB6098
:104790008DE04B4BDB6A002B1BDA0323002B00F070
:1047A00086800123FB76FB7E83F00103DBB2002BC6
:1047B0007DD1414B1968444B0293002301930023A0
:1047C00000930023012200200EF0FEFD00237B61F8
:1047D0006DE03B4BDB6A03F08043002B67D0032383
:1047E000002B18D0012387F82B3097F82B3083F05B
:1047F0000103DBB2002B0ED12F4B1968334B029310
:1048000000230193002300930023012200200EF0D7
:10481000DBFD00237B627868FFF732FF0346002B45
:1048200022D00323002B1BD0012387F8233097F8D5
:10483000233083F00103DBB2002B11D11E4B19682A
:104840007B681B680393224B029300230193002390
:1048500000930023012200200EF0B6FD0023FB612F
:104860007B681B68FB6222E0154B9B6ADBB2002B66
:1048700006D03A6801217868FFF704FBF86216E079
:104880000F4B9B6A03F47F43002B07D03A6801214A
:104890007868FFF73BFC0346FB6208E0084B9B6A25
:1048A000B3F5803F03D37868FFF780FDF862FB6AB9
:1048B00018463837BD4680BDD80500204CC30100DE
:1048C00000ED00E064C3010088C3010098C301004B
:1048D000B8C3010080B58AB006AF786039600323A1
:1048E000002B21D00123FB73FB7B83F00103DBB2A0
:1048F000002B19D10E4B19683B680F2B01DC0D4BB7
:1049000000E00D4B3A68103A049203930B4B02936C
:1049100000230193002300930023012200200EF0C6
:1049200053FD0023BB6000BF00BF1037BD4680BDF4
:10493000D8050020D4C30100ECC3010008C4010065
:1049400080B586B000AFF860B9607A6000237B6103
:104950007B6800221A70BB68033B092B35D801A283
:1049600052F823F08D49000099490000A749000042
:10497000B7490000CB490000CB490000CB490000FB
:10498000CB490000CB490000C14900007968F868B4
:10499000FFF7B6FE78611DE07A680021F868FFF73E
:1049A00071FA786116E07A680021F868FFF7AEFBCB
:1049B00003467B610EE0F868FFF7F8FC786109E0D8
:1049C0007968F868FFF730FE04E0B968F868FFF727
:1049D00081FF00BF7B681B7883F00103DBB2002BF3
:1049E00003D0B968F8680EF00DFD7B6918461837DA
:1049F000BD4680BD80B58CB004AFF860B9607A6008
:104A00003B600023FB760023FB613B6800221A70A9
:104A10007B6803F07F43B3F17F4F01D0002339E07F
:104A20007B6803F00803002B20D07B6803F00403AD
:104A3000002B1BD10323002B16D00123BB76BB7E9A
:104A400083F00103DBB2002B0ED1144B1968144B19
:104A500002930023019300230093002301220020EE
:104A60000EF0B2FC00237B61002313E0FB7E83F099
:104A70000103DBB2002B0CD07B6803F00803002B92
:104A800002D0BB68FB6104E0FB68FB613B6801226C
:104A90001A70FB6918462037BD4680BDD805002036
:104AA0001CC4010080B594B000AFF860B9607A60B2
:104AB0003B600023FB64294B5B68C3F30803BB64C2
:104AC0000023BB63BB6B7B637B6B83F3118800BFED
:104AD000BFF36F8F00BF00BF07F132037A68B96878
:104AE000F868FFF787FF78647B6C3B647B68FB6347
:104AF00000BF07F133031A46B96C786CFFF720FF4B
:104B0000F86497F83330002B23D107F110032022EB
:104B1000796C1846FBF7B4FC97F83230002B0BD0B9
:104B2000FB6AC3F30803002B0CD1FB6A6FEA532323
:104B30006FEA4323FB6205E0FB6A23F4FF7323F073
:104B40000103FB6207F110031946F86CFFF72EF919
:104B500000E000BF5037BD4680BD00BF00ED00E063
:104B600080B400AF0A4B5B69094A43F010035361FC
:104B7000074B5B69064A43F480635361044B5B69EE
:104B8000034A23F00803536100BFBD4680BC704751
:104B900000ED00E0EFF30880EFF3098101B5724604
:104BA000FFF780FF01BD00BF002080F31488BFF332
:104BB0006F8F002080F30A8880F30B88104880F301
:104BC000088800200F49087002F0AAF900200E4959
:104BD0000860BFF34F8F00F047F8202080F3118862
:104BE0000A484FF40061401880F30988EFF31480FD
:104BF0000221084380F31488BFF36F8F0EF061FC2D
:104C0000703500206B15002094ED00E0B0360020D8
:104C100080B582B000AF7860796803480EF008FC78
:104C200000BF0837BD4680BD90ED00E080B582B082
:104C300000AF0C4B1B681B0ADBB23B6000237B60A0
:104C400006E07B681846FFF7E3FF7B6801337B6073
:104C50007A683B689A42F4DB00BF00BF0837BD4664
:104C600080BD00BF90ED00E080B582B000AF72B6AD
:104C700000BF00233B603B6883F3138800BFFFF74E
:104C8000D5FF0023FB7109E0164AFB7920334FF072
:104C9000FF3142F82310FB790133FB71FB790F2BB5
:104CA000F2D90023BB7109E00E4ABB7960334FF0A3
:104CB000FF3142F82310BB790133BB71BB790F2B55
:104CC000F2D962B600BFBFF34F8F00BF00BF00BF75
:104CD000BFF36F8F00BF00BF00BF00BF0837BD46E6
:104CE00080BD00BF00E100E01EF0040F0CBFEFF339
:104CF0000880EFF30980816911F8021C0229FFD0B6
:104D000001B572460EF024FB01BD00BF80B483B034
:104D100000AF0346FB80B7F90630002B0BDBFB88A6
:104D200003F01F020649B7F906305B09012000FABB
:104D300002F241F8232000BF0C37BD4680BC70470B
:104D400000E100E080B483B000AF0346FB80B7F918
:104D50000630002B12DBFB8803F01F020A49B7F96B
:104D600006305B09012000FA02F2203341F82320CB
:104D7000BFF34F8F00BFBFF36F8F00BF00BF0C3773
:104D8000BD4680BC704700BF00E100E080B483B046
:104D900000AF03463960FB80B7F90630002B0ADB11
:104DA0003B68DAB20C49B7F906305201D2B20B4473
:104DB00083F800230AE03B68DAB20849FB8803F075
:104DC0000F03043B5201D2B20B441A7600BF0C37DA
:104DD000BD4680BC704700BF00E100E000ED00E090
:104DE00080B483B000AF7860084A7B685B0952F8F2
:104DF00023207B6803F01F03012101FA03F3134012
:104E000018460C37BD4680BC704700BF00E100E08B
:104E100080B400AF094B0A4A23F07F039360BFF3CD
:104E20004F8F00BF00BF00BFBFF36F8F00BF00BF39
:104E300000BF00BFBD4680BC704700BF000000003F
:104E400000ED00E080B400AF054BD3F88830044A91
:104E500023F47003C2F8883000BFBD4680BC7047A1
:104E600000ED00E080B487B000AFF860B9607A6010
:104E70003B60154B7B617B68203B3B617A693B69FA
:104E80009A613B699B6923F001023B699A613A6828
:104E90003B691A603A6A3B695A607A6A3B699A6070
:104EA000BA6A3B69DA603B694FF08072DA613A694D
:104EB000FB681A65FB680022C3F8B02000BF1C37EE
:104EC000BD4680BC704700BFB5220000F0B587B07A
:104ED00000AFF860B9607A600EF01FFB104AFB6803
:104EE0009360FB68D3F8AC300E4A1360FB68D3F8CC
:104EF0009C307B617B6983F30B8800BF7D68BE6853
:104F00002C4686F309880020034B98472046002151
:104F100000220023014C204727350100B522000064
:104F2000B4110020C810002080B400AF034B102241
:104F30001A6100BFBD4680BC704700BF00ED00E0B5
:104F400080B400AF074B5A69064B9B689A4205D064
:104F5000054B5B68044A43F08053536000BFBD4675
:104F600080BC7047B411002000ED00E080B584B033
:104F700000AF7860114B9B687A689A4216D1EFF3C4
:104F80000583FB60FB68002B14BF01230023DBB209
:104F9000002B0BD00A4B5B68094A43F080535360E7
:104FA000074B5B6A064A23F400435362786806F0B5
:104FB0004FF800BF1037BD4680BD00BFB4110020C0
:104FC00000ED00E016498A684FF030001044EFF31E
:104FD000098C80E8F01F202080F31288BFF36F8FC8
:104FE000104F4FF000664A698A603E60D2F8AC000C
:104FF0000D4C2060D2F8B0000023C2F8B03080F32E
:10500000118802F1300090E8F01F8CF3098802F15A
:10501000000004B50EF063FABDE8044070470000DC
:10502000B411002004ED00E0C810002080B483B06B
:1050300000AF03463960FB80B7F90630002B0ADB6E
:105040003B68DAB20C49B7F906305201D2B20B44D0
:1050500083F800230AE03B68DAB20849FB8803F0D2
:105060000F03043B5201D2B20B441A7600BF0C3737
:10507000BD4680BC704700BF00E100E000ED00E0ED
:1050800080B584B000AFEFF305837B607B68FB6085
:10509000FB68103BFB60FB68DB00074A1344BB6006
:1050A000BB685B68BA68126810469847FFF748FF0C
:1050B00000BF1037BD4680BD4CAD010001480068FF
:1050C00070470000C810002080B584B000AF0D4AC2
:1050D0000D4B01210D480EF081FD3B1D00221A6091
:1050E0005A609A600A4B7B60074A094BD31ABB602F
:1050F0003B1D012118460EF083FD00BF1037BD4651
:1051000080BD00BF00000020000004205CD2010030
:105110004008002080B582B000AF7860796803480D
:105120000EF08FFA00BF0837BD4680BD90ED00E05D
:1051300080B483B000AF7860034A7B68136300BF1C
:105140000C37BD4680BC704790ED00E080B483B062
:1051500000AF7860034A7B68936000BF0C37BD46A0
:1051600080BC704790ED00E080B483B000AF786001
:10517000034A7B68D36000BF0C37BD4680BC7047D4
:1051800090ED00E080B400AF024BDB681846BD46EE
:1051900080BC704790ED00E080B483B000AF7860D1
:1051A000034A7B68136100BF0C37BD4680BC704763
:1051B00090ED00E080B400AF024B1B691846BD467D
:1051C00080BC704790ED00E080B483B000AF074B27
:1051D0001B687B607B681B0ADBB27B607B68DBB291
:1051E00018460C37BD4680BC704700BF90ED00E00C
:1051F00080B500AF0248FFF79BFF00BF80BD00BF36
:10520000AAFF440090B58FB00AAF786039603B6860
:105210001B6823F01F033A68127AC2F30402D2B269
:1052200043EA02013B68DB6823F01F023B681B7AFC
:10523000C3F34213DBB25B0003F00E03134343F0EE
:1052400001031A4678680EF035FA0323032B2FD991
:105250000123FB72FB7A83F00103DBB2002B27D121
:10526000154B19683B681B683A68127AC2F304024E
:10527000D2B210463A68127AC2F34212D2B214463F
:105280003A68D26808920794069005937B68049365
:105290000A4B03930A4B02930823019300230093C4
:1052A0000023042200200EF0DCF90023FB6000BF85
:1052B00000BF1437BD4690BDDC05002068D2010058
:1052C0004CC4010080B594B004AF78600846114624
:1052D0001A460346FB700B46BB7013467B70BB78C7
:1052E000FB630023BB6397E1BA6B13465B00134477
:1052F0009B001A467B6813445B68002B00F0888192
:105300007B78002B2ED0BA6B13465B0013449B00B6
:105310001A467B68134418460EF0DFF90346002B4B
:1053200020D10323002B1AD0012387F8373097F8B8
:10533000373083F00103DBB2002B10D1AF4B19687B
:10534000BB6B0393AE4B02930023019300230093A6
:105350000023012200200EF084F900233B636FF04C
:1053600015035FE1BA6B13465B0013449B001A46BA
:105370007B6813441868BA6B13465B0013449B00A8
:105380001A467B6813445B6819460EF0C4F9F8624C
:10539000FB6A13F1160F03D0FA6BFB6A9A421EDC0C
:1053A0000323002B18D00123FB77FB7F83F001033D
:1053B000DBB2002B10D1914B1968FB6A0393914B20
:1053C0000293002301930023009300230122002075
:1053D0000EF047F90023BB616FF0150322E1FB6A71
:1053E00018460EF0B7F9B862FB6A18460EF0DAF903
:1053F0007862BA6B13465B0013449B001A467B68C5
:1054000013441968BA6B13465B0013449B001A4699
:105410007B6813445B680B44013B3B62BA6B1346E9
:105420005B0013449B001A467B6813441B68BA6AEE
:105430009A4211D13A6A7B6A9A420DD1FB6AD8B27C
:10544000BA6B13465B0013449B001A467B681344F7
:10545000194600F0DBF9DCE0BA6B13465B0013443D
:105460009B001A467B6813441B68BA6A9A422ED185
:10547000F86ABA6B13465B0013449B001A467B68BC
:1054800013441968BA6B13465B0013449B001A4619
:105490007B6813445B680B4419460EF06BF9FB6B99
:1054A000D8B2BA6B13465B0013449B001A467B6864
:1054B0001344194600F0AAF9F863FB6B13F1160FB9
:1054C00001D1FB6BAEE0FB6B0133FB63A1E03A6AF9
:1054D0007B6A9A4225D1F86ABA6B13465B00134483
:1054E0009B001A467B6813441B68013B19460EF06B
:1054F00069F9FB6BD8B2BA6B13465B0013449B008F
:105500001A467B681344194600F080F9F863FB6B78
:1055100013F1160F01D1FB6B84E0FB6B0133FB63CE
:1055200077E0F86ABA6B13465B0013449B001A4697
:105530007B6813441B68013B19460EF043F9FB6B73
:10554000D8B2BA6B13465B0013449B001A467B68C3
:105550001344194600F05AF9F863FB6B13F1160F68
:1055600001D1FB6B5EE0FB6B0133FB63FA6A07F171
:1055700008030833194610460EF03CF9BA6B13467F
:105580005B0013449B001A467B6813441968BA6B8E
:1055900013465B0013449B001A467B6813445B6808
:1055A0000B44BB60BA6B13465B0013449B001A4666
:1055B0007B6813441968BA6B13465B0013449B0065
:1055C0001A467B6813445B680B4423F01F02796A18
:1055D0003B6ACB1A1344013B23F01F037B61FB6B37
:1055E000DBB207F108021146184600F0B3F8F86381
:1055F000FB6B13F1160F07D1FB6B13E0DC050020EA
:1056000074C401009CC40100FB6B0133FB6300E028
:1056100000BFBB6B0133BB63FB78BA6B9A42FFF6EA
:1056200063AEFB6B18464037BD4680BD80B586B083
:1056300000AFF8607A603B600B46FB72094B1B7849
:105640007B617B69DAB2F97A0123F868FFF73AFEE9
:1056500078617B69DAB2034B1A707B691846183798
:10566000BD4680BD6815002080B584B000AF78606D
:105670000B46FB700023FB605EE0FA6813465B009C
:1056800013449B001A467B6813445B68002B4FD081
:10569000FA6813465B0013449B001A467B68134468
:1056A0001868FA6813465B0013449B001A467B682F
:1056B00013445B6819460EF02EF801462348FA6839
:1056C00013469B0013449B00034419601F49FA686A
:1056D00013469B0013449B000B441B6813F1160FE9
:1056E00002D16FF015032CE01849FA6813469B00AD
:1056F00013449B000B441B68154A1278934202DB4B
:105700006FF015031DE01149FA6813469B0013441E
:105710009B000B441B681846FA6813469B00134411
:105720009B000A4A1344043319460EF086F800E041
:1057300000BFFB680133FB60FB78FA689A429CDB90
:10574000002318461037BD4680BD00BFCC10002096
:105750006815002090B58DB006AF03463960FB7127
:10576000FC790EF0B4F80346013B9C421ED903239A
:10577000002B18D00123FB73FB7B83F00103DBB20A
:10578000002B10D11D4B1968FB7903931C4B02931E
:1057900000230193002300930023012200200DF039
:1057A00060FF0023BB606FF0150323E00323032B8E
:1057B0001AD90123FB75FB7D83F00103DBB2002BBB
:1057C00012D10E4B1968FB7904930E4B03930E4BC9
:1057D0000293082301930023009300230422002056
:1057E0000DF03FFF00233B61FB7939681846FFF756
:1057F00009FDFB7918461C37BD4690BDDC0500202D
:10580000C0C4010074D20100E8C4010090B58FB09B
:1058100006AF03463960FB710323032B1AD901231A
:10582000FB77FB7F83F00103DBB2002B12D1184B17
:105830001968FB790493174B0393174B02930823C2
:105840000193002300930023042200200DF009FFA0
:105850000023BB613B681B68BB603B6803F1080128
:105860003B681A683B685C6807F1080303F10800AD
:1058700023460EF002F807F10802FB79114618469C
:10588000FFF768FF034618462437BD4690BD00BFAA
:10589000DC05002090D2010010C5010080B400AFEB
:1058A000084B05225A60BFF34F8F00BF00BF00BFF7
:1058B000BFF36F8F00BF00BF00BF00BFBD4680BCFD
:1058C000704700BF90ED00E080B400AFBFF35F8F82
:1058D00000BF00BF00BF034B00225A6000BFBD469F
:1058E00080BC704790ED00E090B58BB006AF354BB3
:1058F0001C680DF0ECFF03469C4202D94FF0FF33C9
:105900005CE00323032B1DD90123FB71FB7983F09A
:105910000103DBB2002B15D12B4B1C680DF0D7FF18
:1059200003460493294B0393294B029308230193C5
:105930000023009300230422214600200DF091FE55
:1059400000233B60FFF7C0FFFFF752FC0023FB6022
:105950000BE01C4B5A68FB681B0113441946F8689E
:10596000FFF750FCFB680133FB60164B1B68FA68BD
:105970009A42EED3134B1B68DAB2164B1A701548D5
:105980000DF0ACFF034613F1160F02D16FF01503B3
:1059900014E0104B1B78BB6006E0BB6818460DF0A6
:1059A0007EFEBB680133BB600DF091FF03461A46D3
:1059B000BB689342F1DBFFF771FF002318461437F1
:1059C000BD4690BDD8D20100DC050020A8D2010060
:1059D0008CC501006815002080B58AB000AFF86062
:1059E000B9607A603B6007F1100300221A605A60C8
:1059F0009A60DA601A615A610223BB74084B7B61BA
:105A0000FB683B62BB687B6207F110033A68796808
:105A1000184608F097FB034618462837BD4680BD58
:105A20001F3C010080B582B000AF78603960044B44
:105A30001B6878689847002318460837BD4680BD24
:105A4000E010002080B483B000AF7860074A7B6824
:105A50001360074B9B7843F00203DAB2044B9A7051
:105A600000BF0C37BD4680BC704700BFE01000206F
:105A7000E005002080B582B000AF00237B600C4BB6
:105A8000073323F007037B60094B073323F0070339
:105A9000C3F1005303F580233B603A6879680548F9
:105AA0000AF07FFE002318460837BD4680BD00BFC0
:105AB000B03E0020E410002080B584B000AF7860D4
:105AC0007B68002B11D00B4B43F00103FB600A4BAA
:105AD0001B680A4AA2FB03239A0C7B6802FB03F3B0
:105AE000BB60FB68B868984700E000BF1037BD4650
:105AF00080BD00BFE0CE0100F006002083DE1B4326
:105B000080B592B000AF504BD3F82436FB63FB6BEB
:105B1000C3F30803BB6340F2FF137B637B6B5B083B
:105B20007A6BD31A3B63BA6B3B6B53401A463B6BA1
:105B3000D31AFB62FB6B1B0CC3F30903BB6244F279
:105B400068237B627A6A414B1344FA6A02F5C47295
:105B500003FB02F2BB6A4FF47A6101FB03F31344C7
:105B60005B003B623B6A3A4AA2FB0323DB0B7B648C
:105B70003A6A374BA3FB0213DB0B4FF4FA2101FB0C
:105B800003F3D31AB3F57A3F02D37B6C01337B6402
:105B9000796C30480EF089F82B4BD3F82036FB6136
:105BA000FB69C3F30803BB6140F2FF137B617B69B0
:105BB0005B087A69D31A3B61BA693B6953401A465C
:105BC0003B69D31AFB60FB691B0CC3F30903BB6081
:105BD00043F698237B607B68A3F5AB531C3BFA68C4
:105BE00002F2173203FB02F2BB684FF47A6101FB49
:105BF00003F313441B0A3B603B68154AA2FB0323D3
:105C00009B093B643A68124BA3FB02139B094FF4B8
:105C10007A7101FB03F3D31AB3F5FA7F02D33B6C1D
:105C200001333B643A6C01210A480EF04CF8002124
:105C300008480EF026F80122002106480EF058F818
:105C400000BF4837BD4680BD00C0FF0090E8FF7F21
:105C5000D34D62100000125080B500AF054B064ACC
:105C60001A6000F00BF800BFFFF74AFF0023184648
:105C700080BD00BFF00600200020A10780B500AF66
:105C800002480EF05BF800BF80BD00BF002008E0B6
:105C900080B483B000AF0346FB80B7F90630002B19
:105CA0000CDBFB8803F01F020749B7F906305B09DC
:105CB000012000FA02F2603341F8232000BF0C37C4
:105CC000BD4680BC704700BF00E100E080B500AF7A
:105CD0000EF054F80346002B01D000230CE0074BD4
:105CE0001B78002B14BF01230023DBB283F00103D8
:105CF000DBB203F00103DBB2184680BD6B15002058
:105D000080B582B000AF78607A68002103480EF059
:105D100054F9034618460837BD4680BD00E01050D0
:105D200080B584B000AF78607A6801210A480EF02F
:105D300044F90346FB73FB7B002B05D07B681B7883
:105D4000002B01D1012300E0002303F00103DBB2AB
:105D500018461037BD4680BD00E0105080B582B0B7
:105D600000AF78607B68DBB2194604480EF0FAF9A0
:105D7000034618460837BD4680BD00BFC0AC0100D1
:105D800090B58FB006AF78600B46FB70FB78194674
:105D900078680EF0BCF9F861FB691B68BB61FB69B0
:105DA0005B687B61FB6900221A60FB690833184657
:105DB0000EF082FA0323032B21D90123FB74FB7C11
:105DC00083F00103DBB2002B19D1134B1C68FB7865
:105DD000194678680EF0B1F903469B6804930F4B9F
:105DE00003930F4B02930823019300230093002396
:105DF0000422214600200EF06CF90023FB60BB69F1
:105E0000002B05D0FB781946BB697A6978689847FA
:105E100000BF2437BD4690BDE0060020F8D2010047
:105E2000D8C5010080B483B000AF044B7B607B68B1
:105E3000403318460C37BD4680BC7047F410002034
:105E400080B588B000AF0023FB77EFF311837B614F
:105E50007B693B612023FB60FB6883F3128800BFF2
:105E6000BFF36F8F00BF3B69BB611B4B1B6843F0E7
:105E700002031A46184B1A60174B1B6803F0010304
:105E8000002B0FD0FB1C194601200EF008F9FB78FF
:105E9000002B07D10123FB77FFF7C4FF0346184609
:105EA0000EF00AFABB69BB60BB687B607B6883F35A
:105EB000118800BFBFF36F8F00BF00BFFB7F002BB7
:105EC00004D000210548FFF75BFF01E00EF02DFA3A
:105ED0002037BD4680BD00BFF0100020C0AC0100DF
:105EE00080B586B000AFEFF311833B613B69FB6087
:105EF0002023BB60BB6883F3128800BFBFF36F8FA2
:105F000000BFFB687B610F4B1B6823F002030D4A47
:105F100013600C4B1B6803F00103002B01D10EF042
:105F20000BFA7B697B607B683B603B6883F311887D
:105F300000BFBFF36F8F00BF00BF00BF1837BD4663
:105F400080BD00BFF010002080B588B000AF786041
:105F5000396007F10C03FB6007F10C033B61002380
:105F60007B610123BB6107F10C030D4A3968786836
:105F70000EF04DFAF861FB69002B01DAF96909E0CE
:105F800043F609524FF0000307F10C0108460DF0EB
:105F900096FF01460B4618462037BD4680BD00BF20
:105FA0003744010080B485B000AF7860074BFB60D8
:105FB000FB687A68D31A9B10054A02FB03F3BB60A7
:105FC000BB6818461437BD4680BC7047F4100020EB
:105FD000B76DDBB680B584B000AF786039607868A3
:105FE000FFF7E0FF03464022194606480EF0ABF9E2
:105FF000F8603B68F9687868984700BF1037BD467D
:1060000080BD00BFC0AC010080B586B002AF786033
:1060100039607868FFF7C6FF0146402300933B686C
:10602000074A08480EF0C5F9F860FB68002B03DA50
:106030003B68F9687868984700BF1037BD4680BD57
:1060400055440100C0AC010080B58AB000AF0346E2
:10605000FB71FB79012B0AD14F4B1B78012B06D129
:106060004E480EF00CF80346012B00F0918012F020
:106070001DFD0346002B04D1FFF728FE0346002B2D
:1060800001D0012300E0002387F8273097F827305C
:1060900003F0010387F8273097F82730002B0FD043
:1060A000EFF31183FB61FB69BB6120237B617B699B
:1060B00083F3128800BFBFF36F8F00BFBB6900E09E
:1060C00000233B6297F8273083F00103DBB2002BFB
:1060D00033D0042131480DF02DFF2EE097F8273002
:1060E000002B04D03B6A18460DF0D0FE02E00120E0
:1060F0000DF069FE284B1B78012B1ED127480DF0AF
:10610000B1FF0346002B18D14FF4847123480DF0E2
:1061100044FF0346002B10D04FF484711F480DF04C
:1061200027FF01211D480DF08EFF40F20510FFF7FB
:10613000AFFD102119480DF00BFF194B1B7807F12B
:106140000B02114618460DF0AAFF034683F0010327
:10615000DBB2002BC2D1FA7A0F4B1B789A4202D0E5
:10616000FB79012BBAD197F82730002B0BD03B6A73
:106170003B613B69FB60FB6883F3118800BFBFF3A1
:106180006F8F00BF05E0042104480DF0C5FE00E05C
:1061900000BF2837BD4680BDB8D7010000E01050D1
:1061A000B9D7010080B584B000AF0346FB7101216F
:1061B00011480DF0D0FD0346002B0CD101210F48F2
:1061C0000DF0D0FFF8600E480DF094FE0D49F86810
:1061D0000BF04EFDB860FB79002B09D0002B08DBDB
:1061E000013B012B05D8FB791846FFF72DFF00E096
:1061F00000BF1037BD4680BD44110020C0AC010077
:106200004C1100204811002080B584B000AF034637
:10621000FB71124BFB60FB79062B1AD801A252F8D6
:1062200023F000BF53620000536200004962000087
:10623000536200004162000053620000536200009C
:10624000F8680EF01FF905E00121F868FFF798FDE6
:1062500000E000BF00BF1037BD4680BDC0AC0100EC
:1062600080B586B000AF78600022012140F20510B1
:106270000DF008F9194800F0E3FF0346002B02D0A7
:106280006FF0040326E00EF014F901F087F8002304
:10629000FB751BE0FB7D194678680DF038FF38610F
:1062A000FB7D194678680DF05DFF03460C491846E2
:1062B0000BF038FBF860FB68002B01DAFB6809E0A3
:1062C0003B6901229A60FB7D0133FB75FB7D012B4D
:1062D000E0D9002318461837BD4680BD096200008A
:1062E0000CD3010080B582B000AF7860124B184625
:1062F0000EF013F90346002B01DA796817E07B688A
:106300000A2B04D10C4B0D2118460EF0F7F80A4A5F
:106310007B68DBB2194610460EF0F0F806494FF0E4
:1063200020024FF0000308460EF001F979680B4691
:1063300018460837BD4680BD30AD010080B500AFBE
:106340000348FFF77FFB0248FBF79AFF00BF80BDC1
:10635000E562000080B500AF084B18460EF0AFF8BC
:10636000034683F00103DBB2002B02D06FF012036F
:1063700002E0FFF7E3FF0023184680BD30AD0100C7
:1063800080B584B000AF78600023FB6078680EF0C1
:10639000A1FA0346022B0CD0022B0CD8002B02D002
:1063A000012B03D007E0064BFB6004E0054BFB60CC
:1063B00001E0054BFB60FB6818461037BD4680BD09
:1063C00000A0105000820D500004055080B485B02C
:1063D00000AF78600023FB607B68022B02D10A4B80
:1063E000FB600AE07B68012B02D1084BFB6004E0F4
:1063F0007B68002B01D1064BFB60FB681846143705
:10640000BD4680BC704700BFDCAC0100F8AC0100A9
:1064100014AD010080B584B000AF786078680EF0EC
:1064200028FBF860F8680EF02FFB034683F00103A9
:10643000DBB2002B27D1FB689B68184611F03FF9AF
:106440000346002B21D1FB689B680021184611F000
:1064500026F9B860BB68002B02D06FF004031AE085
:10646000FB689B6800220E49184611F0F9F80022DB
:106470000121DB200DF006F80022012140F20D1071
:106480000DF000F802E000BF00E000BF05497868A9
:106490000EF033FA034618461037BD4680BD00BFE4
:1064A0000F5101007F51010080B584B000AF7860CA
:1064B0000023FB6078680EF010FF0346022B0CD01F
:1064C000022B0CD8002B02D0012B03D007E0064B87
:1064D000FB6004E0054BFB6001E0054BFB60FB68E3
:1064E00018461037BD4680BD00A0105000820D50E8
:1064F0000004055080B586B000AF786008461146AC
:106500001A460346FB700B46BB7013467B703B1D5F
:106510001846FFF7C9FF78617A687B69203253F823
:1065200022303B61114BFB60FB68DB433A6913404F
:106530003B61FA78BB785B001A437B789B001A4377
:1065400097F820301B021A4397F824301B0413439A
:106550003A6913433B617A687B692032396943F8B1
:10656000221000BF1837BD4680BD00BF0F0F0300CB
:1065700080B58CB002AFF8600B467A60FB720023E6
:1065800087F82730E2E197F827309B00FA68134438
:106590001B68DB0ADBB203F00F037B7697F827302A
:1065A0009B00FA6813441B68C3F308033B624FF077
:1065B000FF33FB617B7E082B09D87B7EB14AD35C1D
:1065C0003B763B6A40F2FF12934206D102E06FF045
:1065D0001503C2E14FF0FF333B6297F827309B0071
:1065E000FA6813441B681B0E4E2B00F2488101A26F
:1065F00052F823F031670000476700005967000038
:106600006F6700008167000097670000AD670000BA
:106610007F6800007F6800007F6800007F680000DE
:106620007F6800007F6800007F6800007F680000CE
:106630007F6800007F6800007F6800007F680000BE
:106640007F6800007F6800007F680000D567000059
:10665000FB67000021680000476800007F680000B9
:106660007F6800007F6800007F6800007F6800008E
:106670007F6800007F6800007F6800007F6800007E
:106680007F6800007F6800007F6800007F6800006E
:106690007F6800007F6800007F6800007F6800005E
:1066A0007F6800007F6800007F6800007F6800004E
:1066B0007F6800007F6800007F6800007F6800003E
:1066C0007F6800007F6800007F6800007F6800002E
:1066D0007F6800006D6800007F6800007F68000030
:1066E0007F6800007F6800007F6800007F6800000E
:1066F0007F6800007F6800007F6800007F680000FE
:106700007F6800007F6800007F6800007F680000ED
:106710007F6800007F6800007F6800007F680000DD
:106720007F6800007F6800007F680000BF6700008E
:106730007B683A6AC3F804260123FB610123FB76D8
:106740000123BB76A0E07B683A6AC3F80C260023DD
:10675000FB760023BB7697E07B683A6AC3F8102685
:106760000123FB610123FB760123BB768CE07B6870
:106770003A6AC3F808260023FB760023BB7683E041
:106780007B683A6AC3F800260023FB610123FB768D
:106790000023BB7678E07B683A6AC3F804260023BE
:1067A000FB610123FB760123BB766DE07B683A6ACF
:1067B000C3F808260023FB760023BB7664E07B68E1
:1067C0003A6AC3F810260123FB610123FB760123FB
:1067D000BB7659E07B683A6AC3F8602597F82730A2
:1067E0009B00FA6813441B681B0C03F00103FB6158
:1067F0000123FB760123BB7646E07B683A6AC3F847
:10680000642597F827309B00FA6813441B681B0C1B
:1068100003F00103FB610123FB760123BB7633E028
:106820007B683A6AC3F8682597F827309B00FA68B6
:1068300013441B681B0C03F00103FB610123FB766F
:106840000123BB7620E07B683A6AC3F86C2597F891
:1068500027309B00FA6813441B681B0C03F00103EC
:10686000FB610123FB760123BB760DE00421386A2E
:106870000EF013FD0123FB760123BB7604E06FF0DD
:1068800085036AE054D301003B6AB3F1FF3F58D05F
:106890003B6A7B617B699BB2002118460EF030FD9C
:1068A000FB69B3F1FF3F03D0F96978690EF0C8FCCA
:1068B00097F827309B00FA6813441B6803F40043E1
:1068C000002B03D00023FB760123BB7697F82730FB
:1068D0009B00FA6813441B685B0ADBB203F00303F6
:1068E000D8B2BA7EF97E002301933B7E0093034623
:1068F0007869FFF7FFFD97F827309B00FA6813448B
:106900001B6803F40043002B0CD07B699BB2012170
:1069100018460EF0F5FC7B699BB2002118460EF07C
:10692000FCFC0EE07B6998B297F827309B00FA6870
:1069300013441B685B0C03F00103DBB219460EF035
:10694000ECFC97F82730013387F8273097F8272099
:10695000FB7A9A42FFF417AE002318462837BD464B
:1069600080BD00BF80B500AF0EF0E4FC0346002BF5
:1069700001D000230CE0074B1B78002B14BF012330
:106980000023DBB283F00103DBB203F00103DBB2CF
:10699000184680BD6B15002080B586B000AF7860CA
:1069A0000B46FB707B685B687B617B69DB68012160
:1069B00018460EF0DBFC78680EF0B4FE38617B6997
:1069C0005B69194638690EF043FE7B691833194636
:1069D00038690EF01AFE78680FF067F8F860FB6807
:1069E000002B01D0FB6804E0044978680EF06AFDD2
:1069F000034618461837BD4680BD00BF7D5A0100CA
:106A000080B582B000AF0346FB71FB79194603489D
:106A10000FF0FAF800BF0837BD4680BD00200E50C9
:106A20002DE9B04386B000AFF860C7E9002300202D
:106A30000FF01AF91D4BD3E90023D7E900010FF03D
:106A4000F4F84FF000024FF00003420942EAC1623D
:106A50004B0913467B617B6900221C4615464FF0AB
:106A600000024FF000036B0143EAD46362010F4957
:106A7000D1E9000112EB000843EB01090B4BC3E91C
:106A800000890B49D7E90023C1E9002309494FF0E8
:106A900000024FF00003C1E900237B6918460FF0A4
:106AA0008EF800BF1837BD46BDE8B083480D002002
:106AB000600D0020500D002080B500AF0FF0CBF826
:106AC0000B4BD3E900230FF0B0F802460B460949FF
:106AD000C1E90023074BD3E900014FF000024FF05A
:106AE0000003420942EAC1624B091346184680BDC1
:106AF000480D0020500D0020B0B582B000AF00223C
:106B00000121E4200CF0BEFC0020FFF779FF0020FB
:106B100001F00CFC78607B68002B01DA7B682BE0CD
:106B20001749012001F0D8FC78607B68002B01DA5E
:106B30007B6821E00FF08FF802460B4622F01F041D
:106B40001D46104BC3E900450E4BD3E900230E4907
:106B5000C1E900230D494FF0FF324FF0FF33C1E987
:106B600000230B4B1B7A00220A49184601F0A2FBB6
:106B7000094B67221A60002318460837BD46B0BD8E
:106B8000EC060020480D0020680D0020600D00205C
:106B9000E4060020216A00008411002080B500AFC7
:106BA000034B1B781846FFF7FDFA0023184680BDFB
:106BB000BAD701002DE9B04F94B002AFF8610B468F
:106BC000FB76FB691E2BD4BF0123002387F84230DC
:106BD000474B1B7AFB6301200FF046F8454BD3E986
:106BE0000001454BD3E90023994208BF904225D1CB
:106BF000FB69B3F1806F21D2FB695B017B647B6C25
:106C0000002B01D101237B647B6C002298469146C6
:106C1000384BD3E9002318EB0201396149EB030338
:106C20007B61344BD7E90412C3E90012FB6BDBB282
:106C30000122796C184601F02BFD55E0FB69DA174B
:106C40001C4615464FF000024FF000036B0143EA6B
:106C5000D4636201C7E90C23002387F84330254B36
:106C6000D3E90023C7E90A23244BD3E90001244BCD
:106C7000D3E9002384183C6041EB03037B60D7E930
:106C80000034C7E90834D7E90801D7E90C2310EB31
:106C9000020A41EB030B174BC3E900AB154BD3E9D9
:106CA0000023D7E90A01904271EB030312D2D7E91E
:106CB0000A01D7E90823841ABC6061EB0303FB6077
:106CC000D7E90223C82A73F10003B4BF01230023CC
:106CD00087F84330FB6BD8B2064BD3E9002397F813
:106CE0004310009101F08CFC4837BD46BDE8B08FE1
:106CF000E4060020580D0020600D0020480D002003
:106D0000500D002080B483B000AF0E4B1B687B6039
:106D10000D4B1B683B607B681C2B0CD13B68012B27
:106D200003D03B68022B02D003E0012304E00023E0
:106D300002E0002300E0002318460C37BD4680BC6B
:106D4000704700BF40C3FF0044C3FF0080B483B05E
:106D500000AF0E4B1B687B600D4B1B683B607B6874
:106D60001C2B0CD13B68012B03D03B68022B02D0BB
:106D700003E0012304E0002302E0002300E00023FD
:106D800018460C37BD4680BC704700BF40C3FF00AB
:106D900044C3FF0080B483B000AF0E4B1B687B6020
:106DA0000D4B1B683B607B681C2B0CD13B68012B97
:106DB00003D03B68022B02D003E0012304E001234F
:106DC00002E0012300E0002318460C37BD4680BCDA
:106DD000704700BF40C3FF0044C3FF0080B483B0CE
:106DE00000AF0E4B1B687B600D4B1B683B607B68E4
:106DF0001C2B0CD13B68012B03D03B68022B02D02B
:106E000003E0012304E0002302E0002300E000236C
:106E100018460C37BD4680BC704700BF40C3FF001A
:106E200044C3FF0080B483B000AF78607B681B6808
:106E300003F00203002B12D07B681B6803F00103F0
:106E4000002B13D00C4B0922C3F80C250A4B0F2240
:106E5000C3F80425084B01221A6000BFFDE77B68D8
:106E6000064A1A607B68064A1A6000E000BF0C37C9
:106E7000BD4680BC704700BF00801050F000FA5043
:106E80000100FA5080B483B000AF78607B681B6863
:106E900003F00203002B12D07B681B6803F0010390
:106EA000002B13D00C4B0922C3F80C250A4B0F22E0
:106EB000C3F80425084B01221A6000BFFDE77B6878
:106EC000064A1A607B68064A1A6000E000BF0C3769
:106ED000BD4680BC704700BF00801050F000FA50E3
:106EE0000100FA5080B500AF0848FFF79BFF084843
:106EF000FFF798FF0748FFF7C5FF0748FFF7C2FFF6
:106F00000648FFF78FFF00BF80BD00BF00C50D50D2
:106F100008C50D5010C50D5018C50D5000C70D50B7
:106F200080B582B000AF4A4B0122C3F80028FFF7BA
:106F300031FF0346002B02D0464B01221A60FFF7B7
:106F4000D1FF454BD3F88C30434A43F44063C2F839
:106F50008C300EF0BCFE00237B6000237B600FE0D2
:106F60003E4A3E497B68803351F8333019467B688E
:106F70008033DB0013445B680B607B6801337B600C
:106F80007B683F2B0ED8354A7B68803352F833300C
:106F9000B3F1FF3F06D0314A7B68803352F833307B
:106FA000002BDDD12E4B1B68002B02D12C4BC822AD
:106FB0001A60FFF7CBFE0346002B07D0294B1B6856
:106FC000294A934202D8294B294A1A60FFF706FF43
:106FD0000346002B02D0274B274A1A60FFF792FE88
:106FE0000346002B08D0254B34221A60244B1B6823
:106FF000234A23F400231360224BD3F8003603F016
:107000000103002B04D01F4B6FF00102C3F80026D0
:107010001D4BD3F818351C4A23F00303C2F818356A
:10702000194BD3F81835184A43F00303C2F8183542
:10703000094BD3F88C30084A43F44063C2F88C30D3
:10704000114B0022C3F8A02500BF0837BD4680BD04
:10705000000012500C34055000ED00E000C0FF00AD
:107060004004125034C3FF00001D0A18400612509D
:1070700040E0A91EACA7085078000A04240612506C
:107080003C06125000E0105000B0045080B483B0B1
:1070900000AF78607B685B42162B6FDC002B39DA1F
:1070A0008BE0743B182B00F2888001A252F823F089
:1070B000A3710000BB710000BB7100009B71000058
:1070C000B7710000BB710000BB710000BB71000014
:1070D000BB710000BB710000BB710000BB71000000
:1070E000BB710000BB710000BB710000BB710000F0
:1070F000BB710000BB71000093710000BB71000008
:10710000BB710000BB710000BB710000BB710000CF
:107110008B710000162B50D801A252F823F000BF4B
:1071200087710000A7710000BB710000BB710000F7
:10713000BB710000BB710000BB7100009F710000BB
:10714000BB710000BB710000BB710000BB7100008F
:107150008F710000AF710000AB710000BB710000C7
:10716000B3710000BB710000BB710000BB71000077
:10717000BB710000BB710000977100008C2B1CDC00
:10718000742B8EDA19E0104B18E0104B16E0104B00
:1071900014E0104B12E0104B10E0104B0EE0104BBF
:1071A0000CE0104B0AE0104B08E0104B06E0104BCF
:1071B00004E0104B02E0104B00E0104B18460C3777
:1071C000BD4680BC704700BF50C6010054C60100D8
:1071D00058C601005CC6010060C6010064C601001B
:1071E00068C601006CC6010070C6010074C60100CB
:1071F00078C601007CC6010080C6010084C601007B
:1072000080B582B000AF0346FB71044B1B68FA796E
:107210001046984700BF0837BD4680BD8C1100203E
:1072200080B582B000AF0346FB71044B1B68FA794E
:107230001046984700BF0837BD4680BD8C1100201E
:1072400090B591B006AF786000237B624D4B1B79FF
:10725000002B25D00023022B1FD90123FB74FB7CBC
:1072600083F00103DBB2002B17D1474B1C686FF092
:107270007700FFF70BFF03460493444B0393444B03
:10728000029300230193002300930023032221464D
:1072900000200EF0D8FD0023FB606FF077036CE058
:1072A000384A7B681360374B01221A71354B1B68D3
:1072B000002B01D0374B00E00023184600F004FB00
:1072C00078627B6A002B23D00023022B1ED9012376
:1072D000FB76FB7E83F00103DBB2002B16D12A4B39
:1072E0001C68786AFFF7D2FE03460493274B03938A
:1072F000274B0293002301930023009300230322D2
:10730000214600200EF09FFD00237B617B6A34E064
:107310001C4B1B68002B01D01F4B00E000231846BC
:1073200000F0D2F878627B6A002B25D00023022B74
:1073300020D9012387F8233097F8233083F0010305
:10734000DBB2002B16D1104B1C68786AFFF79EFE4B
:10735000034604930D4B03930D4B029300230193BB
:107360000023009300230322214600200EF06BFD32
:107370000023FB617B6A00E0002318462C37BD46E2
:1073800090BD00BF8C11002088110020B0D30100F7
:107390008CC60100017200002172000080B586B029
:1073A00004AF124B1B68002B01D00EF033FD0023FD
:1073B000022B17D90123FB71FB7983F00103DBB2A8
:1073C000002B0FD10A4B19680A4B0293002301933B
:1073D000002300930023032200200EF034FD00233D
:1073E0003B6000BF00BF0837BD4680BD8C11002048
:1073F00088110020ACC6010080B582B000AF786073
:107400007A68002103480EF010FE0346184608373C
:10741000BD4680BD00E0105080B588B004AF0421A7
:1074200026480EF08BFD142124480EF0A1FD4FF4E8
:10743000847122480EF0ACFD0023FB7342F21073FE
:10744000BB600020FFF7D8FF034683F00103DBB2E7
:10745000002B02D00123FB7308E001200EF053FC47
:10746000BB68013BBB60BB68002BEAD1FB7B83F0B0
:107470000103DBB2002B1CD00023002B19D0012309
:10748000FB71FB7983F00103DBB2002B11D10C4BB4
:107490001968002303930B4B0293002301930023ED
:1074A00000930023012200200EF024FE00233B6005
:1074B000FFE700BF1037BD4680BD00BF00E01050A1
:1074C00094110020E0C6010090B58BB006AF786043
:1074D0001D4B1B79002B25D00023022B1FD9012324
:1074E000FB73FB7B83F00103DBB2002B17D1174B3F
:1074F0001C686FF07700FFF7C9FD03460493144B37
:107500000393144B02930023019300230093002361
:107510000322214600200EF0EDFD0023BB606FF03A
:1075200077030DE0084A7B681360074B01221A714C
:107530000EF0FEFD0346194607480EF0BCFD002381
:1075400018461437BD4690BD9811002094110020B4
:10755000C0D3010004C7010000E0105080B582B024
:1075600000AFFB1D1A46002133480EF05EFD0346B6
:10757000002B04D0FB1D18460EF0E1FD31E0002188
:107580002D480EF02AFD0346002B26D02A480EF087
:10759000A1FD0346FB71FB1D18460EF0D0FD03460E
:1075A000002B1ED0254B1B68002B04D00421224841
:1075B0000EF0B6FC3DE000BF4FF484711E480EF0A3
:1075C000FCFC034683F00103DBB2002BF4D14FF443
:1075D000847119480EF0DCFC2BE00EF0A9FD034687
:1075E000FB71FB79194614480EF065FD4FF4847168
:1075F00011480EF0CDFC10210F480EF0B9FC0F4BD6
:107600001B68002B04D004210B480EF089FC10E00D
:1076100000BF4FF4847108480EF0CFFC034683F09E
:107620000103DBB2002BF4D14FF4847102480EF059
:10763000AFFC0837BD4680BD00E010509811002017
:1076400080B58EB006AF43480EF086FC034603F0CB
:107650000C03FB6175E0FB69B3FA83F3C3F11F030D
:107660007B6101227B6902FA03F3FB747B699BB2A5
:107670009B009BB203F580733B827B69FB73012304
:10768000FB763B8A194633480EF082FCFB7C194698
:1076900030480EF053FC0023032B24D90123BB7385
:1076A000BB7B83F00103DBB2002B1CD12A4B196892
:1076B000FB7B022B06D0FB7B032B01D1274B02E087
:1076C000274B00E0274B0493274B0393274B029350
:1076D00008230193002300930023042200200EF0CE
:1076E00009FD0023BB60FB7C042B18D1FB1D1A464F
:1076F000002118480EF099FCFB79002B11D10121D3
:1077000014480EF0D8FCFB7C194612480EF008FC19
:10771000102110480EF02CFC0023FB7601E000BF86
:1077200000E000BFFB7E002B04D0114B1B68FA7BEE
:107730001046984707480EF00FFC034603F00C0371
:10774000FB61FB69002B86D100BF00BF2037BD461F
:1077500080BD00BF00E010509411002034C701002C
:1077600040C7010048C70100D8D3010058C7010035
:107770009811002080B483B000AF0E4B1B687B6073
:107780000D4B1B683B607B681C2B0CD13B68012BAD
:1077900003D03B68022B02D003E0012304E0012365
:1077A00002E0012300E0002318460C37BD4680BCF0
:1077B000704700BF40C3FF0044C3FF0080B584B0E2
:1077C00000AF78607A6801210A480EF066FD034632
:1077D000FB73FB7B002B05D07B681B78002B01D152
:1077E000012300E0002303F00103DBB21846103749
:1077F000BD4680BD00E0105080B58AB004AF712155
:107800002D480EF0FBFC04212B480EF011FD4FF427
:10781000807129480EF01CFDFFF7ACFF0346002BDA
:1078200003D00C2124480EF003FD0023FB7100233C
:10783000FB7542F210733B61FB1D1846FFF7BEFF5C
:10784000034683F00103DBB2002B02D00123FB755A
:1078500008E001200EF057FA3B69013B3B613B69B0
:10786000002BE9D1FB7D83F00103DBB2002B1AD0A2
:107870000023002B1BD00123FB73FB7B83F0010350
:10788000DBB2002B13D10D4B19680D4B0293002373
:107890000193002300930023012200200EF043FDFA
:1078A0000023BB6003E0074B00225A71FFE700BFD3
:1078B0001837BD4680BD00BF00E01050A011002069
:1078C00068C70100A411002090B58BB006AF7860A6
:1078D0001A4B1B79002B25D00023022B1FD9012323
:1078E000FB73FB7B83F00103DBB2002B17D1144B3E
:1078F0001C686FF07700FFF7C9FB03460493114B38
:107900000393114B02930023019300230093002360
:107910000322214600200EF006FD0023BB606FF01D
:10792000770306E0054A7B681360044B01221A7155
:10793000002318461437BD4690BD00BFA411002097
:10794000A0110020F8D3010084C7010080B500AF6A
:107950004FF488711D480EF07BFC4FF48C711B486E
:107960000EF076FC4FF48A7118480EF071FCFFF7A8
:1079700001FF0346002B03D0082114480EF058FCE9
:107980004FF4807111480EF063FC00210F480EF097
:107990004FFC0F4B1B68002B04D071210B480EF0DD
:1079A0001FFC10E000BF4FF4807108480EF065FC2A
:1079B000034683F00103DBB2002BF4D14FF4807156
:1079C00002480EF045FC00BF80BD00BF00E0105033
:1079D000A411002080B58CB006AF4B480EF01CFC03
:1079E000034603F071037B6184E07B69B3FA83F3A0
:1079F000C3F11F033B6101223B6902FA03F3FB73EE
:107A00003B699BB29B009BB203F58073BB813B69D2
:107A1000FB72BB8919463C480EF01AFCFB7B1946E9
:107A200039480EF0EBFB0023032B33D90123BB7243
:107A3000BB7A83F00103DBB2002B2BD1334B1968E7
:107A4000FB7A002B15D0FB7A012B10D0FB7A042B8C
:107A50000BD0FB7A052B06D0FB7A062B01D12C4BE1
:107A600008E02C4B06E02C4B04E02C4B02E02C4BA6
:107A700000E02C4B04932C4B03932C4B02930823D4
:107A80000193002300930023042200200EF04BFCFE
:107A900000237B60FB7B402B17D0402B19DC202B75
:107AA00019D0202B15DC012B17D0102B00D010E0A3
:107AB0001F4B02225A714FF48A7113480EF0C8FB13
:107AC000202111480EF08CFB08E0194B00225A715E
:107AD00004E000BF02E000BF00E000BF144B1B68E1
:107AE000FA7A1046984708480EF096FB034603F0D2
:107AF00071037B617B69002B7FF477AF00BF00BF10
:107B00001837BD4680BD00BF00E01050A011002016
:107B1000B4C70100C4C70100CCC70100DCC7010025
:107B2000E8C70100F4C701000CD4010000C801003F
:107B3000A411002080B485B000AFF860B9607A600D
:107B4000FB70FB68BA6802F5A27253F82220154B4D
:107B50001340FA68B96801F5A27142F82130FB6858
:107B6000BA6802F5A27253F822207B68190141F627
:107B7000F0730B40F978090401F4403119433B7E5E
:107B80001B0503F480130B4342EA0301FB68BA6848
:107B900002F5A27243F8221000BF1437BD4680BC24
:107BA000704700BF0FE0ECFF80B586B000AFF86013
:107BB000B96011461A460B46FB711346BB71002390
:107BC0007B610DE07B69DBB218460EF0F5FC0346E5
:107BD0001A46B968F8680EF0BDFD7B6901337B6118
:107BE0007A693B6A9A42EDD34FF4A272B968F86899
:107BF0000EF0B0FDFB680D4A934201D1DB2301E09A
:107C000040F20D137B82B7F9123018460BF020FCBE
:107C1000BB79002B03D0B968F8680EF012FC0EF0A7
:107C2000B1FB00BF1837BD4680BD00BF00A00D509E
:107C300080B584B000AF78600023FB6078680EF0F8
:107C4000F2FE0346022B0CD0022B0CD8002B02D0E4
:107C5000012B03D007E0064BFB6004E0054BFB6003
:107C600001E0054BFB60FB6818461037BD4680BD40
:107C700000A0105000820D500004055080B586B061
:107C800000AF7860084611461A460346FB700B4663
:107C9000BB7013467B703B1D1846FFF7C9FF786128
:107CA0007A687B69203253F822303B61114BFB60CC
:107CB000FB68DB433A6913403B61FA78BB785B00B1
:107CC0001A437B789B001A4397F820301B021A4313
:107CD00097F824301B0413433A6913433B617A68D5
:107CE0007B692032396943F8221000BF1837BD463E
:107CF00080BD00BF0F0F030080B489B000AFF860F3
:107D0000B9607A60164A07F1100307CA83E80700D2
:107D1000FB68FB6117E0FB699B0020333B4453F891
:107D2000103C1A6A7B681A60FB699B0020333B4455
:107D300053F8103C7A6812681A627B6804337B60DF
:107D4000FB690133FB61FA68BB681344FA699A4224
:107D5000E1D300BF00BF2437BD4680BC704700BFE1
:107D600010C8010080B483B000AF78607B685B0905
:107D7000064AD25C7B68DBB203F01F03DBB213441C
:107D8000DBB218460C37BD4680BC704740D40100BA
:107D900080B483B000AF78607B689B00034A1344D3
:107DA00018460C37BD4680BC704700BFF406002063
:107DB00080B483B000AF78607B68DB00034A134473
:107DC00018460C37BD4680BC704700BF28D4010060
:107DD000B0B592B006AF78600B46FB707B68043399
:107DE000BB617B6893F875301846FFF7E1FF786157
:107DF00000237B62BB6993F87030002B26D06FF0B4
:107E000077037B620023012B1ED90123FB73FB7BCD
:107E100083F00103DBB2002B16D1424B1C68786A59
:107E2000FFF734F9034604933F4B03933F4B029310
:107E30000023019300230093002302222146002007
:107E40000EF0C0FE0023BB607B6A67E0BB691033A5
:107E500046220021184605F0B7FE4FF400333B627E
:107E60007B6818687B691B68FA7800930023396A7D
:107E7000FFF79AFEBB69012283F87020BB690122DB
:107E8000DA650023022B24D90123FB77FB7F83F0E3
:107E90000103DBB2002B1CD1224B1C687B691B68E1
:107EA0001D467B6893F875301846FFF771FF03464F
:107EB0001B68049303951E4B029300230193002338
:107EC000009300230322214600200EF07BFE0023B6
:107ED000FB620023022B20D9012387F82B3097F86F
:107EE0002B3083F00103DBB2002B16D10D4B1C6845
:107EF000786AFFF7CBF8034604930B4B03930B4BC5
:107F000002930023019300230093002303222146C0
:107F100000200EF057FE00233B617B6A1846303785
:107F2000BD46B0BDAC11002050D401001CC80100FA
:107F30003CC8010090B589B004AF78600023022BE3
:107F400020D90123FB72FB7A83F00103DBB2002B03
:107F500018D1144B1C687B6893F875301846FFF7EE
:107F600017FF03461B6803930F4B029300230193F3
:107F70000023009300230322214600200EF022FE5E
:107F80000023FB607B6893F875301846FFF700FF0D
:107F9000034618460DF0E4FE034618461437BD4666
:107FA00090BD00BFAC11002080C8010080B584B036
:107FB00000AF786039600023FB6021E0144AFB6861
:107FC00013441B781A463B46194610460EF0B8FD7E
:107FD0000346002B11D0FB689B007A6813441A46B5
:107FE0000121F8680EF08CFDFB689B007A68134451
:107FF0001B68002B01D0012306E0FB680133FB6006
:10800000FB68022BDAD9002318461037BD4680BD25
:108010003CD4010080B58CB000AFF860B9607A60E4
:1080200007F1140300221A605A609A607B685A684C
:1080300007F1140311461846FFF7B8FF0023FB624F
:1080400056E0384AFB6A13441B781A467B680433AF
:10805000194610460EF074FD0346002B45D03CE057
:10806000FB6A9B0030333B4453F81C3C93FAA3F368
:10807000B3FA83F3BB62BB6A03F01F022A49FB6AAF
:108080000B441B785B0113437B62786AFFF76AFE3F
:1080900003461A46BB68083233F812309B0803F0D7
:1080A000070387F8233007F11402FB6A9B0013448F
:1080B0001946B86A0EF062FD786A0EF00FFD0346AD
:1080C00087F8223097F8223097F82320796AB86829
:1080D0000FF079FB786A0EF026FDFB6A9B003033C7
:1080E0003B4453F81C3C002BBAD1FB6A0133FB62C2
:1080F000FB6A022BA5D900224FF40031F8680EF07C
:108100006AFA7B685A6807F1140311461846FFF7AC
:108110004DFF0346002B91D100BF00BF3037BD4655
:1081200080BD00BF3CD4010038D4010080B584B0CC
:1081300000AF78607B68002B11D00B4B43F001033C
:10814000FB600A4B1B680A4AA2FB03239A0C7B685C
:1081500002FB03F3BB60FB68B868984700E000BF10
:108160001037BD4680BD00BFF0CE0100F0060020F4
:1081700083DE1B4380B500AF02480FF064FF034667
:10818000184680BD00200E5080B483B000AF034677
:10819000FB71074B9A68FB79012101FA03F3134342
:1081A000034A936000BF0C37BD4680BC704700BFD8
:1081B0002005002080B58AB000AF78603960EFF309
:1081C0001183FB61FB69BB6120237B617B6983F3C6
:1081D000128800BFBFF36F8F00BFBB693B62184BB3
:1081E0005B681A463B6813403B603B4618460DF0FF
:1081F000B7FD78627B6A002B11DB114B5B68194677
:1082000001227B6A02FA03F3DB430B401A460C4B54
:108210005A607B6ADAB27B681A7000237B623B6A21
:108220003B613B69FB60FB6883F3118800BFBFF3D0
:108230006F8F00BF00BF7B6A18462837BD4680BDE0
:108240002005002080B582B000AF78607B681B7A83
:10825000194609480FF0E6FE7B681B681946064878
:108260000FF0FDFE7B685B68194603480FF006FFC0
:1082700000BF0837BD4680BD00200E5080B500AF5E
:1082800002480FF021FE0346184680BD00200E5024
:1082900080B582B000AF06480FF001FEC7E90001CB
:1082A000D7E90023104619460837BD4680BD00BFF8
:1082B00000200E5080B586B000AF0346B9607A60EA
:1082C000FB73FB7B174A134493F85430FB75FA7D1C
:1082D000144913465B0013449B000B440C33BA68EB
:1082E0001A60FA7D0F4913465B0013449B000B4450
:1082F00010337A681A60FA7D0A4913465B0013440A
:108300009B000B441433FA7B1A70FB7B012202FAA8
:1083100003F3194604480FF054FE00BF1837BD465A
:1083200080BD00BF2005002000200E5090B593B006
:1083300006AF0346FB710023FB62604B1B78002BEA
:1083400026D06FF07703FB620023012B1ED9012397
:10835000FB76FB7E83F00103DBB2002B16D1584B7A
:108360001C68F86AFEF792FE03460493554B03938C
:10837000554B029300230193002300930023022214
:10838000214600200FF0BEFE00237B61FB6A90E0D7
:108390004E4A07F1080307CA83E8070000214C484A
:1083A0000FF02FFE07F108031846FFF74BFF672079
:1083B0000FF0C6FE0346052B28D06FF08B03FB623F
:1083C0000023012B20D9012387F8223097F822308F
:1083D00083F00103DBB2002B16D1394B1C68F86A1D
:1083E000FEF754FE03460493364B0393364B029339
:1083F0000023019300230093002302222146002042
:108400000FF080FE0023FB61FB6A52E0002387F837
:108410002B3020E097F82B3018460FF0ACFE0346C7
:1084200087F8233097F82B20244913465B00134428
:108430009B000B44143397F823201A7097F82330CD
:108440001E4A134497F82B2083F8542097F82B30BA
:10845000013387F82B3097F82B30042BDAD9FA79CF
:10846000002367211A480FF070FC012118480FF013
:108470009EFC124B01221A700023022B18D90123F3
:1084800087F82A3097F82A3083F00103DBB2002BFB
:108490000ED10B4B19680F4B02930023019300235D
:1084A00000930023032200200FF02CFE00237B62A8
:1084B000FB6A18463437BD4690BD00BF200500203A
:1084C000B01100205CD40100A0C80100D4C8010094
:1084D00000200E50C0C8010090B58FB006AF034613
:1084E0003960FB71FFF746FE0346002B26D06FF084
:1084F00077033B610023012B1ED90123FB73FB7B18
:1085000083F00103DBB2002B16D1364B1C683869AF
:10851000FEF7BCFD03460493334B0393334B0293A6
:108520000023019300230093002302222146002010
:108530000FF0E8FD0023BB603B694EE0FB79194674
:108540002B480FF070FC2B4B1B682B4AA2FB03231C
:108550009A0C13465B011344FB6102E0FB69013B8B
:10856000FB61FB69002B07D0FFF788FE034683F011
:108570000103DBB2002BF1D1FB69002B02D16FF0BC
:1085800073032AE00023022B16D90123FB76FB7E1E
:1085900083F00103DBB2002B0ED1124B1968174B8D
:1085A0000293002301930023009300230322002061
:1085B0000FF0A8FD00237B614FF0FF313868FFF713
:1085C000F9FD38613B69002B01DA3B6905E03B6846
:1085D0001B781846FFF7D8FD002318462437BD4600
:1085E00090BD00BFB01100206CD40100A0C80100F4
:1085F00000200E50F006002083DE1B43E0C801007F
:1086000080B586B000AF0146C7E900230B46FB7377
:10861000FB7B1D4A134493F854301B4A0C33DB0098
:10862000D118D7E90023C1E9002397F82030002BA7
:108630001FD0F97BD7E9002314480FF080FCFB7BA7
:10864000194612480FF04CFC0346002B17D0FFF7D9
:108650001FFEC7E90401D7E90023D7E904019042CE
:1086600071EB03030BD2FB7B194608480FF052FC59
:1086700005E0F97BD7E9002304480FF060FC00BF58
:108680001837BD4680BD00BF2005002000200E50D9
:108690002DE9B04382B000AF03463960FB71134649
:1086A000BB71FB79144A134493F85430124A0C33CB
:1086B000DB001344D3E90023396800200C4605464B
:1086C000F9790D48014491F8541012EB040843EB7A
:1086D0000509094A01F10C03DB001344C3E90089D1
:1086E000BB79F9793A6805480FF055FC00BF0837A7
:1086F000BD46BDE8B08300BF2005002000200E501D
:1087000090B589B002AF4F480FF06AFC786190E0F5
:108710007B6993FAA3F3B3FA83F3FB71FB7901222C
:1087200002FA03F3DB437A6913407B61FB79464A23
:10873000134493F854303B6043493A6813465B0056
:1087400013449B000B440C331B68002B56D0FB7961
:10875000012202FA03F3DB4319463C480FF0F9F813
:1087600003461A46FB7922FA03F303F00103002BB8
:1087700007D0FB79194633480FF0F5FBC7E9020132
:1087800008E0314A3B680C33DB001344D3E9002393
:10879000C7E90223FB799BB29B009BB203F5807370
:1087A0009BB2194627480FF0CBF9034683F001032B
:1087B000DBB2002B3CD1FB799BB29B009BB203F553
:1087C00080739BB219461F480FF0CAF91E493A68D8
:1087D00013465B0013449B000B440C331968F87973
:1087E000194C3A6813465B0013449B002344103332
:1087F0001B680093D7E9022388471AE0FB799BB2F4
:108800009B009BB203F580739BB219460D480FF095
:1088100097F90346002B0CD0FB799BB29B009BB2CF
:1088200003F580739BB2194606480FF099F900E0F2
:1088300000BF7B69002B7FF46BAF00BF00BF1C370C
:10884000BD4690BD00200E5020050020A805002048
:1088500080B584B000AF03463960FB71FB793B7390
:108860003B68DBB27B7307F10C03194603480FF03A
:10887000E3FC00BF1037BD4680BD00BF00B0045010
:1088800080B582B000AF254B3B60A822002138683C
:1088900005F09AF93B6803221A613B6803225A618A
:1088A0003B681F4A9A613B681E4ADA613B684FF495
:1088B00080621A623B6800229A623B6800225A6218
:1088C0003B680022DA623B68154A1A663B68164A22
:1088D0005A663B6810229A663B6800221A673B681A
:1088E0000022DA663B6800225A6700237B600CE0B6
:1088F0007B68C3F10F030D4AD15C3A687B6813446F
:108900000A461A707B6801337B607B680F2BEFD9B6
:1089100000BF00BF0837BD4680BD00BF600000201B
:10892000FCCA0100080100200805002088D40100CD
:1089300080B58CB000AFF860B9607A60BB68FB624C
:10894000FB685A1C13465B001344DB00354A134492
:10895000BB62BB6A1B697B62BB6ADB683B62BB6A4A
:108960005A683B6A1344FB617A6A3B6A9A423ED872
:10897000BB6A9A683B6AD31A013BBB61BA697B68E0
:108980009A420BD37A68F96AF869F7F779FD3A6A7F
:108990007B681A44BB6ADA6001233EE0BA697B6AED
:1089A0001344BB61BA697B689A4235D3BB6A9A6843
:1089B0003B6AD31A7B617A69F96AF869F7F760FD57
:1089C0007A687B69D31A7B607B68002B0AD0BB6A0C
:1089D0005B68FB61FA6A7B6913447A681946F86937
:1089E000F7F74EFDBB6A7A68DA60012315E07A6A10
:1089F0003B6AD31A013BBB61BA697B689A420BD3CD
:108A00007A68F96AF869F7F73BFD3A6A7B681A44B5
:108A1000BB6ADA60012300E0002318463037BD4608
:108A200080BD00BF6000002080B485B000AF7860DA
:108A30007B685A1C13465B001344DB00074A13444F
:108A4000FB60FB681B69BB60FB68DA68BB68D31A14
:108A500018461437BD4680BC704700BF6000002038
:108A600080B584B000AF124B7B600023BB60002355
:108A7000FB6011E07A68FB6813441B78DAB2FB688C
:108A8000C3F10F030B49CB5C9A4202D00123BB60B8
:108A900005E0FB680133FB60FB680F2BEAD9BB687C
:108AA000002B01D0FFF7ECFE00BF1037BD4680BDA4
:108AB0006000002088D4010080B588B004AF7860E1
:108AC00039600FF0B3FC0323002B16D00123FB7396
:108AD000FB7B83F00103DBB2002B0ED1084B19683E
:108AE000084B0293002301930023009300230122EB
:108AF00000200FF07DFC0023BB6078680FF0A7FC1E
:108B0000FC06002008CB010080B584B000AF78607F
:108B10007B68002B04D078680FF0D9FF034600E093
:108B20000023FB60FB68002B03D0FB681B78002B45
:108B300001D1034BFB60FB6818461037BD4680BD72
:108B400018CB010080B483B000AF78607B68042B41
:108B500016D801A252F823F06D8B0000718B000033
:108B6000758B0000798B00007D8B0000074B08E0BF
:108B7000074B06E0074B04E0074B02E0074B00E021
:108B8000074B18460C37BD4680BC704720CB010010
:108B900030CB010044CB010054CB010060CB01007D
:108BA00070CB010090B599B006AF78603960EFF3F3
:108BB00011837B627B6A3B622023FB61FB6983F349
:108BC000128800BFBFF36F8F00BF3B6ABB634F4B80
:108BD0009B683B640323002B23D0012387F83F309D
:108BE00097F83F3083F00103DBB2002B19D1484BDB
:108BF0001C687868FFF7A6FF0346444A127C05927A
:108C000004937B680393434B029300230193002357
:108C1000009300230122214600200FF0E9FB0023EE
:108C20007B643B68002B28D03B68BB61BB69DB6978
:108C3000C3F30803002B14BF01230023DBB2002B76
:108C40001BD00323002B18D0012387F8373097F867
:108C5000373083F00103DBB2002B0ED12C4B1968A7
:108C60002D4B029300230193002300930023012244
:108C700000200FF0BDFB00233B630323002B20D01B
:108C8000012387F82F3097F82F3083F00103DBB2F0
:108C9000002B16D11E4B1C68386CFFF735FF0346BE
:108CA00004933B6C03931D4B029300230193002319
:108CB000009300230122214600200FF099FB00239E
:108CC000BB623A6C396878680FF0B6FB396878682F
:108CD000FFF7F2FE3B68002B06D03B687B617B69A7
:108CE000DB69C3F30803002BBB6B3B613B69FB6093
:108CF000FB6883F3118800BFBFF36F8F00BF00BF15
:108D0000386C0FF06AFB4C37BD4690BDB4110020A3
:108D1000FC06002080CB0100A8CB0100CCCB0100D9
:108D200082B003460091ADF80630BDF90630002B45
:108D30000ADB009BDAB20C49BDF906305201D2B20F
:108D40000B4483F800230BE0009BDAB20749BDF81F
:108D5000063003F00F03043B5201D2B20B441A76E3
:108D600000BF02B0704700BF00E100E000ED00E08E
:108D700000B585B00390CDE90023039B03F11800F3
:108D8000DDE90023044902F097FD02460B46104638
:108D9000194605B05DF804FB89A50000F0B58DB05B
:108DA000304B0B9328E00B9B1E680B9B5F680B9B63
:108DB0009B6806930B9BD96807910B9B1B690B9AC9
:108DC00052690B9989690B98C0690B9C246A0B9DA9
:108DD0006D6A059504940390029101920093079B9C
:108DE000069A3946304600F003FF0B9B1B680B9A2E
:108DF0005A650B9B30330B930B9B1B4A934234BF3A
:108E000001230023DBB2002BCDD101F033FE154B43
:108E10000A9318E00A9BD3E90A23CDE90823DDE988
:108E200008234FF0FF304FF0FF318B4208BF8242E2
:108E300006D00A9B1968DDE9082308460FF03AFBC3
:108E40000A9B30330A930A9B074A934234BF01239B
:108E50000023DBB2002BDDD101F07CFE00BF0DB0A2
:108E6000F0BD00BFC4B50100C4B5010000B583B0BA
:108E70000B4B019305E001980FF003FB019B1C33A2
:108E80000193019B074A934234BF01230023DBB2C5
:108E9000002BF0D100BF00BF03B05DF804FB00BFA2
:108EA000C0AC01004CAD010000B587B003468DF8A1
:108EB00007309DF80730164A52F82330059319E021
:108EC000059B5B68049300230393049B002B0AD04B
:108ED000049B1B7E03F00103002B08D104980FF0C4
:108EE00027FA039003E0059B1B6898470390059BB6
:108EF000083305939DF807300133054A52F82330B3
:108F0000059A9A42DCD300BF00BF07B05DF804FBAE
:108F10000007002000B585B00390029101920B4B31
:108F200001221A700320FFF7BFFF10F09CFC042001
:108F3000FFF7BAFFFFF732FFF7F7E2FC04480FF044
:108F4000E1FA00BF05B05DF804FB00BF6B1500201F
:108F5000700D002000B58DB00790079BB82202FB72
:108F600003F3174A13440B93079A13469B001344C9
:108F70009B01144A13440A934FF4A0730993124BB4
:108F80000893079A13469B0013449B000F4A13440F
:108F9000089A0592012204920F2203920022029263
:108FA0000022019200930A4B099A0A990B9800F04B
:108FB0001FFE0B980FF09AFA00BF0DB05DF804FB8E
:108FC000280E002070350020E8CB0100B4110020ED
:108FD0002D85010000B583B001900198FFF7BAFF1D
:108FE000019BB82202FB03F3164A99181648019A0E
:108FF00013469B0013449B0003440C331960019BF0
:10900000D8B21149019A13469B0013449B000B44AC
:10901000103302461A70019BDB020C4A13441846B7
:109020000FF029FA034603F500610748019A134639
:109030009B0013449B0003440433196000BF03B03A
:109040005DF804FB280E0020B4110020B03600208B
:1090500000B589B001F036FE124B134A5A61134B2A
:109060000593012304930023039300230293002319
:109070000193002300930E4B4FF480520D490A4890
:1090800000F0B6FD079008480FF030FA064801F0EE
:1090900023F80020FFF79EFF079B184609B05DF8F4
:1090A00004FB00BFB4110020700D0020F0CB0100C4
:1090B000158F00007025002000B583B00190024A92
:1090C00001990248FBF702FF158F0000700D002088
:1090D00000B585B00FF022FA0020FFF7E5FE314819
:1090E0000FF0C9F9034603F500630393039B029352
:1090F000029B83F3088800BF2A4B0193019B83F3F3
:109100000A8800BF00BFFF216FF00100FFF708FED3
:1091100000216FF00400FFF703FE00216FF00B0049
:10912000FFF7FEFD00216FF00A00FFF7F9FD0021B7
:109130006FF00900FFF7F4FD00216FF00300FFF767
:10914000EFFD194B5B6A184A43F4E0235362202178
:109150004FF0FF30FFF7E4FD00BFFBF701FDFBF729
:10916000E3FE114B4FF0FF329A620F4B4FF0FF328C
:10917000DA6200BFFCF7B8FBFBF7A6FF00BFF9F708
:1091800097FA0A4800F0C6FDFFF770FE0120FFF7CE
:109190008BFE0220FFF788FEFFF75AFF03461846B2
:1091A000FFF78AFFB036002000ED00E0E00E00205F
:1091B000B0B58CB008AF786039607B689B6893F974
:1091C0000E301A463B6893423AD00323032B2FD923
:1091D0000123FB72FB7A83F00103DBB2002B27D162
:1091E0001A4B1D687B689C687B689B6818460FF06B
:1091F00027FA0346002B01D0792300E06E237A681A
:10920000926892F90E2007923A68069205930494A8
:109210000F4B03930F4B02930823019300230093FA
:1092200000230422294600200FF09AFA0023FB6055
:109230007B689B683968184601F080FA034600E0B5
:10924000002318461037BD46B0BD00BF18070020E8
:109250009CD40100F8CB010080B5B8B008AFF8602D
:10926000C7E90023002387F8BF309A4BFB67EFF371
:109270001183BB67BB6F7B6720233B673B6F83F327
:10928000128800BFBFF36F8F00BF7B6FBB61FB6FA6
:10929000FB6600BFFB6FBB6600BFBB69BB62FB68C0
:1092A000DB68002B0CBF01230023DBB2002B0AD1AB
:1092B000FB689A68884B9B689A420CBF0123002385
:1092C000DBB2002B01D0012300E00023002B53D0A0
:1092D000FB68DB68002B04D17F4B9B6893F90E3051
:1092E00001E0FB681B69FA681361FB68DB685A1CC4
:1092F000FB68DA60784B9A68FB689A600323032B5B
:1093000027D9012387F8873097F8873083F0010346
:10931000DBB2002B1DD1714B18686F4B9B68FA684C
:10932000D268F968096907910692FA680592049370
:109330006B4B03936B4B0293082301930023009321
:1093400000230422014600200FF00AFA0023C7F888
:109350008030BB6AFB615F4B7B66FB693B663B6EA3
:10936000FB65FB6D83F3118800BFBFF36F8F00BFF8
:1093700000BF00BF00238CE1D7E900234FF00000BD
:109380004FF000018B4208BF82420CBF0123002333
:10939000DBB2002B13D0BB6A7B614E4BBB657B6994
:1093A0007B657B6D3B653B6D83F3118800BFBFF32D
:1093B0006F8F00BF00BF00BF6FF00F0369E1464B26
:1093C0009B6893F90E301A46FB689B6893F90E3040
:1093D000194610460FF0E2F9C7F8B8000323032B33
:1093E0001DD9012387F8B73097F8B73083F0010310
:1093F000DBB2002B13D1394B1968FB680493384B4F
:109400000393394B02930823019300230093002315
:10941000042200200FF0A4F90023C7F8B030FB6845
:109420009B6893F90E301946D7F8B8000FF062F92F
:109430000346002B07D0D7F8B810F868FFF7B8FE3E
:10944000034687F8BF30F968D7E90023CDE9002348
:109450000A46B96A1F4801F0DBF8C7F8AC000323DD
:10946000032B20D9012387F8AB3097F8AB3083F07A
:109470000103DBB2002B16D1184B1968D7F8AC30BA
:109480000593FB680493164B0393184B0293082330
:109490000193002300930023042200200FF060F9C1
:1094A0000023C7F8A4300323032B36D9012387F800
:1094B000A33097F8A33083F00103DBB2002B2CD14B
:1094C000064B1968044B9B68D7F8AC20002A0FD0D4
:1094D00079220EE0D8110020B411002018070020D6
:1094E000B0D4010030CC010060CC010084CC01007C
:1094F0006E220692FA6805920493684B0393684BB8
:1095000002930823019300230093002304220020E8
:109510000FF026F90023C7F89C30D7F8AC30002BA9
:1095200001D10023B5E00323032B20D9012387F8C1
:109530009B3097F89B3083F00103DBB2002B16D1F0
:10954000584B1968584B9B68FA6805920493534B23
:109550000393564B029308230193002300930023A7
:10956000042200200FF0FCF80023C7F89430504B81
:10957000FB64EFF31183BB64BB6C7B6420233B640F
:109580003B6C83F3128800BFBFF36F8F00BF7B6C0F
:109590003B62FB6CFB6300BFFB6CBB6300BF3B6AC1
:1095A000BB62FB689B68002B14BF01230023DBB266
:1095B000002B52D0FB6818460FF0C5F8C7F8900092
:1095C000D7F89030002B0CD0D7F8903093F90E30AC
:1095D0001A46FB681B69194610460FF0DFF8034670
:1095E00001E0FB681B69C7F8B8300323032B1DD9C2
:1095F000012387F88F3097F88F3083F00103DBB2B7
:10960000002B13D1274B1968FB680493234B03935A
:10961000284B029308230193002300930023042284
:1096200000200FF09DF80023C7F88830D7F8B81055
:10963000F868FFF7BDFD0346002B03D197F8BF3054
:10964000002B01D0012300E0002387F8BF3097F8FA
:10965000BF3003F0010387F8BF3097F8BF30002B0D
:1096600004D0B96A12480FF0EAFD10E0BB6A7B62D1
:109670000F4B7B637B6A3B633B6BFB62FB6A83F351
:10968000118800BFBFF36F8F00BF00BF00BF6FF036
:109690000A031846C037BD4680BD00BFB0D40100E4
:1096A000A8CC010018070020B4110020C8CC01008C
:1096B000D8110020E4CC010080B5A2B008AF7860DA
:1096C0007B689B68002B02D16FF01503DAE07B68A2
:1096D0009A686E4B9B689A4202D04FF0FF33D1E0FC
:1096E0000323032B1FD9012387F8673097F86730CE
:1096F00083F00103DBB2002B15D1654B19687B6841
:10970000DB6805937B680493624B0393624B02937F
:1097100008230193002300930023042200200FF06C
:109720001FF800233B667B68DB68012B05D97B684B
:10973000DB685A1E7B68DA60A3E0584BFB63EFF3EB
:109740001183BB63BB6B7B6320233B633B6B83F366
:10975000128800BFBFF36F8F00BF7B6BBB60FB6BDA
:10976000FB6200BFFB6BBB6200BFBB683B617B68F9
:109770001B6919467868FFF71BFD7B683B65002372
:10978000FB643B6DBB6400237B64B86C0EF00EFF82
:1097900038643B6C002B01D03B6C7B647B6CFB64BE
:1097A000FB6C002B14BF01230023DBB2002B05D080
:1097B000F86C0EF0ADFFF86C0EF021FFFB6CFB6552
:1097C0007B68FA6D9A600323032B27D9012387F85E
:1097D0005B3097F85B3083F00103DBB2002B1DD1C7
:1097E0002B4B1968FB6D002B03D0FB6D93F90E30EA
:1097F00000E02B4B0693FB6D05937B680493254B90
:109800000393284B02930823019300230093002322
:10981000042200200EF0A4FF00237B65FB6D002BCB
:1098200014BF01230023DBB2002B16D0FB6D93F98C
:109830000E301A467B681A61FB6D7B6200233B6227
:109840007B6A3A6AC3F8B42000BFF86D00F044FCAC
:10985000396912480FF0F3FC13E07B680022DA60EC
:109860003B69FB600D4BFB61FB68BB61BB697B61C6
:109870007B6983F3118800BFBFF36F8F00BF00BF08
:1098800000BF002318466837BD4680BDB4110020D4
:1098900018070020C4D4010008CD0100D811002011
:1098A00018FCFFFF24CD010080B598B000AF7860B0
:1098B000434B3B64EFF31183FB63FB6BBB632023E0
:1098C0007B637B6B83F3128800BFBFF36F8F00BF96
:1098D000BB6BFB603B6C3B6300BF3B6CFB6200BF40
:1098E000FB687B617B687B6500233B657B6DFB646C
:1098F0000023BB64F86C0EF099FF78647B6C002B3E
:1099000001D07B6CBB64BB6C3B653B6D002B14BF13
:1099100001230023DBB2002B05D0386D0EF0E1FFF0
:10992000386D0EF0B5FF3B6DBB65BB6D002B14BFF2
:1099300001230023DBB2002B0FD0BB6DBB620023E1
:109940007B62BB6A7A6AC3F8B42000BFB86D00F0CE
:10995000C3FB012387F85F3013E07B689B687A685C
:1099600091687A68D268914201D0012200E0002219
:109970001A447B689A6078680EF0F0FF034687F817
:109980005F3097F85F30002B04D079690C480FF0F6
:1099900056FC10E07B693B61094B3B623B69FB6114
:1099A000FB69BB61BB6983F3118800BFBFF36F8F95
:1099B00000BF00BF00BF00BF6037BD4680BD00BF15
:1099C000D811002080B598B002AFF860C7E9002335
:1099D000354B3B65EFF31183FB64FB6CBB642023C9
:1099E0007B647B6C83F3128800BFBFF36F8F00BF73
:1099F000BB6CBB613B6D3B6400BF3B6DFB6300BF59
:109A0000BB693B62FB689B68002B14BF01230023EA
:109A1000DBB2002B18D0FB689B685A1EFB689A606B
:109A20003B6AFB61204BBB63FB697B637B6B3B63E6
:109A30003B6B83F3118800BFBFF36F8F00BF00BF84
:109A400000BF00237B6529E0D7E900234FF0000029
:109A50004FF000018B4208BF824214D13B6A7B6108
:109A6000114BFB627B69BB62BB6A7B627B6A83F3DF
:109A7000118800BFBFF36F8F00BF00BF00BF6FF042
:109A80000F037B650AE0F968D7E90023CDE90023DD
:109A90000A46396A044800F0BBFD78657B6D1846BC
:109AA0005837BD4680BD00BFD811002080B584B0B6
:109AB00000AFF860C7E90023FB6803F11800D7E99D
:109AC0000023054901F0F8FE02460B4610461946F0
:109AD0001037BD4680BD00BF89A5000080B582B0AB
:109AE00000AF786039607B68002B02D1094B9B681E
:109AF0007B607B687C331F223968184604F018F9B4
:109B00007B68002283F89B20002318460837BD4657
:109B100080BD00BFB411002080B596B00AAFF860D8
:109B2000B9607A600023FB627B68073323F0070388
:109B3000073323F00703BB62B8680EF037FF786283
:109B4000BB6A3B62BA68BB6A1344FB610323032B05
:109B500024D90123FB76FB7E83F00103DBB2002BCB
:109B60001CD1204B1968FB6909933B6A08937B6AF7
:109B70000793BB6A0693FB680593BB6804931A4B73
:109B800003931A4B029308230193002300930023AD
:109B9000042200200EF06CFF00237B61F969F86855
:109BA00009F0F4FB0246FB6A1344FB62FB6A0733CD
:109BB00023F00703FB627A6AFB68C3F89C20FB680A
:109BC0003A6AC3F8A020FB68FA6AC3F8A420FB6ACB
:109BD0005B42FA691344FB61FB6918463037BD46A6
:109BE00080BD00BF1C070020DCD4010058CD01005F
:109BF00080B596B004AFF860B9607A603B60FB68EE
:109C0000583318460EF028FFF8683B6E0422F96DB1
:109C10000EF095FF7A68B968F868FFF77DFF786401
:109C2000BB6D02937B6D01933B6D00933B687A6C37
:109C3000B968F868FBF716F9FB6800225A65FB68FB
:109C40003A689A66FB683A6DDA66FB687A6D1A675D
:109C5000FB68BA6D5A672D4B7B63EFF311833B634F
:109C60003B6BFB622023BB62BB6A83F3128800BF9D
:109C7000BFF36F8F00BFFB6ABB617B6B7B6200BF72
:109C80007B6B3B6200BFBB69FB61214B1A6AFB68BF
:109C90009A671F4AFB681362FB697B611B4B3B643D
:109CA0007B69FB63FB6BBB63BB6B83F3118800BFFA
:109CB000BFF36F8F00BF00BF00BF7B6E002B0BD0C8
:109CC000FB687C331F22796E184604F031F8FB687C
:109CD000002283F89B2003E0FB68002283F87C20AD
:109CE0000B4B9B68002B05D1FB680022C3F8A82012
:109CF0007B6C07E0064B9B68D3F8A820FB68C3F891
:109D0000A8207B6C18464837BD4680BDE411002072
:109D1000B411002080B483B000AF78607B6801226A
:109D20001A747B6801229A817B680022C3F89C2008
:109D30007B680022C3F8A0207B680022C3F8A8201B
:109D4000034A7B68936000BF0C37BD4680BC7047F8
:109D5000B411002000B585B00390CDE90023039B2A
:109D600003F11800DDE90023044901F0A5FD0246D6
:109D70000B461046194605B05DF804FB89A50000A6
:109D800086B00190019B0493124B9B68049AC3F820
:109D9000B020104B9B686FF00A02C3F8B4200E4B42
:109DA0005B680D4A43F08053536000230393039B89
:109DB0000293029B83F3118800BFBFF36F8F00BF34
:109DC00000BF044B9B68D3F8B4300593059B18463D
:109DD00006B07047B411002000ED00E000B591B06E
:109DE0004F4B07934F4B9B68194607980EF007FFA0
:109DF00006904C4B9B6818460EF04CFF26E0069BE5
:109E00000593484B9B680493059B0393049B93F92C
:109E10000E300293039B93F90E300193029A019B3B
:109E20009A4203D0019A029BD31A00E00023002B30
:109E300007DD059B3B4A9268114618460EF015FF58
:109E40000DE0069907980EF0DAFE0690069B002BAF
:109E5000D5D1344B9B68194607980EF0F1FE00BF30
:109E600001230F932E4B0E9300230D930E980EF0AB
:109E7000B5FE0C900C9B002B01D00C9B0D930D9B01
:109E800000BF0B930B9B002B02D1264BDB6800E03D
:109E90000B9B0A930A9B09930F9B0893089B002B2B
:109EA00001D0012322E01F4B9B6818460EF0A8FF4B
:109EB0000346002B01D0012318E01A4B9B6818467B
:109EC0000EF054FF0346002B05D109980EF05AFFFF
:109ED0000346002B01D0012308E009980EF0A2FFF1
:109EE0000346002B01D0012300E00023002B0ED0FD
:109EF0000C4B9B680A9A9A4202D00A9801F0A4FB84
:109F00000A980FF08AF8074A0A9B536103E0054B51
:109F10009B68044A536100BF00BF11B05DF804FBA9
:109F2000CC110020B411002000B595B0019001982B
:109F30000EF0B6FF034683F00103DBB2002B00F006
:109F4000C28001980EF086FF0346002B00F0BB8014
:109F5000019B0B930B980EF0AFFF0B980FF052F88C
:109F60000346002B52D00B9B0A930A9B0993584B34
:109F700008930A9B079308980EF030FE0346002BC7
:109F800004D008980EF02AFE034600E00023069352
:109F900033E0079B0593069B0493059B93F90E30D2
:109FA0000393049B93F90E300293039A029B9A4207
:109FB00003D0029A039BD31A00E00023002B06DD96
:109FC000069B079A114618460EF04FFE1DE0069BB1
:109FD000002B10D0069B194608980EF01FFE034672
:109FE000002B06D0069B194608980EF017FE034674
:109FF00002E0002300E000230693069B002BC8D15B
:10A00000079B194608980EF01BFE00BF00BF0023F7
:10A0100013932F4B12930023119312980EF0DEFD31
:10A020001090109B002B01D0109B1193119B00BF2F
:10A030000F930F9B002B02D1264BDB6800E00F9B98
:10A040000E930E9B0D93139B0C930C9B002B01D036
:10A05000012322E01F4B9B6818460EF0D1FE0346F9
:10A06000002B01D0012318E01A4B9B6818460EF014
:10A070007DFE0346002B05D10D980EF083FE0346AE
:10A08000002B01D0012308E00D980EF0CBFE034613
:10A09000002B01D0012300E00023002B0ED00D4B3C
:10A0A0009B680E9A9A4202D00E9801F0CDFA0E9853
:10A0B0000EF0B3FF074A0E9B536103E0054B9B680C
:10A0C000044A536100BF00BF15B05DF804FB00BF38
:10A0D000CC110020B411002000B591B001900023F4
:10A0E00006931F4B0F93EFF311830E930E9B0D936B
:10A0F00020230C930C9B83F3128800BFBFF36F8F58
:10A1000000BF0D9B03930F9B0B9300BF0F9B0A9304
:10A1100000BF039B05931BE001980EF083FF0346ED
:10A12000002B02D10198FFF7FFFE059B04930C4B17
:10A130000993049B0893089B0793079B83F311885B
:10A1400000BFBFF36F8F00BF00BF00BF01230693A6
:10A15000069B002BE0D000BF00BF11B05DF804FBF0
:10A16000D811002010B59CB001900091904B9B68D5
:10A1700018460EF037FE0346002B00F0DE808C4BB5
:10A180009C688B4B9B6818460EF01EFE0346002B06
:10A1900001D0082300E010231A948DF867300023C3
:10A1A0008DF866301A9B1A7C9DF867301340DBB23D
:10A1B000002B40F0C2801A9B1A7C9DF86730134335
:10A1C000DAB21A9B1A741A980EF06AFE0346002B34
:10A1D00019D01A9B189318980EF07AFE18980EF062
:10A1E00011FF0346002B0DD0189B1793179B169356
:10A1F000704A179B15931492159B18460EF05BFD41
:10A2000000BF00BF00BF9DF86730082B21D11A9B0B
:10A210009B68002B02D01A980EF0AEFE1A980EF032
:10A220008CFD1A9B583318460FF0DAF8604B9B6888
:10A230001A9A9A420DD1EFF305831393139B002BC7
:10A2400014BF01230023DBB2002B02D001238DF8C1
:10A25000663001231293574B1193002310931198EA
:10A260000EF0BCFC0F900F9B002B01D00F9B1093A6
:10A27000109B00BF0E930E9B002B02D14C4BDB6852
:10A2800000E00E9B0D930D9B0C93129B0B930B9B6D
:10A29000002B01D0012322E0454B9B6818460EF0AD
:10A2A000AFFD0346002B01D0012318E0404B9B6813
:10A2B00018460EF05BFD0346002B05D10C980EF0FE
:10A2C00061FD0346002B01D0012308E00C980EF03D
:10A2D000A9FD0346002B01D0012300E00023002B41
:10A2E0000ED0334B9B680D9A9A4202D00D9801F024
:10A2F000ABF90D980EF091FE2D4A0D9B536103E0D2
:10A300002B4B9B682A4A536100BF9DF86730102B86
:10A3100003D11A980EF07CFE0FE01A9809F0F2F8BB
:10A320001A9801F03FFA9DF86630002B02D02248BF
:10A33000FFF7F0FC1A980EF06BFE009B02931F4B88
:10A340000A93029B0993099B0893089B83F3118846
:10A3500000BFBFF36F8F00BF00BF00BF1DE0EFF372
:10A3600011830593059B049320230393039B83F39D
:10A37000128800BFBFF36F8F00BF049B1B930EF0CA
:10A38000EDF81B9B0793079B0693069B83F31188AD
:10A3900000BFBFF36F8F00BF00BF01980EF022FD1A
:10A3A0000346002BDBD100BF00BF1CB010BD00BFB7
:10A3B000B4110020CC110020E00E0020D8110020A4
:10A3C00082B0074B5B690193054B9B68019A9A42E7
:10A3D00014BF01230023DBB2184602B0704700BF50
:10A3E000B411002000B591B0019001980EF058FD15
:10A3F0000346002B19D0019B0F930F980EF068FDB8
:10A400000F980EF0FFFD0346002B0DD00F9B0E930F
:10A410000E9B0D93384A0E9B0C930B920C9B184687
:10A420000EF049FC00BF00BF00BF344B9B68019A8F
:10A430009A420CBF01230023DBB20A932E4B0993EF
:10A440000023089309980EF0C9FB0790079B002B87
:10A4500001D0079B0893089B00BF0693069B002B27
:10A4600002D1264BDB6800E0069B0593059B049315
:10A470000A9B0393039B002B01D0012322E01F4B77
:10A480009B6818460EF0BCFC0346002B01D001234C
:10A4900018E01A4B9B6818460EF068FC0346002B28
:10A4A00005D104980EF06EFC0346002B01D0012369
:10A4B00008E004980EF0B6FC0346002B01D00123FF
:10A4C00000E00023002B0ED00C4B9B68059A9A42AB
:10A4D00002D0059801F0B8F805980EF09EFD074AE5
:10A4E000059B536103E0054B9B68044A536100BF21
:10A4F00000BF11B05DF804FBCC110020B4110020A6
:10A5000000B591B00190002306931E4B0F93EFF31B
:10A5100011830E930E9B0D9320230C930C9B83F3BE
:10A52000128800BFBFF36F8F00BF0D9B03930F9B7B
:10A530000B9300BF0F9B0A9300BF039B059319E089
:10A54000019B9B68002B02D001980EF015FD059B26
:10A5500004930C4B0993049B0893089B0793079B58
:10A5600083F3118800BFBFF36F8F00BF00BF00BF30
:10A5700001230693069B002BE2D000BF00BF11B061
:10A580005DF804FBD811002000B591B00190019B4B
:10A59000183B0F93002305931C4B0E93EFF311838D
:10A5A0000D930D9B0C9320230B930B9B83F312882D
:10A5B00000BFBFF36F8F00BF0C9B02930E9B0A93EB
:10A5C00000BF0E9B099300BF029B049315E00F98F8
:10A5D0000EF010FE049B03930C4B0893039B079310
:10A5E000079B0693069B83F3118800BFBFF36F8F11
:10A5F00000BF00BF00BF01230593059B002BE6D0E1
:10A6000000BF00BF11B05DF804FB00BFD8110020EF
:10A6100000B591B00390029101921B4B9B681B4ABD
:10A6200013601B4B0C93EFF311830B930B9B0A935B
:10A6300020230993099B83F3128800BFBFF36F8F18
:10A6400000BF0A9B06930C9B089300BF0C9B0793CB
:10A6500000BF0D4B9868DDE9122301990EF0B7FD9C
:10A66000039B0D9300BF0A4B0F93029B05930F9B17
:10A670000E9300BF059B1846FFF782FB0346184662
:10A6800011B05DF804FB00BFB4110020E011002000
:10A69000D811002000B595B001900023139300233A
:10A6A0000693254B1293EFF311831193119B109393
:10A6B00020230F930F9B83F3128800BFBFF36F8F8C
:10A6C00000BF109B0393129B0E9300BF129B0D9330
:10A6D00000BF039B059327E0019B0C9300230B9382
:10A6E0000C980EF07BFA0A900A9B002B01D00A9B73
:10A6F0000B930B9B1393139B002B02D013980EF01C
:10A700003BFC059B04930C4B0993049B0893089B0B
:10A710000793079B83F3118800BFBFF36F8F00BFC0
:10A7200000BF00BF01230693069B002BD4D0139BD0
:10A73000184615B05DF804FBD811002000B5B5B07F
:10A740000190009100238DF8CF30019B93F90E30DA
:10A75000329300230693944B3093EFF311832F939E
:10A760002F9B2E9320232D932D9B83F3128800BFC4
:10A77000BFF36F8F00BF2E9B0393309B2C9300BFC2
:10A78000309B2B9300BF039B059367E101980EF06C
:10A7900061FB03468DF8CF309DF8CF30002B00F0E1
:10A7A000D980019B209320980EF092FB20980EF008
:10A7B00029FC0346002B0DD0209B1F931F9B1E934B
:10A7C0007A4A1F9B1D931C921D9B18460EF073FA2C
:10A7D00000BF00BF00BF009B5AB2019B9A73019B50
:10A7E0002A932A980EF068FB2A980EF00BFC034679
:10A7F000002B52D02A9B2993299B28936B4B27939C
:10A80000299B269327980EF0E9F90346002B04D0E4
:10A8100027980EF0E3F9034600E00023259333E088
:10A82000269B2493259B2393249B93F90E302293FC
:10A83000239B93F90E302193229A219B9A4203D0B5
:10A84000219A229BD31A00E00023002B06DD259BD2
:10A85000269A114618460EF008FA1DE0259B002B9B
:10A8600010D0259B194627980EF0D8F90346002BE7
:10A8700006D0259B194627980EF0D0F9034602E032
:10A88000002300E000232593259B002BC8D1269BA5
:10A89000194627980EF0D4F900BF00BF01231B937F
:10A8A000424B1A93002319931A980EF097F91890B7
:10A8B000189B002B01D0189B1993199B00BF17936D
:10A8C000179B002B02D13A4BDB6800E0179B1693D5
:10A8D000169B15931B9B1493149B002B01D00123F3
:10A8E00022E0334B9B6818460EF08AFA0346002B91
:10A8F00001D0012318E02E4B9B6818460EF036FA63
:10A900000346002B05D115980EF03CFA0346002BA8
:10A9100001D0012308E015980EF084FA0346002BBD
:10A9200001D0012300E00023002B0ED0204B9B68B8
:10A93000169A9A4202D0169800F086FE16980EF0EB
:10A940006CFB1B4A169B536175E0194B9B68184AB8
:10A95000536170E001980EF01BFA0346002B66D09D
:10A96000019B0A930A9B9B683193319B019A0C923D
:10A970000B930C9B18460EF09EF900BF009B5AB239
:10A98000019B9A73319B1393019B129313980EF0C2
:10A9900025F90346002B04D013980EF01FF9034647
:10A9A00000E00023119339E0D8110020CC110020E1
:10A9B000B4110020129B1093119B0F93109B93F9DD
:10A9C0000E300E930F9B93F90E300D930E9A0D9B44
:10A9D0009A4203D00D9A0E9BD31A00E00023002B5D
:10A9E00006DD119B129A114618460EF03EF922E040
:10A9F000119B002B10D0119B194613980EF00EF9E5
:10AA00000346002B06D0119B194613980EF006F949
:10AA1000034602E0002300E000231193119B002B6A
:10AA2000C8D1129B194613980EF00AF903E0009B57
:10AA30005AB2019B9A73059B04930D4B0993049B97
:10AA40000893089B0793079B83F3118800BFBFF30C
:10AA50006F8F00BF00BF00BF01230693069B002B32
:10AA60003FF494AE9DF8CF30184635B05DF804FB46
:10AA7000D811002000B597B00323032B21D901235F
:10AA80008DF853309DF8533083F00103DBB2002B77
:10AA900017D12B4B19682B4B9B682A4A9268D27BA3
:10AAA00005920493284B0393284B029308230193A8
:10AAB000002300930023042200200EF083FA0023D9
:10AAC000159300230A93224B1393EFF311831293F0
:10AAD000129B119320231093109B83F3128800BFC5
:10AAE000BFF36F8F00BF119B0793139B0F9300BFA2
:10AAF000139B0E9300BF079B099318E0114B9B68B3
:10AB0000DA7B013AD2B2DA73099B0893104B0D93AA
:10AB1000089B0C930C9B0B930B9B83F3118800BF3A
:10AB2000BFF36F8F00BF00BF00BF01230A930A9BD2
:10AB3000002BE3D000BF00BF17B05DF804FB00BFDF
:10AB400020070020B4110020F0D40100FCCD01004A
:10AB5000D811002000B599B00323032B21D901237C
:10AB60008DF85B309DF85B3083F00103DBB2002B86
:10AB700017D14E4B19684E4B9B684D4A9268D27B59
:10AB8000059204934B4B03934B4B02930823019381
:10AB9000002300930023042200200EF013FA002368
:10ABA0001793464B0D93EFF311830C930C9B0B9370
:10ABB00020230A930A9B83F3128800BFBFF36F8F91
:10ABC00000BF0B9B06930D9B099300BF0D9B089341
:10ABD00000BF069B0793364B9B68DA7B0132D2B2EB
:10ABE000DA7300231593364B1493002313931498B0
:10ABF0000DF0F4FF1290129B002B01D0129B1393C7
:10AC0000139B00BF1193119B002B02D1284BDB68D3
:10AC100000E0119B1093109B0F93159B0E930E9BBE
:10AC2000002B01D0012322E0214B9B6818460EF037
:10AC3000E7F80346002B01D0012318E01C4B9B686A
:10AC400018460EF093F80346002B05D10F980EF02E
:10AC500099F80346002B01D0012308E00F980EF06D
:10AC6000E1F80346002B01D0012300E00023002B74
:10AC70000ED00F4B9B68109A9A4202D0109800F0A9
:10AC8000E3FC10980EF0C9F9094A109B536103E0E8
:10AC9000074B9B68064A536100BF079907480EF0AF
:10ACA000EAF900BF19B05DF804FB00BF20070020DF
:10ACB000B411002000D501001CCE0100D8110020E5
:10ACC000CC11002008B502480EF0C5FA00BF08BD3F
:10ACD000C811002000B59BB0624B0893EFF31183BD
:10ACE0000793079B069320230593059B83F3128804
:10ACF00000BFBFF36F8F00BF069B0193089B0493B7
:10AD000000BF089B039300BF019B0293564B0F9318
:10AD1000564B9B6819460F980DF071FF0E90534BE0
:10AD20009B6818460DF0B6FF26E00E9B0D934F4B27
:10AD30009B680C930D9B0B930C9B93F90E300A931D
:10AD40000B9B93F90E3009930A9A099B9A4203D000
:10AD5000099A0A9BD31A00E00023002B07DD0D9B04
:10AD6000424A9268114618460DF07FFF0DE00E9999
:10AD70000F980DF044FF0E900E9B002BD5D13B4B4E
:10AD80009B6819460F980DF05BFF00BF01231793D6
:10AD9000354B16930023159316980DF01FFF149052
:10ADA000149B002B01D0149B1593159B00BF13938C
:10ADB000139B002B02D12D4BDB6800E0139B1293F9
:10ADC000129B1193179B1093109B002B01D0012312
:10ADD00022E0264B9B6818460EF012F80346002B23
:10ADE00001D0012318E0214B9B6818460DF0BEFFEF
:10ADF0000346002B05D111980DF0C4FF0346002B2C
:10AE000001D0012308E011980EF00CF80346002B46
:10AE100001D0012300E00023002B0ED0134B9B68D0
:10AE2000129A9A4202D0129800F00EFC12980EF07C
:10AE3000F4F80E4A129B536103E00C4B9B680B4ADB
:10AE4000536100BF074B1993029B0093199B189302
:10AE500000BF009B1846FEF793FF00BF1BB05DF8D4
:10AE600004FB00BFD8110020CC110020B411002039
:10AE700000B599B0CDE906010323032B22D90123A4
:10AE80008DF85F309DF85F3083F00103DBB2002B5B
:10AE900018D1424B1868424B9968DDE906231346E6
:10AEA000059304913F4B03933F4B02930823019377
:10AEB0000023009300230422014600200EF082F8B4
:10AEC00000231693DDE906234FF000004FF0000148
:10AED0008B4208BF824203D10DF003FF002358E0EC
:10AEE000324B1093EFF311830F930F9B0E9320239C
:10AEF0000D930D9B83F3128800BFBFF36F8F00BFCC
:10AF00000E9B0993109B0C9300BF109B0B9300BFEB
:10AF1000099B0A93224B9B68254A1360204B9B6830
:10AF20001846FFF75FFA1E4B9968DDE906230846CD
:10AF3000FEF710FF02460B4613461593184B9B680D
:10AF400018460DF0F7FF194B12930A9B0893129BBA
:10AF5000119300BF089B1846FEF712FF104B9B6829
:10AF600018460DF0F6FE034683F00103DBB2002B1A
:10AF700001D000230DE00EF0B6FB0246159B9B1A94
:10AF80001493149B1393139B002B01DD139B00E080
:10AF90000023184619B05DF804FB00BF200700200D
:10AFA000B411002010D501003CCE0100D8110020C2
:10AFB000E011002000B58FB00190214B0D93EFF30D
:10AFC00011830C930C9B0B9320230A930A9B83F30E
:10AFD000128800BFBFF36F8F00BF0B9B02930D9BC6
:10AFE000099300BF0D9B089300BF029B0493019837
:10AFF0000DF092FF0346002B0DD001980DF09DFE41
:10B0000001980DF0A3FF0198FEF78EFF04990C48FC
:10B010000EF031F810E0049B0393094B0793039B58
:10B020000693069B0593059B83F3118800BFBFF32E
:10B030006F8F00BF00BF00BF00BF0FB05DF804FB03
:10B04000D8110020014B9B6818467047B4110020AE
:10B0500000B5C1B0019001980DF084FF03468DF852
:10B06000FF309F4B3E93EFF311833D933D9B3C9309
:10B0700020233B933B9B83F3128800BFBFF36F8F6A
:10B0800000BF3C9B02933E9B3A9300BF3E9B39938B
:10B0900000BF029B0A9301980DF088FE0346002B27
:10B0A00010D00A9B03938E4B3893039B3793379BA7
:10B0B0003693369B83F3118800BFBFF36F8F00BFB9
:10B0C00000BFA7E1019B35930A9B099301238DF8EB
:10B0D000D330359B58333393359B329300BF35982B
:10B0E0000DF0A0FF3190319B002B2ED0359B1A7CA8
:10B0F0009DF8D330002B01D0202300E040231343E0
:10B10000DAB2359B1A74EFF305833093309B002B32
:10B1100014BF01230023DBB2002B04D0099935981A
:10B12000FFF720F862E16F4B9B68339918460DF0EA
:10B13000D3FF6B4B2F93099B04932F9B2E9300BF40
:10B14000049B1846FEF71CFE50E19DF8D330002BFF
:10B1500001D0082200E01022359B2D9313468DF874
:10B16000B33000238DF8B2302D9B1A7C9DF8B3309C
:10B170001340DBB2002B40F0C9802D9B1A7C9DF858
:10B18000B3301343DAB22D9B1A742D980DF088FE5C
:10B190000346002B19D02D9B2B932B980DF098FE76
:10B1A0002B980DF02FFF0346002B0DD02B9B2A93DD
:10B1B0002A9B29934C4A2A9B28932792289B18461E
:10B1C0000DF079FD00BF00BF00BF9DF8B330082B24
:10B1D00021D12D9B9B68002B02D02D980DF0CCFE29
:10B1E0002D980DF0AAFD2D9B583318460EF0F8F857
:10B1F0003C4B9B682D9A9A420DD1EFF30583269321
:10B20000269B002B14BF01230023DBB2002B02D0AE
:10B2100001238DF8B23001232593334B249300236F
:10B22000239324980DF0DAFC2290229B002B01D06E
:10B23000229B2393239B00BF2193219B002B02D1B0
:10B24000284BDB6800E0219B2093209B1F93259BCC
:10B250001E931E9B002B01D0012322E0214B9B68F3
:10B2600018460DF0CDFD0346002B01D0012318E058
:10B270001C4B9B6818460DF079FD0346002B05D149
:10B280001F980DF07FFD0346002B01D0012308E03D
:10B290001F980DF0C7FD0346002B01D0012300E0ED
:10B2A0000023002B0ED00F4B9B68209A9A4202D0AD
:10B2B000209800F0C9F920980DF0AFFE094A209BB4
:10B2C000536103E0074B9B68064A536100BF9DF83A
:10B2D000B330102B0AD12D980DF09AFE16E000BF66
:10B2E000D8110020B4110020CC1100202D9808F0B6
:10B2F00009F92D9800F056FA9DF8B230002B02D0D3
:10B300004648FEF707FD2D980DF082FE444B9B68E2
:10B31000359A9A4259D1EFF305831D931D9B002B5B
:10B3200014BF01230023DBB283F00103DBB2002B47
:10B330004BD035980DF016FE0346002B39D0099BF3
:10B340000693384B1C93069B1B931B9B1A931A9BCB
:10B3500083F3118800BFBFF36F8F00BF00BF00BF32
:10B3600000231993199B1893189B83F3118800BF2E
:10B37000BFF36F8F00BF00BF0423184602DF294BC5
:10B380001793EFF311831693169B159320231493B1
:10B39000149B83F3128800BFBFF36F8F00BF159B10
:10B3A0000593179B139300BF179B129300BF059B38
:10B3B00009931C4B1193099B0793119B109300BF9A
:10B3C000079B1846FEF7DCFC10E0099B0893154B21
:10B3D0000F93089B0E930E9B0D930D9B83F3118887
:10B3E00000BFBFF36F8F00BF00BF00BF00BF9DF85D
:10B3F000FF30002B0ED000230C930C9B0B930B9B68
:10B4000083F3118800BFBFF36F8F00BF00BF042319
:10B41000184602DF41B05DF804FB00BFE00E0020DB
:10B42000B4110020D811002000B595B0039002910E
:10B43000019200930023129300230793454B10932E
:10B44000EFF311830F930F9B0E9320230D930D9B0E
:10B4500083F3128800BFBFF36F8F00BF0E9B04936E
:10B46000109B0C9300BF109B0B9300BF049B069393
:10B4700068E0039B18460DF0B1FB0346002B05D096
:10B48000039B18460DF0AAFB034600E0002313932C
:10B49000139B002B12D0039B139A114618460DF0F4
:10B4A000BDFB0346002B07D0039B139A1146184699
:10B4B0000DF0B4FB034602E0002300E000231193EB
:10B4C00021E0029B0099139898471290129B002B41
:10B4D0001DD1119B1393139B002B12D0039B139A26
:10B4E000114618460DF09AFB0346002B07D0039B2C
:10B4F000139A114618460DF091FB034602E0002313
:10B5000000E000231193139B002BDAD100E000BF71
:10B51000019B002B03D0019B009912989847069B32
:10B5200005930C4B0A93059B0993099B0893089B71
:10B5300083F3118800BFBFF36F8F00BF00BF00BF50
:10B5400001230793079B002B93D0129B184615B03D
:10B550005DF804FBD811002080B483B000AF7860A0
:10B560007B68054A93420CBF01230023DBB21846D7
:10B570000C37BD4680BC7047280E002080B485B0D3
:10B5800000AF7860044B1B68FB60FB6818461437FB
:10B59000BD4680BC704700BF2407002080B582B044
:10B5A00000AF786078680DF051FF0346002B0BD197
:10B5B0007868FFF7D1FF0346002B05D17868FFF7C5
:10B5C000DDFF0346002B01D1002319E078680DF060
:10B5D0002DFF0346002B12D07B6893F90E301A46DC
:10B5E000094B1B68194610460DF055FF034683F0C2
:10B5F0000103DBB2002B02D0044B1B6800E00023E8
:10B6000018460837BD4680BDD81100202407002009
:10B6100080B485B000AF78607B68084A9B1ADB1065
:10B62000074A02FB03F3FB60064AFB68134401224E
:10B630001A7000BF1437BD4680BC7047980F0020B9
:10B64000ABAAAAAADC110020B0B584B000AF786024
:10B65000164B1B7CFB607868FFF7A0FFB860FA68A8
:10B6600013465B001344DB00114A1344184600F0F4
:10B6700067FA104AFB68134400221A70BB68002B5B
:10B6800010D0FA6813465B001344DB00084A981890
:10B69000BB68013BDA171C46154622462B46064975
:10B6A00000F00AF900BF1037BD46B0BDB41100204C
:10B6B000980F0020DC11002011B6000080B592B078
:10B6C00000AF344B3B64EFF31183FB63FB6BBB6355
:10B6D00020237B637B6B83F3128800BFBFF36F8FE4
:10B6E00000BFBB6B7B603B6C3B6300BF3B6CFB6292
:10B6F00000BF7B683B61284B9B687B64274B1B68C2
:10B700007A6C9A4213D1786CFFF79EFF3B69BB605D
:10B71000204BBB62BB687B627B6A3B623B6A83F304
:10B72000118800BFBFF36F8F00BF00BF2EE01B4B1F
:10B7300000221A60184B1B7C1A46194B9B5C002B8D
:10B7400013D0786CFFF72AFF0346002B0DD0786CDE
:10B750000DF07CFE034683F00103DBB2002B01D029
:10B76000FEF73CFB786CFFF76FFF3B69FB60094B12
:10B77000FB61FB68BB61BB697B617B6983F31188FB
:10B7800000BFBFF36F8F00BF00BF00BF4837BD468B
:10B7900080BD00BFD8110020B4110020E0110020AE
:10B7A000DC11002080B491B000AF7860284BBB63FF
:10B7B000EFF311837B637B6B3B632023FB62FB6AAC
:10B7C00083F3128800BFBFF36F8F00BF3B6BFB603A
:10B7D000BB6BBB6200BFBB6B7B6200BFFB687B6166
:10B7E0001C4B1B6A7A689A4205D11A4B1B6A9B6FE5
:10B7F000184A136215E0174B1B6AFB6302E0FB6BF0
:10B800009B6FFB63FB6B002B04D0FB6B9B6F7A6819
:10B810009A42F4D1FB6B002B03D07B689A6FFB6BD1
:10B820009A677B693B610A4B3B623B69FB61FB6941
:10B83000BB61BB6983F3118800BFBFF36F8F00BF8B
:10B8400000BF00BF00BF4437BD4680BC704700BF8B
:10B85000E4110020B411002080B582B000AF04488C
:10B860000DF057FE78607B6818460837BD4680BDEE
:10B870002807002080B584B000AF78607B68194647
:10B8800004480DF06BFEF860FB6818461037BD46A3
:10B8900080BD00BF2807002080B500AF054B1B68A6
:10B8A000002B03D1FBF708F9034600E000231846FC
:10B8B00080BD00BFE41100202DE9B04FACB000AF57
:10B8C00078643964C7E90E234FF000024FF000039B
:10B8D000C7E92A23D7E90E014FF0FF344FF0FF35B7
:10B8E00022462B46994208BF904204D14FF00002F5
:10B8F0004FF0000315E17A6C3B6C93600023BB654D
:10B900008B4BFB67EFF31183BB67BB6F7B67202318
:10B910003B673B6F83F3128800BFBFF36F8F00BF9D
:10B920007B6FFB64FB6FFB6600BFFB6FBB6600BFFA
:10B93000FB6C7B65EFE0002387F89F30D7E90E238F
:10B94000002B32DBFFF7A8FFC7F8A000012387F820
:10B950009F30D7E90E2312F1010843F10009D7F80F
:10B96000A030DA173B637A63D7E90C341A4618EB38
:10B970000202BA62234649EB0303FB627B6CD7E900
:10B980000A12C3E904127B6CD3E90423104619465A
:10B99000684BD3E9002384183C6241EB03037B62CC
:10B9A000D7E90834C7E92A3437E0D7E90E2310462F
:10B9B0001946604BD3E9002310EB020A41EB030B5D
:10B9C0006FF001024FF0FF33B2EB0A02BA6163EB92
:10B9D0000B03FB61D7E90634C7E924340123C7F818
:10B9E0008C30D7E92423C7E92023D7F88C30DA1725
:10B9F0003B617A61D7E92023D7E9044521468A4291
:10BA0000294673EB010101DA22462B46796CC1E924
:10BA10000423D7E90E23C7E92A23FFF71DFFC7F840
:10BA2000A4003AE0D7F8A430D3E904017B6CD3E951
:10BA3000042382428B4119DAD7F8A430D3E90401F8
:10BA40007B6CD3E90423841ABC6061EB0303FB60C5
:10BA5000D7F8A430D7E90212C3E90412D7F8A4201A
:10BA60007B6C194610460DF0A5FD1AE07B6CD3E9FE
:10BA70000401D7F8A430D3E90423841A3C6061EBB5
:10BA800003037B607B6CD7E90012C3E90412D7F88B
:10BA9000A400FFF7EFFEC7F8A400D7F8A430002BEE
:10BAA000C0D1D7F8A430002B04D17B6C19462248B2
:10BAB0000DF067FDFFF7D0FE02467B6C934217D175
:10BAC0001E4B1B68002B13D197F89F3083F00103A6
:10BAD000DBB2002B03D0FFF7DFFEC7F8A000D7F8DA
:10BAE000A0000DF0B7FD034600211846FBF762F8F1
:10BAF0007B6D3B650E4B7B663B6D3B663B6EFB6532
:10BB0000FB6D83F3118800BFBFF36F8F00BF00BFD1
:10BB100000BF0123BB65BB6D002B3FF40CAFD7E921
:10BB20002A2310461946B037BD46BDE8B08F00BF86
:10BB3000E4110020B00F002028070020E4110020AD
:10BB400080B592B000AF78606FF015037B6400237E
:10BB5000BB61394BFB63EFF31183BB63BB6B7B634F
:10BB600020233B633B6B83F3128800BFBFF36F8FCF
:10BB700000BF7B6BFB60FB6BFB6200BFFB6BBB62C0
:10BB800000BFFB687B614EE07B6818460DF0A0FCAF
:10BB90000346002B25D0FFF75FFE02467B689342E9
:10BBA0000CBF0123002387F8433078680DF032FD85
:10BBB00079684FF000024FF00043C1E904230023ED
:10BBC0007B6497F84330002B1AD0FFF765FE0346DD
:10BBD00018460DF03FFD034600211846FAF7EAFF2C
:10BBE0000EE07B68D3E90423B3F1004F08BF012ABC
:10BBF00006D179684FF000024FF00043C1E90423F9
:10BC00007B693B610C4B7B623B693B623B6AFB613E
:10BC1000FB6983F3118800BFBFF36F8F00BF00BFC4
:10BC200000BF0123BB61BB69002BADD07B6C184604
:10BC30004837BD4680BD00BFE41100202DE9B04F5C
:10BC40009CB000AF78623962604A7B6A1360FFF78C
:10BC500003FEF8665FE0FB6ED3E904231346BB6680
:10BC6000BB6EDA179A469346594BD3E900231AEB79
:10BC70000201B9614BEB0303FB61554BD7E9061297
:10BC8000C3E90012F96E4FF000024FF00003C1E962
:10BC90000423F86E0DF0BEFCF96E4FF001024FF078
:10BCA0000043C1E904233B6A3B634A4BFB643B6BA3
:10BCB000BB64BB6C7B647B6C83F3118800BFBFF3F8
:10BCC0006F8F00BF00BF00BFFB6E9B68F86E984788
:10BCD000404B7B66EFF311833B663B6EFB65202395
:10BCE000BB65BB6D83F3128800BFBFF36F8F00BFCE
:10BCF000FB6DFB627B6E7B6500BF7B6E3B6500BFAF
:10BD0000FB6A3B62314B1A68BB6ED21A2F4B1A602A
:10BD1000FFF7A2FDF866FB6E002B0DD0FB6ED3E99A
:10BD200004012A4B1B68DA173B617A61D7E90423C7
:10BD3000944684458B418EDAFB6E002B12D0FB6E4D
:10BD4000D3E9042321490968C81788468146B2EB24
:10BD50000801B96063EB0903FB60FB6ED7E90212CF
:10BD6000C3E90412194B1B68DA171C461546184B19
:10BD7000D3E90023A118396045EB03037B60144B22
:10BD8000D7E90012C3E90012104B00221A6000200C
:10BD90000DF060FC034600211846FAF70BFF3B6AE2
:10BDA0007B630C4B3B647B6BFB63FB6BBB63BB6BD1
:10BDB00083F3118800BFBFF36F8F00BF00BF00BFC8
:10BDC000FFF77CFC7037BD46BDE8B08FE411002062
:10BDD000B00F0020E41100202DE9B04390B000AF77
:10BDE0004FF000024FF00003C7E90E2300233B6130
:10BDF000234B7B63EFF311833B633B6BFB6220239D
:10BE0000BB62BB6A83F3128800BFBFF36F8F00BFB2
:10BE1000FB6A7B607B6B7B6200BF7B6B3B6200BF1E
:10BE20007B68FB6021E0FFF737FD0346DA171C460D
:10BE30001546144BD3E9002314EB020845EB030924
:10BE4000C7E90E89FB68BB600D4BFB61BB68BB613A
:10BE5000BB697B617B6983F3118800BFBFF36F8F80
:10BE600000BF00BF00BF01233B613B69002BDAD05C
:10BE7000D7E90E23104619464037BD46BDE8B083CA
:10BE8000E4110020B00F00202DE9B04FB8B000AF92
:10BE900078637B6BC7F8DC30BD4BC7F8C030EFF37D
:10BEA0001183C7F8BC30D7F8BC30C7F8B8302023AE
:10BEB000C7F8B430D7F8B43083F3128800BFBFF3AB
:10BEC0006F8F00BFD7F8B830BB64D7F8C030C7F861
:10BED000B03000BFD7F8C030C7F8AC3000BFBB6C83
:10BEE000BB65786B0DF070FC0346002B16D0BB6D64
:10BEF000FB64A74BC7F8A830FB6CC7F8A430D7F891
:10BF0000A430C7F8A030D7F8A03083F3118800BF61
:10BF1000BFF36F8F00BF00BF00BF34E1D7F8DC3044
:10BF2000D3E90A014FF000024FF00003994208BF25
:10BF3000904200F09880D7F8DC30D3E90A014FF046
:10BF4000FF324FF0FF33994208BF904200F08B80E0
:10BF5000D7F8DC30D3E90A23C7E91023D7E9102347
:10BF6000511E396043F1FF337B60D7E90023C7E9F5
:10BF700034230023C7F8CC30D7F8CC30DA17BB62B3
:10BF8000FA62D7E93423D7E90A0184466245C7E952
:10BF90000A01F96A73EB010101DAD7E90A23C7E95B
:10BFA00010230DF0FCFB02460B4612F1010843F191
:10BFB0000009D7E9102318EB020449EB0305012C13
:10BFC00075F1000342DB0DF0EAFB02460B46511C03
:10BFD000396243F100037B62D7E91023D7E90845B2
:10BFE00021468918B961294643EB0101F961D7E976
:10BFF00006341A4612F1020F234653F1004320DAA9
:10C000000DF0CDFB02460B46511C396143F1000394
:10C010007B61D7E91023D7E9044521468918B96027
:10C02000294643EB0101F9606FF001024FF0FF3345
:10C03000D7E902010446B2EB040A0A4663EB020B9D
:10C0400008E04FF0000A4FF0004B03E06FF0010AE8
:10C050004FF0FF3BC7E910ABD7F8DC00D7E910235E
:10C060004C49FFF729FCD7F8DC301B6B5A1CD7F87A
:10C07000DC301A63D7F8DC301B6A002B42D0D7F8CB
:10C08000DC301B6AC7F8C830BB6DFB63404BC7F898
:10C090008430FB6BC7F88030D7F88030FB67FB6FCC
:10C0A00083F3118800BFBFF36F8F00BF00BF00BFD5
:10C0B000D7F8C830D7F8DC009847354BC7F89C3024
:10C0C000EFF31183C7F89830D7F89830C7F8943059
:10C0D0002023C7F89030D7F8903083F3128800BF40
:10C0E000BFF36F8F00BFD7F89430BB63D7F89C3095
:10C0F000C7F88C3000BFD7F89C30C7F8883000BF35
:10C10000BB6BBB65D7F8DC30183318460DF07CFBF1
:10C11000C7F8C400D7F8C430002B11D1BB6D3B6504
:10C120001B4BBB673B6D7B677B6F3B673B6F83F351
:10C13000118800BFBFF36F8F00BF00BF00BF22E0B8
:10C14000D7F8C400FEF7DCF9D7F8C4303B6600230B
:10C15000FB653B6EFA6DC3F8B42000BFBB6D7B6519
:10C160000B4BFB667B6DBB66BB6E7B667B6E83F3A6
:10C17000118800BFBFF36F8F00BF00BF00BFD7F8AB
:10C18000C400FDF7A9FFE037BD46BDE8B08F00BF92
:10C19000E811002089BE00002DE9B04398B000AF3F
:10C1A000F860C7E900233E4BFB64EFF31183BB64E7
:10C1B000BB6C7B6420233B643B6C83F3128800BF21
:10C1C000BFF36F8F00BF7B6C7B61FB6CFB6300BFB9
:10C1D000FB6CBB6300BF7B69FB61D7E900234FF0B9
:10C1E000FF304FF0FF318B4208BF824211D1FB6913
:10C1F0003B612B4B7B633B693B633B6BFB62FB6AA5
:10C2000083F3118800BFBFF36F8F00BF00BF00BF73
:10C2100042E0D7E90023002B1BDB0123FB65D7E9B4
:10C220000023C7E91423FB6DDA171C461546D7E92E
:10C230001423A24273EB050101DA22462B46C7E91B
:10C240000023D7E9002312F1FF3843F1FF39C7E992
:10C250000089FB681846FFF773FCF968D7E91E23CD
:10C26000C1E90A23FB6800221A63F868D7E90023B2
:10C270000C49FFF721FBFB69BB61094BBB62BB6942
:10C280007B627B6A3B623B6A83F3118800BFBFF32A
:10C290006F8F00BF00BF00BF6037BD46BDE8B083F1
:10C2A000E811002089BE000080B5A0B000AF786022
:10C2B000484B7B67EFF311833B673B6FFB662023A3
:10C2C000BB66BB6E83F3128800BFBFF36F8F00BFE6
:10C2D000FB6EFB607B6F7B6600BF7B6F3B6600BFC6
:10C2E000FB683B627B681846FFF72AFC0346002B7D
:10C2F00014BF0123002387F87F3097F87F30002B8D
:10C3000010D03B6A3B61334BFB653B69BB65BB6D42
:10C310007B657B6D83F3118800BFBFF36F8F00BF18
:10C3200000BF54E07B685B6A002B2ED03B6ABB6188
:10C33000284BBB63BB697B637B6B3B633B6B83F3CA
:10C34000118800BFBFF36F8F00BF00BF00BF7B68C5
:10C350005B6A786898471F4B3B65EFF31183FB647A
:10C36000FB6CBB6420237B647B6C83F3128800BF6F
:10C37000BFF36F8F00BFBB6C7B613B6D3B6400BF45
:10C380003B6DFB6300BF7B693B627B6818331846DB
:10C39000FEF780F9B867BB6F002B07D0B86FFDF7C9
:10C3A0009BFE396A0B480CF04AFF10E03B6AFB61C8
:10C3B000084BFB62FB69BB62BB6A7B627B6A83F3EF
:10C3C000118800BFBFF36F8F00BF00BF00BF803771
:10C3D000BD4680BDE811002080B582B000AF124894
:10C3E0000DF0E8FA114B5B78022B0CBF0123002300
:10C3F000DBB2FB710C480DF0EFFA0D480DF0DAFAE4
:10C40000FB79002B05D0094B1B78072B01D10123A9
:10C4100000E00023FB7106480DF0DEFAFB791846B8
:10C420000837BD4680BD00BF48070020E811002046
:10C430003007002080B500AF26480DF0BBFA264B30
:10C440001B7803F00403002B06D0234B1B7823F04A
:10C450000403DAB2204B1A701F4B1B7803F002035F
:10C46000002B08D000F058F91B4B1B7823F0020377
:10C47000DAB2194B1A7017480DF0AEFA17480DF0E2
:10C4800099FA154B5B78002B02D015480DF06CFA29
:10C49000114B00225A700421114800F06FF90F4827
:10C4A0000DF09AFA0B480DF085FA0B4B1B7803F050
:10C4B0000103002B08D00DF047FA074B1B7823F03F
:10C4C0000103DAB2044B1A7002480DF085FA00BF7E
:10C4D00080BD00BF30070020E81100204807002081
:10C4E000EC11002080B582B000AF00237B600023F8
:10C4F000FB70FFF771FF0346002B01D00023DEE045
:10C5000071480DF057FA0346002B07D07B68002BCB
:10C5100040F0CF806FF08F037B60CAE06B4B1B78DD
:10C5200003F00203002B09D100F0E8F87860674BB4
:10C530001B7843F00203DAB2644B1A7062480DF0C4
:10C540004BFA0346002B07D07B68002B40F0B180EC
:10C550006FF08F037B60ACE07B68002B40F0A28023
:10C5600059480DF027FA0346002B07D07B68002BB3
:10C5700040F09F806FF08F037B609AE0534B1B78F5
:10C5800003F00103002B09D10DF0CBF978604F4B7C
:10C590001B7843F00103DAB24C4B1A704A480DF095
:10C5A0001BFA0346002B07D07B68002B40F08180EC
:10C5B0006FF08F037B607CE07B68002B74D1424876
:10C5C0000DF0F8F90346002B06D07B68002B70D1E4
:10C5D0006FF08F037B606CE03C4B1B7803F0010332
:10C5E000FB7039480DF0F8F90346002B06D07B6844
:10C5F000002B5ED16FF08F037B605AE034480DF062
:10C60000D9F90346002B06D07B68002B51D16FF07F
:10C610008F037B604DE02D4B5B78002B09D1FB78BD
:10C62000002B06D02B480DF095F97860274B02229D
:10C630005A7027480DF0D0F90346002B06D07B68CE
:10C64000002B36D16FF08F037B6032E07B68002BCC
:10C650002CD11D480DF0AEF90346002B06D07B68A7
:10C66000002B26D16FF08F037B6022E0174B1B78E5
:10C6700003F00403002B08D1144B1B7843F0040390
:10C68000DAB2124B1A7000237B600F480DF0A4F948
:10C690000346002B0CD07B68002B0AD16FF08F0370
:10C6A0007B6006E000BF04E000BF02E000BF00E0E6
:10C6B00000BF7B68002B01D0FFF7BCFE7B681846EB
:10C6C0000837BD4680BD00BF30070020E8110020BC
:10C6D00048070020EC11002080B483B000AF7860E0
:10C6E00039603B682C2202FB03F3034A13441846CB
:10C6F0000C37BD4680BC7047F011002080B400AFFD
:10C70000044B012283F8C02200231846BD4680BC9A
:10C71000704700BFF011002080B584B000AF002347
:10C72000FB601DE00023BB6010E0B968F868FFF70C
:10C73000D3FF78607B6801221A627B6803221A7734
:10C7400078680DF0ACF8BB680133BB60F8680DF099
:10C75000DEF80246BB689342E7D3FB680133FB6017
:10C76000FB68002BDED0044B002283F8C02200BF00
:10C770001037BD4680BD00BFF0110020B0B584B0B9
:10C7800000AF786039603B68002B15D00C4B1B68FC
:10C790003A680021786898473B681A46013AFA607F
:10C7A00000221C4615464FF000024FF00003EB003C
:10C7B00043EA5473E2007B6800BF1037BD46B0BD4A
:10C7C00020D5010080B483B000AF0346FB80B7F9E9
:10C7D0000630002B0CDBFB8803F01F020749B7F97A
:10C7E00006305B09012000FA02F2603341F8232091
:10C7F00000BF0C37BD4680BC704700BF00E100E0C1
:10C8000080B586B004AF1C4B1B6818460DF0B3FF13
:10C810001A4B1B685A1C19490A60002B22D10721A8
:10C8200017480DF032F9482006F012FE0323032BBF
:10C8300018D90123FB71FB7983F00103DBB2002BD4
:10C8400010D1104B1968104B0393104B029308231F
:10C850000193002300930023042200200DF0D4F85C
:10C8600000233B60044B1B6818460DF096FF00BF89
:10C870000837BD4680BD00BF60070020B41400200B
:10C88000008004506407002024D5010098CE0100E8
:10C8900080B582B000AF00237B60482006F0E5FD44
:10C8A0007B6843F001037B607B6843F002037B609D
:10C8B0007B6843F004037B60796803480DF0D7F888
:10C8C00000BF0837BD4680BD0080045080B588B0E9
:10C8D00004AF2C4B1B6818460DF04DFF2A4B1B680C
:10C8E000013B294A1360284B1B68002B41D1FFF7FD
:10C8F000CFFF0023FB60FB6843F00103FB60FB6894
:10C9000043F00203FB60FB6843F00403FB60F9683B
:10C910001E480DF0CCF84FF480711C480DF092F8D1
:10C920004FF4827119480DF08DF84FF48471174857
:10C930000DF088F84820FFF745FF0323032B18D993
:10C940000123FB72FB7A83F00103DBB2002B10D1D1
:10C950000F4B19680F4B03930F4B0293082301935E
:10C96000002300930023042200200DF04DF8002343
:10C970007B60044B1B6818460DF00FFF00BF10379B
:10C98000BD4680BD60070020B41400200080045024
:10C990006407002034D50100B0CE010080B582B01C
:10C9A00000AF00237B6000233B60174B1B68174AD6
:10C9B000934201D1002322E0FFF722FF00F0C4FDE3
:10C9C00000F052FE38603B68002B04D0386800F05D
:10C9D0001FF878600AE000F04FFA78607B68002B5F
:10C9E00003D10DF0D2F9786000E000BFFFF76EFFD1
:10C9F0007B68002B02D1044B044A1A607B681846FE
:10CA00000837BD4680BD00BF680700201173650070
:10CA100080B58AB006AF78607B68002B1DD00323F9
:10CA2000032B1AD90123FB73FB7B83F00103DBB2D9
:10CA3000002B12D1984B19687B680493974B039392
:10CA4000974B0293082301930023009300230422B1
:10CA500000200DF03FF80023BB607B680A2B00F339
:10CA6000E9807B6813F1550F1CDA0EE17B68643BAB
:10CA7000092B00F20A8101A252F823F06DCC0000CC
:10CA80008BCC00008BCC000045CC000073CC0000A8
:10CA900085CC00007FCC00008BCC00008BCC00004C
:10CAA00079CC00007B6855335F2B00F2EE8001A249
:10CAB00052F823F07FCC00008BCC00008BCC000020
:10CAC0008BCC00008BCC00008BCC00008BCC00000A
:10CAD0008BCC00008BCC00008BCC00008BCC0000FA
:10CAE0008BCC00004FCC00008BCC00008BCC000026
:10CAF0008BCC00008BCC00008BCC00008BCC0000DA
:10CB00008BCC000055CC00004FCC00008BCC00003B
:10CB10008BCC00008BCC00008BCC00008BCC0000B9
:10CB20008BCC00008BCC00008BCC00008BCC0000A9
:10CB30008BCC00008BCC00008BCC00008BCC000099
:10CB40008BCC00008BCC00008BCC00008BCC000089
:10CB50008BCC00008BCC00008BCC00008BCC000079
:10CB60008BCC00008BCC00008BCC00008BCC000069
:10CB70008BCC00008BCC00008BCC00008BCC000059
:10CB80008BCC000061CC00005BCC00008BCC0000A3
:10CB90008BCC00008BCC00008BCC00008BCC000039
:10CBA0008BCC00008BCC00008BCC00008BCC000029
:10CBB0008BCC00008BCC00008BCC00008BCC000019
:10CBC0008BCC00008BCC000067CC00008BCC00002D
:10CBD0008BCC00008BCC00008BCC00008BCC0000F9
:10CBE0008BCC00008BCC00008BCC00008BCC0000E9
:10CBF0008BCC00008BCC00008BCC000049CC00001B
:10CC00005BCC00008BCC000045CC00008BCC00003E
:10CC10008BCC00008BCC00008BCC00008BCC0000B8
:10CC20008BCC000067CC00008BCC00008BCC0000CC
:10CC300067CC00007B686D2B27DC7B68642BBFF61C
:10CC400015AF22E0002322E06FF085031FE06FF0B4
:10CC500084031CE06FF0890319E06FF0920316E083
:10CC60006FF0880313E06FF0940310E06FF0980307
:10CC70000DE06FF085030AE06FF08C0307E06FF0C2
:10CC8000930304E06FF0860301E06FF0860318461B
:10CC90001037BD4680BD00BF6C07002044D50100A1
:10CCA000C8CE010080B400AF0D4B0022C3F81021A4
:10CCB0000B4B0022C3F80C21094B0022C3F80021C2
:10CCC000074B0022C3F80421054B0022C3F80821BA
:10CCD000034B0022C3F8142100BFBD4680BC70473F
:10CCE0000050045080B584B000AF786039604FF0D8
:10CCF000FF33FB60FFF7D6FF7B6801221A6000BF9D
:10CD00003B681B68002B09D1134BD3F80C31002B67
:10CD100004D1114BD3F80831002BF1D03B681B68CC
:10CD2000002B02D00023FB600FE03B680B4A9342CC
:10CD300008D0094BD3F80831002B03D06FF0020361
:10CD4000FB6002E04FF0FF33FB60FFF7ABFFFB68D7
:10CD500018461037BD4680BD00500450085104509D
:10CD600080B584B000AF786039603B68002B02D199
:10CD70006FF0010317E00123FB6000210120FBF7A6
:10CD800067FD0B4A7B68C2F80035094A3B68C2F868
:10CD9000043508490648FFF7A5FFF8600021002088
:10CDA000FBF756FDFB6818461037BD4680BD00BF37
:10CDB000005004500051045080B582B000AF78603C
:10CDC000064A7B68C2F8003505490648FFF78AFF26
:10CDD000034618460837BD4680BD00BF00500450CA
:10CDE000045104500450045080B584B000AF786002
:10CDF00000210120FBF72CFD084A7B68C2F80035B2
:10CE000007490848FFF76EFFF86000210020FBF794
:10CE10001FFDFB6818461037BD4680BD005004500A
:10CE2000085104500850045080B584B000AF7860B9
:10CE300039603B68002B02D16FF0010311E00B4A0F
:10CE40007B68C2F800350A490A48FFF74BFFF860D3
:10CE5000FB68002B04D1054BD3F808253B681A600A
:10CE6000FB6818461037BD4680BD00BF0050045017
:10CE7000105104500C50045080B592B000AF3B46A6
:10CE800000221A605A609A60DA601A615A619A61E7
:10CE9000F8200CF085FE0346002B05D1F9200CF09C
:10CEA0007FFE0346002B01D0012300E0002387F81A
:10CEB000473097F8473003F0010387F8473097F879
:10CEC000473083F00103DBB2002B01D0002348E0A0
:10CED00007F11C0320221946002000F0EDFC386405
:10CEE0003B6C002B01D03B6C3BE03B464FF4807128
:10CEF00018460CF0DBFE3B461C4918460CF0F1FED0
:10CF00003B464FF4105118460CF003FF3B464FF4DC
:10CF1000807118460CF016FF3B46154918460CF078
:10CF200085FE144900200CF050FE02463B46114697
:10CF300018460CF055FE3B4618460CF06CFE0346B6
:10CF4000DBB2FB6307F11C0238462023F96B00F0CB
:10CF500095F9386407F11C03202118460DF0DDFC1B
:10CF60003B6C18464837BD4680BD00BF0010C0046A
:10CF7000014B4E80F800FF7F90B587B000AF78601E
:10CF8000396004220021386800F01EFE3A681378E8
:10CF900023F00F03137078680CF03DFE03461B0B63
:10CFA00003F00303D9B23A68137861F305131370E1
:10CFB0003B681B78C3F30113DBB2032B02D96FF07C
:10CFC000860343E100BF3B681B7803F03003DBB20C
:10CFD000002B15D178680CF079FE034603F00103AD
:10CFE000002B02D06FF0860330E178680CF06EFE03
:10CFF000034603F00203002B02D06FF0860325E105
:10D000003B681B7803F03003DBB2102B0DD13A687C
:10D010005388022161F3C81353803A68937805213D
:10D0200061F306139370002310E178680CF066FE3C
:10D03000F860FB6803F0FE43B3F1A06F29D1FB68F1
:10D0400023F47E13834A934221D0FB6823F47E139A
:10D05000814A934219D0FB6823F47E13B3F1052F64
:10D0600011D0FB6823F47E137C4A934209D0FB68FD
:10D0700023F47E137A4A934201D17A4B08E00023CD
:10D0800006E0794B04E0794B02E0794B00E0794B04
:10D09000FB6078680CF0BFFD0346DBB2BB60BB6889
:10D0A000F82B02D06FF08503D0E000237B610023D2
:10D0B0003B6129E078680CF009FE02466E493B6945
:10D0C00051F823301340002B1BD03B68DB78C3F3AF
:10D0D0004603DBB25AB201213B6901FA03F35BB2AA
:10D0E00013435BB203F07F03D9B23A68D37861F39C
:10D0F0004703D370604A3B6952F823307A6913437F
:10D100007B613B6901333B613B69062BD2D97B696B
:10D11000DC4378680CF0DAFD03462340002B02D094
:10D120006FF0850392E078680CF024FE0346B3F5B7
:10D13000C07F2DD0B3F5C07F31D8B3F5807F20D02C
:10D14000B3F5807F2BD8FF2B14D0FF2B27D8802B53
:10D1500002D0C02B07D022E03A689378012161F316
:10D16000061393701EE03A689378022161F3061368
:10D17000937017E03A689378032161F30613937074
:10D1800010E03A689378042161F30613937009E084
:10D190003A689378062161F30613937002E06FF00A
:10D1A000850353E078680CF036FD03461B0B03F053
:10D1B0000303D9B23A68137861F3051313703B681F
:10D1C0001B7803F03003DBB2002B15D178680CF02C
:10D1D0007DFD034603F00103002B02D06FF08603B0
:10D1E00034E078680CF072FD034603F00203002B74
:10D1F00002D06FF0860329E078680CF02BFD03461F
:10D20000DBB2FF2B0AD0FF2B1CDC032B06D0032B39
:10D2100018DC012B09D0022B0ED013E03A6853889A
:10D22000022161F3C81353800FE03A68538801214B
:10D2300061F3C813538008E03A68538843F4C0731D
:10D24000538002E06FF0860300E0002318461C378D
:10D25000BD4690BD000140050002400500060005E6
:10D260000007000500071005000610050005100561
:10D27000000250050001500560D5010080B592B054
:10D2800000AFF860B9607A603B600CF0B2FD3864C2
:10D290003B6C002B01D03B6CDFE007F12C031946FF
:10D2A000F868FFF769FE38643B6C002B01D03B6CDB
:10D2B000D3E097F82C30C3F30113DBB2032B1ED05D
:10D2C000032B42DC002B02D0012B36D03DE0F86866
:10D2D0000CF02DFD0346B3F5105F02D06FF085030F
:10D2E000BBE0604B7B643B68102B31D03B68182B54
:10D2F0002ED03B68202B2BD06FF08603ADE05A4B2D
:10D300007B643B68412B02D03B68612B06D17B6874
:10D3100001337B603B68013B3B601BE03B68102BAB
:10D3200018D03B68182B15D03B68202B12D03B68D7
:10D33000302B0FD06FF086038FE04C4B7B643B6843
:10D34000302B09D06FF0860387E06FF0860384E00E
:10D3500000BF02E000BF00E000BF3B680F331B09C5
:10D360007B630023FB6311E0BA68FB6B1344184630
:10D370000CF016FC034683F00103DBB2002B02D055
:10D380006FF08A0369E0FB6B0133FB63FA6B7B6B25
:10D390009A42E9D37B6B012B0AD9BB68796B18469B
:10D3A0000CF06BFD38643B6C002B01D03B6C54E0FF
:10D3B00007F1100300221A605A609A60DA601A615D
:10D3C0005A619A610023BB6339E0BB6B1A017B6C25
:10D3D00013447B62BB6B002B02D1FB6ABB6202E091
:10D3E0004FF0FF33BB62FB8DC3F3C113DBB23B6273
:10D3F000BB6B1B017A68D11807F110031022184685
:10D40000F3F73EF8BA68BB6B13441A4607F11003F2
:10D4100019461046FFF7A4FC38633B6B002B05D080
:10D420006FF092033B640CF0E4FC0CE007F1100396
:10D430001C2118460DF071FABB6B0133BB63BA6B4C
:10D440007B6B9A42C1D37B6B012B05D93B6C002BC4
:10D4500002D10CF03AFD38643B6C18464837BD46A3
:10D4600080BD00BF400081510000002010840450A6
:10D4700080B500AF00211C200CF04AFD4FF0FF31B9
:10D4800030200CF045FD34211C200CF041FD012121
:10D4900002480CF051FD00BF80BD00BF0080045069
:10D4A00080B582B000AF78600B46FB70FFF7A8F93B
:10D4B000084B1B6818460DF05EF97B68002B02D004
:10D4C0007B6801221A70FFF7D3FF00231846083744
:10D4D000BD4680BD7007002080B582B000AF786087
:10D4E0007B68002B03D07B681B78002B0CD0FFF7E8
:10D4F000EDF9074B1B6818460DF04FF97B68002BC0
:10D5000002D07B6800221A7000BF0837BD4680BD7C
:10D510007007002080B500AF0CF01CFD0346002B07
:10D5200001D000230CE0074B1B78002B14BF012314
:10D530000023DBB283F00103DBB203F00103DBB2B3
:10D54000184680BD6B15002080B500AF084B1B68E6
:10D5500018460DF06CF9074B1B6818460DF067F97B
:10D5600000220021482005F08DFF00BF80BD00BFD4
:10D57000740700207807002080B584B000AF786081
:10D580004FF480711B480CF01FFD0346002B14D094
:10D5900028200CF052FDF8604FF0FF3130200CF0E5
:10D5A00038FD4FF4807113480CF0F9FC124B1B68E6
:10D5B000F96818460DF069F918E04FF484710D48C8
:10D5C0000CF002FD0346002B10D000F07BF8034660
:10D5D00018460CF05AFD4FF4847106480CF0DFFC3D
:10D5E000064B1B68012118460DF04FF900BF10379C
:10D5F000BD4680BD008004507407002078070020DD
:10D6000080B500AFFFF786FF0346002B01D0002353
:10D6100005E0044B1B6818460CF023FD0346184632
:10D6200080BD00BF7407002080B582B000AF00232A
:10D630007B600B4BDB6C002B01D00A4B0CE01821FC
:10D6400007480CF043FD7860064978680CF051FDFE
:10D65000034B0122DA64034B18460837BD4680BDF0
:10D66000B81400200415002080B582B000AF124B22
:10D670003B603B68114A1A603B68114A5A603B683C
:10D680003A681A61FFF7D0FF0346002B01D10E2341
:10D690000EE04FF400737B603B681B6DB3F5007FB9
:10D6A00002DD4FF480637B603B687A689A600023F8
:10D6B00018460837BD4680BDB814002000208051B0
:10D6C0000080805180B400AF024B1846BD4680BC3C
:10D6D000704700BFB8140020F0B599B002AF786071
:10D6E00007F15803503B1F335B095E0100237B6544
:10D6F00000210020FFF7D4FE38653B6D002B2CD0B5
:10D70000386DFFF785F903464AE0012210212648CB
:10D710000CF022FA7B6D3344102201920093102307
:10D72000214A2021214800F093F938653B6D002BF8
:10D7300007D00020FFF7D0FE386DFFF769F90346E8
:10D740002EE07B6D10337B65184BD3E90C23541C02
:10D7500043F10005154BC3E90C457B6D2F2BD4D944
:10D760000020FFF7B9FE7B68002B04D030227968D7
:10D7700030460CF0CDF90D4B1C4635460FCD0FC48D
:10D7800095E80F0084E80F0006F12002074B03F133
:10D7900020041346186859689A68DB680FC4002390
:10D7A00018465C37BD46F0BDD80F0020B80F0020EA
:10D7B00080B590B000AF78606FF05503FB63244BE9
:10D7C0009B6B244A934201D100233CE0224B1B680F
:10D7D00018460CF0D0FF4023002240211C480DF0D9
:10D7E0007AF807F10803302118460CF0C9FCF863F9
:10D7F000FB6B002B1DD107F108031846FFF76CFFE8
:10D80000B863BB6B002B02D00E23FB6312E007F161
:10D8100008003023002230210DF05DF80C494FF054
:10D8200001024FF00003C1E90C23094B094A9A6336
:10D8300000E000BF084B1B6818460CF0AEFFF86B09
:10D84000FFF7E6F8034618464037BD4680BD00BFE7
:10D85000B80F0020B4A5B4A57C07002080B58EB019
:10D8600000AF3B46302118460CF08AFC78637B6B96
:10D87000002B02D06FF0920317E03B461846FFF7EB
:10D880002BFF38633B6B002B01D03B6B0DE0384620
:10D890003023002230210DF01EF806494FF000021F
:10D8A0004FF00003C1E90C23002318463837BD466A
:10D8B00080BD00BFB80F00202DE9F04F97B002AF38
:10D8C000F860B9607A6007F15003403B1F335B0991
:10D8D0005E0100237B647B68FB647B680F331B095C
:10D8E0003B647B68002B05D0BB68002B02D16FF036
:10D8F0008603A2E07B68B3F5803F02D96FF0860310
:10D900009BE0504B1B6818460CF035FF4E4BD3E99B
:10D910000C2313430DD1F868FFF74AFF78647B6C42
:10D92000002B06D0474B1B6818460CF036FF7B6C6B
:10D9300083E0454BD3E90C23396C00200C460546A7
:10D9400012EB040A43EB050BBBF5803F0CD3FFF74A
:10D9500085FF78647B6C002B06D03A4B1B68184619
:10D960000CF01BFF7B6C68E000210020FFF798FDA6
:10D97000F863FB6B002B50D0324B1B6818460CF041
:10D980000CFFF86BFFF744F8034656E0FB6C102BD6
:10D9900028BF1023BB63012210212C480CF0DCF8B7
:10D9A0001023019300961023284A2021264800F0D6
:10D9B0004FF8F863FB6B002B0CD00020FFF78CFDB9
:10D9C000204B1B6818460CF0E8FEF86BFFF720F8B8
:10D9D000034632E00023BB6409E0BB6CBA68134421
:10D9E000BA6C324412781A70BB6C0133BB64BB6CE6
:10D9F000BA6B9A42F1D8FA6CBB6BD31AFB64BA6863
:10DA0000BB6B1344BB60104BD3E90C2312F101082C
:10DA100043F100090C4BC3E90C89FB6C002BB5D119
:10DA20000020FFF759FD0020FFF756FE7864054BF4
:10DA30001B6818460CF0B1FE7B6C18465437BD4687
:10DA4000BDE8F08F7C070020B80F0020D80F002021
:10DA500080B586B000AFF860B9607A603B604FF087
:10DA6000FF337B614FF480733B612B4A07F1100356
:10DA70001360294B294A9A601122274BDA60264B02
:10DA8000274A5A60244AFB681361BB6843F000537D
:10DA9000214A936140F611021F4BDA611E4B214A65
:10DAA0005A611D4A7B6813623B6843F000531A4A6F
:10DAB0009362012343F02003174AD362164B0122DD
:10DAC0005A62194A3B6A13607B6A43F00053164A54
:10DAD0009360154B01225A60134B2022DA600E49E5
:10DAE00000200CF0CFFB104910200CF0CBFB0321E1
:10DAF00034200CF0B3FB032138200CF0AFFB02E024
:10DB00000CF041FC78617B69B3F1FF3FF8D07B6991
:10DB100018461837BD4680BD24150020040000209B
:10DB200034150020441500205415002080B590B015
:10DB300000AFF860B9607A60FB680C33BB63EFF349
:10DB400011837B637B6B3B632023FB62FB6A83F364
:10DB5000128800BFBFF36F8F00BF3B6B7B61BB6B55
:10DB6000BB6200BFBB6B7B6200BF7B693B62FB6833
:10DB70009B687A681340FB63FB689A687B68DB43A9
:10DB80001A40B9687B680B401343BB60BB68BB613C
:10DB90000023FB61F86807F1180300220949FDF72B
:10DBA00043FCBA69FB69DB431A40FB689A60FB6877
:10DBB0000C33396A18460BF042FBFB6B18464037B2
:10DBC000BD4680BD19AA010070B586074FD08418E4
:10DBD000844604E003F8011B9D0704D09C4664457D
:10DBE0006346F7D170BD013A0244A2EB0C02032A4E
:10DBF0002FD9CCB20F2A04EB042404EB044438D907
:10DC0000A2F110069C464FF0000E350901350EF1C9
:10DC1000010EAE45CCE90044CCE902440CF1100CF5
:10DC2000F5D326F00F06103312F00C0F02F00F059B
:10DC300033441AD02A1F1C60032A05D9A5F1080213
:10DC40005C60032A88BF9C6005F0030225F0030591
:10DC50002B44541E002AC5D0C9B21970002CC1D063
:10DC6000012C597018BF997070BD2A46F1E7034620
:10DC7000BDE71546DEE700BF20F0030110F003000A
:10DC8000C0F1000051F8043B00F1040C4FEACC0C49
:10DC90006FF000021CBF22FA0CF213434FF0010C8C
:10DCA0004CEA0C2C4CEA0C4CA3EB0C0222EA0302CB
:10DCB00012EACC1204BF51F8043B0430F4D0C2F194
:10DCC000000102EA0102B2FA82F2C2F11F0200EB85
:10DCD000D2007047032A30B412D941EA00048446C6
:10DCE0000B46A40721D11946604653F8044B5CF853
:10DCF000045BA54219D1043A032AF4D860461946B8
:10DD0000541E7AB1431E0139021901E09A4209D02A
:10DD100013F8010F11F801CF6045F7D0A0EB0C000C
:10DD200030BC7047002030BC7047541EEAE700BF8B
:10DD300038B540EA010304469B0701D1032A0ED8F7
:10DD400020464B1E4AB113F8011F013A00F8011B8F
:10DD50000029F7D10AB1FFF737FF204638BD8C46BE
:10DD6000DCF8005061460CF1040CA5F1013323EA04
:10DD7000050313F0803FE4D1043A40F8045B032A22
:10DD8000EED86146DDE700BF71B1034601EB000C40
:10DD900001E0634506D01A46013311780029F8D115
:10DDA000101A7047181A7047084670470CB430B5FF
:10DDB0008BB00D4620220446002102A8FFF704FF85
:10DDC0000222134B002D06948DF80A2003931DDBCD
:10DDD00010D0013D2C440FAA0E9902A8079401927D
:10DDE00000F0B0F9069B00221A700BB0BDE830407D
:10DDF00002B070470FAA0E9902A80794019200F092
:10DE0000A1F90BB0BDE8304002B070470024E2E752
:10DE1000310201002DE9F041C3F1370805460C46F7
:10DE2000174603F01F065FFA88F828462146324657
:10DE30000023F2F7EBFB2346D2B20C46AC46054674
:10DE4000092A08EB020188BFCAB2B44502F13002C8
:10DE500007F8012B4FF000029341E6D23846BDE8A7
:10DE6000F08100BF2DE9F0434FF0010E724508DD4F
:10DE7000034601E0252C06D09C4613F8014B002CEC
:10DE8000F8D1BDE8F0831C780CF1020C252C01D1EF
:10DE90006346F1E70026AA4FB04609E027FA03F3EC
:10DEA000DB0740F1F4801CF8014B002C00F092805D
:10DEB000A4F12003102BF1D963464FF0000CA4F11C
:10DEC0002405152D20D8DFE805F0B21F1F1F1F1FE6
:10DED000AA1F1F1FAA1F0C0C0C0C0C0C0C0C0C0CFA
:10DEE0006346303C06EB86064FF0200C04EB4606FA
:10DEF00013F8014B002C70D0BCF11F0F40F2BA8018
:10DF0000BCF17F0F40F2AE80A4F14C052E2D64D8F9
:10DF10000FF2040959F825F023E00000DBDF0000D0
:10DF2000DBDF0000DBDF0000DBDF0000DBDF000009
:10DF3000DBDF0000DBDF0000DBDF0000DBDF0000F9
:10DF4000DBDF0000DBDF0000DBDF0000DBDF0000E9
:10DF5000DBDF0000DBDF0000DBDF0000DBDF0000D9
:10DF6000DBDF0000DBDF0000DBDF0000DBDF0000C9
:10DF7000DBDF0000DBDF0000DBDF0000DBDF0000B9
:10DF8000DBDF0000DBDF000055E00000DBDF00002E
:10DF900023E00000DBDF000045E00000DBDF0000E5
:10DFA000DBDF0000DBDF0000DBDF0000DBDF000089
:10DFB000DBDF0000DBDF0000F1DE0000DBDF000064
:10DFC000DBDF0000DBDF0000DBDF0000DBDF000069
:10DFD000F1DE000063464FF0000CB8F1000F3FF493
:10DFE00050AFF0457FF448AF44F020050B68A5F131
:10DFF0006506022E40F29F80612D00F09C80633CFC
:10E00000102C00F29280DFE804F01890909090902D
:10E01000909090909090909090901800B04600262C
:10E0200066E74CF4207C63E763464FF0000CB8F1E0
:10E03000000FF3D07645F2D10B6804330EF1010ED8
:10E040000B6013E71CF0800F18BF4CF4007C4CF001
:10E05000800C4DE71CF4807F18BF4CF4007C4CF41E
:10E06000807C45E74FF0200C29E713F8014B002690
:10E07000002CB0D0A4F1200C314DBCF1100F25FACA
:10E080000CF54FD815F0010526D09C460BE7A4F1FE
:10E0900024030C2B9ED801A555F823F029E000009D
:10E0A000D5DF0000D5DF0000D5DF0000D5DF0000A0
:10E0B000D5DF0000D1E00000D5DF0000D5DF000093
:10E0C000D5DF0000D1E00000D5DF0000E1DE000078
:10E0D00000266346B4460BE7A4F12409AC464D463E
:10E0E0000C2D3FF678AF0FF2080959F825F000BF64
:10E0F0002FE00000D7DF0000D7DF0000D7DF0000EF
:10E10000D7DF0000D7DF00006BE00000D7DF0000A2
:10E11000D7DF0000D7DF00006BE00000D7DF000092
:10E12000E3DE00004FF0000CC9E61CF0800F84D045
:10E130001CF4007F81D0073323F0070308337DE709
:10E14000892801002DE9F04F837893B047689C0738
:10E15000049240F136870B4683468E460B9213F8A5
:10E16000010B002800F094860C464FF0000A059140
:10E170000DE01C4659460AF1010AB8470028C0F2D2
:10E180006A81234613F8010B002800F06C812528D2
:10E19000EFD165780234252DECD04FF00008C14650
:10E1A0004646CDF808801F2E40D97F2E75D9A5F19F
:10E1B0004C032E2B00F25B81DFE813F00F015901B5
:10E1C000590159015901590159015901590159017F
:10E1D000590159015901590159015901590159016F
:10E1E000590159015901590159015901590159015F
:10E1F00059015901920159010F0159018601590133
:10E20000590159015901590159015901B5005901E3
:10E210005901590159015901B50046F0020614F897
:10E22000015B46F00406002D00F08280A5F120037A
:10E23000102B32D801A252F823F000BF1FE20000D9
:10E240009BE200009BE20000ABE300009BE20000C9
:10E250009BE200009BE2000027E300009BE200003D
:10E260009BE200009BE200001BE200009BE200003A
:10E27000BBE300009BE200009BE20000CBE3000058
:10E280007306A5F1300540F16B8109EB890905EBB7
:10E29000490914F8015B002D4AD0A5F12403152B80
:10E2A00085D801A252F823F001E30000AFE100009D
:10E2B000AFE10000AFE10000AFE10000AFE100001E
:10E2C00089E40000AFE10000AFE10000AFE1000031
:10E2D000B5E40000AFE1000081E2000081E200004F
:10E2E00081E2000081E2000081E2000081E20000A2
:10E2F00081E2000081E2000081E2000081E2000092
:10E30000B8F1000F00F02181049B72060B9300F11D
:10E310003581029A0BA90598FFF7A4FD0B9B1A1DE6
:10E320001B680B92029314F8015B002D7FF43BAF46
:10E33000202303950693B8F1000F06D0049B4246B4
:10E340000BA905980B93FFF78DFDB9F1000F04DAC7
:10E3500026F040064FF00009B6B2039B002B00F0F8
:10E36000DA80ED4306F0400205F0200307930B9B93
:10E37000073323F0070303F108010B91D3E90001F0
:10E38000069B612B00F04B81002A40F00E81652B2B
:10E3900000F07D84662B4FF0060900F05F834B464A
:10E3A00000226525039208950EE114F8015B46F002
:10E3B0001006002D7FF43AAFBAE714F8015B46F07F
:10E3C0000806002D7FF432AFB2E714F8015B46F087
:10E3D0000106002D7FF42AAFAAE714F8015B46F48A
:10E3E0002076002D7FF4E3AEA2E72D25029B042BBF
:10E3F00000F37F820023029328465946B84700283D
:10E400000AF1010A27DB9DF834301D0740F14F83E4
:10E41000AE4E3546DDF81C8003E0C0B2B847002898
:10E4200019DBA94615F8013B5946A3EB0800002B60
:10E43000F3D1AAEB0606B144029DCA464D44A5EBB2
:10E440000A0359462020002B7FF79BAEB8470028CF
:10E450000AF1010AF3DA9BF802304FF0FF3A43F079
:10E4600004038BF80230504613B0BDE8F08F45F03E
:10E470002002A2F165030692612A18BF022B94BF05
:10E4800001230023039356E7B8F1000F7FF44BAF4D
:10E490000B9B750653F8042B0B937FD4002AC0F214
:10E4A000558314F8015B46F02006002D00F05783D9
:10E4B0000292F2E67006D6D414F8015B46F04006EC
:10E4C000002D7FF4EAAE33E7330614F8015B48BF52
:10E4D00046F4007646F08006002D7FF468AE27E70C
:10E4E000F50514F8015B48BF46F4007646F48076E3
:10E4F000002D7FF45CAE1BE7002B00F074811A4600
:10E50000049B0BA905980B93C146FFF7ABFC202396
:10E51000CDF808800693A5F16303122B00F25F810A
:10E52000DFE813F08F0270015D015D015D015D01A7
:10E5300070015D015D015D015D015D0199024802AF
:10E540005D015D011D025D018A0214F8015B464612
:10E55000029B002DD0D0C146CDF80880984665E6D4
:10E56000029B46F0200603EB830305EB4303029373
:10E5700014F8015B002D7FF490AED9E64A460BA952
:10E580000598FFF76FFC0B9B14F8015B1A1DD3F87D
:10E5900000900B92002D7FF408AEC9E614F8015BE1
:10E5A000002D00F0DC82914677E6652B00F0658354
:10E5B000662B00F0538219F0FF0340F006851A46DF
:10E5C000652503930123089501920DF13008039A04
:10E5D0000092424600F020FE0C9AC3B2022106933C
:10E5E00002F109030391122B35D89DF8343013F052
:10E5F000010503F00C0C3CD1B00760D416F0040008
:10E6000040F08D81BCF1000F39D0029A032A40F30B
:10E610001383033A029232073FF5F7AE6EE1079B90
:10E6200046F4C0560DF130080093002A00F0CC806B
:10E630004B46424601F0F8FB431CDBB24B450693C8
:10E6400080F2CA8070230C9A0121089302F1090319
:10E650000391122BC9D902F16303C62B2CD902F204
:10E66000E73140F2CE73994240F260810421039178
:10E67000BBE7BCF1000F7FF4B8AE4FF02D0C16F4E1
:10E68000405F00F06E82B50440F1978022EAE273A9
:10E690000133BCF1000F1BD1B9F1000F00F0548120
:10E6A00009F101010B440299994200F3CC82300533
:10E6B000CDF808C026D43CE00221039195E7BCF1D7
:10E6C000000F00F029812B2590E600BF00D7010044
:10E6D000591CB9F1000F00F02C8109F101030B4422
:10E6E0000299994200F356830023029360465946EB
:10E6F0000992B84700280AF1010A099AFFF6ABAE61
:10E70000350513D5594630200992B8470028FFF641
:10E71000A2AE079B59460AF1020AC3F1780000F045
:10E72000F800B8470028099AFFF695AE300740F187
:10E73000F982B10400F1C78259469DF8350009926B
:10E74000B8470028FFF687AEB9F1000F099A00F329
:10E750003183F50600F154830AF101090692594606
:10E76000DDE90723981AC0B2B8470028FFF673AE58
:10E77000069A002AC0F241832B2059460692B847D8
:10E780000028FFF668AE039B069A042B00F018825F
:10E79000032B09F1020900F02782012B40F0378298
:10E7A00002F13000594609F10109C0B2B84700280A
:10E7B000BFF642AE4FE60EF1FF3916F4006F14BFFC
:10E7C000052303230B4464E74FF0FF33424601F077
:10E7D0002BFB431CDBB2069303F1FF3932E7069BA8
:10E7E000782B00F07B8359462520B8470028FFF698
:10E7F00032AE28465946B8470028FFF62CAE0AF13B
:10E80000020ABEE432060B9B40F11683B00540F1CC
:10E81000A683073323F0070303F10802D3E90003BB
:10E820000B9226F01008002B1FFA88F20392C0F218
:10E83000438350EA030140F0488406F04003069306
:10E84000730603D5B9F1000F00F0E68200200146FF
:10E850000DF130080A234246FFF7DCFA069AA0EBD6
:10E860000803002A00F0DE82039A4B451E4622F080
:10E870000108B8BF4E461FFA88F20392DDF80CC0BB
:10E8800040F206410CF008001CEA010F024600F0BD
:10E89000AC8406F10108002800F02583029AA2EB5F
:10E8A0000802029206935946039B0AF1010513F0F0
:10E8B000020F14BF2B20202013F4806F18BF2D20CF
:10E8C000B8470028069BFFF6C6AD994540F3128471
:10E8D00009EB050A1E46AAEB030A02E0554500F0C3
:10E8E000C48059463020B847002805F10105F5DA03
:10E8F000B1E5043B360702933FF57EAD029E5644D8
:10E9000002E0B24500F0458359462020B847002870
:10E910000AF1010AF5DA9EE54FF02B0CAFE6BCF1E7
:10E92000000F40F0AC824FF0200CA8E603210391C9
:10E930005BE6F00640F1E58202330299994200F36A
:10E940002982CDF80890D1E6F10640F1E582013345
:10E950000299994200F37781CDF80890D0E60B9B9D
:10E960001A1D0B921A68002A00F0F78216F0400F69
:10E970001046039214BF49464FF0FF31FFF704FAE7
:10E98000039A8046029B3007194600F1998098450A
:10E9900080F096801D461646994603E0984580F023
:10E9A00088801D4659462020B847002805F1FF33CE
:10E9B000F4DA50E546F010061023782516F0800CA6
:10E9C0000B9A67D016F4007100F03981073222F0FB
:10E9D000070202F108010B91D2E9000106F0400C98
:10E9E00050EA0102CDF80CC040F0848062461AB1B2
:10E9F000B9F1000F00F018820DF13008002000215D
:10EA00004246FFF707FA039AA0EB0803002A00F03A
:10EA1000428126F017024B4592B2039280F2458262
:10EA2000002D40F0A882300740F1AF83029A55468E
:10EA3000A2EB090202924BE726F010060A23B6B2B7
:10EA4000BCE70B9B4FF001080CAA191D1B680B912A
:10EA50008DF8303096E708230025AFE7662546F4A9
:10EA600000564A4611230895AEE533460DF13008AD
:10EA700008EB0306354605E015F8010DB8470028F8
:10EA8000FFF6E9ACA8455946F6D106EB0A03A3EB1D
:10EA90000809D1E4111D10680B9116F480719DD006
:10EAA00016F4007100F0F281C0B2614696E7BD4EE7
:10EAB000AFE40AF1010A32461946CA44AAEB050A34
:10EAC000029402EB080516461446894605E014F840
:10EAD000010BB8470028FFF6BEACAC425946F6D150
:10EAE0004946AAEB0603A146029CA1EB0802994401
:10EAF0000292A1E40DF130084246FFF78BF9039A28
:10EB0000A0EB0803002A40F0C68126F00602F606B4
:10EB100092B2039240F1C380039A02F00802002DE2
:10EB200040F0188103F10108002A00F03A82029AAD
:10EB3000A2EB08020292594630200393B8470028FE
:10EB40000AF10105039BBFF6C0AE84E4534214F8FA
:10EB5000015B46F028060293002D7FF49EAB002552
:10EB600041E6B9F1000F069B14BFCE464FF0010EEF
:10EB7000002B00F0B882581D404403E013F0FF055D
:10EB800000F0808110F8019D1D46013BB9F1300F66
:10EB9000F4D09946EBB206937245B4BF012300232B
:10EBA000101DB8BF002316F0100000F04E81002B9E
:10EBB0003FF401AE46F40056531CAEEB030965E585
:10EBC000794D5946039209F10309A5FB0235AD09B8
:10EBD00005F13000C0B2B8470028FFF63CAC4FF456
:10EBE0007A73039A03FB1522704D5946039209F17B
:10EBF0000109A5FB02356D0905F13000C0B2B84727
:10EC00000028FFF628AC6423039A03FB1522684D05
:10EC10005946039209F10109A5FB0235ED0805F1FA
:10EC20003000C0B2B8470028FFF615AC05EB8505EB
:10EC3000039AA2EB4502B3E50290FFF7E6BB101D75
:10EC40000B901068CAE6CB1A16F0090F02937FF4F6
:10EC500057AD1D465544099402925446C246E046BB
:10EC600002E0AC4200F05B8259462020B847002801
:10EC700004F10104F5DAFFF7EEBB09F10103DBB2A1
:10EC8000112B28BF112346F48056FFF789BB0723B9
:10EC90004FF00609F7E726F0160292B2039212F03F
:10ECA000080200F09781029A5546D21A02920CE6A9
:10ECB0003105E14600F1278216F0080FCDF808C0B3
:10ECC0001E463FF436ADC9F1000322EAE2759146D3
:10ECD00007960393531D069E5B1B06949844A9EB6D
:10ECE0000502039B013D3020964259460AF101047A
:10ECF00088BF98F80000AB4200F31881B84700289D
:10ED000008F10108FFF6A7AB6B1C01D0A246E6E7AD
:10ED100059462E20B84700280AF10204FFF69BABA3
:10ED2000A246DCE7029B002B3FF403AD029D434665
:10ED30000292A046554454469A4602E0AC4200F086
:10ED4000C58059463020B847002804F10104F5DA9F
:10ED5000FFF781BB03F10208002A00F07481029AD8
:10ED6000A2EB08020292594630200393B8470028CC
:10ED7000FFF671AB039B002D00F020812846594619
:10ED80000393B84700280AF10205039BBFF69DAD27
:10ED9000FFF761BBCB1A16F0090F02937FF4A6AC04
:10EDA00057E700BFFCD60100D34D62101F85EB5121
:10EDB000CDCCCCCC59462E20B8470028FFF64BAB23
:10EDC000099A0126069D09940692AE4208EB0602B6
:10EDD0004FF030005946B8BF50793446B847002844
:10EDE00006F10106FFF637AB4E45EEDD25460AF18A
:10EDF0000209069A099CA944B0E452422D20BCE4C1
:10EE000059462E200692B84700280AF10209069AB0
:10EE1000BFF6A4ACFFF71FBB26F011081FFA88F35A
:10EE2000039300231E4629E516F0080300F017811E
:10EE300000230DF130081BE61A1DF1051B680B922B
:10EE400000F192801846DB17EBE4002B3FF4B5ACE1
:10EE5000AA4246F40053C0F24A81BCF1000F00F010
:10EE60001A81911C029D8D4240F33881691A0291EA
:10EE700016F009011E4600F07081814636E4202517
:10EE8000FFF7B4BA4FF0FF39069585E680B2A5E5E5
:10EE90008246FFF7E8BA26F007024B4592B203928A
:10EEA000C0F26A81F2063FF537AE320740F1588171
:10EEB000029AD21A0292DBE542F480624042039247
:10EEC00006F0400263EB43010692C1E45346A246BA
:10EED0004446029A9846002302932AE4C5F1780337
:10EEE00043F010036AE56146C9077ED50298804564
:10EEF000A0EB080180F2E78001EB030911460291C3
:10EF0000D0E4029B8B427FF71CAD5B1A16F0090F11
:10EF100002937FF4EBAB9CE6029999423FF793AEE4
:10EF20003505CDF808903FF5EDAB02E4A146DDE9EB
:10EF30000646B8470028FFF68EAAF6067FF57CAA9B
:10EF400001357FF479AA59462E20B84700280AF1E6
:10EF50000209BFF671AAFFF77EBAAE4A06E5186845
:10EF600004330B93C3175CE4B20540F1A78058B299
:10EF700043F3C01355E4494602F0080082B200286A
:10EF800000F02781029A5546A2EB090289460292B7
:10EF90009BE4002D7FF42EAA9DF834300295FFF7F4
:10EFA00034BA039AD6076FD502998845A1EB0802B7
:10EFB00080F2918003EB02090295D4E60AF1010583
:10EFC00083E44FF0FF3AFFF74EBA112B28BF11230D
:10EFD000FFF7E6B90399C90740F190800298834290
:10EFE000A0EB030149DB029142E5029A904580F2D1
:10EFF000A38026460695029C4546079302E0A2425E
:10F0000009DA154659462020B847002805F10102C3
:10F01000F5DAFFF720BA02990AF1010A34462E46C2
:10F020008A1AAAEB080A0292B244039AD606DDE9CC
:10F0300006533FF598AE40F20642039911427FF421
:10F0400031AC554641E4039A12F0010F029A5FD0A9
:10F050009045A2EB08010FDB9946029183E6029AE4
:10F06000002A40F3B38026F0170899461FFA88F368
:10F07000C84603934B46BCE7102203EB0109002A64
:10F0800067D0002202926EE6029A9045B1DBA2EBB5
:10F09000080202924FE5511C029888427FF708AEA1
:10F0A000411A16F0090F02914FD0300549D416F0DD
:10F0B000080FE1461E467FF406AE37E618B243F36A
:10F0C000C033FFF7AEBB994619E7194606F0400377
:10F0D0000693FFF7BDBB9946029244E681461E4661
:10F0E0000290FFF703BB1D464FF0FF3954E51E4663
:10F0F000AE4661E5AA460DF13008B9E4029A9342A2
:10F100007CDA984675E71E46CDF80890FFF7FABA04
:10F110009045FFF66EAFA2EB0802029223E6C446CA
:10F12000029AD046A246099CBCF1000F7FF4DCAAEB
:10F13000CDF808C0FFF7E4BAA2EB08020292FFF78D
:10F14000B1BB1E46E146FFF7DDBA1E46E1460D465D
:10F1500080E555460292FFF7B8BB8946029D79E5E6
:10F160009846029A9045FFF644AF029A5546A2EBA4
:10F1700008020292FFF7A9BB55B926F01708350718
:10F180001FFA88F203923FF551ACC8460025E8E724
:10F19000F10604D4039A494602F00800EEE630076F
:10F1A00009F102083FF5DBAD029A9045FFF621AF69
:10F1B00003935946029B3020A3EB08030293B84700
:10F1C0000028039BBFF6DAADFFF745B90DF1300813
:10F1D0004EE40398C0070BD502988145A0EB0901C6
:10F1E000FFF64BAF0DF13008FDE64946B146C5E6E6
:10F1F000029A914507DAC8468946FAE6D21A554678
:10F200000292FFF762BBA2EB0902554689460292C1
:10F21000FFF75BBB04D701002DE9F04F9BB0C1F3B2
:10F22000130504460B92CA0F0E939DF890300C9272
:10F2300040EA05020D93C1F30A53002B08BF002AD0
:10F240000CBF012200220A9200F00181080D40F259
:10F25000FF718B4200F0ED8004F001021192002B4F
:10F2600040F00481AB00012740F23446DFF8F8811A
:10F2700043EA947306970593A300049330460DF177
:10F28000580B00F057FCC31BF61A1F460793434464
:10F2900030460F9300F056FC0346594630467D3BFE
:10F2A000A7EB030A00F078FC241912ABAAF141087D
:10F2B0006D41204600932946DDE9162300F074FDD8
:10F2C00014AB06460F46204629460093DDE9182375
:10F2D00000F06AFD0022CDF80080DDE91243041938
:10F2E00051EB0305149B169928BF0122D218159BD8
:10F2F00043F1000370181799149247EB0101B042D3
:10F300001593B941DDE9180134BF4FF0010C4FF0FE
:10F31000000C201845EB01011CEB000041F100013D
:10F32000A04271EB050C34BF4FF0010C4FF0000C04
:10F330001CEB020243F1000300F04EFD039106991D
:10F340008146DDF864C0DDE914230293169B08931F
:10F35000DDE917E30993002940F02182B019AAF1F1
:10F360004001009147EB0701231945EB050AB04224
:10F3700071EB070634BF012600269E19089B4AF14F
:10F3800000079842099B71EB0E0134BF0120002059
:10F39000301A67F10001C01A029B61EB0C01921850
:10F3A0005B41A64277EB050C34BF4FF0010C4FF0E8
:10F3B000000C12EB0C0243F10003864277EB0106CE
:10F3C00034BF01260026921B63F1000300F004FD08
:10F3D0008246029120462946CDF80080DDE91423BB
:10F3E00000F0FAFC079B04460D46012B40F25283C5
:10F3F0003E2B1E4600F20A814FF0FF33A6F1200299
:10F40000C6F1200003FA02F203FA06F123FA00F033
:10F410000B461143049A014322EA0302059B23EAA7
:10F4200001031A434FF00003069308BF012305931D
:10F43000EFE00C9B25434FF000000B9A14BF43F004
:10F44000080343F0040313711BB0BDE8F08F0C9B5D
:10F4500030210B9C012043F00202002361712271D4
:10F4600023601BB0BDE8F08FCCFBFFFF54EA050220
:10F4700040F2FE7245F48015A3F2354800EA02001E
:10F4800014BF01220022002808BF42F00102271900
:10F4900006924FEA850245EB0506B8F1000F42EAF5
:10F4A000947205924FEA84020492C0F21B83404694
:10F4B0000DF1580B00F036FBB8F1030FC8BF01384F
:10F4C000044607900F9000F03DFBA4EB080800F104
:10F4D0007C035946204603EB080A00F0DDFB12AB23
:10F4E000384631460093DDE9162300F05DFC14AB8D
:10F4F00004460D46384631460093DDE9182300F0F6
:10F5000053FC0A9ADDE912638719AAF1410651EB0F
:10F510000308149B169928BF012208960096D2185A
:10F52000159B43F1000360181799149245EB0101F4
:10F53000A0421593A941DDE9180134BF0126002638
:10F54000381848EB0101301841F10001B84271EB65
:10F55000080634BF01260026B21843F1000300F06C
:10F560003BFCDDF864E003918146DDE91432DDE91E
:10F5700017610292169A0992069A002A40F0F180C9
:10F5800014EB040CAAF1400245EB05000092FA19B5
:10F5900048EB080AA44570EB0505099D34BF01241A
:10F5A000002412194AF10004AC45B041029E34BF58
:10F5B00001200020101A64F10005401A65EB0E01CD
:10F5C000DB187641BA4274EB080534BF01250025EB
:10F5D0005D1946F10003824274EB010234BF01223F
:10F5E0000022AA1A63F1000300F0F6FB82460291A2
:10F5F000089B384641460093DDE9142300F0ECFBFC
:10F60000079B04460D46152B40F21C820023CDE9D2
:10F6100005330D9B002B00F0D4810A2C75F10003FB
:10F62000C0F06A820A2300220120910001309E006E
:10F6300041EA9371F31842EB0102DB1852419C42FC
:10F6400075EB0201F1D20F9B259AC3181344D20F18
:10F650009342B8BF13460E9A9342A8BF134609932C
:10F66000B3FA83F04FF0000E03994009CDF810E093
:10F6700010904846CDE9079E634A4FF0CC33CDF851
:10F6800000B000F091FB169F179B5046FF080299AF
:10F690004FEAD3085C4A47EA4377CDF800B04FF011
:10F6A000CC3300F081FB169E179BF6084FEAD30976
:10F6B00046EA4376BE4279EB08031ED30A2C75F165
:10F6C0000003C0F08A800A23002201204FEA820C46
:10F6D000013099004CEA937CCB1842EB0C0CDB1800
:10F6E0004CEB0C0C9C4275EB0C016246EED2099B74
:10F6F000984240F3518101230A9329462046424A09
:10F700004FF0CC33CDF800B000F04EFB049B06EB7D
:10F71000860208990133179DBAEB420F069A0493AB
:10F72000B24602F00102169B18BF00223846DB08E1
:10F73000CDF808900692059A43EA45730797ED08BD
:10F74000002914BF002202F00102CDF80C804146CE
:10F75000059203EB8302A4EB42021C46D3B208934A
:10F760008AE70998791A089A009268EB0E02844297
:10F7700075EB060634BF01200020081A62F1000173
:10F78000874278EB010234BF012200229A1A029BC1
:10F7900063F1000300F020FB8246029128E7E11AA2
:10F7A000089BCDF8008065EB0C0C9E42029B77EB2A
:10F7B0000E0034BF01200020081A6CF100018442C1
:10F7C00075EB010634BF01260026921B63F100038E
:10F7D00000F002FB82460291FCE5099B002B00F33E
:10F7E000DB8054EA050386D1109B002B83D00024D4
:10F7F000DDE9079E2546069B002B4ED05B46F04672
:10F80000A34602991C4632E0CDCCCCCCBB4A4FF08B
:10F81000CC330094B24600F0C7FA169B29465846EE
:10F820004FEAD309179BB54A49EA43790094DB08AC
:10F8300003934FF0CC3300F0B7FA059B179D394680
:10F84000B8F1000F14BF002303F0010302970593E2
:10F85000049B01330493169BDB0843EA4573ED08D0
:10F8600003EB8302ABEB42029B465FFA82F84FF058
:10F87000CC33A24A5046009400F096FA169E179F89
:10F880004846F608039946EA4776FF0806EB8603E2
:10F89000BAEB430FBAD0C6465C46049BDDF83CB0D9
:10F8A000059A9B44029BBEF1050F14BF002202F093
:10F8B00001029D4208BF54450A9B83F0010303F0F7
:10F8C000010318BF0023002A69D014F001017BD185
:10F8D000002B40F022810A2C75F10002C0F020813B
:10F8E0001A460A230021012688009F0040EA9370EF
:10F8F000FB1841EB0001DB18304606F101064941D7
:10F900009C4275EB0107EFD2099B9E4201DD002A64
:10F9100066D109980FFA8BFEB042A8BF304600B2FC
:10F92000864400280EF1FF3E2EDD0B9B411D734ADD
:10F930004FF0CC37194403F1050C052614EB0508EC
:10F9400048F10008A2FB083929F0030303EB9903EF
:10F95000A8EB0308B4EB080465F1000307FB04F50A
:10F9600002FB0355A4FB02431D4404F00103640899
:10F97000A3FB063944EAC57413EB08036D08303362
:10F9800001F8013D6145D9D10B9A0C9BC2F800E00A
:10F9900013711BB0BDE8F08FDDE9079E2BE7BBB903
:10F9A000BEF1040F94BF002201221146611845F1F7
:10F9B00000050A290C4675F1000392D200200126A9
:10F9C000A2E70E9B09934BE6002BEFD04FF0050EFC
:10F9D000069B119A83F001031A43E1D00121E5E768
:10F9E0000D9B6BB1259A06EB0B0313440E9A012B6A
:10F9F000B8BF01239A42A8BF1A469642099288DDF1
:10FA000005343E4906464FF0CC3345F100050BF175
:10FA1000010B621942F10002A1FB020727F003006B
:10FA200000EB9700121AA41A65F1000504FB03F31A
:10FA300001FB0533A4FB01410B4464085D0844EA63
:10FA4000C37466E7049E14AB2C4A009330464FF013
:10FA5000CC33059900F0A8F9149B159A9B0843EA4A
:10FA6000827303EB8303B3424AD0119E049B1EBBF7
:10FA7000013B059A42F1FF31069A981A61F10001A3
:10FA800000F068F8079B83428CBF00230123CDE977
:10FA90000563BEE5119B13B901230593B9E519F17F
:10FAA000FF334FF000029946039B63F10003039379
:10FAB0000123CDE90532ACE5981C059B43F100011B
:10FAC00000F048F8079B83428CBF00230123B9EB69
:10FAD00003039946039B63F1000303930023CDE9DD
:10FAE000053396E540F2354618F10107A6EB03060B
:10FAF00018BF0127FFF7C2BB0120A4E5CDCCCCCCB9
:10FB0000DDE9040100F026F8079B83428CBF002347
:10FB100001230593002306937BE54FF0040E57E77E
:10FB20000126F6E6024B03FB00F0800C704700BF95
:10FB300041340100024B03FB00F0000D704700BF91
:10FB4000FB2E0B00024B03FB00F0C00C0130704792
:10FB50004F93120030B54FF0CC350E4C4FF0333C84
:10FB600005FB00F304FB0131A0FB043200200A4432
:10FB70009C457CEB02010CD3A64605FB03F101304A
:10FB800004FB0211A3FB0E320A449C457CEB0201EC
:10FB9000F3D230BDCDCCCCCC2DE9F04F3A4D1A2369
:10FBA0003A4F87B0A5FB00250E46ED0803FB150371
:10FBB00007EB051753B9D7E90023C1E90023D7E9BB
:10FBC0000201C6E9020107B0BDE8F08F304A02A980
:10FBD000044602EBC303D3E90089D7E90223404678
:10FBE0000091494600F0E0F802460B46404649467F
:10FBF00091469846D7E9002304AF009700F0D4F867
:10FC0000002282468B46DDE9047317EB090753EBAC
:10FC1000080928BF012232B1029B01330293039BE2
:10FC200043F1000303932046FFF78CFF80461A2020
:10FC300005FB00F0FFF786FFA8EB00053A464B46B0
:10FC400000955046594600F0C7F80095114B25091C
:10FC50006400844653F825300A4604F01E043846F2
:10FC60004946E34003F0030313EB0C0342F10002A7
:10FC7000C6E90032DDE9022300F0AEF8C6E9020170
:10FC800007B0BDE8F08F00BF4FECC44EC8CF0100F5
:10FC9000F8CE01000CD701003F4A00F11903A2FB86
:10FCA00003232DE9F04FDB081A263C4F87B003FBF6
:10FCB00006F60D4607EB031B321A0AD1DBE90023D7
:10FCC000C1E90023DBE90201C5E9020107B0BDE893
:10FCD000F08F4FEA031A324B02A9044603EBC2032A
:10FCE000D3E90089DBE9022340460091494600F050
:10FCF0005BF857F80A200F46DBF80430013A8446D7
:10FD00004046B84604AF63F100034946E246009717
:10FD100000F04AF8002281468B46DDE9047317EBB8
:10FD20000A0753EB080828BF012232B1029B0133B6
:10FD30000293039B43F1000303933046FFF702FF56
:10FD400006462046FFF7FEFE361A3A464346009620
:10FD50004846594600F040F80096124B26096400C8
:10FD6000844653F826300A4604F01E0438464146BD
:10FD7000E34003F00303013313EB0C0342F10002F1
:10FD8000C5E90032DDE9022300F026F8C5E90201E9
:10FD900007B0BDE8F08F00BF4FECC44E98D0010013
:10FDA000F8CE010060D701004FF0000C70B58E4610
:10FDB00005461646A0FB02016246049CEEFB0612B5
:10FDC0006646EEFB032CE3FB051692194CF100038B
:10FDD000C4E9002370BD00BF10B5029CC4F1400C03
:10FDE000C4F1200EE04002FA0EFE03FA0CF302FA10
:10FDF0000CFC43EA0E03C4F1200E01FA0EFE40EAA9
:10FE00000E00A4F1200E22FA0EFEA4F1200221FA27
:10FE100004F421FA02F243EA0E03104343EA040118
:10FE20004CEA000010BD00BF2DE9F0430446C1F3C9
:10FE30001305CE0F184654EA05039DF81CE0C1F3E4
:10FE40000A51167156D10B1E18BF0123002951D13A
:10FE500000281360C0F25E810C2800F3DA811F468F
:10FE60001D46C0F10D060124B600711EA6F1210841
:10FE7000C6F1210304FA01F104FA08F824FA03F3A5
:10FE80004C1848EA030848EB0809634269EB490C3F
:10FE9000013C49F1FF393C4009EA0509A14278EBF0
:10FEA00009090EDBC6F1200927FA06F4203E05FAFF
:10FEB00009F944EA090402D445FA06F63443E40792
:10FEC00003D5C91945EB08050F463B4005EA0C0C64
:10FED0001B0943EA0C734FEA2C1C19090C2803F088
:10FEE0000F0441EA0C714FEA2C1C2CD0002C00F0BE
:10FEF000148128E040F2FF73994200F08D810029BF
:10FF000000F0F780A1F2FF31002845F48015274664
:10FF10001160C0F2F5800C28A3DD230904F00F0066
:10FF20004FEA251C43EA0573092802DDCEF12701BB
:10FF300008443030190903F00F0441EA0C71907441
:10FF40004FEA2C1C0D20092C02DDCEF127031C44A6
:10FF500030340C284FEA11155474B8BF0C2001F04E
:10FF60000F0445EA0C754FEA2C13092C02DDCEF183
:10FF700027010C4430340B2814744FEA1514B8BF11
:10FF80000B2005F00F0544EA03741B11092D02DD57
:10FF9000CEF127010D444FEA14180A2805F1300567
:10FFA00004F00F0448EA0378B8BF0A201B11D57388
:10FFB000092C02DDCEF127010C443034092894735A
:10FFC0004FEA1814B8BF092008F00F0844EA037478
:10FFD0001B11B8F1090F02DDCEF12701884408F1A9
:10FFE0003008082882F80D804FEA1418B8BF08209E
:10FFF00004F00F0448EA03781B11092C02DDCEF14E
:020000021000EC
:1000000027010C443034072814734FEA1814B8BF82
:10001000072008F00F0844EA03741B11B8F1090F18
:1000200002DDCEF1270188442109062808F13008B5
:1000300004F00F0441EA0371B8BF06201B1182F8D7
:100040000B80092C02DDCEF127052C444FEA111854
:10005000052804F1300401F00F0148EA0378B8BF25
:1000600005201B119472092902DDCEF127042144D9
:100070004FEA1814042801F1300108F00F08B8BF46
:10008000042044EA03744FEA23195172B8F1090FAE
:1000900002DDCEF1270398442109032808F1300836
:1000A00004F00F04B8BF032041EA09714FEA291395
:1000B00082F80880092C02DDCEF127052C440D09B9
:1000C000022804F1300401F00F01B8BF022045EA14
:1000D0000375D471092902DDCEF1270E7144012880
:1000E00001F13001B8BF0120917130355571BDE883
:1000F000F083A1F2FE31002827461160BFF60BAF56
:10010000230914F00F004FEA251C43EA05737FF41E
:100110000BAFE2E6184619469C460D0911F00F0494
:100120004FEA2C1745EA0C753B467FF41EAF0B28AF
:100130003FF41BAF0C0A15F00F054FEA2C2644EADA
:100140000C6433467FF422AF0A283FF41FAF4FEA16
:10015000113814F00F044FEA2C3548EA0C582B469E
:100160007FF426AF09283FF423AF0C0C18F00F08DA
:100170004FEA2C4344EA0C447FF42BAF08283FF4A9
:1001800028AF4FEA115814F00F044FEA2C5348EAF5
:100190000C387FF432AF07283FF42FAF0C0E18F065
:1001A0000F084FEA2C6344EA0C247FF437AF06288B
:1001B0003FF434AF090F14F00F044FEA2C7341EAF7
:1001C0000C117FF43EAF05283FF43BAF11F00F0157
:1001D000E0464FEAEC737FF446AF04283FF443AFA8
:1001E0001CF00F083C4699467FF450AF03283FF4BB
:1001F0004DAF17F00F0431467FF45CAF02283FF497
:1002000059AF16F00F017FF465AFC3077FF56DAFEF
:1002100060E79C4618468CE625434FF0000014BF6B
:1002200046F0080646F004061671BDE8F08300BFEC
:10023000D1E90432934202D05A1C0A611870704707
:1002400080B400AF00BFBD4680BC704780B500AF32
:1002500005F014FD0346184680BD80B500AFFFF7DA
:10026000F5FF0346184680BD80B582B000AFC7E9F0
:100270000001D7E9000108F0FCFF034618460837E3
:10028000BD4680BD80B584B000AFF860C7E90023EB
:10029000D7E90023F868F9F795FB034618461037AD
:1002A000BD4680BD80B582B000AF78607868F9F750
:1002B000FBFA00BF0837BD4680BD80B487B000AFF1
:1002C000786039607B681A4600231360536093603E
:1002D0007B683A681A607B6803225A6000BF1C374B
:1002E000BD4680BC704780B483B000AF78600B46D9
:1002F000FB70FB787A68134401221A6000BF0C3748
:10030000BD4680BC704780B483B000AF78600B46B8
:10031000FB707B68D3F8043523F00302FB7803F00D
:1003200003031A437B68C3F8042500BF0C37BD469E
:1003300080BC704780B483B000AF78600B46FB7020
:100340007B68D3F8083523F00302FB7803F003033E
:100350001A437B68C3F8082500BF0C37BD4680BC34
:10036000704780B483B000AF786039607B683A68CA
:10037000C3F8102500BF0C37BD4680BC704780B461
:1003800083B000AF78600B46FB70FA787B6802F5AB
:10039000A87253F8223018460C37BD4680BC70470F
:1003A00080B483B000AF7860002318460C37BD4698
:1003B00080BC704780B582B000AF78607B68DB0896
:1003C0001846FFF7EDFF034618460837BD4680BDC7
:1003D00080B582B000AF78607B689B681846FFF7F5
:1003E000DFFF034618460837BD4680BD80B483B0A2
:1003F00000AF78607B6818460C37BD4680BC7047FC
:1004000080B586B000AFF860B9601346FB71F8683C
:10041000FFF7ECFF7861BB68DB007A6913443B614E
:10042000F868FFF7D5FF0346002B05D0FB799B004A
:100430003A6913441B6804E0FB795B003A69134492
:100440001B8818461837BD4680BD80B586B000AF02
:10045000F860B9603B601346FB71F868FFF7C6FFB0
:100460007861BB68DB007A6913443B61F868FFF789
:10047000AFFF0346002B06D0FB799B003A6913447B
:100480003A681A6006E0FB795B003A6913443A68FF
:1004900092B21A8000BF1837BD4680BD80B582B0C9
:1004A00000AF78603960012239687868FFF7A8FFEB
:1004B00003465B0818460837BD4680BD80B586B048
:1004C00000AFF860B9601346FB71F868FFF78EFF64
:1004D0007861BB68DB007A6913443B61F868FFF719
:1004E00077FF0346002B14D0FB79002B08D03B6923
:1004F00004331A683B69043342F001021A601EE0BB
:100500003B6904331A683B69043322F001021A6024
:1005100015E0FB79002B09D03B6902331A883B694F
:10052000023342F0010292B21A8008E03B690233C2
:100530001A883B69023322F0010292B21A8000BF8E
:100540001837BD4680BD80B584B000AFF860B96093
:100550007A607B685B000122B968F868FFF775FF75
:1005600000BF1037BD4680BD80B582B000AF786057
:100570003960022239687868FFF742FF034618465F
:100580000837BD4680BD80B584B000AFF860B96063
:100590007A607B680222B968F868FFF756FF00BFEF
:1005A0001037BD4680BD80B584B000AFF860B9603B
:1005B0007A607B680322B968F868FFF746FF00BFDE
:1005C0001037BD4680BD80B584B000AFF860B9601B
:1005D0007A607B680022B968F868FFF736FF00BFD1
:1005E0001037BD4680BD80B582B000AF78607868B6
:1005F000FFF7EEFE0346002B01D0082300E00423A2
:1006000018460837BD4680BD80B582B000AF78601F
:100610007868FFF7CFFE0346002B01D0082300E0E7
:10062000042318460837BD4680BD80B483B000AFB0
:1006300078607B680733DB0818460C37BD4680BC02
:10064000704780B582B000AF78607868FFF7CBFF65
:10065000034601331846FFF7E8FF034618460837FC
:10066000BD4680BD90B583B000AF786039607868D2
:10067000FFF7AEFE0346002B0CD039687868FFF711
:100680000DFF04467868FFF7DCFF03469C4201D269
:10069000012300E0002303F00103DBB218460C370E
:1006A000BD4690BD80B584B000AF78603960786891
:1006B000FFF7C7FF02463B689B1A0133FB60FB68EC
:1006C000B3FA83F3C3F11F0318461037BD4680BD4C
:1006D00080B588B000AFF860B9607A607B68043399
:1006E0009B00FA681344FB61FB691B68002B16D161
:1006F000FB68DA6801217B6801FA03F31A43FB689F
:10070000DA60FB69BA681A60BA68B968F868FFF716
:100710003AFFBA68B968F868FFF745FF1BE0FB6964
:100720001B68BB61B969F868FFF71EFF78617A69D9
:10073000B968F868FFF727FFBA69B968F868FFF782
:1007400032FFBA687969F868FFF72DFFBA68B969AE
:10075000F868FFF718FF00BF2037BD4680BD80B5A1
:1007600084B000AF7860396039687868FFF77AFF45
:10077000034683F00103DBB2002B0ED039687868A2
:10078000FFF78CFE034619467868FFF78BFFF86089
:10079000FA6839687868FFF79BFF00BF1037BD46DD
:1007A00080BD80B58CB000AFF860B9607A607868C1
:1007B000FFF72AFF02467B689B1A7B60BB68073302
:1007C00023F00703BB62BA687B68134423F0070376
:1007D0007B627A6ABB6AD31ADB083B62BB6AFB6145
:1007E000FB68FA691A60FB693A6A9A60FB69002241
:1007F000DA60396AF869FFF755FF03460133BB61D8
:10080000BB6904339B001846FFF70FFF7861002394
:10081000FB6208E0FB69FA6A0432002143F8221007
:10082000FB6A0133FB62FA6ABB699A42F2DB7A69BE
:100830000021F869FFF787FE00220021F869FFF721
:10084000C2FE01220021F869FFF738FE3A6A7B698F
:10085000D31A1A467969F869FFF775FE7A697969DA
:10086000F869FFF7B0FE0022396AF869FFF76BFEFE
:100870003A6A7B69D31A1A46396AF869FFF7A3FE08
:100880000122396AF869FFF719FE7969F869FFF7FB
:1008900066FF00BF3037BD4680BD80B58AB004AF6B
:1008A000B9607B600346FB731346BB7307F12C03EF
:1008B0007B61BA7BF87B7B690393BB6A02937B6A9B
:1008C00001933B6A00937B68B968F2F71DFC00BF97
:1008D0001837BD4680BD80B582B000AF78607868BB
:1008E000F0F796FD034618460837BD4680BD90B523
:1008F00087B000AFF860B9607A603B60BB6A7B612B
:10090000BC687B693A687968F868A047034618466E
:100910001C37BD4690BD80B588B000AF78607B685D
:10092000FB61FB697B61FB691B789B003B61FB6999
:1009300001331B78FB60FB6902331B78BB60FA69EB
:100940003B691344FB61FA69BB681344FB610023F4
:10095000BB610DE0FB690133FB61F869FDF78CF9C0
:1009600003460133FA691344FB61BB690133BB6180
:10097000BA69FB689A42EDD3FA697B69D31A1846C3
:100980002037BD4680BD80B584B000AFF860B96047
:100990007A607B80FB68002B05D17868FDF76CF9E5
:1009A0000346013312E07B88002B07D17868FDF7FE
:1009B00063F903469BB201339BB200E07B887B80E6
:1009C0007988FB68BA6878689847034618461037F4
:1009D000BD4680BD80B590B002AFF860B9607A6066
:1009E0003B603B68FB623B68BB62FB6A002B02D149
:1009F0006FF0150343E0BB6A1B789B007B62BB6A08
:100A00005B783B62BB6A9B78FB61BB6ADB78BB614E
:100A10007A6AFB691A44BB695B001344FA6A13449F
:100A20007B6300233B6318E07B6B1B787B617B6BF4
:100A300001337B637B699B00FA6A13443B613B692A
:100A40007A6B1A60786BFDF717F9034601337A6BFE
:100A500013447B633B6B01333B633A6B3B6A9A42C3
:100A6000E2D3FB6A0833FB62BB6A5A68FB6A0093F5
:100A700013467A68B968F868FFF739FF03461846E5
:100A80003837BD4680BD80B483B000AF0346FB71EC
:100A9000FB793F2B04D9FB797A2B01D8012300E0A5
:100AA000002303F00103DBB218460C37BD4680BCBF
:100AB000704780B586B000AF786039600023FB7561
:100AC00000233B6131E0FB7D002B1DD03A693B6880
:100AD0009A420DD1FB7B702B01D101232EE0FB7BD1
:100AE0001846FFF7D0FF0346002B0DD0002325E06A
:100AF000FB7B1846FFF7C7FF0346002B04D03B697A
:100B000001333B610023FB75FB7B252B0DD1FB7D66
:100B1000002B14BF01230023DBB283F00103DBB2FF
:100B2000FB75FB7D03F00103FB757B685A1C7A6043
:100B30001B78FB73FB7B002BC5D1002318461837AD
:100B4000BD4680BD80B483B000AF786000231846F6
:100B50000C37BD4680BC704780B58CB000AF786064
:100B600039603968786801F029FC00BF3037BD462C
:100B700080BD0FB480B582B000AF07F114037B6075
:100B800079683869FFF7E8FF00BF0837BD46BDE860
:100B9000804004B0704780B500AFFAF753FA0346BF
:100BA000184680BD80B582B000AF78607868F4F7F1
:100BB000DDF900BF0837BD4680BD80B483B000AF0B
:100BC00078607B68002B07D07B685A1E7B681340D7
:100BD000002B01D1012300E0002303F00103DBB26D
:100BE00018460C37BD4680BC704780B584B000AF56
:100BF000F860B9607A607A68B968F86807F08CFEC6
:100C0000034618461037BD4680BD80B584B000AF9E
:100C1000F860C7E90023D7E90023F868F8F7D2FEA7
:100C2000034618461037BD4680BD80B582B000AF80
:100C300078607868F8F738FE00BF0837BD4680BD99
:100C400080B584B000AF786039601C2200217868DC
:100C5000FCF7BAFF3B68DA687B689A613B689A6880
:100C60007B685A613B681A687B68DA613B685A683E
:100C70007B681A627B6800225A623B681A697B684B
:100C80001A617B681B6A1846FFF797FF0346002B23
:100C900005D07B681B6943F001027B681A617B68A1
:100CA0002833012200211846FFF79FFFF86000BF9C
:100CB0001037BD4680BD80B483B000AF7860396026
:100CC0007B681B6903F00803002B04D03B680022FB
:100CD0001A60002316E07B68DA687B681B689A421A
:100CE00008D97B68DA687B681B68D21A3B681A608F
:100CF000002307E07B681A6A7B681B68D21A3B688E
:100D00001A60012318460C37BD4680BC704780B47A
:100D100083B000AF786039607B681B6903F008031B
:100D2000002B05D17B689A687B685B689A4208D97A
:100D30007B681A6A7B689B68D21A3B681A60012339
:100D400007E07B685A687B689B68D21A3B681A6028
:100D5000002318460C37BD4680BC704780B584B070
:100D600000AF786007F10C0319467868FFF7A3FF1E
:100D70000346002B05D07B68DA68FB681344013B0F
:100D8000FB607B681A6AFB68D31A013B1846103770
:100D9000BD4680BD80B584B000AF78607B681B69BC
:100DA00003F00403002B0ED07B685B6AFB6078685D
:100DB000FFF7D4FFB860BA68FB689A4238BF1A469A
:100DC0007B685A6200E000BF1037BD4680BD80B42A
:100DD00083B000AF78607B681B78C3F30003DBB29D
:100DE00018460C37BD4680BC704780B483B000AF56
:100DF00078607B681B7803F00103DBB2002B08D11D
:100E00007B681B7803F00203DBB2002B01D10123C6
:100E100000E0002303F00103DBB218460C37BD46A7
:100E200080BC704780B487B000AFF860B9607A606A
:100E30007B68BA6813447B61FB681B6903F001039C
:100E4000002B05D0FB681B6A5A1E7B6913400AE021
:100E5000FB681B6A7A699A4204D3FB681B6A7A6949
:100E6000D31A00E07B6918461C37BD4680BC70472A
:100E700080B483B000AF78607B681B7803F0020316
:100E8000DBB2002B0BD07B681B7803F00103DBB2D5
:100E9000002B04D17B681B68C3F39D0300E0002393
:100EA00018460C37BD4680BC704780B582B000AF95
:100EB000786039607B68DB683A6819467868FFF7C4
:100EC000B1FF02467B68DA607B681B6923F0080289
:100ED0007B681A6100BF0837BD4680BD80B586B00B
:100EE00000AF786039603B7B23F001033B733B7BB1
:100EF00043F002033B733B6823F04042FB6862F31C
:100F00009F03FB607B68DA697B681B689B00134466
:100F1000FA681A603B687A687A613B617B691B6892
:100F20003A6919467869FFF77DFF02467B691A60C6
:100F30007B691A687B69DB689A4205D17B691B690A
:100F400043F008027B691A6100BF7B685B683A68FE
:100F500019467868FFF766FF02467B685A6000BF53
:100F60001837BD4680BD80B58AB000AFF860B96063
:100F70007A603B60FB68DA69FB68DB689B001344BE
:100F80003B62386AFFF774FFF8617B6800221A60E1
:100F90003B6800221A60FB69002B0AD0FB691946E6
:100FA000F868FFF782FFFB68DA68FB689A60012344
:100FB0008BE0FB681B6903F00203002B01D10023C7
:100FC00083E0FB689B69386A9847B861386AFFF725
:100FD000FEFE034683F00103DBB2002B01D00023A9
:100FE00073E03B6A1B7803F00203DBB2002B37D0BF
:100FF000012387F82730BB68002B03D0B968F86855
:10100000FFF76CFFFB685B68BA691946F868FFF781
:1010100009FF0246FB685A60FB68DA68FB689B6858
:101020009A420CD1FB689B68BA691946F868FFF7C9
:10103000F9FE0246FB689A60002387F82730FB68B8
:101040009A68FB681A60FB689A68FB68DA60FB685C
:101050001B6943F00802FB681A6197F8273034E0F7
:10106000BB691946F868FFF720FFFB68DA68FB6880
:101070009A60BB68002B09D000237B61FB68DA69AA
:10108000FB681B689B0013447A691A60BA69BB68E5
:101090001A443B681A60FB6819683B681B681A466B
:1010A000F868FFF7BFFE0246FB681A60FB681B6921
:1010B00043F00802FB681A613A6A137823F00103CF
:1010C00013707B683A6A1A60012318462837BD46B8
:1010D00080BD80B586B000AFF860B9607A607B688B
:1010E0001A46B968F868FFF79DFE7861FB681B68CF
:1010F0007A699A4209D1FB68BA681A60FB681B6971
:1011000023F00802FB681A611FE03B7C23F0010317
:101110003B743B7C43F002033B747B6823F040420A
:101120003B6962F39F033B61FB68DA69BB689B0024
:1011300013443A691A60FB685B687A681946F86874
:10114000FFF770FE0246FB685A601837BD4680BD47
:1011500080B5A6B000AFF860B960C7E900230023EE
:10116000C7F894300023FB62012387F893300023F3
:101170007B620023C7F88C30FB681B6ABA689A420E
:1011800001D900230DE1FB681433C7F88030EFF379
:101190001183FB67FB6FBB6720237B677B6F83F348
:1011A000128800BFBFF36F8F00BFBB6FBB61D7F862
:1011B00080303B6700BFD7F88030FB6600BFBB695B
:1011C0003B627B6A002B08D07B6A1A46D7F88C10EA
:1011D000F868FFF77EFF00237B6207F128031946BA
:1011E000F868FFF768FD034687F88B30BB6ABA687A
:1011F0009A4232D8FB68DA69FB681B689B0013448B
:10120000C7F89430D7F89420137823F001031370B3
:10121000D7F89420137823F002031370BB68FA68A0
:10122000BA667B66BB6E1B687A6E1946B86EFFF7AE
:10123000F9FD0246BB6E1A60BB6E1A68BB6EDB68B6
:101240009A4205D1BB6E1B6943F00802BB6E1A615E
:1012500000BF002387F893307BE097F88B30002B9A
:1012600008D0BB6A1946F868FFF738FE012387F8F3
:1012700093306EE0D7E900234FF000004FF00001FB
:101280008B4208BF824251D007F010FC034683F026
:101290000103DBB2002B49D03B6A3B663B6E002B5F
:1012A0000CBF01230023DBB2002B3FD0FB681433BB
:1012B0003A6A7A617B647B693B643B6CFB63FB6BE2
:1012C00083F3118800BFBFF36F8F00BF00BF00BF63
:1012D000FB6803F12801D7E900230846FFF795FCD6
:1012E000C7F88400FB681433FB65EFF31183BB651B
:1012F000BB6D7B6520233B653B6D83F3128800BF8C
:10130000BFF36F8F00BF7B6D3B61FB6DFB6400BF64
:10131000FB6DBB6400BF3B693B62D7F88430002B98
:101320000CBF0123002387F8933012E097F8933025
:10133000002B0ED0FB681B68C7F88C30B96A07F128
:10134000240307F12C02F868FFF70DFE034687F827
:101350009330FB6814333A6AFA61BB63FB697B63C1
:101360007B6B3B633B6B83F3118800BFBFF36F8FD5
:1013700000BF00BF00BFFB6A002B0BD0FB685B699E
:10138000002B05D0FB685B69FA6A1146F86898473C
:101390000023FB6297F89330002B7FF4F4AED7F86C
:1013A000943018469837BD4680BD80B590B000AFE8
:1013B000786039607B689B6938689847F8637B6818
:1013C0001433FB62EFF31183BB62BB6A7B622023A1
:1013D0003B623B6A83F3128800BFBFF36F8F00BF8D
:1013E0007B6A3B61FB6AFB6100BFFB6ABB6100BFBC
:1013F0003B697B613A68137843F0010313707B68A3
:101400005B68FA6B19467868FFF70CFD02467B684B
:101410005A607868FFF7BEFC7B6814337A69FA601B
:10142000BB63FB687B637B6B3B633B6B83F3118824
:1014300000BFBFF36F8F00BF00BF00BF00BF4037CA
:10144000BD4680BD90B595B000AF7860002387F8A9
:101450004730002387F84F307B681433BB63EFF3CA
:1014600011837B637B6B3B632023FB62FB6A83F30B
:10147000128800BFBFF36F8F00BF3B6BBB60BB6BBD
:10148000BB6200BFBB6B7B6200BFBB683B6107F107
:10149000140319467868FFF73AFC7B68DA697B68C1
:1014A0009B689B001344BB647B69002B05D0B86C20
:1014B000FFF79BFC0346002B02D00023BB6444E0F3
:1014C000B86CFFF7D5FC38643B6C002B08D1B86CC6
:1014D000FFF77DFC034683F00103DBB2002B20D035
:1014E0003B6C002B05D17B689B69B86C9847034621
:1014F00000E03B6CFB637B689B68FA6B194678687D
:10150000FFF790FC02467B689A60FB6B194678688F
:10151000FFF7CBFC012387F84F30012387F84730D2
:1015200013E0BA6C137843F0020313707B689C6875
:101530007B689B69B86C984703461A4621467868D1
:10154000FFF770FC02467B689A607B6814333A6947
:10155000FA603B62FB68FB61FB69BB61BB6983F3BB
:10156000118800BFBFF36F8F00BF00BF00BF97F8A7
:101570004F30002B7FF46DAF97F84730002B07D02A
:10158000BB6C002B04D17B6828331846FFF74DFB5A
:10159000BB6C18465437BD4690BD80B590B000AFC7
:1015A000786039607B689B6938689847F8637B6826
:1015B00014337B63EFF311833B633B6BFB622023AC
:1015C000BB62BB6A83F3128800BFBFF36F8F00BF9B
:1015D000FB6ABB607B6B7B6200BF7B6B3B6200BFC7
:1015E000BB683B613B68BB63BA6B137823F00103B4
:1015F00013707B681B6903F00203002B08D07B6823
:10160000DA697B68DB689B0013443A689A421AD116
:10161000BA6B137823F0020313707B68DA687B6877
:101620009B689A4209D17B689B68FA6B1946786877
:10163000FFF7F8FB02467B689A60FB6B19467868F7
:10164000FFF733FC07E0FB6B23F04041BA6B1368F4
:1016500061F39F0313607B6814333A69FA60FB619E
:10166000FB68BB61BB697B617B6983F3118800BF49
:10167000BFF36F8F00BF00BF00BF7B6828331846E1
:10168000FFF7D3FA00BF4037BD4680BD80B590B0AC
:1016900000AF78607B6814333B63EFF31183FB6228
:1016A000FB6ABB6220237B627B6A83F3128800BFE4
:1016B000BFF36F8F00BFBB6A3B613B6B3B6200BFF8
:1016C0003B6BFB6100BF3B697B6107F11803194667
:1016D0007868FFF71CFB7B6814337A69FA60FB6358
:1016E000FB68BB63BB6B7B637B6B83F3118800BFC1
:1016F000BFF36F8F00BF00BF00BFBB69002B14BFDB
:1017000001230023DBB218464037BD4680BD80B4BC
:1017100083B000AF78607B6800221A607B6800228B
:101720005A6000BF0C37BD4680BC704780B483B0A0
:1017300000AF78607B681B6818460C37BD4680BCDC
:10174000704780B483B000AF786039607B683A68D6
:101750001A6000BF0C37BD4680BC704780B483B0B0
:1017600000AF786039607B683A681A6000BF0C3758
:10177000BD4680BC704780B483B000AF78603960EC
:101780007B683A685A6000BF0C37BD4680BC704722
:1017900080B483B000AF78607B681B6818460C3754
:1017A000BD4680BC704780B483B000AF78607B6872
:1017B0005B6818460C37BD4680BC704780B582B068
:1017C00000AF78607868FFF7E3FF0346002B0CBF9B
:1017D00001230023DBB218460837BD4680BD80B523
:1017E00082B000AF78607868FFF7A0FF0346184624
:1017F0000837BD4680BD80B582B000AF78607B6899
:10180000002B04D07868FFF7EAFF034600E00023CE
:1018100018460837BD4680BD80B582B000AF7860FD
:10182000396000213868FFF78CFF7868FFF7BBFF4D
:101830000346002B08D139687868FFF79CFF3968A8
:101840007868FFF78BFF0BE07868FFF7ACFF034683
:1018500039681846FFF775FF39687868FFF78BFF1E
:101860000837BD4680BD80B584B000AF7860786829
:10187000FFF78EFFF860F868FFF758FF0346194638
:101880007868FFF76BFF7868FFF78DFF0246FB680B
:10189000934207D17868FFF77BFF034619467868C3
:1018A000FFF769FFFB6818461037BD4680BD80B45E
:1018B00083B000AF786039603B689BB203F00703E8
:1018C0009AB27B681B8B23F007039BB213439AB237
:1018D0007B681A8300BF0C37BD4680BC704780B55B
:1018E00084B000AF786039607B68002B02D03B6821
:1018F000002B02D16FF0150310E03B68043318464B
:1019000000F069FAF860FB68002B06D13B689B6821
:10191000032B02D96FF01503FB60FB6818461037E4
:10192000BD4680BD80B48BB000AF786039607B6805
:10193000002B0AD03B68002B07D03B681B68002BAC
:1019400003D03B685B68002B02D16FF015030DE0FC
:101950007B681A460023136053609360D360136161
:10196000536193617B683A681A61002318462C37EB
:10197000BD4680BC704790B589B000AFF860B960D3
:101980007A60FB6808337B617869FFF701FF0346E3
:10199000002B04D07869FFF7FBFE034600E000232C
:1019A000FB61FB69002B0ED0FB691846FFF723FF94
:1019B0000346002B05D0FB691846FFF71CFF0346C2
:1019C00002E0002300E00023BB611CE0FB695C68CF
:1019D0007B68BA68F969F868A047BB69FB61FB6975
:1019E000002B0ED0FB691846FFF705FF0346002BBE
:1019F00005D0FB691846FFF7FEFE034602E0002310
:101A000000E00023BB61FB69002BDFD100BF00BFFA
:101A10002437BD4690BD90B587B000AFF860B9607F
:101A20007A603B60BB6804333968184600F001FAFD
:101A300078617B69002B05D07C693B687A68B9685E
:101A4000F868A04700BF1C37BD4690BD80B586B082
:101A500000AFF860B9607A603B600BE0B868FFF7F0
:101A600002FF78617B693B613B687A683969F86895
:101A7000FFF7D1FFB868FFF7A1FE034683F001032B
:101A8000DBB2002BEAD100BF00BF1837BD4680BDD6
:101A900080B58AB000AF786039607B6814337B62B0
:101AA000EFF311833B623B6AFB612023BB61BB699F
:101AB00083F3128800BFBFF36F8F00BFFB69BB6069
:101AC0007B6A7B6100BF7B6A3B6100BFBB68FB60D8
:101AD0007B683A685A61FA6801217868F0F706FC79
:101AE00000BF2837BD4680BD80B584B000AF7860A8
:101AF0000023FB607B681B8B03F00703BB60BB68A4
:101B0000002B0CD17B681846FFF758FE034683F084
:101B10000103DBB2002B02D00323FB6018E0BB689B
:101B2000022B06D17B685B8B002B02D10423FB6068
:101B30000EE0BB68012B0BD17B681846FFF73EFE19
:101B4000034683F00103DBB2002B01D00523FB60C9
:101B5000FB6818461037BD4680BD80B586B000AF23
:101B6000F860B9607A60FB681B8B03F007033B6188
:101B70007B68002B0EDABB68FA6892E8030083E802
:101B80000300FB681846FFF7C2FD0121F868FFF764
:101B90008EFE69E03B69062B02D03B69052B4ED1D6
:101BA000BB68FA6892E8030083E80300FB68184604
:101BB000FFF7ADFD3B69062B2FD1B868FFF7E8FDB5
:101BC0000346002B04D0B868FFF7E2FD034600E0AF
:101BD00000237B6119E0FB685B8B01339AB2FB68E1
:101BE0005A837B69002B0ED07B691846FFF703FEF2
:101BF0000346002B05D07B691846FFF7FCFD034622
:101C000002E0002300E000237B617B69002BE2D12E
:101C10000221F868FFF74BFE03E00021F868FFF7A8
:101C200046FEF868FFF760FF0346002B1CD0FB68F8
:101C30001B8B43F020039AB2FB681A8314E03B69C4
:101C4000042B11D10021F868FFF731FEF868FFF787
:101C50004BFF0346002B07D0FB681B8B43F0200390
:101C60009AB2FB681A83FFE700BF1837BD4680BDF4
:101C700080B592B000AF78603960002387F84730B4
:101C8000002387F84630002387F8453039687868A4
:101C9000FFF725FE38643B6C002B01DA3B6C87E0D4
:101CA0007B681433BB63EFF311837B637B6B3B6314
:101CB0002023FB62FB6A83F3128800BFBFF36F8FA0
:101CC00000BF3B6BFB60BB6BBB6200BFBB6B7B624F
:101CD00000BFFB687B617B681B8B03F00703FB6322
:101CE0007B685B8B4FF6FF72934203D16FF00A0360
:101CF0003B642CE0FB6B3B64FB6B022B09D10123A3
:101D000087F845307B685B8B01339AB27B685A83D6
:101D10001DE0FB6B002B05D0FB6B042B02D0FB6B93
:101D2000062B0AD1FB6B002B0CBF0123002387F885
:101D30004630012387F8473009E0FB6B052B03D1C0
:101D40006FF085033B6402E06FF004033B6497F897
:101D50004730002B05D07B683A6811461846FFF7DC
:101D60005BFD97F84630002B05D07A690221786830
:101D7000F0F7BCFA1BE07B6814337A693A613B6286
:101D80003B69FB61FB69BB61BB6983F3118800BFE1
:101D9000BFF36F8F00BF00BF00BF97F84530002B27
:101DA00005D00023FA6B39687868FFF734FE3B6C86
:101DB00018464837BD4680BD80B485B000AF786016
:101DC0007B685B68FB60FB6803F00303184614370D
:101DD000BD4680BC704780B584B000AF78600023FA
:101DE000FB607B68002B02D16FF015031DE0786863
:101DF000FFF7E2FF0346012B0DD0032B07D17B68D1
:101E00001B68002B09D16FF01503FB6005E06FF034
:101E10001503FB6002E000BF00E000BFFB68002B81
:101E200002D17B6800229A60FB6818461037BD46D5
:101E300080BD80B586B000AF7860396000233B611B
:101E400000237B617868FFF7B7FFF8607B683A682A
:101E50009A60FB68032B09D0FB68032B0FD8FB6843
:101E6000012B0BD0FB68022B04D008E07B681B68B9
:101E70007B6104E07B681B683B6100E000BF7B681E
:101E800000225A607B6918461837BD4680BD80B471
:101E900000AF00BFBD4680BC704790B482B000AFB9
:101EA000786039603A687B68D3E8EF1F01EB020085
:101EB000C3E8E40F002CF7D10B4618460837BD469F
:101EC00090BC704790B482B000AF786039603A68D7
:101ED0007B68D3E8EF1FA1EB0200C3E8E40F002CFE
:101EE000F7D10B4618460837BD4690BC704780B501
:101EF00082B000AF786001217868FFF7CEFF03461B
:101F000018460837BD4680BD80B582B000AF786006
:101F100001217868FFF7D6FF034618460837BD460B
:101F200080BD80B483B000AF786039603A687B6868
:101F3000D3E8EF1FC3E8E02F0028F9D10B4618467D
:101F40000C37BD4680BC704780B500AF03F096FEED
:101F50000346184680BD80B58AB004AFB9607B6087
:101F60000346FB731346BB7307F12C037B61BA7BFB
:101F7000F87B7B690393BB6A02937B6A01933B6A9C
:101F800000937B68B968F1F7BFF800BF1837BD460A
:101F900080BD80B483B000AF78607B681B7803F0AD
:101FA0000403DBB2002B0CBF01230023DBB2184675
:101FB0000C37BD4680BC704780B483B000AF7860FA
:101FC0007B68C3F34A239BB21A46FB88C3F30B1307
:101FD0009BB21344173323F0070303339B081846BF
:101FE0000C37BD4680BC704780B584B000AF7860C8
:101FF0007B68FB60F868FFF7CCFF0346002B07D037
:10200000FB68BB60BB681868FFF7D6FF034600E0BB
:10201000002318461037BD4680BD2DE9B04F88B06B
:1020200000AFF861FB6923EAE373DA173B617A6179
:10203000D7E904234FF000004FF00001590141EAB5
:10204000D261500102460B46D7E904018446B2EB47
:102050000C088C4663EB0C094FF000024FF00003B4
:102060004FEA891343EA98634FEA8812B2EB0804F7
:1020700063EB09054FF000024FF00003EB0043EA69
:102080005473E20014461D46034614EB030A0B4644
:1020900045EB030B1AEB0A033B604BEB0B037B6036
:1020A000D7E900AB52465B4640F2E7315118B960C0
:1020B00043F10003FB604FF47A724FF00003D7E95D
:1020C0000201EEF7A3FA02460B461046194600F04D
:1020D00070F801460B4618462037BD46BDE8B08F64
:1020E0002DE9B04F00AF00F09EF802460B461046B7
:1020F000194602460B464FF0000A4FF0000B4FEA1C
:10210000431B4BEAD26B4FEA421A52465B46141A03
:1021100063EB01054FF000024FF00003AB0043EA10
:102120009473A20014461D4614EB000845EB010908
:102130004FF000024FF000034FEAC90343EA58731F
:102140004FEAC802904699464046494647F6122251
:102150004FF00003EEF75AFA02460B4610461946B6
:10216000BDE8B08F80B500AFFFF7EEFE034618461E
:1021700080BD80B58CB008AFF860B9607A603B6014
:10218000D7E90C23CDE90623BB6A04937B6A03934A
:102190003B6A0293FB690193BB6900933B687A68D1
:1021A000B968F86806F09EFC034618461037BD462D
:1021B00080BD80B582B000AFC7E90001D7E900015A
:1021C00007F057F8034618460837BD4680BD80B56E
:1021D00082B000AF7860396039687868F7F77EFCC4
:1021E000034618460837BD4680BD80B586B002AFAD
:1021F000F860C7E90023D7E90623CDE90023D7E932
:102200000023F868F9F7C8FF00BF1037BD4680BD4E
:1022100080B582B000AF78607868FAF745F800BF03
:102220000837BD4680BD80B500AF07F065FA0246AD
:102230000B461046194680BD80B584B000AFF860EB
:10224000C7E90023D7E90023F868F7F7BBFB03468B
:1022500018461037BD4680BD80B582B000AF7860AB
:102260007868F7F721FB00BF0837BD4680BD80B511
:1022700082B000AF78607B681B68DB68002B04D0FD
:102280007B681B68DB68786898477B685B6801221D
:102290009A7100BF0837BD4680BD80B582B000AFDF
:1022A00078607B681B681B69002B06D07B681B6805
:1022B0001B6978689847034600E0002318460837F2
:1022C000BD4680BD80B582B000AF786039607B6864
:1022D0001B681B6839687868984700BF0837BD4697
:1022E00080BD80B582B000AF786039607B681B68C4
:1022F0005B68002B05D07B681B685B683968786871
:10230000984700BF0837BD4680BD80B582B000AF9A
:1023100078607B681B689B687868984700BF0837BF
:10232000BD4680BD80B483B000AF78600B46FB70C3
:102330007B685B68FA781A7100BF0C37BD4680BCB9
:10234000704780B483B000AF78607B685B685B796E
:1023500018460C37BD4680BC704780B584B000AFCE
:10236000F8600B467A60FB72FB681B689B69002B68
:1023700006D0FB681B689B69F97A7A68F868984709
:1023800000BF1037BD4680BD80B582B000AF786019
:1023900039600120F0F7B4FB00BF0837BD4680BDAF
:1023A00080B500AFF0F73AFB0346184680BD80B415
:1023B00000AF00231846BD4680BC704780B586B08C
:1023C00004AF786039603B6803937B680293002315
:1023D0000193002300930023002200210020F0F746
:1023E00093FE0837BD4680BD80B500AFFFF7BAFE4B
:1023F0000346184680BD80B586B000AF78607B6824
:102400007B612DE07B6993FAA3F3B3FA83F33B611D
:102410003869F0F7C1F8F86001223B6902FA03F36A
:10242000DB437A6913407B61FB681B7B002B17D071
:10243000F868FFF732FF0346002B11D10423BB607D
:1024400001223B6902FA03F3DB437A6813407B60A5
:10245000FB685B681B68BA681946F86800F0EBF81F
:102460007B69002BCED17B6818461837BD4680BDEE
:1024700080B582B000AF786039603868FFF789FDB9
:10248000034683F00103DBB2002B01D0012300E0FF
:10249000012318460837BD4680BD80B400AF002335
:1024A0001846BD4680BC704780B582B000AF7860EA
:1024B00039604FF000024FF0000339687868FEF78A
:1024C00047FE014600BF0B4618460837BD4680BD93
:1024D00080B586B000AF786039603B687B610023CF
:1024E000FB747B6919467868FEF75FFFF0F776F8B2
:1024F0001837BD4680BD80B582B000AF78603960C6
:102500003B6819467868FFF748F800BF0837BD46B2
:1025100080BD80B582B000AF78607868FFF7B6F80C
:10252000034618460837BD4680BD80B400AF00237F
:102530001846BD4680BC704780B483B000AF0346E8
:10254000FB71012318460C37BD4680BC704780B430
:1025500083B000AF786039607B685B683A681A6066
:102560007B685B6801225A7100BF0C37BD4680BC96
:10257000704780B483B000AF786039607B689A6838
:102580003B685B0013449B8818460C37BD4680BCF3
:10259000704790B587B002AFF860B9603B601346F2
:1025A000FB80FB681B68DC68FA883B6A00933B6829
:1025B000B968F868A047034618461437BD4690BD71
:1025C00080B584B000AF0346FB7107F10B02FB79C5
:1025D00011461846F0F732FCF860FB7A1946F868A5
:1025E000FFF7C7FF034618461037BD4680BD80B5CC
:1025F00082B000AF78607B68DBB21846FFF79CFFC3
:102600000346002B03D0F0F70FFC034605E07B6880
:10261000DBB21846FFF7D4FF034618460837BD461D
:1026200080BD80B483B000AF7860396000BF0C37E4
:10263000BD4680BC704780B584B000AFF860B9601B
:102640007A60FB685B687A68D2B2DA717968F86898
:10265000FFF7E7FFB968F868FFF779FFF0F7C8F907
:1026600000BF1037BD4680BD80B483B000AF786036
:102670007B681B6818460C37BD4680BC704780B429
:1026800083B000AF786039607B683A681A6000BF39
:102690000C37BD4680BC704780B483B000AF786013
:1026A00039607B683A681A6000BF0C37BD4680BC51
:1026B000704780B483B000AF786039607B683A6857
:1026C0005A6000BF0C37BD4680BC704780B483B0F1
:1026D00000AF78607B681B6818460C37BD4680BC2D
:1026E000704780B483B000AF78607B685B68184641
:1026F0000C37BD4680BC704780B582B000AF7860B3
:102700007868FFF7E3FF0346002B0CBF012300238B
:10271000DBB218460837BD4680BD80B582B000AF39
:1027200078607868FFF7A0FF034618460837BD4673
:1027300080BD80B582B000AF78607B68002B04D08C
:102740007868FFF7EAFF034600E0002318460837E1
:10275000BD4680BD80B582B000AF786039607868D2
:10276000FFF7B4FF034619463868FFF788FF39685A
:102770007868FFF791FF7868FFF7B3FF0346002BF7
:1027800007D17868FFF7A2FF034619467868FFF77C
:1027900090FF0837BD4680BD80B584B000AF78603B
:1027A0007868FFF793FFF860F868FFF75DFF03466E
:1027B00019467868FFF770FF7868FFF792FF0246C6
:1027C000FB68934207D17868FFF780FF03461946FC
:1027D0007868FFF76EFFFB6818461037BD4680BD6E
:1027E00080B582B000AF78607868FFF785FF034658
:1027F000002B04D17868FFF7CFFF034600E00023E9
:1028000018460837BD4680BD80B584B000AFF8607B
:10281000B9607A60BB68002B17D17868FFF724FF96
:1028200003461946F868FFF737FFF868FFF759FFC6
:1028300002467B6893421BD1F868FFF747FF0346C7
:102840001946F868FFF735FF12E07868FFF70CFFCC
:1028500003461946B868FFF712FFF868FFF741FF13
:1028600002467B68934203D1B968F868FFF721FFFD
:1028700000217868FFF703FF1037BD4680BD90B593
:1028800089B000AFF860B9607A600023FB61002373
:10289000FB75FB681846FFF719FF0346002B05D0B0
:1028A000FB681846FFF712FF034600E00023BB61F8
:1028B0002FE0FB681B69BA695268B96810469847EF
:1028C0000346002B07D0FB685B695A1CFB685A6102
:1028D0000123FB7522E0BC69FB681846FFF701FF86
:1028E00003469C4219D0BB69FB61BB69002B0ED02B
:1028F000BB691846FFF71DFF0346002B05D0BB69D7
:102900001846FFF716FF034602E0002300E000230D
:10291000BB61BB69002BCCD100E000BFFB7D002B6D
:102920000CD0FB68BA69F9691846FFF76DFFFB68C0
:10293000BA6911461846FFF70DFF16E0FB689B6960
:102940005A1CFB689A61FB6808331846FFF748FF7A
:1029500038613B69002B02D03B69BB6105E0FB6835
:10296000BA69F9691846FFF74FFFBB6903F108021E
:102970007B681A60BB69BA685A60FB7D18462437C9
:10298000BD4690BD80B584B000AF786039603B68CB
:10299000083BFB607B68FA6811461846FFF7DAFED1
:1029A00000BF1037BD4680BD80B400AF002318467D
:1029B000BD4680BC704780B586B000AFF860B96096
:1029C0007A607B687B61BB68002B01D100231BE030
:1029D0007B695A687B699B68D31ABA689A4202D9A4
:1029E0006FF01B0310E07B691A687B699B681344D6
:1029F000BA68F9681846EDF743FD7B699A68BB68C9
:102A00001A447B699A60BB6818461837BD4680BD7A
:102A100080B58AB004AFB9607B600346FB73134690
:102A2000BB7307F12C037B61BA7BF87B7B69039353
:102A3000BB6A02937B6A01933B6A00937B68B96827
:102A4000F0F762FB00BF1837BD4680BD80B483B08D
:102A500000AF78607B68C3F34A239BB21A46FB88B9
:102A6000C3F30B139BB21344173323F00703033351
:102A70009B0818460C37BD4680BC704780B483B0B5
:102A800000AF78607B681B78C3F3C203DBB21846E3
:102A90000C37BD4680BC704780B483B000AF78600F
:102AA0007B685B6818460C37BD4680BC704780B5B4
:102AB00084B000AFF860B9607A603B603B687A68C8
:102AC000B968F868F0F798FA00BF1037BD4680BDC6
:102AD00080B582B000AF78607868F0F77DFA034681
:102AE00018460837BD4680BD80B483B000AF0346AA
:102AF000FB71012318460C37BD4680BC704780B57A
:102B000086B000AFF860B9607A603B60FB68002B6C
:102B100003D10020EFF7F4FF1CE03B68002B10D03E
:102B2000FB6810337A68C2F34A2292B213447B6185
:102B3000FB88C3F30B139BB21A4639687869EDF72B
:102B40009FFCFB687A681A60FB68BA685A60F8688C
:102B5000F0F734F81837BD4680BD80B584B000AFBB
:102B600078607868FFF78AFF03461846FFF7BCFFD6
:102B7000034683F00103DBB2002B05D07868FFF732
:102B80008BFF03461BB20EE07868FFF785FFF86005
:102B9000FB68002B05D0F868FFF79AFF03461BB2CD
:102BA00001E04FF0FF3318461037BD4680BD90B4AA
:102BB00082B000AF786039603A687B68D3E8EF1F75
:102BC00001EB0200C3E8E40F002CF7D10B461846D6
:102BD0000837BD4690BC704780B582B000AF7860C2
:102BE00001217868FFF7E3FF034618460837BD4622
:102BF00080BD80B483B000AF78607B681B78C3F37E
:102C0000C203DBB218460C37BD4680BC704780B4A7
:102C100083B000AF78607B681B88C3F38213DBB29C
:102C200018460C37BD4680BC704780B483B000AFF7
:102C300078607B689B6818460C37BD4680BC70473F
:102C400080B483B000AF7860002318460C37BD46CF
:102C500080BC704780B483B000AF78600023184612
:102C60000C37BD4680BC704780B483B000AF78603D
:102C700039607B685B88C3F30B139BB21A463B68D1
:102C80001A607B6810337A681268C2F34A2292B2E3
:102C9000134418460C37BD4680BC704780B483B0DF
:102CA00000AF786039607B681B68C3F34A239BB22E
:102CB0001A463B681A607B68103318460C37BD46CD
:102CC00080BC704780B586B000AFF860B9607A60AC
:102CD0003B600DE0FB683A687968B86898477861AE
:102CE0007B697A68D31A7B607B69BA681344BB60DE
:102CF0007B68002BEED100BF00BF1837BD4680BDFA
:102D000080B582B000AF78607B6818687B6899688E
:102D10007B685B681B681A467B685B685B68FFF7CB
:102D2000D1FF7B685B6800221A6000BF0837BD4690
:102D300080BD80B586B000AF786039603B687B614C
:102D40007B695B681B687A69D268934202D17869B3
:102D5000FFF7D6FF7B695B681846FFF73DFF3861D8
:102D60007B699A683B6913447A68D2B21A7000236F
:102D700018461837BD4680BD80B582B000AF786078
:102D800039607B680A2B03D139680D20FFF7D1FF2A
:102D900039687868FFF7CDFF002318460837BD462D
:102DA00080BD80B584B000AFF8600B467A60FB72DE
:102DB000F97A7B680122F868F0F724FB00BF10372E
:102DC000BD4680BD80B584B000AFF8600B467A6028
:102DD000FB72F97A7B680022F868F0F713FB00BFFA
:102DE0001037BD4680BD80B588B002AFF860B960CD
:102DF0007A603B607B68102B28BF10237B613B6AA5
:102E000000933B687A69B968F868F0F799FBBA688B
:102E10007B691344BB607A687B69D31A7B607B68EB
:102E2000002BE7D100BF00BF1837BD4680BD80B57D
:102E300084B000AFF860B9601346FB71BB6803F063
:102E40000103DBB2FA791946F868FFF7BBFFB968EE
:102E5000F868F0F753FB00BF1037BD4680BD90B552
:102E600095B008AFF860B9607A60B868FFF7DDFE2A
:102E7000F862B868FFF7CBFE034687F82B30B868D6
:102E8000FFF7B7FE034687F82A30B868FFF765FEFC
:102E900003463B8500237B62B7F92830002B09DB12
:102EA00097F82A30B7F9282011461846F0F744F869
:102EB000034600E000233B6207F114031946B8689B
:102EC000FFF7ECFEF86107F110031946B868FFF749
:102ED000CBFEB861B868FFF7B3FE0446B868FFF7E9
:102EE000B9FE034618467B69002B01D0FB6900E060
:102EF00000233A69796806910592BA6904920393AE
:102F000097F82B300293019000943B6A7A6AF96A31
:102F1000F868F0F721FC00BF3437BD4690BD2DE9BD
:102F2000B04F88B000AFF861FB6923EAE373DA17AA
:102F30003B617A61D7E904234FF000004FF00001B4
:102F4000590141EAD261500102460B46D7E904011A
:102F50008446B2EB0C088C4663EB0C094FF0000280
:102F60004FF000034FEA891343EA98634FEA88124F
:102F7000B2EB080463EB09054FF000024FF00003C9
:102F8000EB0043EA5473E20014461D46034614EB7B
:102F9000030A0B4645EB030B1AEB0A033B604BEBB2
:102FA0000B037B60D7E900AB52465B4640F2E7314A
:102FB0005118B96043F10003FB604FF47A724FF08F
:102FC0000003D7E90201EDF721FB02460B4610464C
:102FD000194600F007F801460B4618462037BD4653
:102FE000BDE8B08F80B582B000AFC7E90001D7E976
:102FF000000106F03EF9034618460837BD4680BD7D
:1030000080B582B000AF7860786805F078F900BFCD
:103010000837BD4680BD80B586B000AFF860B960A6
:103020007A603B600DE0FB683A687968B868984759
:1030300078617B697A68D31A7B607B69BA681344CC
:10304000BB607B68002BEED100BF00BF1837BD46C8
:1030500080BD80B582B000AF78607B6818687B68FF
:1030600099687B685B681B681A467B685B685B686D
:10307000FFF7D1FF7B685B6800221A6000BF08374A
:10308000BD4680BD80B483B000AF00237B607B6809
:1030900043F002037B607B6843F008037B607B683E
:1030A00043F001037B607B6843F004037B607B6833
:1030B00018460C37BD4680BC704780B582B000AF63
:1030C00078607868FFF7C5FF00BF0837BD4680BD50
:1030D00080B582B000AF7860396039687868F0F701
:1030E0009BFB00BF0837BD4680BD80B586B000AFF2
:1030F000F860B9607A603B600DE0FB683A68796817
:10310000B868984778617B697A68D31A7B607B6975
:10311000BA681344BB607B68002BEED100BF00BFD0
:103120001837BD4680BD80B582B000AF78607B683F
:1031300018687B6899687B685B681B681A467B68BF
:103140005B685B68FFF7D1FF7B685B6800221A60F1
:1031500000BF0837BD4680BD80B483B000AF786043
:1031600039607B685B683A685A6000BF0C37BD46BF
:1031700080BC704780B483B000AF00237B607B6865
:1031800043F002037B607B6843F008037B607B684D
:1031900043F001037B607B6843F004037B607B6842
:1031A00018460C37BD4680BC704780B582B000AF72
:1031B00078607868FFF7B7FF00BF0837BD4680BD6D
:1031C00080B582B000AF7860396039687868F0F710
:1031D00023FB00BF0837BD4680BD80B584B000AF7B
:1031E00078600B46FB707B689B68FB60FB685B68E4
:1031F000FA7811467868984700BF1037BD4680BD01
:1032000080B582B000AF78600B46FB70FB78194642
:103210007868FFF7E2FF00BF0837BD4680BD80B485
:1032200083B000AF7860002318460C37BD4680BCE1
:10323000704780B485B000AFF860C7E90023002371
:1032400018461437BD4680BC704780B586B000AFC5
:10325000786039607B685B681B687B617B695B6851
:103260003B61FFF787FFF8603B691B691846EFF782
:10327000A5F9B8607B6918683968BB68FA6898472F
:1032800000BF1837BD4680BD80B485B000AF786000
:1032900039607B685B681B68FB60FB685B68BB60D0
:1032A000BB683A681A61002318461437BD4680BCD3
:1032B000704780B584B000AF786039607B685B6828
:1032C0001B68FB60FB681B6839681846FFF778FFCE
:1032D00000BF1037BD4680BD80B584B000AFF86038
:1032E000B9607A607A68B968F868FAF76DFC00BF6F
:1032F0001037BD4680BD80B584B000AFF860B960BE
:103300007A607A68B968F868EDF7BAF800BF1037E4
:10331000BD4680BD80B58AB004AFB9607B6003460E
:10332000FB731346BB7307F12C037B61BA7BF87BFD
:103330007B690393BB6A02937B6A01933B6A0093A8
:103340007B68B968EFF7E0FE00BF1837BD4680BD67
:1033500080B588B000AFF860B9607A60FB681B6820
:10336000FB61FB68BB617B687B6100BFF968F86942
:10337000F0F71CFD00BF2037BD4680BD80B500AF13
:10338000F0F750FDF1F7DCFD00BF80BD80B582B0E5
:1033900000AF78603960F0F749FD03465B423A6858
:1033A00013443B603868F0F74FFD3B68083B3B60D7
:1033B0003A687B68C3F8AC20F0F738FD0346083361
:1033C00018460837BD4680BD80B58AB004AFB960E5
:1033D0007B600346FB731346BB7307F12C037B61D1
:1033E000BA7BF87B7B690393BB6A02937B6A019388
:1033F0003B6A00937B68B968EFF786FE00BF183719
:10340000BD4680BD80B483B000AF7860396000BF36
:103410000C37BD4680BC704780B483B000AF786085
:103420000B46FB70002318460C37BD4680BC704726
:1034300080B483B000AF786039607B683A689A6086
:103440007B6800221A6100BF0C37BD4680BC704704
:1034500080B582B000AF78607B681BB21846F1F788
:1034600055FC00BF0837BD4680BD80B582B000AFB7
:1034700078607B681BB21846F1F764FC00BF083720
:10348000BD4680BD80B584B000AFF860B9607A6099
:10349000BB680133BB60FB681BB2B9681846F1F723
:1034A00075FC00BF1037BD4680BD80B582B000AF4F
:1034B000786000210120F0F779FC00BF0837BD4695
:1034C00080BD80B500AFF1F7A3FCF1F7BBFCF0F7CE
:1034D000A7FBF0F7B5FB00F081F8F5F7F9FD80B434
:1034E00085B000AF78607B68D3F89C30FB60FB68E8
:1034F000BB60BB6883F30B8800BF00BF1437BD46B9
:1035000080BC704780B483B000AF78606FF08503F3
:1035100018460C37BD4680BC704780B400AF00BF72
:10352000BD4680BC704780B485B000AF786061B69E
:1035300000BF62B600BF7B68FB60FB68BB60BB6816
:1035400083F3118800BFBFF36F8F00BF00BF00BFC0
:103550001437BD4680BC704780B483B000AF72B6EC
:1035600000BF00237B607B6883F3118800BFBFF33B
:103570006F8F00BFBFF34F8F00BF30BF62B600BF79
:10358000BFF36F8F00BF00BF0C37BD4680BC7047D4
:1035900080B487B000AF786072B600BF0023FB60D4
:1035A000FB6883F3118800BFBFF36F8F00BFBFF3C9
:1035B0004F8F00BF20BF7B687B617B693B613B69AC
:1035C00083F3118800BFBFF36F8F00BF00BF62B6E7
:1035D00000BF00BF1C37BD4680BC704780B582B0BD
:1035E00000AF00237B6008E07B681BB20121184616
:1035F000F1F71CFD7B6801337B607B68B3F5877F47
:10360000F2DD00BF00BF0837BD4680BD80B487B083
:1036100000AF78607B687B617B6943E800F3FB6007
:10362000FB683B61BB7C03F00103DBB2002B01D0E4
:103630003B7C01E06FF0150318461C37BD4680BC8B
:10364000704780B483B000AF786039607B683A68B7
:103650009A607B6800221A6100BF0C37BD4680BCAF
:10366000704780B58AB004AFB9607B600346FB73D6
:103670001346BB7307F12C037B61BA7BF87B7B6934
:103680000393BB6A02937B6A01933B6A00937B6856
:10369000B968EFF739FD00BF1837BD4680BD80B56A
:1036A00082B000AF78607868F1F734FD00BF08376A
:1036B000BD4680BD80B584B000AFF860B9607A6067
:1036C000F868F1F743FDB868F1F74EFD7868F1F757
:1036D00063FD00BF1037BD4680BD80B485B000AF2C
:1036E00078607B685B681F2B0DD97B685B6803F093
:1036F0001F03002B07D17B681B6803F01F03002BFF
:1037000001D1012300E00023FB60FB681846143759
:10371000BD4680BC704780B584B000AF786039602A
:103720007868FFF773FF0346FB607A683B681344D1
:10373000013B1846FFF76AFF0346BB60FA68BB68A7
:103740009A4201D1FB6801E06FF01503184610376B
:10375000BD4680BD80B582B000AF78607868F1F773
:10376000F5FCF1F70FFD034623F01F031846083759
:10377000BD4680BD80B582B000AF786039607868A2
:10378000F1F7E4FCF1F7FEFC034603F01F023B688F
:1037900023F01F0313431846F1F7E6FC00BF083778
:1037A000BD4680BD80B582B000AF78607868F1F723
:1037B000CDFCF1F7FFFC034643F01F031846083722
:1037C000BD4680BD80B582B000AF78603960786852
:1037D000F1F7BCFCF1F7EEFC034603F01F023B6877
:1037E00023F01F0313431846F1F7D6FC00BF083738
:1037F000BD4680BD80B582B000AF78603960786822
:10380000F1F7A4FCF1F7BEFC034603F01F03D9B2A5
:103810003A68137861F304031370F1F7CBFC0346A5
:103820005B0803F00703D9B23A68137861F34713D2
:10383000137000BF0837BD4680BD80B582B000AFB1
:10384000786039607868F1F781FC3B680833194685
:103850007868FFF7CFFFF1F795FC034623F01F02CE
:103860003B681A60F1F7A6FC034623F01F023B6891
:10387000DA6000BF0837BD4680BD80B485B000AFB8
:10388000F860B9607A603B60BB681B8803F01F0377
:10389000D9B2FA68137861F304031370BB685B88CC
:1038A00003F00703D9B2FA68137861F34713137072
:1038B0007B6823F01F023B681344013B23F01F0287
:1038C000FB685A6000BF1437BD4680BC704780B5A6
:1038D00000AFF1F779FC0346184680BD90B5A3B060
:1038E00000AF786007F17C031846F0F779F9C7F864
:1038F00080000023C7F8843064E1FA6FD7F8843081
:103900001B011344DB681B0D1B05B3F1805F00F046
:103910001181B3F1805F00F25081B3F1006F00F0CC
:10392000D980B3F1006F00F24881B3F1807F00F0DD
:10393000A180B3F1807F00F24081B3F5800F6AD09F
:10394000B3F5800F00F23981B3F5801F03D0B3F5D2
:10395000001F30D031E1FA6FD7F884301B011344D7
:103960005968FA6FD7F884301B0113441B68F86F4D
:10397000D7F8842012010244526822F01F00FC6F25
:10398000D7F884201201224492680244013A22F0BE
:103990001F02F9663B6797F87430012161F3040355
:1039A00087F8743097F87430012161F3471387F872
:1039B0007430BA67EDE0FA6FD7F884301B01134416
:1039C0005968FA6FD7F884301B0113441B68F86FED
:1039D000D7F8842012010244526822F01F00FC6FC5
:1039E000D7F884201201224492680244013A22F05E
:1039F0001F02F9663B6797F87430012161F30403F5
:103A000087F8743097F87430022161F3471387F810
:103A10007430BA67BDE0FA6FD7F884301B011344E5
:103A20005968FA6FD7F884301B0113441B68F86F8C
:103A3000D7F8842012010244526822F01F00FC6F64
:103A4000D7F884201201224492680244013A22F0FD
:103A50001F02F9663B6797F87430062161F304038F
:103A600087F8743097F8743023F0E00387F87430E7
:103A7000BA678EE0FA6FD7F884301B011344596897
:103A8000FA6FD7F884301B0113441B68F86FD7F81E
:103A9000842012010244526822F01F00FC6FD7F804
:103AA00084201201224492680244013A22F01F024B
:103AB000F9663B6797F87430012161F3040387F8D6
:103AC000743097F87430032161F3471387F874302A
:103AD000BA675EE0FA6FD7F884301B011344596867
:103AE000FA6FD7F884301B0113441B68F86FD7F8BE
:103AF000842012010244526822F01F00FC6FD7F8A4
:103B000084201201224492680244013A22F01F02EA
:103B1000F9663B6797F87430012161F3040387F875
:103B2000743097F87430032161F3471387F87430C9
:103B3000BA672EE0FA6FD7F884301B011344596836
:103B4000FA6FD7F884301B0113441B68F86FD7F85D
:103B5000842012010244526822F01F00FC6FD7F843
:103B600084201201224492680244013A22F01F028A
:103B7000F9663B6797F87430012161F3040387F815
:103B8000743097F8743023F0E00387F87430BA6724
:103B900000BF7B681B7807F16C0211461846F1F7ED
:103BA000D9FD0346002B02DA6FF0150312E07B68A3
:103BB0001B780133DAB27B681A70D7F8843001338E
:103BC000C7F88430D7F88420D7F880309A42FFF4C1
:103BD00094AE002318468C37BD4690BD80B584B0A6
:103BE00000AFF8607A603B600B46FB72F97A3B6885
:103BF0007A68F868F1F71AFD00BF1037BD4680BD3E
:103C000080B582B000AF78600B46FB70FB78194638
:103C10007868F1F729FD00BF0837BD4680BD80B543
:103C200084B000AF03463960FB713B68FB60FB6802
:103C30001B69F879FA6852691146984700231846BB
:103C40001037BD4680BD80B582B000AF7860396066
:103C500039687868F1F7E6FE034618460837BD462E
:103C600080BD80B582B000AF03463960FB71FB793F
:103C700039681846FFF7E7FF002318460837BD46A6
:103C800080BD80B483B000AF78600B46FB70FB78DA
:103C9000002B01D0012200E000227B68C3F800293C
:103CA00000BF0C37BD4680BC704780B483B000AF06
:103CB000786039607B683A68C3F8042900BF0C3724
:103CC000BD4680BC704780B485B000AFF8600B463D
:103CD0007A60FB72FB7A002B01D07B6800E0002346
:103CE000FA68C2F81C3700BF1437BD4680BC704765
:103CF00080B483B000AF78600B46FB701346BB7096
:103D0000FB78002B09D1BB78002B01D0012200E009
:103D100000227B68C3F8002600E000BF00BF0C371C
:103D2000BD4680BC704780B582B000AF78607868CF
:103D3000F1F7C2FE00BF0837BD4680BD80B483B036
:103D400000AF78607B680122C3F8042400BF0C3701
:103D5000BD4680BC704780B483B000AF78603960E6
:103D60003A687B68D3E8EF1FC3E8E02F0028F9D159
:103D70000B4618460C37BD4680BC704780B400AF78
:103D800000231846BD4680BC704780B483B000AFA6
:103D900078607B681B6800BF0C37BD4680BC7047ED
:103DA00080B483B000AF786039607A683B681344B0
:103DB0001B68002B14BF01230023DBB218460C370D
:103DC000BD4680BC70472DE9B04F88B000AFF861A8
:103DD000FB6923EAE373DA173B617A61D7E90423CD
:103DE0004FF000004FF00001590141EAD26150014B
:103DF00002460B46D7E904018446B2EB0C088C4618
:103E000063EB0C094FF000024FF000034FEA8913F7
:103E100043EA98634FEA8812B2EB080463EB0905A2
:103E20004FF000024FF00003EB0043EA5473E2004E
:103E300014461D46034614EB030A0B4645EB030BE1
:103E40001AEB0A033B604BEB0B037B60D7E900AB3B
:103E500052465B4640F2E7315118B96043F1000326
:103E6000FB604FF47A724FF00003D7E90201ECF7E0
:103E7000CDFB02460B461046194600F012F80146EB
:103E80000B4618462037BD46BDE8B08F80B582B0DE
:103E900000AF78607868FFF77BFB00BF0837BD464E
:103EA00080BD80B582B000AFC7E90001D7E900014D
:103EB00005F0DFF9034618460837BD4680BD80B5DA
:103EC00084B000AFF860C7E90023D7E90023F868A1
:103ED000F5F778FD034618461037BD4680BD80B51E
:103EE00082B000AF78607868F5F7DEFC00BF083775
:103EF000BD4680BD80B487B000AF78607B681A464D
:103F000000231360536093607B6801225A6000BFF6
:103F10001C37BD4680BC704780B483B000AF78606A
:103F200039607B683A68C3F8042300BF0C37BD468C
:103F300080BC704780B483B000AF786039607B6824
:103F40003A68C3F8082300BF0C37BD4680BC7047F1
:103F500080B483B000AF78600B46FB70FB787A6862
:103F6000134401221A6000BF0C37BD4680BC704765
:103F700080B582B000AF78600B467B807B887A6822
:103F8000134400221A607B887A6813441846FFF7AE
:103F9000FCFE00BF0837BD4680BD80B582B000AFD3
:103FA00078600B467B807B8819467868FFF7F8FEBF
:103FB000034618460837BD4680BD80B487B000AFC1
:103FC000F8600B467A60FB720023FB75FB7A002BCE
:103FD00002D0012B17D02BE0FB68D3F84C3403F44C
:103FE0008033002B14BF01230023FB757B68002B5B
:103FF00020D0FB68D3F84C34DBB203F00303DAB211
:104000007B681A7016E0FB68D3F80C3403F4803335
:10401000002B14BF01230023FB757B68002B0BD002
:10402000FB7D83F00103DBB21A467B681A7003E064
:10403000002303E000BF00E000BFFB7D18461C37F3
:10404000BD4680BC704780B483B000AF78600B463B
:10405000FB70FA787B68C3F8402400BF0C37BD467C
:1040600080BC704780B483B000AF78607B68D3F8C1
:104070004034DBB218460C37BD4680BC704780B474
:1040800083B000AF78607B68D3F85034DBB203F0C4
:104090000303DBB218460C37BD4680BC704780B5C1
:1040A00082B000AF03463960FB71FB79002B06D06C
:1040B000012B09D13868F1F733FE034605E0386873
:1040C000F1F71EFE034600E0002318460837BD4600
:1040D00080BD80B58AB004AFB9607B600346FB73D6
:1040E0001346BB7307F12C037B61BA7BF87B7B69BA
:1040F0000393BB6A02937B6A01933B6A00937B68DC
:10410000B968EFF701F800BF1837BD4680BD80B42D
:1041100085B000AF78600B46FB707B681B69FB6065
:10412000FA7813465B0013449B003833FA68134453
:1041300018461437BD4680BC704780B485B000AFC8
:1041400078600B46FB707B685B68FB60FA7813460F
:104150005B0013449B00FA68134418461437BD46AD
:1041600080BC704780B485B000AF78600B46FB70B0
:104170007B681B69FB60FA781346DB009B1A9B0087
:10418000FA68134418461437BD4680BC704780B5A2
:1041900084B000AF786039603B68FB73FB7B1946E5
:1041A0007868FFF7B4FF03469B68DBB203F00703B0
:1041B000DBB218461037BD4680BD80B48BB000AF6F
:1041C0007860396000237B62EFF31183BB61BB69C8
:1041D0007B6120233B613B6983F3128800BFBFF3FF
:1041E0006F8F00BF7B693B627B681B6803F0C00375
:1041F000FB61FB69002B07D0FA693B689A4203D048
:104200004FF0FF337B6202E07B6801221A603B6A59
:10421000FB60FB68BB60BB6883F3118800BFBFF322
:104220006F8F00BF00BF7B6A18462C37BD4680BC2D
:10423000704780B48BB000AF7860396000237B6238
:10424000EFF31183BB61BB697B6120233B613B6959
:1042500083F3128800BFBFF36F8F00BF7B693B629F
:104260007B681B6803F0C003FB617B681B6803F07D
:104270000703012B03D17B683A681A600AE0FA69E8
:104280003B689A4203D04FF0FF337B6202E06FF04D
:1042900077037B623B6AFB60FB68BB60BB6883F3B0
:1042A000118800BFBFF36F8F00BF00BF7B6A184645
:1042B0002C37BD4680BC704780B489B000AF7860B1
:1042C000EFF311833B613B69FB602023BB60BB685C
:1042D00083F3128800BFBFF36F8F00BFFB68FB61E1
:1042E0007B681B6803F0C00343F002027B681A601E
:1042F000FB69BB61BB697B617B6983F3118800BF8C
:10430000BFF36F8F00BF00BF00BF2437BD4680BC26
:10431000704780B500AFF3F721F900BF80BD80B5CD
:1043200000AF01F039FF00BF80BD80B500AF0120B4
:1043300001F0A7FD00BF80BD80B500AF012001F0F6
:10434000B4FD00BF80BD80B588B000AFF860B96033
:104350007A60BB68FB77FB7F1946F868FFF7D7FEEA
:10436000B861BB69083379681846FFF726FF7861A2
:104370007B69002B01DA7B6908E0FB7F1946F8684E
:10438000FFF7DBFE03465B6898470023184620379B
:10439000BD4680BD80B582B000AF786039608022B4
:1043A00039687868FFF7CFFF034618460837BD46DF
:1043B00080BD80B588B000AFF860B9607A603B60BE
:1043C000BB68FB77FB7F1946F868FFF7A0FEB86172
:1043D000BB690833B96A1846FFF72BFF78617B6920
:1043E000002B01DA7B690EE0BB697A681A60BB6951
:1043F0003A685A60FB7F1946F868FFF79EFE03464D
:104400001B689847002318462037BD4680BD80B5FD
:1044100086B002AFF860B9607A603B608023009399
:104420003B687A68B968F868FFF7C3FF0346184627
:104430001037BD4680BD80B586B000AFF860B9606A
:104440007A607B687B617869FFF749FD00BF1837A8
:10445000BD4680BD80B588B000AFF860B9607A60B5
:10446000BB68FB77FB7F1946F868FFF77BFEB861F6
:104470007B687B617B690021B869984700BF203762
:10448000BD4680BD80B584B000AF786000217868FB
:10449000FFF73DFEF860FB689B6803F00703002B05
:1044A00003D100217868F1F76BFC00BF1037BD46DF
:1044B00080BD80B400AF00BFBD4680BC704780B5F2
:1044C00082B000AF7860786803F066FF0346184654
:1044D0000837BD4680BD80B584B000AF78600B461C
:1044E000FB707B689B68FB60FB685B68FA78114631
:1044F0007868984700BF1037BD4680BD80B582B050
:1045000000AF78600B46FB70FB7819467868FFF7C0
:10451000E2FF00BF0837BD4680BD80B483B000AF66
:104520007860002318460C37BD4680BC704780B4C5
:1045300085B000AFF860C7E90023002318461437A0
:10454000BD4680BC704780B483B000AF78607B68A4
:104550001B6818460C37BD4680BC704780B483B0DA
:1045600000AF786039607B683A681A6000BF0C372A
:10457000BD4680BC704780B483B000AF78603960BE
:104580007B683A681A6000BF0C37BD4680BC704734
:1045900080B483B000AF786039607B683A685A6055
:1045A00000BF0C37BD4680BC704780B483B000AFFD
:1045B00078607B681B6818460C37BD4680BC704726
:1045C00080B483B000AF78607B685B6818460C37B6
:1045D000BD4680BC704780B582B000AF7860786817
:1045E000FFF7E3FF0346002B0CBF01230023DBB2E0
:1045F00018460837BD4680BD80B582B000AF7860F0
:104600007868FFF7A0FF034618460837BD4680BD0F
:1046100080B582B000AF78607B68002B04D07868EA
:10462000FFF7EAFF034600E0002318460837BD46BF
:1046300080BD80B582B000AF786039607868FFF7E0
:10464000B4FF034619463868FFF788FF3968786871
:10465000FFF791FF7868FFF7B3FF0346002B07D100
:104660007868FFF7A2FF034619467868FFF790FFC6
:104670000837BD4680BD80B584B000AFF860B96032
:104680007A60BB68002B17D17868FFF75CFF0346A0
:104690001946F868FFF76FFFF868FFF791FF0246C9
:1046A0007B6893421BD1F868FFF77FFF03461946EA
:1046B000F868FFF76DFF12E07868FFF744FF0346E4
:1046C0001946B868FFF74AFFF868FFF779FF024616
:1046D0007B68934203D1B968F868FFF759FF00215E
:1046E0007868FFF73BFF1037BD4680BD80B584B0CA
:1046F00000AF786039600023FB607868FFF755FFF2
:10470000B86010E0BA683B689A4206D13A68F96826
:104710007868FFF7B0FF012309E0BB68FB60B86869
:10472000FFF776FFB860BB68002BEBD1002318467B
:104730001037BD4680BD80B588B000AFF860B96065
:104740007A603B6007F10C031846F1F719FEF86137
:10475000FA68FB69203253F82230BB61BB68002B3A
:1047600001D0012200E000227B68002B01D002234F
:1047700000E0002313433A68002A01D00C2200E035
:1047800000221343BA6A002A02D04FF4706200E09C
:1047900000221343FA6A002A02D04FF4403200E0AC
:1047A000002213437B617B69DB43BA691340BB6121
:1047B000BB68002B03D0BB681B781A4600E00022C0
:1047C0007B68002B03D07B681B785B0000E0002334
:1047D0001A433B68002B03D03B681B789B0000E02A
:1047E00000231A43BB6A002B03D0BB6A1B781B0251
:1047F00000E000231A43FB6A002B03D0FB6A1B78FE
:104800001B0400E000231343BA691343BB61FA6839
:10481000FB692032B96943F8221000BF2037BD463A
:1048200080BD80B584B000AF78603B1D1846F1F7BD
:10483000A7FDF8607A68FB68203253F82230DBB2BB
:1048400003F00103DBB218461037BD4680BD80B4CB
:1048500083B000AF78607B68DB6818460C37BD46D4
:1048600080BC704780B483B000AF78607B681B6801
:1048700018460C37BD4680BC704780B483B000AF8B
:10488000786039607B683A685A6000BF0C37BD4673
:1048900080BC704780B483B000AF786039607B68BB
:1048A0003A689A6000BF0C37BD4680BC704780B440
:1048B00083B000AF78600B46FB70FB78002B01D013
:1048C000012200E000227B685A6200BF0C37BD461F
:1048D00080BC704780B485B000AF78607B681B688F
:1048E000FB60FB6803F01F027B681A60FB685B09D2
:1048F00018461437BD4680BC704780B584B000AF01
:10490000786039603B68032178689847F860FB68F5
:10491000002B05DAFB6813F1860F01D0FB680AE073
:104920003B68012178689847F860FB68002B01DA42
:10493000FB6800E0002318461037BD4680BD80B5F7
:1049400084B000AFF860B9601346FB71F868FFF7F8
:1049500042FE034683F00103DBB2002B13D0BB6899
:104960001946F868FFF7C2FE034683F00103DBB285
:10497000002B11D0FB7983F00103DBB2002B0BD0AD
:104980006FF0150311E0FB7983F00103DBB2002B1C
:1049900002D06FF0150308E0FB79002B04D0BB6850
:1049A0001946F868FFF745FE002318461037BD4644
:1049B00080BD80B586B000AFF860B9607A60F868F5
:1049C000FFF7F3FD0346002B04D0F868FFF7EDFD79
:1049D000034600E000237B617B69002B0ED07B69DE
:1049E0001846FFF715FE0346002B05D07B691846D5
:1049F000FFF70EFE034602E0002300E000233B61C8
:104A000024E07B699A687B681340002B08D07B699F
:104A10005B687A6991687A680A407969B8689847EA
:104A20003B697B617B69002B0ED07B691846FFF7E1
:104A3000EFFD0346002B05D07B691846FFF7E8FD24
:104A4000034602E0002300E000233B617B69002B6A
:104A5000D7D100BF00BF1837BD4680BD80B483B03A
:104A600000AF78607B681B6918460C37BD4680BC78
:104A7000704780B483B000AF78607B685B6818468D
:104A80000C37BD4680BC704780B483B000AF7860FF
:104A90007B689B68002B14BF01230023DBB2184600
:104AA0000C37BD4680BC704780B483B000AF7860DF
:104AB000396000BF0C37BD4680BC704780B483B0FE
:104AC00000AF7860396000BF0C37BD4680BC7047CE
:104AD00080B483B000AF78607B6803F01003002BD4
:104AE00001D0032307E07B6803F02003002B01D0F3
:104AF000012300E0002318460C37BD4680BC7047F8
:104B000080B596B002AFF8600B467A60FB72002366
:104B1000BB640023FB64002387F84730F868FFF785
:104B2000A8FF3864FB7A03F01F023B6C1B7C5B011F
:104B30001343FB637868FFF7CBFF034687F83A30EF
:104B40007A6840F206331340B3F5407F31D0B3F5B5
:104B5000407F42D840F2022293423AD040F20222F1
:104B600093423AD8B3F5007F1BD0B3F5007F34D819
:104B7000B3F5837F25D0B3F5837F2ED8B3F5807F3F
:104B800013D0B3F5807F28D8062B16D0062B24D857
:104B9000002B02D0022B18D01FE0002387F83930F9
:104BA0001EE0042387F839301AE0012387F83930F2
:104BB00016E0052387F8393012E0082387F83930EA
:104BC0000EE0092387F839300AE0022387F83930EC
:104BD00006E0062387F8393002E06FF01503D6E0CF
:104BE000FB7A012202FA03F31946386CFFF766FFDD
:104BF0007B6803F40023002B0AD03B6C5A68FB7AD5
:104C0000012101FA03F319461046FFF736FE0EE0C4
:104C10007B6803F48023002B09D03B6C5A68FB7A35
:104C2000012101FA03F319461046FFF733FE386CF1
:104C3000FFF72AFF034683F00103DBB2002B21D0EC
:104C40007B685B0CDBB203F00103DBB287F8383022
:104C50007B6803F48033002B0CBF01230023DBB2FD
:104C600087F8373007F13A0007F1370207F13801CA
:104C70000023019307F1390300930346F86BFFF714
:104C80005AFD83E03B6C9B6807F13B02F96B1846C9
:104C900002F0F5FCF864FB6C002B0CBF0123002331
:104CA00087F847307B6803F44033002B06D13B6C18
:104CB0009B68F96B184602F00EFD54E007F12C03D7
:104CC00000221A605A6007F1200300221A605A601D
:104CD0009A6007F12C037B623B6C9B6807F1200212
:104CE000F96B184602F09AFCF864FB6C002B48DB69
:104CF0007B6803F40033002B20D097F839303B77E2
:104D00007B6803F48033002B0CBF01230023DBB24C
:104D10007B7797F83A30BB773B6C986807F11C02B9
:104D20000023F96B02F08AFCF864FB7A012202FA94
:104D300003F31946386CFFF7B7FE11E007F11003D3
:104D400000221A605A609A6007F13A033B613B6C9B
:104D50009B6807F11002F96B184602F05FFCF864DB
:104D6000FB6C002B0FDB97F84730002B0DD03B6C12
:104D70009B6897F83B201146184602F0BAFCF8648D
:104D800004E000BF02E000BF00E000BFBB6C1846BB
:104D90005037BD4680BD80B584B000AF78603960C3
:104DA0007868FFF766FE03465B68FB60F868FFF70C
:104DB0004EFD02463B681A60002318461037BD4678
:104DC00080BD80B588B000AFF860B9607A60F868DF
:104DD000FFF74FFE03465B68FB617A68BB681340D0
:104DE000BB61BB69DB43BA6813407B61F868FFF7BE
:104DF00040FE0346B9681846FFF760FEB969F869D6
:104E0000FFF73BFD7969F869FFF744FDF868FFF7A4
:104E100030FE0346B9681846FFF746FE00231846E1
:104E20002037BD4680BD80B584B000AF7860396062
:104E30007868FFF71EFE03465B68FB607868FFF743
:104E400018FE034639681846FFF738FE3968F868D7
:104E5000FFF713FD7868FFF70CFE03463968184624
:104E6000FFF722FE002318461037BD4680BD80B5EF
:104E700084B000AF786039607868FFF7FAFD0346C8
:104E80005B68FB607868FFF7F4FD034639681846F5
:104E9000FFF714FE3968F868FFF7FCFC7868FFF745
:104EA000E8FD034639681846FFF7FEFD0023184663
:104EB0001037BD4680BD80B586B000AF78603960E0
:104EC0007868FFF7D6FD03465B687B617869FFF77A
:104ED000C9FC02463B6853403B613A693B6813405A
:104EE000FB603B69DB433A681340BB607868FFF7BF
:104EF000C0FD034639681846FFF7E0FDF968786998
:104F0000FFF7BBFCB9687869FFF7C4FC7868FFF766
:104F1000B0FD034639681846FFF7C6FD0023184662
:104F20001837BD4680BD80B483B000AF786039606B
:104F30007B68B3F5800F07D13B68B3F1007F01D1E7
:104F400004230EE005230CE03B68B3F1C06F07D0EB
:104F50003B68B3F1007F01D1022302E0012300E0AE
:104F6000032318460C37BD4680BC704780B584B01B
:104F700000AFF8600B467A60FB72FB689B6879684B
:104F8000184602F0C6FB034618461037BD4680BDE2
:104F900080B58EB000AFF8607A603B600B46FB7264
:104FA000F868FFF766FD7863FB7A03F01F027B6BFE
:104FB0001B7C5B0113433B63786BFFF765FD034686
:104FC00083F00103DBB2002B02D06FF0850384E095
:104FD0007B68B3F5001F07D17B6B9B68396B184664
:104FE00002F0BFFB002378E07B6B5A687B6B5B7C35
:104FF00019461046FFF75BFC07F1200300221A60F8
:105000005A6039687868FFF78EFF034687F82030CA
:1050100007F1140300221A605A609A6007F1200316
:10502000BB617B6BDA68FB7A22FA03F303F00103BE
:10503000002B27D17B68B3F1A07F23D1386BFFF71A
:10504000F0FB0346002B1DD17B6B9B6807F12B0205
:10505000396B184602F013FBF862FB6A13F1160F66
:105060000CD107F12B02FB7A1946786BFFF77EFF14
:10507000F862FB6A002B01DAFB6A2EE007F12B03D2
:105080007B6214E07B6B9B6807F12B02396B18463F
:1050900002F0F5FAF862FB6A002B08D17B6B9B6883
:1050A00097F82B201146184602F023FBF8627B6B21
:1050B0009B6807F11402396B184602F0AFFAF862E8
:1050C000FB6A002B01DAFB6A07E07B6B9B6801221D
:1050D000396B184602F034FB002318463837BD46BA
:1050E00080BD80B584B000AFF860B9601346FB7135
:1050F000F868FFF7B3FC03460433FA79B968184639
:10510000FFF71DFC034618461037BD4680BD80B52D
:105110008AB000AFF8600B467A60FB72FB687B6177
:1051200007F114031846FFF7D5FB7862786AF1F7A8
:105130004DF938623B6A002B10D0386AFFF78EFCBD
:10514000F861FB690433BB617B69012202FA03F356
:105150001A46396AB869FFF72CFC00E000BF28370F
:10516000BD4680BD80B584B000AF78607B68FB60D1
:10517000F86802F0DEFB00BF1037BD4680BD80B48A
:1051800083B000AF78600B46FB70002318460C37E5
:10519000BD4680BC704780B485B000AFF8600B4658
:1051A0007A60FB72FB685A687B681A600DE07B6866
:1051B0001B685B79FA7A9A4201D1002311E07B687F
:1051C0001B6803F108027B681A607B681A68FB6839
:1051D0005968FB681B7ADB000B449A42E7D36FF0F7
:1051E000010318461437BD4680BC704780B584B0B3
:1051F00000AF78603B1D1846F1F756F9F8607B6800
:10520000012202FA03F31946F86800F02CF800BFF7
:105210001037BD4680BD80B584B000AF78603B1DBF
:105220001846F1F741F9F8607B68012202FA03F3AE
:105230001946F86800F024F800BF1037BD4680BD5D
:1052400080B582B000AF786039603B68002B03D135
:105250007868FFF7E0FF02E07868FFF7C7FF00BF5C
:105260000837BD4680BD80B483B000AF7860396038
:105270007B683A685A6000BF0C37BD4680BC7047F7
:1052800080B483B000AF786039607B683A689A6018
:1052900000BF0C37BD4680BC704780B584B000AFFE
:1052A00078600B46FB703B1D1846F1F7FDF8F8607F
:1052B0007A68FB68203253F8223023F0E043BB6069
:1052C000FB7819077A68BB681943FB68203243F8FA
:1052D000221000BF1037BD4680BD80B485B000AF3E
:1052E00078607B681B68FB60FB6803F01F027B68CB
:1052F0001A60FB685B0918461437BD4680BC7047CE
:1053000080B483B000AF03460A46FB8013467B712E
:1053100000BF0C37BD4680BC704780B483B000AF7F
:1053200003460A46FB8013467B7100BF0C37BD461F
:1053300080BC704780B400AF00231846BD4680BCD7
:10534000704780B584B000AF786039607B681B68B7
:10535000FB603B6818683B681B79FA681946F1F7EF
:1053600007F9034618461037BD4680BD80B584B0A6
:1053700000AF78600B46FB7007F10802FB78194616
:105380007868FFF708FFF860FB68002B01DAFB681C
:1053900005E0BB6819467868FFF7D3FF0346184657
:1053A0001037BD4680BD80B483B000AF78607B68A5
:1053B0001B6800BF0C37BD4680BC704780B483B00B
:1053C00000AF786039607A683B6813441B68002B33
:1053D00014BF01230023DBB218460C37BD4680BC46
:1053E00070472DE9B04F88B000AFF861FB6923EA40
:1053F000E373DA173B617A61D7E904234FF00000C9
:105400004FF00001590141EAD261500102460B46BA
:10541000D7E904018446B2EB0C088C4663EB0C0917
:105420004FF000024FF000034FEA891343EA9863FC
:105430004FEA8812B2EB080463EB09054FF0000253
:105440004FF00003EB0043EA5473E20014461D469C
:10545000034614EB030A0B4645EB030B1AEB0A0356
:105460003B604BEB0B037B60D7E900AB52465B46DE
:1054700040F2E7315118B96043F10003FB604FF48B
:105480007A724FF00003D7E90201EBF7BFF802464A
:105490000B461046194600F007F801460B46184621
:1054A0002037BD46BDE8B08F80B582B000AFC7E9F8
:1054B0000001D7E9000103F0DCFE03461846083777
:1054C000BD4680BD80B584B000AF786039603B6870
:1054D000032178689847F860FB68002B05DAFB68C1
:1054E00013F1860F01D0FB680AE03B680121786860
:1054F0009847F860FB68002B01DAFB6800E00023A6
:1055000018461037BD4680BD80B582B000AF7860C8
:105510000B467B807B887A68134400221A607B8864
:105520007A6813441846FFF73EFF00BF0837BD46B0
:1055300080BD80B582B000AF78600B467B807B88F1
:1055400019467868FFF73AFF034618460837BD4604
:1055500080BD80B483B000AF786039607B68D3F8D9
:1055600000223B681A437B68C3F8002200BF0C3757
:10557000BD4680BC704780B483B000AF78603960AE
:105580007B683A68C3F8042300BF0C37BD4680BC73
:10559000704780B485B000AF78607B68D3F8803402
:1055A000FB607B68FA68C3F88024FB6818461437F0
:1055B000BD4680BC704780B483B000AF78607B6824
:1055C0000822C3F8002500BF0C37BD4680BC7047D9
:1055D00080B483B000AF78607B680022C3F80025F8
:1055E00000BF0C37BD4680BC704780B483B000AFAD
:1055F00078600B46FB70FB787A68134401221A60CE
:1056000000BF0C37BD4680BC704780B483B000AF8C
:10561000786039603B685A783B689B781343DBB20B
:105620001A463B689B8813433A68D28813433A680A
:10563000128913433A68528913433A6812781A431D
:105640007B68C3F86C2500BF0C37BD4680BC704733
:1056500080B483B000AF786039607B683A68C3F883
:10566000242500BF0C37BD4680BC704780B483B092
:1056700000AF786039607B683A68C3F8402700BFA4
:105680000C37BD4680BC704780B483B000AF7860F3
:1056900039603A687B68C3F83C2700BF0C37BD46C9
:1056A00080BC704780B584B000AFF860B9607A60A4
:1056B000B968F868FFF7E8FF7968F868FFF7D6FF80
:1056C00000BF1037BD4680BD80B483B000AF7860A6
:1056D00039607B683A68C3F8082700BF0C37BD46BD
:1056E00080BC704780B483B000AF786039603A689E
:1056F0007B68C3F8042700BF0C37BD4680BC7047E9
:1057000080B584B000AFF860B9607A60B968F868B5
:10571000FFF7E8FF7968F868FFF7D6FF00BF10379A
:10572000BD4680BD80B485B000AF78607B685B68A3
:10573000FB60FB681B6818461437BD4680BC704789
:1057400080B588B000AF78607B687B617B695B68FF
:10575000FB617B691B69BB617869FFF7E3FF386117
:105760004FF498713869FFF7E4FE0346FB7300BFFE
:105770002037BD4680BD80B584B000AF78607868C2
:10578000FFF7D0FFF860F868FFF703FF03461846FD
:105790001037BD4680BD80B586B000AF78607B68AD
:1057A0005B687B617868FFF7BDFF38610123FB739D
:1057B0004FF498713869FFF7BCFE0346002B0DD1FA
:1057C000FB7B83F00103DBB2002B09D04FF4B471F3
:1057D0003869FFF7AEFE0346002B01D0012300E03D
:1057E000002303F00103DBB218461837BD4680BD25
:1057F00080B58AB000AF7860002387F82730642333
:105800003B627868FFF7C7FF0346002B03D00123F4
:1058100087F8273008E0012000F075FA3B6A013B69
:105820003B623B6A002BECD197F82730002B21D04C
:10583000EFF31183BB61BB697B6120233B613B6953
:1058400083F3128800BFBFF36F8F00BF7B69FB61DA
:105850007868FFF7A0FF0346002B0FD1FB69FB60C0
:10586000FB68BB60BB6883F3118800BFBFF36F8F19
:1058700000BF00BF0120FFF7B4FDBDE700BFFB691B
:1058800018462837BD4680BD80B586B000AF786029
:105890007868FFF747FF78617B685B683B617B68EE
:1058A0001B69FB603B69DB6800211846FFF75EFD62
:1058B0007869FFF780FE3B691B7A83F00103DBB256
:1058C000002B0FD03B699B6A012219467869FFF7CC
:1058D00017FF4FF4A6717869FFF716FE2821786943
:1058E000FFF783FE00BF1837BD4680BD80B586B088
:1058F00000AFF860B9607A60FB685B687B61F8684C
:10590000FFF710FF38617A68B9683869FFF7CAFE97
:105910004FF498713869FFF7F7FD50213869FFF7A8
:1059200064FE00BF1837BD4680BD80B584B000AFAF
:10593000786039607B685B68FB607868FFF7F2FE2F
:10594000B8604FF4A671B868FFF7F3FD034683F023
:105950000103DBB2002B02D04FF0FF330EE0FB68F7
:105960009B6A1A783B681A704FF4A671B868FFF703
:10597000CBFD2821B868FFF738FE00231846103702
:10598000BD4680BD80B58EB000AF78600B46FB7021
:105990007B685B68FB6203F089F80346002B04D147
:1059A000F0F7E0FF0346002B01D0012300E00023C5
:1059B00087F8373097F8373003F0010387F837302E
:1059C0007B681B693B637868FFF7ACFE786297F8E9
:1059D0003730002B22D0EFF311833B623B6AFB612F
:1059E0002023BB61BB6983F3128800BFBFF36F8FB5
:1059F00000BFFB69BB627868FFF7CDFE0346002B52
:105A000012D1BB6A7B617B693B613B6983F311887F
:105A100000BFBFF36F8F00BF00BFDCE77868FFF700
:105A2000E7FE0346BB6200E000BFFB6A5B6AFA78F0
:105A30001A70FB6A5B6A012219467868FFF756FF05
:105A4000BB6AFB60FB68BB60BB6883F3118800BF67
:105A5000BFF36F8F00BF00BF00BF3837BD4680BDAA
:105A600080B584B000AF78607B685B68FB60786865
:105A7000FFF70AFF00BF1037BD4680BD80B584B078
:105A800000AF78600B46FB700023FB60FB78012BB6
:105A900003D17868FFF7E4FF02E06FF08503FB6055
:105AA000FB6818461037BD4680BD80B586B000AF94
:105AB00078607868FFF736FE78617B685B683B61E9
:105AC0000023FB734FF480217869FFF742FD012327
:105AD000FB737869FFF76FFD3B695B6A002219462B
:105AE0007869FFF7DFFD50217869FFF77EFDFB7BCA
:105AF00083F00103DBB2002B19D000BF4FF4B47167
:105B00007869FFF716FD034683F00103DBB2002B33
:105B1000F4D14FF4B4717869FFF7F6FC5421786939
:105B2000FFF763FD4FF080617869FFF724FD00BF48
:105B30004FF498717869FFF7FCFC034683F001038A
:105B4000DBB2002BF4D17869FFF742FD0023184641
:105B50001837BD4680BD80B582B000AF78600022A6
:105B60000121C620FDF78EFCC620FDF771FC002147
:105B70007868F0F711FF034618460837BD4680BD28
:105B800080B400AF00BFBD4680BC704780B485B014
:105B900000AFEFF31183FB60FB68BB6020237B60E9
:105BA0007B6883F3128800BFBFF36F8F00BFBB68B1
:105BB0003B603B6818461437BD4680BC704780B5D3
:105BC00082B000AF7860FFF7E1FF034619467868BE
:105BD000F6F734F800BF0837BD4680BD80B483B007
:105BE00000AF78600B46FB707B68D3F8183723F45E
:105BF0004032FB781B041A437B68C3F8182700BFA8
:105C00000C37BD4680BC704780B582B000AF78606D
:105C10000B46FB70FB7819467868FFF7DFFFFFF74C
:105C2000AFFF00BF0837BD4680BDB0B485B000AF40
:105C3000C7E90201C7E90023D7E90201D7E9002338
:105C4000841A61EB030522462B4610461946143789
:105C5000BD46B0BC704780B500AFF2F719FB0246F5
:105C60000B461046194680BD80B483B000AF034692
:105C7000FB7100BF0C37BD4680BC704780B500AFDC
:105C8000FFF7E9FF02460B461346184680BD80B574
:105C900084B000AFF6F726FCF860FB68002B11D04B
:105CA0000023BB60BB687B607B6883F3118800BF07
:105CB000BFF36F8F00BF00BF0423184602DF6FF0F1
:105CC000040300E0002318461037BD4680BD80B4B1
:105CD00000AF00BFBD4680BC704780B582B000AF4A
:105CE0007860786802F00BFB00BF0837BD4680BDC6
:105CF00080B582B000AF78607B680020984700BF15
:105D00000837BD4680BD80B582B000AF7860786846
:105D1000FFF7E3FF00BF0837BD4680BD90B484B0F5
:105D200000AFF860B9607A607C68FA6807F1080330
:105D30001868D2E8EF1F814206D1C2E8EC4FBCF1EF
:105D4000000FBCF1000FF4D10CBF01220022002A89
:105D500000D11960134618461037BD4690BC7047F5
:105D600080B586B000AF78607B681B687B617B691B
:105D7000002B02D16FF00B031AE07B69B3FA83F3B7
:105D8000C3F11F033B6101223B6902FA03F3DB43CA
:105D90007A691340FB607B69FA6819467868FFF7F7
:105DA000BDFF034683F00103DBB2002BDCD13B696E
:105DB00018461837BD4680BD80B584B000AF786006
:105DC0000B46FB707B681B681A46FB7822FA03F3CC
:105DD00003F00103002B02D06FF0150316E07B687F
:105DE0001B68FB60FB78012202FA03F3FA68134395
:105DF000BB60FB68BA6819467868FFF78FFF0346F7
:105E000083F00103DBB2002BE9D1002318461037E1
:105E1000BD4680BD80B582B000AF0723FB7140F264
:105E20000513BB80B7F904301846EEF7D9FF0346D7
:105E3000002B04D1B7F904301846FDF709FB00BF69
:105E40000837BD4680BD80B58AB004AFB9607B60BD
:105E50000346FB731346BB7307F12C037B61BA7BCC
:105E6000F87B7B690393BB6A02937B6A01933B6A6D
:105E700000937B68B968EDF747F900BF1837BD4656
:105E800080BD80B582B000AF0346FB71FB79002B6B
:105E900002D0012B03D005E0F1F760FB02E0F1F73F
:105EA00055FD00BF0837BD4680BD80B582B000AF4C
:105EB0000346FB71FB79002B04D0012B05D100F0C8
:105EC00050FA03E000F068F900E000BF00BF0837B7
:105ED000BD4680BD80B500AFF1F77CFDF1F7B0FBAA
:105EE00000BF80BD80B483B000AF78607B681B6862
:105EF00000BF0C37BD4680BC704780B483B000AF94
:105F0000786039607A683B6813441B68002B14BFC3
:105F100001230023DBB218460C37BD4680BC704716
:105F200080B483B000AF786039607B683A68C3F8AA
:105F3000042300BF0C37BD4680BC704780B483B0DB
:105F400000AF786039607B683A68C3F8082300BF07
:105F50000C37BD4680BC704780B483B000AF78601A
:105F60007B68D3F80C3318460C37BD4680BC7047AD
:105F700080B483B000AF78600B46FB70FB787A6822
:105F8000134401221A6000BF0C37BD4680BC704725
:105F900080B582B000AF78600B467B807B887A68E2
:105FA000134400221A607B887A6813441846FFF76E
:105FB00099FF00BF0837BD4680BD80B582B000AFF5
:105FC00078600B467B807B8819467868FFF795FFE1
:105FD000034618460837BD4680BD80B483B000AF85
:105FE00078600B46FB70FB78002B02D0012B0BD0A6
:105FF00015E07B68D3F8483403F00103002B14BF8D
:1060000001230023DBB20BE07B68D3F8083403F0F4
:106010000103002B14BF01230023DBB200E00023A7
:1060200018460C37BD4680BC704780B487B000AFBF
:10603000F8600B467A60FB720023FB75FB7A002B3D
:1060400002D0012B17D02BE0FB68D3F84C3403F4BB
:106050008033002B14BF01230023FB757B68002BCA
:1060600020D0FB68D3F84C34DBB203F00303DAB280
:106070007B681A7016E0FB68D3F80C3403F48033A5
:10608000002B14BF01230023FB757B68002B0BD072
:10609000FB7D83F00103DBB21A467B681A7003E0D4
:1060A000002303E000BF00E000BFFB7D18461C3763
:1060B000BD4680BC704780B483B000AF78600B46AB
:1060C000FB70FA787B68C3F8402400BF0C37BD46EC
:1060D00080BC704780B483B000AF78607B68D3F831
:1060E0005034DBB203F00303DBB218460C37BD4675
:1060F00080BC704780B58AB004AFB9607B6003464E
:10610000FB731346BB7307F12C037B61BA7BF87BEF
:106110007B690393BB6A02937B6A01933B6A00939A
:106120007B68B968ECF7F0FF00BF1837BD4680BD4B
:1061300080B400AF00231846BD4680BC704780B5D0
:1061400084B000AF78607B681B78012B0CBF012303
:106150000023FB73FB7B002B03D17B681B78002B98
:1061600001D1012300E00023FB73FB7B03F001035B
:10617000FB73FB7B83F00103DBB2002B07D0F1F74D
:106180004BF9FFF7D5FF03461A467B681A70FB7B75
:1061900018461037BD4680BD80B500AFF1F73CF919
:1061A00000BF80BD80B483B000AF78607B681B689F
:1061B00000BF0C37BD4680BC704780B483B000AFD1
:1061C000786039607A683B6813441B68002B14BF01
:1061D00001230023DBB218460C37BD4680BC704754
:1061E00080B483B000AF786039607B683A68C3F8E8
:1061F000042300BF0C37BD4680BC704780B483B019
:1062000000AF786039607B683A68C3F8082300BF44
:106210000C37BD4680BC704780B483B000AF786057
:106220007B68D3F80C3318460C37BD4680BC7047EA
:1062300080B483B000AF78600B46FB70FB787A685F
:10624000134401221A6000BF0C37BD4680BC704762
:1062500080B582B000AF78600B467B807B887A681F
:10626000134400221A607B887A6813441846FFF7AB
:1062700099FF00BF0837BD4680BD80B582B000AF32
:1062800078600B467B807B8819467868FFF795FF1E
:10629000034618460837BD4680BD80B487B000AFBE
:1062A000F8600B467A60FB720023FB75FB7A002BCB
:1062B00002D0012B17D02BE0FB68D3F84C3403F449
:1062C0008033002B14BF01230023FB757B68002B58
:1062D00020D0FB68D3F84C34DBB203F00303DAB20E
:1062E0007B681A7016E0FB68D3F80C3403F4803333
:1062F000002B14BF01230023FB757B68002B0BD000
:10630000FB7D83F00103DBB21A467B681A7003E061
:10631000002303E000BF00E000BFFB7D18461C37F0
:10632000BD4680BC704780B58AB004AFB9607B6061
:106330000346FB731346BB7307F12C037B61BA7BE7
:10634000F87B7B690393BB6A02937B6A01933B6A88
:1063500000937B68B968ECF7D7FE00BF1837BD46DD
:1063600080BD80B500AFF1F747FA00BF80BD80B4B3
:1063700083B000AF78607B681B6800BF0C37BD46F8
:1063800080BC704780B400AF00BFBD4680BC704782
:1063900080B400AF00BFBD4680BC704780B400AF82
:1063A00000BFBD4680BC704780B483B000AF78604A
:1063B00039607A683B6813441B68002B14BF0123C3
:1063C0000023DBB218460C37BD4680BC704780B551
:1063D00082B000AF78600B467B807B881946786876
:1063E000FFF7E2FF034618460837BD4680BD80B57B
:1063F00082B000AF78600B467B807B881946786856
:1064000000F011F803461A46002313607B881946F2
:10641000786800F008F803461846FFF7A8FF00BFA9
:106420000837BD4680BD80B483B000AF78600B46AE
:106430007B807A887B68134418460C37BD4680BC45
:10644000704780B483B000AF786039607B683A6889
:10645000C3F8142300BF0C37BD4680BC704780B41E
:1064600083B000AF786039607B683A68C3F818235E
:1064700000BF0C37BD4680BC704780B483B000AF0E
:10648000786039607B68D3F814233B681340184662
:106490000C37BD4680BC704780B483B000AF7860D5
:1064A00039607B683A6802F5A27253F8223043F0F3
:1064B00001017B683A6802F5A27243F8221000BF1E
:1064C0000C37BD4680BC704780B483B000AF7860A5
:1064D00039607B683A6802F5A27253F8223023F0E3
:1064E00003017B683A6802F5A27243F8221000BFEC
:1064F0000C37BD4680BC704780B485B000AFF860F3
:10650000B9607A60FB70FB68BA6802F5A27253F852
:10651000223023F4473323F47C73FA68B96801F519
:10652000A27142F82130FB68BA6802F5A27253F8F2
:1065300022207B68190141F6F0730B40F9780904B9
:1065400001F440310B4342EA0301FB68BA6802F5EB
:10655000A27243F8221000BF1437BD4680BC7047BA
:1065600080B483B000AF786039607B683A6802F528
:10657000A27253F822301B0C03F00303DBB218465F
:106580000C37BD4680BC704780B483B000AF7860E4
:1065900039607B683A6802F5A272002143F8221044
:1065A0007B683A6802F5A272002143F8221000BF0E
:1065B0000C37BD4680BC704780B483B000AF034643
:1065C000FB71FB799B0003F580739BB218460C3777
:1065D000BD4680BC704780B586B000AFF860B9603A
:1065E0007A607A68B968F86800F003F97861FFF7B3
:1065F000C9FE7B6918461837BD4680BD80B582B09C
:1066000000AF78600B467B807B8819467868FFF77F
:10661000EEFEFFF7B7FE00BF0837BD4680BD80B570
:1066200082B000AF7860396039687868FFF709FF99
:10663000FFF7A8FE00BF0837BD4680BD80B582B019
:1066400000AF7860396039687868FFF708FFFFF7B6
:1066500099FE00BF0837BD4680BD80B584B000AF4D
:1066600078603960FFF79AFE39687868FFF705FFB0
:10667000F860FFF78DFEFB6818461037BD4680BDF9
:1066800080B582B000AF7860396039687868FFF70C
:1066900003FFFFF777FE00BF0837BD4680BD80B51A
:1066A00082B000AF7860396039687868FFF70CFF16
:1066B000FFF768FE00BF0837BD4680BD80B584B0D7
:1066C00000AFF860B9607A60FB70FB787A68B968EF
:1066D000F868FFF711FFFFF755FE00BF1037BD4602
:1066E00080BD80B584B000AF78603960FFF756FE9A
:1066F00039687868FFF734FF0346FB73FFF748FEFD
:10670000FB7B18461037BD4680BD80B586B002AF12
:10671000F860B9607A60FB70FA783B7E00931346AC
:106720007A68B968F868F1F705FAFFF72BFE00BF41
:106730001037BD4680BD80B582B000AF786039604B
:1067400039687868FFF720FFFFF71CFE00BF0837A5
:10675000BD4680BD80B584B000AFF860B960134617
:10676000FB80FB88A3F580739B0801229A40BB68DD
:106770001340002B04D0FB881946F868FFF737FE5A
:1067800000BF1037BD4680BD80B584B000AFF86053
:10679000B9603B601346FB80FB88A3F580739B08C0
:1067A00001229A40BB681340002B1DD0FB8819467C
:1067B000F868FFF70CFE0346002B15D0FB8819463E
:1067C000F868FFF714FE3B68002B0BD03B681A6893
:1067D000FB88A3F580739B08012101FA03F31A4398
:1067E0003B681A60012300E0002318461037BD46BD
:1067F00080BD80B586B000AFF860B9607A600023D4
:106800003B61FFF7C5FD00237B610FE07B69DBB2D5
:106810001846FFF7D1FE03461A4607F11003B96880
:10682000F868FFF7B1FF7B6901337B617A697B68A8
:106830009A42EBD3BB6803F40033002B07D007F177
:1068400010034FF4A272B968F868FFF79DFF3B6927
:1068500018461837BD4680BD80B588B000AFF860D7
:10686000B9607A603B6007F10C031846F1F7E0F974
:10687000F861FA68FB69203253F82230BB61BB68CB
:10688000002B01D0012200E000227B68002B01D008
:10689000022300E0002313433A68002A01D00C22AF
:1068A00000E000221343BA6A002A02D04FF470625B
:1068B00000E000221343FA6A002A02D04FF440326B
:1068C00000E0002213437B617B69DB43BA6913401C
:1068D000BB61BB68002B03D0BB681B781A4600E085
:1068E00000227B68002B03D07B681B785B0000E0F4
:1068F00000231A433B68002B03D03B681B789B00A6
:1069000000E000231A43BB6A002B03D0BB6A1B784C
:106910001B0200E000231A43FB6A002B03D0FB6A32
:106920001B781B0400E000231343BA691343BB61C7
:10693000FA68FB692032B96943F8221000BF20379A
:10694000BD4680BD80B584B002AF7860002301935E
:10695000002300930023012200217868F1F78EF9CB
:1069600000BF0837BD4680BD80B584B002AF7860F7
:106970000B46FB70FB1C01930023009300230022B5
:1069800000217868FFF768FF00BF0837BD4680BD6B
:1069900080B584B000AF78603B1D1846F1F748F928
:1069A000F860F86800F020F802467B6822FA03F3EA
:1069B00003F0010318461037BD4680BD80B584B092
:1069C00000AF78603B1D1846F1F732F9F8607A683D
:1069D000FB68203253F822301B0C03F00303DBB2B8
:1069E00018461037BD4680BD80B483B000AF7860D4
:1069F0007B68DB6818460C37BD4680BC704780B5A5
:106A000084B000AF78603B1D1846F1F711F9F860CB
:106A10007B68012202FA03F31A46FB681A6200BF80
:106A20001037BD4680BD80B485B000AF78607B680C
:106A30001B68FB60FB6803F01F027B681A60FB6841
:106A40005B0918461437BD4680BC704780B586B0D8
:106A500002AFF860B9607A603B60FB690193BB6983
:106A600000933B687A68B968F868FFF7F5FEFFF7AE
:106A700089FC00BF1037BD4680BD80B582B000AF35
:106A800078607868FFF75EFFFFF77CFC00BF08378F
:106A9000BD4680BD80B582B000AF78600B46FB700C
:106AA000FFF776FCFB7819467868FFF75DFFFFF784
:106AB00075FC00BF0837BD4680BD80B584B000AF0F
:106AC0007860FFF765FC7868FFF762FFF860FFF712
:106AD0005FFCFB6818461037BD4680BD80B584B0AA
:106AE00000AF7860FFF75AFC7868FFF767FF03464E
:106AF000FB73FFF74DFCFB7B18461037BD4680BD8E
:106B000080B584B000AFF860B9607A60FFF740FCF0
:106B10007A68B968F868F1F7EFF8FFF73FFC00BF53
:106B20001037BD4680BD80B582B000AF7860786810
:106B3000FFF765FFFFF726FC00BF0837BD4680BDA5
:106B400080B485B000AF786039603B68FB607B68DB
:106B5000DB08BB607B6803F007037B60FA68BB68F7
:106B600013441B781A467B6822FA03F303F00103EF
:106B7000DBB218461437BD4680BC704780B485B080
:106B800000AF786039603B68FB607B68DB08BB6006
:106B90007B6803F007037B60FA68BB6813441978CD
:106BA00001227B6802FA03F3DBB2DB43DAB2F86856
:106BB000BB6803440A40D2B21A7000BF1437BD4606
:106BC00080BC704780B58AB004AFB9607B60034673
:106BD000FB731346BB7307F12C037B61BA7BF87B15
:106BE0007B690393BB6A02937B6A01933B6A0093C0
:106BF0007B68B968ECF788FA00BF1837BD4680BDDE
:106C000080B582B000AF786039603868F1F7AAF8D3
:106C100003467A6808335B0013449B8803F0010342
:106C2000002B14BF01230023DBB218460837BD46F2
:106C300080BD80B582B000AF786039603868F1F708
:106C400091F803467A6808335B0013449B8803F08D
:106C50002003002B14BF01230023DBB218460837A2
:106C6000BD4680BD80B582B000AF786039603868BD
:106C7000F1F778F803467A6808335B0013449B8881
:106C80009B0803F00703DBB2002B14BF0123002392
:106C9000DBB218460837BD4680BD80B582B000AF74
:106CA000786039603868F1F75DF803467A68083330
:106CB0005B0013449B8803F00203022B0CBF0123EB
:106CC0000023DBB218460837BD4680BD80B582B0D0
:106CD00000AF7860396039687868FFF7DEFF0346F7
:106CE000002B08D039687868FFF7A3FF0346002B14
:106CF00001D0012300E0002303F00103DBB21846BA
:106D00000837BD4680BD80B582B000AF786039607D
:106D100039687868FFF7C1FF0346002B14BF0123D1
:106D20000023DBB283F00103DBB203F00103DBB22B
:106D300018460837BD4680BD80B483B000AF034617
:106D4000FB71FB7918460C37BD4680BC704780B498
:106D500083B000AF0346FB71FB7918460C37BD4684
:106D600080BC704780B582B000AF78603960386809
:106D7000F0F7F8FF03467A6808335B0013449B88FA
:106D80005B0BDBB203F00703DBB218460837BD46E6
:106D900080BD80B483B000AF0346FB71FB79032B49
:106DA0008CBF01230023DBB218460C37BD4680BCE4
:106DB000704780B485B000AF786039600023FB6015
:106DC0001DE07A68FB6808335B0013449B8803F47A
:106DD0008073002B09D07A68FB6808335B0013448A
:106DE0009B885B0A03F00F0301E04FF0FF333A6822
:106DF000934201D1012306E0FB680133FB60FB688D
:106E0000222BDED9002318461437BD4680BC7047BC
:106E100080B586B000AF786039603868F0F7A2FFBF
:106E20000346FB75FB7D7A6808335B0013449B883F
:106E300003F48073002B09D0FB7D7A6808335B0074
:106E400013449B885B0A03F00F0301E04FF0FF330C
:106E50003B613B69B3F1FF3F29D0FB7D7A68083382
:106E60005B0013449A88FB7D22F4F85291B27A6851
:106E700008335B0013440A469A8039697868FFF743
:106E800098FF034683F00103DBB2002B10D07A6831
:106E90003B69DB00134400225A607B6860333A6927
:106EA000D2B211461846FEF787FFF86000E000BF37
:106EB0001837BD4680BD90B583B000AF78603960AB
:106EC00039687868FFF7B5FE0346002B0AD07B6867
:106ED0001C6839687868FFF745FF03461946204665
:106EE000FFF729FC39687868FFF792FF3868F0F7F8
:106EF00039FF03467A6808335B00134400229A8006
:106F000000BF0C37BD4690BD80B584B000AF78603F
:106F1000396039687868FFF78CFE0346002B1ED075
:106F200039687868FFF7EFFE0346002B17D0396801
:106F30007868FFF717FF0346FB737B681A68FB7BD3
:106F4000012101FA03F319461046FFF777FB7B682E
:106F50001B68FA7B11461846FFF7A1FB04E00021ED
:106F60003868FFF797FD00BF00BF1037BD4680BDF2
:106F700080B487B000AFF860B9607A6000237B61AD
:106F800014E0FA687B69DB0013445B68BA689A42D4
:106F900009D1FA687B69DB0013449B687A689A42DE
:106FA00001D17B6907E07B6901337B617B69002B41
:106FB000E7DD4FF0FF3318461C37BD4680BC7047F5
:106FC00080B586B000AFF860B9607A603B60B968A0
:106FD000F868FFF71DFF7B68002B01D100233CE020
:106FE0003A687968F868FFF7C3FF78617B69002B1E
:106FF0000ADAFB6860331846FEF7B2FE78617B69F7
:10700000002B01DA7B6928E0FA687B69DB00134416
:107010007A685A60FA687B69DB0013443A689A60C0
:10702000B868F0F79FFE034619460B46FA68083326
:107030005B0013449A887B69DBB25B029BB213430B
:107040009BB2084643F4807399B2FA6800F10803D2
:107050005B0013440A469A80002318461837BD4641
:1070600080BD80B584B000AF786039603868F0F7D3
:1070700079FE03467A6808335B0013449B889B08BB
:1070800003F00703BB73BB7B042B02D10323FB7309
:107090000FE0BB7B052B02D10223FB7309E03868AC
:1070A000FFF70BFD0346002B01D0032300E0022372
:1070B000FB73FB7B18461037BD4680BD80B584B09E
:1070C00000AF786039603868F0F74CFE03461A4626
:1070D0007B68083233F8123003F48073002B0CD035
:1070E0003868F0F73FFE03461A467B68083233F8EB
:1070F00012305B0A03F00F0301E04FF0FF33FB6037
:10710000FB68B3F1FF3F01D1002303E0FB68DB0024
:107110007A68134418461037BD4680BD80B582B0EA
:1071200000AF7860396039687868FFF769FD034619
:1071300083F00103DBB2002B02D06FF015030BE0EC
:1071400039687868FFF7E0FE39687868FFF7B3FEC2
:107150003868FFF792FC002318460837BD4680BD0B
:1071600080B58CB002AFF860B9607A60B868F0F7AB
:10717000F9FD034687F82330FB680433FB617B6825
:107180001B68002B38D0B968F868FFF79FFD0346ED
:10719000002B02D06FF01503E2E00023BB75002343
:1071A0007B757B681B6807F1150207F1160100204B
:1071B000019000200090B868FFF748FC97F8232062
:1071C000FB69083233F8123097F8232023F00203CA
:1071D00099B2FB69083223F8121097F82320FB6953
:1071E000083233F8123097F8232043F0010399B2A4
:1071F000FB69083223F812107B685B68002B00F0F3
:107200009C807B685B681B78FB767B685B685B684F
:10721000002B14BF01230023BB76B968F868FFF781
:107220003CFD0346002B05D0BB7E002B64D06FF0E5
:10723000150395E097F82320FB69083233F8121004
:1072400097F8232041F6DF730B4099B2FB690832AF
:1072500023F81210BB7E002B4ED0FB7E032B94BF75
:10726000012300237B767B7E83F00103DBB2002BBE
:1072700002D06FF0150373E07B685B685B681B7876
:107280003B76FB7E002B07D1FB681B683A7E1146DC
:107290001846FFF750FA2FE0FB7E1846FFF757FD20
:1072A0000346FB75FB681B683A7E11461846FFF7DC
:1072B000F6F9FB681868397EFB7DBA68FFF7FEF9BE
:1072C0003A7EBB6899B2FB69303223F8121097F806
:1072D0002320FB69083233F812203B7E9BB25B030C
:1072E0009BB213439BB297F8232043F0200399B23B
:1072F000FB69083223F8121097F82320FB69083243
:1073000033F8123097F8232023F01C0399B2FB695D
:10731000083223F8121097F82320FB69083233F85B
:107320001210FB7E9BB29B009BB297F823200B436D
:1073300099B2FB69083223F812107B689B68002B16
:107340000BD07B689B681A687B689B685B68B96830
:10735000F868FFF735FE786201E000237B627B6A04
:1073600018462837BD4680BD90B58BB002AFF86097
:10737000B9607A603B60B868F0F7F4FC0346FB77CD
:107380007B68002B3ED0B968F868FFF7BCFC034669
:10739000002B09D0B968F868FFF74BFC0346002BB7
:1073A00002D06FF015037CE0B968F868FFF75AFC6B
:1073B0000346002B06D07B685B78012B02D16FF06F
:1073C00015036EE00123FB757B685A1C7B68981CD3
:1073D0007B6807F117010024019400930346B86805
:1073E000FFF734FBFB7FFA6808335B0013449A888D
:1073F000FB7F42F0030291B2FA6808335B0013444A
:107400000A469A803B68002B4AD0B968F868FFF7B3
:107410007AFC0346002B02D06FF0150341E03B6875
:107420001B78BB61FB681B68B9691846FFF783F9D5
:10743000FB7FFA6808335B0013449A88F97F41F6B2
:10744000DF73134098B2FA6801F108035B0013443C
:1074500002469A803B685B78002B21D0FB68186855
:107460003B685A783B689B7800931346BA68B969C1
:10747000FFF74BF9FB7FFA6808335B0013449A88E7
:10748000BB699BB25B039BB213439AB2FB7F42F092
:10749000200291B2FA6808335B0013440A469A80CE
:1074A000002318462437BD4690BD80B485B000AF98
:1074B000F860B9607A60FB68BA68DA60FB687A687D
:1074C0001A6100BF1437BD4680BC704780B584B0D8
:1074D00000AFF860B9607A60B968F868FFF7A9FB97
:1074E0000346002B11D0B868F0F73CFC0346FA685D
:1074F00008335B0013449B885B0BDBB203F007038C
:10750000DAB27B681A70002301E06FF015031846A9
:107510001037BD4680BD80B483B000AF78607B6813
:1075200093F87430002B14BF01230023DBB21846FC
:107530000C37BD4680BC704780B582B000AF786024
:107540000B46FB707B6893F875301846F0F720FC0B
:107550000246FB7819461046FEF72EFC03461846F5
:107560000837BD4680BD90B587B000AFF860B96000
:107570001346FB71B968F868FFF75BFB0346002B05
:107580002CD0B968F868FFF7BEFB0346002B25D066
:10759000B968F868FFF7E6FB0346FB75FB681C68F3
:1075A000FB7D1846FFF708F8034619462046FFF70B
:1075B00025F8FB681B68FA7D11461846FFF760F84E
:1075C000FB79002B25D0FB681A68FB7D012101FAAD
:1075D00003F319461046FFF722F81AE0FB681B6810
:1075E0004FF400311846FFF738F80346002B06D158
:1075F000FB681B684FF400311846FFF710F8B968B4
:10760000F868FFF72EFD03461946B868FFF742FAFF
:1076100000E000BF00BF1C37BD4690BD80B584B000
:1076200000AFF860B9607A607A68B968F868FFF707
:1076300097FD034618461037BD4680BD80B584B01F
:1076400000AFF860B9607A603B603B687A68B968FF
:10765000F868FFF789FE034618461037BD4680BD1F
:1076600080B584B000AFF860B9607A607A68B968B4
:10767000F868FFF71AFF00BF1037BD4680BD80B520
:1076800084B000AFF860B9607A607A68B968F86869
:10769000FFF71CFF034618461037BD4680BD80B576
:1076A00082B000AF78600B46FB70FB7819467868B3
:1076B000F0F78EFB034618460837BD4680BD80B5FF
:1076C00082B000AF78607868FFF725FF0346184660
:1076D0000837BD4680BD80B582B000AF78603960A4
:1076E00039687868FFF71AFD034618460837BD4623
:1076F00080BD80B582B000AF78600B46FB70FB7830
:1077000019467868FFF718FF034618460837BD4644
:1077100080BD80B584B000AF786039607868F0F7DC
:1077200009FCF860FB68002B01DAFB6804E0FB68E9
:10773000DAB23B681A70002318461037BD4680BD88
:1077400080B584B000AFF860B9601346FB71FB7977
:107750001A46B968F868FFF706FF00BF1037BD4644
:1077600080BD80B582B000AF7860396039687868D4
:10777000FFF7CAFB00BF0837BD4680BD80B586B0A5
:1077800000AFF860B9601346FB71B968F868FFF79D
:1077900095FC78617B69002B06D07B691B687A6950
:1077A0005268F979B8689847FB689B68002B06D047
:1077B000FB689B68FA68D268F979B868984700BF97
:1077C0001837BD4680BD80B586B000AFF860B9609F
:1077D00011461A460B46FB711346BB71FB791846DE
:1077E000FFF7D7FA0346002B17D0FB791A46B96882
:1077F000F868FFF7C3FFB868FFF770F903461A4649
:10780000BB7993422AD10021B868FFF743F9BB79CD
:107810001946B868FFF73EF920E0BB79022B01D189
:10782000032300E00223FB75FB7D1946B868FFF7D0
:1078300031F9FB79032B0BD0BB79022B02D1FB79F9
:10784000012B05D0BB79032B08D1FB79022B05D185
:10785000FB791A46B968F868FFF790FF00BF183740
:10786000BD4680BD80B588B000AFF860B9607A6071
:1078700023E07B6893FAA3F3B3FA83F3FB6101225D
:10788000FB6902FA03F3DB437A6813407B60BB6851
:10789000FA69303233F81230BB61F969F868FEF7E3
:1078A00020FF0346FB75FB7D1846FFF745FA0346AC
:1078B0001A46B969B868FFF761FF7B68002BD8D119
:1078C00000BF00BF2037BD4680BD80B586B000AF89
:1078D000786039603B6893F871303B613869F0F744
:1078E00067FAF860FF217868FEF7C7FD034643F4A6
:1078F0000033BB60FB681B681A46B9687868FEF7FE
:107900006AFE78617B6903F40033002B08D0FA68C3
:1079100039687868F0F77EFB7B6923F400337B617C
:107920007A6939687868FFF79DFF00BF1837BD4650
:1079300080BD80B582B000AF78607B681A687B68D4
:10794000043319461046FFF7C0FF00BF0837BD4695
:1079500080BD90B482B000AF786039603A687B68CF
:10796000D3E8EF1F01EA0200C3E8E40F002CF7D1CF
:107970000B4618460837BD4690BC704780B400AF30
:1079800000BFBD4680BC704780B400AF00BFBD469D
:1079900080BC704780B400AF00BFBD4680BC70475C
:1079A00080B483B000AF786039607A683B68134474
:1079B0001B68002B14BF01230023DBB218460C37D1
:1079C000BD4680BC704780B487B000AFF860C7E99F
:1079D00000230B46FB72D7E900014FF000024FF085
:1079E00000030A00002313467B61FB7A3A68F968BA
:1079F00052331B010B441A60FB7A7A69C2F31302FB
:107A0000F96852331B010B4404331A6000BF1C3762
:107A1000BD4680BC70472DE9B00F85B000AF7860DF
:107A20000B46FB70FB787A6852331B011344043316
:107A30001B68FB60FB787A6852331B0113441B6898
:107A400000221C461546FB6800229A4693464FF0DA
:107A500000024FF000035346002244EA020845EAC0
:107A6000030942464B46104619461437BD46BDE849
:107A7000B00F704780B485B000AFF8607A601A46E6
:107A80000B46FB721346BB72BB7AD9077B6823F0A7
:107A90000042FB7A0A43F9681B010B4403F5A56316
:107AA0001A6000BF1437BD4680BC704780B483B0F5
:107AB00000AF786039607B683A68C3F8242300BF60
:107AC0000C37BD4680BC704780B483B000AF78608F
:107AD00039607B683A68C3F8282300BF0C37BD467D
:107AE00080BC704780B483B000AF78607B68D3F807
:107AF0002C3318460C37BD4680BC704780B483B029
:107B000000AF78600B46FB70FB7880337A681344D3
:107B100000221A6000BF0C37BD4680BC704780B49D
:107B200083B000AF78600B467B807B8880337A68B7
:107B3000134400221A6000BF0C37BD4680BC70475A
:107B400080B582B000AF78600B467B807B88194699
:107B50007868FFF725FF034618460837BD4680BD05
:107B600080B483B000AF78600B467B807B887A68F6
:107B7000134400221A6000BF0C37BD4680BC70471A
:107B800080B483B000AF78607B68D3F84037184684
:107B90000C37BD4680BC704780B483B000AF7860BE
:107BA0007B68D3F8443718460C37BD4680BC704715
:107BB00080B485B000AF78607B6803F5E863FB6054
:107BC000FB68D3E90023104619461437BD4680BC34
:107BD000704780B483B000AF78600B46FB707B6861
:107BE000D3F8483723F00103FA78002A01D00122A4
:107BF00000E000221A437B68C3F8482700BF0C3717
:107C0000BD4680BC704780B483B000AF78607B68AD
:107C1000D3F8483703F00103012B0CBF01230023E5
:107C2000DBB218460C37BD4680BC704780B483B0C9
:107C300000AF78600B46FB70FB787A681344012232
:107C40001A6000BF0C37BD4680BC704780B483B05B
:107C500000AF0346FB71FB799B00DBB218460C3783
:107C6000BD4680BC704780B483B000AF0346FB7153
:107C7000FB799B0003F580739BB218460C37BD4619
:107C800080BC704780B483B000AF78600B46FB7057
:107C90007B68D3F8103523F00203FA78002A01D06C
:107CA000022200E000221A437B68C3F8102500BFBF
:107CB0000C37BD4680BC704780B483B000AF78609D
:107CC0000B46FB707B68D3F8103523F00103FA787C
:107CD000002A01D0012200E000221A437B68C3F889
:107CE000102500BF0C37BD4680BC704780B483B000
:107CF00000AF78607B68D3F8103503F00203002BE7
:107D000014BF01230023DBB218460C37BD4680BCEC
:107D1000704780B483B000AF786039607B683A68A0
:107D2000C3F8A42600BF0C37BD4680BC704780B4A2
:107D300083B000AF786039607B683A68C3F8AC26DE
:107D400000BF0C37BD4680BC704780B586B000AF21
:107D5000F860B96011461A460B46FB711346BB71B9
:107D60000023FB750EE0FB7D1846FFF77CFF034602
:107D7000BB82BB8A1A46B968F86800F08EF9FB7DB1
:107D80000133FB75FB7D0B2BEDD9FFF7F7FDE420ED
:107D9000FBF75EFBBB79002B03D0B968F868FFF7EF
:107DA00085FEFFF7EBFD00BF1837BD4680BD80B5EF
:107DB00084B000AF78600B46FB7000217868FFF755
:107DC00061FFFFF7DBFD40F6FF717868FFF77CFE8F
:107DD0000023FB7314E0FB7B1846FFF744FF0346C8
:107DE00019467868FFF79BFEFB7B1846FFF72EFFCE
:107DF000034619467868FFF781FEFB7B0133FB736E
:107E0000FB7B0B2BE7D960217868FFF70FFFFFF7AB
:107E1000B5FDFB78002B02D05D20F0F787F900BF9D
:107E20001037BD4680BD80B584B000AF78600B468A
:107E3000FB7001217868FFF725FFFFF79FFDFB78B6
:107E4000002B28D07868FFF7DEFE0346FB73FFF7B0
:107E50009BFDFB7B83F00103DBB2002B05D00121EE
:107E60007868FFF7B6FEFFF789FD00BF786800F07D
:107E70002EF9034683F00103DBB2002BF6D1FB7B26
:107E800083F00103DBB2002B05D000217868FFF7F7
:107E9000A0FEFFF773FD00BF1037BD4680BD80B563
:107EA00084B000AF78607868FFF782FEC7E902010E
:107EB000D7E90223B3F1804FF5D2D7E90223104668
:107EC00019461037BD4680BD80B582B000AF7860DE
:107ED000786800F0FCF8034618460837BD4680BDB8
:107EE00080B584B000AF78600B46FB70FFF74CFDA7
:107EF000FB781846FFF7B7FE034619467868FFF788
:107F00001FFE0346FB73FFF73FFDFB7B1846103750
:107F1000BD4680BD80B582B000AF78600B46FB7077
:107F2000FB781846FFF79FFE034619467868FFF76F
:107F300017FEFFF723FD00BF0837BD4680BD80B5A3
:107F400084B000AFF860C7E900230B46FB72F97AF2
:107F5000D7E90023F868FFF736FDFFF70FFD00BFF4
:107F60001037BD4680BD80B584B000AF78600B4649
:107F7000FB70FFF70FFDFB7819467868FFF74BFDA4
:107F8000C7E90201FFF700FDD7E9022310461946B1
:107F90001037BD4680BD80B584B000AFF8607A6010
:107FA0001A460B46FB721346BB72BB7AF97A7A68A3
:107FB000F868FFF75FFDFFF7E1FC00BF1037BD4633
:107FC00080BD80B582B000AF78603960396878686C
:107FD000FFF76CFDFFF7D2FC00BF0837BD4680BD40
:107FE00080B584B000AF7860FFF7CEFC7868FFF70B
:107FF00079FDF860FFF7C8FCFB6818461037BD46EE
:1080000080BD80B582B000AF78600B46FB70FB7816
:1080100019467868FFF736FEFFF7B0FC00BF083757
:10802000BD4680BD80B582B000AF78600B46FB7066
:10803000FB7819467868FFF73FFEFFF79FFC00BF0B
:108040000837BD4680BD80B582B000AF78607868E3
:10805000FFF74CFE034618460837BD4680BD80B585
:1080600082B000AF7860396039687868FFF751FEF8
:10807000FFF784FC00BF0837BD4680BD80B582B0E5
:1080800000AF7860396039687868FFF750FEFFF715
:1080900075FC00BF0837BD4680BD80B584B000AF19
:1080A000F860B9601346FB80FB88A3F580739B08DA
:1080B00001229A40BB681340002B04D0FB8819466C
:1080C000F868FFF74DFD00BF1037BD4680BD80B595
:1080D00084B000AF78607868FFF752FDFFF754FC7A
:1080E0007868FFF759FD034603F08043002B0CBF6F
:1080F00001230023FB73FFF747FCFB7B1846103777
:10810000BD4680BD80B58AB004AFB9607B600346D0
:10811000FB731346BB7307F12C037B61BA7BF87BBF
:108120007B690393BB6A02937B6A01933B6A00936A
:108130007B68B968EAF7E8FF00BF1837BD4680BD25
:1081400080B485B000AF78600023FB730AE07B68E1
:10815000DBB203F00103DAB2FB7B1344FB737B68F1
:108160005B087B607B68002BF1D1FB7B18461437E2
:10817000BD4680BC704780B485B000AF0346FB713C
:108180006723FB600023FB720EE0FB6893FAA3F306
:10819000B3FA83F3012202FA03F3DB43FA681340D4
:1081A000FB60FB7A0133FB72FA7AFB799A42ECD3DB
:1081B000FB6893FAA3F3B3FA83F3DBB218461437E0
:1081C000BD4680BC704780B500AFF0F799FA00BF9C
:1081D00080BD80B400AF00BFBD4680BC704780B496
:1081E00000AF00BFBD4680BC704780B483B000AF15
:1081F00078607B68D3F8003403F00103012B0CBFD7
:1082000001230023DBB218460C37BD4680BC704703
:1082100080B483B000AF786039603B681B781A4641
:108220003B685B781B021A437B68C3F8002500BFDC
:108230000C37BD4680BC704780B582B000AF786017
:1082400039603968786800F004F800BF0837BD4627
:1082500080BD80B582B000AF7860396039687868D9
:10826000FFF7D6FFFFF7B5FFFFF7B9FF00BF78684C
:10827000FFF7BBFF034683F00103DBB2002BF6D10F
:10828000FFF7ADFF00BF0837BD4680BD80B500AF2A
:10829000F0F7E6FB00BF80BD80B500AFFFF7F6FF4B
:1082A0000023184680BD80B485B000AFEFF3118382
:1082B000FB60FB68BB6020237B607B6883F31288D4
:1082C00000BFBFF36F8F00BFBB6818461437BD46B1
:1082D00080BC704780B485B000AF78607B68FB607D
:1082E000FB68BB60BB6883F3118800BFBFF36F8F6F
:1082F00000BF00BF00BF1437BD4680BC704780B5CB
:1083000082B000AF78607B68002B03D07868FBF701
:108310000AFD00E000BF0837BD4680BD80B483B0D1
:1083200000AF7860002318460C37BD4680BC70470C
:1083300080B584B000AF78600023FB607B685B6928
:10834000002B17D07B685B6978689847F860FB68FA
:10835000002B0FD0FB68002B02DAFB685B42FB604E
:10836000FB68FF2B01DDFF23FB607B68DB68FA689D
:10837000D2B21A707B68DA68537843F00103537005
:10838000FB68002B02D17868FFF7C8FFFB685B42EF
:1083900018461037BD4680BD80B483B000AF78600A
:1083A0007B68002B01D1002312E07B68DB685B78DF
:1083B00003F00103DBB2002B06D07B68DB681B787F
:1083C000002B01D1012300E0002303F00103DBB205
:1083D00018460C37BD4680BC704780B582B000AFF0
:1083E00078607868ECF7C2FD00BF0837BD4680BDF5
:1083F00080B58AB004AFB9607B600346FB73134657
:10840000BB7307F12C037B61BA7BF87B7B69039319
:10841000BB6A02937B6A01933B6A00937B68B968ED
:10842000EAF772FE00BF1837BD4680BD80B500AFC9
:10843000EAF720FA00BF80BD80B485B000AFF860D5
:10844000B9607A6000BF1437BD4680BC704780B405
:1084500087B000AF7860EFF311837B617B693B618C
:108460002023FB60FB6883F3128800BFBFF36F8F8C
:1084700000BF00BFFDE782B00190019B184602B02B
:10848000704782B0019000BF02B0704700B583B062
:108490000190019800F004F800BF03B05DF804FB00
:1084A00000B583B001900198F2F784FD00BF03B0DE
:1084B0005DF804FB00B585B00390CDE90023DDE94C
:1084C00000234FF000004FF000018B4208BF8242B2
:1084D00003D10398FFF7DAFF04E0DDE900230398F6
:1084E000F0F746FC00BF05B05DF804FB82B00190D8
:1084F000019B1B7C23F00403DAB2019B1A7400BFBA
:1085000002B0704782B00190019B9B8923F0010368
:108510009AB2019B9A8100BF02B0704700BF7047BA
:1085200080B500AFFBF718F800BF80BD80B588B0FC
:1085300000AFF860B9607A60EFF31183FB61FB690B
:10854000BB6120237B617B6983F3128800BFBFF38B
:108550006F8F00BF00BFFFF7E3FFEDE780B400AF10
:1085600000BF00BF00BFBD4680BC704780B483B071
:1085700000AF78607B6800221A607B6800225A6036
:1085800000BF0C37BD4680BC704780B483B000AFDD
:1085900078607B681B687A689A420CBF01230023CD
:1085A000DBB218460C37BD4680BC704780B582B040
:1085B00000AF78607868FFF7E8FF0346002B02D130
:1085C0007B681B6800E0002318460837BD4680BD65
:1085D00080B584B000AF78607B685B68FB607B68C7
:1085E0001B68BB60FB68BA681A60BB68FA685A60AF
:1085F0007868FFF7BBFF00BF1037BD4680BD80B570
:1086000082B000AF78607B6818331846F3F798FAA9
:1086100000BF0837BD4680BD80B485B000AF78602C
:108620007B681B7CFB73FB7B03F01F03002B14BFD9
:1086300001230023DBB218461437BD4680BC7047C7
:1086400080B582B000AF78607868FFF7E5FF034639
:10865000002B14BF01230023DBB283F00103DBB244
:1086600003F00103DBB218460837BD4680BD80B475
:1086700083B000AF78607B681B7C23F00203DAB222
:108680007B681A7400BF0C37BD4680BC704780B44D
:1086900083B000AF78607B6813F1800FACBF01231B
:1086A0000023DBB218460C37BD4680BC704780B54E
:1086B00082B000AF78607868FFF7E9FF0346002BCF
:1086C00001D07B6801E06FF07F0318460837BD4694
:1086D00080BD80B483B000AF786039607A683B6851
:1086E0009A42B4BF01230023DBB218460C37BD46C3
:1086F00080BC704780B582B000AF7860396039685F
:108700007868FFF7E6FF034618460837BD4680BD88
:1087100080B586B000AF78607B68FB60FB689B68C3
:108720001A467B687B613A617B691846FFF750FF08
:1087300000BF7868FFF79BFF7B6800229A6000BF4C
:108740001837BD4680BD80B582B000AF78607B68C9
:108750001846FFF72BFF034618460837BD4680BD75
:1087600080B58AB004AFB9607B600346FB731346E3
:10877000BB7307F12C037B61BA7BF87B7B690393A6
:10878000BB6A02937B6A01933B6A00937B68B9687A
:10879000EAF7BAFC00BF1837BD4680BD80B584B08B
:1087A00000AF7860396039687868FFF7A3FF034647
:1087B000002B01D07B6800E03B68FB60F868FFF7A6
:1087C00076FFF860FB6818461037BD4680BD80B460
:1087D00083B000AF78607B687A681A607B687A68DB
:1087E0005A6000BF0C37BD4680BC704780B483B070
:1087F00000AF78607B6800221A607B6800225A60B4
:1088000000BF0C37BD4680BC704780B483B000AF5A
:1088100078607B681B687A689A420CBF012300234A
:10882000DBB218460C37BD4680BC704780B582B0BD
:1088300000AF78607868FFF7E8FF0346002B02D1AD
:108840007B681B6800E0002318460837BD4680BDE2
:1088500080B584B000AF78607B685B68FB607B6844
:108860001B68BB60FB68BA681A60BB68FA685A602C
:108870007868FFF7BBFF00BF1037BD4680BD80B4EE
:1088800083B000AF786000BF0C37BD4680BC704736
:1088900080B582B000AF78607B6818331846F3F774
:1088A0004FF900BF0837BD4680BD80B582B000AF2C
:1088B00078607B681846FFF78AFF00BF0837BD461F
:1088C00080BD80B483B000AF78607B681B7C23F0F0
:1088D0000203DAB27B681A7400BF0C37BD4680BC55
:1088E000704780B586B000AF78607B68FB60FB683E
:1088F0009B681A467B687B613A617B691846FFF783
:10890000A7FF00BF7868FFF7DCFF7B6800229A6052
:1089100000BF1837BD4680BD80B584B000AFF86099
:10892000B9607A607B68002B03D0BA687B689A4292
:1089300002D96FF015030DE0FB68BA689A60FB6816
:108940007A68DA60FB681846FFF7AFFFF868FFF750
:1089500096FF002318461037BD4680BD80B483B013
:1089600000AF7860002318460C37BD4680BC7047C6
:1089700080B483B000AF78607B687A681A607B68E7
:108980007A685A6000BF0C37BD4680BC704780B41F
:1089900083B000AF78607B6800221A607B68002299
:1089A0005A6000BF0C37BD4680BC704780B483B0AE
:1089B00000AF78607B6818460C37BD4680BC7047B6
:1089C00080B582B000AF7860786800F004F800BF2E
:1089D0000837BD4680BD80B582B000AF786078684A
:1089E000F2F7E8FA00BF0837BD4680BD80B582B017
:1089F00000AF78607B681846FFF7C9FF00BF0837F3
:108A0000BD4680BD80B582B000AF78607B6818330A
:108A10001846FFF7EBFF00BF0837BD4680BD80B5A5
:108A200084B000AFF860C7E90023D7E900234FF016
:108A300000004FF000018B4208BF824203D1F8686A
:108A4000FFF7BEFF04E0D7E90023F868F1F72EF83E
:108A500000BF1037BD4680BD80B582B000AF7860E2
:108A60007B681846FFF784FF00BF0837BD4680BD0E
:108A700080B58AB004AFB9607B600346FB731346D0
:108A8000BB7307F12C037B61BA7BF87B7B69039393
:108A9000BB6A02937B6A01933B6A00937B68B96867
:108AA000EAF732FB00BF1837BD4680BD80B483B003
:108AB00000AFEFF305837B607B68002B14BF0123BD
:108AC0000023DBB218460C37BD4680BC704780B42B
:108AD00083B000AF78607B687C3318460C37BD46A6
:108AE00080BC704780B58AB006AFF860B9607A6024
:108AF0003B6000230593BB6A04937B6A03933B6A44
:108B00000293FB690193BB6900933B687A68B9687B
:108B1000F868F1F76DF8D7E90C234FF0FF304FF00C
:108B2000FF318B4208BF824204D0D7E90C23F8689A
:108B3000FFF775FFFB6818461037BD4680BD80B54E
:108B400084B000AFF860B9607A603B60FB680022D7
:108B50009A603B689AB2FB689A817B68DAB2FB68DC
:108B60001A74BB685AB2FB689A73FB680022DA7306
:108B7000F868FFF747FF00BF1037BD4680BD82B0E1
:108B80000190019B019A1A60019B019A5A6000BFF3
:108B900002B0704782B00190019B00221A60019BD5
:108BA00000225A6000BF02B0704782B00190019B62
:108BB0001B68002B14BF01230023DBB2184602B050
:108BC000704782B00190019B1B68019A9A420CBFCA
:108BD00001230023DBB2184602B0704700B583B012
:108BE00001900198FFF7EDFF0346002B02D1019B96
:108BF0001B6800E00023184603B05DF804FB82B058
:108C000001900091019B5B68009A9A4202D0009B00
:108C10001B6800E00023184602B0704700B583B01F
:108C200001900091009B002B05D000990198FFF75F
:108C3000E6FF034600E00023184603B05DF804FB9E
:108C400084B001900091019B5B680393009B019AA3
:108C50001A60009B039A5A60039B009A1A60019B5A
:108C6000009A5A6000BF04B0704784B00190009130
:108C7000019B5B680393009B039A5A60009B019AD7
:108C80001A60039B009A1A60019B009A5A6000BF09
:108C900004B0704784B00190019B5B680393019B13
:108CA0001B680293039B029A1A60029B039A5A6004
:108CB00000BF04B0704700B585B00190019B5B68B0
:108CC0000393019B1B680293039B029A1A60029B09
:108CD000039A5A600198FFF75DFF00BF05B05DF889
:108CE00004FB08B5F1F7F6FF00BF08BD00B583B07F
:108CF0000190019B1846FFF758FF0346002B14BF55
:108D000001230023DBB283F00103DBB203F0010394
:108D1000DBB2184603B05DF804FB82B00190019B02
:108D2000D3E9042303F1004152EA01030CBF0123FC
:108D30000023DBB2184602B0704700B583B0019043
:108D4000019B18331846F2F7FBFE00BF03B05DF835
:108D500004FB00B583B00190019B18331846FFF760
:108D6000DCFF0346184603B05DF804FB82B00190B7
:108D7000019BDB897F2B94BF01230023DBB21846C4
:108D800002B0704782B001900023184602B07047CD
:108D900082B00190019B1B7C03F00203002B14BFE7
:108DA00001230023DBB2184602B0704782B0019065
:108DB000019B1B7C03F00803002B14BF012300233D
:108DC000DBB2184602B0704782B00190019B1B7C59
:108DD00003F02003002B14BF01230023DBB218464D
:108DE00002B0704782B00190019B1B7C03F06003CE
:108DF000002B14BF01230023DBB2184602B07047DA
:108E000084B00190019B1B7C8DF80F309DF80F30D2
:108E100003F01F03002B14BF01230023DBB218460D
:108E200004B0704700B583B00190019B1833184619
:108E3000FFF75CFF0346002B14BF01230023DBB2C6
:108E400083F00103DBB203F00103DBB2184603B089
:108E50005DF804FB00B583B001900198FFF7D0FFE7
:108E60000346002B14BF01230023DBB283F0010370
:108E7000DBB203F00103DBB2184603B05DF804FB7C
:108E800082B001900091019B1B7C1A46009B13400D
:108E9000002B14BF01230023DBB2184602B0704739
:108EA00000B583B0019080210198FFF7E9FF0346E8
:108EB000184603B05DF804FB82B00190019B1B7C57
:108EC00063F07F03DAB2019B1A7400BF02B07047EF
:108ED00082B00190019B1B7C03F07F03DAB2019BFF
:108EE0001A7400BF02B0704782B00190019B1B7CD6
:108EF00043F00203DAB2019B1A7400BF02B070475C
:108F000082B00190019B1B7C23F00203DAB2019B2B
:108F10001A7400BF02B0704782B00190019B1B7CA5
:108F200003F00403002B14BF01230023DBB2184617
:108F300002B0704782B00190019B1B7C43F0040398
:108F4000DAB2019B1A7400BF02B0704782B0019080
:108F5000019B1B7C23F00403DAB2019B1A7400BF4F
:108F600002B0704782B00190019B9B8903F001031E
:108F7000DBB2184602B0704700B587B00190019B84
:108F80000393039B9B681A46019B05930492059BE0
:108F90001846FFF790FE00BF0198FFF7B1FF019B55
:108FA00000229A6000BF07B05DF804FB00B583B0F3
:108FB0000190019B1846FFF711FE0346184603B0C7
:108FC0005DF804FB00B58BB00691059303468DF860
:108FD0001F3013468DF81E300FAB09939DF81E20ED
:108FE0009DF81F00099B03930E9B02930D9B019319
:108FF0000C9B0093059B0699EAF786F800BF0BB01F
:109000005DF804FB82B001900123184602B070475E
:1090100082B0019000BF02B0704782B0019000BFE3
:1090200002B0704782B001900023184602B070472A
:1090300084B00190019B0393039B002B0CBF012381
:109040000023DBB2002B0FD0EFF305830293029BCA
:10905000002B14BF01230023DBB283F00103DBB23A
:10906000002B01D0012300E0002303F00103DBB259
:10907000184604B0704700B58BB001900091009B7A
:109080001846FFF7D5FF0346002B10D0F1F798F9EB
:109090000346002B0BD0019B0993009B0393099B74
:1090A000089300BF039B1846F0F76AFE10E0009B90
:1090B0000493019B0793049B0693069B0593059BD2
:1090C00083F3118800BFBFF36F8F00BF00BF00BFE5
:1090D00000BF0BB05DF804FB00B58BB001900091B0
:1090E0000198F1F77FF90198FFF7FEFE009B002B36
:1090F00051D0019B009A9A60009B0993019B0893B1
:109100000998FFF76BFD0346002B04D00998FFF781
:1091100065FD034600E00023079334E0089B0693B7
:10912000079B0593069B93F90E300493059B93F9D7
:109130000E300393049A039B9A4203D0039A049B34
:10914000D31A00E00023002B07DD079B089A114685
:109150001846FFF78AFD00BF1DE0079B002B10D0CB
:10916000079B19460998FFF759FD0346002B06D0C7
:10917000079B19460998FFF751FD034602E00023BB
:1091800000E000230793079B002BC7D1089B1946DB
:109190000998FFF755FD00BF0BB05DF804FB00B563
:1091A00085B00390CDE90023DDE900234FF0FF30C7
:1091B0004FF0FF318B4208BF824204D0DDE900232B
:1091C0000398F0F7C7FD00BF05B05DF804FB00B5DC
:1091D00085B003900291CDE9002302990398FFF72F
:1091E0007BFFDDE900230398FFF7D9FF00BF05B03F
:1091F0005DF804FB00B585B00190019B1B7C03F07A
:109200002803002B14BF012300238DF80F309DF895
:109210000F3083F00103DBB2002B0CD0019B9B6865
:10922000002B02D00198FFF7A7FE0198FFF78EFEF2
:109230000198F0F779FE00BF05B05DF804FB00B5BA
:1092400083B00190009100990198FFF714FF00BFCF
:1092500003B05DF804FB00B585B00190019B0433B9
:1092600003930398FFF78BFC00BF00BF05B05DF8C8
:1092700004FB2DE9F04F91B0CDE90601DDE90601CF
:10928000F1F7F6FD0346DA171C461546CDE90E4503
:10929000DDE906014FF0FF344FF0FF3522462B4643
:1092A000994208BF904268D0DDE90E0102460B46A4
:1092B0004FF000044FF000055D0145EAD26554010E
:1092C00022462B46161A63EB01074FF000024FF0BF
:1092D0000003BB0043EA9673B20016461F4616EB26
:1092E000000847EB01094FF000024FF000034FEA7E
:1092F000C90343EA58734FEAC8029046994642466A
:109300004B4647F611215118009143F10003019398
:1093100047F612224FF00003DDE90001E7F776F986
:1093200002460B46CDE90C2300230B936FF000435C
:109330000A930B9BDA1702930392DDE90C23DDE914
:1093400002010446A2428B4104D20B9BDA179A46D3
:1093500093460FE00A9BDA1704930592DDE90CAB04
:10936000DDE904120B465345134673EB0B0301D2A0
:109370008A46934652465B4603E04FF0FF324FF079
:10938000FF33CDE90823089B184611B0BDE8F08FE4
:10939000F0B585B001900199C8170C46054614F147
:1093A0001F0245F100034FF000004FF0000150098B
:1093B00040EAC360590903460393039BDA171E462C
:1093C000174632463B4610461946F1F751FD0390C9
:1093D000039B5B01029302990B46184605B0F0BD52
:1093E00000B587B001900198FFF7E0FD059015E00A
:1093F0000598FFF7C1FD0598FFF79FFC059B0493B7
:1094000000230393049B039AC3F8B42000BF05987C
:10941000F0F78AFD0198FFF7C9FD0590059B002B29
:10942000E6D100BF00BF07B05DF804FB80B483B095
:1094300000AF78607B68DB897F2B94BF012300231A
:10944000DBB218460C37BD4680BC704780B485B08F
:1094500000AF78607B681B7CFB73FB7B03F01F0312
:10946000002B14BF01230023DBB218461437BD467E
:1094700080BC704780B483B000AF786039607A6890
:109480003B689A42B4BF01230023DBB218460C3775
:10949000BD4680BC704780B582B000AF786039604F
:1094A00039687868FFF7E6FF034618460837BD4677
:1094B00080BD80B483B000AF78607B6800221A6002
:1094C0007B6800225A6000BF0C37BD4680BC7047E5
:1094D00080B483B000AF78607B681B68002B14BF3A
:1094E00001230023DBB218460C37BD4680BC704711
:1094F00080B483B000AF78607B681B687A689A425A
:109500000CBF01230023DBB218460C37BD4680BCDC
:10951000704780B582B000AF78607868FFF7E8FFE9
:109520000346002B02D17B681B6800E0002318462D
:109530000837BD4680BD80B483B000AF7860396025
:109540007B685B683A689A4202D03B681B6800E01F
:10955000002318460C37BD4680BC704780B582B0EA
:1095600000AF786039603B68002B05D039687868B7
:10957000FFF7E1FF034600E0002318460837BD4629
:1095800080BD80B485B000AF786039607B685B686F
:10959000FB603B687A681A603B68FA685A60FB684F
:1095A0003A681A607B683A685A6000BF1437BD4653
:1095B00080BC704780B485B000AF786039607B684C
:1095C0005B68FB603B68FA685A603B687A681A60BF
:1095D000FB683A681A607B683A685A6000BF1437C3
:1095E000BD4680BC704780B584B000AF78607B68B2
:1095F0005B68FB607B681B68BB60FB68BA681A60CD
:10960000BB68FA685A607868FFF753FF00BF1037ED
:10961000BD4680BDF0B583B000AF78607868F2F7E2
:1096200029F90346002B0DD07868F2F723F9064696
:10963000D6E904017B68D3E90423841841EB0305D0
:10964000C6E904457B681846FFF7CDFF00BF0C371D
:10965000BD46F0BD2DE9B04F8CB000AF7861F2F798
:10966000FBF8B862BB6A002B12D0BB6AD3E90423B3
:109670007969C817B960F860D7E902018446B2EB8E
:109680000C0463EB0105B4F1004F75F1000303DB3B
:109690006FF00043FB6220E000237B62BB6AD3E9EA
:1096A00004237969C8178A468346B2EB0A013960F8
:1096B00063EB0B037B60D7E90034C7E906347B6AB0
:1096C000DA1798469146D7E90623424573EB09011C
:1096D00001DA42464B461346FB62FB6A18463037B6
:1096E000BD46BDE8B08F80B500AFF2F775FB02460E
:1096F0000B461346184680BD80B500AFF2F76CFBF1
:1097000002460B461046194680BD80B483B000AFB8
:1097100078607B687A681A607B687A685A6000BFF4
:109720000C37BD4680BC704780B483B000AF786012
:109730007B6800221A607B6800225A6000BF0C37E9
:10974000BD4680BC704780B483B000AF78607B6852
:109750001B687A689A420CBF01230023DBB21846CB
:109760000C37BD4680BC704780B582B000AF7860D2
:109770007868FFF7E8FF0346002B02D17B681B687F
:1097800000E0002318460837BD4680BD80B483B092
:1097900000AF786000BF0C37BD4680BC704780B515
:1097A00000AFFFF7A9FF02460B461046194680BDE1
:1097B00080B582B000AF78607B681846FFF7B4FFD1
:1097C00000BF0837BD4680BD80B483B000AF78606D
:1097D0007B68D3E90423B3F1004F08BF012A14BF0B
:1097E00001230023DBB218460C37BD4680BC70470E
:1097F00080B582B000AF78607B681846FFF785FFC0
:1098000000BF0837BD4680BD80B582B000AF78602C
:109810007B681846FFF7A8FF034618460837BD4681
:1098200080BD80B584B000AFF860B9607A60FB6835
:10983000BA681A62FB687A685A62FB6800221A6387
:10984000FB6818331846FFF7D3FFFB681846FFF78D
:10985000AFFFFB6800225A63F868FFF797FF00BF6D
:109860001037BD4680BD80B400AF00BFBD4680BC90
:10987000704780B582B000AF78607B689B6A002B30
:1098800005D07B68243301211846F2F777FF7B6807
:1098900000229A62002318460837BD4680BD80B575
:1098A00084B000AF78607868FFF7E3FFF8607B680A
:1098B0001B7F032B1ADC022B04DA002B12D0012BA6
:1098C00008D013E07B681B6A012B13D06FF096035E
:1098D000FB600FE07B681B6A002B0DD06FF09603D6
:1098E000FB6009E06FF09603FB6006E06FF0960303
:1098F000FB6002E000BF00E000BF2C22002178687E
:10990000F4F762F9FB6818461037BD4680BD80B495
:1099100083B000AF7860102318460C37BD4680BC7A
:10992000704780B582B000AF6FF096037B60F3F7AD
:1099300035F878607B68002B01D07B6800E000235D
:1099400018460837BD4680BD80B400AF00BFBD4695
:1099500080BC704780B483B000AF786000231846A5
:109960000C37BD4680BC704780B483B000AF7860D0
:10997000002318460C37BD4680BC704780B584B0C4
:1099800000AFF860C7E90023D7E90023F868EFF7D4
:1099900063FC034618461037BD4680BD80B582B0D3
:1099A00000AF78607868EFF787FE034618460837FF
:1099B000BD4680BD80B582B000AF786079684FF059
:1099C000FF324FF0FF330846FFF7D8FF01460B4642
:1099D00018460837BD4680BD80B582B000AF7860BC
:1099E0007B681846FFF7DAFF034618460837BD467E
:1099F00080BD80B483B000AF78607B681B6800BF17
:109A00000C37BD4680BC704780B58AB004AFB960E2
:109A10007B600346FB731346BB7307F12C037B612A
:109A2000BA7BF87B7B690393BB6A02937B6A0193E1
:109A30003B6A00937B68B968E9F766FB00BF18379B
:109A4000BD4680BD80B582B000AF78600B467B809C
:109A50007B887A68134400221A607B887A681344F2
:109A60001846FFF7C6FF00BF0837BD4680BD80B46B
:109A700083B000AF786039607B683A68C3F8082328
:109A800000BF0C37BD4680BC704780B483B000AFC8
:109A9000786039607B68D3F800243B681A437B68A0
:109AA000C3F8002400BF0C37BD4680BC704780B4AB
:109AB00083B000AF786039607B68D3F800243B68DE
:109AC000DB431A407B68C3F8002400BF0C37BD4657
:109AD00080BC704780B58AB004AFB9607B60034634
:109AE000FB731346BB7307F12C037B61BA7BF87BD6
:109AF0007B690393BB6A02937B6A01933B6A009381
:109B00007B68B968E9F700FB00BF1837BD4680BD28
:109B100080B487B000AFF860B9607A6000237B61E1
:109B200010E0FB681A78BB681B785340DAB2FB6818
:109B30001A707B6901337B61FB680133FB60BB6892
:109B40000133BB607A697B689A42EAD300BF00BFE9
:109B50001C37BD4680BC704780B485B000AFF8604C
:109B6000B9607A6013E0BB68013BBB60FA68BB6810
:109B700013441B781A467B6813447B60FA68BB6801
:109B800013447A68D2B21A707B681B0A7B60BB6888
:109B9000002BE8D100BF00BF1437BD4680BC704722
:109BA00080B584B000AF786007F108031946786883
:109BB000F3F73AF9F860FB68002B14BF0123002388
:109BC000DBB218461037BD4680BD80B483B000AF0D
:109BD000786039603B6818460C37BD4680BC7047DA
:109BE00080B485B000AF786039607B685B68FB60EB
:109BF0007B683A685A61FB68DBB2002B06D1FB68D0
:109C000023F0FF0343F001027B685A6000BF143762
:109C1000BD4680BC704780B483B000AF78607B687D
:109C20005B6918460C37BD4680BC704780B483B072
:109C300000AF786039607B683A685A603B68DBB295
:109C4000002B02D17B6800225A6100BF0C37BD4651
:109C500080BC704780B483B000AF78607B685B687D
:109C600018460C37BD4680BC704780B483B000AF47
:109C700078607B681B6803F48053002B05D07B68F9
:109C80001B6843F480627B681A607B681B6803F47E
:109C90000053002B05D07B681B6843F400627B688F
:109CA0001A6000BF0C37BD4680BC704780B582B0DB
:109CB00000AF786039603B461846FFF7D6FF3A6838
:109CC0007B689A6000BF0837BD4680BD80B483B012
:109CD00000AF78607B689B6818460C37BD4680BC37
:109CE000704780B483B000AF786039607B683A68B1
:109CF000DA6000BF0C37BD4680BC704780B483B0CB
:109D000000AF78607B68DB6818460C37BD4680BCC6
:109D1000704780B483B000AF78600B467B807B686F
:109D20007A881A8000BF0C37BD4680BC704780B46B
:109D300083B000AF78607B681B8818460C37BD463F
:109D400080BC704780B483B000AF786039603B68F6
:109D50004FF6F872934204D97B684FF6FF725A802F
:109D600003E03B689AB27B685A8000BF0C37BD465F
:109D700080BC704780B483B000AF78607B685B883C
:109D800018460C37BD4680BC704780B582B000AF26
:109D9000F820FFF705FF0346002B05D1F920FFF758
:109DA000FFFE0346002B01D0012300E00023FB71DE
:109DB000FB7903F00103FB71FB79002B02D06FF0FC
:109DC000920312E0F820F2F7F7FF0346002B02D0CF
:109DD0006FF0920309E0F920F2F7EEFF0346002B43
:109DE00002D06FF0920300E0002318460837BD460A
:109DF00080BD80B586B000AF3B1D1946BA20F3F791
:109E000013F838613B69002B32D17B681B0AFB6079
:109E10007B68DBB2BB6000237B611BE0FA687B6977
:109E200013441846F2F7E0FF38613B69002B0ED06F
:109E3000FA687B6913441846FFF7B2FE034683F0C5
:109E40000103DBB2002B02D06FF0920311E07B69BB
:109E500001337B617A69BB689A42DFD3BA20F2F79B
:109E6000C3FF38613B69002B02D06FF0920300E022
:109E7000002318461837BD4680BD80B58AB000AFB4
:109E80007860396007F1080300221A605A609A600E
:109E9000DA601A615A619A617B681A023B6813435F
:109EA0003B620123BB6107F108031946BA20F2F7B0
:109EB00057FF78627B6A002B02D06FF0920300E0BC
:109EC000002318462837BD4680BD80B500AFBA20B4
:109ED000F2F78AFF0346002B02D06FF0920300E0F6
:109EE0000023184680BD80B400AFBFF35F8F00BF72
:109EF00000BFBD4680BC704780B500AFFFF7F3FFE1
:109F000000BF80BD80B500AFFFF7EDFF00BF80BD93
:109F100080B584B000AF786039607B6803F1A343FB
:109F2000FB60FFF7E9FFFB683A681A60FFF7EAFF9A
:109F300000BF1037BD4680BD80B483B000AF7860ED
:109F400039607B683A68C3F8042300BF0C37BD460C
:109F500080BC704780B400AF00231846BD4680BC6B
:109F6000704780B483B000AF78607B681B6800BF27
:109F70000C37BD4680BC704780B483B000AF7860BA
:109F800039607A683B6813441B68002B14BF0123B7
:109F90000023DBB218460C37BD4680BC704780B545
:109FA00082B000AF78600B467B807B887A68134470
:109FB00000221A607B887A6813441846FFF7D1FFA5
:109FC00000BF0837BD4680BD80B582B000AF786065
:109FD0000B467B807B8819467868FFF7CDFF0346E8
:109FE00018460837BD4680BD80B400AFBFF35F8F11
:109FF00000BF00BFBD4680BC704780B500AFFFF713
:10A00000F3FF00BF80BD80B500AFFFF7EDFF00BFDD
:10A0100080BD80B584B000AF786039607B6803F1A3
:10A02000A343FB60FFF7E9FFFB683A681A60FFF79C
:10A03000EAFF00BF1037BD4680BD80B584B000AFD9
:10A0400078607B6803F1A343FB60FFF7D6FFFB68F2
:10A050001B68BB60FFF7D7FFBB6818461037BD46CB
:10A0600080BD80B584B000AF78604FF0FF31786874
:10A0700000F0E8FBF8604FF0FF31786800F0F8FB83
:10A08000FB6818461037BD4680BD80B582B000AF72
:10A0900078607B6802220821184600F004F800BFAF
:10A0A0000837BD4680BD80B487B000AFF860B960A6
:10A0B0007A60FB681A68BB6813447B617B697A68C5
:10A0C0001A6000BF1C37BD4680BC704780B485B0A5
:10A0D00000AF786039607B681A683B681344FB60A6
:10A0E000FB681B68BB60BB6818461437BD4680BC64
:10A0F000704780B485B000AF786039607B68C3F387
:10A100000B03FB60FA683B685A60FB68482B28BF6A
:10A1100048231A463B689A603B689A683B68DA6055
:10A120003B6801225A613B6808229A617B6803F40C
:10A130000033002B02D13B680022DA607B6803F415
:10A140008033002B05D13B6800225A603B68002217
:10A150009A607B6803F47003B3F5700F02D03B681C
:10A1600000229A607B68002B05DA3B6800225A6166
:10A170003B6800229A6100BF1437BD4680BC70471F
:10A1800080B588B000AF786039604AE03B68202B2A
:10A19000A8BF20237B616FF05103FB610123FB7695
:10A1A0002AE0FB6913F1520F04D0FB69B3F1FF3FC2
:10A1B0000CD01DE007F10C030021184600F0A5F9B2
:10A1C000F861FB69002B01D0FB692EE07A6907F189
:10A1D0000C037968184600F03BFAF861FB6913F14B
:10A1E000520F08D107F10C03184600F096FA02E06E
:10A1F0000023FB7600E000BFFB7E002BD1D107F1EE
:10A200000C03184600F089FAFB69002B01D0FB69AA
:10A210000BE03A687B69D31A3B607B697A68134428
:10A220007B603B68002BB1D1002318462037BD4628
:10A2300080BD80B400AFBFF35F8F00BF00BFBD46DD
:10A2400080BC704780B500AFFFF7F3FF00BF80BD53
:10A2500080B500AFFFF7EDFF00BF80BD80B584B0D3
:10A2600000AF786039607B6803F1A343FB60FFF7C0
:10A27000E9FFFB683A681A60FFF7EAFF00BF103792
:10A28000BD4680BD80B584B000AF786039607B6822
:10A2900003F1A343FB60FFF7D5FF3A68FB681A6040
:10A2A000FFF7D6FF00BF1037BD4680BD80B400AFBA
:10A2B000BFF35F8F00BF00BFBD4680BC704780B555
:10A2C00000AFFFF7F3FF00BF80BD80B500AFFFF721
:10A2D000EDFF00BF80BD80B584B000AF786039600D
:10A2E0007B6803F1A343FB60FFF7E9FFFB683A6873
:10A2F0001A60FFF7EAFF00BF1037BD4680BD80B58A
:10A3000084B000AF78607B6803F1A343FB60FFF784
:10A31000D6FFFB681B68BB60FFF7D7FFBB6818461A
:10A320001037BD4680BD80B582B000AFFF237B6093
:10A33000F3F766F978607B68002B03D12820FFF7DC
:10A34000DEFF78603C20FFF7DAFF034603F02303CB
:10A350003B607B6803F02403002B04D000F01AF864
:10A360006FF01F030BE03B68002B02D04FF0FF3370
:10A3700005E04FF0FF313020FFF7ADFF0023184616
:10A380000837BD4680BD80B500AFFFF7CCFF034660
:10A39000184680BD80B582B000AF1C20FFF7AFFF2C
:10A3A000786010213420FFF796FF012000F087FA33
:10A3B00000213420FFF78FFF00BF3C20FFF79FFFF5
:10A3C000034603F04003002BF7D17B68002B03D03A
:10A3D00079681C20FFF77FFF00BF0837BD4680BDAE
:10A3E00080B400AFBFF35F8F00BF00BFBD4680BC2D
:10A3F000704780B500AFFFF7F3FF00BF80BD80B5A9
:10A4000000AFFFF7EDFF00BF80BD80B584B000AFA7
:10A41000786039607B6803F1A34303F58053FB60E8
:10A42000FFF7E7FFFB683A681A60FFF7E8FF00BF35
:10A430001037BD4680BD80B584B000AF78607B68C2
:10A4400003F1A34303F58053FB60FFF7D2FFFB68E2
:10A450001B68BB60FFF7D3FFBB6818461037BD46CB
:10A4600080BD80B582B000AF3020FFF7E4FF786098
:10A470007B685B0803F007037B607B68052B02D1D8
:10A480006FF0510309E07B68002B02D07B68012B41
:10A4900002D14FF0FF3300E0002318460837BD46D5
:10A4A00080BD80B582B000AF0020FFF7C4FF7860A8
:10A4B0007B6843F001037B6079680020FFF7A5FF0C
:10A4C00000BF0837BD4680BD80B582B000AF002018
:10A4D000FFF7B1FF78607B6843F480731946002072
:10A4E000FFF793FF7B6823F4807319460020FFF782
:10A4F0008CFF00BF0837BD4680BD80B500AFFFF7B9
:10A50000E3FFFFF7CEFF00BF80BD80B58CB000AF8A
:10A51000786039607B681A46002313605360F2F755
:10A520006FF97B6801221A70FFF7CEFF0023BB6230
:10A53000F1237B624FF400733B620023FB610C202C
:10A54000FFF779FF03469B08013BFB623B68002B4A
:10A550002ED03B681B68002B12D03B681B68FA6A40
:10A560009A420AD26FF03F03BB6100BFF2F7AEF927
:10A570007B6800221A70BB693AE03B681B68FB628B
:10A580003B689B68002B02D03B689B68BB623B68C2
:10A590005B68002B02D03B685B683B623B68DB6812
:10A5A000002B02D03B68DB687B623B681B69FB6168
:10A5B000F96A0820FFF729FFB96A4020FFF725FF55
:10A5C000796A4420FFF721FF396A3420FFF71DFF25
:10A5D0004FF480237B617A69FB6913437B617B695C
:10A5E00043F001037B6179690020FFF70EFF002330
:10A5F00018463037BD4680BD80B586B000AF786064
:10A600000420FFF718FF38613B69032B02D84FF095
:10A61000FF3319E000237B610DE08020FFF70BFF83
:10A62000F8607B6904339B00F9681846FFF7EDFE7C
:10A630007B6901337B617B69032BEED9FFF75DFFFB
:10A640007B6801225A60002318461837BD4680BD3A
:10A6500080B58AB000AFF860B9607A6000237B6291
:10A66000FB681B7883F00103DBB2002B02D06FF094
:10A6700020034EE0FFF7F5FE78627B6A002B01D0E5
:10A680007B6A46E0FB685B68002B08D1F868FFF73F
:10A69000B3FF78627B6A002B01D07B6A39E0082027
:10A6A000FFF7C9FEB861BB6901331B017A689A42A2
:10A6B00002D96FF03F032CE00420FFF7BCFE786165
:10A6C0007B699B007A689A421FD94FF0FF3320E0E4
:10A6D0008020FFF7B0FE38620023FB610FE03B6A89
:10A6E000DAB2BB681A70BB680133BB603B6A1B0AF5
:10A6F0003B62FB690133FB617B68013B7B60FB696B
:10A70000032B02D87B68002BE9D17B68002BDFD1BB
:10A710007B6A18462837BD4680BD80B582B000AF41
:10A7200078607B681B78002B04D0F2F7CFF87B6849
:10A7300000221A70002318460837BD4680BD80B538
:10A7400084B000AFF860C7E90023D7E90023F868B8
:10A75000EEF782FD034618461037BD4680BD80B532
:10A7600082B000AF78607868EEF7A6FF034618461F
:10A770000837BD4680BD80B584B000AF78604FF02B
:10A78000FF324FF0FF337868FFF7D9FFF860F968C0
:10A790000B4618461037BD4680BD80B584B000AF6B
:10A7A00078607868FFF7DBFFF860FB6818461037C1
:10A7B000BD4680BD80B582B000AF7860786800F09B
:10A7C00000F900BF0837BD4680BD80B582B000AF3C
:10A7D000786039603968786800F059F9034618469E
:10A7E0000837BD4680BD80B582B000AF7860396063
:10A7F0003968786800F05BF9034618460837BD46AB
:10A8000080BD80B586B002AFF860B9601346FB71B9
:10A81000F979D7E90623CDE900230A46B968F86833
:10A8200000F0F1F9034618461037BD4680BD80B5EB
:10A8300082B000AF78607868FFF7BCFF00BF0837D0
:10A84000BD4680BD80B584B002AF786039604FF0FE
:10A85000FF324FF0FF33CDE90023002239687868DA
:10A86000FFF7CFFF01460B4618460837BD4680BDAF
:10A8700080B582B000AF7860396039687868FFF7DA
:10A88000B2FF00BF0837BD4680BD80B582B000AFC3
:10A890007860396039687868FFF797FF0346184693
:10A8A0000837BD4680BD80B582B000AF786078685B
:10A8B000FEF76EFD034618460837BD4680BD80B5DD
:10A8C00082B000AF78607B681846FFF7ECFF00BFEE
:10A8D0000837BD4680BD80B487B000AFF860B9606E
:10A8E0003B601346FB713A68BB68934228BF13462E
:10A8F0007B61FB683B6105E03B69FA791A703B6953
:10A9000001333B617B695A1E7A61002BF4D100BF91
:10A9100000BF1C37BD4680BC704780B485B000AF17
:10A92000786039607B68BB600023FB6007E0BA6831
:10A93000FB68134400221A70FB680133FB60FA685D
:10A940003B689A42F3D300BF00BF1437BD4680BCBA
:10A95000704780B483B000AF78607B687A681A6013
:10A960007B687A685A6000BF0C37BD4680BC704770
:10A9700080B483B000AF786000BF0C37BD4680BCA8
:10A98000704780B500AFF0F75DFB0346184680BD09
:10A9900080B582B000AF78607B6818331846F1F755
:10A9A000CFF800BF0837BD4680BD80B582B000AF8C
:10A9B00078607B681846FFF7CCFF00BF0837BD46BC
:10A9C00080BD80B582B000AF78607B6800229A605D
:10A9D0007B681846FFF7E9FF7868FFF7C9FF00BFFB
:10A9E0000837BD4680BD80B487B000AFF860B9605D
:10A9F0007A60BA68FB6813407B617B68012B05D1E4
:10AA00007A69FB689A4201D0002300E07B6918460E
:10AA10001C37BD4680BC704780B588B000AF7860F9
:10AA200039603B68FB617B685B6E03F00103BB61CF
:10AA30007B68186EFB691B68BA691946FFF7D3FF7C
:10AA400078617B69002B1DD07B687A691A667B6808
:10AA50005B6E03F00403002B05D0FB695A687B6929
:10AA60001A43FB695A607868FFF792FF7B683B6185
:10AA70000023FB603B69FA68C3F8B42000BF786824
:10AA8000FEF7B8FB002318462037BD4680BD80B5D1
:10AA900082B000AF786039604FF0FF323968786873
:10AAA000F3F744F8034618460837BD4680BD80B525
:10AAB00082B000AF786039603A6800217868F3F7B7
:10AAC00035F8034618460837BD4680BD80B59AB0B4
:10AAD00002AFF860B9607A600023FB65BB68002BA9
:10AAE00001D100238BE07B6803F00103BB65FFF716
:10AAF00048FF7865FB680C333B65EFF31183FB641B
:10AB0000FB6CBB6420237B647B6C83F3128800BFE7
:10AB1000BFF36F8F00BFBB6CBB613B6D3B6400BF7D
:10AB20003B6DFB6300BFBB693B627B6803F00203C4
:10AB3000002B02D0FB6800229A60FB689B68BA6D0C
:10AB40001946B868FFF74FFFF865FB6D002B1ED064
:10AB50007B6803F00403002B06D0FB689A68FB6D4A
:10AB6000DB431A40FB689A60FB680C333A6AFA616F
:10AB7000BB63FB697B637B6B3B633B6B83F311883C
:10AB800000BFBFF36F8F00BF00BF00BF36E0D7E943
:10AB90001A234FF000004FF000018B4208BF8242A1
:10ABA00012D1FB680C333A6A7A61FB627B69BB6243
:10ABB000BB6A7B627B6A83F3118800BFBFF36F8F30
:10ABC00000BF00BF00BF19E07B6DBA681A667B6DDD
:10ABD0007A685A66FB6803F10C00F968D7E91A2312
:10ABE000CDE900230A46396AEFF712FD0346002B30
:10ABF00003D17B6D1B6EFB6500E000BFFB6D18464B
:10AC00006037BD4680BD80B588B002AFF860B960DE
:10AC10001346FB71FB79002B01D0022300E00023D7
:10AC20007B61D7E90823CDE900237A69B968F86820
:10AC3000FFF74CFF034618461837BD4680BD00009D
:08AC4000005AFE7F0100000034
:10AC4800595C000000000000F96A000000000000E4
:10AC5800951300000000000000000000C0AC0100D7
:10AC6800998201000000000000000000F8AC01001B
:10AC78000000000014AD010000000000DCAC010081
:10AC88000000000030AD0100556300000000000026
:10AC98009D6B000000000000A12D000000000000D6
:10ACA800755A0000000000008F5C010000000000E1
:08ACB800013C00000000000057
:10ACC00000C60100E0D20100E8B5010080070020C5
:10ACD000F4100020616200000000000010C60100B6
:10ACE00018D30100C4B501008207002058110020CC
:10ACF00015640000000000001CC601002CD30100F8
:10AD0000C4B5010084070020641100201564000010
:10AD10000000000028C6010040D30100C4B50100B6
:10AD2000860700207011002015640000000000005C
:10AD300044C6010084D3010004B601008807002046
:0CAD40007C110020575B010000000000A7
:10AD4C0000000000AB34010000000000AB34010037
:10AD5C0000000000AB34010000000000AB34010027
:10AD6C0000000000AB34010000000000AB34010017
:10AD7C0000000000AB34010000000000AB34010007
:10AD8C0000000000AB34010000000000AB340100F7
:10AD9C0000000000AB34010000000000AB340100E7
:10ADAC0000000000AB34010000000000AB340100D7
:10ADBC0000000000AB34010000000000AB340100C7
:10ADCC0000000000AB34010000000000AB340100B7
:10ADDC0000000000AB34010000000000AB340100A7
:10ADEC0000000000AB34010000000000AB34010097
:10ADFC0000000000AB34010000000000AB34010087
:10AE0C0000000000AB34010000000000AB34010076
:10AE1C0000000000AB34010000000000AB34010066
:10AE2C0000000000AB34010000000000AB34010056
:10AE3C0000000000AB34010000000000AB34010046
:10AE4C0000000000AB34010000000000AB34010036
:10AE5C0000000000AB34010000000000AB34010026
:10AE6C0000000000AB34010000000000AB34010016
:10AE7C0000000000AB34010000000000AB34010006
:10AE8C0000000000AB34010000000000AB340100F6
:10AE9C0000000000AB34010000000000AB340100E6
:10AEAC0000000000AB34010000000000AB340100D6
:10AEBC0000000000AB34010000000000AB340100C6
:10AECC0000000000AB34010000000000AB340100B6
:10AEDC0000000000AB34010000000000AB340100A6
:10AEEC0000000000AB34010000000000AB34010096
:10AEFC0000000000AB34010000000000AB34010086
:10AF0C0000000000AB34010000000000AB34010075
:10AF1C0000000000AB34010000000000AB34010065
:10AF2C0000000000AB34010000000000AB34010055
:10AF3C0000000000AB34010000000000AB34010045
:10AF4C0000000000AB34010000000000AB34010035
:10AF5C0000000000AB34010000000000AB34010025
:10AF6C0000000000AB34010000000000AB34010015
:10AF7C0000000000AB34010000000000AB34010005
:10AF8C000000000079D5000000000000AB34010087
:10AF9C0000000000AB34010000000000AB340100E5
:10AFAC0000000000AB34010000000000AB340100D5
:10AFBC0000000000AB34010000000000AB340100C5
:10AFCC0000000000AB34010000000000AB340100B5
:10AFDC0000000000AB34010000000000AB340100A5
:10AFEC0000000000AB34010000000000AB34010095
:10AFFC0000000000AB34010000000000AB34010085
:10B00C0000000000AB34010000000000AB34010074
:10B01C0000000000AB34010000000000AB34010064
:10B02C0000000000AB34010000000000AB34010054
:10B03C0000000000AB34010000000000AB34010044
:10B04C0000000000AB34010000000000AB34010034
:10B05C0000000000AB34010000000000AB34010024
:10B06C0000000000AB34010000000000AB34010014
:10B07C0000000000AB34010000000000AB34010004
:10B08C0000000000AB34010000000000AB340100F4
:10B09C0000000000AB34010000000000AB340100E4
:10B0AC0000000000AB34010000000000AB340100D4
:10B0BC0000000000AB34010000000000AB340100C4
:10B0CC0000000000AB34010000000000AB340100B4
:10B0DC0000000000AB34010000000000AB340100A4
:10B0EC0000000000AB34010000000000AB34010094
:10B0FC0000000000AB34010000000000AB34010084
:10B10C0000000000AB34010000000000AB34010073
:10B11C0000000000AB34010000000000AB34010063
:10B12C0000000000AB34010000000000AB34010053
:10B13C0000000000AB34010000000000AB34010043
:10B14C0000000000AB34010000000000AB34010033
:10B15C0000000000AB34010000000000AB34010023
:10B16C0000000000AB34010000000000AB34010013
:10B17C0000000000AB34010000000000AB34010003
:10B18C0000000000AB34010000000000AB340100F3
:10B19C0000000000AB34010000000000AB340100E3
:10B1AC0000000000AB34010000000000AB340100D3
:10B1BC0000000000AB34010000000000AB340100C3
:10B1CC0000000000AB34010000000000AB340100B3
:10B1DC0000000000AB34010000000000AB340100A3
:10B1EC0000000000AB34010000000000AB34010093
:10B1FC0000000000AB34010000000000AB34010083
:10B20C0000000000AB34010000000000AB34010072
:10B21C0000000000AB34010000000000AB34010062
:10B22C0000000000AB34010000000000AB34010052
:10B23C0000000000AB34010000000000AB34010042
:10B24C0000000000AB34010000000000AB34010032
:10B25C0000000000AB34010000000000AB34010022
:10B26C0000000000AB34010000000000AB34010012
:10B27C0000000000AB34010000000000AB34010002
:10B28C0000000000AB34010000000000AB340100F2
:10B29C0000000000AB34010000000000AB340100E2
:10B2AC0000000000AB34010000000000AB340100D2
:10B2BC0000000000AB34010000000000AB340100C2
:10B2CC0000000000AB34010000000000AB340100B2
:10B2DC0000000000AB34010000000000AB340100A2
:10B2EC0000000000AB34010000000000AB34010092
:10B2FC0000000000AB34010000000000AB34010082
:10B30C0000000000AB34010000000000AB34010071
:10B31C0000000000AB34010000000000AB34010061
:10B32C0000000000AB34010000000000AB34010051
:10B33C0000000000AB34010000000000AB34010041
:10B34C0000000000AB34010000000000AB34010031
:10B35C0000000000AB34010000000000AB34010021
:10B36C0000000000AB34010000000000AB34010011
:10B37C0030AD01004157010000000000AB3401006A
:10B38C0000000000AB34010000000000AB340100F1
:10B39C0000000000AB34010000000000AB340100E1
:10B3AC0000000000AB34010000000000AB340100D1
:10B3BC0000000000AB34010000000000AB340100C1
:10B3CC0000000000AB34010000000000AB340100B1
:10B3DC0000000000AB34010000000000AB340100A1
:10B3EC0000000000AB34010000000000AB34010091
:10B3FC0000000000AB34010000000000AB34010081
:10B40C0000000000AB34010000000000AB34010070
:10B41C0000000000AB340100F00500206551010074
:10B42C0000000000AB34010000000000AB34010050
:10B43C0000000000AB34010000000000AB34010040
:10B44C0000000000AB34010000000000AB34010030
:10B45C0000000000AB34010000000000AB34010020
:10B46C00C7810100F15C010000000000AB34010059
:10B47C0000000000AB34010000000000AB34010000
:10B48C0000000000AB34010000000000AB340100F0
:10B49C0000000000AB34010000000000AB340100E0
:10B4AC0000000000AB34010000000000AB340100D0
:10B4BC0000000000AB34010000000000AB340100C0
:10B4CC0000000000AB34010000000000AB340100B0
:10B4DC0000000000AB34010000000000AB340100A0
:10B4EC0000000000AB34010000000000AB34010090
:10B4FC0000000000AB34010000000000AB34010080
:10B50C0000000000AB34010000000000AB3401006F
:10B51C0000000000AB34010000000000AB3401005F
:10B52C0000000000AB34010000000000AB3401004F
:10B53C0000000000AB34010000000000AB3401003F
:10B54C0000000000AB34010000000000AB3401002F
:10B55C0000000000AB34010000000000AB3401001F
:10B56C0000000000AB340100D55E0100F15C01006D
:10B57C0000000000AB34010000000000AB340100FF
:10B58C0000000000AB34010000000000AB340100EF
:10B59C0000000000AB34010000000000AB340100DF
:10B5AC0000000000AB34010068060020655101006A
:08B5BC0000000000AB340100A7
:10B5C400014B0100974D0100C34D0100274E0100BE
:10B5D4006F4E0100B74E0100914F0100E35001008E
:04B5E4000000000063
:10B5E800495F0000954301000F440100000000007E
:0CB5F8008F410100000000000000000076
:0CB604002B590100855901007757010007
:10B61000BCC5010003000000C4BC01000300000021
:10B62000C8C501000300000058CE0100030000005F
:10B63000F0B6010003000000D0BD010003000000CF
:10B6400004BE01000300000074BF010003000000FD
:10B6500048C4010003000000E4CB01000300000027
:10B6600044BC010003000000B8C501000300000055
:10B670007CBD01000300000034C60100030000008F
:10B680000CD201009810002064BF010001000000EE
:10B6900028D20100CC05002080BF0100010000007D
:10B6A0000100000008000000200000006800000009
:10B6B00078000000100000000C0000000E000000E8
:10B6C000500000007C000000B0000000FFFFFFFF02
:10B6D000FFFFFFFFFFFFFFFFFFFFFFFF0F00000067
:01B6E0000465
:10B6F0006C66786F5F64726966740000696E746569
:10B70000726E616C000000004C46584F206D616EF7
:10B7100061676572206E6F7420666F756E640A00D3
:10B720004C46584F20726571756573742066616967
:10B730006C65643A2025640A000000004C46434CC6
:10B740004B20284C46584F29206578706C696369F6
:10B75000746C79207265717565737465642E0A0066
:10B760004846584F206D616E61676572206E6F7438
:10B7700020666F756E640A004846584F20726571E6
:10B7800075657374206661696C65643A2025640A86
:10B79000000000004846584F2074696D656F75744D
:10B7A0000A0000004846584F20656E61626C65646F
:10B7B00020283332204D487A206372797374616C8B
:10B7C000290A000054494D45522073746172746512
:10B7D00064204020256C7520487A20284846584F20
:10B7E0002031364D487A20646F6D61696E290A00F8
:10B7F0000A3D3D3D3D3D3D3D3D3D3D3D3D3D3D3DAC
:10B800003D3D3D3D3D3D3D3D3D3D3D3D3D3D3D3D68
:10B810003D3D3D3D3D3D3D3D3D3D3D3D3D3D3D3D58
:10B820003D3D3D3D3D3D3D3D3D0A000020436C6FAB
:10B83000636B204472696674204D6561737572652F
:10B840006D656E7420436F6E6669677572617469A9
:10B850006F6E0A003D3D3D3D3D3D3D3D3D3D3D3D25
:10B860003D3D3D3D3D3D3D3D3D3D3D3D3D3D3D3D08
:10B870003D3D3D3D3D3D3D3D3D3D3D3D3D3D3D3DF8
:10B880003D3D3D3D3D3D3D3D3D3D3D3D0A000000D2
:10B890006E726635346C3135646B2F6E726635347A
:10B8A0006C31352F637075617070000020426F61DC
:10B8B000726420203A2025730A0000002048464385
:10B8C0004C4B20203A2054494D45523230204020E4
:10B8D0003136204D487A20284846584F20333220B0
:10B8E0004D487A290A000000204C46434C4B20204A
:10B8F0003A206B5F6379636C655F6765745F3332B1
:10B900002829204020257520487A20284C46584F69
:10B91000290A000020506572696F64203A2025646E
:10B92000207365636F6E64730A0000006578746548
:10B93000726E616C00000000204C6F6164204361F6
:10B9400070206D6F6465203A2065787465726E6151
:10B950006C0A0000204C6F616420436170206D6FA1
:10B960006465203A20696E7465726E616C202825CA
:10B9700064206646290A00000A3D3D3D204D656170
:10B98000737572656D656E7420232564203D3D3DA1
:10B990000A000000456C617073656420202020203F
:10B9A00020202020202020203A2025642073656359
:10B9B0000A0A00005B4846434C4B5D2054494D4504
:10B9C00052202831364D487A29202F2036322E3504
:10B9D0006E73207469636B0A000000002020456CC0
:10B9E00061707365642020202020202020202020EA
:10B9F0003A20256C6C64206D730A0A005B4C464348
:10BA00004C4B5D20486172647761726520437963B5
:10BA10006C65202F20257520487A207469636B0A95
:10BA2000000000005B4452494654202D2043756DB0
:10BA3000756C61746976652066726F6D20737461D0
:10BA400072745D0A000000002020536B657720208F
:10BA50002020202020202020202020203A20256384
:10BA6000256C6C642075730A000000002020505083
:10BA70004D20202020202020202020202020202099
:10BA80003A202563256C6C642070706D0A000000FC
:10BA90002020505042202020202020202020202024
:10BAA000202020203A202563256C6C642070706271
:10BAB0000A000000534C4F574552207468616E20B5
:10BAC0004846434C4B20284C6F61642043617020F2
:10BAD0006D6179206265206C6172676529000000E4
:10BAE00053414D45206173204846434C4B20283C30
:10BAF000312070706D290000464153544552207426
:10BB000068616E204846434C4B20284C6F6164208E
:10BB1000436170206D617920626520736D616C6C8A
:10BB200029000000202053746174757320202020A8
:10BB300020202020202020203A204C46434C4B201F
:10BB400025730A000A5B4452494654202D204C615B
:10BB500073742025642073656320696E7465727642
:10BB6000616C5D0A00000000202044656C74612057
:10BB7000536B657720202020202020203A20256349
:10BB8000256C6C642075730A00000000202044724C
:10BB90006966742072617465202020202020202096
:10BBA0003A202563256C6C64207070622F696E7476
:10BBB000657276616C0A00004846584F20666169DC
:10BBC0006C65642028256429202D2054494D455258
:10BBD0002077696C6C2072756E206F6E2048464924
:10BBE0004E5420286C6573732061636375726174B1
:10BBF00065290A004C46584F20696E7465726E6163
:10BC00006C2063617061636974616E636520636851
:10BC100065636B3A202564206646202D3E205072D5
:10BC20006576696F757320494E544341503A20251B
:10BC3000752C2043616C63756C617465643A2025D2
:10BC4000750A00006F735F686561700068656170F8
:10BC500020636F7272757074696F6E2028646F75DF
:10BC6000626C6520667265653F29206174202570CD
:10BC7000000000006865617020636F7272757074F7
:10BC8000696F6E2028627566666572206F766572D0
:10BC9000666C6F773F2920617420257000000000DA
:10BCA0006865617020636F7272757074696F6E2061
:10BCB000286E6F7420696E207573653F292061744A
:10BCC0002025700063627072696E74665F706163D4
:10BCD0006B6167650000000028756E7369676E65AB
:10BCE00064292063686172202A2075736564206668
:10BCF0006F722025257020617267756D656E742ED8
:10BD00002049742773207265636F6D6D656E64657D
:10BD10006420746F206361737420697420746F20D1
:10BD2000766F6964202A2062656361757365206996
:10BD300074206D6179206361757365206D6973622C
:10BD400065686176696F7220696E206365727461DF
:10BD5000696E20636F6E66696775726174696F6E74
:10BD6000732E20537472696E673A22257322206104
:10BD70007267756D656E743A256400007379735F40
:10BD80006765746F707400000000000025733A202E
:10BD9000696C6C6567616C206F7074696F6E202DC3
:10BDA0002D2025630000000025733A206F70746910
:10BDB0006F6E20726571756972657320616E2061A6
:10BDC0007267756D656E74202D2D2025630000004F
:10BDD0006C6F6700256420756E6F726465726564B0
:10BDE000206D657373616765732073696E63652089
:10BDF0006C617374207265706F7274006C6F67672A
:10BE0000696E67006C6F675F6D676D74000000009E
:10BE100000000000696E76616C6964004D657373A3
:10BE2000616765202822257322292064726F707053
:10BE30006564206265636175736520697420657847
:10BE400063656564732073697A65206C696D6974D4
:10BE50006174696F6E202825752900004D65737324
:10BE60006167652064726F707065642062656361EC
:10BE700075736520697420657863656564732073E4
:10BE8000697A65206C696D69746174696F6E2028C8
:10BE9000257529006572720077726E00696E660002
:10BEA000646267001B5B313B33316D001B5B313BD0
:10BEB00033336D005B2530386C755D200000000069
:10BEC0005B253032753A253032753A253032752E81
:10BED000253033752C253033755D20001B5B306DAC
:10BEE00000000000257300003C25733E2000000088
:10BEF00025732F0025732E0025733A2000000000C3
:10BF00000A0000000D0A00002000000025303278F1
:10BF100020000000202020007C000000256300009D
:10BF20007A6570687972000025732000697271006B
:10BF3000257020002D2000002D202D202D20000018
:10BF4000256400006D657373616765732064726FAB
:10BF5000707065643A202020200D0A004C6F6767DE
:10BF6000657200006C6F675F6261636B656E645F32
:10BF7000727474006C6F675F75617274000000000A
:10BF80006C6F675F6261636B656E645F756172742D
:10BF9000000000002A2A2A20426F6F74696E672011
:10BFA0006E524620436F6E6E6563742053444B207F
:10BFB00076332E342E302D3939353533303535360C
:10BFC000303762202A2A2A0A000000002A2A2A2062
:10BFD0005573696E67205A6570687972204F5320D7
:10BFE00076342E342E302D62663830316534653328
:10BFF000643139202A2A2A0A0000000072302F6199
:10C00000313A2020307825303878202072312F6165
:10C01000323A2020307825303878202072322F6153
:10C02000333A2020307825303878000072332F6181
:10C03000343A2020307825303878207231322F6918
:10C04000703A2020307825303878207231342F6CC7
:10C05000723A2020307825303878000020787073CC
:10C06000723A202030782530387800004661756CAF
:10C0700074696E6720696E737472756374696F6E2C
:10C08000206164647265737320287231352F706388
:10C09000293A20307825303878000000556E6861E4
:10C0A0006E646C6564204952516E3A20256400002C
:10C0B0002A2A2A2A2A204D5055204641554C5420E0
:10C0C0002A2A2A2A2A0000002020537461636B69FF
:10C0D0006E67206572726F722028636F6E74657868
:10C0E000742061726561206D6967687420626520E3
:10C0F0006E6F742076616C69642900002020556E93
:10C10000737461636B696E67206572726F72000091
:10C110002020446174612041636365737320566914
:10C120006F6C6174696F6E0020204D4D4641522046
:10C13000416464726573733A20307825780000009A
:10C140002020496E737472756374696F6E20416349
:10C15000636573732056696F6C6174696F6E00005C
:10C160002020466C6F6174696E672D706F696E7404
:10C17000206C617A792073746174652070726573C4
:10C180006572766174696F6E206572726F720000FD
:10C190002A2A2A2A2A20425553204641554C542007
:10C1A0002A2A2A2A2A0000002020537461636B691E
:10C1B0006E67206572726F7200000000202050725E
:10C1C00065636973652064617461206275732065BD
:10C1D00072726F72000000002020424641522041DE
:10C1E0006464726573733A2030782578000000002B
:10C1F0002020496D707265636973652064617461A4
:10C2000020627573206572726F7200002020496E83
:10C21000737472756374696F6E20627573206572D2
:10C22000726F72002A2A2A2A2A2055534147452034
:10C230004641554C54202A2A2A2A2A0020204469A3
:10C24000766973696F6E206279207A65726F00007B
:10C250002020556E616C69676E6564206D656D6F39
:10C26000727920616363657373000000202053744A
:10C2700061636B206F766572666C6F772028636FE1
:10C280006E746578742061726561206E6F742076BB
:10C29000616C69642900000020204E6F20636F707C
:10C2A000726F636573736F7220696E7374727563F6
:10C2B00074696F6E730000002020496C6C656761C3
:10C2C0006C206C6F6164206F66204558435F524557
:10C2D0005455524E20696E746F2050430000000088
:10C2E0002020496C6C6567616C20757365206F66F2
:10C2F000207468652045505352000000202041748E
:10C3000074656D707420746F2065786563757465ED
:10C3100020756E646566696E656420696E737472FB
:10C32000756374696F6E00002A2A2A2A2A204465E0
:10C33000627567206D6F6E69746F722065786365D2
:10C340007074696F6E202A2A2A2A2A002A2A2A2A29
:10C350002A2048415244204641554C54202A2A2A3A
:10C360002A2A00002020427573206661756C7420B3
:10C370006F6E20766563746F72207461626C6520E5
:10C3800072656164000000002020446562756720CA
:10C390006576656E7400000020204661756C74201F
:10C3A000657363616C6174696F6E202873656520C5
:10C3B00062656C6F77290000415243485F455843DE
:10C3C000455054207769746820726561736F6E20E0
:10C3D00025780A0052657365727665642045786336
:10C3E000657074696F6E20280000000053707572CC
:10C3F000696F757320696E74657272757074202828
:10C4000049525120000000002A2A2A2A2A20257396
:10C4100020256429202A2A2A2A2A0000535053451D
:10C420004C20696E20746872656164206D6F64656C
:10C4300020646F6573206E6F7420696E6469636138
:10C4400074652050535000006D70750025733A20BC
:10C450005B25645D203078253038782030782530B1
:10C460003878203078253038782030782530387882
:10C4700000000000506172746974696F6E20257548
:10C480003A20636F686572656E63652063686563F3
:10C490006B206661696C65642E000000496E7661F0
:10C4A0006C696420756E6465726C79696E67207260
:10C4B0006567696F6E20696E646578202575000078
:10C4C0004661696C656420746F20616C6C6F636198
:10C4D0007465206E6577204D505520726567696FD1
:10C4E0006E2025750A00000025733A2050726F6790
:10C4F00072616D204D505520726567696F6E2061C5
:10C500007420696E6465782030782578000000001A
:10C5100025733A20436F6E666967757265204D50CA
:10C520005520726567696F6E20617420696E64655D
:10C53000782030782578000025733A20496E76619E
:10C540006C6964204D505520726567696F6E206379
:10C550006F756E743A2025750000000025733A202F
:10C56000496E76616C6964204D505520636F6E741E
:10C57000657874206E756D5F76616C69645F726555
:10C5800067696F6E733A20257500000025733A20A5
:10C59000746F74616C20726567696F6E20636F756C
:10C5A0006E743A2025640000464C4153485F3000C9
:10C5B0005352414D5F300000736F630063616368E5
:10C5C000655F6E7266780000636C6F636B5F636FAC
:10C5D0006E74726F6C00000025733A2025733A2048
:10C5E000436C6F636B207374617274656400000048
:10C5F0006866636C6B0000006C66636C6B00000027
:10C60000636C6F636B403130653030300000000088
:10C610006770696F40353034303000006770696F83
:10C6200040643832303000006770696F40313061EB
:10C6300030303000756172745F6E7266785F75615C
:10C64000727465007561727440633630303000007A
:10C65000300000003134300031320000313334001A
:10C6600032320000313139003700000031313600FC
:10C670003100000031340000313300003136000059
:10C6800031323000756E6B6E6F776E0046756E637B
:10C6900074696F6E3A2025732C206572726F722058
:10C6A000636F64653A2025732E0000004D6F64753A
:10C6B0006C6520656E61626C65642E004D6F6475FB
:10C6C0006C652064697361626C65642E0000000013
:10C6D000556E696E697469616C697A65642E0000D3
:10C6E0004661696C656420746F2073746F70206399
:10C6F0006C6F636B20646F6D61696E3A2025642EE8
:10C700000000000046756E6374696F6E3A202573F1
:10C710002C206572726F7220636F64653A202573F6
:10C720002E000000556E696E697469616C697A65E6
:10C73000642E000043414C5F444F4E450000000012
:10C74000556E6B6E6F776E004C46434C4B5F535487
:10C75000415254454400000025733A204576656EE9
:10C76000743A2025730000004661696C656420748A
:10C770006F2073746F7020636C6F636B20584F2E43
:10C780000000000046756E6374696F6E3A20257371
:10C790002C206572726F7220636F64653A20257376
:10C7A0002E000000556E696E697469616C697A6566
:10C7B000642E0000584F5F54554E455F4641494C2A
:10C7C00045440000556E6B6E6F776E00584F5F5496
:10C7D000554E455F4552524F52000000584F5F542E
:10C7E000554E454400000000504C4C5F535441529C
:10C7F00054454400584F5F5354415254454400003F
:10C8000025733A204576656E743A20257300000042
:10C8100000A0105000820D500004055046756E6354
:10C8200074696F6E3A2025732C206572726F7220C6
:10C83000636F64653A2025732E0000006368616EA3
:10C840006E656C735F6E756D6265723A2025642C3F
:10C8500020617661696C61626C655F6368616E6EB0
:10C86000656C735F6D61736B3A20307825780000DA
:10C87000556E696E697469616C697A65642E000031
:10C88000617661696C61626C655F6368616E6E653B
:10C890006C735F6D61736B203D20307825780000EC
:10C8A00046756E6374696F6E3A2025732C2065722D
:10C8B000726F7220636F64653A2025732E0000004A
:10C8C0004752544320696E697469616C697A656482
:10C8D0002E00000005000000040000000100000020
:10C8E0004752544320535953434F554E54455220B9
:10C8F000737461727465642E000000004E524658D5
:10C900005F475254435F414354494F4E5F434C4548
:10C9100041520000554E4B4E4F574E204143544913
:10C920004F4E00004E5246585F475254435F4143BA
:10C9300054494F4E5F53544F500000004E524658DA
:10C940005F475254435F414354494F4E5F535441F4
:10C950005254000047525443202573206163746988
:10C960006F6E2E004752544320756E696E6974696C
:10C97000616C697A65642E004752544320535953C1
:10C98000434F554E54455220636F6D706172652060
:10C99000666F72206368616E6E656C202575206419
:10C9A000697361626C65642E000000004752544355
:10C9B00020535953434F554E544552206162736F73
:10C9C0006C75746520636F6D7061726520666F723F
:10C9D000206368616E6E656C202575207365742018
:10C9E000746F2025752E000047525443205359532D
:10C9F000434F554E54455220636F6D7061726520F0
:10CA0000666F72206368616E6E656C202575207399
:10CA1000657420746F2025752E0000004752544322
:10CA200020535953434F554E54455220636F6D70F8
:10CA300061726520696E7465727275707420666FBC
:10CA400072206368616E6E656C2025752064697361
:10CA500061626C65642E0000475254432053595361
:10CA6000434F554E54455220636F6D70617265207F
:10CA7000696E7465727275707420666F7220636877
:10CA8000616E6E656C20257520656E61626C6564F3
:10CA90002E0000004752544320535953434F554EE4
:10CAA000544552206361707475726520666F722000
:10CAB0006368616E6E656C202575207472696767A6
:10CAC000657265642E000000475254432053595349
:10CAD000434F554E54455220636170747572652002
:10CAE000666F72206368616E6E656C2025752072BA
:10CAF0006561643A20256C6C752E00005465726D7A
:10CB0000696E616C0000000048616C74696E67209A
:10CB100073797374656D0000756E6B6E6F776E0060
:10CB200043505520657863657074696F6E0000002E
:10CB3000556E68616E646C656420696E74657272AE
:10CB400075707400537461636B206F766572666CE8
:10CB50006F7700004B65726E656C206F6F707300AD
:10CB60004B65726E656C2070616E69630000000039
:10CB7000556E6B6E6F776E206572726F720000007B
:10CB80003E3E3E205A455048595220464154414C61
:10CB9000204552524F522025643A202573206F6E53
:10CBA00020435055202564004661756C74206475DF
:10CBB00072696E6720696E74657272757074206830
:10CBC000616E646C696E670A0000000043757272E2
:10CBD000656E74207468726561643A20257020283F
:10CBE000257329006F73000069646C650000000004
:10CBF0006D61696E0000000025733A2025702028C1
:10CC000072656164792028792F6E293A202563297D
:10CC1000207072696F206368616E67656420746F4D
:10CC200020256420287761732025642900000000F6
:10CC300025733A20257020746F6F6B206D757465B5
:10CC4000782025702C20636F756E743A2025642C33
:10CC5000206F726967207072696F3A202564000046
:10CC600025733A2061646A757374696E6720707207
:10CC7000696F207570206F6E206D75746578202542
:10CC80007000000025733A206F6E206D7574657812
:10CC900020257020676F745F6D75746578207661EC
:10CCA0006C75653A2025640025733A20257020674D
:10CCB0006F74206D757465782025702028792F6E2B
:10CCC000293A20256300000025733A20257020743E
:10CCD000696D656F7574206F6E206D757465782051
:10CCE0002570000025733A2061646A757374696E5B
:10CCF00067207072696F20646F776E206F6E206D91
:10CD0000757465782025700025733A206D757465FB
:10CD100078202570206C6F636B5F636F756E743A5B
:10CD20002025640025733A206E6577206F776E6545
:10CD300072206F66206D757465782025703A202505
:10CD40007020287072696F3A202564290000000065
:10CD5000000000002B00000025733A20737461630B
:10CD60006B20257020666F72207468726561642084
:10CD700025703A206F626A5F73697A653D257A751E
:10CD8000206275665F73746172743D257020206245
:10CD900075665F73697A6520257A7520737461639F
:10CDA0006B5F7074723D25700000000064756D6DDE
:10CDB0007900000070656E64696E6700736C65656C
:10CDC00070696E6700000000646561640000000027
:10CDD00073757370656E64656400000061626F72E4
:10CDE00074696E670000000073757370656E646926
:10CDF0006E670000717565756564000025733A20E3
:10CE00007363686564756C6572206C6F636B6564D1
:10CE1000202825703A2564290000000025733A2057
:10CE20007363686564756C657220756E6C6F636B97
:10CE30006564202825703A256429000025733A206E
:10CE400074687265616420257020666F7220256C9D
:10CE500075207469636B730063726163656E0000B3
:10CE600025733A20436F7079696E672025642062CC
:10CE700079746573206F66206D6963726F636F6488
:10CE8000652066726F6D203078257820746F2030B1
:10CE90007825780A0000000025733A20506F7765E6
:10CEA000726564206F6E2043524143454E2E000050
:10CEB00025733A20506F7765726564206F6666202F
:10CEC00043524143454E2E0025733A2053585F4547
:10CED0005252202564000000000000000000000005
:10CEE0000338FDD87047000000000000000000007B
:10CEF0000338FDD87047000001000000000000006A
:10CF00000500000000000000190000000000000003
:10CF10007D00000000000000710200000000000021
:10CF2000350C000000000000093D0000000000007A
:10CF30002D31010000000000E1F5050000000000B7
:10CF400065CD1D0000000000F90295000000000002
:10CF5000DD0EE90200000000514A8D0E00000000C5
:10CF60009573C24800000000E941CC6B010000004D
:10CF70008D49FD1A07000000C16FF28623000000F2
:10CF8000C52EBCA2B1000000D9E9AC2D7803000089
:10CF90003D9160E45811000031D6E275BC560000A6
:10CFA000F52E6E4DAEB10100C9EA26836778080000
:10CFB000ED95C28F055A2A00A1EDCCCE1BC2D3003D
:10CFC00025A4000A8BCA2204000000000000000013
:10CFD0000000000000000010000000000000000041
:10CFE000B9340332B7F4AD1410DB1AB30892540EFF
:10CFF0000D307D951447BA1A66088F4D26ADC66D63
:10D00000F598BF85E2B74511CA96853D92BD1DEBE7
:10D01000FCA11860DCEF52163C92AE220BB8C1B4F2
:10D02000839D2D5B0562DA1C304C7E8F4E8BB25B8C
:10D0300016F4529F8B56A512FBD4827643ED8AF0EC
:10D040008FE7F9311565191850F19BD94A13EEB4E1
:10D05000284CF0A686C1251F035FC270CB9E4916DF
:10D06000E642889C44EB2014B0650836AD6EA58579
:10D0700085F0CA14E2FD031A0B899979D5B13D09EF
:10D08000D8DA973A35EBCF10AC363F5E73BB38CF6A
:10D090003E6752FA44AFBA150100000000000000DC
:10D0A0000000000000000020345065C05FC9A65297
:10D0B000BB13CBAEC440C21806C8DF7100D5A87C34
:10D0C000F56F0FDA58FC27136E4756357D2420651F
:10D0D00002C7E768E48CA41DE9E60268D7CD396190
:10D0E0007977FCC2405BEF16798CDE43FFA751F9DC
:10D0F00091F3B278F5BDBE11E857E9D6E8BEE87BFA
:10D10000B054AC8F848D751BEA23A499E9F9D38BB5
:10D11000B7A3714061DA3E15CEE33ECB73F9480800
:10D120008C97B427D51B7010A2BFEFB9EB853215D1
:10D130004DB44DB49BBB6F1996B6076CF8E7EEADD6
:10D1400036D9B4F59135AE13222218AF4E6A684D28
:10D1500091DAAA3D4F40741E9FBD9EE006A1C09883
:10D1600057C2A7FDA40E90170E7D497173E3208F5F
:10D17000B220D87605143B12853D7434811343B038
:10D18000AD297A5F27F4351C5F2E010000000000F6
:10D1900000000000000000009008002000010000D6
:10D1A00089230100E91F01000200000000000000C7
:10D1B00094BE010098BE01009CBE0100A0BE01000B
:10D1C00000000000A4BE0100ACBE01000000000091
:10D1D000000000001B5B313B33316D2D2D2D2000F5
:10D1E000206D657373616765732064726F7070651D
:10D1F00064202D2D2D0D0A1B5B306D001D3A0000A3
:10D200008C1000207810002010000000B13A0000BF
:10D21000913A00006D3A0000413A00000000000021
:10D22000E93A0000000000004B320100B332010077
:10D23000A93B0000793B000000000000893201009A
:10D2400000000000093B0000A4100020A0100020F6
:10D250000100000044D20100B01000202005002091
:10D260000000000006000100726567696F6E5F696B
:10D270006E697400726567696F6E5F616C6C6F6375
:10D280006174655F616E645F696E697400000000BF
:10D290006D70755F636F6E6669677572655F7265E5
:10D2A00067696F6E000000007A5F61726D5F6D707C
:10D2B000755F696E6974000000000000A8C5010078
:10D2C00006000000E0CF170000000020B0C50100FC
:10D2D00021000000E0FF032002000000B8D201009E
:10D2E000415E0000E15E0000F0C501001343010053
:10D2F0001F430100F8C50100636C6B7374617274A5
:10D3000065645F68616E646C650000000960000020
:10D31000D55F000000000000FF070000000405507A
:10D32000000000000000000002000000FFFF0100FC
:10D3300000820D50F00500200000000001000000F8
:10D340007F00000000A010506806002000000000D0
:10D350000000000000010405020608090F0000009B
:10D360002400000026000002250600012706000315
:10D3700060D301000400000000600C5070D3010075
:10D380000100000000600C500000000000000000E0
:10D3900078D3010000C201000000D60100000000A7
:10D3A0000000004000100000691500206A150020F0
:10D3B0006E7266785F636C6F636B5F696E69740031
:10D3C0006E7266785F636C6F636B5F6C66636C6BC9
:10D3D0005F696E69740000006E7266785F636C6FDF
:10D3E000636B5F6C66636C6B5F6972715F68616EC3
:10D3F000646C6572000000006E7266785F636C6F2B
:10D40000636B5F786F5F696E697400006E72667837
:10D410005F636C6F636B5F786F5F6972715F686188
:10D420006E646C65720000000800000002000000DD
:10D4300004000000010000000001020000010200E1
:10D4400000071823232323232323232323232323F6
:10D450006770696F74655F696E6974006E72667873
:10D460005F677274635F696E697400006E726678DC
:10D470005F677274635F737973636F756E746572DF
:10D480005F73746172740000000000000000545467
:10D4900052205245474745530000000061646A75B9
:10D4A00073745F6F776E65725F7072696F000000F2
:10D4B0007A5F696D706C5F6B5F6D757465785F6CBA
:10D4C0006F636B007A5F696D706C5F6B5F6D757415
:10D4D00065785F756E6C6F636B00000073657475C3
:10D4E000705F7468726561645F737461636B000080
:10D4F0006B5F73636865645F6C6F636B0000000053
:10D500006B5F73636865645F756E6C6F636B00005F
:10D510007A5F7469636B5F736C656570000000000F
:10D52000C9DB000063726163656E5F616371756979
:10D530007265000063726163656E5F72656C656140
:10D540007365000073696C65785F737461747573DB
:10D55000636F6465735F746F5F70736100000000D8
:10D560000001010000020200001400000028000079
:10D570000040000001000000020000000000000068
:10D58000000000000000000000000000000000009B
:10D59000000000000000000000000000000000008B
:10D5A000000000000000000000000000000000007B
:10D5B000000000000000000000000000000000006B
:10D5C000000000000000000000000000000000005B
:10D5D000000000000000000000000000000000004B
:10D5E000000000000000000000000000000000003B
:10D5F00000000000000000000000000020202020AB
:10D6000020202020202828282828202020202020F2
:10D6100020202020202020202020202088101010D2
:10D62000101010101010101010101010040404042A
:10D63000040404040404101010101010104141419F
:10D64000414141010101010101010101010101010A
:10D65000010101010101011010101010104242429D
:10D6600042424202020202020202020202020202DA
:10D67000020202020202021010101020000000003C
:10D68000000000000000000000000000000000009A
:10D69000000000000000000000000000000000008A
:10D6A000000000000000000000000000000000007A
:10D6B000000000000000000000000000000000006A
:10D6C000000000000000000000000000000000005A
:10D6D000000000000000000000000000000000004A
:10D6E000000000000000000000000000000000003A
:10D6F000000000000000000000000000696E6600ED
:10D700006E616E00286E756C6C29000000000000D0
:10D7100000000000000000000000000000000040C9
:10D720009559695955555455155555560405154182
:10D730001054554045515544404550445055554569
:10D7400000400040400444966555565545404554B8
:10D750005141154055915555555540510501000011
:10D760005445545445550504001004101404400059
:10D7700000000140555515415404000044000100CB
:10D7800000000040410000445044455054005555AD
:10D7900054556551004000400100000100050100A2
:10D7A0001154515154555505001541500000044085
:0CD7B00010010405000000000100020050
:10D7C40000000000670000000000000000000000EE
:10D7D4000000000000000000000000000000000045
:10D7E4000000000000000000000000000000000035
:10D7F4000000000000000000000000000000000025
:10D804000000000000000000000000000000000014
:10D814000000000000000000000000000000000004
:10D8240000000000000000000000000000000000F4
:10D8340000000000000000000000000000000000E4
:10D8440000000000000000000000000000000000D4
:10D85400FCB601006842000018B60100450B010047
:10D8640038B60100AF23010038B6010054D20100DC
:10D874000000000058B6010058B6010050B601007F
:10D8840000000000633C01000000000000000000F4
:10D8940000A00D5000000000000000000000000087
:10D8A4000000000000000000000000000000000074
:10D8B4000000000000000000000000000000000064
:10D8C4000000000000000000000000000000000054
:10D8D4000000000000000000000000000000000044
:10D8E4000000000000000000000000000000000034
:10D8F4000000000000000000000000000000000024
:10D90400000000000000000000C0105000000000F3
:10D914000000000000000000000000000000000003
:10D9240000000000000000000000000000000000F3
:10D9340000000000000000000000000000000000E3
:10D9440000000000000000000000000000000000D3
:10D9540000000000000000000000000000000000C3
:10D9640000000000000000000000000000000000B3
:10D9740000000000000000000000000000010000A2
:10D9840020B60100216A000000000000FF00000032
:10D994000090D003FF0000000F00000058B6010003
:10D9A40048AC010058AC010098AC0100A0AC0100E7
:10D9B400B8AC0100C0AC010058B6010058B6010073
:10D9C40058B6010071020000280700202807002033
:10D9D4003007002030070020000000000000000095
:10D9E4000E00000000000000480700204807002047
:10D9F40000000000000000000E0000000000000015
:10DA0400C807002028B601006774200028B601006A
:10DA1400DC0700202408002030080020F007002044
:0CDA2400000000000000000000000000F6
:10DA300000000000000000000000000000000000E6
:10DA400000000000000000000000000000000000D6
:10DA500000000000000000000000000000000000C6
:08DA60000000000000000000BE
:04DA680000000000BA
:10DA6C00C8070020C80700200000000000000000CC
:10DA7C000E000000DC070020DC0700200000000086
:10DA8C00000000000E000000F0070020F00700204E
:0CDA9C0000000000000000000E00000070
:10DAA8000408002004080020000000000100000015
:10DAB80014080020140800200000000001000000E5
:10DAC800240800202408002000000000300800205E
:08DAD8003008002000000000EE
:04DAE00015E015E058
:0400000300004BA905
:00000001FF
