:10000000804A0020759C0100AD300200619C010017
:10001000619C0100619C0100619C010000000000E6
:100020000000000000000000000000005D9D0100D5
:10003000619C010000000000919F0100619C010093
:100040000DA00100753502000DA001000DA00100FA
:100050000DA001000DA001000DA001000DA00100E8
:100060008B3502000DA001000DA00100A13502009A
:100070000DA001000DA001000DA001000DA00100C8
:100080000DA001000DA001000DA001000DA00100B8
:100090000DA001000DA001000DA001000DA00100A8
:1000A0000DA001000DA001000DA001000DA0010098
:1000B0000DA001000DA001000DA001000DA0010088
:1000C0000DA001000DA001000DA001000DA0010078
:1000D0000DA001000DA001000DA001000DA0010068
:1000E0000DA001000DA001000DA001000DA0010058
:1000F0000DA001000DA001000DA001000DA0010048
:10010000054B1B780022013382600260034A426083
:10011000C371FF2303727047400300208001080071
:10012000064B074A9B7802604FF424728280C371A9
:100130000822002382710372704700BF4003002031
:100140006B830100064B074ADB7802604FF4427272
:100150008280C3710822002382710372704700BF3E
:1001600040030020AD800100064B074ADB7A0260A5
:100170004FF4B0728280C3710822FF238271037230
:10018000704700BF400300204D7A0100094991F8F3
:1001900028308A78C97803EB4303DB00103383806F
:1001A00004230A4483710021FF2381600160C2712E
:1001B00003727047400300202DE9F341C41D00285D
:1001C00024F00704064614BF2046002000F052FC2D
:1001D000071E04DA6FF00B0002B0BDE8F081364D67
:1001E000E988A8886B7A2A7A0331033089B280B211
:1001F00014F08CF80028EDDBA978EB783C4403344C
:10020000002E194424F0030400FB01F114BF204622
:10021000002000F0DFFD20440EB90028DADBEA7A86
:100220000446B2B1EB7B697C13441944FF29D1D851
:100230000330002E20F0030414BF20460020AA89BA
:10024000C9B200F039FE0028C4DB04440EB9002C0A
:10025000C0DB012000F004FCB0B1A97BA1B195F88E
:100260002A3033B340234FF481720734002E24F038
:10027000070414BF2046002003F05EFF0028A9DB1E
:1002800004440EB9002CA5DBAB7AF3B1EB7AABB129
:100290000734002E24F0070414BF20460020A97A5A
:1002A00008F022FF002895DB044476B9002C0CDA14
:1002B00090E725232822D8E740030020012000F002
:1002C000CFFB10B1AB7B002BE2D1734B1B6893B11A
:1002D000A97D81B10334002E24F0030414BF20460D
:1002E0000020EA7D98470028FFF674AF044416B951
:1002F000002CFFF66FAF694B1B688BB1297C79B17D
:100300000334002E24F0030414BF20460020984735
:100310000028FFF65FAF044416B9002CFFF65AAF71
:100320005F4B1F68AFB1697C99B12B7D009303349B
:10033000002E24F0030414BF20460020EB7CAA7C8E
:10034000B8470028FFF646AF044416B9002CFFF664
:1003500041AF072000F084FB98B1A97D89B1033437
:10036000002E24F0030414BF204600202A7E00F053
:1003700091FE0028FFF62EAF044416B9002CFFF6BC
:1003800029AF95F82300B6FA86F77F09A0B16B7FF5
:10039000A97E033424F00704194444F004043B46C6
:1003A0002246C9B200F0B6FE0028FFF613AF04449F
:1003B00016B9002CFFF60EAF95F8241000294CD08A
:1003C00004F10708002E28F0070814BF404600205B
:1003D000EA8C13F0AFFF041EFFF6FCAE4444002E7F
:1003E0003ED1002CFFF6F6AEA97F002945D095F846
:1003F0002230002B41D02A8C0734002E02F1240237
:1004000024F0070814BF4046002092B213F092FF78
:100410000028FFF6DFAE404416B90028FFF6DAAE3A
:100420002B7FA97E033020F0070040F0040419441C
:1004300095F822003B462246C9B200F05DFE002836
:10044000FFF6C8AE044486B9002CFFF6C3AEEB6AD3
:10045000F3B1C6B1EC620020BEE6002EC4D08846DF
:10046000E98C40460FF0FAFDBEE72A8CA97F0832DE
:1004700092B240460FF0F8FDE9E7002EE7D00022E7
:1004800011461046F6E728343FF5A4AE2046A3E611
:10049000002EE0D1FAE700BFEC100020F0100020A1
:1004A000F41000201FB572B6194B1D6BEDB9BFF3E8
:1004B0004F8F1849184BCA6802F4E0621343CB60AF
:1004C000BFF34F8F00BFFDE72346B2FBF6F25C1C83
:1004D000002AF9D104AEDCB256FA83F303F80C2CEF
:1004E0000A2234B901A8A847E1E7024600230A26F8
:1004F000EDE7631E04AEDCB256FA83F3B0FBF2F60E
:1005000002FB1600303003F80C0C3046E9E700BF60
:100510004003002000ED00E00400FA0513B5124C82
:100520002389ADF80030E388ADF804306846A3882D
:10053000ADF8023006F00AFD18B1FA219C20FFF751
:10054000B1FF207D06F058FD08B1FD21F6E7E07C03
:1005500006F04CFD08B1FE21F0E794F828000DF0FC
:1005600021FC02B010BD00BF4003002038B5054695
:1005700000283DD012F08CFE10B94FF0FF3038BD8E
:1005800010F01EFEB0F5FA7FF7D81B4C25631B2533
:1005900000212A4604F10F0084F83410217084F8F9
:1005A0002A10E16213F044F90123A370E370E372AF
:1005B000A3742376F723032108202384FB2302223C
:1005C0002172A072A1731F204921E3840A23A58010
:1005D000E5806272A081E174E27584F82830EFF35F
:1005E000108472B600F0A6FD04B962B60020C6E71A
:1005F0006FF01500C3E700BF4003002038B5144674
:10060000002840F0C480634D95F83430032B00F08F
:10061000BB80B9B112B96FF0150038BD0139172987
:1006200000F2B580DFE801F00C1D20366069873CE0
:100630006C6F814248565B8D909FA2A596B3B3A87C
:100640001378AB700020FFF7B7FD0028B7BF012378
:10065000022385F834306FF00B00A8BF85F83430E2
:10066000DBE71378EB70EDE71379002BD3D05379E8
:10067000002BD0D01288FB2ACDD863881B3B9BB2BD
:10068000E02BC8D81A2AC6D923686B60424BA288CF
:100690009A80D7E71378EA7B9342BCD3EB72D1E719
:1006A0001378EA7A9342B6D8EB73CBE71378EA7AF9
:1006B0009342B0D86B74C5E71378002BABD0537856
:1006C000013BDBB2F82BA6D813886B82334B9278B0
:1006D0009A70B7E7107868750DF002FBB2E71378EF
:1006E000002B98D02B76ADE7012000F0B9F92378E4
:1006F00008B1012B8FD9AB73A4E71388AB81A1E7B5
:100700001378AB759EE7072000F0AAF910B923789B
:10071000012B80D9072000F0A3F918B12378002B12
:100720003FF479AF2378EB758CE71378082B3FF60D
:1007300072AF2B7486E71388FF2B3FF66CAFAB725A
:1007400080E713786B767DE713780E2B3FF663AF67
:10075000AB7677E72368124AC5F81E3063685360AA
:10076000238913816EE71378EB766BE713786B7749
:1007700068E713782B7765E713785A1E092A3FF646
:100780004AAF85F828305DE74FF0FF3045E76FF05E
:100790002C0042E7400300204403002052030020C5
:1007A0005E030020F8B50D46064630B329B311F0BC
:1007B000070422D1124F97F83430012B02D16FF089
:1007C0000B00F8BD032B02D14FF0FF30F9E700F02A
:1007D000EDFC0028F8D02846FFF7EEFC0028EEDB01
:1007E00017F034FF3046F96A06F0B0FCFFF796FECA
:1007F000032387F834302046E3E76FF01500E0E785
:100800004003002010B5074C94F83430032B03D17B
:1008100006F0B4FC07F092FC13F0D7FE002084F839
:10082000340010BD4003002008B506F027FCBDE8E9
:1008300008400249032000F00BB900BF6901000025
:1008400008B506F02FFCBDE808400249022000F080
:10085000FFB800BF4501000008B506F045FC05499A
:10086000012000F0F5F8BDE808400349002000F041
:10087000EFB800BF010100002101000008B50449E4
:10088000102000F0E5F8BDE8084006F0C3BB00BF4B
:100890008D01000008B50449102000F0D9F8BDE82A
:1008A000084006F0C9BB00BF8D010000074B4FF0A8
:1008B000FF3141F6FF72C3E9001205490022C1E988
:1008C00000221F21C3E90212704700BF0000002070
:1008D000780300203F280CD801380B4BC0F342129C
:1008E00000F01F0053F8223023FA00F000F001005E
:1008F0007047FF2806D04038C0F34212034B00F087
:100900001F00EFE70120704700000020780300205F
:100910000146074B006849681A4603C240F48C221E
:100920001A6041F0107242F4FF625A600020704772
:10093000000000200246034B0068516803C30020FA
:10094000704700BF780300200246034B00685168DF
:1009500003C30020704700BF080000200138064B89
:10096000C0F3421203EB820300F01F009B6823FADE
:1009700000F000F00100704700000020F0B50C8886
:10098000C37C0288A5B2C4F30E0404F11806023336
:10099000865B1A44334497B213FA82F3013B4288D0
:1009A000B3FBF7F313FB07439BB29A42044A93BF8E
:1009B00022EA05032A4013439BB20B80F0BD00BF1F
:1009C0000080FFFF4A1E062A08B50346084604D8E1
:1009D0004FF4D1711520FFF765FD094A914202D904
:1009E00040F2A311F6E711B903B1196008BD2BB1AC
:1009F0001B680022C3E901211A1D1A600430F5E7C3
:100A0000FAFFFF7F10B5114B00EB41041A786389A0
:100A1000B3FBF2F303FB0223013A1A44B2F5706F01
:100A20000279807828BF00231A440B18B2FBF0F13A
:100A300000FB11215B1AB3FBF0F100FB11331344EF
:100A40006FEA43436FEA5343638110BD8003002084
:100A5000024B03EB80035960704700BF8003002006
:100A6000034B03EB80035868003818BF0120704720
:100A7000800300202DE9F04F10F0070A85B00546ED
:100A800004D040F26F111720FFF70CFD544F07F10F
:100A90004C06B1460446B0464FF0010B57F8043BF4
:100AA0008DF80BA03BB101A898479DF80A30082BA0
:100AB00001D9F521E7E79DF80B1041BB05B1316085
:100AC0004F4506F10406E9D1002D70D0DFF81491EE
:100AD000002289F800209646122758F827A0013FE7
:100AE000BAF1000F56D09AF804609AF802C0FF2EAF
:100AF00061D039460023481C39D19C44BCF1FF0F1A
:100B000040D90AB189F800E04FF49A71BBE79DF82B
:100B10000AC06046022838BF02204B1D5A0004EB71
:100B20004303441E2344BDF808406444013CCCF117
:100B3000000C04EA0C044042B4F5803F03EA0003D1
:100B400002D340F205119EE775B19A1A3260917096
:100B5000148082F803B09DF80C0010710198108188
:100B60004FEA104CA2F806C004FB0134A8E758F87D
:100B7000210028B190F804B0B34504BF80781B1859
:100B80000139B8E7DBB2E6458AF804303CBF5FFACA
:100B90008CFE01227B1CA0D10AB189F800E012264C
:100BA00040F6FF6A58F82670B7B9013EFAD2601BCA
:100BB00005B0BDE8F08F0023E5E707EB41033846B9
:100BC000A3F80AA0FFF71EFF09F10109BB785FFA3D
:100BD00089F18B42F1D8E8E74FF00009F6E700BF52
:100BE000840300208003002038B54FF6FF73038094
:100BF000184B03EB81030246186DA8B18478037982
:100C0000B3FBF4F104FB1133DBB2194600EB4105F1
:100C1000B5F90A50002D0EDB0131B1FBF4F504FBF0
:100C20001511C9B28B42F1D1002038BD6381BDE8F6
:100C3000384013F047BB00EB41046389C3F30E0354
:100C40001380C278002AF1D14FF4E5711720FFF725
:100C500029FC00BF800300201C4B03EB810370B50F
:100C60001C6D054644B3030404D54FF4EC71172002
:100C7000FFF718FC0146204613F006FBFF2801464B
:100C800004D02046BDE8704013F01CBBA078B5FB33
:100C9000F0F300FB1353DBB219460A1D04EB4206C6
:100CA000B6F90260002E09DB0131B1FBF0F200FB66
:100CB0001211C9B28B42F0D1002070BD8B4201D01D
:100CC0000023E37004EB42025580DAE78003002042
:100CD000094B03EB810310B51C6D0146204613F050
:100CE000D3FAFF28014604D02046BDE8104013F097
:100CF000E9BA002010BD00BF80030020F8B5104BFA
:100D000003EB810307461C6D0146204613F0BCFA35
:100D1000FF28054611D0E288238953EA024606D00F
:100D20000146204613F0CEFA01463846B047204629
:100D30002946FFF767FE0020F8BD0520FCE700BF4D
:100D40008003002038B50E4B827903EB8203044602
:100D5000186D08B9052038BD8278E1799142F9D241
:100D60004B1CE37100EB41035D89B3F90A30002BA2
:100D7000F3DBA58013F0A6FA20600020EBE700BFAC
:100D80008003002008B5124B03EB81031A6D22B9D2
:100D900040F246211720FFF785FB9178831A481D02
:100DA000A3EB40031088B3FBF0F3002B01DB994267
:100DB00002DC40F24921EDE702EB4302B2F90A30CE
:100DC0005089002B02DA40F24B21E3E708BD00BF57
:100DD0008003002070B5044610F003000E4603D0D7
:100DE0004E211820FFF75EFBFFF7ECFD054624B10E
:100DF000034831460460FFF7E5FD284670BD00BF9B
:100E00001C0400202DE9F14FDFF870B09DF828A0F8
:100E10009DF82C901E46DBF8003007460D469046A4
:100E20001BB960211820FFF73DFB524609214046BF
:100E300013F0ABF84A4684B20921304613F0A5F806
:100E400014FA80F1DBF8000013F0F2F9386018B9F9
:100E5000286001B0BDE8F08F04442C603868534628
:100E60004146092213F054F828684B4609223146BE
:100E700001B0BDE8F04F13F04BB800BF1C040020D8
:100E800070B50E46044613F093F80546304613F04D
:100E90008FF8044B2A1821461868BDE8704013F0FB
:100EA000ECB900BF1C040020024B186808B113F015
:100EB000B3B970471C0400201F2AF8B50446134636
:100EC0000ED89200033222F00303B3F5803F2DD2F7
:100ED000184DACB1A00710D068210920FFF7E2FA45
:100EE000FF2B4FEA420204D9FF339A42A8BF1A46A9
:100EF000E8E77C2AB8BF7C22E4E729706C602B818C
:100F000022F003022823120403FB01F001276B687F
:100F1000120C0025EEB2B14200D8F8BD14B126186B
:100F20001F705E60104401352833F3E74FF0FF3047
:100F3000F3E700BF2004002070B5154A1578536808
:100F40000021C8B2854203D8BA210920FFF7AAFAC6
:100F50001C46184614F8286B01310EB92346F0E7F9
:100F600000219970128999610124D96159685C70D6
:100F7000920803F11E0403F1260524F8022FA5426E
:100F800043F8041F1144F8D100234361037070BD7E
:100F9000200400200A4B1B89B3F5FF7F4FEA930022
:100FA00006D25A089B1A9BB2984238BF184670471F
:100FB000B3F5EE6F01D8FF22F4E740F27263F3E776
:100FC000200400204B782DE9F04106460C4602F043
:100FD000040702F0FB05E3B1A5BBFF23A3707B0868
:100FE00004EB57073A7D032A02D1022D18BF0133C3
:100FF000E2180121117503F10C0104EB83030022B7
:1010000024F811205B68A2703360B2803046BDE8DE
:10101000F081002DE1D101234B701D4B8D611B89A7
:10102000CD6101F11E0249689B08204604F1260C9F
:1010300022F8023F944540F8041F1944F8D10023D8
:101040006361CAE7D1F80480142200216170A018FE
:1010500012F0EEFB0E4B1B89B3F5FF7F0FD25A083F
:101060009B1A9BB208EB0301C4F804802384A1609F
:101070006284C4F80C80A3842161E284ADE7B3F5F7
:10108000EE6F4FF0FF02EBD940F27263EAE700BF68
:10109000200400202DE9F84305460C46F7200521E1
:1010A000914612F072FF061E21DB1DB914FB06F0FB
:1010B000BDE8F88315F0030703D098211920FFF746
:1010C000F1F9DFF83080C8F81050A8F81460BBB20E
:1010D0009C42EBD9B8F81450D8F810004B4607FBE7
:1010E00005000522F72112F013FF0137EFE74FF05B
:1010F000FF30DDE73404002007B5CDE900230B46BF
:1011000003490246081D13F03AFA03B05DF804FBE8
:101110004C04002013B5064CCDE900230B460246D3
:1011200004F1080104F10C0013F029FA02B010BD1B
:101130004C040020134B012200214FF0FF309A6035
:10114000C3F80012C3F80803C3F80015C3F8042558
:101150009A60C3F80803C3F80015C3F804250A49C8
:101160000A4A03F580334FF40040C3F80825C1F85C
:101170008000BFF34F8FBFF36F8FC1F88001C3F8BA
:101180000825704700F0004000E100E00000F63F55
:10119000024B02681A600020704700BF5C04002008
:1011A000014B1B68184700BF5C040020024B186805
:1011B000003818BF012070475C0400208C469B2338
:1011C00000B50CF8033B054B8E4607CBCEF8030069
:1011D000CCF80410CCF808205DF804FB6C04002067
:1011E00070B51B4E736A93F8A84005460CB10128F0
:1011F0000DD0012912D8F36A2846984770B196F8A5
:10120000300058B964B9012D1FD0204670BD338D10
:101210001A07EED596F82A30002BEAD0012070BDCF
:10122000002DF3D1308D83070AD40028F6D196F82B
:101230003130002BEAD196F8320080F0010070BD09
:1012400096F82A0080F0010070BD308DEDE700BFF8
:101250006004002010B5154C0EF0CCF80EF020FC08
:10126000A36BA08E00219847237E93B9A18E606A5C
:1012700008F0A0F9636AB3F8AA0007F0EBFE236C4C
:1012800094F8301094F83C009847002384F84430D8
:1012900010BD94E8070004F10C0383E8070004493B
:1012A00004F1190015F0D0F9E0E700BF6004002058
:1012B000BD110000034B93F8443003B97047FFF7AA
:1012C000C9BF00BF6004002008B5094B93F8442053
:1012D000022A07D1DA7A42F00102DA72BDE8084048
:1012E000FFF7B8BF40F257312720FFF7DBF800BF08
:1012F0006004002010B41E4942788C6C2378D20020
:1013000002F0080203F0F30313438278920002F024
:1013100004021343C278120102F0100203F0EC033E
:101320001343027802F0030213432370B1F85430E0
:1013300063700223A1F84C308C6C00792378420151
:1013400023F0200302F020021343012823700CD164
:101350004B6A93F8BA2093F8BB30032A08BF0022E7
:1013600003F01F0343EA8213A37010BC704700BF51
:1013700060040020F0B5194CA56D83B04DB3636EC9
:101380003BB3B4F868306B702B782F4601F0030143
:1013900023F003030B4307F8033B0646B4F8682029
:1013A000616E384612F0C6FA0DF1020201A9E06E34
:1013B000E565676612F026FF019812F011FF0346FB
:1013C000B4F86810E06E3360012212F0B4FE03B08E
:1013D000F0BD40F6C4012720FFF764F86004002048
:1013E000F8B5254C656A276F2A7D95F82111E765C8
:1013F0004FF48173A4F8603094F87430064603EB20
:10140000820308B9FF2B17D018460DF0CDF92B7DBC
:101410005BB3A06F0DF0EAFDA16FE06D0EF00CFB69
:10142000AEB1B5F8E0000DF077F900200DF090FFB7
:10143000022384F84430F8BD95F820018842E3D1B6
:10144000002AE6D138460DF0D1FD0EF029FB95F8C3
:101450002131B5F8E420033B012B8CBF002028206C
:10146000104480B20DF066FEDBE7E06D0DF0BEFDCE
:101470000EF016FBD4E700BF600400202DE9F04F0A
:10148000C44C666A87B096F8201138B9327D94F85A
:10149000743003EB8203FF2B00F0F180FF200DF08E
:1014A00083F9676A002304938DF814308DF80930AE
:1014B000ADF80A303B7A062B00F21B81DFE813F00F
:1014C0007B00E600610061001901070007000DF1D3
:1014D0000A0103A806F0B8F8002800F0F680039D82
:1014E000002D00F0F2800122062384F87D20BDF853
:1014F0000A203B72002A5CD0E91CA4F85420216524
:10150000B7F80920A564022BADF811206AD0053B7D
:10151000012B66D80B780322022B8DF8102000F0E7
:10152000A180D4F8800012F0C5FD0546002840F0E7
:10153000C780236D1B781B2B00F0EB8000238DF8F8
:101540001430F37C84F8315004A823B1B4F854303B
:10155000002B40F08A80FFF7CDFEA06C0DF046FD19
:101560000EF09EFAB6F8E2000DF0D6F801200DF06C
:10157000EFFE012384F8873084F8443007B0BDE8DB
:10158000F08FB7F81031D4F88000ADF80A300DF1C3
:1015900009020DF10A0112F032FD0546002800F0A3
:1015A0000781BDF80A20012384F87D303B7A002AA8
:1015B000A2D11146A1E794F87C30A7F810310DF1C3
:1015C0000A0103A8ADF80A3006F03EF8E8B1039D21
:1015D000DDB10122052384F87D203B72BDF80A208D
:1015E00088E701238DF81030D4F8800012F062FDF6
:1015F0000546074600285ED106F040F880F0010558
:10160000EDB28DF813503B4699E7636A93F8518029
:10161000B8F1000F5ED1D4F880000DF10A010DF190
:10162000090212F0ECFC0546002853D09DF809A0F1
:10163000BAF1000F74D1BDF80A30002B5ED101233E
:101640003B7284F87D300023A4F854302365B7F84A
:101650000930A564ADF8113001238DF81030B8F1D0
:10166000000FC1D000252B4669E7FFF743FEA06FAE
:101670000DF0BCFCA16CA06F0EF0A2F972E796F819
:1016800021318B427FF40AAF37460BE7424BA3640C
:101690000023A4F854302365B7F80920D4F880005B
:1016A000ADF8112001238DF8103012F003FD05462E
:1016B00007460028A0D001238DF8133000233EE711
:1016C00001238DF81330236D34E740F2D2512720E7
:1016D000FEF7E8FE4FF00008002301223A722E4A7E
:1016E000A4F854302365ADF80A30A264B7F8093085
:1016F000B0E740F2DC512720FEF7D4FE00232B8018
:10170000AB700122032384F87D203B72BDF80A20D0
:10171000F0E607F1BA0001210DF08CF801230EE785
:101720002946D4F8800012F057FD12F059FD0368E5
:10173000D0F804B053EA0B0281462FD1BDF80A203D
:10174000002389F8003089F8013089F8023089F8DF
:10175000033089F8043089F8053089F8063089F8B3
:101760000730002A3FF46BAF9DF809100029C5D05F
:10177000297801F00301012906D0BB75012102235C
:101780003B7284F87D10B7E6032384F87D103B722A
:10179000B2E600BF60040020E404002001930FF0D3
:1017A000DBFE019B83427BEB0101C7D2D04693E76E
:1017B00040F2C3512720FEF775FE00BF2DE9F04F20
:1017C000A94C656A94F844208BB005F1A8030693F0
:1017D000022A4FF00003CDE9083340F06D82E36D3B
:1017E000032293F8009088465978A4F868101344AF
:1017F000636609EA02030646A4F8602007934FEAED
:10180000291AC9F3001B002800F0B180002940F01C
:10181000C5816B7AA28EA1650133DBB283EA99019F
:1018200042F4007211F00107A28640F0D5802A7AB6
:10183000A2B1032A6B7200F2FF81012A0ED0D4F804
:10184000800008A912F000FC002800F03F822B6FF6
:1018500001332B676B6F43F100036B67636A0021F1
:10186000297293F8A8304BB16B793BB1238D697124
:1018700043F0100323851020A36B9847A38E43F4F5
:101880000063A3862B7D0027C9F3C009002B40F01D
:10189000AA80AB7A03F00102914500F0E980A36DC4
:1018A000002B00F09C810AF0010A84F832A0B8F104
:1018B000000F40F0C4804FF0000994F88A10012016
:1018C000FFF78EFC82468046002800F04E810DF026
:1018D00091FDD146A38E5A0607D4A36B0021402068
:1018E0009847A38E43F04003A38687B1EB884BB99A
:1018F000636A93F8A8302BB1B4F80530B4F8072028
:10190000134304D0B4F809300133A4F80930002E91
:101910005CD0B4F8053000220133A4F8053084F817
:101920008A20524807F084FB089830B112F058FC26
:1019300000220272069906F029FD099B33B10022AC
:101940001A720C220998069906F0EEFCB9F1000F04
:1019500070D1A38E1B0607D4A36B494680209847FD
:10196000A38E43F08003A3860BB0BDE8F08F2B7DE0
:10197000002B40F0108194F88A30013384F88A30CB
:10198000A38E43F48063A38695F82131033B012B9A
:1019900004D906F01FFD074600285AD00CF0D2FEED
:1019A0000328A76D00F0FF80002F00F086800AF06A
:1019B000010A84F832A0B8F1000F51D00DF01AFDE1
:1019C000A78E17F040074FF0010986D0B4F8073012
:1019D0000133A4F80730A4E72B7D3746C9F3C009CB
:1019E000002B3FF456AFB4F868308BB9AB7A03F0F4
:1019F000010291457FF453AF0133AB72079B032B78
:101A000000F02A81A26D002A7FF44DAF914657E085
:101A10000EF062F80328FBD002280BD000287FF4D8
:101A200038AFAB7A03F0010399457FF438AF012357
:101A300084F83C30FFF70EFC0BB0BDE8F08F0DF0E2
:101A4000D9FCA38E5A0636D5002F00F01A81B14674
:101A50004CE7A36D002BAAD1B4F8682081462FE093
:101A60004FF000094F4628E760040020840400205E
:101A7000B4F86820002ABFD00798411E012938D940
:101A800001330328AB7200F0E780AB6F0133AB6723
:101A9000EB6F43F10003EB67A36D002B7FF403AF03
:101AA00099460DE00DF0A6FC079909A8FFF762FC26
:101AB000A38E5B06C8D4B1460FE7B4F86820B946D8
:101AC000002A14BF4FF0000B0BF0010B84F832B06A
:101AD000B8F1000F40F0098194F88A100120FFF757
:101AE0007FFB8046002840D00DF084FC4FF00109B8
:101AF000F0E6A38E95F8149043F48053A3860CF07F
:101B000021FE032894F8883007D1B9F1000F0CBFEB
:101B10001F221B22934228BF1346B4F86820A16DF0
:101B20009A4200F2B080002900F0B88094F8893021
:101B3000002B4CD1AB6F0133AB67AB7A03F10103E0
:101B4000AB72EB6F0AF0010A43F1000384F832A094
:101B5000EB67B8F1000FA5D194F88A100120FFF7C8
:101B60003FFB814600289DD1B046EB7C002B3AD14B
:101B7000002095F82021B5F8E0100DF087F800203E
:101B8000FFF77CFCB8F1000F3FF4A4AE079909A859
:101B9000FFF7F0FB9EE60DF0DFFFECE6E06E12F0E3
:101BA000AAFA014635E6B4F868201B2A94BF4FF024
:101BB00000094FF00109002F82D00AF0010A84F8D1
:101BC00032A0B8F1000F7FF4F9AE474675E6A36B7B
:101BD000002120209847A36D002B7FF464AEB4F859
:101BE000682099466CE7636A95F82A0193F8A82063
:101BF00095F82031013BDBB2B2FA82F28000032B70
:101C0000D5E91CAB4FEA5212C0B205F1800105F1D3
:101C1000900C60D8CDE9002C4FF0010E4FF0000C75
:101C2000CDE904CE4FF0FB0C039352465B46CDF852
:101C300008C00DF015FE9BE7053A012A41D805F0D2
:101C400011FD00284CD0238D43F00803238539462D
:101C5000A36B08209847FAE5A38E264943F48053E6
:101C6000A386238D012043F0010323852871A36BF4
:101C70009847AB6F0133AB67EB6F43F10003EB6742
:101C80000DE6B14645E694F8303043F0100384F891
:101C9000303000297FF407AE894611E7002A14BFCF
:101CA0004FF0000B0BF0010B84F832B0C146B8F1D5
:101CB000000F7FF419AF0FE740F6AD112720FEF7B4
:101CC000F1FB40F2B3712720FEF7ECFB40F2D47138
:101CD0002720FEF7E7FB40F225410620FEF7E2FB56
:101CE00040F2DE712720FEF7DDFB0DF083FBC146DD
:101CF000F0E500BFC40400202DE9F0413E4C94F80B
:101D00004430012B86B06CD1666A5FFA83F8337970
:101D100005460F4673B1238D002143F0040323854C
:101D20003171A36B04209847636A93F8A8300BB114
:101D300086F80580337A052B06D005B9DFB906B0E1
:101D4000BDE8F041FFF786BA238D2C4943F002032A
:101D500023850220A36B9847636A93F8A830002B71
:101D6000EBD0236D1B78A3F10203B3FA83F35B0975
:101D700084F82A30E1E729462846FFF731FA00289F
:101D8000DDD1337D676A63B997F82121B7F8E21096
:101D900001200CF07BFF002006B0BDE8F041FFF70A
:101DA0001FBB97F8213197F8A82094F874C0013B25
:101DB000003ADBB218BF0122032BD6E91E0106F15F
:101DC000800406F1900611D8009202460120CDE968
:101DD0000335CDE9016C0B46059021460DF040FD21
:101DE000D2E740F60C112720FEF75CFB40F22541BC
:101DF0000620FEF757FB00BF60040020B00400205F
:101E000010B50C4C0C4A94F844300C49116023B1C5
:101E10004FF4B1712720FEF745FB03F0FF02227655
:101E200007F0C0FB05F0C2F9206705F0C3F9A06711
:101E300010BD00BF60040020F81000205C210000ED
:101E400010B5074A92F8443013B10C24204610BD57
:101E500003F0FF04147607F0A5FB204610BD00BF79
:101E6000600400202DE9F043A54C87B094F844604D
:101E70009DF838C0002E40F03981002900F03681ED
:101E8000002A00F03381002B00F03081054606F077
:101E9000FF002364A163E26284F889C084F8300003
:101EA00084F88A0084F83C0084F887002085A086A6
:101EB00084F8310084F8320084F87D0084F82A0028
:101EC000A0642065A4F85400E0656066A4F868008A
:101ED00065620CF013FD0DF0E3FD95F928010CF09F
:101EE000BFFDD5F8D460D5F8CC000CF0BFFD30466E
:101EF0000DF060F895F825000CF0C2FDB5F8E03063
:101F0000672B40F28980B5F8E230672B40F284807D
:101F1000636A93F8A860002E00F0868093F8073378
:101F2000002B40F0A08015F0C2FA95F8212100F1B5
:101F3000890101200CF096FE724B18680DF040F8F4
:101F4000AB7BD5E93012243B072BC4F88010E26646
:101F500040F28C80EB7B243B072B40F28780B5F866
:101F6000F230B5F8F80095F82011984228BF1846CD
:101F7000042908BF032113F099FE024695F8F400E6
:101F800095F8F030904228BF104680B2984268D24F
:101F900095F8211184F87C3005F1E80014F08BFBF2
:101FA00095F821112F7DB5F8FC60032908BF0421A5
:101FB00013F07CFE002F51D0864228BF0646F6B2B1
:101FC00084F8886006F006FA002851D1636A84F824
:101FD000746093F8A830002B3AD02B7D002B4ED1A3
:101FE0000120FFF7FDF9636AD3F8E8010DF06AF804
:101FF0000023C4E90033A360D5F82431E888B5F89C
:10200000AA1095F825206080218022710BB1012251
:102010001A6007B0BDE8F0830CF084FB636A93F8A4
:10202000A860002E7FF47AAF15F041FA95F82021D0
:10203000354B33F8123001463046344E03F5FA730F
:10204000A6FB036301EB931166310CF00BFE73E703
:10205000EA7C72BB0120FFF711FAC9E7043080B2B5
:10206000AAE7C3B294E70CF02BFC5CE71B238FE7D5
:1020700006F0B6F9B04238BF3046C6B2A6E795F8CA
:102080002131013BDBB2032BD5E91E0105F18007AD
:1020900005F190022FD8CDE9026301920026024695
:1020A00001200B4605903946009004960DF0D8FBB0
:1020B00096E795F8206195F82A01013EF6B2800076
:1020C000032ED5E91C89C0B205F1800105F190020B
:1020D00011D8CDE90363012605960096FB260192EF
:1020E0004B46424602960DF0BBFBB3E74FF420711E
:1020F0002720FEF7D7F940F225410620FEF7D2F956
:1021000060040020F81000200C430200D34D621040
:10211000FFF7A0B8014B93F88700704760040020D8
:10212000064A938E13F4C06F03F4805103D092F8E3
:102130007D0000B17047080B704700BF60040020AD
:10214000024B93F83500C0F3C000704760040020D4
:10215000014B93F88A00704760040020C912000008
:10216000BD170000F91C0000B51200000B468122CB
:1021700003F8032BB0F809C0C27AA1F803C09A7023
:10218000704700BF08B540F2BD213220FEF78AF942
:1021900090F8DE2012B902F0FF00704710B5363813
:1021A00082B00C4602F0D0FE8F230420237002B0D0
:1021B00010BD00BF70B5002857D0437A0D460446C5
:1021C000BBB340890021FEF783FD002852D0B0F850
:1021D000AA000021FEF792FD002850D194F8546027
:1021E00094F8A6302BB194F8A7301E43002384F84E
:1021F000A630204602F0A8FEB3072CD12B46882239
:1022000003F8032B04F10902293416685068916819
:10221000D2F80CC0C3F80CC01032A2421E60586045
:10222000996003F11003F0D1117819700022AA719E
:1022300070BD036DD0F80E20C3F8AD20428AA3F81C
:10224000B120437B026D03F0FD03003B18BF012367
:1022500082F8AC30C2E726F00406002284F854600D
:102260001146204603F0E2F8C8E740F2063132207A
:10227000FEF718F940F212313220FEF713F940F25E
:1022800015313220FEF70EF9044B1B680022A3F82B
:10229000792183F87B2183F870207047EC040020BB
:1022A00008B50BF035FD034B18700CF031FD032021
:1022B00008BD00BF1000002038B5114C20686C30FC
:1022C00001F0ACFF656801F059FF63682860186889
:1022D00058B101F081FF68B10CF088FE00200CF0CD
:1022E00029FF636804221A7138BD40F2F54132209B
:1022F000FEF7D8F840F2F7413220FEF7D3F800BFDE
:10230000EC040020F0B54B4C2568002383B06B72C1
:102310002B6DB3F8AA206A8106460F46D3F8C80091
:1023200093F8291113F015FD236828841A6DD2F84B
:10233000D020C3F822204FF47F42DA844FF6FF7298
:102340001A85002E49D00121384613F08EFF3A78C5
:10235000D209236893F8481009B1002A47D1002117
:1023600059611983207B082851D003F10E0203F133
:102370000D0105F00BFC002857D023685A7B42F072
:1023800002025A7303F11A05002E3AD103F17800C4
:1023900002682A608288AA80186D93F95810A830C4
:1023A00005F066FD2068244914F045F920682349AA
:1023B000036DB3F8AA20A0F83320DB7D80F8353018
:1023C0002A3014F041F92068022103F071F92068E5
:1023D0006C3001F023FF03B0F0BDA068694613F034
:1023E0003CFEA3681A786846C2F38012B1E74279CE
:1023F00002F0C002402AB2D102685A6182881A8370
:10240000B0E70021384613F030FF2368C0E793F8A7
:102410007E00996F5873C3F80E10B3F87C00588291
:102420000021C3F81A10D983B6E741F213413220D4
:10243000FEF738F8EC040020B52100006D21000003
:1024400008B540F29B313220FEF72CF810B5047825
:102450008CB004F00F04224602A902F0C7F80BF07A
:1024600057FC234A042C107002D003200CB010BD7E
:10247000204C0399236891F800E093F878C0E64572
:10248000F3D191F801E093F879C0E645EDD191F8E8
:1024900002E093F87AC0E645E7D191F803E093F8BB
:1024A0007BC0E645E1D191F804E093F87CC0E645B5
:1024B000DBD191F805C093F87D108C45D5D193F808
:1024C0007E309DF819109942CFD17F280DD0009011
:1024D0004FF07F0C606882F800C0237C227B02A949
:1024E00002F008F803200CB010BDFFF7A9FF00BFF1
:1024F00010000020EC04002010B50E4A5368197932
:1025000002290DD9197908290FD81B79526903F1CD
:1025100080439268033BBDE8104052F823301847CF
:1025200041F2BC413220FDF7BDFF41F2BD413220F6
:10253000FDF7B8FFEC04002038B5194D6B681B7926
:10254000022B28D82B68027C83F8A420C1689966E6
:102550001A44044692F87C2183F878214268C3F833
:102560008820037A022B0ED00CF0C8F90CF054FE30
:102570000BF02CFD0B480CF023FD0B480CF01AFD62
:102580000A480CF073FA637C23B12B685B6E0BB1C5
:1025900001221A6038BD40F6FC013220FDF782FFAF
:1025A000EC040020883B000055555500D6BE898EAE
:1025B00070B53B4C63681A79032A064643D01A79F2
:1025C000042A40D0226892F85420920740D1A5688E
:1025D000002D4CD0236893F85430002B3DD03EB1F1
:1025E000284613F0EEFEE0B9284613F005FFC0B907
:1025F00063681A79022A3FD91A79082A41D81B79C7
:10260000626903F180435269033B52F823309847D3
:102610000C2827D86369DB68BDE8704053F8203088
:10262000184763681A79022A30D91A79082A32D8E9
:102630001B79626903F180431269033B284652F813
:1026400023309847E4E7186801F0C6FD0546BFE768
:10265000186801F0C3FD0546BAE741F2CA313220DD
:10266000FDF720FF41F2DD313220FDF71BFF41F283
:10267000C4313220FDF716FF41F2AA313220FDF7B6
:1026800011FF41F2AB313220FDF70CFF41F24A312C
:102690003220FDF707FF41F24B313220FDF702FFF8
:1026A000EC04002070B5154D2C6894F84830EBB15F
:1026B000D4E920126FF000439A4208BFB1F1FF3F06
:1026C00014D00EF0FDFDD4E92023904299410DD3A2
:1026D0002E6896F8483053B905F052FA04460EF0C9
:1026E000EFFD074BE4FB0301C6E9200170BD0120AB
:1026F00005F008FB0028F9D02E68EDE7EC04002077
:1027000040420F002DE9F04F044687B006290AD851
:10271000DFE801F0512E0F0909090400B24D686885
:102720008379002B71D10CF0F3FA032007B0BDE8D8
:10273000F08F0CF0EDFAAC4A136893F854108F0741
:10274000F3D0506881790029EFD0A84D95F9001099
:102750007F2900F025820291127B01922146FF22FF
:102760007F240092423302222C7001F01BFEDCE732
:102770009D4DA27C2968686891F8483090F806A0C1
:1027800090F80790012A83F001035AD0002791F8AE
:10279000542012F0040600F0EF8091F84B60002EF8
:1027A00059D091F84C80B8F1080F59D191F84100F7
:1027B000002680466DE08C4DD5E9003093F854201A
:1027C00057071AD5C279002A00F0DF80626893F8B3
:1027D0005B1016788E4200F03C8193F85620012A57
:1027E00000F05B8193F84C30082B03D042799A4279
:1027F00000F053810CF08CFA68688379002B40F06C
:10280000C880C379002B90D18DE72B6893F85420B2
:10281000960740F1ED80754A92F900107F2900F08B
:10282000BF81029121462C7B0194FF2400947F24D8
:1028300042331470062201F0B5FD002309202B74E9
:1028400074E7A268577907F0C007A7F14007B7FA05
:1028500087F77F099BE790F80580B8F1080F40D013
:102860004046059305F0A0F8059B8346002F40F0F5
:102870004581296891F8542091F8418002F0040CB8
:102880003E464046BCF1000F41D043EA0B0B5FFAD5
:102890008BF3626891F85BC092F800E0E64500F0C7
:1028A000FF804FF0000B6A685279082A00F03D81E2
:1028B00091F84CC0ACEB0202B2FA82F252090592D6
:1028C000E6B1B9F1000F1DD091F85630012B00F0A0
:1028D000E48023B9059B5BEA030B40F0DE804E46A3
:1028E00010E0626891F85BC092F800E091F8410056
:1028F000E64500F0D480B34680460596002B40F0B4
:10290000178100260CF004FA2B6893F854209307E3
:102910003FF40BAF0CF0FCF9BAF1000F3FF405AF38
:102920002968A36891F84100A27C423113F0F5F8C0
:10293000002840F01981002E40F016812B6893F892
:102940005520023A012A3FF6F0AE002F3FF4EDAEDB
:10295000264E96F900207F2A00F0228102922A7BDF
:10296000686801922146FE227F24009242330122B0
:10297000347001F017FDD8E690F80580B8F1080F23
:102980007FF46EAF91F84180C1E78379002B3FF46B
:10299000CAAE2B6893F85420960744D4D0077FF52D
:1029A000C4AE510700F1F380104B93F900207F2A49
:1029B00000F0F68002922A7B0192FF2200927F2093
:1029C00018702B68686821464233002201F0EAFC47
:1029D00003206B68DA79002A7FF4A8AE9B79002B7C
:1029E0007FF4A4AE9FE600BFEC040020100000209E
:1029F000D1077FF598AE530700F1B380694B93F987
:102A000000207F2A00F0CC8002922A7B0192FF22D4
:102A100000927F201870D5E900302146423306220B
:102A200001F0C0FC81E65F4A92F900107F2900F0B6
:102A3000B780029121462C7B0194FF2400947F24CF
:102A400042331470002201F0ADFC012309202B74E5
:102A5000BFE7567893F85C108E427FF4BEAE96784E
:102A600093F85D108E427FF4B8AED67893F85E107E
:102A70008E427FF4B2AE167993F85F108E427FF4E7
:102A8000ACAE517993F8602091427FF4A6AE617CA0
:102A900093F85A2091427FF4A0AE0A2046E6804681
:102AA00092F801E091F85CC0E6457FF4FAAE92F846
:102AB00002E091F85DC0E6457FF4F3AE92F803E0E2
:102AC00091F85EC0E6457FF4ECAE92F804E091F830
:102AD0005FC0E6457FF4E5AE92F805C091F860204E
:102AE00094457FF4DEAE94F811B091F85A20ABEB28
:102AF0000202D2F1000B4BEB020BD4E6A168059366
:102B0000404605F033F92968059B91F854200646A4
:102B100002F0040C91F84100002E3BD040F0020876
:102B2000BCF1000F7FF4B1AEF1E600220592C7E6DA
:102B3000A368A27C423112F0F0FFB9F1000F3FF41C
:102B4000E0AE2B6893F85630012B07D0002B7FF4B2
:102B5000D8AE059B53EA0B0B3FF4D3AE00289CD1B3
:102B6000CFE60CF0D5F849E70E4E96F900307F2BF2
:102B700016D002932B7BCDE90083D5E900302146A6
:102B80007F2401224233347001F00CFCCDE50CF0BF
:102B9000BFF809E78046BCF1000F7FF476AEB6E6D9
:102BA000FFF74EFC100000202DE9F843664C074665
:102BB000A068D4F800800023038089460CF04EFA08
:102BC000002800F0A380A568032F2B78064600F0AC
:102BD000A98023F02F0343EA491343F005032B7028
:102BE000222223686A701A6DD2F8CC20C5F80F2013
:102BF0001A6DD2F8D430EB74190A1B0C29756B7559
:102C000092F82A01B2F8DC10D2F8D830002840F04F
:102C100091804E48A0FB01C1A0FB0303890A9B0AD7
:102C2000EB75C3F307232B76A97592F82911D2F817
:102C3000C80013F08EF86876000AA8762068A568A8
:102C4000036D95F82420D3F8D010C5F81B109969AE
:102C5000C5F81F101B7F85F82330036D93F82330D0
:102C600022F01F0203F01F03134385F8243004F001
:102C70002DFB95F8243003F01F0343EA401385F839
:102C80002430A568D8F87830C5F80930B8F87C3019
:102C9000A5F80D3098F87E10284613F0EEF9236859
:102CA00093F8482093F8418003F14209AAB393F8BE
:102CB0005420520733D593F84B2082B393F84C003D
:102CC00005F08EF8054640B34FF00108A0682B6868
:102CD000C0F80330AB88A0F80730414613F0C4F9C0
:102CE0001B4BD3F804317BB9052F13D12368296816
:102CF0001A6DC2F8B410A988A2F8B8101B6D83F839
:102D0000B3803046BDE8F8830CF002F8032005F0EC
:102D10002BFB00263046BDE8F8834D46D6E76368B6
:102D20005879CDE723F00F0343F003032B700C23F6
:102D30006B70A7E70748A0FB01C1A0FB0330C1F3FC
:102D4000471143096CE700BFEC0400205917B7D1C5
:102D5000001000401F85EB5110B50A4C0AF0D8FF57
:102D6000094A637B10701BB90BF0D2FF032010BD22
:102D70000CF052FA0BF02AF9002363730BF0C8FF32
:102D8000032010BDEC0400201000002010B50B4CF7
:102D9000637B63B9A1680020FFF7B4FA23680022BF
:102DA000A3F8792183F87B2183F8702010BD0CF003
:102DB00033FA0BF00BF900236373EBE7EC0400200C
:102DC00010B50F4C637B9BB9D4E9003000224FF063
:102DD000010C80F804C003F16C00A3F8792183F89A
:102DE0007B2101F01BFA2068BDE8104002F036BBE1
:102DF0000CF012FA0BF0EAF800236373E4E700BF6B
:102E0000EC0400202DE9F04F0729044687B0406804
:102E10000D46904644D100285ED0637C012B00F023
:102E2000AB80A74E73685879082844D004AA0DF1E6
:102E30000F0104F0ABFE002800F069819DF80F003F
:102E400004A914F0B0F98146D6E9001791F854307E
:102E500013F0030240F08280BA715A0763D4002352
:102E6000FB71984B1B6823B1414620469847387246
:102E70007768636843B13268617C82F87E101968B4
:102E800091679B88A2F87C303B7A0120002B00F0F0
:102E90004381A3680BB1072D4DD007B0BDE8F08F7B
:102EA000874E002800F08680637C7268012B4DD02D
:102EB00050790828BAD16168607C14F074F972689E
:102EC000616881460532607C04F096FD77680028D1
:102ED000BAD1F8803872DCE7794ED6E9001791F85C
:102EE000543003F00302B8F1000F65D0002A40F01F
:102EF000B88013F00403BA71B2D091F84BA0FB79FB
:102F00009146002BACD063688BB9386801F068FB40
:102F10000346002840F0A380BAF1000F00F0F380D0
:102F2000776853469CE7062D91F84BA07DD84AEA76
:102F30000900C3B294E779790829AED00028ACD053
:102F4000184604F059FE0123F373A6E7437903F012
:102F5000C003402BACD1737B13BBA9E7062D91F8BE
:102F60004AA04CD84AEA090A5B0787F806A07FF511
:102F700076AF91F84BA0DAE7437903F0C003402B1A
:102F80007FF44FAF4E4E737B002B3FF44BAFB8F145
:102F9000000F05D1336893F87811012900F09D8066
:102FA000776812F0FEFD73687871587930730123E9
:102FB000B37339E7814647E7B2F1000918BF4FF014
:102FC000010913F0040387F8069005D02378A3F1D4
:102FD0000103B3FA83F35B09FB7191F89430002B82
:102FE0003FF45BAF3368D3F89000503014F065F9CC
:102FF00000287FF452AF736801221A724DE7082D42
:1030000002D90023BB712AE797F806B0B8F1000F88
:103010002CD16268002A46D04AEA090A580787F884
:1030200006A07FF51CAF91F84BA0082D3FF617AF17
:10303000FB79B8F1000F7FF464AF6268002A7FF477
:1030400076AF62780193D30657D4386801F0C8FA96
:1030500000283FF461AF019B002B3FF45DAF776820
:10306000FEE691F84AA097F806B08146BBF1000F42
:103070002AD06268002ACFD1386801F0B1FA80B94D
:10308000BAF1000F3BD07768326887F806A092F853
:10309000543013F004033FF4E3AE92F84BA0FB79F5
:1030A000C7E78246EFE76278D0061DD4386801F0A2
:1030B00097FA0028E4D0BBF1000FE1D0DA46E2E74E
:1030C000EC040020FC1000205B0787F806B07FF5B9
:1030D000C6AE91F84BA0FB7913E704F06FFD707357
:1030E00000287FF45DAF9DE60120B87158077FF599
:1030F000B6AE91F84BA0FB79A4E70123B0E604F04B
:1031000075FC8246BFE704F071FC0346A7E740F672
:10311000A5313220FDF7C6F9F888003818BF012024
:10312000B7E600BF70B5194E8AB005460AF0F0FD4B
:103130003368174A93F85430107013F0060F16D105
:103140002C7804F00F0422462846694601F04EFA16
:10315000214600226846FFF755FE21466846FFF7E4
:10316000D1FA737B044643B920460AB070BD0122F0
:10317000962100200BF08AFDE2E70CF04DF80AF0F2
:1031800025FF0023204673730AB070BDEC040020B5
:103190001000002010B5104C606801F0B7F8637B98
:1031A0009BB9D4E9003000224FF0010C80F804C034
:1031B00003F16C00A3F8792183F87B2101F02EF84C
:1031C0002068BDE8104002F049B90CF025F80AF07B
:1031D000FDFE00236373E4E7EC04002010B500213A
:1031E0000320FFF7E1FC164C20B12068032101F019
:1031F00037FFA8B9637BDBB9D4E9003000224FF078
:10320000010C80F804C003F16C00A3F8792183F865
:103210007B2101F003F82068BDE8104002F01EB9E0
:10322000012108460CF02AF8636809221A7110BDC2
:103230000BF0F2FF0AF0CAFE00236373DCE700BF65
:10324000EC04002038B5224C6368186800F0C4FF15
:10325000002837D063680A2205461A7120680021C9
:1032600002F026FA22682B78126DD57DC3F3401345
:103270001D4005202946FFF797FC40B12068042136
:1032800001F0EEFE18B123681B6DDD7538BD637B60
:103290008BB9D4E9003000220125057103F16C00DF
:1032A000A3F8792183F87B2100F0B8FF2068BDE8FE
:1032B000384002F0D3B80BF0AFFF0AF087FE0023CE
:1032C0006373E6E740F261513220FDF7EBF800BF8F
:1032D000EC04002010B51F4C636888B981B11A79DD
:1032E000082A2DD91A790C2A2FD81B79626903F183
:1032F00080435268093BBDE8104052F8233018471C
:10330000184601F003F8637B9BB9D4E90030002232
:103310004FF0010C80F804C003F16C00A3F8792190
:1033200083F87B2100F07AFF2068BDE8104002F0AE
:1033300095B80BF071FF0AF049FE00236373E4E7D0
:1033400041F28C413220FDF7ADF841F28D4132203F
:10335000FDF7A8F8EC040020F0B55A4C206883B0C3
:103360006C3000F05BFF656800F008FF6368286060
:103370001868002800F09B8000F02EFF054600280A
:1033800000F09A80236893F8A630002B47D1D4E947
:10339000000290F8A430034493F87C7180F87871AF
:1033A000137913B11379012B4AD1474A90F8A5300C
:1033B000D05C0BF065FB236893F8A420134493F8CA
:1033C0007C61022E3AD04DD8012E4ED100F0D0FEB5
:1033D00031460BF0E9F928460BF008FE3146012092
:1033E0000BF062FB012F31D1E81C04F015FC607377
:1033F00028B140250AF0CCFD28460BF001FFD4E9A6
:10340000000208210023517121730321D38013721C
:10341000E38180F895302374117103B0F0BD236807
:1034200093F8542093F8A700196DC3F810110243C4
:1034300083F85420002283F8A620A8E70D20C7E7D0
:10344000002101F00DFEA8B12068AEE7681D04F070
:10345000E3FB60730028D2D0033F012F8CBF5025BF
:103460005525C7E7F31E012BB0D940F2F771322082
:10347000FDF718F8637B93B9D4E9003000220125E9
:10348000057103F16C00A3F8792183F87B2100F02A
:10349000C5FE206803B0BDE8F04001F0DFBF019039
:1034A0000BF0BAFE0AF092FD01986073E4E740F277
:1034B00052413220FCF7F6FF40F254413220FCF733
:1034C000F1FF00BFEC040020B040020008B50AF094
:1034D0001FFC044B18700BF01BFCBDE80840FFF705
:1034E0003BBF00BF1000002010B50C4C0AF010FCD0
:1034F0000B4A637B10702BB90BF00AFCBDE810403F
:10350000FFF72ABF0BF088FE0AF060FD002363730B
:103510000BF0FEFBBDE81040FFF71EBFEC040020DF
:103520001000002010B50446FFF706F8237A032B9D
:1035300034D01D4A12683BBB92F8A5301B490133B9
:10354000A1FB030C0CF4FF7404EB5C0492F849003B
:103550001B1B40FA03F4E40713D40133A1FB034C13
:103560002CF0010404EB5C041B1B40FA03F4E0079D
:1035700007D40133A1FB034121F0010404EB510105
:103580005B1ADBB282F8A53092F958000BF068FAAA
:10359000FFF7E2FEBDE81040FFF784B840F62E11B9
:1035A0003220FCF77FFF00BFEC040020ABAAAAAAE0
:1035B00090F83E00003818BF01207047007A0038AC
:1035C00018BF0120704700BF036D10B58BB10222F8
:1035D0004272B3F8AA1041814FF6FF73FF220446EE
:1035E0000385064980F8272013F025F8002323657A
:1035F00010BD40F261313220FCF754FFB5210000CC
:1036000038B5012105460020FDF762FB20B30446D2
:1036100001F090FC02E094F870301BB194F8703027
:10362000012BF8D13F220021204610F001F90023A0
:1036300040F201110722A4F84A1084F8543084F8AB
:10364000A53084F8585084F84920636684F8943093
:10365000C4F8903084F8A63001210846FDF738FB05
:10366000044618B301F066FC02E094F870301BB118
:1036700094F87030012BF8D13F220021204610F041
:10368000D7F8002340F201110722A4F84A1084F869
:10369000543084F8A53084F8585084F84920636683
:1036A00084F89430C4F8903084F8A630BDE83840EF
:1036B00000F054BDF8B5064603F078FD1C4F0346F4
:1036C00001210020BB60FDF7C7FA30B34FF4C07290
:1036D0000021044610F0ACF801210846FDF7BCFAC1
:1036E0007F69054680B14FF4C072002110F0A0F848
:1036F000C7B13046FFF784FF204601F011FC284691
:10370000BDE8F84001F00CBC67B13046FFF778FF28
:103710002046BDE8F84001F003BC40F685013220A8
:10372000FCF7C0FE40F68F013220FCF7BBFE00BF65
:10373000EC040020014B024A5A617047EC0400205F
:10374000EC3B000003683BB1064A03F16C011360D7
:10375000536951601B68184710B540F67711322045
:10376000FCF7A0FEEC04002010B5104C606800F0DF
:10377000CDFD637B9BB9D4E9003000224FF0010CF2
:1037800080F804C003F16C00A3F8792183F87B2151
:1037900000F044FD2068BDE8104001F05FBE0BF072
:1037A0003BFD0AF013FC00236373E4E7EC04002004
:1037B00080F84910704700BF11F001031DBF0123BD
:1037C00080F87C310222012211F0020F05D003445F
:1037D0004FF0020C83F87CC113464A0703D5184406
:1037E000032380F87C31704780F85710704700BF82
:1037F00010B5044690F84000A0F1020CBCF1010F96
:1038000007D910B1023818BF0120BDE8104003F0FD
:1038100071BF0029F6D102F0FD02101E18BF012071
:10382000194612F0B4F9082801D0012010BD94F80F
:1038300040000028E6D1E8E790F8400000F0FD00E5
:10384000003818BF012003F055BF00BF38B590F80D
:10385000A630DBB9044603F0FF0094F85430013B76
:10386000012B00D938BD04290D46FBD1D4F8103105
:1038700073B9216D89B104F1E80001F04FFC84F8BF
:10388000A750FF2384F8A630012038BD002038BDA2
:1038900040F6F8113220FCF705FE40F6F91132200F
:1038A000FCF700FE80F84010704700BF38B500F10B
:1038B0004201044690F8400000F0FD00003818BFB7
:1038C000012084F8410003F0FBFE94F84030023BF5
:1038D000DBB2012B94BF0123002384F8483000D9C8
:1038E00038BD04F04DF905460DF0EAFC094BE5FB47
:1038F000030194F84830C4E92001002BF0D00020E7
:1039000004F000FA0028EBD140F621213220FCF728
:10391000C9FD00BF40420F00B1F1000C0CBF0121F6
:10392000002180F84B104FF0080180F856C080F855
:103930004C100CD102F0FD0210B50446101E1946C1
:1039400018BF012012F023F984F84C0010BD704715
:1039500008B5AAB180F85A101368C0F85B30036D3F
:10396000918890F84120A0F85F1083F8B320D0F838
:103970004220C3F8B420B0F84620A3F8B82008BD10
:1039800040F63F213220FCF78DFD00BFF0B5D0F8A6
:10399000C8409DF814E0944203D190F840208A4238
:1039A00001D00020F0BD1EF0020190F8454120D169
:1039B0000D460A468618013596F87C61F71E012FE0
:1039C00000EB820788BF314353F82260D7F8CC2040
:1039D00002F1200C98BF41F004016645EAB2E0D143
:1039E000A242E7D90EF00500401AB0FA80F0400973
:1039F000F0BD0025AC4629462A46861800EB820217
:103A000096F87C61D2F8CC20F71E012F9CBF0CF1F8
:103A1000010C5FFA8CFC02F1200253F82C708CBF71
:103A2000314341F004010CF10106BA4205F10105F0
:103A30005FFA86FCB5D1EAB2A242DED9D2E700BF76
:103A400090F854305A070ED413F0030301D11846EE
:103A5000704790F8550000F0FD00A0F10100B0FAA9
:103A600080F04009704790F85600A0F10100B0FACC
:103A700080F04009704700BF012938B5044610D0D6
:103A800094F854309B0704F16C051AD1284600F0D5
:103A9000C5FB0023A4F8793184F87B3184F87030B9
:103AA00038BD0A4D6B7B002BEAD00BF0B5FB0AF05A
:103AB0008DFA00236B7394F854309B0704F16C0566
:103AC000E4D0284600F022FCE0E700BFEC04002030
:103AD000A03011F0B9BD00BF0149363012F0AEBDC3
:103AE0009121000010B5012104460020FDF7F0F8F7
:103AF00020B3627880F85420217811F001021CBFB5
:103B0000012280F87C214907034603D502440321A2
:103B100082F87C11A27883F84020E27883F855205F
:103B200002F0FD02B2FA82F2520983F84A202279A9
:103B300083F84920627983F8572010BD40F6CB21E5
:103B40003220FCF7AFFC00BF10B504466C3000F02B
:103B5000DDFB0023A4F8793184F87B3184F87030E0
:103B600010BD00BF08B501210020FDF7B1F828B154
:103B700090F89400003818BF012008BD40F64A3183
:103B80003220FCF78FFC00BFF9240000B1250000B3
:103B9000D532000095310000B92200008D2D0000C3
:103BA000E9340000CD34000089220000C12D00005E
:103BB0008521000059330000852100008521000087
:103BC000852100008521000085210000DD310000F5
:103BD00045320000852100008521000025310000CC
:103BE0004D240000592D0000A122000025350000C1
:103BF000983B0000A03B0000A83B0000DC3B00001D
:103C0000E43B00002DE9F04705468CB00E4600204D
:103C10000121FDF75DF8002800F074820446A83009
:103C200001F09CF9002846D094F85430042B42D07F
:103C3000AF6A002F00F06981B74B9F427AD0043BF6
:103C40009F4277D003F0C0FA07F13B09804602A9F2
:103C5000484600F071FDEB7AB8F1000F00F0D58016
:103C6000DC0606F10D0100F1FD81002F00F0588205
:103C70009DF80830022B00F0538295F83230E5228F
:103C8000484612F035FB95F8323004462344484646
:103C900085F8323012F024FB95F83290A9EB000938
:103CA000B9FA89F94FEA5919B8F1000F48D104F16E
:103CB0001802D2B2B8E02046FFF77AFC0746002887
:103CC000B6D1AB6A954C0BB304F1080804F10C06AD
:103CD00001E0AB6AD3B1A96A0B68AB6241450F70D2
:103CE0004F708F70CF70F4D0B142F2D0206810F0D6
:103CF00059FB231DD3E84F3F0133DBB2211DC1E83F
:103D0000423F002AF5D1AB6A002BE4D12068A5F12F
:103D1000080110F047FB231DD3E84F3F0133DBB20E
:103D2000211DC1E8423F002AF5D14FF40073ADF8E0
:103D300004305EE003F048FA8146002870D0002489
:103D4000EB7ADA0640F1EC815807AA7A697B03D551
:103D5000E87EFE2800F05A8104F10A0313FB02F307
:103D6000023373703E23337002237171F270B370AB
:103D7000D5F80E30C6F806306B8A7381347334443C
:103D80002B7E6373EB7A13F0080100F0E780634C3D
:103D900004F1080804234745337178D133790222AE
:103DA00062F34613AA6A33716AB1EFF3108272B6F6
:103DB000AB6A1968A962002A00F0C68000221A7056
:103DC0005A709A70DA702068A5F1080110F0EAFACA
:103DD000231DD3E84F3F0133DBB2211DC1E8423F31
:103DE000002AF5D102274FF004088DF804808DF8E1
:103DF00005709DF804209DF80530002062F307004F
:103E000063F30F200CB0BDE8F087D80606F11C0163
:103E100000F11E8127B19DF80830022B7FF42DAFF1
:103E2000182200244FF001098E233370AB7AF3700F
:103E300013FB02F302337370D5F80B30D5F80F2063
:103E4000D5F81310D5F8170030617360B260F160D7
:103E5000D5F81B30D5F81F20B261736195F814A016
:103E600095F8158003F0EEF90AF1FF338A05DBB20D
:103E700056D5032B00F24F8186F80DA0B8F1000F44
:103E800064D1F476254C04F10808474586D004F146
:103E90000C0A57456BD0002F00F09180B9F1000F4C
:103EA0002AD0AB6A63B1EFF3108272B6AB6A1968BD
:103EB000A96202B962B600221A705A709A70DA705A
:103EC0002068394610F06EFA231DD3E84F3F0133C6
:103ED000DBB2211DC1E8423F002AF5D1AB6A85F86B
:103EE0003220434500F0C780534500F0E8809DF83C
:103EF0000830022B00F0A5803379012262F34613CB
:103F0000337101274FF004086FE703F05DF905F105
:103F1000330980469BE600BF100500200405002001
:103F2000032B00F20181834AD35C7373B8F1000F55
:103F3000A7D008F1FF385FFA88F8B8F1030F00F254
:103F4000F38012F8088006E062B637E708F1FF3325
:103F5000032B00F2E08086F80E8092E703F0030264
:103F6000032A49D0590749D5012333718AE7AB6A3F
:103F700063B1EFF3108272B6AB6A1968A96202B935
:103F800062B600221A705A709A70DA706B7D83BB29
:103F9000327963F3461232714FF004082068A5F1BC
:103FA000080110F0FFF9231DD3E84F3F0133DBB2C6
:103FB000211DC1E8423F002AF5D1022715E795F8F7
:103FC0000B8018F010083FF410AF3379206867F3C6
:103FD0004613A5F10801337110F0E4F9231DD3E86D
:103FE0004F3F0133DBB2211DC1E8423F002AF5D12A
:103FF000F8E64FF00008D1E7317143E7022A25D0F7
:10400000002A40F08480032333713BE7130102331D
:1040100073703E2333700B23B37001237171F27000
:104020003371D5F80E30C6F806306B8A7381307361
:10403000EB69C6F80D302B8CA6F811302B7EF3748B
:1040400020E7337923F0680333715AE7327119E7B7
:104050009DF818400846224605990FF06BFC4FF07A
:10406000010924E69DF818400846224605990FF0FC
:1040700061FCC14664E63379022262F34613AA6A00
:10408000337162B1EFF3108272B6AB6A1968A9623C
:1040900002B962B600221A705A709A70DA702068FB
:1040A000A5F1080110F07EF9231DD3E84F3F01333D
:1040B000DBB2211DC1E8423F002AF5D192E63379F7
:1040C00062F34613AA6A337162B1EFF3108272B6DB
:1040D000AB6A1968A96202B962B600221A705A70F6
:1040E0009A70DA702068A5F1080110F05BF9231DC1
:1040F000D3E84F3F0133DBB2211DC1E8423F002A24
:10410000F5D16FE64FF4F1713320FCF7CBF9A42120
:104110003320FCF7C7F94FF4EA713320FCF7C2F9FA
:104120005B213320FCF7BEF94FF43F710620FCF70A
:10413000B9F900BFB4400200343270B592B20446FF
:104140001E460D4610F0F6F824B1034B1C601D749A
:104150005E741D7170BD00BF0405002010B5034CD6
:10416000206810F009F9237C237110BD040500209C
:10417000014B587C704700BF0405002038B5154C32
:10418000206810F0FFF800B30546231DD3E84F3F29
:10419000013BDBB2221DC2E8413F0029F5D105F108
:1041A0000803342218460FF043FBEA7CED62034615
:1041B000FF21012447F6FF7064F34612E883697516
:1041C00085F82310EA74184638BD40F257113320A1
:1041D000FCF768F9040500203330704738B5044611
:1041E000406A08B13B3038BD0B4D286810F0CAF862
:1041F000606260B12B1DD3E84F3F013BDBB2291D4C
:10420000C1E8423F002AF5D1606A3B3038BD4FF427
:10421000B8713320FCF746F90405002038B503686F
:104220004BB39A6A52BB596A054629B301F108009B
:10423000154C834208BF2A60206810F0B3F8231D94
:10424000D3E84F3F0133DBB2211DC1E8423F002AD2
:10425000F5D12B687BB12068A3F1080110F0A2F81A
:10426000231DD3E84F3F0133DBB2211DC1E8423F9C
:10427000002AF5D12A6038BD034CECE740F28D11DD
:104280003320FCF70FF900BF0405002070B5056866
:104290000646F5B11B491C4C284612F0D8F90023FC
:1042A000E360EFF3108272B6AB6A23B3E96A04F1FC
:1042B0000C030B60EB6202B962B63368596A29B12C
:1042C00001F10805AB421AD100236B620023336071
:1042D00070BD696A0029F9D00B4C206810F062F8B3
:1042E000231DD3E84F3F0133DBB2211DC1E8423F1C
:1042F000002AF5D1E8E704F10C03AB62DAE71D46CA
:10430000EBE700BF053C00000405002070B506681F
:10431000002E3CD0716A0546002939D001F108030E
:104320009E421E4C0DD0206810F03CF8231DD3E8AF
:104330004F3F0133DBB2211DC1E8423F002AF5D1D6
:104340002B68002272625A7D8AB10022A260EFF3CC
:10435000108172B69A6AF2B1D86A114A0260DA62C2
:1043600001B962B62846BDE87040FFF78FBF2068EC
:10437000A3F1080110F016F8231DD3E84F3F0133D5
:10438000DBB2211DC1E8423F002AF5D12A6070BD91
:10439000024C3346D7E7024A9A62E0E70405002060
:1043A0000C0500202DE9F843504D04689DF820804D
:1043B0000F4629790026994606609DF928309DF818
:1043C000240081B92868A4F108010FF0EBFF2B1D30
:1043D000D3E84F3F0133DBB2291DC1E8423F002A39
:1043E000F5D1BDE8F8830121C4F80960C4F80D6077
:1043F000C4F81160C4F81560C4F81960C4F81D60F1
:10440000A4F82160A172062A66D8DFE802F02B32F8
:1044100039653E650400E27A22F0120242F012028F
:10442000E272237601232375082847F6FF73E3829F
:1044300004F10E0230D004F10D0103F0A7FB0028B7
:104440004FD0637B43F002036373E37A5B072ED4A0
:10445000FF23E3760023237225492046BDE8F84375
:1044600012F0ECB8E27A22F0130242F01302E27288
:10447000D7E7E27A22F0150242F01502E272D0E7A5
:10448000E27A42F01002E272CBE7E27A22F01A02FC
:1044900042F01A02E272C4E77B7C63737B6819689E
:1044A000C4F80E109B889380E37A5B07D0D5A8F1FF
:1044B0000203012B04F11C0207D9BB681968E161F2
:1044C0009B88938084F81B80C4E7D9F80030E361AF
:1044D000B9F804309380F5E740F246413320FBF70A
:1044E000E1FFC3213320FBF7DDFF00BF04050020FF
:1044F000053C0000F8B5384D9DF918E0844610469B
:104500002A79DCF800400026CCF800607AB92868E7
:10451000A4F108010FF046FF2B1DD3E84F3F0133F4
:10452000DBB2291DC1E8423F002AF5D1F8BDC4F82D
:1045300009600F466189C4F8116041F6012545EA1A
:10454000032521F4DF5141F6FF33012221F01F0141
:104550002B4022750B4347F6FF720828C4F81560FC
:10456000C4F80D60E282C4F81960C4F81D60A4F8B4
:10457000216084F818E004F10E02638115D004F183
:104580000D0103F003FB18B3637B43F00203637375
:10459000E37A5B0714D4FF23E376002323720F49E9
:1045A0002046BDE8F84012F049B87B7C63737B6815
:1045B0001968C4F80E109B889380E37A5B07EAD5EC
:1045C000BB681968E1619B882384FF22E276E4E7F7
:1045D000C3213320FBF766FF04050020053C0000E3
:1045E00018B1407BFF3818BF0120704770B50378C1
:1045F000C3F380134B740C461646054611F044FD78
:10460000062EA07424D8012303FA06F212F0550FE7
:1046100011D0E91C0022C4E9011263706B78063BDB
:1046200013F0FF0303D11D462374E56070BD093507
:104630002374E56070BD9E420AD10322AB18093590
:10464000C4E90135627000231D462374E56070BD26
:104650000023C4E901336370F5E700BF38B5C378C0
:104660000C4613F03F0160D00378C3F380136374EA
:10467000054611F009FDA0742B796370E878830971
:1046800023702B7913F0010146D14FF0050C4FF048
:104690000B0E6246616013F002011CBF05EB0C01BA
:1046A0007246A160590744BF0132D2B213F008012B
:1046B00004D002F1020CA9185FFA8CF2616113F0C8
:1046C000100104D002F1030CA9185FFA8CF2A16169
:1046D00013F0200104D002F1120CA9185FFA8CF239
:1046E00013F04003E16102D0AB180132D2B200F006
:1046F0003F002362031D9B1A13F0FF0114BFAB1888
:104700000B4663626B78013B1B1ADBB2237453B117
:104710000A441544E56038BD4FF00B0C691D4FF09D
:10472000110E6246B6E7E36038BD20462822BDE898
:1047300038400FF07DB800BF70B5037803F00F0666
:10474000072E2BD0C3F380134B740C46054611F093
:104750009BFC012202FA06F313F05503A0740CD05F
:104760000023E91CC4E9011362706B78063BDBB2DD
:1047700023748BB10935E56070BD964208D10321E1
:104780006A1823740935C4E901256170E36070BDBE
:10479000C4E9013363702374E36070BDBDE8704009
:1047A000FFF75CBFF0B5D0F81011D0F8C86090F8F2
:1047B000455189B100210C460B4600EB83030131C2
:1047C000D3F8CC20CBB22032AB421444F5D9A64268
:1047D0000CBF02200120F0BD8C460F4600EB81018A
:1047E0000CF1010CD1F8CC405FFA8CF104F1200EF1
:1047F000A9427744F2D90721BE42A6FB011422D078
:10480000D0F8C070C919D0F8C47044EB0704D0F8D0
:10481000CC701DB3D0F8D0C0012D674407F140071C
:1048200003D0D0F8D40020300744BE4205D08A42DD
:1048300073EB040416D30120F0BD8A4273EB040429
:1048400010D20320F0BDD0F8B070C919D0F8B47000
:1048500044EB0704D0F8CC70002DDBD12037BE42EA
:10486000E5D1EAE70220F0BD08B540F28A31212007
:10487000FBF718FE38B50446FF2380F8153100F524
:104880008C7528460CF0D2FD284604F5A4750CF072
:10489000E1FD28460CF0CAFD28460CF0DBFD0021A6
:1048A0002046FFF7E9F894F816313BB1D4F8083107
:1048B00053B104F1E80004F0E7FD09E0D4F8100179
:1048C00010B1D4F808319BB104F1E80004F06CFD9C
:1048D000002384F8153194F8160110F0FF0018BF7A
:1048E0000C2084F81631C4F8103184F8143138BD26
:1048F00000F5EC7004F058FDE6E700BF022910B5A2
:104900002AD013D8012934D1044608460AF0F0FE13
:104910001A4A00F52343A133A2FB0323D4F8102144
:10492000980900F2792002B1400010BDCB1E012B86
:104930001FD840F2BF33084640F29174032918BFD4
:104940001C460AF0D5FE0D4B00F52340A130A3FB19
:10495000003004EB901010BD08460AF0C9FE074B6A
:1049600000F52340A130A3FB0030800900F2611064
:1049700010BD40F217119E20FBF794FDD34D62103D
:104980002DE9F04104460CF09BFCD4F81021D4F83A
:10499000C87005460E4694F84501002A46D04FF0EF
:1049A000000C6146634604EB83030CF1010CD3F861
:1049B000CC205FFA8CF3203283421144F3D98F422A
:1049C0000CBF0227012738460CF06AFD312829D98F
:1049D000411CD4E9363259D0C118914228BFD01AAF
:1049E000D4F8A830D4F8AC205B1B62EB0602012B94
:1049F00072F1000151DB0021984291415EDA41F2EF
:104A00008836864228BF06460CF05AFCC5F174056C
:104A10000544B54206D8394630460CF06DFD0546D2
:104A2000002852D100252846BDE8F081944613465F
:104A300004EB83030132D3F8CC10D3B2203183428C
:104A40008C44F5D907236745D4E92C1EA7FB03380E
:104A50002ED0D4F8C0209B18D4F8C42048EB02080C
:104A6000D4F8CC20D8B1D4F8D0C00128624402F1E7
:104A7000400203D0D4F8D40020300244974211D031
:104A800099427EEB080817D301279CE7D61A41F21A
:104A900088339E4228BF1E46B6E70026B4E7203280
:104AA0009742EDD199427EEB080805D203278AE7A9
:104AB000CB184EEB0808D3E7022784E741F288328F
:104AC000934228BF13461E469EE70CF0FFFBD4F826
:104AD000E020D4F8D830B018D4F8DC20C4F8E000D6
:104AE00033449342C4F8D83003D1D4E93A23C4E91B
:104AF00030230CF0E7FB96E72DE9F04F04468BB02E
:104B0000052900F26B81DFE811F021000900320075
:104B1000D20069010C002046FEF7DEFF0BB0BDE8B5
:104B2000F08F90F8153163B9B0F87A31C3F30C0304
:104B3000002B00F04A8190F87831033B012B40F2C2
:104B40006A810BB0BDE8F04FFEF70EBE90F815314C
:104B500003F0FF05002B00F0B4800121FEF78CFF6D
:104B60000AF074F90BB0BDE8F04F0DF0BDBCB0F821
:104B70007A31C3F30C03002B40F02D810CF0A0FB25
:104B8000D4F8CC70804694F845018B4607F120019B
:104B900050B1012304EB83020133D2F8CC20DBB205
:104BA000203283421144F5D9D4F8C8508D4200F028
:104BB000D280D4E93A365A19A8EB0303B3FBF5F3D4
:104BC00005FB03F346F100069B18A3EB080246F130
:104BD0000006F62A4FF0000900F24481ED1846F174
:104BE0000006CDF8049094F87C112046FFF786FE6D
:104BF000D4E92AA1BAEB050361EB0602012B814639
:104C000072F10000C0F2A58000209F42904100DBBD
:104C10001F46D4F8CC3003939F4228BF1F4604237D
:104C20008DF81930C4E92E563346C4F8D890C4F82C
:104C3000DC702A4620460291FFF7B4FD019B8DF8F7
:104C40001800CDF81490BBB302990123BAEB080AFF
:104C500061EB0B019A458DF8103071F10003C0F241
:104C60004981AE48002350458B4180F2D280D4F870
:104C70001031D4F8C810002B00F01F814FF0FF3224
:104C8000154690457BEB0503C0F0AD800891B94512
:104C90003FF641AF04A904F58C700DF03FFC0028ED
:104CA0007FF43CAF40F273712120FBF7FBFB0BB0AC
:104CB000BDE8F04F0AF0BABBCDE908568DF81030C8
:104CC000E5E70CF049FCD4F8E830B0EB030CC4E99C
:104CD0002C0100F1208194F84561D4F8C870049447
:104CE0000795002E00F00881BCFBF7F207FB0233AA
:104CF000C21A294628462B4604EB8303D3F8CC304E
:104D000003F1200E724503D3203A0130D21AC0B20B
:104D10000131CBB29E42EFD2B4F87A3184F844012B
:104D2000C3F30C038DF82000002B6CD1BC4534BFBD
:104D30000125012304A88DF818508DF82130FEF7C5
:104D400001FDD4F8D800E738C4F8E0000CF0BAFA56
:104D5000E4E600275DE7D4E92A126FF000439A42A7
:104D600008BFB1F1FF3F78D094F844312344204686
:104D700093F87C11FFF7C2FD18F1F70308934BF18C
:104D80000003054605900026099304A840F202435B
:104D90008DF81060ADF818300DF034FC002800F0EC
:104DA000B580089AD4F8A83009999B1AD4F8AC2099
:104DB00062EB01025B1B62F10002002A4DDA012363
:104DC000374645465E4601930DE7FFF7D9FD0028BB
:104DD0007FF4A4AEB5E6FEF7B7FECFE64FF4E5717B
:104DE0002120FBF75FFBB2EB08026FF0010165EBDE
:104DF0000B0500239142AB410146FFF447AF9042BF
:104E000028BF114642E7D4F840310593032500231B
:104E100090E750462BE790F87031002B7FF491AE6D
:104E2000012180F8701144F236500CF065FB002827
:104E30003FF487AE0CF04AFAD4F8D830D4F8E0202A
:104E400044F2365003441044C4F8D830C4F8E000AB
:104E50000BB0BDE8F04F0CF035BA012345465E4675
:104E60000193C0E694F87C112046FFF747FDD4F883
:104E7000C850D4F8E810D4F8B83005905A1AD4F8CD
:104E8000EC30B2FBF5F205FB02F2521843F10003DD
:104E900004212046089209938DF819108DF810907E
:104EA000FFF780FC29468DF8180004A810F0A5FE35
:104EB000DDE90856CDF8049095E6039E94F8455137
:104EC000203655B1012304EB83020133D2F8CC2004
:104ED000DBB22032AB421644F5D907228E42A1FB49
:104EE00002250BD0D4F8C030D218D4F8C43045EB2A
:104EF0000305C6E60020BAE628460DE7D4F8B03030
:104F0000D218D4F8B43045EB0305BAE640F2964126
:104F10002120FBF7C7FAFFF7A7FC00BF0040420FB4
:104F200090F8142112B190F8143103B97047FFF7CB
:104F3000A1BC00BF90F8142112B190F8143103B94C
:104F40007047FFF797BC00BF90F8143103F0FF02E1
:104F50000BB910467047FFF78DBC00BF90F86C008E
:104F6000003818BF0120704730B585B090F8143173
:104F7000002B5FD103F0FF020B780392CDE90122F1
:104F800013F0010203F0040423D08D680195002C76
:104F90003FD04FF0010CD1F80CE080F845C14968D2
:104FA000C0F8F810203DC0E9321540F27121A0F898
:104FB000FC109907CDF808E03AD50DEB820300EB21
:104FC000820559682039531CC5F8CC10BCB905B00E
:104FD00030BD24B940F2BE212120FBF763FACD6831
:104FE00080F845214968C0F8C810C0F8F81013F0DF
:104FF000020340F271210195A0F8FC10DDD10DEB08
:10500000830200EB83035268203AC3F8CC2005B03A
:1050100030BD80F845414968C0F8F810203DC0E92E
:1050200032159B0740F27121A0F8FC10C5D4CEE7E1
:105030001346CBE740F2A5212120FBF733FA00BF4E
:10504000D0F8102142B190F8143103F0FF020BB9EF
:1050500010467047FFF70EBC0C221046704700BF89
:1050600070B590F8153113B10026304670BD044676
:105070000D460CF025F994F87831062D48D8DFE874
:1050800005F02B040407380404000126304670BDE7
:10509000033B012B8CBF4FF457724FF46172D4F86D
:1050A000B010D4F8D830401A6FF480710B448518D2
:1050B000AB428CBF01260026D7D82046FFF760FC04
:1050C0000028D2D0D4F8D8606FF480731E44B54263
:1050D0002CBF00260126C8E7022B17D00CD8012BC5
:1050E00008BF4FF40472DAD040F217119E20FBF78C
:1050F000D9F94FF40272D2E7DA1E012AF4D8032B51
:1051000040F2563208BF4FF4E562C8E7F822C6E71E
:105110004FF44B712120FBF7C5F900BFF8B50D46E0
:1051200006460021D5F8E00104F094F9B04205F5F7
:10513000EC77044613D00146384604F053F90023B7
:1051400033623CB194E80E005B1842F10002C5E9FD
:105150007632F8BD00231A46C5E97632F8BD836879
:10516000D5F8E021934208D2816931B10146384631
:1051700004F038F900232362E4E7934238BF134672
:10518000F2693762B360002AE4D00ECA5B1842F1BC
:105190000002C5E97632F8BD2DE9F04F8BB090F8EA
:1051A0001421002A40F00A8104460D4602F0FF0354
:1051B000FF2280F8142180F8153190F8456180F8BD
:1051C00044311946184604EB83030131D3F8CC204F
:1051D000CBB22032B3421044F5D9D4F8C83098424B
:1051E00000F0BE80D4F8CC30002E00F0B280D4F8AD
:1051F000D020012E134403F1400303D0D4F8D4206F
:1052000020321344C4F8F0300CF05AF8D4F8CC70C3
:1052100094F8456107F1200856B1012304EB83029D
:105220000133D2F8CC20DBB22032B3429044F5D91E
:1052300010F5FA6641F10009D4F8C8B004F000F99D
:105240008246514604F1E800039004F0CBF8D4F80C
:10525000101111B10398FFF761FFC3450CBFD4F8DB
:10526000F080D4F8C880BAF1000F7CD0DAF80800DA
:10527000DAF80030DAF80410C01841F10001CDE985
:105280000069424612F0EAF880456ED3861949F16A
:105290000009D4F8C82002F2CF730344B3FBF2F341
:1052A00002FB03F3F31AC4F8E83069F10003C4F811
:1052B000EC30002D4FD0ADB242F2107132464B4669
:1052C000E5FB0123C4E92A2394F87C112046FFF76B
:1052D00015FBD4F8A8300546D4F8AC00991B60EB58
:1052E0000900012970F1000CD4E93A2342DB8F4216
:1052F0004FF0000C7CEB000CC4E93023D4F8CC3028
:10530000C4F8D850A8BF0F469F4228BF1F460423A9
:105310008DF81930C4E92C694B46C4E92E69C4F8EC
:10532000DC7032462046FFF73DFA0023BD428DF87F
:10533000180008960595CDF824908DF8103033D8D4
:1053400004A904F58C700DF0E9F890B30BB0BDE83A
:10535000F08F203356E74FF0FF326FF00043B1E794
:1053600041F288334EE7504693E740F24D31212019
:10537000FBF798F8C4E93023002704238DF819308F
:10538000C4E92C69C4E92E69C4F8D8503246C4F87F
:10539000DC7020464B46FFF705FACDE908698DF829
:1053A000180005958DF810704FF41F712120FBF740
:1053B00079F840F27D212120FBF774F840F2672153
:1053C0002120FBF76FF800BF38B590F81431DBB936
:1053D0000D4619B304460246134900F58C700DF0D2
:1053E00097F81149224604F5A4700DF091F8C4F81D
:1053F00010516B7B03F0FF015BB984F81611204656
:10540000BDE83840FFF7C8BE4FF423712120FBF7F9
:1054100049F840F293212120FBF744F840F28D2116
:105420002120FBF73FF800BFF94A000038B50246DB
:1054300004460D4600F58C7007490DF069F804F537
:10544000A470054922460DF063F829462046BDE8C0
:105450003840FFF7A1BE00BFF94A00002DE9F04F28
:1054600087B090F81531002B40F0C480044603F05B
:10547000FF0B0BF025FF94F845115B460133DAB2C0
:105480009142FBD2D4F8C830D4F8E820D4F8EC70BC
:10549000861AB6FBF3F603FB06F6B61800F1F7051D
:1054A000A5EB060547F10007AB4294BFA5EB030A45
:1054B000AA46002900F0E780D4F8CC3003F120029E
:1054C000524505D8AAEB0303A3F1200A4FF0010BC4
:1054D00001291DD0D4F8D03003F12002524507D85D
:1054E000AAEB03030BF1010BA3F1200A5FFA8BFB7C
:1054F00002290DD0D4F8D43003F12002924507D30D
:10550000AAEB03030BF1010BA3F1200A5FFA8BFB5B
:1055100004EB0B03204693F87C11FFF7EFF904EB43
:105520008B035044D3F8CC808045D94669D3A8EB8F
:105530000A08B8F1000FC0F2B180D4F8E830D4F80E
:10554000B020D4F8EC10AD1947F10007D21A4FF093
:10555000000600F19C80D4F8C800B2FBF0F200FB1A
:1055600002F2D21841F10001C4E93A21AA1A002A34
:10557000C0F28D8004EB0903204693F87C11FFF7FD
:10558000BDF9D4F8A830D4F8AC205B1B62EB07025D
:10559000012B72F10001824647DB04EB89094FEAD7
:1055A000E8719845D9F8CC60C4F8D8009141A8BFFB
:1055B0009846464528BF464604238DF80930C4E97D
:1055C0002E573B46C4F8DC602A462046FFF7EAF82F
:1055D0000023B2458DF808000495CDF804A0059786
:1055E0008DF8003037D8694604F58C700CF096FFC2
:1055F000002858D009F02AFC07B0BDE8F04F0CF0A5
:1056000073BF94F84521D4F8C8305A452DD90BF111
:10561000010BAB425FFA8BFB3BD904EB8B03D94602
:10562000D3F8CC8008F1200583E70423C4F8D80020
:105630008DF80930C4E92E57C4F8DC602A463B4691
:105640002046FFF7AFF8CDE904578DF80800CDF8F4
:1056500004A08DF800602046FEF73EFA09F0F6FB44
:1056600007B0BDE8F04F0CF03FBFAB420DD85A0079
:10567000B5EB430F38BF1546FFF45BAF40F2454131
:105680002120FAF70FFF8B4642E71D4651E7FFF74F
:10569000EBF84FF485612120FAF704FF40F24E4108
:1056A0002120FAF7FFFE40F25A712120FAF7FAFEA4
:1056B0002DE9F04F012983B005462ED9022940F08B
:1056C000CD80D0F81031002B00F0D28000245C7324
:1056D00090F87811224661F3070261F30F22A3F8D4
:1056E0002021FF2683F822610339D0F81001012917
:1056F0008CBF00210121E83011F010F8D5F810011D
:1057000012F07AFDC5F8104185F8166109F09EFB8C
:1057100003B0BDE8F04F0CF0E7BE01F0010AD0E99C
:105720002C9809F015F895F878718346394650465B
:1057300010F0DEFA0446384609F0DAFF002601468A
:10574000BAF1000F03D0BB1EDBB2022B6ED94FF4AF
:10575000FC7214EB0B0346F1000613EB0904494BF2
:1057600033F8173003F2E7330B444749A1FB031327
:105770004FEA931348EB0606E31A66F100069C18FD
:1057800046F1000611F093FED5F810716630241A28
:1057900066F10006D7F8C88003F04CFE05F1E80377
:1057A000834237D0D7E976014246CDE9004611F071
:1057B00055FE804561D3354BD5F810211B6892F812
:1057C0002A11834215D9D2F8C830C2F8D830034420
:1057D00000293FD141F66A010D468842A2F8DC500B
:1057E00041D21B1946F10006C2E9763603B0BDE886
:1057F000F08F01BB264BA3FB00139B0A40F2E24152
:1058000001FB03F3C2F8D83041F66A03A2F8DC309A
:105810000346E6E797F829010028CCD0CDE90046F9
:105820004246D5E93A0111F019FEC4E7194A02EBE4
:105830008303DA688DE7184BA3FB00135B0964212F
:1058400001FB03F3C2F8D8304FF4FA73A2F8DC304E
:105850000346C6E74FF4FA710D46BEE74FF4046104
:105860002120FAF71FFE4FF4FA612120FAF71AFE01
:1058700040F2DB712120FAF715FE40F26131212060
:10588000FAF710FE0C430200D34D621018050020F9
:105890005917B7D1B84002001F85EB5108B558B170
:1058A00001280CD10B4B40F6C4121A601A6841F65D
:1058B00069039A4208D808BD064B1860F6E740F61F
:1058C00053012120FAF7EEFD40F65C012120FAF7A2
:1058D000E9FD00BF1805002010B504460EF077FE64
:1058E00008B9002010BDE0430EF071FE0028F8D08A
:1058F000E31683EAA4635A1E1A42F2D0E3B25A1E98
:1059000013405A1E1342ECD0A0B211F043F80B28FA
:10591000E7D8204611F03AF81828E2D8A3B2B3EB42
:10592000144F04D184EA142313F0FF1FD9D0044B81
:105930006340581E1840003818BF0120D2E700BF4E
:10594000D6BE898EF0B5070CA7F5AA42144B543A7F
:10595000012A03EA90231FD927F4004042F6AA2225
:10596000801A18BF01200022162116461F2487EA3C
:10597000060562EA0505013510D0DD03ADB245EA42
:105980005606E503ADB2013945EA52024FEA530328
:105990004FEA5404EBD1F0BD0020E4E70020FAE721
:1059A000E0FF3F00F7B5002506462C463278ABB243
:1059B0009A4207D80F4BB3F864201444A3F864400C
:1059C00000200EE006EB850701A9B7F8010010F0F2
:1059D000D4F960B90199B7F80330CA8C934202D95F
:1059E000122003B0F0BDD21A2344CA849CB2013500
:1059F000DCE700BFAC050020F7B50023CDE900339C
:105A000004460E4617466846FBF79CF908B100208D
:105A10001AE0009DA542F6D030460EF0BFFE05F11B
:105A2000AD0395F8AC20394610F077F80028EAD09D
:105A300095F8B32094F8B30005F1B40304F1B40170
:105A400010F06BF80028DED003B0F0BD054A516AB3
:105A500011F8030B02F11D03C0F38010127F10F048
:105A60005CB800BFEC0A0020012817D80D4882421C
:105A700016D8012B0DD140F252739A4210D90A4B1D
:105A8000A1F6C41098420BD88A428CBF1220002085
:105A90007047042BF3D140F6C313EEE71220704792
:105AA000302070478FFD7002CBF370020138C0B216
:105AB000032808B504D94FF43F710620FAF7F2FC29
:105AC000014B185C08BD00BFD44002000138C0B2D1
:105AD000032808B504D94FF43F710620FAF7E2FC19
:105AE000014B185C08BD00BF2C4102000138C0B258
:105AF000032808B504D94FF43F710620FAF7D2FC09
:105B0000014B185C08BD00BF0842020007B50D4AF2
:105B1000B2F864309BB1013B01A9A2F8643010F0E7
:105B20002CF920B140F22A513920FAF7BBFC019A36
:105B3000D38C0133D384012003B05DF804FB1846F5
:105B4000FAE700BFAC05002010B504460A48FDF78F
:105B5000C9FF20460949FFF707FA2046FDF76CFE0A
:105B600038B12046FDF7A2FE2046FDF7B1FF002028
:105B700010BD1220FCE700BFE0050020E805002072
:105B8000F8B50D460746A81F80B240F67A4C60452E
:105B9000BDF81860BDF81C1015D8941FA4B2644558
:105BA0008CBF0020012087B9194C247C84B188B9AE
:105BB0006FF45067EC19062C04D86FF45064141974
:105BC000062C07D9F8BD0020EDE797F88140EDE7F6
:105BD0000028F7D0954218D803FB0111B1F5FA7FE0
:105BE00013DCA6F10A039BB240F6764083420CD840
:105BF00010460EF0F3FD42F2107341435E43B6EBE4
:105C0000410F8CBF01200020DCE70020DAE700BF55
:105C1000AC0500202DE9F04F994685B07E4B7F4DB5
:105C20000DF10808044618681B7988F8043095F8C7
:105C3000663002900F46164613B1404602F086F9D0
:105C40003946204610F0CAF8AB69C4F8E83096F837
:105C50004A2006EB4202B2F82AA050460EF0BEFDE2
:105C600001466FF450608244BAF1060F4FF0000312
:105C700079D9908C84F82A314FF09612A4F8E43048
:105C8000C4F8E0200EF0AAFD40F2E24203F01EFC50
:105C900040F2E243014604F1A80AA4F8EC31C4F84A
:105CA000C810C4F8E811504612F07CFA834601F09F
:105CB000C9FA830654BF1B236B88A4F8123158BF5E
:105CC0001A46574BA97B1B6848BFAA88A4F8142121
:105CD00084F8F010A4F8F2B01BB194F928113846FA
:105CE00098472B7C003B18BF012384F829314D4B8A
:105CF0001B681BB14C49B4F8AA0098470123A4F8CB
:105D0000DE304A4B1B681BB14949B4F8AA009847DA
:105D1000484B1B681BB14849B4F8AA009847474B49
:105D20001B6813B1B4F8AA009847454B1B6813B120
:105D3000B4F8AA009847AB886A88697801912978F5
:105D40000091033303329BB292B204F1C40104F117
:105D5000C000FBF757F8D4F8C03083B940F6F471AF
:105D60003920FAF79FFB4FF04D12A4F8E4300123DD
:105D700084F82A31C4F8E0204FF47A738BE7D4F822
:105D8000C43013B940F6F571EAE70EF0E7FCC4F849
:105D9000CC00B9F1000F05D002F040FB20F07F40AD
:105DA000C4F8D40096F84A30E96906EB4306204669
:105DB000338EA4F8D030F38EA4F8D23012F0EFF97D
:105DC000414604F1170010F0A6F895F8663013B9B3
:105DD000FF2384F83532AB6E23B1012204F59771AD
:105DE00050469847174950460FF053FC02F016FBF7
:105DF0000C23B0FBF3F202FB1300C0B2431DDBB275
:105E0000082B9CBF0D30C3B284F82330204610F01D
:105E100012F805B0BDE8F08FCD650200AC0500209A
:105E20001011002008110020D005002020110020B2
:105E30000606002014110020F8050020181100208B
:105E40001C110020B605002010B503210020FAF730
:105E50003FFF044670B90321FAF7FEFE044620B95D
:105E600040F225313920FAF71DFB034B93F96C10F2
:105E700011F0B0FD204610BDAC050020014B588844
:105E8000704700BFAC05002010B50FF045FE01F0D3
:105E900097FD01F003FA10F0AFFB03F037F902F0C1
:105EA00075F807F057FF012001F088F9184B194CDD
:105EB000194A002119604FF01B13C4E900234FF465
:105EC000A473A3604FF479432361144BA4F86410C6
:105ED000586860631B89A181102204F13C0084F89A
:105EE0003210E17323870DF0A3FC012304F15A0063
:105EF00042F21072C4E9102284F83C30637512F04B
:105F0000C8FA04F14C00BDE8104012F0E8BA00BF36
:105F100000110020AC05002003021B00D440020049
:105F2000044B41F64C521B21C3E9062299731A62B5
:105F3000FFF7AABFAC050020F7B53B4DAB69C0F831
:105F4000E8302B7C003B18BF012380F8293100F199
:105F5000A807364BC0F8C8300446384611F04FFB4E
:105F6000064601F06FF9830654BF1B236B88A4F823
:105F7000123158BF1A462E4BA97B1B6848BFAA880E
:105F8000A4F8142184F8F010A4F8F26023B194F975
:105F90002811B4F8AA009847264B1B681BB1264964
:105FA000B4F8AA009847254938460FF072FB012340
:105FB000A4F8DE30224B1B681BB1B4F8AA00002104
:105FC0009847204B1B681BB1B4F8AA0000219847E2
:105FD0001D4B1B6813B1B4F8AA0098471B4B1B68F4
:105FE00013B1B4F8AA009847AB886A886978019120
:105FF00029780091033303329BB292B204F1C401B9
:1060000004F1C000FAF7FEFED4F8C03023B940F224
:10601000E2413920FAF746FAD4F8C43013B940F215
:10602000E341F6E703B0F0BDAC05002000093D00F8
:106030001011002008110020D0050020B605002016
:106040002011002014110020181100201C11002024
:106050002DE9F34104460E4611F0FDFC002800F046
:106060009680204611F034FE40B1B6F80130013B75
:106070007F2B03D9122002B0BDE8F081204611F039
:106080002BFE08B90C20F6E7204611F06FFB002824
:10609000F8D1204611F088FC80460028F2D1204635
:1060A00005F006F80028E5D0B6F80170F17842F264
:1060B000107320465F4311F0F6FD04213078FAF7A3
:1060C00007FE062105463078FAF702FE2DB140B1F1
:1060D00041F676213920FAF7E5F918B390F8E58012
:1060E00005462C4E3368EBB14035284611F005F9D2
:1060F000C0B1284611F0E1F8A0B9B8F1000F07D0FF
:10610000254B28461B68984760B141F68A21E1E794
:1061100022493368096A42462846984710B141F639
:106120008F21D7E7204611F0CBFD014638B93A461A
:10613000204603F055FF40B341F69821CAE70221FB
:106140000DF10600FAF750FD054608B90D2092E75B
:10615000BDF806100FF07EFE2946204611F0ECFD3A
:106160002846FFF7E9FE3A462946204603F038FF65
:10617000024610B141F6B421ACE7084B9B6E23B147
:1061800005F5977105F1A8009847002073E74220B4
:1061900071E700BF041100200C110020AC050020A5
:1061A00008B50378032B0ED803F0FD03012B074B32
:1061B00006D1074A07481A6002F0B0F8002008BD6F
:1061C00000201860F8E71120F9E700BF0011002057
:1061D000A55900000D5B0000074B01889A88914289
:1061E00007D3B0F8032091B219B1A3F864200020BE
:1061F00070471120704700BFAC050020024B1B68A0
:1062000003B118470C20704700110020014B93F98F
:106210006C007047AC050020034B5A8802801B7845
:1062200083700020704700BFAC05002073B58378F1
:106230001A2B064608D8042B04D9334A22FA03F352
:10624000DB0705D412251AE0292B01D03B2BF9D10D
:106250003088B0F5706FF5D269460FF08EFD88B9C1
:10626000009B93F82C2102F0FF05C2B9B27883F8A5
:106270002D21FF2283F82C2168460EF0C9FB284609
:1062800002B070BD30880921FAF722FD04460028CB
:1062900037D0B0F8AC0101A90FF06FFD08B10C25A3
:1062A000EDE7B4F8AE010821FAF712FD20B94FF47A
:1062B00004613920FAF7F6F803781BB994F8C8316D
:1062C000032BECD1019B93F84221002AE7D194F8EB
:1062D000F02102F0FF05002AE1D1B4F8B021A3F8C3
:1062E000442194F8B82183F84621027D83F84721A0
:1062F000B27883F8482184F8F021FF2283F8422104
:10630000BDE70225BBE700BF2000380438B502789E
:10631000447802F0010354EA030102F0020201D1C1
:10632000112038BDBAB98578002DF9D0002B18BFDF
:10633000002400E01D4620460EF006FB0028EFD0AA
:1063400028460EF001FB0028EAD0054B00209C7285
:10635000DD729881E5E7002BECD000242546EAE7C2
:10636000AC05002013B5008801A90FF028FD0446F4
:1063700020B9019890F83E311BB13A24204602B072
:1063800010BD90F85C3003F0FF04002BF5D190F8BD
:1063900053309B0706D1FF2380F83E3101A80EF051
:1063A00037FBEBE70249543010F04EF9E6E700BF47
:1063B0001D7101002DE9F0470378032B044603D932
:1063C00012252846BDE8F0874378032BF8D8437E92
:1063D0008578002B4FD1012DF2D100F051FF85437C
:1063E00040F0918094F8028018F0010506D02269EF
:1063F000A168E0780123FFF737FB054618F0020F8C
:1064000007D02269A168E0780223FFF72DFB28431B
:10641000C5B218F0040F7AD094F803A0D4F808900D
:106420002269042349465046FFF71EFB284310F01B
:10643000FF05C6D1B8F1050F0ED194F80480E168CC
:10644000626904234046FFF70FFB05460028B8D1D8
:10645000C24558D1894556D1237E013B062BAFD882
:1064600001210020FAF734FC054650B940F64241BC
:106470003920FAF717F86B1E062BA1D8AA079FD46C
:10648000ABE7A830FEF76AFD18B195F854309B07CA
:106490003BD1657EE278A078A168B4F800E094F87A
:1064A00018C0003D18BF0125012A1ABFB2FA82F2B6
:1064B0005209022210F0010F00F004031FD02669D8
:1064C0005BB16769F319994207D24B089E4228BF16
:1064D0001E468B1B9F4228BF1F460E4B83F8395028
:1064E000C3E9101683F8340083F83520A3F836E0AA
:1064F00083F838C083F83C009F64002561E7002BD7
:10650000EBD02769E9E711255BE70C2559E7002D5A
:10651000A2D056E7AC05002000B589B043798DF8CC
:10652000043083798DF8053001238DF80630037827
:106530008DF80730B0F8013040F271214B430393DE
:10654000B0F803204A430D49059291F838108DF8B0
:106550001C1000218DF81D100949A2F6C4128A42B0
:1065600009D8A3F6C4138B4205D801A8FFF722FF70
:1065700009B05DF804FB3020FAE700BFAC0500204D
:106580003C369C002DE9FF4106460078012813D1D6
:106590007378012B03D9022B0CD1B38853B17288C5
:1065A000B2B1B388A3B10A214A434FF4A0614B436F
:1065B0009A420DDB12247AE00028FBD10121FAF780
:1065C00087FB0546002840F08E8040F69A5107E090
:1065D00001210020FAF77CFB054620B940F63F5127
:1065E0003920F9F75FFFB388002B76D1FCF7E0FF85
:1065F000002874D195F81431002B72D12846FFF78A
:10660000A3FA04460028D5D101210846DFF82C81E1
:10661000FAF75EFB98F81410074619B110B940F666
:106620005B51DDE798F834200023CDE9023312F006
:1066300001031CBFD8F844000290520741BF04AACE
:1066400002EB8303D8F8482043F8082C002941D0F6
:1066500097F81431002B3DD07388DBBB98F83430A9
:106660000093D8F8402098F8361002AB3846FDF772
:106670008DF978B33846FEF7E3FC07F14003064690
:1066800005F14002683753F8041B42F8041BBB4273
:10669000F9D12846FFF758FA024610B140F6825168
:1066A0009EE70C2E07D101462846FEF7BFFE204686
:1066B00004B0BDE8F08116B140F68B5190E798F830
:1066C0003530296D43F0040385F854302846FEF731
:1066D0007BFEECE7B2887188E6E71124E7E73A240D
:1066E000E5E70C24E3E7FEF72FFC04460028DED1A3
:1066F00095F8543095F8A62022B195F8A7201343B9
:1067000085F8A600053B012BD1D82B6D13B940F6B7
:10671000AA5165E701210846FAF7DAFA4FF4C07288
:10672000294606460DF006F9002386F89430042326
:10673000316D86F854303046C9E700BFAC05002003
:106740002DE9F04F457AA9078BB0044618D545F0DE
:1067500001054572072D15D800F092FD35EA0000BD
:1067600040F0508194F848308BB9012D0AD1A369CB
:10677000A54AA3F25373934200F24281012609E035
:106780006A07E7D1122420460BB0BDE8F08F15F060
:106790000106ECD1AB0745BF731CB1464FF0FF09B2
:1067A000DEB26F070AD5B31D984A54F82330A3F61A
:1067B000C413934200F224810136F6B204F10807B3
:1067C00004F122054FF000085FFA88F39E422BD8AF
:1067D00023789A1E022A40F21581012BD2D813B9D0
:1067E000A378012BCED86378032BCBD894F849300B
:1067F000013B062BC6D8864F01210020FAF768FA24
:106800003B7D0546002B44D101210846FAF760FA8A
:10681000002818BF054605F1A800FEF79FFB0646B5
:10682000002850D00C24AEE799452DD0D7F804A00D
:106830003B695345A6D86A8B2B8C9A42A2D8B5F8EF
:1068400014B06988EB892A890120CDE900B00020C5
:10685000CDE90213FFF794F9002800F0D180B8F1D8
:10686000000F11D02888029988428BD1E988914283
:1068700088D1AA89039B9A4284D16B8A5B4581D1D6
:106880003B689A4540F0BE8008F1010804370235A4
:106890009AE7A830FEF762FB0028B5D0D5E92A12A6
:1068A0006FF000439A4208BFB1F1FF3FACD1637A69
:1068B0000093E268617804F118032846FDF766F852
:1068C00006460028A0D02846FCF778FE08B13A24F6
:1068D00059E72846FCF76CFE0028F8D1FB7C4BB941
:1068E00006AF06937B6006238DF81E303846FAF714
:1068F00029FA68B300210DF11600FAF775F9074679
:1069000000287BD0BDF8161001232246FFF782F93C
:10691000384611F05CFC1EB961782846FCF7C2FFCE
:1069200004F10308A278217843462846FCF760FF6B
:1069300000286FD11224B7F8AA000021FAF7DEF977
:1069400000283FF420AF41F288213920F9F7AAFD51
:10695000069B93F8CD20802AC8D093F8E530002B11
:10696000C4D05FE7637A8DF8186013F001021FBF8F
:10697000A069089001208DF818009E0748BF0132D9
:10698000E168079148BFD2B258071BD59DF818009F
:10699000063203F0050354F82220099240F0040067
:1069A000052B8DF818000DD108981318994209D2BB
:1069B0004B08834228BF0346C91A0893914294BFEB
:1069C0000991099206A92846FEF7CEFA94F84810D4
:1069D000003918BF01212846FCF706FF94F849103A
:1069E0002846FCF7E5FE2846FDF772F839462846AA
:1069F000FEF7EAFC0024C6E60B249CE70D24C2E661
:106A00003024C0E61124BEE63CF67002CBF37002DF
:106A1000AC05002016B92846FCF748FF2178A2787B
:106A200043462846FCF778FF94F8099000F028FCCC
:106A300009EA000101F005012846FCF7BDFE16B980
:106A4000042385F854302F65A0780DF0A7FE424648
:106A500001462846FCF77CFF237833B9A1784246EB
:106A60003846FEF7C9FF0028C6D1002E3FF47AAFA2
:106A700004212846FCF7EAFE0028BBD10C245AE783
:106A800010B54379032B94B057D823F002038DF847
:106A90000630D0F80630CDF807304389ADF80B301A
:106AA00001238DF80D30038802798DF8042040F21F
:106AB0007121027B8DF805204B43049342884A43A1
:106AC0000792847B417B41EA0421ADF82810047CC5
:106AD000C17B41EA0421ADF82E10847C417C41EA5F
:106AE0000421ADF83410047DC17C41EA0421ADF8E5
:106AF0003A10417D847D41EA0421ADF84010C17D0A
:106B0000007E41EA0021ADF8461000218DF84C10BE
:106B10000C488DF84E100C4990F838008DF84D0057
:106B2000A2F6C4128A420AD8A3F6C4138B4206D82E
:106B300001A8FFF705FE14B010BD1220FBE73020BE
:106B4000F9E700BFAC0500203C369C0073B5062376
:106B50000025CDE900558DF806306846FAF7F2F8C1
:106B600008B1002610E0009D95F8CD30802BF4D0C0
:106B700095F8E560002EF0D095F83131002BECD17E
:106B800095F8CC30002BE8D101210020FAF7A0F8CD
:106B9000044620B941F2BB213920F9F783FCA83023
:106BA000FEF7DCF9224B1B7D73B3E0B194F854304F
:106BB000053B012B17D82046FEF742FA054610B1D7
:106BC00041F2C621E8E72046FCF7FEFC94F8543079
:106BD00023F0040384F854302A4629462046FEF761
:106BE00025FC00250DE001210846FAF771F804465E
:106BF00010B941F2D221CFE7A830FEF7AFF960B962
:106C00000C25284602B070BD28B9002EF8D0FF230D
:106C100085F8CC30E5E7002EF9D12046FEF710FAD2
:106C200005460028EDD12046FCF7CEFCE9E700BF81
:106C3000AC05002037B583780A2B054639D8008883
:106C400001A90FF09AF8044670B928881021FAF7C4
:106C50003FF820B941F2D8513920F9F723FC019BC4
:106C600093F840211AB10C24204603B030BD827A3B
:106C700002F0FF04002AF6D1019A92F86510090784
:106C800006D4FF2283F83F21FF2283F84021EBE75F
:106C900092F86920D20907D0027BAD78417BAA42E5
:106CA00028BF2A469142EFD3034902300FF0C3FCBC
:106CB000DAE71224D8E700BF47850100F7B5067868
:106CC000EF2E04460F4603D91226304603B0F0BD1E
:106CD00090F901204378002AF6DB82789207F3D1FD
:106CE00013F010001DD19D0603F0030216D5002AF3
:106CF000EAD11907E8D42179E278E57942EA01225C
:106D0000617942EA0142A17941EA0521257A41EA05
:106D100005418A42D8D81F2A12D8D5E7032AE8D1DC
:106D2000D2E713F0600FCFD103F00702052A05D098
:106D300003F00F010D22CA40D207C5D51D07DAD5D1
:106D4000627A013A062ABFD8A27A032ABCD813F085
:106D5000040302D1023A012A03D8E27A012AB3D805
:106D600013B9A37C032BAFD8237DF8B1012BABD192
:106D7000237E012BA8D818B36378D90702D500F079
:106D8000ADF920B36378227D03F01803082B2ED1D0
:106D9000022A1CD103213046F9F79AFF054660B359
:106DA00010F0E4FC002834D00C268EE7022B8BD0A8
:106DB000A37D013B022B87D8E37D0F2BD8D983E736
:106DC00000F05EFA820707D4237D022B01D1112641
:106DD0007BE7A37D022BFAD000F052FA4307CBD415
:106DE000237D032BF3D0A37D032BC5D1EFE7022A2C
:106DF000D0D0237F002BCDD0E9E703213046F9F72F
:106E00002BFF0546002843D0224B93F96C1010F05D
:106E1000E1FD0021304611F016FB28BB284610F09A
:106E20004CFF21463870E074284610F047FEE37EA0
:106E30000646002B3FF449AF00287FF446AFE96CCB
:106E400002466846FAF7BEF8E86C324601210DF0BA
:106E5000E6FAE96C68460422FAF7B4F8E86C3246C0
:106E600031460DF0DCFA30E7403010F046FA0028E9
:106E7000D4D0637813F0330F7FF426AF296AA67D50
:106E8000284610F038FFFEF711FE8642C6D08BE789
:106E900007261AE7AC05002030B50279042A8BB02A
:106EA00003464FD84088B0F5804F4BD8264911444F
:106EB00000248A7C4D7BADF8004042F0100242EA8B
:106EC0004502CD7D097F8DF8084042EA850242EAFD
:106ED000C10202F01F028DF80020BDF80020ADF8BD
:106EE00009201A888DF80B208DF80E00120A000A6E
:106EF0008DF80C208DF80D408DF80F008DF81040A6
:106F00005A7B8DF811205A798DF812209A79D3F88E
:106F100007008DF81320B3F80B209B7B8DF81A30F7
:106F20007F2305908DF81B3069464FF0011302A8AE
:106F3000CDE90734ADF818208DF82440FFF7BEFEE8
:106F40000BB030BD1220FBE7D440020002780346AC
:106F500072B1427862B142881A2A09D982881A2A03
:106F600006D9044A006810609B889380002070470F
:106F700012207047AC050020024B02689A61002085
:106F8000704700BFAC050020024B0268DA610020A8
:106F9000704700BFAC0500200378A3F10A02112A54
:106FA0009DBF024A0020937312207047AC05002059
:106FB0000378FF2B15D14378FF2B12D18378FF2B59
:106FC0000FD1C378FF2B0CD1037923F0E0021F2AE5
:106FD00007D11F2B05D0044A5B0982F83830002006
:106FE00070471220704700BFAC050020014B587459
:106FF00000207047AC050020014B987400207047BA
:10700000AC050020024B1B6803B1184711207047E4
:107010002411002008B53F2000F0DCF801F066FBE9
:1070200001F090FF06F054FE014B024A1A6008BDC1
:107030001811002065DD000008B53F2000F0CAF8F7
:1070400001F05CFB01F07EFF05F01AFB014B024AE8
:107050001A6008BD1811002065DD000008B5064B58
:1070600001221A7104F00EF804F02CFD0EF0D2FA91
:10707000BDE8084001F07AB81C06002010B5064CA7
:10708000064904F108000EF054FA04F10C0004491A
:10709000BDE810400EF04DBA1C0600206400002030
:1070A0006C00002010B5094C094904F108000EF0ED
:1070B00040FA04F10C0007490EF03BFA04F110000D
:1070C0000549BDE810400EF034BA00BF1C06002090
:1070D000740000207C00002084000020014B1879FF
:1070E000704700BF1C06002010B50A4C072000F0B6
:1070F00071F804F1080008490EF01BFA04F10C00C5
:1071000006490EF016FA04F110000549BDE81040DA
:107110000EF00FBA1C0600208C0000209400002006
:107120009C00002010B5064C064904F108000EF042
:1071300000FA04F10C000449BDE810400EF0F9B962
:107140001C060020A4000020AC00002038B5074C2D
:107150000D4600F0DFFFA06825600EF0E2F9FEF7B3
:10716000DFFE01F073F90123237538BD1C060020F2
:10717000014B187D704700BF1C06002010B50A4C5B
:10718000E0680EF0CEF920690EF0CBF9FEF77CFE38
:10719000202000F033F8262000F030F8292000F0FD
:1071A0002DF80023237510BD1C06002000487047F1
:1071B000310600200048704733070020014B83F858
:1071C000190270471C060020014B93F81902704702
:1071D0001C060020C208074900F007000123834075
:1071E000885C03438B5404490B78934238BF1346A1
:1071F0000B707047180000203608002010B50F4BA8
:10720000C40803EBD002012100F0070001FA00F0EE
:10721000195D21EA0001195509490B78A34205D1EE
:10722000002012F8014914B100B10B7010BD002B01
:10723000FAD0013BDBB20120F3E700BF18000020C9
:1072400036080020014BD3E90001704718000020E8
:107250000048704720000020064B1878072881BF9F
:1072600008381823B0FBF3F001308CBFC0B2002007
:10727000704700BF3608002000487047F840020001
:10728000054B1868C0F3C022C0F30020400040EA5C
:10729000820040F0010070471800002008B509F096
:1072A0008FFF084A002332F82310814205D302EBF6
:1072B00083029378044A137008BD01330C2BF2D17A
:1072C0000023F7E7FC40020037080020024B187843
:1072D000072828BF07207047370800202DE9F04F06
:1072E0000468984694F8633094F80FA043EAD303F7
:1072F0000F46D90785B0164604F1A80902D4BAF1A1
:10730000260F5FD194F8A850002F55D1FFF7B8FF92
:107310008DF80B00002E51D1FFF7B2FF2B4B8DF8EB
:107320000C00D3F800B0BBF1000F0CD0AAF126027C
:10733000534253410093284603AB0DF10B024946DB
:10734000D847054630B99DF80B3013B19DF80C00B5
:1073500028B90925BAF1260F2AD10020034694F84E
:10736000292132B19B0700F002002DD560B3022025
:107370000346FF2284F8392194F8382102F0FF05F2
:10738000F2B99DF8382084F83B0184F8382184F85C
:107390003A31A4F83C8103A948468DF80C708DF869
:1073A0000D60ADF80E800EF074F9002384F83931C9
:1073B000284605B0BDE8F08F3846A9E73046ADE76E
:1073C0003A25F2E71A25F3E70925F1E7281100200D
:1073D00010B50468B4F8AA3084F87E11A4F87F319F
:1073E00094F82001FEF772FB84F8810194F82101E2
:1073F000FEF76CFB84F88201034904F27510BDE8C6
:1074000010400FF021B900BF5956010030B5C1F34B
:107410000722CCB2164985B009780190C5B2C0F3F5
:10742000072349B9114620460EF021F920B9194623
:1074300028460EF01CF9B0B12B40234002EA0300AD
:1074400001460DF0BEF9044608460DF0BAF9032CCA
:1074500004D1BDF80630012B08BF0424E4B244EA8D
:10746000002005B030BD05EA020003EA0401E8E7A8
:10747000380800202DE9FF47046894F80EA0AAF10F
:1074800025030E4659425941052A054639D1E37B69
:10749000272B3BD104F10F0796F8019096F8028054
:1074A00009F0070908F0070809F1FF3308F1FF3276
:1074B00003EA090302EA0802134321D140460EF011
:1074C00080F970B394F8203198422AD094F83A2188
:1074D00018EA020F14D0BAF1250F22D094F819211E
:1074E00018EA020F1DD1464A0138013B52FA80F0DA
:1074F000DBB2032B00790FD81A441379834210D9D9
:10750000284604B0BDE8F0470EF023B9BAF1250FC4
:1075100074D104F10E07BFE74FF4DD710620F8F7D0
:10752000C1FF48460EF04DF940B194F82131834235
:1075300004D094F83B3119EA030FE1D0B6F80360A8
:1075400003AB009320463346424649460EF046F9C7
:107550002C6878BB94F83831012B28D1E38894F853
:107560002011B4F83C0104F534720EF098F9064687
:10757000D0B901462846FFF72BFF2B6883F8386106
:107580003E702B6803F10F02974201D10022DA739B
:107590002B6803F10F0297422CD128460FF05FFAB7
:1075A000002004B0BDE8F0872C23A373E9E784F83A
:1075B0003801E6E7E388A4F8D062013EF61AB6B2D5
:1075C00047F6FD739E4206D9282384F831302846B9
:1075D00001F0AAFADCE7E37B0D2B02D00A3B012B7A
:1075E00001D82A23F1E7BDF80C30A4F8D2322923C0
:1075F0003B70CDE7002283F84A20D1E70220D0E794
:107600002C410200024B002283F832209A867047F8
:107610003A080020044B93F83220012A1ABF036075
:1076200001200020704700BF3A080020054B93F866
:107630003210012902461DBF012083F832009A86CC
:10764000002070473A080020054B024693F83200AC
:1076500020B1136009B19B8E0B800120704700BFE1
:107660003A080020044B93F8320000229A8610B1A9
:1076700083F83220012070473A080020034B93F82A
:107680003200B0FA80F04009704700BF3A0800208D
:1076900050B90A4A1346012003F8010B0868C2F8E2
:1076A00001008A889A807047012805D1034B0A6837
:1076B0009A608A88D8719A81704700BF700800204C
:1076C00050B90B4B187888B1D3F80120B3F80530C6
:1076D0000A608B8001207047012806D1044BD879BD
:1076E00020B19A680A609B89F3E70020704700BFC9
:1076F0007008002010B9044B18787047012806BFA5
:10770000014BD8790020704770080020F7B500239E
:107710008A888DF80600ADF8042008680B4A8DF8B9
:107720000730019D1478014602F5A872D8B2844250
:1077300001D8082008E052F8087F5668AE4208BF1A
:107740008F4203F10103F1D103B0F0BD80080020A6
:1077500030B5094B01465C78002203F20113D0B228
:10776000844201D8082005E013F8015F8D4202F140
:107770000102F4D130BD00BF80080020F8B52D4CC7
:107780006378013BDBB22218834292F802516370A6
:1077900030D01A010101961C8F1C2644274406F1A3
:1077A000100C56F804EB47F804EB6645F9D1823229
:1077B00082312244214402F1100652F8047B41F840
:1077C000047BB242F9D1E118221891F8026182F8E3
:1077D000026106267343704303F5857300F58570D7
:1077E000E618E35823502718B388BB8091F83A3144
:1077F00082F83A312846FFF7ABFF082818D12378E2
:10780000013BDBB29D42237012D02B3304EBC30348
:1078100093E8030005F12B0204EBC20282E80300A7
:107820002078FFF795FF08281CBF241884F8025120
:10783000F8BD00BF80080020F0B5254D95F89841AF
:1078400089B0224605F2991168460CF073F821467A
:1078500068460EF080F90446B8B300EB4001C9B2A7
:1078600002A8F9F79DFC631E95F8A161DBB2012423
:1078700095F8981105E0721CB2FBF1F001FB1022A3
:10788000D6B206F120020DEB020010F8202C002ADF
:10789000F1D103EB43012031694406EB46022A444F
:1078A00011F8187C82F8A27111F8177C11F8161CD7
:1078B00082F8A37182F8A41100F8204C013BAA19A8
:1078C000DBB2FF2B82F89941D2D109B0F0BD00BFE5
:1078D0008008002070B5064688B00C46002A4ED0BD
:1078E000294A92F8A131D01890F8991119B9FF21BD
:1078F0002820F8F7D7FD03EB43011144013391F839
:10790000A251E57091F8A35191F8A4116171002181
:10791000257180F8991192F89811B3FBF1F001FBF1
:10792000103382F8A13192F8C23123B9174902F518
:10793000DD700EF086FE657905F03F0545F04005E7
:1079400065710D22002168460BF072FFE3788DF817
:107950000F3023798DF80E3004AA0423694630468F
:107960008DF80D500BF058FD9DF81F3023709DF8D9
:107970001E3063709DF81D30A37008B070BD0321E8
:107980006018F9F70DFCD6E7800800203978000070
:10799000044B5A78824286BF1B1893F84A01002094
:1079A000704700BF80080020044B5A78824286BF8F
:1079B0001B1893F842010020704700BF8008002088
:1079C000064B00224FF461711A8083F8C32183F8BB
:1079D000C421A3F8C61183F8C22170478008002093
:1079E000014B83F8C401704780080020014B93F8D5
:1079F000C40170478008002010B51446FFF786FECA
:107A0000082813D0FFF7A4FE094B5A7882420DD9FB
:107A100004B12070184490F83A3190F84A01012BD3
:107A200008BF40F0010000F0010010BD0120FAE79E
:107A3000800800202DE9F04782468946174698467F
:107A4000FFF764FE08280546064603D0FFF780FED0
:107A5000082860D1324C6378072B5ED8082D15D1E9
:107A60002678731C072E237003D96C212820F8F781
:107A700019FD06F12B02D9F8000044F8320004EB9E
:107A8000C203B9F804209A8083F806A065786B1CBD
:107A9000290163704B1C07F11002234412F8010DF9
:107AA00003F8010FBA42F9D1813108F110032144E2
:107AB00013F8012D01F8012F9845F9D11021404606
:107AC0000EF08FF82544102185F8420138460EF05B
:107AD00088F885F80261667885F84A010023114824
:107AE00085F83A3131460EF036F80128054607D8B8
:107AF0000D4831460EF02FF8002818BF0135EDB2C1
:107B000084F898510025284684F8A151FFF794FE87
:107B10002846BDE8F0871220FBE70720F9E700BF01
:107B200080080020C2090020CA09002010B5064BB9
:107B30005878013840B2002800DA10BDC4B220469F
:107B4000FFF71CFE601EF5E780080020014B83F85C
:107B5000C301704780080020014B93F8C3017047B0
:107B600080080020431E9BB24AF2B71293429DBF89
:107B7000024BA3F8C60101200020704780080020B6
:107B8000014BB3F8C60170478008002030B50A4B9E
:107B90005C7884420ED9184490F802012B3003EB34
:107BA000C004A5790D7053F830001060A38893804D
:107BB000012030BD0020FCE78008002070B506469B
:107BC0000D4607F029FB06F001FA0A4890F8C34178
:107BD00064B1417861B100F1820302303246002D78
:107BE00008BF184606F0BCF906F01AFA204670BD28
:107BF0000C46FBE78008002008B5064B03EB011399
:107C00000246012103F1820006F0AAF9BDE808400E
:107C100006F006BA800800200246074810B590F822
:107C2000C34124B1417821B1023006F099F92046D0
:107C300010BD0C46FBE700BF800800202DE9F74F80
:107C40002F4C9A46637883428046894656D923183A
:107C500093F8425185F00105F9B193F84A31E3B93F
:107C600045F002070135BAF1000F18D1FA070AD51D
:107C7000062101FB084104EB0810524601F585710D
:107C80008230FFF727FEBB0734D504EB08105246BD
:107C900049460230FFF71EFE2CE02F46E3E794F83A
:107CA000A1614FF0010B002DE0D0A319019393F8CF
:107CB000991199B90092DAB100F098FB06EB4601F0
:107CC0002144019B81F8A2014FEA102C009A81F80F
:107CD000A3C1000C81F8A40183F899B194F89831FC
:107CE0000136B6FBF3F103FB1166F6B2013DDAE7AC
:107CF00047F00407384603B0BDE8F08F0027F9E7E6
:107D000080080020F8B5184C064648B3617804F5A1
:107D1000A1700DF020FF94F898510746294604F20F
:107D200099100DF018FF2D1AEDB2AF421AD80025A8
:107D30006278EBB29A4201D80120F8BDE21892F8BD
:107D400042215AB9062101FB034104EB03133246D9
:107D500001F5857103F18200FFF7BCFD0135E7E70E
:107D60000546E5E70020E8E780080020F0B51B4E57
:107D70007378834289B007460D462CD9331893F89F
:107D8000424144BB0D22214668460BF051FDEB7881
:107D90008DF80F302B798DF80E3006EB07106B79CC
:107DA0008DF80D3004AA0423694682300BF034FBB1
:107DB0002A789DF81F309A420AD16A789DF81E30C1
:107DC0009A4205D1AC789DF81D30E31A5C425C41C3
:107DD000204609B0F0BD0020FBE700BF800800206E
:107DE000074B5A78824209D91A1892F842212AB9C7
:107DF000062202FB003000F58570704700207047B6
:107E000080080020064B5A78824281BF1B1893F8E5
:107E10003A01B0FA80F0400998BF0020704700BFD7
:107E200080080020F8B50E46074606213046154664
:107E30000DF0D7FE044670B10C4B0022587803F2C7
:107E40003913D1B2884202D801242046F8BD03F884
:107E5000015F0132F5E7314638460DF098FE0828FB
:107E6000F3D0024B034483F83A51EDE78008002039
:107E7000034B80F880101B680BB14088184770478F
:107E80002C1100200B2808B504D940F22911292013
:107E9000F8F708FB014B33F8100008BD344102002D
:107EA000036830B50024D3F8C800A3F84040B3F805
:107EB000444042F210754443B4FBF1F4A3F844404B
:107EC0004C1E05FB0242B2FBF1F2A3F84220094A24
:107ED000B2FBF1F20132A3F848209A8F05FB02446D
:107EE0005A6BB4FBF1F450439C63B0FBF1F0586360
:107EF00030BD00BF005A620213B540F6B833838725
:107F0000B0F8D220D0F8C8100190044601A8FFF7BD
:107F1000C7FF0C4B1B68062B01D001330FD10A4B56
:107F20001B68063B08330AD9D4F8CC00FDF70AFDDC
:107F300080F00100C0B284F8070302B010BD002039
:107F4000F9E700BF7010002074100020054B1B786B
:107F500033B9054B1A681B79026003710120704721
:107F600000207047480A002028000020054BFF220F
:107F70001A70054A016811600179117100221A70A6
:107F8000704700BF480A00202800002007B5064AB5
:107F90001068009012798DF804206846FFF7E6FF1C
:107FA00003B05DF804FB00BFCD6502000346084640
:107FB00071B13F2B0BD8074AD35C03F07F0291428B
:107FC00005D08CBF0120002000EAD31070470120AB
:107FD000704700BF4C410200FF230B7002234B701F
:107FE00083238B70014B1B78CB7070474C0A0020A9
:107FF0002DE9F84FD0F80480D8F81C6030460C46C4
:108000000CF0D8F8054620B94FF4AA711020F8F703
:1080100049FA014630460CF0DBF8B5F800B01FFA1B
:108020008BF7824617B94FF4AC71EFE7224B1B6810
:1080300000F10309D3B998F8023098F803202370AF
:108040006378A4F802B002F00F0223F00F03134389
:1080500023F0C00363709AF8003003F00303012B90
:108060000FD0022B0DD04FF4BB71CFE7B8F8020050
:108070003A464946984705460028DCD12846BDE8DF
:10808000F88F627863F30512627030460CF0AAF83C
:10809000054610B94FF4C071B8E7FB2F02D940F282
:1080A0008F11B3E73A464946201D0BF043FC30469A
:1080B0000BF0EFFFE2E700BF3011002038B5134CA2
:1080C00010220021201D0BF0B3FB01252574102286
:1080D00004F10803002104F11400C4E901330BF09A
:1080E000A7FB84F8205004F11803C4E90533084ABB
:1080F00000236362A36284F82C30C4F82D30C4F8E6
:10810000313084F835301360A36338BD4C0A002049
:108110003011002010B5084C2378FF2B04D040F21A
:1081200099111020F8F7BEF90BF0BCF92070BDE8EA
:108130001040FFF7C3BF00BF2D00002010B5034C57
:1081400020780BF0C9F9FF23237010BD2D0000200B
:10815000014B18780BF0D0B92D000020014B024ADA
:108160001A60704738110020F17F0000014B024A6D
:108170001A60704738110020F17F00002DE9F341AB
:10818000DFF88881054608F11407D8F80830D8F8D8
:108190001840227A012A22D1D8F8382052B1137A15
:1081A0001BB9BF211020F8F77DF9D8F83840C4B9C1
:1081B000002093E01A7A012AFAD0554A1C46EFF3C0
:1081C000108172B650680068506001B962B6A3426F
:1081D00008BFC8F83840237A1BB9EE21E2E73A46D7
:1081E000EDE7267AF6B205232372731E0B2B7ED899
:1081F000DFE803F07A062336773F4E3F3F3F3F6B81
:10820000636813B94FF40371CCE7204629469847B9
:108210000420EFF3108272B6237A052BD9B24FF007
:10822000000369D12372D8F83810A14201D1C8F8EF
:108230003830002A45D162B643E0636813B940F292
:108240001521AFE72946204698470346C3F3072385
:10825000012BADF80400C0B23ED0022BD9D129E0E9
:10826000636813B940F21D219CE72046984700201F
:10827000CFE7284B1B68002BF9D0606832462946AF
:108280009847A6F10A02534253415B000420E4E7F9
:1082900063680BB9FE2185E786222A70012259887E
:1082A000AA706A7100229869A5F80310AA710BF0F0
:1082B000F0FE0420D8F83830A34202D10023C8F8D9
:1082C000383000283FF461AF08E0134B29461B68A3
:1082D00020469847034668B9267298B102B0BDE8B7
:1082E000F0814FF415715DE740F257215AE740F2F3
:1082F0005A2157E70220DDE711B940F27B2151E70F
:10830000184696E7002B7FF440AF51E74C0A002057
:10831000500A00203411002038110020014B186051
:10832000704700BF3011002010B51346027A22B109
:1083300040F202311020F8F7B5F80A46BDE81040C7
:10834000014601480EF05AB9500A0020044890F83E
:108350002C301BB9034924300EF06DB9704700BFB3
:108360004C0A0020ED6501000346064890F83C20C9
:108370003AB190F8352022B900F82D3B02490EF0B1
:108380005AB970474C0A0020D97F000010B50A4640
:10839000037A23B140F20A311020F8F783F801463E
:1083A000BDE81040014807230EF028B9600A0020FC
:1083B0001346027A0AB1037270470A460146014821
:1083C0000EF01CB9500A002001490EF03DB900BF63
:1083D00055660100014B1878704700BF890A0020DC
:1083E000014B1878704700BF2E000020094AD2E9DF
:1083F0000003434083EAB01181EA43214FEAF3438B
:108400005360054B116058434FEAF06000EB800069
:10841000704700BF8C0A0020BB79379E094AD2E919
:108420000003434083EAB01181EA43214FEAF3435A
:108430005360054B116058434FEAF06000EB800039
:10844000704700BF30000020BB79379E10B50A4C42
:1084500009480821F8F7A4FED4E900321343F7D005
:10846000064CFFF7DBFF2060FFF7D8FF2368606052
:108470001843F6D010BD00BF300000208C0A002049
:1084800038B5A0F10B03DBB2432B144698BF0C4A5E
:108490000D46204694BFD15CFE210EF092FA68B9D9
:1084A00065B12978272907D03F2908BF3E212046FA
:1084B000BDE838400EF085BA2621F8E738BD00BF88
:1084C0008C410200094B0A4A1A600A4B0A4A1A6098
:1084D0000A4BC0F8B0300A4BC0F8AC30094BC1F8B9
:1084E000B030094BC1F8AC30704700BF50150020C8
:1084F000198601005415002055DE000089DE0000B9
:10850000B1DD0000E585010037860100174B184AF0
:108510009A60184ADA62184A1A61184A5A61184A67
:108520009A61184A1A63184A5A62184ADA64184A51
:108530009A64184A9A63184B184A9A60184A1A6241
:10854000184A5A60184A1A60184A9A62184ADA6237
:10855000184ADA60184A9A61184A1A63184A9A64E3
:10856000184ADA64184A5A62704700BF3C1100206A
:10857000296B01009F6E0100716E01003B6E0100CE
:10858000518C00008D8F0000318E0000777001004B
:1085900099700100D58D00003C1200203F6B010056
:1085A00027700100956B01005B6D0100B56F010044
:1085B000B56E0100D36F01009B6F01003F71010098
:1085C000DD700100C97001003D700100174B184AB1
:1085D0009A60184A5A60184A1A60184A9A62184AE9
:1085E000DA62184ADA60184A9A61184A1A63184A15
:1085F0001A62184ADA64184A9A64184A5A62184B7E
:10860000184A9A60184A5A62184ADA62184A1A6175
:10861000184A5A61184A9A61184A1A63184A9A64A1
:10862000184ADA64184A9A63704700BF3C13002066
:10863000296B01004F6B0100916C0100D56E0100A8
:10864000316F0100C58C0000436F01008D8F000069
:10865000D58D00007770010099700100318E000007
:108660003C1400203F6B01003D700100616F010070
:10867000116F0100816F0100658D00003F710100E5
:10868000DD700100C970010027700100054B064A2A
:108690009A65064ADA65064B064A9A65064A1A66DC
:1086A000704700BF3C110020895901003F5A01006A
:1086B0003C120020AB570100915A0100054B064ABD
:1086C0009A65064A1A66064B064A9A65064ADA65AC
:1086D000704700BF3C130020FD5901007574000075
:1086E0003C140020AB570100F95A0100014902482F
:1086F000FFF7E8BE3C1200203C110020014902486F
:10870000FFF7E0BE3C1400203C130020F7B50546FF
:1087100001A80F46FEF77EFF20B94FF4AA61512051
:10872000F7F7C0FE0198322200210BF081F8019C7E
:1087300026463F2F06F8037F43D83F2F44D8DFE873
:1087400017F046004C006C0075008D005C015C0168
:108750009A00B3009E005C015C01A300AF00B3006F
:1087600043004300B7005C015C01CC00CC00E30097
:10877000E300EA00430043005C01EF00FC0000015D
:1087800004010B010D010F0111011B0125013C0129
:108790003E01430043002D014601440143004300D4
:1087A00043004300430043004300430043004300B1
:1087B000430043004300430048014A014300400195
:1087C0004201FF2F00F00D8140F24451A7E72946F6
:1087D00030460EF0CDFAC0B9BBE02E68D6F8303284
:1087E000636096F834322372286890F89F3033B96A
:1087F0000EF085F92B68DB881844A6F83602B6F827
:10880000363263721B0AA3720820FEF70FFF00289E
:1088100040F0F58040F2575181E72B6893F8A8208B
:1088200052BB93F82D3123710220EEE72B68D3F869
:1088300078226260D3F87C22A260B3F88022A28101
:10884000D3F85822C4F80E20D3F85C22C4F81220C2
:10885000D3F89030C4F816301720D6E72A68D2F83B
:10886000F6316360D2F8FA31A3602B68D3F8943004
:10887000E3600D20C9E72B6893F8A030D3E73146B9
:10888000284600F041FBA6E71123237159236371A9
:108890000023A3713923E371102323720620B4E768
:1088A0002B6893F89A30BEE7304600F01BFB92E746
:1088B0002B6893F8A82052B993F8A0203AB193F806
:1088C0009D20227193F89C30637103209DE793F8FB
:1088D0009B20227193F89A30F6E72B68B3F80C21AD
:1088E0002271120A6271B3F8A220A271120AE27117
:1088F000B3F808212272120A6272B3F8A030A37290
:108900001B0AE372092080E72B6893F83A21227151
:1089100093F83B31D8E7294630460CF0F8FF5AE788
:108920002B680F21B3F8AA00F8F7D2F900F15B0128
:1089300030460DF0AEFD232067E730460FF097FD7F
:1089400049E730460FF09CFD45E72E4B1B68002B96
:1089500043D140F24951E2E62B4BF7E72B4BF5E7C9
:108960002B4BF3E72B4B1B68002BF2D023202A461E
:1089700031469847042048E7264B1B68002BE8D077
:108980002A4631462420984705203EE7214B1B68A4
:10899000002BDED02A4631462520F4E72B680F2134
:1089A000B3F8AA00F8F794F900F17D0200F15B0139
:1089B00030460DF07AFD2B2027E7174BC6E7174B03
:1089C000C4E7174BC2E7174BC0E7174BBEE7174B7F
:1089D000BCE7174BBAE7174BB8E72946304698472C
:1089E000F9E62B68304693F8C722D3F8C8120DF089
:1089F0001DFD2B6893F8C702EDE6012005E703B0E3
:108A0000F0BD00BF3C15002044150020401500209B
:108A1000481500204C150020581500205C1500203A
:108A2000601500206415002050150020541500200A
:108A3000681500206C1500203F289ABF024B53F8A0
:108A400020000020704700BF3C1100203F289ABF43
:108A5000024B53F820000020704700BF3C13002059
:108A60003F289ABF024B53F820000020704700BFF8
:108A70003C1200203F289ABF024B53F820000020F0
:108A8000704700BF3C14002030F8023CF7B5B0F846
:108A9000826004460D4673B1012268468DF80020BD
:108AA000ADF80160ADF80330FDF7A8FB18B19521D2
:108AB0006320F7F7F7FC194B1B6813B1A4F12800EA
:108AC0009847174B1B680BB1304698478323002704
:108AD0002B70AF70A5F80360637AD4F89C006B71BB
:108AE0000BF0E1FA08B9BA21E2E739463046F8F767
:108AF00005F902213046F8F701F918B9094B1B684E
:108B000003B198474FF4017303F00402002062F3AD
:108B100007001B0A63F30F2003B0F0BD701500209F
:108B20007415002078150020F7B50568D5F8C060E9
:108B300004464FF6FF770DF102010DF101023046B8
:108B4000ADF802700BF05BFA01A930460BF07CFA2D
:108B500048B101980BF044FB2168A8310022027251
:108B6000FFF714FCE7E7044905F1280003B0BDE86E
:108B7000F0400DF063BD00BF898A0000F0B50446E7
:108B800085B00D46FF2600F8E96C10F8EA3CF3B119
:108B9000174F3B781BB162211F20F7F783FC0C2194
:108BA000381DF8F7FDFA3E70002304F8E93C2A4628
:108BB0008A2302F8033BD4F80930C5F80330D4F80F
:108BC0000D305360D4F81130936005B0F0BD01A8AA
:108BD0000C21F8F7E5FAA4F51573039A1A6001ABB6
:108BE00003CB44F8F20C44F8EE1C04F8EA6CDBE723
:108BF000940A002010B5054C23782BB90C21201DB8
:108C0000F8F7CEFAFF23237010BD00BF940A0020AE
:108C1000024690F8FE31BBB990F8FF3103F0FF0136
:108C20000BB100207047094B18780028F9D0197053
:108C3000D968C2F89410043303CBC2F8F601C2F825
:108C4000FA11FF2382F8FE3101207047940A0020B8
:108C500010B503689A7B1F2A04462CD1002283F8A2
:108C6000512083F84A2083F88222036893F8521037
:108C7000B3F8AA0081B11149C3F8C32183F8522087
:108C8000A3F8C401A3F8C72103F5DD700DF0D3FCF0
:108C900023680020987310BD0122A3F8B30183F864
:108CA000B21183F8B911A3F8B61183F8B5210449BC
:108CB00003F2A910EAE70220EDE700BF236E0100EE
:108CC0000B6E010038B50268D37B04460D463BB1FC
:108CD000132B05D0113B0F2B8CBF0120082038BD72
:108CE000D2F8A430ABBB92F8523013B920460DF045
:108CF000A4FE2268D5F80B30C2F8EE31D5F80F305B
:108D0000C2F8F2312368D5F81320C3F89020B3F8E5
:108D1000AA20A3F8F122D5F80120C3F8F322D5F850
:108D20000520C3F8F7222368B5F80920A3F8FB2231
:108D30002368002583F8B85183F8FE51206808495C
:108D400000F53A700DF077FC23681622DA73284696
:108D5000C5E720460C22BDE8384003210DF093BE44
:108D60007D8B000010B50368DA7B202A044604D00E
:108D700040F29D211F20F7F795FB93F85220B3F89E
:108D8000AA00002183F8511082B1C3F8C31183F8FF
:108D90005210A3F8C7110D49A3F8C40103F5DD7003
:108DA0000DF049FC23680022DA7310BD0121A3F8FD
:108DB000B30183F8B51183F8B221054983F8B921CD
:108DC000A3F8B62103F2A910EAE700BF236E010061
:108DD0000B6E010038B5046894F8A8501DB9E37B08
:108DE00023B101201AE02368DB07FAD4D1F801206F
:108DF0000D4BD1F8051013400C4AC4F86230C3F390
:108E000007630A4043F00803C4F8662084F865301D
:108E10000DF013FE1DB90423E373002038BD236851
:108E200043F001032360F8E72FC904F76FDB0080EC
:108E300038B503689A7B042A34D1D1F80120D1F8DF
:108E40000550C3F86220C2F3076242F0080283F8BB
:108E5000652000229A7383F84A200268C3F866509E
:108E600092F8A8204C1C0AB983F83F2193F84021BE
:108E7000B2B993F88B2102F0FF008AB9B3F8AA20A7
:108E800083F88C01A3F88D21D1F80120C3F88F213C
:108E900062680549C3F8932103F283100DF0CBFB00
:108EA000002038BD0120FCE7FD6F0100036893F846
:108EB000402112B1094B1B68184793F88B215AB90E
:108EC000B3F8AA20A3F88D211A22054983F88C2132
:108ED00003F283100DF0AFBB704700BF7C1500207C
:108EE000FD6F010010B50446FEF7ACF9044A054BCE
:108EF00002400B40C4F80120C4F80530092010BD21
:108F00002FC904F76FDB008037B50C460568FEF704
:108F100099F90A4A0A4B0A4095F8621001920340F7
:108F200000930B408DF800306B4603CBC4F8010072
:108F30000920C4F8051003B030BD00BF6FDB00800E
:108F40002FC904F7014B024A1A6070477C150020B4
:108F500019DF000038B5DB04154604D5037D13B1D5
:108F60000023436338BD446B013444630EF0C6F8FC
:108F7000836B9C42F6D30023436303492846BDE834
:108F800038400DF061BB00BF6B70010070B5046824
:108F9000A37B94F8A860012B054607D01EB9E37B9C
:108FA00023B1012038E023689807FAD494F85330AD
:108FB0009A0713D44A7884F85D204A88A4F85E2082
:108FC0008A88A4F86020D80743F0020284F853206E
:108FD0000FD5164904F154000DF036FB94F85330C8
:108FE000D90710D4CEB9E37B43B153214020F7F722
:108FF00059FA94F83E31002BEBD1EFE70123E373EC
:1090000028460DF01AFDA37B012B4FF0000304BF8F
:10901000A37384F84A30002070BD23689A0701D5F5
:109020005821E3E743F002032360E9E71D710100E3
:1090300070B50568044604F06BFE054BE8721B68CA
:1090400001461BB12046BDE87040184770BD00BF07
:1090500084150020024B1B6803B11847704700BFFE
:1090600080150020F0B51F4D2B78002414709BB1A3
:10907000013B6D68DBB21E1B012E0FDC05EBC40645
:1090800055F8347076688E4208BF874227D0B842C0
:1090900071EB060612D214700020F0BD1E19771075
:1090A00005EBC70E55F837C0DEF804708445C6F3EB
:1090B00047068F412CBF33463446DCE705EBC3043B
:1090C00055F8335064688C4208BF854206D0A842E8
:1090D00071EB040428BF01331370DDE71C461470E4
:1090E0000120DAE7B40A002010F0070208B503D027
:1090F00063214820F7F7D6F918B1034B197258606D
:109100001A70C80008BD00BFB40A0020014B00223D
:109110001A707047B40A0020014B187A704700BFDC
:10912000B40A00202DE9D3430EF031F80DF1070207
:1091300007460E46FFF796FF90B90F4C2378227A28
:109140009A420ED062689DF807E002EBC300194610
:109150008E4509D302EBCE02C2E9007601332370BB
:10916000012002B0BDE8D08350E90289013960E8EE
:109170000289C9B2ECE700BFB40A002037B50EF08F
:1091800006F80DF10702FFF76DFF58B10A499DF887
:1091900007300A78013AD2B20A70496801EBC3017C
:1091A0009A4201D803B030BDD1E902450133E1E86C
:1091B0000245DBB2F4E700BFB40A002008B5044B57
:1091C00000221A6005F042FEBDE8084009F08CB9A3
:1091D000C00A002010B5044690F838303BB902466A
:1091E0000349083009F094F9012384F8383010BDA0
:1091F000D97201002DE9F043044689B00F4691462B
:1092000090F83830012B62D1324B836208F058F865
:10921000276505460E463846494600F01BF90146CB
:10922000804604F1480000F0DDF840F6B833ED1850
:1092300046F10006B9F1010F38D100F0FBF8826960
:10924000002A3ED0A16DD2E900027B1E0B44B3FB85
:10925000F1F34B43DB1B61EB0101181841EB0201F9
:10926000CDE90056A26D0EF0F9F84019054646F119
:10927000000620460DF0A1FF236B039000275B68DA
:1092800020688DF80870984704238DF810008DF839
:109290001130CDE90656022384F83830204602A961
:1092A0000DF0BCFF384609B0BDE8F083B8F1000FFF
:1092B000DFD0D8E90021D8F80800801841F100017A
:1092C000CEE7B8F1000FD4D028463146C8E70C20CD
:1092D000E9E700BFD972010010B50246052924D87C
:1092E000DFE801F0032623121720438F0133438761
:1092F0000DF0E3FF0146136B106819B9DB68BDE898
:10930000104018479B68FAE7036B5B69BDE81040A3
:109310001847084B1B68002BF8D140F251110B2065
:10932000F7F7C0F8036B1B69F0E74FF4B171F6E78C
:1093300010BD00BFC00A0020014B00221A60704718
:10934000C40A002008B5044B186810B9FFF7F4FFF1
:1093500008BD0C20FCE700BFC40A0020024B1879AE
:10936000003818BF01207047C40A002013B5CDE9AA
:109370000012054BFF225A7100F11003DDE90001D4
:1093800083E8030002B010BDC40A0020C3693BB9E2
:1093900083692BB9034B1B681B1A5842584170470D
:1093A00001207047C40A002030B50D4AFF23137115
:1093B000D0E9065373B1D0E902140C44D9689D6119
:1093C0002144D960816939B1CB610023C0E90633FA
:1093D000137130BD1560F5E7002BF6D0D960F4E7C6
:1093E000C40A002010B5124AFF231371C16189B964
:1093F0001368836103B1D8611060C1690023C36041
:1094000099B1CB687BB18468A3420AD2302137205E
:10941000F7F748F88B6988618361002BEDD0D8613C
:10942000EBE71B1BC3600023CB600023137110BD4F
:10943000C40A0020014B1868704700BFC40A00200E
:10944000034B1B68002003B9704718469B69FAE775
:10945000C40A00200B4B00221B6830B504464FF0B5
:10946000FF35104623B911B9002808BF104630BD9A
:10947000DA68A24203D3AA423CBF154618461A46F0
:109480009B69EFE7C40A002070B50F4CFF232371DE
:10949000036A1BB181689D68A94203D2E521372088
:1094A000F7F700F8C2698669DA619E6152B193618B
:1094B0009A691AB1D361C26811444A1BDA60002369
:1094C000237170BD2360F3E7C40A0020F8B52A4E6B
:1094D00004464FF0000C084686F805C000213568A8
:1094E0000B4685B97579002DF6D15BB1984225D32D
:1094F000B0FBF3F1013C03FB01F51C44B4FBF3F4B6
:109500008C420ED9F8BD2F690BB19F4207D23B4662
:1095100027B94FF4A3713720F6F7C4FFA98AAD69C4
:10952000DFE7B5FBF3F603FB165626B9B5FBF2F6FB
:1095300002FB1656DEB10139ED1AE1E7451E1D4466
:10954000B3FBF4F4B5FBF0F5AC42DBD3B3FBF5F6BB
:1095500005FB16374FB9B6FBF2F702FB176727B9C1
:10956000B6FBF1F701FB17671FB10135ECE72846A1
:10957000C8E73046C6E700BFC40A0020FF230B70CF
:10958000074A0D234B7082238B701368C1F8033098
:109590005368C1F807309368C1F80B30704700BFBB
:1095A000CA0A00200248162200210AF041B900BF71
:1095B000CA0A0020F8B51C4D6B7D04469BB390F899
:1095C000A83023BBD0E976760DF071FF94F8202106
:1095D000164B33F8123066304FF47A7203F23F6361
:1095E000B3FBF2F3DB1946F100061B18B4F8AA200E
:1095F0002A8046F100066B60AE60E3886B8005F15F
:109600000C000B49BDE8F8400222FEF7D1BE4B0624
:1096100009D5B0F8AA302B80D0F878326B60D0F83A
:109620007C32AB60E9E7F8BDCA0A00200C430200B7
:109630007D950000094B53F8203070B503F52343A6
:109640000C461646A1334FF47A72B3FBF2F506F0DE
:1096500047F834442C44204470BD00BFF842020057
:109660002DE9F04F8FB09A4600230A9390F82131EC
:1096700007930446884606920BF0ECFF814694F867
:109680002B01FEF7FFFB81440DF011FFE37B472B1D
:109690001FFA89F900F160063FD00D2B3DD0A37B66
:1096A000A3F147014B424B410393069B002B7CD116
:1096B000637B032B79D1039B002B62D0B4F8D032AB
:1096C00043455ED1D4F81832C4F80832D4F8C83013
:1096D000B4F8EC21C4F80C32B4F88A321344C4F85C
:1096E0001032204602F058FF94F829513DB1D4F8C9
:1096F000D85241F64B539D428CBF0025012594F86A
:10970000E43263B9D4F8C820D4F8D8329A421ED0D3
:10971000B4F8AA000EF0CAFE19E00123C4E7B4F8B9
:10972000AA000EF0C0FE20B940F242713020F6F7D8
:10973000B9FEB4F8E032A4F8DE30B4F8E232838146
:10974000B4F8D03243810025013B0382C58194F8EF
:109750002A31002B57D1002D56D1D4F8D432C4F879
:10976000D830B4F8D232A4F8DC30D4F8D832C4F807
:10977000C830D4F8DC32C4F8D030022384F82A513F
:109780006373A17B29294ED0A1F12C025142514192
:10979000E27B292A00D041B1B4F8D032A8EB030310
:1097A0001B0402D4204602F033F9B4F888B2E788EB
:1097B00094F821310893A8EB0B0B0FFA8BFB04F5FF
:1097C0001673A8EB0707BBF1000F04933FB22CDA26
:1097D000D4E99C23C4E9A023002384F82B3201237D
:1097E000BB460493D14B1B7813B107F0DDFCF8B9ED
:1097F0000025637B032B00F22982DFE813F084004D
:109800009F01DD00C3013DB14FF04D13C4F8E030BE
:109810000023A4F8E430A0E74FF09613C4F8E0303A
:10982000A4F8E45099E70121B2E7CDF810A0D9E7F8
:10983000B4F80032012BDBD9637B022BD8D094F82B
:109840002A32002BD4D194F82A31002BD0D194F8AD
:109850002B01FEF717FB637B00F5C869012B1FFA8C
:1098600089F941D1A37CD4F8D850032B34D1D4F852
:109870000C322B444946D4F80C02099307F058FCEB
:10988000D4F80852099BD4F81022C4F80802451BEA
:1098900049461846554307F04BFCD4F81432C4F837
:1098A0001402C31A4946D4F8C8001D4407F040FC0E
:1098B000B4F8EC31D4F810223B44A3EB0B039B1A11
:1098C000D4F81822013B821A02FB03550123C4F885
:1098D000180284F82A328CE794F8211194F8E501F3
:1098E0000CF006FA4319C5E7D4F8C800494607F05A
:1098F0001FFCB4F8EC51D4F818323D44A5EB0B052D
:10990000C31A5D43E2E794F8211194F8E5010CF0E5
:10991000EFF90746D4F8D8004946384407F008FC68
:109920004946C4F81402D4F8C80007F001FC0BA99A
:10993000C4F818020CA805F06DFD0B9B0093D4E948
:10994000A001DDE90C2307F0C5FC814604F1A80065
:109950000DF0D2FDD4F88C3294F82101D4F8D8B0AF
:109960000A9305F0C5FE0A9BD4F81412203B5B4411
:109970005B1A9B1B3B44A3EB090300F523404FF408
:109980007A72A130B0FBF2F01B1A0A93B4F8DC3003
:1099900094F821013031324603EB4101FFF74AFED2
:1099A000D4F88C220A9B9B1A2230DA2BC4F81C02B2
:1099B0005CD840F2C741B9E6D4F8D830D4F80C02EC
:1099C0004946184407F0B4FB4946C4F81402D4F8D9
:1099D000C80007F0ADFBC4F8180204F1A8000DF0B0
:1099E0008BFDD4F8D830D4F80C721F44B4F8EC31A5
:1099F000002B40F09F80BAF1000F00F09B8094F89C
:109A0000210105F075FED4F81412D4F8783294F8D8
:109A100021217F1A203F1F44D4E99CBC444B53F8BA
:109A20002220A7EB0B074FF47A7302F2E732B2FB66
:109A3000F3F21744BF1B00F52340A130B0FBF3F055
:109A40003F1AD4F80832D4F8102294F821010A976A
:109A500002FB0311B4F8DC30303103EB4101324634
:109A6000FFF7E8FD0123C4F81C0263730A9BD4F8D6
:109A700018225B1BD4F8C8500A937E3DAD1AD4F867
:109A80001C22AD1B954228BF1546002284F858229F
:109A9000D4E9A021D21841F10001C4E99A21C4F807
:109AA000E85104F1E8000CF004FE042384F861326C
:109AB000D4E99A232844C4E9A023C4F85C02A4F89A
:109AC000888202F0BBF820B1D4F85C321E33C4F8AF
:109AD0005C32B4F8D831A3EB08031BB2002BD4BF1F
:109AE00000220122520084F86022039A002A40F0EA
:109AF000B080BAF1000F40F0AF80637B002B00F024
:109B0000C880D4F8C810D4F8183204F51670C91AF1
:109B10000CF073F880B2002800F0BB80189B03B1F2
:109B2000188001200FB0BDE8F08F00BFE00A0020D0
:109B3000F8420200D4F814127F1A82E7D4F818020F
:109B4000D4F8C830B4F8EC21D4F810121B1A0BFB6F
:109B500003F30A93D4F814323A44D4F80872521A30
:109B60003033013A07FB0133B4F8DC1000FB023359
:109B700001EB430194F821013246FFF75BFDC4F885
:109B80001C0273E7D4F8C83003FB0BF30A93BAF155
:109B9000000F1CD0B4F8EC21CAB984F82B22D4F8F9
:109BA0001892B4F8ECC109FB1B3E049BCDF828E0E9
:109BB00073B3BCF1000F2BD1D4E99E32D4E99C01E0
:109BC000984271EB020208D340F20E51AEE594F8D0
:109BD0002B22002A7FF44AAFE1E70799364A52F870
:109BE0002120D4E99C01CDE904010498203B1B1AF3
:109BF00002F2E7314FF47A7B02F52342B1FBFBF12D
:109C00000B44A132B2FBFBF29B1A9B1B73440A93D9
:109C1000674409FB07F730377F000898324639461A
:109C2000FFF708FDC4F81C02D4F8C80041F64B53F6
:109C300098423FF61BAF0AAB0093324604F5077318
:109C400039460CF071F884F82B020FE740F22651E8
:109C50006CE5BAF1000F1CD0B4F8000218B3B4F8E8
:109C6000021294F80422A4F8021201FB022290428C
:109C700001F101050DDD002B0BDD002384F86032BE
:109C8000A4F80252FEF7B2FB00F00700013084F89E
:109C9000040204F5167104F50C7008F03FFC20B9BD
:109CA00040F2765142E50146DBE7069B83F0010373
:109CB00084F82832002035E7F8420200F0B5044667
:109CC00085B018B9A5213020F6F7ECFB052900F284
:109CD000CB80DFE801F003C42A25C9BF90F8283201
:109CE000C288A3B1B0F82632934208BFB0F8DC3185
:109CF0009A1AA0F8DE21E380D4E99A232046C4E929
:109D00009C2301F0EDFE94F84C3005B0F0BDB0F8A6
:109D100024329B1AA0F8DE31B0F824329BB2EAE775
:109D200005B0BDE8F04005F081BB07F0C9FAD4E901
:109D30009C23801A61EB0301012871F1000302DA10
:109D400040F20161BFE76FF0010383424FF000036F
:109D50008B4102DA40F20261B5E7D4F8C8300BB1AA
:109D6000B0FBF3F3E07BB4F8262247280ED0A17BAA
:109D7000463901290AD90D2808D0E1880B449BB245
:109D8000D11A0D0443D501339BB242E00132A4F84D
:109D90002622B4F88A32E588344F0133A4F88A3297
:109DA000B4F842301D44B4F84030013DED1AADB274
:109DB00003AE3B685BB1B4F826120139002289B2C8
:109DC00020469847B4F826321844A4F82602B4F87E
:109DD00026126B1A18042CD4002300961A4620462B
:109DE000FFF73EFC012890D1B4F82622B4F8D81130
:109DF000BDF80C301344521A12049BB204D5EA1A6F
:109E000012F4004F18BF0B46A4F82632D1E70132F6
:109E100093B2A4F8263294F82932002BB9D1B4F8C1
:109E2000DC31B4F82622934204BF0133A4F8263271
:109E3000AFE7A37C0394002B14BF08233E233046D6
:109E400084F83130FEF770FE20460EF05AF90023F8
:109E500063735AE705B0BDE8F040F8F759B9437BA2
:109E6000042BF4D0C6212EE7CB212CE78815002047
:109E70002DE9F8430E46044618B9D3213020F6F7F1
:109E800011FB052900F2A780DFE801F00376413DD0
:109E9000A52E07F061FBC4E95001204601F0B8FA95
:109EA000D4F83401CB3807F00DFA20460DF010FF3E
:109EB000054600BB014620460DF0D2FD00F1E50647
:109EC000D4F83401B04209D2301A322838BF3220D7
:109ED000032107F011FB60B107F0F8F9C4F8346111
:109EE00020460DF037FF45B12046BDE8F8430DF0A0
:109EF00032BF0125F2E70025F2E7D4E95023C4E997
:109F00004A23BDE8F883BDE8F84305F08FBA0DF0A9
:109F1000CDFD042384F839318146884607F0D0F915
:109F200007220F46A9FB023102FB0811D4E94A526D
:109F30005B1941EB0205D4F810213AB159EA080245
:109F400004D0984277EB050228BF012684F83861D7
:109F5000D4E95226121A66EB070694F8581139B95B
:109F6000012A76F100010BDA204601F059FA03E0EC
:109F7000012A76F10006F7DB002384F85031C0E7B0
:109F8000984277EB05010FD259EA08080CD01B1A4A
:109F900065EB07019A4276EB010005DB012B71F1BD
:109FA0000000A4BF1A460E460C490123914284F8D2
:109FB00051314FF0000384F83031B341B8BF0A4645
:109FC00004F1E80004F5987108F03CFB002898D1F2
:109FD00040F2B26152E7EF2150E700BF0040420F6C
:109FE0002DE9F84304460E46154690F8503103F02B
:109FF000FF07002B40F0948000F1E80839467822F2
:10A00000404609F015FC47492246404608F080FAD0
:10A01000C4F81061FF2384F8503166B1FEF7FEF9F1
:10A0200000F00700013086F804023F49324606F589
:10A030000C7008F06DFA40F202434FF00009A4F8EA
:10A04000383184F8309107F0C5F800F19E062046BB
:10A050000DF03EFEB6B20146C0B30BF0FBFA00F1C4
:10A06000280189B2284607F063F82844C4F834016F
:10A0700007F026F9301841F10001C4E95001012030
:10A0800084F81401A4F826900DF009FFE53D2D1A7F
:10A09000C4F818514FF0FF356FF00041D4E9502358
:10A0A000C4E952510025C4E94823C4E94A2384F88D
:10A0B000515142F2107204F59871404608F0C2FA0C
:10A0C00038BB40F2B9113020F6F7ECF920460DF01C
:10A0D000C7FCDFF85890E530C4F83401B9F8020045
:10A0E00048B1E08C38B1FEF799F9B9F80230B0FB0D
:10A0F000F3F202FB1300064407F0E2F8361841F1D0
:10A100000001C4E95061002DC4D0AD1941F1000136
:10A11000C4E7294620460DF020FE3846BDE8F88306
:10A120000C27FAE7719E0000BD9C0000E00A0020A9
:10A13000F0B5002385B0CDE9003303238DF8063058
:10A140006846F6F7FFFD88B1114E012333710023F5
:10A15000CDE9023302238DF80E3002A8F6F7F2FDA6
:10A16000044638B10023337105B0F0BD00980DF0FE
:10A1700019FAE5E7029D6B7B002BEED005F50C7715
:10A18000384607F053F9384607F064F96C73E4E792
:10A19000E00A0020054B002201215A7119701A7142
:10A1A00042F210725A80FFF7C3BF00BFE00A0020DE
:10A1B000014B5871704700BFE00A002008B504F059
:10A1C000C7FA044B9A6882422ABF1879002080F0AF
:10A1D000010008BDE00A0020F0B5044685B090F803
:10A1E0004C3003F0FF05002B6AD1437B032B67D172
:10A1F00007F066F8D4E99C23801A61EB030101287B
:10A2000071F100035CDB6FF00103834275EB010128
:10A2100004DA40F2AA513020F6F744F9D4F8C82005
:10A22000E3880AB1B0FBF2F2013313449BB2A4F805
:10A230002432B4F82422B4F8DC319B1A1BB2002B70
:10A240003EDD04F50C7007F0F1F8002838D0FF234C
:10A2500084F82932B4F84230E5881A4E1D44B4F827
:10A260004030013DED1AADB20DF10E0733686BB110
:10A27000B4F824120139002289B220469847B4F874
:10A28000243210FA83F39BB2A4F82432B4F82432B7
:10A29000EB1A1B0414D4B4F82412009700230122F3
:10A2A00089B22046FFF7DCF9012809D1B4F824323D
:10A2B000BDF80E2012FA83F39BB2A4F82432D5E73E
:10A2C00005B0F0BD881500202DE9F34704460629A6
:10A2D00000F20481DFE811F00700860075008300BA
:10A2E00089008E00FC00D0E99C01D4E99E239042B5
:10A2F00071EB030354D294F82A32002B50D0637BC5
:10A30000032B4DD10DF0D3F894F821A181460BF029
:10A31000A1F9064694F82B01FDF7B4FD064494F824
:10A320002B01FDF7AFFDD4E99C23D4F87872D4F863
:10A33000E85180465046BF1A05F0D2F9694A52F8F2
:10A340002A20A5F1600302F52342A1324FF47A716D
:10A35000B2FBF1F29B1AA3EB09031B1A09F189095D
:10A3600009EB5309B6B2603B08F5C86873431FFA9E
:10A3700088F8B3FBF8F360335A08A9EB53039F4204
:10A3800002D391444F4501D906F014FFD4F8C80018
:10A39000314606F0CDFE0023C4F8180284F82A32B4
:10A3A000514B1B7903F0FF025BB90092B4F8DC114A
:10A3B00001232046FFF754F928B140F2CE61302046
:10A3C0002AE00423637304F041FD08F08DF8E2886D
:10A3D000A4F826220023A4F88A3284F8293202B095
:10A3E000BDE8F08703234373F9E704F0B9F9C4E942
:10A3F0009E01F4E700F1A8081121B0F8AA00F6F7D1
:10A4000067FC002862D094F82131022B5CD005D87B
:10A41000012B08D0DC21B420F6F744F8033B012BD4
:10A42000F8D81E3000E00A30858894F82101DFF862
:10A43000B890C31E012B8CBF002728270DF045F8CC
:10A440006E30A842D4F8182234BF2B1A0023D4F857
:10A45000C85099188D4284BFAD1AED1A99F805308D
:10A4600007F1DC0798BF002523B9D4F8E8309D42F6
:10A4700028BF1D4604F1E800D4F8E8610CF019F992
:10A480000644022007F00CF8AD1B25EAE57585426D
:10A4900028BF05460221284607F02EF810B106F025
:10A4A00015FF2E4401233A46314640460CF005FA8A
:10A4B000D4F8E831C9F80800D4F8C800184402B04C
:10A4C000BDE8F04706F0FEBE1430ADE79625ACE7D8
:10A4D000A83002B0BDE8F0470DF00EB840F29C7114
:10A4E0006DE700BFF8420200E00A0020014B5880EF
:10A4F000704700BFE00A0020044B1A78012AD0B24E
:10A5000003D01878831E584258417047EC0A002047
:10A510000D4B33F811300239C9B2022910B598BF7A
:10A520000A4C4FF47A7203F2E733B3FBF2F300F113
:10A53000FF3298BF34F811104FEAC21288BFF021E1
:10A54000134400FB013010BD0C430200D041020057
:10A55000F0B5D928054628BFD9253035BDF8146097
:10A56000ADB2FF2D06F0020728BFFF2516F0010649
:10A57000044601F5A57023D11FBB002B00F0CB8052
:10A58000911EC9B202299ABF7F4D35F8111040F6CD
:10A5900048010844D92C40F28380D93C951EA4B2CE
:10A5A000EDB2F721002B00F0D680022D04F1F60465
:10A5B000B4FBF1F400F2CC80744B33F815306DE04D
:10A5C000EFB1911EC9B202299BBF714D05EB41014C
:10A5D0004FF41471C9880144D01E012839D801F6FE
:10A5E00014409830002E3CD0023AD2B2022A9BBFCF
:10A5F000674B03EB4203C0235B8A184450E053B11E
:10A60000911EC9B202299BBF614D05EB410140F685
:10A6100048018989DFE7032A06D1691D09B24FF491
:10A62000C87505EB8111D6E7042A06D1691D09B268
:10A630004FF4BF7505EB0111CDE7022A0BBF05F101
:10A640000B0105F10A0109B209B20CBF8900C9006A
:10A65000C1E7022A14BF4FF4B070B4209C31084403
:10A66000BFE7F3B1911EC9B202299ABF494D35F82F
:10A67000111040F64801D92C084411D9D93C951E37
:10A68000A4B2EDB2F72163B3022D04F1F604B4FBDA
:10A69000F1F45DD83E4B03EB45031B8B03FB040039
:10A6A000F0BDF12C214628BFF121032A06D1133138
:10A6B00009B24FF4C87505EB8111DCE7042A06D115
:10A6C000133109B24FF4BF7505EB0111D3E7022A2C
:10A6D0000BBF1931183109B209B20CBF8900C9008A
:10A6E000C9E7022DB4FBF1F3DBB23BD82A4931F8BC
:10A6F000151001FB0300C3EB4311C3EBC103E41AC4
:10A70000A3B2002BCCD00833032A9BB22DD19B01DE
:10A7100003F21A4371E7032A07D105352DB24FF42E
:10A72000C87101EB8515284434E7042A06D10535A4
:10A730002DB24FF4BF7101EB0515F4E7022A0BBFF0
:10A740000B350A352DB22DB20CBFAD00ED00EAE796
:10A7500040F69213A2E7022DB4FBF1F3DBB201D86D
:10A760000E49C4E740F69211C3E7042A03D11B0146
:10A7700003F5467341E7022A0BBF9B00DB0003F59C
:10A78000BB7303F5CD7338E7DC410200E8410200FA
:10A79000D0410200DC410200E8410200E841020031
:10A7A00010B5294B5A6AD2F80F30C0F8CC30537D1F
:10A7B000117D1B0443EA0123D17C0B43C0F8D43044
:10A7C000B2F819306FF45061591806298DBF40F264
:10A7D000E241A3F550634FF47A714B4396BF4B436C
:10A7E0000021012180F82A11C0F8C830937DF9B109
:10A7F00003EB830303EB83039B00A0F8DC30B2F888
:10A800001730F1B164214B43C0F8D830B2F81B3097
:10A81000A0F8D030B2F81D30A0F8D23092F8243031
:10A8200003F01F025B0980F8232080F82B3110BD54
:10A83000C3EB431403EB840303EB83035B009BB282
:10A84000DBE740F2E241DEE7EC0A0020074A03467C
:10A85000506AD3F86920C0F80320B3F86D20A0F83F
:10A86000072093F868100BF0FFBB00BFEC0A002034
:10A87000D0F8803073B50BB101221A604388DB0732
:10A8800027D50023CDE90033134E056A02238DF846
:10A890000630FF2333776846F6F754FAC8B9009CB0
:10A8A000A542F8D095F8B32094F8B30005F1B403AD
:10A8B00004F1B4010BF031F90028ECD094F8AC307D
:10A8C0003377D4F8AD30C6F81D30044BB4F8B1205E
:10A8D0009A8002B070BD00BFEC0A0020090B002076
:10A8E00038B5084D044600F169010623686A002264
:10A8F0000BF09CFC94F86810686ABDE838400BF0D7
:10A90000B3BB00BFEC0A002070B504460E46658854
:10A91000407F15F00401134618BF04F17701324659
:10A92000FDF78CF94107054621D4C2070BD5012359
:10A9300084F86830607FFDF753FA0368C4F8693023
:10A940008388A4F86D30AB0701D4012070BD094B9A
:10A95000586AD4F87730012184F87610C0F80930AD
:10A96000B4F87B30A0F80D300BF087FBEDE700204A
:10A97000ECE700BFEC0A002010B50446084694F846
:10A98000D8306BBB237884F8D930082904F1DB0276
:10A9900016D004F1DA01FDF7F9F820B94FF4776128
:10A9A0002D20F5F77FFD94F8DA3043F0020384F8A8
:10A9B000DA3004F1D0000B49BDE810400BF03BBE8B
:10A9C000094B586A034613F8031BC1F3801184F83E
:10A9D000DA10D0F80310C4F8DB109B889380E8E706
:10A9E00010BD00BF8F770100EC0A002070B504464F
:10A9F0000E461546FCF7E8FB98B9237884F8C0307A
:10AA0000637CA4F8C16084F8BF500BB194F848305F
:10AA100084F8C33004F1B6000249BDE870400BF081
:10AA20000ABE70BD5979010038B5B0F848301B4DE9
:10AA30000133C3F30E03A0F848302B7B04462BB13F
:10AA400004F0EAFB03F0C2FA00232B7300232B70FF
:10AA500094F889302BB101212046BDE838400CF034
:10AA600003BE637CC3B1B4F848209A4214D30121D9
:10AA700020460CF0F9FD6388DB0748BF236A2046B7
:10AA800044BFB3F8AA104322BDE838405CBF43225C
:10AA90004FF6FF71FFF7AABF0021DDE7EC0A0020A7
:10AAA00010B5FFF729FD064C28B1237B1BB104F03C
:10AAB000B3FB03F08BFAA06ABDE81040FFF7B4BF08
:10AAC000EC0A00202DE9F0410746FFF715FD054689
:10AAD00020B940F682412D20F5F7E4FC214CA26A12
:10AAE000166A0EB196F829611FB3616A11F8097BE5
:10AAF00002F16903F80992F868200BF00EF8C0B172
:10AB0000606A31460BF0E1FA98B1A56AFFF7F4FCF0
:10AB100010B940F65C41DEE72378E26A03F1804336
:10AB20005269013B284652F8233007F00F0198473D
:10AB30000546237B1BB104F06FFB03F047FA7DB1A0
:10AB4000A06A0CF04AFD30B104F0E2F8E36ABDE817
:10AB5000F0419B681847A06ABDE8F041FFF764BF69
:10AB6000BDE8F081EC0A0020074A0346906A03B969
:10AB700009B9FFF759BF1378D26A03F1804312690C
:10AB8000033B52F823301847EC0A00202DE9F0432C
:10AB9000032985B00546174607D14388980723D473
:10ABA0000024204605B0BDE8F083428890F8883044
:10ABB000D107DBB2F4D5002BF2D14FF00108DFF85A
:10ABC000D49099F80C60C6B10AF0EBFF08283870F1
:10ABD00016D002AA0DF10701FCF7D8FF38B940F6EC
:10ABE000F7612D20F5F75EFC4FF00208E7E79DF8CE
:10ABF000070002A90CF0D7FA06463B78082B08D1CB
:10AC0000D9F8241011F8030BC0F380100CF0CBFA24
:10AC10000646D9F8241095F86F2011F8030B05F1BA
:10AC20007003C0F380100AF078FFD9F824100446AE
:10AC300011F8030BC0F380100AF0A9FF8146FDF75D
:10AC4000E1F840B1B9F1080F1BD04846FCF7A0FE6F
:10AC500080F00103D8B23A78082A14D01CB96C7F6E
:10AC6000A21A544254416A8853079AD4002897D1B3
:10AC700076B9EC7C444518BF002C0CBF012400249D
:10AC80008FE70020E7E780F001022240D4B2EAE734
:10AC9000344686E7EC0A00202DE9FF4108230DF138
:10ACA0000702052104468DF80730FFF76FFF0546C0
:10ACB00020B90025284604B0BDE8F081FAF7C6FEA9
:10ACC00006460028F5D1344F216A7A6A91F817C0F8
:10ACD00010460DF1080810F8033BC3F3401303EAD4
:10ACE0000C03CB75D2F80330C1F8AD308388A1F8DE
:10ACF000B1301146D4F820C011F81F3BC3F38013C4
:10AD00008CF8AC30D2F81F000B79029060468DF8B9
:10AD10000C30FFF745FD94F91220206A43460121CB
:10AD20000CF090FD216A84F89560B1F8AA30A4F87F
:10AD30009630FF2384F8B3304FF6FF739DF8072059
:10AD4000A4F8B43020460CF0A8FD144904F18C009E
:10AD50000BF071FCFCF738FA60B9236A1049B3F8BC
:10AD6000AA20A4F8CD20DB7D84F8CF3004F1C40004
:10AD70000BF061FC236A0022B3F8AA102046FFF70B
:10AD800035FE084B1B6800223A70002B92D0206AD7
:10AD9000214698478EE700BFEC0A0020F9770100B2
:10ADA0007977010090150020032973B5044604D07B
:10ADB000052927D0012002B070BD08230DF107023C
:10ADC0008DF80730FFF7E2FE0028F3D0237C23B193
:10ADD0009DF807102046FFF7CFFD0F4D6B6A062246
:10ADE00004265A701E702046FFF730FD686A94F8FA
:10ADF0005C20A16D0BF05AF9686A2E7004F0F6F829
:10AE00000020D8E7054B1B68002BF9D0984780F04D
:10AE10000100C0B2CFE700BFEC0A00208C15002073
:10AE2000F8B504460F4619B300F1300528460DF079
:10AE30000FF8A0B963881A072ED528460DF01FF821
:10AE4000064628460DF004F8301AC0B20DF027F877
:10AE5000474A53680344284653600CF0D5FF284600
:10AE60000CF0D7FF03F00CFE2179252003F09CFCA9
:10AE70003F4E94F87620706A002303704370638815
:10AE8000103B0D2B64D8DFE803F05F635B0C63407D
:10AE900063636363636363402046BDE8F840FFF784
:10AEA000C3BD06234370202303702046FFF7CEFC6A
:10AEB000638823F008039BB2152B05D094F8542027
:10AEC000216D706A0BF0E3F8706A04F08FF80323C9
:10AED00021793370002003F0E7FD054607B9B06023
:10AEE00063881B0704D50CF0D7FF0544C4F81C5138
:10AEF0006388103B0D2B36D8DFE803F038352F2F51
:10AF0000352F353535353535352F0C234370034610
:10AF1000212103F8091B52B1D4F87720C0F8092089
:10AF2000B4F87B209A8001210BF0A7F8BDE7226FCF
:10AF3000C0F80920B4F874209A8094F86F10F3E7F1
:10AF4000062303704370B0E7022303700623F9E77A
:10AF500040F259612D20F5F7A5FA21790120BDE8CD
:10AF6000F84004F08BB940F6F541F3E7F8BD00BFB7
:10AF7000EC0A002038B54388102B044604D1BDE804
:10AF800038400121FFF74CBF0B4D2B7B23B102F062
:10AF9000FFFF402004F034F9686A04F027F8608865
:10AFA00010F0040002D1217904F068F9002004F0C7
:10AFB000C1F801232B7038BDEC0A0020024B01219F
:10AFC000986AFFF72DBF00BFEC0A002010B5144CA3
:10AFD000237B1BB104F020F902F0F8FFA06A0CF00B
:10AFE000FCFAA16A18B14B8803F0180323B9BDE835
:10AFF00010400846FFF718BDFFF77EFA20B940F66B
:10B0000086312D20F5F74EFA2378E26A03F180436A
:10B01000D268013BBDE8104052F82330084618477B
:10B02000EC0A002010B50648037803F0FF042BB9A2
:10B030002422214608F0FCFB204610BD0C24FBE72F
:10B04000EC0A002010B50A4C00232370FCF7AEF880
:10B050006062FFF7E7FF20B14FF442712D20F5F752
:10B0600021FAE36A13B940F20B31F7E710BD00BFD4
:10B07000EC0A0020014B024ADA627047EC0A002019
:10B0800088B40000044B054A1A60054B054A1A6053
:10B09000054B064A1A6070478C15002099AC0000D9
:10B0A00090150020297601009415002075B100004C
:10B0B0002DE9F041067DB31EDBB2012B06F0FD0643
:10B0C0008CBF4FF000084FF00108371E18BF012752
:10B0D000012B04461AD800F1700190F86F000AF0B5
:10B0E00056FD054663889B0617D4082D10D186B3FC
:10B0F000FCF76AF8B8BBE37E93B3D4F81530C4F814
:10B100006930B4F81930A4F86D3006E00825E9E795
:10B110002846FCF749FC0028E9D1657784F81C80B3
:10B1200084F86870FCF72CFD054606F0C9F8104B52
:10B130000022E5FB0301C4E9180184F876201146DA
:10B140002046FFF7E1FB60B940F2A3412D20F5F75F
:10B15000A9F904F169013046FCF7B2FA0028DCD104
:10B160000020BDE8F08104F169010120F4E700BF8F
:10B1700040420F002DE9F04385B008230DF107028E
:10B18000052104468DF80730FFF700FD002879D02F
:10B19000FAF75CFC002875D13C4D206AFFF700FBF4
:10B1A0006B6A02AFD3F81F0093F8232002903A7124
:10B1B000226AD3F80310C2F8AD10B3F80710A2F852
:10B1C000B1101B78206AC3F3801380F8AC30304B89
:10B1D0001B6813B1012221469847D4F82080686A81
:10B1E00098F8AC900E234370C378082603F03F0311
:10B1F000C37000224FF0030106700BF03DF82046AB
:10B20000FFF76EFB686A49460AF037FF0623012202
:10B2100008F1AD01686A0BF009F86179FF2003F0CD
:10B22000C3FA686A03F0E2FED4F820802046414663
:10B230000CF061FD94F9122001463B4640460CF0AB
:10B2400001FB216A9DF80720002384F89530B1F8AE
:10B25000AA30A4F89630FF2384F8B3304FF6FF737A
:10B26000A4F8B43020460CF018FB236A2E70B3F813
:10B27000AA20A4F8CD20DB7D84F8CF30012005B0D2
:10B28000BDE8F0832046FFF7CFFBF7E7EC0A00208C
:10B29000901500202DE9FF41564F3A78044602F000
:10B2A000FF0312B90278FF2A04D140F6DD112D20E8
:10B2B000F5F7F8F87B60FB817B7380F889304E4BA3
:10B2C00000934E4B01934E4B0293FB6A68465B68BA
:10B2D000039303F075FE03F011FB03F09DFF02F0F2
:10B2E00075FE484803F0C2FB04F13005464803F000
:10B2F00061FE28460CF088FD28460CF08AFD03F01C
:10B30000BFFB2179252003F04FFA94F9120003F0D6
:10B31000A7FB04F15001E06C09F0A6F804F1580114
:10B320000646E06C09F0C7F88046002E3AD094F843
:10B330002430BBB3B4F94850ED43ED0F237F13B96C
:10B3400063885B0709D5D4E918126FF000439A426D
:10B3500008BFB1F1FF3F2FD1ADBB94F88B301BB9C3
:10B3600046EA0806F6B2AEB1638813F0100511D1B3
:10B37000606CC0F30B200CF0C9FC94F8463084F8E4
:10B38000450023F00F03C0F30320034384F8463045
:10B3900084F88B50786A0330FCF73EFC387304B0B5
:10B3A000BDE8F081B8F1000F04D094F82550002DCD
:10B3B000C0D1C3E74546C1E705F082FFD4E91823B1
:10B3C00090429941C8D3012229462046FFF79CFAB2
:10B3D00050B1FCF7D5FB054605F072FF0B4BE5FBC2
:10B3E0000301C4E91801B8E7002DB6D040F61C21CE
:10B3F0005DE700BFEC0A0020CDAF0000C5AA000049
:10B4000069AB0000D6BE898E5555550040420F00ED
:10B41000024B9862DB6A1B68184700BFEC0A0020E9
:10B4200043881A0710B5044612D5036A11493C2215
:10B4300080F89520B3F8AA30A0F89630FF2380F862
:10B44000B3304FF6FF73A0F8B4308C300BF0F3F844
:10B450006388DB0743BF236A3C22B3F8AA103C226F
:10B4600058BF4FF6FF712046FFF7C0FAFF2384F85C
:10B47000893010BDF97701009F79010075AF000098
:10B48000A5790100A9AD00001F7D0100A1AA00005F
:10B49000BDAF000078B400007CB4000084B40000AC
:10B4A0000138022808B503D9C4212F20F4F7FAFF88
:10B4B00013290A4B05D811290CD8102907D0D221FD
:10B4C000F3E71529FBD103EB4003D88801E033F8FB
:10B4D000100008BD03EB40039889FAE7F24102002F
:10B4E0002C4A38B5948803461C43402B106894803E
:10B4F00004D10421BDE83840FEF7E6BE802B01D11F
:10B500000521F7E703F00304032C04D140F6A4312E
:10B510003120F4F7C7FFDD0706D50C689160247869
:10B52000062C1AD00B2C22D09C0711D50C68217840
:10B530001173072929D00B2922D0052908D1C17BF5
:10B54000182905D100240025C0E91E4501210175F7
:10B550009B0644BF0823537338BDC47B1C2CE3D126
:10B5600000240025C0E91C450124C474DCE7C47B29
:10B57000122C01BF0024C474012480F85240D3E788
:10B58000C17B1129E4D10021E1E7617880F8A010A6
:10B59000DEE700BF1C0B00200C4A517B034689B933
:10B5A00010683BB9B0F81011B0F8F420914209D8F6
:10B5B000FEF704BE93881B0706D5007C083818BF29
:10B5C0000120704700207047012070471C0B0020AD
:10B5D0002DE9F843854D06462C68002840F0C480CC
:10B5E000AB88190746D594F89E302A2B16D00CD874
:10B5F0001C2B13D0222B18D094F89E30FE2B20D178
:10B6000040F2FB513120F4F74DFF3C2BF4D1784B45
:10B610001B68002BF0D028469847EDE7002384F8FC
:10B62000413172480BF001FAE6E784F84201714BB0
:10B630001B68002BF5D004F5A17104F1A400984714
:10B64000EFE7FE2384F89E30E37B1E2B06D1002714
:10B65000664884F851700BF002FAE773A37B242B41
:10B660002AD0372B30D0237C082B02BF0223AB73A8
:10B6700084F89E30AB88DA074FD5D5F80080A968EA
:10B6800098F80F30D1F80090113B0F2B99F800700B
:10B690000BD8BB1EDBB2092B00F2A68040F233327E
:10B6A00022FA03F3DB0740F19F8009793846FCF763
:10B6B0007DFC88B9394680E0E37B243B072B94BFAF
:10B6C0002B232523A373CEE7012384F8C53200235F
:10B6D000A37384F84A30C6E7012F01D9162F4ED143
:10B6E00098F80E000BF0DBF940B198F80E30242BDF
:10B6F00004D0252B34D12B2388F80E303846FDF7A3
:10B70000A5F90346002849D1FF2FD3D12B69002B7F
:10B7100051D02B68012283F8C622AB88580704D584
:10B72000227C072A04BF0122AA7399074CD5287BE3
:10B730002B6801220D2883F89F2042D011284CD07D
:10B7400007284CD0FDF796F9034600283AD12A7B0A
:10B75000FF2A46D12A683721917382F8C40233E068
:10B76000162F14BF022620266B7B1B0704D5E37B14
:10B77000113B0F2B98BF08263046BDE8F883112FE8
:10B7800015D005D8072F14D00D2FB7D11A4B05E0CF
:10B79000142FB3D1194B1B68002B8BD0AA68134808
:10B7A0001279494698470028B7D00646DCE7144B83
:10B7B000F4E7144BF2E799F800100C480BF07FF90E
:10B7C000F1E7114B09489847AB88DA06CCD5E37B03
:10B7D0000A2BC9D10B23E373C6E70C4BF2E70C4BE2
:10B7E000F0E740F2EE510DE70826BDE71C0B002004
:10B7F000E0150020BC150020478001009C150020AA
:10B800009380010021B90000A77E0100F37E0100B2
:10B81000617F0100002908BF1F21262870B503465B
:10B82000144639D81C2806D8A0F10E03DBB2092B28
:10B830001CD9002070BDA0F11D02092AF9D801A071
:10B8400050F822F0D5B8000033B8000033B800003B
:10B85000E5B8000033B8000033B80000BFB80000FE
:10B86000BFB80000BFB80000F3B8000001259D403C
:10B8700040F25126354015D1082BDAD11668B37B3A
:10B88000252B14D12046FBF7A3FD86F83851002361
:10B89000B37386F84A30CCE73B2832D03E28C8D173
:10B8A000194B27E0BDE8704000210CF080BB2B2B2A
:10B8B000BFD1F37B243B072BE9D92A21E2E7134AC6
:10B8C0001568002DB5D00A46204619462B46BDE81E
:10B8D000704018470E4B1B68002BAAD00A461D214A
:10B8E0002046F4E70B4B1B68002BA2D00A46202110
:10B8F000F6E7094B1B68002B9BD02046BDE8704043
:10B900001847064BF6E700BFCC150020A015002015
:10B91000AC150020B4150020C0150020E81500204B
:10B9200070B54B780268262B04465CD01DD81D2BC1
:10B93000957B54D00FD8A3F10E02D2B2092A08D8B1
:10B94000012101FA02F640F25120064220D1082AD4
:10B9500024D0002070BD232BFBD12D2DF9D1254BF8
:10B960001B68002BF5D09847F3E73E2B3DD005D858
:10B970002B2B3CD03B2BECD11F4BF1E7FF2BE8D11D
:10B980001E4B1B69002BE4D0012382F8C632E0E78E
:10B9900022461846BDE870400CF009BB252D01D0A9
:10B9A0002B2DD6D120460BF040F82368DA7B262ACF
:10B9B000CFD093F8632022F0010283F8632022683D
:10B9C00092F8633023F0080382F863301A2120468E
:10B9D000FBF7FEFC2368002283F83821B9E7362DF7
:10B9E000B7D1074BBCE7074BBAE7074BB8E7074BA4
:10B9F000B6E700BFA4150020EC1500201C0B0020AA
:10BA0000B0150020C4150020D0150020D815002046
:10BA10002DE9F34790F8D28290F8D36204460D46A0
:10BA2000B8F1000F3BD190F82071002E39D194F875
:10BA300021A184F8207184F821A1FF2384F8223108
:10BA40001A4B1B6804F1A80913B1394648469847B8
:10BA5000174B1B6823B101943A46514601A89847F9
:10BA600094F83831012B02D058EA060603D0237B24
:10BA700043F00103237348460AF068FE18B1237BA4
:10BA800043F00203237306212046FEF71DFC00232A
:10BA900084F838313DB1A37302B0BDE8F087474662
:10BAA000C3E7B246C5E7E573F6E700BFA815002077
:10BAB000DC150020024B0020C3E90400704700BFE2
:10BAC0001C0B002008B5054B0022C3E90422FCF73B
:10BAD0007DFDBDE80840FDF78DB800BF1C0B0020C0
:10BAE00073B5514D002604462860AE806E73AE7368
:10BAF000FF2380F84C30B0F8DA31002B00F0828060
:10BB000090F89E30FE2B7DD190F82C31002B79D00F
:10BB1000037C073B012B75D990F82D31A0F84460C8
:10BB200080F8A030022101220CF0CAF984F8E26109
:10BB300002212846FCF7EAFDB4F8DE11B4F8E02152
:10BB4000B4F8DE30013989B2B1FBF3F31344A4F841
:10BB5000E031B4F840300B44A4F8403020460CF0FB
:10BB6000DDF910B1636B0B446363B4F8DA31012B78
:10BB70009CBF0133A4F8DA31002609B184F8E661EC
:10BB8000E37B84F8E2610A3B012B0FD8E388B4F829
:10BB9000D0229B1A190409D404F2D22104F117000F
:10BBA0000AF0B9F9E673FF2384F84B30B4F8DE21CC
:10BBB00004F1A80120460AF0F4F9E37B1B491C4A72
:10BBC000113B0F2B8CBF0023012300932868194BD6
:10BBD000F6F748F9696911B1287E03F0F3FA2C6889
:10BBE000237BDA0703D510480021FBF7F1FB237B09
:10BBF0009B0703D504F25910FCF7E6FB00232373DF
:10BC000002B070BD94F89E10FE2901D0064891E75D
:10BC1000094B1E68002E8FD005F09EFC02460B4695
:10BC20000148B04788E700BF1C0B0020E1B40000CA
:10BC300099B500004DBC0000F0150020024B1869BA
:10BC4000003818BF012070471C0B00202DE9F04F71
:10BC5000DFF8E4810F46B8F80410D8F800408D05ED
:10BC600056BFB4F840200023013287B0814646BF5A
:10BC7000A4F8403084F8E631A4F8402020460CF0C7
:10BC80004DF938B10B4604F5A87204F1A80120461D
:10BC9000FDF760F9B8F8043003F4C06333B1A37C56
:10BCA000002B00F0A080032B00F0A380A27CB8F84A
:10BCB0000430012A03D1180544BF0222A274B9F14D
:10BCC000000F40F04E8159065DBFB4F800220132EA
:10BCD00092B24A46A4F8002203F00A020A2A0FD1BF
:10BCE00098F80C20022A0BD123F008033846A8F854
:10BCF0000430FFF76DFC08233843C7B2A8F80430BE
:10BD00003846FFF765FCD8F810303843C7B2002B2F
:10BD100050D01422002101A807F08AFD94F82101D7
:10BD200003F0E6FC054694F8210103F0D9FC05F583
:10BD3000FA754FF47A73B5FBF3F5B4F8AA30ADF8A1
:10BD400004300544E38894F82911D4F8C800ADF80C
:10BD50000830ADF80A5009F0FCFF94F8C632ADF88F
:10BD6000060033B1D8F808301A689B8804928DF821
:10BD700014309DF80C3094F8C52262F300038DF85E
:10BD80000C3001A8D8F810309847049A002384F8A2
:10BD9000C63284F8C5326AB194F8C43253B9A37B71
:10BDA000372B07D09DF8143023B11178FF2924D107
:10BDB0001B2B29D9D8F8006096F89E30FE2B4BD16A
:10BDC000002F49D1337C073B012B45D996F82C3104
:10BDD00013B396F82D31A6F8447086F8A0300122EE
:10BDE00002213046EFE10121A1742046FEF76CFAF2
:10BDF0005CE70223A3740121F7E70729DAD1022BBC
:10BE0000D8D15178FF29D5D1012184F8C412C4F8C2
:10BE1000C82284F8C732CDE796F80FA0AAF1100A1D
:10BE20005FFA8AFABAF1100F40F257813368DA07E5
:10BE300004D53A460921D4E71C0B00209D0740F1A8
:10BE4000EE803A460C2130460CF03AF896F8533022
:10BE500043F0010386F85330B4F8E03194F8E3512D
:10BE60000133A4F8E031002D00F0F882F6F768F90C
:10BE700010B10023A4F8E031B4F8AA000CF013FBD1
:10BE8000A37CB4F8DE60012B824640F22683237C3B
:10BE9000082B40F0FB82B4F84030022B40F21D83A7
:10BEA000B4F842500135ADB2E388DFF8A8B22B44B4
:10BEB000A4F8D831DBF80030002B00F01283012EFB
:10BEC00040F20F83F6F72CF9DBF80030E1880246E8
:10BED0002046984700F1010B1FFA8BFB94F8E431E0
:10BEE000002B3AD1012D38D9E37B0BB10B2B34D188
:10BEF000A37B93BB237C83BBA37C022B2DD194F823
:10BF0000E63153BBD4F8C00008F0CDF828B394F85C
:10BF10009E30FE2B21D1B4F8DA31012B1DD9B4F8B3
:10BF2000E021B4F8D0309A4217D2BAF1000F02D013
:10BF3000BAF80E1089B99B1A9BB2013DADB2B5FBA0
:10BF4000F6F59D4228BF1D4616FB05B6003D18BFFD
:10BF500001251FFA86FB84F8E251E3889B44A4F88C
:10BF6000DCB1B8F80430D8F800505E065FBFB5F811
:10BF7000EC31B5F8DE219B189BB248BF0023A5F831
:10BF8000EC3195F82C311BB92B7C073B012B06D8E3
:10BF9000B5F84430B5F8DE211344A5F8443095F8DF
:10BFA0004A1031B1B5F84630B5F8DE211344A5F892
:10BFB000463095F95020002AC1BFB5F84E30B5F88B
:10BFC000DE011B18A5F84E3095F831306BB9B9F188
:10BFD000000F40F0DA8298F80E30022B40F0848295
:10BFE00095F8A030062B18BF162395F8302022B9FB
:10BFF000594885F83130FCF797FD28460CF081F858
:10C00000564B1B681BB1564A2046116898470023BF
:10C0100084F84C3007B0BDE8F04FFBF723BB58075E
:10C0200002D53A461321DCE6190706D596F8983072
:10C0300086F8A0303A460721D3E61A0602D5002238
:10C040001B21CEE613F0300238D096F82F31002BAA
:10C0500060D196F82E31C3B1F37B292B06F1A800ED
:10C0600006F5977106F2D22226D0B37BA3F12905FB
:10C070006B426B410AF026FB336823F0200343F048
:10C0800010033360002386F82E313368DA0641D579
:10C0900006F1A8000AF05AFB18B106F25910FCF795
:10C0A00093F9B6F80A31A6F8A030B6F80E31A6F822
:10C0B000A2300022152194E60123DBE713F04001B2
:10C0C00001D024218DE613F4807202D00A461E218D
:10C0D00087E6DB041ED52C2183E6D8F80050EB7BE5
:10C0E000182B3FD011D8112B26D0162B28D0B37B7C
:10C0F000002B7BD1F37B103B102B7FD996F83E3081
:10C10000002B7BD0012212216BE6202BEFD13A4687
:10C11000062113E0D8F80000C37B352B51D006D898
:10C12000262B53D02F2BE2D1002220214BE04E2B87
:10C13000DDD100223C2146E03A460B21284642E070
:10C140002846FCF765FD00283FF486AE0022042156
:10C15000F4E700BFC81500201C0B0020B815002014
:10C160003800002095F8C032012B07D13A4605214E
:10C1700028460BF0A5FE85F8C0726DE695F8C03232
:10C18000022BD9B27FF468AE95F8523053B1062332
:10C1900085F8A0303A4628460BF092FE002385F839
:10C1A000C032EAE7D8F8003040F20632A3F89A200D
:10C1B00095F8623013F0040F3A460CBF0D2111219F
:10C1C000E9E7002211210BF07BFE45E690F83831BB
:10C1D000022B02D100221721F5E790F83831012B0C
:10C1E00085D190F83931002BF4D080E7092B05D1A7
:10C1F00096F8993086F8A03001221CE7BAF1100FAA
:10C200007FF62AAED8F8005095F80EA0BAF1000FCC
:10C2100040F0B98095F83F313BB101220E2128460C
:10C220000BF04EFE85F83FA1A7E795F83E3183B1AC
:10C2300095F853A01AF0030B0BD101220C212846CC
:10C240004AF0010A0BF03CFE85F853A085F83EB198
:10C2500093E795F8403173B195F86930DB0902D066
:10C2600001222B216AE7A64B1B68002B00F08B8074
:10C27000A448984787E095F82E312BB395F82F31D5
:10C2800013BBEB7B292B05F1A80005F5977105F28F
:10C29000D22217D0AB7BA3F12906734273410AF077
:10C2A00011FA002385F82E310122142128460BF0C3
:10C2B00007FEB5F80A31A5F8A030B5F80E31A5F89B
:10C2C000A230C9E50123EAE795F83831012B6ED198
:10C2D00095F83931002B6AD1E87BA0F12403072BB4
:10C2E00065D995F820114B1EDBB2032B09D895F8C0
:10C2F0002121DFF814C2013AD2B2032A1CF803E06C
:10C3000004D94FF43F710620F4F7CCF8BEF1020FC8
:10C3100095F83A3114D0BEF1030F13D0BEF1010FDE
:10C3200004D1012B14BF002301236BB9A0F14703F3
:10C33000012B28D90A38042825D901221621FDE627
:10C34000022BEFE7042BF1D11CF8022095F83B31CA
:10C35000022A24D0032A24D0012AE7D1012B14BFBA
:10C3600000230123002BE1D0EB88B5F83C0105F553
:10C37000347209F094FA8246B0B901466148FBF77D
:10C3800027F885F838A1B37B002B7FF465AD96F8CC
:10C39000C432002B3FF460AD0122FF2121E5022BC6
:10C3A000DDE7042BE0D0C1E72C23AB7354E595F80F
:10C3B000423113B101222221C0E695F8413143B147
:10C3C000524B50481B689847FE280146DBD001229B
:10C3D000B4E695F84A3113B101221D21AEE695F875
:10C3E0004B3113B101222621A8E695F8CC3213B1C6
:10C3F00001223E21A2E695F84C319BB1D8F80030DD
:10C400001021B3F8AA00F4F763FC03699B0706D573
:10C410003F4B3C481B68984701223B218EE63D4B31
:10C420001B6825E795F84E314BB195F8393133B992
:10C43000EB7B243B072B02D9012223217EE695F8D2
:10C440004D31012B05D1002385F84D3101222521E5
:10C4500074E695F84D31022B95D1F4E7F5F75AFEC5
:10C4600008B1A4F8E051F5F773FE00283FF404ADDD
:10C4700094F8E6310133DBB2022B84F8E63182BF57
:10C480000023A4F8E03184F8E631F5E494F83E3076
:10C4900013B1A37B0F2B20D1B4F84250B4F8403035
:10C4A0000135ED1A2046B100A5EB86050BF036FDEF
:10C4B000A8B1A36B626B01339B1A5B1A9D42A8BFA4
:10C4C0001D46BAF1000F05D0BAF80E30043B9D426C
:10C4D000B8BF1D46012D3FF7E6AC0125E4E42B462D
:10C4E000ECE74FF0010BF9E4012B15D16B7C002B2D
:10C4F0007FF47BAD00212846FDF7E6FE80E500BF16
:10C50000D81500201C0B00200442020098150020C2
:10C51000E4150020EC1500205FB1F80633D439078C
:10C5200033D4BA0633D4BB0733D14FF43161312051
:10C53000EAE639B1B5F84610B5F84830994201D36A
:10C54000222352E5002A05DDB5F84E20B5F8483023
:10C550009A42F5D2B5F84420B5F842309A4209D251
:10C56000AA7CB5F8403052B1B5F842209A42C1D801
:10C5700008233AE595F82C31002BE1D1F0E7052BA3
:10C58000B8D93E2331E51E232FE53D232DE5232396
:10C590002BE52A2329E500BF73B504460190D4F8A2
:10C5A000C830D0F8D802984214D1D4F8DC62D4F85C
:10C5B000D030F61A18BF012694F8E432002B3FD091
:10C5C000B4F8AA000BF06FFF30B940F66851312083
:10C5D000F3F768FF0126EFE7B4F8E022B4F8DE30A5
:10C5E0009A421AD1B4F8E23282899B1A18BF012309
:10C5F000A57B472D15D0E27B472A10D00025B4F843
:10C60000DE22D4F8D81201A8FBF74AFC95B3002328
:10C61000A3730323A37402B070BD0123E8E733437F
:10C62000ECD0154B1B6813B940F67351CFE7A5F159
:10C63000470255424FF0000101A855419847DEE7F7
:10C64000002EDBD0B4F8AA3094F82911A4F8A13157
:10C6500009F07FFBB4F8DC32A4F8A531B4F8DE327F
:10C66000A4F8A3010549A4F8A73104F2971009F032
:10C67000EBFFC3E7E573CCE7D4150020716C010034
:10C68000014B024A1A607047D815002019DF0000DC
:10C6900038B50C4B33F8104008460D4603F028F827
:10C6A000033D012D04F29D744FF47A738CBF002575
:10C6B00028250444B4FBF3F40AF0F9FED4342044F2
:10C6C000284438BD0C4302002DE9F74F99466C4BC6
:10C6D000C360437D23F0070343F001034375002348
:10C6E000036191F80EA0AAF14703012B05460C4601
:10C6F000164619D991F80F80A8F14708B8F1010F33
:10C700008CBF4FF000084FF00108B9F1000F04D0C2
:10C7100000220121204601F091FA637B032B7ED891
:10C72000DFE803F0057970794FF00108EDE726B9ED
:10C7300040F217213520F3F7B5FE0123637304F1AE
:10C74000A8000BF01BFD0027BB464E4B1A6822B118
:10C7500049462046904707FB00BBD4E976211BEBF6
:10C76000020241F10001C4E97621C5E90021A17B63
:10C77000A1F10B02D2B21E2A54D8434ED64006F085
:10C780000106E27B472A08BF46F0010620460BF06F
:10C7900026FE28B1002E4BD1607B012818BF022055
:10C7A00004F1E80328751846019309F082FFA86098
:10C7B000B9F1000F61D0AAF10D0ABAF1010F8CBFD7
:10C7C000424648F00102002A57D13946284609F06E
:10C7D00042FA1FFA80F920460BF001FE804686BB24
:10C7E00081452ED32E75D4E976210BFB00F012186B
:10C7F00041F10001C5E90021BBF1000F1AD140F25F
:10C800009D2197E7D4F82872D4F84032032207EB31
:10C81000030B627399E7D4F8C8B05F4695E74FF40D
:10C82000147187E7472901D00026AAE70126ADE762
:10C830000020B5E73946284609F00DFA80441FFA72
:10C8400088F901224946204601F0F8F90D4B1B6892
:10C8500053B1012120469847D5E9003278431B188F
:10C8600042F10002C5E9003204F1E80009F021FFBD
:10C87000D5E90023A860C4E9762303B0BDE8F08FB2
:10C88000D5C80000F415002005000040F7B5104E93
:10C89000012333700023CDE900336846F4F752FAE0
:10C8A000044618B10023337003B0F0BD009D6B7BCC
:10C8B000002BF2D005F50077384604F0B7FD384676
:10C8C00004F0C8FD6C7305F5EC70FCF76DFDE4E752
:10C8D000380B00202DE9F041804686B00D46A0F5CA
:10C8E0000074052900F28F80DFE801F003876E8D68
:10C8F0008D82637B13B9EA21352016E0204601F0D2
:10C900000BF9002871D0A8F5AC7611217088F4F7E6
:10C91000DFF9034696F87800002B53D002284FD059
:10C9200005D8012808D0DC21B420F3F7BBFDC21ED6
:10C93000012AF8D81E3300E00A339C8896F8791053
:10C94000324FCB1E012B98BF2825FFF7A1FE2030C8
:10C95000844288BF231A7A78346AA5F1710598BF9A
:10C960000023EDB2E41A1AB9336C9C4228BF1C466E
:10C97000A8F58C7009F09DFE00F12008022004F05B
:10C980008FFDA4EB080424EAE474844228BF044623
:10C990000221204604F0B0FD10B104F097FCA04441
:10C9A00000232A464146304609F087FF7860306A06
:10C9B00004F088FC164806B0BDE8F04105F0E2BC82
:10C9C0001433BAE79624B9E72146684601230022CA
:10C9D000FFF77AFE6946404604F0D2FC10B94FF4E6
:10C9E000347189E7E3880133E38006B0BDE8F08164
:10C9F00006B0BDE8F041F5F78BBB637B042BF4D0A8
:10CA00004FF4837178E74FF4857175E7380B002098
:10CA10002DF40000024B0022C3E90022FFF736BFCD
:10CA2000380B0020014B5870704700BF380B0020B6
:10CA300008B501F08DFE044B5A6882422ABF18786F
:10CA4000002080F0010008BD380B002030B50446FE
:10CA500087B0042900F2A380DFE801F00325222932
:10CA60009B00504B1A7802F0FF03CAB9014601221D
:10CA70006846FFF729FE694604F5007004F0A2FC41
:10CA800020B94FF435713520F3F70CFDE3880133FD
:10CA9000E38002F0DBF907B0BDE8304004F0BEBC33
:10CAA00004236373F5E70323637307B030BD90F885
:10CAB0002951D0F8C830C0F828323DB1D0F84452DE
:10CAC00041F64B5295428CBF0025012540F2E242CF
:10CAD000ADF8042094F8502242B9D4F8442293428D
:10CAE0001DD0B4F8AA000BF0E1FC18E0B4F8AA00DD
:10CAF0000BF0D9FC10B94FF44471C4E7B4F84C32D0
:10CB0000A4F8DE30B4F84E328381B4F83C3243816D
:10CB1000013B038200257D23C581ADF8043094F8E4
:10CB20002A3113BB15BBD4F84032C4F8D830B4F85E
:10CB30003E32A4F8DC30D4F84832D4F84422C4F8A9
:10CB4000D030B4F8DE30C4F8C82053431946019AF7
:10CB500084F82A5104F5EC700093FCF707FC04F10B
:10CB6000A8000BF00BFB02239EE75DB14FF04D13C5
:10CB7000C4F8E0300023A4F8E4304FF47A73ADF841
:10CB80000430D0E74FF09613C4F8E030A4F8E45036
:10CB9000C9E7A83007B0BDE830400BF0EFBA40F26B
:10CBA000653170E7380B00200D4A0146107890B9C6
:10CBB0000129536807D1B3F81021B3F8F4309A4231
:10CBC0000CD8FFF735BF1289520706D5187C0738F5
:10CBD00018BF01207047002070470120704700BF38
:10CBE000400B002038B5174B1C895A6804431C8140
:10CBF00000F00304032C04D140F6DF213620F3F7C4
:10CC000051FCC50748BFD960840706D50968097873
:10CC10001974062906D00B290ED0820644BF0822BB
:10CC20001A7038BD917B1D29F7D100240025C2E977
:10CC30001E4501211175F0E7917B1329EDD10021EB
:10CC4000F8E700BF400B00202DE9F743837B0090FD
:10CC5000A3F14702012A044620D9C27BA3F10D01AA
:10CC6000473A0129D2B216D8012A8CBF00220122EC
:10CC7000E188B4F83C02013189B2884240F0A780D3
:10CC800094F85052002D00F081804AB940F25E21A4
:10CC90003620F3F707FC012A00F299800122E7E72A
:10CCA000524B1B6813B940F25F21F1E7002168463F
:10CCB0009847002584F85252B4F84A22D4F8441216
:10CCC0006846FBF7EDF803212046FFF7BFFEA37B84
:10CCD000A3F14702012A03D9A3F10D02012A71D859
:10CCE0000023A373E27B292A77D1A3F12C025542BA
:10CCF0005541E388B4F8382201339B1A1B046ED4E3
:10CD000094F83A8294F8203194F83B62B8F1000F1D
:10CD100008BF98460EB994F82161984562D194F8FD
:10CD200021319B1B18BF012343EA050984F82081A8
:10CD300084F82161FF2384F822312D4B1B6804F114
:10CD4000A80713B14146384698472A4B1B6823B1C0
:10CD500001944246314601A89847B9F1000F03D02B
:10CD6000237B43F001032373384609F0EFFC18B12D
:10CD7000237B43F00203237304212046FFF766FE62
:10CD8000002384F838317DB3A37328E0B4F8AA30C7
:10CD900094F82911A4F8A131D4F8440208F0D9FF7D
:10CDA000B4F84832A4F8A531B4F84A32A4F8A30183
:10CDB0001149A4F8A73184F8A05104F2971009F0A2
:10CDC00043FC76E7E27B473A012A98BFE573A3F17B
:10CDD0002902012A86D801258BE72C2BFBD003B032
:10CDE000BDE8F08301239FE7E573F8E72C160020E8
:10CDF0000416002038160020716C010010B54B7825
:10CE00000468232BA17B024627D018D81D2B2BD0DA
:10CE10000AD8A3F11201042904D84FF4A801D9407B
:10CE2000C90714D4002010BD1F2BFBD13129F9D123
:10CE3000114B1B68002BF5D020469847F2E73B2B9F
:10CE400018D03F2B14D02B2BECD10C4B08E0BDE8B5
:10CE50001040012118460BF019BA2D29E2D1084BD8
:10CE60001B68002BE9D1DDE73629DBD1054BF7E75D
:10CE7000054BF5E7054BF3E71416002034160020A8
:10CE8000001600200C160020301600204816002046
:10CE9000034610460A1E08BF1F22252B70B535D841
:10CEA000112B03D8032B3FD0002035E0A3F1120152
:10CEB0001329F9D801A454F821F000BF1BCF0000BA
:10CEC000A9CE00001BCF0000A9CE00001BCF0000A0
:10CED000A9CE0000A9CE0000A9CE0000A9CE000076
:10CEE000A9CE0000A9CE000095CF0000A9CE000079
:10CEF000A1CF0000A9CE0000A9CE0000A9CE00005D
:10CF000083CF000083CF000083CF00003B2B4FD0A6
:10CF1000FE3B58425841400070BD0246BDE870409B
:10CF2000002118460BF0B2B90468A37B1A2B01D07C
:10CF3000142B46D194F85230002B42D184F8513052
:10CF400084F84A3094F8B13103F0FF0523B14FF46F
:10CF500081613620F3F7A6FAB4F8AA30A4F8B33109
:10CF600084F8B22184F8B551A4F8B651A4F8B851A8
:10CF700084F88252144904F2A91009F05CFBA573ED
:10CF800092E712490C68002C8ED019462346BDE862
:10CF9000704018470E4B1B68002B85D01D21F6E70B
:10CFA0000C4B1B68002B3FF47FAF00681F21EEE79E
:10CFB000094B1B68002B3FF477AFBDE8704011466A
:10CFC00018470220A8E700BF0B6E0100FC150020E7
:10CFD0000816002010160020441600202DE9F34703
:10CFE000964F80467C680E46002284F84C20398992
:10CFF0008D055EBFB4F84020013292B2A4F8402003
:10D0000020460AF09CFF38B10B4604F5A87204F1E3
:10D01000A8012046FBF79EFF3B8903F4C06333B1B0
:10D02000A37C23B90121A1742046FFF70FFDB8F1BD
:10D03000000F40F0CC81002E40F0C9813B897D6813
:10D040005C0705D52A7C072A02BF01227A742E7458
:10D05000980713D5387C0123072885F89F300AD01C
:10D06000112824D0FBF7FCFC034628B94FF4C36118
:10D070003620F3F717FA724B724898473B89190725
:10D0800040F1B2807C6894F89E302A2B36D81B2B56
:10D090000FD8012B56D0032B5DD0002B42D094F833
:10D0A0009E30FE2B40F0898040F22561E0E7664B20
:10D0B000E2E71C3B0E2BF2D801A252F823F000BF8E
:10D0C00075D100009FD000009FD000009FD00000CD
:10D0D0009FD000007DD100008BD100009FD00000C8
:10D0E0009FD000009FD000009FD00000A9D1000079
:10D0F0009FD000009FD0000075D100003C2B5AD07B
:10D100003F2BCCD1E388B4F83C229B1A1B0402D4F9
:10D11000002384F85232A37B472B0CD1002384F8E0
:10D120004A30BCE7E288B4F83C12521A1204B6D472
:10D1300084F85232B3E7E37B472BB0D1414809F082
:10D140008EFCACE7E388B4F836229B1A1804A6D408
:10D150000023A373A3E7A37B143BDBB2092B05D801
:10D1600040F2412222FA03F3D90798D4002384F82D
:10D170008232DFE7002384F84131D0E7334B1B686C
:10D18000002B8CD02046984789E7002384F8423151
:10D190002F4B1B6823B104F5A17104F1A40098473B
:10D1A000284809F042FC7AE72A4B1B68002B3FF421
:10D1B00076AF2448E7E7284BF7E7FE2384F89E3054
:10D1C000A37B292B38D02ED80B2B30D00D2B31D070
:10D1D000E37B472B04BF4823E373237C082B01BF69
:10D1E00002237B74002323743B89DA074AD5FA684B
:10D1F0007B681668997B93F8520034780BF033F80B
:10D2000028B1112C69D8154BE340DB0765D511799E
:10D210002046FAF7CBFE18BBFB680A481A7931465C
:10D2200009F05EFC2DE0472BD2D1482300E00C230F
:10D23000A373CDE70E23FBE72A23F9E7400B002079
:10D2400051820100440B0020398201001816002091
:10D250001C160020201600203C1600207428020016
:10D260000D2C34D0112C34D0072C34D02046FBF7B1
:10D27000E3FB03460028CFD0FA68B4481279314660
:10D28000984706463B781C0707D5A97B95F85200BE
:10D290000AF0E9FF002818BF08262846FFF7D4FC4B
:10D2A0007D6895F89E30FE2B40F091802B7C073BEB
:10D2B000012B40F28C8095F82C3103F0FF0273B102
:10D2C0000023A5F844300223A5F89E307FE0A04B50
:10D2D000D2E7A04BD0E7A04BCEE70826D2E7AB7B46
:10D2E00043B995F83E201AB31222A5F89E20A5F85E
:10D2F000463069E0282B00F0A78010D8132B5ED0B1
:10D3000009D8032B00F09A80122B00F08E80103B7E
:10D31000102B5CD90CE01D2BF9D1062350E0342BE7
:10D3200000F0A480352B00F09780322B00F0928023
:10D33000EB7B362B00F2E080212B00F29980013B41
:10D34000DAB2052A40F2C68095F89E30FE2B3ED117
:10D350007C6894F89E30FE2B40F0E381A37B002B89
:10D3600040F0DF8194F85232002B00F0678194F88E
:10D370005032002B40F05D81E07B09F090FB82464B
:10D38000002840F05B81E37B342B00F0578194F858
:10D3900050328BB1B4F8AA001021F3F799FC03695D
:10D3A00013F4007900F056814723A373012384F816
:10D3B0004A30A4F846A03F23A4F89E30B1E10B23E5
:10D3C000A5F89E30A5F84620012385F84A307C68F0
:10D3D00094F82C311BB9237C073B012B04D8B4F8FB
:10D3E00044300133A4F8443094F84A1021B1B4F821
:10D3F00046300133A4F8463094F9502022B1B4F8F5
:10D400004E300133A4F84E30B8F1000F40F06D8378
:10D410007B7C022B00F06583012B40F01483637C3E
:10D42000002B40F0258300212BE3D5F85432C5F8BA
:10D4300090300323A5F89E30002358E795F89930E3
:10D4400085F8A03007233FE71823A5F89E30A5F8FC
:10D450004620BCE72123B3E71123A5F89E30012322
:10D4600085F8A030A5F84620AA73B0E727232BE75C
:10D47000223B142B3FF668AF01A252F823F000BF05
:10D480005DD500005DD5000049D3000049D3000000
:10D49000D5D5000049D3000049D3000049D300008E
:10D4A00049D3000049D3000049D300001FD6000033
:10D4B00049D3000049D3000049D3000049D30000FC
:10D4C00049D3000049D3000027D6000009D6000048
:10D4D00023D60000052B3FF637AF01A252F823F008
:10D4E00021D500003DD500000FD5000017D6000063
:10D4F00049D300001BD600004B2B00F096804E2B2A
:10D5000000F09580472B7FF41FAF3F2374E095F820
:10D51000983085F8A0300723A5F89E30002313E04B
:10D520000C23A5F89E3095F85330002243F00103F8
:10D53000A5F84E2085F85330EA7305E71323A5F8C4
:10D540009E300023A5F84E30EB73FDE6440B00201F
:10D550001983010051830100FDCD000095F82F31A2
:10D56000002B7FF4F1AE95F82E31ABB1EB7B292B7C
:10D5700005F1A80005F5977105F23A2228D0AB7B9A
:10D58000293B012B8CBF0023012309F09BF82323A7
:10D59000EB73002385F82E31EB7B232B7FF4D4AE85
:10D5A00005F1A80009F0D2F818B105F25910FAF700
:10D5B0000BFFB5F80A31A5F8A030B5F80E31A5F883
:10D5C000A2301523A5F89E300023A5F84E30BBE607
:10D5D0000123DAE795F83831012B10D095F838316E
:10D5E000022B7FF4B1AE0023D5F81821D5F83A11FB
:10D5F000AF4808F070F91823A5F89E30A4E695F816
:10D600003931002BEAD1EEE71123A5F89E30002333
:10D6100085F8A03096E70923EEE71B237CE7242357
:10D62000EAE71E2378E72723E6E72C23E4E73C23F9
:10D63000E2E794F84031002B3FF49EAE94F882323A
:10D6400003F0FF010BB3E37CBBB1237D73B940F260
:10D6500017710DE5974B1B6813B94FF4E16107E5AE
:10D6600093481A21984784F852925AE00A23A4F862
:10D670009E300023A4F8463011E0D4F85422C4F8B8
:10D6800090200322A4F89E20F4E794F83F3103F0A1
:10D69000FF0243B10823A4F89E30A4F846100123EA
:10D6A00084F84A303DE094F8403103F0FF0173B153
:10D6B00094F86930DB0905D02B23A4F89E30A4F838
:10D6C0004620ECE77C4B1B685BB3794861E0D4F8FB
:10D6D0008432002B5FD0E07B1F22FAF7D1FE0028B6
:10D6E00059D1D4F8843233B113F8512C012A05D022
:10D6F00040F24771BCE440F24371B9E413F8283CAE
:10D7000003F0FF0113B14FF4E961B1E494F865301F
:10D7100098063BD51F23A4F89E30A4F8461084F841
:10D720004A2095F89E30FE2B7FF451AEAB7B002B48
:10D730007FF44DAE95F83532002B3FF448AEE87BD0
:10D7400009F0ADF9044600287FF441AEEB880A2BBE
:10D750007FF63DAE6846FAF7F9FB00283FF437AE96
:10D76000052205F11801684606F004F8002800F0CB
:10D7700067819DF80430009885F834320123C5F89C
:10D780003002A5F89E3085F8354220E64B4B1B68E9
:10D7900020469847C5E794F83E3173B194F853306A
:10D7A00013F00302BDD10C2143F00103A4F89E1035
:10D7B00084F8533084F83E2157E794F82E3113B3A0
:10D7C00094F82F31FBB9E37B292B04F1A80004F571
:10D7D000977104F23A2214D0A37B293B012B8CBF12
:10D7E0000023012308F06EFF002384F82E31B4F8E3
:10D7F0000A21A4F8A020B4F80E21A4F8A220142233
:10D8000040E70123EEE794F83831012B5DD194F81D
:10D810003931002B59D1E07B09F041F9002854D16E
:10D8200094F820114B1EDBB2032B09D894F8212168
:10D83000DFF88CC0013AD2B2032A1CF8030003D9E6
:10D840004FF43F71062014E4022894F83A310AD0CC
:10D8500003280AD0012804D1012B14BF002301237F
:10D860002BB9162303E7022BF7E7042BF5E71CF887
:10D87000022094F83B31022A15D0032A15D0012A40
:10D88000EFD1012BEDD1E388B4F83C0104F50E7221
:10D8900008F005F88146A8B901460548F9F798FD52
:10D8A00084F838913DE7022BECE7042BEAE700BF50
:10D8B000440B00202C1600203416002014160020E3
:10D8C0000F4202002C23A3732BE794F8413103F09D
:10D8D000FF0283B3884B89481B689847FE283FF4B2
:10D8E00020AF00231E2884F89F3084F89E000AD9B8
:10D8F0002438C0B21B283FF6BCAE814BC340D907C9
:10D900003FF50FAFB5E67F4B012282401340002B5D
:10D910007FF407AF15280BD011287FF4AAAE94F836
:10D92000A02012B1A4F84630FBE6A4F84E20F8E699
:10D93000A4F84E30F5E694F84A3103F0FF090BB134
:10D940001D23BAE694F842316BB3B4F844010921BF
:10D95000F3F7BEF910B984F8420186E690F8F03189
:10D9600003F0FF0213B984F842217EE690F8C83133
:10D97000032B14D8DFE803F00202050D84F842916E
:10D9800073E694F8483180F8F131002384F842318D
:10D990006BE62223A4F89E30A4F846907FE640F27E
:10D9A000DB61FFF765BB94F84B318BB194F85232D1
:10D9B00073B994F866305A0608D5534B1B68002B90
:10D9C0003FF4AFAE4D4898472723F5E44F4B7AE636
:10D9D00094F84C31BBB1E07B3B220021FAF750FDBB
:10D9E000814680B9B4F8AA001021F3F771F90369F0
:10D9F0009B0705D5464B41481B6898473B23C9E721
:10DA0000444B1B6861E694F84E3153B194F83931B8
:10DA100003F0FF022BB9E37B243B072B01D923231F
:10DA20004BE694F84D31012B04D1002384F84D319D
:10DA3000252227E694F84D31022B7FF472AEF4E7ED
:10DA400085F83502A1E65EB1F0064CD431074CD41E
:10DA5000B2074CD1B3064CD440F66331FFF708BB94
:10DA6000B9B1B4F84610B4F84830994211D922231C
:10DA700084F831302148FBF757F80023E381A37481
:10DA800002212046FEF7E2FF02B0BDE8F047F9F7B9
:10DA9000E9BD2AB1B4F84E20B4F848309A42E6D82D
:10DAA000B4F84420B4F842309A420ED2B4F844207C
:10DAB000B4F848309A42DAD2A27CB4F840304AB97D
:10DAC000052B7FF6B0AC3E23D2E794F82C31002B27
:10DAD000CDD1EBE7B4F842209A423FF6A4AC08233C
:10DAE000C6E71623C4E71E23C2E73D23C0E72A2367
:10DAF000BEE72323BCE700BFF8150020440B00203D
:10DB00000901000987120849241600202816002060
:10DB1000401600204816002073B5424D00260446EA
:10DB200068602E812E706E74FF2380F84C30837BEA
:10DB30000B3B012B11D8C388B0F836229B1A19046D
:10DB40000BD400F50C71173008F0E5F9A37B0C2B12
:10DB500008BFA673FF2384F84B30B4F820220132AB
:10DB600092B204F1A801204608F01BFA0023A4F8A1
:10DB7000203294F84A302BB1B4F84620B4F848303B
:10DB80009A4214D294F950302BB1B4F84E20B4F824
:10DB900048309A420BD2B4F84220B4F84430934251
:10DBA00005D2A17CB4F8403039B9052B07D9002142
:10DBB0000846FFF713FA002027E09A42F7D994F8B5
:10DBC0009E10FE2923D01848FAF7A0FD6C68174A6A
:10DBD000A17B94F852000AF046FB154B00901549C2
:10DBE0002046F4F73FF96C68237BDA0703D50E482B
:10DBF0000021F9F7EDFB237B9B0703D504F25910B5
:10DC0000FAF7E2FB00232373012002B070BD0A4B38
:10DC10001C68002CDAD003F09FFC02460B46024839
:10DC2000A047D3E7400B0020440B0020A9CB000005
:10DC3000DDCF0000E5CB00004C160020B0F820320C
:10DC40000B4470B5A0F82032B0F840300B44A0F877
:10DC5000403004460D4616460AF071F990B1636BE8
:10DC60000B44636304F1A801204609F047FAD4E9A4
:10DC70000D239A4206D300231449636304F5A87068
:10DC800008F0E2FC94F84A3023B1B4F846302B4453
:10DC9000A4F8463094F9503023B1B4F84E302B44F8
:10DCA000A4F84E3094F82C311BB9237C073B012B90
:10DCB00004D8B4F844302B44A4F844302046FEF78E
:10DCC000C3FF16B1E3881D44E58070BD6B70010091
:10DCD000014B024A1A6070473416002019DF000019
:10DCE000014B1874704700BFC80B0020074B93F915
:10DCF00000301844142804DC10F17F0F03DB40B21D
:10DD00007047142070476FF07E007047360C00207B
:10DD100007B57F230DF107008DF8073001F08AFA6F
:10DD200003469DF9070053B1094B5B785B4240FA0B
:10DD300083F0142806DC10F17F0F05DB40B203B03E
:10DD40005DF804FB1420FAE76FF07E00F7E700BFF0
:10DD5000360C0020024B00221A705A70704700BF28
:10DD6000360C002038B50E4D2B78013B092B03D91A
:10DD70004F216120F2F796FB1021F2F76DFF297811
:10DD800010231822044601FB0232002105F050FD49
:10DD9000FF232373236943F00203236138BD00BFCF
:10DDA000380C0020014B1870704700BF380C002061
:10DDB00038B58B780568013B092B0C460ED84B789B
:10DDC000013B092B94BF0023012395F8A81081BBC8
:10DDD00033B12146BDE8384008F082BE0123F4E7A4
:10DDE000EB7B9BBB4B23EB7308F027FEB5F8AA0037
:10DDF0001021F2F76DFFA378037062780273144A62
:10DE000012789A4213D31822013B02FB030310330A
:10DE1000E21C04F11B0152F8045B43F8045B8A42E4
:10DE2000F9D1437BA27801339A4208BF42730020A4
:10DE300038BD23B1BDE838402B2108F040BE2B6827
:10DE4000DA0403D443F480532B60CDE70120EFE7DD
:10DE5000380C002038B50B680446451C1021B3F877
:10DE6000AA00F2F735FF074B427B1B789A423CBF72
:10DE70000132D3B243702846A3700AF03FFB1B2047
:10DE800038BD00BF380C00202DE9F04103689A7BB3
:10DE90004C2A06460D4638D1B3F8AA001021F2F7F5
:10DEA00017FF95F8028047784745044613D118229A
:10DEB0007B1E02FB03031033EA1C05F11B0152F821
:10DEC000040B43F8040B8A42F9D1AB78627B93428E
:10DED00038BF13466373304608F0A7FD6B7862784D
:10DEE000934208D90A490978914204D9474502D199
:10DEF0000020BDE8F08123730649A01C08F09BFBBD
:10DF00003368002283F84021F2E70120F1E700BFE7
:10DF1000380C00204785010070B5056804461021C3
:10DF2000B5F8AA00F2F7D4FE064695F840314BB199
:10DF3000204608F07AFD0449B01C08F07CFB002361
:10DF400085F8403170BD00BF47850100034B0021BB
:10DF50004FF480521970A3F8012070473C0C002048
:10DF600070B50646022014460D4600F0D9F8064B5F
:10DF700001221A70054B033CC3F81045C3F808652D
:10DF8000C3F8045570BD00BF3C0C002000F00040F9
:10DF900008B5022000F0C4F809480A4B0A494FF0BE
:10DFA000010C80F800C000224FF40000C3F80021EB
:10DFB000C3F80421C3F80821C1F8040508BD00BF57
:10DFC0003C0C002000F0004000F00140114B1A789A
:10DFD0006AB1114A11494FF40000C2F80805D1F89E
:10DFE00000213AB91021002099705A701870002051
:10DFF00000F096B8D1F80421002AF3D0D1F8082116
:10E0000022B9D1F800140122C9B2ECE71021002294
:10E01000E9E700BF3C0C002000F0014000F00040A8
:10E0200008B5022000F07CF8064B074800220121C9
:10E030000170C3F80021C3F80421C3F80821196056
:10E0400008BD00BF00F000403C0C002008B5114B9B
:10E050001A7892B1104AC823D2F8001141B1D2F80F
:10E06000040120B1D2F80801B0FA80F0400908BDDF
:10E07000013B13F0FF03EFD102E05878022804D1EE
:10E080000620FAF771F9002008BD431E5842584196
:10E0900008BD00BF3C0C002000F000400A4B1A787D
:10E0A0007AB10A4BD3F800214AB1D3F8042132B136
:10E0B000D3F808211AB9D3F80004C0B27047102071
:10E0C00070479878704700BF3C0C002000F000407B
:10E0D00008B50A4BD3F80025032A04BF01229A6031
:10E0E0000022C3F80025C3F8002501F0D9FC044B39
:10E0F0004FF40002C3F8082508BD00BF00F000403F
:10E1000000F00140054B4FF40042C3F88020BFF3FC
:10E110004F8FBFF36F8FFFF7DBBF00BF00E100E061
:10E1200010B50446FFF7D4FF012C06D0022C0CD00A
:10E1300054B18C213D20F2F7B5F90B4B0222C3F804
:10E1400000250A4AC3F8142510BD074B0322C3F863
:10E150000025064AC3F8142503F580334FF4000266
:10E16000C3F80425F0E700BF00F000403F0C00209A
:10E170004FF08053D3F8A00000F00100704700BFBB
:10E180004FF08053D3F8A420D3F8A830511C9BB291
:10E1900003D14FF6FF718B4203D0026083800120D0
:10E1A00070470020704700BF4FF0805330B4D3F861
:10E1B0009050D3F89440D3F89810D3F89C2005EAF7
:10E1C00004030B401340013302D1002030BC7047E0
:10E1D000056044608160C26030BC0120704700BFB0
:10E1E0004FF0805330B4D3F88050D3F88440D3F844
:10E1F0008810D3F88C2005EA04030B401340013348
:10E2000002D1002030BC7047056044608160C2606C
:10E2100030BC0120704700BFEFF3108272B60F4B85
:10E2200093F8451011B9BAB962B670475B78012B03
:10E230000FD0022BF7D18307F5D40948094B10B44E
:10E2400001210024C0F84045196102B962B610BC32
:10E2500070474107E7D4F0E7704700BF500D00203A
:10E26000008000400010004010B504463948631E8D
:10E270000472072B68D8DFE803F0494E5358675DF6
:10E280006204354B0F22C3F810258389B3F5166F4E
:10E290003ABFA3F6381343F48072A3F516622E4BEF
:10E2A00001F07F01C3F808250022C3F85415C3F814
:10E2B0001C21D3F80022082C42F488724FF0FF0191
:10E2C00080F82F10C3F800220ABF40F2022140F26A
:10E2D0000311224AC3F8341518BF40F25B62C3F839
:10E2E00038251F48214601F0F5FC204601F092FA3E
:10E2F0001C4B1B68062B08D0013306D0164AD2F8F7
:10E30000683543F4C023C2F8683510BD124B0322B0
:10E31000C3F81025B9E7104B0422C3F81025B4E761
:10E320000D4B0522C3F81025AFE70B4B0622C3F8AF
:10E330001025AAE7084B0022C3F81025A5E7064BD5
:10E340000122C3F81025A0E740F645513E20F2F720
:10E35000A9F800BF500D002000100040211001005E
:10E360007D0D00207010002030B5364C431E83B068
:10E370002072072B5CD8DFE803F03D42474C5B512D
:10E380005604314B0F22C3F81025A3892E4DB3F547
:10E39000166F3ABFA3F6381343F48073A3F51663E0
:10E3A000C5F8083501F07F03C5F8543594F9092004
:10E3B00001AB01F0C3FD9DF8050002F093FA0028BF
:10E3C0003BD19DF904001F4901F09AF9237A1D48B9
:10E3D000082B07BF1D4B40F2022240F2031240F20D
:10E3E0005B63C5F83425C5F8383503B0BDE8304067
:10E3F00001F016BC144B0322C3F81025C5E7124BDD
:10E400000422C3F81025C0E70F4B0522C3F81025DE
:10E41000BBE70D4B0622C3F81025B6E70A4B0022D6
:10E42000C3F81025B1E7084B0122C3F81025ACE76B
:10E4300040F645513E20F2F735F840F2E3513E20D8
:10E44000F2F730F8500D00200010004021100100BC
:10E450002DE9F043061E83B014BF022004200023E0
:10E460000F4690468DF804008DF8063003F076F8DC
:10E4700001284FF0FF3088BF00208DF8050001A86B
:10E4800005F004FB002840F0E0807A4D012385F878
:10E49000453002F023FF04460028FAD0764B4FF4B3
:10E4A0000022C3F80825002E41D195F82A304FF0FC
:10E4B000010985F80190002B54D095F82C30002BE1
:10E4C0005BD16E4B6E4A33F818106E4B01F5FA7142
:10E4D000A3FB0131684BA7EB9111C3F8AC252B6A64
:10E4E000694A6A4F95F82B0043F400232B622B698D
:10E4F0001944614BC2F84015C3F8A875012785F887
:10E500002A704FF40027C3F80475002854D095F8FA
:10E510002C00002843D05E48C3F8AC05D2F8403147
:10E52000002B49D00024204603B0BDE8F083012E23
:10E5300040F0908095F82A3002226A70002B6AD051
:10E5400095F82C3023B34E4B0022C3F81C21D3F88E
:10E55000002242F48872C3F80022FF23394685F86E
:10E560002F30BCE7A97A4046FFF7FEFE95F82C3025
:10E57000002BA6D0424BC3F80090464B33F818103E
:10E58000404B01F5FA71A3FB0131A7EB9111A6E70E
:10E59000394B414AC3F8AC25A7F129019FE7384B15
:10E5A000D3F8002242F00102C3F80022D3F850351C
:10E5B00003F0F603022BB5D0334B0122DA64D3F813
:10E5C0004C358B42AEDAEB89952B0BD9002E2DD032
:10E5D000324B2931D9601846314902F071F9431C98
:10E5E000012B41D801A805F05DFA002837D16B78DE
:10E5F0009DF80420012B0BD0022B94D1930792D4C9
:10E6000021491F4B00200122C1F840051A618AE709
:10E61000520788D4F4E7A97A4046FFF725FE95F81B
:10E620002C30002BB4D0164B5E608CE71B4B28318E
:10E63000D96018461A4902F03DF9431C012BD1D983
:10E6400040F2C2613E20F1F72DFF40F65C313E20E2
:10E65000F1F728FF40F634013E20F1F723FF40F6A2
:10E660009F313E20F1F71EFF40F2CC613E20F1F7D2
:10E6700019FF00BF500D002000F001400C430200C4
:10E6800000100040D34D62100080004040810040E7
:10E690000810004020430200041000404400002005
:10E6A00060420200482210B50021174805F0C0F86A
:10E6B000164801F0DDFA164B1A68102A13D8012308
:10E6C000934013F4A2341BD113F4045F0BD0114810
:10E6D0004022FF2105F0ACF84FF08043C3F8084E0C
:10E6E000C3F8104E10BD0B483822FF2105F0A0F8EA
:10E6F0004FF080430022C3F8082EC3F8102E10BD3F
:10E7000004482422F1E700BF500D00207D0D0020B9
:10E7100070100020000E0040014BD881704700BFF0
:10E72000500D0020024B012283F82C20704700BFBF
:10E73000500D0020024B0344187E00F51660704710
:10E7400060420200014B187F704700BF500D00204F
:10E75000024B98691B69C01A704700BF500D00201A
:10E7600010B50D4A0D4B117F5469126903EB8103FB
:10E77000A41A186C0A4B0B4A53F8213003F2F31316
:10E78000A2FB0323241AA4EB931402F0E5FE201845
:10E7900041F1000110BD00BF500D00206042020099
:10E7A000F8420200D34D6210FF2808B531D81B4B48
:10E7B00001391885072922D8DFE801F0041D161653
:10E7C0002104041A164A4FF44031164B084340F016
:10E7D0000070C3F81425C3F81805D3F8503503F0BA
:10E7E000F703032B10D008BD0F4A4FF44031ECE77C
:10E7F0000E4A0021E9E70E4A4FF44031E5E74FF4B5
:10E800004F713E20F1F74EFE40F256313E20F1F7B7
:10E8100049FE40F2CB213E20F1F744FE500D00208E
:10E820000801100000100040080190630800000675
:10E83000080110011E4AD2F8003223F0020343F40B
:10E84000801310B5C2F800321A4C1B4BC4F8A03527
:10E8500003F5DE431C33C4F8A4354FF48023C4F819
:10E8600004350378032B1DD14378144C0129D2F8C9
:10E870001415606803F03F0321F4702143F40C3356
:10E8800040F0030043F4207308BF41F400216060AE
:10E89000C2F81415C2F80009C2F81039012384F82F
:10E8A000443010BD40F2AB313E20F1F7FBFD00BF1C
:10E8B0000010004000F001402C110040500D0020DD
:10E8C0000B4B1B68062B02D0013300D07047094B5D
:10E8D0001B68063B0833F9D9074AD2F8743723F08E
:10E8E000807323F0010343F08073C2F874377047DC
:10E8F000701000207410002000100040224B2DE901
:10E90000F0410227C3F88070BFF34F8FBFF36F8FC2
:10E9100002F0DEFC044602F01FFE1C4D001B1C4CE6
:10E9200000264FF001082061C5F8FC6FC5F8FC8F88
:10E9300001F018F9174AC5F83085107C40F2012221
:10E94000C5F85026C5F8007201F0E4FF124A1349D9
:10E95000A683A661668584F82C6084F84460C2F8BA
:10E960000415D5F80019084B6160A26CC3F88071DA
:10E970009621E1811021C5F804131F6002B1904770
:10E98000BDE8F04101F08ABF00E100E00010004066
:10E99000500D00204400002000F001400000020C57
:10E9A00003682849284A10B51C0E1B02C1F82445EB
:10E9B000C1F81C354368C1F83C35037A234993728A
:10E9C00019444389097E01F516619181FF2B417A33
:10E9D00032D801391385072924D8DFE801F0041F54
:10E9E00018182304041C1A4C4FF440310B431549EA
:10E9F00043F00073C1F81445C1F81835D1F850350B
:10EA000003F0F703032B12D0037B537210BD114C9C
:10EA10004FF44031EAE7104C0021E7E70F4C4FF488
:10EA20004031E3E74FF44F713E20F1F73BFD40F2F8
:10EA300056313E20F1F736FD40F2CB213E20F1F772
:10EA400031FD00BF00100040500D00206042020068
:10EA50000801100008019063080000060801100179
:10EA6000014B5872704700BF500D0020034B020E3F
:10EA70000002C3F82425C3F81C05704700100040AD
:10EA8000044B054A034490721B7E03F51663938181
:10EA9000704700BF60420200500D0020014B98817A
:10EAA000704700BF500D0020F0B5674C94F82B3034
:10EAB00083B0002B00F0B380002814BF0222042290
:10EAC000002305460F468DF804208DF8063002F02D
:10EAD00045FD01284FF0FF3088BF00208DF805006C
:10EAE00001A804F0D3FF002840F09480574A84F82E
:10EAF0002C00012384F8453084F82A30D2F8003203
:10EB000043F00103C2F8003202F0E8FB0028FBD01A
:10EB1000002D58D0012D0AD04D4BD3F84C65E38918
:10EB2000952B21D94FF4DA613E20F1F7BBFC02238B
:10EB3000A17A63703846FFF797FB6378022B7DD18B
:10EB4000434B424ADD645560D3F84C65E389952B0D
:10EB50000AD9404A404906F129031046D36001F022
:10EB6000AFFE0130012864D801A804F09BFF002803
:10EB70005AD163789DF80420012B1DD0022B08D1B7
:10EB8000930706D4324A314B0021C2F840150122C6
:10EB90001A612369F61A1DB106F1290003B0F0BD10
:10EBA0002E4B2F4A33F8173003F5FA73A2FB0323D9
:10EBB00006EB931003B0F0BD5207E3D52369F61AB4
:10EBC000002DE9D1ECE70123A17A63703846FFF705
:10EBD000CBFB6378012B18D11D4A1C49D3640B6011
:10EBE000E389D2F84C65952BBED91A4A1A4906F129
:10EBF00028031046D36001F05DFE01300128B3D92F
:10EC000040F2C2613E20F1F74DFC4FF4E9613E2035
:10EC1000F1F748FC40F65C313E20F1F743FC40F24E
:10EC200006713E20F1F73EFC40F69F313E20F1F7A1
:10EC300039FC40F2CC613E20F1F734FC40F25171D6
:10EC40003E20F1F72FFC00BF500D002000100040C7
:10EC50000080004044000020604202000C4302009B
:10EC6000D34D621008B5FFF7F3FB00B108BD054BAB
:10EC700005490122C1F840051A610220BDE808409B
:10EC8000F9F772BB0010004000800040F8B51D4D40
:10EC90006B7F8BB304461646084654B1012C1BD03B
:10ECA000002029693246411A2046FFF7D1FB40B1C6
:10ECB000F8BD012BAF69297F16D000F029FD38443B
:10ECC000EFE7114B11490122C1F840051A610220FA
:10ECD000BDE8F840F9F748BB012BAF69297F07D0A1
:10ECE00000F04AFD3844DCE700F034FD3844D8E752
:10ECF00000F01CFD3844D4E740F6C1013E20F1F796
:10ED0000D1FB00BF500D00200010004000800040EB
:10ED1000F0B5474A474F484C484ED2F804530221B9
:10ED20004FF0FF3083B00023C2F80803C7F880110A
:10ED3000C2F800124FF46021C6F84035C4F8081537
:10ED4000D2F850153E4CC9B205F01005638584F821
:10ED50002C30002938D1E389952B04D96378012B15
:10ED60005CD0022B50D0324E36480027C6F81071C6
:10ED7000394600F081FF94F844302780EBB1D6F893
:10ED800000322D4A84F8447023F4801343F00203C8
:10ED9000C6F800324FF48023C2F80835D6F814259F
:10EDA000636822F47022C6F8142523F00303264A70
:10EDB0006360C6F80039C6F810291DB11C4B10223B
:10EDC000C3F8042303B0F0BD01218DF80700C2F899
:10EDD000103111619DF807304BB90CE09DF80730F8
:10EDE000013BDBB28DF807309DF807301BB1D2F83C
:10EDF0001031002BF2D09DF80730002BABD140F63C
:10EE0000FF013E20F1F74EFB01F066FD01300128C5
:10EE1000A9D940F617113E20F1F744FB01F056FD49
:10EE2000013001289FD940F611113E20F1F73AFB3D
:10EE30000010004000E100E000F0014000800040D0
:10EE4000500D00207D0D002080320200264B10B5B1
:10EE50000022264CC3F84825C3F84425C3F84025B2
:10EE6000C3F84C25FFF754FF01F01EFD94F8453020
:10EE700023B104F011FE68BB84F84500002004F0C3
:10EE800017FE60BB226A1A49174B42F0446242F4F3
:10EE90000032C1F80825174AE07002212062C3F849
:10EEA00048056061C3F84405A061C3F84005C3F894
:10EEB0004C05C3F84801C3F84401C3F84001C3F846
:10EEC0004C01C2F88010BFF34F8FBFF36F8FC2F8B1
:10EED000801110BD40F2AE413E20F1F7E3FA40F25E
:10EEE000B1413E20F1F7DEFA00800040500D0020D5
:10EEF00000F0014000E100E0F8B52B4C2378B3B1FD
:10EF000088B9667FE0895F1E18BF0127002E46D0B2
:10EF1000012BA569217F13D0012EA2783BD000F0F0
:10EF20002BFC411911E0BDE8F840FFF7F1BE94F861
:10EF30002C206370E3701AB31C4AC2F84031F8BD4C
:10EF4000012E21D000F0E4FB4119206994F82C3007
:10EF50000022091A2280DBB1144BC3F84021A278A9
:10EF60003846FFF775FA0028E9D1114B0F49012205
:10EF7000C1F840051A610220BDE8F840F9F7F4B97C
:10EF8000628584F82C20F8BD00F0E4FB4119DCE731
:10EF900084F82A30E3E700F0C9FB4119D5E740F6D1
:10EFA000C1013E20F1F77EFA500D002000800040A4
:10EFB00000100040014BC3F83C05704700100040B2
:10EFC00010B50446074804F073FD28B994E80F0013
:10EFD000054C84E80F0010BD40F668113E20F1F7A3
:10EFE00061FA00BF19E200009C0D0020174B184A7F
:10EFF00093F82A10C2F804054FF0010C83F82BC0D7
:10F00000586209B393F82C3093B102F5F0321149EC
:10F01000114BC2F8AC15D3F84031ABB10E490C4BD3
:10F0200000200122C1F8400503201A61F9F79CB9BC
:10F03000D2F8003243F00103C2F80032D2F8503562
:10F0400003F0F603022BE9D0704700BF500D0020FB
:10F0500000100040081000400080004008B5144B2C
:10F06000144A93F82A10C2F804054FF0010C83F8F3
:10F070002BC05862D1B193F82C305BB10E4A0F49C6
:10F080000F4BC2F8AC15D3F840317BB1FFF740FE0F
:10F09000002008BDD2F8003243F00103C2F800326C
:10F0A000D2F8503503F0F603022BEFD0012008BD53
:10F0B000500D00200010004000F0014008100040FA
:10F0C0000080004038B5174B19699A69084482429C
:10F0D0001DD215490124DC704C64D1F84425053259
:10F0E000824205D3114BD3F8042102B91C6138BD0B
:10F0F0001A6A0F4C0025C1F8445142F48002C1F84D
:10F1000044054FF480011A62C4F8041538BD02208A
:10F11000F9F72AF90449054B00200122C1F84005FE
:10F120001A6138BD500D00200080004000100040E2
:10F1300000F0014038B51F4C94F81DC0217F227AA1
:10F14000BCF1010F0346E08923D000F043FBA36923
:10F150001844834223D2184A0121E1705164D2F845
:10F1600044350533984205D8144BD3F8042102B92D
:10F17000196138BD236A12490025C2F8445143F48D
:10F180008003C2F844054FF480022362C1F80425CD
:10F1900038BD00F001FBA36918448342DBD3022091
:10F1A000F9F7E2F80449054B00200122C1F84005B7
:10F1B0001A6138BD500D0020008000400010004052
:10F1C00000F00140C30003F1804303F5F83310B4AD
:10F1D000084A094CC3F81025012202FA00F0226AFD
:10F1E000C3F81415054B0243226210BCC3F8040592
:10F1F000704700BF04110040500D002000F0014096
:10F20000044BC3F86005D3F8002242F04002C3F873
:10F210000022704700100040054BD3F80022002167
:10F2200022F04002C3F80022C3F86015704700BF07
:10F23000001000400F4AD2F81C314BB90E4A92F828
:10F240002F20FF2A17BF5242184602700120704734
:10F25000D2F8483503F07F0300215B4282B003708F
:10F26000C2F81C11D2F81C310193019B012002B09D
:10F27000704700BF00100040500D002030B5304CEA
:10F2800083B094F82C30A17020BB0122227023B3EC
:10F29000237A99424ED12B4D94F90920D5F80032AA
:10F2A00043F00403C5F80032084601ABA17A00F030
:10F2B00045FE9DF8050001F015FB002835D19DF9AC
:10F2C0000400214600F01CFA204603B0BDE830409F
:10F2D00000F0A6BC022222700BB903B030BD237A25
:10F2E0008B4227D1174A0128D2F8003218D143F0B7
:10F2F0000803C2F80032144800F0ECFC207A00F059
:10F3000089FA124B1B68062BE7D00133E5D00D4A72
:10F31000D2F8683543F4C023C2F8683503B030BD75
:10F3200043F00403C2F80032E5E740F2E3513E2027
:10F33000F1F7B8F840F6C7213E20F1F7B3F800BF67
:10F34000500D0020001000407D0D002070100020A6
:10F3500010B5244C94F82C3082B0002B3AD0224ABD
:10F3600094F808C0D2F8003201281BD043F00403FF
:10F37000C2F80032D0B994F90920A17A01AB6046F5
:10F3800000F0DCFD9DF8050001F0ACFA20BB9DF912
:10F390000400214600F0B4F9204602B0BDE8104058
:10F3A00000F03EBC43F00803C2F800320F4861464B
:10F3B00000F090FC207A00F02DFA0D4B1B68062B14
:10F3C00008D0013306D0084AD2F8683543F4C02388
:10F3D000C2F8683502B010BD40F2E3513E20F1F7AB
:10F3E00061F800BF500D0020001000407D0D00208E
:10F3F00070100020054B064A0021C3F84015D2F8D2
:10F400005035DBB20BB1012313617047008000401F
:10F410000010004030B4044BD3E90E451B6CC0E92A
:10F42000004530BC0B607047500D00202DE9F041C5
:10F4300001F052FFA44BA54C0122DA64D3F84C35FD
:10F440002364C4E90E0104F1200104F12D0000F051
:10F450007FFC08B1BDE8F081E389952B054606D90C
:10F460006378012B00F0A780022B00F0AF80984852
:10F47000236AC0F808350021964BC0F8AC1521620C
:10F48000D3F8002284F82B1022F48E7222F00102AD
:10F49000C3F8002294F84420E2B1D3F8002284F8A3
:10F4A000441022F4801242F00202C3F800224FF40A
:10F4B0008022C0F80825D3F81415626821F4702161
:10F4C00022F00302C3F814156260C3F80029824ACF
:10F4D000C3F810297C4A6778D2F84815A16167778C
:10F4E000D2F844157B4B61610026022FD3F80C0142
:10F4F000D3F81011C3F80061C3F80C61C3F81061B0
:10F50000C3F80461C3F80861C3F86C610CD0012F23
:10F510003FD000299ED02378002B62D0FFF7F8FB64
:10F52000A36DBDE8F0411847E37813B1D2F8443138
:10F5300033BB002868D100298CD02378002BEDD173
:10F5400094F82C306070E070002B00F0AB805E4BC4
:10F55000C3F84001E4E71A0705D013F0F00F02D01A
:10F5600013F4706F5BD15B49C3F30442012AD1F8F5
:10F57000541454D1012952D0C3F34253022B4ED814
:10F580002378002B36D0FFF7C3FBE36CBDE8F041D6
:10F590001847237A237700285FD100293FF45AAF18
:10F5A0002378002B6AD0FFF7B3FB0021636D084678
:10F5B000BDE8F041184701F089F9013001287FF6D4
:10F5C00056AF40F611113E20F0F76CFF01F084F9C0
:10F5D000013001287FF64BAF40F617113E20F0F7BF
:10F5E00061FF94F82C106370E37000293ED0C2F8DC
:10F5F000403195E794F82C206370E370002A39D0ED
:10F60000314AC2F84031C0E7344B1B68062B06D0A4
:10F61000013304D02F4BD3F85034D9019BD4237A33
:10F62000268D002B4BD0DA1E012A2FD9012700206E
:10F630002377FFF761FC274BD3F8000410F001009B
:10F6400006D0636A5B78B3428CBF002007F00100EC
:10F65000236D2946BDE8F04118473046FFF74CFCC2
:10F66000636D39463046BDE8F0411847618584F83E
:10F670002C1055E7628584F82C2086E794F82C102E
:10F680006370E37091B1C2F840318EE7114BD3F84B
:10F69000143413F006030DD0022B0ED000270125E1
:10F6A0000323C4E7608584F82C0039E7618584F87A
:10F6B0002C107AE703230127B9E70423B6E740F2C9
:10F6C0004D213E20F0F7EEFE00800040500D00205E
:10F6D00000F0014000100040803202007010002055
:10F6E000024B03EB8003186C704700BF60420200BE
:10F6F000024B03EB8003586D704700BF604202006D
:10F70000024BC0B2C3F80C05704700BF00100040A8
:10F7100010B504460846FFF7EBFF034AA2FB0020A2
:10F72000A4EB901010BD00BFD34D6210074A4FF4F8
:10F730007A7332F9112003FB00F000F2E730044B3A
:10F740001044A3FB0030800902387047E4420200F5
:10F75000D34D6210064B074A33F911104FF47A73F8
:10F7600000FB03300844A2FB00208009704700BF63
:10F77000E4420200D34D621010B504460846FFF77C
:10F78000B7FF044A00F2E733023CA2FB0320A4EBDC
:10F79000901010BDD34D621038B50C4C34F91110D7
:10F7A00004EB82041D4664690C4404F6B7344FF43C
:10F7B0007A7101FB004406491046A1FB0414FFF7CF
:10F7C0008FFFA40905352544284438BDE4420200D2
:10F7D000D34D621038B5054608461446FFF788FF3A
:10F7E0000A4B03EB8403024620465C69084B4FF446
:10F7F0007A7104F6B73401FB0544A41AA3FB043460
:10F80000FFF76EFFA4090530204438BDE442020032
:10F81000D34D62100C4B1B68082B00D070470B4A6D
:10F820000338D2F84037012823F0004302D9C2F848
:10F830004037704723F47F4343F0004343F444438D
:10F84000C2F84037704700BF701000200010004021
:10F85000024B00221A705A709A707047AC0D00204B
:10F860002DE9F04F83B005469DF83CA09DF83090FF
:10F870009DF84080494C1E460120BDF83830019368
:10F880008B461746FEF74CFC05F00303DFF810E14A
:10F8900084F803A043EA0A4343F08073CEF80435AA
:10F8A000DBF80410DBF80820DBF80C30DBF8000094
:10F8B00004F1040BDC46ACE80F00C4E905760D9BAF
:10F8C00084F81C90374A19685B68CEF808B5C4F80C
:10F8D00021301368C4F81D10062B08D0013306D060
:10F8E000DEF81835019961F30703CEF818352E4B71
:10F8F0002E49C3F8081515F0FB0F16D0B8F1020F0A
:10F9000047D813680D2B1DD1294A254B12F8082022
:10F91000C3F82025012D1FD00123022D637084F828
:10F92000255023D903B0BDE8F08F2249C3F89815BC
:10F93000B8F1020FA1F1FC01C3F89C1529D8136896
:10F940000D2B1FD0102BDFD0B8F1000FE2D04FF4F9
:10F95000BF713C20F0F7A6FD134B1749174AC3F8B7
:10F96000981584F82550C3F89C2565700C4B01222E
:10F9700000212270C3F80011C3F800121A6003B00E
:10F98000BDE8F08F0A4A064B12F80820C3F820257C
:10F99000C2E74FF4BA713C20F0F784FDAC0D0020B3
:10F9A00000F000407010002000F001400000020252
:10F9B0003443020000F10040501100400CF00040C0
:10F9C0001A4A537870B563B3194BC3F80C15C3F8D2
:10F9D000100592F8255001249470B5B91278E2B15F
:10F9E000144AC3F804514FF40035C2F80455D3F853
:10F9F000006116B15C60C2F808550B7803704B7853
:10FA0000043343708B78837070BD00211470C3F889
:10FA10000411C3F800421C6070BD97213C20F0F730
:10FA200041FD4FF4D5713C20F0F73CFDAC0D0020BA
:10FA300000F0004000F0014008B5144B5A7802B3C2
:10FA4000134AC2F80C151978C2F810054FF0010CD2
:10FA500083F802C089B10021C2F80411DB78023BAF
:10FA6000012B05D80B480323C0F85011C2F81C35F0
:10FA7000094B0A4AC3F8042508BDBA213C20F0F717
:10FA800011FD4FF4DF713C20F0F70CFDAC0D0020B0
:10FA900000F000400010004000F0014000000202B1
:10FAA0000A4B1A786AB10A490A48C1F808050022C7
:10FAB000C1F89825C1F89C25C1F89825C1F89C2566
:10FAC0001A7000225A709A70704700BFAC0D002067
:10FAD00000F0014000000202F8B51B4B1B786BB32D
:10FAE0001A4CD4F8043113BB194B0222C4F8042376
:10FAF0001F691A6942F010021A61D4F8043107F044
:10FB0000100753B9134E4FF40045C6F8805108F062
:10FB100023FFD4F80431002BF7D027B90C4A13691E
:10FB200023F010031361094B0222C3F80823074B8B
:10FB3000D3F80004003818BF0120F8BD4FF4F2716B
:10FB40003C20F0F7AFFC00BFAC0D002000F00040FF
:10FB500000ED00E000E100E0014B01229A607047F7
:10FB600000F000402A4A1368062B10B51DD001335F
:10FB70001BD0284C284BC4F8783700F0C5FE38B1AC
:10FB80004FF08053D3F83033591C18BFC4F84C37AA
:10FB90004FF010231B6E5A1C06D01E49D1F88C253D
:10FBA00063F31742C1F88C2510BD1C490B68063B56
:10FBB000083320D91748D0F83C3723F0004323F00E
:10FBC000FF0343F0004343F09603C0F83C3713684B
:10FBD000062B0DD10B68063B0833CAD90D4AD2F863
:10FBE000403723F47F4343F4B053C2F84037C0E7B3
:10FBF0000133EFD0BDE70748D0F83C3743F48063CA
:10FC0000C0F83C371368062BD4D00133D2D0B0E70C
:10FC100070100020001000402C000089741000209B
:10FC2000104B1B68062B02D0013300D070470E4BDF
:10FC30001B68063B0833F9D9027A0C4B0B49D3F801
:10FC40008835022A4FF0805223F4FE43D2F8202355
:10FC50000CBFC2F30662C2F3062243EA0223C1F8D4
:10FC6000883570477010002074100020001000408C
:10FC700045F6FF7343807047D1B1154AD2F83C373F
:10FC800023F0004323F0FF0343F0004343F07D03E0
:10FC9000C2F83C37D2F87C3723F0004323F07003DE
:10FCA00043F0004343F06003C2F87C374170704773
:10FCB000074BD3F83C2722F00042C3F83C27D3F887
:10FCC0007C2722F00042C3F87C274170704700BFB8
:10FCD000001000401C4B1B68082B00D070470339F4
:10FCE00001290FD9194BD3F83C2722F00042C3F861
:10FCF0003C27D3F87C27002122F00042C3F87C2760
:10FD000041707047114A0121C2F80413D2F83C3700
:10FD100023F0004323F0FF0343F0004343F07D034F
:10FD2000C2F83C37D2F87C3723F0004323F070034D
:10FD300043F0004343F06003C2F87C374170D16365
:10FD400011640170704700BF701000200010004067
:10FD500003460078002863D0F0B5744AD2F8044115
:10FD6000D2F810512C4383B05BD1D2F80051002D52
:10FD700066D0C2F8004101245461FF240094009C25
:10FD80002CB908E0009C013C0094009C1CB1D2F806
:10FD90001C41002CF6D0009A002A00F0C180634A72
:10FDA000DD78D2F8484504F07F04A542C0F08C808D
:10FDB0005E4A9C7001230024C2F81C41C2F808333B
:10FDC000136493635A4B594C01228025C4F80453A1
:10FDD0001A64D3F84025D3F8446502F56A52183204
:10FDE00096424BD9D3F8402502F51C52103200251B
:10FDF000C3F8402504F5F034C3F84051A3F5DF43C0
:10FE00004C4AC4F8A8256C3BC4F8AC354FF4002329
:10FE1000C4F804350B6843F400230B6003B0F0BD55
:10FE2000704780244449C2F80843B5FA85F04FF47E
:10FE300000240022C1F8084540091A7003B0F0BD43
:10FE4000D2F848455F7804F07F049C70C2F81C51DA
:10FE5000DE7837BBA642D2F8742544D894B20F2C72
:10FE600002D9B2F5003F3ED3304B01221A649A63A7
:10FE70002E4BD3F81C310193019BA3E72E4900229E
:10FE80004FF40026C3F84025C3F84021C4F80853B6
:10FE9000C1F80865C3F84021C4F80853C1F80865E3
:10FEA000CCE7A642E4D2D2F83C4724F00044C2F8A2
:10FEB0003C47D2F87C4724F00044C2F87C475D7090
:10FEC000012313649363D3E7D2F83C5725F0004530
:10FED000C2F83C57D2F87C5725F00045C2F87C5751
:10FEE00000225A7064E7114CD4F83C2722F00042FB
:10FEF00022F0FF0242F0004242F07D02C4F83C27AB
:10FF0000D4F87C2722F0004222F0700242F0004236
:10FF100042F06002C4F87C2701225A702264A7E7ED
:10FF20004FF4EE71AF20F0F7BDFA00BF00100040B3
:10FF3000008000404081004000F001402DE9F04F7A
:10FF4000454C85B0054698460E46174600F020FD04
:10FF50002378AB42814602D16378B3423CD0082D6E
:10FF60001BD18DF80F70BB464FF0040A3046FEF7E8
:10FF7000E1FB00210346009152465846414600F0FD
:10FF8000B7FCB8F8003025706670A380A071A77028
:10FF900084F8039005B0BDE8F08F05F1FF3ABAF19F
:10FFA000060F50D8DFE80AF0044235284F04040059
:10FFB0000DF10F033A463146002000F0EFFC002817
:10FFC00046D19DF90FB0BAF1060F3CD8DFE80AF030
:10FFD00011382B1E3B11110094F90230BB42BED1E7
:10FFE000E3788342BBD1A38894F90600A8F80030D7
:10FFF000D0E74FF0000AB9E70DF10F033A4631465A
:020000021000EC
:10000000032000F0CBFC9DF90FB008BB4FF0030AB2
:10001000ACE70DF10F033A463146022000F0BEFC7A
:100020009DF90FB0A0B94FF0020A9FE70DF10F0341
:100030003A463146012000F0B1FC9DF90FB038B9C5
:100040004FF0010A92E740F289410620F0F72AFAC0
:100050004621A920F0F726FA5C000020014B186029
:1000600099807047D40D0020024BD86019745A82D1
:10007000704700BF000E0020014807F057B900BFCD
:10008000480E00201FB5134C237AADF80A30124BEE
:100090000193A3798DF80930082B01BFFF22ADF839
:1000A0000A20002201922268637900926846252284
:1000B0008DF808208DF80C30FEF772FC074AD2F854
:1000C000183523F00073C2F81835207900F04CFB86
:1000D00004B010BD300E00205555550000100040F2
:1000E00010B5074C04F11800F9F774F8E16804F151
:1000F00018000022BDE810408E39F9F77BB800BF28
:10010000300E002010B5FEF7F9FB0B4B0B4C1868B6
:10011000FEF756FFFF232372FFF7B4FF084B186862
:10012000FEF764FFA1790120FEF7BEFC04F1180080
:10013000BDE8104000F050BB50160020300E0020EB
:10014000200E002073B5054629B11D4802B0BDE858
:10015000704007F0EBB81B4E1B4C306801A908F04B
:10016000B7FAA379082B23D075B19DF804109DF838
:100170000520306801F00F0100F012FA20B1B4F848
:100180008C300133A4F88C303068FEF72FFFA17952
:100190000120FEF789FC00F017FB70B10B4AD2F882
:1001A0005035DBB2022B06D09121A720F0F77AF967
:1001B000002DE4D1E8E70123936002B070BD00BFD9
:1001C000480E0020200E0020300E002000100040BD
:1001D00037B5FEF793FB324B324C1868324DFEF7C1
:1001E000EFFEFFF74FFF637CABB12868FEF7FEFE22
:1001F000A1790020FEF758FC2C4A2D49D2F8003294
:1002000004F1180023F00103C2F8003203B0BDE886
:10021000304007F002B9237C63B103228DF804203B
:10022000012123FA02F201A88DF805208DF806308D
:10023000FEF700FBA3792868082B10D1627A217A97
:1002400008F09CFA2868FEF7D1FEA1790020FEF79D
:100250002BFC184803B0BDE8304000F0DBBA08F0D2
:1002600024FA227C637A2868003A18BF012203F03E
:100270000F0343EA42138DF8043001A9237A8DF865
:10028000053008F016FA217C19B12868C90808F071
:100290001BFA2868227A617A033000F01BF9D1E753
:1002A00050160020300E0020200E002000100040CC
:1002B00063860100480E002008B5F6F777FF054B6E
:1002C000054A1860054B1A6000F0E2F9BDE80840E5
:1002D00000F012BA200E0020C404010050160020C5
:1002E00008B5094807F08BF8014620B14FF41B719F
:1002F000A720F0F7D7F80548902203F099FABDE857
:10030000084000F0F9B900BF480E0020300E002070
:1003100070B505462D4806F0F0FF002851D12B7826
:10032000283BDBB2D62B4ED9AB797BB9AB78083BF7
:10033000DBB2F62B47D9EB78FF2B07D0013B032B21
:1003400041D86A7912B1DBB2012B3CD8204C8C2207
:100350000021201D03F06CFA1E4B2360287808F062
:100360008BF920712B7963716B782372AB79CBB1E8
:100370000123A37163746B792374A87800F006FAE3
:10038000154BC4F88830607200F08AF91349A064F4
:10039000A079A46108F0ABF9E0602067BDE8704087
:1003A000FFF79EBEEE78304600F0B4F938B9731E00
:1003B000032B03D93F216820F0F774F83046A07171
:1003C000D9E70C2070BD1220FCE700BF480E0020CA
:1003D000300E002029417671D1010100380E002035
:1003E00038B50546234806F088FF00283CD12B7815
:1003F000283BDBB2D62B3BD9AB78002B36D16B78C0
:10040000FF2B02D0013B022B32D81B4C8C22002147
:10041000201D03F00DFA194B2360287808F02CF901
:1004200020716D78284600F075F938B96B1E022BE3
:1004300003D95D216820F0F735F828460023A4F899
:100440008C300F4BE3600F4BC4F88830012384F8E5
:100450008E30A07100F024F9E368A064A4612367E2
:10046000BDE83840FFF73CBE0C2038BD1120FCE74A
:100470001220FAE7480E0020300E00202941767144
:1004800040420F000501010008B50C4BB3F88C2069
:1004900002800022A3F88C205A7C1AB103F11800C4
:1004A00006F044FF064800F0E1F920B9BDE8084035
:1004B000034806F0A4BF002008BD00BF300E002096
:1004C000480E00206F8601004501010079000100FF
:1004D00065860100B2F5817F2DE9F7438146144618
:1004E00003D98121AD20EFF7DDFF08291FD8DFE810
:1004F00001F0200D142316181A1C0500164E1027A3
:100500000025A5421BD303B0BDE8F0830F238DF86F
:10051000073001270DF10706F2E75523F7E7FF2320
:10052000F5E70023F3E7F023F1E7AA23EFE7BD2186
:10053000D8E70A4EFF27E3E7094EFF27E0E7A4EBE1
:100540000508B84528BFB84609EB050042463146C4
:1005500003F0F0F94544D4E77E8B01008089010067
:100560007F8A010038B50B46044611469A1C04F8F0
:10057000012B0A4A1568C0F80150082B5568127AF9
:100580006560227203D86721AD20EFF78BFFA3F1DE
:1005900009020A30BDE83840FFF79CBFD36502006E
:1005A0002DE9F743154600F10309082930D8DFE8A3
:1005B00001F00C0513201517191B1D000F238DF8D2
:1005C000073001270DF1070601E0144EFF27002434
:1005D000A54211D801201CE05523F0E7FF23EEE7E8
:1005E0000023ECE7F023EAE7AA23E8E70C4E102704
:1005F000EDE70C4EFF27EAE7A5EB0408B84528BF56
:10060000B8464246314609EB040003F0B3F818B18E
:10061000002003B0BDE8F0834444D9E7808901009D
:100620007E8B01007F8A0100024B1860C0688E3803
:10063000704700BF240E0020024B1860183006F0EF
:1006400075BE00BF240E002010B5094C206890F83C
:100650008E3023B92068BDE81040FFF7EDBF41F2AE
:100660008831183006F072FE0028F3D010BD00BFAC
:10067000240E002010B5054C2060183006F052FE04
:100680002368BDE81040D3F888301847240E0020B6
:10069000014B024A1A60704754160020AC06010054
:1006A000014B1868704700BF54160020290601004E
:1006B000E7860100750601003906010049060100C0
:1006C0002DF40000EB86010008B5094B5B7923B9D6
:1006D00040F29B11B220EFF7E5FE032907D1FEF7A8
:1006E000A5FE044B0022C3F86C21C3F80C2108BD01
:1006F0006A16002000100040054B0022C3F80120BC
:100700005A6003221A7040F662125A80704700BF86
:100710006A160020FF2808B5124B1ED101229A71DB
:100720001B780F2B15D8DFE803F0081B140A0C10F8
:100730000E141414141414141412062008BD0120ED
:10074000FCE70220FAE70420F8E70320F6E7082098
:10075000F4E75E21B220EFF7A5FE00209871EDE7E7
:100760000720EBE76A160020FF2808B508D12520EE
:10077000FEF786F9044B5888BDE80840FEF78EB9AD
:10078000BDE80840FEF77CB96A16002008B50C4B9E
:1007900000225A71FF280DD119790A2905D84FF482
:1007A000A962CA40D20700D558711B790A2B02D81A
:1007B000044AD05C08BD4FF4A771B220EFF772FE77
:1007C0006A16002037430200024B5879003818BFE0
:1007D000012070476A1600200A4B1A680A4B72B152
:1007E000FF225A71094B0A49D3F8002222F0020273
:1007F000C3F800220822C3F8042306F00EBE5A7183
:10080000704700BF280E00206A160020001000402C
:10081000C9060100124B5A790AB31B79033B072B17
:100820000CD8DFE803F0040B0B0E0B0E0B0E0D4A79
:10083000D2F8003223F00103C2F800320A4906F070
:10084000ECBD084BD3F8002242F02002C3F800228E
:10085000D3F8002222F00202C3F80022EEE770472C
:100860006A16002000100040C906010010B5064CB1
:1008700063793BB106F05AFD044B0822C3F8082304
:1008800000236371002010BD6A1600200010004094
:10089000014B1B681B681847B4000020014B1B6804
:1008A0005B681847B4000020014B1B689B68184721
:1008B000B4000020014B1B681B691847B4000020DE
:1008C000014B1B685B691847B4000020014B1B6893
:1008D0009B691847B4000020014B1B68DB6918476F
:1008E000B4000020014B1B689B6A1847B40000202D
:1008F00030B4044C9DF8085024680295E468A4467E
:1009000030BC6047B4000020014B1878704700BF2E
:100910005816002010B500220C49134640FA02F484
:10092000E40744BFCA545C1C02F1010248BFE3B2B1
:10093000042AF3D1054AFF24D118032B01D91071E1
:1009400010BD013301F8014BDBB2F6E7641600205D
:10095000D3870100D9870100DB87010001880100EE
:10096000DF8701000B880100E58701001588010081
:10097000EB87010021880100F7870100FB87010058
:10098000ED870100F3870100118801001B88010039
:10099000014B187D704700BFC00E0020042810B521
:1009A00011D883B104280CBF10242824A1420AD2F4
:1009B000064C54F8200018B141568A42A8BF0A4696
:1009C0001A70002010BD6FF01500FBE7C00E00206C
:1009D00030B50346114890F91C209A4219DD90F970
:1009E00024209A4217DA9A1A846AA05C0C4A155697
:1009F0009D420DD00E32002918BF01309442C0B282
:100A000006D129B1013BDBB2012B01D80130C0B2C4
:100A100030BD0D20FCE70020FAE700BFC00E00202B
:100A20004243020008B5054B93F91C30984203DAA3
:100A3000FFF7CEFF024B1B56184608BDC00E002024
:100A40004243020008B5184B93F82C20FAB9012252
:100A500083F82C20154A1268A2F10800082803D850
:100A600013490141C90709D5911F092910D901323C
:100A700012D04FF4DF71742002F086FB0D4A9A62A7
:100A8000D8221A6283F8242008229A611A7708BDB6
:100A9000094A0A41D207ECD4084A9A62D8221A625B
:100AA00083F824200422F0E7C00E002070100020FC
:100AB000DEFEFFFF7D430200EEFCFFFF504302001D
:100AC00010F0FF0008B508D14FF0804301225A60B2
:100AD000C3F80001034B187008BD7C21B52002F05B
:100AE00053FB00BFED0E0020014B01221A7070472E
:100AF000ED0E002008B548B94FF08043D3F800311F
:100B000013B9044B187808BD0120FCE7C221B520B9
:100B100002F03AFBED0E0020044B1868062818BFBF
:100B2000B0F1FF3F0CBF0120002070477010002083
:100B300008B5094B1A680A2A02D1084B1B6823B171
:100B4000FFF7EAFF08B9082A04D14FF080430222D8
:100B5000C3F8342C08BD00BF7010002074100020B2
:100B6000F8B50F4E0127375404460D4607F065FED1
:100B700060B934B94FF08043B7707560C3F804733F
:100B8000F8BD40F225116D2002F0FEFA002DF7D0DD
:100B90001CB92046A8477460F2E74FF4A071F2E751
:100BA000F00E0020044B191800228A7003EB80011C
:100BB0001A544A60704700BFF00E0020014B988124
:100BC000704700BFF00E0020014BD889704700BF6E
:100BD000F00E0020014B9889704700BFF00E0020F6
:100BE00010B5EFF3108472B6064B03441A7C013241
:100BF000D2B21A741B7C012B01D107F012FE04B98A
:100C000062B610BDF00E002010B507F03EFE07F0F2
:100C100014FE4FF08044084940B1FFF789FF0123DB
:100C2000236104238B740023CB7410BD03238B74C6
:100C30000123C4F80433F6E7F00E002010B5EFF3FB
:100C4000108472B6094B03441A7C22B940F2572132
:100C50006D2002F099FA1A7C013AD2B21A741B7C08
:100C60000BB9FFF72DFF04B962B610BDF00E0020DE
:100C7000024B987C003818BF01207047F00E00200E
:100C800073B51B4D6B7D63B9286A00F0030007F054
:100C9000ECFD30B1EFF3108372B6AA7C1AB103B940
:100CA00062B602B070BD0122AA7403B962B64FF0F9
:100CB00080430822C3F808234FF42073ADF80630B0
:100CC000BDF80640A4B2631E9BB2ADF80630002CFE
:100CD000F6D14FF080460748C6F80C4107F01EFEDB
:100CE00085F82540FFF790FF0823C6F80433D8E7BE
:100CF000F00E0020140F00202DE9F347484C237D0F
:100D0000002B00F08A800323ADF804304FF08043BD
:100D1000D3F80051F5B9D3F80481B8F1000F09D028
:100D20004FF080430022C3F804210222C3F80823B5
:100D3000FFF7A6FF94F825603A484FF08047F6B2D7
:100D4000D7F80C8107F0EEFD48B340F243316D2037
:100D500002F01AFA00258DF804500122D3F804811C
:100D6000C3F808230DF10409271DA61C19F8010B6F
:100D700003280AD0337843B13B684FF0000A86F865
:100D800000A013B19847C7F800A06B1C022B07F115
:100D9000040706F101064FF00105E7D1BDE745B1B3
:100DA000A37C032B05D10423A374FFF7C1FE012309
:100DB0003B61B8F1000F1FD04FF080430022C3F811
:100DC0000C21A37C042B02D040F26931BFE7164B03
:100DD0001A680A2A02D1154B1B6823B1FFF79CFE43
:100DE00008B9082A04D14FF080430022C3F8342CFC
:100DF0000223A37407F04CFD4EB1002384F8253084
:100E0000A37C022B01D1FFF7FFFE07F041FD05484F
:100E100002B0BDE8F04707F094BD02B0BDE8F0872E
:100E2000F00E0020140F002070100020741000201D
:100E300010B5054C206A00F0030007F016FD0028ED
:100E4000F8D0002010BD00BFF00E0020F8B5054618
:100E500050B10278042A07D8437842B9013B1F2BCE
:100E600002D88378212B07D96FF0150075E0002B8D
:100E7000FAD18378002BF7D17B4B0127C3F8807020
:100E8000BFF34F8FBFF36F8F4FF08046C3F8807171
:100E9000764C0B23C6F808330023C6F80031C6F899
:100EA0000431C6F80C3123746374AB88E38107F016
:100EB000C7FC08B127702774D6F80C24D6F80C3478
:100EC000D20303D5DF0701D5FFF70EFE4FF4AF6362
:100ED000A3812B78A978637500222262A175E27440
:100EE000042B4DD8DFE803F005033A484A000123FC
:100EF000236207F0ACFC00284DD007F0AFFC236A5A
:100F000003F00303984246D1AB79002B3DD1FFF7A4
:100F10008FFFA37D6BB12B785BB907F08EFC054684
:100F200002F084FA6FF00043002D00F09980C4E9CC
:100F300006034FF08043D3F80C24D3F80C34D203CB
:100F400003D5DB0701D5FFF7CFFD474A012300207A
:100F5000A0742375C2F880311360F8BD07F095FCCA
:100F60004FF08043D3F80C14D3F80C24CE03F9D5FA
:100F7000D007F7D50223BBE73D4BB9E73D4BB7E7B9
:100F800040F21E516D2002F0FFF84FF08043022224
:100F9000C3F80423BDE74FF080430122DA6000224A
:100FA000C3F80421226AC3F81825334A1368A3F151
:100FB0000E01012904D90A2B02D0FFF7ADFD48B17B
:100FC0004FF080534FF08041D3F84432C3F34233A3
:100FD000C1F83C351368A3F10E02012A04D90A2B8B
:100FE00002D0FFF799FD20B14FF080430122C3F8F2
:100FF0004C254FF0804301229A600222C3F804235B
:10100000AA79002A85D1D3F80423910702D440F2AB
:10101000D141B7E7194A1669116941F01001116110
:10102000D3F8043106F010060BB907F097FC4FF027
:101030008047D7F8043183B1FFF7FAFE26B90F4A8B
:10104000136923F0100313614FF080430222C3F8A9
:1010500008230022C3F804215BE707F07DFCE8E7E2
:10106000C4E9063065E700BF00E100E0F00E0020B3
:1010700001000200010003007010002000ED00E0FC
:1010800010B50D4C04F1240007F04CFC48B9A37CCA
:10109000022B01D1FFF7B8FDBDE81040074807F06B
:1010A00050BC074A012384F82530BDE81040C2F83F
:1010B000003107F0EABB00BFF00E0020140F002043
:1010C00000E100E038B50C4B0C46197919B18321C9
:1010D0006F2002F059F860B95D790DB1002038BD7C
:1010E00001225A71FFF77CFD21462846FFF738FDA3
:1010F000F4E76FF01500F2E7180F002038B50B4D3C
:101100002B7904461BB19A216F2002F03DF850B9AB
:101110006B790BB9002038BDFFF744FD20466C7198
:10112000FFF78CFDF6E76FF01500F4E7180F0020CD
:1011300010B501B3F0B14FF0FF33104A1C46E0FB8D
:101140000134944203D9DB216F2002F01DF81A0DFF
:1011500042EA0432C3F30F10094B00EB02404FF296
:101160002444B2FBF4F103FB1100B0FBF4F040EABD
:101170000140013010BD0846FCE700BF3F420F00B0
:10118000000024F4014B9B68184700BF180F002093
:10119000014BDB68184700BF180F0020014B1B698B
:1011A000184700BF180F0020014B1B6A184700BFEB
:1011B000180F0020014BDB69184700BF180F0020F3
:1011C000034B1A790AB9FFF7FFBC988D704700BF2F
:1011D000180F0020034B1A790AB9FFF7FBBC988A55
:1011E000704700BF180F0020024B1B790BB9FFF7A7
:1011F00047BD7047180F0020014B9B69184700BF7F
:10120000180F002010B5144C2379A3B1636A9847D6
:10121000002806DB94F82E3023B1012384F8303007
:10122000002010BDFFF7E8FF0028F6DA40F28D112C
:101230006F2001F0A9FF094BA361094BE361094B42
:101240002362094BA360094BE360094B2361FFF75D
:10125000FDFD0028E1D0E4E7180F0020310E010069
:1012600081100100710C01008B8801009188010040
:101270009788010038B5084B1D79044625B140F226
:10128000E1116F2001F080FF01F032F82046FFF7F6
:1012900095FC284638BD00BF180F002008B5074848
:1012A00001F014F8054800F021F801F05BFA01F0B4
:1012B0003DFA00F02BFB012008BD00BF4C0F0020C1
:1012C00001F0EEBB103001F035B800BF01F04AB8B4
:1012D00001F0E2BC01F0AABD01F0BCBD01F05CBCB4
:1012E00008B52721032001F04FFF00BF024B186013
:1012F00000221A719A607047540F002070B582B0B6
:101300001E4C2379012B11D0DAB2022A0BD1A0682E
:101310000DF1070100F020FB0023A36023719DF86D
:10132000070002B070BD012002B070BDA0680DF1D1
:10133000070100F007FBA5686B7DDB07ECD5AB7FF1
:10134000042BE9D001F052F806460028E4D001F061
:1013500053F82A69B3682E686D68961945F100053F
:1013600000220A3342F100021B1842EB0102B34291
:10137000AA41D1D3A06800F091FCCDE7540F002022
:10138000837F0BB10020704710B50A684B688C68EA
:10139000D1F80CC0C0F80CC08460026043600A69D8
:1013A0004B694361012402618477054B1A792AB99C
:1013B00098601C7100F0B0FF204610BDFFF790FF51
:1013C000540F002070B5044682B00D4601F00EF8AF
:1013D000A37F012B17D02B686A68A9680646E868C6
:1013E000E060A160236062606A692B69626101222A
:1013F0002361A2770DF10701204600F0A3FA2EB178
:10140000012002B070BD002002B070BD024B04216B
:10141000186807F054FAF3E7540F0020024B062136
:10142000186807F04CBA00BF540F002010B5084BE5
:101430001A7952B90446986002221A7100F06CFFC2
:10144000A07FB0FA80F0400910BDFFF749FF00BF50
:10145000540F002038B5837FC3B1044609E0A37F51
:10146000042B09D0A37F012B11D007F075FAA37FBD
:1014700063B1A37F032BF2D1EFF3108572B6204640
:1014800000F0C8FA05B962B6A37F2BB938BD4FF496
:101490008271032001F078FEFF21032001F074FE29
:1014A00070B5054600F0A2FF08B3044600F0A4FFA3
:1014B000A4680346E41841F1000628463346224654
:1014C00000F07EFBA04271EB06034FF000050CD349
:1014D000001B6FF0010361EB0601834275EB010114
:1014E00000D370BD4FF0FF3070BD284670BD40F294
:1014F0002911032001F048FE2DE9F04104460F4672
:1015000000F074FF10B38568002362195B41064642
:1015100013B10020BDE8F08100F06EFF2A1841F100
:1015200000033846A51843F1000800F049FBA84223
:1015300071EB0801EDD301F0B3FA00F025FAB368BE
:10154000377523440120B360BDE8F0814FF4A371E7
:10155000032001F019FE00BF00F04EBF08B500F0F7
:1015600045FF08B1007D08BD40F29B11032001F04A
:101570000BFE00BFF8B50369002B4ED1044601F005
:101580008FFA05460E46FFF709FE78B3D4E900034B
:10159000643546F10006A84273EB060223D3C4E982
:1015A0000003EFF3108672B600F020FF054698B1F5
:1015B00000F022FFAB6800220B3342F100021B183F
:1015C00042EB0101D4E90002834271EB02053CBF0A
:1015D00003461146C4E9003106B962B62046BDE8AB
:1015E000F84000F083BB28463346D8E7FFF7F2FD0A
:1015F000074600F00FFFB8422168626838BF3846DE
:10160000963546F10006401946F10003884273EB17
:1016100002053CBF08461346C1E74FF4D1710320D1
:1016200001F0B2FD1C4B1868A0B350E9063130B58B
:1016300050F8104C13F10A02036841F1000115192A
:10164000A0F1180041F1000C1BB922E014D31B6873
:10165000FBB153E90621AA4271EB0C0419D290F8B0
:1016600014E013F8044C7445F0D19C88B0F81CE0E9
:10167000A4EB0E042404EAD553F8100C0A3241F10D
:1016800000018518A3F118001B6841F1000C002B24
:10169000DFD130BD704700BF600F002070B5264D10
:1016A00000236B60EFF3108172B6AA686A60AB60CA
:1016B000EB6009B962B66A6872B3204C0026937970
:1016C000032BA2F1180028D0136873B39A79042A67
:1016D000A3F118038446A6460FD1818B9A8B521A28
:1016E00012049A6944BF0CF1180E184642B19C4688
:1016F000A2F118039A7F042AEFD09B7F032B16D107
:10170000DEF800201368CEF800300221C368867727
:1017100098476A68002AD2D170BD116852F80C3C13
:101720009671696001219847F3E7A646EAE76321CD
:101730009F2001F029FD00BF600F0020640F0020F2
:101740002DE9F04F6F4B04681B68456883B08283B6
:10175000427D0646894602F00102002B00F0CB8054
:10176000A3F1180C002A6ED0DCE90001844275EB6D
:101770000107644A2FD39CF81420337D9A421BD86A
:10178000DCF808301B1841F1000113F10A0E41F199
:101790000007744575EB070280F0A88032691219C2
:1017A00045F10000964577EB000801D272463846B5
:1017B0009A428841C0F08280DCF818300CF118029F
:1017C000002B00F09180A3F1180CDCE900018442A9
:1017D00075EB0107CFD21F466346B068001945F18B
:1017E0000008002B44D0CDE90027CA46D3E9007198
:1017F00010F10A0C48F10002674571EB020245D274
:101800001A7D96F814C0944519D39A68D21941F1FB
:10181000000112F10A0941F1000E4C4575EB0E076B
:1018200045D237693F1945F1000CB9457EEB0C0BE9
:1018300001D24F46F44697427CEB010C3DD39B69A5
:1018400023B3183BD2E7DCE90001844275EB0101C8
:101850002C4A0CD3DCF818300CF118023BB1A3F180
:10186000180CDCE90001844275EB0101F2D21F463D
:10187000334643F8187F1360FFF7D4FE864210D03A
:10188000002389F8003003B0BDE8F08FDDE90027C0
:101890003346D14643F8187F1360FFF7C3FE8642F4
:1018A000EED1012389F8003003B0BDE8F08F274660
:1018B000AC4697427CEB010CC1D2D146114A0423BD
:1018C000B3779168002333767376B376F37606F1B7
:1018D00018020C4B69B1DB681A600B4B0949187888
:1018E000CA6001F009FECBE71F4676E7224628468C
:1018F0005EE79A60F1E712B91746024AB8E7014A73
:101900001F466AE7600F0020B800002010B50A4C9F
:101910002378FF2B0AD1094801F0C4FD084B207041
:1019200000221A609A60DA601A8210BD4FF48D713D
:101930009F2001F029FC00BFB80000209D16010087
:10194000600F0020034B1A8A02F1010CA3F810C0AB
:10195000FFF7F6BE600F002038B504460D46FFF7CE
:1019600061FE0346E31AB3FA83F35B0905482B7063
:1019700004F1180106F0C9FF10B10023A37701207C
:1019800038BD00BF600F00202DE9F0431F4E3468C2
:101990006CB34FF000083546C6464FF004092346A5
:1019A000246853F8187C53F8082CD21953F8147C87
:1019B00047F1000C82427CEB010C1AD22A681268B3
:1019C0002A6083F80690B26883F800E083F801E0AB
:1019D00083F802E083F803E07AB1F2681360F36001
:1019E0004FF00108002CDAD1B8F1000F07D1BDE8A3
:1019F000F0831D46002CD2D1F6E7B360EFE7044B2D
:101A0000BDE8F043187801F077BD00BF600F0020FB
:101A1000B800002070B5154EB368054600F11801F6
:101A2000BBB1B368002423B913E01A681C4682B125
:101A300013469942F9D10CB1AA692260B268914269
:101A400004BF1B68B360F36899420AD00023AB77E8
:101A500070BD074806F059FF0028F9D00023AB7786
:101A6000F6E70023F460AB77F2E700BF600F0020D9
:101A7000640F00202DE9F843484E3468002C00F034
:101A800087804FF000080F460546B14641464FF0AB
:101A9000040E2346246853F8180C53F8082C121827
:101AA00053F8140C40F1000CAA427CEB070C69D2ED
:101AB000D9F800201268C9F8002083F806E0B2685F
:101AC000197059709970D970002A5FD0F26813604C
:101AD000F3604FF00108002CDBD1B8F1000F03D008
:101AE0002F4B187801F008FD3368002B50D053E9D4
:101AF0000612A94272EB070053F8100C3CBF2946AE
:101B00003A46A3F1180C0A304FF000041B6844F168
:101B10000004091842EB04021BB92DE016D81B681B
:101B200053B353E90604884274EB020E24D29CF8A6
:101B3000148013F804ECF045F0D1B3F804E0BCF8DD
:101B40001C80AEEB080E1EF4004FE8D0854277EB08
:101B5000040E294638BF014653F8100C3A46A3F14B
:101B6000180C38BF22461B68091842F100020A31DE
:101B700042F10002002BD4D10CF1180373616046CE
:101B8000BDE8F8839946002C83D1A6E7B3609FE7B0
:101B900000239C4673616046BDE8F883600F002017
:101BA000B800002010B5054C6169204606F0ADFE76
:101BB00018B1606900231838636110BD600F002000
:101BC0001C49096839B3A1F1180C9CF81410814222
:101BD0001DD870B5DCE9004112F10A0543F1000E91
:101BE000AC4271EB0E0620D2DCF81060341941F1E2
:101BF0000001AC4271EB0E0115D2DCF8181071B186
:101C0000A1F1180C9CF814108142F6D8E2E7DCF838
:101C100018100029D7D14FF0FF30014670474FF020
:101C2000FF30014670BD2C467146B4F10A0041F107
:101C3000FF3170BD600F002010B5837F022B06D0EE
:101C4000837F012B02D0837F042B1DD110BD437DE8
:101C500013F0020313D103210E4A817794680376AF
:101C600000F1180143768376C3765CB1D3681960BE
:101C7000094BD160BDE81040187801F03DBC00234D
:101C8000837710BD9160F3E74FF4FF719F2001F05F
:101C90007BFA00BF600F0020B800002070B5114D26
:101CA00000F1180604463146284606F02EFE98B18B
:101CB0000423A377AA68002323766376A376E376CA
:101CC00042B1EB681E60084BEE601878BDE87040CA
:101CD00001F012BCAE60F6E74FF402719F2001F0F4
:101CE00053FA00BF600F0020B80000202DE9F04F2C
:101CF000066983B0002E70D1D0E900158368077D96
:101D0000EFF3108472B6DFF8DCC0DCF80020002AA4
:101D10005CD013F10A0EBCF81080CDF8048046F1B7
:101D20000006183AB046D2E9003611EB0E0A45EB30
:101D300008099A4579EB060C48D38B4276EB050CE3
:101D400028D3D2F810C01CEB030C46F1000BD4458D
:101D50007BEB090B34BF4FF0010C4FF0000CBCF1D2
:101D6000000F13D092F814C0BC4526D034BF4FF0FA
:101D7000010C4FF0000CBCF1000F07D013F10A0169
:101D8000936846F10005591845F100059269EAB1DA
:101D9000183AC8E7D2F808A013F10A0C46F1000976
:101DA0001AEB0C0C49F10009614575EB090934BFC8
:101DB0004FF0010C4FF0000CD1E7B2F81CC0DDF879
:101DC0000490ACEB090CCCF3C03CD4E704B962B688
:101DD000C0E9001503B0BDE8F08F40F227219F2035
:101DE00001F0D2F9600F0020024B0521186806F0BF
:101DF00066BD00BF780F0020054B586810B1C3685E
:101E00000521184710B54FF41B71B02001F0BCF943
:101E1000780F00202DE9F0471646002B55D0D3E966
:101E200000894B4C804579EB0103A38A3CBF804677
:101E300089466433B8EB000569EB01070022AB4229
:101E40002261BA41C4E9028916DBA36903F2A31334
:101E50009D4277F1000769DA3E4AC4F8288040467F
:101E60004946C4F82C9000F03FFD3B4A052384F816
:101E700030303260BDE8F087627F237F1AB19A0765
:101E80001ED40022627703F0010AA36903F2A313B0
:101E90009D4277F100072EDABAF1000FDCD0A08A5C
:101EA0002C4AB8EB000069F10001C4E90A0100F016
:101EB0001BFD0623284A84F830303260BDE8F087E5
:101EC000236A01209847237FDBE7214C637F2BB1F6
:101ED000237F9B0702D5236A012098470025657759
:101EE00001F03CF8FFF754F92B461C4A84F83030D7
:101EF0003260BDE8F08701F031F8FFF749F9A08AB8
:101F0000A369BAF1000F01D0984215D8B8EB0300CD
:101F1000104A69F10001C4E90A0100F0E5FC02235E
:101F20000D4A84F830303260BDE8F08701F016F8D1
:101F3000FFF72EF9A369E9E7B8EB0000054A69F15C
:101F40000001C4E90A0100F0CFFC034A01238EE737
:101F5000780F0020E91D0100A52001009D2201004D
:101F600002392DE9F04104292DD8DFE801F00309F9
:101F7000292C0C00164A137F003B18BF012353770E
:101F80000020BDE8F081044600F07AFC00F088FDF6
:101F90000E460746FFF76EFD0D4D80466868FFF759
:101FA0004BFE224638463146434600240026002791
:101FB000C5E902676C60FFF72DFF0220BDE8F081E4
:101FC000FFF79CF9DCE740F21721B02001F0DCF8C4
:101FD000780F00202DE9F84F2E4C637FA7698046CB
:101FE00083BB94F81C9019F0010934D100F058FD1E
:101FF00010EB070B41F1000A05460E4658465146C4
:10200000FFF738FDA8B3D0E900329B457AEB020117
:102010001BD30023204AA56228463146C4E902BAF0
:10202000E662236100F060FCB9F1000F18D0A38ACA
:102030001A4A9F4216D0022384F83030C8F8002094
:10204000BDE8F88F4FF00009D0E7DD1B9B4662F139
:1020500000069246DDE7A38A9F4238BF1F46C5E7C8
:102060000E4AE8E7012384F83030C8F80020BDE8C4
:10207000F88F637F2BB1237F9B0702D5236A012052
:1020800098470023064A84F830306377C8F8002068
:10209000BDE8F88F780F0020E91D0100A5200100A0
:1020A0009D220100023970B50546032900F2EB803C
:1020B000DFE801F006024508754B002283F8312065
:1020C000002070BD724C94F830301A1F012A40F283
:1020D0009F8000F0E5FCA26A2369801A9842B8BF8D
:1020E000184694F830302061022B7FD0237FD90727
:1020F00040F1C480607F002840F0C080236A984788
:102100000123637794F83020022AD4E902034BD0EC
:10211000012A70D02269323843F1FF31101841EBA7
:10212000E2715C4AC4E90A0100F0DEFB94F8303049
:10213000062B0CBF0523042384F83030C0E7544C31
:1021400094F83030042B0FD8022B25D8013B012BFB
:1021500000F28F80FFF7D2F80028B1D000F08EFC9B
:102160002846FFF737FF15E0053B012B00F2818081
:10217000FFF7C4F80028A3D000F080FC00F090FC2A
:1021800006460C46FFF776FC2A46034621463046B3
:10219000FFF740FE022070BDFFF7B0F800288FD097
:1021A000012384F831308BE7227FD2070ED5627F7E
:1021B00062B9A18A374A401A63F10001C4E90A01F1
:1021C00000F092FB032384F8303079E72169314A2B
:1021D000323843F1FF33401843EBE171C4E90A019F
:1021E00000F082FB042384F8303069E700F0AEFE93
:1021F000FEF7C8FF86E7A169264A401A63F100018D
:10220000C4E90A0100F070FB022384F8303057E77C
:10221000042B94F8316019D0002EAFD1FFF7C2FC27
:102220000028ABD06060C4E90D6600F01DFB60685B
:10223000022383773146C3689847D4E90201FFF748
:10224000A3FB154B84F830602B60A3E700F08EFEF3
:102250000028E1D100200021FFF70CFC08B1FFF7B6
:102260001DFD00F07BFEFEF793FF2846FFF7B2FE50
:1022700090E74FF4CD71B02000F086FF40F2B3112B
:10228000B02000F081FF40F2F111B02000F07CFF9F
:10229000780F0020E91D0100611F0100032910B51E
:1022A00006D801290AD840F25D11B02000F06CFF79
:1022B0000429F8D10446FFF721F808B9002010BD21
:1022C0002046FFF787FE022010BD00BF10B5064A6A
:1022D000064C02600023206084F830302377FEF73C
:1022E00079FF5130A06110BD9D220100780F0020C0
:1022F00008B5074B074A19680968914202D1513065
:10230000986108BD40F25121B02000F03DFF00BFB0
:10231000780F00209D22010010B5EFF3108472B6F3
:10232000034B0421186806F0CAFA04B962B610BD5E
:10233000780F002008B5094B5A684AB1D3E9022149
:102340008018BDE80840064A41F1000100F0CCBA0F
:1023500040F27221B02000F017FF00BF780F00207C
:10236000F91D010008B5064B5B681BB1BDE80840CC
:1023700000F084BB4FF41E71B02000F005FF00BFD9
:10238000780F002008B5054B5A680AB1586308BD9C
:1023900040F27E21B02000F0F7FE00BF780F002051
:1023A00008B5054B5A680AB1986308BD4FF421710E
:1023B000B02000F0E9FE00BF780F0020044B9B6BBB
:1023C00003B1184710B540F28A21B02000F0DCFEBE
:1023D000780F0020044B5B6B03B1184710B54FF426
:1023E0002471B02000F0D0FE780F0020014B586817
:1023F000704700BF780F002008B5054B5A6812B12E
:10240000D3E9020108BD40F29B21B02000F0BCFEE0
:10241000780F0020034B187F10F0010018BF988A36
:10242000704700BF780F0020054B1B681BB1D3E934
:1024300008200421104710B57221452000F0A4FEA9
:10244000B80F0020054B1B681BB1D3E908200321FE
:10245000104710B56C21452000F096FEB80F002003
:102460002DE9F04104460D4679B9174F3B683BBB57
:1024700016483C60FFF786FF1548FFF791FFFFF70E
:102480006BF8637D5B07064605D4D4E9083029461E
:10249000BDE8F0411847FEF71BFF2036361A7E6074
:1024A00000F07AFB0028FBD00A4B0022C3F8A825D5
:1024B0002946C3F8AC25D4E90830BDE8F0411847F7
:1024C0008621452000F060FEB80F00204524010061
:1024D0002924010000F00140024B00221A601A81F9
:1024E000704700BFB80F002008B5074B1A683AB113
:1024F0000648D06000211960BDE80840FEF78EBF95
:10250000B921452000F040FEB80F002061240100F1
:10251000C0E908122022002101F08AB930B587B045
:102520004B7A00220D460592CDE900220492C3F3B6
:10253000800282F001024FF0000162F38201044642
:102540002A78287A8DF815108DF8140069682B48C0
:1025500002910390002A40D1D5E904209DF815C0CE
:102560001CF0040FCDE9002028D19DF81520244946
:10257000C3F340035B0043F0010322F00302134363
:102580008DF815304B68C3F308038BB1103B5BB279
:10259000002B1CDB03F1604303F5614393F8003328
:1025A0005B092BB969462046FEF70CFF07B030BD2A
:1025B00069462046FEF7E4FE07B030BD203A01F13F
:1025C000200140F1FF30009202910190CDE703F02D
:1025D0000F0319440B7D5B09E3E72B690493FEF7B6
:1025E0006FFE9DF815305B07CDE9000104D5029A16
:1025F0006B7A20320292B8E76B7AB6E76124010069
:1026000000ED00E010B5037886B0B3B90446D0E918
:102610000401CDE90433CDE900010393217A636815
:10262000029368468DF81410FEF7A4FFDDE900233D
:102630000120C4E9042306B010BD4FF4AB7145205E
:1026400000F0A2FD30B50C7887B07CBB4B7A0594C6
:102650000C7A8DF81440C3F3800E174C4D68039428
:102660008EF0010ED1E904414FF0000C6EF3820CA4
:102670001CF0040FCDE900418DF815C0029507D07C
:10268000203C05F1200541F1FF31009402950191B4
:102690009DF815400492C3F3400363F34104694677
:1026A0008DF81540FEF76CFE07B030BD40F21F21DB
:1026B000452000F069FD00BF6124010070B4EFF314
:1026C000108672B617490D78ADB1174BD3F8044593
:1026D000D3F848314FF6FF7294421FD0E3B147F66A
:1026E000FE739C4218D84B68013306B962B6C0E944
:1026F000004370BC70470C4AD2F80445D2F804314C
:1027000053B14B6801334B60C2F80451D2F8044511
:10271000D2F80431002BF4D14B68E6E7002BFBD153
:102720001C46F9E7F00F002000B0004010B50A4C3D
:10273000002222742277094B094801215960C3F80D
:102740004025C3F840214FF400221961C0F8082544
:1027500000F020FF206210BDF00F0020008000403C
:1027600000F001403749384BF0B44D6A374C002235
:1027700001204A6058609860C3F80843C3F8484392
:10278000C3F80421C3F84021C3F84421C3F8482109
:10279000002D55D02E4C2F4EC4F8A8652E4AC4F8F3
:1027A000AC55C4F85C394FF40023C4F80435052354
:1027B000C2F840351060D2F84031002BFBD02448DD
:1027C000002301244FF40025C0F808555460D4605C
:1027D000C2F84031C2F84035C0F8A835C0F8AC3571
:1027E000C0F8AC350B7833B391F828401848164937
:1027F0001A4E1B4DE30003F1804303F5F833012229
:10280000A2404FF6FF774FF48024C0F80825C1F8A6
:102810004443C1F84875C1F80443C3F81065C3F8D0
:102820001455C0F804250F4B4FF40062C3F8802103
:10283000F0BC1A607047044B0222C3F80423F2E78D
:102840001860CFE7F00F002000B000400200070042
:1028500000F00140408100400080004048B100404D
:1028600008B0004000E100E0044B4FF080411A6ADC
:102870000123C1F808351360704700BFF00F002036
:1028800010B4144C1449154A0023C4F8A83501208B
:10289000C4F8AC354FF0FF3448600861C1F8084314
:1028A0000F4891684FF48074C0F8804141B10D49E0
:1028B0004FF48030C1F808031374C1F840319360BD
:1028C000126A10BC4FF080410023C1F80835136034
:1028D000704700BF00F0014000800040F00F002072
:1028E00000E100E000B00040F0B55A4CA36883B0AE
:1028F000002B40F09F802578A260002D5CD1564BC4
:10290000994200F29C80430F544E554F43EAC10157
:10291000A6FB0132C0F34F33920B03EB014307FBDD
:102920001233A6FB03639B0B43EA02434D4A02FBAF
:102930001300420B48F2376101FB02F2120C43F61E
:102940000957494907FB120000FB01F1490D43F605
:10295000085601EB422207FB0161B0EB512F88BF03
:1029600001320026002D41D01F0C1B049D18684623
:1029700047F10007FFF7A2FEDDE90032053346F11B
:1029800000064FF48031E2FB01369D4277EB0606EC
:1029900047D32A0C4FF6FF71ADB242EA0742002D31
:1029A00008BF0D4631494FF48030C1F84055E26010
:1029B000C1F8040303B0F0BD2D4B994244D8430D38
:1029C000264E274F43EAC121A6FB0132C0F34F1325
:1029D000920B03EB014307FB1233A6FB03639B0B34
:1029E00043EA0243234A02FB1300A2E71F0A1B0625
:1029F0009E18684647F10007FFF760FEDDE90032E8
:102A0000053345F100054FF08071E2FB01359E4230
:102A100077EB050505D3320E42EA072226F07F4503
:102A2000C0E7FF232374144B4FF40062C3F8002166
:102A300003B0F0BD40F2F921052000F0A5FB4FF4F2
:102A40009471052000F0A0FB40F22311052000F056
:102A50009BFB00BFF00F0020FF7F841E83DE1B4323
:102A6000000024F40080841E6F0C010000B00040C0
:102A70007F841E0080841E0000E100E0064B9A68FF
:102A80004AB106494FF48032C1F8082300221A7473
:102A9000C1F840219A607047F00F002000B000405C
:102AA00070B4EFF3108572B6364C207820B3364BF5
:102AB000D3F80425D3F848614FF6FF739A4252D0F9
:102AC00043F60951C2F3080301FB03F3500A01FB6B
:102AD00000F003F5807300EB53200021002E45D059
:102AE00047F6FE739A4241D86368013325B3274AFB
:102AF00070BCE3FB02017047234AD2F80435D2F8D8
:102B0000041111B3636801336360C2F80401D2F8A1
:102B10000435D2F804110029F4D143F6095CC3F35B
:102B20000802580A0CFB02F202F580730CFB00F05D
:102B300000EB532063681DB962B62278002AD6D113
:102B4000134AE3FB020170BC704743F60956C3F316
:102B50000802580A06FB02F306FB00F003F5807337
:102B600000EB5320E6E71EB10A4800216368BDE789
:102B7000636815B928462946DEE7044A30463146DF
:102B8000DFE700BFF00F002000B0004080841E008F
:102B90000080841E61841E0070B4EFF3108072B652
:102BA000384A15780DB3384BD3F80455D3F848613B
:102BB0004FF6FF739D4256D043F60954C5F3080102
:102BC00004FB01F16B0A04FB03F301F5807103EBD5
:102BD00051230024002E49D047F6FE718D4245D87E
:102BE0005168013108B3294824E02749D1F8043558
:102BF000D1F804414CB3536801335360C1F8045118
:102C0000D1F80435D1F80441002CF4D143F6095C25
:102C1000C3F308010CFB01F15B0A01F580710CFBA9
:102C200003F303EB5123516818B962B610780028FA
:102C3000D9D11748E1FB0034D2E90C128B42944100
:102C40002CBF0120002070BC7047C3F3080143F67D
:102C500009555B0A05FB01F105FB03F301F58071E2
:102C600003EB5123DFE71EB10A4B00245168B9E79B
:102C7000516810B903460446D7E704483346344642
:102C8000D8E700BFF00F002000B0004080841E0095
:102C90000080841E61841E002DE9F047DFF87481F6
:102CA0005D4E012100234FF4002284B0C8F80410C7
:102CB000C8F84035C8F84031C8F81010C6F80825E3
:102CC000D8F8042522F00302C8F80425D8F808250E
:102CD00042F00302C8F80825102292FAA2F2B2FAD2
:102CE00082F2092A00F39180C8F810254B4A4C4F14
:102CF000C8F80C104FF48070C2F880011060494A87
:102D0000C8F80410C8F80C10C6F8A8253A78C6F818
:102D1000AC8502A8002A56D0019306E00123C6F82C
:102D200008A5C8F80430C8F80C30FFF7C7FCDDE987
:102D30000243019D4FF4002A4FF48039C6F804A5E0
:102D4000E3FB0945FFF7BAFCDDE902320199E2FB3A
:102D50000931A94208BFA342E0D1013443F6095228
:102D6000C4F3080345F1000502FB03F3210EC4F38D
:102D70004E2441EA052102FB04F02D0E03F5807379
:102D800000EB53204C016B01641A43EAD16363EBFF
:102D90000506B201A3011B1B42EA946262EB060224
:102DA000D20042EA5372DB005B1845EB0205E903EF
:102DB000DA03801841EA534141F10001C7E90C01EF
:102DC00004B0BDE8F087019206E00123C6F808A52B
:102DD000C8F80430C8F80C30FFF770FCDDE9024396
:102DE000019D4FF4002A4FF08079C6F804A5E3FB5B
:102DF0000945FFF763FCDDE902320199E2FB093185
:102E0000A94208BFA342E0D1A7E7074840F29F319B
:102E100000F0B0F90080004000F0014000E100E067
:102E2000F00F002000B10040F845020010B5029CF0
:102E3000201841F10001801A61EB0301B0F1004F4D
:102E400071F1000100DA10BD40F2A931052000F057
:102E50009BF900BF70B4EFF3108572B6364C207842
:102E600020B3364BD3F80425D3F848614FF6FF73EF
:102E70009A4252D043F60951C2F3080301FB03F30F
:102E8000500A01FB00F003F5807300EB5320002192
:102E9000002E45D047F6FE739A4241D8636801334D
:102EA00025B3274A70BCE3FB02017047234AD2F8DE
:102EB0000435D2F8041111B3636801336360C2F8BA
:102EC0000401D2F80435D2F804110029F4D143F6F4
:102ED000095CC3F30802580A0CFB02F202F5807386
:102EE0000CFB00F000EB532063681DB962B622783A
:102EF000002AD6D1134AE3FB020170BC704743F6A7
:102F00000956C3F30802580A06FB02F306FB00F059
:102F100003F5807300EB5320E6E71EB10A48002159
:102F20006368BDE7636815B928462946DEE7044AA9
:102F300030463146DFE700BFF00F002000B0004010
:102F400080841E000080841E61841E00024B0122CA
:102F5000C3F84423704700BF00B00040024B012279
:102F6000C3F84823704700BF00B0004008B5FEF723
:102F700015F930B9074A936B0133312B936304D8A9
:102F800008BD044B00229A6308BD40F2F5310520CC
:102F900000F0FAF8F00F002010B53F4C237882B013
:102FA000002B55D03D4BD3F8042352035BD43B4B4D
:102FB000E168D3F80423D00334D5D3F84031002B93
:102FC00030D0636899425DD800232374334AA168E6
:102FD000C2F840314FF48030C2F80803002955D0C0
:102FE000A36088472D4BA169D3F80423920324D50D
:102FF000D3F844310BB363688B423FD3002222776E
:10300000264B6169C3F844214FF40030C3F808032C
:1030100000293BD08847214BD3F840310193019BD5
:1030200002B010BD6268237C002BCDD19142D9D96A
:103030001A4B0022C3F84021D4E76268237F002B9B
:10304000DCD18A42E7D2154B0022C3F84421E2E7E3
:10305000124AD2F804110029A9D0C2F804316368D9
:1030600001336360A3E7D3F84821002A9FD00022F0
:10307000C3F8482163680133636098E7237F002B1E
:10308000E1D0BBE7237C002BD2D09DE740F2374153
:10309000052000F079F800BFF00F002000B00040DC
:1030A000014B1879704700BF30100020044B1A798B
:1030B000824283BF1B68602202FB00300020704701
:1030C00030100020BFF34F8F0549064BCA6802F449
:1030D000E0621343CB60BFF34F8F00BFFDE700BF3B
:1030E00000ED00E00400FA05094B01225A604FF0A0
:1030F000FF32C3F80823074B4FF48042C3F8802007
:10310000BFF34F8FBFF36F8FC3F88021704700BFAD
:1031100000E0004000E100E0094B01225A604FF05E
:10312000FF32C3F80823074B4FF48052C3F88020C6
:10313000BFF34F8FBFF36F8FC3F88021704700BF7D
:1031400000C0004000E100E0084B0022C3F8FC2F63
:103150000122C3F8FC2F064B0222C3F88020BFF3E4
:103160004F8FBFF36F8FC3F880217047001000406E
:1031700000E100E008B572B6024B5B6803B1984706
:10318000FFF7A0FF381000201FB572B6134B5D6823
:1031900095B9FFF797FF2346B2FBF6F25C1C002AB5
:1031A000F9D104AEDCB256FA83F303F80C2C0A22F0
:1031B00034B901A8A847ECE7024600230A26EDE748
:1031C000631E04AEDCB256FA83F3B0FBF2F602FBE8
:1031D0001600303003F80C0C3046E9E738100020B8
:1031E000F8B51F4E337805460C461746A3BB00F0D2
:1031F000C5F9FDF727FC77603472FFF7A5FFFFF7ED
:103200008BFFFFF771FF174B002D14BF28461846A0
:10321000FDF7F8FF0546E8B9FFF75EF9FDF7E4FFB3
:1032200005F03CFBFEF73AF818B9B8211120FFF77A
:10323000ABFF002C0CDB04F01F026409A40004F1B6
:10324000604404F5614401239340C4F88031236055
:10325000012333702846F8BD4FF0FF35FAE700BF71
:1032600038100020AE430200074B93F90830002BC2
:1032700009DB5A09012103F01F03994002F14003C1
:10328000024A42F8231070473810002000E100E0A5
:10329000014B1878704700BF3810002050B1074B21
:1032A00003F1140253F8041B40F8041B9342F9D1B4
:1032B000002070476FF01500704700BFDD65020009
:1032C000F0B5284D284C294F83B02E780136F6B240
:1032D000D5E84F3F0133DBB2C5E8423F002AF7D1C2
:1032E00001236360C4F80021C4F80421EFF31082C5
:1032F00072B6C4F80405236052B962B608E0D4F887
:1033000004314BB92B789E4206D13B69DB0613D4BE
:10331000D4F80031002BF2D0D4F80431002BD4D1F2
:103320002A78B242D1D10322C4F80031C4F8043162
:10333000C4F8082303B0F0BD0D4B03214FF48042C5
:10334000C4F80413C3F88021D4F80031002BDFD176
:10335000D4F80431002BDBD1019005F0FDFA01987F
:10336000D6E700BF4110002000E0004000ED00E083
:1033700000E100E070B51446DA078CB01D468646C1
:103380008C4633D5C36842681BBA0093CB681BBA1E
:10339000049383681BBA019303681BBA03938B6879
:1033A00012BA1BBA029205934A680B6812BA1BBA8A
:1033B0006E46069207933046FFF782FFAB070DD5A6
:1033C000DDE90A10DDE9083200BA09BA12BA1BBAFF
:1033D00020606160A260E3600CB070BD08AD0FCDED
:1033E00020606160A260E3600CB070BDDEF8041084
:1033F000DEF80820DEF80C300068EE46AEE80F007C
:10340000DCF80000DCF80410DCF80820DCF80C30F4
:103410006E46AEE80F00CEE710B5002482B0CDE9CD
:103420000044FFF7A7FF02B010BD00BF1A4B4FF4D6
:10343000805270B5C3F88020BFF34F8FBFF36F8FFA
:10344000164C174D0021C4F80011C3F880212E69D5
:103450002B6943F010032B610123C4F8043306F0F9
:1034600010062360D4F800319BB11EB92B6923F0FC
:1034700010032B610123D4F808056360C4F80833F6
:103480000023C4F80031044B4FF48052C3F880216C
:1034900070BD05F061FAE5E700E100E000C0004022
:1034A00000ED00E00B4938B5042301EBC3021579A8
:1034B00005F0FF042DB1013BF7D240216920FFF751
:1034C00063FE41F833000121547194711171D8B237
:1034D00038BD00BF44100020042808B503D9472197
:1034E0006920FFF751FE034B03EBC00300221A7162
:1034F00008BD00BF44100020042808B503D950219E
:103500006920FFF741FE094B03EBC0000379012B53
:1035100001D05121F4E7437982790133DBB29A4239
:1035200018BF4371BDE80840FFF79EBE441000205D
:1035300038B5114D052495F8281005EBC1031A790B
:10354000012A09D158799A79904205D05A79D2B294
:103550009A7155F83130984795F828300133DBB22D
:10356000052B04F1FF3428BF002314F0FF0485F875
:103570002830E0D138BD00BF441000204FF0805209
:10358000034BD2F830111960D2F834215A607047D9
:1035900070100020084B1B68083B082B0AD840F22B
:1035A000211222FA03F313F0010F044B044818BF51
:1035B00018467047024870477010002000E701402D
:1035C0000C050040144B1B68062B03D0013301D0BF
:1035D00020BF7047EFF3108072B6104A136911696B
:1035E00041F0100111610E49D1F80021D1F8041108
:1035F0000A4303F0100300D040BF20BF00BF00BF4C
:1036000000BF00BF23B9054A136923F010031361FB
:1036100000B962B6704700BF7010002000ED00E0F6
:1036200000E100E0914270B53FD2B2FA82F33BB1C3
:10363000C3F1200420FA04F49940214398409A40B1
:10364000150CB1FBF5FC05FB1C1E4FEA0E4E030CDE
:1036500084B20EEB10401FFA82FE0CFB0EF686427F
:1036600006D9361A964294BF01260226ACEB060C08
:1036700003EB01430CFB1233B3FBF5F005FB1033F6
:1036800004EB034400FB0EFEA6454FEA0C4C09D99F
:10369000AEEB040E964594BF4FF0010E4FF0020EB4
:1036A000A0EB0E0040EA0C0070BD73219620FFF7DE
:1036B0006BFD00BF70B51D4604461646FFF7B2FF0E
:1036C000049B286000FB16441C6070BD2DE9F84384
:1036D0001C4652EA040349D0074615460E4684B9F3
:1036E000914204D2FFF79EFF2146BDE8F8832146B0
:1036F0003046FFF797FF04462A46384604FB15611B
:10370000F0E74FF00108B4FA84F908FA09F3A3FBD3
:10371000021220FA08F003FB042240EAC67026FADF
:1037200008F1FFF77FFFC9F11F0230FA02F34FF0F3
:10373000000C08D140461946AF42A6413CBF18468E
:103740006146BDE8F8835A1E61466CEB0C0C05FB24
:103750000CFE02FB04EE18461346A5FB0228BA1A1B
:103760000EEB080766EB07061746E5E7A62196204D
:10377000FFF70AFD8AB1013A16D010B500EB020C32
:1037800001E060450BD08E46044611F8012B10F87D
:10379000013B9342F5D0981A10BD104670476378EC
:1037A0009EF80120981A10BD03780A78981A70477D
:1037B000431A934228D382B370B5541E052C2DD9D9
:1037C0005C1E022C84460B4628D922F0030596087D
:1037D0004C1953F804EB4CF804EBA342F9D1AA427C
:1037E00000EB050CA2EB05040DD011F8262000F823
:1037F0002620012C07D05A788CF80120022C02D008
:103800009B788CF8023070BD8B18024413F801CD00
:1038100002F801CD9942F9D170477047013902444D
:10382000034611F8014F03F8014B9342F9D170BDE3
:1038300010F0030FC9B2034607D0BAB303F8011B57
:1038400013F0030F02F1FF32F7D170B5032A01EB39
:10385000012404EB04441ED9161FB508032E05F1FC
:10386000010521D94FEA550E03EBCE0E9C46CCE95B
:1038700000440CF1080CF445F9D115F0010F04D007
:1038800025F0010503EB85052C6026F003060433C3
:10389000334402F0030232B1012A197003D0022A24
:1038A000597018BF997070BD1D46EDE7704700BF95
:1038B00010F0030FC9B2034607D0CAB303F8011BC7
:1038C00013F0030F02F1FF32F7D170B5032A01EBB9
:1038D000012404EB044420D9161FB508032E05F17A
:1038E000010523D94FEA550E03EBCE0E9C46CCE9D9
:1038F00000440CF1080CE645F9D115F0010F06D093
:1039000025F00105C5EB8575A3EB85052C6026F038
:103910000306043302F00302334432B1012A197062
:1039200003D0022A597018BF997070BD1D46EDE78B
:10393000704700BF844641EA000313F003037DD1C2
:10394000403A51D3F0B4F0C9F0C0F0C9F0C0F0C9AA
:10395000F0C0F0C9F0C0403AF5D2F0BC44E0403AC3
:1039600042D300BF51F8043B40F8043B51F8043BFC
:1039700040F8043B51F8043B40F8043B51F8043B49
:1039800040F8043B51F8043B40F8043B51F8043B39
:1039900040F8043B51F8043B40F8043B51F8043B29
:1039A00040F8043B51F8043B40F8043B51F8043B19
:1039B00040F8043B51F8043B40F8043B51F8043B09
:1039C00040F8043B51F8043B40F8043B51F8043BF9
:1039D00040F8043B51F8043B40F8043B51F8043BE9
:1039E00040F8043B403ABDD2303211D351F8043B89
:1039F00040F8043B51F8043B40F8043B51F8043BC9
:103A000040F8043B51F8043B40F8043B103AEDD237
:103A10000C3205D351F8043B40F8043B043AF9D288
:103A2000043208D0D2071CBF11F8013B00F8013B5B
:103A300001D30B8803806046704700BF082A14D367
:103A40008B078CD010F0030389D0C3F10403D21A82
:103A5000DB071CBF11F8013B00F8013BFFF47FAF0F
:103A600031F8023B20F8023B79E7043AD8D3013A17
:103A700011F8013B00F8013BF9D20B7803704B7849
:103A800043708B7883706046704700BF014B1B68A2
:103A90001B681847BC000020014B1B685B68184777
:103AA000BC000020014B1B689B681847BC0000202D
:103AB000014B1B681B691847BC000020034B1868AA
:103AC000034BC01A18BF0120704700BFBC00002084
:103AD000D43A0100618901006D89010071890100FA
:103AE000798901007D89010008B5ECF7DFFEF3F765
:103AF00045FBECF713FD002008BDFFF7CFBB01F03D
:103B000054BC01F055BC01F056BC01F056BC01F0AC
:103B100049BCF3F707BB10B586B0044601A8FFF710
:103B2000BDFB02232370A3709DF804306371BDF8C0
:103B30000530E380DDF80730A36000206070E0709E
:103B4000207106B010BD01F099B870B50446FAF7BF
:103B50000FFB012805461AD1601CFAF711FBB0B122
:103B6000A37963F03F03A3710020F3F7C3FDE61DC3
:103B700038B1102200213046FFF75AFE2570002090
:103B800070BD3046FAF710FB0028F2D0F6E70025AA
:103B9000F4E710B5102204460021FFF749FE04F1B6
:103BA0001003102200211846FFF742FEFAF718FB17
:103BB0000020F3F79FFD20B12046FAF7F5FA002028
:103BC00010BDFAF7D5FA0028F6D0F8E710B504468C
:103BD000FFF72CFCB0F5007F09DA10F5007F08DD57
:103BE000031EB8BF03339B102370002010BD7F233A
:103BF000FAE76FF07E03F7E78178008801F076BB83
:103C00000078003818BF012001F015B837B5054617
:103C10000C4600880DF1060101F002F92B88238083
:103C2000BDF80630638003B030BD38B505460C469C
:103C3000ECF750FE30B13E2D04D12046BDE83840AF
:103C4000ECF78CBE38BD37B504462046F4F796FA3B
:103C5000022805460FD004280DD123788A2B0DD0D9
:103C6000942B21D0204600F038F8A1782078FFF777
:103C7000DCFF0028E9D0284603B030BD05213E20F6
:103C8000FFF7D3FF0028EDD1E378227901A943EAB9
:103C900002236846ADF8003001F0A6FA0028D4D01F
:103CA00053210820ECF7FEFB1A213E20FFF7BDFF51
:103CB0000028D7D16379A27943EA0223ADF8043012
:103CC0006946112301A88DF80630F3F79BF9002807
:103CD000BBD06521E5E702F055BC10B50378813B08
:103CE00004461A2B35D8DFE803F0353B474B556DBA
:103CF000730E6741818761777B8D9BB5C0CEE0E60F
:103D0000ECF234DAD4002920ECF728FE30B13E235F
:103D10002370222363702923A3701AE00A20ECF792
:103D20001DFE3E23237018B11F2363700A23F3E79F
:103D30000123A37013236370E37903F00103E3719C
:103D4000D4F81A30C4F80E30E38B638294F8203034
:103D5000237510BD3E230370042343701423DBE757
:103D60003E2303700A2343700323D5E73E230370E9
:103D70000D2343700523CFE705232370042307E0B9
:103D80005A20ECF7A7FD08230028F6D05A2222700B
:103D90006370DEE75B20ECF79DFD18B15B232370B9
:103DA0000623F5E7302323700323F1E73E23037056
:103DB0000B2343700723AFE73E23037006234370B2
:103DC0000C23A9E71323037083789B000133DFE7FB
:103DD000572303700223DBE73E2303700D239BE789
:103DE0003E23037001234370112395E73E230370A4
:103DF0000623437012238FE73E2303700923437089
:103E0000132389E73E2303702420ECF7A7FD18B1A4
:103E10002423A3701423BBE70E23A3701023B7E75A
:103E20003E2303702520ECF799FD227B20B125234A
:103E30000B32A37062708CE70F23A37002F10803AA
:103E4000637004F10B0104F108000232BDE8104078
:103E5000FFF7AEBC3E2303702620ECF77FFD18234E
:103E60000028D6D02622A27092E73E2303702A2093
:103E7000ECF774FD18B12B2363702A234CE71D2344
:103E80006370192348E73E230370072343701A2306
:103E900042E7FF2303700D23437080233CE7FF2399
:103EA000037029234370812336E73E2303700C23DC
:103EB0004370232330E73E2303700E2343703723E0
:103EC0002AE73E2303700A234370352324E73E2369
:103ED0000370FE2343702B231EE708B510B96FF063
:103EE000150008BDFFF7F7FE0028F8D00020F8E71E
:103EF00010B50C4648B141B1FFF7A5FE002820706F
:103F00000CBF6FF02200002010BD6FF01500FBE722
:103F1000F8B5941C0C446343B3F5004FA8BF4FF0B1
:103F2000FF330E4610F00301054617469CB203D03E
:103F3000B0211420ECF7B6FAB4F5004F01D9B12145
:103F4000F7E714220430FFF773FCEF746C802E80C7
:103F5000F8BD38B50388C48805898B42C4F30E02C6
:103F600003D2D1211420ECF79DFA84EA0503C3F3B0
:103F70000E030BB9AC4206D102F118030122C15263
:103F80008274184438BD1846FCE7023101444A43A4
:103F9000B2F5004FA8BF4FF0FF3290B21B3020F0B7
:103FA0000300B0F5004F34BF00B24FF0FF30704750
:103FB00040881B3020F00300B0F5004F34BF00B242
:103FC0004FF0FF3080B2704738B503888B4203D280
:103FD000F7211420ECF766FA857C65B1C388C3F33A
:103FE0000E031833C25A8A4207D3C152811DECF71F
:103FF000C5FC00238374284638BD0025FBE7034633
:10400000F0B59E88DD88B4B2A54200F11800C6F371
:104010000E0616D05F89DD7C845B3D440235354455
:10402000E41B28440D88A4B2A54288BF0C8059899E
:10403000B1FA81F14FEA511188BF25461170DD8137
:10404000F0BD00252846FAE7F8B58288C389002626
:1040500004460D4692B20E60CBB1C2F30E02418906
:10406000183287180B44825A9BB29342438104D979
:104070004FF4A2711420ECF715FA04D1011DECF7EE
:104080007DFC46812F600023E3810120F8BD1846A6
:10409000FCE7838802899BB29A42014602D008312C
:1040A000ECF76CBC70478388C0889BB2C31A584237
:1040B00058417047828873B5C48895B2AC42C2F348
:1040C0000E0202F1180212D04189C689835A314486
:1040D00099420EDB0DF10601ADF80650ECF74EFCEF
:1040E000BDF80600001B18BF012002B070BD002003
:1040F000FBE70120F9E770B5C488068984EA060267
:10410000C2F30E020346C4F30E0518300AB9B442D6
:104110000FD19C891A880CB1465B921B914207DC37
:10412000DA7C2C440232224410440A461A8270BDC2
:1041300000221046FAE7F8B5038A002B38D08B42EC
:1041400036D3C488858900F11803C4F30E041E1900
:1041500095B91D55757085891E5B0D44ADB231440E
:1041600085811953D2B1811DECF708FC00238381AE
:10417000002303820120F8BD1E5BAE4204D04FF441
:10418000F6711420ECF78EF9C57C878A2644023537
:1041900035445E195F53857DB570DCE7C27C2544EC
:1041A00002322A4499189B5A83828B788375DFE701
:1041B0000020E0E78388C2889BB29A4206D04289F9
:1041C00022B9C3F30E031833184470470020704718
:1041D000C37C0233C8187047C37C0233C81A7047C7
:1041E0000230704738B58388C2889BB29A4207D0A4
:1041F00045892DB9011DECF7C1FBC581012038BDF2
:104200000020FCE703881380C388C3F30E03183330
:1042100003440B60808970470368002223B9C0E91A
:104220000132031D0360704759681B680A44F5E7B3
:10423000072970B5034604D84FF4EC711520ECF74C
:1042400031F90068C0B144681A688C42064610D043
:10425000106860B901F10805AC420DD354685050A4
:104260001868651A541800686560505002E01346DB
:10427000E9E714681C60304670BD0023C1E90032D4
:1042800003680B600160704730B590B18478B1FB72
:10429000F4F304FB131300EB430252898A4201D169
:1042A000D8B230BDC27822B900F10803D0B284423E
:1042B00001D8FF20F5E733F8025F8D4202F10102D9
:1042C000F4D1EEE78278038805324B4303EB4203D7
:1042D0001844704737B50024CDE9004405468DF8F1
:1042E00006006846ADF80440ECF72CFDBDF804402C
:1042F00008B103B030BD29462046ECF7FFFC00288A
:10430000EFD040F235211720ECF7CCF870B50D4610
:1043100009211E46FFF739FE324604460921284688
:10432000FFF733FE40EA04031B0454BF00194FF0AB
:10433000FF3070BDD31D23F0070370B5083390B173
:1043400010F0070403D058212220ECF7ABF80460EA
:10435000C280818000F108040A464FF6FF75013AD9
:1043600092B2AA4203D103FB01F0083070BD066887
:10437000266004601C44F2E718B1C2888188FFF708
:10438000D9BF70470346EFF3108272B6006830B1B0
:10439000016819600023037043708370C37002B911
:1043A00062B67047EFF3108372B602680A6001606C
:1043B00003B962B67047012303707047F8B50C4625
:1043C00084F001046400054611461E46E4B2FF2352
:1043D000837003191B7D012B06D0631CDCB250FADD
:1043E00083F31B7D012B0AD105EB44073B8B3A8CF1
:1043F0009819904205DD2C4400233B83237500204F
:10440000F8BD05EB8404324660681844FFF792FA61
:104410003B8B1E443E830023AB700120F0E781F00C
:104420000101490010B5C9B2FF23837043181C7DF8
:10443000012C07D10C3120F8112002221A7500231B
:10444000837010BD0131CBB250FA81F10C7D012C8B
:1044500005D10C3320F8132002230B75EFE74FF43E
:1044600099710920ECF71EF830B50246837803F005
:10447000FF00F3B9137D022B19D0537D022B15D108
:104480000346012089B1D5180C3300242C7522F87D
:104490001340131803241C7502EB80035B680B6048
:1044A00000F10C0332F813308B80012030BD012362
:1044B000E8E70020FAE730B50346827802F0FF0013
:1044C000E2B99A7D022A17D0DC7D022C13D1032297
:1044D00081B11D190C340020287523F81400981898
:1044E0000324047503EB82000C32406833F8123069
:1044F00008608B80012030BD0324E9E70020FAE743
:10450000037D012B01D1008B7047437D012B0CBF34
:10451000408B00207047837D012B01D1808B704739
:10452000C37D012B0CBFC08B00207047838B23B948
:10453000C08B003818BF0120704701207047027DF2
:10454000022A01D1008B7047437D022B01D1408BA1
:104550007047032AF6D0032BF9D000207047827DE4
:10456000022A01D1808B7047C37D022B01D1C08B01
:104570007047032AF6D0032BF9D0002070472DE9AD
:10458000F041064606989DF81C70984643070D4674
:10459000114602D010F0030003D025214C20EBF788
:1045A00081FF4FF48B72FFF7C5FE002F06AB044668
:1045B00000FB08F10CBF18460020ECF703FA17B90E
:1045C000069B33602C60BDE8F081ECF7B3BD00EAD8
:1045D000400000EA400000EA400000EA400000EA33
:1045E000400000EA4000B0FA80F04009704708B58A
:1045F00003468B42104609D03AB183EA010002F02B
:104600007FF901288CBF0020012008BD0120FCE7B4
:1046100037B50023CDE9003304460D466846ECF774
:1046200091FB30B10023CDE9003302238DF8063031
:1046300014E0009B2A46D3F8CC102046FFF7D7FFA2
:104640000028EBD0012003B030BD009B2A46D3F8F0
:10465000CC102046FFF7CBFF0028F3D16846ECF7DB
:1046600071FB0028F1D00023CDE9003304238DF83D
:10467000063007E0009B2A4619682046FFF7B7FF7F
:104680000028DFD16846ECF75DFB0028F2D000235C
:10469000CDE9003305238DF8063007E0009B2A465C
:1046A00019682046FFF7A3FF0028CBD16846ECF736
:1046B00049FB0028F2D00023CDE9003309238DF80F
:1046C000063008E0009B2A46D3F8BC112046FFF7CD
:1046D0008EFF0028B6D16846ECF734FB0028F1D0F5
:1046E0000023CDE900330B238DF8063008E0009B52
:1046F0002A46D3F8E4102046FFF779FF0028A1D11D
:104700006846ECF71FFB0028F1D000224FF440234D
:10471000CDE900236846ECF715FB58B10023CDE93D
:1047200000330A238DF806306846ECF70BFB58B1CE
:10473000002088E7009B2A46D3F8E4102046FFF7C4
:1047400056FF0028E6D07DE7009B2A46D3F83C11AF
:104750002046FFF74CFF0028E6D074E770B523260B
:104760000025F3F75BFE0446F1F7B6F820B100210F
:104770002046FFF74DFF50B10020013E01D0002838
:10478000EFD04DB940F215210F20EBF78BFE2046FC
:10479000F1F7D8F82546F0E7284670BD00F0FD0097
:1047A000003818BF012070478207034607D410F075
:1047B000010005D113F0040018BF03207047022048
:1047C00070478207034607D410F0010005D113F0AB
:1047D000040018BF03207047022070476FF4506335
:1047E000C318062B8EBF40F2E243A0F550604FF491
:1047F0007A735843704713B501210020ECF768FA2B
:10480000044688B901210846ECF762FA0446C0B9AB
:104810000023CDE9003303238DF806306846ECF71A
:1048200091FAC8B100200AE0A830F0F797FB002801
:10483000E8D02046EFF704F90028E3D0012002B0C9
:1048400010BDA830F0F78AFB0028E1D02046EFF732
:10485000F7F80028DCD0F1E7009C204602F086FF44
:104860000028DBD0204603F024F90028D6D0E5E765
:1048700007B50023CDE9003303238DF806306846E1
:10488000ECF760FA08B1002004E0009802F06EFF37
:104890000028F4D003B05DF804FB13B5012100201B
:1048A000ECF716FAC0B901210846ECF711FAF8B98D
:1048B000FFF7DEFFA0B9062301906C4600908DF84B
:1048C00006302046ECF73EFAC0B100230093636047
:1048D00007238DF806301FE0A830F0F73FFB10B13A
:1048E000012002B010BDEFF73DF90028DBD0F7E75B
:1048F000A830F0F733FB0028DAD0F1E70098403019
:1049000002F0DBFC0028DCD0EAE7009B586F503057
:1049100002F0D3FC0028E4D12046ECF713FA00287B
:10492000F3D00020DDE71FB50022009240F6881387
:1049300003A9FBF7DDFF05B05DF804FB7E2808BF87
:104940006FF07F00FFF7EFBF10B5044638B1F2F704
:1049500097FC24EA0000B0FA80F0400910BD012065
:10496000FCE738B5044603F076F8D8B1204602F0EB
:10497000FDFE08B9002038BD204602F010FE0546B5
:10498000204602F00FFE78B9002DF3D0B5F8AA004A
:104990000221ECF7B3F90028ECD041F6D6213920FA
:1049A000EBF780FD4220E6E70C20E4E710B5044673
:1049B000FFF75EFF58B901210020ECF789F9D0B963
:1049C00001210846ECF784F9D8B9012009E0F2F793
:1049D000FBFB68B1F1F738FA044603F075F908B14A
:1049E000002010BD204603F06BF90028E3D0F7E764
:1049F000002CE0D1F4E7A830F0F7B0FA0028DFD0BF
:104A0000EEE7A830F0F7AAFA80F00100C0B2E8E7BC
:104A1000006890F8A8303BB190F8E23123B1002350
:104A200080F8E231F5F7D8BB704710B50446F4F7CB
:104A300073FB2070002010BD10B5FFF7DCFE0446AC
:104A400030B9F4F763FB2046F2F7CAFF204610BDE9
:104A50000C20FCE710B50378012B044601D9122085
:104A600010BDFFF71AFF60B92078FFF797FE012805
:104A70000DD004F11703E21D611CBDE81040F2F7F0
:104A8000D9BFF3F769F80028EED00C20E8E7A37946
:104A900003F0C003C02BE2D1EBE710B50378012B84
:104AA00004460AD8FFF7F9FE48B9214611F8010B70
:104AB000FFF774FE01F05CF838B9122010BDF3F76F
:104AC0004BF80028F1D00C20F8E70020F6E710B5ED
:104AD0000446FFF790FE90B92078012803D9FF28FB
:104AE00009D0122010BDFFF759FE611CF4F71AFB24
:104AF00038B10020F6E70120F2F772FFF9E70C2049
:104B0000F0E70720EEE710B50446FFF774FE98B90A
:104B10002378012B03D9FF2B0BD0122008E0184675
:104B2000FFF73CFE611CF4F729FB0028F5D00020BC
:104B300010BDF2F755FFFAE70C20F9E708B5008839
:104B4000F3F710F800280CBF3020002008BD38B55E
:104B50000546FFF7A2FE044638B92878003818BF8A
:104B60000120F2F7F3FF204638BD0C20FCE708B522
:104B7000FFF793FE18B9F2F7D9FF002008BDF2F74E
:104B8000EBFF0028F7D00C20F8E708230370002083
:104B900070471122027041F23903C2705922A0F805
:104BA00001308280C3800020704708B50821ECF7EF
:104BB000F7FA002008BD73B50646008808800C4649
:104BC00080B201A901F0D9F8054640B9B3784BB9D4
:104BD000019B93F92801A070F9F788F8A070284686
:104BE00002B070BD7F20FFF79EFEF4E710B50446CB
:104BF0006FF07F00FFF797FEF9F778F820707F20BD
:104C0000FFF791FEF9F772F86070002010BD10B543
:104C10000446F1F719F903F050F8F9F767F8207036
:104C2000002010BD08B50A46072300F11001FEF769
:104C3000F3FB002008BD012138B505460846ECF716
:104C400047F820B940F2EF713920EBF72BFCA83080
:104C5000F0F784F9044620B92846F0F71FFE2046F5
:104C600038BD0C20FCE710B5014604460020F2F7E1
:104C700027FD08B92060A080002010BD10B50446B3
:104C8000F2F776FA28B900202146F2F701FD00205C
:104C900010BD0020FFF78AFE0028F4D10C20F7E7B2
:104CA00010B504460120FFF781FE28B101202146FE
:104CB000F2F7EEFC002010BD0C20FCE737B50088B1
:104CC0000C460D4624F8020B01A980B201F055F8FC
:104CD00070B9019B03F1180283F84B001168216041
:104CE0001179217193F84B100029F5D103B030BD33
:104CF0000023C5F802302371F8E710B50446FFF72A
:104D0000CCFD58B92078FFF749FD611CE279F3F733
:104D100089F880F001004000C0B210BDF2F71CFF1E
:104D20000028EFD00C20F8E773B5008808800D4606
:104D300080B201A901F021F8044680B9019E86F8ED
:104D4000224196F82001F0F7B1FEA87096F82101F3
:104D5000F0F7ACFEE87096F82231002BEFD1204638
:104D600002B070BD1FB5044603A9008801F005F824
:104D700038B9A388022B14D8E078FFF7E5FD10B905
:104D8000112004B010BDA078FFF7DEFD0028F7D099
:104D900001230093A388E278A17803A8F2F79EFA92
:104DA000EFE71220EDE737B58378C178027903F099
:104DB000010451EA040503F002031DD052EA030581
:104DC0001AD0002C18BF0021002B18BF00228DF82C
:104DD0000320037842788DF8021043EA0223ADF8ED
:104DE000003043798279684643EA0223ADF8043003
:104DF000FFF7B8FF03B030BD1120FBE707B503781C
:104E00008DF8003043788DF8013068460023ADF806
:104E10000230ADF80430F1F7B5FB03B05DF804FBE8
:104E200013B50C4601A900F0A8FF28B9019B93F81F
:104E3000A820DB8812B9238002B010BD0133FAE745
:104E40002DE9FF41044603A9008800F0B8FF06469B
:104E500020B9039D95F8A83023B11126304604B03F
:104E6000BDE8F081A2881046FFF7B8FCD5F8C8303D
:104E7000A189984260890CBFB5F8DE3001238842D1
:104E800005F1A80601D91226E8E7019323890093CA
:104E9000E38861883046F0F773FE804600283CD0F6
:104EA00095F8523203F0FF06002B38D1A088FFF7A7
:104EB00095FC074605F1E80001F0FBFB2030874236
:104EC000CBD3A3886FF450621344062B8ABF40F201
:104ED000E2436423B046BB42D5D2B8F1000F05D0FF
:104EE000B5F8201140F2022291421AD1A5F83E32C3
:104EF000C5F84472E279A37943EA0223A5F848325F
:104F0000237A627A43EA0223A5F84A32002385F81D
:104F10005032FF2385F85232A0E730269EE73A262A
:104F20009CE70C269AE713B5044600F044FE0028DF
:104F30004DD02046F3F71AF80023CDE90033FF24C3
:104F40006846EBF7FFFE48B300244FF44033CDE949
:104F50000043FF246846EBF7F5FE18B300204FF43A
:104F60008023CDE90003FF246846EBF7EBFEE8B1B0
:104F700000214FF4C023CDE90013FF246846EBF76E
:104F8000E1FEB8B100224FF42023CDE900236846AA
:104F9000EBF7D8FE90B1002002B010BD009B83F863
:104FA0003542CDE7009B83F88A40D3E7009B83F826
:104FB0003440D9E7009B83F83440DFE7009B93F847
:104FC0003820032AE3D1FF2283F82220DFE71220D2
:104FD000E2E707B5008801A900F0F1FE30B9019BB6
:104FE00093F83F2112B9FF2283F83F2103B05DF807
:104FF00004FB10B50446F2F725F92060616000203B
:1050000010BD10B50446F2F71DF9C4F80510C4F838
:105010000100F2F71DF90368C4F80930EC22002101
:1050200004F10D00FEF704FCF2F716F920700020E1
:1050300010BD73B5054601A9008800F0C0FE064604
:1050400020B9019C94F8A8301BB10C26304602B060
:1050500070BD94F8823203F0FF0633BB94F86230DF
:10506000DB0724D5D4F8A430002BEED1D5F80230DC
:10507000C4F87832D5F80630C4F87C326B89A4F8CD
:10508000803204F51A7205F10C031C3553F8041B29
:1050900042F8041BAB42F9D10C2104F51570ECF772
:1050A0007FF8FF2384F88232D0E73A26CEE71A262B
:1050B000CCE730B589B003466A4600F11805186898
:1050C0005968144603C40833AB422246F7D1186826
:1050D000206002236846ADF81C30FFF7AAFF1E22AD
:1050E000044600216846FEF7E3FB204609B030BDC8
:1050F00037B50446F0F7A8FE23781F2B054618D8CD
:10510000C16C04226846EBF75DFF2246E86C12F89A
:10511000013B0021FFF752F968B1EC6C2046FFF724
:10512000FAF9002102462046FFF779F9002003B082
:1051300030BD1220FBE70720F9E737B50446F0F74A
:1051400083FE23781F2B054618D8C16C00226846C1
:10515000EBF738FF2246E86C12F8013B0121FFF71C
:105160002DF968B1EC6C2046FFF7CAF9012102461F
:105170002046FFF754F9002003B030BD1220FBE7B2
:105180000720F9E773B50546F0F75EFE00260446F2
:105190008DF8046002F09CFD2B788DF80760C0014B
:1051A000012BADF8050005D101A92046F0F750FF0D
:1051B00002B070BD2BB9204602B0BDE87040FFF7C9
:1051C000D0BB1220F4E710B5044634F8020B088077
:1051D000022180B2EBF77CFD20B12146BDE81040F2
:1051E00002F09ABF022010BD008808B50880022195
:1051F00080B2EBF76DFD20B1BDE80840002102F060
:105200008BBF022008BD37B50446008808800D46D4
:1052100080B20921EBF75CFD10B10C2003B030BD6A
:1052200020880B21EBF754FD0028F6D120880C21B3
:10523000EBF74EFD0028F0D1208801A900F09DFD7C
:105240000028EBD1019B9B8F6B80E7E737B50446C5
:1052500000880880092180B2EBF73AFD10B10C20DC
:1052600003B030BD20880B21EBF732FD0028F6D1CA
:1052700020880C21EBF72CFD0028F0D163880BB9B6
:105280001220EDE7208801A900F077FD0028E7D182
:105290006588019B42F21072A9B2D3F8C84051430D
:1052A000B3F8DE206243B3F8D04004FB02229142FF
:1052B000E6D3D3F8C820D3F8C8409442F9D10022ED
:1052C0005A63621E0A449D87B2FBF4F29A63C7E7F1
:1052D00013B5008808800C4680B201A900F04DFD8E
:1052E00010B9019BDB7AA37002B010BD10B50C465B
:1052F0000221EBF7EDFC90B1022C12D804F0010270
:10530000C4F3400480F8E42180F8E34112B190F83E
:10531000E2310BB9002010BDF4F75EFFFAE702207E
:10532000F9E71220F7E710B504460078FF280AD005
:105330000321EBF7CDFC58B16378A27843EA02234E
:10534000C384002010BDB4F80100F5F7CFF8F8E7EA
:105350004220F7E710B504460078003818BF012056
:10536000F7F760FB2078003818BF0120F4F720FF22
:10537000002010BD10B50446F1F726FF50B1F0F73C
:1053800063FD6178C1F3400201F0010102F0E8FC25
:10539000002010BD20780321EBF79AFC0028F0D103
:1053A0004220F6E70620F1F715BF0820F1F712BFFB
:1053B0000B20F1F70FBF03F010B802F0DDBE07B508
:1053C00003788DF8003043788DF8013083788DF8BC
:1053D000023001238DF8033068460023ADF8043015
:1053E0008DF80630FAF794FF03B05DF804FB07B5BB
:1053F00003788DF8003043788DF8013083788DF88C
:105400000230C3788DF8033068460023ADF80430CD
:105410008DF80630FAF77CFF03B05DF804FB07B5A2
:1054200003790BB14279CAB902788DF8002042782D
:105430008DF8012082788DF80220C2788DF8032043
:10544000DB00002268468DF804208DF805308DF8C9
:105450000620FAF75DFF03B05DF804FB1120FAE7C0
:1054600037B5037904460BB14379F3B9A579E5B9AA
:1054700094F90700FFF762FA23788DF8003063781B
:105480008DF80130A3788DF80230E3788DF8033081
:1054900023798DF80400DB0068468DF805308DF81F
:1054A0000650FAF735FF03B030BD1120FBE713B506
:1054B000044690F90100FFF741FA0023CDF80130CE
:1054C0008DF8053023788DF800308DF80400012325
:1054D00068468DF80630FAF71BFF02B010BD07B51D
:1054E00003788DF8043001238DF8053001A80023DE
:1054F0008DF80630FAF774FF03B05DF804FB07B5CA
:1055000003788DF8043043788DF8053083788DF872
:10551000063001A8FAF764FF03B05DF804FBFAF760
:10552000B3BF10B5044604B910BD2368984764683A
:10553000F9E703680BB9016070471A465B6813B15D
:105540008A42FAD170478A4218BF5160704708B545
:1055500002F023FEF0F75AFEEEF752F8BDE80840DD
:10556000F3F7F0BE08B5F3F7E7FEF7F753FAF0F7F5
:105570004DFEBDE80840EEF79DB8FAF7B1BEFAF768
:105580009BBE08B5F4F7D4FDF5F74CFD20B140F211
:1055900063119320EAF786FFBDE808400320FEF779
:1055A00099BE08B50220FEF795FE0020FEF792FE98
:1055B000EBF77AFCF2F726F8ECF742FC20B140F268
:1055C00043119320EAF76EFF08BDFFF7EABF08B565
:1055D000FFF7D7FFF6F76EFA20B14FF4BC719320B6
:1055E000EAF760FF08BD08B5FFF7B1FF02F0F1FE72
:1055F00020B14FF4E8719320EAF754FF08BDFFF79C
:10560000D0BF08B5F5F736FDF4F7C4FDBDE8084096
:10561000F5F718BD08B500F07DFAECF7F1FB0220B4
:10562000FEF758FEBDE808400020FEF753BE08B55F
:10563000EEF780F8FFF796FFFFF7ECFF02F0CBFEE6
:10564000BDE80840F2F78ABD0123038040F2011350
:1056500043807047FBF7B4BD0B46892203F8032B48
:10566000D0F80920C1F80320427B1A717047012845
:1056700004D1012914BF002001207047022801D164
:105680000229F7E7042908BF04280CBF01200020E5
:10569000704738B50D460446F1F7F2FD2B78002B24
:1056A00008BF034684F874306B78002B08BF0346AC
:1056B00084F875306B88A4F8763038BD37B58B78B0
:1056C000046803F0070384F819314B7803F00703EB
:1056D00084F8183126230546E37394F8393113BB57
:1056E00094F83831012B1ED094F8213194F8182108
:1056F000D91E012998BF04239A42B4F81E3118D14B
:1057000094F8202194F81901D11E012998BF042290
:105710009042B4F81C110CD1022284F83821A4F86C
:105720003A11A4F83C31284603B0BDE8304001F0FE
:1057300084B9022094F81D2194F81C110090284689
:10574000F1F7CCFD0028EED04FF46671AE20EAF7F9
:10575000A9FE38B5036893F83831012B04460D468D
:1057600002D11E21F1F734FE2368002083F83801AE
:1057700065B1182283F8992009229A7393F84A3068
:1057800093B940F25B41AE20EAF78CFEDA7B243A13
:10579000072A03D8DD73204601F061F9204618215D
:1057A000BDE8384001F08BB938BD08B503689A7B75
:1057B00022B14FF4E671AE20EAF774FE24229A7308
:1057C00008BD034610F0010007D19A0704D413F076
:1057D000040018BF03207047022070472DE9F34BE7
:1057E0000546104616461F46FFF7EBFF8346084660
:1057F000FFF7E7FF46EA01044BEA04040443E4B27E
:10580000003CDDF828800190894618BF0124F1F79B
:1058100037FD064018BF5E46F1F732FD95F82021AE
:10582000019B10EA090118BF1946B24214BF334662
:10583000002388F8003095F821218A4208BF002112
:105840000B4388F801100AD1EB88013FFF1ABFB261
:1058500047F6FD739F428CBF002404F00104C6B9D3
:1058600095F82001F0F732F903280ED195F8383178
:10587000012B0AD1B5F83C2195F82031012A0AD133
:10588000042B0AD0042388F80030204602B0BDE87B
:10589000F08B032EE9E7032BF7D00323F3E703296B
:1058A00006D101280AD104215180138001207047BC
:1058B000042903D1012801D00321F5E70020704716
:1058C000012807D0022805D0033801288CBF00200A
:1058D0000120800070477FB50B460468CDE90021A8
:1058E00018461146F1F792FD94F8206194F8215181
:1058F000C3B2C0F30720B34208BF0023854208BFEC
:10590000002084F83A3284F83B0204B070BD2DE9DF
:10591000F0410C6894F83A22D31E012B05460F463D
:105920002DD894F82031D91E012928D8D31A18BFB0
:10593000012394F83B02FFF7C3FF06460BBB10465A
:10594000FFF7BEFF804694F89F306BB948EA060324
:1059500013F0FF0306D0204601F0D1F83B68DB8846
:1059600003449BB2A4F83832B4F83832EB701B0A07
:105970002B71AE7085F801800520BDE8F081002311
:10598000D7E74FF00008DEE7F7B504680E46E17B85
:105990000546174671BBA37B283B022B2CD901A8D7
:1059A000F1F752FE014628B1019BDB788DF80330F8
:1059B0000DF10301A07B1622F2F762FD044630B11F
:1059C00002461621284601F05EF8044609E0737885
:1059D0005A0709D0B3785B0706D031462846FFF74F
:1059E0006DFE204603B0F0BD3A463146284601F030
:1059F00077F8EAE70124F4E72024F2E770B50568B8
:105A0000EC7BA4F12406072E02460B4615D994B967
:105A1000AD7B292D11D04D786E0706D08D786D079E
:105A200003D0FFF74BFE204670BDBDE870401978EB
:105A3000104601F044B80124F5E72024F3E737B518
:105A40000468A37B242B21D14B7813F0070519D0D0
:105A50008B7813F0070215D00023ADF806308DF8CF
:105A600004508DF80520019AD4F83A11FFF733FF5E
:105A7000012384F84A3000202823A4F84600A373A9
:105A800003B030BD0023A4F83A32F1E70120F7E774
:105A900038B50368DA7BB3F83A42262A054614D1B2
:105AA00084B9DC7393F83831012B02D12146F1F728
:105AB0008FFC2B68002283F838212846BDE8384047
:105AC00000F0CDBF2922DA73F7E79A7B282A0ED19E
:105AD00054B99C732146F1F77BFC2B6883F838415D
:105AE000002283F84A2038BD29229A73F8E740F251
:105AF000CC51AE20EAF7D6FC08B50368DA7B262A3B
:105B000005D022B140F2D351AE20EAF7CBFC2722D8
:105B1000DA7308BDF1F776BD704730B542401C78A6
:105B200008785D7860404C786C4020449D788C7893
:105B30006C402044DD78CC786C4020441D790C7991
:105B40005B7949796C4020444B4018441044B0FACA
:105B500080F0400930BD024600200139C9B2FF295A
:105B600000D17047535C83F001030344D8B2F4E7DB
:105B700008B5F1F7CBFD082807D0F1F7E9FD0828B3
:105B800003D0F1F7FBFD012008BD0020FCE708B5BC
:105B9000F1F7BCFD082803D0BDE80840F1F7D8BDF7
:105BA00008BD08B5F8F752FA18B1BDE80840F8F793
:105BB00075BA082008BD70B503791F2B0FD8461E93
:105BC000051D002416F8010F00F0CFFEAE4204447C
:105BD000E4B2F7D1012C94BF0020012070BD002059
:105BE000FCE701440023884203D1B3FA83F0400963
:105BF000704710F8012B1343F5E7F8B5D0E90476A8
:105C000005460C46FCF7FEFC18B952212920EAF79C
:105C100049FCE4B1D5E90423D21B63EB0603012A56
:105C200073F100014FF0000113DB6FF001009042AF
:105C3000994101DA5C21E9E7631E1344B3FBF4F3F5
:105C40005C43E41946F10006C5E904461C462046BB
:105C5000F8BD0C46FBE7F8B50C46D0E900760546E2
:105C6000FBF788FCF4B1D5E90023D21B63EB0603F4
:105C7000012A73F100014FF0000115DB6FF0010004
:105C80009042994103DA76212920EAF70BFC631E42
:105C90001344B3FBF4F35C43E41946F10006C5E991
:105CA00000461C462046F8BD0C46FBE7022905D1FC
:105CB0003C281BD980100F3880B27047CB1E012BB7
:105CC0000FD804290CBF96234FF4167303F5BC7349
:105CD0000CBF10224022984208D9C01A90FBF2F063
:105CE000EAE7702802D9C0100E38E5E700207047B7
:105CF000022908B5034614D005D8012909D0E721A7
:105D00002920EAF7CFFB03390129F8D840F6A6602D
:105D100008BD40F6C41040F2E242002B08BF104616
:105D2000F6E740F6C410F3E710B5029C801A7E38FF
:105D30008842226894BF091A491A02EB5102226074
:105D40001A680129A2EB51021A6094BF00200120B9
:105D500010BD69B1A0F57A7241F270739A4207D80A
:105D60004FF47A73B0FBF3F000F5506080B27047E7
:105D700040F2E243B0FBF3F0F8E738B50C460021FF
:105D80000546EAF7A5FF206048B902212846EAF750
:105D90009FFF2060B0FA80F04009400038BD00202D
:105DA000FCE70368587BC0B293F830302BB900F0A1
:105DB000FB00003818BF012070470020704710B565
:105DC0000C46FFF7DAFF38B92046FFF7EAFF80F00C
:105DD00001004000C0B210BD0220FCE738B54FF40E
:105DE000247204460D460021FDF722FD0123E375D0
:105DF0006FF0360384F86330042384F864306FF066
:105E00003B0384F865306F2384F86630032384F8FD
:105E10006730002384F868306FF07F0384F86930BE
:105E20002B2384F86230FE2384F89E307F23E372B4
:105E3000A4F8AA5038BD07B540F6B833B0F8D22060
:105E4000D0F8C8100190838701A8F2F729F803B0B1
:105E50005DF804FB38B54FF4427204460D4600214C
:105E6000FDF7E6FC6FF0360284F86320042284F824
:105E700064206FF03B0284F865206F2284F866206E
:105E8000032284F86720002284F868206FF07F02E4
:105E900084F869202B2284F86220FE22012384F8F2
:105EA0009E207F22E375E27284F8A830A4F8AA50FD
:105EB00038BDC2B292FAA2F2030A93FAA3F31B0E00
:105EC000100E40EA0320704770B50131C9B20530A9
:105ED000002210F8013F8B4216D310F8054C002326
:105EE000012505FA03F626421CBF01F1FF31C9B2B4
:105EF00069B10133082BF4D10132D2B2052AE8D1BD
:105F00009B214620EAF7CEFAC91AC9B2F4E703EB9F
:105F1000C200C0B270BD0B6870B5C0F801300B791B
:105F200003F01F03437100230446C3720546461D58
:105F300015F8010F00F019FD6871E37AB5421844B5
:105F4000E072F5D170BD70B581EA11418CB20546A1
:105F5000C17A032682EA0400FFF7ABFF013E00EBA3
:105F60000010221816F0FF0690B2F5D14440252209
:105F7000B4FBF2F302FB1343C3F3C4022A44D8B2C6
:105F8000567803F00703012202FA03F31E4207D1F9
:105F900061432846C1F30741BDE87040FFF794BF55
:105FA00070BDF8B590F822506B1E242B044603D91F
:105FB000E1214620EAF776FADAB1C07D002843D124
:105FC00094F8243094F8231002FB01322523B2FB0D
:105FD000F3F103FB1123DBB204EBD30284F824308A
:105FE000117E03F007060122B240114202D084F86C
:105FF0002530F8BDB3FBF5F205FB1233013303F096
:10600000FF0304F11C0111F8012F9A4219D311F872
:10601000055C0022012606FA02F72F4208D0013B58
:1060200013F0FF0304D102EBC00284F82520E0E75F
:106030000132082AEFD10130C0B20528E3D1D721BF
:10604000B7E79B1ADBB2F6E7E288496A04F117006A
:10605000FFF779FF84F82500CBE7D0F803300B6019
:10606000B0F807308B8070470378890123F0400334
:1060700001F040010B4303707047037803F07F0386
:1060800043EAC113037070470078C00970471F2AA4
:1060900038B50546144603D9A8212A20EAF702FAA2
:1060A00009300634FDF746FC6C7038BD1F2A38B540
:1060B0000546144603D9CA212A20EAF7F3F9093024
:1060C0000634FDF737FC6C7038BD037803F00F031E
:1060D000032B02463ED0052B42D1C37F90F820000F
:1060E000034392F82100034392F82200034392F8FD
:1060F000230000F01F00184333D05378222B2FD1F8
:10610000B2F81930B1B1B3F5506F13D940F6075159
:106110008B4225D8B2F81B30B3F5FA7F20D2B2F803
:106120001D000A3880B240F6764398428CBF0020AA
:1061300001207047991F89B240F67A4081420FD8FA
:10614000917D481E07280BD8994209D2B2F8171042
:106150009942DEE74078A0F10C035842584170475D
:1061600000207047C37813F03F035DD007295BD848
:10617000DFE801F0040B1E29343F4A55037913F080
:10618000010F0CBF002005207047027912F00200B9
:106190004BD0052002F0010202EB420200EB42006C
:1061A0000729C0B241D1021F9A42C8BF00207047E0
:1061B000027912F0040038D0052012F0020F1CBF43
:1061C0000630C0B2E6E7027912F008002DD00520B3
:1061D00012F0040F1CBF0130C0B2EEE7027912F0DA
:1061E000100022D0052012F0080F1CBF0230C0B2F0
:1061F000EEE7027912F0200017D0084612F0100FD7
:106200001CBF0330C0B2EEE7027912F040000CD0A0
:10621000052012F0200F1CBF1230C0B2EEE7027949
:106220005006F5D50620F4E70020704770B50C46FF
:10623000064611461D4624B94FF41F712A20EAF77D
:1062400031F9FFF78FFF10B940F27D21F6E7031F08
:106250002B443F2B02DD40F27E21EFE72A46214608
:106260003044BDE87040FDF765BB10B50446FFF74C
:1062700079FF00B1204410BD30B5C1F38003C1F3F4
:1062800080142344C1F3001404EB44042344C1F3F9
:10629000401404EBC404C1F3400503EB4403C1F311
:1062A00000042C4404EB4404C1F3C0052C44134403
:1062B00003EB440313F0FF031CBF01330171C178EA
:1062C00018BFDBB221F03F0103F03F042143C1704E
:1062D000591C41701AB104339B1A013AC25430BDA3
:1062E0004378C278013B02F03F02981AC0B270476F
:1062F000F8B5174606460D461946FFF7F1FF441A52
:10630000E4B2BC4228BF3C464DB1F27802F03F02F5
:1063100004321144314422462846FDF70BFB204647
:10632000F8BDC378024613F03F0022D0137913F072
:10633000200F14BF09220022C3F3C001C3F34000A1
:10634000114403F00102024402EB4202C3F3800055
:1063500013F0100F0A44C3F38011084414BF032341
:106360000023184400EB420010F0FF001CBF013076
:10637000C0B2704738B5C578AB09032B04461ED0B0
:10638000437805F03F05AB4219D9FFF7CAFFA84291
:1063900015D895B12379DB060FD504212046FFF7E8
:1063A00064FF48B1037803F03F03242B07D88078BB
:1063B0005F288CBF0020012038BD0120FCE70020B1
:1063C000FAE70278437802F00F02072A12D8DFE8D2
:1063D00002F0080408111111080E0C3B58425841F4
:1063E0007047063B1F2B8CBF0020012070470BB16C
:1063F000FFF7C0BF00207047027802F00F02072AA3
:106400000AD0082A0AD0042A0ED1407806381F285C
:106410008CBF002001207047FFF7ACBF4078A0F18F
:106420000E03584258417047002070471B2A08B598
:1064300004D940F299312A20EAF734F8BDE808403F
:10644000FDF778BA8388A1B1B3F5506F11D940F642
:10645000075293421BD8C388B3F5FA7F17D200893D
:106460000A3880B240F6764398428CBF0020012063
:1064700070479A420BD8B3F5486F08D84278511E3E
:10648000072904D89A4202D242889A42E2E70020C1
:106490007047013001F1200351F8042B40F8042B20
:1064A0009942F9D10B880380704738B515460446E8
:1064B000FFF7EFFF2B68C4F823306B68C4F8273070
:1064C00038BD2DE9F04F85B0884603A99DF83840C6
:1064D00001931546FFF751FC814618B9039E2DB96B
:1064E00001237375012005B0BDE8F08FD6F8C0A078
:1064F00029465046FDF72DFD074608B90020F2E772
:10650000EFF7BCFC8542F9D839465046FDF760FEEE
:10651000727DA0F80190002A18BF4FF0020880F8A1
:10652000008083463846FDF75BFE0746DCB1B6F8CF
:10653000E640C4B1FAF7C4FE40F271225443241875
:1065400041F1000179603C6001992A460BF103009A
:10655000FDF7F0F929465046FDF736FD28B98321AD
:106560002B20E9F79FFF2146ECE7039B93F8A83027
:1065700033B103A8FEF74CFA039B0022A3F8DA21FB
:106580000023AEE7437837B5C3F301120446032A6C
:1065900003D8DFE802F0050E1D05002003B030BD72
:1065A000057803F00F00002300936288231D022169
:1065B00007E0057803F00F00002300936288231D95
:1065C000012145EA0020FFF77CFF60B10120E5E7EB
:1065D000F0F73EFE03685B05DFD56078257800F0B4
:1065E0000F000123E0E7F1F7B1FEEFE71A230B708C
:1065F00001234B708B707047F1F760BD10B521B966
:1066000040F2A9211020E9F74DFF4A600B72EFF329
:10661000108472B6031D0B6042681AB1127A012A07
:1066200008BF036003681960016004B962B6BDE881
:106630001040F1F78DBD0222F1F776BE0322F1F78B
:1066400073BE0422F1F770BE0222F1F7B1BE03223D
:10665000F1F7AEBE8D230B7030F8AF3CA1F80330DC
:1066600030F8653CA1F8053030F8613CA1F80730FE
:1066700030F8633CA1F8093030F85F3CA1F80B30EA
:10668000704708B5CB1E012B04D8800100F574704B
:1066900080B208BD012902D10E30C000F8E70229FE
:1066A00002D10F308000F3E74FF40C710620E9F7B8
:1066B000F9FE40687047033901298CBFC08A4FF446
:1066C0002960704770B590F878608D880C89033E1A
:1066D000012E04D943B11678033E012E04D8B5F536
:1066E000296F38BF4FF4296590F87960033E012E79
:1066F00004D943B15378033B012B04D8B4F5296F77
:1067000038BF4FF42964CB884A88A0F86020A0F8ED
:106710006430A0F86250A0F8664070BD1B220029CA
:106720000CBF4FF4A4734FF429634FF01B11828404
:106730000284028502F1A472C0E90521C160C3840C
:106740004384C38383834382038270470346F0B547
:10675000B3F85810B3F8642093F87940B3F85C505C
:10676000B0F84E70B0F85200914228BF1146B3F80D
:106770006620A3F84E10033CAA42E4B228BF2A4682
:10678000012CB3F8544087BFB3F8566015464FF458
:1067900029664FF429658C4238BF0C46B24238BF97
:1067A00032468F42A3F85250A3F85440A3F8562023
:1067B00026D1401B18BF0120B3F86020B3F85A104F
:1067C000B3F84C50B3F85040914228BF114693F8AB
:1067D0007820033A012A15D9B3F85E20B3F8626035
:1067E000B24228BF32468D42A3F84C10A3F8502085
:1067F0000BD1944218BF40F0010000F00100F0BD41
:106800000120D9E74FF42962EDE70120F5E738B51B
:10681000CB1E012B044610D9C58B438C9D4228BF4B
:106820001D46207AFFF72DFF6389AB4228BF2B4618
:10683000984238BF184680B238BD4FF42965F0E75A
:106840002DE9F84307460E4680899DF820801946B9
:1068500014469946FFF715FF494605463846FFF7A7
:10686000D6FF854228BF05464146B88AA8F10308ED
:10687000FFF707FFB8F1010F8CBFFA8A4FF42962C6
:1068800090420346ADB228BF1346A01D15FA83F30C
:1068900030441844BDE8F88313B5828F0346403076
:1068A00049B9598F93F87940009493F87830FFF7FD
:1068B000C7FF02B010BD198FF4E770B50C4615463E
:1068C00019464BB9068FFFF7E7FF28443044A04232
:1068D00094BF201A002070BD468FF4E738B50D46EE
:1068E00011460446FFF7D8FF2844606438BD01F123
:1068F0009C0383423DBF9C38401A400800207047EB
:1069000000F05533400800F05530034403F03332B3
:106910009B0803F033331A4402F00F33120902F0DC
:106920000F32134403F0FF101B0A03F0FF13184447
:1069300000EB1040C0B2704745F2555200EA020326
:1069400002EA5002981843F2333300EA030203EAE2
:1069500090031A4440F60F7302EA030003EA12138D
:10696000184400EB1020C0B2704700F055034008F7
:1069700000F05500034403F033009B0803F0330399
:10698000034403F00F0000EB1310704780EA60002F
:10699000FFF7B6BF40F34E039BB25840FFF7CCBFA2
:1069A00032280CD006D8162818BF012894BF012021
:1069B00000207047A0F13E03584258417047012023
:1069C000704708B50246FFF7EBFF40B10846FFF7F6
:1069D000E7FF20B18A420CBF23202A2008BD8A424B
:1069E0000CD1A2F13003DBB20B2B07D840F621000B
:1069F00020FA03F3DB070CD52320EFE73E2901D172
:106A0000262A0ED03E2A04D126290CBF2A20002097
:106A1000E4E73B2901D11F2AF7E73B2A03D11F29CD
:106A2000F3E72A20DAE70020D8E7036800229A7308
:106A300083F84A20A3F846207047026892F8A830ED
:106A40002BB9A2F84E30012382F850307047002352
:106A5000A2F84E3092F8503001335BB2F4E708B53B
:106A6000026892F8A83013B982F8503008BD92F845
:106A70005030013B5BB2002B82F85030F6DA5221E5
:106A80004A20E9F70FFD08B5036883F89B1083F8E7
:106A90009A203522DA73FFF7D0FF002008BDA0F15D
:106AA0000A03042B09D9A0F14703012B05D9243887
:106AB00007288CBF00200120704701207047026822
:106AC000136810B513F0080408D143F008031360ED
:106AD00082F89810FFF7B1FF204610BD0120FCE7B7
:106AE00010B50368DC7B44B90A7883F89820032248
:106AF000DA73FFF7A2FF204610BD0124FBE7D0F8B0
:106B0000C82041F64B539A429CBF4AF6C873B3FB68
:106B1000F2F3B0F8D020B0F8DE0088BF06231344AB
:106B200010FB03F080B2704703681A7C073A012A11
:106B300081BF4A785A7407221A740020704702688D
:106B4000137C073B012B84BF08231374704770B577
:106B50000268D57BE5B9CB88D688A2F8D032013B54
:106B60009B1B9BB247F6FD76B34206D9282382F8D9
:106B70003130F1F7D9FF284670BDD1F80130C2F8A5
:106B8000D2324B7982F8D63203680A22DA73F2E7FE
:106B90000125F0E708B503689A7B1AB13B2155201F
:106BA000E9F780FC0B229A7308BD2DE9F74F0646E2
:106BB000894690460193FFF7A2FFD6F8F471044688
:106BC00057B90023C8F80030F38823449CB2019BD6
:106BD0001C8003B0BDE8F08FF2F7C0FB0028F0D1B5
:106BE000D6E97632D6F8C8C00CFB04FE1EEB030EC5
:106BF000D7E902130B44D7E9001542F100025B18F4
:106C000045F10005734575EB020114D2BEEB03019B
:106C10006FF0010B62EB050A8B4570EB0A0A03D299
:106C20003D215620E9F73EFC3869471E3944B1FB47
:106C3000F0F1E0FB0135B3EB0E0365EB02056FF0FD
:106C400001029A424FF00002AA4101D24821E8E72E
:106C5000B3FBF9F209FB1233B3FBFCF291B20CFB6C
:106C60001133C8F80030F3881C441444A4B2AEE7D2
:106C70000B46822203F8032BD0F80920C1F8032029
:106C8000D0F80D205A60427C1A720023CB707047F6
:106C900070B50368DD7B06460C46002D5BD193F88A
:106CA000291106222046FFF7CDFB014628B921789D
:106CB0003046BDE87040FFF702BF32686389D08874
:106CC000A2F8D032013B1B1A9BB247F6FD708342FB
:106CD00007D9282382F831303046F1F725FF2846BE
:106CE00070BDA3886FF450601818062895BFA3F5EF
:106CF000506340F2E2414FF47A704B4398BF4343F4
:106D0000C2F8D83288BF29466378C1B103EB830348
:106D100003EB83039B00A2F8D2326388C1B16421E4
:106D20004B43C2F8D432E388A2F8DC322389A2F8BC
:106D3000DE32002382F8E4320D23D373CFE7C3EBB6
:106D4000431003EB800303EB83035B009BB2E2E79A
:106D500040F2E241E4E70125C1E708B503689A7B08
:106D60001AB1A2215620E9F79DFB0D229A7308BDA6
:106D7000F8B50D6804460F46D5F8440295F8291178
:106D8000FEF7E7FF6FF45062821892B2B5F83E3218
:106D90002071062A4FEA102060718BBF40F2E24258
:106DA0006422B3FBF2F3B3FBF2F36370B5F848323D
:106DB000A3714FEA1323E371B5F84A3223724FEA05
:106DC00013236372386890F89F308CBF0026012629
:106DD0003BB9D5F8441205F50F7305F51072FFF7AE
:106DE000E4FEB5F83C32A3721B0AE372D5F84032D8
:106DF00046B16422B3FBF2F3A370C3F30723E3703D
:106E00000C20F8BD40F2E242F4E70B46842203F87E
:106E1000022BD0F80920C1F80220D0F80D205A60CA
:106E200070470B46852203F8022BD0F80920C1F8E1
:106E30000220B0F80D209A80704710B50446006813
:106E4000837B1A2B12D100F1800200F51671052305
:106E500000F51A70FCF7E0FA2368002000210122F7
:106E6000C3E91C01DA741D229A7310BD0220FCE7ED
:106E700003689A7B142A10D1D1F80120C3F860224C
:106E8000D1F80520C3F864220368D1F80920C3F8BB
:106E900094201A229A7300207047022070470368DA
:106EA0009A7B102A01BF00201322D8749A7318BF4E
:106EB0000220704708B503689A7B132A04D040F279
:106EC00077111F20E9F7EEFA012283F852201222EF
:106ED0009A7308BD38B50368DC7B054634B1113CB4
:106EE0000F2C8CBF01240824204638BD1A7D002AAF
:106EF000FAD0D3F8A4302BB9FFF79FFD2B681122ED
:106F0000DA73F1E7BDE838400C220A21FFF7BBBD78
:106F100008B50368DA7B162A04D040F253211F20FB
:106F2000E9F7C0FA012283F851201822DA7308BD6C
:106F30000368DA7B122A03BF13220020DA730220CF
:106F4000704710B50368DB7B1C2B044606D1FFF7A6
:106F500086FD23682022DA73002010BD0220FCE7A2
:106F600008B50368DA7B112A04D040F27E211F2085
:106F7000E9F798FA012283F851201222DA7308BD4A
:106F800008B50368DA7B182A04D040F28A211F2052
:106F9000E9F788FA1C22DA7308BD08B503689A7B02
:106FA0001D2A04D040F2FE211F20E9F77BFA1F22A0
:106FB0009A7308BD08B503689A7B22B14FF44171FA
:106FC0001F20E9F76FFA012283F8512010229A73EB
:106FD00008BD08B503689A7B3AB193F8522022B9EC
:106FE00040F20B311F20E9F75DFA012283F85120AE
:106FF00014229A73002283F8B82108BD3E230B7037
:107000000C234B7004238B70D0F80930C1F8033087
:10701000D0F80D30C1F80730B0F81130A1F80B30BE
:10702000C37C4B73704708B503689A7B1AB1CF21B4
:107030001C20E9F737FA04229A7308BD08B50368E3
:1070400093F8A82032B9DA73A3F84E20BDE80840BF
:10705000FFF705BD1A68D10703D4DD211C20E9F72D
:1070600021FA22F001021A60F0E787230B7030F852
:10707000A63C4B807047036893F8A8109A7B49B9E7
:10708000052A01BF002283F83E2083F84A209A7324
:10709000002070470F2AF4E738B5046894F8A85028
:1070A00045B9E37B4BB9FFF7C8FC45B90223E3734D
:1070B000002038BD23685B07F5D50120F9E7236878
:1070C00043F004032360F3E7036893F8A8201AB1A0
:1070D0001A6822F004021A60FFF7C1BC08B5036801
:1070E0009A7B1AB172214B20E9F7DCF993F8A820BA
:1070F000002A14BF0F2205229A7308BD10B5D0E9EB
:107100000D42A24206D30B8DC98E05334B43121B91
:10711000934202D3012380F83E3010BD0C230B7044
:1071200008234B7000238B70B0F85630A1F8033061
:10713000437A4B714389CB8083890B81704710B5AB
:10714000046894F853309A070CD4A37B1BB17721C1
:107150004020E9F7A7F90122A27384F84A20A4F895
:10716000463010BD94F8A8303BB9E37B0BB9FFF76C
:1071700076FC002384F83E31F3E723689B07F8D5BB
:10718000FFF76DFC236823F002032360F1E710B5DD
:107190000B794C790A68012843EA042108BF41F4BD
:1071A0008031104610BD07B5FFF7F1FF0DF1070262
:1071B000F1F758FF03B05DF804FB08B5036B0068F6
:1071C0001B68984700F2751008BD036B70B59B698A
:1071D000044600680E469847054658B9736823640C
:1071E000314604F10800FBF799F970B9AB210B2087
:1071F000E9F758F994F83830022B0AD104F1480025
:10720000F2F7D2F8012384F8383085F00100C0B2DB
:1072100070BD94F83830032BF4D1EFE738B504464D
:107220000D46FFF7D2FF18B1D5E90423C4E91223B4
:1072300038BD10B5044686B0FFF7BFFF00238DF8B8
:107240000030236B01905B682068984704238DF819
:107250000930D4E91223A16D8DF808006846CDE904
:107260000423FEF7CAFC638F1844608769462046F2
:10727000FFF7D4FF06B010BD70B5044686B0FFF727
:107280009CFFD4E91212A36D01905D184FF000032A
:107290008DF80030236B20685B6842F10006984748
:1072A00004238DF8080069462046CDE904568DF880
:1072B0000930FFF7B3FF06B070BD90F838300BB956
:1072C0000020704790F83830012BF9D090F8380042
:1072D000073818BF01207047022908B5024607D1B8
:1072E000FFF7EBFF40B1BDE808401046FFF7A1BF34
:1072F000BDE80840F1F7F0BF08BD90F83830012B29
:10730000DAB201D0FFF7D9BF1046704790F8383095
:10731000032B05D090F83800831F5842584170471E
:1073200001207047006CED38F9F7CCBF08B5024674
:10733000FFF7C3FF30B11046FFF7E8FF10B9104662
:10734000FFF79AFFBDE80840F1F738BFF8B50546EA
:107350000F46FFF7B2FF10B900263046F8BD2846A9
:10736000FFF7D4FF0028F7D12B6B28685B6898479C
:107370000646FAF795F831280446EDD9B84228BFF9
:107380003C46322C38BF322431462046FAF7B4F856
:1073900006460028E0D02B6C1B19DDD2F9F796FFCA
:1073A0002B6C23442B642846FFF7BCFFD5E770B550
:1073B0000446FFF7A2FF08B394F83830022B1BD025
:1073C00094F83850EB1E5D425D4101290AD1072334
:1073D00084F8383004F108063046FAF727F83046CA
:1073E000FAF738F8012384F838303DB104F1480049
:1073F000BDE87040F1F7D8BF0125E6E770BD10B5D4
:107400000446FFF77AFF30B101212046FFF7CFFF96
:10741000002384F83830002010BD08B590F83830CB
:10742000022B04D1032380F83830816208BD90F824
:107430003830052B01D10623F5E790F83830032BBF
:10744000F3D090F83830062BEFD090F83830072B77
:10745000EBD04FF449710B20E9F724F830B585B033
:107460001546089BC01A099B61EB0304002C2146BA
:1074700002DA404264EB440103AB00932A4602ABBC
:10748000FCF718F9002C039801DA00B1281A05B0AE
:1074900030BD07B5002301A80193F9F7F9F9019868
:1074A00010F0030018BF012003B05DF804FB10B515
:1074B000FFF7EFFF002814BF14240024FCF7FEFAA6
:1074C000404200F01400204410BD38B50546F8F7DE
:1074D0000FF900F55F4341334FF47A72B3FBF2F4D6
:1074E000FFF7E5FF033D00F1BE03012D8CBF002037
:1074F00028202344184438BD10B5044690F879007C
:10750000FFF7E3FF012201462046BDE81040FFF7E8
:10751000E5B913B500234373A0F888321A460093E7
:1075200019460446F2F79CF820B140F2E7113020EA
:10753000E8F7B8FF01236373C4F81002C4F8080227
:10754000A4F82602A4F8240284F82902E388A4F807
:107550008A02013BE38002B010BDF8B50D46D0F8B9
:1075600010110023D0E9506780F81431044681F8E7
:10757000E52180F85031D0F81001F0F7BDFCD4F8C7
:107580001001C0E99C67C0E9A067C0F88C52FFF702
:10759000C0FFF7F75BFCBDE8F840FAF7A5BFD0F8ED
:1075A0001001704738B5044690F850319BB1FF2365
:1075B00080F85831012100F0D0FB94F8503153B1DC
:1075C00004F1E8052846F9F731FF2846F9F742FFAC
:1075D000002384F85031002038BD08B590F85821B8
:1075E00042B990F8142142B1D0E94631994202D90A
:1075F000F3F716FF0022104608BD0122FBE710B585
:107600000446FFF754FF226A236C9A4228BF1A46A9
:1076100000F5C1711046FFF76AF9B0F5296F28BF70
:107620004FF4296080B210BD012A70B506460D46A0
:1076300014460BD0022A0ED08AB9F7F789F82246F1
:1076400001462846BDE87040FFF787BFF7F780F88E
:10765000C6F88C0270BDD0F88C120122F1E740F21E
:10766000C3713020E8F71EFF70B5044621B101292F
:1076700078D040F2D37172E000F018FA94F85131EA
:1076800005460E46DBB150EA010318D0D4E9483272
:10769000D4E95001C01A61EB020133462A46FCF7D7
:1076A00015F805FB01F300FB0633A5FB00021344AC
:1076B000D4E94821121843EB0103C4E94823E08CC4
:1076C00030B1F0F793FEE38CB0FBF3F202FB130052
:1076D000D4E94832ED1846EB02062D184FF00003AE
:1076E00046F1000640F20242C4E94856C4E9505649
:1076F00084F83031A4F8382184F8513194F85831A5
:1077000003F0FF01DBB9D4E952026FF000439A4263
:1077100008BFB0F1FF3F18D02046D4E9505600F022
:107720009FF9D4E95232E5305B1B62EB06021B1A6B
:1077300062F10002002A08DA2046F3F771FEF7F73B
:1077400085FBBDE87040FAF7CFBE04F5987104F1EF
:10775000E800FAF7E3FE0028F1D14FF4E0613020B1
:10776000E8F7A0FE002380F81431E8E790F8500114
:10777000003818BF012070470B46812203F8032B05
:10778000B0F80920A1F80320C27A9A7070470B461E
:107790008C2203F8032BD0F80920C1F80320D0F87D
:1077A0000D205A6070478B88F7B513F01805064610
:1077B0000C461FD1086820B940F2EA312D20E8F7C5
:1077C00071FE00F05CFB217C677CF2F7A1FEA388D0
:1077D000009301462B463A463046F2F7B9FED4E90B
:1077E0000223BB30824273F100032CBF0120002032
:1077F00003B0F0BD0120FBE738B50B46882203F843
:10780000032B0C4600F10902293052F8041B43F8FF
:10781000041B8242F9D112781A70A5880123A37142
:1078200002212846E9F754FA58B1E3784BB1022116
:107830002846E9F763FA20B140F233212D20E8F71A
:1078400031FE38BD70B504460D4617301946164650
:10785000FEF761FB84F8205184F82151FF2384F85E
:107860002231E91E01298CBF0021012104F1E80029
:10787000FEF754FF314604F1A800F0F7F9FA94F846
:107880002A31002B14BF4D239623A4F8E230A4F82C
:10789000E0300023A4F8E43070BD70B50D46044616
:1078A00091F82911D5F8C8001646FEF752FAB5F836
:1078B000D030A4F8AE30B5F8D230A4F8AC00A4F8BB
:1078C000B03095F82B3184F8B230237F04F1A00258
:1078D00073B394F86830012B2AD194F86E3003F01A
:1078E000C003402B24D1D4F86930C4F8A030B4F8D8
:1078F0006D309380236A93F8AC2084F89920082E89
:1079000003F1AD0004F1A601D3F8AD3004F19A0201
:1079100019D0C4F8A63083888B80304604F19901D1
:10792000F0F734F940B940F6E2312D20E8F7BAFD1E
:107930000023C4F8A030DCE794F8993043F0020348
:1079400084F8993070BDC4F89A30838893800023FE
:10795000C4F8A6308B80F5E70B468B2210B503F8F0
:10796000032BD0F80920C1F80320427B1A71CB7891
:10797000A3B130F8B43C1B0710D4B1F80540022184
:107980002046E9F7A5F948B102212046E9F7B6F902
:1079900020B140F276212D20E8F784FD10BD0121B1
:1079A000F3F73EBAFFF7FBBF08B590F894300BB180
:1079B000012008BD90F8CC30002BF9D190F8BE30F2
:1079C00003F0FF00002BF4D0EFF7FEFB80F0010086
:1079D000C0B2EEE730B54FF4B07285B004460D4644
:1079E0000021FBF725FFFF2323701323638042F25E
:1079F0001073E384E9F7A0FA00220146E0646846C8
:107A0000E9F7E0FAE06C00220121FCF708FDE16CE7
:107A100004226846E9F7D6FA0022E06C1146FCF72A
:107A2000FEFC04F13000A57400F0D3F902A8F0F7D1
:107A30008DFA20B94FF449712D20E8F733FD02A9E2
:107A400004F13600FEF767FA05B030BDFF23C86CBD
:107A50000B70FCF7B0BC0078FF3818BF01207047EE
:107A6000F7B5044630300E4600F009FA6188CA06C0
:107A7000074605D52822F3F713FD6D3003B0F0BD9E
:107A80008B07E06C0FD5FCF76AFD21790546384677
:107A9000F2F73EFD6388009301466279334628463B
:107AA000F2F756FDE9E7FCF74AFDEEE7D0E90201FF
:107AB0007047C07C003818BF012070472DE9F04F97
:107AC00007460C4605460FCF9DB010AE0FC60FCF30
:107AD0000FC697E80F000DF1200886E80F0040461A
:107AE0006E7900F076F9A37A277D039323780493C7
:107AF00063787A1E03F07F0A022AD14600F283805F
:107B0000D90603D4A67D731E022B7CD8637E03F0B6
:107B1000FD03012B02D1032F08BF0427A37E03F02E
:107B2000FD03012B02D1032E08BF0426617A4046D3
:107B300000F056F9237D227F022B08BF617D02F100
:107B4000010206BF0131C9B20121D2B2404600F0A4
:107B500049F91AF0080F6CD1404600F090F96378AB
:107B6000DA06834654D4E9F715FA39468246584670
:107B7000F2F7CEFCCDF80090014601233246504684
:107B8000F2F7E6FC2179E37843EA0123617940F2D8
:107B9000712243EA014300F524705343B0FBF2F035
:107BA0005043984239D84FF0000B94F818A007932F
:107BB000A37C05930AF1FF33D3F1000AE86C4AEB8A
:107BC000030AFCF7BCFC0690E86CFCF7C8FC0699BD
:107BD000079B814238BF014688B268B308A90A9161
:107BE0000AA90C930693ADF82C90CDF834B08DF81B
:107BF00038708DF83960FFF7D6FD069BE0B9452057
:107C00001DB0BDE8F08F40F212310620E8F74AFCC3
:107C100028224946F3F744FCB4E7E179A37943EA23
:107C20000123217A43EA01435343834228BF034699
:107C3000B9E700239B46B8E7CDE9123B059B8DF8D9
:107C40005330049A039B8DF844708DF845608DF88D
:107C500050A08DF854308DF84020ADF8429010AF10
:107C60000FCF2E460FC60FCF0FC697E80F0086E83E
:107C70000F0098E803002863A986E37A03F0FD0368
:107C8000003B18BF012385F86F30E3682B67238A18
:107C9000A5F87430E27D95F8463062F3071385F855
:107CA00046300020ACE74FF40043A0F8483043884A
:107CB0001D2B08BF00214174704790F912007047D6
:107CC000408800F0010070478078C0F340007047A2
:107CD0008078C0F3C000704710B54488C06CE306DC
:107CE00054BFC4F340040024FCF720FC84F00104DA
:107CF0002043C0B210BD4079C31E012B05D8B1F896
:107D00001E31012B14BF03200420704710B5044618
:107D1000F0F76CFBC0F30B00A042F9D010BD10B51A
:107D20000446F3F7B7FA20460021F3F779F8204626
:107D3000BDE81040F2F79CBD90F86830016281F810
:107D4000B330D0F86930C1F8B430B0F86D30A1F874
:107D5000B83070477047F2F767BE80F888107047F8
:107D600080F8241080F8252070478278034612F0AE
:107D7000010002D0D978C90710D5900702D5D9786B
:107D800089070AD512F0040008D0D878C0F3800023
:107D900080F001008000C0B2704702207047C0F33D
:107DA0004002C0F38003134400F001001844704700
:107DB000022808B507D0042807D0012807D03921A8
:107DC0002E20E8F76FFB262008BD2720FCE72520A2
:107DD000FAE70023C0F802300123437003707047B4
:107DE0008170704710B54270017080781446FFF7BB
:107DF000D6FF10FB01F010FB04F2FE2A03DD5C212C
:107E00002E20E8F74FFB10BD0023C37043710371B0
:107E1000704710B50446FFF7A8FF63796278013315
:107E2000DBB29A4263710FD1E378A1780343DBB2EE
:107E30009942E37008BF23794FF0000208BF013375
:107E4000627104BFE2702371BDE81040FFF7B0BF5C
:107E500038B501468078FFF7A2FF0446C8784D7810
:107E6000FFF79DFF0A790B789B1A13FB05F34A79FC
:107E700013FB04F39B1A00FB1530C0B238BD08B5E4
:107E800001468078FFF78BFF4B780A7813FB02F3EB
:107E900013FB00F0C0B208BD40F2EF20704740F283
:107EA0005A335843704708B50368DA7B182A04D060
:107EB00040F27E513120E8F7F5FA1E22DA7308BD50
:107EC00008B590F89E30FE2B04D040F66F1131209B
:107ED000E8F7E8FA002380F89E1080F89F3012B986
:107EE000A0F84E2008BDA0F84630012380F84A30A3
:107EF000F8E708B50368DA7B352A05D10022DA7382
:107F0000BDE80840FEF7ABBD182A02D11E22DA7385
:107F100008BD40F293513120E8F7C4FA037D63B9FC
:107F2000C37BA3F11002032A07D990F8520028B1AD
:107F3000202B8CBF00200120704701207047037D5B
:107F400063B9837BA3F11002032A07D990F852008A
:107F500028B1202B8CBF00200120704701207047E2
:107F600010B503689A7B93F8A010092A08D193F8FA
:107F700099208A4204D100229A7383F84A2010BDC6
:107F80001A6812F0080406D022F00802BDE810407A
:107F90001A60FEF764BDFF2904D137229A7383F873
:107FA000C442ECE74FF4AF613120E8F77BFA38B513
:107FB00013680E3814460D469A7B09283ED8DFE830
:107FC00000F0053D3D3D0F3D183D3D27042A05D1FC
:107FD0002046FEF72AFD2046F0F768FF002038BD56
:107FE0000F2AFBD1002220461146BDE83840FFF79A
:107FF00042B8212AF2D12046FEF717FD002DEDD020
:10800000226892F8623023F0200382F86230E5E7BC
:10801000DA7B272AE2D10025DD732046FEF71FFD1B
:10802000236893F83831012B03D129462046EFF716
:10803000CFF92368002283F83821CFE740F262218C
:108040003120E8F72FFA024600684978837B212B1C
:1080500015D00CD8042B14D00F2B14D0C07B27289C
:1080600015D0332B0CBF2620FE20F3F7D3BB2B2BD0
:1080700003D02D2B09D0252BF0D11620F5E71420A5
:10808000F3E70E20F1E71220EFE72320EDE71720BA
:10809000EBE7024600680B4690F8621041F00401DD
:1080A00080F8621099785878F3F7B4BB38B50C466D
:1080B0000546D1E93001E8F7E3FE637B3BB104F507
:1080C0000C742046F9F7B2F92046F9F7C3F90D21EF
:1080D0002846E8F713FE0E212846E8F70FFE102188
:1080E0002846E8F70BFE0F212846E8F707FE112186
:1080F0002846E8F703FE28461221BDE83840E8F795
:10810000FDBD0022C281827490F84C3013B102216F
:10811000F2F7DAB80321FBE738B504460846E37BFB
:10812000162B09D0A3F118025342534194F8C022F0
:1081300022B10C25284638BD0123F7E7002BF8D0E3
:1081400094F8F03203F0FF05002BF2D190B194F8CF
:10815000FE3123B940F66C313120E8F7A3F905234D
:1081600004F1800204F5F771FBF756F9012384F856
:10817000C032DFE70223FAE7F0F7A0BA10B50446F1
:1081800090F8791090F87800F4F782FA002201460E
:108190002046BDE81040FEF7A1BBF4F777BBC0F85E
:1081A000E011704710B50446FFF781F9226A236C8D
:1081B0009A4228BF1A4600F59F711046FEF797FBBA
:1081C000B0F5296F28BF4FF4296080B210BD08B503
:1081D00020B940F277113520E8F764F9437B03F0CA
:1081E000FF0113B14FF4BC71F5E7BDE80840202250
:1081F00000F50070FBF71CBB10B5044686B020B933
:108200004FF4BF713520E8F74DF9427B02F0FF03D0
:1082100012B140F27F11F5E7014601226846F4F7FA
:1082200053FA694604F50070F9F7CCF810B940F23A
:108230008311E7E706B010BD036893F8A02022B1D0
:1082400000229A7383F84A207047DA73FEF707BC5E
:1082500003689A7B032A04D1002283F84A209A7388
:108260007047FEF7FCBBA1F11203012B0AD910B92C
:10827000192902D87047122906D91F298CBF00205E
:1082800001207047012070470020704738B51368FF
:1082900014289B7B0D4614460CD016281AD01228A1
:1082A00035D1052B14D1002220461146BDE83840B7
:1082B000FEF7E1BE213B022B0AD81046FEF7B5FBC4
:1082C00035B1226892F8623023F0200382F86230E0
:1082D000002038BD242BFBD11046FEF7A6FB6DB164
:1082E000226892F8633023F0010382F86330226839
:1082F00092F8633023F0080382F863301A21204695
:10830000EFF766F82368002283F83821E0E740F2AF
:10831000AE413620E8F7C6F8036849789B7B0246F1
:10832000A3F1100010280BD92D2B0BD0212B0BD033
:10833000052B0BD0242B0CBF1620FE20F4F7A8BD74
:108340000320FBE72320F9E71420F7E71220F5E7E5
:10835000024600680B4690F8621041F0040180F874
:10836000621099785878F4F793BD70B50C460546BD
:10837000D1E93001E8F784FD637B3BB104F5007679
:108380003046F9F753F83046F9F764F804F5EC7421
:108390002046F0F7FBFF10B12046F1F705F80D215C
:1083A0002846E8F7ABFC0E212846E8F7A7FC102189
:1083B0002846E8F7A3FC0F212846E8F79FFC112187
:1083C0002846E8F79BFC28461221BDE87040E8F7F4
:1083D00095BC00207047F0F799B8F0F757B970B521
:1083E000B0F8DE60827CB0F840300146B6000ABBCF
:1083F000C3F106039D1B91F83E3013B18B7B052B17
:108400001DD10846FFF79BFDD8B1D1E90D34E41A20
:10841000A41BAC42B1F8AA00A8BF2C4600F043F858
:1084200020B1C389043B9C42B8BF1C4624EAE470D7
:1084300080B270BDB0F84250ED1AAD1BDBE70024EE
:10844000E7E72C46E5E770B50D4604210646E8F758
:108450003FFC044648B906213046E8F739FC20B114
:1084600015B190F8E53003B90446204670BD1D23D0
:1084700010B503700446EEF729FF6070022010BDAE
:108480001E2310B503700446EEF720FF6070022033
:1084900010BD01234380038000238380C3804FF4F9
:1084A0004863038170470E21E8F712BC73B501A938
:1084B0000546FDF762FC044618B121215420E7F778
:1084C000F1FF2846019EFFF7EEFF30B10123A6F829
:1084D000DE30848144810482C48102B070BD3C23BB
:1084E00003804FF4FA4343800123C3808380002339
:1084F000038143814FF4486383817047F8B5044694
:10850000EEF7A6FE637803EB43035D000746EEF744
:10851000B3FE0646EEF7A0FEEDB2062D207003BFB7
:108520003B6832681340002304BFC4F802300123C3
:10853000C3F1060204EB83009200BDE8F84000217D
:108540000230FBF775B9F7B50D46074620B94FF471
:108550008E716120E7F7A6FF10210238E8F712FCC0
:1085600001A90446FDF709FC10B140F22311F0E720
:1085700098232B70AC80BB7A019AFF2B08BFB8728E
:1085800092F865301B0703D41A23EB7003B0F0BDDB
:108590000026EE70BB7AAB71FB7AEB71D2F86230D9
:1085A000AB60D2F86630EB60EB7A23F00803EB7235
:1085B000FC7A04EB4404E400E4B2224607F10E0125
:1085C00005F110000834FBF7B5F9E4B2C4F1F80284
:1085D000083402F0F8023146281903B0BDE8F04033
:1085E000FBF726B908B5036893F8A8205AB9D97BD8
:1085F0004B2903D0A7216120E7F754FFDA73BDE8C8
:108600000840FEF72CBA1A68D10401D4AC21F2E775
:1086100022F480521A60F2E70B6810B5102104466C
:10862000B3F8AA00E8F754FB0378A370601CFFF7C7
:1086300065FF1B2010BD08B503689A7B1AB1C421E1
:108640006120E7F72FFF4C229A7308BD08B5F6F7B3
:1086500029F8F5F757FDF5F779FCBDE80840F7F77D
:10866000F7B8704708B5B421A720E7F71BFF08B596
:108670004C21A720E7F716FFFF2808B508D00C28E3
:108680000FD0272804D070B10B2802D80138C0B20F
:1086900008BD262803D992216820E7F703FF023896
:1086A000F5E72620F4E72520F2E700230370437066
:1086B00070470B78C3F34012C3F3030343EA42133A
:1086C00003704B784370704701F01F018170704751
:1086D00003780A7803F02F0322F02F0213430B7064
:1086E00043784B707047022070470020704708B5F0
:1086F00003280B46097825D005D8421E012A08D93F
:1087000000F025F810E00428FAD1090101F5E7701E
:108710000AE01B7A002B18BF013101280BBF0A3178
:108720000B31C9008900C81840F2712300F269308A
:10873000B0FBF3F05843B0F51C7F07D8DC21B12023
:10874000E7F7B0FE890101F53470EDE708BD0728B1
:1087500008B54FEAC1010ED0082805D0062807D079
:10876000FF21B220E7F79EFE01F12800800008BD3E
:1087700001F15000FBE748082830F8E770B50C46D7
:1087800005461646FFF791FF7D2C04D940F20E21D5
:10879000B220E7F787FE324621462846BDE8704002
:1087A000F7F7E0BE08B5FAF7E9FEBDE80840F8F7CC
:1087B00049B9801A00F3070038B540B20D4659B2E6
:1087C0001446F8F72FF9002328706B70204440B24C
:1087D00038BD0023036070477047002070474FF09A
:1087E000FF3070474FF0FF30704770474FF0FF3059
:1087F00070470020704700207047002303707047C7
:108800009DF800300022FFF7D4BF4FF0FF307047D3
:10881000002070474FF0FF3070474FF0FF30704737
:108820007047C0B208B520B94FF0804301221A60EA
:1088300008BD4D21B520FAF7A7FC0020F8F75AB97A
:108840004FF08043D3F8080400F0010070474FF068
:108850008043D3F8140400F0010070474FF08043C8
:10886000D3F81C0400F0030070474FF08042D2F8A8
:108870001834D2F81824C3F3004302F003028242F2
:1088800014BF002003F0010070470020F8F7A8B9DA
:108890000020F8F7D3B90020F8F72CB970B5FAF733
:1088A000FFFB002405462646E0B2854200D870BD95
:1088B000FAF7FCFB0134068580F82A60F4E7F8B586
:1088C000037904461BB11B219D20FAF75DFC467914
:1088D000017126B901234371217909B96171F8BD8C
:1088E000276826712046B84702280546F4D103219F
:1088F0002046B84708B12F21E6E7236829462046DD
:1089000098470028E8D03021DEE70346006800B928
:1089100070478842F9D102681A6070470346002008
:1089200018707047EFF3108272B603780121DBB242
:10893000017002B962B6012B0CBF6FF0220000205B
:108940007047EFF3108372B60022027003B962B66B
:1089500000207047FAF7ECBDFAF734BEFAF732BEE2
:1089600000280CBF6FF015000020704700207047F2
:1089700007230370002070470020704700207047D5
:10898000FFC1FBE84C90728BE7B3518963AB2323A3
:1089900002841872AA612F3B51A8E53749FBC9CA66
:1089A0000C18532CFD45E39AE6F15DB0B61BB4BE3E
:1089B0002A50EAE90E9C4B5E5724CCA1B759B887E0
:1089C000FFE07D742648B9C5F3D9A8C4B1D591118B
:1089D00001420C39D5B0979D28D4F29BA4FD646563
:1089E000068C2996FEA2714DF3F82E58DB0D5A5FC6
:1089F0001528F57407CE25AF2B12E6D0DB2CDCC38F
:108A00007FF03E3A13A4DCE2F96C54E2D8EAC8885D
:108A10000021869C6AD8CB4E146AF94DD27EB232C0
:108A200003C6144B7FD1B8A6797C17ACED06ADAF69
:108A30000A947ABA03E792D7150973E86D16EEE146
:108A40003F781F9D09526EF17C362A716C75644423
:108A50008010434E35EC65270AB5FC26693F5999CD
:108A600001638AA5BF685CD33CBE0BD67683D6571C
:108A7000054A3DDD8173C9EB8A8439F4360BF7FF73
:108A80007F00200018000A800720029801AA807F3A
:108A9000202018180A8A8727229A99AB2AFF5F009C
:108AA000380012800DA005B8033281D5A05F383898
:108AB00012928DADA5BDBB31B35475FF67002A80FE
:108AC0001F200818068A82E7218A98672AAA9F3FF2
:108AD00028101E8C0865C6AB12FF4D8035A01738D4
:108AE0000E92846DA36DB9EDB2CDB595B72F369CBE
:108AF00016E9CECED4545F7F7820229819AA8AFF37
:108B000027001A800B20075802BA81B32075D82796
:108B10001A9A8B2B275F5AB83B329355ADFF3D8095
:108B200011A00C7805E28309A1C6F852C2BD91B12B
:108B3000AC747DE7618AA8673EAA907F2C201DD87F
:108B4000099A86EB22CF59943AEF530C3DC5D19345
:108B50001C6DC9ED96CDAED5BC5F31F814428F7156
:108B6000A4247B5B637B69E36EC9EC56CDFED580A4
:108B70005F203818128A8DA725BA9B332B55012305
:108B8000456789ABCDEFFEDCBA9876543210000011
:108B900037B50F4C20460AF09FFEA8B1A5682B6997
:108BA0001BB96FF0570003B030BD694620469847A7
:108BB0000028F8D14FF496430093EB68002BF0D0D7
:108BC000694620469847EEE76FF00400EBE700BFE8
:108BD0004C3E02002DE9F7430024DFF89C80254637
:108BE000264627460021122007F0D0F8D8F8083092
:108BF0001B68002BF6D00DF107014046984700286E
:108C0000F0D187B99DF8076036020AF090FF4FF463
:108C10007A73A0FB030503FB0155C40B44EA4544EA
:108C20000127ED0BDEE70AF082FF4FF47A79A0FB13
:108C3000093209FB0121DB0B43EA41431B1B4FEACD
:108C4000D13161EB0501062B71F100019DF807C0E0
:108C50000CDB4FEA0C260AF06AFFA0FB090509FBB2
:108C60000155C40B44EA4544ED0BBBE74CEA060052
:108C700003B0BDE8F08300BF4C3E020070B504466F
:108C8000054DAE68010A7368284698477368E1B2DB
:108C90002846BDE8704018474C3E02007FB5364874
:108CA0000AF071F9FFF774FF044600284CD13348ED
:108CB00001F080FE0446002846D1FFF78BFF0146F5
:108CC00006462F480AF05FF90023CDE900334FF044
:108CD000FF324FF0FF33012001F02AFE0DF10E02AA
:108CE00001460546304603F077F80128044620D0B7
:108CF000032809D080B1284601F0E4FC214832461F
:108D000021460AF040F9D8E7284601F0DBFC1E486E
:108D100031460AF038F9D0E7284601F0D3FCBDF817
:108D20000E101A480AF02FF9BDF80E00FFF7A6FF43
:108D3000C3E717480AF027F9284601F02FFE04463A
:108D400028B1284601F0BEFC204604B070BD4FF0AB
:108D5000FF324FF0FF33094805F012FD0DF10E020E
:108D600004460146304603F02BF90546204601F043
:108D7000A9FC002DA1D1D7E71F460200A8020020C0
:108D800034460200B5460200544602007C4602000A
:108D900099460200B2F5802F2DE9F8430ED33E49E3
:108DA0003E4A3F484FF437730AF003F93D480AF052
:108DB00000F94FF4377139480AF0F2F8042A0CD858
:108DC0003949364A364840F2E3230AF0F2F8374888
:108DD0000AF0EFF840F2E321EDE7043ACD1D11442B
:108DE00025F0070521F00706A6EB0508B8F1170FD7
:108DF0004FEAD8070CD82E49284A29484FF43B732C
:108E00000AF0D7F829480AF0D4F84FF43B71D2E7BA
:108E1000B7FA87F4C4F12002C4F12404A400073493
:108E2000E408631C4FF00009BB420560AF60C5F861
:108E30000C900CD91F49194A194840F202330AF024
:108E4000B8F81A480AF0B5F840F20231B3E74946DB
:108E5000920005F110000AF0E1FEA2B2530043F0C7
:108E600001036B803B1B9BB205EBC4015800A5F8C6
:108E70000090488025F83420A6F8029025F80830A4
:108E800005EBC70321465A8842F001025A80284662
:108E9000BDE8F84309F013BF64470200EC46020046
:108EA0002A4702007A47020091470200B2470200B7
:108EB000CB470200F4470200014B1B68184700BF74
:108EC000C400002030B5044685B00D4610220021B4
:108ED00068460AF0A3FE02238DF802302A46044BAE
:108EE00001932146684609F063FC05B030BD00BF20
:108EF000B98E010080B505460E461746984606F025
:108F0000CFFF034601F094F8DFF83C90044649F89F
:108F10000030424639463046A8470C4B1B7873B99F
:108F20000B490C4A0C4840F246330AF042F80B4811
:108F30000AF03FF8074840F246310AF031F854F899
:108F4000090001F00FF800BF0800000052340020B3
:108F50004A4802001F4802002A4702005D480200FA
:108F60002DE9F84F05460846AB8B1907904616D5F4
:108F700001280CBF43F0100343F02003AB831435EA
:108F8000284607F01DFA002840F0B181AE49AF4AEB
:108F9000AF484FF499730AF00CF829469DE0022877
:108FA00003F0070140F07D8128460AF00FF80528FC
:108FB00000F2FA8001A353F820F000BF7F8F010078
:108FC000A3920100A99101004D900100E7900100DA
:108FD0004791010002F00702531F012B1AD800230A
:108FE000062A2E68A4B2C5E9003309D1334603E04E
:108FF000EA8B0132EA831B68002BF9D144F00204AA
:10900000AC83284609F0E2FF002800F05A8144F0C2
:10901000200455E1042A0DD1A4B2AC83284609F0FE
:10902000D5FF0646002800F04C8144F02004AC83B4
:10903000002646E18749884A854840F21B1309F01B
:10904000B8FF40F21B11844809F0AAFF49B18349D7
:10905000814A7F484FF4AB7309F0ABFF4FF4AB711B
:10906000F1E72B684BB97E497B4A794840F25713A8
:1090700009F09FFF40F25711E5E72B691F684FB9D0
:109080007849754A72484FF4AD7309F092FF4FF476
:10909000AD71D8E7AC8B24F0070444F00604A4B209
:1090A000AC830E468A464FF00609AB68002B00F0F1
:1090B0000F814FF0010B44F00804AC8305F1140458
:1090C000204607F07DF9002878D15F495F4A604863
:1090D0004FF4997309F06DFF2146634809F069FF69
:1090E0004FF499718EE0022909D060495A4A5848D4
:1090F00040F25D1309F05DFF40F25D11A3E7EE8BD6
:109100004EB15B49544A52484FF4AF7309F051FFD6
:109110004FF4AF7197E72B695F684FB951494E4AD9
:109120004B4840F2611309F044FF40F261118AE7B5
:10913000AC8B24F0070444F00404A4B2AC83B24620
:109140004FF00409B1E7012909D04A49424A404891
:109150004FF4B27309F02DFF4FF4B27173E72B682F
:109160004BB93F493C4A3A4840F2651309F021FFA8
:1091700040F2651167E72B699F684FB93949364A54
:1091800033484FF4B47309F014FF4FF4B4715AE745
:10919000AC8B24F0070444F00504A4B20026AC8391
:1091A000B2464FF0050980E72A492B4A284840F289
:1091B0006B1309F0FEFE40F26B1144E788F311884F
:1091C000BFF36F8FBBF1000F1ED1002E33D117B14B
:1091D00029492846B847EFF31188402383F31288C2
:1091E000BFF36F8F204607F0DDF800284AD1174AF9
:1091F00022491748842309F0DCFE2146204809F063
:10920000D8FE842111481FE7A9680029DDD0D1F8D4
:1092100000800029D9D0D1F804B053464A462846E8
:10922000D847B8F1000F04D0D8F80030414698462E
:10923000EFE74346FAE7314653464A462846366842
:1092400009F0F0FEC1E700BF5249020025490200C3
:109250002A470200AA5A02007F480200A4480200DE
:10926000B0480200D348020069490200EA480200FF
:10927000004902000F490200FD9201007E490200F0
:1092800093490200204607F0B1F8AC8B24F00804A3
:10929000A4B2AC83E20621D524F01003AB8304F022
:1092A0000701D5F818A0AA8BBAF1000F22F0070425
:1092B000BFF690AE00232E68C5E9003344F00104E8
:1092C000AC8304F0070989454FF000077FF4EDAE49
:1092D0000EB9002FDED04FF0000BECE6A3067FF5B1
:1092E0004EAE24F02003AB8304F007015CE688F364
:1092F0001188BFF36F8FBDE8F88F00BFF8B5044643
:109300000D4600F11406EFF31187402383F3128812
:10931000BFF36F8F304607F045F868B90C4A0D4926
:109320000D48842309F045FE0C48314609F041FE02
:109330000748842109F034FE304607F057F8A5614C
:109340003A4620460121BDE8F840FFF709BE00BFBC
:10935000254902007E4902002A4702009349020083
:109360002DE9F04704460E4609F04CFE051E66DB6B
:1093700004F11409EFF3118A402383F31288BFF339
:109380006F8F484607F00EF8804660B9374A384973
:109390003848842309F00DFE4946374809F009FE94
:1093A0008421324843E0484607F020F8E38BA78B3E
:1093B0004FF6FF72934207F0070743D0062F2CD8D1
:1093C000DFE807F01F43092B1F041F006FF085051E
:1093D0004FF0000802E00133E3830225484606F01F
:1093E000EFFF002834D1214A244922484FF49973D1
:1093F00009F0DFFD4946224809F0DBFD4FF4997181
:10940000CFE700233360636823B9C4E9006687B1FE
:109410003D46DDE71E606660F9E71A4915481A4ABD
:109420004FF4E47309F0C5FD17484FF4E47109F0F7
:10943000B7FD524602212046FFF792FD3D462846E1
:10944000BDE8F0876FF00A05C2E76FF00405BFE7DB
:109450008AF31188BFF36F8FB8F1000FEFD00023AC
:109460003A463146204609F0DDFDE8E7254902008D
:109470007E4902002A470200934902005249020035
:10948000694902000F4902007F48020008B542689E
:10949000816002F00302032A03460AD06AB9084930
:1094A0000848094A452309F084FD0748452109F089
:1094B00077FD006800225A6008BD0020FAE700BF6F
:1094C000AA5A02002A470200A9490200014B036080
:1094D00000207047C843020008B5044809F053FD56
:1094E000034809F050FD002008BD00BFCF4902002D
:1094F000044A0200014807F053BB00BFC843020002
:1095000038B5044618B90F4B0F485B689847616837
:10951000B1F5683F10D0B1F5680F0DD00B4DA942E1
:109520000AD011F46861206807D00146084804F0A9
:10953000CFFD00232360656038BD14220AF06EFB66
:10954000F9E700BFA4010020314A02002C5F5CA9AA
:10955000382D002008B520B34368B3F5683F10D11B
:1095600001220368BFF35B8F53E8001F002903D17A
:1095700043E800200028F7D1BFF35B8F0DD1002016
:1095800008BD094A93420AD000684FF0FF324FF0FD
:10959000FF3304F07DFE0028F1D00448F0E70448D2
:1095A000EEE76FF4E040EBE72C5F5CA9E98FFFFF8B
:1095B000EA8FFFFF08B5D8B14368B3F5683F10D113
:1095C00000220368BFF35B8F53E8001F012903D11A
:1095D00043E800200028F7D1BFF35B8F0BD10020B8
:1095E00008BD074A934208D0006804F019FFF6E767
:1095F0006FF4E040F4E70348F2E70348F0E700BF08
:109600002C5F5CA9E98FFFFFEA8FFFFF10B50446CE
:1096100018B91D4B1D485B6898476368B3F5683FF0
:109620002FD0B3F5680F2CD0194A934219D1236873
:1096300003BB18484FF0FF324FF0FF33214604F0D0
:10964000BBFC08B923681BB90F4B13485B689847EC
:109650002068142200210AF0E1FA4FF46863636085
:1096600008E0B3F5680F0DD83A2B03D040F6BA6284
:109670009342DED120680AF087F9636843F03A0329
:10968000636010BD054AF3E7A4010020314A0200DF
:109690002C5F5CA9382D0020574A02003A00003A9E
:1096A00008B506490648402314220AF057F9BDE8D8
:1096B00008400449044807F003BD00BF38280020D3
:1096C000382D0020D0430200E443020008B50348CF
:1096D000034A0021121A09F0E1FC08BD40030020F2
:1096E000583400200748084A084908B5121A09F0FA
:1096F000D7FC0748074A0849BDE80840121A09F094
:10970000CFBC00BF00000020400300201C66020008
:1097100000000020000000201C66020038B505464D
:109720000C4699B1D1E901230F48096809F02BFCD7
:10973000D4E90423E1680D4809F025FCE1690C48EF
:1097400009F021FCA1690B4809F01DFC012D05D190
:10975000EFF305810848103909F015FC2146284629
:10976000BDE8384004F0F4B9844A0200B44A02006B
:10977000E44A0200F44A0200234B020030BFFFF724
:10978000FDBF00BF2DE9F0410B4EDFF8308006EB46
:109790000807CC1B05463246094920460AF017FA4D
:1097A000A01942460021083C0AF038FAC5F8A44046
:1097B00007F10800BDE8F08100000000040000008F
:1097C000A44002002DE9F8433B4D80463B48174634
:1097D000894609F0D8FBAB6ADA0622D5384809F089
:1097E000D2FB1124AB6A1B0703D5364809F0CBFB2B
:1097F0001224314DAB6A9E0715D5334809F0C3FBDF
:109800006E6BAB6A1C0642D53048314609F0BBFB93
:10981000B9F1000F03D0AB6A23F08003AB621324CD
:1098200003E01024DEE76FF01506234DAB6AD8077E
:1098300003D5274809F0A7FB1424AB6A990603D582
:10984000244809F0A0FB15241B4DAB6ADA0602D4AC
:10985000AB6A9B070AD56B68180507D541463046A9
:1098600000F032FBB0B180F309880224124B9A6AEF
:10987000920642BF5A6A22F400525A629A6A42F031
:10988000FF029A6200233B702046BDE8F8836FF028
:109890001506C4E7AB6AD906E8D50F490F4A104848
:1098A00040F2271309F085FB0E4809F082FB0B48B4
:1098B00040F2271109F074FB00ED00E0374B020085
:1098C0004E4B0200824B0200964B0200AF4B02004F
:1098D000C64B0200E64B0200484C0200164C020048
:1098E0002A470200924C020010B51D4C1D4809F099
:1098F0004AFBA36A990130D51B4809F044FB1E209E
:10990000A36ADA0103D5194809F03DFB1F20144C66
:10991000A36A1B0303D5164809F035FB2120A36A6F
:10992000590303D5134809F02EFB22200C4CA36ADF
:109930009A0303D5104809F026FB2320A36ADB0312
:1099400003D50E4809F01FFB2420054A936A6FEAED
:1099500003436FEA1343936210BD1D20D0E700BF9D
:1099600000ED00E0B54C0200CE4C0200E24C0200DB
:10997000FD4C02001C4D0200424D02005D4D0200F4
:1099800070B5244C064624480D4609F0FCFAA36A3B
:10999000D90435D5214809F0F6FA1720A36A1A052B
:1099A00003D51F4809F0EFFA18201A4CA36A9B054B
:1099B0000FD51C4809F0E7FAA16BA36A180407D574
:1099C000194809F0E0FA1EB1A36A23F40043A36228
:1099D0001920104CA36A590503D5144809F0D3FA8D
:1099E0001A20A36ADA050DD5114809F0CCFA1B201C
:1099F000084A936A43F47F43936200232B7070BD3F
:109A00001620CBE7A36A9B04F2D50A4809F0BBFAFB
:109A10001C20EDE700ED00E0894D0200A04D0200A2
:109A2000824B0200B24D0200CC4D0200E24D02001A
:109A3000FE4D0200E64B0200F0B5714B044658683B
:109A40008BB0C0F30803002585F31188BFF36F8F37
:109A500002F07F46B6F17F4F06D102F00C06082EC9
:109A600011D1684809F08FFA6749684A684840F29E
:109A70001B4309F09EFA674809F09BFA40F21B412C
:109A8000624809F08DFA16074CBF0C460125002CE0
:109A9000EAD00026DA1E8DF80760092A00F2A080BD
:109AA000DFE802F0059498779E9E9E9E9E9C5A4801
:109AB00009F069FA8DF80760514EF36A9A0704D5E8
:109AC000564809F060FA00232AE0F36A002B01DA15
:109AD0005348F6E7F36A5B006BD5524809F053FA36
:109AE0007369A26943F480737361BFF34F8FBFF34F
:109AF0006F8F32F8023C726922F480727261BFF398
:109B00004F8FBFF36F8F03F47F42B2F55F4F26D1C3
:109B1000DBB2022B23D12168434809F034FA2368D1
:109B20009DF80720CAB902AE04F1200720686168D9
:109B3000324603C20834BC421646F7D1099A002DBA
:109B40005AD0C2F3080121B96FEA52226FEA4222C9
:109B5000099202A91846FFF7E1FD0BB0F0BD284BB2
:109B60009A6AD2B23AB10DF1070201212046FFF7FD
:109B700029FE0346D4E79A6A12F47F4F05D00DF10F
:109B800007010120FFF7FCFEF3E79B6AB3F5803F76
:109B900002D3FFF7A9FEECE724491C4A1C4840F217
:109BA000ED2309F006FA224809F003FA40F2ED210C
:109BB00066E71E49154A16484FF43C7309F0F9F957
:109BC0001C4809F0F6F94FF43C7159E70DF1070212
:109BD0000021CBE70DF107010020D3E7164870E71D
:109BE000A3F11002154B164910F4F87F08BF19466F
:109BF000144809F0C8F966E76FF30802A8E700BF48
:109C000000ED00E0454E0200714E0200164C0200CD
:109C10002A470200844E0200C24E0200DA4E0200C1
:109C2000FC4E02000B4F02002B4F0200AA5A02000A
:109C3000484F02006C4F02009C4F0200174E02007A
:109C40002C4E0200C14F0200044B5A6942F0100230
:109C50005A615A6922F008025A61704700ED00E02B
:109C6000EFF30880EFF3098101B57246FFF7E4FED8
:109C700001BD00BF002080F31488BFF36F8F11482F
:109C800080F3088800201049087003F063F9002071
:109C90000E490860BFF34F8F00F02EF8402080F38C
:109CA00011880B484FF40461401880F30988EFF3E2
:109CB00014800221084380F31488BFF36F8F00F0F3
:109CC000D3F80000804A00205234002094ED00E0D8
:109CD000C03800200749D1F890200023C2F30722A2
:109CE0001846934200DB7047C1F89830C1F8A000D5
:109CF0000133F6E700ED00E008B572B6002383F308
:109D00001388FFF7E7FF144B4FF0FF32C3F88020B2
:109D1000C3F88420C3F88820C3F88C20C3F89020AF
:109D2000C3F89420C3F89820C3F89C20C3F880217E
:109D3000C3F88421C3F88821C3F88C21C3F890218B
:109D4000C3F89421C3F89821C3F89C2162B6BFF3ED
:109D50004F8FBFF36F8F08BD00E100E01EF0040FCE
:109D60000CBFEFF30880EFF30980816911F8021C42
:109D70000229FFD001B5724609F094F901BD00BF78
:109D800040B2002807DB044A4109012300F01F000C
:109D9000834042F82130704700E100E040B20028E3
:109DA0000CDB4309064900F01F00203301228240EA
:109DB00041F82320BFF34F8FBFF36F8F704700BF71
:109DC00000E100E0054B420900F01F0053F822209B
:109DD000012303FA00F01040704700BF00E100E0EB
:109DE00038B5D30704460D4612D48B1C072B10D967
:109DF000114A124912486B2309F0DBF81148294631
:109E00000623224609F0D5F80B486B2109F0C8F863
:109E1000002360B20028ACBF00F160400A4A4FEA5C
:109E20004313B8BF00F00F00DBB2AABF00F56140DA
:109E3000135480F8003338BDD54F02000C50020097
:109E40002A4702002750020014ED00E0044B054AA7
:109E500023F07F039360BFF34F8FBFF36F8F704783
:109E60000000000000ED00E008B5FFF7EFFF074A33
:109E7000D2F8883023F47003C2F88830FFF726FC4C
:109E8000FFF730FC00F0B6F803F068FF00ED00E0EB
:109E900042F8203C009B42F81C3C0A49019B42F8D6
:109EA000183C029B42F8143C21F001014FF08073F2
:109EB00042F8043C42F8081C0023203A0265C0F82E
:109EC000A8307047F58E01000A4A0346906878B1C1
:109ED00013F1160FD0F8940005D0A0F14002934280
:109EE00005D3834203D2814228BF0020704700205F
:109EF000704700BF8C2E002008B515460C4A0D4B4C
:109F00009060D0F8A4201A600E4600F0A3F82C460A
:109F100086F309880020044B984720460021002240
:109F20000023024C20470000C9300200F58E0100DA
:109F30008C2E0020582D0020014B10221A617047F2
:109F400000ED00E0054B5A699B689A421FBF044A26
:109F5000536843F080535360704700BF8C2E00203D
:109F600000ED00E0084B9B6883420BD1EFF30583C3
:109F700043B1064B5A6842F080525A605A6A22F442
:109F800000425A6205F092BF8C2E002000ED00E0E6
:109F900015498A684FF030001044EFF3098C80E8CF
:109FA000F01F402080F31288BFF36F8F0F4F4FF0E8
:109FB00000664A698A603E60D2F8A4000C4C2060BA
:109FC000D2F8A8000023C2F8A83080F3118804B5A5
:109FD000104600F03FF8BDE8044002F1300090E880
:109FE000F01F8CF3098870478C2E002004ED00E0F0
:109FF000582D0020044800234021C2180133302B83
:10A0000082F80013F9D1704700E100E008B5EFF3E2
:10A010000583064A103B02EBC30152F8330049683E
:10A020008847BDE80840FFF78DBF00BF843E0200AF
:10A030000148006870470000582D0020024B034A79
:10A040000348012100F078B800000420000000203F
:10A05000F4430200D0F89430054A403B1360054BAE
:10A060004021C2E901131046012100F08BB800BF66
:10A070005C2D002000000B15084AC2F898000B6800
:10A0800023F01F03034343F01003C2F89C308B6896
:10A0900043F00103C2F8A030704700BF00ED00E0BC
:10A0A0002DE9F043DFF8608085B00E461F46044678
:10A0B0004FF00009B14523DA6068D8B13FB1411EC5
:10A0C00008421BD11F2819D92368194216D12368C9
:10A0D000019309F01CF8A36803430393D8F8905048
:10A0E000C5F30725D0B2013DA84207D801A9FFF763
:10A0F000C3FF421C09F101090C34DBE76FF01502C4
:10A10000104605B0BDE8F08300ED00E0044B0522E9
:10A11000C3F89420BFF34F8FBFF36F8F704700BF1A
:10A1200000ED00E0BFF35F8F024B0022C3F89420E4
:10A13000704700BF00ED00E038B50D4D01232A78CF
:10A140000C46FFF7ADFF287016300FD1094A0A49B7
:10A150000A4840F2891308F02CFF0948214608F00C
:10A1600028FF044840F2891108F01AFF38BD00BFEB
:10A170004432002067500200AA5A02002A47020017
:10A180009650020010B5144A002312780C46FFF7CF
:10A1900087FF10F1160F08D0104A0021D2F8903036
:10A1A000C3F30723984210DB10BD0D4A0D490E483A
:10A1B0004FF4D47308F0FDFE0C48214608F0F9FE78
:10A1C00007484FF4D47108F0EBFEC2F89800C2F8CB
:10A1D000A0100130E2E700BF4432002000ED00E0B3
:10A1E00067500200AA5A02002A470200C250020029
:10A1F0002DE9F04F7F4E804DD6F890302C68C3F398
:10A2000007239C4285B013D97C4A7D497D4840F2A2
:10A21000022308F0CEFED6F890207B482146C2F3F8
:10A22000072208F0C6FE40F20221744808F0B8FE8A
:10A23000FFF778FF00200C2684422DD1734EDFF803
:10A24000B49134706846FFF741F9714C714D804606
:10A250000027B84527D1337866490020D1F89020EF
:10A26000C2F307229342C0F2BA80FFF74FFFD1F842
:10A27000903003F47F43B3F5006F00F0B680664979
:10A280005E4A604840F27D2308F093FE634808F080
:10A2900090FE40F27D21C8E7696806FB0011FFF7D8
:10A2A000EBFE0130C8E7009A02EB07133901D3F83F
:10A2B0000CA00AEA0400B0F5000F69D00AD8B0F586
:10A2C000001F3DD0B0F5800F55D0B0F5801F15D0E0
:10A2D0000137BEE7B0F1007F65D0B0F1805F6DD08F
:10A2E000B0F1807FF4D19868D3F804A0525808F0F8
:10A2F0000EFFCDE901A240F088700BE09868D3F81A
:10A3000004A0525808F003FFCDE901A240F08850A4
:10A3100040F430200390D9F890303078C3F307230D
:10A32000013B984254D93649344A364840F23523E5
:10A3300008F03FFE3A4808F03CFE40F2352174E751
:10A340009868D3F804B0525808F0E1FE40F0885005
:10A3500040F400201AF0010FCDE901B20390DAD0E9
:10A360003049264A2748842308F023FE2E4808F067
:10A3700020FE842159E79868D3F804A0525808F0C9
:10A38000C6FE40F0C060CDE901A240F40030C1E754
:10A390009868D3F804A0525808F0B9FECDE901A29C
:10A3A00040F08270B6E79868D3F804A0525808F0DD
:10A3B000AEFECDE901A240F48020ABE79868D3F867
:10A3C00004A0525808F0A3FECDE901A22843A1E75A
:10A3D00001A9FFF751FE33780133337078E7C1F8F4
:10A3E0009830C1F8A000013338E7002005B0BDE87F
:10A3F000F08F00BF00ED00E0004402006750020053
:10A40000AA5A02002A470200EF50020044320020FC
:10A410000000F0FF00000211A2510200F251020000
:10A4200078510200235102004951020008B5064943
:10A43000064821F00701C1F1005202F58022FEF723
:10A44000A9FC002008BD00BFBF6B0020682D0020C4
:10A4500070B54169867A0B4D044659B1437ADB07E2
:10A4600006D42C2303FB06535B6A1B689B68984742
:10A47000002363612C20214600FB0650BDE870409C
:10A4800009F0A0BABC020020024B2C2202FB0030D3
:10A49000704700BFBC020020827A064B2C2101FBD2
:10A4A00002339A6A1B7F1B33801A23F00303B0FB2D
:10A4B000F3F07047BC02002038B5074B827A2C2499
:10A4C00004FB02335B6AD3E901240C601568FFF7D3
:10A4D000E3FF04FB005038BDBC02002008B5436810
:10A4E0004BB107490748084A5A2308F062FD06485D
:10A4F0005A2108F055FD03824369C36008BD00BFBF
:10A50000475202002A470200225202002DE9FF476B
:10A5100005466846039117461C4609F00AFBDDE92B
:10A52000008955B95C495D4A5D4840F2011308F065
:10A5300040FD40F20111594818E005F11406EFF30F
:10A54000118A402383F31288BFF36F8F304605F0E2
:10A5500029FF68B9534A54495148842308F029FD1A
:10A560003146524808F025FD84214E4808F018FD78
:10A57000304605F03BFF6B8B002B5AD02A8B9A425A
:10A5800039D900220023284604F0FAF804460028AE
:10A5900031D0304605F014FF68B9424A444940487A
:10A5A0004FF4997308F005FD3146424808F001FD6B
:10A5B0004FF49971D9E78AF31188BFF36F8F039D28
:10A5C000002D59D042464B46684609F0D7FAA27A88
:10A5D000394B2C2101FB023320465B6A1B6803A91F
:10A5E0001E68DDE90023B0476061002837D12046AE
:10A5F000FFF72EFF2EE06C8B631E6B83304605F059
:10A60000DFFE0028C9D08AF31188BFF36F8F2B7F3C
:10A610002A8B1B33121BAC6A23F0030302FB034497
:10A62000254B264AEB1A9B105343A3722B7FE372F0
:10A63000C5E7304605F0C4FE0028AED08AF3118885
:10A64000BFF36F8F23463A46284604F099F8044634
:10A650000028B4D10024204604B0BDE8F087039B55
:10A660009D420BD916490D4A0D484FF4AB7308F0C3
:10A67000A0FC4FF4AB715EE765612B46002101221F
:10A6800022816160E27A638204F1180009F0C6FA5F
:10A690002046FFF723FFDEE761520200225202004C
:10A6A0002A470200254902007E4902009349020020
:10A6B0005249020069490200BC020020A38B2EBA55
:10A6C00066520200F8B5054698B1194E2C272C4663
:10A6D0006D68237ACBB9174A1749184840F2C1135D
:10A6E00008F067FC2146164808F063FC40F2C111EF
:10A6F00008E014490F4A114840F2BB1308F059FC16
:10A7000040F2BB110B4808F04BFC013BDBB223725B
:10A7100053B9E3606360A37A07FB036320461B6AB7
:10A720001BB19847002DD2D1F8BDFFF791FEF9E794
:10A73000BC02002022520200805202002A4702007E
:10A74000895202007C52020070B503460568828877
:10A75000DC889E68A818A41AAD1B641BA14209D905
:10A7600006490748074A3E2308F023FC05483E21D6
:10A7700008F016FC0A449A8070BD00BFD95202004E
:10A780002A4702009E52020008B582888A42034688
:10A790000BD2094909480A4A40F2C31308F009FCE0
:10A7A000074840F2C31108F0FBFB521A8280006890
:10A7B0000844186008BD00BFFD5202002A4702008D
:10A7C0009E5202000C4B0122C3F840254FF08043FB
:10A7D0004FF08051C3F87825D1F83001082805D111
:10A7E000D1F83411022908BFC3F838260122C3F872
:10A7F00080250020704700BF00E0014048B1054BB4
:10A80000054A1B68B3FBF2F35843044B43F00103C2
:10A81000184770479001002040420F00C0430200DB
:10A8200008B5054A054B136010463F23536002F0FC
:10A8300067FC002008BD00BF742D0020FFFF010051
:10A8400070B50446807AFFF71FFE6169054649B17D
:10A85000637ADB0704D4436A1B6820469B689847E9
:10A86000002363612146284609F0ACF8034B1B68BE
:10A870001BB1BDE870402A20184770BD7C2D002018
:10A8800008B5034B186809F092F8002008BD00BF16
:10A89000802D0020082808B50BD870B1431E072B67
:10A8A0000BD8DFE803F005040A140A0A0A1404208E
:10A8B00008BD10280DD020280BD007490748084AAA
:10A8C000522308F076FB0648522108F069FB02206B
:10A8D000EEE70520ECE700BFAA5A02002A47020073
:10A8E0000D530200811EC9B21E2938B5054613D882
:10A8F0000A4CCC4014F001040CD0094808F018FCB4
:10A90000044638B12846FFF7C5FF014604F10C00A4
:10A9100008F01EFC204638BD0024FBE74100004043
:10A9200014030020014B1860704700BF7C2D0020ED
:10A93000F8B50128DDE90676054609D0042804D1DA
:10A94000144808F0F5FB044620B900242046F8BD61
:10A950001148F6E72846FFF79DFF04F10C05014674
:10A96000284608F0F5FB002FF0D0002EEED0228A0A
:10A97000638A61699B1AE268521A9B1A9E4203D944
:10A980002046FFF79FFEE0E732463946284608F0AA
:10A99000D3FBDBE7BC020020E8020020038A01466B
:10A9A00023B1034B186883689B68184712207047CF
:10A9B0007801002010B5084B084C1860206808F09A
:10A9C0008BFF30B1206806498368BDE810401B68E2
:10A9D00018476FF0120010BD802D00207801002074
:10A9E00081A8010037B50C460A490B4A411A402399
:10A9F0000093491105462346084808F0BBFB014671
:10AA000028B12846234603B0BDE83040184703B0BC
:10AA100030BD00BF982D0020E3310200C03D020090
:10AA2000C9B2012908B509D908490948094A7E234C
:10AA300008F0BFFA07487E2108F0B2FA03690C2239
:10AA400001FB0233986C00F0070008BD7C53020044
:10AA50002A4702003F53020070B5C9B201290346DC
:10AA600000690BD917491848184A4FF4E87308F0E1
:10AA7000A0FA16484FF4E87108F092FAEFF3118645
:10AA8000402484F31288BFF36F8F0C2505FB01046B
:10AA9000A46C14F0C00401D0A24210D105FB010047
:10AAA00001228264002086F31188BFF36F8F28B9DA
:10AAB0005B6803EBC1035B689847002070BD4FF0F3
:10AAC000FF30F0E77C5302002A4702003F530200A8
:10AAD00070B50D460649411A044649110548402201
:10AAE000FFF7BAFF2B4601462046BDE870401847E5
:10AAF000982D0020C03D02000022F8B50121054636
:10AB00001046FFF76DF9104802F016FA0446B8B97E
:10AB100008F065FD2F690D49384608F099FA031EC3
:10AB200009DB0126BE642D69084905F1200008F003
:10AB30008FFA031E02DA1C462046F8BD6E65FBE75D
:10AB40006FF00404F8E700BF01AC010068440200A4
:10AB50001FB500220123CDE902236C46074A6B464C
:10AB6000CDE9004408F036FB28B94FF480420023B9
:10AB7000684603F00DFF04B010BD00BFEF310200C6
:10AB800010B5EFF31184402383F31288BFF36F8F66
:10AB9000074A136823F00201DB07116002D4012089
:10ABA00002F0AAF984F31188BFF36F8F10BD00BFC4
:10ABB000F02D002030B4104B0C2202FB0033014674
:10ABC0000020D3E910521864EFF31180402484F37D
:10ABD0001288BFF36F8F9C6C04F0C00444F0020431
:10ABE0009C6480F31188BFF36F8F1DB12B4603481F
:10ABF00030BC184730BC7047982D0020C03D020083
:10AC0000012808B506D0032808D098B90F4B9B6CD3
:10AC10005B0719D1BDE80840FFF7CCBF0C490D4ACE
:10AC20000D4840F2FA2308F0C4F940F2FA2109482D
:10AC300008F0B6F90649074A07484FF4417308F08F
:10AC4000B8F94FF44171F2E708BD00BF982D00201C
:10AC5000AA5A02003F5302002A47020010B4EFF341
:10AC60001180402282F31288BFF36F8F17490B685F
:10AC700043F0020413F001030C601AD04FF080433C
:10AC8000D3F80C14D3F80C3413F0010311D0EFF304
:10AC9000118182F31288BFF36F8F0D4A936C03F01A
:10ACA000C00343F00203936481F31188BFF36F8FF5
:10ACB000012380F31188BFF36F8F1BB110BC0020FC
:10ACC000FFF778BF10BC012002F0ECB8F02D002097
:10ACD000982D00202DE9F0414449BFF35B8F0646D3
:10ACE000012251E8003F41E800200028F9D1BFF3DC
:10ACF0005B8FA3B93E493F484B60CB608A60FEF74B
:10AD00002FFB00280BDA3C493C4A3D4840F2A32384
:10AD100008F04FF940F2A321384808F041F9002E1D
:10AD20004CD0731E012B56D8012E07D14FF0804313
:10AD3000D3F81C3403F00303012B3FD008F07AFE54
:10AD4000054658B1EFF31188402383F31288BFF30F
:10AD50006F8F01252B4F4FF080441EE02A4B1B784C
:10AD6000002BEFD04FF080430222C3F80823804627
:10AD7000F0E72DB3404608F0BBF9D4F8183563B9B5
:10AD8000D4F804214AB1C4F80431D4F804310123C1
:10AD9000C4F81835C7F88031A360D4F81824D4F863
:10ADA0001834D203E5D503F00303012B01D0012EA3
:10ADB000DFD155B188F31188BFF36F8FBDE8F08103
:10ADC0000021212004F0E2FFD7E74FF08043022268
:10ADD000C3F80423F2E70D49084A094840F2B523B5
:10ADE00008F0E7F840F2B52196E700BF942D002067
:10ADF000842D0020B82D0020A05302003F530200F4
:10AE00002A47020000E100E052340020AA5A020062
:10AE1000EFF31182402383F31288BFF36F8F0A4B45
:10AE2000D3F8001161B10021D3F80805C3F800116F
:10AE3000D3F80031C0B282F31188BFF36F8F70472F
:10AE40006FF00A00F7E700BF00D00040F0B50346FE
:10AE50008478C678EFF3118E402080F31288BFF318
:10AE60006F8F1D7893F801C0641B3440A24288BFE5
:10AE7000A2B2AF18374028461F708EF31188BFF377
:10AE80006F8F8F188F4218D165450CD1EFF3118168
:10AE9000402080F31288BFF36F8F1878587081F3C9
:10AEA0001188BFF36F8F1B79A41AA34228BF074BE9
:10AEB00090B224BF01221A60F0BD03EB000E0130F6
:10AEC0009EF805E001F801EB3040DBE700D00040E0
:10AED0002DE9F0472F4D0069A8420E4614460BD0CD
:10AEE0002D492E482E4A40F2031308F062F82C48F0
:10AEF00040F2031108F054F8DB4313F0010504D0CD
:10AF00002030FFF7A3FFBDE8F087B2B3EFF311875E
:10AF1000402383F31288BFF36F8F0D20FEF752FF9B
:10AF200080460D20FEF73AFF87F31188BFF36F8F3D
:10AF3000DFF870A01C4FCAF80051DAF800314FF466
:10AF400000590123CAF800302546C7F88091DAF885
:10AF50000031A3B1FFF75CFF031EA4BF05F1FF356D
:10AF6000ADB2C7F88091A8BF7355002DEFD1B8F1ED
:10AF7000000F02D00D20FEF703FF2046C3E7EFF3DA
:10AF80001180402383F31288BFF36F8F08F0B0F86D
:10AF9000DDE700BFF42D0020EA5302002A4702003B
:10AFA000B853020000D0004000E100E0F8B5184BB3
:10AFB00007699F420D46144625D016491648174A80
:10AFC000E52307F0F6FF1548E52107F0E9FF4FF00C
:10AFD000FF334FF0FF32384603F0DAFC22462946B1
:10AFE0000F48FFF733FF0646384603F053FC3EB9DF
:10AFF0004FF0FF324FF0FF330A4803F0C9FCE6E799
:10B00000A41BA4B23544002CE1D12046F8BD00BFFA
:10B01000F42D0020EA5302002A470200B853020030
:10B02000292E0020042E002038B5204B04699C42B4
:10B030000BD01F491F48204A40F2471307F0B9FFC1
:10B040001D4840F2471107F0ABFF01221146204690
:10B0500008F0C2FC0122002104F1100008F0BCFC41
:10B0600040F2074323874FF0706323620C2384F878
:10B0700024300025114B84F83550E586D3F804259B
:10B0800022F00102C3F804250121C3F80051D3F8CE
:10B090000021C3F804132A4619600D20FEF7A0FE14
:10B0A0000D20FEF76DFE284638BD00BFF42D0020B0
:10B0B000EA5302002A470200B853020000D00040C1
:10B0C00010B5FFF7A5FE002820DB174B93F82220D0
:10B0D00093F8214093F82310141B31EA0404C0B202
:10B0E0000DD193F8372093F8364093F83810141B9D
:10B0F00031EA04040BD10D4B01225A600EE09C187A
:10B100000132114084F8250083F8221010BD9C18EC
:10B110000132114084F83A0083F837100448BDE842
:10B12000104003F0B7BB00BFF42D002000D000405A
:10B13000042E0020F7B50F46164648B91849194A9B
:10B140001948182307F035FF1821164807F028FF83
:10B15000E9B91649134A1448192307F02AFF19219F
:10B16000F3E7351BB5F5806F28BF1D462A4601ABB6
:10B170003919002005F0FAFD68B9019BAB420AD1EC
:10B180001C44A642EDD809D0162003B0F0BD4FF400
:10B1900080630024F5E76FF01500F6E70020F4E780
:10B1A0004A5402001A5402002A4702005D54020069
:10B1B00038B5036961B92149214A2248642307F05F
:10B1C000F8FE214807F0F5FE64211D4807F0E8FE6F
:10B1D000486850B91D491A4A1A48652307F0E9FE24
:10B1E0001B4807F0E6FE6521EFE7586800B300242E
:10B1F000884219D108688CB99C685860A14200D176
:10B200009860002008602AB15A680A609A685960FC
:10B2100002B9996000200FE02846E9E720609868AD
:10B22000814208BF9C60ECE705680446002DF3D11D
:10B23000002AE9D16FF0150038BD00BFBF540200ED
:10B24000835402002A470200C8540200D754020067
:10B25000E954020008B50368590914D0012906D140
:10B260004FF6FF7203F01F03DA40D2070ED40B49EA
:10B270000B480C4A4FF4826307F09BFE09484FF4D9
:10B28000826107F08DFE4FF0FF32EBE7036001298A
:10B29000054818BF4FF0A04008BD00BF335502005D
:10B2A0002A470200005502000003005070B54468B0
:10B2B000207C01F01F0545EA4015A06886B00028F3
:10B2C00073D0B2F5001F04D1294602F0FDFA002028
:10B2D0004FE06068667CC0F8246501A80026B2F5DE
:10B2E000800F0196466033D1B3F1007F14BF052370
:10B2F00004238DF804300023CDE904030393E368AD
:10B30000CB4013F0010F6E4635D1B2F1A07F32D1A0
:10B3100068460095FFF79EFF009B03F5E07350F829
:10B320002330DB0727D4A0686A46294602F072F969
:10B33000163018D00296A06803AA294602F00AF82F
:10B34000002816DBA0680122294602F03BFABEE77E
:10B35000B3F1C06F05D0B3F1007F14BF0123022306
:10B36000C7E70323C5E7A068694602F00BFA002887
:10B37000E0DA06B070BDA0683246294602F04AF90C
:10B380000028D8D19DF80010A06802F0DFF900284D
:10B39000D1D007490748084A40F2F11307F009FEE7
:10B3A000054840F2F11107F0FBFD6FF08500E0E782
:10B3B000825502002A470200565502002DE9F0434B
:10B3C000466840F20635337CD00687B001F01F078F
:10B3D00002EA050547EA431754BFC2F340130323AB
:10B3E000B5F5837F14468DF8033044D00DD8062D73
:10B3F00016D005D8A5B1022D3FD06FF0150037E06B
:10B40000B5F5807FF9D101250AE040F2022295428C
:10B4100035D0B5F5407F34D0B5F5007FEDD10225AC
:10B42000220330D5726801238B40C2F80835B0681A
:10B4300088BB03A80397FFF70DFF039B00EB830076
:10B44000C4F3004383F00103C4F34044D0F8002761
:10B4500044EA43049DF8033022F4E16244EA8304A1
:10B4600022F0070244EA05231343C0F80037002006
:10B4700007B0BDE8F0830725D2E70425D0E705250E
:10B48000CEE70325CCE7630341BF012372688B40FD
:10B49000C2F80C35CBE70DF10202394602F0BAF8DA
:10B4A00014F4403F804617D1B068394602F036F9AF
:10B4B000B8F1000FDBD19DF80210B06802F046F938
:10B4C0000028D4D01E491F481F4AFC2307F071FDF5
:10B4D0001D48FC2107F064FD4FF0000901ABCDE9E8
:10B4E0000199CDE90439CDF80C90B06803AA39462A
:10B4F00001F030FF4845BADB14F4003314D0C4F334
:10B5000000449DF803308DF80E3084F001048DF86E
:10B510000C508DF80D40B0684B4603AA394601F037
:10B52000DBFF0028C4DAA2E7CDE904330DF1030301
:10B530000393B06803AA394601F00CFFF1E700BF9E
:10B54000825502002A47020056550200420970B592
:10B55000034602D0012A1ED070BD144E32695168D4
:10B560000029F9D003F01F0301250C689D40002934
:10B57000F2D08A682A4012D04B6873B90C490D4A40
:10B580000D48892307F015FD0C4807F012FD094806
:10B59000892107F005FD0A4EE0E7304698471CB1C7
:10B5A000236821461C46E2E72346FAE7F83D0200FD
:10B5B0008B550200835402002A470200E95402001E
:10B5C000DC3D020038B54568A86890B102F08CF8FF
:10B5D000014670B9A86802F051F8044658B902460D
:10B5E0000649A86801F0FEFF224605210620FEF765
:10B5F000F7FB002038BD6FF00400FBE74DB50100FC
:10B6000008B50368590914D0012906D14FF6FF7215
:10B6100003F01F03DA40D2070ED40B490B480C4A43
:10B620004FF4826307F0C5FC09484FF4826107F0CC
:10B63000B7FC4FF0FF32EBE703600129054818BF64
:10B640004FF0A04008BD00BF335502002A4702005A
:10B6500000550200000300502DE9F04F154685B05B
:10B66000834600EB810940F2FF1AD94503D100203F
:10B6700005B0BDE8F08FDBF80030C3F3C72818F041
:10B680000808C3F3C321C3F3080440F0B7805D4A40
:10B69000544508BF4FF0FF34B3F10C5F565C4FEADE
:10B6A000136115D2222915D8DFE801F017282C39AB
:10B6B0002F3539141414143F491414141414141489
:10B6C00014144C8C8F9214141495999C9FA2A5006D
:10B6D0004E2927D06FF08500CAE7C5F80C45621CDB
:10B6E0006DD003A80394FFF78BFF0399012303FA9E
:10B6F00001F1C0F808151F46184639E0C5F8144591
:10B70000002718E0C5F80845E9E7C5F8084500270F
:10B71000611C22D153E0C5F80C450127F8E7C5F8B4
:10B720001045EDE7C5F81445D9E7C5F80845002EE2
:10B73000E6D100270626631C41D0002018E0C5F89A
:10B740000C45F4E7C5F86045BBF80230601C03F017
:10B75000010334D0002BC4D1012703A80394FFF7C1
:10B760004FFF03998446012000FA01F1CCF80C1533
:10B77000DBF80010019101F4004CBCF1000F08BF90
:10B78000804603A818BF01270394FFF739FF039CE5
:10B79000019900EB8400C1F34121D0F80047360243
:10B7A00024F4413446EA810624F4437446EA080648
:10B7B00024F00304264346EA4706C0F800670BF16D
:10B7C000040B52E7C5F86445BEE7C5F86845BBE71A
:10B7D000C5F86C45B8E7C5F824450127ABE7C5F8BF
:10B7E00028457CE7C5F83045F7E7C5F83445F4E768
:10B7F000C5F83845F1E7C5F83C4570E76FF015002E
:10B8000036E700BF01660200F0B54B79012B5FD02F
:10B81000032B40F092801024CD7915B1012D40F01A
:10B820008C800A791AB1022A40F087800E220B68B8
:10B83000B3F5967F4ED0B3F5167F4ED0B3F5966F25
:10B840004ED0B3F5166F4ED0B3F5965F4ED0B3F52C
:10B85000165F4DD0B3F5615F4CD0B3F5964F4BD02A
:10B86000B3F5E14F4AD047F61226B34248D0B3F5BC
:10B87000164F48D04DF6C026B34247D0B3F5614FBE
:10B8800047D0B3F5963F47D0B3F5E13F46D0B3F587
:10B89000613F46D02A4EB34246D0B3F5E12F46D0A1
:10B8A000B3F5612F46D0274EB34246D14FF08053B7
:10B8B000476806693F68C7F8243543682C431B680E
:10B8C0002243C3F86C2503C986E803000020F0BDBD
:10B8D0000024A1E74FF4A033EAE74FF41C33E7E775
:10B8E0004FF49E23E4E74FF41D23E1E7164BDFE717
:10B8F000164BDDE7164BDBE7164BD9E7164BD7E7C0
:10B900004FF40003D4E74FF41D03D1E74FF4650370
:10B91000CEE74FF46B03CBE7104BC9E74FF0EB7367
:10B92000C6E74FF06C73C3E74FF08063C0E74FF09A
:10B93000E863BDE74FF07063BAE76FF08500C6E7D4
:10B9400090D0030040420F0000B0130000502700C9
:10B9500000F03A0000A04E0000C0750000903A01CF
:10B960002DE9F041044647680D4608F063F888B1B8
:10B970004FF04008EFF31186314688F31288BFF389
:10B980006F8F606807F0AEFC50BB86F31188BFF381
:10B990006F8FEFE71F4B1B78002BE9D04FF040086B
:10B9A0006426606807F09EFC70B9012007F02AFE4B
:10B9B000013EF6D10021212004F0E8F9F0E786F3FA
:10B9C0001188BFF36F8FF5E7EFF31186314688F3E7
:10B9D0001288BFF36F8F606807F084FC0028EED0F8
:10B9E0007B691D7063687A691B680020C3F8442571
:10B9F0000122C3F84825C3F82001D3F82041C3F839
:10BA00005801D3F858019A6081F31188BFF36F8F02
:10BA1000BDE8F0815234002038B51149D1E9003039
:10BA2000D41AE31840F1000022F07F45C1E900304C
:10BA3000A5F50013B3F5400F09D20A4B1B681A0A8B
:10BA40001B065819084B42F10001C3E9000104F03C
:10BA500039FF01462046BDE8384004F099BE00BFDA
:10BA600088160020582E0020901600200D4B1868D4
:10BA7000010A0006BFF35F8F0B4BD3F8043518188B
:10BA800041F10001B3F5801F0AD2084BD3E900232E
:10BA9000904271EB030303D210F1807041F1000179
:10BAA000704700BF582E0020001001409016002063
:10BAB0002DE9F7432B4CD4F8043399070BD5D4F870
:10BAC000043143B1284A0023C4F80431D4F80431C6
:10BAD000136801331360D4F80433DA0323D5BFF3BA
:10BAE0005B8F224B53E8002F22F0010143E8001046
:10BAF0000028F7D1BFF35B8FD30702D4D4F84031CD
:10BB00008BB10025C4F84051D4F84031FFF7AEFFA7
:10BB1000EFF3108272B6164BD3E90267B042B94117
:10BB200004D282F3108803B0BDE8F0834FF0FF38F1
:10BB30004FF0FF39C3E90289D3E900101D604FF4CB
:10BB40008033C4F84833C4F84051D4F8403182F30C
:10BB500010880029E7D0009032463B4628468847A7
:10BB6000E1E700BF00100140582E0020502E0020B9
:10BB7000781600202DE9F84F4B4DBFF35B8F06463A
:10BB80000F4655E8008F28F0010345E80032002AEF
:10BB9000F7D1BFF35B8F454C4FF48039C4F808935D
:10BBA000BFF35F8FBFF36F8FFFF760FFB04271EBA2
:10BBB000070308F0010840D23D4B301A67EB010142
:10BBC000984271F100014CD23A4BD3E902239F42D3
:10BBD00008BF96423ED04FF0000CC4F84893C4F81A
:10BBE00040C126F07F40D4F84031DFF8CCA0834636
:10BBF00003216FF0020E2BF07F43C4F84035C4F8E8
:10BC00004493D4F80425AEEB02035B4423F07F4356
:10BC100053451FD9D4F840315BB1D4F80425131A29
:10BC200023F07F43B3F5000F14D9C4F840C1D4F812
:10BC3000403101EB020B0131DDE7204BBFF35B8F9D
:10BC400053E8001F41F0010143E80012002AF7D138
:10BC5000BFF35B8F174B1A4A1A60C3E902670022D1
:10BC60005A60B8F1000F1CD0BFF35B8F55E8003F5E
:10BC700043F0010345E80032002AF7D1BFF35B8FA0
:10BC80004FF48033C4F804330C4BBFF35B8F1B6855
:10BC9000BFF35B8FDB0742BF0A4B4FF40032C3F8A0
:10BCA0000021BDE8F88F00BF542E00200010014095
:10BCB0000100800078160020FDFF7F00502E00203C
:10BCC00019BA010000E100E070B5194C194BC4F835
:10BCD0000833C4F84833184B00254FF0FF304FF0BD
:10BCE000FF31C4F80855C3E902014FF48033C4F8AA
:10BCF0000433124B02264FF40032C4F804630121CE
:10BD0000C3F8802111202A46FEF76AF81120FEF7B9
:10BD100037F801230A4AA360002123600948136011
:10BD2000FFF728FF3046FEF7D5FF284670BD00BF5D
:10BD30000010014003000F007816002000E100E031
:10BD4000542E0020FFFF7F00431C10B50F4C05D080
:10BD50008442A8BF0446012CB8BF0124FFF786FE29
:10BD60000B4AD2E90031C01AB0F5000F074A0AD2D7
:10BD70002044904228BF1046C018BDE8104041F151
:10BD80000001FFF7F7BE1046F6E700BFFFFF7F0098
:10BD90008816002008B5FFF769FE024B1B68C01A21
:10BDA00008BD00BF8816002002460B46014802F07D
:10BDB0006FBA00BF58020020014802F031BB00BF3B
:10BDC00058020020034B00200122186018715A709D
:10BDD0009A707047473200202DE9F0470346154618
:10BDE0000846002A00F0E880002900F0E580990B61
:10BDF0000229C3F30527DCB200F09B80032974D02D
:10BE000001297FD0092F00F2D580DFE807F005185F
:10BE1000213C495AD3D3D366032C00F2CB80674B25
:10BE200000221A601A7101225A709A7000214FF68E
:10BE3000FF73CB1A584229805841BDE8F0870F2C78
:10BE400000F2B8805D4B240124F03F041C70EDE744
:10BE5000043C0F2C00F2AE80DFE804F0080808086C
:10BE60000A0A0A0A0D0D0D0D10101010534BDAE7D7
:10BE7000524B0222D8E7514B0322D5E74F4B042205
:10BE80005A700322D1E7032C03D84C4B0022DA70FE
:10BE9000CCE7043C032C00F28D80484B0122F6E7EE
:10BEA000032C00F2878003210C30FEF74DFC6FF06D
:10BEB0007803037020234370002383704FF6FF71D3
:10BEC000B5E703210C30FEF73FFC0F2C01D82F23E0
:10BED000EFE7102C6ED15823EBE7384A03210C30E2
:10BEE0001371FEF731FC4B23E3E7002F62D1032CE3
:10BEF00060D80C30FEF728FC1F230370202343700A
:10BF00008770DBE7272F92D800F10C04032120462D
:10BF1000FEF71AFC33230370032120234370817042
:10BF20002046FEF711FC254B07709A784270DB78AB
:10BF3000C3E7272F3ED804F00304022CDFF87C90DF
:10BF400004D0032C2FD0621E5442544199F8002093
:10BF500000F10C06C3F385030321304643EA0208CF
:10BF6000FEF7F2FB7B2303702023437008238370CA
:10BF700007213046FEF7E8FB077080F8018099F84A
:10BF80000130C3704FF0000A847080F804A080F87C
:10BF900005A080F806A001213046FEF7D5FB99F9EF
:10BFA000043003708AE799F80120033A012A01D886
:10BFB0000424CBE701213AE703203EE74732002083
:10BFC00038B5002900F00181CB68002B00F0FD801E
:10BFD000002A00F0FA801978042923D159780F2912
:10BFE00001D1012382E00E291CD19C78998842F26C
:10BFF0004B05033CA94224B200F09E8026D842F2B1
:10C000002F05A9424ED00FD842F21E00814204D81B
:10C0100042F21C0081420CD804E042F21F0081422F
:10C0200000F0BE80022063E0A1F500513339012900
:10C03000F8D8012C00F0AF806549664A664840F2A6
:10C04000B12306F0B6FF40F2B12136E042F27B00A8
:10C050008142EED016D842F25000814202D842F21C
:10C060004E00D7E742F258008142DBD1052C4AD07E
:10C070005A49584A58484FF4257306F09AFF4FF42E
:10C0800025711AE042F287008142CBD1FA2C41D0CF
:10C090005349504A504840F29B2306F08AFF40F231
:10C0A0009B210AE0092C0BD04E494A4A4A484FF4DA
:10C0B000237306F07EFF4FF42371464806F070FFAD
:10C0C000997900298DD1C0B20F288AD8DFE800F015
:10C0D0000808080811111111151515151818181848
:10C0E000B3F8073047F6FE7101EA430313800020DE
:10C0F00038BDB3F809305B08F4E7B3F80B30F1E76B
:10C10000B3F80D30F7E7997900297FF46AAF9B7A8D
:10C110005B00EBE7997900297FF463AF587A1B7ACB
:10C120008100400001F00C0100F010001B090143E8
:10C1300003F002030B43D9E7032C09D02A49254A0F
:10C1400025484FF4297306F034FF4FF42971B4E702
:10C150009979F1B9254C93F9070094F904108142BB
:10C1600001DB7E2913D1207101464FF4007093F951
:10C1700008308B4201DB7F2903D1237140F48060BA
:10C180001946490001F4FF7108431080AFE7002011
:10C19000EDE70120F9E79B79003B18BF0123A5E7F4
:10C1A000032C09D012490B4A0B484FF42E7306F0AA
:10C1B00000FF4FF42E7180E7997900297FF411AFC9
:10C1C000B3F8073043F4004390E7032090E700BF43
:10C1D000EA560200C15502002A4702003156020009
:10C1E00068560200F6550200B3560200473200209E
:10C1F0001B5702001FB5002301930A220293CDF8BA
:10C200000B300091014601A807F010FD084A0949CA
:10C2100009484FF4AC7306F0CCFE0848009A01A917
:10C2200006F0C7FE02484FF4AC7106F0B9FE00BF3D
:10C230004D570200AA5A02002A4702008657020000
:10C24000F0B506468BB027480D46274902F08AFD17
:10C2500005A8F7F752FC254807F03EFB00283BD025
:10C26000234B029302A8E4F793FF002837D14FF045
:10C27000FF304FF0FF31FFF797FD044638B91D49F5
:10C280001D48E4F78FFA044620B1FFF795FD2046DC
:10C290000BB0F0BD41F64C5703A80397EAF76CFECC
:10C2A00020B1FFF789FD6FF08504F0E7012301A8B5
:10C2B0008DF80430F9F74EF80028F2D104A804975D
:10C2C000EAF762FE0028ECD1FFF776FD33690B48F0
:10C2D0001D60FEF727FBDAE76FF01204D7E76FF077
:10C2E0001504D4E7602E0020D3340200303E020053
:10C2F00001C3010098160020EDC40100C1C4010073
:10C3000010B503460A46114881680C6864B91049A3
:10C31000104A1148662306F04CFE104806F049FE0C
:10C320000C48662106F03CFE1946A04768B10C494E
:10C330000C4A09484FF4367306F03BFE0A4806F0F3
:10C3400038FE08484FF43671ECE710BD303E02006D
:10C35000E2570200AE5702002A47020002580200CC
:10C36000825502004D5702002858020030B542485D
:10C3700085B0E4F7FBF80446002878D10125E4F7FE
:10C3800053FAE4F75DFAE4F767FAF7F7B8FBF7F763
:10C39000BAFBF7F7BAFBF7F7B4FBF7F7B4FBF7F71D
:10C3A000B4FBE4F76BFAE4F775FAF7F7B0FBF7F7CD
:10C3B000B0FB01AA294620468DF80450E4F71EF987
:10C3C000002853DB01AA022120468DF80450E4F72F
:10C3D00015F900284ADB082301AA07212046ADF8F9
:10C3E0000430E4F70BF9002840DB4FF01B130193F6
:10C3F00001AA40F2032303212046ADF80830E4F7F8
:10C40000FDF8002832DB01AA042120468DF80450F3
:10C41000E4F7F4F8002829DB1F2301AA06212046AF
:10C42000ADF80430E4F7EAF800281FDB032301AA83
:10C43000052120468DF80430E4F7E0F8002815DBEC
:10C4400001AA182120468DF80450E4F7D7F80028F7
:10C450000CDB40F6935398420CD984F31188BFF358
:10C460006F8F0423184602DF6FF00B00044620464E
:10C4700005B030BD0020F9E7F5C1010008B50A4953
:10C480000A4807F0C7FA00280CDA0949094A0A489D
:10C490002F2306F08EFD094806F08BFD05482F215D
:10C4A00006F07EFD08BD00BF602E00203024002075
:10C4B000AA5A0200625802002A4702008B58020062
:10C4C000094B93F80231042B02D1810709D470473C
:10C4D000022B02D1020704D47047082B03D1830634
:10C4E00001D5FFF7CBBF70474C32002070B5314CFF
:10C4F00094F80231CBB194F80231042B36D1207874
:10C500003E2824D1A678B31E5E425E41002200235D
:10C51000314606F02CFE0546D8B9BEB1002384F89A
:10C520000231BDE87040FFF7A9BF4FF0FF304FF078
:10C53000FF31FFF739FC48B904F58171204600F05E
:10C54000DBFB0546FFF738FC002DD4D070BD00267C
:10C55000DCE762780232174905F10C0006F0ECFDC9
:10C56000154B16481B6829469847D7E7022B15D16B
:10C57000002200230820FEF7B5F905460028E5D083
:10C5800062880432B2F5817FE5D9002383F31188F4
:10C59000BFF36F8F0423184602DFBFE7082BBDD11E
:10C5A000002200232020FEF79DF96288054600281E
:10C5B000E7D1CBE74C3200205C2E0020683E020021
:10C5C0002DE9F3418A4C058826780746002E40F075
:10C5D0008C8304238DF80730864BD3F80080B8F1A4
:10C5E000000F19D1B5F5105F4FEA95230FD2002B3C
:10C5F00063D0013B072B00F23A83DFE813F03200EF
:10C6000038034A00AB00E90038033803FF003F2B32
:10C6100000F08B820120CCE20DF106030DF1070240
:10C62000611CC0470128DDD09DF8063013B90128F0
:10C6300040F04F830F2363700423A3700123E07045
:10C640002371A4F805500123237040F635439D4221
:10C6500003D1A379002B00F04683002002B0BDE88F
:10C66000F081384640F2064230F9033B93420AD04B
:10C6700040F21D42934209D0012040F206439D4200
:10C6800000F0228363E1E9F7D1FDF6E7E9F76AFEFE
:10C69000F3E7384640F6354130F8032B13B28B42AE
:10C6A0001DDC40F62C418B4209DC40F601429342EE
:10C6B00024D040F60342934224D0012020E0A2F689
:10C6C0002D43082B00F2D382DFE813F01F00D102C4
:10C6D000D102D1022800D1022B00D1022F0040F656
:10C6E0007B42934224D040F67C42934229D040F6CC
:10C6F00063429342E1D1E4F71DF901E0E4F708F960
:10C700000126E1E2F7F7F0F9FAE79DF807303A4938
:10C7100003338DF80730F8F74EFAF1E7E9F740FDFB
:10C72000EEE706F010FFC0B2EAE7E9F767FDE7E7DA
:10C730009DF80730304904338DF80730F8F763FD72
:10C74000DEE79DF807302C4902338DF80730F8F703
:10C750007DFDD5E73B88A3F58053013B082B00F214
:10C760008682DFE813F0090012001C0084028402B4
:10C770008402840284022C009DF807301E4808338E
:10C780008DF80730F8F705FABAE79DF807301A4830
:10C7900040338DF8073006F09EFE0020B0E79DF88C
:10C7A000073008338DF80730134B00221A605A60A7
:10C7B000E37A23F0600343F06003E372EDE79DF852
:10C7C00007300D4806338DF80730F8F74CFA97E735
:10C7D0003A8841F205439A427FF46FAF9DF80730E3
:10C7E00005490333F81C8DF80730F8F771FD87E72A
:10C7F0004F330020702E002056330020384630F88A
:10C80000033BA3F50053013B872B00F22E82DFE8A8
:10C8100013F08800A400AD002C02B600B900BC00E3
:10C82000C500C800CB00D100D400D700DA00DD007D
:10C83000E600E900EC00EF00F200F500FE00010167
:10C840000A01130116011F012801710177018301FB
:10C850002C022C022C022C022C022C022C02320163
:10C86000350138013B012C022C02440147012C0206
:10C870004A015301560174017A012C022C022C0248
:10C880002C022C022C022C022C022C022C022C0238
:10C890002C022C022C022C022C022C022C022C0228
:10C8A0002C022C022C0259012C022C0262012C02B7
:10C8B0007D012C022C022C022C022C022C022C02B8
:10C8C0002C022C022C022C022C022C022C022C02F8
:10C8D0002C022C022C022C022C022C022C022C02E8
:10C8E0002C022C022C022C022C022C022C022C02D8
:10C8F0002C022C022C022C022C022C022C022C02C8
:10C900002C022C022C028001CE002C022C022C02C4
:10C910002C022C022C022C022C022C022C0268016C
:10C920006501E4F711F842F26B039D4200F2B98110
:10C9300042F263039D4200F29C8142F219039D4240
:10C9400000F2A48142F20C039D4200F2988140F271
:10C950001D439D4200F0B881D2E69DF80730B448EF
:10C9600003338DF80730E9F757FCDCE79DF8073013
:10C97000AF4808338DF80730F8F73BFBD3E7F8F7FB
:10C980008FF9D0E7EAF788FACDE79DF80730A84895
:10C9900001338DF80730F8F73AF9C4E7F8F7CDFB23
:10C9A000C1E7F8F7A5FBBEE7F8F7ECFBBBE7F8F744
:10C9B000E1FCB8E7E9F7B0FDB5E7F8F71FFAB2E731
:10C9C000EAF75EF8AFE7EAF7C1F8ACE79DF80730A1
:10C9D000974801338DF80730F8F727F8A3E7F8F701
:10C9E0002BF8A0E7F8F773F89DE7F8F78CF89AE7CB
:10C9F000F8F726FA97E7F8F796FA94E79DF80730E4
:10CA00008B4907338DF80730F8F758F98BE7F8F7BB
:10CA1000E0FA88E79DF80730854910338DF8073034
:10CA2000F8F700F97FE79DF80730814808338DF863
:10CA30000730F8F7BAF876E7F8F73BFB73E79DF8AD
:10CA400007307B4902338DF80730F8F7BCFB6AE703
:10CA50009DF80730764902338DF80730F8F7C4FBAC
:10CA600061E79DF8073008338DF80730FF23E37145
:10CA7000E372002057E7F7F7EDFF54E7F8F70DF8FA
:10CA800051E7F8F774F84EE79DF80730684801332E
:10CA90008DF80730F8F779F845E7F8F758F842E7E6
:10CAA000F8F74CF83FE79DF80730614904338DF8FB
:10CAB0000730F8F739F936E7E9F728FC33E7F8F7F4
:10CAC00072F930E79DF80730594802338DF8073086
:10CAD000F8F78CF827E7F8F710F924E7EAF7AAF84F
:10CAE00021E79DF807305248073B8DF80730F8F7EB
:10CAF00088FA18E7F8F7F3FC15E7F8F700FD12E7F6
:10CB0000F8F75DFC0FE7F8F772FC0CE7F8F787FC25
:10CB100009E7F8F7A5FC06E79DF80730444802331B
:10CB20008DF80730F8F7FBFCFDE638464FF61B5250
:10CB300030F8033B93422CD84FF60252934213D85D
:10CB400003F2FF3292B20A2A3FF664ADA3F57C43AA
:10CB5000013B0A2B00F2A480DFE803F02331A2A2FC
:10CB6000A258A2A2464F5B00A3F57D43033B182BBE
:10CB700000F29680DFE803F05694599494945E9402
:10CB80009461679494949464946A94739494949440
:10CB900076004FF6235293427FF43CADF8F787FCC2
:10CBA00007E09DF8073022480C338DF80730F6F780
:10CBB000B2FF25F008034FF602529342CAE69DF8F1
:10CBC000073040338DF80730194B00201880E37987
:10CBD00023F0230343F02303E371237A23F00703B5
:10CBE00043F007032372E4E79DF80730104817333A
:10CBF0008DF80730F6F7A9FFDBE79DF807300C4802
:10CC000020338DF80730F6F7C4FFD2E7F6F79BFF25
:10CC1000CFE79DF80730064801338DF80730F6F767
:10CC2000D5FFC6E7F8F796FBC3E7EAF7A5F9C0E733
:10CC300056330020F6F7E0FFBBE7F8F774FBB8E7E0
:10CC4000EAF7A2F9B5E7F6F7DBFFB2E79DF80730A0
:10CC5000274904338DF80730F6F7D8FFA9E7EAF73C
:10CC60009BF9A6E7EAF7A4F9A3E701205BE6012018
:10CC70005EE6A5F50153243B9BB2F5221FE0A5F526
:10CC800000530D3B9BB241F2412218E042F23203C5
:10CC90009D4219D0A5F50153033B012B14D92FE573
:10CCA000012042F288039D4283D842F26C039D42E8
:10CCB0003FF426ADA5F501532D3B0E4A9BB222FA57
:10CCC00003F3DB077FF51CAD86F001068DF80660E7
:10CCD000AAE49DF80730A3700E2201236270E3706E
:10CCE000A580A071AFE42370B7E44FF0FF30B5E446
:10CCF000563300200104020938B5094C23780D464B
:10CD00001BB9BDE83840F7F7F3B8A278611C0232CE
:10CD100006F05DFF0020042320702B7038BD00BF9B
:10CD20004F3300201FB5002301930A220293CDF850
:10CD30000B300091014601A806F078FF084A094926
:10CD4000094840F24D1306F034F90848009A01A949
:10CD500006F02FF9024840F24D1106F021F900BF0C
:10CD6000B9580200AA5A02002A470200E6580200F7
:10CD700037B53223ADF80430124A002301251921BA
:10CD800068468DF80630ADF800508DF80230F6F7A1
:10CD900027FA044698B906F034FA80B2F4F76AFA32
:10CDA0002A4621460820FDF71BF82A4621460B207B
:10CDB000FDF716F82A4621462846FDF711F82046C9
:10CDC00003B030BD25CD010008B54FF0FF304FF066
:10CDD000FF31FEF7E9FF48B107490848084AE62352
:10CDE00006F0E7F80648E62106F0DAF8FBF7B2FDB0
:10CDF000BDE80840FEF7E0BFFD5802002A470200E8
:10CE0000B958020008B50A490A4806F003FE00288E
:10CE10000CDA0949094A0A482F2306F0CAF80948DA
:10CE200006F0C7F805482F2106F0BAF808BD00BF84
:10CE3000742E002030240020AA5A020062580200FA
:10CE40002A4702008B58020013B500240C490D48F4
:10CE500000946FF009034FF4806202F013F80A495E
:10CE6000084802F07FF80949094801F07BFF224693
:10CE700004211920FCF7B4FF204602B010BD00BF0A
:10CE800080340020302400200A590200C9CD01005E
:10CE9000742E002010B9024B1B681847704700BF62
:10CEA000842E002010B538B101280BD1BDE8104008
:10CEB0000B490020F4F706B90A4BBDE810401B6887
:10CEC000012018470849094A09484C2306F071F81F
:10CED000084806F06EF805484C2106F061F800BFDE
:10CEE00095CE0100842E0020AA5A02001459020097
:10CEF0002A4702005159020008B598B1012804D10F
:10CF0000BDE808400020F4F7F9B80749074A084887
:10CF10005F2306F04EF8074806F04BF803485F2100
:10CF200006F03EF808BD00BFAA5A020014590200DC
:10CF30002A47020051590200014B18600020704737
:10CF4000842E0020024AD2F80034002BFBD0704718
:10CF500000E0014010B54FF08053D3F83021082A8B
:10CF60004ED14FF080420021C2F80C11C2F81011CE
:10CF7000C2F8381502F54042D3F80414C2F820155F
:10CF8000D3F80814C2F82415D3F80C14C2F82815E5
:10CF9000D3F81014C2F82C15D3F81414C2F83015B5
:10CFA000D3F81814C2F83415D3F81C14C2F840157D
:10CFB000D3F82014C2F84415D3F82414C2F8481545
:10CFC000D3F82814C2F84C15D3F82C14C2F8501515
:10CFD000D3F83014C2F85415D3F83414C2F86015DD
:10CFE000D3F83814C2F86415D3F83C14C2F86815A5
:10CFF000D3F84014C2F86C15D3F84434C2F8703535
:10D0000006F0F0FA18B1374B374AC3F88C2606F011
:10D01000E9FA18B1354BFB22C3F8182506F0E2FAFD
:10D0200058B14FF080424FF08051D2F8E43ED1F831
:10D03000581261F30303C2F8E43E06F0D3FA20B1BC
:10D040002B4B4FF40072C3F840264FF08053D3F8B7
:10D050003031082B17D14FF08043D3F80024D2078A
:10D0600044BF6FF00102C3F800244FF08053D3F89F
:10D070003431042B81BF4FF01023D3F808224FF036
:10D080008043C3F858254FF01023D3F80022002A1C
:10D0900003DBD3F80432002B22DA164901234FF0C8
:10D0A0001020C1F804351224FFF74CFFC0F80042ED
:10D0B000FFF748FFC0F80442FFF744FF0023C1F820
:10D0C0000435FFF73FFFBFF34F8F0B490B4BCA6887
:10D0D00002F4E0621343CB60BFF34F8F00BFFDE764
:10D0E00010BD00BF005000404881030000F0004028
:10D0F0000090024000E0014000ED00E00400FA056D
:10D10000014B1860704700BF882E002010B50A4BF5
:10D110001868144648B9094909480A4A3B2305F0EA
:10D1200048FF08483B2105F03BFF06F06DFA002858
:10D13000A4BF2070002010BD882E00209D59020041
:10D140002A47020061590200024A01238340C2F8C3
:10D150000435704700F00140034A430900F01F0006
:10D16000D35C1844C0B270470966020010B504468B
:10D170000846FFF7F1FF04EB4000838ADA051CD56F
:10D18000C3F3432123F4F853838204F1120204F120
:10D19000720032F8023F13F4807F03D0C3F34323BD
:10D1A00099420AD09042F4D104EBC10300225A60A4
:10D1B00004F1780006F046FA00B910BD05490648AA
:10D1C000064A4FF4DB7305F0F4FE04484FF4DB71BC
:10D1D00005F0E6FE825502002A470200B35902001C
:10D1E00008B502680146104606F05DFA58B91149C3
:10D1F000114A12484FF4826305F0DBFE4FF482615E
:10D200000D4805F0CDFE02F01F0352090B600BD054
:10D21000012A0CD00A49084A084840F2194305F08F
:10D22000C8FE40F21941EBE74FF0A04008BD0548A9
:10D23000FCE700BF33550200005502002A470200F8
:10D24000AA5A020000030050072808B50BD9084964
:10D250000848094A40F2A73305F0ABFE064840F201
:10D26000A73105F09DFE800000F5807008BD00BF6D
:10D27000265A02002A470200F1590200024611F024
:10D28000010030B515D18B07C1F3400022D51249FA
:10D29000D1F8200550604FF08052C1F82005D2F837
:10D2A0003021082A08BFD1F82025003818BF0120F6
:10D2B00010E04FF0A0444FF08055D4F820351360B3
:10D2C000C4F82035D5F83051082D08BFD4F82045D2
:10D2D000002BD8D030BD00BF00030050F7B5044686
:10D2E0000846FFF739FF04EB40060D46B38ADB071B
:10D2F0002AD5204606F0CAFA2946204606F0E5F966
:10D3000050B1204606F010FA276807EB8000002392
:10D31000C0F81035C0F81035204629460024FFF724
:10D3200025FFB48201A80195FFF75AFF019B00EB8E
:10D330008300074BD0F80027134043F00203C0F8E6
:10D340000037204603B0F0BD6FF01500FAE700BFCC
:10D35000F0F8FCFF2DE9F0430E4685B01746044671
:10D3600058B95A495A485B4A40F25E4305F021FEDB
:10D37000584840F25E4105F013FE0846FFF7ECFE08
:10D38000D7F800800546B8F1000F19D0204606F006
:10D39000C0F918BBCDE900008DF80E008DF80F0024
:10D3A00043460DF10F020DF10E01304606F0E5F98E
:10D3B00004EB4502938A23F0020343F001039382B6
:10D3C0007B689BB33146204693F80080D3F80490E5
:10D3D00006F094F928B1B9F1000F1FD06FF01500D5
:10D3E00027E004EB4500838A23F4604323F0200305
:10D3F0008382B9F1000F11D0B8F1030FEED87B682A
:10D4000021685B6893F800C04FEA8C031944B8F1B7
:10D41000000F11D1C1F81085C1F8108504EB450249
:10D42000938A23F01C0343EA88039382BB6843BBBF
:10D43000002005B0BDE8F083D1F8102522F00302EA
:10D44000C1F8102522681344D3F8102522F44F3276
:10D4500022F44072C3F810253202D3F8101502F4FA
:10D460007C5242EA08420A43C3F8102504EB4C03FD
:10D47000A3F87C60838A43EA4C3343F02003838221
:10D48000CCE7D3E9007831462046FFF76FFE002F46
:10D49000CED063689F4206D004F1780006F0B4F85D
:10D4A000002804DAC5E7A3689845F5D1002004EB0D
:10D4B000C003C3E9017804EB4505C0B2AB8A43EA77
:10D4C000402343F48073AB82B2E700BF305A0200BE
:10D4D0002A470200B35902002DE9FF410C461646C7
:10D4E0001F46054658B93C493C483D4A4FF48D63B8
:10D4F00005F05FFD3A484FF48D6105F051FD084697
:10D50000FFF72AFE804616B3284606F0F7F818B94A
:10D51000284606F0DAF808BB2146284606F0E0F86F
:10D5200010B17378012B19D001238DF80F3000232F
:10D53000CDE90063721CB31C0DF10F01204606F00B
:10D540001CF905EB4802938A43F003039382002FF2
:10D550003FD02146284606F0D1F820B96FF01500DB
:10D5600004B0BDE8F0813E782B6803EB860300220F
:10D5700005EB4800C3F81025C3F81025838A23F46F
:10D58000604323F02003838279784FEA860C01B34D
:10D590002A68BF7862440904D2F8103523F499133D
:10D5A00023F4F853C2F81035230201F4403103F498
:10D5B0007C530B433905D2F8105501F480110B430D
:10D5C0002B43C2F81035838A43EA463343F02003E5
:10D5D00083820020C4E700BF305A02002A470200BD
:10D5E000B359020008B558B907490848084A40F23B
:10D5F000714305F0DEFC064840F2714105F0D0FCB5
:10D60000C0E9031208BD00BF305A02002A470200D9
:10D61000B359020070B51546044658B91349144A67
:10D62000144840F27A4305F0C4FC40F27A411048B5
:10D6300005F0B6FC4AB910490D4A0E4840F22333B2
:10D6400005F0B7FC40F22331F1E706F03EF848B1AF
:10D650000846FFF781FD04EB40040020A38A5B0B22
:10D660002B7070BD6FF01500FBE700BF305A020051
:10D67000B35902002A4702003B5A020070B5044623
:10D6800058B916491648174A4FF4916305F091FCB2
:10D6900014484FF4916105F083FC90F88C50D5B993
:10D6A00060222946143006F0B9FA2668E8B201353E
:10D6B000FFF7CAFD082DF9D10025C6F87C5146F3C5
:10D6C0000730D6F87C31FCF75BFB012384F88C3003
:10D6D000A367284670BD6FF07700FBE7305A020061
:10D6E0002A470200B359020008B558B90849094849
:10D6F000094A40F28F4305F05CFC074840F28F4135
:10D7000005F04EFC90F88C00003818BF012008BDD1
:10D71000305A02002A470200B359020008B558B92E
:10D7200007490848084A40F29D4305F042FC064874
:10D7300040F29D4105F034FCBDE80840FFF7CEBD46
:10D74000305A02002A470200B359020008B558B9FE
:10D7500008490948094A40F2A44305F02AFC074851
:10D7600040F2A44105F01CFCBDE80840044805F067
:10D7700069BF00BF305A02002A470200B3590200B5
:10D780009401002010B50C4658B90A490A480B4AC2
:10D7900040F2AB4305F00DFC084840F2AB4105F008
:10D7A000FFFB074805F030FF0028A4BF20700020D1
:10D7B00010BD00BF305A02002A470200B3590200D0
:10D7C000940100202DE9F3410D461646044658B950
:10D7D0003849394A39484FF4A56305F0EAFB4FF45C
:10D7E000A561354805F0DCFB05F07AFF48B93449FE
:10D7F000314A324840F2354305F0DBFB40F2354117
:10D80000EFE7204605F061FF2768F8B1204605F0F4
:10D8100075FF8046D0B9204605F086FF0546FFF724
:10D8200013FD47F800803B58236803EB8503D3F8CA
:10D83000102542F00102C3F8102526B12268012309
:10D84000AB40C2F8043302B0BDE8F081D7F804332E
:10D85000002BA4BF4FF00043C7F804334EB9194959
:10D86000154A164840F24F4305F0A3FB40F24F41E2
:10D87000B7E72846FFF770FC04EB4004A38AC3F324
:10D880008203042B12D0052B12D001A80195FFF7BB
:10D89000A7FC019BD0F81015D94001F0010102311D
:10D8A000284602B0BDE8F04105F0B4BF0321F7E718
:10D8B0000221F5E7305A0200B35902002A4702005C
:10D8C000455A0200665A020008B558B90749084887
:10D8D000084A40F22F5305F06CFB064840F22F51E6
:10D8E00005F05EFBBDE8084005F0D0BF305A0200ED
:10D8F0002A470200B35902002DE9F04F07468BB0CA
:10D9000058B975497548764A40F25C6305F051FB99
:10D91000734840F25C6105F043FB8046082258F8EA
:10D9200004ABDAF80413C9B241F00041504605F0E7
:10D9300080FF051E2FDA0023032108A8CDE9083354
:10D94000FFF79CFC674B02930DF120094FF0000B91
:10D95000029A654912F8013B0292DA0803F00703C4
:10D960008A5C22FA03F3DB071CD40BF10103022BC0
:10D9700009F104094FF0010BEAD14FF000410022F8
:10D98000504605F056FF032108A8FFF777FC002852
:10D99000D8D125F000450124002D40F086800BB041
:10D9A000BDE8F08F514B5B440393D9F80010002978
:10D9B000DBD0039B91FAA1F11C78B1FA81F141EA25
:10D9C00044142046FFF7C8FB07EB40000794828A07
:10D9D000C808C2F3820319F800600193CDE904235B
:10D9E00001F00701012303FA01F126EA010109F818
:10D9F000001007A8FFF7F4FB0799049A059B01F5AF
:10DA0000E07112F0100F50F82160C6F3014633D0D8
:10DA1000019A2146404605F091FE07A80794FFF7BA
:10DA2000DFFB079B03F5E073F6B250F82330C3F336
:10DA300001439E4207D10021204605F0EBFE31460E
:10DA4000204605F0E7FE07A80794FFF7C9FB079BF0
:10DA5000012202FA03F3C0F820354FF08053D3F8C7
:10DA60003031082B01BFD0F82035D0F82035D0F860
:10DA70002035D0F8203598E7022E14BF022103216B
:10DA80002046049305F0C6FE049B032B03D0022E10
:10DA900007D1012BD7D1019A2146404605F04EFE11
:10DAA000D1E7032ECFD1022BF4E795FAA5F3B3FA11
:10DAB00083F304FA03F225EA020503F5A27207EBE9
:10DAC00043035AF82220B3F87C10C2F301424046C7
:10DAD00005F034FE60E700BF305A02002A4702001A
:10DAE000B3590200196602000445020019660200DB
:10DAF00038B5436905463BB90024EA68537843F0DA
:10DB000001035370604238BD984704460028F3D0A3
:10DB100000F1FF03FE2B0ED9094A0A490A482123C6
:10DB200005F047FA29680948224605F042FA0448F8
:10DB3000212105F035FAEB6844421C70DDE700BF97
:10DB4000715A0200945A02002A470200AC5A02009D
:10DB500070B50446EFF31186402383F31288BFF3B8
:10DB60006F8F0E4B9D6805F0CAFE042C0CD10C493A
:10DB70000C4A0D48872305F01CFA0C4805F019FAE9
:10DB80000848872105F00CFA86F31188BFF36F8FE0
:10DB90002846BDE87040FCF7E5B900BF8C2E002098
:10DBA000F35A0200D15A02002A470200105B020019
:10DBB00038B50A4B53F82040013053F82050A542A5
:10DBC00000D838BD606830B1037EDB0701D4FFF7B1
:10DBD0008FFF0834F3E723689847FAE70845020007
:10DBE00070B5374B374C384D86B0012203201A7080
:10DBF000FFF7DEFF05F0EAFF0420FFF7D9FFAC4294
:10DC0000264628D93149324A3248442305F0D1F911
:10DC1000314805F0CEF944212D4805F0C1F954F8FA
:10DC20000C3C059354F8103C049354F8143C0393B3
:10DC300054F8183C029354F81C3C019354F8203CCF
:10DC4000009354E90A2354E90C0101F09BF954F8BC
:10DC5000303C5E65D3E7AE4204F13004DFD301F01F
:10DC600049FE184CAC421FD91849194A1948682373
:10DC700005F09FF9184805F09CF96821CCE7D4E934
:10DC80000A23B3F1FF3F08BFB2F1FF3F05D052EACC
:10DC90000301206803D102F0ABF83034E2E70F490A
:10DCA000183002F02DFCF8E7E9D301F095FEFAF701
:10DCB000F5FF0B4A938923F00103938106B070BDF1
:10DCC000523400200440020004400200665B02005F
:10DCD000455B02002A470200935B02007DF50100CC
:10DCE000B025002070B5174E174D184986B0B023E7
:10DCF00003FB0066164B059301220F23CDE9033287
:10DD00000023CDE90133142303FB005504464FF4EF
:10DD1000C07000FB04110F4B00954FF4A072304609
:10DD200001F030F9337C0C4AEE6023F004033374C5
:10DD30004FF4046304FB033313442C746B6006B08C
:10DD400070BD00BF002500208C2E00200041002067
:10DD5000B25B020049E20100C03800207FB500201C
:10DD6000FFF726FF334B83F30888334C636943F492
:10DD700000736361E02384F822302023E3770023DB
:10DD800023766376A37684F82030626A42F4E02238
:10DD9000626284F82330FBF757FFFCF7CDF84FF0B1
:10DDA000FF33A362E362FCF723FAFCF747F9234849
:10DDB00001F0FCF9224B234A93420ED92249234A0F
:10DDC0002348CC2305F0F5F8224805F0F2F81F4867
:10DDD000CC2105F0E5F81C33EEE7FCD30120FFF77A
:10DDE000E7FE0220FFF7E4FE01F0B0FE1A4B1B4CE9
:10DDF0005C611B4B0593002501231A4900954FF4E4
:10DE00000062CDE90353CDE90155174B204601F0DF
:10DE1000B9F8237C064623F004032046237401F05E
:10DE200067FB2846FFF75EFF0F4A31462046FCF7A6
:10DE300063F800BF0041002000ED00E060260020F4
:10DE4000C03D0200843E0200B75B0200455B020059
:10DE50002A470200935B02008C2E0020B025002090
:10DE6000CF5B020080420020E1DB010038B50D4CA1
:10DE70000D4DAC4213D90D490D4A0E48252305F02E
:10DE800098F80D4805F095F80948252105F088F81F
:10DE9000D4E90112204605F035FD1834E9E7F7D33F
:10DEA000002038BD44020020440200203E5C0200F5
:10DEB000D45B02002A470200935B0200F8B50546D6
:10DEC0000E4600F11404EFF31187402383F3128808
:10DED000BFF36F8F204602F065FA68B91B4A1C49F0
:10DEE0001C48842305F065F821461B4805F061F8BD
:10DEF0008421164805F054F8204602F077FA2846A7
:10DF0000314604F0A2FF05F10C0001F0D7FD28B165
:10DF100039462046BDE8F84005F0D4BD204602F061
:10DF20004FFA68B9094A0D490A484FF4997305F048
:10DF300040F821460A4805F03CF84FF49971D8E7BB
:10DF400087F31188BFF36F8FF8BD00BF254902002A
:10DF50007E4902002A47020093490200524902000A
:10DF60006949020038B50E4C0E4DAC4212D90E492B
:10DF70000E4A0F48A22305F01CF80E4805F019F8C8
:10DF80000A48A22105F00CF8204605F0C5FC20B98E
:10DF90002034EAE7F8D3002038BD6FF01500FBE726
:10DFA00044020020440200207C5C0200575C020016
:10DFB0002A470200935B02002DE9F74305460F460E
:10DFC00091461C4600F10806EFF31188402383F3C5
:10DFD0001288BFF36F8F304602F0E4F960B9324A1D
:10DFE00032493348842304F0E4FF3146314804F0D9
:10DFF000E0FF84212C4826E0304602F0F7F92B6937
:10E000001BB33B601C68EB692C610133EB6114B9F5
:10E010006A6993421FD0EB68E41A09D4D5E9052355
:10E020005A43A24204D9B4FBF3F203FB124494B165
:10E030002149224A1E48F72304F0BBFF204804F080
:10E04000B8FF1E48F72104F0ABFF59EA040214D1CF
:10E050003B606FF00B04304602F0B2F9F0B9124A9F
:10E06000184913484FF4997304F0A3FF314616483A
:10E0700004F09FFF4FF49971BCE7CDE900942A4664
:10E080004146304601F0C2FA044618B90F4B9B686E
:10E090005B693B60204603B0BDE8F08388F31188DC
:10E0A000BFF36F8FF6E700BF254902007E490200EB
:10E0B0002A47020093490200995C0200575C020063
:10E0C000155D020052490200694902008C2E0020B1
:10E0D0002DE9F843C368CB1A05460E4623D4D0E990
:10E0E0000512514399421ED9B3FBF2F102FB1133E1
:10E0F000CBB900F10807EFF31189402484F31288AB
:10E10000BFF36F8F384602F04DF9D8B9414A424902
:10E110004248842304F04DFF3946414804F049FF4A
:10E1200084213C480CE03F493F4A3C4840F21F13E1
:10E1300004F03FFF3D4804F03CFF3B4840F21F1114
:10E1400004F02EFF384602F051F9D5F81080B8F1EE
:10E15000000F40D1EFF3118384F31288BFF36F8F68
:10E1600083F31188BFF36F8F5BB93149314A2B4874
:10E17000BB2304F01EFF304804F01BFFBB212D48D9
:10E18000DEE72C68A54226D02CB3A3683BB92B4907
:10E19000284A2248A42304F00CFFA421EFE7D4E985
:10E1A000003213605A60237CC4F8088023F0020315
:10E1B0002374C4E9008804F1180002F07DFA2046B7
:10E1C000C4F8AC80666101F093F949463846BDE871
:10E1D000F84305F077BC2B693360EB692E61013B96
:10E1E000EB61384602F0ECF868B90A4A14490B486A
:10E1F0004FF4997304F0DDFE3946124804F0D9FE5D
:10E200004FF499718DE789F31188BFF36F8FBDE8E3
:10E21000F88300BF254902007E4902002A47020018
:10E2200093490200AA5A0200575C0200305D0200C6
:10E230007D5D0200525D02003B5C0200955D0200C4
:10E24000524902006949020008B50D4B9B6893F9D9
:10E250000E30002B09DB4024EFF3118384F3128886
:10E26000BFF36F8F04F037FFF6E706490648074A09
:10E270001C2304F09EFE05481C2104F091FE00BF03
:10E280008C2E0020CD5D02002A470200AC5D02000A
:10E290002DE9F341044617461E46EFF3058565B1A7
:10E2A0005449554A5548732304F083FE544804F0FA
:10E2B00080FE5148732104F073FEEFF31188402370
:10E2C00083F31288BFF36F8F4E4802F06BF860B98A
:10E2D0004D4A4E494948842304F06BFE49494C4855
:10E2E00004F067FE84214848E5E7464802F07EF8DE
:10E2F000484BE2689B6892B1A068984227D057EAE1
:10E3000006022CD13F4802F05BF890B188F31188E7
:10E31000BFF36F8F6FF00F0002B0BDE8F08193F98B
:10E320000E10384821610132C4E9023202F048F887
:10E3300078B9354A384931484FF4997304F039FEB9
:10E340003049364804F035FE4FF49971CBE7216926
:10E35000E7E788F31188BFF36F8F0020DCE793F9BC
:10E360000E1090F90E30994205DA9942A8BF19466D
:10E3700005F002FB0546CDE90076224822464146DB
:10E3800001F044F90028E8D0EFF31186402383F32D
:10E390001288BFF36F8F1B4802F004F8002897D053
:10E3A000184802F023F8A068C0B1236821699C4294
:10E3B0000AD04BB193F90E309942A8BF19466FF0BD
:10E3C0007F039942B8BF194605F0D6FA30B10D481F
:10E3D000314605F077FB6FF00A009DE7002DF6D17E
:10E3E000084801F0EDFF0028A3D086F31188BFF3A1
:10E3F0006F8FF0E7175E0200F55D02002A4702000A
:10E40000295E0200B02E0020254902007E4902004C
:10E41000934902008C2E00205249020069490200F3
:10E42000F8B50546EFF3058363B15649564A574898
:10E43000EA2304F0BEFD564804F0BBFDEA21524831
:10E4400004F0AEFD8368002B00F09580514A92687D
:10E45000934240F09380C3684BB94F494A4A4B48B6
:10E460004FF4817304F0A5FD4FF48171E7E7012BB0
:10E4700003D0013BC3600020F8BDEFF311874024B7
:10E4800084F31288BFF36F8F444801F08BFF60B9AB
:10E49000434A44493D48842304F08BFD3F494248A8
:10E4A00004F087FD84213E48CAE73C4801F09EFF06
:10E4B0002969A86805F060FAEFF3118384F31288E4
:10E4C000BFF36F8F83F31188BFF36F8F5BB9374949
:10E4D000374A2E48BB2304F06CFD364804F069FD32
:10E4E000BB213348ACE72C68A54215D10023C5E910
:10E4F00002332A4801F064FF002837D1284A2E4908
:10E5000022484FF4997304F054FD24492B4804F039
:10E5100050FD4FF49971C6E7002CE7D0A3683BB9D2
:10E520002749234A1948A42304F043FDA421D8E72E
:10E53000D4E9003213605A60237C002623F00203E2
:10E540002374C4E90066A66004F1180002F0B4F870
:10E55000AC6094F90E302B612046C4F8AC6000F03A
:10E56000C7FF0E48394605F0ADFA84E787F31188F6
:10E57000BFF36F8F7FE76FF015007DE74FF0FF303F
:10E580007AE700BF175E0200F55D02002A4702002D
:10E59000295E02008C2E00204E5E0200B02E00206C
:10E5A000254902007E490200934902007D5D020078
:10E5B000525D02003B5C02005249020069490200C0
:10E5C000955D020008B583684BB90B490B480C4AAE
:10E5D000A42304F0EEFC0A48A42104F0E1FCD0E9F5
:10E5E000003213605A60027C0023C0E9003322F03D
:10E5F00002020274836008BD955D02002A47020092
:10E60000525D02002DE9F04704469DF820600D465A
:10E6100091469A4600F10807EFF31188402383F3EF
:10E620001288BFF36F8F384601F0BCFE60B94B4AC9
:10E630004B494C48842304F0BCFC39464A4804F05A
:10E64000B8FC842145481BE0384601F0CFFE06B1F6
:10E650006568EFF31183402282F31288BFF36F8F56
:10E6600083F31188BFF36F8F63B94049404A3D4837
:10E67000BB2304F09EFC3F4804F09BFC3C48BB21BC
:10E6800004F08EFC234653F80C6F9E4216D0AEB1B8
:10E690003046FFF797FF002406F1180002F00CF84F
:10E6A0003046C6F8AC40C6F8149000F021FF414651
:10E6B000384605F007FA2046BDE8F087BAF1000FAA
:10E6C00014D0082002F000FA00283FD00122C0F840
:10E6D00004900260016801F003015DB922680A43F9
:10E6E0000260626820606AB960600BE0C9F800A04F
:10E6F0004846EFE72A68032A1DD801606168A1B97E
:10E70000C4E900000024384601F05AFE08BB134A51
:10E71000194914484FF4997304F04BFC39461748D3
:10E7200004F047FC4FF499718CE70A6802F0030289
:10E7300002430A60D8E722F003020A4302602A6813
:10E7400002F0030240EA02032B60DBE76FF00B04E8
:10E75000D9E788F31188BFF36F8FACE72549020032
:10E760007E4902002A470200934902007D5D0200B3
:10E77000525D02003B5C02005249020069490200FE
:10E780002DE9F743064690461F4600F10805EFF3D2
:10E790001189402383F31288BFF36F8F284601F05D
:10E7A00001FE68B9244A25492548842304F001FC68
:10E7B0002946244804F0FDFB84211F4804F0F0FBA7
:10E7C000284601F013FE3468F4B12368726823F020
:10E7D000030394422046336008BF7360012105F0B3
:10E7E000DAF80446284601F0EBFDE8B9124A16496A
:10E7F00013484FF4997304F0DCFB2946134804F0E6
:10E80000D8FB4FF49971D8E758EA0703EAD0CDE96D
:10E81000008706F10C024946284600F0F7FE38B999
:10E820000B4B9B685C6903E089F31188BFF36F8F22
:10E83000204603B0BDE8F083254902007E4902006E
:10E840002A47020093490200524902006949020026
:10E850008C2E002008B583684BB90B490B480C4A35
:10E86000A42304F0A6FB0A48A42104F099FBD0E9F4
:10E87000003213605A60027C0023C0E9003322F0AA
:10E8800002020274836008BD955D02002A470200FF
:10E89000525D020070B50446EFF31186402585F302
:10E8A0001288BFF36F8F304801F07CFD60B92F4AAA
:10E8B0002F493048842304F07CFB2B492E4804F078
:10E8C00078FB8421294818E0274801F08FFDEFF3F9
:10E8D000118385F31288BFF36F8F83F31188BFF321
:10E8E0006F8F63B92549264A2248BB2304F061FB98
:10E8F000244804F05EFB2248BB2104F051FB25684C
:10E90000AC4213D095B12846FFF7A4FF05F11800DB
:10E9100001F0D2FE00232846C5F8AC3000F0E8FD37
:10E9200031461148BDE8704005F0CCB8D4E9023258
:10E930009A4218BF01330C48A36001F041FD68B949
:10E940000A4A11490B484FF4997304F032FB064907
:10E950000E4804F02EFB4FF49971B3E786F311884B
:10E96000BFF36F8F70BD00BFB42E00202549020099
:10E970007E4902002A470200934902007D5D0200A1
:10E98000525D02003B5C02005249020069490200EC
:10E99000F7B5044616461D46EFF305837BB152EAF0
:10E9A00005030CD02D492E4A2E48882304F001FB84
:10E9B0002D4804F0FEFA2A48882104F0F1FAEFF31A
:10E9C0001187402383F31288BFF36F8F274801F02C
:10E9D000E9FC60B9264A27492248842304F0E9FA71
:10E9E0002249254804F0E5FA84212148E5E71F483B
:10E9F00001F0FCFCA368D3B1013B1C48A36001F00B
:10EA0000DFFC68B91A4A1D4916484FF4997304F09F
:10EA1000D0FA16491A4804F0CCFA4FF49971E4E799
:10EA200087F31188BFF36F8F002003B0F0BD56EA63
:10EA300005030BD10D4801F0C3FC0028E2D087F399
:10EA40001188BFF36F8F6FF00F00EEE7CDE900651F
:10EA500022463946054800F0D9FDE6E7855E02000A
:10EA6000655E02002A4702003B5C0200B42E0020D3
:10EA7000254902007E4902009349020052490200E2
:10EA8000694902002DE9FF41794E0446EFF31187F1
:10EA9000402383F31288BFF36F8F764801F082FC26
:10EAA00068B9754A75497648842304F082FA714939
:10EAB000744804F07EFA84216F4804F071FA6D48BE
:10EAC00001F094FCD4F8B450F5B9022104F1CC0063
:10EAD00004F08EFF002840D004F1C405002201217B
:10EAE000284601F01BFB0028F8D1002302934FF0C9
:10EAF000FF324FF0FF33CDE90023394604F1BC0269
:10EB00005C4801F069FBC1E7D4F8B8202B68C4F871
:10EB1000B430954208BFC4F8B830D4F8CC3055486A
:10EB200043F00203C4F8CC30EB68D5F8048023F03E
:10EB3000040343F00103EB6001F042FCF8B94E4AD4
:10EB400051494F484FF4997304F033FA49494F48FB
:10EB500004F02FFA4FF49971AEE7D4F8CC30DD060B
:10EB6000C3D5C4F8CC00434801F02AFC0028E6D005
:10EB700087F31188BFF36F8F04B0BDE8F08187F38E
:10EB80001188BFF36F8FB8F1000F0AD140493C489C
:10EB9000404A40F2F32304F00CFA3E4840F2F321DD
:10EBA0008BE72846C047EFF31187402383F3128891
:10EBB000BFF36F8F2F4801F0F5FB00283FF471AFD2
:10EBC0002C4801F013FCEB68D90623F0010236D47F
:10EBD000EA60EB689A0716D5306823F00203EB6011
:10EBE00088B10368002270B141688D4235D1036855
:10EBF0006ABB72683360904200D17360002340F8B2
:10EC0000083BFFF747FED4F8CC3023F00203C4F8EA
:10EC1000CC30DB0529D4D4F8B450003D18BF012511
:10EC2000144801F0CDFB002889D087F31188BFF389
:10EC30006F8F002D3FF42AAF00F090FF26E723F0FE
:10EC40001103EB6005F11000FFF724FEC1E713602C
:10EC50007368984208BF7260D0E702461BB119681A
:10EC600018460B46BFE71946FAE70025D8E700BF6C
:10EC7000B82E0020C02E0020254902007E49020047
:10EC80002A470200934902005249020069490200E2
:10EC9000285F0200D25E0200F8B5C3689A070446F6
:10ECA0000E46C3F340054FD45F074FD40B680BB932
:10ECB00083680B60E368D80736D5A3685BB925493C
:10ECC0002548264A40F2571304F073F9234840F2CE
:10ECD000571104F065F933600225376867B3204B9C
:10ECE0009A68D7F8B0309A4220D104F0A3FE80F0A1
:10ECF0000100C0B2D7F8CC30D907C3F380021ED5CB
:10ED000002B308B300232360D7F8B83083B9C7E94A
:10ED10002D44384604F077FEE36843F00403E360D3
:10ED20003368A3602846F8BD0125D6E70020E1E757
:10ED30001C60C7F8B840ECE76FF0150506E06FF00F
:10ED4000120503E01B07DDD56FF00F0500233360CC
:10ED5000E8E700BFF35E02002A470200D25E02002D
:10ED60008C2E002038B50D46044648B90C490D4A92
:10ED70000D489C2304F01DF99C210A4804F010F969
:10ED800039B90A49074A08489D2304F012F99D2120
:10ED9000F3E71022002104F041FF656038BD00BF99
:10EDA0000E5F0200D25E02002A470200285F0200C6
:10EDB00037B50C46019059B92849294A294840F2EB
:10EDC0007D1304F0F6F840F27D11254804F0E8F8D0
:10EDD0004B684BB92449224A22484FF4BF7304F0D0
:10EDE000E8F84FF4BF71F0E7EFF31185402383F3A8
:10EDF0001288BFF36F8F1D4801F0D4FA60B91C4A26
:10EE00001C491848842304F0D4F818491A4804F01F
:10EE1000D0F884211648D9E7144801F0E7FA2046D3
:10EE200001A9FFF739FF0446104801F0C9FA68B993
:10EE30000F4A12490B484FF4997304F0BAF80B4982
:10EE40000F4804F0B6F84FF49971E3E785F31188A1
:10EE5000BFF36F8F204603B030BD00BF0E5F0200CE
:10EE6000D25E02002A470200225F0200C02E00206C
:10EE7000254902007E4902009349020052490200DE
:10EE800069490200F0B589B004460E9D58B92F4972
:10EE90002F4A304840F2533304F08BF840F253319C
:10EEA0002B4804F07DF849B92B49294A29484FF4E9
:10EEB000557304F07EF84FF45571F1E7D0F8CC00AB
:10EEC00010F0010009D02549214A224840F255336B
:10EED00004F06FF840F25531E2E7C4E92D0004F187
:10EEE000BC00C4E92F0004F1C400C4E9310055B3EB
:10EEF0002879002840F2011008BF0120C4F8CC0096
:10EF000000204FF0FF364FF0FF37CDE90330CDE959
:10EF10000100CDE90667124B0094204600F000F98D
:10EF200055B1296811B1204600F01CF86B791BB16E
:10EF3000A38943F00103A381204600F059FFC4F8E0
:10EF4000B04009B0F0BD0120D8E700BF735F0200F8
:10EF5000D25E02002A470200795F02003F5F020092
:10EF600085EA010010B5044608B9054B9C681F22CC
:10EF700004F1740004F05AFE002084F8930010BDE0
:10EF80008C2E00202DE9F04F85B00446DDF844B00A
:10EF9000DDF838A0139FBBF10F0F0E461D465DD163
:10EFA000534B9D425ED1073222F007027F3204F1BB
:10EFB000580322F03F020020C4E916330421129BBB
:10EFC00084F80EB03F2AC4E90600A060A381217432
:10EFD000E07306F14009A2F1400B05D880F31188D7
:10EFE000BFF36F8F084602DF06EB0208414620465A
:10EFF000FAF7C8FB0730109B20F00700C4E9259BF7
:10F00000C4F89C0002930F9BA8EB000BCDE900A372
:10F0100031462B465A462046FAF73AFF0F9BA36625
:10F020000026109B6665C4E9185AE366EFF3118861
:10F03000402383F31288BFF36F8F2E4801F0B2F99B
:10F0400018BB2D4A2D492E48842303F0B2FF2949CD
:10F050002C4803F0AEFF8421274814E00BF1100385
:10F060001E2BA0D9284A2949254840F24B2303F0FA
:10F07000A0FF274859466FF00F030E2203F099FFB7
:10F08000214840F24B2103F08BFF224D194801F03B
:10F09000ADF92B6A174823672C6201F091F968B922
:10F0A000154A1D4916484FF4997303F082FF114920
:10F0B0001A4803F07EFF4FF49971CDE788F3118869
:10F0C000BFF36F8F8FB11F22394604F1740004F033
:10F0D000ADFD84F89360AB680BB1D3F8A030C4F8F1
:10F0E000A030584605B0BDE8F08F84F87470F2E7A0
:10F0F00049E20100D02E0020254902007E4902008D
:10F100002A470200934902007F5F0200A25F0200CB
:10F11000226002008C2E0020524902006949020040
:10F12000F0B587B0DDE912760446EFF3058575B1D9
:10F1300019491A4A1A4840F2173303F03AFF19489E
:10F1400003F037FF154840F2173103F029FF05950A
:10F15000109D04950F9D03950E9D02950D9D0195A3
:10F160000C9D0095FFF70EFFB6F1FF3F08BFB7F10A
:10F17000FF3F05D056EA070305D1204600F038FED0
:10F18000204607B0F0BD3A46334604F11800064960
:10F1900001F0B6F9F4E700BF175E02007F5F0200DE
:10F1A0002A470200536002007DF501000123037429
:10F1B00083810023C0E92533C0F8A030014B98605B
:10F1C000704700BF8C2E002070B590F91020037C92
:10F1D000002A49DBD90647D163F07F030374264B2D
:10F1E000984209D125492648264A522303F0E1FED8
:10F1F0002448522103F0D4FE234C2246E16952F800
:10F20000183F934207D1C0E900210860E0610FE098
:10F210008B42F8D01B68002BF5D093F90E6090F963
:10F220000E50AE42F4DD5968C0E900310860586004
:10F23000A569954200D005B9E568A3685BB9134993
:10F24000134A0F48EA2303F0B4FE124803F0B1FE5C
:10F250000F48EA21CEE71A7CD20606D1DA897F2A46
:10F2600003D9AA690AB9636170BDAB4202D02846CE
:10F2700001F012F86561F7E7002500209A600200AE
:10F280002A470200786002008C2E0020E76002000E
:10F29000BB6002003B5C020038B590F91020037C93
:10F2A000002A01461BDA224A03F07F0390420374CE
:10F2B00009D12049204A21485A2303F07AFE5A21D5
:10F2C0001D4803F06DFEDC0707D51D491A4A1B488F
:10F2D0005B2303F06EFE5B21F2E704F0B1FB194DF6
:10F2E0002A46AB6852F8184F944200D004B9EC6833
:10F2F0008B4214D05BB91449144A1048EA2303F036
:10F3000058FE134803F055FE1048EA21D9E71A7C4D
:10F31000D20604D1DA897F2A01D9A2692AB1A3428F
:10F3200002D0204600F0B8FF23466B6138BD00BF15
:10F33000002500209A600200786002002A4702003F
:10F340000E6102008C2E0020E7600200BB6002000C
:10F350003B5C020008B5144A936880B1197C11F037
:10F36000090F0CD11149124A1248D92303F021FE8A
:10F37000114803F01EFE0E48D92103F011FE6FF074
:10F380000A01C3F8AC100D49C3F8A8004B6843F05C
:10F3900080534B60002383F31188BFF36F8F936812
:10F3A000D3F8AC0008BD00BF8C2E002051610200D4
:10F3B000276102002A470200BA61020000ED00E066
:10F3C00070B504460D46F9B9EFF30586E6B91A4B58
:10F3D0005A699B689A4217D000F0F2FF78B9174A31
:10F3E0001749184840F26D1303F0E3FD2146164813
:10F3F00003F0DFFD40F26D11104803F0D1FD3046FF
:10F40000BDE87040FFF7A6BF204600F0D9FF68B9FD
:10F410000A4A0B490B484FF4997303F0CAFD214681
:10F42000094803F0C6FD4FF49971E5E785F31188AB
:10F43000BFF36F8F70BD00BF8C2E002025490200E6
:10F44000524902002A4702006949020008B5836850
:10F450004BB9094909480A4AA42303F0AAFD084800
:10F46000A42103F09DFD04F0EBFA037C23F00203DA
:10F4700003740023836008BD955D02002A470200E3
:10F48000525D020038B5184CA168E0690B688142F2
:10F4900014BF1A46002249680B605960A368E169ED
:10F4A0002AB9124AC3E900210B60E3610AE092F92C
:10F4B0000E5093F90E00854212DD5168C3E9002118
:10F4C0000B605360A569094B9D4200D005B9E56802
:10F4D000A3689D4202D0284600F0DEFE656138BD7B
:10F4E0008A42DED01268DBE78C2E0020A42E00209A
:10F4F00038B50446EFF31185402383F31288BFF338
:10F500006F8F174800F04EFF68B9164A1649174822
:10F51000842303F04EFD1249154803F04AFD84216F
:10F52000104803F03DFD0E4800F060FF2046FFF755
:10F530004BFE0B4800F044FF68B90A4A0D490B48DE
:10F540004FF4997303F035FD05490B4803F031FD85
:10F550004FF49971E4E785F31188BFF36F8F38BDDD
:10F56000C42E0020254902007E4902002A470200DD
:10F5700093490200524902006949020038B5A0F1DE
:10F580001804EFF31185402383F31288BFF36F8FC4
:10F59000174800F007FF68B9164A1749174884232F
:10F5A00003F007FD1249164803F003FD84211148BA
:10F5B00003F0F6FC0E4800F019FF204604F06EFA46
:10F5C0000B4800F0FDFE68B90A4A0E490B484FF49B
:10F5D000997303F0EEFC06490B4803F0EAFC4FF484
:10F5E0009971E4E785F31188BFF36F8F38BD00BFD1
:10F5F000C42E0020254902007E4902002A4702004D
:10F600009349020052490200694902002DE9F0477E
:10F61000DFF8D4A0354D364B1746A842DAF808205B
:10F620001A60DDE9089804460E460BD1314932488C
:10F63000324A40F2B92303F0BCFC304840F2B92111
:10F6400003F0AEFCEFF31183402383F31288BFF382
:10F650006F8F284600F0A6FE60B9294A294926483E
:10F66000842303F0A6FC2946274803F0A2FC84214A
:10F670002348E5E7284600F0B9FEDAF80850394695
:10F68000284604F0E5F9B8F1FF3F08BFB9F1FF3FA4
:10F6900006D01E494A46434605F1180000F030FFE7
:10F6A000204600F08DFE68B91949154A124840F20B
:10F6B0006D1303F07EFC2146164803F07AFC40F2FD
:10F6C0006D11D5E7094800F07BFE40B910490C4A9E
:10F6D000094840F26D1303F06CFC0449ECE7304636
:10F6E000BDE8F047FFF736BE8C2E0020C42E002068
:10F6F000C82E0020E26102002A4702007860020062
:10F70000254902007E490200934902007DF501006F
:10F7100052490200694902002DE9F04104460D46B4
:10F72000EFF31187402383F31288BFF36F8F59489B
:10F7300000F038FE60B9584A58495948842303F00C
:10F7400038FC5449574803F034FC8421524818E0EF
:10F75000504800F04BFE237C03F01F02002A0CBF30
:10F760000126002662D103F07F0323744E4B9C4296
:10F7700009D14E494E4A4A485A2303F01AFC5A21ED
:10F780004B4803F00DFC204604F05AF9237C43F06B
:10F7900080036DB2DA07A573237407D54549444A3F
:10F7A0003F48532303F005FC5321E9E7DFF80881C4
:10F7B0004246D8F81C1052F8183F934208D1C4E9C9
:10F7C00000210C60C8F81C400DE08B42F7D01B688C
:10F7D000002BF4D093F90E00A842F6DD5968C4E975
:10F7E00000310C605C60D8F81840944200D00CB92D
:10F7F000D8F80C40D8F808309C4202D0204600F0DF
:10F800004BFDC8F81440234800F0DAFD00283AD137
:10F81000214A2A4922484FF4997303F0CAFB1D4933
:10F82000274803F0C6FB4FF499718FE79B0728D553
:10F83000A16841B923491A48234AA42303F0B9FB1C
:10F840002148A4219DE720466DB204F0F9F8A57384
:10F850000B68994209D14B68C4E900131C604C60E5
:10F86000D1E74A689342F6D01B68002BF3D093F996
:10F870000E20AA42F5DD5A68C4E9003214605C60CB
:10F88000C1E7A573BFE787F31188BFF36F8F3046D9
:10F89000BDE8F081C42E0020254902007E49020007
:10F8A0002A47020093490200002500209A600200C6
:10F8B000786002000E6102008C2E00205249020086
:10F8C00069490200955D0200525D0200034648B995
:10F8D000EFF3058232B9064A51699268914201D02C
:10F8E000FFF738BD83F31188BFF36F8F704700BFF8
:10F8F0008C2E002010B5EFF31184402383F312887F
:10F90000BFF36F8F284800F04DFD60B9274A2849A2
:10F910002848842303F04DFB2349274803F049FB83
:10F920008421224812E0204800F060FDEFF30583B7
:10F9300073B12249224A1F4840F23B3303F039FB9E
:10F94000204803F036FB40F23B311D4803F028FB12
:10F950001D4B9A68D37B012B0CD11C49184A1548C2
:10F960004FF44F7303F025FB164803F022FB4FF4CE
:10F970004F71EAE7013BD3730B4800F021FD68B9F2
:10F980000A4A13490B484FF4997303F012FB0649D6
:10F99000104803F00EFB4FF49971C2E784F311880D
:10F9A000BFF36F8F10BD00BFC42E00202549020099
:10F9B0007E4902002A47020093490200175E0200B6
:10F9C000786002003B5C02008C2E00201B6202006B
:10F9D000524902006949020070B5EFF311864023D5
:10F9E00083F31288BFF36F8F2A4800F0DBFC68B9FD
:10F9F000294A2A492A48842303F0DBFA2549294861
:10FA000003F0D7FA2448842103F0CAFA264D21488E
:10FA100000F0ECFCAB68DA7B6AB92449244A204840
:10FA200040F24D3303F0C5FA224803F0C2FA40F227
:10FA30004D311F48E8E7EFF3058161B11E491C4ACB
:10FA4000174840F24E3303F0B4FA1A4803F0B1FA03
:10FA500040F24E31EDE70132DA732A4652F8184F80
:10FA6000944200D004B9EC681A7CD20604D1DA8939
:10FA70007F2A01D9A2692AB1A34202D0204600F010
:10FA80000BFC23466B6131460248BDE87040FFF72E
:10FA900097BC00BFC42E0020254902007E49020009
:10FAA0002A470200934902008C2E00204C6202007B
:10FAB000786002003B5C0200175E020038B5044625
:10FAC000EFF31185402383F31288BFF36F8F18483B
:10FAD00000F068FC68B9174A17491848842303F0F6
:10FAE00068FA1349164803F064FA8421114803F0B8
:10FAF00057FA0F4800F07AFC204603F0E5FF044671
:10FB00000B4800F05DFC68B90A4A0E490B484FF4F7
:10FB1000997303F04EFA06490B4803F04AFA4FF482
:10FB20009971E3E785F31188BFF36F8F204638BDE5
:10FB3000C42E0020254902007E4902002A47020007
:10FB4000934902005249020069490200024B03F145
:10FB50001802C3E9062270478C2E002070B5EFF31F
:10FB6000058373B13849394A39484FF4906303F03B
:10FB700020FA384803F01DFA34484FF4906103F03E
:10FB80000FFAEFF31186402383F31288BFF36F8FD0
:10FB9000314800F007FC60B9304A31492C488423D1
:10FBA00003F007FA2C492F4803F003FA84212B486D
:10FBB000E5E72D4C284800F019FCA168E0690B68C6
:10FBC000814214BF1A46002249680B605960A3683D
:10FBD000E1692AB9254AC3E900210B60E3610AE023
:10FBE00092F90E5093F90E00854223DD5168C3E966
:10FBF00000210B605360A5691C4B9D4200D005B9E4
:10FC0000E568A3689D4202D0284600F045FB1248F3
:10FC1000656100F0D5FB88B9104A15490C4840F2DF
:10FC20006D1303F0C6F90C49124803F0C2F940F213
:10FC30006D11BCE78A42CDD01268CAE73046BDE8F4
:10FC40007040FFF787BB00BF175E020078600200BC
:10FC50002A4702003B5C0200C42E00202549020016
:10FC60007E490200934902008C2E0020A42E002021
:10FC700052490200694902002DE9F04106460C464E
:10FC8000EFF3058777B13449344A35484FF493632D
:10FC900003F08FF9334803F08CF930484FF4936147
:10FCA00003F07EF950EA010304D1FFF757FF00206B
:10FCB000BDE8F081EFF31188402383F31288BFF38E
:10FCC0006F8F294800F06EFB60B9284A2849244804
:10FCD000842303F06EF92449264803F06AF984214D
:10FCE0002248DDE7244D204800F080FB234BA86824
:10FCF0001860FFF7D1FAA868214923463246183028
:10FD000000F0FEFBAA68137C43F00403044613745E
:10FD1000154800F055FB68B9144A1A49104840F2DA
:10FD20006D1303F046F91049174803F042F940F209
:10FD30006D11D5E74046FFF70DFBAB68D3E90A2309
:10FD4000B3F1004F08BFBA42B1D103F0ECFE201A64
:10FD500020EAE070ACE700BF175E020078600200A6
:10FD60002A4702003B5C0200C42E00202549020005
:10FD70007E490200934902008C2E0020C82E0020EC
:10FD80007DF50100524902006949020070B506463E
:10FD90000D46EFF3058474B11149124A124840F23E
:10FDA000C64303F006F9114803F003F90D4840F289
:10FDB000C64103F0F5F8FFF75FFFB5F1FF3F08BF5D
:10FDC000B6F1FF3F1FBF47F6FF734FF47A72E0FBB7
:10FDD0000234D80B14BF40EA44404FF0FF3070BDEE
:10FDE000175E0200786002002A4702003B5C0200B6
:10FDF00038B50446EFF31185402383F31288BFF32F
:10FE00006F8F204800F0CEFA68B91F4A1F4920487A
:10FE1000842303F0CEF81B491E4803F0CAF884215E
:10FE2000194803F0BDF8174800F0E0FA237C5B079F
:10FE300010D504F1180000F03FFC237C23F00403EC
:10FE400020462374FFF7C0F929460E48BDE8384024
:10FE5000FFF7B6BA0B4800F0B3FA68B90A4A0E4980
:10FE60000B484FF4997303F0A4F806490B4803F0CC
:10FE7000A0F84FF49971D3E785F31188BFF36F8F22
:10FE800038BD00BFC42E0020254902007E49020073
:10FE90002A470200934902005249020069490200C0
:10FEA000014B9868704700BF8C2E00202DE9F84365
:10FEB00004468789EFF31185402383F31288BFF34B
:10FEC0006F8F844800F06EFA68B9834A834984488A
:10FED000842303F06EF87F49824803F06AF8842196
:10FEE0007D4803F05DF87B4800F080FA237C18071A
:10FEF00017D5784800F064FA68B9774A7A497848A3
:10FF00004FF4997303F055F87249784803F051F8AB
:10FF10004FF49971E4E785F31188BFF36F8FBDE863
:10FF2000F883D90943F0080240F086802274A36860
:10FF300013B12046FFF78AFA04F1180000F0BCFB69
:10FF4000A66D04F15808B04511D04FF0000976B104
:10FF50003046FFF77BFA06F1180000F0ADFBC6F85B
:10FF6000AC903046FFF730F9A66DB045EFD1DFF821
:10FF70008081D8F808309C427DD1EFF30589B9F132
:10FF8000000918BF4FF00109D8F81860594A964285
:10FF900000D00EB9D8F80C60B34202D0304600F061
:10FFA0007BF92046C8F8146003F08BF8204600F077
:10FFB00025FAB9F1000F02D04F48FFF7F7F8D8F84B
:10FFC00008309C426AD1EFF30586002E66D1A389E2
:10FFD000DA071FD53F4800F0F3F900288DD085F3EC
:10FFE0001188BFF36F8F86F31188BFF36F8F0423DF
:10FFF000184602DFEFF31185402383F31288BFF325
:020000022000DC
:100000006F8F344800F0CEF900283FF45EAF3148DE
:1000100000F0ECF92F4800F0D3F978BB2E4A3249B2
:100020002F4840F26D1302F0C4FF2A492F4802F016
:10003000C0FF40F26D1153E7304A03F07F0343F0F5
:1000400008039442237408D12D492E4A24485A2388
:1000500002F0AFFF5A212B4843E7D90707D52A49B9
:10006000284A1F485B2302F0A4FF5B21F3E72046E8
:1000700003F0E6FC5BE74FF0000985E72846FFF751
:1000800069F922491F4A16484FF4EE7302F091FFB6
:100090001F4802F08EFF4FF4EE71DCE70D4800F0D0
:1000A0008FF900283FF429AF85F31188BFF36F8FD4
:1000B000FB077FF534AF134A1649094840F2A253B3
:1000C00002F077FF2146144802F073FF40F2A2517C
:1000D000C1E700BFC42E0020254902007E4902006E
:1000E0002A4702009349020052490200694902006E
:1000F0008C2E0020A42E0020602600200025002049
:100100009A600200786002000E6102007D620200C7
:1001100088620200AA620200B56202002DE9F8437B
:10012000064688461746EFF31189402383F3128869
:10013000BFF36F8F214800F035F9054668B9204AB2
:1001400020492148842302F034FF1C491F4802F053
:1001500030FF84211A4802F023FF184800F046F9C6
:100160003468A6421FD004B32046C4F8AC8067614F
:10017000FFF76CF904F1180000F09EFA2046FFF733
:1001800023F80E4800F01CF988B90D4A10490E48B2
:100190004FF4997302F00DFF08490E4802F009FF71
:1001A0004FF49971D6E70025EBE72546E9E789F397
:1001B0001188BFF36F8F2846BDE8F883C42E002056
:1001C000254902007E4902002A47020093490200A5
:1001D0005249020069490200D3B5DDE90667089C6F
:1001E000CDE90067FFF712FA1CB1034B9B685B690E
:1001F000236002B0D0BD00BF8C2E0020027C12F024
:100200001F02034610D10A4988420DD009490868E7
:1002100068B1D9897F2909D893F90E20064B1B684C
:100220009A42B8BF002070470020704710467047C0
:100230000025002098010020CC2E002008B568B1D0
:100240000F4B98420AD303F11802904206D2C01A0B
:100250001822B0FBF2F302FB13034BB109490A4821
:100260000A4A3F2302F0A5FE08483F2102F098FE0B
:10027000074BC0105843074B01221A5408BD00BF5A
:1002800010270020FB6202002A470200D36202000E
:10029000ABAAAAAA5334002070B50C4B0C4D1E7C9F
:1002A000FFF7ACFF182303FB06550446284600F071
:1002B00003FA084B00229A553CB1621E28460649B3
:1002C000BDE87040D31700F01BB970BD8C2E002024
:1002D00010270020533400203D02020038B5EFF310
:1002E0001185402383F31288BFF36F8F234800F0FA
:1002F00059F868B9224A23492348842302F059FE59
:100300001E49224802F055FE84211D4802F048FE95
:100310001A4800F06BF81E4B1E4A9C681068A042F9
:1003200013D1FFF7B9FF154800F04AF800BB144A93
:10033000194915484FF4997302F03BFE0F491748CD
:1003400002F037FE4FF49971DFE700211B7C11604A
:10035000134AD35C002BE6D02046FFF74FFF00285E
:10036000E1D0237CDB0601D1FFF78CF82046D8E7EB
:1003700085F31188BFF36F8F38BD00BFC42E0020F6
:10038000254902007E4902002A47020093490200E3
:100390008C2E0020C82E002052490200694902001C
:1003A00053340020006838B1044B1B7C00F003007C
:1003B000C01A18BF01207047012070478C2E002002
:1003C000002302680360EFF30581074B986811B1C1
:1003D000017CC90705D41B7C1843831A5842584135
:1003E00070470120704700BF8C2E0020024B1A7C02
:1003F0009B681343036070478C2E002038B5044679
:10040000EFF31185402383F31288BFF36F8F1D48EC
:10041000FFF7C8FF68B91C4A1C491D48842302F035
:10042000C8FD18491B4802F0C4FD8421164802F09B
:10043000B7FD1448FFF7DAFF174A136AA34214D135
:100440001B6F13620F48FFF7BBFFB0B90E4A134989
:100450000F484FF4997302F0ACFD0A49104802F0BE
:10046000A8FD4FF49971E1E71346002BEAD01A6F0B
:10047000A242F9D1226F1A67E4E785F31188BFF32E
:100480006F8F38BDD02E0020254902007E49020022
:100490002A470200934902008C2E00205249020094
:1004A00069490200024B1868984208BF0020704753
:1004B0009C010020034B1B680BB9FBF76BBC0020B1
:1004C000704700BFD42E002030B570B10B4B5B6875
:1004D00098420AD0036843B1D3E90421D0E9044526
:1004E000121941EB0501C3E90421D0E90032136080
:1004F0005A600023C0E9003330BD00BF9C010020DA
:10050000B3F1FF3F08BFB2F1FF3F2DE9F84F0446BA
:100510009B4615461F4600F0B280D0F80090B9F116
:10052000000F0CD05749584A5848642302F041FD47
:10053000574802F03EFD5448642102F031FD8160CD
:10054000EFF31188402383F31288BFF36F8F514874
:10055000FFF728FF824660B94F4A50494B48842331
:1005600002F027FD4B494E4802F023FD84214A4802
:10057000E3E74848FFF73AFFBBF1000F494A1FDBAA
:10058000FFF798FF474A0135D2E900174BF1000BFE
:100590002D184BEBE073C4E904536D18064643EB8A
:1005A0000707FFF77FFFDFF800E1DEF8049003465E
:1005B000EBB9C4E900E9C9F80040CEF8044028E0EE
:1005C000D2E900126FF001035B1A4FF0FF3161EBCB
:1005D00002025B1B62EB0B02012B72F10001BCBF3C
:1005E00001234A46C4E904324FF0000AD9E7D3E9AF
:1005F000041CD4E904208A4270EB0C0B2EDA891A11
:100600005A686CEB0000C3E90410C4E900321460BE
:100610005C60FFF747FF84420ED1244B1B685BB937
:10062000BAF1000F02D1FFF745FF0646304603F04E
:1006300063FA0021FBF788FB1648FFF7C1FEB0B94B
:10064000154A1B4911484FF4997302F0B2FC114945
:10065000184802F0AEFC4FF4997188E7521A60EB2B
:100660000C004B45C4E90420A3D01B68A0E788F325
:100670001188BFF36F8F28463946BDE8F88F0025F3
:100680002F46F8E726650200026502002A470200AD
:100690003B5C0200D82E0020254902007E49020062
:1006A00093490200282700209C010020D42E00201E
:1006B000524902006949020070B50446EFF3118601
:1006C000402383F31288BFF36F8F2A48FFF76AFE37
:1006D00068B9294A29492A48842302F06AFC254935
:1006E000284802F066FC8421234802F059FC214886
:1006F000FFF77CFE23683BB3FFF7D4FE0546204698
:10070000FFF7E2FE00224FF00043A542C4E90423B4
:1007100012D000241748FFF753FE20BB164A1A498F
:1007200017484FF4997302F044FC1249174802F03D
:1007300040FC4FF49971D7E7FFF7BCFE03F0DCF9FA
:100740000021FBF701FBE4E7D4E90423B3F1004FF8
:1007500008BF012A04D100224FF00043C4E904235A
:100760006FF01504D6E786F31188BFF36F8F20462C
:1007700070BD00BFD82E0020254902007E4902002E
:100780002A470200934902005249020069490200C7
:100790002DE9F047DFF80891DFF808A1C9F800005B
:1007A0000246FFF77FFE8846044600260027DAE966
:1007B00000134FEAE27C54B1D4E90450AA427CEB26
:1007C000000E1FDAAD1A60EB0C00C4E90450521899
:1007D0004FF0000443EB0C032046CAE90023C9F89C
:1007E000004003F089F92146FBF7AEFA2E48FFF7E7
:1007F000E7FDD0B188F31188BFF36F8FBDE8F047F4
:10080000FFF76CBD691843EBE5732046C4E9046744
:10081000CAE90013FFF758FE01224FF00043C4E974
:1008200004232148FFF7CCFD78B9204A204921480C
:100830004FF4997302F0BDFB1B491F4802F0B9FB4E
:100840004FF49971194802F0ABFB88F31188BFF39C
:100850006F8FA36820469847EFF31188402383F3F6
:100860001288BFF36F8F1048FFF79CFD58B90F4AED
:1008700012491048842302F09CFB0B49104802F0F7
:1008800098FB8421DEE70848FFF7B0FDD9F8002087
:10089000521BC9F80020FFF705FE044687E700BF9A
:1008A000D42E002028270020D82E00202549020021
:1008B000524902002A470200694902007E490200AB
:1008C0009349020010B5EFF31184402383F312889B
:1008D000BFF36F8F0B48FFF765FD68B90A4A0B49F4
:1008E0000B48842302F065FB06490A4802F061FBCD
:1008F0000548842102F054FB0248FFF777FD2046AB
:1009000010BD00BFD82E0020254902007E490200FC
:100910002A4702009349020070B5EFF31186402385
:1009200083F31288BFF36F8F1A48FFF73BFD68B956
:10093000194A1A491A48842302F03BFB1549194801
:1009400002F037FB8421144802F02AFB1148FFF71C
:100950004DFDFFF7AFFD144AD2E90045041945EB00
:10096000E0750C48FFF72CFD68B90B4A0F490C489D
:100970004FF4997302F01DFB06490D4802F019FB74
:100980004FF49971DFE786F31188BFF36F8F20462C
:10099000294670BDD82E0020254902007E4902005C
:1009A0002A470200934902002827002052490200EA
:1009B000694902002DE9F84F05460C46924603F0BE
:1009C00039F8002864D1344B9B68D3F8A060002E1E
:1009D0005ED06F1E3D420BD03049314A314818235A
:1009E00002F0E7FA304802F0E4FA18212C481CE043
:1009F00004344DD245F0040B06F11408EFF31189CD
:100A0000402383F31288BFF36F8F4046FFF7CAFC81
:100A100068B9264A26492348842302F0CAFA414687
:100A2000244802F0C6FA8421204802F0B9FA404670
:100A3000FFF7DCFC224659463046D0470446404684
:100A4000FFF7BEFC68B9194A1B4916484FF4997361
:100A500002F0AFFA4146194802F0ABFA4FF499712F
:100A6000E2E789F31188BFF36F8F8CB144F8046B10
:100A70007DB13C420DD00A4A11490A48352302F0A3
:100A800098FA21460F482A4602F093FA3521ADE73D
:100A900000242046BDE8F88F8C2E00200F4702006E
:100AA000466502002A470200474702002549020026
:100AB0007E4902009349020052490200694902003E
:100AC0006A6502009C6502000146024A0020FFF7A9
:100AD00071BF00BF7D2F020007B5074B0093074988
:100AE00007484FF0FF334FF40062FEF7CBF90020C8
:100AF00003B05DF804FB00BF20450200C04A00209F
:100B00003027002010B50C4C236813B10B4B1B6829
:100B10002BB900F02FFF30B9084B01221A600123D6
:100B20002360002010BD0138062801D9044810BDFB
:100B3000044B53F8200010BDE02E0020DC2E0020D6
:100B4000FE8FFFFF2C450200BFF34F8F0549064B78
:100B5000CA6802F4E0621343CB60BFF34F8F00BF5B
:100B6000FDE700BF00ED00E00400FA0510B4094BFA
:100B700009490A4C4FF0FE32C3F800244968C3F813
:100B80000424C3F80824C3F80C240023C4F8003557
:100B900010BC084700B00250A401002000A0025081
:100BA000D0E90012014BC3E900127047A4010020F4
:100BB00070B58CB0144606460D4603AA202104A841
:100BC00000F0B6F9002835D1039B202B32D11A480A
:100BD0004FF0FF3100F082FF40BB002000F0AEFF7D
:100BE00000BB00942B46202206F1100004A900F05F
:100BF00091FC0446012000F0A1FF78B90E4800F0F6
:100C000075FF38B9B4B9202104A800F045FF20468B
:100C10000CB070BD0948FFF7A9FFF3E70848FFF7DC
:100C2000A5FFEBE70648FFF7A1FFDAE70348FFF768
:100C30009DFFD2E7034CEAE730020020484502005E
:100C400060450200FE8FFFFFF0B50F468FB01546DE
:100C50000446002859D03E4B02689A4264D00DB138
:100C6000002969D026464FF4A071304600F014FFE9
:100C700005AA202106A800F05BF900285FD1059B9A
:100C8000202B5CD133484FF0FF3100F027FF70BBC1
:100C9000002000F053FF30BB00230295CDE9003760
:100CA000202206A906F1100000F0D8FA054601201E
:100CB00000F044FF98B9274800F018FF58B9002DFC
:100CC00041D1202106A800F0E7FE214B33609CB102
:100CD00028460FB0F0BD2048FFF748FFEFE71F4858
:100CE000FFF744FFE7E71D48FFF740FFD4E71A4846
:100CF000FFF73CFFCCE70025194800F0F7FE00287D
:100D0000E6D01548FFF732FFE2E715484FF0FF3114
:100D100000F0E4FE60B9134B0D4A1B689342EAD021
:100D200005B197B10F4E9EE7002528460FB0F0BDE4
:100D30000948FFF71BFFEEE76FF4E045C8E7202105
:100D400006A800F0A9FE084DC1E76FF4E045D3E71F
:100D5000A5BCC95A30020020484502006045020087
:100D60001C020020E42E0020FE8FFFFF2DE9F04F33
:100D700083B0002B00F0C7801D4600230446884640
:100D800017462B608AB1002900F0BD80002800F0D2
:100D900085805E4B02689A4244D1B7F5806F0AD9CC
:100DA0005B4E304603B0BDE8F08F002876D0574B3D
:100DB00002689A4236D1A146D9F838311BB1D9F828
:100DC0003020934235D953484FF0FF3100F086FE72
:100DD00000287CD1002000F0B1FE002873D1002350
:100DE00009F1100A4FEAC70B009342465946504694
:100DF00000F098FA0646012000F0A0FE00285ED11F
:100E0000444800F073FE002855D11F2E1AD076B941
:100E10002F6044B9404800F069FE20B13F48FFF719
:100E2000A5FE00E03E4E304603B0BDE8F08F3D4EDB
:100E3000EFE7002211464846FFF7BAFE06460028B3
:100E4000C1D0E6E7002248461146FFF7B1FE06464C
:100E50000028DED12F484FF0FF3100F03FFE002880
:100E60004DD1002000F06AFE002844D10023424604
:100E700059465046009300F055FA0646012000F00E
:100E80005DFE002833D1234800F030FE0028BED09C
:100E90002248FFF76BFE002EBAD0C8E71E484FF07D
:100EA000FF3100F01BFED8B91F4B1A68174B9A424E
:100EB00011D01B4EAEE71948FFF758FEA5E71B48B7
:100EC000FFF754FE9CE71948FFF750FE87E71348E9
:100ED000FFF74CFE7EE7B7F5806F05D90C4E99E71A
:100EE0000E48FFF743FEDFE7DFF83C9064E70F486A
:100EF000FFF73CFEC7E70D48FFF738FEB6E70748A7
:100F0000FFF734FEADE76FF4E0468CE7A5BCC95AA5
:100F1000DE8FFFFF300200201C0200204845020047
:100F2000E88FFFFFFE8FFFFFE42E002060450200E8
:100F30002DE9F047DFF8A0A00D4680464FF0FF31C5
:100F4000DAF80000914600F0C9FDB0BB002000F0C7
:100F5000F5FD70BBCDB1214F002603E000F09AFDF6
:100F60002D1B13D0182D4FF0180138462C4628BFE2
:100F7000182400F025FB0346224608EB06003946FC
:100F80002644002BEAD0164C03E02E46C9F8006038
:100F900000241248182100F07FFD012000F0CEFD52
:100FA000A8B9DAF8000000F0A1FD50B92046BDE86C
:100FB000F0870C48FFF7DAFDCCE70B48FFF7D6FDCA
:100FC000C4E70948FFF7D2FD2046BDE8F087054891
:100FD000FFF7CCFDE5E700BF200200202430002011
:100FE000FE8FFFFF604502004845020010B5044631
:100FF00050B1636813F0685F05D0064A934202D08F
:1010000000232360626010BD034B04485B6898476F
:10101000EFE700BF2C5F5CA9A4010020804502001F
:10102000C8B143680D4A934213D013F0685F0ED0E5
:10103000012350E8002F194640E8001C9CF0000FE7
:10104000F7D1012AF5D0BFF35F8F00207047044825
:101050007047044870476FF4E04070472C5F5CA90C
:10106000E98FFFFFEA8FFFFF80B14368094A93428F
:101070000AD013F0685F05D0BFF35F8F00230360D1
:101080001846704704487047044870476FF4E040C2
:10109000704700BF2C5F5CA9E98FFFFFEA8FFFFF5D
:1010A00010B5044620B1044B63600022226010BDDD
:1010B0000248FFF75BFDF6E73A00003AA845020058
:1010C00010B5D0E90023194C6360D0E90230C4E9BF
:1010D00002302260164BD1F800C0C3F800C0D1F82E
:1010E00004C0C3F804C01348D1F808C0C3F808C04E
:1010F000D1F80CC00969C3F80CC01961436813F03A
:10110000685F04D00C490023C0E9003190470B48C8
:10111000436813F0685F07D0074923680022C0E9DD
:101120000021BDE81040184710BD00BFC0010020DD
:10113000AC010020E00100202C5F5CA9D801002058
:10114000F0B585B00446C07FA37F94F81DC094F825
:1011500013E0451C03EB15230CEB132CA377237F23
:10116000E07E84F81DC003EB1C2300EB13202377E3
:10117000A37E94F819C0E07603EB10230CEB132C3C
:10118000A376237EE07D84F819C003EB1C2300EBDB
:1011900013202376A37D94F815C0E07503EB10238C
:1011A0000CEB132CA375237D84F815C003EB1C23D3
:1011B00094F812C023750EEB132E637CE5770CEBCD
:1011C0001E2C03EB1C2384F812C094F810C084F882
:1011D00013E020460CEB132C637400F810CF10239F
:1011E0004FF0000CCDE900C004AF02930E46154647
:1011F000234662466046022100F01EFE10B104370D
:10120000BD46F0BD2021204600F0ACFE0028F6D1FE
:101210002946304600F0A8FE0028F0D11F2D14D832
:10122000C5F1270323F007036E46ADEB030DC5F1AF
:10123000200504AC01462A46204602F0EFFC294670
:10124000204600F091FE38B9B5460021084600F06E
:10125000C7FE0437BD46F0BDB546D0E7F0B589B04E
:1012600005460F9C109E002C47D02022684602F0B5
:10127000AEFC66B3731E022B51D926F00300214643
:1012800020446A4651F8043B1768814283EA070309
:1012900042F8043BF6D1B30719D026F003031DF83A
:1012A0000310E25C4A400DF803205A1C96420ED906
:1012B0001DF80200A15C023341409E420DF802106D
:1012C00005D91DF80310E25C4A400DF803202422E2
:1012D0000021284602F0A2FC202269462846FFF79A
:1012E0002FFF044610B901232B6200240821684611
:1012F00000F01CFB204609B0F0BD0F462422214619
:1013000002F08CFC202239462846FFF719FF0446DC
:101310000028EFD1012320462B6209B0F0BD002345
:10132000BDE700BF2DE9F0439046026ABDB01D46FF
:1013300001324FF00003CDE90433CDE90633CDE9A6
:101340000833CDE90A3370D004460E46002D6AD02A
:10135000449A2946FFF7F4FE002861D1E27FA17F7D
:10136000637F501C01EB1021227FA17703EB112337
:1013700002EB13226377E37E227703EB1223A27E34
:10138000E37602EB1322637EA27603EB1223227E26
:10139000637602EB1322E37D227603EB1223A27D18
:1013A000E37502EB1322637DA27503EB1223227D0A
:1013B000637502EB1322E37C227503EB1223A27CFC
:1013C000E37402EB1322637CA27403EB1223227CEE
:1013D000637402EB132323740022102304F110071B
:1013E000E0770221CDE9017310460092234600F018
:1013F00023FDA8B94046F10800F0B4FD80B95FEACA
:10140000162916D04FEA0929804601E0C84510D0B8
:10141000202104A808F5807800F0A6FD0028F5D06A
:101420003DB0BDE8F08304AD98E71F203DB0BDE8B6
:10143000F083B14507D0A6EB0901C90804A800F064
:1014400093FD0028ECD10CA800F05EFD00210846B9
:1014500000F0C6FD0028E3D1102212A9384602F0A0
:10146000B6FBE17FA37F627F0139A3EBD1739BB20F
:10147000A2EBD332A377237FE17792B2E17E62774A
:10148000A3EBD2339BB2A1EBD3312377A37E627E51
:1014900089B2A3EBD1339BB2A2EBD332A376237EE6
:1014A000E17692B2E17D6276A3EBD2339BB2A1EBFF
:1014B000D3312376A37D627D89B2A3EBD1339BB276
:1014C000A2EBD332A375237DE17592B2E17C627504
:1014D000A3EBD2339BB2A27C2375A1EBD33189B2AB
:1014E000637CE174A2EBD13292B2A3EBD233A2744B
:1014F000227C9BB26374A2EBD3332374202229464F
:101500002046FFF71DFE00288AD1236A013323629B
:1015100086E700BFF0B589B005460E9E002B43D08C
:10152000684617461C4602F052FB66B3731E022B38
:1015300044D926F003022244A646EC46DCF80030EB
:101540005EF8041B594096454CF8041BF6D1B307CE
:1015500019D026F003031DF80310E25C4A400DF891
:1015600003205A1C96420ED91DF80200A15C0233DA
:1015700041409E420DF8021005D91DF80310E25CAF
:101580004A400DF803203A4669462846FFF7D8FD41
:10159000044610B901232B6200240821684600F09C
:1015A000C5F9204609B0F0BDFFF7CAFD0446002882
:1015B000F7D1012320462B6209B0F0BD0023CAE712
:1015C0002DE9F04FC24C8FB0237800AFC7E901017D
:1015D0002BB9204600F066FF204601F0ADF8BD4B68
:1015E000BA68A3FB02231B094FF0000B3B61C7F84D
:1015F00014B0B74800F0BCFF8246002852D1B64C68
:10160000237C002B40F0AD804FF08053E946D3F8A7
:101610000C2C013200F07A81D3F80C2CAD4B172A38
:10162000A3FB02134FEA131640F29980FE604FF0BD
:1016300000084E46C7F800A0A548062207F1200181
:1016400000F0D8FF002840F06481A44BD4E90215D3
:10165000986807F1200C07F1380EDCF800301F22E3
:10166000994603E0A8420ED0531C20D04B46D340ED
:1016700013F0010315BF0021013101351D468842D9
:1016800002F1FF32EED19648C4E902154FF00E0A7E
:10169000FFF76CFAB54600F0A3FF8D4801F050F853
:1016A0000028A6D150463C37BD46BDE8F08F0CF16E
:1016B000040CE645D1D1894B2068C4E90215D3E971
:1016C000009A07F1200E18224FF0000B4146034606
:1016D000C3F5806C4FEA5C1C4FEA8C0C944528BF24
:1016E00094465FEA9C0826D0C7E9063EAEF10400A6
:1016F000656800EB880850F804EF4FEA5E0303F0DA
:101700005533AEEB03034FEA930E0EF0333E03F076
:101710003333734403EB131303F00F3303EB03234F
:1017200003EB03431B0EC3F1200380451D44E2D1AC
:10173000D7E9063E656003EBCC03B3F5806FA2EBFF
:101740000C024BD0E644002AC2D12360FB6801F1B1
:1017500001089845FFF470AFD7F800A0B546012303
:101760002374BB68172B40F2A0807B687A69FA610A
:1017700003EB8201002398468946D346544806224B
:10178000494600F037FFCC46002840F0C580534B57
:10179000D4E902569968FB69A9F1040E9A465EF8ED
:1017A000040F1F2203E0B1420ED0531C21D020FAB7
:1017B00002F313F0010315BF0025013501361E4663
:1017C0008D4202F1FF32EED14548C7F814A0C4E9BA
:1017D00002564FF00E0AFFF7C9F95CE763684B4504
:1017E00080F08A80534540F28780C4F804B000231B
:1017F000A8E709F114037345C4E90256CFD1374B6A
:10180000C7F814905246D3E900EA2368FA61182118
:101810004046C3F580684FEA58184FEA8808884563
:1018200028BF88465FEA980926D0ACF104056668AF
:10183000C7F818C005EB890955F804CF4FEA5C02D8
:1018400002F05532ACEB02024FEA920C0CF0333C42
:1018500002F03332624402EB121202F00F3202EB5A
:10186000022202EB0242120EC2F1200216444D4542
:101870006660E1D1D7F818C003EBC803B3F5806FF9
:101880002360A1EB080117D0C4440029C1D1FB6932
:10189000D7F814900633FB613B6900F101089845C5
:1018A00009F11809FFF46AAFDA4600F099FE5046D4
:1018B0003C37BD46BDE8F08F6368734512D253458F
:1018C00010D900230022C4E900230023DCE700BF75
:1018D00054300020ABAAAAAA002800200802002049
:1018E000CC450200FB6910487B614FF00D0AFFF701
:1018F0003DF900F075FED0E64FF480630A4823609E
:101900004FF00D0AFFF732F9B546C4E64FF40476FE
:101910008CE68246B546BEE6FB697B610546AA4673
:1019200000F05EFEB9E600BFCC450200890000F081
:1019300047B900BF3AB101EB820251F8043B40F8CD
:10194000043B9142F9D1704708B500F037F830B93F
:1019500000F03EF828B9064AC2F80C0A08BD032078
:1019600008BD00F02DF800F06DF8042008BD00BFA0
:1019700000B0025030B583B0FFF7E6FF044610B95F
:101980000B4D2B6813B1204603B030BD0246014613
:10199000FFF75AF950B9074901AB6822FFF7E6F99A
:1019A00020B9054B2B60204603B030BD0524EAE783
:1019B00064300020683000205AEA5A5A00207047EC
:1019C00000207047014BC3F8040A704700B0025072
:1019D00010B5154800F06EF800B110BD134800F0C6
:1019E00069F80028F9D1124C204600F063F800286D
:1019F000F3D1104B10481C6000F05CF80028ECD1CB
:101A00000E4800F057F80028E7D10D4800F052F8D2
:101A100001460028E1D100F039F8044608B900F089
:101A20006FF8204610BD00BF300200202C020020BD
:101A30002802002020020020240200201C02002096
:101A40001802002008B50B4800F03EF80A4800F0E4
:101A50003BF80A4800F038F8094800F035F8094822
:101A600000F032F8084800F02FF8BDE8084000F018
:101A70000FB800BF300200202C02002028020020F6
:101A8000240200201C0200201802002000207047C1
:101A9000704700BF02F0A9B882B0019041B10023A5
:101AA0009C461A4601980133994200F802C0F8D1C9
:101AB00002B0704708B5034B02681B68106898476E
:101AC000002008BDC001002008B5034B02685B6818
:101AD00010689847002008BDC0010020024B026832
:101AE0009B681068184700BFC001002008B5034B71
:101AF0000268DB6810689847002008BDC00100201C
:101B000070B5094C094D2069AB68984718B1084B6E
:101B100008485B689847084AEB6820690021116013
:101B2000BDE87040184700BFAC010020C001002094
:101B3000A4010020D8450200D0300020F8B51A4D8D
:101B40001A4E0446B26828699047E8B9184F3B68B6
:101B50004CB1A3B1012B19D0013B3B602869F3685C
:101B600098470020F8BD43B9124A0121C2F8001578
:101B70001149D1F81029002AFBD101333B60F368E9
:101B8000286998470020F8BD0C48F8BD0A4AD2F8E9
:101B90001039002BFBD1074A6FF07E40C2F80035A8
:101BA000FFF710FF3B68D7E7AC010020C001002021
:101BB000D030002000A0025000B00250E98FFFFF9B
:101BC0002DE9F0410E4682B0002879D000296FD06F
:101BD0003E4C0546012755E0D4E901E1D4F80CC09C
:101BE00020684FEACE524B0980EAC05842EA5022A0
:101BF00043EACC638EEA02004B404FEA984E4EEA2D
:101C0000803E83EA08038CEA5C1283EA0E034240BA
:101C100011EB030E82EA90424CEB0200082EC4E95D
:101C20000232B04628BF4FF0080815F00303C4E99C
:101C3000001CCDE900E032D1072E3DD8032E2CD96F
:101C4000B8F10402C5F800E018D0042303F108013C
:101C50006944012A11F8081CE9540FD003F1090066
:101C60006844591C10F8080C6854032A06D103F183
:101C70000A026A44023312F8082CEA54B6EB08064A
:101C8000454415D0237E002BA6D118212046FFF70E
:101C900097FC0028F9D127769EE74246D6E72846EA
:101CA0004246694601F093FFB6EB08064544E9D188
:101CB000002002B0BDE8F081C5F800E06860DDE713
:101CC0000029F5D0142002B0BDE8F08118280020CA
:101CD00031B10138002300F8013F01339942FAD1B4
:101CE000704700BF70B5504C504D0120C4F810082B
:101CF00000F0C4FB0023C4F84034C4F84434C4F8F2
:101D00004834C4F84C34C4F86034C4F86434C4F8BB
:101D10006834C4F86C34C4F8BC34D4F8C03423F04C
:101D20000103C4F8C0346B68D4F8C02403F0010385
:101D30001343C4F8C0342A68072A05D1D4F8C03444
:101D400023F00103C4F8C034374CD4F8C01421F098
:101D50001C01C4F8C014D4F8C014930003F01C0391
:101D60000B43C4F8C034D4F8C03495F89C1023F069
:101D70000203C4F8C0340029A96B2D4B08BF00230F
:101D800000293DD1D4F8C00420F44050C4F8C00468
:101D900095F83400D4F8C064C4F8C064A0B91A68D7
:101DA000C4F800245A68C4F804249A68C4F80824C3
:101DB000DB68C4F80C342A68072A03D11A4B0122C5
:101DC000C3F87C24002070BD0328F5D11868194E93
:101DD00000F0D6FCB0B933681B68C4F8003433682F
:101DE0005B68C4F8043433689B68C4F8083433680B
:101DF000DB68C4F80C3400F0D1FC18B92A68DBE7C2
:101E0000062070BD3268084B1268C3F8002432689F
:101E10005268C3F8042432689268C3F80824326810
:101E2000D268C3F80C2470BD00B00250D43000203A
:101E300074310020140200202DE9F84F2F4E304D50
:101E4000DDF828A0002483460F4691462146C02293
:101E50003046984601F0E2FEC5F84044C5F84444D7
:101E6000C5F84844C5F84C44C5F86044C5F8644416
:101E7000C5F86844C5F86C4400F0F8FAC5F8C044E9
:101E8000204600F0FBFAC5F81048C6E9007B86F84A
:101E90003490C6F838A0B8F1000F0AD00AF1020257
:101EA0000123D200414606F1A00086F89C3001F0E3
:101EB0008EFE102000F0CCFAFFF714FF40B9022F7D
:101EC00008D0072F04D01FB10E48FEF74FFE0620A2
:101ED000BDE8F88F0B9A0A4B1268C3F860240B9A7E
:101EE0005268C3F864240B9A9268C3F868240B9A6A
:101EF000D268C3F86C24BDE8F88F00BFD43000204E
:101F000000B00250CC45020010B51349C02204466F
:101F100001F05DFE114B1249D3F84024A260D3F8C2
:101F20004424E260D3F848242261D3F84C2462614F
:101F3000D3F86024A261D3F86424E261D3F8682462
:101F40002262D3F86C34636204F13C006022BDE885
:101F5000104001F03CBE00BFD430002000B0025061
:101F6000E431002000F07ABA70B51B4C2368072BCF
:101F700017D0A36A06460D46B3B1012000F07EFAE1
:101F8000A36A2B440F2BA3621CD9012301222946EB
:101F9000304600F0BFF9034620B9104B1B6C102BE4
:101FA00016D00023184670BDE36A002BE5D001204F
:101FB00000F032FA2368072BDFD1A36A2B440F2BE2
:101FC000A362E2D82368012B94BF00230123DDE73D
:101FD00000F022FAE5E700BFD4300020E431002011
:101FE0002DE9F041554CDFF85881564A84B0A36A78
:101FF000D8F84050C2F8BC5400AF06460D46B3B303
:102000002368072B7ED1002000F006FA4D4B0022FA
:10201000C3F8BC2415B1D8F858302B602368072BBF
:102020002FD000260024474D4448C022214601F00D
:10203000F5FDC5F84044C5F84444C5F84844C5F822
:102040004C44C5F86044C5F86444C5F86844C5F814
:102050006C4400F00BFA2046C5F8C04400F00EFABC
:1020600030461037C5F81048BD46BDE8F081E36A38
:10207000002BCBD02368072B57D0012000F0CCF9E0
:10208000C4E7E36A1BB92F4B0122C3F824252D4B6B
:10209000256BD3F840243A60D3F844247A600335A2
:1020A000D3F848246168BA60AD08EA1DD3F84C043F
:1020B000F86022F0070301296C46ADEB030D2CD12B
:1020C00029466846FFF704FE65B3691E0DF1FF302F
:1020D0006944002210F8013F07F1100505EB830564
:1020E00056F8233055F8105C6B40134314BF01229F
:1020F00000228842EED1ABB11348FEF737FD12261D
:10210000A5468FE7012000F0B9F92368002B7FF482
:102110007AAF012000F080F978E72A463946304648
:10212000FFF708FC0026A5467CE7012000F0A6F991
:102130002368072B3FF467AF9FE700BFD430002030
:10214000E431002000B00250CC450200F0B56E4BE7
:102150006E4A0124C3F8204892F85C5092F8487007
:10216000A54286463CD04FF4FE64C3F8044AD3F837
:10217000084A44F47F64C3F8084A002F3BD1002D7D
:1021800061D1634B1C7C14B11C68844261D993F803
:1021900024401CB15C69844240F2818093F838404D
:1021A0001CB19C6A844240F2918093F84C401CB16F
:1021B000DC6B844240F29180534BC3F828ECC3F8A7
:1021C0002C1C002F43D080214F4AD2F8003A31EA2C
:1021D0000303FAD10023C2F8081AC2F82038F0BD70
:1021E0004FF47664C3F8044AD3F8084A44F47F6491
:1021F000C3F8084A3FB3464BD46C1F7C17B11F6825
:10220000BC4237D293F8247017B15F69BC424DD2FB
:1022100093F8387017B19F6ABC424FD293F84C7054
:1022200017B1DF6BBC4260D227460C44D464946D76
:102230000C449465344CC4F8287DC4F82C1D002D42
:102240005CD101279EE7C3F8300CC3F8341C402151
:10225000BAE75D682544854299D9002505EB8505D7
:1022600003EB8503556D9A68DE68121B104405FB6D
:10227000060EA1E75E6807EB060C6445C2D24FF07C
:10228000000C0CEB8C0C03EB8C0CDCF80860DCF81D
:102290000CC0F71B566D274406FB0C77C5E79D69FC
:1022A000254485427FF67AAF0125D7E79E6907EB83
:1022B000060C6445ACD24FF0010CE2E7DE6A07EB96
:1022C000060C6445AAD24FF0020CDAE7DD6A254419
:1022D00085427FF66AAF0225C0E71D6C2544854222
:1022E00088BF03257FF668AFB8E71E6C07EB060CC6
:1022F000644538BF4FF0030C96D2C2E7C4F8300CE7
:10230000C4F8341C5FE700BF00B00250E431002085
:1023100094310020B0F1005F55D32DE9F843144605
:102320004218B2F1804F05460F4669D8DFF8E090B9
:10233000D9E9101274B3002B4ED0D9F85030BB42FB
:1023400061D3DB1BC9F85030002947D1FFB1D9F860
:10235000401089F84840C1BBD9F844307E1EB6FB16
:10236000F3F603FB06F646B1B6F5803F28461CD2CD
:102370003146FFF7EBFEBF1B354425483A46294658
:1023800001F025FCD9F840303B44C9F8403000202A
:10239000BDE8F8830029D9D099F84830F3B1484610
:1023A000FFF7D4FEC9F84040D0E7D9F84440C4F55F
:1023B00080384146FFF7CAFEA4F58033F6181F4463
:1023C0004544D1D1D9E70A2070471148FFF7BEFE36
:1023D0000023C9F84030BFE70029B7D0521ABA42EB
:1023E00009EB01002946164628BF3E4601F0EFFBE7
:1023F000D9F8403033443544BF1BC9F84030A5E715
:102400000A20BDE8F8830348FEF7B0FB1320BFE7BE
:10241000E4310020CC45020010B50C4C216C29B1F0
:1024200028B90A48FFF792FE0023236410BDC1F1CA
:1024300040026018002101F0F1FB616C0348216447
:10244000FFF784FE00232364F0E700BFE43100209F
:10245000014B5864704700BFE4310020024BC3E9D0
:1024600013010020704700BFE431002002486022C1
:10247000002101F0D3BB00BFE4310020074AD2F8AD
:102480001039002BFBD1064B0449C2F80009187023
:10249000D1F81039002BFBD1704700BF00B00250BB
:1024A0005434002010B44FF08053D3F8102C013274
:1024B00022D0D3F8102CFAB9D3F8142C013230D032
:1024C000D3F8142C6ABBD3F8182C013237D0D3F8C8
:1024D000182CA2BBD3F81C2C013203D0D3F81C3C1F
:1024E000002B3ED04FF08053D3F81C2C013234D057
:1024F000D3F81C4C032108E04FF08053D3F8102C84
:1025000001320AD0D3F8104C00210023C0E9013475
:1025100001220270017310BC7047002141F25C245B
:10252000F3E74FF08053D3F8142C013203D0D3F8E3
:10253000144C0121E9E7012141F66414E5E74FF06D
:102540008053D3F8182C013203D0D3F8184C022151
:10255000DBE7022140F6D864D7E7032141F2883453
:10256000D3E7024810BCFEF701BB00BFCC45020018
:1025700038B5037853B3184B90F80CC00124D0E958
:102580000152C3F8C441C3F84041C3F8C441C3F881
:102590003021D3F830118A42F7D100203F22C3F80E
:1025A0002C01C3F8082A1E22C3F800210422C3F814
:1025B000040AC3F80C21D3F80C214CEA0202C3F838
:1025C0000C21C3F83851C3F82C4138BD0348FEF73D
:1025D000CDFA0C2038BD00BF00B00250CC4502003F
:1025E000034B0020C3F82C01C3F8C401704700BF9F
:1025F00000B002502DE9F84F4FF0000C4C4B8646CE
:102600000E46644601204FF0FF354FF03F094FF072
:102610001E080427D3F8042112F00E0F55D0D3F86A
:102620000C21D3F83011C3F82C4102F00302032A25
:10263000C3F8BC01C3F808516BD0013242F0040A60
:10264000D2B2C3F80CA1C3F830118EF80C20CEF82A
:102650000810D3F80C11D3F83021D3F838A1C3F8FF
:10266000C40101F0030BC3F84001C3F8C401C3F86F
:102670003021D3F830118A42F7D1C3F82C41C3F886
:10268000089AC3F80081C3F8044AC3F80C71D3F860
:102690000C214BEA0202C3F80C21C3F838A1C3F89D
:1026A0002C01D3F80421D1070CF1010C11D4BCF199
:1026B000640FAFD11E4B1F480022C3F82C21C3F872
:1026C000C421FEF753FA102021E0D3F80421D207E9
:1026D000A0D5BCF1640FEDD0154B4FF0FF320121B6
:1026E000C3F8BC11C3F80821D3F814213260D3F821
:1026F00018217260D3F81C21B260D3F82021F26057
:10270000D3F824213261D3F8283173610020BDE869
:10271000F88F4A1C9DD0491844EB04028D4274EB9B
:10272000020238BF4FF0FF3100224FF0040A88E761
:1027300000B00250CC4502000A234360704700BF3E
:10274000C368032B05D0022B15D80133C3600120C9
:10275000704783685A1C10D0DB184FF0000242EB20
:10276000020191424FF0FF3C0CBF19466146C0E99F
:102770000212012070478368EEE70020704700BF17
:1027800029B9044B002814BF18460020704702489E
:10279000704700BF0100F7000300F700034B002063
:1027A0000122C3F8380AC3F87824704700B00250F9
:1027B0002DE9F04F8BB04368009383789C078046E7
:1027C000924640F1F98000250878002800F0F68054
:1027D00025280AD04B1C019301354146009B9847A0
:1027E0000028C0F2E3800199EEE74E788B1C252E7D
:1027F0000193F1D00027B9463C460A221F2C22D86B
:10280000A6F12003102B20D8DFE803F0141F1F1AB5
:102810001F1F1F0B1F1F1F121F171F1F090044F030
:102820000104019B13F8016B0193002EE6D13AE0FD
:1028300044F0020444F00404F3E744F00804F0E731
:1028400044F01004EDE77F2C24D8A6F13003092BC7
:1028500008D860064EBF02FB073702FB093944F077
:102860002004DEE72A2E0DD161065AF8043B53D42A
:10287000002BA7BF44F020049946C3F1000944F09F
:102880002804CEE72E2E05D1630600F1978044F090
:102890004004C6E76C2E2ED028D8682E32D06A2E7F
:1028A00037D04C2E35D0002F46F02003B8BF24F08F
:1028B0004004A3F16502BCBFA4B20027022A01D9DB
:1028C000612B2BD10AF1070A2AF0070A9C4E0AF164
:1028D000080A0727210760D506EB070B34465C453D
:1028E0005DD1AE1BA219A9EB070959E1742E98D04E
:1028F0007A2E96D0D7E7260648BF44F4007444F0F9
:1029000080048EE7E00548BF44F4007444F480740A
:1029100087E744F4207484E71F4682E7A6F1630248
:10292000122A00F2D880DFE812F013004D00D60022
:10293000D600D600D6004D00D600D600D600D60070
:10294000D600E800D100D600D6001A00D600A000BC
:102950005AF8043B8DF81030012704AEBAE75AF854
:10296000046B784B002E08BF1E4614F0400F14BFB6
:1029700039464FF0FF31304601F06BF90746A9E7C1
:10298000009B41462020984700280FDB013CA742CE
:10299000F6D34D442D1BA1469EE74C46F7E714F8AD
:1029A000010B009B41469847002898DA98F80230BE
:1029B00043F0040388F802304FF0FF3528460BB08F
:1029C000BDE8F08F220630D5A3052AD50AF1070A03
:1029D0002AF007039A4659685AF8080B24F0100B9E
:1029E00000291FFA8BFB2FDA404261EB41014BF4C7
:1029F000806B04AC0A23224601F037F91BF0400F2C
:102A0000A0EB040200F08E802BF001049742A4B2E8
:102A100040F38F80002E40F08E802BF01104A4B282
:102A20001DE05AF8040BC117D8E7E0055AF8041B5B
:102A300001D40846F7E7A2054BBF48B208B241F3FC
:102A4000C01141F3C031C9E750EA0103D1D1630697
:102A5000CFD5002FCDD124F01104A4B23A463B4685
:102A600040F206410C4262D124E024F01004A4B2EA
:102A70000A2314F0800243D014F400711FBF0AF13E
:102A8000070A2AF007029246516814BF5AF8080B49
:102A90005AF8040B50EA01023ED124F0160B6206EC
:102AA0001FFA8BFB3CD5002F3AD124F01704A4B2B7
:102AB0003A463B4621075AD4E10705D5994572DDD0
:102AC000A9EB03039F184B469B464AE044F01004D1
:102AD00010237826CDE7782B04D1C6F1780343F094
:102AE0001003C6E7009B4146252098470028FFF6C3
:102AF0005DAF02354146304670E608230026B8E750
:102B000014F480715AF8040BC4D014F400711ABF85
:102B1000C0B2114680B2BDE724F006041FFA84FB60
:102B200004AC68E713465C46E10699D52EB901333B
:102B3000C0E71346F8E73B46F6E70233BAE700BFC3
:102B4000F9650200F2650200CDE902324146009BC0
:102B5000202098470028FFF629AFDDE902320BF16B
:102B6000010BD945F0DCEB1A03EB0B055B46E106E4
:102B700027D5CDE902324146009B302098470028F6
:102B8000FFF614AFDDE902327EB901352F44791B1F
:102B90008A4229DB144604AE9CBB2A44A9EB0309F4
:102BA0001546914442E017468EE7CDE902320235E0
:102BB00041463046009B98470028DDE90232E5DABD
:102BC000F4E640F206410C42E0D014F0020F14BFCC
:102BD0002B20202014F4806FCDE9023205F101058D
:102BE000414618BF2D20E5E7CDE902324146009B62
:102BF000302098470028DDE9023205F10105C6DAE8
:102C0000D4E6013CCDE90232305D009B4146984755
:102C10000028DDE90232BFDAC8E6009B41462020E9
:102C20009847002805F10105FFF6C0AEA9EB0503A2
:102C3000002BF2DCD7E500BF704700EBC1004088F5
:102C40004008704708B5FFF7F8FF084408BDF0B525
:102C5000034600EBC100161DC588A94209D1012118
:102C60009140DA6822EA0102DA60002243F8262065
:102C7000F0BD8788FC000634EA00185B814202F14F
:102C8000040202D1985A814207D0002181F31188B1
:102C9000BFF36F8F0421084602DF43F826501D530F
:102CA0009F52E5E708B50346FFF7C7FFB0FA80F289
:102CB000C2F11F021846BDE80840FFF7C8BFF8B5CB
:102CC0000346FFF7BAFFB0FA80F0C0F11F0003EB34
:102CD000800CCA00DCF81060171D0C4606328DB25D
:102CE00056B9012101FA00F0D9680143D960CCF846
:102CF0001040DD539D52F8BDF100043133F801C09E
:102D00004FEACC040634185B864208D0002080F3DA
:102D10001188BFF36F8F4FF0040E704602DF23F867
:102D200007C09E521D535D52E5E710B500EBC1038D
:102D300004465B88DB070A460ED4FFF783FF34F8AE
:102D40003030C01A814207D134F831102046511A70
:102D5000FFF778FF824207D0002383F31188BFF387
:102D60006F8F0423184602DF10BD2DE9F843B1FA36
:102D700081F3C3F11F0800EB88090546D9F81060FC
:102D80000A46A6B9C3F120034FF0FF349C40EB681C
:102D90001C401CD094FAA4F6B6FA86F6331D2846D9
:102DA00055F823402146FFF7C0FF32460BE034467A
:102DB000032721462846FFF740FF90420AD32846C2
:102DC000FFF7B3FF424621462846FFF740FF204663
:102DD000BDE8F88305EBC404013FE488C9F810405E
:102DE000D0D0A642E5D1CDE738B50446FFF725FFA0
:102DF0000D46034611462046FFF71FFF1A1892B2F0
:102E000004EBC50553006B802046FFF71BFF24F839
:102E1000302038BD70B50546FFF70FFF0B46511A3D
:102E200089B205EBC3049B1A03444E0066809CB232
:102E300005EBC2036000588025F832102846114681
:102E4000FFF700FF25F8304070BDF8B5002967D0C6
:102E500004680D1F2D1BEE0825F007056219538825
:102E600013F0010306D183F31188BFF36F8F04239E
:102E7000184602DF31462046FFF7E4FE34F83030D2
:102E8000C01A864207D0002383F31188BFF36F8FE7
:102E90000423184602DF615B2046711AFFF7D2FE59
:102EA000B04207D0002383F31188BFF36F8F042350
:102EB000184602DF538823F0010353803146204631
:102EC000FFF7C0FE04EBC00307465B88DA070CD4AB
:102ED00001462046FFF729FF39462046FFF7E2FE6C
:102EE0003A4631462046FFF77FFF655B751B04EBD2
:102EF000C5035B88DB070DD429462046FFF715FF85
:102F000029462046FFF7CEFE324629462046FFF7E7
:102F10006BFF2E4631462046BDE8F840FFF7CFBE96
:102F2000F8BD70B509B9002070BD056801F0070350
:102F30000B33CC0804EBD304AB689C4228BF1C467F
:102F400021462846FFF711FF06460028EBD0014630
:102F50002846FFF772FEA04207D932192846FFF72C
:102F600059FF11462846FFF7AAFE05EBC602104698
:102F7000538843F0010353800430D5E71146FFF72F
:102F8000D0BF002070470FB407B504A951F8040B57
:102F90000191F5F797FF03B05DF804EB04B07047BB
:102FA000002383F31188BFF36F8F0423184602DFD9
:102FB00070470FB407B504A951F8040B0191F5F758
:102FC00081FF03B05DF804EB04B07047838B13F00E
:102FD000070306D10368002B18BF032008BF002099
:102FE0007047022B05D1C08BB0FA80F040098000F9
:102FF0007047012B04D10368002B18BF0520EDE7B3
:103000000020704710B50C4600B111B96FF01500E3
:1030100010BD081D00F02FF80028F9D1A368032B7C
:10302000F6D9F3E72DE9F0410D4607461946281D6C
:1030300090461E46F6F72AFA044638B13346424611
:1030400029463846A446BDE8F0416047BDE8F08116
:1030500038B50C46054658B151B10B6843B14B68C1
:1030600033B12022002100F0D9FD2C61002038BDB1
:103070006FF01500FBE7034658B1426802F0030207
:10308000012A03D0032A04D1026812B100209860FB
:1030900070476FF0150070477047FEE700F0BEBD47
:1030A00000F095BD01460068F6F738BB08B5F6F7A5
:1030B00065FBBDE80840F6F745BF00210120F6F7A3
:1030C0002DBB6FF08500704761B662B680F3118842
:1030D000BFF36F8F704772B6002383F31188BFF37D
:1030E0006F8FBFF34F8F30BF62B6BFF36F8F7047E4
:1030F00072B6002383F31188BFF36F8FBFF34F8F36
:1031000020BF80F31188BFF36F8F62B6704720280D
:1031100009D9B0F1004F08D80138B0FA80F0C0F1F9
:103120001F0040007047082070473E2070477047DE
:10313000416A8968F7F7EAB938B50D461446114671
:10314000F7F702FB22462946BDE8384000F03FBDB4
:1031500010B50C460121F7F7F7FA047010BD10B551
:1031600003681C780121F7F70FFB204610BD0220F1
:10317000F7F7B8BBF8B5069F04690546C9B2EFF387
:10318000118C402080F31288BFF36F8F0C2606FB52
:103190000146B06C00F0070EBEF1010F11D1B7640B
:1031A00000268CF31188BFF36F8F46B90C2000FB0B
:1031B0000144C4E910236B6853F831309847304616
:1031C000F8BD00F0C00087420CBF6FF077064FF0EB
:1031D000FF36E6E713B580240094FFF7CBFF02B07B
:1031E00010BD0069CBB200EB431000211047104620
:1031F000FBF750BB00F0EFB900F0EEB98022F7F713
:103200002BBC4FF4AF607047002208B51146104642
:10321000FDF71AFD002818BF6FF0150008BD4368C0
:103220005B68D3F810350B600020704743685B681B
:1032300002EA010021EA0201C3F80805C3F80C15EF
:103240000020704743685B680020C3F8081570478A
:1032500043685B680020C3F80C15704743685B68DF
:10326000D3F8042521EA02001140C3F80805C3F889
:103270000C1500207047FAF73FBB30B54368136068
:10328000057A446804EBC504A34202D36FF0010041
:1032900030BD5C798C4203F10803F0D10020F7E7E0
:1032A00002690B4692E8030083E8030000207047A0
:1032B00043681B68D3F88004C3F8800470474268F1
:1032C0001368D3F8100150B19269002012780A7087
:1032D000C3F81001D3F8102101221A6070474FF093
:1032E000FF30704702680346D2F8580140B95B6866
:1032F000DB0706D4D2F82001003818BF0120704740
:103300000120704743681B68D3F80423D20517D502
:10331000D3F82021A2B1EFF31182402181F312886A
:10332000BFF36F8FD3F8201131B10021C3F8201102
:10333000D3F820110121D96082F31188BFF36F8F78
:10334000D3F85831704713B501AA0446FFF795FF2B
:10335000002805DB019B226819791868F8F77CF9C9
:1033600002B010BDF8B50022054601210220F6F793
:1033700037FD0220F6F704FD6B680121D868FFF7DE
:10338000E2FF29692846F8F73FFA00284CD16E6819
:10339000D6E9004313F001030ED02F6904F10C01AC
:1033A00007F1100204F5907000F069F900283ADB8B
:1033B000387CF9F7C9FE01230822C4F80025726998
:1033C000C4F8442501210022C4F84825A1606BB946
:1033D000D4F82031002BFBD0C4F82021D4F82031C0
:1033E0000123E3604FF48073C4F80433D4F85831F8
:1033F000002BFBD00021C4F800156D682C68E8682C
:10340000FFF7A1FF0823C4F800352A7A52B9AB6947
:10341000C4F834350123C4F83835C4F81021D4F881
:10342000102123600020F8BD6FF08500FBE710B588
:103430004FF0FF304FF0FF31F8F7B6FC044628B9E3
:10344000DDF7E0F9044618B1F8F7B6FC204610BDE8
:10345000F8F7B2FC2046F7F765FAF7E738B50B8ABC
:103460000D463BB101F10C00FFF779FE012818D0A1
:10347000022803D06FF01504204638BD4FF0FF300E
:103480004FF0FF31F8F790FC04460028F4D1E868CB
:10349000F0F723FD0446F8F78FFCACB1F8F7EEFF28
:1034A000EAE74FF0FF304FF0FF31F8F77DFC0446BC
:1034B0000028E1D1E868F9F783F80446F8F77CFCC6
:1034C000002CD9D1F8F7DAFF2846F7F7FBF80024EB
:1034D000D2E7F9F70BB810B532220446002100F00C
:1034E0009DFB202323708023A3706FF03F03637143
:1034F0006FF01B03A3722823A3732223E373042317
:10350000A3756FF008036376FF23A376E3767F232A
:103510002377302384F82030782384F822306FF02A
:10352000090384F82330012384F82430802384F8AD
:103530002630142384F82730412384F82D300C23BF
:1035400084F82F3010BD07B50346006899880090B5
:10355000ADF804109B798DF80630BDF803300A2BC6
:1035600028BF0A236846ADF80330E2F735FE03B002
:103570005DF804FB684620F007018D4601B5EEF7C3
:1035800029FFBDE8014085467047684620F00701E5
:103590008D4601B5EEF712FFBDE801408546704744
:1035A000684620F007018D4601B5EFF7F5FCBDE850
:1035B00001408546704708B5F5F7F4F8002008BDCE
:1035C000FDF7A0BA08B5F5F795FFF6F769F8BDE87D
:1035D0000840FDF797BA70470020F9F763BC7047C1
:1035E000EDF78ABB4FF08053D3F83021082A03BF90
:1035F000D3F83401B0FA80F0400900207047034648
:103600000020184700F064B910B502461168B1B146
:10361000BFF35B8FB1FA81F3C3F11F000123834035
:1036200021EA030352E8004F8C4204D142E8003CF7
:10363000BCF1000FF6D1BFF35B8FE7D110BD6FF087
:103640000B00FBE710B50368CB40DB0714D4012364
:103650008B400268BFF35B8F43EA020150E8004FE2
:10366000944204D140E8001CBCF1000FF6D1BFF336
:103670005B8FEED1002010BD6FF01500FBE770B539
:103680000C460021054608461646F9F73FFD48B9A5
:103690003378DB0003F1804303F5F833C3F81055AA
:1036A000C3F8144570BD43090AD0012B0BD14FF666
:1036B000FF7300F01F0023FA00F000F001007047D4
:1036C0004FF0FF33F5E70020704710B50446084679
:1036D000F9F742FD04EB4004207DC0F3401010BD1B
:1036E00010B504460846F9F737FD04EB4004A08AFC
:1036F00000F01C00003818BF012010BD10B50446B2
:103700000846F9F729FD04EB4004207DC0F3400092
:1037100010BD10B50446FFF7F1FF20B12046BDE80B
:103720001040FFF7D2BF10BD10B504460846F9F7A8
:1037300013FD04EB4004A08A400B10BD70B5044695
:1037400008461646F9F708FD08300D4634F81030E3
:10375000DA0509D5C3F3432304EBC302314654F819
:103760003330526828469847A3682BB1E268314647
:103770002846BDE87040184770BD2DE9F34101901F
:1037800001A8DDE908580C4617461E46F9F728FD42
:10379000019B391E18BF012100EB8300231E18BFB7
:1037A0000123002E43EA41030CBF00210C21002D10
:1037B00043EA01030CBF00214FF4E061B8F1000FB0
:1037C00043EA0103D0F800270CBF00214FF4403139
:1037D0000B4322EA030304B124780FB13F787F0042
:1037E0001C430EB13678B6003C438DB129780902EE
:1037F0003443B8F1000F03D098F800804FEA08482E
:10380000214341EA0801C0F8001702B0BDE8F08189
:103810002946EDE71FB50DF10F03019300238DF845
:103820000F1000931A461946FFF7A7FF05B05DF881
:1038300004FB2DE9F047002504468846D7B22E4602
:103840004FF00109AA46AF420CD1D4F87C3133B114
:103850000023C4F87C31D4F87C3146F00046304671
:10386000BDE8F0872846F9F7EFFCA0F580739B08C8
:1038700009FA03F318EA030F05D022581AB144F8E5
:1038800000A022581E430135EDB2DCE738B50446EE
:103890000D46FFF71AFFA8B12046FFF72FFF88B9A2
:1038A0002046FFF741FF226801238340C2F8083316
:1038B000236803EB8000D0F8103523F00303C0F831
:1038C000103538BD28460021BDE83840FFF7A2BFBB
:1038D00008B1F6F793BF704740B1C368587810F04D
:1038E00001001EBF1878B0FA80F040097047EFF36E
:1038F0001183402383F31288BFF36F8FFEE708B56F
:10390000FFF7F5FF10B400F10C04C0E903440024F4
:10391000446110BCF5F73EBA10B582696AB1C3685C
:1039200042EA0301890708D14169A2FB011424B9C5
:103930005B182CBF0121002102D36FF0150005E0B8
:1039400001619B1A42698A4201D8002010BD0269B8
:103950001A608269036101319B1AF3E710B5C0E96F
:1039600005320023C160C36183600446FFF7D4FFC2
:1039700008B9C4E9004410BD90F90E308B4201D063
:10398000FBF7CABE0020704703460020C3E90200CF
:10399000C3E90033704710B5044630B1026893079D
:1039A00003D0446809B100F00AF9204610BD07B5FC
:1039B0000123009300230A461946FAF723FE03B0B9
:1039C0005DF804FB07B500230A4600931946FAF791
:1039D00019FE03B05DF804FB3AB18A4205D3C0E991
:1039E0000212C0E90000002070476FF01500704718
:1039F000026801238B4022EA0303036022FA01F0EC
:103A000000F00100704720B100221146BC30FCF7E5
:103A100085BB704710B5FBF7CBF9041E08DDEFF34B
:103A20001180402383F31288BFF36F8FFBF74EFFA3
:103A3000204610BDEFF30580003818BF0120704705
:103A4000D0E9003213605A600023C0E900337047A8
:103A500038B504460D46FBF71FFC237C43F00203F8
:103A60002374D5B1A5602B689D4209D16B68C4E968
:103A700000531C606C6010E06A689A42F6D01B68C4
:103A8000002BF3D093F90E1094F90E209142F3DD40
:103A90005A68C4E9003214605C6038BD10B5037C1C
:103AA00013F0280F04460CD183680BB1FBF7CEFC52
:103AB000237C23F0040323742046BDE81040FBF769
:103AC00083BB10BDFBF77CBC38B504680546AC422F
:103AD0004FF0000000D138BD002CFCD02046FBF791
:103AE000B5FC04F11800FCF7E7FD2046FBF76CFB82
:103AF0002C680120A542EDE708B50246FCF7D2FC90
:103B000070B1D0E904319B1A61EBE272B3F1004F5E
:103B100072F1000104DA002AACBF1846002008BD8B
:103B20006FF00040FBE708B5FCF7F6FE08BDFCF7B8
:103B3000F3BEB3F1FF3F08BFB2F1FF3F70B50646D9
:103B40001D46144614D01A4316D0002B08DBFCF790
:103B5000E3FE041941EB0501C6E90041304670BDA2
:103B60006FF001031C1B4FF0FF3363EB0501F3E71C
:103B70004FF0FF342146EFE70024FBE7B3F1FF3FAE
:103B800008BFB2F1FF3FF8B5074616461C4610D0F5
:103B900054EA020311D0FCF7BFFEB0420A46A1412D
:103BA00003460AD2F31A64EB0204C7E9003438462C
:103BB000F8BD4FF0FF331C46F7E70023FBE720B1C9
:103BC000011F50F8040CFAF779B9704770470A449E
:103BD000914200F1FF3300D1704710B511F8014B4D
:103BE00003F8014F9142F9D110BD884210B501EBA5
:103BF000020402D98442234607D8431EA14207D0BB
:103C000011F8012B03F8012FF8E70244824200D19A
:103C100010BD13F8011D02F8011DF7E70244034629
:103C2000934200D1704703F8011BF9E710B5013941
:103C3000034632B111F8014F03F8014B013A002C51
:103C4000F7D11A440021934200D110BD03F8011BA3
:103C5000F9E710B5024601448A42134603D01C78A6
:103C60000132002CF8D1181A10BDF0B5C3F1370796
:103C70000446FFB203F01F031046082BE6B233D010
:103C8000102B3ED06508A40844EA817445EAC1754A
:103C90002D194FEA910242EB5102290941EA0271C2
:103CA0006D1842EB1212290A41EA02616D1842EBCB
:103CB0001222290C41EA02416D1842EB1242AD1862
:103CC00042F10002EC0844EA4274D10804EB840299
:103CD000A6EB4205EDB2092D0CD90134A5F10A0578
:103CE00041F10001EDB212E0E40844EA417406F04B
:103CF0000705C908303554EA010200F8015BBCD160
:103D0000F0BD240944EA017406F00F050909092DE4
:083D100084BFED19EDB2EDE7EF
:103D180021A8010000000000C5A701000000000064
:103D280000000000C03D02006DDE01000000000040
:103D380065DF01000000000000000000F83D0200FF
:103D480000000000DC3D020071CD01000000000011
:103D5800B735020000000000C13502000000000075
:103D680000000000303E020000000000143E020087
:103D7800000000004C3E0200C9BC01000000000029
:103D88002DA401000000000000000000683E0200B1
:103D980049CE010000000000C53502000000000007
:103DA800D90A020000000000D994010000000000B8
:083DB800C5BD01000000000080
:103DC000A953020074440200304002003402002073
:103DD000982D0020F9AA010000000000975502006C
:103DE0008C4402000C4002003A020020382E0020D1
:103DF000C5B5010000000000A5550200A044020066
:103E00000C4002003C020020442E0020C5B50100F9
:103E1000000000000A5402000000000004400200FC
:103E200036020020F42D002029B00100000000001F
:103E30007354020000000000844402003802002095
:103E4000000000000932020000000000B35502002B
:103E5000B44402004C4002003E0200207C010020DD
:103E60006533020000000000AE58020000000000B0
:103E7000F4440200400200205C2E00206DC30100CB
:043E8000000000003E
:103E8400E1350200FF35020000000000BB300200F3
:103E94004C3E02000533020000000000BB3002006B
:103EA40000000000BB30020000000000BB30020034
:103EB400E80000207732020000000000BB3002005E
:103EC40000000000BB30020000000000BB30020014
:103ED40000000000BB30020000000000BB30020004
:103EE40000000000BB300200F42D0020C1B001002E
:103EF40000000000BB30020000000000BB300200E4
:103F040000000000BB30020000000000B1BA010054
:103F140000000000BB30020000000000BB300200C3
:103F240000000000BB30020000000000BB300200B3
:103F340000000000BB30020000000000BB300200A3
:103F440000000000BB3002000000000005CE0100AC
:103F540000000000BB30020000000000BB30020083
:103F640000000000BB30020000000000BB30020073
:103F740000000000BB30020000000000BB30020063
:103F840000000000BB30020000000000BB30020053
:103F940000000000BB30020000000000BB30020043
:103FA40000000000BB30020000000000BB30020033
:103FB40000000000BB30020000000000BB30020023
:103FC40000000000BB30020000000000BB30020013
:103FD40000000000BB30020000000000BB30020003
:103FE40000000000BB30020000000000BB300200F3
:103FF40000000000BB30020000000000BB300200E3
:08400400ADAF0100D1AE0100D7
:10400C00BDB301001F3202002D3202004532020006
:10401C00513202005D320200ADB20100B1B10100BB
:04402C000000000090
:1040300051AB0100FD310200D5310200000000004B
:0C40400021AA01000000000000000000A8
:10404C00BF32020061B90100B132020009B80100AF
:04405C00A13202008B
:10406000040000000F000000010000000800000034
:104070002000000060000000700000001000000040
:104080000C0000000E000000500000007400000052
:10409000A8000000FFFFFFFFFFFFFFFFFFFFFFFF84
:0440A000FFFFFFFF20
:1040B0002526270001020303280400009042000087
:1040C000BE1100004C010000E80B00008604000057
:1040D00001020303010203030101000207000102C0
:1040E00004010001000001010000010001000001C5
:1040F0000001000000000000020B000001000B00A6
:1041000002000A00050009000A0008001400070068
:104110001E000600320005004B000400640003008E
:1041200096000200FA000100F401000001020303FE
:1041300002030001F401FA00960064004B00320013
:104140001E0014000A000500020001000C080217FE
:104150000D010102090901010602091818030101F4
:104160000909838385030201230202240910040440
:1041700005050B0B040B2B1B1B159A9A1C021D1615
:10418000130501490D150508061B1B0F0101000051
:10419000FEFEFEFEFEFEFEFEFEFEFEFEFEFEFEFE3F
:1041A000FEFEFEFEFE16FEFEFEFEFEFEFEFEFEFE17
:1041B000FEFE1F1FFE26FEFEFEFEFEFEFEFEFEFEB5
:1041C000FEFEFEFEFEFEFEFE3E3EFEFEFEFE3B3B15
:1041D00060009006BE022C01D012CE052804904249
:1041E000BE1164005006AE027205DA4308130001E6
:1041F0000202A301B103BF05EF024906A309C505E9
:10420000F50B25120102030301020303010204015D
:104210000203030028049042BE117205DA4308131A
:104220002C00D002CE010440100028049042BE11A0
:104230002C00D002CE01B400500BEE0364005006F7
:10424000AE02B400500BEE030102030328049042B7
:10425000BE1128049042BE110102030300010202B4
:1042600001000000101100400000000000000000EC
:1042700000000000000000000406080A0C0E1012E6
:104280001416181C1E20222426282A2C2E303234E4
:1042900036383A3C3E40424446484A4C4E021A5058
:1042A000000000002800000018000000500100007D
:1042B0005001000000000000141E0000301100003A
:1042C0003C730000B45F0000B80BD0076C396C3948
:1042D0000000000070170000A00F00003C28000044
:1042E0003C2800000000DC05E803D41700000000B3
:1042F000000000000000000000000000141E00008C
:104300003011000060EA000060EA000000002CA606
:10431000E0A120A820A8000000000000000000008C
:1043200000003408E803280A280A00000000000002
:1043300000000000E3A3C300010200050400080818
:104340000000D8ECF0F4F8FC0002030405060708AE
:10435000000000000000000000000000000000005D
:104360000000000001010101020202020303030335
:1043700004040404050505050606060809000000F6
:10438000000000000000000000000000000000002D
:1043900000010101010202020203030303040404F9
:1043A000040505050506060708090A0B0C0D001093
:1043B0000200FA0000000000000000000000000001
:1043C0000338FDD870470000000000009B30020059
:1043D000E0000020D8000020D000002000000000F5
:1043E000C80000200D9601000195010055950100BF
:1043F000B5950100000000200000000000000B0641
:1044000002000000084402000000000013520200F5
:1044100026000206000000201B52020022000B11A1
:10442000B9A40100000000002F3102002044020066
:104430003C44020020000000000000000053002067
:10444000204402005044020003010000000000006C
:10445000885400202044020064440200020100004D
:1044600000000000B4600020E5A90100D1AA01000D
:10447000000000005DAC010081AB0100F9310200D9
:10448000F531020035B1010000000000FFFF00001F
:1044900000030050E80000200000000001000000C0
:1044A000BCF801FF00000050E80000200000000000
:1044B000000000000020004001000000000000009B
:1044C000D04402000024F40046320020453200208F
:1044D00000200040DC44020001000000E44402002F
:1044E00004000000060000000500000208060001AC
:1044F0000706000341C201002F3402005D340200B0
:104500000800000003000000183D0200203D0200EA
:10451000803D0200883D0200B03D0200C03D020027
:10452000C46502000001000088130000FF8FFFFF38
:10453000FF8FFFFFFE8FFFFFFE8FFFFFFD8FFFFF4F
:10454000FC8FFFFFFC8FFFFF4661696C20746F20BA
:1045500061637175697265206D757465780A000014
:104560004661696C20746F20696E63726561736562
:1045700020504D20636F756E7465720A0000000054
:104580006D757465785F667265652063616C6C65D6
:10459000642077697468204E554C4C2070617261BC
:1045A0006D6574657200000043616E277420696E4A
:1045B000697469616C697A65206D757465782C2001
:1045C000776173204E554C4C0D0A000046617461B2
:1045D0006C206572726F7200436F756C64206E6F31
:1045E00074206C6F636B20706F77657220736176D7
:1045F00065206D7574657800647261676F6F6E2FEA
:104600006C6962732F73636865642F7372632F73B1
:10461000636865645F68616C5F7274632E630053E6
:1046200074617274696E672044544D2073616D70BB
:104630006C650A00526563656976656420322D7782
:1046400069726520636F6D6D616E6420307825300E
:1046500034580A004572726F722070726F6365730E
:1046600073696E6720322D7769726520636F6D6D97
:10467000616E64203078253034580A0053656E64CA
:10468000696E6720322D77697265206576656E7474
:10469000203078253034580A0053656E64696E679F
:1046A0002048434920636F6D6D616E6420746F20F4
:1046B0005344430A00556E657870656374656420E1
:1046C0007374617475732025642070726F636573F1
:1046D00073696E6720322D7769726520636F6D6D27
:1046E000616E64203078253034580A0057455354A1
:1046F0005F544F504449522F7A65706879722F6C1D
:1047000069622F686561702F686561702E6300288B
:10471000616C69676E20262028616C69676E202DA8
:1047200020312929203D3D2030004153534552542A
:10473000494F4E204641494C205B25735D20402067
:1047400025733A25640A0009616C69676E206D75EE
:104750007374206265206120706F776572206F66C8
:1047600020320A006279746573202F203855203C6E
:104770003D203078376666665500096865617020AF
:1047800073697A6520697320746F6F206269670AA4
:10479000006279746573203E20686561705F666FA2
:1047A0006F7465725F62797465732862797465737A
:1047B000290009686561702073697A652069732032
:1047C000746F6F20736D616C6C0A00686561705F57
:1047D000737A203E206368756E6B737A2873697AEA
:1047E000656F6628737472756374207A5F6865619B
:1047F000702929006368756E6B305F73697A652074
:104800002B206D696E5F6368756E6B5F73697A6587
:10481000286829203C3D20686561705F737A0057E5
:104820004553545F544F504449522F7A657068790C
:10483000722F696E636C7564652F7A657068797222
:104840002F6B65726E656C2E6800216B5F69735FFC
:104850007072655F6B65726E656C282900096B5F0D
:1048600063757272656E745F6765742063616C6CEA
:104870006564207072652D6B65726E656C0A0057F9
:104880004553545F544F504449522F7A65706879AC
:10489000722F6C69622F7574696C732F6F6E6F66FF
:1048A000662E63007374617465203D3D20305500B1
:1048B000217379735F736C6973745F69735F656D7E
:1048C00070747928266D67722D3E636C69656E740D
:1048D0007329007472616E73697420213D20282849
:1048E000766F6964202A2930290073746174652009
:1048F0003D3D202831554C203C3C202831292900C1
:104900006D67722D3E72656673203D3D20300073E9
:1049100074617465203D3D202831554C203C3C207D
:104920002830292900574553545F544F5044495269
:104930002F7A65706879722F696E636C7564652F64
:104940007A65706879722F7370696E6C6F636B2E05
:1049500068007A5F7370696E5F756E6C6F636B5F12
:1049600076616C6964286C2900094E6F74206D793A
:10497000207370696E6C6F636B2025700A007A5F1C
:104980007370696E5F6C6F636B5F76616C696428CE
:104990006C290009496E76616C6964207370696ED8
:1049A0006C6F636B2025700A00574553545F544F5A
:1049B000504449522F7A65706879722F6C69622F62
:1049C0007574696C732F6E6F746966792E63002A33
:1049D0002A2A20426F6F74696E67206E5246204308
:1049E0006F6E6E6563742053444B2076332E342EE5
:1049F000302D393935353330353536303762202A68
:104A00002A2A0A002A2A2A205573696E67205A65C5
:104A100070687972204F532076342E342E302D62F8
:104A20006638303165346533643139202A2A2A0AE0
:104A3000006D757465785F696E69742063616C6C74
:104A400065642077697468204E554C4C2070617203
:104A5000616D6574657200436F756C64206E6F7470
:104A600020616C6C6F63617465206D75746578206E
:104A70006265666F726520696E697469616C697AD6
:104A8000696E670072302F61313A2020307825300E
:104A90003878202072312F61323A2020307825304A
:104AA0003878202072322F61333A20203078253038
:104AB00038780A0072332F61343A2020307825305C
:104AC0003878207231322F69703A202030782530C2
:104AD0003878207231342F6C723A202030782530AB
:104AE00038780A0020787073723A202030782530A8
:104AF00038780A004661756C74696E6720696E7358
:104B00007472756374696F6E206164647265737327
:104B100020287231352F7063293A203078253038BB
:104B2000780A00556E68616E646C65642049525164
:104B30006E3A2025640A002A2A2A2A2A204D505536
:104B4000204641554C54202A2A2A2A2A0A0020208D
:104B5000537461636B696E67206572726F7220288F
:104B6000636F6E746578742061726561206D69672A
:104B70006874206265206E6F742076616C696429A8
:104B80000A002020556E737461636B696E6720653F
:104B900072726F720A002020446174612041636365
:104BA0006573732056696F6C6174696F6E0A0020BB
:104BB000204D4D46415220416464726573733A2022
:104BC000307825780A002020496E737472756374FA
:104BD000696F6E204163636573732056696F6C6102
:104BE00074696F6E0A002020466C6F6174696E678D
:104BF0002D706F696E74206C617A792073746174A2
:104C00006520707265736572766174696F6E206578
:104C100072726F720A00574553545F544F504449A3
:104C2000522F7A65706879722F617263682F617292
:104C30006D2F636F72652F636F727465785F6D2F70
:104C40006661756C742E6300212828285343425FE7
:104C500054797065202A2920282830784530303052
:104C600045303030554C29202B20307830443030BE
:104C7000554C2920292D3E434653522026202831C9
:104C8000554C203C3C20283055202B2034552929D8
:104C9000290009537461636B696E67206572726FD6
:104CA00072206E6F74206120737461636B20666183
:104CB000696C0A0A002A2A2A2A2A205553414745A4
:104CC000204641554C54202A2A2A2A2A0A0020200C
:104CD0004469766973696F6E206279207A65726FB4
:104CE0000A002020556E616C69676E6564206D65F1
:104CF0006D6F7279206163636573730A0020204EC3
:104D00006F20636F70726F636573736F7220696E6B
:104D1000737472756374696F6E730A002020496C36
:104D20006C6567616C206C6F6164206F662045580C
:104D3000435F52455455524E20696E746F20504364
:104D40000A002020496C6C6567616C2075736520D2
:104D50006F662074686520455053520A0020204138
:104D60007474656D707420746F20657865637574F4
:104D70006520756E646566696E656420696E73741E
:104D800072756374696F6E0A002A2A2A2A2A2042E1
:104D90005553204641554C54202A2A2A2A2A0A00D3
:104DA0002020537461636B696E67206572726F7245
:104DB0000A00202050726563697365206461746124
:104DC00020627573206572726F720A00202042465D
:104DD000415220416464726573733A2030782578BB
:104DE0000A002020496D70726563697365206461F3
:104DF000746120627573206572726F720A002020E0
:104E0000496E737472756374696F6E206275732076
:104E10006572726F720A00526573657276656420FE
:104E2000457863657074696F6E20280053707572E1
:104E3000696F757320696E7465727275707420285D
:104E40004952512000535053454C20696E207468DC
:104E500072656164206D6F646520646F6573206E98
:104E60006F7420696E646963617465205053500AE1
:104E70000065736620213D202828766F6964202A0A
:104E8000293029000945534620636F756C64206EF4
:104E90006F7420626520726574726965766564203E
:104EA0007375636365737366756C6C792E205368D4
:104EB000616C6C206E65766572206F636375722E0F
:104EC0000A002A2A2A2A2A204841524420464155CB
:104ED0004C54202A2A2A2A2A0A00202042757320AC
:104EE0006661756C74206F6E20766563746F7220D6
:104EF0007461626C6520726561640A0020204465FB
:104F0000627567206576656E740A002020466175BB
:104F10006C7420657363616C6174696F6E202873B3
:104F200065652062656C6F77290A00415243485FCE
:104F30004558434550542077697468207265617301
:104F40006F6E2025780A0A00094661756C74206529
:104F50007363616C6174696F6E20776974686F75D3
:104F6000742046535220696E666F0A0009486172C8
:104F7000644661756C7420776974686F7574204835
:104F800046535220696E666F205368616C6C206EC8
:104F900065766572206F636375720A002A2A2A2A71
:104FA0002A204465627567206D6F6E69746F722088
:104FB000657863657074696F6E202A2A2A2A2A0A26
:104FC000002A2A2A2A2A20257320256429202A2A11
:104FD0002A2A2A0A00574553545F544F50444952D5
:104FE0002F7A65706879722F617263682F61726DB4
:104FF0002F636F72652F636F727465785F6D2F69B1
:1050000072715F6D616E6167652E63007072696FAA
:10501000203C3D20282831554C203C3C2028332979
:1050200029202D2031290009696E76616C69642080
:105030007072696F7269747920256420666F7220BE
:10504000256420697271212076616C756573206D0D
:10505000757374206265206C657373207468616E6B
:1050600020256C750A0A00574553545F544F50442D
:1050700049522F7A65706879722F617263682F6167
:10508000726D2F636F72652F6D70752F61726D5F1A
:105090006D70752E630009436F6E6669677572697E
:1050A0006E6720257520737461746963204D5055B7
:1050B00020726567696F6E73206661696C65640A4A
:1050C0000A0009436F6E6669677572696E6720250D
:1050D000752064796E616D6963204D50552072654D
:1050E00067696F6E73206661696C65640A0A0009FE
:1050F0005265717565737420746F20636F6E666995
:10510000677572653A20257520726567696F6E73E1
:105110002028737570706F727465643A2025752944
:105120000A0A002128726567696F6E5B6964785DA1
:105130002E64745F617474722026202831554C20CF
:105140003C3C202830292929000952414D5F4E4F0F
:10515000434143484520776974682044545F4D4576
:105160004D5F434143484541424C45206174747250
:1051700069627574650A0A00094661696C65642094
:10518000746F20616C6C6F63617465204D505520A5
:10519000726567696F6E732066726F6D2044540A82
:1051A0000A002828284D50555F54797065202A2917
:1051B00020282830784530303045303030554C2963
:1051C000202B20307830443930554C2920292D3E71
:1051D000545950452026202830784646554C203CCE
:1051E0003C2038552929203E3E203855203D3D2081
:1051F000380009496E76616C6964206E756D626570
:1052000072206F66204D505520726567696F6E730E
:105210000A0A00464C4153485F30005352414D5FEB
:105220003000574553545F544F504449522F7A65CC
:10523000706879722F6C69622F6E65745F62756633
:105240002F6275662E63006275662D3E6672616719
:1052500073203D3D202828766F6964202A29302953
:1052600000706F6F6C007265715F73697A65203CC6
:105270003D2073697A65006C69737400627566001D
:105280006275662D3E72656600096275662025703E
:1052900020646F75626C6520667265650A0057450B
:1052A00053545F544F504449522F7A657068797255
:1052B0002F6C69622F6E65745F6275662F6275660A
:1052C0005F73696D706C652E63006275662D3E6C50
:1052D000656E203D3D203055006E65745F627566D9
:1052E0005F73696D706C655F7461696C726F6F6D0F
:1052F0002862756629203E3D206C656E00627566E9
:105300002D3E6C656E203E3D206C656E005745530A
:10531000545F544F504449522F7A65706879722F08
:10532000696E636C7564652F7A65706879722F6237
:105330006C7565746F6F74682F6275662E680057A0
:105340004553545F544F504449522F7A65706879E1
:10535000722F647269766572732F636C6F636B5F13
:10536000636F6E74726F6C2F636C6F636B5F636FD0
:105370006E74726F6C5F6E72662E63007479706506
:10538000203C20434C4F434B5F434F4E54524F4CB5
:105390005F4E52465F545950455F434F554E54003F
:1053A000657272203E3D203000636C6F636B403449
:1053B0003030303030303000574553545F544F5008
:1053C0004449522F7A65706879722F6472697665E4
:1053D00072732F656E74726F70792F656E74726F51
:1053E00070795F6E7266352E630026656E74726F1B
:1053F00070795F6E7266355F64617461203D3D2037
:105400006465762D3E646174610072616E646F6DD7
:1054100040343030306430303000574553545F549E
:105420004F504449522F6E72662F647269766572CE
:10543000732F656E74726F70792F656E74726F70F2
:10544000795F63633378782E630064657620213D4D
:10545000202828766F6964202A2930290062756621
:1054600066657220213D202828766F6964202A29EC
:1054700030290063727970746F403530303261309A
:10548000303000574553545F544F504449522F7A9F
:1054900065706879722F696E636C7564652F7A65C3
:1054A000706879722F647269766572732F6770699C
:1054B0006F2F6770696F5F7574696C732E68006316
:1054C000616C6C6261636B00094E6F2063616C6C90
:1054D0006261636B210A0063616C6C6261636B2DB6
:1054E0003E68616E646C657200094E6F2063616C8A
:1054F0006C6261636B2068616E646C6572210A0086
:10550000574553545F544F504449522F6D6F647543
:105510006C65732F68616C2F6E6F726469632F6E98
:105520007266782F68616C2F6E72665F6770696F44
:105530002E68006E72665F6770696F5F70696E5F7C
:1055400070726573656E745F636865636B282A703B
:105550005F70696E2900574553545F544F5044495A
:10556000522F7A65706879722F64726976657273EA
:105570002F6770696F2F6770696F5F6E7266782E24
:105580006300657272203D3D20300063622D3E68ED
:10559000616E646C6572006770696F4035303030E1
:1055A00030333030006770696F4035303030303024
:1055B0003030007561727440343030303230303009
:1055C00000574553545F544F504449522F6E7266F2
:1055D0002F6C69622F64746D5F74776F7769726581
:1055E0002F64746D5F74776F776972655F746F5F36
:1055F0006863692E6300706172616D5F6C656E2017
:105600003D3D2073697A656F6628737472756374A3
:105610002062745F6863695F72705F6C655F72655A
:1056200061645F6D61785F646174615F6C656E2950
:1056300000706172616D5F6C656E203D3D20736925
:105640007A656F66287374727563742062745F681C
:1056500063695F72705F6C655F726561645F616EE4
:10566000745F696E666F2900706172616D5F6C6551
:105670006E203D3D2073697A656F6628737472757C
:1056800063742062745F6863695F72705F6C655FEA
:10569000726561645F616C6C5F6C6F63616C5F739A
:1056A0007570706F727465645F666561747572653C
:1056B000732900706172616D5F6C656E203D3D20E5
:1056C00073697A656F662873747275637420627487
:1056D0005F6863695F72705F6C655F726561645F6C
:1056E00074785F706F7765722900706172616D5FA9
:1056F0006C656E203D3D2073697A656F6628737412
:10570000727563742062745F6863695F6576745F45
:1057100063635F7374617475732900706172616D86
:105720005F6C656E203D3D2073697A656F662873F6
:1057300074727563742062745F6863695F72705F0E
:105740006C655F746573745F656E642900574553BB
:10575000545F544F504449522F6E72662F737562D6
:105760007379732F626C7565746F6F74682F636FD4
:105770006E74726F6C6C65722F6863695F647269B6
:105780007665722E630009536F66744465766963AB
:105790006520436F6E74726F6C6C65722041535359
:1057A0004552543A2025732C2025640A0A00574597
:1057B00053545F544F504449522F7A657068797240
:1057C0002F696E636C7564652F7A65706879722FC6
:1057D000647269766572732F656E74726F70792E5C
:1057E00068006170692D3E6765745F656E74726FE5
:1057F000707920213D202828766F6964202A29307D
:1058000029000943616C6C6261636B20706F696E83
:105810007465722073686F756C64206E6F7420629B
:1058200065204E554C4C0A000954686520656E741D
:10583000726F707920736F7572636520726574750D
:10584000726E656420616E206572726F7220696E7F
:10585000206120626C6F636B696E672063616C6CA2
:105860000A00574553545F544F504449522F6E72AB
:10587000662F696E636C7564652F6D70736C2F6D28
:1058800070736C5F776F726B2E6800096B5F776F58
:10589000726B5F7375626D69745F746F5F7175654C
:1058A00075652829206661696C65642E0A0062743A
:1058B0005F6863695F73646300574553545F544F77
:1058C000504449522F6E72662F7375627379732F2D
:1058D0006D70736C2F696E69742F6D70736C5F6976
:1058E0006E69742E6300094D50534C20415353454B
:1058F00052543A2025732C2025640A0A00657272DE
:10590000636F6465203D3D2030004D50534C20575F
:105910006F726B00574553545F544F504449522F98
:105920006E72662F647269766572732F6D70736C18
:105930002F636C6F636B5F636F6E74726F6C2F6E2F
:105940007266785F636C6F636B5F6D70736C2E63F0
:1059500000094E6F7420737570706F727465640AFD
:1059600000574553545F544F504449522F6D6F6454
:10597000756C65732F68616C2F6E6F726469632F2D
:105980006E7266782F68656C706572732F6E7266C2
:10599000785F677070695F7070692E6300705F6711
:1059A00070706920213D202828766F6964202A299B
:1059B000302900574553545F544F504449522F6D7E
:1059C0006F64756C65732F68616C2F6E6F7264699C
:1059D000632F6E7266782F647269766572732F73A7
:1059E00072632F6E7266785F6770696F74652E637D
:1059F00000574553545F544F504449522F6D6F64C4
:105A0000756C65732F68616C2F6E6F726469632F9C
:105A10006E7266782F68616C2F6E72665F67706950
:105A20006F74652E6800696E646578203C203800CC
:105A3000705F696E7374616E636500705F63686147
:105A40006E6E656C0070696E5F6861735F74726919
:105A50006767657228705F696E7374616E63652C29
:105A60002070696E2900696E745F656E61626C6595
:105A700000574553545F544F504449522F7A657034
:105A80006879722F6B65726E656C2F6465766963D9
:105A9000652E63007263203E3D202D2830786666B7
:105AA00029202626207263203C2030000964657678
:105AB00069636520257320696E69743A20696E7682
:105AC000616C6964206572726F7220282564290AEE
:105AD00000574553545F544F504449522F7A6570D4
:105AE0006879722F6B65726E656C2F666174616C7C
:105AF0002E6300726561736F6E20213D204B5F4500
:105B000052525F4B45524E454C5F50414E49430007
:105B100009417474656D7074656420746F207265DA
:105B2000636F7665722066726F6D2061206B65729F
:105B30006E656C2070616E696320636F6E6469745A
:105B4000696F6E0A00574553545F544F5044495291
:105B50002F7A65706879722F6B65726E656C2F692C
:105B60006E69742E63007468726561645F64617449
:105B700061203C3D205F5F7374617469635F74688A
:105B8000726561645F646174615F6C6973745F65A1
:105B90006E640009756E6578706563746564206C69
:105BA00069737420656E64206C6F636174696F6ED5
:105BB0000A0069646C6500646576203C3D205F6482
:105BC00065766963655F6C6973745F656E64006DAB
:105BD00061696E00574553545F544F504449522FEA
:105BE0007A65706879722F6B65726E656C2F6B6861
:105BF0006561702E630021617263685F69735F691C
:105C00006E5F6973722829207C7C20282874696D56
:105C1000656F7574292E7469636B73203D3D202870
:105C200028286B5F74696D656F75745F74297B30AC
:105C30007D29292E7469636B732900090A00686540
:105C40006170203C3D205F6B5F686561705F6C69CF
:105C500073745F656E6400574553545F544F5044EE
:105C600049522F7A65706879722F6B65726E656C18
:105C70002F6D656D5F736C61622E6300736C616282
:105C8000203C3D205F6B5F6D656D5F736C61625F93
:105C90006C6973745F656E640028736C61622D3E7D
:105CA000667265655F6C697374203D3D20282876B7
:105CB0006F6964202A29302920262620736C6162AE
:105CC0002D3E696E666F2E6E756D5F75736564200F
:105CD0003D3D20736C61622D3E696E666F2E6E7560
:105CE0006D5F626C6F636B7329207C7C20736C61C9
:105CF000625F7074725F69735F676F6F6428736C43
:105D000061622C20736C61622D3E667265655F6C0A
:105D1000697374290009736C616220636F72727514
:105D20007074696F6E2064657465637465640A00DD
:105D300009496E76616C6964206D656D6F727920BA
:105D4000706F696E7465722070726F7669646564D5
:105D50000A00574553545F544F504449522F7A65B7
:105D6000706879722F6B65726E656C2F696E636CEB
:105D70007564652F6B73636865642E6800216172BA
:105D800063685F6972715F756E6C6F636B656428C1
:105D90006B657929007468726561642D3E62617378
:105DA000652E70656E6465645F6F6E005745535471
:105DB0005F544F504449522F7A65706879722F6B47
:105DC00065726E656C2F69646C652E63005F6B6530
:105DD000726E656C2E637075735B305D2E637572C9
:105DE00072656E742D3E626173652E7072696F20EC
:105DF0003E3D203000574553545F544F5044495264
:105E00002F7A65706879722F6B65726E656C2F6D75
:105E1000757465782E630021617263685F69735FD2
:105E2000696E5F697372282900096D7574657865FC
:105E3000732063616E6E6F74206265207573656494
:105E400020696E7369646520495352730A006D7549
:105E50007465782D3E6C6F636B5F636F756E742035
:105E60003E20305500574553545F544F50444952DB
:105E70002F7A65706879722F6B65726E656C2F73FF
:105E8000656D2E63002828617263685F69735F69BE
:105E90006E5F6973722829203D3D203029207C7C6B
:105EA00020282874696D656F7574292E7469636B79
:105EB00073203D3D202828286B5F74696D656F75E0
:105EC000745F74297B307D29292E7469636B732973
:105ED0002900574553545F544F504449522F7A6517
:105EE000706879722F6B65726E656C2F776F726B4D
:105EF0002E6300776F726B2D3E717565756520217D
:105F00003D202828766F6964202A29302900776F80
:105F1000726B20213D202828766F6964202A293061
:105F20002900776F726B2D3E68616E646C6572201C
:105F3000213D202828766F6964202A2930290021F4
:105F4000666C61675F746573742826717565756525
:105F50002D3E666C6167732C204B5F574F524B5F31
:105F600051554555455F535441525445445F42494C
:105F7000542900717565756500737461636B005712
:105F80004553545F544F504449522F7A6570687995
:105F9000722F6B65726E656C2F7468726561642E0A
:105FA0006300282828287072696F2929203D3D2028
:105FB0003135202626207A5F69735F69646C655FDE
:105FC0007468726561645F656E7472792828656EA5
:105FD000747279292929207C7C20282828313520B1
:105FE0002D203129203E3D2028282D3136292929F0
:105FF0002026262028287072696F2929203E3D20FE
:1060000028282D3136292920262620282870726933
:106010006F2929203C3D20283135202D2031292988
:10602000290009696E76616C6964207072696F720B
:1060300069747920282564293B20616C6C6F776531
:10604000642072616E67653A20256420746F202594
:10605000640A000954687265616473206D61792077
:106060006E6F742062652063726561746564206977
:106070006E20495352730A00574553545F544F5092
:106080004449522F7A65706879722F6B65726E651C
:106090006C2F73636865642E6300217A5F69735F98
:1060A00069646C655F7468726561645F6F626A657C
:1060B0006374287468726561642900574553545F9E
:1060C000544F504449522F7A65706879722F6B652E
:1060D000726E656C2F696E636C7564652F6B746886
:1060E000726561642E68005F6B65726E656C2E630D
:1060F0007075735B305D2E63757272656E742021EE
:106100003D202828766F6964202A293029002169DA
:10611000735F7468726561645F64756D6D7928740E
:1061200068726561642900574553545F544F504469
:1061300049522F7A65706879722F6B65726E656C43
:106140002F696E636C7564652F6B737761702E6851
:1061500000617263685F6972715F756E6C6F636B0B
:106160006564286B657929207C7C205F6B65726E85
:10617000656C2E637075735B305D2E63757272652E
:106180006E742D3E626173652E7468726561645F22
:10619000737461746520262028282831554C203CD2
:1061A0003C202830292929207C20282831554C20C2
:1061B0003C3C202833292929290009436F6E746546
:1061C000787420737769746368696E67207768698B
:1061D0006C6520686F6C64696E67206C6F636B21FF
:1061E0000A0073697A656F66285F73636865645F28
:1061F0007370696E6C6F636B29203D3D2030207C8D
:106200007C206C6F636B20213D20265F7363686583
:10621000645F7370696E6C6F636B005F6B65726E49
:10622000656C2E637075735B305D2E63757272657D
:106230006E742D3E626173652E73636865645F6C76
:106240006F636B656420213D203155005F6B657283
:106250006E656C2E637075735B305D2E6375727244
:10626000656E742D3E626173652E73636865645F4D
:106270006C6F636B656420213D203055002174658F
:10628000726D696E617465000961626F7274656434
:10629000205F63757272656E74206261636B206645
:1062A000726F6D20646561640A0021657373656EA9
:1062B0007469616C000961626F7274656420657352
:1062C00073656E7469616C20746872656164202501
:1062D000700A00574553545F544F504449522F7A27
:1062E00065706879722F6B65726E656C2F74696D5D
:1062F00065736C6963696E672E6300282874696D25
:10630000656F75742920262620282875696E74709B
:1063100074725F742928736C6963655F74696D6555
:106320006F7574732929203C3D20282875696E7487
:106330007074725F74292874696D656F757429298A
:1063400020262620282875696E747074725F74295F
:106350002874696D656F75742929203C202828757B
:10636000696E747074725F7429282628736C69636F
:10637000655F74696D656F757473295B282873692F
:106380007A655F7429282828696E742973697A658B
:106390006F6628636861725B31202D202832202AC5
:1063A000202128215F5F6275696C74696E5F747962
:1063B0007065735F636F6D70617469626C655F7047
:1063C000285F5F747970656F665F5F28736C6963BF
:1063D000655F74696D656F757473292C205F5F74D8
:1063E0007970656F665F5F282628736C6963655FE7
:1063F00074696D656F757473295B305D292929296E
:106400005D29202D203129202B202873697A656F82
:106410006628736C6963655F74696D656F75747305
:1064200029202F2073697A656F662828736C696349
:10643000655F74696D656F757473295B305D2929BB
:1064400029295D29292026262028282875696E7487
:106450007074725F74292874696D656F7574292969
:10646000202D20282875696E747074725F74292835
:10647000736C6963655F74696D656F7574732929E1
:106480002920252073697A656F662828736C6963F3
:10649000655F74696D656F757473295B305D292064
:1064A0003D3D20302900574553545F544F504449D7
:1064B000522F7A65706879722F6B65726E656C2FDA
:1064C0007468726561645F6D6F6E69746F722E635C
:1064D00000757365725F636220213D202828766F06
:1064E0006964202A2930290009757365725F636227
:1064F0002063616E206E6F74206265204E554C4C97
:106500000A00574553545F544F504449522F7A65FF
:10651000706879722F6B65726E656C2F74696D652A
:106520006F75742E6300217379735F646E6F646599
:106530005F69735F6C696E6B65642826746F2D3EAE
:106540006E6F64652900574553545F544F5044495A
:10655000522F7A65706879722F6B65726E656C2F39
:106560006D656D706F6F6C2E6300616C69676E2076
:106570003D3D2030207C7C20282875696E74707425
:10658000725F74296D656D20262028616C69676EC5
:10659000202D20312929203D3D203000096D6973CF
:1065A000616C69676E6564206D656D6F72792061DD
:1065B000742025702028616C69676E203D20257A43
:1065C00075290A00737973776F726B7100FFFFFF93
:1065D000FF1F00418866AA1AFFFF443300C8DA3063
:1065E00098F9F034A44B6EBAD30819CC0CEA51DAFE
:1065F0004700286E756C6C29002A666C6F61742ADE
:10660000000001020304050607002030303030305E
:0C661000303030303030303030000100CD
:10661C00FFFFFFFFFF1F00001F0000000000000035
:10662C007FFE0000E40700001D4000000000000099
:10663C000000000000000000FFFFFFFF1FFF1B0019
:10664C00BAABBABA10101010A0354D00FF00000004
:10665C00C4090000000000000080004000000000A1
:10666C00000000000C0000000000000000FF7F0094
:10667C0000000000035601000000000083550100DB
:10668C00000000005D70000000000000CF5501000C
:10669C0000000000CB550100000000002F56010047
:1066AC0000000000E755010000000000FF5501004C
:1066BC00000000007F550100000000007B55010028
:1066CC000000000050090100FF000000D43A010056
:1066DC0001000000832F02006C0200203A00000031
:1066EC00800200203A000000440200203A00000022
:1066FC00940200203A0000000060004000000000FE
:10670C00000000000000000000000000000000007D
:10671C00000000000000000000000000000000006D
:10672C00000000000000000000000000000000005D
:10673C00000000000000000000000000000000004D
:10674C00000000000000000000000000000000003D
:10675C00000000000000000000000000000000002D
:10676C00000000000000000000000000000000001D
:10677C00000000000000000000000000000000000D
:10678C000000000000000000683E020000C2010092
:10679C0000010300000000000000000000000000E9
:1067AC000090D003FF000000900200009C0100202C
:1067BC009C01002000000000490B02000002002098
:1067CC00F8010020F001002000000000E80100208A
:1067DC00A1100200ED0F020021100200691002004E
:1067EC00D8010020E00100203C3000203A00003AA3
:1067FC00403000203A00003A443000203A00003A81
:10680C00483000203A00003A4C3000203A00003A60
:10681C00503000203A00003A35030000CB00000055
:10682C005100000068300020D0010020D40100206D
:10683C0028020020BC010020B4010020B00100207F
:04684C00AC0100207B
:106850000000000000000000000000000000000038
:10686000440200204402002000000000000000005C
:106870000E00000058020020580200200000000016
:10688000000000000E0000006C0200206C020020DE
:1068900000000000000000000E0000008002002048
:1068A0008002002000000000000000000E00000038
:1068B000940200209402002000000000000000006C
:0468C0000E000000C6
:1068C400000000000000000000000000B4020020EE
:0468D400B4020020EA
:1068D800000000000000000000000000C8020020C6
:1068E800C8020020000000000700070000000000A8
:1068F800000000002C440200E053002000000000CB
:106908000000000000000000F4020020F402002053
:10691800000000000B000B00000000000000000059
:1069280040440200AC5F00200000000000000000AE
:1069380000000000200300202003002000000000C9
:106948000A000A000000000041A8010054440200A7
:04695800C86A0020E9
:04695C0015E015E04D
:0400000310009C75D8
:00000001FF
