:10000000904C0020C18601006D100200AD860100F9
:10001000AD860100AD860100AD860100AD86010010
:1000200000000000000000000000000099870100AF
:10003000AD8601000000000085890100AD86010049
:100040000D8A01000D8A01000D8A01000D8A010050
:100050000D8A01000D8A01000D8A01000D8A010040
:100060000D8A01000D8A01000D8A01000D8A010030
:100070000D8A01000D8A01000D8A01000D8A010020
:100080000D8A01000D8A01000D8A01000D8A010010
:100090000D8A01000D8A01000D8A01000D8A010000
:1000A0000D8A01000D8A01000D8A01000D8A0100F0
:1000B0000D8A01000D8A01000D8A01000D8A0100E0
:1000C0000D8A01000D8A01000D8A01000D8A0100D0
:1000D0000D8A01000D8A01000D8A01000D8A0100C0
:1000E0000D8A01000D8A01000D8A01000D8A0100B0
:1000F0000D8A01000D8A01000D8A01000D8A0100A0
:100100000D8A01000D8A01000D8A01000D8A01008F
:100110000D8A01000D8A01000D8A01000D8A01007F
:100120000D8A01000D8A01000D8A01000D8A01006F
:100130000D8A01000D8A01000D8A01000D8A01005F
:100140000D8A01000D8A01000D8A01000D8A01004F
:100150000D8A01000D8A01000D8A01000D8A01003F
:100160000D8A01000D8A01000D8A01000D8A01002F
:100170000D8A01000D8A01000D8A01000D8A01001F
:100180000D8A01000D8A01000D8A01000D8A01000F
:100190000D8A01000D8A01000D8A01000D8A0100FF
:1001A0000D8A01000D8A01000D8A01000D8A0100EF
:1001B0000D8A01000D8A01000D8A01000D8A0100DF
:1001C0000D8A01000D8A01000D8A01000D8A0100CF
:1001D0000D8A01000D8A01000D8A01000D8A0100BF
:1001E0000D8A01000D8A01000D8A01000D8A0100AF
:1001F0000D8A01000D8A01000D8A01000D8A01009F
:100200000D8A01000D8A01000D8A01000D8A01008E
:100210000D8A01000D8A01000D8A01000D8A01007E
:100220000D8A01000D8A01000D8A01000D8A01006E
:100230000D8A01000D8A01000D8A01000D8A01005E
:100240000D8A01000D8A01000D8A01000D8A01004E
:100250000D8A01000D1502000D8A01000D8A0100B2
:100260000D8A01000D8A0100F71402000D8A0100B9
:100270000D8A01000D8A01000D8A01000D8A01001E
:100280000D8A01000D8A01000D8A01000D8A01000E
:100290000D8A01000D8A01000D8A01000D8A0100FE
:1002A0000D8A01000D8A01000D8A01000D8A0100EE
:1002B0000D8A01000D8A01000D8A01000D8A0100DE
:1002C0000D8A01000D8A01000D8A01000D8A0100CE
:1002D0000D8A01000D8A01000D8A01000D8A0100BE
:1002E0000D8A01000D8A01000D8A01000D8A0100AE
:1002F0000D8A01000D8A01000D8A01000D8A01009E
:100300000D8A01000D8A01000D8A01000D8A01008D
:100310000D8A01000D8A01000D8A01000D8A01007D
:100320000D8A01000D8A01000D8A01000D8A01006D
:100330000D8A01000D8A01000D8A01000D8A01005D
:100340000D8A01000D8A01000D8A01000D8A01004D
:100350000D8A01000D8A01000D8A01000D8A01003D
:100360000D8A01000D8A01000D8A01000D8A01002D
:100370000D8A01000D8A01000D8A01000D8A01001D
:100380000D8A01000D8A01000D8A01000D8A01000D
:100390000D8A01000D8A01000D8A01000D8A0100FD
:1003A0000D8A01000D8A01000D8A01000D8A0100ED
:1003B0000D8A01000D8A01000D8A01000D8A0100DD
:1003C0000D8A01000D8A01000D8A01000D8A0100CD
:1003D0000D8A0100231502000D8A01000D8A01001B
:1003E0000D8A01000D8A01000D8A01000D8A0100AD
:1003F0000D8A01000D8A01000D8A01000D8A01009D
:100400000D8A01000D8A01000D8A01000D8A01008C
:100410000D8A01000D8A01000D8A01000D8A01007C
:100420000D8A01000D8A01000D8A01000D8A01006C
:100430000D8A01000D8A01000D8A01000D8A01005C
:100440000D8A01000D8A01000D8A01000D8A01004C
:100450000D8A01000D8A01000D8A01000D8A01003C
:100460000D8A01000D8A01000D8A01000D8A01002C
:0C0470000D8A01000D8A01000D8A0100B8
:10048000054B00221B78826001330260034A426000
:10049000C371FF2303727047A0040020800108008D
:1004A000064A074B02604FF426729B78828008222E
:1004B000C371002382710372704700BFC3660100DD
:1004C000A0040020064A074B02604FF44472DB7818
:1004D00082800822C371002382710372704700BFBB
:1004E0003D640100A0040020064A074B02604FF45F
:1004F000B072DB7A82800822C371FF23827103729B
:10050000704700BF395E0100A0040020094991F83E
:1005100029308A7803EB4303C978DB000A440021C1
:100520001033C27181608380042301608371FF23D3
:1005300003727047A00400202DE9F341C41D002878
:10054000064624F007040CBF0020204600F094FC6F
:10055000071E04DA6FF00B0002B0BDE8F081374DE2
:10056000E988A88803316B7A03302A7A89B280B28D
:1005700011F0DAF90028EDDB3C44A978EB78002E85
:1005800004F10304194424F0030400FB01F10CBF3F
:100590000020204600F01EFE20440EB90028D9DBC2
:1005A000EA7A0446B2B1EB7B697C13441944FF2913
:1005B000D0D80330002EAA89C9B220F003040CBFA2
:1005C0000020204600F078FE0028C3DB04440EB96A
:1005D000002CBFDB012000F045FCB0B1A97BA1B12C
:1005E00095F82A3033B340234FF481720734002E3C
:1005F00024F007040CBF0020204603F06FF9002808
:10060000A8DB04440EB9002CA4DBAB7AFBB1EB7A77
:10061000B3B10734002EA97A24F007040CBF0020E0
:10062000204607F037FA002894DB04447EB9002CFA
:100630000DDA8FE725232822D8E700BFA004002089
:10064000012000F00FFC10B1AB7B002BE1D1734B0C
:100650001B6893B1A97D81B10334002EEA7D24F09B
:1006600003040CBF0020204698470028FFF672AF15
:10067000044416B9002CFFF66DAF694B1B688BB1B3
:10068000297C79B10334002E24F003040CBF002030
:10069000204698470028FFF65DAF044416B9002CA9
:1006A000FFF658AF5F4B1F68B7B1697CA1B1033447
:1006B000002E2B7D24F0030408BF0020009318BFF8
:1006C0002046EB7CAA7CB8470028FFF643AF0444E1
:1006D00016B9002CFFF63EAF072000F0C3FB98B11F
:1006E000A97D89B10334002E2A7E24F003040CBFB7
:1006F0000020204600F0CEFE0028FFF62BAF044479
:1007000016B9002CFFF626AFB6FA86F795F8230047
:100710007F09A0B103346B7FA97E24F0070419443C
:100720003B4644F00404C9B2224600F0F3FE002820
:10073000FFF610AF044416B9002CFFF60BAF95F886
:10074000241000294CD004F10708002EEA8C28F070
:1007500007080CBF0020404611F0FAF8041EFFF60F
:10076000F9AE4444002E3ED1002CFFF6F3AEA97F33
:10077000002945D095F82230002B41D02A8C07342F
:10078000002E02F1240224F007080CBF002040468E
:1007900092B211F0DDF80028FFF6DCAE404416B945
:1007A0000028FFF6D7AE03302B7FA97E20F007008C
:1007B00019443B4640F0040495F82200C9B2224691
:1007C00000F09AFE0028FFF6C5AE044486B9002C5E
:1007D000FFF6C0AEEB6AF3B1C6B1EC620020BBE637
:1007E000002EC4D08846E98C40460DF04DFEBEE791
:1007F0002A8C4046A97F083292B20DF04BFEE9E701
:10080000002EE7D0002211461046F6E728343FF5C7
:10081000A1AE2046A0E6002EE0D1FAE78C1200201F
:1008200090120020941200201FB572B6194B1C6B59
:10083000ECB9BFF34F8F1849184BCA6802F4E06255
:100840001343CB60BFF34F8F00BFFDE7B2FBF6F25F
:100850002B465D1C002AF9D1DBB203F110056D4473
:1008600005F80C2C0A2233B901A8A047E1E702469B
:1008700000230A26EDE7013BDBB203F110050DEB87
:100880000506B0FBF2F502FB1500303006F80C0C43
:100890002846E8E7A004002000ED00E00400FA0587
:1008A00013B5124C68462389ADF80030E388ADF8E3
:1008B0000430A388ADF8023004F0FEFF18B1FA212D
:1008C0009C20FFF7B1FF207D05F04CF808B1FD2119
:1008D000F6E7E07C05F040F808B1FE21F0E794F877
:1008E00029000CF0FBF802B010BD00BFA0040020EE
:1008F00070B50546002855D010F0AEF918B94FF084
:10090000FF34204670BD0EF0E1FEB0F5FA7FF6D858
:10091000264C012625630025284684F8345025708E
:1009200084F82A50E5620DF051FD1A22294604F19F
:100930000F0016F05EFC1B2308210322A38028462B
:10094000E3800223A1721F216372E375F7232272F1
:100950002384FB23A2734922E3840A23A18129462D
:10096000E27484F82930A670E670E672A6742676E2
:1009700003F070FC2A463146304603F03DFC044645
:1009800020B140F2B5319C20FFF74EFF014603F045
:100990004FFCEFF3108572B600F0E2FD002DB0D1F0
:1009A00062B6AEE76FF01504ABE700BFA00400200D
:1009B00038B51446002840F0EE80784D95F8343074
:1009C000032B00F0E58019B312B96FF0150038BDA4
:1009D0000139172900F2DF80DFE811F01800290043
:1009E0002C0042006C0075009400480078007B00E9
:1009F0008E004E005400620067009A009D00AC001B
:100A0000AF00B200A300B500B900D2001378AB70FC
:100A10000020FFF791FD0028B7BF012302236FF0EC
:100A20000B0085F83430A8BF85F83430CFE7137851
:100A3000EB70EDE71379002BC7D05379002BC4D0AE
:100A40001288FB2AC1D863881B3B9BB2E02BBCD821
:100A50001A2ABAD92368A2886B60514B9A80D7E7CB
:100A60001378EA7B9342B0D3EB72D1E71378EA7A3A
:100A70009342AAD8EB73CBE71378EA7A9342A4D8CF
:100A80006B74C5E71378002B9FD05378013BDBB222
:100A9000F82B9AD8138892786B82424B9A70B7E7FA
:100AA000107868750BF0BAFFB2E71378002B8CD082
:100AB0002B76ADE7012000F0D5F9237808B1012BA2
:100AC00083D9AB73A4E71388AB81A1E71378AB7527
:100AD0009EE7072000F0C6F918B92378012B7FF6AE
:100AE00074AF072000F0BEF918B12378002B3FF453
:100AF0006CAF2378EB758BE71378082B3FF665AF67
:100B00002B7485E71388FF2B3FF65FAFAB727FE74F
:100B100013786B767CE713780E2B3FF656AFAB76E7
:100B200076E72368204AC5F81E306368536023893E
:100B300013816DE71378EB766AE713786B7767E7D5
:100B400013782B7764E7137885F8283060E703F093
:100B50004DFB98B1007900F001026178207803F034
:100B60004BFB00287FF433AF6378012B7FF650AF47
:100B70000DF032FC00287FF44BAF26E70246ECE78D
:100B800013785A1E092A3FF620AF85F829303FE72F
:100B90004FF0FF301BE76FF02C0018E7A004002097
:100BA000A4040020B2040020BE040020F8B50D46C5
:100BB000064630B329B311F0070422D1124F97F83B
:100BC0003430012B02D16FF00B00F8BD032B02D1A2
:100BD0004FF0FF30F9E700F0F9FC0028F8D0284684
:100BE000FFF7AAFC0028EEDB15F0DDFE3046F96ABF
:100BF00004F062FFFFF754FE0323204687F83430E9
:100C0000E3E76FF01500E0E7A004002010B5074C03
:100C100094F83430032B03D104F066FF05F022FF73
:100C200010F0D9FF002084F8340010BDA00400208B
:100C300008B504F0D9FE03490320BDE8084000F0E0
:100C400009B900BFE904000008B504F0E1FE03495A
:100C50000220BDE8084000F0FDB800BFC504000058
:100C600008B504F0F7FE0549012000F0F3F8044947
:100C70000020BDE8084000F0EDB800BF810400008E
:100C8000A104000008B50449122000F0E3F8BDE813
:100C9000084004F075BE00BF0D05000008B504490A
:100CA000122000F0D7F8BDE8084004F07BBE00BF7A
:100CB0000D050000074B4FF0FF3141F6FF72C3E90D
:100CC000001205490022C1E900221F21C3E90212D6
:100CD000704700BF60000020D80400203F280CD8D7
:100CE00001380B4BC0F3421200F01F0053F82230C2
:100CF00023FA00F000F001007047FF2806D04038CA
:100D0000044BC0F3421200F01F00EFE701207047D0
:100D100060000020D8040020074B014600684968A5
:100D20001A4603C240F48C2200201A6041F010726F
:100D300042F4FF625A607047600000200246034B95
:100D40000068516803C30020704700BFD80400202A
:100D50000246034B0068516803C30020704700BF80
:100D6000680000200138064BC0F3421200F01F005B
:100D700003EB82039B6823FA00F000F00100704748
:100D8000600000200A8870B595B2C67CC2F30E02DE
:100D90000488023602F118033444C35AA4B233441F
:100DA0002344013BB3FBF4F303FB0422438892B2D8
:100DB0009342044B8BBF2B40AB4313439BB20B803E
:100DC00070BD00BF0080FFFF4A1E062A08B503461B
:100DD000084604D84FF4D1711520FFF725FD094AC4
:100DE000914202D940F2A311F6E711B903B119609B
:100DF00008BD2BB11B680022C3E901211A1D1A602E
:100E00000430F5E7FAFFFF7F10B5114B00EB41040A
:100E10001A786389B3FBF2F303FB0223013A1A4405
:100E2000B2F5706F0279807828BF00231A440B183E
:100E3000B2FBF0F100FB11215B1AB3FBF0F100FBF8
:100E4000113313446FEA43436FEA5343638110BD88
:100E5000E0040020024B03EB80035960704700BFA1
:100E6000E0040020034B03EB80035868003818BFF0
:100E700001207047E00400202DE9F04F10F0070A30
:100E800085B0054604D040F26F111720FFF7CCFC67
:100E9000534F04464FF0010B07F15406B146B046DC
:100EA00057F8043B8DF80BA03BB101A898479DF87B
:100EB0000A30082B01D9F521E7E79DF80B1041BB5B
:100EC00005B131604F4506F10406E9D1002D6FD020
:100ED0000022DFF810911427964689F8002058F870
:100EE00027A0013FBAF1000F55D09AF804609AF894
:100EF00002C0FF2E60D039460023481C38D19C44E4
:100F0000BCF1FF0F3FD90AB189F800E04FF49A71A4
:100F1000BBE79DF80AC04B1D60465A0004EB430333
:100F2000022838BF0220441E40422344BDF8084036
:100F30006444CCF1000C0340013C04EA0C04B4F519
:100F4000803F02D340F205119FE775B19A1A3260D3
:100F50009170148082F803B09DF80C001071019814
:100F60004FEA104C1081A2F806C004FB0134A9E737
:100F700058F8210028B190F804B0B34504BF807838
:100F80001B180139B9E7DBB2E6458AF804303CBFEB
:100F90005FFA8CFE01227B1CA1D10AB189F800E026
:100FA000142640F6FF6A58F82670B7B9013EFAD207
:100FB000601B05B0BDE8F08F0023E5E707EB4103B8
:100FC00009F101093846A3F80AA0FFF71DFF5FFAEF
:100FD00089F1BB788B42F1D8E8E74FF00009F6E7DA
:100FE000E4040020E004002038B54FF6FF73024609
:100FF0000380184B03EB8103986DA8B184780379C3
:10100000B3FBF4F104FB1133DBB2194600EB4105ED
:10101000B5F90A50002D0EDB0131B1FBF4F504FBEC
:101020001511C9B28B42F1D1002038BD6381BDE8F2
:10103000384010F055BC00EB41046389C3F30E0344
:101040001380C278002AF1D14FF4E5711720FFF721
:10105000EBFB00BFE00400201C4B03EB810370B5E9
:101060009C6D054644B3030404D54FF4EC7117207E
:10107000FFF7DAFB0146204610F015FCFF28014679
:1010800004D02046BDE8704010F02ABCA078B5FB23
:10109000F0F300FB1353DBB219460A1D04EB4206C2
:1010A000B6F90260002E09DB0131B1FBF0F200FB62
:1010B0001211C9B28B42F0D1002070BD8B4201D019
:1010C0000023E37004EB42025580DAE7E0040020DD
:1010D000094B03EB8103014610B59C6D204610F0CF
:1010E000E2FBFF28014604D02046BDE8104010F086
:1010F000F7BB002010BD00BFE0040020F8B5104B86
:10110000074603EB810301469C6D204610F0CBFBA4
:10111000FF28054611D0E288238953EA024606D00B
:101120000146204610F0DCFB01463846B047204619
:101130002946FFF769FE0020F8BD0520FCE700BF47
:10114000E004002038B50E4B0446827903EB82039D
:10115000986D08B9052038BD8278E1799142F9D2BD
:101160004B1CE37100EB41035D89B3F90A30002B9E
:10117000F3DBA58010F0B4FB20600020EBE700BF9C
:10118000E004002008B5124B03EB81039A6D22B9ED
:1011900040F246211720FFF747FB9178831A481D3C
:1011A000A3EB40031088B3FBF0F3002B01DB994263
:1011B00002DC40F24921EDE702EB4302B2F90A30CA
:1011C0005089002B02DA40F24B21E3E708BD00BF53
:1011D000E004002070B5044610F003000E4603D072
:1011E0004E211820FFF720FBFFF7EEFD054624B146
:1011F000034831460460FFF7E7FD284670BD00BF95
:101200008C0500202DE9F14FDFF870B01E4607462F
:101210000D46DBF8003090469DF828A09DF82C90F4
:101220001BB960211820FFF7FFFA524609214046FA
:1012300010F0BDF94A4684B20921304610F0B7F9E2
:1012400081B2DBF80000214410F001FB386018B9CE
:10125000286001B0BDE8F08F04445346414609229E
:101260002C60386810F066F94B4609223146286830
:1012700001B0BDE8F04F10F05DB900BF8C05002053
:1012800070B50E46044610F0A5F90546304610F03C
:10129000A1F9044B2A1821461868BDE8704010F0E7
:1012A000FBBA00BF8C050020024B186808B110F093
:1012B000C2BA70478C0500201F2AF8B504461346B1
:1012C0000ED89200033222F00303B3F5803F2DD2F3
:1012D000184DACB1A00710D068210920FFF7A4FA7F
:1012E000FF2B4FEA420204D9FF339A42A8BF1A46A5
:1012F000E8E77C2AB8BF7C22E4E729706C602B8188
:1013000022F0030228230127120403FB01F06B687B
:101310000025120CEEB2B14200D8F8BD14B1261867
:101320001F705E60104401352833F3E74FF0FF3043
:10133000F3E700BF90050020154A002170B55368FF
:101340001578C8B2854203D8BA210920FFF76CFA94
:101350001C461846013114F8286B0EB92346F0E7F5
:101360000021997001241289996103F126055C70AE
:101370009208D96103F11E04596824F8022FA5428E
:1013800043F8041F1144F8D100234361037070BD7A
:10139000900500200A4B1B89B3F5FF7F4FEA9300AD
:1013A00006D25A089B1A9BB2984238BF184670471B
:1013B000B3F5EE6F01D8FF22F4E740F27263F3E772
:1013C000900500204B782DE9F04106460C4602F0CE
:1013D000040702F0FB05E3B1A5BBFF23A3707B0864
:1013E00004EB57073A7D032A02D1022D18BF0133BF
:1013F000E2180121117503F10C01002204EB8303B3
:1014000024F811205B68A27030463360B280BDE8DA
:10141000F081002DE1D1012301F11E028D612046F2
:101420004B7004F1260C1A4BCD611B8949689B084F
:1014300022F8023F944540F8041F1944F8D10023D4
:101440006361CAE7D1F8048014220021A0186170FA
:1014500015F0CFFE0E4B1B89B3F5FF7F0FD25A0854
:101460009B1A9BB208EB0301C4F804802384A1609B
:101470006284C4F80C80A3842161E284ADE7B3F5F3
:10148000EE6F4FF0FF02EBD940F27263EAE700BF64
:10149000900500202DE9F84305460C46F72005216C
:1014A000914610F084F8061E21DB1DB906FB04F0FE
:1014B000BDE8F88315F0030703D098211920FFF742
:1014C000B3F9DFF83080C8F81050A8F81460BBB248
:1014D0009C42EBD9B8F814504B46D8F810000522BE
:1014E000F72107FB0500013710F024F8EFE74FF074
:1014F000FF30DDE7A405002007B5CDE900230B464A
:1015000003490246081D10F040FB03B05DF804FBE0
:10151000BC05002013B5064CCDE900230B4602465E
:1015200004F1080104F10C0010F02FFB02B010BD13
:10153000BC05002008B54B1E032B03D923219020A6
:10154000FFF772F90028054A0CBF05230C2303EBB3
:101550008103053323F00103137008BDCC0500207F
:10156000114B01224FF0FF3000215A60C3F80803ED
:10157000C3F80015C3F804255A6040F6FE72C3F89C
:1015800008034020C3F8001503F570330749C3F87A
:101590000825C1F88800BFF34F8FBFF36F8FC1F8E4
:1015A0008801C3F8082570470060045000E100E09E
:1015B00002680020014B1A60704700BFD005002070
:1015C000014B1B68184700BFD0050020024B18686C
:1015D000003818BF01207047D00500200A46064891
:1015E0009C2302F8033BC368C1F8033003695360CE
:1015F00043699360704700BFD4050020024B5A8CAA
:1016000002435A845B6A1847D4050020014B00212D
:101610005B6A1847D405002010B5154C0CF06CFB24
:101620000CF096FE208DFFF7F1FF237E63B122467A
:10163000104904F1190052F80C3BE36063685360F1
:10164000A368936013F0D7F9218DE06A06F088FC57
:10165000E36AB3F8AA0006F0D3F9636B94F830108C
:1016600094F831009847002384F8383010BD00BF4B
:10167000D4050020DD150000034B93F838300BB182
:10168000FFF7CABF704700BFD40500202DE9F04125
:10169000DFF8808005460E4608F12C0011F03BF97A
:1016A000044618B101242046BDE8F081D8F82C305A
:1016B00093F8A8704FB1012D07D1B8F822301A075E
:1016C00003D598F83930002BECD1012EEAD8D8F8A0
:1016D0003C30284698470028E4D098F83030002B5A
:1016E000E0D167B9012DDED1B8F82230002BD9D175
:1016F00098F84030002BD6D198F8414007E0002DF3
:10170000D1D1B8F822309B07EED598F8394084F053
:101710000104C8E7D405002070B5204C0646636D6F
:10172000E56A63644FF4817394F85800A4F8483074
:101730002B7D95F8211100EB83002EB9FF2803D1F2
:1017400095F820318B4201D00BF04CFF2B7DFBB183
:10175000E06D0CF0F9F9E16D606C0CF07FFD66B99D
:1017600095F82131033B012BB5F8E4308CBF002004
:101770002820184480B20CF04BFAB5F8E0000BF0CA
:10178000F1FE00200CF082FA022384F8383070BD9C
:10179000606C0CF0D9F90CF0DBFDE0E7D40500201B
:1017A00008B5094B93F83820022A04D040F257318B
:1017B0002720FFF739F8DA7A42F00102DA72BDE841
:1017C0000840FFF729BF00BFD405002010B590F8EE
:1017D0006A1086B0D1B9C2880B4605910021CDE9C7
:1017E00003110C4991F85840029400F190040194BF
:1017F000C96A91F8A810003918BF0121009100F1C1
:10180000800102200CF03AFC06B010BDD0E91E2386
:10181000E3E700BFD40500202DE9F041274C064640
:101820000F4694F83830012B5FFA83F804D040F665
:101830000C112720FEF7F8FFE56A2B7953B1002140
:1018400004202971FFF7DAFEE36A93F8A8300BB1A0
:1018500085F8058094F860308BB92B7A052B0ED172
:1018600017490220FFF7CAFEE36A93F8A83033B1A4
:10187000E36E1B789A1E5342534184F839301EB1EF
:10188000BDE8F041FFF7C8BE002FF9D03146304621
:10189000FFF7FCFE0028F3D12B7DE46A13B1284644
:1018A000FFF794FF94F821210120B4F8E21015F01D
:1018B000A2F80020BDE8F041FFF72EBFD4050020BC
:1018C000400600207FB590F86A10D1B9C2880B4657
:1018D00005910021CDE90311FB21029100F1900156
:1018E00001910949C96A91F8A810B1FA81F1490931
:1018F000009100F1800104200CF0C0FB07B05DF8FE
:1019000004FBD0E91C23E3E7D40500201E4A10B5F0
:10191000546E41782378C90003F0F30301F0080105
:101920000B438178890001F004010B43C178090160
:1019300003F0EC0301F010010B43017801F0030107
:101940000B432370B2F8703063700223516EA2F81B
:10195000683004790B786001012C23F0200300F03B
:10196000200043EA00030B700CD1D36A93F8BA202D
:1019700093F8BB30032A03F01F0308BF002243EA99
:1019800082138B7010BD00BFD4050020F7B5184C32
:101990000646656F0DB1E36C23B940F6C4012720FC
:1019A000FEF742FFB4F8503001F003012F466B7090
:1019B0002B7823F003030B4307F8033B3846B4F8B6
:1019C0005020E16C0FF0B2FA0DF1020201A9A06FF4
:1019D0006564E7640FF025FF01980FF010FF012206
:1019E000B4F850103060A06F0FF0B4FE03B0F0BD3B
:1019F000D40500202DE9F04FAC4C87B0D4F82C80F2
:101A000098F8201158B998F8142094F8583003EB3E
:101A10008203FF2B03D198F821318B4202D0FF20A3
:101A20000BF0E0FD002304AA02A9A14804938DF85D
:101A3000143084F8603001AB10F062FF07460028D4
:101A400045D0029ABDF8043022B940F21341272054
:101A5000FEF7EAFE6266A4F8703003B1D31CE366B9
:101A6000012384F860309DF8133004A8003B18BFB0
:101A7000012384F8403098F81330002B00F01C81CB
:101A8000B4F87030002B00F01781FFF73FFFE06DD6
:101A90000CF05AF89DF81420E16D003A606E18BF02
:101AA00001220CF0F1F918B9616EE06D0CF060FBE9
:101AB000B8F8E2000BF056FD01200CF0E7F8012326
:101AC00084F8883084F8383007B0BDE8F08FE66AD3
:101AD0008DF80300337AADF80600062B00F2CA80B9
:101AE000DFE803F004CBA1A1C8B8B80094F87F30B8
:101AF0000DF1060103A8A6F81031ADF8063004F088
:101B000061FA38B1039D2DB1012384F8803005239B
:101B100033729CE0E36A93F85130002B6BD10DF1E6
:101B200003020DF10601D4F884000FF07AFD05469A
:101B3000002860D09DF80370FFB10146D4F88400FE
:101B40000FF059FE0FF05BFED0F800B0D0F804A003
:101B500081465BEA0A0348D1002389F8003089F8FE
:101B6000013089F8023089F8033089F8043089F8A7
:101B7000053089F8063089F80730BDF80630002BAB
:101B800040D1012333720123002784F88030BDF84F
:101B900006306566A4F8703003B1EB1CE366727A18
:101BA000357A8DF81120022DB27A8DF8122004D0EA
:101BB000053D012D8CBF012503258DF81050002F08
:101BC0005ED000209DF810308DF81300032B6BD1F0
:101BD000E36E1B781B2B67D1012106F1BA000BF0D5
:101BE00049FD01238DF814303DE715F0E9F88345F0
:101BF0007AEB0101B0D2002301222E4DADF8063060
:101C00003272C6E79DF803301BB92B80AB700323FB
:101C1000B8E72B7803F00303012BF8D002233372CB
:101C20000023B375AFE7B6F810310DF103020DF1E3
:101C30000601D4F88400ADF806300FF0F2FC05463A
:101C400010B940F2C35102E7012384F88030BDF897
:101C500006309EE70DF1060103A804F0B3F908B1C0
:101C6000039D15B940F2D251F1E6012384F880308A
:101C700006234DE740F2DC51E9E60E4D002388E7EC
:101C8000032D02D11B78022B9BD0D4F884000FF0D7
:101C900020FD38B9032D94D004F0B0F980F0010094
:101CA000C0B28FE701208DE700239BE7D405002019
:101CB0000006002050060020FFF728FE606E0BF0A3
:101CC00043FF0CF045FB9DF81410606E003918BFFF
:101CD000012114F09DFEEBE62DE9F04FB04C87B0EA
:101CE0000027804694F83830E56A022B019105F10F
:101CF000A80ACDE9027704D040F6AD112720FEF7FF
:101D000093FD616C03200B784A780144A4F84800E5
:101D1000E16403EA0001A4F850208DF81010C3F329
:101D2000C0018DF81110C3F380018DF81210C3F3B8
:101D30000011C3F340138DF813108DF81430B8F16F
:101D4000000F00F00C8104A904F12C0010F0DAFD62
:101D5000064630B9B4F8501009B3A06F0FF0DAFCA2
:101D60000746238D9DF8121043F40073676723859F
:101D70006B7A0133DAB203F0010399424AD12B7A2C
:101D800033B3032B6A720CD8012B21D002A9D4F8EB
:101D900084000FF068FCA0B940F2D471AEE70746AA
:101DA000DFE7053B012B02D940F2B371A6E704F04F
:101DB00017F910B940F2DE71A0E700210820FFF703
:101DC0001DFCD5E91C32013342F10002C5E91C3289
:101DD0000021E36A297293F8A8302BB16B791BB10B
:101DE00010206971FFF70AFC238D4FF0000B43F4BC
:101DF000006323852B7DDBB1B4F85030C3B10CF008
:101E0000C5FA0328FBD0022806D1FFF705FC07B06E
:101E1000BDE8F08FC346EDE750B9AB7A9DF81120CD
:101E200003F001039A4203D1012384F83130ECE737
:101E3000B4F85070E6B19DF81330591E4B424B4137
:101E400084F84130002F40F0B7800027B946019B4D
:101E5000002B00F0B8800BF04FFFB9F1000F00F03D
:101E60001E819DF8101003A8FFF790FD0127C9E01F
:101E7000AB7A9DF8112003F001039A4223D19DF81B
:101E800010307FB35A1E012A2CD8238D95F8149058
:101E900043F4805323850BF07BFB032894F88930AF
:101EA00007D1B9F1000F0CBF1F221B22934228BF9C
:101EB0001346B4F850209A4208D994F8303043F0D1
:101EC000100384F830304FF000091EE0636F002BE0
:101ED000F9D094F88A301BB12020FFF797FBF2E786
:101EE0009DF81030AA7A032B02F10102AA722CD0BD
:101EF0005A1E012A1DD8002FE5D0C146D5E91E3251
:101F0000013342F10002C5E91E32626F9DF81310E1
:101F1000002A56D1B4F85020B2FA82F252090129AF
:101F200014BF002202F001023746002684F8412047
:101F30008DE7002FC7D0002BC5D1D5E91E32013364
:101F400042F10002C5E91E32BDE7238D012015498B
:101F500043F4805328712385FFF750FBEDE72B7D79
:101F60000BB10CF02DFA94F88B30013384F88B30E0
:101F7000238D43F48063238595F82131033B012BA6
:101F800012D80BF005FB032812D1B4F850604FF0C3
:101F900000091B2ECB4694BF00260126B5E700BFE3
:101FA000D40500202006002004F0A8FE0028E8D177
:101FB0000026B146B346A8E7238D43F4805323851A
:101FC00043E70122ABE794F88B100120FFF75EFB9B
:101FD00000287FF440AFEA7C12B12846FFF772FC7C
:101FE000002095F82021B5F8E01014F004FD002041
:101FF000FFF700FDB9F1000F5AD09DF8101003A8AB
:10200000FFF7C4FC238D5A0606D44020FFF7FEFAE2
:10201000238D43F040032385BBF1000F10D0EB88E4
:102020004BB9E36A93F8A8302BB1B4F80530B4F893
:102030000720134304D0B4F809300133A4F8093061
:10204000B8F1000F3CD0B4F805300133A4F80530E6
:10205000002384F88B301D4805F0C0FC029830B195
:102060000FF0CDFB00220272514604F023FE039BC9
:1020700033B100221A720C225146039804F0E8FD95
:10208000002F7FF4C2AE238D1B063FF5C0AE80202B
:10209000FFF7BCFA238D43F080032385B7E6002EBB
:1020A0003FF4E4AE0A49A1F1200010F02DFCDDE67A
:1020B000002EA7D00649A1F1200010F025FCA1E7D1
:1020C000B4F807300133A4F80730C4E70006002055
:1020D00020060020064B10B593F8382002F0FF04CC
:1020E00022B91C7605F034FF204610BD0C24FBE716
:1020F000D4050020094B0A4A10B51A60FFF7EAFF21
:1021000020B14FF4B1712720FEF78EFB054C03F090
:1021100007FD606503F008FDE06510BD9812002022
:1021200060230000D4050020F8B5794C054694F8EA
:10213000386006F0FF0016B909B102B123B94FF4B7
:1021400020712720FEF770FB63639DF818306162F1
:1021500084F88A30E26384F8300084F88B0084F8D5
:10216000310084F888006084208584F8400084F879
:10217000410084F8800084F839006066E066A4F8C5
:1021800070006064E064A4F85000E5620BF094FA1B
:102190000CF0DEF895F928010BF0F2FAD5F8D460CE
:1021A000D5F8CC000BF0F2FA30460BF0B1FC95F804
:1021B00025000BF0F5FAB5F8E030622B03D9B5F83D
:1021C000E230622B01D80BF0D3F9E36A93F8A860F0
:1021D000002E40F0858013F057FB95F820214D4BE1
:1021E0004FF47A7153F8223003F5FA73B3FBF1F32D
:1021F0005233191830460BF0FFFA474B18680BF0B2
:102200008DFCD5F8C030C4F88430D5F8C430A3674D
:10221000AB7B243B072B6BD9EB7B243B072B67D98C
:10222000B5F8F230B5F8F80095F82011984228BFBB
:102230001846042908BF032111F0FCFE034695F857
:10224000F400984228BF184695F8F03080B29842C2
:1022500000D3C3B295F8211105F1E80084F87F306E
:1022600012F000FC95F821112F7D0329B5F8FC60D0
:1022700008BF042111F0DEFE0FB9043080B286429F
:1022800028BF0646F6B284F8896004F037FD28B10D
:1022900004F03AFD864238BF0646F6B284F858602C
:1022A00010F035FBE36A93F8A8301BBBEB7C13B14D
:1022B0002846FFF707FB0120FFF79CFB0023236064
:1022C0006360A360EB886380B5F8AA30238095F83B
:1022D00025302371D5F824310BB101221A60F8BDE5
:1022E00013F0D2FA95F8212100F17101012082E763
:1022F0001B23AFE72B7D13B12846FFF767FA0120B8
:10230000FFF70AFAE36AD3F8F0010BF04FFCD5E7C8
:10231000D4050020142D020098120020014B93F8E0
:1023200088007047D4050020054A138D92F880007C
:1023300003F4805110B113F4C06F00D1080B704743
:10234000D4050020024B93F82900C0F3C000704769
:10235000D4050020014B93F88B007047D405002072
:10236000A1170000D91C0000191800007916000000
:102370000D4B0321186830B50D4690F8A52090F854
:1023800049400132B2FBF5F303EB4303D31ADAB24F
:1023900044FA03F3DB0703D4013911F0FF01F0D154
:1023A00080F8A52030BD00BF60060020014B1868F2
:1023B0000FF0D2BC6006002008B50AF047FB014BC5
:1023C000187008BD70000020054B10B41C68827C9A
:1023D000836804F1420194F8410010BC11F061BD22
:1023E00060060020024B18686C3001F0DFBA00BFB5
:1023F0006006002038B50F4CFFF7F4FF656801F068
:102400008FFA63682860186820B940F2F5413220DD
:10241000FEF70AFA0FF080FE10B940F2F741F6E736
:102420000BF092FB00200BF0F3FB636804221A719F
:1024300038BD00BF6006002038B5194D04466B68F2
:102440001B79022B04D940F6FC013220FEF7ECF98F
:102450002B68027C83F8A4201A44C168996692F81C
:102460007C2183F878214268C3F88820037A022B04
:102470000ED00BF021F90BF0EFFB0AF075FC0948C8
:102480000BF04CFB08480BF043FB08480BF07EF9BF
:10249000637C23B12B685B6E0BB101221A6038BDDF
:1024A00060060020E033000055555500D6BE898EE9
:1024B0002DE9F341494D002307460E462C6863720F
:1024C000236DB3F8AA2093F82911D3F8C8006281CC
:1024D00011F002FE2B6820841A6DB2F8D010B2F809
:1024E000D22059849A844FF47F42DA844FF6FF72E7
:1024F0001A8517B30121304612F08EF83378014661
:10250000D8092C6894F8483004F11402FBB10FF09C
:1025100066FBE0B10B6863618B88287B938004F1D4
:102520000E0208284BD004F10D0103F0EDFF88B92D
:1025300041F213413220FEF777F96946A86811F09D
:1025400063FFAB6869461878C0F38010D9E70023B1
:102550006361E2E72C68637B04F11A0843F002032D
:1025600063734FB30021304612F056F80368C4F885
:102570001A308388A8F804302B68186D93F9581026
:10258000A83004F033F92868154912F02BFA2868AE
:102590001449036D2A30B3F8AA20A0F80920DB7D86
:1025A000C37212F028FA0221286801F0F3FCFFF749
:1025B00019FF02B0BDE8F08104F17800D6E794F885
:1025C0007E306373A36FC4F80E30B4F87C30938010
:1025D0000023C4F81A30E383CEE700BF6006002072
:1025E0003B1C0100F71B010008B5074B93F90020C5
:1025F0007F2A04D140F29B313220FEF715F9027098
:102600007F221A7008BD00BF7000002010B504784A
:102610008EB004F00F0404A922460FF0A4FDFFF7CA
:10262000CBFE042C33D11B4C059A2368107893F809
:10263000781088422BD1507893F87910884226D1AF
:10264000907893F87A10884221D1D07893F87B1053
:1026500088421CD1107993F87C10884217D15179A7
:1026600093F87D20914212D19DF8212093F87E307D
:102670009A420CD10DF10F00FFF7B6FF9DF90F3014
:1026800004A90093237C227B60680FF057FD032090
:102690000EB010BD600600200D4A536810B51979C0
:1026A000022904D841F2BC413220FEF7BDF8197965
:1026B000082902D941F2BD41F6E71B79526903F1BD
:1026C00080439268033BBDE8104052F8233018471E
:1026D0006006002010B5054C637B2BB10BF0BCFAF3
:1026E0000AF042FB0023637310BD00BF60060020A8
:1026F00010B5054C23792BB10BF0AEFA0AF034FB80
:102700000023237110BD00BF980D002010B5094CA7
:10271000FFF7E0FF012263681A7100232268A2F824
:10272000793182F87B31FFF75DFE2068BDE810400B
:1027300010F0ABB86006002008B5FFF7CBFF044BE4
:1027400000209968FFF7B4FEBDE80840FFF72EBEF1
:1027500060060020062938B51D469DF8104019D99D
:1027600008291BD802B18CB143689BB912B94378D0
:10277000DB0615D40B4B5B6818680FF0EEFC00B15C
:1027800034B92DB903F0F0FD00F00104204638BD46
:102790000120F9E79DF814402C43F7E70024F5E702
:1027A0000124F3E76006002038B50D1E04460CBF77
:1027B00005200320104403F0EDFE094B587370B15F
:1027C0005DB9033C012C8CBF502455240AF0A6FAB5
:1027D0002046BDE838400BF033BA4024F6E738BD58
:1027E00060060020F8B53D4CFFF7FCFD656801F080
:1027F00097F863682860186820B940F25241322087
:10280000FEF712F80FF088FC054610B940F254416B
:10281000F5E7236893F8A6306BB123681A6D93F837
:10282000A710C3F8102193F854200A4383F85420CA
:10283000002283F8A620206890F8A430034493F87F
:102840007C71636880F878711A7952B11B79012B19
:1028500007D000210FF062FE18B9BDE8F840FFF77D
:1028600055BF23681E4A93F8A530D05C0AF098FF44
:10287000236893F8A420134493F87C61022E2BD094
:1028800004D8012E05D040F2F771B8E7F31E012BF2
:10289000F9D801F03FF831460AF0A4FE28460BF0C3
:1028A00053F9314601200AF0BBFF7B1E2A46384609
:1028B00059425941FFF778FF62680821002351719E
:1028C00021732168D3801372E37381F89530A37369
:1028D000237403231371F8BD0D20DCE7600600208C
:1028E0002B2A0200124A10B5536800B931B91846B4
:1028F00001F0AEF8BDE81040FFF708BF19790829CC
:1029000004D841F28C413220FDF78EFF19790C2951
:1029100002D941F28D41F6E71B79526903F18043F8
:102920005268093BBDE8104052F82330184700BFF9
:1029300060060020054B1A6892F85420920703D0D5
:102940005B68186801F016B8986870476006002048
:1029500070B5304D06466B681A79032A0BD01A7988
:10296000042A08D0FFF7E6FF044640B941F2C4311B
:102970003220FDF759FF18680FF0CEFBF4E72B6803
:1029800093F8543013B941F2CA31F1E776B111F03E
:10299000EFFE30B16B681A79022A0ED841F24A3143
:1029A000E6E7204611F0FFFE0028F3D16B681A79A4
:1029B000022A17D841F2AA31DAE71A79082A02D98D
:1029C00041F24B31D4E71B7920466A6903F1804319
:1029D0001269033B52F8233098470C2812D941F270
:1029E000DD31C5E71A79082A02D941F2AB31BFE7D8
:1029F0001B796A6903F180435269033B52F8233023
:102A00009847EAE76B69DB68BDE8704053F820300F
:102A1000184700BF6006002007292DE9F04306464D
:102A200087B00F4690464568634C23D11DBB002AF2
:102A300049D1D4E9001091F8543013F0030218BFC3
:102A4000012213F00403827103D033785A1E5342DB
:102A50005341C37191F894304BB12368D3F890007F
:102A6000503012F017FE10B9636801221A7207B0D5
:102A7000BDE8F0833DB32946707C0FF0B0F8072F16
:102A8000814661D1637B63B158B1B8F1000F52D078
:102A9000656811F04AFA636868715B7923730123F2
:102AA000A37363685879082855D17168707C12F057
:102AB00067FD6268054671680532707C03F05AFC58
:102AC0006368002859D0236893F8540010F003007D
:102AD0000AD093F84A3039460195304662689279B7
:102AE00000924246FFF736FE62682368907193F8C1
:102AF000540010F0040009D093F84B30394601958A
:102B00003046D27900924246FFF724FE2B4B65688F
:102B10001B68E8711BB141463046984728727268BD
:102B20006AB3717C236883F87E1011689967928874
:102B3000A3F87C2023E0236893F878110129A7D11A
:102B4000284603F0F9FC6073637B002BA9D0B9F130
:102B5000000FA6D09CE704AA0DF10F0103F0D4FCEE
:102B600020B940F6A5313220FDF75EFE04A99DF89C
:102B70000F0012F005FD0546A5E7D88018726268BF
:102B8000137AB3B9D388003B18BF0123B06800287B
:102B90003FF46DAF072F7FF46AAF517908293FF4F6
:102BA00066AF002B3FF463AF03F0E4FC0123E37353
:102BB0005DE70123EAE700BF600600209C120020C9
:102BC0002DE9F04F044689B0062900F2C580DFE800
:102BD00011F06000E7000700C300C300C300260037
:102BE0006E4D0AF0A5FE2F6897F85430980714D060
:102BF0006E68B3798BB10DF11F00FFF7F5FC9DF9FD
:102C00001F3002222146029330462B7B0193FF2383
:102C1000009307F142030FF081FA03201FE05F4D9C
:102C20006E68B379002B00F097802F6897F85420D6
:102C3000910717D50DF11F00FFF7D6FC9DF91F3046
:102C400030460622029321462B7B0193FF230093FB
:102C500007F142030FF062FA002309202B7409B038
:102C6000BDE8F08FD30777D5570701D50AF060FE8E
:102C70000DF11F00FFF7B8FC9DF91F202B68029291
:102C80002A7B42330192FF22009206222146686885
:102C9000C1E7424D2B6893F85420560737D5696831
:102CA000CA79002A33D0426893F85B0016788642CE
:102CB00055D1567893F85C00864250D1967893F8B7
:102CC0005D0086424BD1D67893F85E00864246D1AD
:102CD000167993F85F00864241D1507993F86020CD
:102CE00090423CD1627C93F85A00101A4242424111
:102CF00093F8560001284ED0002A4CD193F84C305E
:102D0000082B02D04A799A4245D00AF011FE6E682B
:102D1000B379002B3DD02F6897F85420930720D526
:102D20000DF11F00FFF760FC9DF91F3030460022B7
:102D3000029321462B7B0193FF23009307F142036B
:102D40000FF0ECF9012309202B746B68DA79002A63
:102D500085D19B79002B82D10AF0EAFD5DE7002244
:102D6000C6E7D60715D5500701D50AF0E1FD0DF1EC
:102D70001F00FFF739FC9DF91F202B6821460292A6
:102D80002A7B42330192FF220092002268680FF0F2
:102D9000C5F90320D9E70A20D7E700BF6006002065
:102DA000644D81682A68807C0EF019FF92F85430D7
:102DB0006E68074692F84890590796F806A096F86C
:102DC00007B089F0010940F18E8092F84B30002B5A
:102DD00000F0898092F84C60082E00F08680304622
:102DE00003F0A0FA49EA00005FFA80F9002F7ED0D4
:102DF0003046A16803F078FC06462B6893F854200F
:102E000093F84180520749D5626893F85B101078B7
:102E100088426ED1507893F85C10884269D19078DE
:102E200093F85D10884264D1D07893F85E108842A0
:102E30005FD1107993F85F1088425AD1517993F895
:102E40006020914255D1627C93F85A10501A424248
:102E500042416968497908294DD093F84C30591A94
:102E60004B424B41002E48D1B9F1000F47D02046CC
:102E7000CDE90423FFF7A8FADDE90423BBF1000F35
:102E80000AD0296891F8561001294ED021B9002A9C
:102E90004BD108B1002B4AD10AF04AFD2B6893F8B8
:102EA00054309B073FF4B9AE0AF042FDBAF1000F6F
:102EB0003FF4B3AE2046FFF787FAD5F8009000B98B
:102EC000FEB10DF11F0048EA4608FFF78DFB9DF9A2
:102ED0001F3002932B7B01935FFA88F3009301224A
:102EE00009F14203D2E6767976E7002685E73E4689
:102EF00083E70022ADE70023B4E70120BEE73046B8
:102F0000BCE799F85530023B012B3FF686AE002F07
:102F10003FF483AE0DF11F00FFF766FB9DF91F30F4
:102F200002932B7B0193FE23D8E70028B4D00A201C
:102F300095E600BF6006002030B58BB00546FFF770
:102F40003BFA114B1B6893F8543013F0060F04D072
:102F500001229621002013F04EFD2C786946284668
:102F600004F00F0422460FF0FEF8002221466846C6
:102F7000FFF752FD21466846FFF722FE0446FFF7A1
:102F8000A9FB20460BB030BD6006002038B5154DBA
:102F90002C6894F84830F3B16FF00043D4E9201264
:102FA0009A4208BFB1F1FF3F15D013F05FFED4E99C
:102FB0002023904299410ED32B6893F848305BB997
:102FC0002D6803F09BFA044613F050FE064BE4FB19
:102FD0000301C5E9200138BD012003F051FB0028A1
:102FE000F9D0EDE76006002040420F0010B504461E
:102FF000FFF722FA237A032B04D140F62E11322058
:10300000FDF712FC0BB9FFF7B3F9064B1B6893F9F8
:1030100058000AF0B5FBFFF7E5FBBDE81040FFF7ED
:10302000B5BF00BF600600202DE9F8436A4D0023BC
:1030300007468946A868D5F80080037043700AF0F7
:103040009FFD064630B90026032003F021FE3046DE
:10305000BDE8F883AC68032F237833D123F00F0346
:1030600043F0030323700C236370D8F87830A8680A
:10307000C0F80930B8F87C30A0F80D3098F87E1010
:1030800011F0D2F90021A86813F0C2FC2B6893F864
:10309000482003F1420993F84180002A77D14C4639
:1030A00023684146A868C0F80330A388A0F8073019
:1030B00011F0B1F9494BD3F80C32002B7CD00AF057
:1030C00037FCC0E723F02F03222243EA4913627042
:1030D00043F0050323702B681A6DD2F8CC20C4F896
:1030E0000F201A6DD2F8D430190AE3741B0C217525
:1030F000637592F82A11B2F8DC30002941D06420BF
:10310000B3FBF0F3A375D2F8D83000293CD064218A
:10311000B3FBF1F3E375C3F30723237692F8291188
:10312000D2F8C80010F0D8FF29686076000AA076AF
:103130000B6DAC68B3F8D020E276120A2277B3F8B0
:10314000D2206277120AA2779A69C4F81F201B7FE7
:1031500094F8242084F823300B6D22F01F0293F89A
:10316000233003F01F03134384F8243002F068FD7A
:1031700094F8243003F01F0343EA401384F824300A
:1031800073E740F2E240BBE740F2E241C0E793F868
:10319000542052070DD593F84B2052B193F84C00B0
:1031A00003F0DCFA044600283FF479AF4FF0010841
:1031B00076E76B685879F3E7052F7FF448AF2B6803
:1031C00021681A6DC2F8B410A188A2F8B8101B6D5E
:1031D00083F8B3803BE700BF6006002000A00850E2
:1031E00010B500210320FFF71FFF18B9BDE81040FC
:1031F000FFF78CBA074C032120680FF08FF90028E5
:10320000F4D0012108460AF05BFD636809221A71B7
:1032100010BD00BF6006002070B5164C63681868CA
:103220000EF07AFF064620B940F261513220FDF7D8
:10323000FBFA63680A22002120681A7100F0AAFED6
:10324000236805201B6DDD7D3378C3F340131D40DB
:103250002946FFF7E9FE18B9BDE87040FFF756BAF6
:10326000042120680FF05AF90028F5D023681B6D5F
:10327000DD7570BD60060020036D10B5044623B9EE
:1032800040F261313220FDF7CFFA02220749427243
:10329000B3F8AA304381FF2380F827304FF6FF733D
:1032A000038511F09FFB0023236510BD3B1C01002B
:1032B000F8B5194F064602F033FC0121B860002032
:1032C000FDF7CAFE054620B940F685013220FDF71C
:1032D000ABFA4FF4C072002113F08BFF01210846B6
:1032E000FDF7BAFE044620B14FF4C072002113F07E
:1032F00080FF7B6913B940F68F01E7E730460EF097
:1033000062FD28460FF0FBF824B12046BDE8F840E6
:103310000FF0F5B8F8BD00BF60060020014B024A6F
:103320005A6170476006002044340000036810B5FD
:1033300023B940F677113220FDF776FA044A13607C
:103340006C3353605369BDE810401B68184700BFD9
:103350006006002008B5044B586800F079FBBDE812
:103360000840FFF7D3B900BF6006002038B5044617
:1033700090F8400000F0FD0004F14201003818BF51
:10338000012084F8410002F05BFE94F84030023BDB
:10339000DBB2012B94BF0123002384F8483015D8F9
:1033A00003F0ACF8054613F061FC094BE5FB0301A3
:1033B00094F84830C4E9200143B1002003F060F9DB
:1033C00020B940F621213220FDF72EFA38BD00BF8A
:1033D00040420F000149363011F007BB191C0100B3
:1033E0009926000051290000E5280000F31D010086
:1033F000F5230000392700007B1D0100691D010035
:10340000AD2300000D2700000D1C0100E527000082
:103410000D1C01000D1C01000D1C01000D1C010004
:103420000D1C0100E1310000193200000D1C0100EB
:103430000D1C0100392F00000D2600009F1D01000A
:10344000911D0100ED2F0000F0330000F833000063
:1034500000340000343400003C34000008B5431E42
:10346000DBB231B1032B08D94FF4EA713320FDF7F9
:10347000DBF9032B02D8034AD05C08BD4FF43F713F
:103480000620F4E72E2A020008B50EF099FA054A44
:10349000D2E84F3F0133DBB2C2E8413F0029F7D108
:1034A00008BD00BF78060020024BA0F10801586853
:1034B000FFF7EABF780600202DE9F84F1E463C4B87
:1034C0000D46934600211A7804689DF828709DF8EF
:1034D0002C809DF930909DF834A0016032B9A4F1A0
:1034E00008015868BDE8F84FFFF7CEBF1A2204F173
:1034F000090013F07EFE0123A372BBF1060F4FD823
:10350000DFE80BF00433394E434E3D00E37A23F0FD
:10351000130343F01303E372012304F10E02414647
:103520002846237547F6FF7384F81890E38204F168
:103530000D030EF0C5FDE37A5B0736D5BA1E04F124
:103540001C03012A8BBFAA6832681168E2618ABF36
:10355000E161B28892889A80E77600232372154948
:103560002046BDE8F84F11F040BAE37A23F0150386
:1035700043F01503CFE7E37A43F01003CBE7E37A98
:1035800023F0120343F01203C5E7E27A4AF01A0A65
:1035900022F01B020AF01B0A42EA0A02E272BBE7AF
:1035A00040F246413320FDF73FF9FF23E376D4E7AD
:1035B00078060020B93500002DE9F04F05468DB0A2
:1035C0000C4600200121FDF783FD064620B94FF48B
:1035D000F1713320FDF728F9A8300EF092FF18B1F1
:1035E00096F85430042B2ED130460EF0E1FB50BB40
:1035F000B84C04F1080604F10C07AB6A93B92846ED
:10360000FFF752FF4FF40073ADF804309DF804301B
:10361000002063F307009DF8053063F30F200DB021
:10362000BDE8F08FA96A0B68B142AB624FF00003AE
:103630000B704B708B70CB70DFD0B942DDD06068FF
:10364000FFF722FFD9E7AF6A37B3A34B9F4226D0DB
:10365000043B9F4223D007F13B0A4FF0000802F0E1
:103660006DFA8146B8F1000F40F0058102A950467D
:103670000EF00CFEB9F1000F16D004F10D00EE7A39
:1036800016F0100613D09DF81860059932460DF01B
:103690004DFC4FF0010828E005F1330ADDE74FF05B
:1036A00001084FF0000ADAE704F11C00E7E7002FF9
:1036B000EFD09DF80830022BEBD0014695F8323060
:1036C000E522504610F0EBFF95F8323006460344F1
:1036D000504685F8323010F0DAFF95F83280A8EBCA
:1036E0000000D0F1000848EB0008B9F1000F00F02D
:1036F000C680EB7AD90604D45B216AE7C846002667
:10370000F7E713F0040FAA7A95F80DC04FF03E03C7
:1037100004F1060105F10E0033D095F81BE0BEF16F
:10372000FE0F2ED123700B23E270A370130184F8D7
:1037300005C00233637001232371D5F80E30C4F83D
:10374000063083888B8084F80CE0EB69C4F80D3078
:103750002B8CA4F811302B7EE3745E4E06F1080A20
:1037600057453BD12379022205F1280062F3461325
:1037700023710EF0C1FC02272846FFF795FE0426B0
:103780003FE023700223E270A37006F10A0384F87D
:1037900005C0534302336370D5F80E30C4F80630C9
:1037A00083888B80267326442B7E7373EA7A12F00B
:1037B000080102D004232371CFE702F00303032B97
:1037C00001D12171C9E7520701D50123F3E7022B8B
:1037D000F1D00BB90323EEE7A421FAE606F10C09B8
:1037E0004F4515D105F128000EF086FC6A7D6AB9B7
:1037F0002379042662F34613237102272846FFF734
:1038000053FE8DF804608DF80570FFE60026F4E79E
:1038100047B3B8F1000F20D005F1280840460EF05C
:103820006BFC39467068FFF72FFEAB6A00225345E8
:1038300085F8322096D04B4505D12379404662F376
:103840004613237195E79DF80830022B05D12379A3
:1038500023F068030127237191E72379012262F3A2
:103860004613F7E7EE7A16F01006CAD0237967F30D
:10387000461323717FE700287FF440AF06468E236E
:1038800005F12301237006F11803AA7A5343E2706D
:10389000221D0233637005F10B0353F8040B8B42B6
:1038A00042F8040BF9D195F814A095F815B002F080
:1038B00083F9C1F3402950464946FFF7CFFD6073B5
:1038C000BBF1000F04D049465846FFF7C7FDA0736F
:1038D000E67642E77806002084060020343270B590
:1038E000054692B20C461E460EF032F825B1034A48
:1038F000556014745674147070BD00BF78060020B3
:1039000010B5034C60680EF045F8237C237010BDA1
:1039100078060020014B587C704700BF78060020D5
:1039200038B5134D68680EF03BF8044620B940F2F4
:1039300057113320FCF778FFD5E84F3F013BDBB24E
:10394000C5E8413F0029F7D104F1080334221846A5
:1039500013F04FFC47F6FF720121E462E283FF227D
:10396000627584F82320E27C61F34612E27438BD6C
:103970007806002038B5436A044693B90A4D686852
:103980000EF00EF8606220B94FF4B8713320FCF7E6
:103990004BFFD5E84F3F013BDBB2C5E8423F002A71
:1039A000F7D1606A3B3038BD78060020036810B557
:1039B00004468BB19A6A22B140F28D113320FCF794
:1039C00033FF596A41B101F108008342074B08BF38
:1039D00022605868FFF758FD216831B1034B083960
:1039E0005868FFF751FD0023236010BD78060020C2
:1039F00038B5046805469CB11349204610F0FEFF17
:103A0000124B00221A735A739A73DA73EFF310820F
:103A100072B6A16A0C3399B9A362E36202B962B6C5
:103A20002C68616A49B101F108039C4203D0074B3D
:103A30005868FFF729FD0023636200232B6038BD1F
:103A4000E16A0B60E9E700BFB935000078060020A5
:103A500070B50668044656B3716A154D41B101F15F
:103A600008039E4202D06868FFF70EFD00237362D0
:103A700021684E7DB6B100232B726B72AB72EB7274
:103A8000EFF3108272B6886A0A4B40B98B62CB6240
:103A900002B962B62046BDE87040FFF7A9BFC86A08
:103AA0000360F4E708396868FFF7EEFC266070BD34
:103AB000780600208006002010B50446024606491C
:103AC00000F58C7013F0F9F9224604F5A470024950
:103AD000BDE8104013F0F1B90B2601007FB590F856
:103AE000142102F0FF0322B140F2A5212120FCF7AE
:103AF0009BFE0C78039314F0010218BF8D68CDE98A
:103B0000013318BF019514F0040529D004ADCE6827
:103B100005EB820545F80C6C154680F845514A685E
:103B2000124DC0F8C820C0F8F82040F27122A0F869
:103B3000FC20032215F8011B0C420BD004A900EB5A
:103B4000830601EB8301013351F80C1CDBB21639FB
:103B5000C6F8CC10013A12F0FF02EBD104B070BDF0
:103B6000002ADAD140F2BE21C0E700BF3E2A02009F
:103B70002DE9F04F04468FB09B469246BDF8607029
:103B8000039113F073F88046204604910EF0CBFBAE
:103B9000D4F8CC900546BBF1000F00F0D781BAF104
:103BA000000F00F0E480834618F5FA630593049B48
:103BB00043F10003069304F019F9064604F1E80006
:103BC0003146079004F0E4F8D4F8101111B10798C9
:103BD0000EF0EBFCBDB1D4F8F050BEB1B0682A468F
:103BE000D6E90031C018059B009341F10001069B06
:103BF000019311F020FE8542034608D240F24D3178
:103C00002120FCF711FED4F8C850E6E73346059AA8
:103C1000D4F8C8009D18069A42F10006002F00F063
:103C2000A180BFB242F2107C29463246E7FB0C125B
:103C300000F2CF773B44B3FBF0F34343EB1A66F15A
:103C40000000C4E92A12C4E93A300027E3192046EB
:103C500093F87C110EF04CFBD4F8A830D4F8AC10DB
:103C60005A1B0590069361EB0600012A70F10003D0
:103C70004FF00003C0F259819145834100DB91462A
:103C800004EB8707D7F8CC704F4528BF4F46C4F8E0
:103C9000DC70BAF1000F05D0D4E93A23C4E92C5600
:103CA000C4E93023059B2046039AC4F8D830042386
:103CB0000791C4E92E5653722A4633460EF049FB4B
:103CC000039B059A18725A60BBF1000F00F038810F
:103CD0000123039A07991370069B049AB3EB080318
:103CE00061EB0202012B72F100004FF00000C0F204
:103CF0001E81A74E9E42904100DB1E46D4F8103133
:103D0000D4F8C890002B40F0178107252046A9FB66
:103D1000055A0EF008FB002800F00B81D4E92C3284
:103D2000ED184AEB0203A845049A9A410FD2B5EB6D
:103D30000805049A63EB02036FF00102AA424FF0F8
:103D400000029A4102D3AE4228BF2E46B146039BE1
:103D5000C3F81090059B9F4234BF002001200FB094
:103D6000BDE8F08F4FF0FF316FF0004260E70028B0
:103D700038D06FF00043D4E92A129A4208BFB1F15B
:103D8000FF3F2AD094F844312046234493F87C1115
:103D90000EF0AEFA18F19802049B0546099008A8A7
:103DA00043F100038DF820A0CDE90C2340F202433B
:103DB000ADF8283013F087F810B940F296411FE7AC
:103DC000D4E92A320C995B1A0D9962EB01025B1B54
:103DD00062F10002002AC0F2A2804546049E4FF024
:103DE000010B32E7D4E93A26D4F8C850A8EB020315
:103DF000AA18B3FBF5F305FB03F346F100069B1885
:103E0000A3EB080246F10006972A05D8ED1846F103
:103E10000006D346574619E794F87C1120460EF069
:103E200067FA0423D4F8B8208DF82930D4F8C850A4
:103E3000099020468DF820A0D4E93A13521AB2FB1B
:103E4000F5F26A43521843F10003CDE90C230EF05A
:103E500080FA29468DF8280008A810F092F8DDE9CC
:103E60000C56D6E751F8042F013302F1160CCC455D
:103E70009FBF821A01379144FFB2DAB29645F1D85A
:103E8000E319204693F87C110EF032FA484404EB13
:103E90008703D3F8CC30834209D3A3EB0909B9F1E6
:103EA000000F22DA40F24E41AAE6A94667E094F8F4
:103EB0004511D4F8C820B9420FD901379542FFB255
:103EC00008D204EB8703D3F8CC3003F116029946ED
:103ED0001546E4E74FF4856192E69542F7D3520028
:103EE0009542F4D340F245418AE6AD192046D4E923
:103EF0002C234BF100060EF0D2F9D4F8C8304FF065
:103F0000000B5843D4E93A321B18204642F1000214
:103F1000C4E93A322A4633460EF0C1F996E64546E0
:103F2000049E4FF0010BD14674E79946A8E6064679
:103F3000E4E6D4E93032F3E64FF0FF352B46F2E603
:103F4000039B83F800B0C3E9045603E7BAF1000FFE
:103F50007FF42AAED4F8C82008F19805D4E93A13C2
:103F6000A8EB0106B6FBF2F656437618A5EB06055C
:103F700043F10003AA429B4697D8A5EB0209002310
:103F800094F845E104F1C8016FF015001F4674E78D
:103F90000040420F01292DE9F347064605D90229C1
:103FA00000F099804FF4046150E001F00104D0E981
:103FB0002CA709F0F3FA96F878818146204641460D
:103FC00010F059F80546404609F056FF0246002C0D
:103FD0003FD0A8F10203DBB2022B3AD8534901EBE0
:103FE00043031B8A15EB09052CBF0121002115EBAA
:103FF0000A0547EB01074E4951F8280000F2E73067
:1040000010444FF47A72B0FBF2F02D1A67F10007FA
:10401000ED1847F1000711F037FC5230D6F8108147
:104020002C1A67F10005D8F8C87003F0D9FE06F124
:10403000E803834210D03A46CDE90045D8E978013B
:1040400011F0F9FB874211D240F261312120FCF7D7
:10405000EBFB4FF4FC73C5E798F8290130B13A4601
:10406000CDE90045D6E93A0111F0E5FB314B1A687C
:10407000D6F81031824293F82A110ED9D3F8C860CD
:104080003218C3F8D86089B941F66A018842A3F8AA
:10409000DC1018D34FF4FA61D8E751B16422B0FBB9
:1040A000F2F151430246401AC3F8D8104FF4FA71A6
:1040B000ECE740F2E242B0FBF2F151430246C3F8B2
:1040C000D810401AE0E7121945F10005C3E9782538
:1040D00002B0BDE8F087D0F8103113B940F2DB71BF
:1040E000B4E700255D7390F8781183F8201183F808
:1040F0002111FF2483F822410339D0F8100101294E
:1041000000F1E8008CBF0021012110F0DEFCD6F8A0
:10411000100112F039FAC6F8105186F8164109F06C
:1041200063FC02B0BDE8F0470CF018BA322A020076
:10413000142D02008C06002008B50B4B30B101286D
:104140000DD040F653012120FCF76EFB18601A6871
:1041500041F669039A4206D940F65C01F3E740F65E
:10416000C4121A60F3E708BD8C0600200138C0B203
:10417000032808B504D94FF43F710620FCF754FB1F
:10418000014B185C08BD00BF482A02000138C0B2CC
:10419000032808B504D94FF43F710620FCF744FB0F
:1041A000014B185C08BD00BF652A02000138C0B28F
:1041B000032808B504D94FF43F710620FCF734FBFF
:1041C000014B185C08BD00BFC82A02000138C0B20C
:1041D000032808B504D94FF43F710620FCF724FBEF
:1041E000014B185C08BD00BFC12B0200014B1868D1
:1041F000704700BF4407002008B5034610465A1E0A
:10420000032A10D84A1E032A0DD8084A01295170E2
:104210000CBF00210A211071937091721946FDF7AD
:1042200089F9002008BD6FF01500FBE72E01002082
:10423000074A537A40B143F00403002953720CBF7C
:10424000002307235371704703F0FB03F5E700BF1A
:104250002E01002040EA4100014BD870704700BF9A
:104260002E01002010B504460EF059FB08B90020BD
:1042700010BDE0430EF053FB0028F8D0E31683EAAC
:10428000A4635A1E1A42F2D0E3B25A1E13405A1EB9
:104290001342ECD0A0B210F055FD0B28E7D8204611
:1042A00010F04CFD1828E2D8A3B2B3EB144F04D1A0
:1042B00084EA142313F0FF1FD9D0044B6340581E27
:1042C0001840003818BF0120D2E700BFD6BE898E43
:1042D000F0B5070C164BA7F5AA4203EA9023543A0F
:1042E000012A20D927F4004042F6AA22801A18BFDA
:1042F0000120002216211F24164687EA060562EADD
:104300000505013511D0DD0301394FEA5303ADB284
:1043100045EA56064FEAC4354FEA5404ADB245EAC1
:104320005202EAD1F0BD0020E3E70020FAE700BF27
:10433000E0FF3F0070B50D46BDF818400646BDF8D9
:104340001410AC421046BDF810201BD8B5F5486FCC
:1043500018D8844216D8B0F5486F8CBF00240124C9
:1043600096B91A4E367C96B19CB96FF4506C05EB39
:104370000C06062E04D86FF450668619062E08D94E
:10438000204670BD0024EBE796F88160EBE7002C37
:10439000F6D0854217D803FB0111B1F5FA7F12DC84
:1043A000A2F10A0340F676449BB2A3420BD80EF06A
:1043B000BDFB42F2107341435A43B2EB410F8CBF35
:1043C00001240024DCE70024DAE700BF50070020C6
:1043D000F7B5002506462C463278ABB29A4207D88C
:1043E0000F4B0020B3F868201444A3F868400EE097
:1043F00006EB850701A9B7F801000FF081FE60B94F
:104400000199B7F80330CA8C934202D9122003B045
:10441000F0BDD21A23449CB2CA840135DCE700BF48
:1044200050070020F7B5002304460E461746CDE995
:1044300000336846FCF786FE08B100201AE0009DB4
:10444000A542F6D0304605F1AD030EF04FFB3946DC
:1044500095F8AC200FF025FD0028EAD005F1B40353
:1044600095F8B32004F1B40194F8B3000FF019FDEE
:104470000028DED003B0F0BD054A516A02F11D03E9
:10448000127F11F8030BC0F380100FF00ABD00BFBC
:10449000C00C0020012817D80D48824216D8012BE5
:1044A0000DD140F252739A4210D9A1F6C410094BB3
:1044B00098420BD88A428CBF122000207047042BF0
:1044C000F3D140F6C313EEE7122070473020704757
:1044D0008FFD7002CBF3700207B50D4AB2F8683059
:1044E0009BB1013B01A9A2F868300FF009FE20B191
:1044F00040F22A513920FCF797F9019A0120D38C18
:104500000133D38403B05DF804FB1846FAE700BF1B
:104510005007002010B504460A480DF08DFD0A49E9
:104520002046FFF7DBFA20460DF0A3FC38B1204609
:10453000FEF71CFF20460DF07CFD002010BD122070
:10454000FCE700BF88070020900700202DE9F04F0E
:10455000994687B07F4B04460DF110087E4D1868D0
:104560000F461B791646049088F8043095F86A3097
:1045700013B1404602F07EF9394620460FF0F1FDB6
:10458000AB69C4F8E83096F84A2006EB4202B2F86C
:104590002AA050460EF0CAFA01466FF4506000237C
:1045A0008244BAF1060F7BD9908C4FF0961284F8B2
:1045B0002A31A4F8E430C4F8E02040F2E2420EF0E0
:1045C000B5FA03F059FC40F2E243014604F1A80AAF
:1045D000A4F8F431C4F8C810C4F8F011504611F032
:1045E000A9FF834601F0E8FA8306A97B53BF1B238A
:1045F0006B88AA881A46A4F81231584BA4F81421E3
:104600001B6884F8F010A4F8F2B01BB194F92811DB
:10461000384698472B7C03A80394003B18BF01231E
:1046200084F829310EF079F94D4B1B681BB14D49C7
:10463000B4F8AA0098470123A4F8DE304A4B1B685F
:104640001BB14A49B4F8AA009847494B1B681BB1F3
:104650004849B4F8AA009847474B1B6813B1B4F80F
:10466000AA009847454B1B6813B1B4F8AA009847B5
:10467000AB8804F1C0006A88697803330332019182
:104680009BB2297892B2009104F1C401FCF7BAFD03
:10469000D4F8C03083B940F6F4713920FCF7C4F87F
:1046A0004FF04D12A4F8E4300123C4F8E02084F860
:1046B0002A314FF47A7389E7D4F8C43013B940F63D
:1046C000F571EAE70EF0F2F9C4F8CC00B9F1000F89
:1046D00005D002F037FB20F07F40C4F8D40096F8F4
:1046E0004A302046E96906EB4306338EA4F8D03001
:1046F000F38EA4F8D23011F01AFF414604F11700EE
:104700000FF0DFFD95F86A3013B9FF2384F83D32CE
:10471000EB6E23B1012204F5977150469847184972
:1047200050460FF07AF902F00DFB0C23B0FBF3F2C8
:1047300002FB1300C0B2431DDBB2082B9CBF0D303F
:10474000C3B2204684F823300FF03AFD07B0BDE82D
:10475000F08F00BFA151020050070020B0120020CE
:10476000A812002078070020C0120020AE07002009
:10477000B4120020A0070020B8120020BC120020B4
:104780005A07002010B503210020FCF7A1FC0446C5
:1047900070B90321FCF760FC044620B940F22531D2
:1047A0003920FCF741F8034B93F9701011F008FB26
:1047B000204610BD50070020014B5888704700BFAD
:1047C0005007002038B50FF06BFB002501F0B6FD57
:1047D000214C01F01DFA10F0E6F803F06DF902F03B
:1047E00069F808F055F9012001F0A2F91B4B1C4AA9
:1047F00029461D604FF01B13A4F86850A58184F86A
:104800003650E573C4E900234FF4A4731022A3606B
:104810004FF479432361134B58681B89A06304F15B
:104820004000A38712F0E5FC012342F2107204F16C
:104830005E0084F840306375C4E9112211F0D5FFA1
:1048400004F1500011F0F7FF0022002384F880509B
:10485000C4E91E2338BD00BF50070020A01200206D
:1048600003021B00652A0200064B41F64C521B2135
:104870001A629973C3E9062241F288325A62FFF73D
:10488000A1BF00BF50070020F0B53D4D85B000F13D
:10489000A8070446AB69C0F8E8302B7C003B18BF82
:1048A000012380F82931374BC0F8C830384611F061
:1048B00093F8064601F080F98306A97B53BF1B23BA
:1048C0006B88AA881A46A4F812312F4BA4F8142139
:1048D0001B6884F8F010A4F8F26023B194F9281151
:1048E000B4F8AA00984703A803940EF016F8274BD3
:1048F0001B681BB12649B4F8AA00984725493846D9
:104900000FF08BF80123A4F8DE30234B1B681BB19A
:104910000021B4F8AA009847204B1B681BB1002166
:10492000B4F8AA0098471E4B1B6813B1B4F8AA004C
:1049300098471C4B1B6813B1B4F8AA009847AB8882
:1049400004F1C0006A8869780333033201919BB295
:10495000297892B2009104F1C401FCF753FCD4F819
:10496000C03023B940F2E2413920FBF75DFFD4F8B3
:10497000C43013B940F2E341F6E705B0F0BD00BF23
:104980005007002000093D00B0120020A8120020AE
:10499000780700205A070020C0120020B41200201F
:1049A000B8120020BC1200202DE9F34104460E4647
:1049B00011F047FA002800F09680204611F07EFBA7
:1049C00040B1B6F80130013B7F2B03D9122002B071
:1049D000BDE8F081204611F075FB08B90C20F6E720
:1049E000204611F0B0F80028F8D1204611F0D2F995
:1049F00080460028F2D1204604F070FF0028E5D060
:104A000042F21073B6F80170F17820465F4311F05E
:104A100040FB04213078FCF75BFB0546062130782B
:104A2000FCF756FB2DB140B141F676213920FBF75A
:104A3000FBFE18B3054690F8E5802C4E3368EBB1C9
:104A40004035284610F046FEC0B1284610F022FE40
:104A5000A0B9B8F1000F07D0254B28461B6898472E
:104A600060B141F68A21E1E722494246336828468F
:104A7000096A984710B141F68F21D7E7204611F017
:104A800015FB014638B93A46204603F021FF40B3F2
:104A900041F69821CAE702210DF10600FCF7A4FABD
:104AA000054608B90D2092E7BDF806100FF097FBF8
:104AB0002946204611F036FB2846FFF7E5FE3A4628
:104AC0002946204603F004FF024610B141F6B42106
:104AD000ACE7084BDB6E23B105F5977105F1A80033
:104AE0009847002073E7422071E700BFA41200201E
:104AF000AC1200205007002008B50378032B0ED815
:104B000003F0FD03012B074B06D1074A07481A6043
:104B100002F098F8002008BD00201860F8E7112086
:104B2000F9E700BFA0120020D1430000D9440000E3
:104B3000074B01889A88914207D3B0F8032091B2BD
:104B400019B10020A3F8682070471120704700BFFA
:104B500050070020024B1B6803B118470C20704718
:104B6000A0120020014B93F97000704750070020FD
:104B7000034B5A8802801B7883700020704700BF67
:104B80005007002073B5837806461A2B08D8042BEB
:104B900004D9334A22FA03F3DB0705D412251AE0BD
:104BA000292B01D03B2BF9D13088B0F5706FF5D2AD
:104BB00069460FF0A5FA88B9009B93F82C2102F002
:104BC000FF05C2B9B27883F82D21FF2283F82C218A
:104BD00068460EF0CCF8284602B070BD0921308836
:104BE000FCF776FA0446002837D001A9B0F8AC01EA
:104BF0000FF086FA08B10C25EDE70821B4F8AE01F4
:104C0000FCF766FA20B94FF404613920FBF70CFE7B
:104C100003781BB994F8C831032BECD1019B93F8AE
:104C20004221002AE7D194F8F02102F0FF05002A82
:104C3000E1D1B4F8B021A3F8442194F8B82183F865
:104C40004621027D83F84721B27883F8482184F811
:104C5000F021FF2283F84221BDE70225BBE700BF18
:104C60002000380438B50278447802F0010302F0DD
:104C7000020254EA030101D1112038BDBAB9857886
:104C8000002DF9D0002B18BF002400E01D4620465F
:104C90000EF009F80028EFD028460EF004F800289E
:104CA000EAD0054B00209C72DD729881E5E7002B6D
:104CB000ECD000242546EAE75007002013B5008811
:104CC00001A90FF03FFA044620B9019890F83E314F
:104CD0001BB13A24204602B010BD90F85C3003F0BE
:104CE000FF04002BF5D190F853309B0706D1FF232A
:104CF00080F83E3101A80EF03AF8EBE70249543053
:104D00000FF079FEE6E700BFF75401002DE9F04708
:104D100003780446032B03D912252846BDE8F08703
:104D20004378032BF8D8437E8578002B4FD1012D93
:104D3000F2D100F05FFF854340F0928094F802804A
:104D400018F0010506D001232269A168E078FFF779
:104D5000A1FB054618F0020F07D002232269A168C3
:104D6000E078FFF797FB2843C5B218F0040F7BD01B
:104D700094F803A00423D4F80890226950464946C9
:104D8000FFF788FB284310F0FF05C6D1B8F1050FE7
:104D90000ED194F804800423E16862694046FFF76D
:104DA00079FB05460028B8D1C24559D1894557D16C
:104DB000237E013B062BAFD801210020FCF788F9A8
:104DC000054650B940F642413920FBF72DFD6B1ED8
:104DD000062BA1D8AA079FD4ABE7A8300DF091FB12
:104DE00018B195F854309B073CD1657EE278003DC0
:104DF000A078A16818BF0125012AB4F800E000F0EE
:104E0000040314BFB2FA82F2022294F818C018BF49
:104E1000520910F0010F1FD026695BB16769F319C1
:104E2000994207D24B089E4228BF1E468B1B9F42C9
:104E300028BF1F460E4B83F83D50002583F83800ED
:104E400083F83920A3F83AE083F83CC083F84000A7
:104E5000DF64C3E9111660E7002BEBD02769E9E7AF
:104E600011255AE70C2558E7002DA1D055E700BFC2
:104E70005007002000B589B0437940F271218DF8C8
:104E8000043083798DF8053001238DF806300378DE
:104E90008DF80730B0F801304B430393B0F803208E
:104EA0004A430D4991F83C100592A2F6C4128DF8C0
:104EB0001C1000218DF81D1008498A4209D8A3F65C
:104EC000C4138B4205D801A8FFF720FF09B05DF895
:104ED00004FB3020FAE700BF500700203C369C005E
:104EE0002DE9FF4106460078012813D17378012B84
:104EF00003D9022B0CD1B38853B17288B2B1B388F5
:104F0000A3B10A214A434FF4A0614B439A420DDBFF
:104F100012247AE00028FBD10121FCF7D9F80546DC
:104F2000002840F08E8040F69A5107E001210020D1
:104F3000FCF7CEF8054620B940F63F513920FBF783
:104F400073FCB388002B76D10CF032FF002874D1AB
:104F500095F81431002B72D12846FFF7DBFA04468E
:104F60000028D5D10121DFF830810846FCF7B0F8E0
:104F700098F81410074619B110B940F65B51DDE7F7
:104F800098F838200023CDE9023312F001031CBF4A
:104F9000D8F848000290520741BF04AA02EB8303ED
:104FA000D8F84C2043F8082C002941D097F8143148
:104FB000002B3DD07388DBBB98F83830384600931F
:104FC00002ABD8F8442098F83A100CF0C9FF78B337
:104FD00038460DF09CFA07F14003064605F1400201
:104FE000683753F8041BBB4242F8041BF9D128462A
:104FF000FFF790FA024610B140F682519EE70C2E60
:1050000007D1014628460DF035FC204604B0BDE826
:10501000F08116B140F68B5190E798F83930284668
:10502000296D43F0040385F854300DF002FCECE7E1
:10503000B2887188E6E71124E7E73A24E5E70C2413
:10504000E3E70DF00FFA04460028DED195F854305E
:1050500095F8A62022B195F8A720134385F8A6005D
:10506000053B012BD1D82B6D13B940F6AA5165E74A
:1050700001210846FCF72CF84FF4C0722946064679
:105080000BF054FF002386F894300423316D304632
:1050900086F85430C9E700BF500700202DE9F04FD3
:1050A000457A04468FB0A80718D545F0010565720A
:1050B000072D15D800F09EFD35EA000040F058811C
:1050C00094F848308BB9012D0AD1A369A94AA3F2FB
:1050D0005373934200F24A81012609E06907E7D140
:1050E000122420460FB0BDE8F08F15F00106ECD178
:1050F000AA0745BF731CB1464FF0FF09DEB26B072C
:105100000AD5B31D9C4A54F82330A3F6C413934226
:1051100000F22C810136F6B204F1080704F12205F1
:105120004FF000085FFA88F39E422BD823789A1E2E
:10513000022A40F21D81012BD2D813B9A378012B8A
:10514000CED86378032BCBD894F84930013B062B9B
:10515000C6D88A4F01210020FBF7BAFF3B7D0546E8
:10516000002B4CD101210846FBF7B2FF002818BFE5
:10517000054605F1A8000DF0C4F90646002858D0F0
:105180000C24AEE7994535D0D7F804A03B695345C8
:10519000A6D86A8B2B8C9A42A2D8B5F814B00120FD
:1051A0004FF0060C69882A89EB89CDF800B005918B
:1051B000CDE9010C0020CDE90623FFF7BBF800285C
:1051C00000F0D480B8F1000F14D0288805998842E7
:1051D00086D1E988069A914282D1AA89079B9A4290
:1051E0007FF47EAF6B8A5B457FF47AAF3B689A456C
:1051F00040F0BE8008F101080437023592E7A8307C
:105200000DF07FF90028ADD06FF00043D5E92A12E8
:105210009A4208BFB1F1FF3FA4D1637A28460093B8
:1052200004F11803E26861780CF09AFE0646002843
:1052300098D028460CF0C2FD08B13A2451E7284620
:105240000CF0B6FD0028F8D1FB7C4BB90AAF0A93ED
:105250007B6006238DF82E303846FBF773FF68B36A
:1052600000210DF12600FBF7BFFE074600287BD08A
:1052700001232246BDF82610FFF768F9384611F0E1
:105280006EF91EB9617828460CF025FE04F103087A
:10529000A2782178284643460CF0CAFD00286FD139
:1052A00012240021B7F8AA00FBF728FF00283FF4DA
:1052B00018AF41F288213920FBF7B6FA0A9B93F820
:1052C000CD20802AC8D093F8E530002BC4D057E712
:1052D000637A8DF8286013F00102E16818BFA069B5
:1052E0000B911EBF0C9001208DF828009E0744BF33
:1052F0000132D2B258071BD59DF82800063203F0C0
:10530000050354F8222040F00400052B0D928DF87F
:1053100028000DD10C981318994209D24B088342EA
:1053200028BF0346C91A0C93914294BF0D910D9268
:105330000AA92846FEF7D2FB94F8481028460039FF
:1053400018BF01210CF071FD94F8491028460CF0AB
:1053500052FD28460CF06DFE394628460DF069FADC
:105360000024BEE60B249CE70D24BAE63024B8E600
:105370001124B6E63CF67002CBF370025007002011
:1053800016B92846FDF7F2FF21784346A278284651
:105390000CF0AEFD94F8099000F02CFC09EA000135
:1053A000284601F005010CF029FD16B9042385F803
:1053B00054302F654246A0780DF098FB01462846F0
:1053C0000CF0B1FD237833B94246A1783846FFF797
:1053D00029F80028C6D1002E3FF47AAF04212846D0
:1053E0000CF050FD0028BBD10C245AE710B54379CE
:1053F00094B0032B57D823F00203027940F27121B5
:105400008DF80630D0F806308DF80420CDF807303E
:105410004389027BADF80B3001238DF805208DF810
:105420000D3003884B43049342884A430792A2F607
:10543000C412847B417B41EA0421ADF82810047C2E
:10544000C17B41EA0421ADF82E10847C417C41EA05
:105450000421ADF83410047DC17C41EA0421ADF88B
:105460003A10417D847D41EA0421ADF84010C17DB0
:10547000007E41EA00210E48ADF8461000218DF86B
:105480004C108DF84E100B4990F83C008A428DF874
:105490004D000AD8A3F6C4138B4206D801A8FFF723
:1054A000FDFD14B010BD1220FBE73020F9E700BF6E
:1054B000500700203C369C0073B506230025CDE93B
:1054C00000558DF806306846FBF73CFE08B1002613
:1054D00010E0009D95F8CD30802BF4D095F8E56074
:1054E000002EF0D095F83131002BECD195F8CC306E
:1054F000002BE8D101210020FBF7EAFD044620B98A
:1055000041F2BB213920FBF78FF9A8300CF0F9FFED
:10551000224B1B7D73B3E0B194F85430053B012B53
:1055200017D820460CF0F3FF054610B141F2C62112
:10553000E8E72046FDF7A0FE94F854302A462946B5
:1055400023F00403204684F854300DF093F900252D
:105550000DE001210846FBF7BBFD044610B941F2FE
:10556000D221CFE7A8300CF0CCFF60B90C2528463B
:1055700002B070BD28B9002EF8D0FF2385F8CC30DA
:10558000E5E7002EF9D120460CF0C1FF05460028C2
:10559000EDD12046FDF770FEE9E700BF500700207F
:1055A00037B5837805460A2B39D801A900880EF053
:1055B000A7FD044670B912212888FBF789FD20B9A0
:1055C00041F2D8513920FBF72FF9019B93F8402184
:1055D0001AB10C24204603B030BD827A02F0FF04D9
:1055E000002AF6D1019A92F86510090706D4FF2225
:1055F00083F83F21FF2283F84021EBE792F86920EE
:10560000D20907D0027BAD78417BAA4228BF2A4647
:105610009142EFD3034902300FF0E4F9DAE71224A4
:10562000D8E700BFA1680100F7B5067804460F4629
:10563000EF2E03D91226304603B0F0BD90F90120B9
:105640004378002AF6DB82789207F3D113F010003A
:105650001DD19D0603F0030216D5002AEAD11907D1
:10566000E8D42179E278E57942EA0122617942EAD7
:105670000142A17941EA0521257A41EA05418A42A0
:10568000D8D81F2A12D8D5E7032AE8D1D2E713F0D9
:10569000600FCFD103F00702052A05D003F00F01F8
:1056A0000D22CA40D207C5D51D07DAD5627A013A64
:1056B000062ABFD8A27A032ABCD813F0040302D169
:1056C000023A012A03D8E27A012AB3D813B9A37C9B
:1056D000032BAFD8237DF8B1012BABD1237E012B57
:1056E000A8D818B36378D90702D500F0ADF920B374
:1056F0006378227D03F01803082B2ED1022A1CD1D7
:1057000003213046FBF7E4FC054660B310F01BFABA
:10571000002834D00C268EE7022B8BD0A37D013BD2
:10572000022B87D8E37D0F2BD8D983E700F062FAEC
:10573000820707D4237D022B01D111267BE7A37DAD
:10574000022BFAD000F056FA4307CBD4237D032B6B
:10575000F3D0A37D032BC5D1EFE7022AD0D0237F5E
:10576000002BCDD0E9E703213046FBF775FC054659
:10577000002843D0224B93F9701010F021FB002138
:10578000304611F00CF828BB284610F08CFC21465E
:105790003870E074284610F087FBE37E0646002B45
:1057A0003FF449AF00287FF446AF0246E96C6846F3
:1057B000FBF708FE3246E86C01210CF03DF9E96C7C
:1057C00068460422FBF7FEFD32463146E86C0CF0D9
:1057D00033F930E740300FF07DFF0028D4D06378F4
:1057E00013F0330F7FF426AFA67D2846296A10F008
:1057F00078FCFEF7CBFC8642C6D08BE707261AE77B
:105800005007002030B502798BB00346042A4FD8E8
:105810004088B0F5804F4BD8264900241144ADF89C
:1058200000408DF808408A7C4D7B42F010028DF8D4
:10583000244042EA4502CD7D097F42EA850242EAE0
:10584000C102694602F01F028DF80020BDF8002059
:10585000ADF809201A888DF80E00000A8DF80B208B
:10586000120A8DF80D408DF80C208DF80F008DF880
:1058700010405A7BD3F807008DF811205A79059013
:1058800002A88DF812209A798DF81320B3F80B2016
:105890009B7BADF818208DF81A307F238DF81B30D4
:1058A0004FF00113CDE90734FFF7BEFE0BB030BD5A
:1058B0001220FBE7652A02000278034672B14278A3
:1058C00062B142881A2A09D982881A2A06D9006840
:1058D000034A106000209B88938070471220704715
:1058E0005007002002680020014B9A61704700BFFA
:1058F0005007002002680020014BDA61704700BFAA
:10590000500700200378A3F10A02112A9BBF024A24
:105910000020122093737047500700200378FF2B5C
:1059200015D14378FF2B12D18378FF2B0FD1C37889
:10593000FF2B0CD1037923F0E0021F2A07D11F2B84
:1059400005D05B09034A002082F83C3070471220E2
:10595000704700BF50070020014B5874002070476B
:1059600050070020014B987400207047500700201A
:10597000024B1B6803B1184711207047C412002066
:1059800008B53F2000F0E0F801F046FB01F0B0FF61
:1059900007F03CF8014B024A1A6008BDB81200201B
:1059A000A1CA000008B53F2000F0CEF801F03CFB92
:1059B00001F09EFF05F0B0FB014B024A1A6008BDE2
:1059C000B8120020A1CA000008B50122054B1A71C7
:1059D00003F06EFF04F040FD0DF0E0FFBDE808406D
:1059E00001F058B8D407002010B5064C064904F160
:1059F00008000DF062FF04F10C000449BDE81040FE
:105A00000DF05BBFD4070020D0000020D80000209C
:105A100010B5094C094904F108000DF04EFF04F1DE
:105A20000C0007490DF049FF04F110000549BDE8DD
:105A300010400DF042BF00BFD4070020E00000205E
:105A4000E8000020F0000020014B1879704700BFEB
:105A5000D407002010B50A4C072000F075F809495A
:105A600004F108000DF029FF04F10C0006490DF0C7
:105A700024FF04F110000549BDE810400DF01DBFE2
:105A8000D4070020F80000200001002008010020B9
:105A900010B5064C064904F108000DF00EFF04F1A4
:105AA0000C000449BDE810400DF007BFD4070020EA
:105AB000100100201801002038B5074C0D4600F0F9
:105AC000BDFFA06825600DF0F0FEFEF7CDFE01F0F1
:105AD00051F90123237538BDD4070020014B187DEF
:105AE000704700BFD407002010B50C4CE0680DF0E3
:105AF000DCFE20690DF0D9FEFEF764FE202000F0E8
:105B000037F82F2000F034F8262000F031F8292053
:105B100000F02EF80023237510BD00BFD40700202D
:105B200000487047E907002000487047EB08002054
:105B3000014B83F819027047D4070020014B93F8FA
:105B400019027047D4070020C208074900F0070077
:105B500001238340885C03438B5404490B789342B0
:105B600038BF13460B70704778000020EE09002004
:105B70000F4B012110B503EBD002C40800F0070061
:105B800001FA00F0195D21EA0001195509490B7865
:105B9000A34205D1002012F8014914B100B10B70E5
:105BA00010BD002BFAD0013B0120DBB2F3E700BFB0
:105BB00078000020EE090020014BD3E90001704776
:105BC000780000200048704780000020064B1878BD
:105BD000072881BF08381823B0FBF3F001308CBFD1
:105BE000C0B20020704700BFEE0900200048704797
:105BF000942A0200054B1868C0F3C022C0F30020AD
:105C0000400040EA820040F0010070477800002028
:105C100008B509F05BFD0023074A32F823108142E2
:105C200005D302EB83029378044A137008BD013355
:105C30000C2BF2D10023F7E7982A0200EF0900208D
:105C4000024B1878072828BF07207047EF0900206B
:105C50002DE9F04F046898460F4685B094F86330FC
:105C6000164604F1A80994F80FA043EAD303D90714
:105C700002D4BAF1260F5FD194F8A850002F55D165
:105C8000FFF7B8FF8DF80B00002E51D1FFF7B2FFE0
:105C90002B4B8DF80C00D3F800B0BBF1000F0CD0EB
:105CA000AAF1260228464946534253410DF10B0200
:105CB000009303ABD847054630B99DF80B3013B1BC
:105CC0009DF80C0028B90925BAF1260F2AD1002029
:105CD000034694F8292132B19B0700F002002DD52C
:105CE00060B302200346FF2284F8392194F838215A
:105CF00002F0FF05F2B99DF8382003A984F83B01B2
:105D0000484684F8382184F83A31A4F83C818DF86B
:105D10000C708DF80D60ADF80E800DF07EFE002346
:105D200084F83931284605B0BDE8F08F3846A9E738
:105D30003046ADE73A25F2E71A25F3E70925F1E702
:105D4000C812002010B50468B4F8AA3084F8841191
:105D5000A4F8853194F82001FEF728FA84F8870129
:105D600094F82101FEF722FA044984F8880104F22C
:105D70007B10BDE810400EF03EBE00BFE1390100CF
:105D800030B5C1F30722CCB2164985B0C5B2C0F315
:105D900007230978019049B9114620460DF02BFEE2
:105DA00020B9194628460DF026FEB0B12B402340FD
:105DB00002EA030001460CF0ACFE044608460CF073
:105DC000A8FE032C04D1BDF80630012B08BF042423
:105DD000E4B244EA002005B030BD05EA020003EA5F
:105DE0000401E8E7F00900202DE9FF47046889462F
:105DF000054694F80EA0AAF1250359425941052AF7
:105E000035D1E37B272B37D104F10F0799F80180B7
:105E100099F8026008F0070806F0070608F1FF335A
:105E2000721E03EA0803324013431FD130460DF0BF
:105E30008CFE60B394F82031984228D094F83A212F
:105E4000164213D0BAF1250F21D094F81921164229
:105E50001DD10138013B474AC0B2DBB21044032BCD
:105E600000790FD81A441379834210D9284604B018
:105E7000BDE8F0470DF031BEBAF1250F77D104F13E
:105E80000E07C3E74FF4DD710620FAF7CDFC40465C
:105E90000DF05BFE40B194F82131834204D094F8B8
:105EA0003B3118EA030FE1D0B9F8039003AB204669
:105EB0003246009341464B460DF054FE2C6878BBA9
:105EC00094F83831012B28D1E38804F5367294F820
:105ED0002011B4F83C010DF0A6FE0646D0B90146EB
:105EE0002846FFF72FFF2B6883F838613E702B6838
:105EF00003F10F02974201D10022DA732B6803F1FC
:105F00000F0297422FD128460EF08DFF002004B0DB
:105F1000BDE8F0872C23A373E9E784F83801E6E7AE
:105F2000E388A4F8D89209F1FF39A9EB030947F6F1
:105F3000FD731FFA89F9994506D92823284684F864
:105F4000313001F0BFFAD9E7E37B0D2B02D00A3BD9
:105F5000012B01D82A23F1E7BDF80C30A4F8DA327E
:105F600029233B70CAE7002283F84A20CEE70220AB
:105F7000CDE700BFC82A0200034B002283F850205F
:105F8000A3F85220704700BFF2090020044B93F899
:105F90005020012A1ABF036001200020704700BF73
:105FA000F2090020064B024693F8501001291BBF4E
:105FB0000120A3F85220002083F85000704700BF52
:105FC000F2090020054B024693F8500028B11360F7
:105FD00011B1B3F852300B8001207047F209002054
:105FE000054B002293F85000A3F8522010B1012075
:105FF00083F85020704700BFF2090020034B93F84C
:106000005000B0FA80F04009704700BFF20900204C
:1060100050B90A4A0120134603F8010B0868C2F878
:1060200001008A889A807047012805D1034B0A68CD
:10603000D8719A608A889A81704700BF460A00200A
:1060400050B90B4B187888B1D3F80120B3F805305C
:106050000A6001208B807047012806D1044BD87953
:1060600020B19A689B890A60F3E70020704700BF5F
:10607000460A002010B9044B18787047012806BF63
:10608000014BD87900207047460A0020F7B58A886E
:1060900000238DF80600ADF8042008680B4A8DF83F
:1060A00007300146147802F5A872019DD8B28442E7
:1060B00001D8082007E052F8087F01335668AE4245
:1060C00008BF8F42F2D103B0F0BD00BF580A0020D4
:1060D000084B0146002230B55C7803F20113D0B2C0
:1060E000844201D8082004E013F8015F01328D4298
:1060F000F5D130BD580A0020F8B52D4C6378221830
:10610000013B92F80251DBB28342637030D01A0136
:106110000101961C8F1C2644274406F1100C56F8EA
:1061200004EB664547F804EBF9D182328231224410
:10613000214402F1100652F8047BB24241F8047B7C
:10614000F9D1E118221891F8026182F8026106265D
:106150007343704303F5857300F58570E618E358C3
:1061600027182350B388BB8091F83A3182F83A312E
:106170002846FFF7ADFF082818D12378013BDBB292
:106180009D42237012D02B3305F12B0204EBC30385
:1061900004EBC20293E8030082E803002078FFF7D3
:1061A00097FF08281CBF241884F80251F8BD00BFCF
:1061B000580A0020F0B5254D89B095F8984105F2B0
:1061C0009911684622460AF0B1FE214668460DF054
:1061D00086FE0446B8B300EB400102A8C9B2FBF743
:1061E000EFF9631E95F8A1610124DBB295F89811CF
:1061F00005E0721CB2FBF1F001FB1022D6B206F1F1
:1062000020020DEB020010F8202C002AF1D103EB44
:10621000430100F8204C06EB460220312A44694431
:1062200011F8187C82F8A27111F8177C11F8161C6D
:1062300082F8A37182F8A411013BAA19DBB282F89B
:106240009941FF2BD2D109B0F0BD00BF580A002000
:1062500070B5064688B00C46002A4ED0294A92F8FE
:10626000A131D01890F8991119B9FF212820FAF717
:10627000DBFA03EB43010133114491F8A251E570BD
:1062800091F8A35191F8A41125716171002180F852
:10629000991192F89811B3FBF1F001FB103382F8D9
:1062A000A13192F8C23123B9174902F5DD700EF021
:1062B0009FFB65790D220021684605F03F0545F0FA
:1062C0004005657110F095FFE37804AA69468DF8E2
:1062D0000F30304623798DF80D508DF80E300423A1
:1062E00010F0BEFE9DF81F3023709DF81E306370C5
:1062F0009DF81D30A37008B070BD03216018FBF736
:106300005FF9D6E7580A0020B5610000044B5A78BF
:10631000824286BF1B1893F84A010020704700BFD5
:10632000580A0020044B5A78824286BF1B1893F803
:1063300042010020704700BF580A0020064B00228F
:106340004FF461711A8083F8C32183F8C421A3F844
:10635000C61183F8C2217047580A0020014B83F808
:10636000C4017047580A0020014B93F8C4017047DC
:10637000580A002010B51446FFF788FE082813D0ED
:10638000FFF7A6FE094B5A7882420DD904B120705E
:10639000184490F83A3190F84A01012B08BF40F0B8
:1063A000010000F0010010BD0120FAE7580A0020AA
:1063B0002DE9F0478246894617469846FFF766FE64
:1063C00008280546064603D0FFF782FE082860D15C
:1063D000324C6378072B5ED8082D15D12678731CB4
:1063E000072E237003D96C212820FAF71DFA06F135
:1063F0002B02D9F8000004EBC20344F83200B9F8CC
:10640000042083F806A09A80657807F110026B1CBF
:10641000290163704B1C234412F8010DBA4203F8A2
:10642000010FF9D1813108F11003214413F8012D36
:10643000984501F8012FF9D12544102140460DF06F
:1064400094FD102185F8420138460DF08EFD85F847
:1064500002616678002385F84A013146104885F8C4
:106460003A310DF03CFD0128054607D831460D486C
:106470000DF035FD002818BF0135EDB284F89851B4
:106480000025284684F8A151FFF794FE2846BDE870
:10649000F0871220FBE70720F9E700BF580A002029
:1064A0009A0B0020A20B0020064B10B5587801383B
:1064B00040B2002800DA10BDC4B22046FFF71CFE2F
:1064C000601EF5E7580A0020014B83F8C3017047AE
:1064D000580A0020014B93F8C3017047580A002066
:1064E000431E4AF2B7129BB293429DBF024BA3F8E0
:1064F000C601012000207047580A0020014BB3F864
:10650000C6017047580A00200A4B30B55C788442B7
:106510000ED9184490F802012B3003EBC004A57982
:106520000D7053F8300010600120A388938030BDB7
:106530000020FCE7580A002070B506460D4607F01B
:106540008BFB06F011FC0A4890F8C34164B1417816
:1065500061B100F1820302303246002D08BF1846B7
:1065600006F0AAFB06F032FC204670BD0C46FBE7A5
:10657000580A002008B5064B024603EB011301211F
:1065800003F1820006F098FBBDE8084006F01EBC4F
:10659000580A00200246074810B590F8C34124B1BC
:1065A000417821B1023006F087FB204610BD0C4631
:1065B000FBE700BF580A00202DE9F74F2F4C9A4601
:1065C000804689466378834256D9231893F842510E
:1065D00085F00105F9B193F84A31E3B945F00207B6
:1065E0000135BAF1000F18D1FA070AD5062104EBDC
:1065F0000810524601FB0841823001F58571FFF712
:1066000027FEBB0734D504EB08105246494602303A
:10661000FFF71EFE2CE02F46E3E794F8A1614FF050
:10662000010B002DE0D0A31993F89911019399B9AA
:106630000092DAB100F06EFB019B06EB4601009A76
:106640004FEA102C83F899B1214481F8A201000C83
:1066500081F8A3C181F8A401013694F89831013D75
:10666000B6FBF3F103FB1166F6B2DAE747F0040775
:10667000384603B0BDE8F08F0027F9E7580A00203C
:10668000F8B50646174C48B3617804F5A1700DF0D3
:1066900026FC94F89851074604F2991029460DF00B
:1066A0001EFC2D1AEDB2AF421AD800256278EBB26B
:1066B0009A4201D80120F8BDE21892F842215AB955
:1066C0000621324601FB034104EB031301F58571FA
:1066D00003F18200FFF7BCFD0135E7E70546E5E77A
:1066E0000020E8E7580A0020F0B51B4E89B00746A5
:1066F0000D46737883422CD9331893F8424144BB3A
:106700000D222146684610F074FDEB7806EB071069
:1067100004AA8DF80F3069462B7982308DF80E303F
:106720006B798DF80D30042310F09AFC2A789DF8CF
:106730001F309A420AD16A789DF81E309A4205D1DC
:10674000AC789DF81D30E31A5C425C41204609B0EC
:10675000F0BD0020FBE700BF580A0020074B5A7825
:10676000824209D91A1892F842212AB9062202FB5C
:10677000003000F58570704700207047580A0020EF
:10678000064B5A78824281BF1B1893F83A01B0FA3F
:1067900080F0400998BF0020704700BF580A0020D1
:1067A000F8B50E4607460621154630460DF0DDFBCE
:1067B000044670B10C4B0022587803F23913D1B261
:1067C000884202D801242046F8BD013203F8015F57
:1067D000F5E7314638460DF09EFB0828F3D0024B12
:1067E000034483F83A51EDE7580A0020034B80F840
:1067F00080101B680BB1408818477047CC120020EE
:106800000B2808B504D940F229112920FAF70CF811
:10681000014B33F8100008BDD02A0200036830B5E0
:106820000024D3F8C80042F21075A3F84040B3F832
:1068300044404443B4FBF1F4A3F844404C1E05FB30
:106840000242B2FBF1F2A3F84220094AB2FBF1F294
:106850000132A3F848209A8F05FB02445A6B50433B
:10686000B4FBF1F4B0FBF1F09C63586330BD00BFA2
:10687000005A6202054B1B7833B9054B1A681B7925
:10688000026003710120704700207047200C002037
:1068900088000020054BFF221A70054A016811602C
:1068A0000179117100221A70704700BF200C00207E
:1068B0008800002007B5064A1068127900906846E3
:1068C0008DF80420FFF7E6FF03B05DF804FB00BF7E
:1068D000A15102000346084671B13F2B0BD8074A6D
:1068E000D35C03F07F02914205D08CBF01200020D1
:1068F00000EAD31070470120704700BFE82A020069
:10690000FF230B7002234B7083238B70014B1B788A
:10691000CB707047240C00202DE9F84FD0F804808C
:106920000C46D8F81C6030460AF053FF054620B9E3
:106930004FF4AA711020F9F777FF014630460AF0AC
:1069400056FFB5F800B082461FFA8BF717B94FF41F
:10695000AC71EFE7224B00F103091B68D3B998F83B
:10696000023098F803202370637802F00F02A4F835
:1069700002B023F00F03134323F0C00363709AF8AF
:10698000003003F00303012B0FD0022B0DD04FF486
:10699000BB71CFE73A464946B8F80200984705462A
:1069A0000028DCD12846BDE8F88F6278304663F3D2
:1069B000051262700AF025FF054610B94FF4C07148
:1069C000B8E7FB2F02D940F28F11B3E73A464946A8
:1069D000201D0AF0ABFA30460AF06AFEE2E700BF7B
:1069E000D012002038B5134C10220021201D10F0C9
:1069F00000FC0125257404F108031022002104F194
:106A00001400C4E9013310F0F4FB84F8205004F1C1
:106A10001803094AC4E9053300236362A36284F8BA
:106A20002C30C4F82D30C4F8313084F83530136080
:106A3000A36338BD240C0020D012002010B5084CF0
:106A40002378FF2B04D040F299111020F9F7ECFEC7
:106A50000AF0D8F92070BDE81040FFF7C3BF00BFAF
:106A60008D00002010B5034C20780AF0E5F9FF23D3
:106A7000237010BD8D000020014B18780AF0ECB98E
:106A80008D000020014B024A1A607047D812002086
:106A900019690000014B024A1A607047D8120020A1
:106AA000196900002DE9F341DFF88881054608F1F6
:106AB0001407D8F80830D8F81840227A012A22D1D1
:106AC000D8F8382052B1137A1BB9BF211020F9F73A
:106AD000ABFED8F83840C4B9002093E01A7A012AF6
:106AE000FAD01C46544AEFF3108172B65068006821
:106AF000506001B962B6A34208BFC8F83840237A93
:106B00001BB9EE21E2E73A46EDE7267AF6B2052315
:106B10002372731E0B2B7ED8DFE803F07A06233630
:106B2000773F4E3F3F3F3F6B636813B94FF40371AC
:106B3000CCE72046294698470420EFF3108272B62E
:106B4000237A052BD9B24FF0000369D12372D8F80C
:106B50003810A14201D1C8F83830002A45D162B6B8
:106B600043E0636813B940F21521AFE72946204698
:106B700098470346ADF80400C0B2C3F30723012BC6
:106B80003ED0022BD9D129E0636813B940F21D2110
:106B90009CE7204698470020CFE7284B1B68002B36
:106BA000F9D03246606829469847A6F10A020420C7
:106BB000534253415B00E4E763680BB9FE2185E76C
:106BC00086222A7001225988AA706A710022986967
:106BD000A5F80310AA710AF06BFD0420D8F838302C
:106BE000A34202D10023C8F8383000283FF461AF37
:106BF00008E0134B294620461B689847034668B9AE
:106C0000267298B102B0BDE8F0814FF415715DE7CE
:106C100040F257215AE740F25A2157E70220DDE7B8
:106C200011B940F27B2151E7184696E7002B7FF41B
:106C300040AF51E7240C0020280C0020D412002083
:106C4000D8120020014B1860704700BFD0120020FE
:106C5000134610B5027A22B140F202311020F9F742
:106C6000E3FD0A4601460248BDE810400DF09DBE16
:106C7000280C0020044890F82C301BB9034924301C
:106C80000DF0B0BE704700BF240C00209B490100EE
:106C90000346064890F83C203AB190F8352022B9D6
:106CA000034900F82D3B0DF09DBE7047240C0020D9
:106CB000016900000A4610B5037A23B140F20A3197
:106CC0001020F9F7B1FD014607230248BDE8104046
:106CD0000DF06BBE380C00201346027A0AB1037225
:106CE00070470A46014601480DF05FBE280C00209F
:106CF00001490DF080BE00BF034A0100014B187826
:106D0000704700BF610C0020014B1878704700BF2E
:106D10008E000020094AD2E90003434083EAB01103
:106D200081EA43214FEAF34311605360044B584317
:106D30004FEAF06000EB8000704700BF640C002059
:106D4000BB79379E094AD2E90003434083EAB01178
:106D500081EA43214FEAF34311605360044B5843E7
:106D60004FEAF06000EB8000704700BF9000002009
:106D7000BB79379E10B50A4C08210948FAF720FC68
:106D8000D4E900321343F7D0064CFFF7DBFF206055
:106D9000FFF7D8FF236860601843F6D010BD00BF2E
:106DA00090000020640C002038B5A0F10B031446BD
:106DB0000D46DBB22046432B96BF0C4AFE21D15C28
:106DC0000DF0D7FF88B985B12978342909D03F293A
:106DD00009D0272908BF26212046BDE838400DF0FC
:106DE000C8BF3221F8E73E21F6E738BD282B020064
:106DF000094B0A4A1A600A4B0A4A1A600A4BC0F841
:106E0000B0300A4BC0F8AC30094BC1F8B030094B78
:106E1000C1F8AC30704700BF201700207369010033
:106E2000241700208DCB0000C1CB0000E9CA000070
:106E30003F69010091690100174B184A9A60184A8E
:106E4000DA62184A1A61184A5A61184A9A61184A4D
:106E50001A63184A5A62184ADA64184A9A64184A35
:106E60009A63184B184A9A60184A1A62184A5A606C
:106E7000184A1A60184A9A62184ADA62184ADA609E
:106E8000184A9A61184A1A63184A9A64184ADA64C6
:106E9000184A5A62704700BFDC120020ED4E010014
:106EA0006D5201003F52010009520100ED750000D2
:106EB00039790000DD7700004D5401007354010062
:106EC00081770000DC130020034F0100FD53010017
:106ED000594F01002F5101008353010083520100DB
:106EE000A15301006953010019550100B754010075
:106EF000A354010013540100174B184A9A60184A12
:106F00005A60184A1A60184A9A62184ADA62184A8D
:106F1000DA60184A9A61184A1A63184A1A62184ABB
:106F2000DA64184A9A64184A5A62184B184A9A60E6
:106F3000184A5A62184ADA62184A1A61184A5A619B
:106F4000184A9A61184A1A63184A9A64184ADA6405
:106F5000184A9A63704700BFDC140020ED4E010010
:106F6000134F010055500100A3520100FF520100D0
:106F7000617600001153010039790000817700002B
:106F80004D54010073540100DD770000DC15002032
:106F9000034F0100135401002F530100DF52010081
:106FA0004F5301001177000019550100B75401003B
:106FB000A3540100FD530100054B064A9A65064A99
:106FC000DA65064B064A9A65064A1A66704700BF9C
:106FD000DC120020113D0100C73D0100DC13002040
:106FE000333B0100193E0100054B064A9A65064AEB
:106FF0001A66064B064A9A65064ADA65704700BF6C
:10700000DC140020853D0100E95D0000DC15002056
:10701000333B0100813E010001490248FFF7E8BE11
:10702000DC130020DC12002001490248FFF7E0BE1B
:10703000DC150020DC140020F7B5044601A80F463B
:10704000FEF7A4FF20B94FF4AA615120F9F7ECFB39
:1070500050220021019810F0CCF8019D3F2F2E46C0
:1070600006F8037F43D83F2F44D8DFE817F04600E7
:107070004C006C0075008D00740174019A00B3001F
:107080009E0074017401A300AF00B30043004300ED
:10709000B70074017401CC00CC00E300E300EA0007
:1070A000430043007401EF00FC00000104010B01E8
:1070B0000D010F0111011B0125015401560143006F
:1070C00043002D015E015C0146013C013E0140018F
:1070D000420148014C014A015001740143004E0134
:1070E0004401520160016201430058015A01FF2F1F
:1070F00000F0258140F24451A7E7214630460EF0CA
:1071000021F8C0B9BBE02668D6F838326B6096F833
:107110003C322B72206890F89F3033B90DF0D3FECB
:107120002368DB881844A6F83E02B6F83E320820F1
:107130006B721B0AAB72FEF735FF002840F00D8121
:1071400040F2575181E7236893F8A82052BB93F887
:107150002D3102202B71EEE723681720D3F880220F
:107160006A60D3F88422AA60B3F88822AA81D3F88F
:107170006022C5F80E20D3F86422C5F81220D3F897
:107180009030C5F81630D6E722680D20D2F8FE31CF
:107190006B60D2F80232AB602368D3F89430EB60B6
:1071A000C9E7236893F8A030D3E73146204600F0C2
:1071B00081FBA6E7112306202B7159236B71002355
:1071C000AB713923EB7130232B72B4E7236893F84A
:1071D0009A30BEE7304600F05BFB92E7236893F8F5
:1071E000A82052B993F8A0203AB193F89D202A71B3
:1071F00093F89C3003206B719DE793F89B202A71D4
:1072000093F89A30F6E723680920B3F80C212A7125
:10721000120A6A71B3F8A220AA71120AEA71B3F8CD
:1072200008212A72120A6A72B3F8A030AB721B0AE4
:10723000EB7280E7236893F83A212A7193F83B3187
:10724000D8E7214630460CF026FD5AE72368112185
:10725000B3F8AA00F9F73CFF00F15B0130460DF0EE
:10726000EFFA232067E730460FF0ADFA49E73046E2
:107270000FF0B2FA45E73A4B1B68002B5BD140F2A6
:107280004951E2E6374BF7E7374BF5E7374BF3E782
:10729000374B1B68002BF2D02320224631469847FB
:1072A000042048E7324B1B68002BE8D022463146C9
:1072B0002420984705203EE72D4B1B68002BDED08D
:1072C000224631462520F4E723681121B3F8AA00AD
:1072D000F9F7FEFE00F17D0200F15B0130460DF092
:1072E000BBFA2B2027E7234BC6E7234BC4E7234BEE
:1072F000C2E7234BC0E7234BBEE7234BBCE7234B3E
:10730000BAE7234BB8E7234BB6E7234BB4E7234B4D
:10731000B2E7234BB0E7234BAEE7234BACE7234B5D
:10732000AAE7234BA8E7234BA6E7234BA4E7234B6D
:10733000A2E7234BA0E7214630469847E1E62368C1
:10734000304693F8CF22D3F8D0120DF046FA2368D6
:1073500093F8CF02D5E60120EDE603B0F0BD00BF03
:10736000DC160020E4160020E0160020E8160020BD
:10737000EC160020F0160020F4160020F81600206D
:10738000FC160020101700201817002000170020FE
:10739000141700201C1700200417002008170020D5
:1073A0000C170020281700202C1700203017002071
:1073B0003417002020170020241700203817002041
:1073C0003C1700203F289ABF024B53F820000020B2
:1073D000704700BFDC1200203F289ABF024B53F8D1
:1073E00020000020704700BFDC1400203F289ABF17
:1073F000024B53F820000020704700BFDC13002030
:107400003F289ABF024B53F820000020704700BF6E
:10741000DC15002030F8023CF7B504460E46B0F803
:10742000825073B101226846ADF801508DF80020FA
:10743000ADF80330FDF78EFB18B195216320F9F705
:10744000F3F91C4B1B6813B1A4F1280098471A4BA1
:107450001B680BB128469847184B1B680BB1284690
:10746000984783230027A6F803503370B770637AD8
:10747000D4F89C0073710AF025F908B9BA21DDE748
:1074800039462846F9F73AFE02212846F9F736FE32
:1074900018B90B4B1B6803B198474FF401730020D8
:1074A00003F004021B0A62F3070063F30F2003B02A
:1074B000F0BD00BF40170020441700204C170020EB
:1074C00048170020F7B5056804464FF6FF77D5F852
:1074D000C0600DF102010DF101023046ADF80270FD
:1074E0000AF09FF801A930460AF0BDF848B10198AA
:1074F0000AF085F92168A83100220272FFF7DAFB51
:10750000E7E7044905F1280003B0BDE8F0400DF0BD
:107510006CBA00BF15740000F0B5044685B00D4686
:10752000FF2600F8E96C10F8EA3CF3B1174F3B78FE
:107530001BB162211F20F9F777F90C21381DFAF7EA
:107540003FF83E70002304F8E93C8A232A4602F8FB
:10755000033BD4F80930C5F80330D4F80D3053603C
:10756000D4F81130936005B0F0BD01A80C21FAF7F2
:1075700027F8A4F51773039A1A6001AB03CB44F8FC
:10758000F20C44F8EE1C04F8EA6CDBE76C0C00200B
:1075900010B5054C23782BB90C21201DFAF710F8F3
:1075A000FF23237010BD00BF6C0C0020024690F832
:1075B0000632BBB990F8073203F0FF010BB100208F
:1075C0007047094B18780028F9D01970D96804332E
:1075D000C2F8941003CBC2F8FE01C2F80212FF23D6
:1075E00082F80632012070476C0C0020036810B549
:1075F0009A7B04461F2A2CD1002283F8512083F85D
:107600004A2083F88A22036893F85210B3F8AA003C
:1076100081B1C3F8C9211049A3F8CA0103F5E0708C
:1076200083F85220A3F8CD210DF0DCF92368002067
:10763000987310BD0122A3F8B90183F8B81103F2C1
:10764000AF1083F8BF11A3F8BC1183F8BB21034925
:10765000EAE70220EDE700BFF1510100D951010036
:10766000026870B5D37B04460D463BB1132B05D0A1
:10767000113B0F2B8CBF0120082070BDD2F8A43025
:10768000002B3BD192F8523013B920460DF0B9FBD4
:10769000D5F80B302268C2F8F631D5F80F30C2F8B1
:1076A000FA312368D5F81320C3F89020B3F8AA2044
:1076B000A3F8F922D5F80120C3F8FB22D5F805205C
:1076C000C3F8FF222368B5F809200025A3F8032397
:1076D000236883F8BE5183F8065220680B4900F5F1
:1076E0003C700DF07FF9266820460BF00EF916224B
:1076F00086F86A0028462368DA73BEE720460C2223
:107700000321BDE870400DF0A2BB00BF1975000059
:10771000036810B5DA7B0446202A04D040F29D218C
:107720001F20F9F781F8002193F85220B3F8AA003E
:1077300083F8511082B1C3F8C91183F85210A3F82D
:10774000CD11A3F8CA0103F5E0700B490DF04AF919
:1077500023680022DA7310BD0121A3F8B90183F870
:10776000B82103F2AF1083F8BB1183F8BF2103499E
:10777000A3F8BC21EAE700BFF1510100D951010093
:1077800038B5046894F8A8501DB9E37B23B10120F3
:107790001AE02368DB07FAD4D1F801200D4BD1F8A9
:1077A000051013400C4AC4F86230C3F307630A4063
:1077B00043F00803C4F8662084F865300DF021FB1F
:1077C0001DB90423E373002038BD236843F001038F
:1077D0002360F8E72FC904F76FDB008038B5036832
:1077E0009A7B042A34D1D1F801204C1CD1F80550E1
:1077F000C3F86220C2F30762C3F8665042F0080281
:1078000083F86520002283F84A209A73026892F870
:10781000A8200AB983F83F2193F84021B2B993F820
:10782000912102F0FF008AB9B3F8AA2083F89201EF
:1078300003F28910A3F89321D1F801200549C3F878
:1078400095216268C3F899210DF0CCF8002038BD6D
:107850000120FCE7D3530100036893F8402112B1E3
:10786000094B1B68184793F891215AB9B3F8AA201D
:1078700003F289100549A3F893211A2283F8922173
:107880000DF0B0B8704700BF50170020D35301006F
:1078900010B50446FEF790F9044A054B0240092052
:1078A0000B40C4F80120C4F8053010BD2FC904F7FF
:1078B0006FDB008037B50C460568FEF77DF90A4B93
:1078C0000A4A03400A4095F8621000930B40019267
:1078D0008DF800306B4603CBC4F801000920C4F8D2
:1078E000051003B030BD00BF2FC904F76FDB008067
:1078F000014B024A1A6070475017002051CC00001B
:1079000038B5DB04154604D5037D13B1002343636A
:1079100038BD446B013444630DF0DDFD836B9C4244
:10792000F6D30023034943632846BDE838400DF0F1
:1079300062B800BF4154010070B504680546A37BDE
:1079400094F8A860012B07D01EB9E37B23B1012076
:1079500038E023689807FAD494F853309A0713D480
:107960004A78D80784F85D204A88A4F85E208A887F
:10797000A4F8602043F0020284F853200FD5164982
:1079800004F154000DF037F894F85330D90710D4AF
:10799000CEB9E37B43B153214020F8F745FF94F87B
:1079A0003E31002BEBD1EFE70123E37328460DF0C6
:1079B00028FAA37B0020012B4FF0000304BFA37320
:1079C00084F84A3070BD23689A0701D55821E3E74F
:1079D00043F002032360E9E7F754010070B505683E
:1079E000044605F033F8054B0146E8721B681BB1ED
:1079F0002046BDE87040184770BD00BF58170020F2
:107A0000024B1B6803B11847704700BF5417002092
:107A1000F0B51F4D00242B7814709BB1013B6D68AD
:107A2000DBB21E1B012E0FDC05EBC40655F83470CB
:107A300076688E4208BF874227D0B84271EB0606AF
:107A400012D214700020F0BD1E197710C6F347063D
:107A500055F837C005EBC70E8445DEF804708F413A
:107A60002CBF33463446DCE705EBC30455F83350EE
:107A700064688C4208BF854206D0A84271EB0404BA
:107A800028BF01331370DDE71C4601201470DAE7CC
:107A90008C0C002010F0070208B503D063214820A9
:107AA000F8F7C2FE18B1034B197258601A70C8007B
:107AB00008BD00BF8C0C0020014B00221A707047DB
:107AC0008C0C0020014B187A704700BF8C0C0020F2
:107AD0002DE9D3430DF048FD0DF1070207460E4690
:107AE000FFF796FF90B90F4C2378227A9A420ED076
:107AF000626819469DF807E002EBC3008E4509D382
:107B000002EBCE020133C2E900762370012002B0FD
:107B1000BDE8D08350E90289013960E80289C9B221
:107B2000ECE700BF8C0C002037B50DF01DFD0DF10A
:107B30000702FFF76DFF58B10A499DF807300A7830
:107B4000013AD2B20A70496801EBC3019A4201D8E6
:107B500003B030BDD1E902450133E1E80245DBB2B3
:107B6000F4E700BF8C0C002008B50022034B1A601C
:107B700005F03AFFBDE8084008F0F0BC980C002082
:107B800010B5044690F838303BB902460349083036
:107B90000FF093F9012384F8383010BDB35601007B
:107BA0002DE9F043044689B00F46914690F83830ED
:107BB000012B62D1324B83620FF058F827650546DE
:107BC0000E463846494600F01BF90146804604F14E
:107BD000480000F0DDF840F6B833ED1846F1000635
:107BE000B9F1010F38D100F0FBF88269002A3ED0CC
:107BF000A16D7B1E0B44B3FBF1F34B43D2E90002B2
:107C0000DB1B61EB0101181841EB0201CDE90056C5
:107C1000A26D0DF010FE4019054646F10006204603
:107C200000270DF0B7FC236B03905B6820688DF88C
:107C30000870984704238DF810008DF81130CDE9B5
:107C40000656022384F83830204602A90DF0D3FCF2
:107C5000384609B0BDE8F083B8F1000FDFD0D8F89E
:107C60000800D8E90021801841F10001CEE7B8F101
:107C7000000FD4D028463146C8E70C20E9E700BF02
:107C8000B3560100024610B5052924D8DFE801F0FB
:107C9000032623121720438F013343870DF0FAFC8C
:107CA0000146136B106819B9DB68BDE8104018472E
:107CB0009B68FAE7036B5B69BDE810401847084B07
:107CC0001B68002BF8D140F251110B20F8F7ACFDE6
:107CD000036B1B69F0E74FF4B171F6E710BD00BF0D
:107CE000980C0020014B00221A6070479C0C002069
:107CF00008B5044B186810B9FFF7F4FF08BD0C2055
:107D0000FCE700BF9C0C0020024B1879003818BF1C
:107D1000012070479C0C002013B5CDE90012054BE3
:107D2000FF225A7100F11003DDE9000183E803002E
:107D300002B010BD9C0C0020C3693BB983692BB90C
:107D4000034B1B681B1A584258417047012070476B
:107D50009C0C002030B50D4AFF231371D0E9065367
:107D600073B1D0E902149D610C44D9682144D960F3
:107D7000816939B1CB610023C0E90633137130BD8D
:107D80001560F5E7002BF6D0D960F4E79C0C0020D5
:107D900010B5124AFF231371C16189B91368836159
:107DA00003B1D86110600023C169C36099B1CB6889
:107DB0007BB18468A3420AD230213720F8F734FD22
:107DC0008B6988618361002BEDD0D861EBE71B1BC9
:107DD000C3600023CB600023137110BD9C0C0020F6
:107DE000014B1868704700BF9C0C0020034B00201B
:107DF0001B6803B9704718469B69FAE79C0C002082
:107E00000B4B002230B51B6804464FF0FF3510467F
:107E100023B911B9002808BF104630BDDA68A24264
:107E200003D3AA423CBF154618461A469B69EFE7A2
:107E30009C0C002070B50F4CFF232371036A1BB10B
:107E400081689D68A94203D2E5213720F8F7ECFC50
:107E5000C2698669DA619E6152B193619A691AB109
:107E6000D361C26811444A1BDA600023237170BDDC
:107E70002360F3E79C0C0020F8B54FF0000C04469B
:107E8000284E084686F805C0002135680B4685B99E
:107E90007579002DF6D15BB1984225D3013CB0FB3A
:107EA000F3F11C4403FB01F5B4FBF3F48C420ED94F
:107EB000F8BD2F690BB19F4207D23B4627B94FF45B
:107EC000A3713720F8F7B0FCA98AAD69DFE7B5FBED
:107ED000F3F603FB165626B9B5FBF2F602FB16566F
:107EE000DEB10139ED1AE1E7451E1D44B3FBF4F4A0
:107EF000B5FBF0F5AC42DBD3B3FBF5F605FB16376B
:107F00004FB9B6FBF2F702FB176727B9B6FBF1F7DB
:107F100001FB17671FB10135ECE72846C8E730467B
:107F2000C6E700BF9C0C0020FF23084A0B700D23FE
:107F30004B7082238B701368C1F803305368C1F80B
:107F400007309368C1F80B30704700BFA20C0020C7
:107F50001622002101480FF04CB900BFA20C0020EE
:107F6000F8B51C4D04466B7D9BB390F8A83023BB3D
:107F7000D0E978760DF088FC94F82021164B523029
:107F800053F822304FF47A7203F2E733B3FBF2F383
:107F9000DB19B4F8AA2046F100061B182A8046F126
:107FA00000066B60AE60E38805F10C0002220B490D
:107FB0006B80BDE8F840FEF78FBE4B0609D5B0F8E0
:107FC000AA302B80D0F880326B60D0F88432AB605E
:107FD000E9E7F8BDA20C0020142D0200297F000063
:107FE000094B53F8203003F5224370B5B1331646E0
:107FF0004FF47A720C46B3FBF2F5344405F034FFCB
:108000002C44204470BD00BF002D02002DE9F04F2C
:1080100098468BB0002304460F460392069390F8CF
:1080200021B10BF0DBFC064694F82B01FEF7E8FBD0
:1080300006440DF029FCE37B00F14805B6B2472B5E
:1080400047D00D2B45D094F80E90A9F14701D1F1FE
:10805000000949EB0109039B002B40F08580637BFD
:10806000032B40F08180B9F1000F6AD0B4F8D83208
:10807000BB4266D1D4F820322046B4F8F421C4F8CB
:108080001032D4F8C830C4F81432B4F89232134421
:10809000C4F8183202F0CCFF94F829A1BAF1000F0D
:1080A00009D0D4F8E02241F64B539A428CBF4FF0EE
:1080B000000A4FF0010A94F8EC326BB9D4F8C820EA
:1080C000D4F8E0329A4221D0B4F8AA000EF09AFB1C
:1080D0001CE04FF00109BEE7B4F8AA000EF08FFBD8
:1080E00020B940F242713020F8F79EFBB4F8E83234
:1080F0004FF0000AA4F8DE30B4F8EA328381B4F815
:10810000D832A0F80EA04381013B038294F82A31B3
:10811000002B4ED1BAF1000F4ED1D4F8DC3284F8E6
:108120002AA1C4F8D830B4F8DA32A4F8DC30D4F894
:10813000E032C4F8C830D4F8E432C4F8D0300223B6
:108140006373A17B292946D0A1F12C0251425141F0
:10815000E27B292A00D039B1B4F8D832FB1A1B04CB
:1081600002D4204602F01EF9B4F890A204F5187368
:1081700094F82101A7EB0A0A0293E3880FFA8AFA1E
:10818000FB1ABAF1000F0FFA83FC26DAE246D4E9B3
:108190009E23C4E9A223002384F833320123627BA7
:1081A000032A00F2B581DFE812F01A002A017000FC
:1081B0004E01BAF1000F07D04FF04D13C4F8E03074
:1081C0000023A4F8E430A8E74FF09613A4F8E4A045
:1081D000C4F8E030A1E70121BAE74346DFE70146F2
:1081E00094F8ED010BF047FF8246D4F8D8003146F1
:1081F000504407F01FFA3146C4F81C02D4F8C800F6
:1082000007F018FA07A9C4F8200208A805F084FDB1
:10821000079B0093DDE90823D4E9A2010EF02EFDAF
:10822000064604F1A8000DF054FBD4F8943294F8FB
:108230002101D4F8D8B0069305F01EFE069B00F588
:108240002240D4F81C124FF47A72203BB1305B44C8
:108250005B1A30315B1BB0FBF2F053442A469B1B88
:108260001B1A94F821010693B4F8DC3003EB4101AA
:10827000FFF7B6FED4F89422069BC4F824029B1A9A
:10828000B92B5CD840F2C7412DE7D4F8D83031463D
:10829000D4F81402184407F0CDF93146C4F81C0292
:1082A000D4F8C80007F0C6F9C4F8200204F1A80009
:1082B0000DF00FFBD4F8D830D4F814621E44B4F893
:1082C000F431002B40F09780B8F1000F00F093805C
:1082D00094F8210105F0D0FDD4F81C12D4F88032B6
:1082E00000F52240761A94F82121B130203E1E4438
:1082F000A44B53F822204FF47A7302F2E732D4E908
:108300009EABB2FBF3F2A6EB0A06B0FBF3F0164409
:10831000761B361AD4F81032D4F8182294F82101BA
:1083200002FB0311B4F8DC302A460696303103EB29
:108330004101FFF755FE0123C4F824026373D4F80A
:10834000C83004F1E800D4F82022723B06999B1A49
:108350005D1BD4F824329D4228BF1D46002384F8BB
:108360006032C4F8F051D4E9A2325B1842F1000245
:10837000C4E99C320CF074FB04232844A4F89072E6
:1083800084F86932C4F86402D4E99C23C4E9A223C6
:1083900002F01EF920B1D4F864321E33C4F86432FE
:1083A000B4F8E031DB1B18B20028D4BF002301234E
:1083B0005B0084F86832B9F1000F40F0AC80B8F18E
:1083C000000F40F0AB80637B002B00F0C380D4F83B
:1083D000C81004F51870D4F82032C91A0BF0D1FD7A
:1083E00080B2002800F0B680149B03B118800120F1
:1083F0000BB0BDE8F08FD4F81C12761A8AE7D4F8D7
:108400002022D4F8C830D4F818129B1AD4F810627D
:108410000AFB03F30693B4F8F4319C44D4F81C32FD
:10842000ACEB010C30330CF1FF3C06FB0133B4F82C
:10843000DC1002FB0C332A4601EB4301FFF7D0FDB1
:10844000C4F824027BE7D4F8C82002FB0AF20692A3
:10845000B8F1000F1CD0B4F8F411C9B984F8331284
:10846000D4F8201201FB1A2EB4F8F4A10291CDF831
:1084700018E06BB3BAF1000F2AD1D4E9A061D4E9B6
:108480009E23B24273EB010108D340F20E512AE65B
:1084900094F8331200297FF452AFE1E7394B203EC4
:1084A00053F82B104FF47A7BD4E99E23CDE90423B3
:1084B00001F2E73301F52241049AB131B61AB3FB58
:1084C000FBF3B1FBFBF11E44761A761B764406964D
:1084D000029BE2442A4603FB0AFA0AF1300A4FEAF9
:1084E0004A0A5146FFF77CFD41F64B53C4F824027B
:1084F000D4F8C80098423FF622AF06AB2A46514650
:10850000009304F509730BF0D2FD84F8330216E7EB
:1085100040F22651E7E5B8F1000F1BD0B4F808127D
:1085200039B3B4F80A2294F80C32551CA4F80A2284
:1085300002FB033399420DDD00280BDD0023A4F874
:108540000A5284F86832FEF7E5FB00F007000130BC
:1085500084F80C02394608A808940AF0DBF904F5FF
:10856000187104F50E7008F00DF820B940F276513C
:10857000B9E50A46D7E7039B83F0010384F830325C
:10858000002035E7002D0200F0B5044685B018B98B
:10859000A5213020F8F748F9052900F2DA80DFE854
:1085A00011F00600D30038003300D800CE0090F858
:1085B0003032C288FBB1B0F82E32934208BFB0F817
:1085C000E4319A1AA0F8E621E3802046D4E99C23FE
:1085D000C4E99E2301F04EFF94F84C30002B00F0CC
:1085E000AC805D4B1B68002B00F0A780204605B0D7
:1085F000BDE8F0401847B0F82C329B1AA0F8E631DD
:10860000B0F82C329BB2DFE705B0BDE8F04005F0D2
:108610008FBB0EF02BFBD4E99E23801A61EB030184
:10862000012871F1000302DA40F20161B1E76FF055
:10863000010383424FF000038B4102DA40F20261F2
:10864000A7E7D4F8C8300BB1B0FBF3F3E07BB4F884
:108650002E2247280ED0A17B463901290AD90D28A0
:1086600008D0E1880B449BB2D11A0D0443D50133E5
:108670009BB242E00132A4F82E22B4F8923203AE4B
:10868000E5880133354FA4F89232B4F842301D44E6
:10869000B4F84030013DED1AADB23B685BB1B4F8BF
:1086A0002E1200222046013989B29847B4F82E32A2
:1086B0001844A4F82E02B4F82E126B1A18042CD405
:1086C0000023204600961A46FFF7A0FC012834D16B
:1086D000B4F82E22B4F8E011BDF80C301344521A4D
:1086E00012049BB204D5EA1A12F4004F18BF0B46CD
:1086F000A4F82E32D1E7013293B2A4F82E3294F8C6
:108700003132002BB9D1B4F8E431B4F82E229342BF
:1087100004BF0133A4F82E32AFE7A37C30460394A4
:10872000002B14BF08233E2384F83130FEF7CAFE25
:1087300020460DF0AEFE0023637305B0F0BD05B01A
:10874000BDE8F04009F049BA437B042BF3D0C621C1
:108750001FE7CB211DE700BF5C1700206417002036
:108760002DE9F8430E46044618B9D3213020F8F716
:108770005BF8052900F2A780DFE801F00376413DB0
:10878000A52E0EF01DFBC4E95001204601F05AFA57
:10879000D4F83401A4380EF06BFA20460DF08EFCAC
:1087A000054600BB014620460DF050FB00F1AE0629
:1087B000D4F83401B04209D2301A0321192838BF45
:1087C00019200EF0CFFA60B10EF054FAC4F83461FB
:1087D00020460DF0B5FC45B12046BDE8F8430DF04C
:1087E000B0BC0125F2E70025F2E7D4E95023C4E943
:1087F0004A23BDE8F883BDE8F84305F099BA0DF0C7
:108800004BFB04238146884684F839310EF02EFA5A
:1088100007220F46A9FB023102FB0811D4E94A5294
:108820005B1941EB0205D4F810213AB159EA08026C
:1088300004D0984277EB050228BF012684F83861FE
:10884000D4E95226121A66EB070694F8581139B982
:10885000012A76F100010BDA204601F0FBF903E072
:10886000012A76F10006F7DB002384F85031C0E7D7
:10887000984277EB05010FD259EA08080CD01B1A71
:1088800065EB07019A4276EB010005DB012B71F1E4
:108890000000A4BF1A460E460C49012304F1E8006B
:1088A000914284F851314FF0000384F83031B341E4
:1088B000B8BF0A4604F5987107F0C4FE002898D1A5
:1088C00040F2B26152E7EF2150E700BF0040420F93
:1088D0002DE9F84304460E46154690F8503103F052
:1088E000FF07002B40F0948000F1E8083946782219
:1088F00040460EF07EFC2246464940460EF0DDFA28
:10890000C4F81061FF2384F8503166B1FEF71AFAFB
:1089100000F0070032464049013086F80C0206F5A7
:108920000E700EF0CAFA40F202434FF00009A4F8AC
:10893000383184F8309106F0D3FE00F14906204624
:108940000DF0BCFB0146B6B2C0B30BF047F800F126
:108950002801284689B206F06DFE2844AE3DC4F8D1
:1089600034010EF083F93018A4F8269041F100018B
:10897000C4E95001012084F814010DF07EFC2D1A89
:10898000C4F818514FF0FF356FF000414046D4E96C
:108990005023C4E95251002504F59871C4E94823D5
:1089A000C4E94A2384F8515142F2107207F04AFE9A
:1089B00038BB40F2B9113020F7F736FF2046DFF818
:1089C0005C900DF043FAAE30C4F83401B9F8000001
:1089D00048B1E08C38B1FEF7B5F9B9F80030B0FB1A
:1089E000F3F202FB130006440EF040F9361841F191
:1089F0000001C4E95061002DC4D0AD1941F100015E
:108A0000C4E7294620460DF09EFB3846BDE8F883B2
:108A10000C27FAE76187000089850000B80C002068
:108A2000F0B5002385B0CDE9003303238DF806307F
:108A30006846F8F787FB88B10123114EB370002315
:108A4000CDE9023302238DF80E3002A8F8F77AFB45
:108A5000044638B10023B37005B0F0BD00980CF0A7
:108A60008EFFE5E7029D6B7B002BEED005F50E77C0
:108A700038460EF01EF938460EF027F96C73E4E71D
:108A8000B80C0020044B0022DA709A7042F2107287
:108A90001A80FFF7C5BF00BFB80C0020014BD8708B
:108AA000704700BFB80C002008B504F077FD044BF8
:108AB0005A6882422ABF9878002080F0010008BDE1
:108AC000B80C0020F0B5044685B090F84C3003F0A7
:108AD000FF05002B68D1437B032B65D10EF0C6F850
:108AE000D4E99E23801A61EB0301012871F1000390
:108AF0005ADB6FF00103834275EB010104DA40F2A7
:108B0000AA513020F7F790FED4F8C820E3880AB1C4
:108B1000B0FBF2F2013313449BB2A4F82C32B4F848
:108B2000E431B4F82C229B1A1BB2002B3CDD04F577
:108B30000E700EF0BEF8002836D0FF2384F83132D4
:108B4000B4F842300DF10E07E588184E1D44B4F814
:108B50004030013DED1AADB2336863B1B4F82C1268
:108B600000222046013989B29847B4F82C321844C3
:108B700080B2A4F82C02B4F82C32EB1A1B0413D4E4
:108B8000B4F82C1200230122204689B20097FFF787
:108B90003DFA012808D1B4F82C32BDF80E20134458
:108BA0009BB2A4F82C32D7E705B0F0BD64170020C3
:108BB0002DE9F7430446062900F2A980DFE801F019
:108BC00004251422282DA100524B9B7803F0FF02AC
:108BD00053B900920123B0F8E411FFF717FA28B156
:108BE00040F2CE61302031E00423637304F0FCFED8
:108BF00007F0B4FC0023E288A4F89232A4F82E22F5
:108C000084F8313203B0BDE8F08303234373F9E7FE
:108C10000DF0E7FEC4E9A001F4E73F4B00F1A8081E
:108C20001B681BB14246D0E9A00198471321B4F854
:108C3000AA00F8F74DFA002861D094F82131022BF0
:108C40005BD005D8012B08D0DC21B420F7F7ECFD70
:108C5000033B012BF8D81E3000E00A30858894F8D9
:108C60002101DFF8B090C31E012B8CBF00272827FD
:108C70000CF018FE6430D4F82022373FA842FFB22F
:108C800034BF2B1A0023D4F8C85099188D428ABFDC
:108C9000AD1A0025ED1A99F8033023B9D4F8E8305D
:108CA0009D4228BF1D46D4F8F06104F1E8000BF0A6
:108CB000D7FE064402200EF02BF80221AD1B25EA58
:108CC000E575854228BF054628460EF04BF810B1E1
:108CD0002E440DF0CFFF01233A46314640460BF0BB
:108CE000C4FFD4F8F031C9F80400D4F8C80018441F
:108CF00003B0BDE8F0430DF0BBBF1430AEE79625DE
:108D0000ADE7A83003B0BDE8F0430CF0E2BD40F29F
:108D10009C7167E7B80C002060170020014B188099
:108D2000704700BFB80C0020044B1A78012AD0B25B
:108D300003D01878831E584258417047C00C002059
:108D40000C4B4FF47A7253F82130023903F2E733B7
:108D5000C9B2B3FBF2F3022900F1FF3210B54FEABA
:108D6000C21296BF044CF02134F81110134400FBDA
:108D7000013010BD142D02006C2B0200D928F0B573
:108D8000054628BFD925BDF814600446303501F5E5
:108D9000A57006F00207ADB2FF2D28BFFF2516F023
:108DA000010621D10FBB002B00F0C580911EC9B276
:108DB000022996BF7B4D40F6480135F81110084452
:108DC000D92C7FD9D93C951EF721A4B2EDB2002B46
:108DD00000F0CF80F634022DB4FBF1F400F2C6802F
:108DE000714B33F815306BE0EFB1911EC9B2022917
:108DF00097BF6E4D4FF4147105EB4101C9880144D2
:108E0000D01E012837D801F614409830002E3BD0F0
:108E1000023AD2B2022A97BF644BC02303EB42034B
:108E20005B8A18444EE053B1911EC9B2022997BF24
:108E30005E4D40F6480105EB41018989DFE7032AD1
:108E400005D1691D89B2890101F5C871D7E7042AE6
:108E500005D1691D89B2090101F5BF71CFE7022A69
:108E60000BBF05F10B0105F10A0189B289B20CBFF4
:108E70008900C900C3E7022A01F19C0114BF4FF425
:108E8000B070B4200844C0E7EBB1911EC9B202290A
:108E900096BF474D40F6480135F81110D92C0844CB
:108EA00010D9D93C951EF721A4B2EDB24BB3F634DC
:108EB000022DB4FBF1F459D83C4B03EB45031B8B5B
:108EC00003FB0400F0BDF12C214628BFF121032A49
:108ED00005D1133189B2890101F5C871DEE7042A91
:108EE00005D1133189B2090101F5BF71D6E7022A14
:108EF0000BBF1931183189B289B20CBF8900C90082
:108F0000CCE7B4FBF1F3022DDBB239D8294931F8B3
:108F1000151001FB0300C3EB4311C3EBC103E41ABB
:108F2000A3B2002BCED00833032A9BB22BD19B01D6
:108F300003F21A4375E7032A06D10535ADB2AD0138
:108F400005F5C87528443BE7042A05D10535ADB2BF
:108F50002D0105F5BF75F5E7022A0BBF0B350A3564
:108F6000ADB2ADB20CBFAD00ED00EBE740F6921331
:108F7000A6E7B4FBF1F3022DDBB201D80E49C6E738
:108F800040F69211C5E7042A03D11B0103F546738D
:108F900047E7022A0BBF9B00DB0003F5BB7303F519
:108FA000CD733EE7782B0200842B02006C2B02006D
:108FB000782B0200842B0200842B0200294B5A6A72
:108FC00010B5D2F80F30C0F8CC30537D117D1B04A2
:108FD00043EA0123D17C0B436FF45061C0F8D430D5
:108FE000B2F81930591806298DBF40F2E241A3F5B5
:108FF00050634FF47A714B438EBF00214B430121E4
:10900000C0F8C83080F82A11937DF9B103EB8303CF
:1090100003EB83039B00A0F8DC30B2F81730F1B10A
:1090200064214B43C0F8D830B2F81B30A0F8D030E0
:10903000B2F81D30A0F8D23092F8243003F01F02AD
:109040005B0980F8232080F82B3110BDC3EB43145B
:1090500003EB840303EB83035B009BB2DBE740F28B
:10906000E241DEE7C00C00200346074A506AD3F80D
:109070006920C0F80320B3F86D20A0F8072093F80A
:1090800068100BF0C8B900BFC00C0020D0F88030C9
:1090900073B50BB101221A604388DB0727D5002383
:1090A000144E056ACDE9003302238DF80630FF2304
:1090B00033776846F8F746F8C8B9009CA542F8D05F
:1090C00005F1B40395F8B32004F1B40194F8B300AA
:1090D0000AF0E7FE0028ECD094F8AC30B4F8B120E8
:1090E0003377D4F8AD30C6F81D30034B9A8002B008
:1090F00070BD00BFC00C0020DD0C002038B5084D4D
:10910000044600F169010623686A00220BF065FA43
:1091100094F86810686ABDE838400BF07CB900BF6D
:10912000C00C002070B504460E461346407F65888B
:10913000324615F0040118BF04F17701FDF73CFA3F
:109140004107054621D4C2070BD50123607F84F86F
:109150006830FDF703FB0368C4F869308388A4F81E
:109160006D30AB0701D4012070BD094B0121586A55
:10917000D4F8773084F87610C0F80930B4F87B3032
:10918000A0F80D300BF050F9EDE70020ECE700BF40
:10919000C00C002010B50446084694F8D8306BBBCC
:1091A0002378082904F1DB0284F8D93016D004F1C1
:1091B000DA01FDF7A9F920B94FF477612D20F7F70F
:1091C00033FB94F8DA3043F0020384F8DA3004F128
:1091D000D0000B49BDE810400BF004BC094B586AA5
:1091E000034613F8031BC1F3801184F8DA10D0F89A
:1091F0000310C4F8DB109B889380E8E710BD00BF24
:10920000695B0100C00C002070B504460E4615468F
:10921000FCF794FC98B92378A4F8C16084F8C030B6
:10922000637C84F8BF500BB194F8483004F1B60069
:1092300084F8C3300249BDE870400BF0D3BB70BD69
:10924000455D010038B5B0F8483004461A4D013389
:10925000C3F30E03A0F848302B7B2BB104F0FCFCC9
:1092600003F082FD00232B7300232B7094F88930C8
:109270002BB101212046BDE838400CF0E2BB637CF5
:10928000BBB1B4F848209A4213D3012120460CF018
:10929000D8FB63882046DB0747BF236A432243226B
:1092A0004FF6FF7148BFB3F8AA10BDE83840FFF78A
:1092B000ABBF0021DEE700BFC00C002010B5FFF7F8
:1092C00033FD064C28B1237B1BB104F0C5FC03F031
:1092D0004BFDA06ABDE81040FFF7B4BFC00C0020F2
:1092E0002DE9F0410746FFF71FFD054620B940F67E
:1092F00082412D20F7F798FA214CA26A166A0EB126
:1093000096F829611FB3616A02F1690392F8682037
:1093100011F8097BF8090AF0C4FDC0B13146606A52
:109320000BF0AAF898B1A56AFFF7FEFC10B940F659
:109330005C41DEE723782846E26A07F00F0103F17B
:1093400080435269013B52F8233098470546237BFE
:109350001BB104F081FC03F007FD7DB1A06A0CF0A5
:1093600029FB30B104F0E4FAE36ABDE8F0419B6800
:109370001847A06ABDE8F041FFF764BFBDE8F0817F
:10938000C00C00200346074A906A03B909B9FFF7E9
:1093900059BF1378D26A03F180431269033B52F834
:1093A00023301847C00C002003292DE9F04305465F
:1093B00085B0174607D14388980723D40024204658
:1093C00005B0BDE8F083428890F88830D107DBB261
:1093D000F4D5002BF2D14FF00108DFF8D49099F8C2
:1093E0000C60C6B10AF0A1FD0828387016D002AA98
:1093F0000DF10701FDF788F838B940F6F7612D2027
:10940000F7F712FA4FF00208E7E702A99DF8070004
:109410000CF0B6F806463B78082B08D1D9F8241092
:1094200011F8030BC0F380100CF0AAF80646D9F827
:10943000241005F1700395F86F2011F8030BC0F3A9
:1094400080100AF02EFDD9F82410044611F8030B01
:10945000C0F380100AF05FFD8146FDF791F940B13D
:10946000B9F1080F1BD04846FCF750FF80F001030C
:10947000D8B23A78082A14D01CB96C7FA21A544288
:1094800054416A8853079AD4002897D176B9EC7C66
:10949000444518BF002C0CBF012400248FE7002096
:1094A000E7E780F001022240D4B2EAE7344686E7DB
:1094B000C00C00202DE9FF4108230DF10702052112
:1094C00004468DF80730FFF76FFF054620B90025E9
:1094D000284604B0BDE8F081FAF7CEFF0646002822
:1094E000F5D1344F0DF10808216A7A6A91F817C056
:1094F000104610F8033BC3F3401303EA0C03CB758B
:10950000D2F80330C1F8AD308388A1F8B1301146EC
:10951000D4F820C011F81F3BC3F380138CF8AC3093
:10952000D2F81F000B79029060468DF80C30FFF7DF
:1095300045FD434694F912200121206A0CF078FB86
:10954000216A84F895602046B1F8AA309DF807207A
:10955000A4F89630FF2384F8B3304FF6FF73A4F8D5
:10956000B4300CF090FB144904F18C000BF03AFA83
:10957000FCF7E4FA60B9236A04F1C4000F49B3F8B8
:10958000AA20A4F8CD20DB7D84F8CF300BF02AFA96
:10959000236A00222046B3F8AA10FFF735FE084BD5
:1095A00000221B683A70002B92D02146206A98470F
:1095B0008EE700BFC00C0020D35B0100535B0100AD
:1095C0006C170020032973B5044604D005292BD05D
:1095D000012002B070BD08230DF107028DF807309D
:1095E000FFF7E2FE0028F3D0237C23B19DF807109B
:1095F0002046FFF7CFFD114D0622042620466B6A58
:109600005A701E70FFF730FDA16D94F85C20686AF7
:109610000AF023FF686A2E7004F096FA0021686A47
:109620000DF0F6F90020D4E7054B1B68002BF9D0AC
:10963000984780F00100C0B2CBE700BFC00C00200B
:1096400068170020F8B504460F4619B300F130053D
:1096500028460CF0EFFDA0B963881A072ED52846DE
:109660000CF0FDFD064628460CF0E4FD301AC0B2B1
:109670000CF003FE494A53680344284653600CF03B
:10968000B8FD28460CF0BAFD04F08AF821792520AF
:1096900003F0A8FF414E002394F87620706A03700F
:1096A00043706388103B0D2B68D8DFE803F06367D5
:1096B0005F0C674467676767676767442046BDE874
:1096C000F840FFF7BFBD06234370202303702046F8
:1096D000FFF7CAFC638823F008039BB2152B05D063
:1096E00094F85420216D706A0AF0A8FE706A04F0A4
:1096F0002BFA0021706A0DF08BF9032321790020E9
:10970000337004F08DF8054607B9B06063881B0715
:1097100004D50CF0AFFD0544C4F81C516388103B20
:109720000D2B36D8DFE803F038352F2F352F3535A0
:1097300035353535352F0C2321214370034603F889
:10974000091B52B1D4F877200121C0F80920B4F8E0
:109750007B209A800AF068FEB9E7226FC0F80920E2
:10976000B4F874209A8094F86F10F3E7062303701E
:109770004370ACE7022303700623F9E740F2596116
:109780002D20F7F751F821790120BDE8F84004F0C9
:1097900097BA40F6F541F3E7F8BD00BFC00C0020D2
:1097A00038B543880446102B04D10121BDE8384068
:1097B000FFF748BF0B4D2B7B23B103F0AFFA4020DE
:1097C00004F03EFA686A04F0BFF9608810F0040003
:1097D00002D1217904F074FA002004F019FA01236F
:1097E0002B7038BDC00C0020024B0121986AFFF796
:1097F00029BF00BFC00C002010B5144C237B1BB147
:1098000004F02AFA03F0B0FAA06A0CF0D3F8A16AC7
:1098100018B14B8803F0180323B90846BDE810407F
:10982000FFF710BDFFF780FA20B940F686312D20F2
:10983000F6F7FAFF23780846E26A03F18043D2681C
:10984000013BBDE8104052F823301847C00C0020FF
:10985000064810B5037803F0FF042BB924222146F3
:109860000DF0C7FC204610BD0C24FBE7C00C002007
:1098700010B50023094C2370FCF752F96062FFF722
:10988000E7FF20B14FF442712D20F6F7CDFFE36AD8
:1098900013B940F20B31F7E710BD00BFC00C002038
:1098A000014B024ADA627047C00C0020B89C0000ED
:1098B000044B054A1A60054B054A1A60054B064AD7
:1098C0001A60704768170020B59400006C170020DC
:1098D000035A010070170020A19900002DE9F04102
:1098E000067D0446B31E06F0FD06DBB2012B8CBFDD
:1098F0004FF000084FF00108371E18BF0127012B59
:109900001AD800F1700190F86F000AF004FB0546C8
:1099100063889B0617D4082D10D186B3FCF70EF987
:10992000B8BBE37E93B3D4F81530C4F86930B4F80B
:109930001930A4F86D3006E00825E9E72846FCF761
:10994000F1FC0028E9D1657784F81C8084F8687000
:10995000FCF7D4FD05460DF089F900220F4B84F881
:109960007620E5FB0301C4E9180111462046FFF704
:10997000D9FB60B940F2A3412D20F6F755FF04F161
:1099800069013046FCF75CFB0028DCD10020BDE813
:10999000F08104F169010120F4E700BF40420F00AB
:1099A0002DE9F04385B00823052104460DF1070297
:1099B0008DF80730FFF7F8FC00287DD0FAF75CFD42
:1099C000002879D13E4D02AF206AFFF7F7FA6B6AA3
:1099D000D3F81F0093F8232002903A71226AD3F83B
:1099E0000310C2F8AD10B3F80710A2F8B1101B783D
:1099F000206AC3F3801380F8AC30324B1B6813B17C
:109A0000012221469847D4F820800E23686A082650
:109A100098F8AC90002243704FF00301C3780670B1
:109A200003F03F03C3700AF0FEFD2046FFF766FB1C
:109A30004946686A0AF0F8FC0623012208F1AD01E4
:109A4000686A0AF0CAFD6179FF2003F0CBFD686AFD
:109A500004F07AF80021686A0CF0DAFFD4F820806C
:109A6000204641460CF03DFB3B46014694F912204E
:109A700040460CF0DDF8216A00239DF807202046BF
:109A800084F89530B1F8AA30A4F89630FF2384F812
:109A9000B3304FF6FF73A4F8B4300CF0F4F8236A37
:109AA0002E70B3F8AA20A4F8CD20DB7D84F8CF3047
:109AB000012005B0BDE8F0832046FFF7C3FBF7E7C0
:109AC000C00C00206C1700202DE9FF41564F0446C2
:109AD0003A7802F0FF0312B90278FF2A04D140F667
:109AE000DD112D20F6F7A0FE7B60FB817B7380F8F3
:109AF00089304E4B684604F1300500934C4B01937E
:109B00004C4B0293FB6A5B68039304F007F803F085
:109B1000D3FD04F0A1F803F027F9474803F036FE1F
:109B2000464803F0F5FF28460CF063FB28460CF08E
:109B300065FB03F035FE2179252003F053FD94F9F0
:109B4000120003F01DFE04F15001E06C07F092FFDB
:109B5000064604F15801E06C07F0B3FF8046002E82
:109B60003AD094F82430BBB3B4F94850ED43ED0F2C
:109B7000237F13B963885B0709D56FF00043D4E9ED
:109B800018129A4208BFB1F1FF3F2FD1ADBB94F834
:109B90008B301BB946EA0806F6B2AEB1638813F003
:109BA000100511D1606CC0F30B200CF0A5FA94F8ED
:109BB000463084F84500C0F3032023F00F0303432D
:109BC00084F8463084F88B50786A0330FCF7E2FC66
:109BD000387304B0BDE8F081B8F1000F04D094F8F8
:109BE0002550002DC0D1C3E74546C1E70DF03EF832
:109BF000D4E9182390429941C8D30122294620462E
:109C0000FFF790FA50B1FCF779FC05460DF02EF8FD
:109C10000B4BE5FB0301C4E91801B8E7002DB6D0F2
:109C200040F61C215DE700BFC00C0020F997000042
:109C3000E192000085930000D6BE898E55555500EF
:109C400040420F00024B9862DB6A1B68184700BF56
:109C5000C00C002043881A0710B504460FD5036ACC
:109C60003C2210498C304272B3F8AA304381FF2362
:109C700080F827304FF6FF7303850AF0B3FE638840
:109C80002046DB0747BF236A3C223C224FF6FF7188
:109C900048BFB3F8AA10FFF7B7FAFF2384F889305A
:109CA00010BD00BFD35B01008B5D0100A1970000D8
:109CB000915D0100C59500000B610100BD9200009F
:109CC000E9970000A89C0000AC9C0000B49C000038
:109CD0000138022808B503D9C4212F20F6F7A4FDC6
:109CE00013290A4B05D811290CD8102907D0D221E5
:109CF000F3E71529FBD103EB4003D88801E033F8E3
:109D0000100008BD03EB40039889FAE78E2B020090
:109D10002C4A38B50346948810681C43402B948025
:109D200004D10421BDE83840FEF742BF802B01D1A9
:109D30000521F7E703F00304032C04D140F6A43116
:109D40003120F6F771FDDD0706D50C6891602478A7
:109D5000062C1AD00B2C22D09C0711D50C68217828
:109D60000729117329D00B2922D0052908D1C17BDD
:109D7000182905D1002400250121C0E91E450175DF
:109D80009B0644BF0823537338BDC47B1C2CE3D10E
:109D900000240025C0E91C450124C474DCE7C47B11
:109DA000122C01BF0024C474012480F85240D3E770
:109DB000C17B1129E4D10021E1E7617880F8A0108E
:109DC000DEE700BFF00C00200C4A0346517B89B946
:109DD00010683BB9B0F81011B0F8F420914209D8DE
:109DE000FEF762BE93881B0706D5007C083818BFB3
:109DF000012070470020704701207047F00C0020C0
:109E00002DE9F843894D06462C68002840F0CC80A7
:109E1000AB8819074FD594F89E302A2B16D00CD852
:109E20001C2B13D0222B18D094F89E30FE2B20D15F
:109E300040F2FB513120F6F7F7FC3C2BF4D17C4B80
:109E40001B68002BF0D028469847EDE7002384F8E4
:109E5000413176480AF0CDFFE6E784F84201754BC0
:109E60001B68002BF5D004F5A17104F1A4009847FC
:109E7000EFE7FE2384F89E30E37B1E2B06D10027FC
:109E80006A4884F851700AF0CEFFE773A37B372B42
:109E900033D0432B39D0242B06D1E37B243B072B33
:109EA00094BF2B232523A373237C082B02BF0223FB
:109EB000AB7384F89E30AB88DA074ED5D5F80080B6
:109EC000A96898F80F30D1F80090113B99F800700C
:109ED0000F2B0BD8BB1EDBB2092B00F2A58040F282
:109EE000333222FA03F3DB0740F19E8009793846CA
:109EF000FCF7F0FC80B939467FE0012384F8CD32CD
:109F00000023A37384F84A30CEE7002384F850314D
:109F100046480AF06EFFC7E7012F01D9162F4ED130
:109F200098F80E000AF09FFF40B198F80E30242BED
:109F300004D0252B34D12B2388F80E303846FDF77A
:109F40004BFA0346002849D1FF2FD4D12B69002BAF
:109F500051D02B68012283F8CE22AB88580704D554
:109F6000227C072A04BF0122AA7399074CD5287BBB
:109F700001222B680D2883F89F2042D011284CD055
:109F800007284CD0FDF73CFA034600283AD12A7B3B
:109F9000FF2A46D12A68372182F8CC02917333E038
:109FA000162F14BF022620266B7B1B0704D5E37BEC
:109FB000113B0F2B98BF08263046BDE8F883112FC0
:109FC00015D005D8072F14D00D2FB7D11A4B05E0A7
:109FD000142FB3D1194B1B68002B8CD0AA684946AB
:109FE0001248127998470028B7D00646DCE7144B90
:109FF000F4E7144BF2E799F800100C480AF043FF1D
:10A00000F1E7114B09489847AB88DA06CCD5E37BDA
:10A010000A2BC9D10B23E373C6E70C4BF2E70C4BB9
:10A02000F0E740F2EE5105E70826BDE7F00C00200E
:10A03000D41700209817002041A1000078170020B5
:10A040002364010099A1000083620100CF62010036
:10A050003D6301000029034608BF1F21252870B574
:10A0600014461AD8222846D81D2812D80D2801D8FF
:10A07000002070BDA0F10E060125F6B2B54040F2F9
:10A08000512635401CD116281FD01D28F0D1254A55
:10A0900032E02028ECD1244A2EE0262836D0A0F148
:10A0A0002E02D2B2102AE3D8012040F2951590403A
:10A0B000284233D10D2A33D0102AD9D11B4B26E0A8
:10A0C0000021BDE870400CF060B91668B37B252B09
:10A0D00009D12046FBF736FE86F838510023B373CA
:10A0E00086F84A30C4E72B2BC2D1F37B243B072BE5
:10A0F000F4D92A21EDE70E4A1568002DB8D00A469A
:10A10000204619462B46BDE870401847094B1B688E
:10A11000002BADD02046BDE870401847064AEBE75B
:10A12000064BF4E78817002090170020C017002086
:10A130007C1700209C170020A8170020DC170020A7
:10A14000024600684978837B212B17D00ED8042B58
:10A1500016D00F2B16D0C07B272817D0333BDBB28D
:10A160001C2B15D80B48C05CFFF774BF2B2B03D0FA
:10A170002D2B09D0252BEED11620F5E71420F3E77F
:10A180000E20F1E71220EFE72320EDE71720EBE7A1
:10A19000FE20E9E7A02B020013B54C7802683E2CA4
:10A1A000937B6DD8222C07D8A4F10E02D1B20F29CF
:10A1B00040D9002002B010BD233C1B2CF9D801A2CD
:10A1C00052F824F0EBA20000B3A10000B3A10000FC
:10A1D00009A30000B3A10000B3A10000B3A10000D7
:10A1E000B3A100007BA30000B3A10000B3A1000055
:10A1F00011A30000B3A100003FA30000B3A1000021
:10A2000053A30000B3A10000B3A1000067A30000A6
:10A210002BA30000B3A10000B3A10000B3A1000074
:10A22000B3A100007FA30000B3A10000B3A1000010
:10A230000DA300000F2ABCD801A151F822F000BFE5
:10A2400095A20000B3A10000B3A10000B3A10000DB
:10A2500095A20000B3A1000095A20000B3A10000E8
:10A26000A5A2000095A20000B3A10000B3A10000C8
:10A27000B3A10000B3A10000B3A10000FFA2000041
:10A28000FF2C96D13F4B1B69002B92D0012382F803
:10A29000CE328EE702460121204602B0BDE81040D2
:10A2A0000CF073B8252B01D02B2B82D101900AF032
:10A2B000A0FD01980368DA7B262A3FF47AAF93F871
:10A2C00063201A2122F0010283F86320026892F8C9
:10A2D000633023F0080382F86330FBF733FD019805
:10A2E0000022036883F8382163E72D2B7FF461AFE8
:10A2F000254B1B68002B3FF45CAF984759E7362B82
:10A300007FF457AF214BF4E7214BF2E7214BF0E705
:10A31000382B02D04F2B7FF44CAF1F4B1B68002B08
:10A320003FF447AF2E21984743E7392B7FF441AFE5
:10A33000194B1B68002B3FF43CAF3621F3E73A2B57
:10A340007FF437AF144B1B68002B3FF432AF302142
:10A35000E9E73E2B7FF42DAF0F4B1B68002B3FF43A
:10A3600028AF3221DFE7442B7FF423AF0A4B1B6871
:10A37000002B3FF41EAF3521D5E7084BB9E7084B5A
:10A38000B7E700BFF00C0020801700208C170020DA
:10A39000A0170020C4170020AC170020CC17002005
:10A3A000E01700202DE9F34790F8DA8204460D46C5
:10A3B00090F8DB62B8F1000F3BD190F82071002ECD
:10A3C00039D194F821A184F8207184F821A1FF23C8
:10A3D00084F822311A4B04F1A8091B6813B13946DD
:10A3E00048469847174B1B6823B13A46514601A887
:10A3F0000194984794F83831012B02D058EA0606A8
:10A4000003D0237B43F00103237348460AF075FB16
:10A4100018B1237B43F00203237306212046FEF785
:10A42000C7FB002384F838313DB1A37302B0BDE807
:10A43000F0874746C3E7B246C5E7E573F6E700BFD6
:10A4400084170020D0170020024B0020C3E904002D
:10A45000704700BFF00C002008B50022044BC3E990
:10A460000422FCF749FDBDE80840FDF791B800BFA4
:10A47000F00C002073B5514D002604462860AE80D4
:10A480006E73AE73FF2380F84C30B0F8E231002BCE
:10A4900000F0828090F89E30FE2B7DD190F82C3118
:10A4A000002B79D0037C073B012B75D990F82D3117
:10A4B0000221A0F84460012280F8A0300BF0EEFEEB
:10A4C0000221284684F8EA61FCF7B6FDB4F8E611EB
:10A4D0002046B4F8DE300139B4F8E82189B2B1FB86
:10A4E000F3F31344A4F8E831B4F840300B44A4F873
:10A4F00040300BF001FF10B1636B0B446363B4F8A1
:10A50000E2310026012B9CBF0133A4F8E23109B1EE
:10A5100084F8EE61E37B84F8EA610A3B012B0FD8F3
:10A52000E388B4F8D8229B1A190409D404F2DA217A
:10A5300004F1170009F0C5FEE673FF2384F84B30E1
:10A54000B4F8E62104F1A801204609F001FFE37BFD
:10A550001B49113B1B4A0F2B8CBF00230123009387
:10A56000194B2868F7F7E0FD696911B100200CF07C
:10A570004EFA2C68237BDA0703D500210F48FBF73E
:10A58000E1FB237B9B0703D504F25F10FCF7B0FBD4
:10A590000023237302B070BD94F89E10FE2901D0F1
:10A5A000064891E7094B1E68002E8FD00CF008FC7E
:10A5B00002460B460148B04788E700BFF00C002078
:10A5C000119D0000C99D0000E1A50000E4170020D6
:10A5D000024B1869003818BF01207047F00C0020AA
:10A5E0002DE9F04FDFF8E4810F4687B08146B8F8D7
:10A5F0000410D8F800408D05204655BFB4F840201F
:10A6000000230132A4F840304CBF84F8EE31A4F8A6
:10A6100040200BF071FE38B10B4604F5AB7204F12B
:10A62000A8012046FDF76CF9B8F8043003F4C063C4
:10A6300033B1A37C002B00F0A080032B00F0A3809B
:10A64000A27CB8F80430012A03D1180544BF0222C5
:10A65000A274B9F1000F40F00381590657BFB4F856
:10A6600008224A46013292B2A4F8082203F00A02F4
:10A670000A2A0FD198F80C20022A0BD123F00803E4
:10A680003846A8F80430FFF7BBFB38430823C7B2AD
:10A69000A8F804303846FFF7B3FBD8F81030384339
:10A6A000C7B2002B50D01422002101A80CF0A1FD4C
:10A6B00094F8210103F0E0FB054694F8210103F032
:10A6C000D3FB05F5FA754FF47A7394F82911B5FBAD
:10A6D000F3F5B4F8AA300544D4F8C800ADF8043056
:10A6E000E388ADF80A50ADF8083009F0F5FC94F8AD
:10A6F000CE32ADF8060033B1D8F808301A689B881E
:10A7000004928DF8143094F8CD2201A89DF80C30F5
:10A7100062F300038DF80C30D8F81030984700230E
:10A72000049A84F8CE3284F8CD326AB194F8CC32EF
:10A7300053B9A37B372B07D09DF8143023B1117880
:10A74000FF2924D11B2B29D9D8F8006096F89E3018
:10A75000FE2B4BD1002F49D1337C073B012B45D930
:10A7600096F82C3113B396F82D3101220221A6F868
:10A77000447086F8A030304680E10121A174204663
:10A78000FEF716FA5CE702230121A374F7E7072915
:10A79000DAD1022BD8D15178FF29D5D10121C4F8C3
:10A7A000D02284F8CF3284F8CC12CDE796F80FA0EF
:10A7B000AAF1100A5FFA8AFABAF1100F40F21B816F
:10A7C0003368DA0704D53A460921D4E7F00C0020B3
:10A7D0009D0740F1A3803A460C2130460BF05EFD08
:10A7E00096F8533043F0010386F85330B4F8E8315B
:10A7F00094F8EB510133A4F8E831002D00F02283E6
:10A80000F7F7A0FD10B10023A4F8E831B4F8AA00CE
:10A810000BF0F5FFA37C8246012B40F25483237C8E
:10A82000082B40F02783B4F84030022B40F24B83D2
:10A83000B4F842500135ADB2E38801A920462B445B
:10A84000A4F8E0310123ADF8043008F061F80028E5
:10A8500000F03D83BDF80430E2881344A4F8E431ED
:10A86000B8F80430D8F800505E0657BFB5F8F43198
:10A870000023B5F8E6219B1858BF9BB2A5F8F43128
:10A8800095F82C311BB92B7C073B012B06D8B5F86A
:10A890004430B5F8E6211344A5F8443095F84A1041
:10A8A00031B1B5F84630B5F8E6211344A5F8463085
:10A8B00095F95020002AC1BFB5F84E30B5F8E60131
:10A8C0001B18A5F84E3095F831306BB9B9F1000F6F
:10A8D00040F0A48398F80E30022B40F05B8395F88B
:10A8E000A030062B18BF162395F8302022B9AB48AC
:10A8F00085F83130FCF7E6FD28460BF0CAFDA84B81
:10A900001B681BB1A74A204611689847002384F8AA
:10A910004C3007B0BDE8F04FFBF762BB580702D5DB
:10A920003A46132127E7190706D596F898303A4694
:10A9300086F8A03007211EE71A0602D500221B2147
:10A9400019E713F0300138D096F82F31002B72D16F
:10A9500096F82E31C3B1F37B06F1A80006F5977186
:10A9600006F2DA22292B26D0B37BA3F129056B420C
:10A970006B410AF07EF8336823F0200343F01003A4
:10A980003360002386F82E313368DA0653D506F19A
:10A99000A8000AF0B2F818B106F25F10FCF7A8F9A7
:10A9A000B6F80A3100221521A6F8A030B6F80E310B
:10A9B000A6F8A230DFE60123DBE713F0400202D065
:10A9C0000A462421D7E613F4807101D01E21D2E675
:10A9D00013F4007202D00A462F21CCE613F4005182
:10A9E000FAD113F4806202D00A463121C3E6DB04B7
:10A9F00021D52C21BFE6D8F80050EB7B182B49D08D
:10AA000014D8112B37D0162B3BD0B37B002B40F042
:10AA10008880F37B103B102B40F28B8096F83E3001
:10AA2000002B00F0868001221221A4E6202BECD11D
:10AA30003A46062121E0D8F80050EB7B3D2B64D04C
:10AA40000CD82F2B67D0352B53D0262BDDD195F882
:10AA50003831022B50D1002217210EE0452B57D060
:10AA60004E2B5BD0402BD0D14F4B4C481B689847A6
:10AA70000022332101E03A460B2128460BF00EFC60
:10AA8000B4E62846FCF792FD00283FF4AFAE002262
:10AA90000421F2E795F8C832012B07D13A46052187
:10AAA00028460BF0FBFB85F8C8729FE695F8C83284
:10AAB000022BD9B27FF49AAE95F8523053B10623E7
:10AAC0003A4685F8A03028460BF0E8FB002385F8CD
:10AAD000C832EAE7D8F8003040F20632A3F89A20EC
:10AAE0003A4695F8623013F0040F0CBF0D21112186
:10AAF000E9E700221121C0E795F83831012B84D114
:10AB000095F83931002BA6D07FE700222D21B4E73C
:10AB100000223A21B1E700222021AEE700223C21A9
:10AB2000ABE7092B05D196F89930012286F8A030C1
:10AB300000E7BAF1100F7FF659AED8F8005095F83B
:10AB40000EA0BAF1000F40F0C28095F83F313BB142
:10AB500001220E2128460BF0A1FB85F83FA1A4E7B6
:10AB600095F83E3183B195F853A01AF0030B0BD141
:10AB70004AF0010A01220C2128460BF08FFB85F8D0
:10AB800053A085F83EB190E795F84031B3B195F800
:10AB90006930DB090AD001222B216EE7F00C00207E
:10ABA0009417002098000020BC1700209D4B1B68C4
:10ABB000002B00F08C809C48984788E095F82E3157
:10ABC0002BB395F82F3113BBEB7B05F1A80005F5EE
:10ABD000977105F2DA22292B17D0AB7BA3F1290656
:10ABE0007342734109F045FF002385F82E3101229D
:10ABF000142128460BF052FBB5F80A31A5F8A03015
:10AC0000B5F80E31A5F8A230F0E50123EAE795F892
:10AC10003831012B6FD195F83931002B6BD1E87B9E
:10AC2000A0F12403072B66D995F820114B1EDBB247
:10AC3000032B0AD8DFF8F4C1634493F81DE095F8BC
:10AC40002131013BDBB2032B04D94FF43F710620C5
:10AC5000F5F7EAFDBEF1020F95F83A2114D0BEF1E6
:10AC6000030F13D0BEF1010F04D1012A14BF00223B
:10AC700001226AB9A0F14703012B28D90A38042818
:10AC800025D901221621F8E6022AEFE7042AF1D19C
:10AC900063445A7F95F83B31022A24D0032A24D0FA
:10ACA000012AE7D1012B14BF00230123002BE1D09F
:10ACB000EB8805F53672B5F83C0108F0B4FF824622
:10ACC000B0B901465848FBF73DF885F838A1B37B89
:10ACD000002B7FF48BAD96F8CC32002B3FF486AD81
:10ACE0000122FF2147E5022BDDE7042BE0D0C1E77D
:10ACF0002C23AB737AE595F8423113B1012222215E
:10AD0000BBE695F8413143B1494B47481B6898472A
:10AD1000FE280146DBD00122AFE695F84A3113B197
:10AD200001221D21A9E695F84B316BB195F86730EA
:10AD3000DB0902D001222E219FE63E4B01220C218D
:10AD400039481B68984751E595F84C3113B10122F9
:10AD5000362192E695F84D3113B1012230218CE66F
:10AD600095F8503113B10122382186E695F84E311D
:10AD700033B1314B2C481B689847012232217CE6C5
:10AD800095F84F3113B10122352176E695F851310E
:10AD900013B10122262170E695F8D43213B10122B5
:10ADA0003E216AE695F85231B3B1DFF87CA012215A
:10ADB000DAF80030B3F8AA00F6F78AF903699B07BE
:10ADC00006D51E4B50461B68984701223B2154E68E
:10ADD0001B4B50461B68EFE695F854318BB195F844
:10ADE000393173B9EB7BA3F12402072A09D9AA7B75
:10ADF0003E3A042A05D93E3B042B02D901222321E5
:10AE00003BE695F85331012B05D1002385F85331EA
:10AE10000122252131E695F85331022B7FF457AFFB
:10AE2000F3E700BFCC170020F00C0020A02B02009D
:10AE300074170020B0170020B8170020D817002082
:10AE4000E0170020F7F76AFA08B1A4F8E851F7F71D
:10AE500081FA00283FF4DAAC94F8EE310133DBB22A
:10AE6000022B84F8EE3182BF0023A4F8E83184F885
:10AE7000EE31CBE494F83E3013B1A37B0F2B22D1FB
:10AE8000B4F842502046B4F840200135B4F8DE3022
:10AE9000AD1A9900A5EB83050BF02EFAA8B1A36BB0
:10AEA000626B01339B1A5B1A9D42A8BF1D46BAF123
:10AEB000000F05D0BAF80E30043B9D42B8BF1D46C6
:10AEC000012D3FF7B8AC0125B6E42B46ECE7DFF8DF
:10AED00058B1B4F8DE60DBF8003073B1012E0CD944
:10AEE000F7F722FADBF800300246E188204698475F
:10AEF000BDF804301844ADF8040094F8EC31002B90
:10AF00003CD1012D3AD9E37B0BB10B2B36D1A37B7E
:10AF1000A3BB237C93BBA37C022B2FD194F8EE31EF
:10AF200063BBD4F8C00006F0CDFB38B394F89E3074
:10AF3000FE2B23D1B4F8E231012B1FD9B4F8E8215C
:10AF4000B4F8D0309A4219D2BAF1000F02D0BAF850
:10AF50000E1099B9013D9B1AADB29BB2B5FBF6F547
:10AF60009D4228BF1D46BDF8043005FB0633003D59
:10AF700018BF0125ADF8043084F8EA512B4B1B684B
:10AF8000002B3FF467ACBDF8041020469847ADF89D
:10AF900004005FE4012B08D16B7C002B7FF4A4AC90
:10AFA00000212846FDF704FEA9E45FB1F80633D47A
:10AFB000390733D4BA0633D4BB0733D14FF43161E8
:10AFC000312045E639B1B5F84610B5F84830994218
:10AFD00001D3222388E4002A05DDB5F84E20B5F818
:10AFE00048309A42F5D2B5F84420B5F842309A423A
:10AFF00009D2AA7CB5F8403052B1B5F842209A4245
:10B00000CED8082370E495F82C31002BE1D1F0E77D
:10B01000052BC5D93E2367E41E2365E43D2363E485
:10B02000232361E42A235FE4A4170020B41700203F
:10B0300073B504460190D0F8E002D4F8C8309842C5
:10B0400014D1D4F8E462D4F8D030F61A18BF01262F
:10B0500094F8EC32002B3ED0B4F8AA000BF0CFFBF2
:10B0600030B940F668513120F5F7DEFB0126EFE7F5
:10B07000B4F8E822B4F8DE309A421AD1B4F8EA32D1
:10B0800082899B1A18BF0123A57B472D15D0E27B2F
:10B09000472A10D00025B4F8E62201A8D4F8E0121F
:10B0A000FBF7BCFB8DB30023A3730323A37402B08F
:10B0B00070BD0123E8E73343ECD0154B1B6813B98F
:10B0C00040F67351CFE7A5F14702002101A8554290
:10B0D00055419847DFE7002EDCD0B4F8AA3094F849
:10B0E0002911A4F8A73108F0F7FFB4F8E432A4F866
:10B0F000A90104F29D10A4F8AB31B4F8E632054979
:10B10000A4F8AD3109F077FCC4E7E573CDE700BFE3
:10B11000C817002035500100014B024A1A607047E1
:10B12000CC17002051CC000038B50D4B0D4653F81C
:10B130002040084602F0A0FE4FF47A7304F58564BF
:10B14000033D0444012DB4FBF3F404F1B4048CBFBB
:10B15000002528250AF098FB2044284438BD00BF6C
:10B16000142D02002DE9F74F99466C4B05460C460D
:10B17000C3601646437D23F0070343F00103437584
:10B180000023036191F80EA0AAF14703012B19D9FE
:10B1900091F80F80A8F14708B8F1010F8CBF4FF06C
:10B1A00000084FF00108B9F1000F04D0002201217E
:10B1B000204601F0E1FB637B032B7ED8DFE803F040
:10B1C000057970794FF00108EDE726B940F21721B3
:10B1D0003520F5F729FB0027012304F1A800BB4621
:10B1E00063730BF093F94E4B1A6822B1494620461F
:10B1F000904707FB00BBD4E978211BEB020241F129
:10B200000001C4E97821C5E90021A17BA1F10B026D
:10B21000D2B21E2A54D8434ED64006F00106E27B35
:10B22000472A08BF46F0010620460BF084FA28B1F1
:10B23000002E4BD1607B012818BF022004F1E803E7
:10B2400028751846019309F00BFCA860B9F1000FAE
:10B2500061D0AAF10D0ABAF1010F8CBF424648F045
:10B260000102002A57D13946284608F0B8FE1FFAD5
:10B2700080F920460BF05FFA804686BB81452ED3CD
:10B280000BFB00F02E75D4E97821121841F1000172
:10B29000C5E90021BBF1000F1AD140F29D2197E7CB
:10B2A000D4F830720322D4F84832627307EB030BF0
:10B2B00099E7D4F8C8B05F4695E74FF4147187E773
:10B2C000472901D00026AAE70126ADE70020B5E70F
:10B2D0003946284608F083FE80441FFA88F9012287
:10B2E0004946204601F048FB0D4B1B6853B1012134
:10B2F000204698477843D5E900321B1842F10002F6
:10B30000C5E9003204F1E80009F0AAFBA860D5E91C
:10B310000023C4E9782303B0BDE8F08F71B30000C7
:10B32000E817002005000040F7B501230F4E3370E9
:10B330000023CDE900336846F5F704FF044618B151
:10B340000023337003B0F0BD009D6B7B002BF2D067
:10B3500005F5027738460BF0ACFC38460BF0B5FC2F
:10B3600005F5F0706C73FCF7F5FCE4E7080D0020C0
:10B370002DE9F041804688B00D46A0F502740529FC
:10B3800000F29780DFE801F0038F7195958A637B67
:10B3900013B9EA2135201BE0204601F05BFA0028B2
:10B3A00079D0454B1B680BB120469847A8F5B0767D
:10B3B00013217088F5F78CFE034696F87800002B71
:10B3C00051D002284DD005D8012808D0DC21B42066
:10B3D000F5F72AFAC21E012AF8D81E3300E00A3314
:10B3E0009C8896F87910354FCB1E012B98BF2825E5
:10B3F000FFF79AFE16307A7879358442EDB28CBF29
:10B40000231A0023346AE41A1AB9336C9C4228BF09
:10B410001C46A8F5907009F023FB00F116080220E5
:10B42000A4EB08040BF074FC022124EAE4748442C7
:10B4300028BF044620460BF095FC10B1A0440BF049
:10B4400019FC00232A464146304609F00EFC78607C
:10B45000306A0BF00DFC1A4808B0BDE8F04104F06A
:10B46000BFBF1433BCE79624BBE7214602A80123E3
:10B470000022FFF777FE02A940460BF003FC10B94B
:10B480004FF4347186E7E18801A80194013189B253
:10B49000E18007F03FFA08B0BDE8F08108B0BDE8F0
:10B4A000F04106F09ABB637B042BF4D04FF4837118
:10B4B00070E74FF485716DE7EC170020080D002050
:10B4C00031DD0000024B0022C3E90022FFF72CBF50
:10B4D000080D0020014B5870704700BF080D002078
:10B4E00008B502F05BF8044B5A6882422ABF18780C
:10B4F000002080F0010008BD080D002030B5044692
:10B5000089B0042900F2A880DFE801F0032A272E81
:10B51000A000534B1A7802F0FF03F2B90146012252
:10B5200002A8FFF71FFE02A904F5027004F0B8F9A3
:10B5300020B94FF435713520F5F776F9E18801A887
:10B540000194013189B2E18007F0E4F902F04CFA8C
:10B5500009B0BDE8304004F0CBB904236373F5E7CC
:10B560000323637309B030BDD0F8C83090F8295177
:10B57000C0F830323DB1D0F84C5241F64B529542B2
:10B580008CBF0025012540F2E242ADF80C2094F872
:10B59000582242B9D4F84C2293421DD0B4F8AA00E4
:10B5A0000BF030F918E0B4F8AA000BF028F910B944
:10B5B0004FF44471BFE7B4F854320025A4F8DE30EC
:10B5C000B4F856328381B4F84432C5814381013BDB
:10B5D00003827D23ADF80C3094F82A3113BB15BBE0
:10B5E000D4F8483204F5F070D4F84C22C4F8D830BE
:10B5F000B4F84632C4F8C820A4F8DC30D4F850328D
:10B6000084F82A51C4F8D030B4F8DE305343039A9A
:10B6100019460293FCF780FB04F1A8000AF076FFBC
:10B6200002239EE75DB14FF04D13C4F8E0300023D4
:10B63000A4F8E4304FF47A73ADF80C30D0E74FF053
:10B640009613A4F8E450C4F8E030C9E7A83009B074
:10B65000BDE830400AF05ABF40F265316BE700BFE9
:10B66000080D00200D4A0146107890B90129536851
:10B6700007D1B3F81021B3F8F4309A420CD8FFF791
:10B680002FBF1289520706D5187C073818BF012032
:10B690007047002070470120704700BF100D002048
:10B6A00038B5174B1C895A6804431C8100F0030409
:10B6B000032C04D140F6DF213620F5F7B5F8C50795
:10B6C00048BFD960840706D5096809780629197426
:10B6D00006D00B290ED0820644BF08221A7038BD4E
:10B6E000917B1D29F7D1002400250121C2E91E45C7
:10B6F0001175F0E7917B1329EDD10021F8E700BF28
:10B70000100D00202DE9F743837B04460090A3F140
:10B710004702012A20D9C27BA3F10D01473A012932
:10B72000D2B216D8012A8CBF00220122E188B4F8D7
:10B730004402013189B2884240F0A78094F85852FF
:10B74000002D00F081804AB940F25E213620F5F7E5
:10B750006BF8012A00F299800122E7E7524B1B683F
:10B7600013B940F25F21F1E70021684698470025B0
:10B7700084F85A52B4F852226846D4F84C12FBF7B7
:10B780004DF803212046FFF7B9FEA37BA3F1470242
:10B79000012A03D9A3F10D02012A71D80023A37352
:10B7A000E27B292A77D1A3F12C0255425541E38847
:10B7B000B4F8402201339B1A1B046ED494F84282E1
:10B7C00094F8203194F84362B8F1000F08BF98460E
:10B7D0000EB994F82161984562D194F821319B1BF0
:10B7E00018BF012343EA050984F8208184F8216108
:10B7F000FF2384F822312D4B04F1A8071B6813B1F5
:10B800004146384698472A4B1B6823B14246314689
:10B8100001A801949847B9F1000F03D0237B43F0AE
:10B8200001032373384609F068F918B1237B43F00C
:10B830000203237304212046FFF760FE002384F8EF
:10B8400038317DB3A37328E0B4F8AA3094F82911F5
:10B85000A4F8A731D4F84C0208F03EFCB4F85032FA
:10B86000A4F8A90104F29D10A4F8AB31B4F8523247
:10B870001049A4F8AD3184F8A65109F0BCF876E778
:10B88000E27B473A012A98BFE573A3F12902012A16
:10B8900086D801258BE72C2BFBD003B0BDE8F083C5
:10B8A00001239FE7E573F8E738180020FC17002014
:10B8B000441800203550010010B54C780268162C51
:10B8C000937B0FD8112C01D8002010BD4FF4A80392
:10B8D000E340DB07F8D5024601212046BDE81040D1
:10B8E0000AF09CBE1D3CE1B22229EDD8222CEBD8F7
:10B8F00001A151F824F000BF91B90000C9B80000BF
:10B9000099B90000C9B80000C9B80000C9B8000062
:10B9100085B90000C9B80000C9B80000C9B8000066
:10B92000C9B80000C9B80000C9B80000C9B8000013
:10B9300027BA0000C9B80000C9B80000ABB90000C0
:10B94000C9B80000D3B90000C9B80000FBB90000B5
:10B95000C9B80000C9B800000FBA0000C1B90000A2
:10B96000C9B80000C9B80000E7B90000C9B80000B4
:10B970002BBA0000C9B80000C9B80000C9B800005F
:10B9800023BA00002D2B9FD1294B1B685BB99BE785
:10B99000362B99D1274BF8E7312B95D1264B1B68D5
:10B9A000002B91D0104698478EE7382B01D04F2BB3
:10B9B0008AD1224B1B68002B86D02E21984783E723
:10B9C000392B81D11D4B1B68002B3FF47DAF3621F5
:10B9D000F4E73A2B7FF478AF184B1B68002B3FF449
:10B9E00073AF3021EAE73B2B7FF46EAF134B1B683C
:10B9F000002B3FF469AF3921E0E73E2B7FF464AFC1
:10BA00000E4B1B68002B3FF45FAF3221D6E7442B6F
:10BA10007FF45AAF094B1B68002B3FF455AF35211B
:10BA2000CCE7074BB1E7074BAFE7074BADE700BFEC
:10BA3000F8170020041800200C18002028180020F7
:10BA40003C180020401800205418002003461046DF
:10BA50000A1E08BF1F221F2B70B529D8112B03D82F
:10BA6000032B4AD0002040E0A3F112010D29F9D8A0
:10BA700001A454F821F000BFEDBA000065BA00003F
:10BA8000EDBA000065BA0000EDBA000065BA00002A
:10BA900065BA000065BA000065BA000065BA00002A
:10BAA00065BA00005FBB000065BA000071BB000012
:10BAB0003B2B15D8222BD5D9A3F123040121E4B2C5
:10BAC000A140314C21425BD1490741D13B2BC9D127
:10BAD0002E4B1B68002BC5D01146BDE8704018479F
:10BAE000A3F1FE0253425341580070BD02460021AB
:10BAF0001846BDE870400AF091BD0468A37B1A2B7C
:10BB000001D0142B3ED194F85230002B3AD184F856
:10BB1000513084F84A3094F8B73103F0FF0523B16F
:10BB20004FF481613620F4F77FFEB4F8AA3084F830
:10BB3000B821A4F8B93184F8BB51C4F8BC5184F8D9
:10BB40008A52134904F2AF1008F04CFFA57389E73D
:10BB500010490C68002C85D01946234605E00E4B91
:10BB60001B68002B3FF47EAF1D21BDE870401847D5
:10BB70000A4B1B68002B3FF475AF1F210068F4E7E8
:10BB80000749E6E70220B0E700A84C005018002063
:10BB9000D9510100F41700200018002008180020D7
:10BBA000241800200368024649789B7B053BDBB2E2
:10BBB0004A2B96BF0248FE20C05CFFF747BF00BF7C
:10BBC000C82B02002DE9F3479B4F80460E467C6848
:10BBD000002284F84C20398920468D055EBFB4F8D8
:10BBE0004020013292B2A4F840200AF096FB38B10E
:10BBF0000B4604F5AB7204F1A8012046FBF780FE6A
:10BC00003B8903F4C06333B1A37C23B901212046EF
:10BC1000A174FFF773FCB8F1000F40F0DF81002E34
:10BC200040F0DC813B897D685C0705D52A7C072ACA
:10BC300002BF01222E747A74980713D5387C012331
:10BC4000072885F89F300AD0112824D0FBF7CEFBB7
:10BC5000034628B94FF4C3613620F4F7E5FD774B6E
:10BC6000774898473B89190740F1B2807C6894F87F
:10BC70009E302A2B36D81B2B0FD8012B56D0032BE6
:10BC80005DD0002B42D094F89E30FE2B40F089808E
:10BC900040F22561E0E76B4BE2E71C3B0E2BF2D84C
:10BCA00001A252F823F000BF5DBD000087BC000078
:10BCB00087BC000087BC000087BC000065BD000099
:10BCC00073BD000087BC000087BC000087BC00007B
:10BCD00087BC000091BD000087BC000087BC00004D
:10BCE0005DBD00003C2B5AD03F2BCCD1E388B4F88B
:10BCF00044229B1A1B0402D4002384F85A32A37BEB
:10BD0000472B0CD1002384F84A30BCE7E288B4F812
:10BD10004412521A1204B6D484F85A32B3E7E37BC1
:10BD2000472BB0D1464809F07EF8ACE7E388B4F879
:10BD30003E229B1A1804A6D40023A373A3E7A37B77
:10BD4000143BDBB2092B05D840F2412222FA03F35F
:10BD5000D90798D4002384F88A32DFE7002384F8D7
:10BD60004131D0E7384B1B68002B8CD020469847D8
:10BD700089E7002384F84231344B1B6823B104F572
:10BD8000A17104F1A40098472D4809F032F87AE730
:10BD90002F4B1B68002B3FF476AF2948E7E72D4B6C
:10BDA000F7E7FE2384F89E30A37B292B3AD02ED8C8
:10BDB0000B2B32D00D2B33D0E37B472B04BF482312
:10BDC000E373237C082B01BF02237B7400232374BD
:10BDD0003B89DA0754D5FA687B681668997B93F833
:10BDE000520034780AF007FC28B1112C73D81A4B92
:10BDF000E340DB076FD511792046FAF76BFD68BB8E
:10BE0000FB6831460E481A7909F04EF837E0432BAB
:10BE10000AD0472BD0D1482300E00C23A373CBE7F3
:10BE20000E23FBE72A23F9E7002384F85031044866
:10BE300008F0DFFFC0E700BF100D0020E165010042
:10BE4000140D0020C96501001018002014180020EE
:10BE50001818002048180020742802000D2C34D037
:10BE6000112C34D0072C34D02046FBF7ABFA034614
:10BE70000028C5D0FA683146C0481279984706466E
:10BE80003B781C0707D5A97B95F852000AF0B3FB55
:10BE9000002818BF08262846FFF734FC7D6895F86F
:10BEA0009E30FE2B40F09A802B7C073B012B40F20A
:10BEB000958095F82C3103F0FF0273B10023A5F8AB
:10BEC00044300223A5F89E3088E0AD4BD2E7AD4B5D
:10BED000D0E7AD4BCEE70826D2E7AB7B43B995F868
:10BEE0003E2022B31222A5F89E20A5F8463072E02B
:10BEF000282B00F0B08010D8132B67D009D8032B63
:10BF000000F0A380122B00F09780103B102B65D916
:10BF10000DE01D2BF9D1062359E0352B00F0A3804D
:10BF20004CD8322B00F09D80342B00F0A680EB7BA8
:10BF3000362B00F2E780212B00F2A180013BDAB220
:10BF4000052A40F2CD8095F89E30FE2B46D17C68C4
:10BF500094F89E30FE2B40F02882A37B002B40F00B
:10BF6000248294F85A32002B00F0AF8194F85832B2
:10BF7000002B40F0A581E07B08F075FF8246002889
:10BF800040F0A381E37B342B00F09F8194F858327A
:10BF90008BB11221B4F8AA00F5F79AF8036913F4EB
:10BFA000007900F09E814723A4F846A0A3730123E3
:10BFB00084F84A303F23A4F89E30F6E1412BB6D1F5
:10BFC000724B6E481B68984734237BE70B23A5F818
:10BFD0009E30A5F84620012385F84A307C6894F805
:10BFE0002C311BB9237C073B012B04D8B4F8443017
:10BFF0000133A4F8443094F84A1021B1B4F8463023
:10C000000133A4F8463094F9502022B1B4F84E30F0
:10C010000133A4F84E30B8F1000F40F015847B7C5A
:10C02000022B00F00D84012B40F0A783637C002BD2
:10C0300040F0B8830021BEE3D5F85C32C5F89030FB
:10C040000323A5F89E3000234FE795F8993085F833
:10C05000A030072336E71823A5F84620A5F89E3020
:10C06000BCE72123B3E71123A5F84620AA73A5F85E
:10C070009E30012385F8A030B0E7272322E7223B3A
:10C08000142B3FF660AF01A252F823F0CFC100009D
:10C09000CFC1000047BF000047BF000047C20000FB
:10C0A00047BF000047BF000047BF000047BF000078
:10C0B00047BF000047BF000091C2000047BF00001B
:10C0C00047BF000047BF000047BF000047BF000058
:10C0D00047BF0000B1C200007BC2000095C2000053
:10C0E000052B3FF630AF01A252F823F0A3C10000A8
:10C0F000BFC1000091C1000089C2000047BF00001D
:10C100008DC20000383BDAB2172A3FF61CAF172B5E
:10C110003FF619AF01A252F823F000BF99C2000008
:10C1200047BF00009DC2000047BF000047BF00009E
:10C1300047BF000047BF000047BF0000A1C200008A
:10C1400047BF000047BF000047BF000047BF0000D7
:10C15000ADC2000047BF0000B5C2000047BF0000ED
:10C1600047BF000047BF0000B9C2000047BF000042
:10C1700047BF0000BDC2000099C20000140D00209E
:10C18000A5BB0000A9660100B9B800003418002062
:10C1900095F8983085F8A0300723A5F89E30002345
:10C1A00013E00C230022A5F89E3095F85330A5F833
:10C1B0004E2043F00103EA7385F85330C3E613239E
:10C1C000A5F89E300023A5F84E30EB73BBE695F83A
:10C1D0002F31002B7FF4B7AE95F82E31ABB1EB7B4E
:10C1E00005F1A80005F5977105F24222292B28D008
:10C1F000AB7B293B012B8CBF0023012308F039FCCA
:10C200002323EB73002385F82E31EB7B232B7FF464
:10C210009AAE05F1A80008F070FC18B105F25F10A5
:10C22000FAF766FDB5F80A31A5F8A030B5F80E3179
:10C23000A5F8A2301523A5F89E300023A5F84E30AE
:10C2400081E60123DAE795F83831012B10D095F813
:10C250003831022B7FF477AE0023D5F81821D5F8BA
:10C260003A11A74807F0FBFC1823A5F89E306AE6B0
:10C2700095F83931002BEAD1EEE71123A5F89E306D
:10C28000002385F8A0309EE70923EEE71B2384E70F
:10C290002423EAE71E2380E72F237EE731237CE770
:10C2A000984B97481B6898473423DEE73A23DCE72E
:10C2B0002723DAE73F23D8E72C23D6E73C23D4E72C
:10C2C00094F84031002B3FF456AE94F88A3203F0D4
:10C2D000FF01F3B1E37CA3B1237D73B940F2177181
:10C2E000BAE4894B1B6813B94FF4E161B4E41A2135
:10C2F0008348984784F85A9257E00A23A4F89E305E
:10C300004AE1D4F85C22C4F890200322A4F89E20CD
:10C3100043E194F83F3103F0FF022BB10823A4F866
:10C320009E30A4F846100DE094F8403103F0FF0170
:10C330008BB194F86930DB0908D02B23A4F89E3028
:10C34000A4F84620012384F84A302EE06F4B1B6886
:10C350005BB36B4861E0D4F88C32002B5FD01F22B6
:10C36000E07BFAF721FD002859D1D4F88C3233B1A3
:10C3700013F8512C012A05D040F247716CE440F2C9
:10C38000437169E413F8283C03F0FF0113B14FF443
:10C39000E96161E494F8653098063BD51F23A4F861
:10C3A000461084F84A20A4F89E3095F89E30FE2B63
:10C3B0007FF414AEAB7B002B7FF410AE95F83D32CA
:10C3C000002B3FF40BAEE87B08F04DFD044600283F
:10C3D0007FF404AEEB880A2B7FF600AE6846FAF7CE
:10C3E00049FA00283FF4FAAD052205F11801684624
:10C3F0000AF0D8FE002800F0BD819DF804300098B6
:10C4000085F83C320123C5F83802A5F89E3085F83E
:10C410003D42E3E53E4B20461B689847C5E794F84C
:10C420003E3173B194F8533013F00302BDD10C21A7
:10C4300043F00103A4F89E1084F8533084F83E21A1
:10C440005AE794F82E3113B394F82F31FBB9E37BFC
:10C4500004F1A80004F5977104F24222292B14D0AC
:10C46000A37B293B012B8CBF0023012308F001FB98
:10C47000002384F82E31B4F80A21A4F8A020B4F8DF
:10C480000E21A4F8A220142240E70123EEE794F83D
:10C490003831012B64D194F83931002B60D1E07B25
:10C4A00008F0E1FC00285BD194F820114B1EDBB2B0
:10C4B000032B09D81748034493F84BC094F8213153
:10C4C000013BDBB2032B04D94FF43F710620FFF789
:10C4D000C4BBBCF1020F94F83A210CD0BCF1030F9D
:10C4E0000BD0BCF1010F04D1012A14BF002201229C
:10C4F00092B9162302E7022AF7E7042AF5E700BFFC
:10C50000140D002034180020381800204018002096
:10C510000C180020C82B0200034493F84B2094F819
:10C520003B31022A15D0032A15D0012AE1D1012B73
:10C53000DFD1E38804F51072B4F83C0107F073FB17
:10C54000814650B90146A048F9F7FCFB84F83891C0
:10C550002BE7022BECE7042BEAE72C23A37324E759
:10C5600094F8413103F0FF028BB3984B96481B6857
:10C570009847FE283FF419AF00231E2884F89E0038
:10C5800084F89F300CD92438C0B21B2804D8904BB3
:10C59000C340D9073FF509AF0023A4F84630D1E6E0
:10C5A00001228C4B82401340002B7FF4FEAE1528F5
:10C5B0000AD01128F0D194F8A02012B1A4F8463086
:10C5C000F3E6A4F84E20F0E6A4F84E30EDE694F839
:10C5D0004A3103F0FF090BB11D23AFE694F8423155
:10C5E00003F0FF026BB30921B4F84401F4F770FDC6
:10C5F00010B984F842017FE690F8F03103F0FF02B1
:10C6000013B984F8422177E690F8C831032B14D887
:10C61000DFE803F00202050D84F842916CE694F81D
:10C62000483180F8F131002384F8423164E6222356
:10C63000A4F89E30A4F8469084E640F2DB61FFF750
:10C640000BBB94F84B3103F0FF0163B194F86730F2
:10C65000DB0901D02E2371E65F4B01220C215A48E1
:10C660001B689847A1E694F84C3103F0FF020BB128
:10C67000362354E694F84D310BB130235EE694F83E
:10C6800091325BB10D21B4F8AA00F4F721FD08B98D
:10C69000392333E690F86232002BF9D094F8503108
:10C6A00003F0FF090BB1382328E694F84E3103F06C
:10C6B000FF022BB1494B44481B6898473223B7E728
:10C6C00094F84F310BB1352338E694F851318BB1E2
:10C6D00094F85A3273B994F866305A0608D5404B2C
:10C6E0001B68002B3FF461AE37489847272362E46C
:10C6F0003C4B2CE694F85231BBB13B220021E07B4D
:10C70000FAF752FB814680B91221B4F8AA00F4F777
:10C71000DFFC03699B0705D5334B2B481B68984703
:10C720003B2385E7314B1B6813E694F8543193B1F2
:10C7300094F8393103F0FF016BB9E37BA3F12402D4
:10C74000072A08D9A27B3E3A042A04D93E3B042B8F
:10C7500001D92323E3E594F85331012B04D10023BD
:10C7600084F853312522D1E594F85331022B7FF41C
:10C770001CAEF4E785F83D024BE65EB1F00661D4ED
:10C78000310761D4B20761D1B30661D440F6633199
:10C79000FFF762BA61B3B4F84610B4F84830994272
:10C7A00026D9222384F831300748FAF78BFE00237C
:10C7B0000221E381A3742046FEF7A0FE02B0BDE88B
:10C7C000F047F9F70DBC00BF140D0020F017002052
:10C7D00009294909871208492C180020301800201F
:10C7E0001C180020201800204C180020541800208D
:10C7F0002AB1B4F84E20B4F848309A42D1D8B4F8EF
:10C800004420B4F842309A420ED2B4F84420B4F82E
:10C8100048309A42C5D2A27CB4F840304AB9052BC0
:10C820007FF608AC3E23BDE794F82C31002BB8D13D
:10C83000EBE7B4F842209A423FF6FCAB0823B1E79D
:10C840001623AFE71E23ADE73D23ABE72A23A9E775
:10C850002323A7E773B5424D0026044668602E8166
:10C860002E706E74FF2380F84C30837B0B3B012BC2
:10C8700011D8C388B0F83E229B1A19040BD400F5D6
:10C880000E71173007F01DFDA37B0C2B08BFA6739C
:10C89000FF2384F84B30B4F8282204F1A801204685
:10C8A000013292B207F054FD0023A4F8283294F824
:10C8B0004A302BB1B4F84620B4F848309A4214D22A
:10C8C00094F950302BB1B4F84E20B4F848309A4265
:10C8D0000BD2B4F84220B4F84430934205D2A17C84
:10C8E000B4F8403039B9052B07D900210846FFF7C5
:10C8F00069F9002027E09A42F7D994F89E10FE29A2
:10C9000023D01848FAF798FB6C68174AA17B94F873
:10C91000520009F070FE154B009020461449F5F7BF
:10C9200003FC6C68237BDA0703D500210D48F9F777
:10C9300009FA237B9B0703D504F25F10FAF7D8F9B5
:10C9400000230120237302B070BD0A4B1C68002C29
:10C95000DAD00AF035FA02460B460248A047D3E780
:10C96000100D0020140D002065B60000C5BB0000AE
:10C97000A1B6000058180020B0F828320B4470B55A
:10C98000A0F828320446B0F840300D4616460B4455
:10C99000A0F8403009F0C1FC90B1636B20460B4415
:10C9A00004F1A801636308F096FDD4E90D239A42CF
:10C9B00006D30023144904F5AB70636308F01BF839
:10C9C00094F84A3023B1B4F846302B44A4F84630EA
:10C9D00094F9503023B1B4F84E302B44A4F84E30C3
:10C9E00094F82C311BB9237C073B012B04D8B4F8F5
:10C9F00044302B44A4F844302046FEF783FE16B1A1
:10CA0000E3881D44E58070BD41540100014B024A9A
:10CA10001A6070474018002051CC0000014B187478
:10CA2000704700BF980D0020074B93F90030184461
:10CA3000142804DC10F17F0F03DB40B27047142090
:10CA400070476FF07E007047060E00207F2307B509
:10CA50000DF107008DF8073001F00CF903469DF940
:10CA6000070053B1094B5B785B425BB21844142852
:10CA700006DC10F17F0F05DB40B203B05DF804FB6C
:10CA80001420FAE76FF07E00F7E700BF060E0020E3
:10CA9000024B00221A705A70704700BF060E002029
:10CAA00038B50D4D2B78013B092B03D94F2161205F
:10CAB000F3F7BAFE1221F4F7CFFA18232A780021EF
:10CAC00004465A4310320AF094FBFF232373236970
:10CAD00043F00203236138BD080E0020014B18709B
:10CAE000704700BF080E002038B58B780C460568EB
:10CAF000013B092B0ED84B78013B092B94BF002337
:10CB0000012395F8A81081BB33B12146BDE8384018
:10CB100008F0CAB90123F4E7EB7B9BBB4B23EB7313
:10CB200008F06FF91221B5F8AA00F4F7D1FAA3784A
:10CB3000037062780273144A12789A4213D318224F
:10CB4000013B04F11B0102FB0303E21C103352F80A
:10CB5000045B8A4243F8045BF9D1437BA27801333A
:10CB60009A4208BF4273002038BD23B12B21BDE893
:10CB7000384008F088B92B68DA0403D443F48053B2
:10CB80002B60CDE70120EFE7080E002038B50B68D9
:10CB90000446451C1221B3F8AA00F4F799FA074B92
:10CBA000427B1B789A423CBF0132D3B24370284685
:10CBB000A37009F04FFE1B2038BD00BF080E0020F7
:10CBC00003682DE9F0419A7B06460D464C2A38D180
:10CBD0001221B3F8AA00F4F77BFA95F8028047789F
:10CBE0000446474513D118227B1E05F11B0102FBA9
:10CBF0000303EA1C103352F8040B8A4243F8040B77
:10CC0000F9D1AB78627B934238BF134663733046E9
:10CC100008F0EFF86B786278934208D90A490978EE
:10CC2000914204D9474502D10020BDE8F081237329
:10CC3000A01C064907F0D6FE3368002283F8402185
:10CC4000F2E70120F1E700BF080E0020A168010013
:10CC500070B5056804461221B5F8AA00F4F738FA51
:10CC6000064695F840314BB1204608F0C2F8044919
:10CC7000B01C07F0B7FE002385F8403170BD00BF3F
:10CC8000A1680100064BD3F8000138B1D3F80401C4
:10CC900020B1D3F80801B0FA80F04009704700BF16
:10CCA00000600450034B00221A705A7010229A70D0
:10CCB000704700BF0C0E0020F8B50646022014464F
:10CCC0000D4600F0E1F8114B114A01275C60191D77
:10CCD0009A6002F1807203342D011F70DC601D83A5
:10CCE000C3E904260022243303F80A2C0D2203F89A
:10CCF000092C084AC2F83015074903C983E8030024
:10CD0000C2F80875C2F83835F8BD00BF0C0E002017
:10CD10000300000B00600450642C020008B50220E0
:10CD200000F0B2F80D4B01221A7000220C4BC3F830
:10CD30000021C3F80421C3F808210A4AC3F880205F
:10CD400003F57433C3F88C20A3F58023C3F88C213A
:10CD5000A3F580530822C3F8042508BD0C0E00205B
:10CD60000060045003000080154A08B51378FBB139
:10CD700000231449C1F8803001F57431C1F88C30BA
:10CD8000A1F58021C1F88C3108210F4BC3F808159B
:10CD9000FFF778FF88B101235370938EFF2B03D9DF
:10CDA000BC213B20F3F740FDDBB2937000231370EE
:10CDB0000020BDE8084000F067B810235070F4E789
:10CDC0000C0E0020006004500020045008B5022022
:10CDD00000F05AF80121064B00221970054BC3F8E8
:10CDE0000021C3F80421C3F80821196008BD00BF61
:10CDF0000C0E002000600450094B1A7862B1094BF8
:10CE0000D3F8002152B1D3F8040140B1D3F808019E
:10CE1000B0FA80F040097047587870470220704798
:10CE20000C0E002000600450064A08B513782BB1A0
:10CE3000FFF728FF20B192F8340008BD9078FCE796
:10CE40001020FAE70C0E002038B5084C0025D4F865
:10CE50000035032B04BF01236360C4F80055C4F8F8
:10CE6000005501F075FAC4F8805038BD00600450D8
:10CE7000044B4022C3F88820BFF34F8FBFF36F8F5E
:10CE8000FFF7E2BF00E100E010B50446FFF7DCFF6A
:10CE9000012C06D0022C09D03CB18C213D20F3F7A7
:10CEA000C3FC074B0222C3F8002510BD044B03222C
:10CEB000C3F8002502F10042C3F88020F5E700BF67
:10CEC00000600450024BD3F8A00300F0010070474B
:10CED00000C0FF00084BD3F8A423D3F8A833511C9B
:10CEE0009BB203D14FF6FF718B4203D00260838067
:10CEF000012070470020704700C0FF000B4B30B589
:10CF0000D3F89053D3F89443D3F89813D3F89C23D1
:10CF100005EA04030B401340013317BF05600020EE
:10CF2000446081601CBFC260012030BD00C0FF00B2
:10CF30000B4B30B5D3F88053D3F88443D3F8881320
:10CF4000D3F88C2305EA04030B401340013317BFC9
:10CF500005600020446081601CBFC260012030BDBC
:10CF600000C0FF00074B0022C3F80022C3F81822BC
:10CF7000C3F82022C3F80C22C3F81422C3F81C22E1
:10CF8000704700BF00A0085010B50D4C01F03F01E4
:10CF9000D4F8203E41F40C3123F4702341F4207185
:10CFA00043EA0243074AC4F8203E536823F00303D0
:10CFB00018435060C4F8000DC4F8101D10BD00BF28
:10CFC00000A00850480E0020064B10B50024C3F8FE
:10CFD0007043224621462046FFF7D6FF024B83F8D6
:10CFE0003C4010BD00A00850480E0020094B002214
:10CFF000C3F84825C3F84425C3F84025C3F84C2599
:10D00000C3F85025C3F850214FF48012C3F8082309
:10D01000704700BF00500850EFF3108272B60D4BFE
:10D0200093F83D1021B15B78012B04D0022B0ED078
:10D0300002B962B6704710F0040FF9D1064B002117
:10D04000C3F8401503F5A04301211961F0E710F082
:10D05000020FF2E7480E00200050085008B5104BB0
:10D06000187201380F4B072815D8DFE800F00408C4
:10D070000C0A140E10120322C3F8002508BD042266
:10D08000FAE70622F8E70522F6E70022F4E7012294
:10D09000F2E70F22F0E740F645513E20F3F7C4FBDC
:10D0A000480E002000A00850002814BF02230423CB
:10D0B00007B58DF8043000238DF8063009F084FEA2
:10D0C00001284FF0FF3088BF00208DF8050001A82F
:10D0D00003F0B2FF20B140F65C313E20F3F7A4FB31
:10D0E00003F0C2FF58B15723ADF80230BDF802304B
:10D0F0009BB25A1E92B2ADF80220002BF6D1034B20
:10D10000012283F83D2003B05DF804FB480E0020A7
:10D1100070B5134D034608466E7F26B940F6C1012F
:10D120003E20F3F781FB63B9012EAC69297F05D15D
:10D1300000F058FF20442B69C01A70BD09F06EFC46
:10D14000F8E7012B09D1012EAC69297F02D100F04B
:10D1500033FFEFE709F06DFCECE70020EBE700BFE1
:10D16000480E0020124B93F82900F8B193F82820BC
:10D17000EAB193F82A200F4B52B10F4AC3F80821A5
:10D18000A3F5A043D3F84001B0FA80F040097047FE
:10D19000D3F8002442F00102C3F80024D3F820059C
:10D1A00000F0F600023818BF0120704701207047D8
:10D1B000480E002000A008500B00008013B50B4C57
:10D1C00001AB94F9092001F00FF99DF8050001F079
:10D1D000B1FD20B140F2E3513E20F3F725FB21469B
:10D1E0009DF9040000F084FE02B010BD480E00203E
:10D1F00008B5134BDB89952B21D970B9114B283118
:10D200001846D960104901F07DFD0130012816D97A
:10D2100040F2C2613E20F3F707FB01280CD1094B15
:10D2200029311846D960084901F072FD0130012802
:10D2300005D940F2CC61EDE74FF4DA61EAE708BDC9
:10D24000480E0020A40000206C2C0200074BD3F8ED
:10D25000502110B532B10022054CC3F85021D4F84A
:10D26000203203B110BD09F005FFF8E70050085067
:10D2700000A0085008B50E4BDA89952A16D95B78BC
:10D28000012B09D101F04AFD013001280ED940F6E9
:10D2900011113E20F3F7C8FA022B07D101F044FD2B
:10D2A0000130012802D940F61711F2E708BD00BF8E
:10D2B000480E00200A4B40F409000A4A9B8940F0BE
:10D2C0004000B3F5166F36BFA3F63813A3F5166307
:10D2D00043F48073C2F80837C2F84005704700BFB6
:10D2E000480E002000A0085010B50C46FFF7B6FE0F
:10D2F0002046FFF7DFFF0D4BD3F8002442F0100269
:10D30000C3F800240A4A127A082A0BBF40F202220C
:10D3100040F20312C3F8442EC3F8442E14BF40F267
:10D320005B62044AC3F8482E10BD00BF00A008503D
:10D33000480E00202110010007B50DF1070003F091
:10D3400087FE20B140F69F313E20F3F76DFA0D4A7B
:10D350009DF807305278012A04D0022A0ED003B07B
:10D360005DF804FB13F0040FF9D1074B0022C3F85A
:10D37000402503F5A04301221A61F0E713F0020FE4
:10D38000F2E700BF480E00200050085038B50C46A8
:10D390000546FFF763FE20462146FFF78BFF284630
:10D3A000FFF70CFF094B1B7A082B094B0BBF40F210
:10D3B000022240F20312C3F8442EC3F8442E14BFD5
:10D3C00040F25B62034AC3F8482E38BD480E002085
:10D3D00000A00850211001002DE9F04106460C463E
:10D3E0001746FFF761FE09F04BFC0028FBD0524DB9
:10D3F000002E56D14FF0010895F8283085F80180AD
:10D40000002B3BD1A97A3846FFF7C0FF95F82A30A8
:10D41000002B37D0494BC3F80080494B4FF47A7248
:10D4200033F8173003F5FA73B3FBF2F3E41A012370
:10D4300085F828302B691C44424BC3F8404595F8C9
:10D440003E302BB1032B57D0022B51D1002E53D09D
:10D450003D4B3C49C1F8C031FFF784FE054600282A
:10D4600065D00123CB64D1F84C35A3425FDA214665
:10D470003046FFF7BDFEFFF75FFF59E095F82A3011
:10D48000002BCAD1314B4FF47A7253F8273003F591
:10D49000FA73B3FBF2F32C4AE41A284BC3F80021C9
:10D4A000C5E7012E1FD102236B7095F8283083B990
:10D4B000A97A3846FFF718FF95F82A306BB11F4B51
:10D4C0005E601E4AD2F8003443F01003C2F8003404
:10D4D000ADE795F82A30002BF3D1184B293C1A4AB6
:10D4E000C3F80421A3E740F634013E20F3F79CF98A
:10D4F000012BADD1002EABD02F6C4FF48013114D0A
:10D500004FF00008E71B1248C5F85081C5F8507568
:10D51000C5F8043302F072FF0123EB64D5F84C35F3
:10D520009F4295D80720C5F85085F9F7B1FB002533
:10D530002846BDE8F08100BF480E002000A008503A
:10D54000382D0200005008500B000080142D0200FE
:10D550004DD2000048220021014809F04ABE00BF18
:10D56000480E0020014BD881704700BF480E0020B4
:10D57000024B012283F82A20704700BF480E00208A
:10D58000024B0344187D00F5166070476C2C0200B6
:10D59000014B187F704700BF480E0020024B98696E
:10D5A0001B69C01A704700BF480E00200A4B1A7F43
:10D5B000D3E90430C01A094B03EB8203DB6BC01ABA
:10D5C000074B53F822304FF47A7203F2F313B3FB94
:10D5D000F2F3C01A704700BF480E00206C2C020006
:10D5E000002D0200FF2810B504D940F2CB213E20C7
:10D5F000F3F71AF9013907292AD8DFE801F02C31AD
:10D600000404292C2C220024032201214FF0C743BB
:10D61000234340EA024043EA015340F0007043EAEA
:10D620000123134943F00803C1F8203EC1F8280E36
:10D63000D1F8203503F0F703032B17D140F2563110
:10D64000D5E700224FF080644FF000731146DFE70A
:10D650004FF44F71CBE70024032201212346D7E783
:10D660000024032201214FF08073D1E710BD00BFD9
:10D6700000A0085008B50A4603460C490C48C1F8FA
:10D6800070031878032804D040F2AB313E20F3F742
:10D69000CBF8012A59780CBF08220022FFF774FC4E
:10D6A000044B012283F83C2008BD00BF00A00850B5
:10D6B00006000080480E0020F8B5284E4FF4806721
:10D6C000C6F89070BFF34F8FBFF36F8F09F0D4FA95
:10D6D0000546234C09F074FB0121401B214D2061BC
:10D6E000C5F8A410FFF73EFC4FF40023C5F8401E18
:10D6F000C5F800341C4B187C01F02EFB03F0ECFB4A
:10D700001A4B1B4AC5F838331A4BC3F8C820013AE4
:10D71000C3F8C42040F6FE72174BC5F81433174BFC
:10D72000C3F8042500239622A383A361238584F8EC
:10D730002A30E281D5F8002D84F83C304FF4807314
:10D740006260C6F89071C5F88834A36C376103B184
:10D750009847BDE8F84001F0C9BA00BF00E100E019
:10D76000480E002000A00850A40000200300008004
:10D770000600008000500850010000800020085082
:10D78000014B5872704700BF480E0020020E034B39
:10D790000002C3F8342EC3F82C0E704700A00850C6
:10D7A000044B054A034490721B7D03F51663938175
:10D7B000704700BF6C2C0200480E002010B50446D4
:10D7C0000068FFF7E3FF074B6268C3F84C2E207A2E
:10D7D000FFF7E6FF617A6089FFF704FF227B024BC7
:10D7E0005A7210BD00A00850480E0020014B9881CD
:10D7F000704700BF480E002008B5FFF7EDFD58B98F
:10D80000064B0122C3F8400503F5A04302201A612C
:10D81000BDE80840F9F73CBA08BD00BF0050085009
:10D82000F8B53F4F05460E4697F8293023B940F228
:10D8300006713E20F2F7F8FF97F83E40FCB109F080
:10D840001FFA0028FBD0374B0122DA64D3F84C458D
:10D850009DB9354B4FF47A72323453F8263003F5C4
:10D86000FA73B3FBF2F31C443B6932462846E41AD0
:10D870002146FFF7C1FF2046F8BD5B34F4E7FFF710
:10D8800013FC0123294A87F82830D2F8003443F0EA
:10D890000103C2F8003487F82A4009F0F1F90028A2
:10D8A000FBD03DBB0123B97A30467B70FFF76EFD9C
:10D8B0007B78012B02D04FF4E961BAE7194AD364AF
:10D8C00002F5A0421360174B2846D3F84C45214679
:10D8D000FFF78EFCFFF730FD3B69E41AF5B9124BF8
:10D8E0004FF47A7253F8263003F5FA73B3FBF2F370
:10D8F0001C44C0E7012DE6D10223B97A30467B7083
:10D90000FFF7F2FC7B78022B02D040F2517190E7D6
:10D91000044BDD6403F5A0435D60D4E72934AAE736
:10D92000480E002000500850142D020000A008509E
:10D9300073B5294B4FF48061284A4FF0FF30D3F87C
:10D940008854C3F89004C2F890114FF40022244C7C
:10D9500005F48075C3F8002400222249228584F84A
:10D960002A20C1F84025C3F80821C3F80021C3F8D4
:10D970000421D3F82015C9B2D1B18DF80700C3F83E
:10D98000202201221A619DF8072012B1D3F820222B
:10D990003AB19DF807305BB940F6FF013E20F2F73F
:10D9A00043FF9DF80720013AD2B28DF80720EAE73D
:10D9B000FFF760FC084E0023C6F82032238094F85D
:10D9C0003C300BB1FFF700FB1DB14FF48073C6F87C
:10D9D000883402B070BD00BF00A0085000E100E034
:10D9E000480E002000500850F8B52A4FFFF7FEFA05
:10D9F000FFF79EFF01F080F997F83D304BB103F03F
:10DA000021FB20B140F2AE413E20F2F70DFF87F836
:10DA10003D00002003F022FB044610B140F2B1416A
:10DA2000F2E71D4D1D4EC5F8C401C6F80801C6F841
:10DA30000001C6F80401C5F8C800C5F8C400C6F85E
:10DA40000401C6F8000103F05FFA154B40F6FE72C0
:10DA5000C6F83843C6F81443C5F8C041C3F80825D2
:10DA6000FC70C7E90544FFF7C1FA0E4B4FF4806222
:10DA7000C5F84841C5F84441C5F84041C5F84C4196
:10DA8000C3F89020BFF34F8FBFF36F8FC3F890217F
:10DA9000F8BD00BF480E00200050085000A00850FC
:10DAA0000020085000E100E070B5174C06462578CC
:10DAB00065B994F82A206570E5701AB1134AC2F866
:10DAC000405170BD228584F82A20FAE718B1BDE8DC
:10DAD0007040FFF72DBF013DE189A27818BF0125F5
:10DAE0002846FFF715FB94F82A300146268043B1FB
:10DAF000064BC3F84061A2782846BDE87040FFF7A6
:10DB00007BBE84F82830F6E7480E0020005008500D
:10DB1000014BC3F84C0E704700A0085038B50446BE
:10DB2000074803F09BFA20B140F668113E20F2F757
:10DB30007BFE044D94E80F0085E80F0038BD00BF60
:10DB400019D00000940E00200A490B4B10B5012497
:10DB5000C1F8D00E586283F82940FFF703FB40B9A3
:10DB6000064BC3F8400503200C61BDE81040F9F7EF
:10DB70008FB810BD00A00850480E0020005008507B
:10DB8000084B012210B5C3F8D00E074B83F82920AB
:10DB90005862FFF7E7FA044608B9FFF7C9FE2046C6
:10DBA00010BD00BF00A00850480E0020144A1369A1
:10DBB00018449369834210B5124C09D30220F9F737
:10DBC00067F800230122C4F840350F4B1A6110BDDD
:10DBD0000123D3706364D4F844250532824206D30E
:10DBE000094AD2F80C120029F1D11361EFE70023A2
:10DBF000C4F84431054BC4F84405C4F8C431E6E721
:10DC0000480E00200050085000A008500900008075
:10DC100038B50A4C0346657F217F012D227AE089C1
:10DC200009D100F0EDF9A36922699B1A1844BDE8F7
:10DC30003840FFF7BBBF00F0FDF9F4E7480E0020C5
:10DC4000044BC3F8940ED3F8002442F04002C3F80A
:10DC50000024704700A00850054BD3F8002422F0A0
:10DC60004002C3F800240022C3F8942E704700BF7E
:10DC700000A00850044BD3F8183703F07F035B4231
:10DC800003700120704700BF00A00850094B93F8B3
:10DC90002A206AB10128084A084902D1C2F80411B1
:10DCA0007047C2F8001118B9997A187AFFF786BA46
:10DCB000704700BF480E002000A0085007000080F9
:10DCC000002808B518BF02220A4B08BF012299702C
:10DCD0001A7093F82A205AB11B7A8B4204D040F66E
:10DCE000C7213E20F2F7A0FDBDE80840FFF7CEBFF8
:10DCF00008BD00BF480E0020054B0022C3F8402598
:10DD0000044AD2F82035DBB20BB10123136170470E
:10DD10000050085000A00850044B30B5D3E90C4522
:10DD20009B6BC0E900450B6030BD00BF480E002072
:10DD30002DE9F04108F09AFF484C494D0123C4E910
:10DD40000C01EB64D5F84C35A363FFF793FA454B10
:10DD50000022C3F80821C3F80021C3F80421C3F846
:10DD60000421C3F80021D3F8001421F01D01C3F8E9
:10DD7000001494F83C3084F829200BB1FFF724F903
:10DD8000D5F84835A361D5F8443563616378637786
:10DD9000344BD3F81872D3F82002FFF7E3F8667813
:10DDA000022E40D1E3784BB1D5F8443133B1012094
:10DDB000FFF77AFEE36CBDE8F0411847002F45D02D
:10DDC000237A23B940F24D213E20F2F72DFDDA1ED1
:10DDD000012A24D8234BD3F81C3E13F006031DD090
:10DDE000022B1ED00323002500202377FFF75CFEC3
:10DDF0001C4B85F00101D3F80C2ED2074CBFD3F891
:10DE00001C0E0120236D44BF00F00100084300F008
:10DE1000010080F00100BDE8F0411847032301250F
:10DE2000E2E70423FBE7012E10D1237A237737B1F1
:10DE30000020FFF739FE636D31460020EBE758B153
:10DE40003046FFF731FE636D3946F6E720B1012019
:10DE5000FFF72AFEA36DAEE7BDE8F081480E002073
:10DE60000050085000A00850024B03EB8003D86B11
:10DE7000704700BF6C2C0200024B03EB8003186D4F
:10DE8000704700BF6C2C0200F7B501230D464778A0
:10DE90000146437004462846164600F069F94FF4DF
:10DEA0007A73124AADF80630BDF806309BB243B91A
:10DEB000BDF806309BB27BB940F65F513E20F2F7C9
:10DEC000B3FCD2F80431002BF2D1BDF80630013B8F
:10DED0009BB2ADF80630E7E7677016B9EB78A37030
:10DEE000AB707B1E5842584103B0F0BD0060045037
:10DEF0002E3008B5362854D8DFE800F0505353537D
:10DF000053534D53535353535353535353534B53EF
:10DF100053535353585358534953475345534353FB
:10DF2000413F3D3B39373533312F2D2B29272523D1
:10DF3000215A1C003F231F4AC2F8103708BD332363
:10DF4000F9E72D23F7E72823F5E72323F3E71F233A
:10DF5000F1E71B23EFE71823EDE71523EBE7132386
:10DF6000E9E71123E7E70F23E5E70D23E3E70B23B9
:10DF7000E1E70A23DFE70923DDE70823DBE70723DF
:10DF8000D9E70623D7E70523D5E70423D3E70323FF
:10DF9000D1E70123CFE74FF49873CCE74FF48873B0
:10DFA000C9E74FF48E713F20F2F73EFC0223C2E72F
:10DFB0003923C0E700A008504FF47A73033A58435E
:10DFC000012A10B5064C00F2E73034F9111008446C
:10DFD000B0FBF3F08CBF02230A23C01A10BD00BFB0
:10DFE000EC2C02004FF47A73044A00FB033032F940
:10DFF00011201044B0FBF3F0704700BFEC2C02007E
:10E0000038B51D460A4B33F9114003EB8203053541
:10E010005B691C444FF47A7304F6B73403FB004485
:10E020001046B4FBF3F42544FFF71EFF284438BD27
:10E03000EC2C020070B5064608461546FFF71CFF9B
:10E04000094B03EB85035C694FF47A7304F6B7342C
:10E0500003FB0644241A2846B4FBF3F4FFF704FF3D
:10E060000530204470BD00BFEC2C0200024B0022A2
:10E070001A705A709A707047A40E00202DE9F0476C
:10E080000746012015469DF834400E469846DDF8B7
:10E0900024A09DF83090FEF7F7FE314AD47014B9F1
:10E0A0003B1F5C425C4107F00303002143EA046329
:10E0B0002C4CC4F804352C4BC4F88010C3F88410E1
:10E0C000A3F58023C3F88411A3F580530221C3F87C
:10E0D0000815BDF8283031689380F36809BA93FABF
:10E0E00083FCB36818BA7368C4F810C51BBAC4F8C7
:10E0F0001405C4F818352B0AC4F81C152D069DF814
:10E10000206043EA0863DAF804102DBA003E23F0D9
:10E110000043DAF8000009BA18BF0126B9F1020F6E
:10E1200000BAC4F8201543EAC673C4F824051BBA24
:10E13000C4F82835C4F82C550CD80C4B022F13F812
:10E140000930C4F848354FF00103537000D1137003
:10E15000BDE8F0874FF49B716C20F2F765FB00BFC0
:10E16000A40E002000600450003008504C2D020026
:10E170002DE9F84F334B04460D465A7822B94FF437
:10E18000A8716C20F2F750FB4A7893F803801A814B
:10E19000B8F1000F51D14A7803F1060B42702A4AB8
:10E1A0004FF0000C294E4FF00E09DFF8A4A006F145
:10E1B000080706F1300EC3F844B006F1400BDD61EC
:10E1C000C3F820A083F82AC083F82B9092E80300BC
:10E1D000C3E90BCC86E80300D2E90201C3E9154A82
:10E1E00087E80300E91C1F8959621F85D2E90401F1
:10E1F0008EE8030017499964D2E90601E21CDA654A
:10E2000007EB0802A3F86020C2F307428BE8030083
:10E2100083F86220012183F86390C3E919CCAA78BE
:10E22000A2700D4AC2F83065C2F838E599701970CD
:10E23000C2F804C11160BDE8F88F00F1010B4FF086
:10E240000408ACE7A40E0020502D0200B00E002000
:10E250000100000D0100000C00600450334B5A789F
:10E260002DE9F04105460E4622B94FF4BD716C20F0
:10E27000F2F7DAFA2E4A03F13C0C03F14C0403F1F5
:10E280000C07DFF8B080DFF8B0E0C3F848805E65C7
:10E29000C3F858E092E80300C3E9095E8CE8030084
:10E2A000711C5964D2E9080184E80300F11C0024C0
:10E2B000D96522499C6683F83240C3E91814D2E933
:10E2C000040187E80300691CC3E90518D2E90601C7
:10E2D000EA1C03F11C08DA629A881A860E2288E882
:10E2E000030083F833200121C3E90D44B278AA70FA
:10E2F000134AC2F830C5C2F8387599701B780BB94B
:10E30000A921B4E70F4BC2F80441C2F80841C2F892
:10E3100080300D4AC2F88430A2F58022C2F88431E0
:10E3200002220A4BC3F80425BDE8F081A40E0020A8
:10E33000502D02000100000C0100000DE803000E4A
:10E34000006004500100008000300850002004509C
:10E350000C4B1A788AB100220B490220C1F88020A8
:10E3600001F57431C1F88420A1F58021C1F8842120
:10E37000A1F58051C1F808051A7000225A709A70F0
:10E38000704700BFA40E00200060045008B50B4B7E
:10E39000D3F8082122B10420F8F77AFC022008BD46
:10E3A000D3F8042122B90520F8F772FC0320F6E720
:10E3B000D3F80004003818BF0120F0E700600450D3
:10E3C000014B01225A60704700600450014B1860F5
:10E3D000704700BF140F0020024B1868003818BFA8
:10E3E00001207047140F00202DE9F04F254C85B017
:10E3F000054698460F46164600F0ECFC2378814609
:10E40000AB4211D16378BB420ED194F90230B342D2
:10E410000AD1E378834207D1A388A8F8003094F9A1
:10E42000060005B0BDE8F08F082D1CD18DF80F60F7
:10E4300028469DF90FB008F011FB82463846FFF7D9
:10E440009FF800220346414600925846524600F08B
:10E4500077FCB8F80030A071A38025706770A670B3
:10E4600084F80390DBE7284608F0F8FA0DF10F0373
:10E470003246394600F0B4FC0028D9D04621A92004
:10E48000F2F7D2F9BA000020014B1860998070476A
:10E49000380F0020024BD86019745A82704700BFB1
:10E4A000640F0020014807F02EB900BFE00F0020E4
:10E4B0001FB5144C6846237AADF80A30124B01930D
:10E4C000A379082B8DF80930637908BFFF228DF8F6
:10E4D0000C3002BFADF80A2000220192226800929F
:10E4E00025228DF80820FFF769F9084AD2F8283E5E
:10E4F00023F00073C2F8283E207900F04DFB04B0F1
:10E5000010BD00BFC80F00205555550000A0085091
:10E5100010B5074C04F11800F9F732FBE16804F17B
:10E52000180000228439BDE81040F9F739BB00BF5C
:10E53000C80F002010B5FFF7BFF80B4B0B4C186845
:10E54000FFF7ECFAFF232372FFF7B2FF084B1868BE
:10E55000FFF7FAFAA1790120FFF762F904F1180038
:10E56000BDE8104000F050BB5C180020C80F002030
:10E57000BC0F002073B5054629B11D4802B0BDE8A7
:10E58000704007F0C0B81B4E01A91B4C306808F062
:10E59000B5FAA379082B23D075B19DF804109DF826
:10E5A000052001F00F01306800F012FA20B1B4F834
:10E5B0008C300133A4F88C303068FFF7C5FAA179AC
:10E5C0000120FFF72DF900F017FB70B10B4AD2F8CC
:10E5D0002035DBB2022B06D09121A720F2F724F9D7
:10E5E000002DE4D1E8E70123936002B070BD00BFC5
:10E5F000E00F0020BC0F0020C80F002000A0085032
:10E6000037B5FFF759F8324B324C1868FFF786FAE6
:10E61000314DFFF74DFF637CABB12868FFF794FAEB
:10E62000A1790020FFF7FCF82C4A2D4904F11800CD
:10E63000D2F8003423F00103C2F8003403B0BDE87F
:10E64000304007F0D7B8237C63B10322012101A831
:10E650008DF806308DF8042023FA02F28DF805209B
:10E66000FFF708F8A3792868082B10D1627A217A7D
:10E6700008F09AFA2868FFF767FAA1790020FFF7F7
:10E68000CFF8184803B0BDE8304000F0DBBA08F01E
:10E6900022FA227C637A01A9003A286803F00F036A
:10E6A00018BF012243EA42138DF80430237A8DF813
:10E6B000053008F014FA217C19B1C908286808F05F
:10E6C00019FA2868227A617A033000F01BF9D1E741
:10E6D0005C180020C80F0020BC0F002000A00850CC
:10E6E0008F6A0100E00F002008B5F7F719FA054B13
:10E6F000054A1860054B1A6000F0E2F9BDE80840D1
:10E7000000F012BABC0F0020F4E800005C180020F2
:10E71000094808B507F060F8014620B14FF41B71B5
:10E72000A720F2F781F89022044808F062FDBDE8C6
:10E73000084000F0F9B900BFE00F0020C80F00202A
:10E7400070B505462D4806F0C5FF002851D12B783D
:10E75000283BDBB2D62B4ED9AB797BB9AB78083BE3
:10E76000DBB2F62B47D9EB78FF2B07D0013B032B0D
:10E7700041D86A7912B1DBB2012B3CD8204C8C22F3
:10E780000021201D08F035FD1E4B2360287808F07D
:10E7900089F920712B7963716B782372AB79CBB1D6
:10E7A0000123A37163746B792374A87800F006FACF
:10E7B000154B6072C4F8883000F08AF91349A064E0
:10E7C000A079A46108F0A9F9E0602067BDE8704075
:10E7D000FFF79EBEEE78304600F0B4F938B9731EEC
:10E7E000032B03D93F216820F2F71EF83046A071B1
:10E7F000D9E70C2070BD1220FCE700BFE00F00201D
:10E80000C80F00202941767101E60000D00F0020DA
:10E8100038B50546234806F05DFF00283CD12B782B
:10E82000283BDBB2D62B3BD9AB78002B36D16B78AB
:10E83000FF2B02D0013B022B32D81B4C8C22002133
:10E84000201D08F0D6FC194B2360287808F02AF91F
:10E8500020716D78284600F075F938B96B1E022BCF
:10E8600003D95D216820F1F7DFFF28460023A0715E
:10E87000A4F88C300E4BE3600E4BC4F888300123B3
:10E8800084F88E3000F024F9E368A064A461236763
:10E89000BDE83840FFF73CBE0C2038BD1120FCE736
:10E8A0001220FAE7E00F0020C80F002029417671FE
:10E8B00040420F0035E5000008B50C4BB3F88C2042
:10E8C00002800022A3F88C205A7C1AB103F11800B0
:10E8D00006F019FF064800F0EBF920B90448BDE83E
:10E8E000084006F079BF002008BD00BFC80F002017
:10E8F000E00F00209B6A010075E50000A5E4000020
:10E90000916A0100B2F5817F2DE9F74381461446F3
:10E9100003D98121AD20F1F787FF08291FD8DFE84F
:10E9200001F0200D142316181A1C05001027164E8E
:10E930000025A5421BD303B0BDE8F0830F230127B8
:10E940000DF107068DF80730F2E75523F7E7FF23AF
:10E95000F5E70023F3E7F023F1E7AA23EFE7BD2172
:10E96000D8E7FF27094EE3E7FF27094EE0E7A4EBCE
:10E97000050809EB05003146B84528BFB8464246B0
:10E98000454402F0D3FAD4E7107701001275010074
:10E990001176010038B50B46044611469A1C082B27
:10E9A00004F8012B094A1568C0F801505568127A1D
:10E9B0006560227203D86721AD20F1F735FFA3F11E
:10E9C00009020A30BDE83840FFF79CBFB851020089
:10E9D0002DE9F743154600F10309082930D8DFE88F
:10E9E00001F00C0513201517191B1D000F2301271B
:10E9F0000DF107068DF8073001E0FF27134E0024C4
:10EA0000A54211D801201CE05523F0E7FF23EEE7D3
:10EA10000023ECE7F023EAE7AA23E8E710270C4EEF
:10EA2000EDE7FF270B4EEAE7A5EB0408314609EBBB
:10EA30000400B84528BFB846424608F0B3FB18B1F9
:10EA4000002003B0BDE8F0834444D9E7127501000B
:10EA50001077010011760100024B1860C0688438FD
:10EA6000704700BFC00F0020024B1860183006F03E
:10EA70004ABE00BFC00F002010B5094C206890F8B6
:10EA80008E3023B92068BDE81040FFF7EDBF41F29A
:10EA90008831183006F047FE0028F3D010BD00BFC3
:10EAA000C00F002010B5054C2060183006F027FE7E
:10EAB0002368BDE81040D3F888301847C00F002005
:10EAC000014B024A1A60704760180020DCEA00001F
:10EAD000014B1868704700BF6018002059EA000019
:10EAE000136B0100A5EA000069EA000079EA000062
:10EAF00031DD0000176B010008B5094B5B7923B9C4
:10EB000040F29B11B220F1F78FFE032907D1FFF7E6
:10EB10000FF9044B0022C3F81C22C3F8182208BDC9
:10EB20007618002000A00850054B0022C3F80120F1
:10EB30005A6003221A7040F662125A80704700BF72
:10EB400076180020FF2808B5124B1ED101229A71B9
:10EB50001B780F2B15D8DFE803F0081B140A0C10E4
:10EB60000E0C1414141414141412062008BD0120E1
:10EB7000FCE70220FAE70420F8E70320F6E7082084
:10EB8000F4E75E21B220F1F74FFE00209871EDE727
:10EB90000720EBE776180020FF2808B508D12520CC
:10EBA000FEF7FEFD044B5888BDE80840FEF71EBE88
:10EBB000BDE80840FEF7F4BD7618002008B50C4B00
:10EBC00000225A71FF280DD119790A2905D84FF46E
:10EBD000A962CA40D20700D558711B790A2B02D806
:10EBE000044AD05C08BD4FF4A771B220F1F71CFEB7
:10EBF00076180020C32D0200024B5879003818BF48
:10EC000001207047761800200A4B1A680A4B72B12F
:10EC1000FF225A71094B0A49D3F8002422F400223A
:10EC2000C3F800248022C3F8882406F0E3BD5A719B
:10EC3000704700BFC40F00207618002000A00850C5
:10EC4000F9EA0000174B9A7932B11A78072A02BF05
:10EC5000154A0321C2F810185A790AB31B79033BED
:10EC6000072B0CD8DFE803F0040B0B0E0B0E0B0E7A
:10EC70000D4AD2F8003423F00103C2F800340B49E6
:10EC800006F0B8BD084BD3F8002442F48012C3F854
:10EC90000024D3F8002422F40022C3F80024EEE775
:10ECA000704700BF7618002000A00850F9EA000065
:10ECB00010B5094CA3791BB1084B0222C3F81028E8
:10ECC00063793BB106F01FFD044B8022C3F890240A
:10ECD00000236371002010BD7618002000A00850AA
:10ECE000014B1B681B68184720010020014B1B6863
:10ECF0005B68184720010020014B1B689B68184780
:10ED000020010020014B1B681B69184720010020CF
:10ED1000014B1B685B69184720010020014B1B68F1
:10ED20009B69184720010020014B1B68DB691847CD
:10ED300020010020014B1B689B6A1847200100201E
:10ED400030B4044C9DF8085024680295E468A44649
:10ED500030BC60472001002000220D49134610B549
:10ED600040FA02F4E40744BFCA545C1C02F10102F9
:10ED700048BFE3B2042AF3D1054AFF24D118032B7C
:10ED800001D9107110BD013301F8014BDBB2F6E778
:10ED900070180020F56B0100FB6B0100FD6B01009A
:10EDA000236C0100016C01002D6C0100076C010057
:10EDB000376C01000D6C0100436C0100196C0100FF
:10EDC0001D6C01000F6C0100156C0100336C01001B
:10EDD0003D6C0100014B187D704700BF58100020AA
:10EDE000042810B511D883B104280CBF102428249E
:10EDF000A1420AD2064C54F8200018B141568A426A
:10EE0000A8BF0A4600201A7010BD6FF01500FBE77E
:10EE1000581000200728034611DC10F12D0F10DBDD
:10EE2000094A101890F82E0002EBC00292F93C201B
:10EE30009A4207D0002918BF0130C0B270471B208A
:10EE400070470020704700BFD02D0200072808B58A
:10EE500007DCFFF7DFFF044B03EBC00393F93C0033
:10EE600008BD0820FCE700BFD02D0200C0B208B5E5
:10EE700020B9044B01229A601A6008BD4D21B520CB
:10EE800001F058FE00E0105010F0FF0008B513D15B
:10EE90000B4B01225A60DA600A4AC3F80001107075
:10EEA000D3F8082412F0010205D1C3F81021C3F8E9
:10EEB0001821C3F8142108BD7C21B52001F03AFEC9
:10EEC00000E010506D100020014B01221A707047B5
:10EED0006D10002008B540B9064BD3F8103113B9B6
:10EEE000054B187808BD0120FCE7C221B52001F0D0
:10EEF00021FE00BF00E010506D100020024BD3F83F
:10EF0000080400F00100704700E01050024BD3F8F5
:10EF1000480400F00100704700E01050024BD3F8A5
:10EF20004004C0B2704700BF00E0105007490246DD
:10EF3000D1F84C04D1F84C1410F4803005D0D0B284
:10EF400001F003031B1A58425841704700E010506B
:10EF500038B51A4BD3F80C34DA0304D440F27911E3
:10EF60006D2001F0E7FD164A0124164B106A536626
:10EF700020F03F0094645464136CDB03FCD4136AE8
:10EF8000116C03F03F03C1F30A01C1F5806181EA0E
:10EF9000E1750B29A5EBE17509DD3F2B04D00133A9
:10EFA00003431362172DE6DC0023936438BD0B3155
:10EFB000F8DA002BF8D0013BF2E700BF00E0105078
:10EFC000000812500100008038B50B4C23781BB1AB
:10EFD00000232370FFF7BCFFEFF3108572B6637850
:10EFE00003F0FF000BB9FFF74FFF05B962B6034B03
:10EFF00000225A6638BD00BF701000200008125071
:10F00000F8B5104E012704460D463318DF7007F09F
:10F010001AFE60B934B90C4B11227771B560C3F890
:10F020000423F8BD40F225116D2001F083FD002D71
:10F03000F7D01CB90220A847B460F2E74FF4A071E2
:10F04000F2E700BF7010002000E01050044B0022D7
:10F05000191803EB80034A719A60CA70704700BFA9
:10F0600070100020014B1882704700BF7010002004
:10F07000014B588A704700BF70100020014B188A5E
:10F08000704700BF7010002010B5EFF3108472B607
:10F09000064B03445A780132D2B25A705B78012B86
:10F0A00001D1FFF7E3FE04B962B610BD7010002075
:10F0B000034610B5EFF3108472B611490B445A7829
:10F0C00022B940F257216D2001F034FD5A78013AFF
:10F0D000D2B25A705B7883B90B7D43B1094BD3F838
:10F0E0000C34DB0306D44B7803F0FF002BB9FFF799
:10F0F000CBFE02E0487D01F0AFFE04B962B610BD60
:10F100007010002000E0105010B507F09FFD0C4C6F
:10F1100007F099FD60B1A37D3BB90A4B01229A61CA
:10F120000423E3750023237610BD07F092FDF9E771
:10F1300003230122E375034BC3F80423F2E700BF66
:10F140007010002000E01050014B01221A6270473D
:10F1500000E01050044B587E28B1044BD3F8100146
:10F16000B0FA80F0400970477010002000E01050A5
:10F1700038B50C4B5D7E5DB901245C7607F066FD09
:10F18000094B1022C3F81051C3F80423DC6138BDC9
:10F19000FFF7E0FF0028FAD040F293216D2001F044
:10F1A000C9FC00BF7010002000E01050024BD87D59
:10F1B000003818BF012070477010002038B5174C78
:10F1C000237D23B940F206316D2001F0B3FC012309
:10F1D0002370A37DC3B9A37EB3B1227E013B9A42C3
:10F1E00012DA07F030FD054601F0D0FDA37E012BB9
:10F1F00082BF237E0133237655B1E369C31A0133FD
:10F20000022B09D935B1E061BDE83840FFF77CBF7A
:10F21000236AF3E72062F7E738BD00BF70100020D3
:10F2200037B5184CA37D63B9606A00F00300FFF79F
:10F230007DFE30B1EFF3108372B6E27D1AB103B9EF
:10F2400062B603B030BD0122E27503B962B608238D
:10F250000D4DC5F808334FF42073ADF80630BDF8F6
:10F2600006309BB25A1E92B2ADF80620002BF6D1A2
:10F27000C5F80C3184F82830FFF746FF0823C5F89D
:10F280000433DEE77010002000E010502DE9F74F46
:10F290004E4C237D002B00F096800323ADF8043004
:10F2A0004B4BD3F80051D3F80891D3F8142112B97D
:10F2B000D3F818216AB10026C3F81461C3F81861A5
:10F2C000C3F81061637E0BB107F0C3FC667607F0EC
:10F2D0001AFE3F4BD3F81031002B59D0637E1BB17F
:10F2E00007F0B7FC00236376637913B102238DF82E
:10F2F0000430003D18BF012545F01005354E0DF1D5
:10F30000040A334B4FF00008F71EC3F808531AF8ED
:10F31000010B03280AD03B7843B14FF0000B336850
:10F3200087F800B013B19847C6F800B008F10103A0
:10F33000043601374FF00108022BE8D1B9F1000F74
:10F3400008D0234B0022C3F808210422C3F8082365
:10F35000FFF766FF94F82860EA071D4BF6B2D3F872
:10F360000C7108D5E27D032A05D1A27DA2B9042241
:10F37000E27501229A61C7B1154B0022C3F80C2136
:10F38000E37D042B0DD040F269316D2001F0D2FBFA
:10F39000002DD3D00125B1E707F05BFC0223E37514
:10F3A000E9E70223E37507F054FC66B1002384F813
:10F3B0002830E37D022B01D1FFF7A6FE03B0BDE8A4
:10F3C000F04F07F046BC03B0BDE8F08F701000208E
:10F3D00000E010507810002010B5054C606A00F075
:10F3E0000300FFF7A3FD0028F8D0002010BD00BFE8
:10F3F00070100020F8B5054650B10278022A07D8EF
:10F40000437842B9013B1F2B02D88378212B07D9BF
:10F410006FF0150088E0002BFAD18378002BF7D12C
:10F42000634B2022C3F8A020BFF34F8FBFF36F8F31
:10F43000604EC3F8A0217D235F4CC6F8083300233B
:10F44000C6F80031C6F80831C6F80C316370A370F5
:10F45000AB886382FFF752FD10B10123E370637044
:10F46000D6F80C0440F2563310F4803023821BD0BF
:10F47000FFF72AFD514801F0C5FC4E4E6023607530
:10F480000022C6F804332B78A978012B62766262D9
:10F49000A375A176227620D0022B17D0F3B140F2CB
:10F4A0001E516D2001F046FBC6F81001FFF7DEFC8F
:10F4B000404AD2F81031002BFBD0FFF749FD002065
:10F4C000FFF7E2FC3E4B00225A66D3E707F0BEFB93
:10F4D000D6F80C34D903FBD502236362FFF716FD7F
:10F4E00040B3FFF71BFD636A03F00303984221D189
:10F4F000AB79D3B9FFF770FFA37E63B12B7853B913
:10F5000007F0A1FB054601F041FC6FF00043002D20
:10F510004BD0C4E907030123202200202375244B8C
:10F52000E075C3F8A0211A62F8BD224B0422C3F88B
:10F530000423E1E71F4B012200215A61C3F808119F
:10F5400094F82410C3F840141A610422C3F8042369
:10F55000AA79002AD0D1D3F80423520702D440F26A
:10F56000D1419EE7174A1769116907F0100741F06A
:10F5700010011161D3F808310BB907F07DFD0D4E74
:10F58000D6F8083173B1FFF727FF27B90D4A136981
:10F5900023F0100313610423C6F808330023C6F8D0
:10F5A0000831A9E707F066FDEAE7C4E90730B2E7EA
:10F5B00000E100E000E0105070100020C9EF0000F2
:10F5C0000008125000ED00E038B50C4B0C461979DC
:10F5D00019B183216F2001F0ADFA60B95D790DB1E9
:10F5E000002038BD01225A71FFF74EFD2146284602
:10F5F000FFF706FDF4E76FF01500F2E79C1000201E
:10F6000038B50B4D04462B791BB19A216F2001F0C0
:10F6100091FA50B96B790BB9002038BDFFF716FD90
:10F6200020466C71FFF744FDF6E76FF01500F4E734
:10F630009C10002010B501B3F0B14FF0FF33104A19
:10F640001C46E0FB0134944203D9DB216F2001F01A
:10F6500071FA1A0DC3F30F100A4B42EA04324FF24B
:10F660002444B2FBF4F100EB024003FB1100B0FBB9
:10F67000F4F040EA0140013010BD0846FCE700BF4D
:10F680003F420F00000024F4014B9B68184700BF65
:10F690009C100020014BDB68184700BF9C10002025
:10F6A000014B1B69184700BF9C10002008B5064B92
:10F6B0001B7923B140F237116F2001F03BFABDE80E
:10F6C0000840FFF77BBD00BF9C100020034B1A7958
:10F6D0000AB9FFF7CDBC988D704700BF9C10002081
:10F6E000034B1A790AB9FFF7C9BC988A704700BF63
:10F6F0009C100020024B1B790BB9FFF791BD70479E
:10F700009C100020014B9B69184700BF9C100020F3
:10F7100038B51D4C237933B3FFF7C2FF50B91B4DE9
:10F72000C5F81001FFF7B0FFD5F81031002BFBD062
:10F73000FFF7B0FF154B6022C3F80423636A9847B4
:10F74000002806DB94F82E3023B10123002084F832
:10F75000303038BDFFF7D6FF0028F6DA40F28D11C1
:10F760006F2001F0E7F90A4BA3610A4BE3610A4BF2
:10F7700023620A4BA3600A4BE3600A4B2361FFF745
:10F7800039FE0028E1D0E4E79C10002000E0105092
:10F79000D9F300005F6C0100ADF100004D6C010079
:10F7A000536C0100596C010038B5084B04461D79B3
:10F7B00025B140F2E1116F2001F0BCF900F0C6FD67
:10F7C0002046FFF74FFC284638BD00BF9C100020A4
:10F7D00008B5074800F0A8FD054800F019F801F049
:10F7E000B3F800F0D1FF00F0E5F9012008BD00BF3B
:10F7F000D010002008B5054B1A781AB12721032034
:10F8000001F098F95860197008BD00BFD8100020A9
:10F81000024B986000221A705A607047D81000207E
:10F82000F7B51E4C2378012BDAB204D0022A2ED071
:10F83000012003B0F0BD0DF10701606800F0D8F9B8
:10F8400065686B7DDB071CD5AB7F042B19D000F0FE
:10F85000FFFD0646A8B100F001FE2B69D5E900279F
:10F860009A18B36847F100070A332CBF0125002519
:10F870001B1845EB01059342BD4102D3606800F0BF
:10F88000BBFA0023636023709DF80700D1E70DF1F8
:10F890000701606800F0B6F9F3E700BFD810002058
:10F8A00073B505460C4600F0D3FD0646AB7F012B31
:10F8B0001AD021462B4604F1180251F8040B91424C
:10F8C00043F8040BF9D101230DF107012846AB776A
:10F8D00000F08EF916B1012002B070BD034B042177
:10F8E000986807F035FBF6E70020F5E7D810002010
:10F8F000024B0621986807F02BBB00BFD8100020F0
:10F90000174B1868F0B560B150F8102C50E9063468
:10F9100018380A3344F100049B18826944F100044A
:10F9200002B9F0BD52E90615994275EB0406F8D20A
:10F93000077D12F8046CB7420BD00FD90A3152F888
:10F94000103CA2F1180045F100055B1845F10004D8
:10F9500004E09688878BF61B3604EFD41268DFE745
:10F96000E4100020F8B5244C002323716371A371C7
:10F97000E371EFF3108272B6A168E3606160A36087
:10F9800002B962B600261D4D636803B9F8BD9A79C5
:10F99000A3F11800032A07D11A6801219E7153F8B8
:10F9A0000C3C62609847EFE71B6863B1183B074661
:10F9B0002A46997F04290ED09B7F032B04D0632114
:10F9C0009F2001F0B7F82A46136802211B681360D4
:10F9D000C3688677E6E7B0F81CC0998BA1EB0C01F1
:10F9E0000904996944BF07F1180218460029EBD0B1
:10F9F0001F46A1F11803DCE7E4100020E810002006
:10FA0000042300F11802837700230376437683767C
:10FA1000C376044B996811B99A60DA607047D96867
:10FA20000A60FAE7E41000202DE9F041134C064685
:10FA30000F460020236833B9E8B1114BBDE8F0410F
:10FA4000187801F009BA53E9061553F8082CD3F8D1
:10FA50000080521845F10005B242BD4109D222682A
:10FA6000A3F1180012682260FFF7CAFF0120434685
:10FA7000E1E71C46FBE7BDE8F08100BFE410002091
:10FA800024010020494B1B682DE9F74F044682836F
:10FA90008B46D0E9002003B1183B94F815C0DFF87D
:10FAA0000CE10CF0010C002B3BD0D3E90056AA422C
:10FAB00070EB060135D3BCF1000F2CD0277D197DEA
:10FAC0008F4228D399684D1946F1000615F10A08AE
:10FAD00046F1000E424570EB0E0119D221698918DA
:10FAE00040F1000788457EEB070901D24146774681
:10FAF000A942B7410FD22046FFF782FF2C4B18785E
:10FB000001F0AAF900238BF8003003B0BDE8F08FB4
:10FB100011460746ECE703F1180E9B690BB1183B41
:10FB2000C3E7BCF1000F34D0A168891840F1000987
:10FB3000019173B30199D3E9007611F10A0549F1F6
:10FB40000001AF4276EB010123D2257D197D8D4264
:10FB500018D39D68ED1946F1000615F10A0A46F121
:10FB60000008524570EB080110D22169891840F154
:10FB700000078A4578EB070C01D251464746A94257
:10FB8000B741B8D39B6923B1183BD3E71146074669
:10FB9000F5E7DEF80020234643F8182FCEF80030B2
:10FBA000FFF7AEFE8442ADD10123ACE7E4100020A4
:10FBB0002401002010B50B4C2378FF2B04D04FF408
:10FBC0008D719F2000F0B6FF074801F01BF9074B2D
:10FBD000002220701A705A709A70DA709A60DA6097
:10FBE0001A8210BD2401002065F90000E4100020F5
:10FBF000034B1A8A10B4541C1C8210BCFFF742BF7E
:10FC0000E410002038B504460D46FFF779FE231AAC
:10FC100004F11801584258412870044807F0BEF911
:10FC200010B100230120A37738BD00BFE4100020ED
:10FC300038B5114B044600F118019A68B2B19A68C0
:10FC400000209AB191420ED108B1A56905609D6866
:10FC5000A94204BF12689A60DA68914200D1D86064
:10FC60000023A37707E010461268EAE7034807F08D
:10FC700095F90028F4D138BDE4100020E8100020E8
:10FC80002DE9F041264E04460D46FFF7CDFE3068C3
:10FC9000002843D0A0F1180C50E90631A34271EBC3
:10FCA000050250F8102C3CBF234629460A322CBFCF
:10FCB000012700279B1841EB07020768604627B918
:10FCC00000F118037361BDE8F08157E906EC9E4529
:10FCD0007CEB0201F4D290F8148017F8041C8845DC
:10FCE00013D019D9744523462A46A7F1180075EB9D
:10FCF0000C0157F8101C3CBF734662465B1842F17A
:10FD000000020A3342F1000206E0B988B0F81C8014
:10FD1000A1EB08010904E5D43F68D0E70346D1E729
:10FD2000E410002010B5054C6169204607F036F953
:10FD300018B1606900231838636110BDE410002019
:10FD40009C46144BF0B51D68FDB115F8043C183DF8
:10FD5000834218D812F10A04D5E900364CF10001AB
:10FD6000A34276EB01070BD22F69FF1846F100067C
:10FD7000A7428E4107D3B4F10A0041F1FF31F0BD33
:10FD80001C463146F7E7AD69DEE74FF0FF3001462C
:10FD9000F5E700BFE410002008B5837F022B1CD1DB
:10FDA000437D13F0020302D00023837708BD0322B2
:10FDB000037643768376C3760D4B827700F1180283
:10FDC000996839B99A60DA600A4B1878BDE808403A
:10FDD00001F042B8D9680A60F5E7837F012BE5D0CE
:10FDE000837F042BE2D04FF4FF719F2000F0A2FE2E
:10FDF000E41000202401002010B500F11801044691
:10FE0000084807F0CBF820B94FF402719F2000F0AA
:10FE100091FE2046FFF7F4FD034BBDE81040187833
:10FE200001F01AB8E4100020240100202DE9F74F5A
:10FE3000D0F810E0BEF1000F04D040F227219F203F
:10FE400000F078FE836890F814800193D0E90014E4
:10FE5000EFF3108972B6274BB3F810C01B686BB173
:10FE6000019D183B0A35D3E900264EF1000A6D18B2
:10FE700044EB0A0A95427AEB060707D2B9F1000F64
:10FE800035D0C0E9001403B0BDE8F08F8A4276EBAC
:10FE900004070CD31F69BF1846F1000BAF427BEB80
:10FEA0000A0B34BF0125002575B99B69D7E712F10C
:10FEB0000A0A9D6846F1000715EB0A0547F100079D
:10FEC000A94274EB0707ECE71D7DA84509D0ECD9E2
:10FED00012F10A019D6846F10004691844F100041A
:10FEE000E3E79D8BA5EB0C052D04DED5F0E762B6AC
:10FEF000C7E700BFE4100020024B0521186807F097
:10FF000027B800BF00110020064B586810B520B973
:10FF10004FF41B71B02000F00DFEC3680521BDE851
:10FF200010401847001100202DE9F84F274C81465A
:10FF3000237BA668A3BB94F80D8018F0010803D0BA
:10FF4000E3899E4238BF1E4600F03CFD10EB060BD5
:10FF500005460F4641F1000A58465146FFF790FE0C
:10FF600008B3D0E900329B457AEB020104D29D1B15
:10FF70009B46924662F100070023154A28463946FF
:10FF80002362C4E904BAC4E9065700F0EFFCB8F1F3
:10FF9000000F02D0E3899E4216D002230D4A0DE0E5
:10FFA0004FF00008D0E7237B2BB1637B9B0702D582
:10FFB000636A012098470023074A237384F8283096
:10FFC000C9F80020BDE8F88F0123E7E70011002001
:10FFD000F9FE0000E90001008D6E01002DE9F047F7
:10FFE00017463D4C002B67D0E289D3E900656432A7
:10FFF000864275EB01034FF000033CBF06460D46F9
:020000021000EC
:100000002362B6EB000A65EB010952451A4672EB12
:100010000902C4E9046527DA237B3BB1637B9A07B5
:1000200002D5636A012098470023237394F80D805A
:1000300008F00108A36803F5E1739A4579F100011E
:100040001DDAB8F1000F11D0E089244A301A65F1A9
:100050000001C4E9060100F089FC0623204A84F867
:1000600028303A60BDE8F0879846E3E71B4A3046FF
:100070002946C4E9066500F079FC0523EEE7FFF7A1
:1000800009FBE089A368B8F1000F0BD0984209D9A9
:10009000301A124A65F10001C4E9060100F066FC5D
:1000A0000123DBE7F01A0D4A65F10001C4E90601FE
:1000B00000F05CFC0223D1E7237B2BB1637B9B0721
:1000C00002D5636A0120984700252573FFF7E2FAFD
:1000D0002B46044AC3E700BF00110020F9FE0000D0
:1000E000E90001008D6E0100023970B50546032953
:1000F00000F2D480DFE801F006020840694B0022DC
:1001000083F82920002024E0664C94F82830042B42
:1001100009D8022B28D8013B012B1BD94FF4CD71F4
:10012000B02000F007FD053B012BF7D8FFF778FB67
:100130000028E7D000F036FC00F044FC06460C46F0
:10014000FFF79EFD2A46034621463046FFF746FF4D
:10015000022070BDFFF764FB0028D3D000F022FC22
:100160002846FFF7E1FEF3E7FFF75AFB0028C9D066
:10017000012384F82930C5E74A4C94F828301A1F27
:10018000012A2AD8042B94F829600CD100F04AFBEC
:1001900048B900200021FFF773FD08B1FFF72CFEDE
:1001A000FFF778FADCE7002EC6D1FFF7BBFD002889
:1001B000C2D06060C4E90B6600F004FB60680223F3
:1001C00031468377C3689847D4E9040106F05CFEA2
:1001D000354B84F828602B60BAE700F0F3FBA36985
:1001E000C01A236A9842ACBF2062236294F8283078
:1001F000022B19D1FFF748FA94F82830022BD4E9E2
:1002000004012CD1637BDB071BD5237BCBB9E389AE
:10021000264AC01A61F10001C4E9060100F0A6FBFC
:10022000032384F828306DE7637BDA0701D5207B50
:1002300010B140F2B31173E7636A98470123237347
:10024000DAE73238236A194A41F1FF31C01841EB2D
:10025000E371C4E9060100F089FB0423E1E7012B07
:100260000AD1A368114AC01A61F10001C4E906016C
:1002700000F07CFB0223D4E7236A32380B4A41F1B9
:10028000FF31181841EBE371C4E9060100F06EFB81
:1002900094F82830062BE0D10523C2E740F2F11193
:1002A0003EE700BF00110020B1020100F9FE00008E
:1002B00002392DE9F041064604292ED8DFE801F085
:1002C00003090B2D0E00174A537B003B18BF012377
:1002D000137300201FE0FFF7A3FAFAE7DFF844806A
:1002E00000F080FA00F06EFB0C460546FFF7C8FCF4
:1002F0000746D8F80400FFF74FFD002300222846E8
:10030000C8F8043000232146C8E904233B4632469E
:10031000FFF764FE0220BDE8F08140F21721B02013
:1003200000F008FC00110020064A002310B5064C1E
:100330000260206084F828306373FFF7D1F932300F
:10034000A06010BD8D6E01000011002008B5074BA4
:100350001A681168064A914204D040F25121B02037
:1003600000F0E8FB3230986008BD00BF00110020AB
:100370008D6E010010B5EFF3108472B6034B0421AB
:10038000186806F0E5FD04B962B610BD0011002042
:1003900008B5094B5A6822B940F27221B02000F02A
:1003A000C9FBD3E90421BDE808408018034A41F1A4
:1003B000000100F0DBBA00BF0011002009FF0000BF
:1003C00008B5064B5B6823B94FF41E71B02000F0EE
:1003D000B1FBBDE8084000F0E5BA00BF0011002005
:1003E00008B5054B5A6822B940F27E21B02000F0D2
:1003F000A1FBD86208BD00BF0011002008B5054B65
:100400005A6822B94FF42171B02000F093FB1863B1
:1004100008BD00BF00110020054B1B6B10B523B9B0
:1004200040F28A21B02000F085FBBDE8104018475B
:1004300000110020054BDB6A10B523B94FF424717D
:10044000B02000F077FBBDE81040184700110020F5
:10045000014B5868704700BF0011002008B5054BDC
:100460005A6822B940F29B21B02000F063FBD3E927
:10047000040108BD00110020034B587B10F001005F
:1004800018BFD889704700BF001100200028ADBFF9
:1004900000F1604000F00F00044B00F56140B4BF74
:1004A000185C90F800034009704700BF14ED00E0AD
:1004B0002DE9F04105460E46E1B9114F3B681BB1ED
:1004C0008621452000F036FB38600E48FFF788FF94
:1004D0000D48FFF793FF06F073FC6B7D04465B0746
:1004E00008D506F0C9FB0A34241A7C6000F07CFAB7
:1004F0000028FBD02B6A3146686ABDE8F0411847F6
:10050000381100202D0501000D050100064B1B6868
:1005100010B51BB97221452000F00CFB1A6A0421AA
:10052000586ABDE81040104738110020064B1B6880
:1005300010B51BB96C21452000F0FCFA1A6A0321A2
:10054000586ABDE81040104738110020024B0022C5
:100550001A601A81704700BF3811002008B5074B98
:100560001A681AB9B921452000F0E4FA0449D160AB
:1005700000221A60BDE80840FFF7BAB93811002020
:10058000B104010030B587B00C46182200210546A1
:10059000684606F02EFE637A4FF000026168C3F3EE
:1005A0008003029183F0010363F38202237A8DF8C2
:1005B0001430224B8DF81520039323785BBB9DF8F4
:1005C0001500D4E904324007CDE9003207D50A3BD3
:1005D00001F10A0142F1FF320291CDE90032637A62
:1005E00069469DF81520C3F3400322F003025B0027
:1005F00043F0010313438DF81530114B5868C0F3D5
:100600000800B8B11038FFF741FF98B92846FFF746
:1006100047F907B030BD2369049306F027FB9DF826
:1006200015305B0744BF029B0A33CDE9000148BF88
:100630000293D4E7284606F025FBEAE7B10401005F
:1006400000ED00E070B50B7886B023B140F21F21B9
:10065000452000F06FFA4C7A4FF000060593C4F382
:1006600080034D6883F00103029563F382060B7AE1
:100670008DF814300F4B8DF8156076070393D1E990
:100680000431CDE9003107D50A3B05F10A0541F1F6
:10069000FF310295CDE900319DF81530C4F34004D7
:1006A0006946049264F341038DF8153006F0EAFAC6
:1006B00006B070BDB10401007FB506F0D7FA002383
:1006C00005930B4B039340F21E2302934FF0FF332D
:1006D000CDE90001694607480493FFF7E1F818B92E
:1006E0009B21432000F026FA07B05DF804FB00BF11
:1006F0001D0701007011002010B5074C94F8203040
:100700004BB9FEF7CDFF30B9012384F82030BDE8A6
:100710001040FFF7D1BF10BD7011002008B50529AA
:100720002DD8DFE801F0032E282C2C0D06F09AFAC4
:10073000144806F047FB1E38BDE8084006F098BA9A
:10074000FEF7AEFF38B10F4B002283F82020BDE842
:100750000840FFF7CDB806F087FA08B906F082FA2C
:1007600000214FF4007006F0FDFA0028E0D1B92115
:10077000432000F0DFF9BDE80840FFF79DBFC52129
:10078000F6E708BD701100204FF000430B4A00212E
:10079000C2F88030A2F58022C2F88031012302F530
:1007A0007832C2F80435A2F58022C2F8043520223E
:1007B000034B184683F8201006F01BBD00400C5078
:1007C0007011002008B50AF06BFE054AD2F85837C0
:1007D00043F00103C2F85837BDE80840FFF78CBF6B
:1007E00000200E5008B50AF06BFE0B4AD2F85837BD
:1007F00023F00103C2F858370122084B5A604FF02A
:10080000FF32C3F808232022054BC3F89021BDE82E
:10081000084000F0C7B800BF00200E50005008503C
:1008200000E100E008B5FEF73BFFB0B90D4BD3F88F
:1008300000314BB90C4A536A0133312B53620BD947
:100840006C21432000F076F906F00EFA08B1702111
:10085000F7E706F005FA012008BD034B00225A62B3
:10086000F9E700BF00E010507011002040F2025183
:10087000014808B500F054F9C2510200184820227E
:1008800008B5C0F89020BFF34F8FBFF36F8F154BA3
:10089000C0F89021D3F8041521F00301C3F8041522
:1008A000D3F8081541F00301C3F8081592FAA2F134
:1008B000B1FA81F1092904DD40F29F310A4800F0C4
:1008C0002FF9C3F8101501215960D9604FF000418C
:1008D000C3F880104FF0FF31C3F80813026108BD60
:1008E00000E100E000500850C2510200134A4FF4EA
:1008F000E0632021C2F838330023C2F8AC35C2F8D7
:10090000BC35C2F8CC35C2F82031C2F82431C2F867
:1009100028310B4AC2F89C11C2F89C10BFF34F8FCC
:10092000BFF36F8FC2F89010BFF34F8FBFF36F8F7D
:10093000C2F89011034A1360704700BF00200E50A8
:1009400000E100E09811002008B5FFF7CFFF054B4C
:100950004FF4A062C3F834232022034BC3F89C2138
:10096000DA6108BD00200E5000E100E00B4B10B52D
:100970001C681CB14C21042000F0DCF8B1F5801F8C
:100980001A6001D3FFF772FF054B0122C3F8A005DF
:10099000C3F8A415C3F8AC2510BD00BF9811002002
:1009A00000200E50054A136833B100230449C1F8F2
:1009B000AC35C1F820311360704700BF981100209A
:1009C00000200E5030B54FF0FF30064C6FF0404124
:1009D000D4E90023904271EB0305F9D31046C3F329
:1009E000130130BD40270E5008B5FFF7EBFF044B55
:1009F000D3E90223904299412CBF0120002008BD79
:100A00009811002010B5FFF739FF0F4C0023C4F8F0
:100A1000BC35C4F82431FFF7D5FF0A3041F100019D
:100A2000B1F5801F01D1FFF721FF4FF00043C4F85B
:100A3000B005C4F8B415C4F8A4310123C4F8BC351A
:100A4000024BC3E9020110BD00200E509811002096
:100A5000144BD3F8342312F4A06F10B503D1FB214B
:100A6000042000F067F8D3F8202162B100220E497B
:100A7000C3F8AC25C3F820210B6813B940F2031169
:100A8000EEE70A609847074BD3F828214AB10022C5
:100A9000C3F8CC25C3F82821034BBDE810401B69DF
:100AA000184710BD00200E5098110020014B1879F6
:100AB000704700BFB0110020044B1A79824283BFF7
:100AC0001B68602202FB003000207047B01100203C
:100AD000BFF34F8F0549064BCA6802F4E062134327
:100AE000CB60BFF34F8F00BFFDE700BF00ED00E01C
:100AF0000400FA05084B01225A604FF0FF32C3F898
:100B000008238022054BC3F88820BFF34F8FBFF323
:100B10006F8FC3F8882170470070045000E100E037
:100B200008B572B6024B5B6803B19847FFF7D0FF78
:100B3000B81100201FB572B6144B5C6894B9FFF76A
:100B4000C7FFB2FBF6F22B465D1C002AF9D1DBB2DF
:100B500003F110056D4405F80C2C0A2233B901A8E5
:100B6000A047ECE7024600230A26EDE7013BDBB293
:100B700003F110050DEB0506B0FBF2F502FB1500C5
:100B8000303006F80C0C2846E8E700BFB81100200A
:100B9000F8B5234F05460C4616463B78002B3CD152
:100BA00006F050F87E601F4B01263C814FF48062B6
:100BB000C3F8A4601C4BC3F89020BFF34F8FBFF362
:100BC0006F8FC3F89021FFF795FF184B002D14BFCE
:100BD00028461846FEF79CFD0546E0B9FFF7B6FC2F
:100BE000FEF788FD06F0A3F9FEF7F2FD18B9B8216B
:100BF0001120FFF79FFF002C0BDB04F01F0364099B
:100C0000A4009E4004F1604404F56144C4F880618E
:100C1000266001233B702846F8BD4FF0FF35FAE708
:100C2000B811002000A0085000E100E0E82E02000A
:100C3000074BB3F90830002B09DB5A09012103F0F7
:100C40001F03994002F14003024A42F82310704703
:100C5000B811002000E100E0014B1878704700BF98
:100C6000B811002050B1074B03F1140253F8041BD4
:100C7000934240F8041BF9D1002070476FF0150033
:100C8000704700BFF05102002DE9F84F0746894632
:100C900093469846374CDFF8E0A0384D2E78013661
:100CA000F6B2D5E84F3F0133DBB2C5E8403F00283C
:100CB000F7D101216160C4F80001C4F80401EFF329
:100CC000108072B62E4BC5F80490AB60C5E905B331
:100CD0003B68C4F810357B68C4F81435BB68C4F8A9
:100CE0001835FB68C4F81C35264BC4F83035103372
:100CF000C4F83835216000B962B6D4F800312BB998
:100D0000D4F8043113B92B789E421CD0B8F1000FEF
:100D100009D00A9B3BB1D4F840350A9AC8F8003094
:100D2000D4F83C351360D4F80431002BB5D12978C0
:100D3000B142B2D1C4F80031C4F804310323C4F87D
:100D40000833BDE8F88FDAF81030DB06D5D5032379
:100D50008021C4F804330C4BC3F88811D4F8003157
:100D6000002BCAD1D4F80431002BC6D106F082F989
:100D7000C3E700BF0070045000ED00E0C411002084
:100D80001000000BC811002000E100E01A4B4FF4E6
:100D9000000270B5C3F89820BFF34F8FBFF36F8F79
:100DA000164C0021164DC4F80011C3F898212E6985
:100DB0002B6906F0100643F010032B610123C4F8E1
:100DC00004332360D4F800319BB11EB92B6923F0A2
:100DD00010032B610123D4F808054FF4000263606F
:100DE000C4F808330023C4F80031034BC3F898213A
:100DF00070BD06F03FF9E5E700E100E000700D503E
:100E000000ED00E038B50B49042301EBC30215796E
:100E100005F0FF042DB1013BF7D240216920FFF717
:100E200089FE41F8330001215471D8B294711171D7
:100E300038BD00BFE8110020042808B503D94721B8
:100E40006920FFF777FE034B002203EBC0031A7102
:100E500008BD00BFE8110020042808B503D95021BF
:100E60006920FFF767FE094B03EBC0000379012BF4
:100E700001D05121F4E7437982790133DBB29A4200
:100E800018BF4371BDE80840FFF7D2BEE81100204B
:100E900038B505240F4D95F8281005EBC1031A79D4
:100EA000012A09D158799A79904205D05A79D2B25B
:100EB0009A7155F83130984795F82830013C013344
:100EC000DBB2052B28BF002314F0FF0485F828307F
:100ED000E1D138BDE8110020094B0A4AC3F80023CC
:100EE0000132C3F80C230132C3F818230132C3F8CE
:100EF00020230132C3F81C230132C3F810217047AC
:100F000000A0085004000080074B0022C3F8002313
:100F1000C3F80C23C3F81823C3F82023C3F81C23F9
:100F2000C3F81021704700BF00A00850844641EA72
:100F3000000313F0030359D1403A33D3F0B4F0C99E
:100F4000F0C0F0C9F0C0F0C9F0C0F0C9F0C0403A3C
:100F5000F5D2F0BC26E0403A24D300BF0B68036012
:100F60004B6843608B688360CB68C3600B69036127
:100F70004B6943618B698361CB69C3610B6A03620F
:100F80004B6A43628B6A8362CB6AC3620B6B0363F7
:100F90004B6B43638B6B8363CB6BC36340304031DC
:100FA000403ADBD230320BD30B6803604B684360AE
:100FB0008B688360CB68C36010301031103AF3D275
:100FC0000C3205D351F8043B40F8043B043AF9D203
:100FD000043208D0D2071CBF11F8013B00F8013BD6
:100FE00001D30B8803806046704700BF082A13D3E3
:100FF0008B07B0D010F00303ADD0C3F10403D21AB5
:10100000DB071CBF11F8013B00F8013BA3D331F80B
:10101000023B20F8023B9EE7043AD9D3013A11F88B
:10102000013B00F8013BF9D20B7803704B78437019
:101030008B78837060467047014B1B681B681847AC
:1010400028010020014B1B685B681847280100201D
:10105000014B1B689B68184728010020014B1B6847
:101060001B69184728010020034B1868034BC01A5E
:1010700018BF0120704700BF280100208010010028
:10108000397201004572010049720100517201007C
:101090005572010053B94AB9002908BF00281CBF86
:1010A0004FF0FF314FF0FF3000F00CB8ADF1080CFD
:1010B0006DE904CE06F0D0F8DDF804E0DDE90223A6
:1010C00004B07047704700BF08B5EFF7F3FDF4F7C1
:1010D0000BFDEFF7E5FB002008BDFFF7C3BD02F0F5
:1010E00028BB02F029BB02F02ABB02F02ABB02F0A7
:1010F0001DBBF4F7CDBC10B586B0044601A8FFF7C0
:10110000B1FD02230020237005236070A3709DF8B9
:101110000430E0706371BDF805302071E380DDF8C4
:101120000730A36006B010BD01F057BF70B504468C
:10113000FBF7C8FE012805461AD1601CFBF7CAFE62
:10114000B0B1A3790020E61D63F03F03A371F4F76B
:1011500091FF38B110220021304606F04AF80020F5
:10116000257070BD3046FBF7C9FE0028F2D0F6E7C7
:101170000025F4E710B504461022002106F039F8E6
:1011800004F1100310220021184606F032F8FBF794
:10119000CFFE0020F4F76EFF20B12046FBF7AEFE35
:1011A000002010BDFBF78EFE0028F6D0F8E710B542
:1011B0000446FFF7EBFDB0F5007F09DA10F5007F7C
:1011C00008DD031EB8BF03339B100020237010BD41
:1011D0007F23FAE76FF07E03F7E78178008802F05B
:1011E00049BA0078003818BF012001F0D3BE37B5E6
:1011F00005460C4600880DF1060101F0C0FF2B8862
:101200002380BDF80630638003B030BD38B5054695
:101210000C46EFF763FD30B13E2D04D12046BDE80A
:101220003840EFF79FBD38BD37B504462046F5F787
:1012300039FC022805460FD004280DD123788A2BCB
:101240000DD0942B21D0204600F038F8A1782078DA
:10125000FFF7DCFF0028E9D0284603B030BD0521A8
:101260003E20FFF7D3FF0028EDD1E37801A92279D2
:10127000684643EA0223ADF8003002F079F900280D
:10128000D4D053210820EFF7CFFA1A213E20FFF7E0
:10129000BDFF0028D7D163796946A27901A843EA46
:1012A0000223ADF8043011238DF80630F4F760FB0B
:1012B0000028BBD06521E5E703F03BBB10B5037800
:1012C0000446813B1B2B43D8DFE813F04300490061
:1012D0005500590063007B0081001C0075004F0021
:1012E0008F0095006F00850089009B00A900C30056
:1012F000CE00DC00E200010107010D0113014200F4
:10130000FB00F5002920EFF72DFD30B13E232370BF
:10131000222363702923A3701AE00A20EFF722FD2D
:101320003E23237018B11F2363700A23F3E70123C0
:10133000A37013236370E37903F00103E371D4F81E
:101340001A30C4F80E30E38B638294F82030237592
:1013500010BD3E230370042343701423DBE73E23B8
:1013600003700A2343700323D5E73E2303700D2344
:1013700043700523CFE705232370042307E05A2099
:10138000EFF7ACFC08230028F6D05A2222706370D5
:10139000DEE75B20EFF7A2FC18B15B232370062386
:1013A000F5E7302323700323F1E73E2303700B237B
:1013B00043700723AFE73E230370062343700C23DB
:1013C000A9E71323037083789B000133DFE75723DA
:1013D00003700223DBE73E2303700D239BE73E23CC
:1013E000037001234370112395E73E230370062306
:1013F000437012238FE73E230370092343701323A6
:1014000089E73E2303702420EFF7ACFC18B12423B6
:10141000A3701423BBE70E23A3701023B7E73E236A
:1014200003702520EFF79EFC227B20B125230B3291
:10143000A37062708CE70F2304F10B0104F1080024
:10144000A37002F1080302326370BDE8104005F09A
:10145000B9BE3E2303702620EFF784FC1823002832
:10146000D6D02622A27092E73E2303702A20EFF7FF
:1014700079FC18B12B2363702A234CE71D2363707A
:10148000192348E73E230370072343701A2342E7DA
:101490003E2303703820EFF765FC18B13823A370A2
:1014A000262374E72C23A37020236370E38A03F0C0
:1014B0000F03E3824CE7FF2303700D234370802367
:1014C00029E7FF23037029234370812323E73E2369
:1014D00003700C23437023231DE73E2303700E2368
:1014E0004370372317E73E2303700A2343703523E5
:1014F00011E73E230370FE2343702B230BE708B54F
:1015000010B96FF0150008BDFFF7D6FE0028F8D01F
:101510000020F8E710B50C4648B141B1FFF784FE52
:10152000002820700CBF6FF02200002010BD6FF06B
:101530001500FBE7F8B5941C0E46054617460C440B
:101540006343B3F5004FA8BF4FF0FF3310F0030122
:101550009CB203D0B0211420EFF766F9B4F5004F28
:1015600001D9B121F7E71422043005F042FEEF74EF
:101570006C802E80F8BD38B50388C4888B420589FD
:10158000C4F30E0203D2D1211420EFF74DF984EAFF
:101590000503C3F30E030BB9AC4206D102F11803E5
:1015A0000122C1528274184438BD1846FCE702314A
:1015B00001444A43B2F5004FA8BF4FF0FF3290B24A
:1015C0001B3020F00300B0F5004F34BF00B24FF0E5
:1015D000FF30704740881B3020F00300B0F5004F0B
:1015E00034BF00B24FF0FF3080B2704738B5038887
:1015F0008B4203D2F7211420EFF716F9857C65B1F1
:10160000C388C3F30E031833C25A8A4207D3C152A8
:10161000811DEFF7B7FB00238374284638BD0025F2
:10162000FBE703461830F0B59E88DD88B4B2C6F3F8
:101630000E06A54214D05F89DD7C845B3D44E41B2B
:101640000235A4B2354428440D88A54284BF0C80DD
:1016500025465989B1FA81F149091170DD81F0BD42
:1016600000252846FAE7F8B582880026C389044693
:101670000D4692B20E60CBB14189C2F30E020B440B
:1016800018329BB28718825A4381934204D94FF48F
:10169000A2711420EFF7C8F804D1011DEFF772FB17
:1016A00046812F6000230120E381F8BD1846FCE746
:1016B0008388014602899BB29A4202D00831EFF733
:1016C00061BB70478388C0889BB2C31A5842584197
:1016D0007047828873B595B2C488C2F30E02AC42DB
:1016E00002F1180212D04189C689835A31449942C5
:1016F0000EDB0DF10601ADF80650EFF743FBBDF828
:101700000600001B18BF012002B070BD0020FBE7DF
:101710000120F9E770B5C488034606891830C4F380
:101720000E0584EA0602C2F30E020AB9B4420FD1D2
:101730009C891A880CB1465B921B914207DCDA7CCB
:101740002C440232224410440A461A8270BD002200
:101750001046FAE7F8B5038A002B38D08B4236D30F
:10176000C48800F118038589C4F30E041E1995B9C5
:101770001D55757085891E5B0D443144ADB2858160
:101780001953D2B1811DEFF7FDFA002383810023A5
:1017900003820120F8BD1E5BAE4204D04FF4F67107
:1017A0001420EFF741F8C57C2644878A023535447A
:1017B0005E195F53857DB570DCE7C27C254402323B
:1017C0002A4499189B5A83828B788375DFE700201F
:1017D000E0E78388C2889BB29A4206D0428922B948
:1017E000C3F30E0318331844704700207047C37CBE
:1017F0000233C8187047C37C0233C81A70470230DE
:10180000704738B58388C2889BB29A4207D0458911
:101810002DB9011DEFF7B6FAC581012038BD0020B2
:10182000FCE703881380C388C3F30E031833034413
:1018300080890B6070470368002223B9C0E9013238
:10184000031D0360704759681B680A44F5E70729C0
:10185000034670B504D84FF4EC711520EEF7E4FFA1
:101860000068C0B1446806461A688C4210D01068FF
:1018700060B901F10805AC420DD3546850501868A6
:10188000651A541800686560505002E01346E9E795
:10189000146830461C6070BD0023C1E90032036843
:1018A0000B600160704730B590B18478B1FBF4F300
:1018B00004FB131300EB430252898A4201D1D8B2D0
:1018C00030BDC27822B900F10803D0B2844201D8F9
:1018D000FF20F5E733F8025F01328D42F5D1EFE7E3
:1018E0008278038805324B4303EB42031844704768
:1018F00037B500240546CDE900448DF8060068465A
:10190000ADF80440EFF71EFCBDF8044008B103B089
:1019100030BD29462046EFF7F1FB0028EFD040F21A
:1019200035211720EEF780FF70B51E460D460921C0
:10193000FFF73DFE0446324609212846FFF737FEF1
:1019400040EA04031B0454BF00194FF0FF3070BD80
:10195000D31D23F0070370B5083390B110F00704CE
:1019600003D058212220EEF75FFF04604FF6FF7589
:10197000C28000F108040A468180013A92B2AA426C
:1019800003D103FB01F0083070BD066826600460D7
:101990001C44F2E718B1C2888188FFF7D9BF7047AD
:1019A0000346EFF3108272B6006830B10168196027
:1019B0000023037043708370C37002B962B670472E
:1019C000EFF3108372B602680A60016003B962B671
:1019D0007047012303707047F8B50C460546114661
:1019E0001E4684F001046400E4B2FF2383700319EF
:1019F0001B7D012B05D00134E4B203191B7D012BA3
:101A00000AD105EB44073B8B3A8C9819904205DDCF
:101A100000232C443B8323750020F8BD05EB840490
:101A2000324660681844FFF781FA3B8B1E443E83C0
:101A30000023AB700120F0E781F00101490010B5EF
:101A4000C9B2FF23837043181C7D012C07D10C31D0
:101A500020F8112002221A750023837010BD013175
:101A6000C9B243181C7D012CF1D04FF499710920A3
:101A7000EEF7DAFE024630B5837803F0FF00F3B9E3
:101A8000137D022B19D0537D022B15D10346012063
:101A900089B10024D5180C332C7522F81340131883
:101AA00003241C7502EB80035B680B6000F10C03E0
:101AB00032F813308B80012030BD0123E8E700208D
:101AC000FAE7034630B5827802F0FF00E2B99A7D6A
:101AD000022A17D0DC7D022C13D1032281B11D19FB
:101AE00000200C34287523F814009818032404757A
:101AF00003EB82000C32406833F8123008608B80B0
:101B0000012030BD0324E9E70020FAE7037D012B23
:101B100001D1008B7047437D012B0CBF408B00200F
:101B20007047837D012B01D1808B7047C37D012BD2
:101B30000CBFC08B00207047838B23B9C08B00384B
:101B400018BF0120704701207047027D022A01D191
:101B5000008B7047437D022B01D1408B7047032AD5
:101B6000F6D0032BF9D000207047827D022A01D1E4
:101B7000808B7047C37D022B01D1C08B7047032A35
:101B8000F6D0032BF9D0002070472DE9F04106462E
:101B9000069898460D46430711469DF81C7002D0E2
:101BA00010F0030003D025214C20EEF73DFE4FF44A
:101BB0008B72FFF7CDFE002F06AB044600FB08F149
:101BC00014BF00201846EFF7FFF817B9069B3360E3
:101BD0002C60BDE8F081EFF7C3BCEFF71DBD012815
:101BE00007D1487900F0C000A0F1400358425841A5
:101BF0007047002070470B46812203F8032BB0F892
:101C00000920A1F80320C27A9A70704740F2BD21E2
:101C1000322008B5EEF708FE13B503460C4690F8DF
:101C2000DE2002F0FF0032B1A3F1360000F01AFC12
:101C30008F230420237002B010BDF8B50E46044671
:101C400020B940F206313220EEF7EEFD437A4789A3
:101C5000002B46D1036DD0F80E20C3F8AD20428A88
:101C6000A3F8B120437B026D03F0FD03003B18BFD6
:101C7000012382F8AC3094F8545094F8A6302BB17C
:101C800094F8A7301D43002384F8A630204600F0C6
:101C9000E9FBAA0708D025F00405002220461146DA
:101CA00084F8545000F0E6FD8822334604F12901FF
:101CB00003F8032B04F1090252F8040B8A4243F89B
:101CC000040BF9D112781A700023B371637AD3B977
:101CD000F3F772FF4B0416D53846BDE8F84000F024
:101CE000F7BD00213846EFF7F3F910B940F2123191
:101CF000A9E70021B0F8AA00EFF700FA0028BAD04F
:101D000040F215319FE7F8BD38B504460D4600F0A6
:101D1000F0FB94F87030012B03D094F87030002B56
:101D2000F7D13F220021204605F063FA0722002365
:101D300084F8585084F8492040F2011284F8543055
:101D400084F8A530A4F84A20636684F89430C4F877
:101D5000903084F8A63038BD0023A0F8793180F89F
:101D60007B3180F87030704708B5F0F725FBFBF742
:101D7000DFFDBDE80840F0F735BD08B5F0F71CFB06
:101D8000F0F7A8FCFBF7D4FDBDE80840F0F72ABD4A
:101D900008B5F0F711FBFBF7CBFD032008BD08B534
:101DA000F0F70AFBF0F796FCFBF7C2FD032008BD35
:101DB00090F83E00003818BF01207047007A0038C4
:101DC00018BF0120704710B5012104460020EFF72D
:101DD0007FF910B12146FFF797FF01210846EFF781
:101DE00077F910B12146FFF78FFFBDE81040F1F7FA
:101DF00087BDF1F7AFBA80F84910704711F00103C1
:101E000018BF012210B518BF80F87C218C0705D5BA
:101E10005A1C0224034483F87C41D3B24A0742BFD0
:101E2000C018032380F87C3110BD80F8571070472C
:101E300010B504460846194694F84030023B012B81
:101E40000AD994F8400000F0FD000038BDE81040C9
:101E500018BF0120F4F70EB90028F2D102F0FD02FC
:101E6000101E18BF012002F056F80828E9D0012002
:101E700010BD90F8400000F0FD00003818BF0120B0
:101E8000F4F7F8B838B504460D4690F8A63003F0DC
:101E9000FF00F3B994F85430013B012B18D8042902
:101EA00016D1D4F8103123B140F6F8113220EEF7F4
:101EB000BBFC216D11B940F6F911F7E704F1E80018
:101EC00000F073FB84F8A750FF2384F8A6300120AC
:101ED00038BD0020FCE780F84010704701F0FD039A
:101EE00080F85510B3FA83F35B0980F84A307047E5
:101EF00010B504460846194600280CBF01230023EC
:101F000084F8560084F84B304FF0080384F84C30C6
:101F100008D102F0FD02101E18BF012001F0FBFFE6
:101F200084F84C0010BD08B522B940F63F2132209C
:101F3000EEF77AFC80F85A101368C0F85B3093888B
:101F400090F84120A0F85F30036D83F8B320D0F8FB
:101F50004220C3F8B420B0F84620A3F8B82008BD4A
:101F60002DE9F041D0F8C8509DF81840954233D182
:101F700090F840208A422FD1002690F845C104F005
:101F8000020E32463146F5B2AC4506D204F00500E9
:101F9000431A58425841BDE8F081471997F87C71BF
:101FA000A7F10308B8F1010F11D841F00401BEF107
:101FB000000F0ED100EB850553F822700136D5F8DD
:101FC000CC501635BD4207D10132D2B2DBE73943DE
:101FD000F0E70132D2B2EDE70020DCE790F85430B0
:101FE0000246590705D590F85600431E58425841FD
:101FF000704713F00300FBD092F8550000F0FD008D
:10200000F3E7012938B5044601D1F0F763FB94F8F2
:10201000543004F16C0513F0030F02D02846F1F799
:1020200017FD2846F1F7C2FC2046BDE83840FFF70F
:1020300093BEA03001F0CCBC10B5012104460020B5
:10204000EFF746F820B940F6CB213220EEF7ECFB53
:10205000637880F85430227812F001031CBF01210C
:1020600080F87C11520742BF1B18032283F87C21A1
:10207000A37880F84030E178FFF730FF237980F8CB
:102080004930637980F8573010BD10B504466C3084
:10209000F1F7DEFC2046BDE81040FFF75DBE08B555
:1020A00001210020EFF714F820B940F64A31322020
:1020B000EEF7BAFB90F89400003818BF012008BD75
:1020C000082970B50646154608461C460CD0194628
:1020D000F4F71AFA18B9C3213320EEF7A5FB2378D9
:1020E00043F00203237070BD737C237073681A6819
:1020F0002A609B88AB80F6E7036863B1EFF3108238
:1021000072B603681968016002B962B600221A70DB
:102110005A709A70DA707047333070471FB50024D8
:1021200003949DF9204002949DF81C4001949DF871
:1021300018400094F1F7C0F904B010BD1FB5039327
:102140009DF91830CDE90123FF23042200930023D9
:10215000F1F7B2F905B05DF804FB18B1407BFF3828
:1021600018BF0120704770B5037816460C46054627
:10217000C3F380134B7402F05EF9062EA07407D8E7
:10218000012303FA06F212F0550F06D19E4212D037
:1021900000236370C4E9013313E06370EB1C6360D8
:1021A0000023A3606B78063B13F0FF030AD00935C8
:1021B0002374E56070BD03236370EB180935636019
:1021C000A56000231D46F3E738B50D46C1780446E7
:1021D00011F03F0105D128462822BDE8384005F01E
:1021E00008B80378C3F380136B7402F024F9A87461
:1021F00023796B70E078830900F03F002B7022791F
:1022000012F001011ABF611D0B230523696012F052
:1022100002011CBFE1180633A96018BFDBB25107E9
:1022200044BF0133DBB212F008011CBFE1180233D6
:10223000696118BFDBB212F010011CBFE118033353
:10224000A96118BFDBB212F020011EBFE1181233E2
:10225000DBB212F04002E96100F104011EBFE21896
:102260000133DBB22A62C91A11F0FF0114BFE21870
:102270000A466A626278013A121AD2B22A741AB114
:102280000B441C44EC6038BDEA60FCE7027802F0C5
:102290000F02072A01D1FFF797BFFFF764BF08B508
:1022A000D0F8E830D21A04D540F28A312120EEF776
:1022B000BBFAD0F8C800B2FBF0F008BD022808B5A0
:1022C00011D006D8012810D040F217119E20EEF749
:1022D000ABFAC31E012BF7D8032840F2BE2008BF7B
:1022E0004FF4D26008BD6020FCE74FF4BC70F9E702
:1022F00070B50D4606460846FFF7E0FF044628463F
:10230000FBF7BAFD00F522434FF47A728C34B133F7
:10231000A4B2B3FBF2F31819D6F8103113B1012DA2
:1023200008BF400070BD002110B50B4690F8454134
:10233000CAB2944205D2D0F8C800C31A58425841D4
:1023400010BD00EB820216330131D2F8CC201344C9
:10235000EEE72DE9F0411E46D0F8103180461746D1
:102360002BB1FFF7E0FF0130C0B2BDE8F081D0F83B
:10237000C8400725A4FB0545FFF7D5FF50B1D8E9B4
:102380002C23A41845EB0303A74276EB03030AD2E0
:102390000320EAE7D8E93032E41845EB0205A7420A
:1023A00076EB050501D20220DFE70120DDE72DE90C
:1023B000F041044604F05AFC074688462046D4E91A
:1023C0002C23FFF7C6FF064604F0A2FC182803469C
:1023D00003D800263046BDE8F081421CD4E936150A
:1023E00013D04218AA42D4E92A2028BF6B1AD21B64
:1023F00060EB0800012A70F100054FF000052FDBAB
:102400009342854100DB13465D186D1A41F2883313
:102410009D4228BF1D4604F029FCC7F13203034446
:102420009D42D6D33146284604F09CFC064600283F
:10243000CFD004F01FFCD4F8E020D4F8D830A8188E
:10244000D4F8DC202B44C4F8E0009342C4F8D83020
:1024500003D1D4E93A23C4E9302304F009FCB9E7F5
:102460002B46D1E738B5044690F8143103F0FF004D
:1024700083B3FF2384F8153104F58C75284604F0E6
:1024800018FC284604F5A47504F01FFC284604F047
:1024900010FC284604F019FC00212046FFF7B1FD8E
:1024A00094F8163104F1E805ABB1D4F80831E3B182
:1024B0002846F5F7BFFC002384F8153194F816017F
:1024C00010F0FF0018BF0C2084F81631C4F810314A
:1024D00084F8143138BDD4F8100130B1D4F8083183
:1024E0001BB900F5F070F5F735FC2846F5F732FC1E
:1024F000E1E790F814310BB1FFF7B4BF7047FFF775
:10250000F8BF90F86C00003818BF01207047D0F871
:1025100010310BB1FFF7A6BF0C207047F8B5064687
:102520000F4690F8153103F0FF04002B39D104F069
:102530009DFB054696F87801062F2AD8DFE807F0BC
:10254000043333222E333300FFF7B8FE00F1980432
:10255000A4B2D6F8B020D6F8D830AD1A8C3B2544BA
:10256000AB428CBF012400240AD83046FFF71FFF7E
:1025700030B1D6F8D8408C3CA5422CBF00240124B1
:102580002046F8BD0338012898BF282404F5577465
:10259000DFE74FF44B712120EEF746F940F20124BA
:1025A000D7E70024ECE70124EAE7F8B50D46064634
:1025B00001F5F0770021D5F8E801F5F721FCB042EC
:1025C000044606D18268D5F8E8319A4213D281696F
:1025D00089B121463846F5F7DBFB002333622CB185
:1025E00094E80E005B1842F1000201E000231A4655
:1025F000C5E97832F8BD9A422CBFB260B360F26987
:102600003762002AF2D00ECAECE72DE9F041044609
:1026100088B0052900F2C980DFE801F0035B716C26
:10262000C79090F8153103F0FF064BB10121FFF779
:10263000E8FCFBF7D9F908B0BDE8F041FDF78EBF23
:1026400004F0BEFB02460B4607468846C4E92C014F
:102650002046FFF724FE94F8451102940596E1B157
:10266000D4F8E850D4F8C8207B1BB3FBF2F302FB8C
:10267000035533467D1BDAB2013304EB8202D2F8F4
:10268000CC2002F1160CAC459EBF163D0136AD1AAA
:10269000DAB298BFF6B29142EDD2B4F87A3184F84A
:1026A0004461C3F30C038DF81860ABB1D4F840312A
:1026B0000020039303238DF810308DF8190002A831
:1026C000F0F734FED4F8D8008238C4F8E00004F003
:1026D000CFFA08B0BDE8F081B0FA80F03A46434640
:1026E00040098DF810002046FFF7D9FD003818BFCB
:1026F0000120E2E708B0BDE8F041FBF719BBB0F8F4
:102700007A31C3F30C030BB1FFF7BFFC00220123A6
:1027100002A920460092F1F72BFA58B102A904F55C
:102720008C70FDF72FFF0028D3D140F27371212068
:10273000EEF77AF82046F0F74DFECAE790F815312B
:1027400023B108B0BDE8F041F0F704BEB0F87A312B
:10275000C3F30C0323B390F87831033B012BF0D87B
:1027600090F87031002BECD1012180F8701144F207
:10277000365004F0F7FA0028E3D004F07BFAD4F8DE
:10278000D83044F236500344C4F8D830D4F8E0309E
:102790001844C4F8E00008B0BDE8F04104F068BA9D
:1027A000FFF705FE002894D1CBE74FF4E571BEE7B3
:1027B00030B5044689B00D4690F8142102F0FF03AD
:1027C00022B140F267212120EEF72EF8FF2280F897
:1027D000142180F8153180F84431FFF7A4FDD0B9F9
:1027E00094F845110346C2B291420CD2C4F8F030BD
:1027F0000122002302A920460095F1F7B9F968B932
:102800004FF41F71DFE704EB820216330130D2F878
:10281000CC201344E7E741F28833E7E702A904F547
:102820008C70FDF7AFFE10B940F27D21CBE709B007
:1028300030BD38B504460D4690F8143123B14FF43D
:1028400023712120EDF7F0FF11B940F28D21F8E757
:10285000F1F732F9C4F810516B7B03F0FF0113B1AB
:1028600040F29321EDE784F816112046BDE8384088
:10287000FFF79EBF38B504460D46F1F71DF929460E
:102880002046BDE83840FFF793BF10B5044688B036
:1028900090F8152102F0FF039AB91A4602A9009395
:1028A000F1F766F950B102A904F58C70FDF76AFEE4
:1028B00038B940F25A712120EDF7B6FF2046F0F703
:1028C00089FDFBF791F808B0BDE81040FDF746BE62
:1028D00010B50E21EEF7C0FB044618B95E21532057
:1028E000EDF7A2FF4FF4BA72002104F082FC01233D
:1028F000142284F8F33084F8F42084F8173110BDE2
:1029000000207047002070477047012070477047D3
:10291000002070477047002070477047704700EAFA
:10292000400000EA400000EA400000EA400000EAFF
:10293000400000EA4000B0FA80F04009704708B556
:10294000034610468B4209D03AB183EA010002F0F7
:10295000AFF901288CBF0020012008BD0120FCE751
:1029600037B5002304460D46CDE900336846EEF73F
:10297000E9FB30B10023CDE9003302238DF80630A6
:1029800014E0009B2A462046D3F8CC10FFF7D7FF6F
:102990000028EBD0012003B030BD009B2A46204622
:1029A000D3F8CC10FFF7CBFF0028F3D16846EEF741
:1029B000C9FB0028F1D00023CDE9003304238DF8B2
:1029C000063007E0009B2A4620461968FFF7B7FF4C
:1029D0000028DFD16846EEF7B5FB0028F2D00023CF
:1029E000CDE9003305238DF8063007E0009B2A4629
:1029F00020461968FFF7A3FF0028CBD16846EEF701
:102A0000A1FB0028F2D00023CDE9003309238DF883
:102A1000063008E0009B2A462046D3F8BC11FFF799
:102A20008EFF0028B6D16846EEF78CFB0028F1D067
:102A30000023CDE900330B238DF8063008E0009B1E
:102A40002A462046D3F8E410FFF779FF0028A1D1E9
:102A50006846EEF777FB0028F1D000224FF44023C0
:102A6000CDE900236846EEF76DFB58B10023CDE9B0
:102A700000330A238DF806306846EEF763FB58B141
:102A8000002088E7009B2A462046D3F8E410FFF791
:102A900056FF0028E6D07DE7009B2A462046D3F863
:102AA0003C11FFF74CFF0028E6D074E770B52326F1
:102AB0000025F4F747F90446F1F7D4FB20B10021D3
:102AC0002046FFF74DFF50B10020013E01D0002805
:102AD000EFD04DB940F215210F20EDF7A5FE2046AD
:102AE0002546F1F7F5FBF0E7284670BD00F0FD0044
:102AF000003818BF012070478207034607D410F042
:102B0000010005D113F0040018BF03207047022014
:102B100070478207034607D410F0010005D113F077
:102B2000040018BF03207047022070476FF4506301
:102B3000C318062B8EBF40F2E243A0F550604FF45D
:102B40007A735843704720B190F86202003818BF7A
:102B50000120704713B501210020EEF7B9FA0446B1
:102B600088B901210846EEF7B3FA0446C0B900233C
:102B7000CDE9003303238DF806306846EEF7E2FA1C
:102B8000C8B100200AE0A830FFF7BBFC0028E8D05D
:102B90002046FFF723FA0028E3D0012002B010BD41
:102BA000A830FFF7AEFC0028E1D02046FFF716FA68
:102BB0000028DCD0F1E7009C204602F0C4FF00288A
:102BC000DBD0204603F06BF90028D6D0E5E70023E0
:102BD00007B5CDE9003303238DF806306846EEF7DC
:102BE000B1FA08B1002004E0009802F0ACFF002820
:102BF000F4D003B05DF804FB13B501210020EEF71B
:102C000067FAC0B901210846EEF762FAF8B9FFF792
:102C1000DEFFA0B906236C46019000908DF80630C7
:102C20002046EEF78FFAC0B10023009363600723BC
:102C30008DF806301FE0A830FFF763FC10B10120CB
:102C400002B010BDFFF72BFA0028DBD0F7E7A83061
:102C5000FFF757FC0028DAD0F1E70098403002F087
:102C600019FD0028DCD0EAE7009B586F503002F0D5
:102C700011FD0028E4D12046EEF764FA0028F3D0D5
:102C80000020DDE71FB5002240F6881303A900925B
:102C9000FCF756F805B05DF804FB7E2808BF6FF01E
:102CA0007F00FFF7EFBF10B5044638B1F2F7A2FF7F
:102CB00024EA0000B0FA80F0400910BD0120FCE7D2
:102CC00038B5044603F0BDF8D8B1204602F03BFF0A
:102CD00008B9002038BD204602F04EFE05462046C9
:102CE00002F04DFE78B9002DF3D00221B5F8AA000C
:102CF000EEF704FA0028ECD041F6D6213920EDF7A2
:102D000093FD4220E6E70C20E4E710B50446FFF708
:102D10005EFF58B901210020EEF7DAF9D0B90121A0
:102D20000846EEF7D5F9D8B9012009E0F2F706FF19
:102D300068B1F1F727FD044603F0BCF908B10020A3
:102D400010BD204603F0B2F90028E3D0F7E7002CCD
:102D5000E0D1F4E7A830FFF7D4FB0028DFD0EEE79E
:102D6000A830FFF7CEFB80F00100C0B2E8E70068B2
:102D700090F8A8303BB190F8EA3123B1002380F8F5
:102D8000EA31F5F79FBE704710B50446F4F79AFE96
:102D90002070002010BD10B5FFF7DCFE044630B9EE
:102DA000F4F78AFE2046F3F7D9FA204610BD0C202E
:102DB000FCE710B503780446012B01D9122010BDA1
:102DC000FFF71AFF60B92078FFF790FE01280DD0B9
:102DD00004F11703E21D611CBDE81040F3F7E8BAE7
:102DE000F3F778FB0028EED00C20E8E7A37903F096
:102DF000C003C02BE2D1EBE710B503780446012BEA
:102E00000AD8FFF7F9FE48B9214611F8010BFFF780
:102E10006DFE01F071F838B9122010BDF3F75AFBBE
:102E20000028F1D00C20F8E70020F6E710B50446A2
:102E3000FFF790FE90B92078012803D9FF2809D028
:102E4000122010BD611CFFF751FEF4F741FE38B1AE
:102E50000020F6E70120F3F781FAF9E70C20F0E70C
:102E60000720EEE710B50446FFF774FE98B9237803
:102E7000012B03D9FF2B0BD0122008E01846611C50
:102E8000FFF734FEF4F750FE0028F5D0002010BD07
:102E9000F3F764FAFAE70C20F9E708B50088F3F7CE
:102EA0001FFB00280CBF3020002008BD38B50546A8
:102EB000FFF7A2FE044638B92878003818BF012071
:102EC000F3F702FB204638BD0C20FCE708B5FFF7FE
:102ED00093FE18B9F3F7E8FA002008BDF3F7FAFA01
:102EE0000028F7D00C20F8E7082303700020704773
:102EF000112243F239030270C2705922A0F8013046
:102F00008280C38000207047082108B5EEF758FB87
:102F1000002008BD73B5064600880C46088001A94C
:102F200080B201F0EDF8054640B9B3784BB9019B8A
:102F300093F92801A070F9F777FDA070284602B038
:102F400070BD7F20FFF79EFEF4E710B504466FF0DA
:102F50007F00FFF797FEF9F767FD20707F20FFF7EE
:102F600091FEF9F761FD6070002010BD10B50446B8
:102F7000F1F708FC03F097F8F9F756FD20700020F0
:102F800010BD0A4600F1100108B5072304F068F8E7
:102F9000002008BD012138B505460846EEF798F82F
:102FA00020B940F2EF713920EDF73EFCA830FFF771
:102FB000A8FA044620B92846F1F7BEF8204638BDE5
:102FC0000C20FCE710B5014604460020F3F738F862
:102FD00008B92060A080002010BD10B50446F2F7AB
:102FE0007DFD28B900202146F3F712F8002010BD1E
:102FF0000020FFF78AFE0028F4D10C20F7E710B577
:1030000004460120FFF781FE28B101202146F2F796
:10301000FFFF002010BD0C20FCE737B500880C46F0
:103020000D4601A924F8020B80B201F069F870B9CD
:10303000019B03F1180283F84B001168216011799C
:10304000217193F84B100029F5D103B030BD002356
:10305000C5F802302371F8E710B50446FFF7CCFD40
:1030600058B92078611CFFF741FDE279F3F798FB2E
:1030700080F001004000C0B210BDF3F72BFA002829
:10308000EFD00C20F8E773B500880D46088001A941
:1030900080B201F035F8044680B9019E86F82241DD
:1030A00096F82001F1F772F8A87096F82101F1F76F
:1030B0006DF8E87096F82231002BEFD1204602B06F
:1030C00070BD1FB5044603A9008801F019F838B98E
:1030D000A388022B14D8E078FFF7E5FD10B9112082
:1030E00004B010BDA078FFF7DEFD0028F7D0012363
:1030F00003A80093A388E278A178F2F7A9FDEFE78F
:103100001220EDE737B58378C17803F00104027926
:1031100003F0020351EA04051DD052EA03051AD058
:10312000002C18BF0021002B037818BF00228DF857
:1031300002108DF80320427843EA0223ADF80030F4
:1031400043798279684643EA0223ADF80430FFF7F9
:10315000B8FF03B030BD1120FBE707B503788DF849
:103160000030437868468DF801300023ADF8023016
:10317000ADF80430F1F7B4FE03B05DF804FB13B50D
:103180000C4601A900F0BCFF28B9019B93F8A820C8
:10319000DB8812B9238002B010BD0133FAE72DE9B4
:1031A000F04186B00446008805A900F0CBFF064632
:1031B00020B9059D95F8A83023B11126304606B0F8
:1031C000BDE8F08106230DF1130105A805F1A8065D
:1031D0008DF81330FFF7A2FBA2889DF8131010465C
:1031E000FFF7A4FCD5F8C83067899842A0890CBFC6
:1031F000B5F8DE300123874201D91226DEE7CDE99A
:103200000131238930460093E3886188F1F792F811
:103210008046002844D095F85A3203F0FF06002B70
:1032200040D1A088FFF782FC074605F1E80001F0D5
:1032300017FC16308742C0D30D21B5F8AA00EDF770
:1032400047FFFFF780FC78BBA3886FF450621344FC
:10325000062B8ABF40F2E2436423B046BB42CCD285
:10326000B8F1000F05D0B5F8201140F202229142CA
:103270001AD1A5F84632C5F84C72E279A37943EA2F
:103280000223A5F85032237A627A43EA0223A5F892
:103290005232002385F85832FF2385F85A328DE7E1
:1032A00030268BE73A2689E70C2687E713B50446D4
:1032B00000F045FE00284DD02046FF24F3F7EAFA3F
:1032C0000023CDE900336846EDF73CFF48B3002406
:1032D0004FF44033CDE90043FF246846EDF732FF59
:1032E00018B300204FF48023FF24CDE90003684683
:1032F000EDF728FFE8B100214FF4C023FF24CDE90A
:1033000000136846EDF71EFFB8B100224FF42023EA
:10331000CDE900236846EDF715FF90B1002002B01B
:1033200010BD009B83F83D42CDE7009B83F88A40A7
:10333000D3E7009B83F83440D9E7009B83F83440FF
:10334000DFE7009B93F83820032AE3D1FF2283F8BC
:103350002220DFE71220E2E707B5008801A900F08C
:10336000F1FE30B9019B93F83F2112B9FF2283F897
:103370003F2103B05DF804FB10B50446F2F71CFCD6
:1033800020600020616010BD10B50446F2F714FC07
:10339000C4F80510C4F80100F2F714FC0368EC222D
:1033A0000021C4F8093004F10D0003F022FFF2F708
:1033B0000DFC2070002010BD73B5054601A90088E2
:1033C00000F0C0FE064620B9019C94F8A8301BB15D
:1033D0000C26304602B070BD94F88A3203F0FF0626
:1033E00033BB94F86230DB0724D5D4F8A430002B2B
:1033F000EED1D5F8023004F51C72C4F88032D5F84D
:103400000630C4F884326B89A4F8883205F10C03C5
:103410001C3553F8041BAB4242F8041BF9D10C21B4
:1034200004F51770EEF7CCF8FF2384F88A32D0E762
:103430003A26CEE71A26CCE730B589B0034600F12C
:1034400018056A461868083353F8041C1446AB4242
:1034500003C42246F6D11868022320606846ADF8FE
:103460001C30FFF7A9FF04461E220021684603F026
:10347000E1FE204609B030BD37B50446F1F782F9C8
:10348000054623781F2B18D8C16C04226846EDF737
:1034900099FF22460021E86C12F8013BFEF79CFAE6
:1034A00068B1EC6C2046FEF73CFB0021024620464A
:1034B000FEF7C2FA002003B030BD1220FBE7072060
:1034C000F9E737B50446F1F75DF9054623781F2B78
:1034D00018D8C16C00226846EDF774FF224601211E
:1034E000E86C12F8013BFEF777FA68B1EC6C204605
:1034F000FEF70CFB012102462046FEF79DFA002054
:1035000003B030BD1220FBE70720F9E773B505468D
:103510000026F1F737F904468DF8046002F0CEFD7D
:103520002B78C0018DF80760012BADF8050005D19F
:1035300001A92046F1F738FA02B070BD2BB9204638
:1035400002B0BDE87040FFF7BBBB1220F4E710B536
:10355000044634F8020B0880022180B2EDF7B8FD72
:1035600020B12146BDE8104002F09EBF022010BDF0
:10357000008808B50880022180B2EDF7A9FD20B1CE
:103580000021BDE8084002F08FBF022008BD37B51A
:10359000044600880D460880092180B2EDF798FDA9
:1035A00010B10C2003B030BD0B212088EDF790FD49
:1035B0000028F6D10C212088EDF78AFD0028F0D1F3
:1035C00001A9208800F09CFD0028EBD1019B9B8F76
:1035D0006B80E7E737B5044600880880092180B290
:1035E000EDF776FD10B10C2003B030BD0B21208823
:1035F000EDF76EFD0028F6D10C212088EDF768FD6F
:103600000028F0D163880BB91220EDE701A92088CA
:1036100000F076FD0028E7D1658842F21072019B28
:10362000A9B2D3F8C8405143B3F8DE206243B3F8DF
:10363000D04004FB02229142E6D3D3F8C820D3F84D
:10364000C8409442F9D100229D875A63621E0A4401
:10365000B2FBF4F29A63C7E713B500880C46088002
:1036600001A980B200F04CFD10B9019BDB7AA37078
:1036700002B010BD10B50C460221EDF729FD90B146
:10368000022C12D804F00102C4F3400480F8EC21AB
:1036900080F8EB4112B190F8EA310BB9002010BD6F
:1036A000F5F710FAFAE70220F9E71220F7E710B56C
:1036B00004460078FF280AD00321EDF709FD58B130
:1036C0006378A27843EA0223C384002010BDB4F8D3
:1036D0000100F5F723FBF8E74220F7E710B50446B1
:1036E0000078003818BF0120F7F7F4FE2078003882
:1036F00018BF0120F5F7D2F9002010BD10B504461F
:10370000F2F71CFA50B1F1F73DF86178C1F34002CD
:1037100001F0010102F01AFD002010BD0321207804
:10372000EDF7D6FC0028F0D14220F6E70620F2F7AC
:103730000BBA0820F2F708BA0B20F2F705BA02F02C
:10374000F8BF02F0E1BE07B503788DF8003043788A
:103750008DF80130837868468DF8023001238DF8AA
:1037600003300023ADF804308DF80630FAF7E8FF97
:1037700003B05DF804FB07B503788DF8003043789B
:103780008DF8013083788DF80230C37868468DF863
:1037900003300023ADF804308DF80630FAF7D0FF7F
:1037A00003B05DF804FB07B503790BB14279CAB9E0
:1037B0000278DB008DF8002042788DF805308DF816
:1037C000012082788DF80220C27868468DF80320A7
:1037D00000228DF804208DF80620FAF7B1FF03B01F
:1037E0005DF804FB1120FAE737B5037904460BB105
:1037F0004379F3B9A579E5B994F90700FFF74DFAD4
:1038000023788DF8040068468DF8003063788DF8D1
:1038100006508DF80130A3788DF80230E3788DF8EA
:1038200003302379DB008DF80530FAF789FF03B008
:1038300030BD1120FBE713B5044690F90100FFF7F6
:103840002CFA0023CDF801308DF8053023788DF85F
:10385000040068468DF8003001238DF80630FAF731
:103860006FFF02B010BD07B5037801A88DF80430D2
:1038700001238DF8053000238DF80630FAF7C8FFD4
:1038800003B05DF804FB07B503788DF80430437886
:103890008DF80530837801A88DF80630FAF7B8FF67
:1038A00003B05DF804FBFBF707B810B5044604B994
:1038B00010BD236898476468F9E703680BB9016095
:1038C00070471A465B6813B18A42FAD170478A4240
:1038D00018BF5160704708B502F027FEF1F742F9B2
:1038E000FEF771FABDE80840F4F702BA08B5F4F73C
:1038F000F9F9F7F7E7FDF1F735F9BDE80840EFF71B
:10390000D7BCFAF705BFFAF7EFBE08B5F5F788F8A8
:10391000F5F79EFF20B140F263119320ECF784FF8E
:103920000320BDE80840FDF7E3BF08B50220FDF71E
:10393000DFFF0020FDF7DCFFEDF7B6FCF2F71CFB24
:10394000EEF7C8FB20B140F243119320ECF76CFF77
:1039500008BDFFF7EABF08B5FFF7D7FFF6F774FD1C
:1039600020B14FF4BC719320ECF75EFF08BD08B5A1
:10397000FFF7B1FF02F0D9FE20B14FF4E8719320B8
:10398000ECF752FF08BDFFF7D0BF08B5F5F788FF89
:10399000F5F778F8BDE80840F5F76ABF08B500F01C
:1039A0007DFAEEF7A7FB0220FDF7A2FF0020BDE89D
:1039B0000840FDF79DBF08B5EFF7B0FCFFF796FF95
:1039C000FFF7ECFF02F0B3FEBDE80840F3F75AB88A
:1039D0000123038040F2011343807047FBF776BE5A
:1039E0000B46892203F8032BD0F80920C1F80320E5
:1039F000427B1A717047012804D1012914BF0020AD
:103A000001207047022801D10229F7E7042908BFE5
:103A100004280CBF01200020704738B50D4604462D
:103A2000F2F7E8F82B78002B08BF034684F87430CF
:103A30006B78002B08BF034684F875306B88A4F8B8
:103A4000763038BD37B58B780546046803F0070338
:103A500084F819314B7803F0070384F818312623D2
:103A6000E37394F8393113BB94F83831012B1ED02D
:103A700094F8213194F81821D91E012998BF042304
:103A80009A42B4F81E3118D194F8202194F8190103
:103A9000D11E0129B4F81C1198BF042290420CD108
:103AA0000222A4F83A11A4F83C3184F838212846BF
:103AB00003B0BDE8304001F0A4B9022094F81D2104
:103AC00094F81C1100902846F2F7C2F80028EED0B6
:103AD0004FF46671AE20ECF7A7FE38B503680446D4
:103AE0000D4693F83831012B02D11E21F2F72AF945
:103AF0002368002083F8380165B1182283F89920E3
:103B000009229A7393F84A3093B940F25B41AE2090
:103B1000ECF78AFEDA7B243A072A03D82046DD73C5
:103B200001F081F920461821BDE8384001F0ABB919
:103B300038BD08B503689A7B22B14FF4E671AE2018
:103B4000ECF772FE24229A7308BD034610F00100C0
:103B500007D19A0704D413F0040018BF032070475C
:103B6000022070472DE9F34B1646054610461F46C6
:103B700046EA0104FFF7E9FF83460846FFF7E5FF41
:103B800089464BEA0404DDF8288001900443E4B23E
:103B9000003C18BF0124F2F72DF8064018BF5E461E
:103BA000F2F728F895F8202110EA0901019B18BFC7
:103BB0001946B24214BF3346002388F8003095F806
:103BC00021218A4208BF00210B4388F801100AD145
:103BD000EB88013FFF1A47F6FD73BFB29F428CBFCF
:103BE000002404F00104C6B995F82001F0F7DEFACC
:103BF00003280ED195F83831012B0AD1B5F83C21B4
:103C000095F82031012A0AD1042B0AD0042388F820
:103C10000030204602B0BDE8F08B032EE9E7032B0D
:103C2000F7D00323F3E7032906D101280AD10421A1
:103C30000120518013807047042903D1012801D04D
:103C40000321F5E700207047012807D0022805D09E
:103C5000033801288CBF00200120800070477FB509
:103C60000B460468CDE9002118461146F2F788F8A2
:103C700094F8206194F82151C3B2C0F30720B342F5
:103C800008BF0023854208BF002084F8423284F830
:103C9000430204B070BD2DE9F0410C6805460F46A3
:103CA00094F84222D31E012B2DD894F82031D91E2E
:103CB000012928D8D31A18BF012394F84302FFF72B
:103CC000C3FF06460BBB1046FFF7BEFF804694F8C5
:103CD0009F306BB948EA060313F0FF0306D0204675
:103CE00001F0F1F83B68DB8803449BB2A4F8403252
:103CF000B4F840320520AE70EB701B0A85F80180E5
:103D00002B71BDE8F0810023D7E74FF00008DEE714
:103D1000F7B504680E4605461746E17B71BBA37BE9
:103D2000283B022B2CD901A8F2F74CF9014628B107
:103D3000019B0DF10301DB788DF80330A07B162287
:103D4000F3F732F8044630B102461621284601F056
:103D50007EF8044609E073785A0709D0B3785B0708
:103D600006D031462846FFF76DFE204603B0F0BD71
:103D70003A463146284601F097F8EAE70124F4E78D
:103D80002024F2E770B5056802460B46EC7BA4F1EF
:103D90002406072E15D994B9AD7B292D11D04D7865
:103DA0006E0706D08D786D0703D0FFF74BFE2046D7
:103DB00070BD19781046BDE8704001F064B8012468
:103DC000F5E72024F3E737B50468A37B242B21D142
:103DD0004B7813F0070519D08B7813F0070215D034
:103DE00000238DF804508DF80520ADF80630019AB7
:103DF000D4F83A11FFF733FF0123002084F84A304A
:103E00002823A4F84600A37303B030BD0023A4F810
:103E10004232F1E70120F7E738B503680546DA7B5F
:103E2000B3F84242262A14D184B9DC7393F83831AE
:103E3000012B02D12146F1F785FF2B68002283F880
:103E400038212846BDE8384000F0EDBF2922DA735A
:103E5000F7E79A7B282A0ED154B99C732146F1F7D3
:103E600071FF2B6883F83841002283F84A2038BD5F
:103E700029229A73F8E740F2CC51AE20ECF7D4FC3B
:103E800008B50368DA7B262A05D022B140F2D35167
:103E9000AE20ECF7C9FC2722DA7308BDF2F76CB844
:103EA000704730B542401C7808785D7860404C78A7
:103EB0006C409D7820448C786C40DD782044CC7830
:103EC0006C401D795B7920440C7949796C404B40FA
:103ED000204418441044B0FA80F0400930BD024636
:103EE00000200139C9B2FF2900D17047535C83F02B
:103EF00001030344D8B2F4E708B5F2F7C7F808287D
:103F000007D0F2F7E5F8082803D0F2F7F5F801201A
:103F100008BD0020FCE708B5F2F7B8F8082803D080
:103F2000BDE80840F2F7D4B808BD08B502F046FD78
:103F300018B1BDE80840F8F777BF082008BD70B594
:103F400003791F2B0FD8461E051D002416F8010FFC
:103F500000F0E3FE0444AE42E4B2F7D1012C94BF7A
:103F60000020012070BD0020FCE7014400238842AE
:103F700003D1B3FA83F04009704710F8012B1343C3
:103F8000F5E7F8B505460C46D0E9047602F09BFF4C
:103F900018B952212920ECF747FCE4B1D5E90423F4
:103FA000D21B63EB0603012A73F100014FF00001FD
:103FB00013DB6FF001009042994101DA5C21E9E7DF
:103FC000631E1344B3FBF4F35C43E41946F10006AB
:103FD000C5E904461C462046F8BD0C46FBE7F8B58B
:103FE0000C460546D0E9007602F0F9FEF4B1D5E9B9
:103FF0000023D21B63EB0603012A73F100014FF08B
:10400000000115DB6FF001009042994103DA76213F
:104010002920ECF709FC631E1344B3FBF4F35C4363
:10402000E41946F10006C5E900461C462046F8BDE5
:104030000C46FBE7022905D13C281AD980100F381D
:1040400080B27047CB1E012B0ED804290BBF9623DC
:104050004FF416731022402203F5BC73984208D91E
:10406000C01A90FBF2F0EBE7702802D9C0100E38AE
:10407000E6E700207047022908B5034614D005D8AA
:10408000012909D0E7212920ECF7CEFB03390129CA
:10409000F8D840F6A66008BD40F6C41040F2E242EF
:1040A000002B08BF1046F6E740F6C410F3E7801A6D
:1040B000723810B58842029C94BF091A491A2268C6
:1040C000012902EB510294BF0020012022601A68EE
:1040D000A2EB51021A6010BD69B1A0F57A7241F2EB
:1040E00070739A4207D84FF47A73B0FBF3F000F57F
:1040F000506080B2704740F2E243B0FBF3F0F8E763
:1041000038B50C4600210546ECF7E2FF206048B9BF
:1041100002212846ECF7DCFF2060B0FA80F040096D
:10412000400038BD0020FCE70368587BC0B293F81C
:1041300030302BB900F0FB00003818BF0120704769
:104140000020704710B50C46FFF7DAFF38B920465B
:10415000FFF7EAFF80F001004000C0B210BD02206E
:10416000FCE738B54FF426720D460021044603F0F3
:1041700040F86FF036020123A4F8AA5084F86320B7
:104180000422E37584F864206FF03B0284F86A30FF
:1041900084F865206F2284F86620032284F8672063
:1041A000002284F868206FF07F0284F869202B22B7
:1041B00084F86220FE2284F89E207F22E27238BDBD
:1041C00040F6B83307B5B0F8D220D0F8C810019047
:1041D000838701A8F2F722FB03B05DF804FB38B532
:1041E0004FF444720D460021044603F002F86FF0CC
:1041F00036020123A4F8AA5084F863200422E37550
:1042000084F864206FF03B0284F86A3084F86520FB
:104210006F2284F8A83084F86620032284F867208F
:10422000002284F868206FF07F0284F869202B2236
:1042300084F86220FE2284F89E207F22E27238BD3C
:1042400040F6B83307B5B0F8D220D0F8C8100190C6
:10425000838701A8F2F7E2FA03B05DF804FBC2B26B
:1042600092FAA2F2030A93FAA3F31B0E100E40EA8D
:1042700003207047013105300022C9B270B510F833
:10428000013F8B4216D310F8054C0023012505FA97
:1042900003F626421CBF01F1FF31C9B269B10133F7
:1042A000082BF4D10132D2B2052AE8D19B21462055
:1042B000ECF7BAFAC91AC9B2F4E703EBC200C0B20C
:1042C00070BD0B6870B5C0F8013004460B79054627
:1042D000461D03F01F0343710023C37215F8010F3D
:1042E00000F01BFD6871B542E37A1844E072F5D125
:1042F00070BD81EA114170B58CB20546C17A0326C2
:1043000082EA0400FFF7ABFF013E00EB001016F05D
:10431000FF0604EB000290B2F4D144402522B4FB26
:10432000F2F302FB1343C3F3C402D8B203F0070352
:104330002A445678012202FA03F31E4207D1614350
:104340002846C1F30741BDE87040FFF793BF70BD39
:10435000F8B590F8225004466B1E242B03D9E121B6
:104360004620ECF761FADAB1C07D002843D194F819
:10437000243094F8231002FB01322523B2FBF3F121
:1043800003FB1123DBB204EBD30203F0070684F82E
:104390002430117E0122B240114202D084F825302F
:1043A000F8BDB3FBF5F205FB123304F11C01013338
:1043B00003F0FF0311F8012F9A4219D311F8055C9D
:1043C0000022012606FA02F72F4208D0013B13F023
:1043D000FF0304D102EBC00284F82520E0E701329C
:1043E000082AEFD10130C0B20528E3D1D721B7E7C1
:1043F0009B1ADBB2F6E7E28804F11700496AFFF77F
:1044000078FF84F82500CBE7D0F803300B60B0F8D4
:1044100007308B8070470378890123F0400301F057
:1044200040010B4303707047037803F07F0343EAB6
:10443000C113037070470078C00970471F2A38B550
:104440000546144603D9A8212A20ECF7EDF90634D5
:104450000930FCF76BFD6C7038BD1F2A38B5054676
:10446000144603D9CA212A20ECF7DEF906340930B4
:10447000FCF75CFD6C7038BD0378024603F00F0357
:10448000032B3ED0052B42D1C37F90F8200003437D
:1044900092F82100034392F82200034392F823008C
:1044A00000F01F00184333D05378222B2FD1B2F8DD
:1044B0001930B1B1B3F5506F13D940F607518B42A3
:1044C00025D8B2F81B30B3F5FA7F20D2B2F81D0020
:1044D00040F676430A3880B298428CBF0020012013
:1044E0007047991F40F67A4089B281420FD8917D7A
:1044F000481E07280BD8994209D2B2F817109942E2
:10450000DEE74078A0F10C03584258417047002084
:104510007047C37813F03F035DD007295BD8DFE80D
:1045200001F0040B1E29343F4A55037913F0010FA3
:104530000CBF002005207047027912F002004BD01A
:10454000052002F00102072902EB420200EB4200C3
:10455000C0B241D1021F9A42C8BF00207047027901
:1045600012F0040038D0052012F0020F1CBF0630F4
:10457000C0B2E6E7027912F008002DD0052012F053
:10458000040F1CBF0130C0B2EEE7027912F0100038
:1045900022D0052012F0080F1CBF0230C0B2EEE797
:1045A000027912F0200017D0084612F0100F1CBF3D
:1045B0000330C0B2EEE7027912F040000CD00520C3
:1045C00012F0200F1CBF1230C0B2EEE70279500685
:1045D000F5D50620F4E70020704770B50C46064676
:1045E00011461D4624B94FF41F712A20ECF71CF91F
:1045F000FFF78FFF10B940F27D21F6E7031F2B4430
:104600003F2B02DD40F27E21EFE72A46214630446F
:10461000BDE87040FCF78ABC10B50446FFF779FF8F
:1046200000B1204410BD30B5C1F38003C1F3801444
:10463000C1F340052344C1F3001404EB44042344B4
:10464000C1F3401404EBC40403EB4403C1F30004BE
:104650002C44C1F3C005134404EB44042C4403EB85
:10466000440313F0FF031CBF01330171C17818BF6D
:10467000DBB221F03F0103F03F042143C170591C1C
:1046800041701AB104339B1A013AC25430BD4378C9
:10469000C278013B02F03F02981AC0B27047F8B5E9
:1046A0000D46194617460646FFF7F1FF441AE4B2D5
:1046B000BC4228BF3C464DB1F278284602F03F028A
:1046C0000432114422463144FCF730FC2046F8BD48
:1046D000C378024613F03F0022D0137913F0200F65
:1046E000C3F3C001C3F3400014BF0922002213F03A
:1046F000100F114403F001020244C3F3800002EBE7
:1047000042020A44C3F3801114BF03230023084468
:10471000184400EB420010F0FF001CBF0130C0B293
:10472000704738B5C5780446AB09032B1ED005F099
:104730003F054378AB4219D9FFF7CAFFA84215D805
:1047400095B12379DB060FD504212046FFF764FFDE
:1047500048B1037803F03F03242B07D880785F2803
:104760008CBF0020012038BD0120FCE70020FAE7C3
:104770000278437802F00F02072A12D8DFE802F02D
:10478000080408111111080E0C3B5842584170479B
:10479000063B1F2B8CBF0020012070470BB1FFF799
:1047A000C0BF00207047027802F00F02072A0AD02B
:1047B000082A0AD0042A0ED1407806381F288CBF58
:1047C000002001207047FFF7ACBF4078A0F10E0336
:1047D000584258417047002070471B2A08B504D939
:1047E00040F299312A20ECF71FF8BDE80840FCF7A9
:1047F0009DBB8388A1B1B3F5506F11D940F6075224
:1048000093421BD8C388B3F5FA7F17D2008940F6CC
:1048100076430A3880B298428CBF0020012070474E
:104820009A420BD8B3F5486F08D84278511E072931
:1048300004D89A4202D242889A42E2E700207047A6
:10484000013001F1200351F8042B994240F8042B68
:10485000F9D10B880380704738B515460446FFF739
:10486000EFFF2B68C4F823306B68C4F8273038BDDD
:104870002DE9F04F85B08846154603A99DF83840CC
:104880000193FFF73DFC814618B9039E2DB9012322
:104890007375012005B0BDE8F08FD6F8C0A0294699
:1048A0005046FCF768FE074608B90020F2E7EFF72C
:1048B00083FF8542F9D839465046FCF798FF727D50
:1048C0008346A0F80190002A18BF4FF0020880F834
:1048D00000803846FCF793FF0746DCB1B6F8E640A7
:1048E000C4B102F0C3F940F271225443241841F1DB
:1048F000000179602A4601990BF103003C60FCF746
:1049000015FB29465046FCF771FE28B983212B2060
:10491000EBF78AFF2146ECE7039B93F8A83033B10D
:1049200003A8FEF724FA039B0022A3F8E221002348
:10493000AEE7437837B5C3F301120446032A03D820
:10494000DFE802F0050E1D05002003B030BD05783C
:1049500003F00F00002300930221231D628807E06B
:10496000057803F00F00002301210093231D6288C6
:1049700045EA0020FFF77CFF60B10120E5E7F1F791
:1049800021F903685B05DFD560780123257800F005
:104990000F00E0E7F2F76EF9EFE71A230B7001233F
:1049A0004B708B707047F2F71DB810B521B940F20B
:1049B000A9211020EBF738FF4A600B72EFF3108447
:1049C00072B6031D0B6042681AB1127A012A08BF41
:1049D000036003681960016004B962B6BDE8104065
:1049E000F2F74AB80222F2F733B90322F2F730B9EC
:1049F0000422F2F72DB90222F2F76EB90322F2F780
:104A00006BB98D230B7030F8B53CA1F8033030F84A
:104A10006B3CA1F8053030F8673CA1F8073030F85E
:104A2000693CA1F8093030F8653CA1F80B307047BB
:104A300008B5CB1E012B04D8800100F5747080B23C
:104A400008BD012902D10E30C000F8E7022902D1C9
:104A50000F308000F3E74FF40C710620EBF7E4FE13
:104A600040687047033901298CBFC08A4FF4296020
:104A7000704770B590F878608D88033E0C89012EE0
:104A800004D943B11678033E012E04D8B5F5296F39
:104A900038BF4FF4296590F87960033E012E04D9A0
:104AA00043B15378033B012B04D8B4F5296F38BFC9
:104AB0004FF42964CB884A88A0F86430A0F86020BD
:104AC000A0F86250A0F8664070BD1B2200294FF08C
:104AD0001B110CBF4FF4A4734FF42963828402842A
:104AE000028502F1A472C160C3844384C3838383BB
:104AF00043820382C0E9052170470346B3F858108A
:104B0000B3F86420F0B5914293F87940B3F85C5063
:104B100028BF1146033CB3F86620E4B2B0F84E70EB
:104B2000AA42B0F85200A3F84E1028BF2A46012C22
:104B3000B3F8544087BFB3F8566015464FF4296662
:104B40004FF429658C42A3F8525038BF0C46B2424C
:104B500038BF32468F42A3F85440A3F8562026D1DE
:104B6000401B18BF0120B3F86020B3F85A10B3F807
:104B70004C509142B3F8504028BF114693F878202A
:104B8000033A012A15D9B3F85E20B3F86260B24245
:104B900028BF32468D42A3F84C10A3F850200BD109
:104BA000944218BF40F0010000F00100F0BD012068
:104BB000D9E74FF42962EDE70120F5E738B5CB1EC0
:104BC0000446012B10D9C58B438C9D4228BF1D463E
:104BD000207AFFF72DFF6389AB4228BF2B4698420E
:104BE00038BF184680B238BD4FF42965F0E72DE98B
:104BF000F843994607460D46808919461446FFF743
:104C000017FF06469DF8208049463846FFF7D6FF35
:104C100086424146A8F1030828BF0646B88AFFF736
:104C200007FFB8F1010F0346B6B28CBFFA8A4FF402
:104C30002962904204F1060028BF134628449BB223
:104C400033441844BDE8F8830346828F13B54030DF
:104C500049B9598F93F87940009493F87830FFF769
:104C6000C6FF02B010BD198FF4E770B50C461546AB
:104C700019464BB9068FFFF7E7FF28443044A0429E
:104C800094BF201A002070BD468FF4E738B50D465A
:104C900011460446FFF7D8FF2844606438BD01F18F
:104CA0009C0383423DBF9C38401A40080020704757
:104CB00000F05533400800F05530034403F0333220
:104CC0009B0803F033331A4402F00F33120902F049
:104CD0000F32134403F0FF101B0A03F0FF131844B4
:104CE00000EB1040C0B2704745F2555200EA020393
:104CF00002EA5002981843F2333300EA030203EA4F
:104D000090031A4440F60F7302EA030003EA1213F9
:104D1000184400EB1020C0B2704700F05503400863
:104D200000F05500034403F033009B0803F0330305
:104D3000034403F00F0000EB1310704780EA60009B
:104D4000FFF7B6BF40F34E039BB25840FFF7CCBF0E
:104D500032280CD006D8162818BF012894BF01208D
:104D600000207047A0F13E0358425841704701208F
:104D7000704708B50246FFF7EBFF40B10846FFF762
:104D8000E7FF20B18A420CBF23202A2008BD8A42B7
:104D90000AD1A2F13003DBB20B2B0FD840F6210071
:104DA00020FA03F3DB071ED4322901D1262A03D0CF
:104DB000322A03D1262918D12A20E7E73E2907D134
:104DC000262AF9D03E2A12D03B2A10D11F2902E010
:104DD0003E2A04D126290CBF2A200020D6E73B29F1
:104DE000F2D11F2AF7E72320D0E73E29F7D1002090
:104DF000CCE7036800229A7383F84A20A3F8462080
:104E00007047026892F8A8302BB9A2F84E300123FF
:104E100082F8503070470023A2F84E3092F850309C
:104E200001335BB2F4E7026808B592F8A83013B911
:104E300082F8503008BD92F85030013B5BB2002B35
:104E400082F85030F6DA52214A20EBF7EDFC08B533
:104E5000036883F89B1083F89A203522DA73FFF7F2
:104E6000D0FF002008BDA0F10A03042B09D9A0F14E
:104E70004703012B05D9243807288CBF00200120C7
:104E80007047012070470268136810B513F00804DA
:104E900008D143F0080382F898101360FFF7B1FFC0
:104EA000204610BD0120FCE7036810B5DC7B44B947
:104EB0000A7883F898200322DA73FFF7A2FF2046CE
:104EC00010BD0124FBE7D0F8C82041F64B539A42AD
:104ED00096BF4AF6C8730623B3FBF2F3B0F8D020AE
:104EE000B0F8DE001344584380B2704703680020D6
:104EF0001A7C073A012A81BF4A785A7407221A7429
:104F000070470268137C073B012B84BF082313748E
:104F10007047026870B5D57BE5B9CB88D688A2F812
:104F2000D832013B9B1B47F6FD769BB2B34206D9B4
:104F3000282382F83130F2F7C5FA284670BDD1F83F
:104F40000130C2F8DA324B7982F8DE320A22036885
:104F5000DA73F2E70125F0E708B503689A7B1AB126
:104F60003B215520EBF760FC0B229A7308BD2DE91D
:104F7000F74F0646894690460193FFF7A4FFD6F8FF
:104F8000FC71044657B90023C8F80030F388234465
:104F90009CB2019B1C8003B0BDE8F08FF2F7B4FE19
:104FA0000028F0D1D6F8C8C0D6E978320CFB04FE50
:104FB0001EEB030ED7E9021342F100020B44D7E9BE
:104FC00000155B1845F10005734575EB020114D21D
:104FD000BEEB03016FF0010B62EB050A8B4570EB32
:104FE0000A0A03D23D215620EBF71EFC3869471E02
:104FF0003944B1FBF0F1E0FB0135B3EB0E0365EB97
:1050000002056FF001029A424FF00002AA4101D25C
:105010004821E8E7B3FBF9F209FB1233B3FBFCF2DA
:1050200091B20CFB1133C8F80030F3881C441444CF
:10503000A4B2AEE70B46822203F8032BD0F8092076
:10504000C1F80320D0F80D205A60427C1A72002368
:10505000CB7070470368F7B5DD7B06460C46002D24
:1050600063D193F8297106230DF107018DF80730FC
:10507000FDF754FC9DF8072039462046FFF7B9FBA1
:1050800038B921783046FFF7FEFE0546284603B0C2
:10509000F0BD32686389D188A2F8D832013B5B1A2F
:1050A00047F6FD719BB28B4206D92823304682F821
:1050B0003130F2F707FAE9E7A3886FF45061591825
:1050C000062995BFA3F5506340F2E2414FF47A718F
:1050D00028468CBF4B434B43C2F8E0326378C0B1E3
:1050E00003EB830303EB83039B00A2F8DA326388AC
:1050F000C0B164214B43C2F8DC32E388A2F8E43249
:105100002389A2F8E632002382F8EC320D23D37310
:10511000BCE7C3EB431103EB810303EB83035B00A9
:105120009BB2E2E740F2E241E4E70125AEE708B5D1
:1051300003689A7B1AB1A2215620EBF775FB0D226A
:105140009A7308BDF8B50D6804460F46D5F84C02B1
:1051500095F82911FEF7C0FF6FF45062B5F846329A
:1051600082182071000A92B26071062A8BBF40F249
:10517000E2426422002601268CBFB3FBF2F3B3FBAC
:10518000F2F36370B5F85032A3711B0AE371B5F8FE
:10519000523223721B0A6372386890F89F303BB911
:1051A00005F5117305F51272D5F84C12FFF7DFFE05
:1051B000B5F84432A3721B0AE372D5F8483246B1FF
:1051C00064220C20B3FBF2F3A370C3F30723E37054
:1051D000F8BD40F2E242F4E70B46842203F8022BCA
:1051E000D0F80920C1F80220D0F80D205A6070478D
:1051F0000B46852203F8022BD0F80920C1F80220C3
:10520000B0F80D209A80704710B504460068837B83
:105210001A2B12D100F1800200F51871052300F558
:105220001C7001F01DFF2368012200200021DA74A8
:105230001D22C3E91C019A7310BD0220FCE703681C
:105240009A7B142A10D1D1F80120C3F86822D1F832
:105250000520C3F86C2203680020D1F80920C3F8A8
:1052600094201A229A7370470220704703689A7B31
:10527000102A05BF002013220220D87408BF9A7399
:10528000704708B503689A7B132A04D040F277115F
:105290001F20EBF7C9FA012283F8522012229A73D9
:1052A00008BD38B503680546DC7B34B1113C0F2CD2
:1052B0008CBF01240824204638BD1A7D002AFAD06C
:1052C000D3F8A4302BB9FFF79CFD2B681122DA73B9
:1052D000F1E70C220A21BDE83840FFF7B8BD08B558
:1052E0000368DA7B162A04D040F253211F20EBF723
:1052F0009BFA012283F851201822DA7308BD036853
:10530000DA7B122A05BF132200200220DA737047CD
:10531000036810B5DB7B04461C2B06D1FFF783FD29
:10532000236820220020DA7310BD0220FCE708B5B4
:105330000368DA7B112A04D040F27E211F20EBF7AC
:1053400073FA012283F851201222DA7308BD08B5DE
:105350000368DA7B182A04D040F28A211F20EBF779
:1053600063FA1C22DA7308BD08B503689A7B1D2A0C
:1053700004D040F2FE211F20EBF756FA1F229A7349
:1053800008BD08B503689A7B22B14FF441711F2014
:10539000EBF74AFA012283F8512010229A7308BDD4
:1053A00010B50468A37B3BB194F8523023B940F2A6
:1053B0000B311F20EBF738FA012384F85130142306
:1053C000A373002384F8BE31FDF79FFA84F86A00C6
:1053D00010BD3E230B700C234B7004238B70D0F850
:1053E0000930C1F80330D0F80D30C1F80730B0F8FB
:1053F0001130A1F80B30C37C4B73704708B50368BC
:105400009A7B1AB1CF211C20EBF70EFA04229A7373
:1054100008BD08B5036893F8A82032B9DA73A3F879
:105420004E20BDE80840FFF7FEBC1A68D10703D440
:10543000DD211C20EBF7F8F922F001021A60F0E7F9
:1054400087230B7030F8AC3C4B807047036893F8AF
:10545000A8109A7B59B9052A08BF00224FF0000016
:1054600002BF83F83E2083F84A209A7370470F2AC0
:10547000F2E738B5046894F8A85045B9E37B4BB916
:10548000FFF7BFFC45B90223E373002038BD236852
:105490005B07F5D50120F9E7236843F00403236097
:1054A000F3E7036893F8A8201AB11A6822F00402FF
:1054B0001A60FFF7B8BC08B503689A7B1AB172216D
:1054C0004B20EBF7B1F993F8A820002A14BF0F2264
:1054D00005229A7308BD10B5D0E90D42A24206D349
:1054E0000B8D121BC98E05334B43934202D301230C
:1054F00080F83E3010BD0C230B7008234B70002346
:105500008B70B0F85630A1F80330437A4B71438961
:10551000CB8083890B81704710B5046894F85330B1
:105520009A070CD4A37B1BB177214020EBF77CF9C1
:105530000122A4F84630A27384F84A2010BD94F8E2
:10554000A8303BB9E37B0BB9FFF76DFC002384F86F
:105550003E31F3E723689B07F8D5FFF764FC236827
:1055600023F002032360F1E710B50B7901284C7991
:105570000A6843EA0421104608BF41F4803110BD97
:1055800007B5FFF7F1FF0DF10702F2F741FA03B09B
:105590005DF804FB08B5036B00681B68984700F5CD
:1055A000AF7008BD036B70B59B69044600680E467A
:1055B0009847054658B97368314604F108002364DA
:1055C000FAF7E0FF70B9AB210B20EBF72DF994F857
:1055D0003830022B0AD104F14800F2F7BBFB01235B
:1055E00084F8383085F00100C0B270BD94F83830CE
:1055F000032BF4D1EFE738B504460D46FFF7D2FF91
:1056000018B1D5E90423C4E9122338BD10B586B01A
:105610000446FFF7BFFF002301908DF80030236B95
:1056200020685B6898470423A16D8DF809308DF8D8
:1056300008006846D4E91223CDE90423FEF7A1FC53
:10564000638F6946184460872046FFF7D4FF06B091
:1056500010BD70B5044686B0FFF79CFFA36D0190A6
:105660002068D4E912125D184FF000038DF8003065
:1056700042F10006236B5B68984704238DF808000D
:10568000694620468DF80930CDE90456FFF7B3FF8F
:1056900006B070BD90F838300BB90020704790F814
:1056A0003830012BF9D090F83800073818BF0120A6
:1056B00070470229024608B507D1FFF7EBFF40B15A
:1056C0001046BDE80840FFF7A1BFBDE80840F2F76B
:1056D000D9BA08BD90F83830012BDAB201D0FFF703
:1056E000D9BF1046704790F83830032B05D090F89A
:1056F0003800831F58425841704701207047006CA2
:10570000E63801F0B5BA08B50246FFF7C3FF30B17D
:105710001046FFF7E8FF10B91046FFF79AFFBDE803
:105720000840F2F721BAF8B505460F46FFF7B2FF79
:1057300010B900263046F8BD2846FFF7D4FF0028F0
:10574000F7D12B6B28685B689847064601F0E0FAB2
:1057500018280446EDD9B842314628BF3C46192CDA
:1057600038BF1924204601F0FDFA06460028E0D093
:105770002B6C1B19DDD201F07DFA2B6C28462344DB
:105780002B64FFF7BCFFD5E770B50446FFF7A2FF17
:1057900008B394F83830022B1BD094F83850EB1E25
:1057A0005D425D4101290AD1072384F8383004F1B4
:1057B0000806304601F07DFA304601F086FA0123F2
:1057C00084F838303DB104F14800BDE87040F2F78C
:1057D000C1BA0125E6E770BD10B50446FFF77AFFB0
:1057E00030B101212046FFF7CFFF002384F8383085
:1057F000002010BD08B590F83830022B04D10323E7
:1058000080F83830816208BD90F83830052B01D11E
:105810000623F5E790F83830032BF3D090F83830B2
:10582000062BEFD090F83830072BEBD04FF44971AE
:105830000B20EAF7F9FF30B585B01546089BC01A72
:10584000099B61EB0304002C214602DA404264EB21
:10585000440103AB2A46009302AB01F04EFC002C3E
:10586000039801DA00B1281A05B030BD002307B54E
:1058700001A80193F9F734FA019810F0030018BF5A
:10588000012003B05DF804FB10B5FFF7EFFF00281F
:1058900014BF14240024FBF7E7FB404200F014007F
:1058A000204410BD38B50546F8F7E6FA00F5444344
:1058B0004FF47A72033D4933B3FBF2F4FFF7E4FF90
:1058C000012D00F1A4038CBF00202820234418449C
:1058D00038BD10B5044690F87900FFF7E3FF0122C8
:1058E00001462046BDE81040FFF7D0B9002313B5AC
:1058F0001A464373A0F89032194600930446F2F713
:1059000085FB20B140F2E7113020EAF78DFF01233B
:10591000C4F81802C4F810026373A4F82E02A4F8A5
:105920002C0284F83102E388A4F89202013BE38060
:1059300002B010BDF8B50D460023D0F81011044692
:1059400080F81431D0E9506781F8ED2180F85031AA
:10595000D0F81001FEF774FCD4F81001C0E99E677E
:10596000C0F89452C0E9A267FFF7C0FFF8F73CF80F
:10597000BDE8F840FAF7F2BDD0F81001704738B52D
:10598000044690F850319BB1FF2380F85831012133
:1059900000F0D9FB94F8503153B104F1E8052846E2
:1059A00001F087F9284601F090F9002384F850317E
:1059B000002038BD08B590F8582142B990F814215C
:1059C00042B1D0E94631994202D9F4F743F90022B5
:1059D000104608BD0122FBE710B50446FFF754FF4F
:1059E00000F25911226A236C9A4228BF1A461046C7
:1059F000FFF755F9B0F5296F28BF4FF4296080B241
:105A000010BD012A70B506460D4614460BD0022A79
:105A10000ED08AB9F7F7C2FD224601462846BDE8F6
:105A20007040FFF787BFF7F7B9FDC6F8940270BD65
:105A30000122D0F89412F1E740F2C3713020EAF766
:105A4000F3FE70B5044621B1012978D040F2D3713C
:105A500072E000F021FA94F8513105460E46DBB1B0
:105A600050EA010318D0D4E94832D4E95001C01AF1
:105A7000334661EB02012A4601F04BFB05FB01F3C3
:105A800000FB0633A5FB00021344D4E94821121899
:105A900043EB0103C4E94823E08C30B1F1F73AF954
:105AA000E38CB0FBF3F202FB1300D4E94832ED18AB
:105AB0004FF0000346EB02062D1840F2024284F834
:105AC000303146F1000684F85131A4F83821C4E998
:105AD0004856C4E9505694F8583103F0FF01DBB939
:105AE0006FF00043D4E952029A4208BFB0F1FF3F81
:105AF00018D02046D4E9505600F0A8F9AE30D4E9C9
:105B000052325B1B62EB06021B1A62F10002002A92
:105B100008DA2046F4F79EF8F7F766FFBDE8704014
:105B2000FAF71CBD04F5987104F1E800FAF72AFDB4
:105B30000028F1D14FF4E0613020EAF775FE002330
:105B400080F81431E8E790F85001003818BF0120C0
:105B500070470B46812203F8032BB0F80920A1F807
:105B60000320C27A9A7070470B468C2203F8032BED
:105B7000D0F80920C1F80320D0F80D205A607047F2
:105B80008B88F7B513F0180506460C461FD1086838
:105B900020B940F2EA312D20EAF746FE00F05FFB23
:105BA000217CF3F7CDF8677CA38801463A4630465E
:105BB00000932B46F3F7E2F8A430D4E902238242A3
:105BC00073F100032CBF0120002003B0F0BD0120C1
:105BD000FBE738B588220B460C4603F8032B00F18F
:105BE0000902293052F8041B824243F8041BF9D100
:105BF000127802211A700123A588A3712846EBF7B9
:105C000067FAA0B1E3784BB102212846EBF776FAA8
:105C100068B140F233212D20EAF706FEEFF7CCFF02
:105C20004B0404D52846BDE83840FCF751BE38BDCA
:105C300070B504460D46173019461646FEF741FB6F
:105C400084F8205184F82151FF2384F82231E91E81
:105C500004F1E80001298CBF00210121FEF735FF86
:105C6000314604F1A800F0F7C1FD94F82A31002B69
:105C700014BF4D239623A4F8E230A4F8E0300023AB
:105C8000A4F8E43070BD70B50D46044691F82911B2
:105C90001646D5F8C800FEF71FFAB5F8D030A4F8BC
:105CA000AC0004F1A002A4F8AE30B5F8D230A4F8EC
:105CB000B03095F82B3184F8B230237F73B394F869
:105CC0006830012B2AD194F86E3003F0C003402BCA
:105CD00024D1D4F86930C4F8A030B4F86D30938082
:105CE000082E236A04F1A60193F8AC2003F1AD005D
:105CF00084F8992004F19A02D3F8AD3019D0C4F891
:105D0000A630838830468B8004F19901F0F7FCFBC4
:105D100040B940F6E2312D20EAF786FD0023C4F8B1
:105D2000A030DCE794F8993043F0020384F899300E
:105D300070BDC4F89A30838893800023C4F8A630DD
:105D40008B80F5E70B468B2210B503F8032BD0F8B8
:105D50000920C1F80320427B1A71CB78A3B130F837
:105D6000B43C1B0710D4B1F8054002212046EBF7E4
:105D7000AFF948B102212046EBF7C0F920B140F25B
:105D800076212D20EAF750FD10BD0121F3F75ABC12
:105D9000FFF7FBBF08B590F894300BB1012008BDA8
:105DA00090F8CC30002BF9D190F8BE3003F0FF0012
:105DB000002BF4D0EFF7C2FE80F00100C0B2EEE796
:105DC00030B54FF4B07285B00D460021044601F0A5
:105DD00010FAFF2323701323638042F21073E384CD
:105DE000EBF7AAFA00220146E0646846EBF7EAFA0C
:105DF00000220121E06CFBF71FFE0422E16C6846E3
:105E0000EBF7E0FA0022E06C1146FBF715FE04F117
:105E10003000A57400F0D3F902A8F0F72BFD20B9EB
:105E20004FF449712D20EAF7FFFC02A904F1360076
:105E3000FEF747FA05B030BDFF23C86C0B70FBF7C7
:105E4000C8BD0078FF3818BF01207047F7B5044679
:105E500030300E4600F003FA61880746CA0605D5C1
:105E60002822F3F735FF6D3003B0F0BD8B07E06CEF
:105E70000FD5FBF77AFE217905463846F2F760FF29
:105E8000638801462846009333466279F2F776FF2D
:105E9000E9E7FBF75AFEEEE7D0E902017047C07C64
:105EA000003818BF012070472DE9F04F07469DB01C
:105EB0000C46054610AE0DF120080FCF0FC60FCFD0
:105EC0000FC697E80F0086E80F0040466E7900F095
:105ED00076F9A37A277D039323787A1E0493022A06
:105EE000637803F07F0AD14600F28380D90603D499
:105EF000A67D731E022B7CD8637E03F0FD03012B6D
:105F000002D1032F08BF0427A37E03F0FD03012B5A
:105F100002D1032E08BF0426617A404600F056F9EC
:105F2000237D227F4046022B02F101020CBF617DDE
:105F30000121D2B204BF0131C9B200F049F91AF00F
:105F4000080F6CD1404600F08AF963788346DA0680
:105F500054D4EBF71FFA824639465846F2F7F0FE62
:105F60000123014632465046CDF80090F2F706FF75
:105F700040F27122217900F28620E378B0FBF2F042
:105F800043EA01236179504343EA01435343984272
:105F900039D84FF0000B94F818A00793A37CE86C55
:105FA00005930AF1FF33D3F1000A4AEB030AFBF72A
:105FB000CCFD0690E86CFBF7D8FD0699079B814263
:105FC00038BF014688B268B308A90C9306930A91BA
:105FD0000AA9ADF82C90CDF834B08DF838708DF852
:105FE0003960FFF7CDFD069BE0B945201DB0BDE847
:105FF000F08F40F212310620EAF716FC28224946BB
:10600000F3F766FEB4E7E179A37943EA0123217A45
:1060100043EA01435343834228BF0346B9E70023C1
:106020009B46B8E7CDE9123B059B049A8DF85330A7
:106030008DF8447010AF039B8DF845602E468DF8A7
:1060400050A08DF854308DF84020ADF842900FCF1D
:106050000FC60FCF0FC697E80F0086E80F0098E82D
:10606000030028630020A986E37A03F0FD03003BC8
:1060700018BF012385F86F30E3682B67238AA5F8E2
:10608000743095F84630E27D62F3071385F84630A8
:10609000ACE74FF40043A0F8483043881D2B08BFFD
:1060A00000214174704790F912007047408800F059
:1060B000010070478078C0F3400070478078C0F3DB
:1060C000C000704710B54488C06CE30654BFC4F3E9
:1060D00040040024FBF730FD84F001042043C0B2EB
:1060E00010BD4079C31E012B05D8B1F81E31012B1C
:1060F00014BF03200420704710B50446F0F70AFED1
:10610000C0F30B00A042F9D010BD10B50446F3F760
:10611000DBFC00212046F3F795FA2046BDE810404D
:10612000F2F7B4BF90F86830016281F8B330D0F86C
:106130006930C1F8B430B0F86D30A1F8B8307047AC
:106140007047F3F77FB880F88810704780F8241004
:1061500080F8252070478278034612F0010002D0B3
:10616000D978C90710D5900702D5D97889070AD5FB
:1061700012F0040008D0D878C0F3800080F001004D
:106180008000C0B2704702207047C0F34002C0F3E5
:10619000800300F00100134418447047022808B53A
:1061A00007D0042807D0012807D039212E20EAF78C
:1061B0003BFB262008BD2720FCE72520FAE700232B
:1061C000C0F802300123437003707047817070473C
:1061D00010B54270144601708078FFF7D6FF48432F
:1061E00004FB00F2FE2A03DD5C212E20EAF71CFBF3
:1061F00010BD0023C37043710371704710B504468E
:10620000FFF7A9FF637962780133DBB29A426371C9
:106210000CD1E3780022A17803436271DBB299428A
:10622000E37001BF2379E27001332371BDE81040B0
:10623000FFF7B4BF38B504468078FFF7A6FF0146E4
:10624000E078FFF7A2FF2378227965789B1A6B43E9
:1062500059436379C91A00FB1510C0B238BD014615
:1062600008B58078FFF791FF4A780B78534358437D
:10627000C0B208BD40F2EE20704740F25A33584396
:10628000704708B50368DA7B182A04D040F27E51C3
:106290003120EAF7C9FA1E22DA7308BD08B590F872
:1062A0009E30FE2B04D040F66F113120EAF7BCFA85
:1062B000002380F89E1080F89F3012B9A0F84E207D
:1062C00008BDA0F84630012380F84A30F8E708B549
:1062D0000368DA7B352A05D10022DA73BDE808406D
:1062E000FEF7A1BD182A02D11E22DA7308BD40F2C2
:1062F00093513120EAF798FA037D63B9C37BA3F188
:106300001002032A07D990F8520028B1202B8CBF25
:1063100000200120704701207047037D63B9837B13
:10632000A3F11002032A07D990F8520028B1202BBC
:106330008CBF00200120704701207047036810B512
:106340009A7B93F8A010092A08D193F899208A42E1
:1063500004D100229A7383F84A2010BD1A6812F003
:10636000080406D022F00802BDE810401A60FEF7CB
:106370005ABDFF2904D1372283F8CC429A73ECE747
:106380004FF4AF613120EAF74FFA38B50E38136891
:1063900014460D469A7B09283ED8DFE800F0053DFB
:1063A0003D3D0F3D183D3D27042A05D12046FEF70F
:1063B00020FD2046F1F750FA002038BD0F2AFBD10E
:1063C000002220461146BDE83840FFF73FB8212A99
:1063D000F2D12046FEF70DFD002DEDD0226892F897
:1063E000623023F0200382F86230E5E7DA7B272A67
:1063F000E2D100252046DD73FEF715FD236893F8F2
:106400003831012B03D129462046EFF79BFC236846
:10641000002283F83821CFE740F262213120EAF7E9
:1064200003FA024600680B4690F8621041F004013E
:1064300080F8621099785878F3F70CBE38B50C469E
:106440000546D1E93001EAF71BFF637B3BB104F558
:106450000E74204600F02DFC204600F036FC0F2183
:106460002846EAF74BFE10212846EAF747FE12219C
:106470002846EAF743FE11212846EAF73FFE13219A
:106480002846EAF73BFE28461421BDE83840EAF7E3
:1064900035BE0022C281827490F84C3013B10221C3
:1064A000F2F786BB0321FBE738B504460846E37BD9
:1064B000162B09D0A3F118025342534194F8C82275
:1064C00022B10C25284638BD0123F7E7002BF8D070
:1064D00094F8F83203F0FF05002BF2D190B194F854
:1064E000063223B940F66C313120EAF79DF90523D5
:1064F00004F1800204F5FB7100F0B2FD012384F881
:10650000C832DFE70223FAE7F0F76EBD10B50446A4
:1065100090F8791090F87800F4F706FE0022014612
:106520002046BDE81040FEF7B1BBF4F7FDBEC0F851
:10653000E811704710B50446FFF7A6F900F58A7117
:10654000226A236C9A4228BF1A461046FEF7A7FB20
:10655000B0F5296F28BF4FF4296080B210BD08B58F
:1065600020B940F277113520EAF75EF9437B03F05A
:10657000FF0113B14FF4BC71F5E7202200F5027062
:10658000BDE8084000F035BE10B5044686B020B91D
:106590004FF4BF713520EAF747F9427B02F0FF0361
:1065A00012B140F27F11F5E7014601226846F4F787
:1065B000D9FD694604F50270F9F772F910B940F295
:1065C0008311E7E706B010BD036893F8A02022B15D
:1065D00000229A7383F84A207047DA73FEF723BCCF
:1065E00003689A7B032A04D1002283F84A209A7315
:1065F0007047FEF718BCA1F11203012B0AD910B99C
:10660000192902D87047122906D91F298CBF0020EA
:1066100001207047012070470020704738B51428CA
:1066200013680D4614469B7B0CD016281AD01228EE
:1066300035D1052B14D1002220461146BDE8384043
:10664000FEF704BF213B022B0AD81046FEF7D1FB10
:1066500035B1226892F8623023F0200382F862306C
:10666000002038BD242BFBD11046FEF7C2FB6DB1D4
:10667000226892F8633023F0010382F863302268C5
:1066800092F8633023F0080382F863301A21204621
:10669000EFF758FB2368002283F83821E0E740F247
:1066A000AE413620EAF7C0F8024600680B4690F883
:1066B000621041F0040180F8621099785878F5F77B
:1066C000C5B970B50C460546D1E93001EAF7D8FDE9
:1066D000637B3BB104F50276304600F0EAFA3046BF
:1066E00000F0F3FA04F5F0742046F1F725FB10B141
:1066F0002046F1F72FFB0F212846EAF7FFFC102177
:106700002846EAF7FBFC12212846EAF7F7FC11219C
:106710002846EAF7F3FC13212846EAF7EFFC28465F
:106720001421BDE87040EAF7E9BC00207047F0F79B
:1067300083BBF0F741BC70B5B0F8DE600146827CE7
:10674000B600B0F840300ABBC3F106039D1B91F8B8
:106750003E3013B18B7B052B1DD10846FFF7DDFDC5
:10676000D8B1D1E90D34E41AA41BAC42B1F8AA00A7
:10677000A8BF2C4600F043F820B1C389043B9C42DB
:10678000B8BF1C4624EAE47080B270BDB0F8425035
:10679000ED1AAD1BDBE70024E7E72C46E5E770B513
:1067A0000D4604210646EAF793FC044648B9062143
:1067B0003046EAF78DFC20B115B190F8E53003B909
:1067C0000446204670BD1D2310B504460370EFF744
:1067D00037FA6070022010BD1E2310B50446037006
:1067E000EFF72EFA6070022010BD01234380038072
:1067F00000238380C3804FF44863038170471021D6
:10680000EAF766BC73B501A90546FDF779FC0446B5
:1068100018B121215420EAF707F82846019EFFF716
:10682000EEFF30B10123A6F8DE308481448104827A
:10683000C48102B070BD3C2303804FF4FA4343800F
:106840000123C38083800023038143814FF4486385
:1068500083817047F8B50446EFF7B4F907466378CB
:1068600003EB43035D00EFF7C1F90646EDB2EFF726
:10687000ADF92070062D4FF0000109BF3B680023E1
:106880003268134004BFC4F802300123C3F106028A
:1068900004EB830092000230BDE8F84000F0A9BC90
:1068A000F7B50D46074620B94FF48E716120E9F720
:1068B000BBFF12210238EAF765FC01A90446FDF787
:1068C0001FFC10B140F22311F0E79923AC80019A2C
:1068D0002B70BB7AFF2B08BFB87292F865301B078C
:1068E00003D41A23EB7003B0F0BD002607F10E01AC
:1068F00005F11000EE70BB7AAB71FB7AEB71D2F848
:106900006230AB60D2F86630EB60EB7A23F00803BC
:10691000EB72FC7A04EB4404E400E4B2224608344F
:10692000FAF704FB3146E4B2C4F1F802083402F08D
:10693000F802281903B0BDE8F04000F05ABC08B5D1
:10694000036893F8A8205AB9D97B4B2903D0A72113
:106950006120E9F769FFDA73BDE80840FEF763BA22
:106960001A68D10401D4AC21F2E722F480521A60F3
:10697000F2E70B68122110B50446B3F8AA00EAF753
:10698000A7FB0378601CA370FFF764FF1B2010BDFA
:1069900008B503689A7B1AB1C4216120E9F744FF66
:1069A0004C229A7308BD08B5F6F7D4FDF6F760FAE5
:1069B000F6F778F9BDE80840F7F758BB10B5C824DA
:1069C000F6F71AFA022808D1013C14F0FF04F7D1B7
:1069D0000620F0F75DF9204610BD431E584258418D
:1069E000FAE710B5F6F7E2FD044600F0E9F92018E1
:1069F00041F1000110BD38B504461546F6F788FB95
:106A000001462A462046BDE83840F6F7F5BE7047F5
:106A100019B943780BB1C3788370704710B5044639
:106A20000846F7F729FA4FF47A73B0FBF3F0201A0F
:106A300010BD38B5044608461546F7F71DFA4FF461
:106A40007A7300F2E730033DB0FBF3F0012DA4EBC5
:106A500000048CBF02200A20201A38BD013808B576
:106A600007280BD8DFE800F00F1106040A0F0F0803
:106A7000032008BD0220FCE70420FAE740F2894128
:106A80000620E9F7D1FE0020F3E70120F1E7704787
:106A9000B421A72008B5E9F7C7FE4C21A72008B507
:106AA000E9F7C2FEFF2808B508D00C280FD0272828
:106AB00004D070B10B2802D80138C0B208BD262816
:106AC00003D992216820E9F7AFFE0238F5E72620C6
:106AD000F4E72520F2E700230370437070470B783A
:106AE000C3F34012C3F3030343EA421303704B782A
:106AF0004370704701F01F018170704703780A7876
:106B000003F02F0322F02F0213430B7043784B70D6
:106B100070470220704700207047032808B50B46D5
:106B2000097825D005D8421E012A08D900F025F899
:106B300010E00428FAD1090101F5E7700AE01B7A98
:106B4000002B18BF013101280BBF0A310B31C900DE
:106B50008900C81840F2712300F26930B0FBF3F0ED
:106B60005843B0F51C7F07D8DC21B120E9F75CFE63
:106B7000890101F53470EDE708BD07284FEAC1012E
:106B800008B50ED0082805D0062807D0FF21B2206E
:106B9000E9F74AFE01F12800800008BD01F150002C
:106BA000FBE748082830F8E770B50C46054616465E
:106BB000FFF791FF7D2C04D940F20E21B220E9F7B6
:106BC00033FE324621462846BDE87040F7F7E2BE64
:106BD00000F038B8801A00F3070038B50D461446A7
:106BE00059B240B2F8F732F90023287020446B7094
:106BF00040B238BD002303607047704700207047E3
:106C00004FF0FF3070474FF0FF30704770474FF044
:106C1000FF3070470020704700207047002303704A
:106C200070479DF800300022FFF7D4BF4FF0FF30CF
:106C30007047002070474FF0FF3070474FF0FF3033
:106C40007047704770470020F8F744B90020F8F704
:106C50001BBA0020F8F72CBA0020F8F73BB97047B0
:106C6000F8F772BAF8F784BAF8F774BAF9F7AABE67
:106C7000F9F78EBBF9F7A4BBF9F7C4BE00F045B92C
:106C8000F9F7B2BE10B5837F8BB9034601F1180244
:106C900051F8044B914243F8044BF9D10124847715
:106CA0002146F8F7A7FDF9F765FB204610BD002047
:106CB000FCE710B504460221F8F79CFDF9F75AFBF2
:106CC000A07FB0FA80F0400910BD38B50446A37F1C
:106CD00003B938BDA37F032B02D0A37F042B0ED1B1
:106CE000EFF3108572B62046F8F7A2FF05B962B639
:106CF000A37F002BEDD0FF210320F9F71BFFA37F1B
:106D0000012B02D14FF48271F6E700F0B3F9DEE710
:106D1000F8B50746F9F79CFB044620B940F2291163
:106D20000320F9F707FFF9F799FBA4680025241859
:106D3000384641F1000622463346F9F701F8A042F1
:106D400071EB060309D3001B6FF0010361EB060131
:106D5000834275EB010102D3F8BD2846FCE74FF0F2
:106D6000FF30F9E72DE9F04104460F46F9F770FBD3
:106D7000064620B94FF4A3710320F9F7DBFE8568BE
:106D8000002362195B4113B10020BDE8F081F9F7DF
:106D900065FB2A18384641F1000314EB020843F161
:106DA0000005F8F7CDFF4045A941EDD3F9F70AFEFC
:106DB00000F06AF8B368012037752344B360E4E754
:106DC000F9F74CBB8068704708B5F9F741FB20B96B
:106DD00040F29B110320F9F7ADFE007D08BDF8B528
:106DE0000369044623B14FF4D1710320F9F7A2FEE1
:106DF000F9F7E8FD05460E46F8F752FC70B3643526
:106E0000D4E9003246F10001AB4272EB010001D23D
:106E10002B460A46C4E90032EFF3108572B6F9F743
:106E200017FB064698B1F9F719FBB3680B332CBF73
:106E3000012200221B18D4E9006042EB0101B34299
:106E400071EB00023CBF33460146C4E9003105B98D
:106E500062B62046BDE8F840F8F7E8BFF8F740FC16
:106E60000746F9F709FBB84238BF3846963546F170
:106E700000024319D4E9000142F10002834272EB9F
:106E80000105C7D20346C4E7F8F7CEBD032910B504
:106E9000044606D801290ED840F25D11B020F9F75A
:106EA00049FE0429F8D1F8F7BBFC20B12046F9F7D8
:106EB0003BF8022010BD0020FCE7C0E908122022A8
:106EC000002100F096B910B5037886B0044623B1CE
:106ED0004FF4AB714520F9F72DFE0593CDE903334F
:106EE000D0E90423CDE9002343680293037A68467E
:106EF0008DF81430FFF773FF0120DDE90023C4E9AA
:106F0000042306B010BDF9F7F7BB10B5029C241896
:106F100041F10001A01A61EB0301B0F1004F71F1E2
:106F2000000103DBAA210420F9F704FE10BD70B5AF
:106F30000024F9F7BBFD05462646E0B2854200D89D
:106F400070BDF9F7B9FD0134068580F82A60F4E7D1
:106F5000F8B5037904461BB11B219D20F9F7EAFD22
:106F60004679017126B901234371217909B961710B
:106F7000F8BD276820462671B84702280546F4D197
:106F800003212046B84708B12F21E6E723682946A8
:106F9000204698470028E8D03021DEE70346006805
:106FA00000B970478842F9D102681A60704701F150
:106FB0001003013813F8012D8B4200F8012FF9D18D
:106FC00070472DE9F04713F0010F8EB004460D46CF
:106FD00017469A46DDE9168924D006A8FFF7E7FF91
:106FE000A30735D002AA04F110052068083454F82C
:106FF000041C1346AC4203C31A46F6D106AD02ACDC
:107000001AF0020F4346CDF8009023D029462046BF
:107010000AAAF9F739FE0AA93846FFF7C8FF0EB0E9
:10702000BDE8F08713F0040F0DD106AB0E4601F159
:10703000100C1D463068083656F8041C1A46664582
:1070400003C21346F6D1214602A8FFF7B0FFD6E7E8
:1070500006ADD5E73A4629462046F9F715FEDEE7A4
:1070600013B50024CDE90044FFF7ABFF02B010BD1B
:10707000F9F70EBF20BF704720BF70479142F8B5A7
:1070800003D373219620F9F755FDB2FA82F33BB191
:10709000C3F1200499409A4020FA04F49840214317
:1070A0004FEA124C93B2040C87B2B1FBFCF50CFB17
:1070B000151E05FB03F64FEA0E4E0EEB10408642FE
:1070C00005D9361A964294BF01260226AD1B04EB61
:1070D0000141280405FB1211B1FBFCF40CFB141157
:1070E000634307EB0147BB4205D9DB1B934294BFC7
:1070F00001230223E41A2043F8BD70B50446154667
:107100001E46FFF7BBFF049B00FB154430601C606C
:1071100070BD2DE9F0411D4607460C46164652EA61
:10712000050303D1A6219620F9F704FD85B9914204
:1071300004D2FFF7A3FF2946BDE8F081084629469F
:10714000FFF79CFF05463246384606FB1541F0E73F
:10715000B5FA85F80123400803FA08F3C8F11F08BF
:1071600040EAC470A3FB0212610803FB0522FFF78B
:1071700085FF30FA08F04FF0000102D0013861EBD2
:10718000010100FB05F3A0FB062C06FB0133BF1A2F
:10719000634464EB0304B742AC41CDD3013041F109
:1071A0000001C9E762B1013910B5841810F8012B4C
:1071B00011F8013FA04201D09A42F7D0D01A10BD79
:1071C00010467047431A934200EB020310B508D3F0
:1071D000013902469A420BD011F8014F02F8014BD7
:1071E000F8E70A4412F8014D8A4203F8014DF9D13B
:1071F00010BDF0B5C9B20446A30726460ED14FF024
:10720000013522F003034D43E718BC420CD133444F
:1072100002F003021A44934209D1F0BD002AFCD0C7
:10722000013A04F8011BE7E744F8045BEDE703F8D3
:10723000011BF0E7FFF7DDBF00280CBF6FF0150062
:10724000002070470020704707230370002070471C
:1072500000207047002070472DE9F0478C468E468D
:10726000089E154604461946002B40F0D080724512
:1072700047D9B2FA82F74FB1C7F120030EFA07FCE3
:10728000BD40BC4020FA03F343EA0C0C4FEA154E14
:10729000A8B2230CBCFBFEF80EFB18CC08FB00F9CF
:1072A00043EA0C43994528D9EB1808F1FF3204D280
:1072B000994502D9A8F102022B44A3EB0903A4B219
:1072C000B3FBFEFC0EFB1C330CFB00F044EA034452
:1072D000A04214D92C190CF1FF3304D2A04202D9D8
:1072E000ACF102032C44241A43EA02401EB1FC40D4
:1072F000002334607360BDE8F0874246DDE76346F3
:10730000F1E7002A79D0B2FA82F3002B3FD0194678
:10731000C1F1200302FA01F500FA01F42EFA03F29A
:107320000EFA01FE20FA03F3AFB243EA0E034FEA6E
:10733000154EB2FBFEFC0EFB1C201A0C0CFB07F8D2
:1073400042EA004290455AD9AA180CF1FF3004D203
:10735000904502D9ACF102002A44A2EB08029BB28C
:10736000B2FBFEFC0EFB1C220CFB07F743EA0243B8
:107370009F4246D9EB180CF1FF3204D29F4202D94A
:10738000ACF102022B44DB1B42EA004202E0AEEB0E
:10739000020301224FEA154EAFB2200CB3FBFEFCF4
:1073A0000EFB1C330CFB07F840EA034398452AD92F
:1073B000EB180CF1FF3004D2984502D9ACF1020071
:1073C0002B44A3EB0803A4B2B3FBFEFC0EFB1C335F
:1073D0000CFB07F744EA0344A74216D92C190CF119
:1073E000FF3304D2A74202D9ACF102032C44E41BC0
:1073F00043EA00400F46114678E71F2188E76046C0
:10740000ABE76246BFE76046DBE76346EFE77345FD
:1074100006D916B9002108466DE7C6E9000EF9E75E
:10742000B3FA83F787B9734501D3824207D8841A28
:107430006EEB030301209C461EB900215BE7384632
:10744000FAE7C6E9004CF8E7C7F1200CBB4000FAA8
:1074500007F422FA0CF520FA0CF1BA401D432EFA7B
:107460000CF30EFA07FE4FEA154941EA0E011FFA26
:1074700085FEB3FBF9F809FB18300B0C08FB0EFA7C
:1074800043EA00439A4540D9EB1808F1FF3004D293
:107490009A4502D9A8F102002B44A3EB0A0389B252
:1074A000B3FBF9F809FB183308FB0EFE41EA034170
:1074B0008E452CD9691808F1FF3304D28E4502D9C4
:1074C000A8F10203294443EA0040A1EB0E01A0FB0E
:1074D00002984145CE46434602D306D14C4504D2DC
:1074E0000138B9EB020E68EB0503002EA5D0B4EB12
:1074F0000E0261EB030101FA0CFC22FA07F3F940DA
:107500004CEA0303C6E9003197E74046C5E7434626
:10751000D9E7FFC1FBE84C90728BE7B3518963ABAD
:10752000232302841872AA612F3B51A8E53749FB37
:10753000C9CA0C18532CFD45E39AE6F15DB0B61BA1
:10754000B4BE2A50EAE90E9C4B5E5724CCA1B75931
:10755000B887FFE07D742648B9C5F3D9A8C4B1D572
:10756000911101420C39D5B0979D28D4F29BA4FD0E
:107570006465068C2996FEA2714DF3F82E58DB0D3A
:107580005A5F1528F57407CE25AF2B12E6D0DB2CF9
:10759000DCC37FF03E3A13A4DCE2F96C54E2D8EA93
:1075A000C8880021869C6AD8CB4E146AF94DD27ED9
:1075B000B23203C6144B7FD1B8A6797C17ACED0666
:1075C000ADAF0A947ABA03E792D7150973E86D163E
:1075D000EEE13F781F9D09526EF17C362A716C7581
:1075E00064448010434E35EC65270AB5FC26693F9C
:1075F000599901638AA5BF685CD33CBE0BD67683DC
:10760000D657054A3DDD8173C9EB8A8439F4360BC0
:10761000F7FF7F00200018000A800720029801AAC7
:10762000807F202018180A8A8727229A99AB2AFF80
:107630005F00380012800DA005B8033281D5A05F2D
:10764000383812928DADA5BDBB31B35475FF6700BC
:107650002A801F200818068A82E7218A98672AAAAA
:107660009F3F28101E8C0865C6AB12FF4D8035A0C9
:1076700017380E92846DA36DB9EDB2CDB595B72FC5
:10768000369C16E9CECED4545F7F7820229819AA72
:107690008AFF27001A800B20075802BA81B3207591
:1076A000D8271A9A8B2B275F5AB83B329355ADFFD8
:1076B0003D8011A00C7805E28309A1C6F852C2BD35
:1076C00091B1AC747DE7618AA8673EAA907F2C20B7
:1076D0001DD8099A86EB22CF59943AEF530C3DC539
:1076E000D1931C6DC9ED96CDAED5BC5F31F8144277
:1076F0008F71A4247B5B637B69E36EC9EC56CDFE7E
:10770000D5805F203818128A8DA725BA9B332B5558
:107710000123456789ABCDEFFEDCBA987654321071
:1077200008B5094BD3E8AF3F43B1F7F7BFFF04A15A
:10773000D1E90001BDE8084003F06CBE08BD00BF00
:10774000389C1C0000000000542B002000000000AA
:1077500013B500246FF009034FF4806212491348F7
:10776000009406F0BBF81249104806F0ABF9114935
:10777000114806F023F8224604211C2001F040F8AD
:1077800001220E4BD3E8EF1FC3E8E02F0028F9D108
:1077900003A1D1E9000103F03DFE204602B010BD77
:1077A000389C1C00000000005031002040260020C2
:1077B000BD420200D9B301005C2B0020542B0020F5
:1077C00037B50F4C20460AF004F8A8B1A5682B691C
:1077D0001BB96FF0570003B030BD6946204698478B
:1077E0000028F8D14FF496430093EB68002BF0D0BB
:1077F000694620469847EEE76FF00400EBE700BFCC
:10780000B82002002DE9F347002425462746A0466C
:10781000DFF8A4900021112007F058F8D9F80830BB
:107820001B68002BF6D048460DF107019847002849
:10783000F0D1B8F1000F14D19DF807703F020AF0A3
:10784000BCF84FF47A74A0FB040547F6122204FB3F
:1078500001510023F9F71EFC4FF0010804460D46C4
:10786000D8E70AF0AAF84FF47A76A0FB060C47F6A0
:107870001222002306FB01C1F9F70CFC001B61EB8F
:107880000501062871F100019DF807A00FDB4FEA02
:107890000A270AF092F8A0FB060447F6122206FB1C
:1078A00001410023F9F7F6FB04460D46B2E74AEA28
:1078B000070002B0BDE8F087B820020070B50446AA
:1078C000054D010AAE6828467368984728467368D4
:1078D000E1B2BDE870401847B82002007FB53648D5
:1078E00009F032FBFFF76CFF044600284CD1334807
:1078F00001F018FE0446002846D1FFF783FF014639
:1079000006462F4809F020FB00234FF0FF32CDE957
:10791000003301204FF0FF3301F0C2FD0DF10E02E4
:1079200001460546304602F05FFD0128044620D09E
:10793000032809D080B1284601F054FC3246214684
:10794000204809F001FBD8E7284601F04BFC3146FE
:107950001D4809F0F9FAD0E7284601F043FCBDF8CC
:107960000E101A4809F0F0FABDF80E00FFF7A6FF56
:10797000C3E7174809F0E8FA284601F0C7FD0446B6
:1079800028B1284601F02EFC204604B070BD4FF00F
:10799000FF324FF0FF33094805F0C0FB0DF10E0236
:1079A00004460146304602F013FE0546204601F02B
:1079B00019FC002DA1D1D7E7C43002000404002037
:1079C000D93002005A310200F930020021310200A0
:1079D0003E310200B2F5802F2DE9F8430ED33E4927
:1079E0004FF437733D4A3E4809F0C4FA3D4809F068
:1079F000C1FA4FF43771394809F0B3FA042A0CD8A8
:107A0000394940F2E323354A354809F0B3FA37489B
:107A100009F0B0FA40F2E321EDE7043ACD1D11443C
:107A200025F0070521F00706A6EB0508B8F1170FAA
:107A30004FEAD8070CD82E494FF43B73274A284801
:107A400009F098FA294809F095FA4FF43B71D2E70A
:107A5000B7FA87F44FF00009C4F12002C4F12404FE
:107A6000A4000734E408631CBB420560AF60C5F89E
:107A70000C900CD91F4940F20233184A184809F0FB
:107A800079FA1A4809F076FA40F20231B3E749462A
:107A9000920005F110000AF0FCF9A2B2530043F085
:107AA00001036B803B1B9BB205EBC4015800A5F89A
:107AB0000090488025F83420A6F8029025F8083078
:107AC00005EBC7035A88214642F001025A80284636
:107AD000BDE8F84309F0D4B8093202009131020040
:107AE000CF3102001F32020036320200573202004C
:107AF0007032020099320200014B1B68184700BF28
:107B00001002002030B5044685B00D461022002139
:107B100068460AF0BEF902238DF80230044B2A466B
:107B200021466846019308F027FE05B030BD00BF2E
:107B3000F97A010080B505460E461746984606F0CC
:107B400053FF034600F074FFDFF83C90044649F809
:107B50000030424639463046A8470C4B1B7873B973
:107B60000B4940F246330B4A0B4809F003FA0B4825
:107B700009F000FA40F24631064809F0F2F954F8EB
:107B8000090000F0E9FE00BF080000004A310020B3
:107B9000EF320200C4320200CF3102000233020091
:107BA0002DE9F84F0546AB8B08461907904616D5C8
:107BB00001280CBF43F0100343F02003AB831435BE
:107BC000284607F00DFA002840F0B181AE494FF485
:107BD0009973AE4AAE4809F0CDF929469DE00228D6
:107BE00003F0070140F07D81284609F0D0F905280F
:107BF00000F2FA8001A353F820F000BFBF7B010020
:107C0000E37E0100E97D01008D7C0100277D0100FC
:107C1000877D010002F00702531F012B1AD80023B1
:107C2000062A2E68A4B2C5E9003309D1334603E021
:107C3000EA8B0132EA831B68002BF9D144F002047D
:107C40002846AC8309F0A3F9002800F05A8144F0DB
:107C5000200455E1042A0DD1A4B22846AC8309F0D2
:107C600096F90646002800F04C8144F020040026D6
:107C7000AC8346E1874940F21B13874A844809F0E8
:107C800079F940F21B11844809F06BF949B1834935
:107C90004FF4AB73804A7E4809F06CF94FF4AB7136
:107CA000F1E72B684BB97E4940F257137A4A78487E
:107CB00009F060F940F25711E5E72B691F684FB9E9
:107CC00078494FF4AD73744A714809F053F94FF491
:107CD000AD71D8E70E468A464FF00609AC8B24F00A
:107CE000070444F00604A4B2AC83AB68002B00F098
:107CF0000F814FF0010B44F00804AC8305F114042C
:107D0000204607F06DF9002878D15F494FF4997348
:107D10005E4A5F4809F02EF92146634809F02AF9C6
:107D20004FF499718EE0022909D0604940F25D1349
:107D3000594A574809F01EF940F25D11A3E7EE8B4E
:107D40004EB15B494FF4AF73534A514809F012F9F1
:107D50004FF4AF7197E72B695F684FB9514940F213
:107D600061134D4A4A4809F005F940F261118AE76A
:107D7000AC8BB24624F0070444F00404A4B24FF0E4
:107D80000409AC83B1E7012909D04A494FF4B27321
:107D9000414A3F4809F0EEF84FF4B27173E72B689F
:107DA0004BB93F4940F265133B4A394809F0E2F8C4
:107DB00040F2651167E72B699F684FB939494FF465
:107DC000B473354A324809F0D5F84FF4B4715AE724
:107DD0000026AC8BB24624F0070444F00504A4B29C
:107DE0004FF00509AC8380E72A4940F26B132A4A19
:107DF000274809F0BFF840F26B1144E788F3118877
:107E0000BFF36F8FBBF1000F1ED1002E33D117B11E
:107E100028462949B847EFF31188402383F3128895
:107E2000BFF36F8F204607F0CDF800284AD1842396
:107E3000164A2249164809F09DF82146204809F0C3
:107E400099F8842111481FE7A9680029DDD0D1F8ED
:107E500000800029D9D053464A462846D1F804B0BC
:107E6000D847B8F1000F04D0D8F800304146984602
:107E7000EFE74346FAE7314653464A462846366816
:107E800009F0B1F8C1E700BFF7330200CA330200BE
:107E9000CF310200FB4502002433020049330200C7
:107EA00055330200783302000E3402008F33020093
:107EB000A5330200B43302003D7F010023340200E9
:107EC00038340200204607F0A1F8AC8B24F00804F7
:107ED000A4B2AC83E20621D524F01003AB8304F0F6
:107EE0000701D5F818A0AA8BBAF1000F22F00704F9
:107EF000BFF690AE00232E68C5E9003344F00104BC
:107F0000AC8304F0070989454FF000077FF4EDAE1C
:107F10000EB9002FDED04FF0000BECE6A3067FF584
:107F20004EAE24F02003AB8304F007015CE688F337
:107F30001188BFF36F8FBDE8F88F00BFF8B5044616
:107F40000D4600F11406EFF31187402383F31288E6
:107F5000BFF36F8F304607F035F868B984230C4AB9
:107F60000C490D4809F006F831460C4809F002F8B2
:107F70008421074808F0F5FF304607F047F8A5616F
:107F80003A462046BDE8F8400121FFF709BE00BF90
:107F9000CA33020023340200CF3102003834020019
:107FA0002DE9F04704460E4609F00DF8051E66DB84
:107FB00004F11409EFF3118A402383F31288BFF30D
:107FC0006F8F484606F0FEFF804660B98423374A2B
:107FD0003749384808F0CEFF4946374808F0CAFF0D
:107FE0008421324843E0484607F010F84FF6FF720C
:107FF000E38BA78B934207F0070743D0062F2CD8BB
:10800000DFE807F01F43092B1F041F006FF08505F1
:108010004FF0000802E002250133E383484606F0F2
:10802000DFFF002834D14FF49973204A23492148B7
:1080300008F0A0FF4946224808F09CFF4FF49971D0
:10804000CFE700233360636823B9C4E9006687B1D2
:108050003D46DDE71E606660F9E71A4915484FF4B2
:10806000E473194A08F086FF4FF4E471164808F0EB
:1080700078FF524602212046FFF792FD3D462846F2
:10808000BDE8F0876FF00A05C2E76FF00405BFE7AF
:108090008AF31188BFF36F8FB8F1000FEFD0002380
:1080A0003A463146204608F09EFFE8E7CA33020010
:1080B00023340200CF31020038340200F7330200CB
:1080C0000E340200B43302002433020008B54268C3
:1080D000034602F00302032A81600AD06AB9084904
:1080E00008484523084A08F045FF4521064808F09E
:1080F00038FF006800225A6008BD0020FAE700BF80
:10810000FB450200CF3102004E340200014B0360F8
:1081100000207047082F020008B5044808F014FF3B
:10812000034808F011FF002008BD00BF74340200AE
:10813000A934020008B50348034A0021121A08F0C6
:108140008DFF08BDA00400204C310020074808B571
:10815000074A0849121A08F083FFBDE8084006489C
:10816000064A0749121A08F07BBF00BF60000020D2
:108170009C040020305202006000002060000020BB
:108180003052020038B505460C4699B1D1E90123B9
:108190000F48096808F0D8FED4E90423E1680D48C7
:1081A00008F0D2FEE1690C4808F0CEFEA1690B4848
:1081B00008F0CAFE012D05D1EFF3058108481039FA
:1081C00008F0C2FE21462846BDE8384004F004BB52
:1081D000D63402000635020036350200463502006C
:1081E0007535020030BFFFF7FDBF00BF2DE9F0413C
:1081F00005460B4EDFF82C80324606EB0807CC1BF9
:108200002046094909F038FEA01942460021083CE1
:1082100009F03FFEC5F8AC4007F10800BDE8F08169
:108220000000000004000000082A020010B5204CE5
:10823000204808F089FEA36A990137D51E4808F046
:1082400083FE1E20A36ADA0103D51C4808F07CFED9
:108250001F20174CA36ADB0203D5194808F074FEEF
:108260000220A36A1C0303D5164808F06DFE2120E6
:108270000F4CA36A590303D5134808F065FE22206A
:10828000A36A9A0303D5114808F05EFE2320084C28
:10829000A36ADB0303D50E4808F056FE2420A36A28
:1082A0006FEA03436FEA1343A36210BD1D20C9E7C1
:1082B00000ED00E089350200A2350200B63502006B
:1082C000D1350200FC3502001B36020041360200A7
:1082D0005C36020070B5244C064624480D4608F072
:1082E00033FEA36AD90435D5214808F02DFE1720A6
:1082F000A36A1A0503D51F4808F026FE18201A4C59
:10830000A36A9B050FD51C4808F01EFEA16BA36A4B
:10831000180407D5194808F017FE1EB1A36A23F404
:108320000043A3621920104CA36A590503D51448D1
:1083300008F00AFE1A20A36ADA050DD5114808F0E4
:1083400003FE1B20084A936A43F47F439362002391
:108350002B7070BD1620CBE7A36A9B04F2D50A48A8
:1083600008F0F2FD1C20EDE700ED00E08836020089
:108370009F360200B1360200C5360200DF36020029
:10838000F5360200113702002A37020070B5304C72
:10839000064630480D4608F0D7FDA36AD90646D5F3
:1083A0002D4808F0D1FD1120A36A1A0703D52B48E8
:1083B00008F0CAFD1220264CA36A9B070FD5284857
:1083C00008F0C2FD616BA36A180607D5254808F0BE
:1083D000BBFD1EB1A36A23F08003A36213201C4CD3
:1083E000A36ADA0703D5204808F0AEFD1420A36A7B
:1083F0009B0603D51D4808F0A7FD1520144B9A6A6B
:10840000D60602D49A6A940713D59B6AD90610D56A
:10841000174940F22D13174A174808F0ABFD1748CB
:1084200008F0A8FD40F22D11124808F09AFD102026
:10843000BAE7074B9A6A920642BF5A6A22F4005280
:108440005A629A6A42F0FF029A6200232B7070BD52
:1084500000ED00E05A37020071370200B136020029
:10846000A5370200BE370200D53702002A370200C6
:1084700027380200F5370200CF31020071380200C0
:10848000F0B5704B0446586800258BB0C0F3080364
:1084900085F31188BFF36F8F02F07F46B6F17F4FEF
:1084A00006D102F00C06082E11D1674808F04CFDE9
:1084B000664940F21B43664A664808F05BFD664821
:1084C00008F058FD40F21B41614808F04AFD1607CC
:1084D0004CBF0C460125002CEAD00026DA1E8DF890
:1084E0000760092A00F29F80DFE802F00593977683
:1084F0009D9D9D9D9D9B594808F026FD8DF8076028
:10850000504EF36A9A0704D5554808F01DFD002324
:108510002AE0F36A002B01DA5248F6E7F36A5B00BF
:108520006AD5514808F010FD7369A26943F480735D
:108530007361BFF34F8FBFF36F8F32F8023C7269E4
:1085400022F480727261BFF34F8FBFF36F8F03F419
:108550007F42B2F55F4F26D1DBB2022B23D12168D7
:10856000424808F0F1FC23689DF80720CAB902AE22
:1085700004F12007324620686168083403C2BC4217
:108580001646F7D1099A002D59D0C2F3080121B936
:108590006FEA52226FEA42220992184602A9FFF7B7
:1085A000F1FD0BB0F0BD274B9A6AD2B232B1012077
:1085B0000DF10701FFF7EAFE0346D5E79A6A12F4C8
:1085C0007F4F05D001200DF10701FFF783FEF3E790
:1085D0009B6AB3F5803F02D3FFF728FEECE72449FE
:1085E00040F2ED231A4A1B4808F0C4FC214808F069
:1085F000C1FC40F2ED2167E71D494FF43C73144A7A
:10860000144808F0B7FC1C4808F0B4FC4FF43C7167
:108610005AE700200DF10701CCE700200DF107011A
:10862000D3E7164871E7A3F11002154B10F4F87F59
:108630001449154808BF194608F086FC67E76FF330
:108640000802A9E700ED00E0033902002F3902001B
:10865000F5370200CF3102004239020080390200B2
:1086600098390200BA390200C9390200E93902001A
:10867000FB450200063A02002A3A02005A3A02007A
:10868000D5380200EA3802007F3A0200064B5A69E8
:1086900042F010025A615A6942F480625A615A6982
:1086A00022F008025A61704700ED00E0EFF3088005
:1086B000EFF3098101B57246FFF7E2FE01BD00BF8D
:1086C000002080F31488BFF36F8F002080F30A88A6
:1086D00080F30B88104880F3088800200F49087049
:1086E00002F086FF00200E490860BFF34F8F00F0B4
:1086F0002DF8402080F311880A484FF4006140189B
:1087000080F30988EFF314800221084380F3148872
:10871000BFF36F8F00F0B8F8904C00204A31002072
:1087200094ED00E050350020002318460649D1F8AA
:108730009020C2F30722934200DB7047C1F89830C3
:10874000C1F8A0000133F6E700ED00E010B572B605
:10875000002484F31388FFF7E7FF23464FF0FF3030
:108760000C4A03F120010133102B42F82100F8D10B
:1087700000234FF0FF30074A03F160010133102B53
:1087800042F82100F8D162B6BFF34F8FBFF36F8F6D
:1087900010BD00BF00E100E01EF0040F0CBFEFF3BE
:1087A0000880EFF30980816911F8021C0229FFD0CB
:1087B00001B5724608F056FC01BD00BF00B20028AA
:1087C00007DB01234109034A00F01F00834042F800
:1087D0002130704700E100E000B200280CDB0122EC
:1087E0000649430900F01F008240203341F823204E
:1087F000BFF34F8FBFF36F8F704700BF00E100E002
:1088000038B5D30704460D4612D48B1C072B10D95C
:108810006B23114A1149124808F0ACFB2946114854
:108820000623224608F0A6FB6B210B4808F099FBB3
:10883000002320B20028ACBF00F160400A4A4FEA92
:108840004313DBB2ABBF00F5614000F00F0080F8CE
:108850000033135438BD00BF933A0200CA3A0200F5
:10886000CF310200E53A020014ED00E0044B054A66
:1088700023F07F039360BFF34F8FBFF36F8F704779
:108880000000000000ED00E008B5FFF7EFFF074A29
:10889000D2F8883023F47003C2F88830FFF74AFC1E
:1088A000FFF754FC00F0A2F804F098F800ED00E0A7
:1088B00042F8203C009B0B4942F81C3C019B21F0F4
:1088C000010142F8183C029B42F8081C42F8143C93
:1088D0004FF0807342F8043C0023203A0265C0F850
:1088E000B0307047357B010000B50E4B15469860DF
:1088F000D0F8AC200C4B0E461A60D0F89C3083F3B5
:108900000B882C4686F309880020044B98472046A4
:10891000002100220023024C204700009310020097
:10892000357B0100702B0020782A00201022014B9B
:108930001A61704700ED00E0054B5A699B689A4246
:108940001FBF044A536843F080535360704700BF11
:10895000702B002000ED00E0084B9B6883420BD198
:10896000EFF3058343B1064B5A6842F080525A60D8
:108970005A6A22F400425A6206F03CB8702B00207A
:1089800000ED00E016498A684FF030001044EFF324
:10899000098C80E8F01F402080F31288BFF36F8FAE
:1089A000104F4FF000664A698A603E60D2F8AC0012
:1089B0000D4C2060D2F8B0000023C2F8B03080F334
:1089C000118802F1300090E8F01F8CF3098802F161
:1089D000000004B508F055FBBDE8044070470000F6
:1089E000702B002004ED00E0782A002000234020B6
:1089F00040F20F1210B5044CE1180133934281F894
:108A00000003F9D110BD00BF00E100E008B5EFF3AD
:108A10000583064A103B02EBC30152F83300496854
:108A20008847BDE80840FFF787BF00BFF02002007D
:108A30000148006870470000782A00201FB5012116
:108A4000094B0A4A0A4800F0F7F80023064A039344
:108A5000084B0121019301A8D31A029300F010F9E9
:108A600005B05DF804FB00BF0000042000000020FA
:108A7000082F0200A00400200A7A0B6810B562F3E8
:108A800004031C46CB68520923F01F0343EA420348
:108A9000044A43F00103C2F89800C2F89C40C2F8AF
:108AA000A03010BD00ED00E010B5074BD3F89030BA
:108AB000C3F30723013B984202D8FFF7DDFF10BD47
:108AC0006FF01500FBE700BF00ED00E02DE9F04F6F
:108AD0000F46144606464FF000084B4D85B0B8458A
:108AE00080F28E80D6F80490B9F1000F35D0B9F13C
:108AF0001F0F40F2838019F01F0F7FD1D6F800A01E
:108B00001AF01F0F7AD1504608F0E6FA834609EBB7
:108B10000A00013808F0E0FA83456FD11BF1160F07
:108B20006CD05C456ADDC5F898B0D5F89C10C5F8E6
:108B300098B0D5F8A03021F01F0143F01F0AD6E904
:108B400000321A44994202F1FF391BD1CA4508D1BB
:108B500031465FFA8BF008F0C8FA08F101080C36CC
:108B6000BDE73146C5F898B0D5F89C30E0B263F364
:108B70000402C5F89C2008F0B8FA10F1160F3DD099
:108B8000441CEAE7C5F898B0D5F8A020013B23F0D3
:108B90001F0302F01F021343CA453146E0B2C5F875
:108BA000A030E8D008F0A1FA10F1160F26D0C5F8D1
:108BB00098B0D5F89C209DF808300AF1FF3A62F38E
:108BC00004038DF80830D5F8A0309DF808205B0824
:108BD00063F347128DF80820D6E90032134400935E
:108BE00023F01F035344A3EB0903013023F01F03B9
:108BF0006946C0B20393FFF757FFBEE76FF0150455
:108C0000204605B0BDE8F08F00ED00E00522044BE2
:108C1000C3F89420BFF34F8FBFF36F8F704700BF2F
:108C200000ED00E0BFF35F8F0022024BC3F89420F9
:108C3000704700BF00ED00E038B50C4D0C462A78B7
:108C4000FFF744FF287016300FD140F28913084A0D
:108C50000849094808F08EF92146084808F08AF9C1
:108C600040F28911024808F07CF938BD3C2F002001
:108C7000253B0200FB450200CF310200543B0200BD
:108C80002DE9F74F314D894606464FF00008AB46B7
:108C90002F4FC84502DB03B0BDE8F08FD6F804A023
:108CA000BAF1000F4CD031680846019108F014FA6F
:108CB000019904460AEB0100013808F00DFA8442DC
:108CC0004FF01402234B15D002FB08F36FF015028E
:108CD0004BF8032040F299131F4A2049204808F01E
:108CE00049F949461F4808F045F940F299111A48D8
:108CF00008F037F914F1160F2C60EBD01978A14267
:108D0000E8DD02FB08B0C7F89840C7F89840D7F8EC
:108D10009C4000F10801007B64F304000871D7F85F
:108D2000A0000C79400860F347140C71D7F89C1030
:108D300021F01F016960D7F8A01021F01F012961FF
:108D400008F1010814350C36A3E700BF7C2A002087
:108D500000ED00E03C2F0020253B0200FB45020017
:108D6000CF310200803B02002DE9F0416B4D6C4E8B
:108D7000D5F890303468C3F307239C4286B013D9EA
:108D800040F20223674A6849684808F0F3F8D5F8CA
:108D9000902021466648C2F3072208F0EBF840F223
:108DA0000221604808F0DDF80020FFF73BFF614B2F
:108DB000C5F8C03084421BD15F4D01A82C70FFF76D
:108DC000A5F9002607464FF061085C4CB74216D162
:108DD00000202B785149D1F89020C2F3072293420A
:108DE000C0F295800020FFF711FF06B0BDE8F081CA
:108DF000716801EB0011FFF73FFE0130DAE7019ADD
:108E0000300102EB0613D3F80CC00CEA0401B1F1F7
:108E1000807F57D00AD8B1F5001F29D0B1F5800F57
:108E200043D0B1F5801F14D00136CFE7B1F1006F08
:108E300048D0B1F1805FF7D159689B681258013B67
:108E400021F01F000344CDE9021223F01F03012289
:108E50000BE0596812589B68CDE902122122013BB0
:108E600021F01F00034423F01F038DF8102036E08B
:108E7000596812589B68CDE902124122013B21F04A
:108E80001F00034423F01F031CF0010F8DF8102076
:108E9000059325D02A498423224A244808F06AF8F9
:108EA000284808F067F884217BE759689B681258C6
:108EB000013B21F01F000344CDE9021223F01F0300
:108EC0000622D2E7596812589B6821F01F00013B27
:108ED000CDE90212034423F01F038DF8108005939F
:108EE000287802A9FFF7E0FD00280CDA0E4940F2CD
:108EF00035230C4A0D4808F03DF8134808F03AF8BD
:108F000040F235214DE72B7801332B708CE7C1F807
:108F10009830C1F8A00001335DE700BF00ED00E02C
:108F2000142F0200253B0200FB450200CF31020056
:108F3000AF3B0200AAFF44003C2F00200000F0FFDE
:108F4000E33B0200093C0200383C020008B5064938
:108F5000064821F00701C1F1005202F58022FEF718
:108F600039FD002008BD00BF4F6D0020902A002071
:108F700070B541690446867A0A4D59B1437ADB07D8
:108F800006D42C2303FB06535B6A1B689B68984737
:108F9000002363612C20214600FB0650BDE8704091
:108FA00008F056BC180400202C22024B02FB0030B3
:108FB000704700BF180400202C21827A054B01FB6A
:108FC00002339A6A1B7F801A1B3323F00303B0FB22
:108FD000F3F070471804002038B52C24827A064B31
:108FE00004FB02335B6AD3E901240C601568FFF7C8
:108FF000E3FF04FB005038BD1804002008B54368A7
:109000004BB1074907485A23074A07F0B3FF5A21D3
:10901000054807F0A6FF03824369C36008BD00BF8F
:10902000963C0200CF310200713C02002DE9FF475F
:109030000546684617461C46039108F0C0FCDDE96A
:10904000008955B95C4940F201135C4A5C4807F05D
:1090500091FF40F20111594818E005F11406EFF3B1
:10906000118A402383F31288BFF36F8F304605F0D7
:10907000A9FF68B98423534A5349514807F07AFF3E
:109080003146524807F076FF84214E4807F069FFC9
:10909000304605F0BBFF6B8B002B5AD02A8B9A42CF
:1090A00039D900220023284604F038F80446002865
:1090B00031D0304605F094FF68B94FF49973414AB6
:1090C00043493F4807F056FF3146424807F052FFF8
:1090D0004FF49971D9E78AF31188BFF36F8F039D1D
:1090E000002D59D042464B46684608F08DFC2C2195
:1090F000A27A394B204601FB02335B6A03A91B6845
:109100001E68DDE90023B0476061002837D12046A2
:10911000FFF72EFF2EE06C8B3046631E6B8305F04D
:109120005FFF0028C9D08AF31188BFF36F8F2B7FB0
:109130002A8B1B33121BAC6A23F0030302FB03448C
:10914000254B264AEB1A9B105343A3722B7FE372E5
:10915000C5E7304605F044FF0028AED08AF31188F9
:10916000BFF36F8F23463A46284603F0D7FF0446E5
:109170000028B4D10024204604B0BDE8F087039B4A
:109180009D420BD916494FF4AB730C4A0C4807F0BB
:10919000F1FE4FF4AB715EE72B46656100210122C1
:1091A000616022816382E27A04F1180008F071FEA6
:1091B0002046FFF723FFDEE7B03C0200713C0200CF
:1091C000CF310200CA3302002334020038340200D7
:1091D000F73302000E34020018040020A38B2EBACD
:1091E000B53C0200F8B5054698B12C27184E2C4620
:1091F000237A6D68CBB940F2C113164A1649174855
:1092000007F0B8FE2146164807F0B4FE40F2C1113F
:1092100008E0144940F2BB130E4A104807F0AAFEBA
:1092200040F2BB110B4807F09CFE013BDBB22372FE
:1092300053B9E3606360A37A204607FB03631B6AAC
:109240001BB19847002DD2D1F8BDFFF791FEF9E789
:1092500018040020713C0200CF3C0200CF31020014
:10926000D83C0200CB3C0200034670B505688288FA
:10927000DC889E68A818A41AAD1B641BA14209D9FA
:10928000064907483E23074A07F074FE3E21054879
:1092900007F067FE0A449A8070BD00BF283D0200B7
:1092A000CF310200ED3C020008B5828803468A42B5
:1092B0000BD20949094840F2C313094A07F05AFE84
:1092C00040F2C311064807F04CFE521A8280006833
:1092D0000844186008BD00BF4C3D0200CF310200B9
:1092E000ED3C020008B5244A244B1A6000F032F924
:1092F0004FF47A612248D0F82436C3F30802C3F34E
:1093000009434B4382F480721E49883201FB0233C9
:109310004FF4FA215B00B3FBF1F201FB12331A495F
:10932000B3F57A3F28BF0132C1F80429D0F82036BE
:109330004FF47A60C3F30802C3F30943434342F294
:109340001C5082F4807202F2172200FB02334FF4A9
:109350007A701B0AB3FBF0F200FB12330020B3F566
:10936000FA7F4FF0010328BF0132C1F81C27C1F872
:109370000009C1F8003608BD0020A1072403002021
:1093800000C0FF00F82A00800000125048B1054BD1
:10939000054A1B68B3FBF2F35843044B43F0010347
:1093A000184770472403002040420F00F02E0200AF
:1093B00070B50446807AFFF7F7FD6169054649B14B
:1093C000637ADB0704D4436A20461B689B6898478E
:1093D000002363612146284608F03AFA034B1B68D4
:1093E0001BB1BDE870402A20184770BD9C2A0020A0
:1093F00008B5034B186808F020FA002008BD00BF2C
:10940000A02A0020082808B50BD870B1431E072BEE
:109410000BD8DFE803F005040A140A0A0A14042032
:1094200008BD10280DD020280BD00749074852232B
:10943000074A07F09FFD5221054807F092FD0220E0
:10944000EEE70520ECE700BFFB450200CF3102004C
:109450005C3D0200811EC9B21E2938B5054613D8ED
:109460000A4CCC4014F001040CD0094807F057FE18
:10947000044638B12846FFF7C5FF014604F10C0049
:1094800007F05DFE204638BD0024FBE741000040A8
:1094900070040020014B1860704700BF9C2A002018
:1094A000F8B501280546DDE9067609D0042804D17F
:1094B000144807F034FE044620B900242046F8BDC5
:1094C0001148F6E72846FFF79DFF04F10C05014619
:1094D000284607F034FE002FF0D0002EEED0228A6E
:1094E000638A61699B1AE268521A9B1A9E4203D9E9
:1094F0002046FFF777FEE0E732463946284607F078
:1095000012FEDBE71804002044040020038A014611
:1095100023B1034B186883689B6818471220704773
:109520000403002010B5084B084C1860206808F0B0
:1095300050F930B1206806498368BDE810401B68C7
:1095400018476FF0120010BDA02A0020040300206D
:10955000F19301000122024BC3F80424704700BFBD
:10956000002008E037B540230C460A490093411A11
:10957000491105462346084A084807F0F2FD01460E
:1095800028B12846234603B0BDE83040184703B051
:1095900030BD00BFB82A0020D11102002C200200EB
:1095A000C9B2012908B509D9084909487E23094AE1
:1095B00007F0E0FC7E21074807F0D3FC0C2203698A
:1095C00001FB0233986C00F0070008BDCB3D0200A0
:1095D000CF3102008E3D020070B5C9B201290346A9
:1095E00000690BD9174918484FF4E873174A07F078
:1095F000C1FC4FF4E871154807F0B3FCEFF3118696
:10960000402484F31288BFF36F8F0C2505FB0104FF
:10961000A46C14F0C00401D0A24210D1012205FBB9
:1096200001008264002086F31188BFF36F8F28B990
:109630005B6803EBC1035B689847002070BD4FF087
:10964000FF30F0E7CB3D0200CF3102008E3D02003B
:1096500070B50D4606490446411A49114022054895
:10966000FFF7BAFF2B4601462046BDE87040184779
:10967000B82A00202C200200F8B50022012105465E
:1096800040F20510FFF7BCF80F4801F081FF0446D7
:10969000B8B907F05AFF2F690C49384607F0B9FCF2
:1096A000031E09DB0126BE642D69084905F120006F
:1096B00007F0AFFC031E02DA1C462046F8BD6E65BB
:1096C000FBE76FF00404F8E781970100842F0200A4
:1096D0001FB5002201236C46CDE902236B46074AE1
:1096E000CDE9004407F06DFD28B943F60952002387
:1096F000684603F01DFE04B010BD00BFDD1102007E
:1097000010B5EFF31184402383F31288BFF36F8FFA
:10971000074A136823F00201DB07116002D401201D
:1097200001F016FF84F31188BFF36F8F10BD00BFE7
:10973000102B00200C22104B014602FB00330020AE
:1097400030B4D3E910521864EFF31180402484F34D
:109750001288BFF36F8F9C6C04F0C00444F00204C5
:109760009C6480F31188BFF36F8F1DB12B4630BC12
:109770000248184730BC7047B82A00202C2002004D
:1097800008B506281CD8DFE800F025250D0F0425B4
:109790002500114B986C10F007001BD1BDE8084064
:1097A000FFF7C8BF0120F9E70C4940F2FA230C4A41
:1097B0000C4807F0DFFB40F2FA21094807F0D1FB23
:1097C00006494FF44173064A064807F0D3FB4FF4AD
:1097D0004171F2E708BD00BFB82A0020FB45020036
:1097E0008E3D0200CF31020010B4EFF31180402211
:1097F00082F31288BFF36F8F16490B6843F002049F
:1098000013F001030C6017D0134BD3F80C3413F48E
:10981000803311D0EFF3118182F31288BFF36F8F81
:109820000E4A936C03F0C00343F00203936481F388
:109830001188BFF36F8F012380F31188BFF36F8FFF
:109840001BB1002010BCFFF775BF012010BC01F058
:1098500055BE00BF102B002000E01050B82A002099
:109860002DE9F041012206464049D1E8EF3FC1E829
:10987000E02F0028F9D1A3B93D493E484B60CB60A9
:109880008A60FEF78DFB00280BDA3B4940F2A323E8
:109890003A4A3B4807F06EFB40F2A321374807F0F5
:1098A00060FB002E4CD0731E012B55D8012E06D123
:1098B000344BD3F8503403F00303012B40D007F0AE
:1098C000F3FF054650B1EFF31188402383F312886C
:1098D000BFF36F8F01252B4C2B4F20E02B4B1B78B8
:1098E000002BF0D00422274B8046C3F80823F2E770
:1098F00045B3404607F0E1FBD4F8403413F0FF03D2
:109900000DD1D4F8082152B1C4F80831D4F8083187
:1099100020220123C4F84034C7F8A0212361D4F8E1
:109920004C24D4F84C34D203E2D503F00303012BCA
:1099300001D0012EDCD155B188F31188BFF36F8FB0
:10994000BDE8F0810021202004F0C0FFD4E704220C
:109950000C4BC3F80423F3E70D4940F2B523074A43
:10996000074807F007FB40F2B52197E7B42A00202B
:10997000A42A0020D82A0020EF3D02008E3D0200DC
:10998000CF31020000E0105000E100E04A31002039
:10999000FB45020038B5036961B921496423214AB6
:1099A000214807F0E7FA214807F0E4FA64211D484E
:1099B00007F0D7FA486850B91D496523194A1A4873
:1099C00007F0D8FA1B4807F0D5FA6521EFE7586889
:1099D00000B30024884219D108688CB99C6858608B
:1099E000A14200D19860002008602AB15A680A603C
:1099F0009A68596002B9996000200FE02846E9E7AB
:109A000020609868814208BF9C60ECE705680446C6
:109A1000002DF3D1002AE9D16FF0150038BD00BF49
:109A2000493E02000D3E0200CF310200523E0200CC
:109A3000613E0200733E020008B503685F2B4FEAE7
:109A4000531107D80C4A03F01F0352F82120DA40C3
:109A5000D2070BD409490A484FF48263094A07F038
:109A600089FA4FF48261074807F07BFA0360064BDE
:109A700053F8210008BD00BFAC2F0200BD3E02001C
:109A8000CF3102008A3E0200A02F020070B5446868
:109A900001F01F05207C86B045EA4015A06800282B
:109AA00072D0B2F5001F04D1294602F017FA002047
:109AB0004EE06068667CB2F5800F46624FF00006AB
:109AC00001A80196466032D1B3F1007F14BF05238F
:109AD00004238DF804300023CDE904030393E368E5
:109AE0006E46CB4013F0010F34D1B2F1A07F31D1DB
:109AF00068460095FFF7A0FF009B203350F8233005
:109B0000DB0727D46A462946A06802F077F81630AA
:109B100018D002962946A06803AA01F00FFF00287A
:109B200016DB01222946A06802F056F9BFE7B3F11F
:109B3000C06F05D0B3F1007F14BF01230223C8E733
:109B40000323C6E76946A06802F022F90028E0DA9C
:109B500006B070BD32462946A06802F04FF80028D2
:109B6000D8D19DF80010A06802F0F2F80028D1D0FA
:109B70000749084840F2F113074A07F0FBF940F2A1
:109B8000F111054807F0EDF96FF08500E0E700BF3F
:109B90000C3F0200CF310200E03E02002DE9F0430D
:109BA000466840F20635337CD00601F01F0747EACD
:109BB000431748BF032302EA050558BFC2F3401309
:109BC00087B0B5F5837F14468DF8033043D00DD8A8
:109BD000062D42D005D8A5B1022D12D06FF0150088
:109BE00036E0B5F5807FF9D101250AE040F2022286
:109BF000954234D0B5F5407F33D0B5F5007FEDD137
:109C0000042522032FD5012372688B405360B0686E
:109C100080BB03A80397FFF70FFF039B00EB8300B4
:109C2000C4F3004383F00103C4F34044D0F8802020
:109C300044EA43049DF8033022F4706244EA83044A
:109C400022F00F0244EA05231343C0F880300020BD
:109C500007B0BDE8F0830925D3E70825D1E706253D
:109C6000CFE70525CDE7630341BF012372688B4031
:109C70009360CCE739460DF1020201F0BFFF14F406
:109C8000403F804617D13946B06802F049F8B8F134
:109C9000000FDCD19DF80210B06802F059F80028DE
:109CA000D5D01E491E48FC231E4A07F063F9FC214B
:109CB0001C4807F056F94FF0000901ABCDE90199B6
:109CC000CDE90439CDF80C903946B06803AA01F00B
:109CD00035FE4845BBDB14F4003314D09DF8033047
:109CE000C4F3004484F001048DF80E308DF80C505C
:109CF0008DF80D404B463946B06803AA01F0E0FEEE
:109D00000028C4DAA3E7CDE904330DF1030303937C
:109D10003946B06803AA01F011FEF1E70C3F0200DA
:109D2000CF310200E03E02004209022A034670B52C
:109D300003D0012A1FD002B370BD154E326951689D
:109D40000029F9D0012503F01F030C689D4000296C
:109D5000F2D08A682A4014D04B6883B90D49892310
:109D60000D4A0E4807F006F90D4807F003F989215E
:109D7000094807F0F6F80B4EE0E70B4EDEE73046F9
:109D800098471CB1236821461C46E0E72346FAE7C2
:109D900080200200153F02000D3E0200CF3102007C
:109DA000733E0200642002004820020038B5456876
:109DB000A868C0B101F09AFF0146A0B9A86801F0F7
:109DC00051FF044688B902460949A86801F0FEFE21
:109DD00022460121DB20FEF713FD2246012140F23D
:109DE0000D10FEF70DFD002038BD6FF00400FBE7FD
:109DF000299D010008B503685F2B4FEA531107D86E
:109E00000C4A03F01F0352F82120DA40D2070BD48A
:109E100009490A484FF48263094A07F0ABF84FF446
:109E20008261074807F09DF80360064B53F8210054
:109E300008BD00BF00300200BD3E0200CF3102006D
:109E40008A3E0200F42F02002DE9F04F1546064627
:109E50004FF0010985B000EB8108B04503D1002027
:109E600005B0BDE8F08F3268C2F3C323082BC2F3FC
:109E7000080400F2A0805149CF5C40F2FF139C42DD
:109E800008BF4FF0FF34B2F1D05F4FEA126310D237
:109E9000192B12D8DFE803F014233734282F34119C
:109EA00011111111111111111111111111113A7119
:109EB0007477382B6AD04E2B25D06FF08500CFE712
:109EC000C5F80446621C56D003A80394FFF792FF1E
:109ED000039B4FF0010A09FA03F3436029E0C5F838
:109EE0000C464FF0000B62E04FF0000AC5F8004648
:109EF000611C16D13FE04FF0010AC5F80446F7E7B0
:109F0000C5F80846EDE7C5F81046DBE7C5F860453B
:109F10007388601C03F001032DD0002BD4D14FF0C7
:109F2000010A03A80394FFF765FF039B09FA03F3F3
:109F300083604FF0010B326803A8130444BF4FF055
:109F4000010A4FF0000B01920394FFF753FF039BAC
:109F5000019A00EB8300C2F341223B02D0F880104B
:109F600043EA8203164A43EA0B030A40134343EAD7
:109F70004A03C0F8803004366FE7C5F86445C7E788
:109F8000C5F86845C4E7C5F86C45C1E703A8039464
:109F9000FFF730FF4FF0010B039B00EB8300D0F87D
:109FA000803023F0E04343F08043C0F88030631CEE
:109FB000E1D0DA46BFE76FF0150051E71452020016
:109FC000F0F0FCFFF0B54B79012B75D0032B40F07E
:109FD000B8804FF0100CCE7916B1012E40F0B18050
:109FE0000A79012A6BD0022A6DD0002A40F0A9809C
:109FF00015460B68B3F5967F67D0B3F5167F67D02B
:10A00000B3F5966F67D0B3F5166F67D0B3F5965F6B
:10A0100067D0B3F5165F66D0B3F5615F65D0B3F571
:10A02000964F64D0B3F5E14F63D047F61224A342B4
:10A0300061D0B3F5164F61D04DF6C024A34260D075
:10A04000B3F5614F60D0B3F5963F60D0B3F5E13F13
:10A050005FD0B3F5613F5FD03B4CA3425FD0B3F517
:10A06000E12F5FD0B3F5612F5FD0384CA34268D1A8
:10A070004FF08053476804693F68C7F824358B79EF
:10A08000032B55D0002B56D0012B57D0022B14BFD9
:10A090004FF490534FF46063406833432B4342EADC
:10A0A0000C020068134343F48043C0F86C3503C9C5
:10A0B00084E803000020F0BD4FF0000C8BE74FF464
:10A0C00080750E2295E70025FBE74FF4A033D1E71A
:10A0D0004FF41C33CEE74FF49E23CBE74FF41D2300
:10A0E000C8E71B4BC6E71B4BC4E71B4BC2E71B4B28
:10A0F000C0E71B4BBEE74FF40003BBE74FF41D0363
:10A10000B8E74FF46503B5E74FF46B03B2E7154BBF
:10A11000B0E74FF0EB73ADE74FF06C73AAE74FF089
:10A120008063A7E74FF0E863A4E74FF07063A1E70F
:10A130004FF48053B0E74FF42063ADE74FF4406332
:10A14000AAE76FF08500B6E790D0030040420F0009
:10A1500000B013000050270000F03A0000A04E00AD
:10A1600000C0750000903A012DE9F04104460D460B
:10A17000476807F099FB88B14021EFF311831A4635
:10A1800081F31288BFF36F8F60680068D0F83001E8
:10A19000D0B983F31188BFF36F8FEEE71E4B1B78A6
:10A1A000002BE9D04FF04008642663681B68D3F8A1
:10A1B0003031FBB9012007F0CEF9013EF5D1002185
:10A1C000202004F083FBEFE77B6900201D706368AB
:10A1D00079691B68C3F83C170121C3F84017C3F81D
:10A1E0003001D3F83001196582F31188BFF36F8F06
:10A1F000BDE8F081EFF311831A4688F31288BFF3AC
:10A200006F8F61680968D1F830110029DCD183F3C0
:10A210001188BFF36F8FD2E74A31002070B50F4825
:10A22000D0E90015541A63EB0506640944EAC664D4
:10A230002026E4FB0615C0E9001509490020C1E904
:10A2400000230021074BC3E9000105F049F901464D
:10A250002046BDE8704005F0ABB800BFA018002054
:10A26000881800209818002008B500220121E42059
:10A27000FEF7C6FA164A0020D2F8183723F4403306
:10A28000C2F8183702F062F8002820DB01201149DB
:10A2900002F00CF900281ADB02F01AF80E4B20F03D
:10A2A0001F00C3E900010D4B0022C3E900014FF07C
:10A2B000FF304FF0FF310A4BC3E90001094B0A4957
:10A2C000187A02F02DF867220020084B1A6008BDAA
:10A2D00000200E5020030020A0180020801800202D
:10A2E00088180020180300201DA20100382B002030
:10A2F00008B501F0EDFF064AD2E90032C01A054B5D
:10A3000061EB0201C3E90001400940EAC16008BDF8
:10A31000A018002098180020F7B5224B0146224FC4
:10A32000187A224BD7E90056D3E900239E4208BF92
:10A33000954211D1B1F1806F0ED24901012938BF88
:10A34000012101224D1946F10006C7E9005603B06C
:10A35000BDE8F04002F052B9154BDFF858C0D3E920
:10A360000043DCE9002CA41843EB0C0C4FF0200E4A
:10A3700022466346C1FB0E23954276EB0301C7E9F3
:10A3800000230DD2291B66EB0C04C82974F10004CC
:10A39000B4BF01210021009102F0F0F803B0F0BD3C
:10A3A0000021F8E7180300209018002088180020EA
:10A3B000A01800209818002002460B46014802F021
:10A3C00035BC00BFD0030020014802F0F7BC00BF3D
:10A3D000D003002000200122024B186018715A702F
:10A3E0009A7070473F2F002003462DE9F04708463A
:10A3F0001546002A00F0E880002900F0E580990B5E
:10A400000229C3F30527DCB200F09B80032974D036
:10A4100001297FD0092F00F2D580DFE807F0051869
:10A42000213C495AD3D3D366032C00F2CB800022BF
:10A43000664B1A601A7101225A709A7000214FF609
:10A44000FF73CB1A584229805841BDE8F0870F2C82
:10A4500000F2B8805D4B240124F03F041C70EDE74E
:10A46000043C0F2C00F2AE80DFE804F00808080876
:10A470000A0A0A0A0D0D0D0D10101010534BDAE7E1
:10A480000222524BD8E70322504BD5E704224F4B10
:10A490005A700322D1E7032C03D800224B4BDA7009
:10A4A000CCE7043C032C00F28D800122474BF6E7F9
:10A4B000032C00F2878003210C30FEF7D5FE6FF0ED
:10A4C0007803037020234370002383704FF6FF71DD
:10A4D000B5E703210C30FEF7C7FE0F2C01D82F2360
:10A4E000EFE7102C6ED15823EBE7384A03210C30EC
:10A4F0001371FEF7B9FE4B23E3E7002F62D1032C63
:10A5000060D80C30FEF7B0FE1F2303702023877045
:10A510004370DBE7272F92D800F10C04032120467B
:10A52000FEF7A2FE332303210370202381704370C2
:10A530002046FEF799FE254B07709A784270DB782B
:10A54000C3E7272F3ED804F00304022CDFF87C90E9
:10A5500004D0032C2FD0621E5442544199F800209D
:10A5600000F10C06C3F385030321304643EA0208D9
:10A57000FEF77AFE7B230370202343700823072114
:10A5800083703046FEF770FE4FF0000A077080F8C7
:10A59000018099F801308470C37080F804A080F8BD
:10A5A00005A080F806A001213046FEF75DFE99F96E
:10A5B000043003708AE799F80120033A012A01D890
:10A5C0000424CBE701213AE703203EE73F2F002098
:10A5D00038B5002900F00181CB68002B00F0FD8028
:10A5E000002A00F0FA801978042923D159780F291C
:10A5F00001D1012382E00E291CD142F24B059C7847
:10A600009988033CA94224B200F09E8026D842F2E9
:10A610002F05A9424ED00FD842F21E00814204D825
:10A6200042F21C0081420CD804E042F21F00814239
:10A6300000F0BE80022063E0A1F50051333901290A
:10A64000F8D8012C00F0AF80654940F2B123654A8B
:10A65000654806F08FFC40F2B12136E042F27B0003
:10A660008142EED016D842F25000814202D842F226
:10A670004E00D7E742F258008142DBD1052C4AD088
:10A680005A494FF42573574A574806F073FC4FF464
:10A6900025711AE042F287008142CBD1FA2C41D0D9
:10A6A000534940F29B234F4A4F4806F063FC40F267
:10A6B0009B210AE0092C0BD04E494FF42373494AE1
:10A6C000494806F057FC4FF42371464806F049FC10
:10A6D000997900298DD1C0B20F288AD8DFE800F01F
:10A6E0000808080811111111151515151818181852
:10A6F000B3F8073047F6FE7101EA430313800020E8
:10A7000038BDB3F809305B08F4E7B3F80B30F1E774
:10A71000B3F80D30F7E7997900297FF46AAF9B7A97
:10A720005B00EBE7997900297FF463AF587A1B7AD5
:10A730008100400001F00C0100F010001B090143F2
:10A7400003F002030B43D9E7032C09D02A494FF445
:10A750002973244A244806F00DFC4FF42971B4E70C
:10A760009979F1B9254C93F9070094F904108142C5
:10A7700001DB7E2913D1014620714FF4007093F95B
:10A7800008308B4201DB7F2903D11946237140F445
:10A790008060490001F4FF7108431080AFE700209A
:10A7A000EDE70120F9E79B79003B18BF0123A5E7FE
:10A7B000032C09D012494FF42E730A4A0A4806F0B6
:10A7C000D9FB4FF42E7180E7997900297FF411AFFE
:10A7D000B3F8073043F4004390E7032090E700BF4D
:10A7E000774002004E3F0200CF310200BE3F020020
:10A7F000F53F0200833F0200404002003F2F00204F
:10A80000A84002001FB500230A2201930293CDF84D
:10A810000B300091014601A807F043FB4FF4AC73E5
:10A82000074A0849084806F0A5FB084801A9009A0C
:10A8300006F0A0FB4FF4AC71014806F092FB00BF9C
:10A84000DA400200FB450200CF3102001341020052
:10A85000F0B506468BB00D462648274902F0AEFFFC
:10A8600005A8F6F73AFC254806F0B3FF00283BD0D0
:10A87000234B02A80293E6F79BFE002837D14FF046
:10A88000FF304FF0FF31FFF797FD044638B91D49FF
:10A890001D48E6F78BF9044620B1FFF795FD2046E9
:10A8A0000BB0F0BD41F64C5703A80397EBF71AF82D
:10A8B00020B1FFF789FD6FF08504F0E7012301A8BF
:10A8C0008DF80430F8F70AFF0028F2D104A80497A5
:10A8D000EBF710F80028ECD1FFF776FD33690B4851
:10A8E0001D60FEF7D7FDDAE76FF01204D7E76FF0CF
:10A8F0001504D4E7402B0020371402009C200200EE
:10A9000011A90100A8180020FDAA0100D1AA010088
:10A9100003460A4610B5114881680C6864B91049AD
:10A920006623104A104806F025FB104806F022FB6B
:10A9300066210C4806F015FB1946A04768B10C4982
:10A940004FF436730B4A084806F014FB0A4806F029
:10A9500011FB4FF436710748ECE710BD9C20020054
:10A960006F4102003B410200CF3102008F410200E3
:10A970000C3F0200DA400200B541020030B5424807
:10A9800085B0E5F7B5FF0446002878D10125E6F744
:10A990004FF9E6F759F9E6F763F9F6F7A0FBF6F792
:10A9A000A2FBF6F7A2FBF6F79CFBF6F79CFBF6F78B
:10A9B0009CFBE6F767F9E6F771F9F6F798FBF6F70F
:10A9C00098FB2946204601AA8DF80450E5F7F0FFD0
:10A9D000002853DB0221204601AA8DF80450E5F738
:10A9E000E7FF00284ADB08230721204601AAADF82B
:10A9F0000430E5F7DDFF002840DB4FF01B13019327
:10AA000040F203230321204601AAADF80830E5F700
:10AA1000CFFF002832DB0421204601AA8DF8045024
:10AA2000E5F7C6FF002829DB1F230621204601AADF
:10AA3000ADF80430E5F7BCFF00281FDB0323052138
:10AA4000204601AA8DF80430E5F7B2FF002815DB97
:10AA50001821204601AA8DF80450E5F7A9FF002827
:10AA60000CDB40F6935398420CD984F31188BFF362
:10AA70006F8F0423184602DF6FF00B000446204658
:10AA800005B030BD0020F9E705A8010008B50A4966
:10AA90000A4806F0F9FE00280CDA09492F23094A72
:10AAA000094806F067FA094806F064FA2F210548BC
:10AAB00006F057FA08BD00BF402B002040260020BA
:10AAC000FB450200EF410200CF31020018420200B4
:10AAD000094B93F80231042B02D1810709D4704746
:10AAE000022B02D1020704D47047082B03D183063E
:10AAF00001D5FFF7CBBF7047442F002070B5314C14
:10AB000094F80231CBB194F80231042B36D120787D
:10AB10003E2824D1A678B31E5E425E410022002367
:10AB2000314606F01BFB0546D8B9BEB1002384F8B8
:10AB30000231BDE87040FFF7A9BF4FF0FF304FF082
:10AB4000FF31FFF739FC48B9204604F5817100F068
:10AB5000DBFB0546FFF738FC002DD4D070BD002686
:10AB6000DCE762780232174905F10C0006F0DBFAE7
:10AB7000154B29461B6815489847D7E7022B15D176
:10AB8000002200230820FEF765FC05460028E5D0DA
:10AB900062880432B2F5817FE5D9002383F31188FE
:10ABA000BFF36F8F0423184602DFBFE7082BBDD128
:10ABB000002200232020FEF74DFC62880546002875
:10ABC000E7D1CBE7442F00203C2B0020D42002000B
:10ABD0002DE9F3418A4C074626780588002E40F07F
:10ABE0008C8304238DF80730864BD3F80080B8F1AE
:10ABF000000F19D1B5F5105F4FEA95230FD2002B46
:10AC000063D0013B072B00F23A83DFE813F03200F8
:10AC100038034A00AB00E90038033803FF003F2B3C
:10AC200000F08B820120CCE20DF106030DF107024A
:10AC3000611CC0470128DDD09DF8063013B90128FA
:10AC400040F04F830F2363700423A3700123E0704F
:10AC50002371A4F805500123237040F635439D422B
:10AC600003D1A379002B00F04683002002B0BDE899
:10AC7000F081384640F2064230F9033B93420AD055
:10AC800040F21D42934209D0012040F206439D420A
:10AC900000F0228363E1E9F775FFF6E7EAF70EF8C3
:10ACA000F3E7384640F6354130F8032B13B28B42B8
:10ACB0001DDC40F62C418B4209DC40F601429342F8
:10ACC00024D040F60342934224D0012020E0A2F693
:10ACD0002D43082B00F2D382DFE813F01F00D102CE
:10ACE000D102D1022800D1022B00D1022F0040F660
:10ACF0007B42934224D040F67C42934229D040F6D6
:10AD000063429342E1D1E6F719F801E0E6F704F86F
:10AD10000126E1E2F6F7D8F9FAE79DF807303A495B
:10AD200003338DF80730F8F7F5F8F1E7E9F7E4FEBB
:10AD3000EEE706F0BAFBC0B2EAE7E9F70BFFE7E798
:10AD40009DF80730304904338DF80730F8F71FFCC1
:10AD5000DEE79DF807302C4902338DF80730F8F70D
:10AD600039FCD5E73B88A3F58053013B082B00F263
:10AD70008682DFE813F0090012001C0084028402BE
:10AD80008402840284022C009DF807301E48083398
:10AD90008DF80730F8F7ACF8BAE79DF807301A4895
:10ADA00040338DF8073006F048FB0020B0E7002262
:10ADB0009DF8073008338DF80730134B1A605A603E
:10ADC000E37A23F0600343F06003E372EDE79DF85C
:10ADD00007300D4806338DF80730F8F7F3F897E79A
:10ADE00041F205433A889A427FF46FAF9DF80730ED
:10ADF00005490333F81C8DF80730F8F72DFC87E779
:10AE000047300020502B00204E300020384630F8CC
:10AE1000033BA3F50053013B872B00F22E82DFE8B2
:10AE200013F08800A400AD002C02B600B900BC00ED
:10AE3000C500C800CB00D100D400D700DA00DD0087
:10AE4000E600E900EC00EF00F200F500FE00010171
:10AE50000A01130116011F01280171017701830105
:10AE60002C022C022C022C022C022C022C0232016D
:10AE7000350138013B012C022C02440147012C0210
:10AE80004A015301560174017A012C022C022C0252
:10AE90002C022C022C022C022C022C022C022C0242
:10AEA0002C022C022C022C022C022C022C022C0232
:10AEB0002C022C022C0259012C022C0262012C02C1
:10AEC0007D012C022C022C022C022C022C022C02C2
:10AED0002C022C022C022C022C022C022C022C0202
:10AEE0002C022C022C022C022C022C022C022C02F2
:10AEF0002C022C022C022C022C022C022C022C02E2
:10AF00002C022C022C022C022C022C022C022C02D1
:10AF10002C022C022C028001CE002C022C022C02CE
:10AF20002C022C022C022C022C022C022C02680176
:10AF30006501E5F70DFF42F26B039D4200F2B98116
:10AF400042F263039D4200F29C8142F219039D424A
:10AF500000F2A48142F20C039D4200F2988140F27B
:10AF60001D439D4200F0B881D2E69DF80730B448F9
:10AF700003338DF80730E9F7FBFDDCE79DF8073078
:10AF8000AF4808338DF80730F8F7F6F9D3E7F8F74C
:10AF900036F8D0E7EAF736FCCDE79DF80730A84849
:10AFA00001338DF80730F7F7E1FFC4E7F8F789FAC6
:10AFB000C1E7F8F761FABEE7F8F7A8FABBE7F8F7D8
:10AFC0009DFBB8E7E9F756FFB5E7F8F7C6F8B2E733
:10AFD000EAF70CFAAFE7EAF76FFAACE79DF807304B
:10AFE000974801338DF80730F7F7CEFEA3E7F7F760
:10AFF000D2FEA0E7F7F71AFF9DE7F7F733FF9AE7CE
:10B00000F8F7CDF897E7F8F751F994E79DF807308E
:10B010008B4907338DF80730F7F7FFFF8BE7F8F719
:10B020009BF988E79DF80730854910338DF8073084
:10B03000F7F7A7FF7FE79DF80730814808338DF8C1
:10B040000730F7F761FF76E7F8F7F6F973E79DF851
:10B0500007307B4902338DF80730F8F778FA6AE752
:10B060009DF80730764902338DF80730F8F780FAFB
:10B0700061E79DF80730002008338DF80730FF2383
:10B08000E371E37257E7F7F794FE54E7F7F7B4FE7E
:10B0900051E7F7F71BFF4EE79DF80730684801338B
:10B0A0008DF80730F7F720FF45E7F7F7FFFE42E797
:10B0B000F7F7F3FE3FE79DF80730614904338DF859
:10B0C0000730F7F7E0FF36E7E9F7CCFD33E7F8F7AD
:10B0D00019F830E79DF80730594802338DF80730EA
:10B0E000F7F733FF27E7F7F7B7FF24E7EAF758FA50
:10B0F00021E79DF807305248073B8DF80730F8F7F5
:10B1000043F918E7F8F7AFFB15E7F8F7BCFB12E7D0
:10B11000F8F719FB0FE7F8F72EFB0CE7F8F743FBFE
:10B1200009E7F8F761FB06E79DF80730444802336A
:10B130008DF80730F8F7B7FBFDE638464FF61B529F
:10B1400030F8033B93422CD84FF60252934213D867
:10B1500003F2FF3292B20A2A3FF664ADA3F57C43B4
:10B16000013B0A2B00F2A480DFE803F02331A2A206
:10B17000A258A2A2464F5B00A3F57D43033B182BC8
:10B1800000F29680DFE803F05694599494945E940C
:10B190009461679494949464946A9473949494944A
:10B1A00076004FF6235293427FF43CADF8F743FB11
:10B1B00007E09DF8073022480C338DF80730F5F78B
:10B1C0009AFF4FF6025225F008039342CAE6002088
:10B1D0009DF8073040338DF80730194B1880E3791C
:10B1E00023F0230343F02303E371237A23F00703BF
:10B1F00043F007032372E4E79DF807301048173344
:10B200008DF80730F5F792FFDBE79DF807300C4823
:10B2100020338DF80730F5F7ADFFD2E7F5F784FF5F
:10B22000CFE79DF80730064801338DF80730F5F772
:10B23000BEFFC6E7F8F752FAC3E7EAF753FBC0E7E9
:10B240004E300020F5F7C9FFBBE7F8F730FAB8E752
:10B25000EAF750FBB5E7F5F7C4FFB2E79DF8073012
:10B26000274904338DF80730F5F7C1FFA9E7EAF75E
:10B2700049FBA6E7EAF752FBA3E701205BE60120C2
:10B280005EE6A5F50153243BF5229BB21FE0A5F530
:10B2900000530D3B41F241229BB218E042F23203CF
:10B2A0009D4219D0A5F50153033B012B14D92FE57D
:10B2B000012042F288039D4283D842F26C039D42F2
:10B2C0003FF426ADA5F501532D3B0E4A9BB222FA61
:10B2D00003F3DB077FF51CAD86F001068DF80660F1
:10B2E000AAE49DF807300E22A37001236270E37078
:10B2F000A580A071AFE42370B7E44FF0FF30B5E450
:10B300004E3000200104020938B5094C0D4623785F
:10B310001BB9BDE83840F6F7FDB8A278611C0232CF
:10B3200006F0AAFD0020042320702B7038BD00BF5A
:10B33000473000201FB500230A2201930293CDF865
:10B340000B300091014601A806F0ABFD40F24D1311
:10B35000074A0849084805F00DFE084801A9009A67
:10B3600005F008FE40F24D11014805F0FAFD00BF5E
:10B3700046420200FB450200CF3102007342020048
:10B38000322337B50125ADF8043000231C2168466F
:10B39000104A8DF80630ADF800508DF80230F5F700
:10B3A000F7FB044698B905F023FF80B2F4F7FCF9E7
:10B3B0002A4621468520FDF723FA2A462146E52024
:10B3C000FDF71EFA2A4621468A20FDF719FA204683
:10B3D00003B030BD35B3010008B54FF0FF304FF07A
:10B3E000FF31FEF7E9FF48B107490848E623084A5C
:10B3F00005F0C0FDE621064805F0B3FDFBF738FE79
:10B40000BDE80840FEF7E0BF8A420200CF310200EB
:10B4100046420200024608B50A480B460A4902F0B5
:10B42000CDFA00280CDA09494723094A094805F0F2
:10B43000A1FD094805F09EFD4721054805F091FD55
:10B4400008BD00BF4026002050010020FB4502003F
:10B45000EF410200CF3102009742020008B50A49CD
:10B460000A4806F011FA00280CDA09492F23094A84
:10B47000094805F07FFD094805F07CFD2F210548AE
:10B4800005F06FFD08BD00BF5C2B002040260020AA
:10B49000FB450200EF410200CF31020018420200DA
:10B4A0000122054B05491A63A3F54323D3F8180578
:10B4B0000860C3F81825704700E01050582B002092
:10B4C0000122044B5A63044B1A68044BC3F8182535
:10B4D000704700BF00E01050582B002000B004500F
:10B4E00028B1022806D10420034B1B681847024BE1
:10B4F0001B68FBE7704700BF6C2B002010B538B10C
:10B5000001280BD1BDE8104000200B49F4F75CB8CE
:10B510000A4B0220BDE810401B68184708494C231D
:10B52000084A094805F026FD084805F023FD4C218E
:10B53000044805F016FD00BFE1B401006C2B0020AB
:10B54000FB450200C7420200CF3102000443020063
:10B5500008B598B1012804D1BDE808400020F4F7EF
:10B560004FB807495F23074A074805F003FD07481E
:10B5700005F000FD5F21034805F0F3FC08BD00BFA6
:10B58000FB450200C7420200CF3102000443020023
:10B59000014B1860002070476C2B0020064BD3F83D
:10B5A00040231C2A05D1D3F84403431E5842584176
:10B5B00070470020704700BF00C0FF0003689A0773
:10B5C0000CD50368DB070DD50922074BC3F80C2502
:10B5D0000F22C3F8042501221A60FEE7034B036023
:10B5E000EF3B0360704700BF00801050F000FA503E
:10B5F00008B50123404A4148C2F80038404AD2F811
:10B6000040231C2A04BF3F4AC2F80C34FFF7D6FF80
:10B610000830FFF7D3FF0830FFF7D0FF0830FFF7FF
:10B62000CDFF00F5F470FFF7C9FF374AD2F88C3030
:10B6300043F44063C2F88C300022D30003F57F034B
:10B6400003F54043D3F8001401310AD0D3F80014B5
:10B6500039B1D3F800140132D3F80434402A0B6016
:10B66000EBD1254BD3F84024002A41D0FFF796FFB9
:10B6700048B1234BD3F83423244B9A429EBF1E4B30
:10B68000234AC3F84026FFF789FF18B1214B224A0D
:10B69000C3F8AC27FFF782FF48B13422164BC3F83A
:10B6A0002426D3F83C2622F40022C3F83C261B4B68
:10B6B0001549D3F80026D20744BF6FF00102C3F842
:10B6C0000026174BD3F8182522F00302C3F81825DB
:10B6D000D3F8182542F00302C3F81825D1F88C20BE
:10B6E00042F44062C1F88C200022C3F8A02508BDB6
:10B6F000C822C3F84024B9E70000125000C50D501D
:10B7000000C0FF000030055000ED00E0001D0A18E9
:10B7100040E0A91E00A0085078000A0400E0105084
:10B7200000B004505F2898BF074B4FEA50129FBFEC
:10B7300053F8223000F01F0023FA00F000F001005F
:10B7400088BF0020704700BF64300200034A4309ED
:10B75000D35C00F01F001844C0B270471D520200B5
:10B7600010B504460846FFF7F1FF04EB4000838A5A
:10B77000DA051CD5C3F3432123F4F853838204F183
:10B78000120204F1580032F8023F13F4807F03D014
:10B79000C3F3432399420AD09042F4D1002204EB30
:10B7A000C1035A6004F1600005F0F1FE00B910BD5C
:10B7B000054906484FF4DB73054A05F0DBFB4FF4FF
:10B7C000DB71034805F0CDFB0C3F0200CF310200D6
:10B7D0001443020010B5016804460846FFF7A2FFB3
:10B7E00058B910494FF482630F4A104805F0C2FB64
:10B7F0004FF482610C4805F0B4FB01F01F035F2990
:10B8000023604FEA511209D9094940F21943064A07
:10B81000064805F0AFFB40F21941EBE7054B53F842
:10B82000220010BDBD3E02008A3E0200CF31020060
:10B83000FB45020058300200072808B50BD908491B
:10B84000084840F2A733084A05F094FB40F2A731BC
:10B85000054805F086FB800000F5807008BD00BF3C
:10B8600087430200CF31020052430200F0B5064682
:10B87000002487B0114F019117F8012B06AB03EBA1
:10B88000D20313F8143C02F00702D34013F0010373
:10B8900006D10134032CEFD10023184607B0F0BDC8
:10B8A000074A03AD07CA85E8070055F824100A6A5D
:10B8B00046F824200A62002AEBD0EEE72D5202005F
:10B8C000102A0200F7B504460846FFF73FFF04EBD5
:10B8D0004006B38A0D46DB072AD5204605F050FF07
:10B8E0002946204605F06CFE50B1204605F097FE33
:10B8F0000023276807EB8000C0F81035C0F810352A
:10B90000204600242946FFF72BFFB48201A80195A9
:10B91000FFF760FF019B00EB8300D0F88020064B0F
:10B92000134043F00203C0F88030204603B0F0BD5E
:10B930006FF01500FAE700BFF0F0FCFF2DE9F043CF
:10B940000E461746044685B058B95A495A4840F23F
:10B950005E435A4A05F00EFB40F25E41574805F03F
:10B9600000FB0846FFF7F2FED7F800800546B8F165
:10B97000000F19D0204605F047FE18BB4346CDE91D
:10B9800000008DF80E008DF80F000DF10F0230460B
:10B990000DF10E0105F06CFE04EB4502938A23F0D5
:10B9A000020343F0010393827B689BB33146204638
:10B9B00093F80080D3F8049005F01BFE28B1B9F18C
:10B9C000000F1FD06FF0150027E004EB4500838ABD
:10B9D00023F4604323F020038382B9F1000F11D0D8
:10B9E000B8F1030FEED87B6821685B6893F800C05C
:10B9F0004FEA8C031944B8F1000F11D1C1F810853A
:10BA0000C1F8108504EB4502938A23F01C0343EA36
:10BA100088039382BB684BBB002005B0BDE8F08370
:10BA2000D1F8102522F00302C1F810252268134432
:10BA3000D3F8102522F4473222F47C72C3F8102583
:10BA400041F6F072D3F8101502EA061242EA0842F3
:10BA50000A43C3F8102504EB4C03A3F86460838AFF
:10BA600043EA4C3343F020038382CBE73146D3E9EA
:10BA700000782046FFF774FE002FCDD063689F4208
:10BA800006D004F1600005F068FD002804DAC4E780
:10BA9000A3689845F5D1002004EBC003C3E9017801
:10BAA00004EB4505AB8AC0B243EA402343F48073FC
:10BAB000AB82B1E791430200CF3102001443020090
:10BAC0002DE9FF410D4616461F46044658B93B492D
:10BAD0003B484FF48D633B4A05F04CFA4FF48D61BF
:10BAE000384805F03EFA0846FFF730FE804616B3A8
:10BAF000204605F07EFD18B9204605F061FD08BB23
:10BB00002946204605F067FD10B17378012B19D046
:10BB100001238DF80F300023721CCDE90063284605
:10BB2000B31C0DF10F0105F0A3FD04EB4802938A4D
:10BB300043F003039382002F3ED02946204605F0B0
:10BB400058FD20B96FF0150004B0BDE8F081002267
:10BB50003E78236804EB480003EB8603C3F8102506
:10BB6000C3F81025838A4FEA860C23F4604323F040
:10BB7000200383827978F9B12268134B6244D2F8AA
:10BB80001045BF782340C2F8103541F6F073090420
:10BB900001F4403103EA05130B433905D2F810458F
:10BBA00001F480110B432343C2F81035838A43EA22
:10BBB000463343F0200383820020C5E7914302000F
:10BBC000CF310200144302000FE0ECFF08B558B972
:10BBD0000749084840F27143074A05F0CBF940F2A3
:10BBE0007141054805F0BDF9C0E9031208BD00BF69
:10BBF00091430200CF3102001443020070B5154694
:10BC0000044658B9134940F27A43134A134805F0E1
:10BC1000B1F940F27A41104805F0A3F94AB9104948
:10BC200040F223330C4A0D4805F0A4F940F22331C9
:10BC3000F1E705F0C5FC48B10846FFF787FD04EBC6
:10BC400040040020A38A5B0B2B7070BD6FF01500C1
:10BC5000FBE700BF9143020014430200CF31020012
:10BC60009C430200F8B5044658B91B491B484FF4E1
:10BC700091631B4A05F07EF94FF49161184805F075
:10BC800070F990F8745090F8757015BB46222946EB
:10BC9000143006F0FEF8134B266853F83770AF42A5
:10BCA00012D1002540F20D10C6F84451D6F84431A7
:10BCB0000D4B9E4208BFDB20FCF780FD0123284688
:10BCC00084F874302366F8BDE8B2FFF7B5FD01359E
:10BCD000E5E76FF07700F6E791430200CF3102000D
:10BCE000144302007030020000A00D5008B558B98E
:10BCF0000849094840F28F43084A05F03BF940F2F1
:10BD00008F41064805F02DF990F87400003818BFEF
:10BD1000012008BD91430200CF310200144302000C
:10BD200008B558B90749084840F29D43074A05F04D
:10BD300021F940F29D41054805F013F9BDE808409E
:10BD4000FFF7C0BD91430200CF310200144302004F
:10BD500008B558B90A490B4840F2A4430A4A05F00D
:10BD600009F940F2A441084805F0FBF8074B90F8A8
:10BD7000750003EB8000BDE8084005F008BC00BF7B
:10BD800091430200CF310200144302002803002037
:10BD900010B50C4658B90C490C4840F2AB430C4A5C
:10BDA00005F0E8F840F2AB41094805F0DAF8094B34
:10BDB00090F8750003EB800005F0CFFB0028A4BFCE
:10BDC0002070002010BD00BF91430200CF3102005F
:10BDD00014430200280300202DE9F3410D461646C6
:10BDE000044658B938494FF4A563384A384805F035
:10BDF000C1F84FF4A561354805F0B3F805F0EBFB49
:10BE000048B9344940F23543304A314805F0B2F878
:10BE100040F23541EFE7204605F0D2FB2768F8B144
:10BE2000204605F0E6FB8046D0B9204605F0F7FB3A
:10BE30000546FFF701FD47F800803B58236803EBF8
:10BE40008503D3F8102542F00102C3F8102526B16E
:10BE500001232268AB40C2F8143302B0BDE8F08180
:10BE6000D7F814339B035CBF4FF40033C7F8143387
:10BE70004EB9194940F24F43144A154805F07AF873
:10BE800040F24F41B7E72846FFF760FC04EB40045F
:10BE9000A38AC3F38203042B11D0052B11D001A870
:10BEA0000195FFF797FC019BC168D94001F00101A2
:10BEB0000231284602B0BDE8F04105F026BC03215E
:10BEC000F7E70221F5E700BF9143020014430200A7
:10BED000CF310200A6430200C743020008B558B99B
:10BEE0000749084840F22F53074A05F043F840F24B
:10BEF0002F51054805F035F8BDE8084005F040BC75
:10BF000091430200CF310200144302002DE9F04FAB
:10BF100007468DB058B97349734840F25C63734A61
:10BF200005F028F840F25C61704805F01AF8804688
:10BF300058F804BB90F87540DBF814136C4BC9B289
:10BF400053F83420584641F4003105F0EDFB8203EC
:10BF5000054639D50023CDE909330B93644BE60040
:10BF600003EBC404636809A819460193FFF77EFC3C
:10BF7000331D04934FF0000A5E4B0DF12409039327
:10BF8000039A5B4912F8013B0392049A02EBD30235
:10BF90008A5C03F0070322FA03F3DB071AD40AF1E1
:10BFA000010ABAF1030F09F10409E9D14FF4003194
:10BFB0000022584605F0B8FB019909A8FFF756FC86
:10BFC0000028D7D125F400350124002D74D10DB0FF
:10BFD000BDE8F08F484B53440593D9F80010002971
:10BFE000DDD091FAA1F1B1FA81F1059B1C7841EA0B
:10BFF00044142046FFF7AAFB07EB4000828AC808DA
:10C00000C2F38203CDE906230293012319F80060ED
:10C0100001F0070103FA01F126EA010109F8001015
:10C0200008A80894FFF7D6FB0899069A203150F823
:10C03000216012F0100F079BC6F3014623D0214662
:10C040004046029A05F0F5FA08A80894FFF7C2FBEB
:10C05000089BF6B2203350F82330C3F301439E42CD
:10C0600007D10021204605F050FB3146204605F05F
:10C070004CFB08A80894FFF7ADFB0122089B02FACD
:10C0800003F30362A9E7022E14BF02210321204615
:10C09000069305F03AFB069B032B03D0022E07D133
:10C0A000012BE6D121464046029A05F0C2FAE0E7AC
:10C0B000032EDED1022BF4E795FAA5F3B3FA83F34E
:10C0C00004FA03F225EA020503F5A2725BF82220C6
:10C0D00007EB43034046B3F86410C2F3014205F096
:10C0E000A8FA72E791430200CF3102001443020024
:10C0F000703002002D5202002D5202000123034A2B
:10C1000003FA00F0936803439360704780010020B6
:10C1100073B504460191EFF31186402383F312882F
:10C12000BFF36F8F0B4D019B6A6801A81340019309
:10C1300005F013FA002807DB01226B68824023EA2E
:10C1400002036B602070002086F31188BFF36F8FAD
:10C1500002B070BD8001002008B5154B027AD3F8FB
:10C16000101521F001010A43C3F810250268B2F549
:10C17000803F0BD30F4940F2B9730F4A0F4804F0C8
:10C18000F9FE40F2B9710C4804F0EBFEC3F8A426A6
:10C190004268FF2A09D90A4940F2C473064A07488F
:10C1A00004F0E8FE40F2C471EDE7C3F8AC2608BD28
:10C1B00000200E5005440200D2430200CF3102009D
:10C1C0002D4402000B2808B501D800290BDA0B49D1
:10C1D0000B4840F216530B4A04F0CCFE40F21651C5
:10C1E000084804F0BEFE000100F1A04041EAC2711F
:10C1F00000F56220C0F8281508BD00BF67440200A2
:10C20000CF310200D24302000B2808B50BD90B49ED
:10C210000B4840F20B530B4A04F0ACFE40F20B51BA
:10C22000084804F09EFE000100F1A04000F56220E5
:10C23000D0F82415D0F8200508BD00BF53440200F3
:10C24000CF310200D24302000B2808B50BD91149A7
:10C250004FF4A063104A114804F08CFE4FF4A06123
:10C260000D4804F07EFEB3F5801F09D30C4940F25F
:10C270000253094A094804F07DFE40F20251EFE7FB
:10C28000000100F1A04000F56220C0F82025C0F8B0
:10C29000243508BD53440200D2430200CF310200CE
:10C2A000A3440200012303FA00F010F0670F0AD044
:10C2B000064B5B68DB4303F0670303420CBF6FF080
:10C2C0001500002070474FF0FF30704780010020BC
:10C2D00038B50E4B1B78012B0BD14FF0FF326FF0AE
:10C2E00040430B4CD4E90001824273EB0105F9D3C2
:10C2F00038BD0849084840F21913084A04F03AFECC
:10C3000040F21911054804F02CFE00BF8001002006
:10C3100040270E50FC440200CF310200C04402000E
:10C3200030B50C25074B1C1894F8544005FB04331A
:10C33000C3E9031218750123034A8340C2F824336A
:10C3400030BD00BF8001002000200E50F0B5504DE0
:10C3500085B02C78002C40F095804E4A01AB07CA7E
:10C3600083E807004C491846D1F8102522F0020254
:10C37000C1F81025FFF7F0FE0723672202F0010144
:10C380002144013BCCB24FEA5202F7D1052C7CD1BB
:10C3900019464FF0010C3E4E00246720CFB204E056
:10C3A0000CFA02F220EA0200013490FAA0F25FFADD
:10C3B00084FE7745B2FA82F2F2D80131327505294E
:10C3C0002A4482F8547006F10C06E5D101210024BC
:10C3D00032489A0801FA02F212F0670F18BF1C5097
:10C3E0000433302BF5D1E420FCF7E8F92A4B002484
:10C3F000D3F81025012622F00202C3F8102540F6DA
:10C40000FF72C3F82823C3F88041C3F88040C3F803
:10C410008441C3F88440C3F88841C3F88840C3F816
:10C420008C41C3F88C40C3F89041C3F89040C3F8E6
:10C430009441C3F89440C3F89841C3F89840C3F8B6
:10C440009C41C3F89C40C3F8A041C3F8A040C3F886
:10C45000A441C3F8A440C3F8A841C3F8A840C3F856
:10C46000AC41C3F8AC401E660D4B0E4A1B685D2004
:10C47000B3FBF2F358430C4B3343984720462E70DE
:10C4800005B0F0BD6FF07700FAE76FF08B00F7E7CB
:10C49000800100201C2A020000200E5000210E50B6
:10C4A0002403002040420F00002F020038B52C4B1F
:10C4B0000D461B78012B0BD02A492B4840F206234E
:10C4C0002A4A04F057FD40F20621284804F049FDAD
:10C4D000274BD3F8102594073CD4D3F8102542F00D
:10C4E0000202C3F81025C0B1D3F8482712F00102A8
:10C4F00002BFD3F8481741F00101C3F848171C4B9D
:10C50000D3F84017D3F844174800F9D42AB9D3F820
:10C51000482722F00102C3F84827164B164A1B6829
:10C52000B3FBF2F3124A03EB4313B3B1D2F8401753
:10C53000D2F8441749000BD44FF0FF312846FFF7DB
:10C54000E7FD044610B92878FFF7D8FD204638BD2E
:10C55000013BEAE76FF07704F8E76FF07304F5E763
:10C5600080010020FC440200CF310200C0440200E0
:10C5700000200E502403002040420F002DE9F0411E
:10C5800004461D46FFF78EFE904607469DF818604C
:10C5900058B11549154840F2BB23154A04F0EAFC8E
:10C5A00040F2BB21124804F0DCFC12490B1993F84D
:10C5B00054300C3301EBC30041F8332045602B4667
:10C5C00020466EB10C4EA400FFF73EFE33592BB14E
:10C5D000FFF77EFE4045A94100D23751BDE8F0810A
:10C5E000BDE8F041FFF730BE25450200CF31020023
:10C5F000C04402008001002000210E50F8B505461D
:10C60000FFF750FE58B11149114840F21933114A51
:10C6100004F0B0FC40F219310E4804F0A2FC0E48C0
:10C62000431993F854300C3350F8334000EBC30CEB
:10C63000DCF80460641846F1000640F83340CCF89A
:10C6400004602846BDE8F840FFF7BCBD2545020060
:10C65000CF310200C0440200800100202DE9F743E1
:10C660002C4B2D4FD3F82C6307F1880916B903B072
:10C67000BDE8F08396FAA6F80123B8FA88F803FA21
:10C6800008F3D94326EA030607EB080393F854504E
:10C690000C2303FB0573187D40450BD01F49204830
:10C6A00040F2B7331F4A04F065FC40F2B7311D4831
:10C6B00004F057FC1C4CDB684FEA880214441BB39F
:10C6C000D9E8EF3F03EA0102C9E8EC2FBCF1000F03
:10C6D000F6D123FA08F3DB0711D5FFF795FD0246E3
:10C6E0000B4621680029C1D0002121600C2101FBEB
:10C6F0000575296940460091E9688847B6E707EB68
:10C70000C503D3E91823ECE72268002AAED02360E2
:10C71000ACE700BF00200E5080010020444502001D
:10C72000CF310200C044020000210E5008B5064976
:10C73000064840F2D623064A04F01CFC40F2D621FB
:10C74000034804F00EFC00BF9C450200CF310200FC
:10C7500068450200202908B501D9FFF7E7FF054B1E
:10C7600040EA0120C3F80005D3F80024D207FBD526
:10C7700008BD00BF00B0045038B5436905463BB959
:10C780000024EA686042537843F00103537038BDD7
:10C79000984704460028F3D000F1FF03FE2B0ED982
:10C7A0002123094A09490A4804F0E4FB2968094899
:10C7B000224604F0DFFB2121034804F0D2FBEB68A2
:10C7C00044421C70DDE700BFC2450200E54502009F
:10C7D000CF310200FD45020070B50446EFF311862B
:10C7E000402383F31288BFF36F8F0E4B9D6805F0D3
:10C7F00003F8042C0CD10C4987230C4A0C4804F094
:10C80000B9FB0C4804F0B6FB8721084804F0A9FBEB
:10C8100086F31188BFF36F8F2846BDE87040FCF7A0
:10C820009BB800BF702B0020444602002246020045
:10C83000CF3102006146020038B50A4B53F8204060
:10C84000013053F82050A54200D838BD606830B19F
:10C85000037EDB0701D4FFF78FFF0834F3E723687B
:10C860009847FAE780300200012270B5364B86B057
:10C8700003201A70FFF7E0FF05F0EEF80420FFF741
:10C88000DBFF324C324DAC42264628D93149442395
:10C89000314A324804F06EFB314804F06BFB44210E
:10C8A0002D4804F05EFB54F80C3C059354F8103C02
:10C8B000049354F8143C039354F8183C029354F82E
:10C8C0001C3C019354F8203C009354E90A2354E99A
:10C8D0000C0101F007F954F8303C5E65D3E7AE4235
:10C8E00004F13004DFD301F0A5FD184CAC421FD990
:10C8F00018496823184A194804F03CFB184804F00A
:10C9000039FB6821CCE7D4E90A23B3F1FF3F08BF24
:10C91000B2F1FF3F05D052EA0301206803D102F0D3
:10C920000BF83034E2E70F49183002F0F9FBF8E772
:10C93000E9D301F0F1FDFAF7D1FF0B4A938923F017
:10C940000103938106B070BD4A31002068290200BE
:10C9500068290200B746020096460200CF31020065
:10C96000E4460200BDE00100D0270020B82370B5E6
:10C97000144E86B003FB0066134B012205930F2370
:10C98000CDE903320023CDE9013314234FF4A07223
:10C990000E4D0F4903FB0055044602FB00110D4BE1
:10C9A0003046009501F09EF8337C2C7423F004038C
:10C9B0003374094B013403EBC423EE606B6006B0A3
:10C9C00070BD00BF1827002003470200702B002015
:10C9D000503D0020E5CB0100503500207FB5002000
:10C9E000FFF72AFF334B03F5006282F3088883F3D5
:10C9F0000A88E023304C84F822302023E377002398
:10CA000023766376A37684F82030626A42F4E022CB
:10CA1000626284F82330FBF739FEFBF787FF4FF0A3
:10CA2000FF33A362E362FCF79FF9FCF707F82348A2
:10CA300001F05CF9224B234A93420ED92249CC23C0
:10CA4000224A234804F096FA224804F093FACC21B3
:10CA50001E4804F086FA1C33EEE7FCD30120FFF7F2
:10CA6000EBFE02201C4CFFF7E7FE01F00FFE1B4B14
:10CA700000255C611A4B4FF460620593012319494C
:10CA8000CDE903532046184BCDE90155009501F03F
:10CA900029F80646237C204623F00403237401F082
:10CAA000C7FA2846FFF762FF314620460E4AFBF7D9
:10CAB0001BFF00BF5035002000ED00E0882800205B
:10CAC0002C200200F02002000847020096460200D7
:10CAD000CF310200E4460200D0270020702B002056
:10CAE00020470200903E002069C8010038B50D4C77
:10CAF0000D4DAC4213D90D4925230D4A0D4804F0C4
:10CB000039FA0D4804F036FA2521094804F029FACB
:10CB10002046D4E9011204F072FE1834E9E7F7D395
:10CB2000002038BD94030020940300208F470200AA
:10CB300025470200CF310200E4460200F8B5054661
:10CB40000E4600F11404EFF31187402383F312889B
:10CB5000BFF36F8F204602F035FA68B984231B4A71
:10CB60001B491C4804F006FA21461B4804F002FA4F
:10CB70008421164804F0F5F9204602F047FA2846C9
:10CB8000314604F043F905F10C0001F037FD28B1FE
:10CB900039462046BDE8F84004F0CEBE204602F0FB
:10CBA0001FFA68B94FF49973084A0C49094804F010
:10CBB000E1F921460A4804F0DDF94FF49971D8E70C
:10CBC00087F31188BFF36F8FF8BD00BFCA3302002F
:10CBD00023340200CF31020038340200F733020060
:10CBE0000E34020008B50D4B9B6893F90E30002BF4
:10CBF00009DB4024EFF3118384F31288BFF36F8FB6
:10CC000004F04EFAF6E7064906481C23064A04F0EB
:10CC1000B1F91C21044804F0A4F900BF702B0020D6
:10CC2000C9470200CF310200A84702002DE9F341B5
:10CC3000044617461E46EFF3058565B15449732334
:10CC4000544A554804F096F9544804F093F9732176
:10CC5000504804F086F9EFF31188402383F31288DB
:10CC6000BFF36F8F4E4802F0ADF960B984234D4A8F
:10CC70004D49494804F07EF949494C4804F07AF995
:10CC800084214848E5E7464802F0C0F9484BE2688D
:10CC90009B6892B1A068984227D057EA06022CD12F
:10CCA0003F4802F09DF990B188F31188BFF36F8F70
:10CCB0006FF00F0002B0BDE8F08193F90E10013261
:10CCC000C4E902323648216102F08AF978B94FF49A
:10CCD0009973344A3749304804F04CF930493648A2
:10CCE00004F048F94FF49971CBE72169E7E788F33D
:10CCF0001188BFF36F8F0020DCE793F90E1090F9D5
:10CD00000E30994205DA9942A8BF194604F081FD18
:10CD1000054622464146CDE90076214801F016FA43
:10CD20000028E8D0EFF31186402383F31288BFF385
:10CD30006F8F1B4802F046F9002897D0184802F080
:10CD400065F9A068C0B1236821699C420AD04BB143
:10CD500093F90E309942A8BF19466FF07F039942AC
:10CD6000B8BF194604F055FD30B131460C4804F007
:10CD7000E3FD6FF00A009DE7002DF6D1084802F0B0
:10CD80002FF90028A3D086F31188BFF36F8FF0E747
:10CD900013480200F1470200CF310200254802008B
:10CDA000942B0020CA3302002334020038340200DE
:10CDB000702B0020F73302000E340200F8B5054650
:10CDC000EFF3058363B15649EA23564A564804F007
:10CDD000D1F8564804F0CEF8EA21524804F0C1F8E0
:10CDE0008368002B00F09580514A9268934240F08E
:10CDF0009380C3684BB94F494FF48173494A4A48FD
:10CE000004F0B8F84FF48171E7E7012B03D0013B40
:10CE1000C3600020F8BDEFF31187402484F312882B
:10CE2000BFF36F8F444802F0CDF860B98423434AC2
:10CE300043493D4804F09EF83F49424804F09AF8BF
:10CE400084213E48CAE73C4802F0E0F82969A86816
:10CE500004F0DFFCEFF3118384F31288BFF36F8FCC
:10CE600083F31188BFF36F8F5BB93749BB23374A10
:10CE70002D4804F07FF8364804F07CF8BB21334895
:10CE8000ACE72C68A54215D100232B48C5E9023335
:10CE900002F0A6F8002837D14FF49973274A2D499C
:10CEA000214804F067F824492B4804F063F84FF454
:10CEB0009971C6E7002CE7D0A3683BB92749A423A2
:10CEC000224A194804F056F8A421D8E70026D4E9EC
:10CED000003213605A60237CC4E9006623F0020329
:10CEE0002374A66004F1180002F0F6F9AC6094F91E
:10CEF0000E3020462B61C4F8B46001F099F8394631
:10CF00000D4804F019FD84E787F31188BFF36F8F94
:10CF10007FE76FF015007DE74FF0FF307AE700BF45
:10CF200013480200F1470200CF31020025480200F9
:10CF3000702B00204A480200942B0020CA330200C4
:10CF400023340200383402008C4802006148020099
:10CF50008C470200F73302000E340200A44802009E
:10CF600008B583684BB90B490B48A4230B4A04F05E
:10CF700001F8A421094803F0F4FFD0E9003213605E
:10CF80005A600023027CC0E9003322F002020274DE
:10CF9000836008BDA4480200CF310200614802004E
:10CFA0002DE9F04704460D4691469A469DF82060CB
:10CFB00000F10807EFF31188402383F31288BFF3D1
:10CFC0006F8F384601F0FEFF60B984234A4A4B490F
:10CFD0004B4803F0CFFF39464A4803F0CBFF84218A
:10CFE00045481BE0384602F011F806B16568EFF3DA
:10CFF0001183402282F31288BFF36F8F83F311886D
:10D00000BFF36F8F63B94049BB23404A3C4803F0EC
:10D01000B1FF3F4803F0AEFFBB213C4803F0A1FF46
:10D02000234653F80C6F9E4216D0AEB10024304612
:10D03000FFF796FF06F1180002F04EF93046C6F8E9
:10D04000B440C6F8149000F0F3FF4146384604F0AF
:10D0500073FC2046BDE8F087BAF1000F14D0082019
:10D0600002F040FB00283FD00122C0F8049002608B
:10D07000016801F003015DB922680A430260626839
:10D0800020606AB960600BE04846C9F800A0EFE78D
:10D090002A68032A1DD801606168A1B9C4E90000AB
:10D0A0000024384601F09CFF08BB4FF49973124AE4
:10D0B0001849134803F05EFF3946174803F05AFF3A
:10D0C0004FF499718CE70A6802F0030202430A6088
:10D0D000D8E722F003020A4302602A6802F0030242
:10D0E00040EA02032B60DBE76FF00B04D9E788F31B
:10D0F0001188BFF36F8FACE7CA33020023340200FC
:10D10000CF310200383402008C480200614802002E
:10D110008C470200F73302000E3402002DE9F7437A
:10D12000064690461F4600F10805EFF3118940239B
:10D1300083F31288BFF36F8F284601F043FF68B96D
:10D140008423254A2549264803F014FF294625480B
:10D1500003F010FF8421204803F003FF284601F06C
:10D1600055FF3468FCB12368726823F003039442CE
:10D1700020464FF00101336008BF736004F051FB9B
:10D180000446284601F02CFFE8B94FF49973124A7F
:10D190001549134803F0EEFE2946144803F0EAFE51
:10D1A0004FF49971D7E758EA0703EAD04946284671
:10D1B000CDE9008706F10C0200F0C8FF38B90C4B2E
:10D1C0009B685C6903E089F31188BFF36F8F204689
:10D1D00003B0BDE8F08300BFCA330200233402006D
:10D1E000CF31020038340200F73302000E3402005F
:10D1F000702B002008B583684BB90B490B48A4235A
:10D200000B4A03F0B7FEA421094803F0AAFED0E9B7
:10D21000003213605A600023027CC0E9003322F020
:10D2200002020274836008BDA4480200CF310200EC
:10D230006148020070B50446EFF31186402585F37E
:10D240001288BFF36F8F304801F0BCFE60B98423B1
:10D250002E4A2F492F4803F08DFE2B492E4803F00C
:10D2600089FE8421294818E0274801F0CFFEEFF31A
:10D27000118385F31288BFF36F8F83F31188BFF397
:10D280006F8F63B92549BB23254A224803F072FEFC
:10D29000244803F06FFEBB21214803F062FE25689D
:10D2A000AC4213D095B12846FFF7A4FF05F1180052
:10D2B00002F012F800232846C5F8B43000F0B8FE9A
:10D2C0003146BDE87040104804F036BBD4E9023264
:10D2D0009A4218BF01330C48A36001F081FE68B97F
:10D2E0004FF49973094A10490A4803F043FE06496E
:10D2F0000E4803F03FFE4FF49971B3E786F31188AF
:10D30000BFF36F8F70BD00BF982B0020CA3302009F
:10D3100023340200CF310200383402008C4802006E
:10D32000614802008C470200F73302000E3402000D
:10D33000F7B5044616461D46EFF305837BB152EA66
:10D3400005030CD02D4988232D4A2E4803F012FEE8
:10D350002D4803F00FFE8821294803F002FEEFF369
:10D360001187402383F31288BFF36F8F274801F0A2
:10D3700029FE60B98423264A2649224803F0FAFD93
:10D380002249254803F0F6FD84212148E5E71F489E
:10D3900001F03CFEA368D3B1013B1C48A36001F03F
:10D3A0001FFE68B94FF49973194A1C49154803F0D8
:10D3B000E1FD16491A4803F0DDFD4FF49971E4E7E9
:10D3C00087F31188BFF36F8F002003B0F0BD56EADA
:10D3D00005030BD10D4801F003FE0028E2D087F3CE
:10D3E0001188BFF36F8F6FF00F00EEE722463946CA
:10D3F000CDE90065054800F0A9FEE6E7DB4802003C
:10D40000BB480200CF3102008C470200982B00205D
:10D41000CA3302002334020038340200F73302001A
:10D420000E3402002DE9FF410446794EEFF31187D7
:10D43000402383F31288BFF36F8F764801F0C2FD5B
:10D4400068B98423744A7549754803F093FD71499E
:10D45000744803F08FFD84216F4803F082FD6D480E
:10D4600001F0D4FDD4F8BC50F5B9022104F1D40088
:10D4700004F0F8F9002840D004F1CC050022012185
:10D48000284601F0EFFB0028F8D100234FF0FF32CF
:10D4900002934FF0FF333946CDE900235D4804F194
:10D4A000C40201F03DFCC1E7D4F8C0202B689542CE
:10D4B00008BFC4F8C030C4F8BC30D4F8D4305548E4
:10D4C00043F00203C4F8D430EB68D5F8048023F0AD
:10D4D000040343F00103EB6001F082FDF8B94FF45F
:10D4E00099734D4A50494E4803F044FD49494F480D
:10D4F00003F040FD4FF49971AEE7D4F8D430DD0667
:10D50000C3D5C4F8D400434801F06AFD0028E6D032
:10D5100087F31188BFF36F8F04B0BDE8F08187F304
:10D520001188BFF36F8FB8F1000F0AD140493C4812
:10D5300040F2F3233F4A03F01DFD40F2F3213D4842
:10D540008BE72846C047EFF31187402383F3128807
:10D55000BFF36F8F2F4801F035FD00283FF471AF06
:10D560002C4801F053FDEB68D90623F0010236D4B4
:10D57000EA60EB689A0716D5306823F00203EB6087
:10D5800088B10022036870B141688D4235D10368CB
:10D590006ABB72683360904200D17360002340F828
:10D5A000083BFFF747FED4F8D43023F00203C4F859
:10D5B000D430DB0529D4D4F8BC50003D18BF012578
:10D5C000144801F00DFD002889D087F31188BFF3BE
:10D5D0006F8F002D3FF42AAF01F060F826E723F0AB
:10D5E0001103EB6005F11000FFF724FEC1E71360A3
:10D5F0007368984208BF7260D0E702461BB1196891
:10D6000018460B46BFE71946FAE70025D8E700BFE2
:10D610009C2B0020A42B0020CA33020023340200DC
:10D62000CF31020038340200F73302000E3402001A
:10D630006A49020028490200F8B5C36804469A07FF
:10D640000E46C3F340054FD45F074FD40B680BB9A8
:10D6500083680B60E368D80736D5A3685BB92549B2
:10D66000254840F25713254A03F084FC40F2571135
:10D67000224803F076FC02253360376867B3204BFD
:10D680009A68D7F8B8309A4220D104F00DF980F0AA
:10D690000100C0B2D7F8D430D907C3F380021ED539
:10D6A00002B308B300232360D7F8C03083B9C7E9B9
:10D6B0002F44384604F0E1F8E36843F00403E360E4
:10D6C0003368A3602846F8BD0125D6E70020E1E7CE
:10D6D0001C60C7F8C040ECE76FF0150506E06FF07E
:10D6E000120503E01B07DDD56FF00F050023336043
:10D6F000E8E700BF49490200CF3102002849020093
:10D70000702B002073B50446EFF31185402383F39B
:10D710001288BFF36F8F224801F054FC68B984234C
:10D72000204A2149214803F025FC1D49204803F0E7
:10D7300021FC84211B4803F014FC194801F066FC0D
:10D7400000230193D4E90423B3F1004F08BF012A59
:10D7500011D0134801F044FCE0B94FF49973114A19
:10D760001449124803F006FC0D49134803F002FC6B
:10D770004FF49971DEE70321201FA4F1100604F095
:10D7800071F80028E5D0A369304601A90193FFF79D
:10D7900053FFDEE785F31188BFF36F8F02B070BDD2
:10D7A000A42B0020CA33020023340200CF31020030
:10D7B00038340200F73302000E34020038B50D464B
:10D7C000044648B90C499C230C4A0D4803F0D2FB8F
:10D7D0009C210A4803F0C5FB39B90A499D23074A31
:10D7E000074803F0C7FB9D21F3E71022002104F056
:10D7F00050FB656038BD00BFC249020028490200E5
:10D80000CF3102006A49020037B50C46019059B980
:10D81000284940F27D13284A284803F0ABFB40F228
:10D820007D11254803F09DFB4B684BB924494FF40B
:10D83000BF73214A214803F09DFB4FF4BF71F0E70D
:10D84000EFF31185402383F31288BFF36F8F1D48D8
:10D8500001F0B8FB60B984231B4A1C49174803F048
:10D8600089FB18491A4803F085FB84211648D9E73B
:10D87000144801F0CBFB204601A9FFF7DDFE04466A
:10D88000104801F0ADFB68B94FF499730E4A114985
:10D890000A4803F06FFB0B490F4803F06BFB4FF492
:10D8A0009971E3E785F31188BFF36F8F204603B0CA
:10D8B00030BD00BFC249020028490200CF3102003A
:10D8C00064490200A42B0020CA3302002334020062
:10D8D00038340200F73302000E340200F0B589B08C
:10D8E00004460E9D58B92F4940F253332E4A2F4813
:10D8F00003F040FB40F253312B4803F032FB49B9AF
:10D900002B494FF45573284A284803F033FB4FF452
:10D910005571F1E7D0F8D40010F0010009D0254985
:10D9200040F25533204A214803F024FB40F25531A0
:10D93000E2E7C4E92F0004F1C400C4E9310004F1B6
:10D94000CC00C4E9330055B32879002840F2011017
:10D9500008BF0120C4F8D40000204FF0FF364FF07C
:10D96000FF37CDE90330CDE90100CDE90667204658
:10D97000114B009400F074F955B1296811B120469B
:10D9800000F0A0F86B791BB1A38943F00103A381D8
:10D99000204600F0D1FFC4F8B84009B0F0BD012026
:10D9A000D8E700BFB549020028490200CF31020084
:10D9B000BB4902008149020025D40100F7B50C469D
:10D9C00016461D46019058B9334940F28643334A02
:10D9D000334803F0CFFA40F28641304803F0C1FAF1
:10D9E00049B9304940F287432C4A2D4803F0C2FA26
:10D9F00040F28741F1E7EFF31187402383F3128868
:10DA0000BFF36F8F284801F0DDFA60B98423274AFD
:10DA10002749234803F0AEFA2349264803F0AAFA1F
:10DA200084212248DAE7204801F0F0FAE36813F095
:10DA30001E0F27D155EA060216D1204601A9FFF78D
:10DA4000FBFD0446184801F0CBFAE8B94FF499738E
:10DA5000164A1949124803F08DFA1349174803F082
:10DA600089FA4FF49971DCE743F00803E360019B06
:10DA700004F11000A36232462B46114901F050FB1D
:10DA80000124DFE70024DDE787F31188BFF36F8F00
:10DA9000204603B0F0BD00BF4F49020028490200F4
:10DAA000CF310200C1490200A42B0020CA3302007A
:10DAB0002334020038340200F73302000E3402002F
:10DAC00005D7010010B5044608B9054B9C681F2214
:10DAD00004F17C0004F0E5F9002084F89B0010BDFF
:10DAE000702B00202DE9F04F85B0119E04460F2EBB
:10DAF0000F469946DDF838B0DDF84C804CD14C49E2
:10DB00008B424DD104F15801C4E916111299002538
:10DB1000A1810421A673D61D26F0070607EB060A8D
:10DB2000217420465146C4E90655A560E573FAF70D
:10DB30005DFB109B073020F00700C4E92776C4F88E
:10DB4000A40002930F9BAAEB0006CDE900B3324676
:10DB50004B4639462046FAF7ABFE0F9BC4E91A9BA9
:10DB60002367109B65656367EFF31189402383F397
:10DB70001288BFF36F8F2F4801F024FA18BB84235B
:10DB80002D4A2E492E4803F0F5F92A492D4803F075
:10DB9000F1F98421284814E006F110011E29B1D9B9
:10DBA00040F24B23284A2949254803F0E3F931463E
:10DBB00027486FF00F030E2203F0DCF940F24B21EF
:10DBC000214803F0CEF9234F1A4801F01FFA3B6AAF
:10DBD0001848A3673C6201F003FA68B94FF49973DF
:10DBE000154A1D49164803F0C5F912491B4803F0B0
:10DBF000C1F94FF49971CDE789F31188BFF36F8FA5
:10DC0000B8F1000F11D01F22414604F17C0004F04E
:10DC100048F984F89B50BB680BB1D3F8A830304664
:10DC2000C4F8A83005B0BDE8F08F84F87C80F2E736
:10DC3000E5CB0100B42B0020CA33020023340200DC
:10DC4000CF31020038340200D6490200F9490200FF
:10DC5000794A0200702B0020F73302000E340200D4
:10DC6000F0B587B00446DDE91276EFF3058575B1AE
:10DC7000194940F21733194A194803F07BF919483A
:10DC800003F078F940F21731144803F06AF905956A
:10DC9000109D04950F9D03950E9D02950D9D019578
:10DCA0000C9D0095FFF71EFFB6F1FF3F08BFB7F1CF
:10DCB000FF3F05D056EA070305D1204600F03CFEA1
:10DCC000204607B0F0BD3A46334604F11800064935
:10DCD00001F026FAF4E700BF13480200D64902001B
:10DCE000CF310200AA4A0200BDE001000123037403
:10DCF00083810023C0E92733C0F8A830014B986026
:10DD0000704700BF702B002070B590F91020037C85
:10DD1000002A49DBD90647D163F07F030374264B01
:10DD2000984209D1254926485223264A03F022F970
:10DD30005221244803F015F9234C224652F8183F8B
:10DD4000E169934207D1C0E900210860E0610FE07A
:10DD50008B42F8D01B68002BF5D093F90E6090F938
:10DD60000E50AE42F4DD5968C0E9003108605860D9
:10DD7000A569954200D005B9E568A3685BB9134968
:10DD8000EA23134A0E4803F0F5F8124803F0F2F8BC
:10DD9000EA210F48CEE71A7CD20606D1DA897F2A1B
:10DDA00003D9AA690AB9636170BDAB4202D02846A3
:10DDB00001F082F86561F7E718270020F14A0200B8
:10DDC000CF310200CF4A0200702B00203E4B0200F0
:10DDD000124B02008C47020038B590F91020014622
:10DDE000002A037C1BDA224A03F07F03904203746B
:10DDF00009D120495A23204A204803F0BBF85A2170
:10DE00001D4803F0AEF8DC0707D51D495B231A4A0D
:10DE10001A4803F0AFF85B21F2E703F04BFD194D10
:10DE20002A4652F8184FAB68944200D004B9EC6807
:10DE30008B4214D05BB91449EA23144A0F4803F00B
:10DE400099F8134803F096F8EA211048D9E71A7CAC
:10DE5000D20604D1DA897F2A01D9A2692AB1A34264
:10DE600002D0204601F028F823466B6138BD00BF80
:10DE700018270020F14A0200CF4A0200CF310200E9
:10DE8000654B0200702B00203E4B0200124B02003B
:10DE90008C47020008B5144A936880B1197C11F0D0
:10DEA000090F0CD11149D923114A124803F062F825
:10DEB000114803F05FF8D9210D4803F052F86FF0D4
:10DEC0000A01C3F8B4100D49C3F8B0004B6843F021
:10DED00080534B60002383F31188BFF36F8F9368E7
:10DEE000D3F8B40008BD00BF702B0020A84B02007F
:10DEF0007E4B0200CF310200114C020000ED00E029
:10DF000070B504460D46F9B9EFF30586E6B91A4B2C
:10DF10005A699B689A4217D001F062F878B940F2CA
:10DF20006D13164A1649174803F024F8214616487F
:10DF300003F020F840F26D11104803F012F830465B
:10DF4000BDE87040FFF7A6BF204601F049F868B968
:10DF50004FF49973094A0A490A4803F00BF821461D
:10DF6000094803F007F84FF49971E5E785F3118844
:10DF7000BFF36F8F70BD00BF702B0020CA3302004B
:10DF8000F7330200CF3102000E34020008B5836877
:10DF90004BB909490948A423094A02F0EBFFA4211F
:10DFA000074802F0DEFF03F085FC037C23F0020348
:10DFB00003740023836008BDA4480200CF3102002F
:10DFC0006148020038B5184CA168E0690B688142CD
:10DFD00014BF1A46002249680B605960A368E169C2
:10DFE0002AB9124AC3E900210B60E3610AE092F901
:10DFF0000E5093F90E00854212DD5168C3E90021ED
:10E000000B605360A569094B9D4200D005B9E568D6
:10E01000A3689D4202D0284600F04EFF656138BDDE
:10E020008A42DED01268DBE7702B0020882B0020AC
:10E0300038B50446EFF31185402383F31288BFF30C
:10E040006F8F174800F0BEFF68B98423154A164940
:10E05000164802F08FFF1249154802F08BFF842109
:10E06000104802F07EFF0E4800F0D0FF2046FFF778
:10E070004BFE0B4800F0B4FF68B94FF49973094A9E
:10E080000C490A4802F076FF05490B4802F072FF7E
:10E090004FF49971E4E785F31188BFF36F8F38BDB2
:10E0A000A82B0020CA33020023340200CF31020023
:10E0B00038340200F73302000E34020038B5A0F104
:10E0C0001804EFF31185402383F31288BFF36F8F99
:10E0D000174800F077FF68B98423164A1649174895
:10E0E00002F048FF1249164802F044FF842111480B
:10E0F00002F037FF0E4800F089FF204603F008FCCD
:10E100000B4800F06DFF68B94FF49973094A0D4947
:10E110000A4802F02FFF06490B4802F02BFF4FF48C
:10E120009971E4E785F31188BFF36F8F38BD00BFA5
:10E13000A82B0020CA33020023340200CF31020092
:10E1400038340200F73302000E3402002DE9F047A4
:10E15000DFF8D4A0354D1746DDE90898DAF8082035
:10E16000334BA84204460E461A600BD1314932485F
:10E1700040F2B923314A02F0FDFE40F2B9212F48A6
:10E1800002F0EFFEEFF31183402383F31288BFF315
:10E190006F8F284600F016FF60B98423284A29496A
:10E1A000254802F0E7FE2946274802F0E3FE8421D5
:10E1B0002348E5E7284600F029FFDAF808503946F9
:10E1C000284603F07FFBB8F1FF3F08BFB9F1FF3FDE
:10E1D00006D04A4643461D4905F1180000F0A0FF4D
:10E1E000204600F0FDFE68B9194940F26D13144A4B
:10E1F000114802F0BFFE2146164802F0BBFE40F275
:10E200006D11D5E7094800F0EBFE40B9104940F226
:10E210006D130B4A084802F0ADFE0449ECE73046A6
:10E22000BDE8F047FFF736BE702B0020A82B00207A
:10E23000AC2B0020394C0200CF310200CF4A020043
:10E24000CA3302002334020038340200BDE001006A
:10E25000F73302000E3402002DE9F04104460D466A
:10E26000EFF31187402383F31288BFF36F8F594870
:10E2700000F0A8FE60B98423574A5849584802F074
:10E2800079FE5449574802F075FE8421524818E03F
:10E29000504800F0BBFE237C03F01F02002A0CBF95
:10E2A0000126002662D103F07F0323744E4B9C426B
:10E2B00009D14E495A234E4A494802F05BFE5A2181
:10E2C0004B4802F04EFE204603F0F4FA237C6DB278
:10E2D00043F08003DA07A573237407D54549532318
:10E2E000434A3F4802F046FE5321E9E7DFF8088140
:10E2F000424652F8183FD8F81C10934208D1C4E99E
:10E3000000210C60C8F81C400DE08B42F7D01B6860
:10E31000002BF4D093F90E00A842F6DD5968C4E949
:10E3200000310C605C60D8F81840944200D00CB901
:10E33000D8F80C40D8F808309C4202D0204600F0B3
:10E34000BBFDC8F81440234800F04AFE00283AD12B
:10E350004FF49973204A2949214802F00BFE1D49C8
:10E36000274802F007FE4FF499718FE79B0728D5E5
:10E37000A16841B923491A48A423234A02F0FAFDAF
:10E38000A42121489DE720466DB203F093FAA573BE
:10E390000B68994209D14B68C4E900131C604C60BA
:10E3A000D1E74A689342F6D01B68002BF3D093F96B
:10E3B0000E20AA42F5DD5A68C4E9003214605C60A0
:10E3C000C1E7A573BFE787F31188BFF36F8F3046AE
:10E3D000BDE8F081A82B0020CA33020023340200DC
:10E3E000CF3102003834020018270020F14A020021
:10E3F000CF4A0200654B0200702B0020F733020069
:10E400000E340200A448020061480200034648B9E5
:10E41000EFF3058232B9064A51699268914201D000
:10E42000FFF738BD83F31188BFF36F8F704700BFCC
:10E43000702B002010B5EFF31184402383F3128872
:10E44000BFF36F8F284800F0BDFD60B98423274AD1
:10E450002749284802F08EFD2349274802F08AFD0B
:10E460008421224812E0204800F0D0FDEFF305831C
:10E4700073B1224940F23B33214A1E4802F07AFD33
:10E48000204802F077FD40F23B311D4802F069FD63
:10E490001D4B9A68D37B012B0CD11C494FF44F7351
:10E4A000174A144802F066FD164802F063FD4FF467
:10E4B0004F71EAE7013BD3730B4800F091FD68B957
:10E4C0004FF49973094A12490A4802F053FD06496C
:10E4D000104802F04FFD4FF49971C2E784F31188A0
:10E4E000BFF36F8F10BD00BFA82B0020CA330200FE
:10E4F00023340200CF3102003834020013480200F6
:10E50000CF4A02008C470200702B0020724C0200A0
:10E51000F73302000E34020070B5EFF3118640238A
:10E5200083F31288BFF36F8F2A4800F04BFD68B960
:10E530008423294A29492A4802F01CFD25492948F3
:10E5400002F018FD8421244802F00BFD264D2148DD
:10E5500000F05CFDAB68DA7B6AB9244940F24D33C8
:10E56000234A1F4802F006FD224802F003FD40F254
:10E570004D311F48E8E7EFF3058161B11E4940F2D4
:10E580004E331B4A164802F0F5FC1A4802F0F2FC22
:10E5900040F24E31EDE70132DA732A4652F8184F55
:10E5A000944200D004B9EC681A7CD20604D1DA890E
:10E5B0007F2A01D9A2692AB1A34202D0204600F0E5
:10E5C0007BFC23466B613146BDE870400148FFF794
:10E5D00097BC00BFA82B0020CA33020023340200DE
:10E5E000CF31020038340200702B0020A34C02000F
:10E5F000CF4A02008C4702001348020038B5044697
:10E60000EFF31185402383F31288BFF36F8F18480F
:10E6100000F0D8FC68B98423164A1749174802F05D
:10E62000A9FC1349164802F0A5FC8421114802F008
:10E6300098FC0F4800F0EAFC204603F07FF90446FE
:10E640000B4800F0CDFC68B94FF49973094A0D49A5
:10E650000A4802F08FFC06490B4802F08BFC4FF48D
:10E660009971E3E785F31188BFF36F8F204638BDBA
:10E67000A82B0020CA33020023340200CF3102004D
:10E6800038340200F73302000E340200024B03F16B
:10E690001802C3E906227047702B002070B5EFF313
:10E6A000058373B138494FF49063384A384802F013
:10E6B00061FC384802F05EFC4FF49061334802F090
:10E6C00050FCEFF31186402383F31288BFF36F8F62
:10E6D000314800F077FC60B98423304A30492C4837
:10E6E00002F048FC2C492F4802F044FC84212B48BE
:10E6F000E5E72D4C284800F089FCA168E0690B682B
:10E70000814214BF1A46002249680B605960A36811
:10E71000E1692AB9254AC3E900210B60E3610AE0F7
:10E7200092F90E5093F90E00854223DD5168C3E93A
:10E7300000210B605360A5691C4B9D4200D005B9B8
:10E74000E568A3689D4202D0284600F0B5FB124858
:10E75000656100F045FC88B940F26D130F4A144919
:10E760000B4802F007FC0C49124802F003FC40F28F
:10E770006D11BCE78A42CDD01268CAE73046BDE8C9
:10E780007040FFF787BB00BF13480200CF4A02006A
:10E79000CF3102008C470200A82B0020CA330200B0
:10E7A0002334020038340200702B0020882B002014
:10E7B000F73302000E3402002DE9F04106460C4604
:10E7C000EFF3058777B134494FF49363334A344804
:10E7D00002F0D0FB334802F0CDFB4FF493612F4899
:10E7E00002F0BFFB50EA010304D1FFF757FF0020FE
:10E7F000BDE8F081EFF31188402383F31288BFF363
:10E800006F8F294800F0DEFB60B98423274A28492E
:10E81000234802F0AFFB2449264802F0ABFB8421D9
:10E820002248DDE7244D204800F0F0FBA868234B88
:10E830001860FFF7D1FAA8682346324620491830FD
:10E8400000F06EFCAA680446137C174843F00403EA
:10E85000137400F0C5FB68B940F26D13134A1949EF
:10E860000F4802F087FB1049174802F083FB40F283
:10E870006D11D5E74046FFF70DFBAB68D3E90A23DE
:10E88000B3F1004F08BFBA42B1D103F092F8201A99
:10E8900020EAE070ACE700BF13480200CF4A020054
:10E8A000CF3102008C470200A82B0020CA3302009F
:10E8B0002334020038340200702B0020AC2B0020DF
:10E8C000BDE00100F73302000E340200F8B5074640
:10E8D0000E46EFF3058474B1134940F2C643134A60
:10E8E000134802F047FB134802F044FB40F2C641D4
:10E8F0000E4802F036FBFFF75FFFB6F1FF3F08BF9F
:10E90000B7F1FF3F05460CD0214647F611204FF4E2
:10E910007A7447F612220023E5FB0401F2F7BAFBF2
:10E92000F8BD4FF0FF30FBE713480200CF4A02006A
:10E93000CF3102008C47020038B50446EFF3118551
:10E94000402383F31288BFF36F8F204800F03AFB17
:10E9500068B984231E4A1F491F4802F00BFB1B495C
:10E960001E4802F007FB8421194802F0FAFA174802
:10E9700000F04CFB237C5B0710D504F1180000F07D
:10E98000ABFC237C204623F004032374FFF7BCF97F
:10E990002946BDE838400D48FFF7B2BA0B4800F0F1
:10E9A0001FFB68B94FF49973094A0D490A4802F0F0
:10E9B000E1FA06490B4802F0DDFA4FF49971D3E70A
:10E9C00085F31188BFF36F8F38BD00BFA82B0020DF
:10E9D000CA33020023340200CF310200383402006F
:10E9E000F73302000E340200014B9868704700BFF5
:10E9F000702B00202DE9F84304468789EFF3118539
:10EA0000402383F31288BFF36F8F844800F0DAFA53
:10EA100068B98423824A8349834802F0ABFA7F496C
:10EA2000824802F0A7FA84217D4802F09AFA7B48D6
:10EA300000F0ECFA237C180717D5784800F0D0FADC
:10EA400068B94FF49973764A7949774802F092FA97
:10EA50007249784802F08EFA4FF49971E4E785F331
:10EA60001188BFF36F8FBDE8F883D90943F008021E
:10EA700040F086802274A36813B12046FFF786FA1F
:10EA800004F1180000F028FCA66D04F15808B04508
:10EA900011D04FF0000976B13046FFF777FA06F152
:10EAA000180000F019FC3046C6F8B490FFF72CF9B6
:10EAB000A66DB045EFD1DFF88081D8F808309C42D0
:10EAC0007DD1EFF30589B9F1000918BF4FF00109B5
:10EAD000D8F81860594A964200D00EB9D8F80C60A0
:10EAE000B34202D0304600F0E7F92046C8F814607F
:10EAF00002F0CCFA204600F091FAB9F1000F02D0F2
:10EB00004F48FFF7F3F8D8F808309C426AD1EFF38A
:10EB10000586002E66D1A389DA071FD53F4800F08D
:10EB20005FFA00288DD085F31188BFF36F8F86F3CD
:10EB30001188BFF36F8F0423184602DFEFF31185AE
:10EB4000402383F31288BFF36F8F344800F03AFA02
:10EB500000283FF45EAF314800F058FA2F4800F02B
:10EB60003FFA78BB40F26D132D4A31492E4802F02E
:10EB700001FA2A492F4802F0FDF940F26D1153E7DE
:10EB8000304A03F07F0343F008039442237408D112
:10EB90002D495A232D4A244802F0ECF95A212B48DA
:10EBA00043E7D90707D52A495B23284A1E4802F0C4
:10EBB000E1F95B21F3E7204602F07CFE5BE74FF0D2
:10EBC000000985E72846FFF765F922494FF4EE73FF
:10EBD0001E4A154802F0CEF91F4802F0CBF94FF457
:10EBE000EE71DCE70D4800F0FBF900283FF429AF97
:10EBF00085F31188BFF36F8FFB077FF534AF40F2C9
:10EC0000A253124A1549084802F0B4F921461448A3
:10EC100002F0B0F940F2A251C1E700BFA82B0020DA
:10EC2000CA33020023340200CF310200383402001C
:10EC3000F73302000E340200702B0020882B0020D6
:10EC40008828002018270020F14A0200CF4A02003D
:10EC5000654B0200D44C0200DF4C0200014D020063
:10EC60000C4D02002DE9F843064688461746EFF39F
:10EC70001189402383F31288BFF36F8F214800F07E
:10EC8000A1F9054668B984231F4A2049204802F0AB
:10EC900071F91C491F4802F06DF984211A4802F0ED
:10ECA00060F9184800F0B2F93468A6421FD004B3E6
:10ECB0002046C4F8B4806761FFF768F904F11800D2
:10ECC00000F00AFB2046FFF71FF80E4800F088F915
:10ECD00088B94FF499730C4A0F490D4802F04AF96C
:10ECE00008490E4802F046F94FF49971D6E700251D
:10ECF000EBE72546E9E789F31188BFF36F8F2846D4
:10ED0000BDE8F883A82B0020CA3302002334020098
:10ED1000CF31020038340200F73302000E34020013
:10ED2000D3B5DDE90667089CCDE90067FFF70EFA69
:10ED30001CB1034B9B685B69236002B0D0BD00BF70
:10ED4000702B00202DE9F0470546884616461F46E1
:10ED5000EFF31189402383F31288BFF36F8F2848A4
:10ED600000F030F968B98423264A2749274802F081
:10ED700001F92349264802F0FDF88421214802F0D8
:10ED8000F0F81F4800F042F92868854208D038B1F1
:10ED90006B6898420CBF4FF0000AD0F800A0B0B9E1
:10EDA000002416B139462046B047154800F018F93E
:10EDB000F8B94FF49973134A1649144802F0DAF877
:10EDC0000F49154802F0D6F84FF49971D6E7394645
:10EDD000C04704460028E4D1BAF1000F07D06B68A1
:10EDE000534501D0DAF800405046A246D7E75446D2
:10EDF000FAE789F31188BFF36F8F2046BDE8F087EB
:10EE0000A82B0020CA33020023340200CF310200B5
:10EE100038340200F73302000E340200027C03464D
:10EE200012F01F0210D10A4988420DD00949086822
:10EE300068B1D9897F2909D893F90E20064B1B6840
:10EE40009A42B8BF002070470020704710467047B4
:10EE50001827002030030020B02B002008B568B12F
:10EE60000F4B98420AD303F11802904206D218229F
:10EE7000C01AB0FBF2F302FB13034BB109490A4875
:10EE80003F230A4A02F076F83F21084802F069F869
:10EE90000122074BC0105843064B1A5408BD00BF4F
:10EEA00040290020524D0200CF3102002A4D0200BD
:10EEB000ABAAAAAA4B31002070B50C4B0C4D1E7C9E
:10EEC000FFF7ACFF182303FB06550446284600F065
:10EED00003FA0022074B9A553CB1621E2846BDE852
:10EEE00070400549D31700F01BB970BD702B00208E
:10EEF000402900204B3100205DEE010038B5EFF3D2
:10EF00001185402383F31288BFF36F8F234800F0ED
:10EF100059F868B98423224A2249234802F02AF882
:10EF20001E49224802F026F884211D4802F019F8F3
:10EF30001A4800F06BF81E4B1E4A9C681068A042ED
:10EF400013D1FFF7B9FF154800F04AF800BB4FF4A2
:10EF50009973134A1849144802F00CF80F491748DE
:10EF600002F008F84FF49971DFE700211B7C116073
:10EF7000134AD35C002BE6D02046FFF74FFF002852
:10EF8000E1D0237CDB0601D1FFF71CF82046D8E74F
:10EF900085F31188BFF36F8F38BD00BFA82B002009
:10EFA000CA33020023340200CF3102003834020099
:10EFB000702B0020AC2B0020F73302000E3402002F
:10EFC0004B310020006838B1044B00F003001B7C7B
:10EFD000C01A18BF0120704701207047702B002015
:10EFE000002302680360EFF30581074B986811B1B5
:10EFF000017CC90705D41B7C1843831A5842584129
:10F0000070470120704700BF702B0020024B1A7C14
:10F010009B68134303607047702B002038B504468B
:10F02000EFF31185402383F31288BFF36F8F1D48E0
:10F03000FFF7C8FF68B984231B4A1C491C4801F02C
:10F0400099FF18491B4801F095FF8421164801F0EB
:10F0500088FF1448FFF7DAFF174A136AA34214D156
:10F060009B6F13620F48FFF7BBFFB0B94FF4997362
:10F070000D4A12490E4801F07DFF0A49104801F07F
:10F0800079FF4FF49971E1E71346002BEAD09A6FAC
:10F09000A242F9D1A26F9A67E4E785F31188BFF322
:10F0A0006F8F38BDB42B0020CA3302002334020016
:10F0B000CF31020038340200702B0020F7330200F9
:10F0C0000E340200024B1868984208BF00207047B7
:10F0D00034030020034B1B680BB9FBF709B9002070
:10F0E000704700BFB82B002030B570B10B4B5B6888
:10F0F00098420AD0036843B1D3E90421D0E904451A
:10F10000121941EB0501C3E90421D0E90032136073
:10F110005A600023C0E9003330BD00BF3403002033
:10F12000B3F1FF3F08BFB2F1FF3F2DE9F84F0446AE
:10F130009B4615461F4600F0B280D0F80090B9F10A
:10F14000000F0CD057496423574A584801F012FF6A
:10F15000574801F00FFF6421534801F002FF81601E
:10F16000EFF31188402383F31288BFF36F8F514868
:10F17000FFF728FF824660B984234F4A4F494B4826
:10F1800001F0F8FE4B494E4801F0F4FE84214A4854
:10F19000E3E74848FFF73AFFBBF1000F494A1FDB9E
:10F1A000FFF798FF064601354BF1000B454A2D1835
:10F1B0004BEBE073D2E90017C4E904536D1843EB3D
:10F1C0000707FFF77FFF0346DFF8FCE0DEF8049057
:10F1D000EBB9C4E900E9C9F80040CEF8044028E0E2
:10F1E0006FF00103D2E900125B1A4FF0FF3161EBBF
:10F1F00002025B1B62EB0B02012B72F10001BCBF30
:10F2000001234A464FF0000AC4E90432D9E7D3E9A2
:10F21000041CD4E904208A4270EB0C0B2EDA891A04
:10F220005A686CEB0000C3E90410C4E900321460B2
:10F230005C60FFF747FF84420ED1244B1B685BB92B
:10F24000BAF1000F02D1FFF745FF0646304602F043
:10F2500099FB0021FBF760F81648FFF7C1FEB0B933
:10F260004FF49973144A1A49104801F083FE11496A
:10F27000184801F07FFE4FF4997188E7521A60EB4D
:10F280000C004B45C4E90420A3D01B68A0E788F319
:10F290001188BFF36F8F28463946BDE8F88F0025E7
:10F2A0002F46F8E77D4F0200594F0200CF31020090
:10F2B0008C470200BC2B0020CA330200233402001A
:10F2C000383402005829002034030020B82B0020D5
:10F2D000F73302000E34020070B50446EFF31186D6
:10F2E000402383F31288BFF36F8F2A48FFF76AFE2B
:10F2F00068B98423284A2949294801F03BFE254959
:10F30000284801F037FE8421234801F02AFE2148D5
:10F31000FFF77CFE23683BB3FFF7D4FE054620468B
:10F32000FFF7E2FE00224FF00043A542C4E90423A8
:10F3300012D000241748FFF753FE20BB4FF49973F7
:10F34000154A1949164801F015FE1249174801F0EF
:10F3500011FE4FF49971D7E7FFF7BCFE02F012FBE4
:10F360000021FAF7D9FFE4E7D4E90423B3F1004F11
:10F3700008BF012A04D100224FF00043C4E904234E
:10F380006FF01504D6E786F31188BFF36F8F204620
:10F3900070BD00BFBC2B0020CA3302002334020022
:10F3A000CF31020038340200F73302000E3402007D
:10F3B0002DE9F047DFF804910246C9F80000FFF795
:10F3C00081FE8846044600260027DFF8F4A04FEAB5
:10F3D000E27CDAE9001354B1D4E90450AA427CEB90
:10F3E000000E1EDAAD1A60EB0C00C4E904500024D4
:10F3F000521843EB0C032046CAE90023C9F8004029
:10F4000002F0C0FA2146FAF787FF2E48FFF7E8FD21
:10F41000D0B188F31188BFF36F8FBDE8F047FFF7D5
:10F420006DBD691843EBE5732046C4E90467CAE97A
:10F430000013FFF759FE01224FF000432148C4E9B1
:10F440000423FFF7CDFD78B94FF499731E4A1F4985
:10F450001F4801F08FFD1B491E4801F08BFD4FF442
:10F460009971194801F07DFD88F31188BFF36F8F02
:10F470002046A3689847EFF31188402383F312884E
:10F48000BFF36F8F0F48FFF79DFD58B984230E4AD5
:10F4900011490F4801F06EFD0A49104801F06AFD5C
:10F4A0008421DEE70748FFF7B1FDD9F80020521BA1
:10F4B000C9F80020FFF706FE044688E7B82B0020B5
:10F4C00058290020BC2B0020CA330200F733020069
:10F4D000CF3102000E34020023340200383402001F
:10F4E00010B5EFF31184402383F31288BFF36F8FBD
:10F4F0000B48FFF767FD68B984230A4A0A490B489D
:10F5000001F038FD06490A4801F034FD8421054820
:10F5100001F027FD0248FFF779FD204610BD00BF2E
:10F52000BC2B0020CA33020023340200CF3102007A
:10F530003834020070B5EFF31186402383F312884C
:10F54000BFF36F8F1A48FFF73DFD68B98423194A4E
:10F5500019491A4801F00EFD1549194801F00AFD34
:10F560008421144801F0FDFC1148FFF74FFDFFF71F
:10F57000B1FD144AD2E90045041945EBE0750C4889
:10F58000FFF72EFD68B94FF499730A4A0E490B48EC
:10F5900001F0F0FC06490D4801F0ECFC4FF49971C4
:10F5A000DFE786F31188BFF36F8F2046294670BDD1
:10F5B000BC2B0020CA33020023340200CF310200EA
:10F5C0003834020058290020F73302000E340200BC
:10F5D0002DE9F84F05460C46924602F065F90028E1
:10F5E00064D1344B9B68D3F8A860002E5ED06F1EA8
:10F5F0003D420BD030491823304A314801F0BAFC63
:10F60000304801F0B7FC18212C481CE004344DD2DE
:10F6100045F0040B06F11408EFF31189402383F33E
:10F620001288BFF36F8F4046FFF7CCFC68B9842384
:10F63000254A2649224801F09DFC4146244801F014
:10F6400099FC8421204801F08CFC4046FFF7DEFC49
:10F65000224659463046D04704464046FFF7C0FC94
:10F6600068B94FF49973184A1A49154801F082FC99
:10F670004146194801F07EFC4FF49971E2E789F3A5
:10F680001188BFF36F8F8CB144F8046B7DB13C429D
:10F690000DD03523094A1149094801F06BFC214678
:10F6A0002A460F4801F066FC3521ADE700242046CC
:10F6B000BDE8F88F702B0020B43102009D4F02008E
:10F6C000CF310200EC310200CA33020023340200C1
:10F6D00038340200F73302000E340200C14F02003A
:10F6E000F34F02000146024A0020FFF771BF00BF3E
:10F6F0003F0F020007B5074B4FF400620093064925
:10F700004FF0FF330548FEF7E9F8002003B05DF83D
:10F7100004FB00BF98300200904C002060290020BC
:10F7200038B50C4C0C4802F0CCF965780A4802F068
:10F73000CEF90A4802F0C5F9022D08D12478E31F5A
:10F740005C425C41054802F0C2F9204638BD002405
:10F75000F8E700BFC02B00203C030020540300202A
:10F7600038B504460D46FFF7DBFF30B12A46214687
:10F77000BDE83840024802F09EB96FF0880038BDFD
:10F78000C42B002010B51B4C1B4802F09AF92378BB
:10F79000590744BF03F0FB0323709A0705D500F017
:10F7A000B1F8237823F002032370134802F08FF995
:10F7B000124802F086F9637813B1114802F07EF91D
:10F7C000002304210E48637000F0B6F80B4802F0E5
:10F7D0007EF9094802F075F92378DB0705D502F0B8
:10F7E00066F9237823F0010323700348BDE8104035
:10F7F00002F06DB9C02B0020540300203C03002010
:10F80000C42B002070B5FFF78BFF10B100242046F9
:10F8100070BD344802F055F9044620B16FF08F04F2
:10F82000FFF7B0FFF3E7304D2B789E0706D400F0CA
:10F8300061F804462B7843F002032B70294802F04C
:10F8400046F910B1002CE9D0EAE7002CE8D12548B0
:10F8500002F037F904460028E0D12B78D80706D407
:10F8600002F023F904462B7843F001032B701D4866
:10F8700002F02DF90028E5D1002CD1D1194802F071
:10F8800020F90028CAD117482E7802F020F9002864
:10F89000C4D1164802F015F904460028BED16B7891
:10F8A0003BB9F10705D5124802F002F902230446DC
:10F8B0006B700E4802F00BF90028C3D1002CAFD1B9
:10F8C000084802F0FEF80028A8D12B7805485A070E
:10F8D0005CBF43F004032B7002F0F9F8002895D0C8
:10F8E0009CE700BF54030020C02B00203C030020F5
:10F8F000C42B00200122024B002083F8C022704755
:10F90000C82B00202DE9F0410A4C002526464FF077
:10F91000010803272046C4F820802777013502F02C
:10F92000A7F8102D04F12C04F4D1002386F8C0327E
:10F93000BDE8F081C82B002010B50A46044619B175
:10F94000024B00211B68984710BD00BFA430020085
:10F9500010B50C4C206800F0D9FD0B4A1368591CF7
:10F9600011604BB9094A4820D2F8003443F007032C
:10F97000C2F80034F8F722FF2068BDE8104000F01C
:10F98000DFBD00BF700300208C2E002000800450DB
:10F9900038B5164D286800F0B9FD154B1C68013CC0
:10F9A0001C60ECB94820F8F717FF0722114BC3F889
:10F9B0000823D3F8002422F00702C3F80024C3F878
:10F9C0000041D3F80021C3F80441D3F804214FF4D7
:10F9D0008072C3F80841D3F80831074BC3F8882177
:10F9E0002868BDE8384000F0ABBD00BF70030020C0
:10F9F0008C2E00200080045000E100E070B5104D16
:10FA0000104E2B68B34219D0FFF7A2FF00F022FD81
:10FA100000F05EFD38B102F05CF80446FFF7B8FF75
:10FA20003CB92E6005E000F01FFB044618B1FFF75B
:10FA3000AFFF204670BD02F031F9EEE70024F8E791
:10FA40006C030020117365000022074BC3F81021DE
:10FA5000C3F80C21C3F80021C3F80421C3F808211E
:10FA6000C3F81421704700BF0050045008B5FFF7D9
:10FA7000EBFF01230360104B0A6832B9D3F80C2165
:10FA80001AB9D3F80821002AF6D00B687BB90B4BC2
:10FA900099420ED0A3F58473D3F80831002B14BF1C
:10FAA0006FF002004FF0FF30FFF7CEFF08BD0020DF
:10FAB000FAE74FF0FF30F7E70050045008510450C8
:10FAC00070B506460D4619B34B6913F00F040CD000
:10FAD00011495523114A124801F04CFA114801F01E
:10FAE00049FA55210D4801F03CFA2146012001F068
:10FAF00069FE0D480D49C0F80065C0F80455FFF7D0
:10FB0000B5FF21460546204601F05CFE284670BD43
:10FB10006FF00105FAE700BF7750020024500200A1
:10FB2000CF310200A0500200005004500051045098
:10FB3000034B0449C3F800050348FFF797BF00BF14
:10FB400000500450045104500450045010B50446B1
:10FB50000021012001F036FE064B0749C3F800459D
:10FB60000648FFF783FF00210446084601F02AFEFD
:10FB7000204610BD00500450085104500850045055
:10FB800038B50C4659B1074D0749C5F80005074877
:10FB9000FFF76CFF10B9D5F80835236038BD6FF05A
:10FBA0000100FBE700500450105104500C50045069
:10FBB00000212DE9F043064695B0084600F0C6FB4B
:10FBC0000DF12705044625F01F0520B115B0BDE84D
:10FBD000F04301F07EBF4FF01009DFF88080012272
:10FBE00010211F4801F0E1FF1D4A2B19009320212D
:10FBF0001023CDF80490A2F1200000F073FA07461C
:10FC000050B1002000F0CCFB384601F062FF0746FF
:10FC1000384615B0BDE8F083D8E90C321034013312
:10FC200042F10002302CC8E90C32D8D100F0B8FB08
:10FC300026B122463146284601F0AAFF2E46074C3F
:10FC40000FCE0FC496E80F00203584E80F0095E82A
:10FC50000F00103484E80F00DAE700BF382A0020D4
:10FC6000582A0020F0B5194D194FAB6B8DB0BB422F
:10FC700029D0184E306800F049FC40230022194674
:10FC8000284602F0B7F83021684601F0A2FF04468A
:10FC900078B96846FFF78CFF044690B930230246D6
:10FCA0001946684602F0A6F801220023C5E90C2394
:10FCB000AF63306800F044FC204601F00AFF0DB04D
:10FCC000F0BD0E24F5E70020F9E700BF382A002038
:10FCD000B4A5B4A5740300202DE9F04F99B00DF13F
:10FCE000570902F10F0A04468846154629F01F09F4
:10FCF0004FEA1A1A32B1002900F08580B2F5803F30
:10FD000000F28180414F424E386800F0FFFBD6E997
:10FD10000C32134308D12046FFF7A4FF044618B164
:10FD2000386800F00DFC5AE0D6E90C231AEB020209
:10FD300043F10003B3F5803F14D3302102A801F052
:10FD400048FFF8B902A8FFF733FF04460028E7D1BF
:10FD500030230246194602A802F04CF80022002384
:10FD6000C6E90C230021084600F0F0FA044660B909
:10FD700010249DB9284600F013FB2846FFF718FF12
:10FD80000446CDE76FF09204CAE7386800F0D8FB6C
:10FD9000204619B0BDE8F04F01F09BBE102D4FF08A
:10FDA00001024FF010011B48AB4628BF4FF0100B6B
:10FDB00001F0FBFE174A10232021CDE90094A2F1A7
:10FDC000200000F08FF9824668B1002000F0E8FAC8
:10FDD000386800F0B5FB504601F07BFE0446204633
:10FDE00019B0BDE8F08F5A464046494602F044F843
:10FDF000D6E90C32013342F10002C6E90C32A5EB20
:10FE00000B05D844B5E76FF08604E8E774030020DB
:10FE1000382A0020582A00202DE9F04F89B01C46CE
:10FE200007460D46164601F016FF0346002840F02F
:10FE3000F8807A690090C2F3013161F305138DF8FF
:10FE4000003013F0300308D1B868800710D06FF08D
:10FE50008608404609B0BDE8F08F102B08D1BDF8E8
:10FE6000023023F4F87343F4A873ADF8023053E082
:10FE7000D2B2F82A2ED100224FF0010B9046104644
:10FE80009446D7F808E0DFF8D09159F804AB1EEAA1
:10FE90000A0F08D00BFA0CF242EA080202F07F08BF
:10FEA000012240EA0A000CF1010CBCF1070FECD171
:10FEB0002AB19DF8032068F347028DF803203EEA3B
:10FEC000000007D17A88FF2A0FD006D8802A35D0C3
:10FED000C02A35D06FF08508BBE7B2F5807F31D0FE
:10FEE000B2F5C07FF6D1062200E003229DF80200A1
:10FEF00062F306108DF8020013B91EF0030FA6D1AD
:10FF00003B79022B2BD01FD8012BA0D1BDF80220AA
:10FF100063F3C812ADF80220012938D0032923D099
:10FF2000002994D13B88B3F5105FD3D1182C03D0AE
:10FF3000202C01D0102C8AD1484F2CE00122D5E78B
:10FF40000222D3E70422D1E7032B02D0FF2B7FF458
:10FF50007EAF0222BDF8023062F3C81385E7BDF818
:10FF6000023043F4C07380E7202C05D006D8102C53
:10FF700002D0182C7FF46BAF394F0CE024F0200333
:10FF8000412B01D0302CF5E70136013CF4E7302C51
:10FF90007FF45DAF334F4FF000080F344FEA141970
:10FFA00005EB080001F00BFE002852D008F1010813
:10FFB000C145F5D11F2C2ED11C22002101A801F032
:10FFC00068FF4FF0000B4FF0FF3A07EB0B124FEAC0
:10FFD0000B130692BBF1000F26D1009A0792BDF8D1
:10FFE00002203344C2F3C11205920DF1040C03F157
:10FFF000100E624618685968083303C27345944668
:020000022000DC
:10000000F7D101A905EB0B00FFF75AFD804670B14F
:1000100001F021FE05E04946284601F004FE0028D3
:10002000CAD06FF0920814E7CDF81CA0D7E71C21C6
:1000300001A80BF1010B01F0E8FED945C5D11F2C39
:100040003FF407AFBA20FFF781FD00283FF401AF6E
:10005000E7E76FF08A08FCE6A83002004000815113
:10006000000000201084045010B590B01C22002124
:1000700001A801F00EFFF82001F0A1FD00B320223D
:1000800000200DEB0201FFF727FE0446F0B94FF404
:100090008071104A104B01A8CDE901230F4BCDE927
:1000A00003130F4BF821069320230DEB0302FFF7F8
:1000B000B3FE202104460DEB010001F0A6FE05E091
:1000C000F92001F07CFD0028D9D10446204610B06B
:1000D00010BD00BF00240001014B4E800010C00481
:1000E000F800FF7F37B54FF480740194214C41F044
:1000F0000051A16140F6110143F00053A362212396
:10010000E16104F12001616101212262E362069A4A
:10011000194B01AD1A60079A256042F00052112573
:10012000C3E901122022DFF854C02061C4E902C5EE
:1001300004F1100565606162DA60BFF35F8F4FF014
:10014000A3421460BFF35F8FBFF35F8F1361BFF3F0
:100150005F8FBFF35F8F03235363BFF35F8FBFF3E3
:100160005F8F9363BFF35F8F01F0D4FD431CFBD01F
:1001700003B030BDA02E0020902E002004000020EF
:10018000BFF35F8F094A1368BFF35F8F43F4807139
:10019000BFF35F8F1160BFF35F8F23F48073BFF3F2
:1001A0005F8F1360BFF35F8F704700BF00108051F7
:1001B00008B5FFF7E5FFBFF35F8F064A1368BFF38B
:1001C0005F8F43F00103BFF35F8F1360BFF35F8F57
:1001D00008BD00BF0010805170B50026C0E9006660
:1001E00005460C46FFF7B4FB01232B70FFF7C8FF51
:1001F000BFF35F8F204BDB68BFF35F8F9B08013B32
:10020000ACB3226842B19A4205D9FFF7C1FB6FF047
:100210003F002E7070BD1346D4E90115E068002937
:1002200008BF4FF40071002808BFF1202469BFF314
:100230005F8F114A9360BFF35F8FBFF35F8F1564C9
:10024000BFF35F8FBFF35F8F5064BFF35F8FBFF368
:100250005F8F5163BFF35F8F44F4802444F0010447
:10026000BFF35F8F1460BFF35F8F0020D2E74FF4BE
:100270000071F1202546DAE70010805170B503784F
:100280000D461446002B52D0BFF35F8F2C4A136BE0
:10029000BFF35F8F03F00E010A294BD013F00C0F50
:1002A00002D14FF0FF3070BD4368D3B9BFF35F8F09
:1002B0005368BFF35F8F032BF3D9224B2249BFF35F
:1002C0005F8FD2F88060BFF35F8FBFF35F8F43F81B
:1002D000046BBFF35F8F8B42F1D1FFF769FF0123FE
:1002E0004360BFF35F8F164B9A68BFF35F8F013295
:1002F000B4EB021F21D8BFF35F8F5A68BFF35F8F43
:10030000B4EB820FCDD884B1BFF35F8FD3F88020D8
:10031000BFF35F8F291D05F8012BA9424FEA122276
:1003200004F1FF34EFD0002CF5D10020BBE76FF0D3
:100330002000B8E76FF05100B5E76FF03F00B2E77B
:1003400000108051101080512010805110B50446CB
:10035000FFF7FEFA104B186800F0D8F80CB1012333
:100360002370BFF35F8F4FF0A3430020D861BFF32A
:100370005F8FBFF35F8F4FF0FF321A63BFF35F8F62
:10038000BFF35F8F3422DA61BFF35F8F0122034B2B
:10039000C3F8042310BD00BF780300200080045080
:1003A00010B5044608B1037843B1FFF7F1FA044BE6
:1003B000186800F0C5F80CB10023237010BD00BF11
:1003C0007803002038B51C4CD4F80051C5B1BFF3F8
:1003D0005F8F4FF0A343996ABFF35F8FBFF35F8FC7
:1003E0004FF0FF321A63BFF35F8F0023C4F8003170
:1003F000D4F80031114B1868BDE8384001F0F6BC64
:10040000D4F8083153B100F07DF801F0B4FCC4F821
:100410000851D4F808310121094BECE70949502370
:10042000094A0A4800F0A6FD094800F0A3FD502142
:10043000054800F096FD00BF0080045080030020B6
:100440007C030020FB450200B2500200CF310200C5
:100450001851020008B5074B186801F0B6FC064BAE
:10046000186801F0B2FCBDE808400022482011469F
:10047000F8F7C6B9800300207C03002038B5094B8B
:100480001C7864B1084B4FF0FF311D68284601F01D
:100490009EFC4FF0FF310446284601F0A5FC2046A3
:1004A00038BD00BF4A3100208003002010B5064C43
:1004B000E36C3BB9214651F84C3B986901F05FFC75
:1004C0000123E364014810BDD02E00201C2F002022
:1004D00010B50A4B0A4C236003F5C04363602461E6
:1004E000FFF7E4FF236D0020B3F5007FCCBF4FF48E
:1004F00080634FF40073A36010BD00BF00208051E3
:10050000D02E002000487047D02E002008B54FF0B4
:10051000FF324FF0FF33FCF789FB48B1054906482D
:100520001723064A00F026FD1721044800F019FDA4
:1005300008BD00BF75510200CF31020030510200EA
:1005400008B5FCF73BFC48B1054906481F23064A9D
:1005500000F010FD1F21044800F003FD08BD00BF9E
:1005600075510200CF310200305102002DE9F743EE
:1005700005460C46914600F10C06EFF31188402326
:1005800083F31288BFF36F8F3046FEF71BFD68B907
:100590008423164A1649174800F0ECFC31461648E9
:1005A00000F0E8FC8421114800F0DBFC3046FEF747
:1005B0002DFDAB6828465C4004EA090203EA0907FE
:1005C0005340002200930D496B460192FEF7BAFB9F
:1005D000DDE9003223EA020330464146AB6001F018
:1005E000ABF9384603B0BDE8F08300BFCA33020060
:1005F00023340200CF31020038340200231E0200EF
:100600002DE9F04F85B08846DDE90E1B05461746FB
:10061000EFF305838BB151EA0B030ED0404940F252
:100620002113404A404800F0A5FC404800F0A2FCDD
:1006300040F221113B4800F094FC0291B8F1000F08
:1006400056D007F001030393FEF7CEF905F10C0431
:100650008146EFF3118A402383F31288BFF36F8F33
:100660002046FEF7AFFC029960B98423304A314935
:100670002D4800F07FFC21462F4800F07BFC8421B0
:100680002B48D8E720460291FEF7C0FC17F0020F76
:100690001CBF0023AB60AB6807F00102029903EABC
:1006A0000806BAB1B04517D17A0744BFB343AB606F
:1006B0002046FEF795FCE8B94FF499731C4A1F4990
:1006C000194800F057FC21461D4800F053FC4FF438
:1006D0009971D5E7002EE7D151EA0B0312D12046DC
:1006E000FEF77EFC0028E7D08AF31188BFF36F8FF6
:1006F000002603E08AF31188BFF36F8F304605B000
:10070000BDE8F08FC9E918872A46CDE9001B2046CD
:100710005146FDF71BFD0028EAD1D9F86060EDE7EE
:10072000DB4802007E510200CF3102008C470200FC
:10073000CA3302002334020038340200F7330200C7
:100740000E34020008B5EFF305834BB107490848A2
:100750003A23084A00F00EFC3A21064800F001FC5A
:10076000C0E90233C0E9000008BD00BF1348020021
:10077000CF3102007E5102002DE9F04F43688BB06B
:1007800080469246009383789C0740F1F9800025CB
:100790000878002800F0F68025280AD04B1C019329
:1007A00001354146009B98470028C0F2E38001993B
:1007B000EEE74E788B1C252E0193F1D000270A22FC
:1007C000B9463C461F2C22D8A6F12003102B20D876
:1007D000DFE803F0141F1F1A1F1F1F0B1F1F1F121C
:1007E0001F171F1F090044F00104019B13F8016B40
:1007F0000193002EE6D13AE044F0020444F00404F0
:10080000F3E744F00804F0E744F01004EDE77F2C30
:1008100024D8A6F13003092B08D860064EBF02FB8E
:10082000073744F0200402FB0939DEE72A2E0DD1F8
:1008300061065AF8043B53D4002BA7BF44F02004B0
:100840009946C3F1000944F02804CEE72E2E05D1C5
:10085000630600F1978044F04004C6E76C2E2ED06A
:1008600028D8682E32D06A2E37D04C2E35D0002FA3
:1008700046F02003B8BF24F04004A3F16502BCBFDA
:100880000027A4B2022A01D9612B2BD10AF1070A51
:1008900007279D4E2AF0070A0AF1080A210760D5AA
:1008A00006EB070B34465C455DD1AE1BA9EB07098F
:1008B000A21959E1742E98D07A2E96D0D7E7260641
:1008C00048BF44F4007444F080048EE7E00548BF5C
:1008D00044F4007444F4807487E744F4207484E79B
:1008E0001F4682E7A6F16302122A00F2D880DFE8F1
:1008F00012F013004D00D600D600D600D6004D00F1
:10090000D600D600D600D600D600E800D100D6002A
:10091000D6001A00D600A0005AF8043B012704AE06
:100920008DF81030BAE75AF8046B784B002E08BFE8
:100930001E4614F0400F304614BF39464FF0FF31C9
:1009400001F0C2FA0746A9E741462020009B9847DC
:1009500000280FDB013CA742F6D34D44A1462D1BD6
:100960009EE74C46F7E7414614F8010B009B984779
:10097000002898DA98F8023043F0040388F802302F
:100980004FF0FF3528460BB0BDE8F08F220630D57A
:10099000A3052AD50AF1070A2AF007039A465968DF
:1009A0005AF8080B24F0100B00291FFA8BFB2FDAE2
:1009B00040424BF4806B61EB410104AC0A232246B8
:1009C00001F08EFA1BF0400FA0EB040200F08E80C5
:1009D0002BF001049742A4B240F38F80002E40F028
:1009E0008E802BF01104A4B21DE05AF8040BC1173D
:1009F000D8E7E0055AF8041B01D40846F7E7A2053A
:100A000047BF48B241F3C01108B241F3C031C9E752
:100A100050EA0103D1D16306CFD5002FCDD124F008
:100A200011043A46A4B23B4640F206410C4262D160
:100A300024E024F010040A23A4B214F0800243D06E
:100A400014F4007117BF0AF1070A5AF8040B2AF0D0
:100A5000070292461CBF51685AF8080B50EA01027F
:100A60003ED124F0160B62061FFA8BFB3CD5002FFB
:100A70003AD124F017043A463B46A4B221075AD48F
:100A8000E10705D5994572DDA9EB03039F184B4695
:100A90009B464AE044F0100410237826CDE7782BDB
:100AA00004D1C6F1780343F01003C6E74146252080
:100AB000009B98470028FFF65DAF0235414630465F
:100AC00070E608230026B8E714F480715AF8040B86
:100AD000C4D014F400711ABFC0B2114680B2BDE791
:100AE00024F006041FFA84FB04AC68E713465C4656
:100AF000E10699D52EB90133C0E71346F8E73B4626
:100B0000F6E70233BAE700BF0C52020005520200BA
:100B1000CDE9023241462020009B98470028FFF68D
:100B200029AF0BF1010BDDE90232D945F0DCEB1AFC
:100B300003EB0B055B46E10627D541463020CDE9A6
:100B40000232009B98470028FFF614AFDDE902321D
:100B50007EB901352F44791B8A4229DB144604AE45
:100B600094BB2A44A9EB03091546914440E017467B
:100B70008EE7023541463046CDE90232009B984768
:100B80000028DDE90232E5DAF4E640F206410C42E3
:100B9000E0D014F0020F05F10105414614BF2B20EF
:100BA000202014F4806FCDE9023218BF2D20E5E734
:100BB000CDE902324146009B30200135984700289C
:100BC000DDE90232C7DAD5E6013C4146CDE9023221
:100BD000305D009B98470028DDE90232C0DAC9E6A3
:100BE00041462020009B013598470028FFF6C2AE01
:100BF000A9EB0503002BF3DCD9E500BF704700EB40
:100C0000C10040884008704708B5FFF7F8FF084466
:100C100008BDF0B5034600EBC100C588161DA9420A
:100C200009D101219140DA6822EA0102DA6000224A
:100C300043F82620F0BD8788EA00FC000634185BE4
:100C40000432814202D1985A814207D0002181F3B7
:100C50001188BFF36F8F0421084602DF43F8265046
:100C60001D539F52E6E708B50346FFF7C8FFB0FAE9
:100C700080F21846BDE80840C2F11F02FFF7C9BF65
:100C8000F8B50346FFF7BBFFB0FA80F0C0F11F00D4
:100C900003EB800CDCF81060CA00171D0C4606320E
:100CA0008DB256B9012101FA00F0D9680143D9602B
:100CB000CCF81040DD539D52F8BDF100043133F8FB
:100CC00001C04FEACC040634185B864208D00020ED
:100CD00080F31188BFF36F8F4FF0040E704602DF70
:100CE00023F807C09E521D535D52E5E710B500EB97
:100CF000C1035B880446DB070A460ED4FFF784FF76
:100D000034F83030C01A814207D134F8311020460F
:100D1000511AFFF779FF824207D0002383F311882D
:100D2000BFF36F8F0423184602DF10BD2DE9F8438F
:100D3000B1FA81F3C3F11F0800EB8809D9F81060FC
:100D400005460A46A6B94FF0FF34C3F120039C4084
:100D5000EB681C401CD094FAA4F6B6FA86F6331D54
:100D600055F8234028462146FFF7C0FF32460BE0E6
:100D70003446032721462846FFF741FF90420AD315
:100D80002846FFF7B3FF424621462846FFF741FFBA
:100D90002046BDE8F88305EBC404E488013FC9F8A8
:100DA0001040D0D0A642E5D1CDE738B50446FFF7D4
:100DB00026FF0D46034611462046FFF720FF1A186E
:100DC00092B2530004EBC50520466B80FFF71CFF71
:100DD00024F8302038BD70B50B460546FFF70FFFED
:100DE000511A89B205EBC3049B1A03444E00668076
:100DF0009CB2600005EBC203588025F832102846EB
:100E00001146FFF701FF25F8304070BDF8B5002905
:100E100067D004680D1F2D1BEE0825F00705621929
:100E2000538813F0010306D183F31188BFF36F8F4A
:100E30000423184602DF31462046FFF7E5FE34F86A
:100E40003030C01A864207D0002383F31188BFF3E5
:100E50006F8F0423184602DF615B2046711AFFF78B
:100E6000D3FEB04207D0002383F31188BFF36F8F06
:100E70000423184602DF5388314623F001035380D0
:100E80002046FFF7C1FE04EBC0035B880746DA0784
:100E90000CD401462046FFF729FF39462046FFF7CC
:100EA000E2FE3A4631462046FFF77FFF655B751B41
:100EB00004EBC5035B88DB070DD429462046FFF70A
:100EC00015FF29462046FFF7CEFE3246294620462A
:100ED000FFF76BFF2E4631462046BDE8F840FFF78E
:100EE000CFBEF8BD70B509B9002070BD056801F02E
:100EF00007030B33CC0804EBD304AB6828469C42B1
:100F000028BF1C462146FFF711FF06460028EBD0FC
:100F100001462846FFF773FEA04207D9284632193A
:100F2000FFF759FF11462846FFF7AAFE05EBC60258
:100F300010465388043043F001035380D5E711462F
:100F4000FFF7D0BF002070470FB407B504A951F8D0
:100F5000040B0191F6F7D6FD03B05DF804EB04B085
:100F60007047002383F31188BFF36F8F0423184663
:100F700002DF70470FB407B504A951F8040B0191C3
:100F8000F6F7C0FD03B05DF804EB04B07047838B47
:100F900013F0070306D10368002B18BF032008BF16
:100FA00000207047022B05D1C08BB0FA80F04009B9
:100FB00080007047012B04D10368002B18BF052067
:100FC000EDE70020704710B50C4600B111B96FF085
:100FD000150010BD081D00F02FF80028F9D1A368F6
:100FE000032BF6D9F3E72DE9F0410D4607461946E4
:100FF000281D90461E46F7F769F8044638B1334677
:10100000424629463846A446BDE8F0416047BDE85F
:10101000F08138B50C46054658B151B10B6843B163
:101020004B6833B12022002100F033FF00202C61F7
:1010300038BD6FF01500FBE7034658B1426802F077
:101040000302012A03D0032A04D1026812B100204E
:10105000986070476FF015007047704700F019BF37
:1010600000F00ABF01460068F7F78CB808B5F7F73B
:10107000B9F8BDE80840F7F75FBC00210120F7F799
:1010800081B8D0F89C3083F30B8870476FF08500EF
:10109000704761B662B680F31188BFF36F8F7047F7
:1010A00072B6002383F31188BFF36F8FBFF34F8FA6
:1010B00030BF62B6BFF36F8F704772B6002383F301
:1010C0001188BFF36F8FBFF34F8F20BF80F311885C
:1010D000BFF36F8F62B6704740E800F313F4803FB0
:1010E000D8B208BF6FF01500704730B50C684B6878
:1010F00085B00A894D890094013B24F01F042344E4
:1011000002F01F0242EA451223F01F0369468DF8E0
:1011100008200393F7F7C8FC05B030BD7047416A5B
:101120008968F7F783BF38B50D4614461146F8F7BE
:101130009BF822462946BDE8384000F09DBE10B518
:101140000C460121F8F790F8047010BD10B5036843
:1011500001211C78F8F7A8F8204610BD0220F8F706
:1011600079B9F8B5069F05460469C9B2EFF3118C49
:10117000402080F31288BFF36F8F0C2606FB0146D8
:10118000B06C00F0070EBEF1010F11D1B76400265C
:101190008CF31188BFF36F8F46B90C2000FB01441C
:1011A000C4E910236B6853F8313098473046F8BDD6
:1011B00000F0C00087420CBF6FF077064FF0FF369B
:1011C000E6E713B580240094FFF7CBFF02B010BD13
:1011D0000069CBB200EB4310002110471046FCF72A
:1011E00029B800F0AEB900F0ADB98022F8F7F4B933
:1011F00040F272607047084608B51146FEF7B0FA33
:10120000002818BF6FF0040008BD08B5FEF7FAFA11
:10121000002818BF6FF0040008BD436800205B6819
:10122000DB680B607047436802EA01005B6821EAF3
:1012300002015860002099607047436800205B6895
:1012400059607047436800205B6899607047436845
:101250005B681A6821EA020011405860002099601A
:101260007047FAF753BE30B543681360057A446897
:1012700004EBC504A34202D36FF0010030BD5C79DA
:1012800008338C42F1D10020F8E743681B68D3F89B
:10129000303170470B46026992E8030083E803008F
:1012A0000020704743681B68D3F88004C3F88004AB
:1012B000704742681368D3F84C0150B1002092691E
:1012C00012780A70C3F84C01D3F84C2101229A62BB
:1012D00070474FF0FF30704713B501AA0446FFF77F
:1012E000C2FF002805DB019B226819791868F8F70E
:1012F000ABFD02B010BD70B5044600220121C6202E
:10130000F7F77EFAC620F7F759FA63680121D86823
:10131000FFF7E2FF20462169F8F754FE054678BB47
:1013200061680B68D3F8002242F48022C3F80022DF
:101330000822C3F800254A69C3F83C270122C3F8F4
:1013400040071A65D3F83021002AFBD00021C3F8EA
:1013500000156668F0683468FFF7BEFF0823C4F81C
:101360000035327A52B9B369C4F804370123C4F89E
:101370000837C4F84C21D4F84C21A362284670BD2C
:101380006FF08505FAE708B50220F8F769FA002042
:1013900008BD10B54FF0FF304FF0FF31F9F70CF8F2
:1013A000044628B9DFF732FC044618B1F9F70CF807
:1013B000204610BDF9F708F82046F8F76BF8F7E774
:1013C00038B50B8A0D463BB101F10C00FFF7BEFEAC
:1013D000012818D0022803D06FF01504204638BD2C
:1013E0004FF0FF304FF0FF31F8F7E6FF04460028DA
:1013F000F4D1E868F0F783F80446F8F7E5FFACB1FC
:10140000F9F744FBEAE74FF0FF304FF0FF31F8F710
:10141000D3FF04460028E1D1E868F9F7D9FB044678
:10142000F8F7D2FF002CD9D1F9F730FB2846F7F7AF
:10143000D9FE0024D2E7F9F761BB10B532220021B2
:10144000044600F026FD202323708023A3706FF054
:101450003F0363716FF01B03A3722823A37322233E
:10146000E3730423A3756FF008036376FF23A37669
:10147000E3767F232377302384F82030782384F8A1
:1014800022306FF0090384F82330012384F82430DC
:10149000802384F82630142384F82730412384F8ED
:1014A0002D300C2384F82F3010BD034607B59988E2
:1014B00000689B790090ADF804108DF80630BDF8F7
:1014C000033068460A2B28BF0A23ADF80330E3F740
:1014D0002FFB03B05DF804FB08B5FEF793F948B1A4
:1014E000002383F31188BFF36F8F0423184602DFB4
:1014F0006FF0040008BD684620F007018D4601B575
:10150000EEF798FFBDE8014085467047684620F039
:1015100007018D4601B5EEF77FFFBDE80140854626
:101520007047684620F007018D4601B5EFF790FA45
:10153000BDE801408546704708B5F5F749FB002036
:1015400008BD70470020F9F7D9BF7047EDF79EBE80
:1015500003460020184700F038B9024610B511685C
:1015600091B1B1FA81F3C3F11F000123834021EA55
:101570000303D2E8EF4F8C4204D1C2E8EC3FBCF148
:10158000000FF6D1EBD110BD6FF00B00FBE710B5EB
:101590000368CB40DB0710D401238B40026843EA89
:1015A0000201D0E8EF4F944204D1C0E8EC1FBCF137
:1015B000000FF6D1F2D1002010BD6FF01500FBE74F
:1015C00010B504460846FAF7C1F804EB4004207D44
:1015D000C0F3401010BD10B504460846FAF7B6F83F
:1015E00004EB4004A08A00F01C00003818BF012062
:1015F00010BD10B504460846FAF7A8F804EB4004FD
:10160000207DC0F3400010BD10B50446FFF7F1FF88
:1016100020B12046BDE81040FFF7D2BF10BD10B585
:1016200004460846FAF792F804EB4004A08A400BFF
:1016300010BD70B5044608461646FAF787F808301C
:1016400034F810300D46DA0509D5C3F3432304EB13
:10165000C3023146284654F8333052689847A3688D
:101660002BB131462846E268BDE87040184770BD8E
:101670002DE9F3411746DDE90858019001A80C4611
:101680001E46FAF7A7F8019B391E18BF012100EB8F
:101690008300231E18BF0123002E43EA41030CBF21
:1016A00000210C21002D43EA01030CBF00214FF45F
:1016B0007061B8F1000F43EA01030CBF00214FF441
:1016C0004031D0F880200B4322EA030304B1247890
:1016D0000FB13F787F001C430EB13678B6003C4313
:1016E0008DB1297809023443B8F1000F03D098F87E
:1016F00000804FEA0848214341EA0801C0F8801001
:1017000002B0BDE8F0812946EDE71FB50DF10F03EA
:10171000019300238DF80F101A4619460093FFF726
:10172000A7FF05B05DF804FB2DE9F047002504464E
:10173000884617462E464FF00109AA46BE420CD1F4
:10174000D4F8443133B10023C4F84431D4F84431DF
:1017500045F400352846BDE8F087F0B2FAF76CF89A
:10176000A0F580739B0809FA03F318EA030F05D06C
:1017700022581AB144F800A022581D430136DDE773
:1017800038B504460D46FFF71BFFA8B12046FFF70A
:1017900030FF88B92046FFF742FF012322688340CB
:1017A000C2F81833236803EB8000D0F8103523F01B
:1017B0000303C0F8103538BD2846BDE83840002185
:1017C000FFF7A3BFC9B2FAF7C5BF08B1F7F7DEBD8F
:1017D000704740B1C368587810F001001EBF1878F8
:1017E000B0FA80F040097047EFF31183402383F390
:1017F0001288BFF36F8FFEE708B5FFF7F5FF10B44F
:1018000000F10C04C0E903440024446110BCF6F765
:10181000E1B890F90E308B4201D0FCF71DBD0020DD
:10182000704710B5044630B10268930703D044688E
:1018300009B100F00AF9204610BD012307B5009355
:1018400000230A461946FBF7ABFB03B05DF804FB27
:10185000002307B50A4600931946FBF7A1FB03B026
:101860005DF804FB012302688B4022EA0303036056
:1018700022FA01F000F00100704720B10022C430CC
:101880001146FDF7EFB9704710B5FBF7BDFF041E19
:1018900008DDEFF31180402383F31288BFF36F8FCD
:1018A000FCF7B4FD204610BDEFF30580003818BFEB
:1018B00001207047D0E9003213605A600023C0E96C
:1018C0000033704738B504460D46FCF785FA237C93
:1018D00043F002032374D5B1A5602B689D4209D162
:1018E0006B68C4E900531C606C6010E06A689A423F
:1018F000F6D01B68002BF3D093F90E1094F90E204C
:101900009142F3DD5A68C4E9003214605C6038BD6E
:1019100010B5037C044613F0280F0CD183680BB17B
:10192000FCF734FB237C204623F004032374BDE83A
:101930001040FCF7E9B910BDFCF7E2BA38B505462E
:1019400004680020AC4200D138BD002CFCD02046F9
:10195000FCF71CFB04F11800FDF7BEFC2046FCF769
:10196000D3F92C680120A542EDE708B5C3171F3055
:1019700043F10003400940EAC360C117FCF71CFFB4
:10198000400108BD08B50246FDF79CFB70B1D0E9E7
:1019900004319B1A61EBE272B3F1004F72F1000166
:1019A00004DA002AACBF1846002008BD6FF00040E2
:1019B000FBE708B5FDF7BEFD08BDFDF7BBBDB3F104
:1019C000FF3F08BFB2F1FF3F70B506461D46144603
:1019D00014D01A4316D0002B08DBFDF7ABFD041919
:1019E00041EB0501C6E90041304670BD6FF00103CF
:1019F0001C1B4FF0FF3363EB0501F3E74FF0FF349F
:101A00002146EFE70024FBE7B3F1FF3F08BFB2F147
:101A1000FF3FF8B5074616461C4610D054EA0203AD
:101A200011D0FDF787FDB0420A46A14103460AD214
:101A3000F31A64EB0204C7E900343846F8BD4FF0EE
:101A4000FF331C46F7E70023FBE720B1011F50F8E6
:101A5000040CFBF773B87047704710B5836A0446EF
:101A60001BB101212430FDF767FF0020A06210BDEB
:101A700038B50446FFF7F1FF237F012B0FD0023B5F
:101A8000012B0FD8236A012B14BF6FF09605002598
:101A90002C220021204600F0FCF9284638BD236A9C
:101AA000002BF1E76FF09605F2E7FDF7A7BF70474F
:101AB0000020FEF7D7B80020FEF70EB9002000F096
:101AC000B0B84FF0FF324FF0FF33FBF7AFB8FBF782
:101AD00075B90A2842DCC31C1FDA10F1400F45D04B
:101AE00010F13F0F2BDA10F1410F42D010F1550FDA
:101AF00042D010F1490F14BF6FF086006FF08400E0
:101B0000704709282DD8DFE800F0052C2C2F172C62
:101B1000372C2C3A6FF09800704703300D2820D8EE
:101B2000DFE800F00A331F221F1F1F1F1F1F071FA0
:101B30001F076FF0940070476FF08500704710F139
:101B4000210F1FD00DDB10F1200F1ED010F1100F50
:101B500014BF6FF086006FF0940070476438092856
:101B6000CFD96FF086007047002070476FF0840077
:101B700070476FF0890070476FF0930070476FF007
:101B80008C0070476FF0880070476FF092007047CC
:101B900010B501380A44914200D110BD10F8013F40
:101BA00011F8014B63400370F5E70144814200D115
:101BB000704711F8013D1A440A70120AF6E707B59A
:101BC00001A9FDF7DDFF003818BF012003B05DF863
:101BD00004FBF7B506460D46202D2F46A8BF20274B
:101BE00000216846FEF7F8FA044670B93A463146D5
:101BF0006846FEF743FB10F1520F044608D0431C21
:101C0000F4D0684600F0ADF834B1204603B0F0BD22
:101C1000684600F0A6F8E3E7EC1B3E44F5D0254605
:101C2000DAE70020704730B589B0054618220C4627
:101C300001A8002100F02DF9012344EA052401A99F
:101C4000BA2007940593FDF73BFF002818BF6FF0FB
:101C5000920009B030BDF7B5BA2001A9FDF790FF99
:101C6000044610B1002003B0F0BD019D2F0AEDB273
:101C7000AC4205D1BA20FDF769FF0028F2D008E098
:101C8000E6193046FDF762FF30B13046FFF797FFA7
:101C900010B96FF09200E6E70134E9E708B5F820E3
:101CA000FFF78DFF18B9F920FFF789FF10B16FF02A
:101CB000920008BDF820FDF73BFF0028F7D1F9207E
:101CC000FDF736FF0028F4D0F1E738B5BFF35F8F9A
:101CD0004FF0A344E569BFF35F8FBFF35F8F10231D
:101CE0006363BFF35F8F012000F082F8BFF35F8F63
:101CF00000236363BFF35F8FBFF35F8FE36BBFF3BB
:101D00005F8F5B06F8D425B1BFF35F8FE561BFF34A
:101D10005F8F38BD08B5FEF7B1FB30B9BFF35F8FF9
:101D20004FF0A343986ABFF35F8FBFF35F8F4FF00D
:101D3000A342D36BBFF35F8F10F0240F03F0230394
:101D400004D0FFF7C2FF6FF01F0008BD4FF0FF3057
:101D5000002BFAD1BFF35F8F1063BFF35F8F18467C
:101D6000F3E710B5037804461BB1FDF711FE00231D
:101D70002370002010BD022203689A607047C0F3F0
:101D80000B03482B4B6028BF482310F4003F8B60A7
:101D900008BF0023CB6010F4803308BFC1E90133D2
:101DA00000F47003B3F5700F14BF00238B68002894
:101DB0004FF0010C4FF008028B60B8BF0023C1E95F
:101DC00005C2B8BFC1E905337047FEF7BBBC07B514
:101DD0004FF0FF334FF0FF32CDE90023002200F037
:101DE00048F803B05DF804FB00F03FB800F039B8E4
:101DF000FFF7BBBD10B58B4294BFC4184418A04276
:101E000000D110BD00F8012BF9E700231A4682B07B
:101E100001908B4201D102B070470198C254013346
:101E2000F7E710B50B680446D0E9180212F0010F6D
:101E300003EA000301D0984211D183B1236652070F
:101E400048BF4A6804F1180044BF1A434A60FDF7CE
:101E500043FA00232046C4F8B430FFF759FD0020B0
:101E600010BD4FF0FF32FEF781BB0A460021FEF79E
:101E70007DBB5200FEF7C4BB0A44431E914200D111
:101E8000704710B511F8014B914203F8014FF9D199
:101E900010BD02440346934200D1704703F8011B72
:101EA000F9E70139034610B532B111F8014F013A93
:101EB00003F8014B002CF7D11A440021934200D1C2
:101EC00010BD03F8011BF9E70246014410B58A4230
:101ED000134603D01C780132002CF8D1181A10BD1B
:101EE000F0B5C3F13707044603F01F031046FFB2F5
:101EF000082BE6B232D0102B3DD06508A40845EA85
:101F0000C17544EA81748A082D1942EB51022909EE
:101F100041EA02716D1842EB1212290A41EA02618C
:101F20006D1842EB1222290C41EA02416D1842EB76
:101F30001242AD1842F10002EC0844EA4274D108A2
:101F400004EB8402A6EB4205EDB2092D0CD9013455
:101F5000A5F10A0541F10001EDB212E0E40806F036
:101F6000070544EA4174C908303554EA010200F813
:101F7000015BBDD1F0BD240906F00F0544EA0174F0
:0C1F80000909092D84BFED19EDB2EDE751
:081F8C00CC52FF7F01000000B0
:101F9400E59201000000000069A2010000000000B9
:101FA400000000002C200200EDCA01000000000027
:101FB400000000006420020000000000482002002D
:101FC400000000008020020081B301000000000036
:101FD4003915020000000000000000009C200200EF
:101FE40000000000B8200200871302000000000077
:101FF4004D8F01000000000000000000D42002000A
:102004005177010000000000F5F601000000000017
:10201400D914020000000000198101000000000032
:08202400D5A30100000000003B
:10202C00F83D0200902F0200942902008403002046
:10203C00B82A00207996010000000000213F020020
:10204C00B82F02007029020088030020142B0020F6
:10205C00AD9D0100000000002D3F0200CC2F0200BE
:10206C00702902008A030020202B0020AD9D010066
:10207C0000000000383F0200E02F0200702902002F
:10208C008C0300202C2B0020AD9D010000000000D3
:10209C00053E0200000000006829020086030020B3
:1020AC00000000000B12020000000000433F020081
:1020BC000C300200B02902008E030020080300201F
:1020CC00F7120200000000003B420200000000007A
:1020DC004C300200900300203C2B00207DA9010015
:0420EC0000000000F0
:1020F000000000007B100200000000007B100200C6
:10210000000000007B100200000000007B100200B5
:10211000000000007B100200000000007B100200A5
:10212000000000007B100200000000007B10020095
:10213000000000007B100200000000007B10020085
:10214000000000007B100200000000007B10020075
:10215000000000007B100200000000007B10020065
:10216000000000007B100200000000007B10020055
:10217000000000007B100200000000007B10020045
:10218000000000007B100200000000007B10020035
:10219000000000007B100200000000007B10020025
:1021A000000000007B100200000000007B10020015
:1021B000000000007B100200000000007B10020005
:1021C000000000007B100200000000007B100200F5
:1021D000000000005DB40100000000007B10020060
:1021E000000000007B100200000000007B100200D5
:1021F000000000007B100200000000007B100200C5
:10220000000000007B100200000000007B100200B4
:10221000000000007B100200000000007B100200A4
:10222000000000007B100200000000007B10020094
:10223000000000007B100200000000007B10020084
:10224000000000007B100200000000007B10020074
:10225000000000007B100200000000007B10020064
:10226000000000007B100200000000007B10020054
:10227000000000007B100200000000007B10020044
:10228000000000007B100200000000007B10020034
:10229000000000007B100200000000007B10020024
:1022A000000000007B100200000000007B10020014
:1022B000000000007B100200000000007B10020004
:1022C000000000007B100200000000007B100200F4
:1022D000000000007B100200000000007B100200E4
:1022E000000000007B100200000000007B100200D4
:1022F000000000007B100200000000007B100200C4
:10230000000000007B100200000000007B100200B3
:10231000000000007B100200000000007B100200A3
:10232000000000007B100200000000007B10020093
:1023300000000000C5030200000000007B10020046
:10234000000000007B100200000000007B10020073
:10235000000000007B100200000000007B10020063
:10236000000000007B100200000000007B10020053
:10237000000000007B100200000000007B10020043
:10238000000000007B100200000000007B10020033
:10239000000000007B100200000000007B10020023
:1023A000000000007B100200000000007B10020013
:1023B000000000007B100200000000007B10020003
:1023C000000000007B100200000000007B100200F3
:1023D000000000007B100200000000007B100200E3
:1023E000000000007B100200000000007B100200D3
:1023F000000000007B100200000000007B100200C3
:10240000000000007B100200000000007B100200B2
:10241000000000007B100200000000007B100200A2
:10242000000000007B100200000000007B10020092
:10243000000000007B100200000000007B10020082
:10244000000000007B100200000000007B10020072
:10245000000000007B100200000000007B10020062
:10246000000000007B100200000000007B10020052
:10247000000000007B100200000000007B10020042
:10248000000000007B100200000000007B10020032
:10249000000000007B100200000000007B10020022
:1024A000000000007B100200000000007B10020012
:1024B000000000007B100200000000007B10020002
:1024C000000000007B100200000000007B100200F2
:1024D000000000007B100200000000007B100200E2
:1024E000000000007B100200000000007B100200D2
:1024F000000000007B100200000000007B100200C2
:10250000000000007B100200000000007B100200B1
:10251000000000007B100200000000007B100200A1
:10252000000000007B100200000000007B10020091
:10253000000000007B100200000000007B10020081
:10254000000000007B100200000000007B10020071
:10255000000000007B100200000000007B10020061
:10256000000000007B100200000000007B10020051
:10257000000000007B100200000000007B10020041
:10258000000000007B100200000000007B10020031
:10259000000000007B100200000000007B10020021
:1025A000000000007B100200000000007B10020011
:1025B000000000007B100200000000007B10020001
:1025C000000000007B100200000000007B100200F1
:1025D000000000007B100200000000007B100200E1
:1025E000000000007B100200000000007B100200D1
:1025F000000000007B100200000000007B100200C1
:10260000000000007B100200000000007B100200B0
:10261000000000007B100200000000007B100200A0
:10262000000000007B100200000000007B10020090
:10263000000000007B100200000000007B10020080
:10264000000000007B100200000000007B10020070
:10265000000000007B100200000000007B10020060
:10266000000000007B100200000000007B10020050
:10267000000000007B100200000000007B10020040
:10268000000000007B100200000000007B10020030
:10269000000000007B100200000000007B10020020
:1026A000000000007B100200000000007B10020010
:1026B000000000007B100200000000007B10020000
:1026C000000000007B100200000000007B100200F0
:1026D000000000007B100200000000007B100200E0
:1026E000000000007B100200000000007B100200D0
:1026F000000000007B100200000000007B100200C0
:10270000000000007B100200000000007B100200AF
:10271000000000007B100200000000007B1002009F
:10272000B82002008B120200000000007B100200A3
:10273000000000007B100200000000007B1002007F
:10274000000000007B100200000000007B1002006F
:10275000000000007B100200000000007B1002005F
:10276000000000007B100200000000007B1002004F
:10277000000000007B100200000000007B1002003F
:10278000000000007B100200000000007B1002002F
:10279000000000007B100200000000007B1002001F
:1027A000000000007B100200000000007B1002000F
:1027B000000000007B100200000000007B100200FF
:1027C000000000007B1002008C0200206312020057
:1027D000000000007B100200000000007B100200DF
:1027E000000000007B100200000000007B100200CF
:1027F000000000007B100200000000007B100200BF
:10280000000000007B100200000000007B100200AE
:102810005DC6010051150200000000007B1002009F
:10282000000000007B100200000000007B1002008E
:10283000000000007B100200000000007B1002007E
:10284000000000007B100200000000007B1002006E
:10285000000000007B100200000000007B1002005E
:10286000000000007B100200000000007B1002004E
:10287000000000007B100200000000007B1002003E
:10288000000000007B100200000000007B1002002E
:10289000000000007B100200000000007B1002001E
:1028A000000000007B100200000000007B1002000E
:1028B000000000007B100200000000007B100200FE
:1028C000000000007B100200000000007B100200EE
:1028D000000000007B100200000000007B100200DE
:1028E000000000007B100200000000007B100200CE
:1028F000000000007B100200000000007B100200BE
:10290000000000007B100200000000007B100200AD
:10291000000000007B1002004D150200511502005E
:10292000000000007B100200000000007B1002008D
:10293000000000007B100200000000007B1002007D
:10294000000000007B100200000000007B1002006D
:10295000000000007B10020014020020631202003D
:08296000000000007B100200E2
:08296800F7110200000000005D
:102970009D9B01001B120200271202003B12020065
:10298000451202004F1202008D9A01009599010034
:042990000000000043
:10299400D1960100EB110200C311020000000000F7
:0C29A400A19501000000000000000000F0
:1029B000B312020069A10100A5120200C59F010027
:0429C000951202006A
:1029C400040000000F0000000100000008000000E7
:1029D40020000000680000007800000010000000E3
:1029E4000C0000000E000000500000007C000000FD
:1029F400B0000000FFFFFFFFFFFFFFFFFFFFFFFF2F
:042A0400FFFFFFFFD2
:102A100000A0105000820D50000405500500000079
:102A20000400000001000000010208252627010221
:102A3000030328049042BE11B400500BEE030102C0
:102A400004004C01E80B8604010203030000002887
:102A5000000000200102FFFFFFFFFF030F141E28EC
:102A6000323C5064780102030301010002070001B7
:102A7000020401000100000101000001000100004A
:102A80000100010000000102080F141E28323C5012
:102A900064780000020B000001000B0002000A0035
:102AA000050009000A000800140007001E000600C7
:102AB000320005004B000400640003009600020091
:102AC000FA000100F4010000010203030203000107
:102AD000F401FA00960064004B0032001E0014005E
:102AE0000A000500020001000C0802170D01010296
:102AF0000909010106020918180301010909838364
:102B000085030201230202240910040405050B0BAE
:102B1000040B2B1B1B159A9A1C021D161305014949
:102B20000D150508061B1B0F01010000FEFEFEFE31
:102B3000FEFEFEFEFEFEFEFEFEFEFEFEFEFEFEFEB5
:102B4000FE16FEFEFEFEFEFEFEFEFEFEFEFE1F1F4B
:102B5000FE26FEFEFEFEFE30FEFEFE32FEFE32FED3
:102B6000FE35FEFE3E3EFEFEFEFE3B3B6000900656
:102B7000BE022C01D012CE0528049042BE11640082
:102B80005006AE027205DA43081300010202A201E8
:102B9000B003BE05EE024806A209C405F40B2412D8
:102BA00026FEFEFEFE2E3630FEFEFE32FEFEFEFE4F
:102BB000FE35FEFEFEFEFEFEFEFEFEFE2E010203C2
:102BC000030102030301020412FEFEFEFEFEFEFEEE
:102BD000FEFEFE03030303030303030303030303D4
:102BE0000303030314FEFE16FEFEFEFEFEFEFEFEC3
:102BF00023FEFEFEFEFEFEFEFEFEFE2E363039FEFB
:102C0000FE32FEFEFEFEFE35FEFEFEFEFEFEFEFE79
:102C1000FEFE2E010203030028049042BE1172053D
:102C2000DA4308132C00D002CE010440100028041F
:102C30009042BE112C00D002CE01B400500BEE0326
:102C400064005006AE02B400500BEE030102030311
:102C500028049042BE1128049042BE1101020303D1
:102C600000010202400E00200200000B01000000E3
:102C7000070000000000000000000000000000004D
:102C80000406080A0C0E10121416181C1E2022240A
:102C900026282A2C2E30323436383A3C3E404244E4
:102CA00046484A4C4E021A5000000000280000001E
:102CB000180000005001000050010000000000005A
:102CC000F02300002413000018790000E8670000DA
:102CD0001C0C78051437A4380000000040060000E2
:102CE0004006000040060000400600000000980872
:102CF0006B039C1858020000000000000000000058
:102D000000000000F0230000241300003CF000004D
:102D10003CF000000000000048A3000014A00000E8
:102D20003CA5000068A600000000000000000000B4
:102D30000000000000000000000040060C03340802
:102D4000600900000000000000000000E3A3C300D1
:102D5000B80000200200000BAC0E00200200000CA6
:102D6000AA0E00200200000BAA0E00200100000C99
:102D7000100F00200100000C010208FF7F0020005E
:102D800018000A800720029801AA800001020304AB
:102D90000203040401020304010101020101010113
:102DA00002030402E4E1D8D2C6C9B4B19C93878D72
:102DB0006C6378724E4B272D1B1E36390020602025
:102DC00040608000010200050400080800000000C7
:102DD00000000000000001010101010101010101E9
:102DE00001010202020202020303040405050606B1
:102DF00007070808090A0B0C0D0E0F101112131407
:102E000015161718191A1B0010010000D200000037
:102E100030010000D800000001000000E4000000C4
:102E200002000000EA00000002000000EC000000C8
:102E300003000000EE00000004000000F0000000AD
:102E400005000000F200000006000000F400000091
:102E500007000000F600000008000000F700000076
:102E600009000000F80000000A000000F90000005E
:102E70000B000000FA0000000D000000FB00000045
:102E80000F000000FC00000011000000FD00000029
:102E900013000000FE00000015000000FF0000000D
:102EA00018000000000000001B00000001000000EE
:102EB0001F000000020000002300000003000000CB
:102EC00028000000040000002D00000005000000A4
:102ED0003300000006000000390000000700000079
:102EE0003F0000000800000000100200FA0000008F
:102EF0000338FDD87047000000000000000000000B
:102F00000338FDD87047000060000020000000007A
:102F100006000100020000001C2F0200000000005B
:102F2000623C020006000000E0CF17000000002015
:102F30006A3C020021000000E0FF0320D98F01005D
:102F4000000000001D1102003C2F0200582F02005B
:102F50002000000000000000905400203C2F0200E0
:102F60006C2F020003010000000000001856002032
:102F70003C2F0200802F0200020100000000000030
:102F80004462002065950100519601000000000098
:102F9000E997010001970100E7110200E311020027
:102FA00000A0105000820D50000405507F0000006A
:102FB000FFFF0100FF0700007F00000000A010508D
:102FC000140200200000000000000000FFFF0100CC
:102FD00000820D508C020020000000000100000063
:102FE000FF07000000040550000000000000000082
:102FF0000200000000A0105000820D500004055097
:103000007F000000FFFF0100FF07000000600C5080
:103010000000000000000000283002000024F4003E
:103020003E2F00203D2F002000600C503430020065
:10303000010000003C3002000400000024000000F9
:1030400026000002250600012706000351A8010002
:1030500093130200C113020000A0105000820D5013
:10306000000405507F000000FFFF0100FF07000083
:103070000800000002000000040000000100000041
:10308000941F0200A41F0200EC1F0200F41F0200A4
:103090001C2002002C2002001B5002000001000036
:1030A00088130000931E02000001010000020200CC
:1030B0000014000000280000004000000100000093
:1030C000020000005374617274696E672044544DAD
:1030D0002073616D706C650A005265636569766581
:1030E0006420322D7769726520636F6D6D616E6447
:1030F000203078253034580A004572726F72207083
:10310000726F63657373696E6720322D77697265BC
:1031100020636F6D6D616E64203078253034580AFD
:103120000053656E64696E6720322D776972652081
:103130006576656E74203078253034580A00536502
:103140006E64696E672048434920636F6D6D616EE0
:103150006420746F205344430A00556E657870658F
:1031600063746564207374617475732025642070C2
:10317000726F63657373696E6720322D776972654C
:1031800020636F6D6D616E64203078253034580A8D
:1031900000574553545F544F504449522F7A65703D
:1031A0006879722F6C69622F686561702F6865613C
:1031B000702E630028616C69676E20262028616C80
:1031C00069676E202D20312929203D3D20300041A6
:1031D0005353455254494F4E204641494C205B259C
:1031E000735D20402025733A25640A0009616C69EB
:1031F000676E206D757374206265206120706F7733
:103200006572206F6620320A006279746573202F20
:10321000203855203C3D20307837666666550009D9
:10322000686561702073697A6520697320746F6FB7
:10323000206269670A006279746573203E206865C0
:1032400061705F666F6F7465725F62797465732811
:103250006279746573290009686561702073697A01
:103260006520697320746F6F20736D616C6C0A0048
:10327000686561705F737A203E206368756E6B735A
:103280007A2873697A656F6628737472756374201F
:103290007A5F686561702929006368756E6B305FBD
:1032A00073697A65202B206D696E5F6368756E6B3C
:1032B0005F73697A65286829203C3D2068656170E4
:1032C0005F737A00574553545F544F504449522F0F
:1032D0007A65706879722F696E636C7564652F7A90
:1032E00065706879722F6B65726E656C2E6800214F
:1032F0006B5F69735F7072655F6B65726E656C287A
:103300002900096B5F63757272656E745F6765741F
:103310002063616C6C6564207072652D6B65726EE4
:10332000656C0A00574553545F544F504449522F1F
:103330007A65706879722F6C69622F7574696C7325
:103340002F6F6E6F66662E63007374617465203D27
:103350003D20305500217379735F736C6973745F1E
:1033600069735F656D70747928266D67722D3E6391
:103370006C69656E747329007472616E7369742070
:10338000213D202828766F6964202A29302900737E
:1033900074617465203D3D202831554C203C3C2013
:1033A00028312929006D67722D3E72656673203DB4
:1033B0003D2030007374617465203D3D20283155F7
:1033C0004C203C3C202830292900574553545F5459
:1033D0004F504449522F7A65706879722F696E6335
:1033E0006C7564652F7A65706879722F7370696E79
:1033F0006C6F636B2E68007A5F7370696E5F756EB9
:103400006C6F636B5F76616C6964286C2900094E90
:103410006F74206D79207370696E6C6F636B2025FB
:10342000700A007A5F7370696E5F6C6F636B5F76B2
:10343000616C6964286C290009496E76616C696465
:10344000207370696E6C6F636B2025700A0057459E
:1034500053545F544F504449522F7A6570687972C3
:103460002F6C69622F7574696C732F6E6F74696647
:10347000792E63002A2A2A20426F6F74696E6720B2
:103480006E524620436F6E6E6563742053444B202A
:1034900076332E342E302D393935353330353536B7
:1034A000303762202A2A2A0A002A2A2A20557369DC
:1034B0006E67205A6570687972204F532076342EDB
:1034C000342E302D626638303165346533643139DD
:1034D000202A2A2A0A0072302F61313A20203078BF
:1034E00025303878202072312F61323A2020307810
:1034F00025303878202072322F61333A20203078FE
:10350000253038780A0072332F61343A2020307821
:1035100025303878207231322F69703A2020307887
:1035200025303878207231342F6C723A2020307870
:10353000253038780A0020787073723A202030786D
:10354000253038780A004661756C74696E672069A9
:103550006E737472756374696F6E206164647265F2
:10356000737320287231352F7063293A2030782503
:103570003038780A00556E68616E646C6564204965
:1035800052516E3A2025640A002A2A2A2A2A2055F6
:1035900053414745204641554C54202A2A2A2A2A7D
:1035A0000A0020204469766973696F6E2062792071
:1035B0007A65726F0A002020556E616C69676E65CE
:1035C00064206D656D6F7279206163636573730A42
:1035D000002020537461636B206F766572666C6F98
:1035E000772028636F6E746578742061726561203E
:1035F0006E6F742076616C6964290A0020204E6F1A
:1036000020636F70726F636573736F7220696E737E
:103610007472756374696F6E730A002020496C6C54
:103620006567616C206C6F6164206F66204558434C
:103630005F52455455524E20696E746F2050430AB4
:10364000002020496C6C6567616C20757365206F84
:10365000662074686520455053520A00202041744A
:1036600074656D707420746F20657865637574651A
:1036700020756E646566696E656420696E73747228
:10368000756374696F6E0A002A2A2A2A2A20425515
:1036900053204641554C54202A2A2A2A2A0A00201F
:1036A00020537461636B696E67206572726F720A72
:1036B000002020556E737461636B696E67206572BC
:1036C000726F720A0020205072656369736520640E
:1036D00061746120627573206572726F720A0020D6
:1036E000204246415220416464726573733A20302F
:1036F0007825780A002020496D70726563697365CA
:10370000206461746120627573206572726F720A41
:10371000002020496E737472756374696F6E206245
:103720007573206572726F720A002020466C6F619B
:1037300074696E672D706F696E74206C617A792080
:1037400073746174652070726573657276617469F3
:103750006F6E206572726F720A002A2A2A2A2A2046
:103760004D5055204641554C54202A2A2A2A2A0ACF
:10377000002020537461636B696E67206572726FFD
:10378000722028636F6E74657874206172656120A1
:103790006D69676874206265206E6F742076616C55
:1037A0006964290A002020446174612041636365D3
:1037B00073732056696F6C6174696F6E0A00202004
:1037C0004D4D46415220416464726573733A203016
:1037D0007825780A002020496E73747275637469C5
:1037E0006F6E204163636573732056696F6C6174FB
:1037F000696F6E0A00574553545F544F5044495205
:103800002F7A65706879722F617263682F61726DAB
:103810002F636F72652F636F727465785F6D2F66AB
:1038200061756C742E6300212828285343425F542D
:10383000797065202A292028283078453030304595
:10384000303030554C29202B2030783044303055E2
:103850004C2920292D3E43465352202620283155FD
:103860004C203C3C20283055202B20345529292938
:103870000009537461636B696E67206F7220446145
:103880007461204163636573732056696F6C617462
:10389000696F6E206572726F7220776974686F75D8
:1038A0007420737461636B2067756172642C20757A
:1038B0007365722D6D6F6465206F72206E756C6C10
:1038C0002D706F696E7465722064657465637469C8
:1038D0006F6E0A0A005265736572766564204578DA
:1038E00063657074696F6E20280053707572696F1C
:1038F000757320696E7465727275707420284952F0
:10390000512000535053454C20696E2074687265F5
:103910006164206D6F646520646F6573206E6F74E1
:1039200020696E646963617465205053500A0065B4
:10393000736620213D202828766F6964202A29306B
:1039400029000945534620636F756C64206E6F74BF
:10395000206265207265747269657665642073758E
:10396000636365737366756C6C792E205368616C44
:103970006C206E65766572206F636375722E0A0027
:103980002A2A2A2A2A2048415244204641554C548A
:10399000202A2A2A2A2A0A002020427573206661DA
:1039A000756C74206F6E20766563746F722074611D
:1039B000626C6520726561640A002020446562754E
:1039C00067206576656E740A0020204661756C7408
:1039D00020657363616C6174696F6E20287365651F
:1039E0002062656C6F77290A00415243485F455851
:1039F00043455054207769746820726561736F6E17
:103A00002025780A0A00094661756C742065736385
:103A1000616C6174696F6E20776974686F7574206A
:103A200046535220696E666F0A0009486172644607
:103A300061756C7420776974686F7574204846539B
:103A40005220696E666F205368616C6C206E6576DB
:103A50006572206F636375720A002A2A2A2A2A2057
:103A60004465627567206D6F6E69746F722065784A
:103A700063657074696F6E202A2A2A2A2A0A002A2E
:103A80002A2A2A2A20257320256429202A2A2A2A3C
:103A90002A0A00574553545F544F504449522F7AD5
:103AA00065706879722F617263682F61726D2F6320
:103AB0006F72652F636F727465785F6D2F697271B5
:103AC0005F6D616E6167652E63007072696F203C87
:103AD0003D20282831554C203C3C202833292920E2
:103AE0002D2031290009696E76616C69642070723D
:103AF000696F7269747920256420666F722025646D
:103B000020697271212076616C756573206D757303
:103B100074206265206C657373207468616E202563
:103B20006C750A0A00574553545F544F504449522C
:103B30002F7A65706879722F617263682F61726D78
:103B40002F636F72652F6D70752F61726D5F6D7071
:103B5000752E630009436F6E6669677572696E67DB
:103B600020257520737461746963204D505520724F
:103B70006567696F6E73206661696C65640A0A0027
:103B8000094D61726B696E672025752061726561F0
:103B90007320666F722064796E616D69632072654F
:103BA00067696F6E73206661696C65640A0A000953
:103BB0005265717565737420746F20636F6E6669EA
:103BC000677572653A20257520726567696F6E7337
:103BD0002028737570706F727465643A202575299A
:103BE0000A0A002128726567696F6E5B6964785DF7
:103BF0002E64745F617474722026202831554C2025
:103C00003C3C202830292929000952414D5F4E4F64
:103C1000434143484520776974682044545F4D45CB
:103C20004D5F434143484541424C452061747472A5
:103C300069627574650A0A00094661696C656420E9
:103C4000746F20616C6C6F63617465204D505520FA
:103C5000726567696F6E732066726F6D2044540AD7
:103C60000A00464C4153485F30005352414D5F308B
:103C700000574553545F544F504449522F7A657052
:103C80006879722F6C69622F6E65745F6275662F3A
:103C90006275662E63006275662D3E66726167739B
:103CA000203D3D202828766F6964202A293029008C
:103CB000706F6F6C007265715F73697A65203C3D4F
:103CC0002073697A65006C697374006275660062BE
:103CD00075662D3E72656600096275662025702046
:103CE000646F75626C6520667265650A005745539E
:103CF000545F544F504449522F7A65706879722F3F
:103D00006C69622F6E65745F6275662F6275665F9F
:103D100073696D706C652E63006275662D3E6C650F
:103D20006E203D3D203055006E65745F6275665FA4
:103D300073696D706C655F7461696C726F6F6D280B
:103D400062756629203E3D206C656E006275662DA9
:103D50003E6C656E203E3D206C656E0057455354A9
:103D60005F544F504449522F7A65706879722F69B9
:103D70006E636C7564652F7A65706879722F626CFA
:103D80007565746F6F74682F6275662E680057458D
:103D900053545F544F504449522F7A65706879727A
:103DA0002F647269766572732F636C6F636B5F63E8
:103DB0006F6E74726F6C2F636C6F636B5F636F6E8B
:103DC00074726F6C5F6E72662E630074797065201A
:103DD0003C20434C4F434B5F434F4E54524F4C5F3C
:103DE0004E52465F545950455F434F554E540065FF
:103DF0007272203E3D203000636C6F636B40313047
:103E000065303030007073612D726E670057455316
:103E1000545F544F504449522F7A65706879722F1D
:103E2000696E636C7564652F7A65706879722F644A
:103E30007269766572732F6770696F2F6770696F2B
:103E40005F7574696C732E680063616C6C6261638A
:103E50006B00094E6F2063616C6C6261636B210AB9
:103E60000063616C6C6261636B2D3E68616E646CB3
:103E7000657200094E6F2063616C6C6261636B2038
:103E800068616E646C6572210A00574553545F5433
:103E90004F504449522F6D6F64756C65732F686184
:103EA0006C2F6E6F726469632F6E7266782F686113
:103EB0006C2F6E72665F6770696F2E68006E726637
:103EC0005F6770696F5F70696E5F70726573656E52
:103ED000745F636865636B282A705F70696E290080
:103EE000574553545F544F504449522F7A65706878
:103EF00079722F647269766572732F6770696F2F9C
:103F00006770696F5F6E7266782E630065727220EB
:103F10003D3D20300063622D3E68616E646C6572C9
:103F2000006770696F403130613030300067706910
:103F30006F406438323030006770696F403530341C
:103F40003030007561727440633630303000574550
:103F500053545F544F504449522F6E72662F6C6910
:103F6000622F64746D5F74776F776972652F647404
:103F70006D5F74776F776972655F746F5F6863698F
:103F80002E6300706172616D5F6C656E203D3D2037
:103F900073697A656F6628737472756374206274CE
:103FA0005F6863695F72705F6C655F726561645FB3
:103FB0006D61785F646174615F6C656E290070612A
:103FC00072616D5F6C656E203D3D2073697A656F2F
:103FD00066287374727563742062745F6863695FC6
:103FE00072705F6C655F726561645F616E745F695A
:103FF0006E666F2900706172616D5F6C656E203D49
:104000003D2073697A656F662873747275637420D6
:1040100062745F6863695F72705F6C655F7265612F
:10402000645F616C6C5F6C6F63616C5F7375707003
:104030006F727465645F666561747572657329007B
:10404000706172616D5F6C656E203D3D2073697AB1
:10405000656F66287374727563742062745F686339
:10406000695F72705F6C655F726561645F74785FD1
:10407000706F7765722900706172616D5F6C656E3B
:10408000203D3D2073697A656F662873747275638D
:10409000742062745F6863695F6576745F63635FF1
:1040A0007374617475732900706172616D5F6C6502
:1040B0006E203D3D2073697A656F66287374727552
:1040C00063742062745F6863695F72705F6C655FC0
:1040D000746573745F656E642900574553545F546B
:1040E0004F504449522F6E72662F73756273797305
:1040F0002F626C7565746F6F74682F636F6E747266
:104100006F6C6C65722F6863695F64726976657243
:104110002E630009536F66744465766963652043B6
:104120006F6E74726F6C6C657220415353455254BC
:104130003A2025732C2025640A0A00574553545F02
:10414000544F504449522F7A65706879722F696EC6
:10415000636C7564652F7A65706879722F64726913
:10416000766572732F656E74726F70792E68006158
:1041700070692D3E6765745F656E74726F7079202B
:10418000213D202828766F6964202A2930290009DA
:1041900043616C6C6261636B20706F696E746572F1
:1041A0002073686F756C64206E6F74206265204E9A
:1041B000554C4C0A000954686520656E74726F7026
:1041C0007920736F757263652072657475726E65A0
:1041D0006420616E206572726F7220696E206120AA
:1041E000626C6F636B696E672063616C6C0A005769
:1041F0004553545F544F504449522F6E72662F6995
:104200006E636C7564652F6D70736C2F6D70736C5D
:104210005F776F726B2E6800096B5F776F726B5FF1
:104220007375626D69745F746F5F7175657565280C
:1042300029206661696C65642E0A0062745F686398
:10424000695F73646300574553545F544F5044494A
:10425000522F6E72662F7375627379732F6D707340
:104260006C2F696E69742F6D70736C5F696E697401
:104270002E6300094D50534C204153534552543A3C
:104280002025732C2025640A0A00657272636F640E
:1042900065203D3D203000096B5F776F726B5F7367
:1042A00063686564756C655F666F725F717565756F
:1042B000652829206661696C65642E0A004D50539B
:1042C0004C20576F726B00574553545F544F504406
:1042D00049522F6E72662F647269766572732F6D04
:1042E00070736C2F636C6F636B5F636F6E74726F50
:1042F0006C2F6E7266785F636C6F636B5F6D70734B
:104300006C2E6300094E6F7420737570706F727439
:1043100065640A00574553545F544F504449522F27
:104320006D6F64756C65732F68616C2F6E6F72644E
:1043300069632F6E7266782F647269766572732F67
:104340007372632F6E7266785F6770696F74652E23
:104350006300574553545F544F504449522F6D6F7B
:1043600064756C65732F68616C2F6E6F726469631E
:104370002F6E7266782F68616C2F6E72665F677041
:10438000696F74652E6800696E646578203C20381A
:1043900000705F696E7374616E636500705F63685F
:1043A000616E6E656C0070696E5F6861735F7472D8
:1043B000696767657228705F696E7374616E6365A3
:1043C0002C2070696E2900696E745F656E61626C85
:1043D0006500574553545F544F504449522F6D6FF9
:1043E00064756C65732F68616C2F6E6F726469639E
:1043F0002F6E7266782F68616C2F6E72665F6772BF
:1044000074632E680076616C7565203C3D20282819
:10441000307846464646554C203C3C202830554C8A
:104420002929203E3E202830554C29290076616CF0
:104430007565203C3D20282830784646554C203C68
:104440003C202830554C2929203E3E202830554C10
:1044500029290063635F6368616E6E656C203C2090
:10446000283132554C29002863635F6368616E6EA2
:10447000656C203C20283132554C292920262620E5
:104480002876616C7565203C3D202830783746469B
:104490004646464646554C203C3C202830554C2943
:1044A00029290063635F68203C3D20283078464618
:1044B000464646554C203C3C202830554C29290086
:1044C000574553545F544F504449522F6D6F647594
:1044D0006C65732F68616C2F6E6F726469632F6EE9
:1044E0007266782F647269766572732F7372632FA8
:1044F0006E7266785F677274632E63006D5F6362CD
:104500002E7374617465203D3D204E5246585F44C1
:1045100052565F53544154455F494E495449414CAA
:10452000495A454400737973636F756E7465725FA1
:10453000636865636B286368616E6E656C29203DF6
:104540003D2030006D5F63622E6368616E6E656C46
:104550005F646174615B695D2E6368616E6E656C3A
:10456000203D3D2069647800574553545F544F50B7
:104570004449522F6D6F64756C65732F68616C2FA1
:104580006E6F726469632F6E7266782F68616C2F2C
:104590006E72665F7272616D632E6800705F636F2A
:1045A0006E6669672D3E77726974655F62756666CF
:1045B0005F73697A65203C3D202830783230554C55
:1045C0002900574553545F544F504449522F7A6540
:1045D000706879722F6B65726E656C2F6465766991
:1045E00063652E63007263203E3D202D283078667F
:1045F0006629202626207263203C2030000964654D
:104600007669636520257320696E69743A20696E46
:1046100076616C6964206572726F72202825642946
:104620000A00574553545F544F504449522F7A65FE
:10463000706879722F6B65726E656C2F666174613C
:104640006C2E6300726561736F6E20213D204B5F9D
:104650004552525F4B45524E454C5F50414E494387
:104660000009417474656D7074656420746F207204
:1046700065636F7665722066726F6D2061206B6571
:10468000726E656C2070616E696320636F6E646921
:1046900074696F6E0A00574553545F544F50444934
:1046A000522F7A65706879722F6B65726E656C2F08
:1046B000696E69742E63007468726561645F646119
:1046C0007461203C3D205F5F7374617469635F7443
:1046D00068726561645F646174615F6C6973745F63
:1046E000656E640009756E65787065637465642035
:1046F0006C69737420656E64206C6F636174696F9C
:104700006E0A0069646C6500646576203C3D205F3C
:104710006465766963655F6C6973745F656E640078
:104720006D61696E00574553545F544F5044495270
:104730002F7A65706879722F6B65726E656C2F6B5E
:10474000686561702E630021617263685F69735FE1
:10475000696E5F6973722829207C7C20282874691F
:104760006D656F7574292E7469636B73203D3D20F0
:104770002828286B5F74696D656F75745F74297B79
:10478000307D29292E7469636B732900090A00683A
:10479000656170203C3D205F6B5F686561705F6C98
:1047A0006973745F656E6400574553545F544F508E
:1047B0004449522F7A65706879722F6B65726E6505
:1047C0006C2F69646C652E63005F6B65726E656C3F
:1047D0002E637075735B305D2E63757272656E74D7
:1047E0002D3E626173652E7072696F203E3D2030F0
:1047F00000574553545F544F504449522F7A6570C7
:104800006879722F6B65726E656C2F6D7574657843
:104810002E630021617263685F69735F696E5F690F
:104820007372282900096D7574657865732063615A
:104830006E6E6F74206265207573656420696E7397
:1048400069646520495352730A006D757465782D4B
:104850003E6C6F636B5F636F756E74203E203055E6
:1048600000574553545F544F504449522F7A657056
:104870006879722F6B65726E656C2F696E636C75EB
:1048800064652F6B73636865642E680021617263D1
:10489000685F6972715F756E6C6F636B6564286BBE
:1048A000657929007468726561642D3E6261736583
:1048B0002E70656E6465645F6F6E00574553545F7C
:1048C000544F504449522F7A65706879722F6B6546
:1048D000726E656C2F73656D2E630028286172639C
:1048E000685F69735F696E5F6973722829203D3D57
:1048F000203029207C7C20282874696D656F7574B0
:10490000292E7469636B73203D3D202828286B5F36
:1049100074696D656F75745F74297B307D29292EEC
:104920007469636B73292900574553545F544F5082
:104930004449522F7A65706879722F6B65726E6583
:104940006C2F776F726B2E6300776F726B2D3E71D9
:104950007565756520213D202828766F6964202AB9
:1049600029302900776F726B2D3E68616E646C652B
:104970007220213D202828766F6964202A29302959
:104980000021666C61675F746573742826717565B4
:1049900075652D3E666C6167732C204B5F574F52D7
:1049A0004B5F51554555455F535441525445445F03
:1049B0004249542900717565756500737461636BB4
:1049C0000064776F726B20213D202828766F696420
:1049D000202A29302900574553545F544F504449E9
:1049E000522F7A65706879722F6B65726E656C2FC5
:1049F0007468726561642E630028282828707269C3
:104A00006F2929203D3D203135202626207A5F69F7
:104A1000735F69646C655F7468726561645F656E1D
:104A20007472792828656E747279292929207C7C12
:104A3000202828283135202D203129203E3D2028CE
:104A4000282D313629292920262620282870726908
:104A50006F2929203E3D2028282D3136292920265E
:104A6000262028287072696F2929203C3D20283192
:104A700035202D20312929290009696E76616C695C
:104A800064207072696F7269747920282564293BEB
:104A900020616C6C6F7765642072616E67653A2087
:104AA000256420746F2025640A00095468726561CA
:104AB0006473206D6179206E6F742062652063726B
:104AC000656174656420696E20495352730A00570A
:104AD0004553545F544F504449522F7A657068795A
:104AE000722F6B65726E656C2F73636865642E63DD
:104AF00000217A5F69735F69646C655F74687265D1
:104B000061645F6F626A656374287468726561646A
:104B10002900574553545F544F504449522F7A65EA
:104B2000706879722F6B65726E656C2F696E636C3D
:104B30007564652F6B7468726561642E68005F6BC5
:104B400065726E656C2E637075735B305D2E637578
:104B50007272656E7420213D202828766F6964206A
:104B60002A293029002169735F7468726561645F66
:104B700064756D6D792874687265616429005745A4
:104B800053545F544F504449522F7A65706879727C
:104B90002F6B65726E656C2F696E636C7564652F23
:104BA0006B737761702E6800617263685F69727100
:104BB0005F756E6C6F636B6564286B657929207C0B
:104BC0007C205F6B65726E656C2E637075735B30F5
:104BD0005D2E63757272656E742D3E626173652E13
:104BE0007468726561645F7374617465202620283F
:104BF000282831554C203C3C202830292929207C6C
:104C000020282831554C203C3C20283329292929AB
:104C10000009436F6E7465787420737769746368F4
:104C2000696E67207768696C6520686F6C64696E6F
:104C300067206C6F636B210A0073697A656F662861
:104C40005F73636865645F7370696E6C6F636B2913
:104C5000203D3D2030207C7C206C6F636B20213D0B
:104C600020265F73636865645F7370696E6C6F6341
:104C70006B005F6B65726E656C2E637075735B3075
:104C80005D2E63757272656E742D3E626173652E62
:104C900073636865645F6C6F636B656420213D209E
:104CA0003155005F6B65726E656C2E637075735B5A
:104CB000305D2E63757272656E742D3E6261736530
:104CC0002E73636865645F6C6F636B656420213D60
:104CD00020305500217465726D696E61746500093C
:104CE00061626F72746564205F63757272656E7461
:104CF000206261636B2066726F6D20646561640A77
:104D00000021657373656E7469616C000961626F7F
:104D10007274656420657373656E7469616C207468
:104D200068726561642025700A00574553545F54CA
:104D30004F504449522F7A65706879722F6B6572B3
:104D40006E656C2F74696D65736C6963696E672E2F
:104D50006300282874696D656F75742920262620E4
:104D6000282875696E747074725F742928736C6971
:104D700063655F74696D656F7574732929203C3DA7
:104D800020282875696E747074725F74292874699C
:104D90006D656F7574292920262620282875696E6F
:104DA000747074725F74292874696D656F757429E5
:104DB00029203C20282875696E747074725F7429EC
:104DC000282628736C6963655F74696D656F7574F7
:104DD00073295B282873697A655F742928282869F4
:104DE0006E742973697A656F6628636861725B31D6
:104DF000202D202832202A202128215F5F6275691A
:104E00006C74696E5F74797065735F636F6D7061E8
:104E10007469626C655F70285F5F747970656F6636
:104E20005F5F28736C6963655F74696D656F757426
:104E300073292C205F5F747970656F665F5F282629
:104E400028736C6963655F74696D656F7574732928
:104E50005B305D292929295D29202D203129202B2E
:104E6000202873697A656F6628736C6963655F745F
:104E7000696D656F75747329202F2073697A656F6A
:104E8000662828736C6963655F74696D656F7574F6
:104E900073295B305D292929295D292920262620AF
:104EA00028282875696E747074725F742928746973
:104EB0006D656F75742929202D20282875696E74F9
:104EC0007074725F742928736C6963655F74696DAF
:104ED000656F75747329292920252073697A656F98
:104EE000662828736C6963655F74696D656F757496
:104EF00073295B305D29203D3D2030290057455303
:104F0000545F544F504449522F7A65706879722F1C
:104F10006B65726E656C2F7468726561645F6D6F2E
:104F20006E69746F722E6300757365725F636220C1
:104F3000213D202828766F6964202A29302900091C
:104F4000757365725F63622063616E206E6F74209B
:104F50006265204E554C4C0A00574553545F544FE0
:104F6000504449522F7A65706879722F6B65726E62
:104F7000656C2F74696D656F75742E63002173798C
:104F8000735F646E6F64655F69735F6C696E6B6598
:104F9000642826746F2D3E6E6F6465290057455353
:104FA000545F544F504449522F7A65706879722F7C
:104FB0006B65726E656C2F6D656D706F6F6C2E63B7
:104FC00000616C69676E203D3D2030207C7C20288C
:104FD0002875696E747074725F74296D656D202612
:104FE0002028616C69676E202D20312929203D3DE4
:104FF000203000096D6973616C69676E6564206DAE
:10500000656D6F72792061742025702028616C694C
:10501000676E203D20257A75290A00737973776FB2
:10502000726B7100574553545F544F504449522F8F
:105030006E72662F7375627379732F6E72665F730B
:10504000656375726974792F7372632F6472697600
:105050006572732F63726163656E2F636F6D6D6F21
:105060006E2F7372632F63726163656E2F6C69625A
:105070005F6B6D752E63002828282875696E747023
:1050800074725F74296B6D755F7372632D3E646516
:10509000737429202520313629203D3D20302900F8
:1050A0000944455354206D6973616C69676E65648A
:1050B0000A00574553545F544F504449522F6E7263
:1050C000662F7375627379732F6E72665F73656393
:1050D00075726974792F7372632F64726976657261
:1050E000732F63726163656E2F737873796D63726A
:1050F0007970742F7372632F706C6174666F726D48
:105100002F626172656D6574616C2F696E74657272
:1051100072757074732E630009556E68616E646CED
:10512000656420696E746572727570742E200A0051
:10513000574553545F544F504449522F6E72662F57
:105140007375627379732F6E72665F7365637572C0
:105150006974792F7372632F7574696C732F6E7213
:10516000665F73656375726974795F6D7574657870
:1051700065732E6300726574203D3D2030005745F5
:1051800053545F544F504449522F7A657068797276
:105190002F6B65726E656C2F6576656E74732E630A
:1051A00000FFFFFFFF1F00FFC1FBE84C90728BE781
:1051B000B3518963AB232300418866AA1AFFFF44D9
:1051C0003300647261676F6F6E2F6C6962732F7347
:1051D000636865642F7372632F73636865645F68C7
:1051E000616C5F74696D65725F677274632E6300D2
:1051F000C8DA3098F9F034A44B6EBAD30819CC0C45
:10520000EA51DA4700286E756C6C29002A666C6FCB
:1052100061742A0000010405020608090F0007183E
:1052200023232323232323232323232323000102B4
:10523000FFFFFFFFFF1F00001F0000000000000035
:105240007FFE0000E40700001D4000000000000099
:105250000000000000000000FFFFFFFF1FFF1B0019
:10526000BAABBABA10101010A0354D00FF00000004
:10527000C4090000000000000050085000000000B9
:10528000000000000C000000010000FF7F00000093
:1052900000000000AAAAAAAA555555550100000011
:1052A0008B390100000000000B39010000000000F4
:1052B000C95900000000000057390100000000003B
:1052C0005339010000000000B73901000000000060
:1052D0006F39010000000000873901000000000064
:1052E0000739010000000000033901000000000040
:1052F00094ED0000FF00000080100100010001019A
:10530000010300001E001E0200000000000000005B
:1053100012007C007E00E00103007E000A1E001ED9
:1053200000000000217701000000000000010000E3
:10533000000000000000000000000000000000006D
:10534000000000000000000000000000000000005D
:1053500000000000670000000000000000000000E6
:10536000000000000000000000000000000000003D
:10537000000000000000000000000000000000002D
:10538000000000000000000000000000000000001D
:10539000000000000000000000000000000000000D
:1053A00000000000000000000000000000000000FD
:1053B00000000000000000000000000000000000ED
:1053C00000000000000000000000000000000000DD
:1053D00000000000000000000000000000000000CD
:1053E000450F020000C01050000000000000000047
:1053F00000000000000000000000000000000000AD
:10540000000000000000000000000000000000009C
:10541000000000000000000000000000000000008C
:10542000000000000000000000000000000000007C
:10543000000000000000000000000000000000006C
:10544000000000000000000000000000000000005C
:1054500000000000000000000001000000A00D504E
:10546000000000000000000000000000000000003C
:10547000000000000000000000000000000000002C
:10548000000000000000000000000000000000001C
:10549000000000000000000000000000000000000C
:1054A00000000000000000000000000000000000FC
:1054B00000000000000000000000000000000000EC
:1054C00000000000000000000000000000000000DC
:1054D00000000000D420020000C20100000103000F
:1054E00000000000000000001DA2010000000000FC
:1054F000FF0000000090D003FF0000000F0000003C
:105500007102000034030020340300203C0300201B
:105510003C03002000000000000000000E0000001E
:10552000000000005403002054030020000000008D
:10553000000000000E000000000000006774200062
:1055400094030020BC030020A8030020F4030020E3
:04555000E403002050
:105554000000000000000000000000000000000047
:1055640094030020940300200000000000000000C9
:105574000E000000A8030020A80300200000000083
:10558400000000000E000000BC030020BC0300204B
:1055940000000000000000000E000000D003002006
:1055A400D003002000000000000000000E000000F6
:1055B400E4030020E40300200000000000000000D9
:1055C400F4030020F40300200000000000000000A9
:1055D4000000000000000000000000001004002093
:0455E400100400208F
:1055E800000000000000000000000000240400206B
:1055F800240400200000000007000700000000004D
:1056080000000000482F0200705500200000000034
:10561800000000000000000050040020500400209A
:10562800000000000B000B0000000000000000005C
:105638005C2F02003C610020000000000000000018
:10564800000000007C0400207C0400200000000012
:105658000A000A0000000000B1930100702F020048
:04566800586C00205A
:04566C0015E015E050
:04000003100086C1A2
:00000001FF
