:1000000000600020F9480100DD270200E5480100FA
:10001000E5480100E5480100E54801000000000056
:10002000000000000000000000000000E1490100A5
:10003000E548010000000000DD4B0100E54801003B
:10004000594C010059620200594C0100594C010001
:10005000594C0100A5620200594C0100594C0100A5
:100060006F620200594C0100594C01008562020088
:10007000594C0100594C0100594C0100594C0100E8
:10008000594C0100594C0100594C0100594C0100D8
:10009000594C0100B9CF0100594C0100594C0100E5
:1000A000594C0100594C0100594C0100594C0100B8
:1000B000594C0100594C0100594C0100594C0100A8
:1000C000594C0100594C0100594C0100594C010098
:1000D000594C0100594C0100594C0100594C010088
:1000E000594C0100594C0100594C0100594C010078
:1000F000594C0100594C0100594C0100594C010068
:1001000080EA101404F0F01480EA0410604081EAE0
:10011000111404F0F01481EA0411614082EA12140F
:1001200004F0F01482EA0412624083EA131404F02B
:10013000F01483EA0413634080EA102404F47F443B
:1001400080EA0420604081EA112404F47F4481EABB
:100150000421614082EA122404F47F4482EA0422EA
:10016000624083EA132404F47F4483EA0423634057
:1001700081EA500404F0553480EA4400614083EA87
:10018000520404F0553482EA4402634082EA900447
:1001900004F0333480EA8400624083EA910404F07E
:1001A000333481EA84016340704700BF82EA9004DF
:1001B00004F0333480EA8400624083EA910404F05E
:1001C000333481EA8401634081EA500404F05534F9
:1001D00080EA4400614083EA520404F0553482EA24
:1001E0004402634080EA102404F47F4480EA04203F
:1001F000604081EA112404F47F4481EA04216140D3
:1002000082EA122404F47F4482EA0422624083EAF0
:10021000132404F47F4483EA0423634080EA101427
:1002200004F0F01480EA0410604081EA111404F034
:10023000F01481EA0411614082EA121404F0F0140F
:1002400082EA0412624083EA131404F0F01483EA91
:1002500004136340704700BF2DE9F14F94464FEA05
:10026000930B8A68CB6808684968FFF749FF0BF170
:10027000060E33E083EA134480EA134582EA13470B
:1002800046BA96EA3444604000F00F1684EA063419
:1002900020F00F1684EA161054BA94EA0106724050
:1002A00002F00F1486EA043622F00F1486EA1412C4
:1002B0004CBA6540694001F00F1485EA043521F01D
:1002C0000F1485EA14115CBA67407B4003F00F14E9
:1002D00087EA043723F00F1487EA1413BCE8F00010
:1002E0006040694072407B4000F0E03400F010351F
:1002F00000F00F3040EA540040EAC50080EA900464
:1003000004F0332480EA8400604001F0E03401F01E
:10031000103501F00F3141EA540141EAC50181EA8B
:10032000910404F0332481EA8401614002F0E03456
:1003300002F0103502F00F3242EA540242EAC502DE
:1003400082EA920404F0332482EA8402624003F0D9
:10035000E03403F0103503F00F3343EA540343EA6B
:10036000C50383EA930404F0332483EA84036340DF
:1003700081EA324787EA134581EA354690EA060466
:1003800084EA034B82EA1B4280EA044484EA05447F
:1003900083EA144A85EA14448BEA044B84EA37441E
:1003A00081EA0B4181EA164104EA0A00454082EAEB
:1003B00004082BEA080041408AEA0B0602EA06001C
:1003C00084EA34438AEA3A4603EA0607784045401D
:1003D000414088EA38478BEA3B4007EA000985EA52
:1003E000090583EA0709464006EA0906714085EADD
:1003F000010005EA3546464006EA314181EA3041CE
:1004000081EA364606EA304686EA3546344008EA4E
:10041000010886EA01052A4086EA364003405A4030
:1004200081EA31431F407C4080EA030709EA07095B
:1004300088EA0908544088EA020806EA0A0601EA3E
:100440000B018AEA0B0215408AEA3A421040454005
:100450008BEA3B4003405E404240174079404D40AC
:100460004E40E443F64386EA18435D4085EA054082
:1004700083EA134386EA034183EA384284EA11435C
:1004800083EA04435FEA3343BEF1010E3FF6F2AE66
:100490001ED4BCE8F0006040694072407B4020BC44
:1004A000FFF784FE28606960AA60EB60BDE8F08F0A
:1004B0002DE9E0414FF2F00280EA1031114080EA6C
:1004C0000130484041088208C3084FF0000E4FE752
:1004D00000F0113001F0113102F0113203F011334C
:1004E00040EA410040EA820040EAC3004FF2F002D5
:1004F00080EA1031114080EA01304840BDE8E081D7
:100500002DE9F04F02F11C050646074600EB850871
:1005100051F8040B043A46F8040BF9D14FF0010CE2
:10052000FFF7C6FF5FEA302080EA0C001ECF414093
:100530004A4053405C401EC62000464517D04FEA53
:100540004C0C1CF4807F18BFACF1E50C2C2DE7D0CF
:100550003C2D06D1FFF7ACFF06CF41404A4006C60E
:10056000100006CF41404A4006C61000D8E736E9E1
:100570000F00FFF7C5FD043D86E80F00F7D1BDE889
:10058000F08F00BF2DE9F14F03F11C0402EB840C46
:100590004FEA930B8A68CB6808684968FFF7B0FD9B
:1005A0003CE9F0006040694072407B400BF1060E70
:1005B0004EE083EA134480EA134582EA134746BAC1
:1005C00096EA3444604000F00F1684EA063420F0C6
:1005D0000F1684EA161054BA94EA0106724002F02B
:1005E0000F1486EA043622F00F1486EA14124CBA6D
:1005F0006540694001F00F1485EA043521F00F14BD
:1006000085EA14115CBA67407B4003F00F1487EA57
:10061000043723F00F1487EA141344BA44404DBA48
:100620004D4056BA56405FBA5F4087EA174886EA9F
:10063000174B84EA17464FEA38488BEA1B4485EA91
:100640001B4788EA1B4580EA3440694072407B4082
:1006500000F0703400F0803500F00F3040EA4400C4
:1006600040EAD50080EA900404F0332480EA840054
:10067000604001F0703401F0803501F00F3141EA43
:10068000440141EAD50181EA910404F0332481EA6E
:100690008401614002F0703402F0803502F00F32C4
:1006A00042EA440242EAD50282EA920404F0332488
:1006B00082EA8402624003F0703403F0803503F074
:1006C0000F3343EA440343EAD50383EA930404F077
:1006D000332483EA84036340C943DB4381EA000493
:1006E00083EA044686EA020183EA014382EA33454B
:1006F00083EA14435C4084EA00077FEA040A8AEA3A
:10070000024A8AEA010B87EA11488AEA374A80EAF4
:10071000060181EA1A418AEA030A04EA0A0045400E
:1007200088EA040707EA0B0041408AEA0B0608EA58
:10073000060084EA34428AEA3A4602EA060358404E
:100740004540414087EA37438BEA3B4003EA0009D2
:1007500085EA090582EA0309464006EA090671406E
:1007600085EA010005EA3546464006EA314181EA5C
:10077000304181EA364606EA304686EA354634405C
:100780000F4086EA010508EA050886EA364002407D
:1007900088EA020881EA314213405C4080EA0203A1
:1007A00009EA030987EA0907674088EA040806EAB4
:1007B0000A0601EA0B018AEA0B0425408AEA3A4458
:1007C000204045408BEA3B4B02EA0B02564084EA4C
:1007D0000B04234059406E40694087EA364080EA66
:1007E000384080EA060380EA104481EA134585EA2E
:1007F000344585EA17427D4082EA354180EA05406A
:100800003CE9F0006040694072407B40BEF1010E5F
:100810003FF6CFAE20BCFFF7C9FC28606960AA6034
:10082000EB60BDE8F08F00BFFFF76ABE2DE9F0076F
:1008300091E8F807B2E802105B1854EB0C04B2E838
:1008400002104D4156EB0C06B2E802104F4158EB36
:100850000C08B2E8021059EB01095AEB0C0A80E8C7
:10086000F80780410130BDE8F00770472DE9F00737
:1008700091E8F807B2E802105B1A74EB0C04B2E8D6
:1008800002108D4176EB0C06B2E802108F4178EB36
:100890000C08B2E8021079EB01097AEB0C0A80E847
:1008A000F80780414042BDE8F00770472DE9F007A6
:1008B000524290E87800B1E880071740DB1918EA47
:1008C000020854EB080419EA020955EB09051AEA73
:1008D000020A56EB0A0678C090E87800B1E8800773
:1008E00017407B4118EA020854EB080419EA020990
:1008F00055EB09051AEA020A56EB0A0678C0804150
:100900000130BDE8F00770472DE9F007524290E84A
:100910007800B1E880071740DB1B18EA020874EB87
:10092000080419EA020975EB09051AEA020A76EBCE
:100930000A0678C090E87800B1E880071740BB410C
:1009400018EA020874EB080419EA020975EB0905B4
:100950001AEA020A76EB0A0678C080414042BDE8F6
:10096000F00770472DE9F00152424FF0040890E87B
:10097000300091E8C000A31B1340E41AF618EB1BEB
:100980001340ED1AFF1830C0C0C1B8F10108EED114
:10099000BDE8F001704700BF00B592E8DC072DE923
:1009A000DC07B1E8805702B4A7FB02510A95A8FB07
:1009B000020BE7FB6310E9FB62B00B91A8FB03514C
:1009C000EAFB6201E7FB64B5E7FB6605E8FB661539
:1009D000CDF830B0A9FB03B6EAFB6316ECFB635617
:1009E000E8FB640BE9FB641BEAFB645BECFB646BF8
:1009F0000D90ACFB0230059CEEFB6250E9FB64609D
:100A0000EAFB64B0E7FB6431E8FB6451069CE8FB59
:100A10006461E9FB64B1EAFB64010E93A7FB043255
:100A2000079CE7FB6462E8FB64B2E9FB6402EAFB53
:100A30006412049CE9FB6453EAFB6463089CE7FBD3
:100A400064B3E8FB6403E9FB6413EAFB64230F95DA
:100A50005DF8049B99E80006DDF80080A9FB0854C6
:100A6000EAFB68B4DDF81080ECFB6804EEFB681468
:100A7000E9FB6824EAFB6834DDF80480EEFB686576
:100A8000E9FB68B5EAFB6805DDF81480ECFB681546
:100A9000EEFB6825E9FB6835EAFB68450F96DDF853
:100AA0000880AEFB0876E9FB6806EAFB6816DDF80D
:100AB0001880ECFB6826EEFB6836E9FB6846EAFB2B
:100AC0006856DDF80C80ECFB68B7EEFB6807E9FBC5
:100AD0006817EAFB6827DDF81C80ECFB6837EEFB43
:100AE0006847E9FB6857EAFB686708B000BD00BFCC
:100AF0002DE9F14F87B0FFF74FFFDDF81C8008F1BB
:100B0000200888E8FF00FFBC87E87F08BDE8F08F79
:100B100000B591E89857A3FB03520195A3FB04018C
:100B2000E3FB6420E3FB67100292A3FB0752E3FBA5
:100B30006802E4FB6415E3FB6805E3FB69250391A8
:100B4000A4FB07B6E3FB6926E3FB6A56E4FB670BED
:100B5000E4FB682BE3FB6A5BE3FB6C6B0490A4FB98
:100B60000810E4FB6950E3FB6C60E3FB6EB0E7FB4D
:100B70006721E4FB6951E4FB6A61E3FB6EB1E4FBCE
:100B80006E010592A7FB0832E4FB6A62E4FB6CB2DB
:100B9000E4FB6E02E7FB6E12E7FB6853E7FB696359
:100BA000E4FB6CB3E7FB6C03E7FB6E13E8FB6E231F
:100BB0000695A7FB0954E7FB6AB4E7FB6C04E8FB66
:100BC0006C14E8FB6E24E9FB6E34E8FB6865E7FB18
:100BD0006AB5E8FB6A05E8FB6C15E9FB6C25E9FBE7
:100BE0006E35EAFB6E450796A8FB0976E8FB6A06B8
:100BF000E9FB6A16E9FB6C26EAFB6C36EAFB6E46FB
:100C0000ECFB6E56E8FB69B7E9FB6907E9FB6A177D
:100C1000EAFB6A27EAFB6C37ECFB6C47ECFB6E5790
:100C2000EEFB6E6700BD00BF2DE9F14F87B0FFF707
:100C30006FFFDDF81C8008F1200888E8FF00FFBC8A
:100C400087E87F08BDE8F08F30B44FF0000310F85C
:100C5000014B11F8015B013A84EA050443EA0403FD
:100C6000F5D1A3F101034FEAD37030BC704700BF48
:100C70004FF0000310F8012B013943EA0203F9D1C8
:100C8000A3F101034FEAD370704700BF30B411F8ED
:100C9000014B12F8015B6C4000F8014B013BF6D1AF
:100CA00030BC70472DE9F00791E8F807B2E8021070
:100CB0005B1854EB0C04B2E802104D4156EB0C06E5
:100CC000B2E802104F4158EB0C08B2E8021059EBA1
:100CD00001095AEB0C0A8941B3F1FF3374F1FF3477
:100CE00075F1FF3576F1000677F1000778F100081D
:100CF00079F101097AF1FF3A51F100015B184C4199
:100D00004D4156F1000657F1000758F1000859EB24
:100D1000D1795AEB010A80E8F807BDE8F00770477F
:100D20002DE9F00791E8F807B2E802105B1A74EBBE
:100D30000C04B2E802108D4176EB0C06B2E802100A
:100D40008F4178EB0C08B2E8021079EB01097AEBDD
:100D50000C0A89415B184C414D4156F1000657F190
:100D6000000758F1000859EBD1795AEB010A80E8E5
:100D7000F807BDE8F007704718EB040859EB0509C0
:100D80005AEB060A5BEB070B5FF0000C4CF1000C12
:100D900018EB050859EB06095AEB070A5BEB070B42
:100DA00050EB0C005FF0000C51EB0C0152EB0C020D
:100DB00063414CF1000CB8EB070879F100097AF1B6
:100DC000000A7BEB040BA841B141A241B3416CF195
:100DD000000CBBEB050BB041B941AA41BB416CF122
:100DE000000C4CF001068CF0020718EB060859EBDA
:100DF0006C095AEB6C0A7BEB6C0B70EB6C0471EBBF
:100E00006C0572EB670653EB6C076CEB6C0C18EB24
:100E10000C0059EB0C015AEB0C025BF1000354F18E
:100E2000000455F1000556EBDC7657EB0C077047D4
:100E30002DE9F14F87B0FFF7AFFDDDF81080DDF849
:100E40001490DDF818A0FFF797FFBDE8000FFFF73B
:100E500093FF03B05DF8048B88E8FF00BDE8F08FD6
:100E60002DE9F14F87B0FFF753FEDDF81080DDF874
:100E70001490DDF818A0FFF77FFFBDE8000FFFF723
:100E80007BFF03B05DF8048B88E8FF00BDE8F08FBE
:100E9000064B074ADB7802604FF442728280C371CE
:100EA0000822002382710372704700BFC006002031
:100EB000D3260100064B074ADB7A02604FF4B0727A
:100EC0008280C3710822FF2382710372704700BFC2
:100ED000C0060020B11F01002DE9F341C41D002808
:100EE00024F00704064614BF2046002000F028FC2A
:100EF000071E04DA6FF00B0002B0BDE8F081364D3A
:100F0000E988A8886B7A2A7A0331033089B280B2E3
:100F10000EF0A0F80028EDDBA978EB783C44033410
:100F2000002E194424F0030400FB01F114BF2046F5
:100F3000002000F08DFD20440EB90028DADBEA7AAB
:100F40000446B2B1EB7B697C13441944FF29D1D824
:100F50000330002E20F0030414BF20460020AA898D
:100F6000C9B200F0E7FD0028C4DB04440EB9002C30
:100F7000C0DB012000F0DAFBB0B1A97BA1B195F88C
:100F80002A3033B340234FF481720734002E24F00B
:100F9000070414BF2046002001F038FF0028A9DB19
:100FA00004440EB9002CA5DBAB7AF3B1EB7AABB1FC
:100FB0000734002E24F0070414BF20460020A97A2D
:100FC00004F074FA002895DB044476B9002C0CDA9E
:100FD00090E725232822D8E7C0060020012000F052
:100FE000A5FB10B1AB7B002BE2D1734B1B6893B117
:100FF000A97D81B10334002E24F0030414BF2046E0
:101000000020EA7D98470028FFF674AF044416B923
:10101000002CFFF66FAF694B1B688BB1297C79B14F
:101020000334002E24F0030414BF20460020984708
:101030000028FFF65FAF044416B9002CFFF65AAF44
:101040005F4B1F68AFB1697C99B12B7D009303346E
:10105000002E24F0030414BF20460020EB7CAA7C61
:10106000B8470028FFF646AF044416B9002CFFF637
:1010700041AF072000F05AFB98B1A97D89B1033434
:10108000002E24F0030414BF204600202A7E00F026
:101090003FFE0028FFF62EAF044416B9002CFFF6E1
:1010A00029AF95F82300B6FA86F77F09A0B16B7FC8
:1010B000A97E033424F00704194444F004043B4699
:1010C0002246C9B200F064FE0028FFF613AF0444C4
:1010D00016B9002CFFF60EAF95F8241000294CD05D
:1010E00004F10708002E28F0070814BF404600202E
:1010F000EA8C0DF0C3FF041EFFF6FCAE4444002E44
:101100003ED1002CFFF6F6AEA97F002945D095F818
:101110002230002B41D02A8C0734002E02F1240209
:1011200024F0070814BF4046002092B20DF0A6FF3D
:101130000028FFF6DFAE404416B90028FFF6DAAE0D
:101140002B7FA97E033020F0070040F004041944EF
:1011500095F822003B462246C9B200F00BFE00285B
:10116000FFF6C8AE044486B9002CFFF6C3AEEB6AA6
:10117000F3B1C6B1EC620020BEE6002EC4D08846B2
:10118000E98C40460AF008F9BEE72A8CA97F0832AC
:1011900092B240460AF006F9E9E7002EE7D00022B5
:1011A00011461046F6E728343FF5A4AE2046A3E6E4
:1011B000002EE0D1FAE700BFDC130020E01300208E
:1011C000E41300201FB572B6194B1D6BEDB9BFF3C8
:1011D0004F8F1849184BCA6802F4E0621343CB6082
:1011E000BFF34F8F00BFFDE72346B2FBF6F25C1C56
:1011F000002AF9D104AEDCB256FA83F303F80C2CC2
:101200000A2234B901A8A847E1E7024600230A26CA
:10121000EDE7631E04AEDCB256FA83F3B0FBF2F6E0
:1012200002FB1600303003F80C0C3046E9E700BF33
:10123000C006002000ED00E00400FA0513B5124CD2
:101240002389ADF80030E388ADF804306846A38800
:10125000ADF8023002F0DCFA18B1FA219C20FFF759
:10126000B1FF207D02F004FB08B1FD21F6E7E07C30
:1012700002F0F8FA08B1FE21F0E794F8280008F02F
:10128000A5F802B010BD00BFC006002038B5054665
:1012900000283DD00CF014FF10B94FF0FF3038BDDE
:1012A0000AF020FDB0F5FA7FF7D81B4C25631B250B
:1012B00000212A4604F10F0084F83410217084F8CC
:1012C0002A10E1620DF0A2F90123A370E370E3722A
:1012D000A3742376F723032108202384FB2302220F
:1012E0002172A072A1731F204921E3840A23A580E3
:1012F000E5806272A081E174E27584F82830EFF332
:10130000108472B600F054FD04B962B60020C6E73E
:101310006FF01500C3E700BFC006002038B51446C3
:10132000002840F0C480634D95F83430032B00F062
:10133000BB80B9B112B96FF0150038BD013917295A
:1013400000F2B580DFE801F00C1D20366069873CB3
:101350006C6F814248565B8D909FA2A596B3B3A84F
:101360001378AB700020FFF7B7FD0028B7BF01234B
:10137000022385F834306FF00B00A8BF85F83430B5
:10138000DBE71378EB70EDE71379002BD3D05379BB
:10139000002BD0D01288FB2ACDD863881B3B9BB290
:1013A000E02BC8D81A2AC6D923686B60424BA288A2
:1013B0009A80D7E71378EA7B9342BCD3EB72D1E7EC
:1013C0001378EA7A9342B6D8EB73CBE71378EA7ACC
:1013D0009342B0D86B74C5E71378002BABD0537829
:1013E000013BDBB2F82BA6D813886B82334B927883
:1013F0009A70B7E71078687507F0A6FFB2E7137820
:10140000002B98D02B76ADE7012000F08FF92378E0
:1014100008B1012B8FD9AB73A4E71388AB81A1E787
:101420001378AB759EE7072000F080F910B9237898
:10143000012B80D9072000F079F918B12378002B0F
:101440003FF479AF2378EB758CE71378082B3FF6E0
:1014500072AF2B7486E71388FF2B3FF66CAFAB722D
:1014600080E713786B767DE713780E2B3FF663AF3A
:10147000AB7677E72368124AC5F81E30636853607D
:10148000238913816EE71378EB766BE713786B771C
:1014900068E713782B7765E713785A1E092A3FF619
:1014A0004AAF85F828305DE74FF0FF3045E76FF031
:1014B0002C0042E7C0060020C4060020D20600200F
:1014C000DE060020F8B50D46064630B329B311F00C
:1014D000070422D1124F97F83430012B02D16FF05C
:1014E0000B00F8BD032B02D14FF0FF30F9E700F0FD
:1014F0009BFC0028F8D02846FFF7EEFC0028EEDB26
:1015000011F0CDF93046F96A02F01AFAFFF796FEAB
:10151000032387F834302046E3E76FF01500E0E757
:10152000C006002010B5074C94F83430032B03D1CB
:1015300002F01EFA03F0EEF80DF0D5FE002084F85C
:10154000340010BDC006002008B502F0BDF9BDE8AA
:1015500008400249032000F0E1B800BFB50E0000CA
:1015600008B502F0CBF9BDE808400249022000F0BE
:10157000D5B800BF910E0000074B4FF0FF3141F688
:10158000FF72C3E9001205490022C1E900221F21B0
:10159000C3E90212704700BF00000020F8060020D7
:1015A0003F280CD801380B4BC0F3421200F01F004B
:1015B00053F8223023FA00F000F001007047FF28B2
:1015C00006D04038C0F34212034B00F01F00EFE793
:1015D0000120704700000020F80600200146074B5C
:1015E000006849681A4603C240F48C221A6041F030
:1015F000107242F4FF625A60002070470000002021
:101600000246034B0068516803C30020704700BFC7
:10161000F80600200246034B0068516803C300200F
:10162000704700BF080000200138064BC0F342128B
:1016300003EB820300F01F009B6823FA00F000F028
:101640000100704700000020F0B50C88C37C0288C0
:10165000A5B2C4F30E0404F118060233865B1A44E3
:10166000334497B213FA82F3013B4288B3FBF7F39A
:1016700013FB07439BB29A42044A93BF22EA050335
:101680002A4013439BB20B80F0BD00BF0080FFFFD8
:101690004A1E062A08B50346084604D84FF4D171FD
:1016A0001520FFF78FFD094A914202D940F2A3119C
:1016B000F6E711B903B1196008BD2BB11B68002210
:1016C000C3E901211A1D1A600430F5E7FAFFFF7F14
:1016D00010B5114B00EB41041A786389B3FBF2F3A8
:1016E00003FB0223013A1A44B2F5706F0279807845
:1016F00028BF00231A440B18B2FBF0F100FB1121A4
:101700005B1AB3FBF0F100FB113313446FEA434360
:101710006FEA5343638110BD00070020024B03EBC7
:1017200080035960704700BF00070020034B03EBA4
:1017300080035868003818BF012070470007002058
:101740002DE9F04F10F0070A85B0054604D040F2AD
:101750006F111720FFF736FD544F07F14C06B146C5
:101760000446B0464FF0010B57F8043B8DF80BA030
:101770003BB101A898479DF80A30082B01D9F52103
:10178000E7E79DF80B1041BB05B131604F4506F10D
:101790000406E9D1002D70D0DFF81491002289F8F9
:1017A00000209646122758F827A0013FBAF1000FF3
:1017B00056D09AF804609AF802C0FF2E61D03946DC
:1017C0000023481C39D19C44BCF1FF0F40D90AB119
:1017D00089F800E04FF49A71BBE79DF80AC06046B3
:1017E000022838BF02204B1D5A0004EB4303441E5D
:1017F0002344BDF808406444013CCCF1000C04EAE9
:101800000C044042B4F5803F03EA000302D340F2E7
:1018100005119EE775B19A1A32609170148082F8B2
:1018200003B09DF80C001071019810814FEA104C24
:10183000A2F806C004FB0134A8E758F8210028B13B
:1018400090F804B0B34504BF80781B180139B8E79D
:10185000DBB2E6458AF804303CBF5FFA8CFE012219
:101860007B1CA0D10AB189F800E0122640F6FF6A7D
:1018700058F82670B7B9013EFAD2601B05B0BDE832
:10188000F08F0023E5E707EB41033846A3F80AA0F1
:10189000FFF71EFF09F10109BB785FFA89F18B425E
:1018A000F1D8E8E74FF00009F6E700BF0407002091
:1018B0000007002038B54FF6FF730380184B03EB89
:1018C00081030246186DA8B184780379B3FBF4F163
:1018D00004FB1133DBB2194600EB4105B5F90A50A0
:1018E000002D0EDB0131B1FBF4F504FB1511C9B27B
:1018F0008B42F1D1002038BD6381BDE838400DF046
:1019000085BB00EB41046389C3F30E031380C278E7
:10191000002AF1D14FF4E5711720FFF753FC00BF07
:10192000000700201C4B03EB810370B51C6D0546BE
:1019300044B3030404D54FF4EC711720FFF742FCC5
:10194000014620460DF044FBFF28014604D0204606
:10195000BDE870400DF05ABBA078B5FBF0F300FB7A
:101960001353DBB219460A1D04EB4206B6F90260B6
:10197000002E09DB0131B1FBF0F200FB1211C9B2FC
:101980008B42F0D1002070BD8B4201D00023E37068
:1019900004EB42025580DAE700070020094B03EB15
:1019A000810310B51C6D014620460DF011FBFF2888
:1019B000014604D02046BDE810400DF027BB0020B2
:1019C00010BD00BF00070020F8B5104B03EB8103EA
:1019D00007461C6D014620460DF0FAFAFF28054621
:1019E00011D0E288238953EA024606D001462046F8
:1019F0000DF00CFB01463846B04720462946FFF75C
:101A000067FE0020F8BD0520FCE700BF00070020AE
:101A100038B50E4B827903EB82030446186D08B982
:101A2000052038BD8278E1799142F9D24B1CE371EF
:101A300000EB41035D89B3F90A30002BF3DBA5808D
:101A40000DF0E4FA20600020EBE700BF0007002063
:101A500070B5044610F003000E4603D04E21182046
:101A6000FFF7B0FBFFF714FE054624B103483146EB
:101A70000460FFF70DFE284670BD00BF9C070020E4
:101A80002DE9F14FDFF870B09DF828A09DF82C905B
:101A90001E46DBF8003007460D4690461BB9602114
:101AA0001820FFF78FFB5246092140460DF011F92F
:101AB0004A4684B2092130460DF00BF914FA80F140
:101AC000DBF800000DF058FA386018B9286001B052
:101AD000BDE8F08F04442C60386853464146092223
:101AE0000DF0BAF828684B460922314601B0BDE82E
:101AF000F04F0DF0B1B800BF9C07002070B50E4646
:101B000004460DF0F9F8054630460DF0F5F8044BA3
:101B10002A1821461868BDE870400DF052BA00BF7F
:101B20009C070020024B186808B10DF019BA7047E5
:101B30009C0700201F2AF8B5044613460ED89200D1
:101B4000033222F00303B3F5803F2DD2184DACB120
:101B5000A00710D068210920FFF734FBFF2B4FEAC4
:101B6000420204D9FF339A42A8BF1A46E8E77C2A0A
:101B7000B8BF7C22E4E729706C602B8122F003025D
:101B80002823120403FB01F001276B68120C0025C7
:101B9000EEB2B14200D8F8BD14B126181F705E60D5
:101BA000104401352833F3E74FF0FF30F3E700BF6F
:101BB000A007002070B5154A157853680021C8B2F7
:101BC000854203D8BA210920FFF7FCFA1C461846C3
:101BD00014F8286B01310EB92346F0E70021997003
:101BE000128999610124D96159685C70920803F1E6
:101BF0001E0403F1260524F8022FA54243F8041F12
:101C00001144F8D100234361037070BDA007002088
:101C10000A4B1B89B3F5FF7F4FEA930006D25A089F
:101C20009B1A9BB2984238BF18467047B3F5EE6FC7
:101C300001D8FF22F4E740F27263F3E7A007002027
:101C40004B782DE9F04106460C4602F0040702F0FD
:101C5000FB05E3B1A5BBFF23A3707B0804EB57078B
:101C60003A7D032A02D1022D18BF0133E218012167
:101C7000117503F10C0104EB8303002224F81120F9
:101C80005B68A2703360B2803046BDE8F081002D01
:101C9000E1D101234B701D4B8D611B89CD6101F199
:101CA0001E0249689B08204604F1260C22F8023FD8
:101CB000944540F8041F1944F8D100236361CAE732
:101CC000D1F80480142200216170A0180CF09EFC51
:101CD0000E4B1B89B3F5FF7F0FD25A089B1A9BB29C
:101CE00008EB0301C4F804802384A1606284C4F873
:101CF0000C80A3842161E284ADE7B3F5EE6F4FF071
:101D0000FF02EBD940F27263EAE700BFA0070020B0
:101D10002DE9F84305460C46F720052191460CF0C5
:101D2000D8FF061E21DB1DB914FB06F0BDE8F883C1
:101D300015F0030703D098211920FFF743FADFF8C5
:101D40003080C8F81050A8F81460BBB29C42EBD9A0
:101D5000B8F81450D8F810004B4607FB05000522D0
:101D6000F7210CF079FF0137EFE74FF0FF30DDE7A7
:101D7000B407002007B5CDE900230B46034902460E
:101D8000081D0DF08AFA03B05DF804FBCC070020B3
:101D900013B5064CCDE900230B46024604F10801B9
:101DA00004F10C000DF079FA02B010BDCC07002050
:101DB000134B012200214FF0FF309A60C3F800124C
:101DC000C3F80803C3F80015C3F804259A60C3F8E4
:101DD0000803C3F80015C3F804250A490A4A03F5A5
:101DE00080334FF40040C3F80825C1F88000BFF3EA
:101DF0004F8FBFF36F8FC1F88001C3F8082570477C
:101E000000F0004000E100E00000F63F024B0268F5
:101E10001A600020704700BFDC070020014B1B68E0
:101E2000184700BFDC070020024B1868003818BFB5
:101E300001207047DC0700208C469B2300B50CF87E
:101E4000033B054B8E4607CBCEF80300CCF80410BD
:101E5000CCF808205DF804FBEC07002070B51B4EA1
:101E6000736A93F8A84005460CB101280DD00129EA
:101E700012D8F36A2846984770B196F8300058B9DE
:101E800064B9012D1FD0204670BD338D1A07EED5E1
:101E900096F82A30002BEAD0012070BD002DF3D136
:101EA000308D83070AD40028F6D196F83130002B04
:101EB000EAD196F8320080F0010070BD96F82A0051
:101EC00080F0010070BD308DEDE700BFE00700201D
:101ED00010B5154C08F02CFC08F080FFA36BA08E09
:101EE00000219847237E93B9A18E606A03F01AFB04
:101EF000636AB3F8AA0003F08FFA236C94F83010E9
:101F000094F83C009847002384F8443010BD94E8CE
:101F1000070004F10C0383E80700044904F11900E9
:101F20000EF0EEFFE0E700BFE0070020391E0000E2
:101F3000034B93F8443003B97047FFF7C9BF00BFA4
:101F4000E007002008B5094B93F84420022A07D186
:101F5000DA7A42F00102DA72BDE80840FFF7B8BF52
:101F600040F257312720FFF72DF900BFE00700208E
:101F700010B41E4942788C6C2378D20002F008021B
:101F800003F0F30313438278920002F00402134338
:101F9000C278120102F0100203F0EC03134302783E
:101FA00002F0030213432370B1F85430637002232C
:101FB000A1F84C308C6C00792378420123F0200387
:101FC00002F020021343012823700CD14B6A93F8CE
:101FD000BA2093F8BB30032A08BF002203F01F0386
:101FE00043EA8213A37010BC704700BFE0070020D3
:101FF000F0B5194CA56D83B04DB3636E3BB3B4F827
:1020000068306B702B782F4601F0030123F0030337
:102010000B4307F8033B0646B4F86820616E384668
:102020000CF034FB0DF1020201A9E06EE565676674
:102030000CF08CFF01980CF077FF0346B4F86810A1
:10204000E06E336001220CF01AFF03B0F0BD40F6E1
:10205000C4012720FFF7B6F8E0070020F8B5254CAB
:10206000656A276F2A7D95F82111E7654FF4817322
:10207000A4F8603094F87430064603EB820308B984
:10208000FF2B17D0184607F0BFFD2B7D5BB3A06F69
:1020900008F07EF9A16FE06D08F06CFEAEB1B5F806
:1020A000E00007F069FD002008F0F0FA022384F850
:1020B0004430F8BD95F820018842E3D1002AE6D1EA
:1020C000384608F065F908F089FE95F82131B5F831
:1020D000E420033B012B8CBF00202820104480B259
:1020E00008F0C6F9DBE7E06D08F052F908F076FE7B
:1020F000D4E700BFE00700202DE9F04FC44C666A2A
:1021000087B096F8201138B9327D94F8743003EB1B
:102110008203FF2B00F0F180FF2007F075FD676A56
:10212000002304938DF814308DF80930ADF80A308F
:102130003B7A062B00F21B81DFE813F07B00E60000
:10214000610061001901070007000DF10A0103A8F1
:1021500001F02CFE002800F0F680039D002D00F019
:10216000F2800122062384F87D20BDF80A203B720C
:10217000002A5CD0E91CA4F854202165B7F8092096
:10218000A564022BADF811206AD0053B012B66D85F
:102190000B780322022B8DF8102000F0A180D4F8D8
:1021A00080000CF02BFE0546002840F0C780236D10
:1021B0001B781B2B00F0EB8000238DF81430F37C90
:1021C00084F8315004A823B1B4F85430002B40F007
:1021D0008A80FFF7CDFEA06C08F0DAF808F0FEFD6B
:1021E000B6F8E20007F0C8FC012008F04FFA01231E
:1021F00084F8873084F8443007B0BDE8F08FB7F832
:102200001031D4F88000ADF80A300DF109020DF15B
:102210000A010CF098FD0546002800F00781BDF882
:102220000A20012384F87D303B7A002AA2D111468E
:10223000A1E794F87C30A7F810310DF10A0103A84A
:10224000ADF80A3001F0B2FDE8B1039DDDB1012225
:10225000052384F87D203B72BDF80A2088E701231E
:102260008DF81030D4F880000CF0C8FD0546074604
:1022700000285ED101F0B4FD80F00105EDB28DF8CB
:1022800013503B4699E7636A93F85180B8F1000F09
:102290005ED1D4F880000DF10A010DF109020CF0B5
:1022A00052FD0546002853D09DF809A0BAF1000F51
:1022B00074D1BDF80A30002B5ED101233B7284F843
:1022C0007D300023A4F854302365B7F80930A564A5
:1022D000ADF8113001238DF81030B8F1000FC1D0E6
:1022E00000252B4669E7FFF743FEA06F08F050F882
:1022F000A16CA06F08F002FD72E796F821318B42C5
:102300007FF40AAF37460BE7424BA3640023A4F8DF
:1023100054302365B7F80920D4F88000ADF81120B7
:1023200001238DF810300CF069FD054607460028A2
:10233000A0D001238DF8133000233EE701238DF850
:102340001330236D34E740F2D2512720FEF73AFFD5
:102350004FF00008002301223A722E4AA4F85430AC
:102360002365ADF80A30A264B7F80930B0E740F24F
:10237000DC512720FEF726FF00232B80AB700122C3
:10238000032384F87D203B72BDF80A20F0E607F1B4
:10239000BA00012107F07EFC01230EE72946D4F89C
:1023A00080000CF0BDFD0CF0BFFD0368D0F804B058
:1023B00053EA0B0281462FD1BDF80A20002389F889
:1023C000003089F8013089F8023089F8033089F843
:1023D000043089F8053089F8063089F80730002A7A
:1023E0003FF46BAF9DF809100029C5D0297801F0A2
:1023F0000301012906D0BB75012102233B7284F839
:102400007D10B7E6032384F87D103B72B2E600BF6F
:10241000E007002064080020019309F031FE019BD1
:1024200083427BEB0101C7D2D04693E740F2C35110
:102430002720FEF7C7FE00BF2DE9F04FA94C656AC3
:1024400094F844208BB005F1A8030693022A4FF0BC
:102450000003CDE9083340F06D82E36D032293F869
:10246000009088465978A4F868101344636609EA16
:1024700002030646A4F8602007934FEA291AC9F31D
:10248000001B002800F0B180002940F0C5816B7A64
:10249000A28EA1650133DBB283EA990142F4007296
:1024A00011F00107A28640F0D5802A7AA2B1032A52
:1024B0006B7200F2FF81012A0ED0D4F8800008A9C7
:1024C0000CF066FC002800F03F822B6F01332B6775
:1024D0006B6F43F100036B67636A0021297293F805
:1024E000A8304BB16B793BB1238D697143F0100378
:1024F00023851020A36B9847A38E43F40063A38623
:102500002B7D0027C9F3C009002B40F0AA80AB7ACD
:1025100003F00102914500F0E980A36D002B00F06B
:102520009C810AF0010A84F832A0B8F1000F40F053
:10253000C4804FF0000994F88A100120FFF78EFC48
:1025400082468046002800F04E8108F0F1F8D1461E
:10255000A38E5A0607D4A36B002140209847A38E70
:1025600043F04003A38687B1EB884BB9636A93F8C5
:10257000A8302BB1B4F80530B4F80720134304D0C9
:10258000B4F809300133A4F80930002E5CD0B4F857
:10259000053000220133A4F8053084F88A2052481F
:1025A00002F028FF089830B10CF0BEFC0022027245
:1025B000069902F0C9F9099B33B100221A720C2264
:1025C0000998069902F08EF9B9F1000F70D1A38E27
:1025D0001B0607D4A36B494680209847A38E43F07F
:1025E0008003A3860BB0BDE8F08F2B7D002B40F05D
:1025F000108194F88A30013384F88A30A38E43F432
:102600008063A38695F82131033B012B04D902F0A6
:10261000D3F9074600285AD007F0C4FA0328A76D5B
:1026200000F0FF80002F00F086800AF0010A84F895
:1026300032A0B8F1000F51D008F07AF8A78E17F049
:1026400040074FF0010986D0B4F807300133A4F8F1
:102650000730A4E72B7D3746C9F3C009002B3FF4B0
:1026600056AFB4F868308BB9AB7A03F001029145EC
:102670007FF453AF0133AB72079B032B00F02A8129
:10268000A26D002A7FF44DAF914657E008F0C2FBDF
:102690000328FBD002280BD000287FF438AFAB7A98
:1026A00003F0010399457FF438AF012384F83C30EF
:1026B000FFF70EFC0BB0BDE8F08F08F039F8A38EE1
:1026C0005A0636D5002F00F01A81B1464CE7A36DAB
:1026D000002BAAD1B4F8682081462FE04FF0000902
:1026E0004F4628E7E007002004080020B4F86820DF
:1026F000002ABFD00798411E012938D90133032889
:10270000AB7200F0E780AB6F0133AB67EB6F43F167
:102710000003EB67A36D002B7FF403AF99460DE038
:1027200008F006F8079909A8FFF762FCA38E5B067C
:10273000C8D4B1460FE7B4F86820B946002A14BFE0
:102740004FF0000B0BF0010B84F832B0B8F1000F22
:1027500040F0098194F88A100120FFF77FFB804642
:10276000002840D007F0E4FF4FF00109F0E6A38E07
:1027700095F8149043F48053A38607F013FA0328C6
:1027800094F8883007D1B9F1000F0CBF1F221B222B
:10279000934228BF1346B4F86820A16D9A4200F214
:1027A000B080002900F0B88094F88930002B4CD11B
:1027B000AB6F0133AB67AB7A03F10103AB72EB6F25
:1027C0000AF0010A43F1000384F832A0EB67B8F184
:1027D000000FA5D194F88A100120FFF73FFB814636
:1027E00000289DD1B046EB7C002B3AD1002095F813
:1027F0002021B5F8E01007F01BFC0020FFF77CFC5F
:10280000B8F1000F3FF4A4AE079909A8FFF7F0FB59
:102810009EE608F03FFBECE6E06E0CF010FB014694
:1028200035E6B4F868201B2A94BF4FF000094FF03A
:102830000109002F82D00AF0010A84F832A0B8F111
:10284000000F7FF4F9AE474675E6A36B0021202008
:102850009847A36D002B7FF464AEB4F868209946C6
:102860006CE7636A95F82A0193F8A82095F820315F
:10287000013BDBB2B2FA82F28000032BD5E91CAB3C
:102880004FEA5212C0B205F1800105F1900C60D8F8
:10289000CDE9002C4FF0010E4FF0000CCDE904CE35
:1028A0004FF0FB0C039352465B46CDF808C008F08E
:1028B00075F99BE7053A012A41D801F085FA00280D
:1028C0004CD0238D43F0080323853946A36B0820A1
:1028D0009847FAE5A38E264943F48053A386238DB7
:1028E000012043F0010323852871A36B9847AB6F48
:1028F0000133AB67EB6F43F10003EB670DE6B146C5
:1029000045E694F8303043F0100384F83030002965
:102910007FF407AE894611E7002A14BF4FF0000B81
:102920000BF0010B84F832B0C146B8F1000F7FF410
:1029300019AF0FE740F6AD112720FEF743FC40F238
:10294000B3712720FEF73EFC40F2D4712720FEF73A
:1029500039FC40F225410620FEF734FC40F2DE71DE
:102960002720FEF72FFC07F0E3FEC146F0E500BF8D
:10297000440800202DE9F0413E4C94F84430012BEE
:1029800086B06CD1666A5FFA83F8337905460F46E4
:1029900073B1238D002143F0040323853171A36BB0
:1029A00004209847636A93F8A8300BB186F8058035
:1029B000337A052B06D005B9DFB906B0BDE8F04182
:1029C000FFF786BA238D2C4943F0020323850220AA
:1029D000A36B9847636A93F8A830002BEBD0236D64
:1029E0001B78A3F10203B3FA83F35B0984F82A305E
:1029F000E1E729462846FFF731FA0028DDD1337D8B
:102A0000676A63B997F82121B7F8E210012007F04F
:102A10000FFB002006B0BDE8F041FFF71FBB97F8A1
:102A2000213197F8A82094F874C0013B003ADBB23A
:102A300018BF0122032BD6E91E0106F1800406F11E
:102A4000900611D8009202460120CDE90335CDE968
:102A5000016C0B460590214608F0A0F8D2E740F63D
:102A60000C112720FEF7AEFB40F225410620FEF7B1
:102A7000A9FB00BFE00700203008002010B50C4C77
:102A80000C4A94F844300C49116023B14FF4B171F1
:102A90002720FEF797FB03F0FF02227602F03AFDB3
:102AA00000F07EFF206700F07FFFA06710BD00BF31
:102AB000E0070020E8130020D82D000010B5074AD9
:102AC00092F8443013B10C24204610BD03F0FF04EB
:102AD000147602F01FFD204610BD00BFE007002065
:102AE0002DE9F043A54C87B094F844609DF838C0B8
:102AF000002E40F03981002900F03681002A00F0D4
:102B00003381002B00F03081054606F0FF0023647E
:102B1000A163E26284F889C084F8300084F88A00F6
:102B200084F83C0084F887002085A08684F8310072
:102B300084F8320084F87D0084F82A00A0642065BF
:102B4000A4F85400E0656066A4F86800656207F0C8
:102B500005F908F043F995F9280107F051F9D5F87E
:102B6000D460D5F8CC0007F051F9304607F0F4FBFB
:102B700095F8250007F054F9B5F8E030672B40F2DE
:102B80008980B5F8E230672B40F28480636A93F85D
:102B9000A860002E00F0868093F80733002B40F0E9
:102BA000A0800EF0B3FE95F8212100F189010120EB
:102BB00007F02AFA724B186807F0D4FBAB7BD5E913
:102BC0003012243B072BC4F88010E26640F28C8060
:102BD000EB7B243B072B40F28780B5F8F230B5F849
:102BE000F80095F82011984228BF1846042908BF1C
:102BF00003210DF064FD024695F8F40095F8F030DD
:102C0000904228BF104680B2984268D295F82111B0
:102C100084F87C3005F1E8000EF0F0F995F8211108
:102C20002F7DB5F8FC60032908BF04210DF047FD96
:102C3000002F51D0864228BF0646F6B284F888603D
:102C400001F0BAFE002851D1636A84F8746093F8E9
:102C5000A830002B3AD02B7D002B4ED10120FFF75E
:102C6000FDF9636AD3F8E80107F0CAFB0023C4E961
:102C70000033A360D5F82431E888B5F8AA1095F898
:102C800025206080218022710BB101221A6007B0DB
:102C9000BDE8F08306F076FF636A93F8A860002E23
:102CA0007FF47AAF0EF032FE95F82021354B33F8E1
:102CB000123001463046344E03F5FA73A6FB036327
:102CC00001EB9311663107F09FF973E7EA7C72BB61
:102CD0000120FFF711FAC9E7043080B2AAE7C3B2B6
:102CE00094E707F01DF85CE71B238FE701F06AFE0D
:102CF000B04238BF3046C6B2A6E795F82131013B55
:102D0000DBB2032BD5E91E0105F1800705F1900226
:102D10002FD8CDE9026301920026024601200B461E
:102D2000059039460090049607F038FF96E795F82D
:102D3000206195F82A01013EF6B28000032ED5E904
:102D40001C89C0B205F1800105F1900211D8CDE9CE
:102D50000363012605960096FB2601924B464246E8
:102D6000029607F01BFFB3E74FF420712720FEF710
:102D700029FA40F225410620FEF724FAE007002058
:102D8000E8130020F8870200D34D6210FFF7A0B8C7
:102D9000014B93F887007047E0070020064A938EA6
:102DA00013F4C06F03F4805103D092F87D0000B19A
:102DB0007047080B704700BFE0070020024B93F8F4
:102DC0003500C0F3C0007047E0070020014B93F8C6
:102DD0008A007047E0070020451F000039240000EA
:102DE00075290000311F000008B501210020FEF701
:102DF000D5FD28B190F89400003818BF012008BD17
:102E000040F64A313220FEF7DDF900BF343270B5AA
:102E100092B204461E460D460CF030F924B1034B25
:102E20001C601D745E741D7170BD00BF840800209D
:102E300090F86C00003818BF01207047F0B5070CFF
:102E4000A7F5AA42144B543A012A03EA90231FD94A
:102E500027F4004042F6AA22801A18BF012000225F
:102E6000162116461F2487EA060562EA0505013584
:102E700010D0DD03ADB245EA5606E503ADB2013927
:102E800045EA52024FEA53034FEA5404EBD1F0BD36
:102E90000020E4E70020FAE7E0FF3F00304BF0B508
:102EA000B0F86C70B0F86A601D890C461146DA887B
:102EB000974228BF1746964228BF16461B2E85B05C
:102EC0002ED0B5F5A47F2DD040F648039D4201AA2F
:102ED00028BF1D460CF00FFABDF80A30BB4228BFD0
:102EE0003B46E380BDF80C30AB4228BF2B46238124
:102EF000BDF80630B34228BF33466380BDF80830C2
:102F0000AB4228BF2B46A380FF232370E3881B3BE3
:102F10009BB2E02B08D940F209513920FEF752F953
:102F20001B2FCED105B0F0BD63881B3B9BB2E02BBD
:102F300002D940F20B51F0E72389A3F5A4739BB2A9
:102F400040F64812934202D940F20D51E5E7A388BA
:102F5000A3F5A4739BB29342E4D940F20F51DCE78E
:102F60002C090020F7B50023CDE9003304460E46B6
:102F700017466846FEF74CFD08B100201AE0009D98
:102F8000A542F6D030460CF0B0F905F1AD0395F846
:102F9000AC2039460DF0F5FA0028EAD095F8B320B8
:102FA00094F8B30005F1B40304F1B4010DF0E9FAAB
:102FB0000028DED003B0F0BD054A516A11F8030BBA
:102FC00002F11D03C0F38010127F0DF0DABA00BFCA
:102FD0006C0E00200138C0B2032808B504D94FF4A4
:102FE0003F710620FEF7EEF8014B185C08BD00BFEC
:102FF000C08502000138C0B2032808B504D94FF4D7
:103000003F710620FEF7DEF8014B185C08BD00BFDB
:10301000188602000138C0B2032808B504D94FF45D
:103020003F710620FEF7CEF8014B185C08BD00BFCB
:10303000F486020010B503210020FEF7AFFC044621
:1030400070B90321FEF76EFC044620B940F2253129
:103050003920FEF7B7F8034B93F96C100EF06CFFB4
:10306000204610BD2C090020014B5888704700BF36
:103070002C090020044BD87BC0F3400080F00100F5
:1030800000F00100704700BF2C09002010B50DF0C2
:1030900077FA01F047F800F0E7FC0DF009FF02F0C5
:1030A00017FA01F05FFA06F089F9012000F080FCC0
:1030B000184B194C194A002119604FF01B13C4E931
:1030C00000234FF4A473A3604FF479432361144B9E
:1030D000A4F86410586860631B89A181102204F170
:1030E0003C0084F83210E17323870BF08FFA012340
:1030F00004F15A0042F21072C4E9102284F83C3004
:1031000063750FF097FB04F14C00BDE810400FF021
:10311000B7BB00BFEC1300202C09002003021B00EA
:10312000C0850200044B41F64C521B21C3E9062224
:1031300099731A62FFF7AABF2C090020F7B53B4D1F
:10314000AB69C0F8E8302B7C003B18BF012380F846
:10315000293100F1A807364BC0F8C830044638467C
:103160000EF0E0FC064600F067FC830654BF1B230C
:103170006B88A4F8123158BF1A462E4BA97B1B68E6
:1031800048BFAA88A4F8142184F8F010A4F8F260CB
:1031900023B194F92811B4F8AA009847264B1B686C
:1031A0001BB12649B4F8AA009847254938460DF0C6
:1031B00057F80123A4F8DE30224B1B681BB1B4F88A
:1031C000AA0000219847204B1B681BB1B4F8AA0045
:1031D000002198471D4B1B6813B1B4F8AA0098470B
:1031E0001B4B1B6813B1B4F8AA009847AB886A88D8
:1031F0006978019129780091033303329BB292B22E
:1032000004F1C40104F1C000FEF73AFCD4F8C03068
:1032100023B940F2E2413920FDF7D4FFD4F8C4309D
:1032200013B940F2E341F6E703B0F0BD2C090020EA
:1032300000093D00FC130020F41300205009002079
:10324000360900200C140020001400200414002073
:10325000081400202DE9F34104460E460EF0ADFEA1
:10326000002800F0968020460FF01CF840B1B6F818
:103270000130013B7F2B03D9122002B0BDE8F08161
:1032800020460FF013F808B90C20F6E720460EF0A0
:1032900000FD0028F8D120460EF038FE80460028B8
:1032A000F2D1204604F0ACFC0028E5D0B6F801705D
:1032B000F17842F2107320465F430EF0DEFF0421E6
:1032C0003078FEF76BFB062105463078FEF766FB8B
:1032D0002DB140B141F676213920FDF773FF18B3C7
:1032E00090F8E58005462C4E3368EBB14035284612
:1032F0000EF0F5FAC0B128460EF0E2FAA0B9B8F126
:10330000000F07D0254B28461B68984760B141F64F
:103310008A21E1E722493368096A424628469847EC
:1033200010B141F68F21D7E720460EF0B3FF0146DA
:1033300038B93A46204602F00BFE40B341F69821D8
:10334000CAE702210DF10600FEF7B4FA054608B9F6
:103350000D2092E7BDF806100DF049FA29462046E7
:103360000EF0CBFF2846FFF7E9FE3A4629462046F5
:1033700002F0EEFD024610B141F6B421ACE7084B75
:103380009B6E23B105F5977105F1A80098470020C1
:1033900073E7422071E700BFF0130020F81300200C
:1033A0002C090020024B1B6803B118470C20704702
:1033B000EC130020034B5A8802801B788370002096
:1033C000704700BF2C09002073B583781A2B06467E
:1033D00008D8042B04D9334A22FA03F3DB0705D4B7
:1033E00012251AE0292B01D03B2BF9D13088B0F5FA
:1033F000706FF5D269460DF0C9F988B9009B93F852
:103400002C2102F0FF05C2B9B27883F82D21FF22EA
:1034100083F82C2168460CF06BF9284602B070BD89
:1034200030880921FEF7BAFA0446002837D0B0F8F0
:10343000AC0101A90DF0AAF908B10C25EDE7B4F82B
:10344000AE010821FEF7AAFA20B94FF40461392031
:10345000FDF7B8FE03781BB994F8C831032BECD103
:10346000019B93F84221002AE7D194F8F02102F061
:10347000FF05002AE1D1B4F8B021A3F8442194F863
:10348000B82183F84621027D83F84721B27883F87A
:10349000482184F8F021FF2283F84221BDE702256C
:1034A000BBE700BF200038040188A1F11B039BB2D9
:1034B000E02B0CD84288A2F5A4739BB244F24810CA
:1034C000834204D8034B0020D9801A817047122010
:1034D000704700BF2C09002038B50278447802F00C
:1034E000010354EA030102F0020201D1112038BDA8
:1034F000BAB98578002DF9D0002B18BF002400E060
:103500001D4620460BF097FF0028EFD028460BF011
:1035100092FF0028EAD0054B00209C72DD72988152
:10352000E5E7002BECD000242546EAE72C09002033
:1035300013B5008801A90DF04BF9044620B9019894
:1035400090F83E311BB13A24204602B010BD90F8ED
:103550005C3003F0FF04002BF5D190F853309B074B
:1035600006D1FF2380F83E3101A80CF0C1F8EBE74B
:10357000024954300DF0C4FCE6E700BF23180100F7
:10358000F7B50678EF2E04460F4603D912263046CB
:1035900003B0F0BD90F901204378002AF6DB827871
:1035A0009207F3D113F010001DD19D0603F0030222
:1035B00016D5002AEAD11907E8D42179E278E5790D
:1035C00042EA0122617942EA0142A17941EA0521F8
:1035D000257A41EA05418A42D8D81F2A12D8D5E770
:1035E000032AE8D1D2E713F0600FCFD103F007022E
:1035F000052A05D003F00F010D22CA40D207C5D518
:103600001D07DAD5627A013A062ABFD8A27A032AC0
:10361000BCD813F0040302D1023A012A03D8E27A9B
:10362000012AB3D813B9A37C032BAFD8237DF8B1FB
:10363000012BABD1237E012BA8D818B36378D9070F
:1036400002D500F077F920B36378227D03F01803E8
:10365000082B2ED1022A1CD103213046FEF79EF9F9
:10366000054660B30EF015FB002834D00C268EE71B
:10367000022B8BD0A37D013B022B87D8E37D0F2B40
:10368000D8D983E700F0E2F9820707D4237D022B23
:1036900001D111267BE7A37D022BFAD000F0D6F9E9
:1036A0004307CBD4237D032BF3D0A37D032BC5D1BC
:1036B000EFE7022AD0D0237F002BCDD0E9E703210A
:1036C0003046FEF72FF90546002843D0224B93F9E8
:1036D0006C100EF031FC002130460FF077F828BB5B
:1036E00028460EF0D4FD21463870E07428460EF0CE
:1036F000B6FCE37E0646002B3FF449AF00287FF47A
:1037000046AFE96C02466846FEF79AFAE86C324624
:1037100001210BF009FDE96C68460422FEF790FADE
:10372000E86C324631460BF0FFFC30E740300EF0DB
:10373000D6F80028D4D0637813F0330F7FF426AF87
:10374000296AA67D28460EF0C4FDFFF743FC864299
:10375000C6D08BE707261AE72C09002030B502797E
:10376000042A8BB003464FD84088B0F5804F4BD821
:103770002649114400248A7C4D7BADF8004042F07C
:10378000100242EA4502CD7D097F8DF8084042EAE9
:10379000850242EAC10202F01F028DF80020BDF846
:1037A0000020ADF809201A888DF80B208DF80E0046
:1037B000120A000A8DF80C208DF80D408DF80F00CC
:1037C0008DF810405A7B8DF811205A798DF812200F
:1037D0009A79D3F807008DF81320B3F80B209B7B60
:1037E0008DF81A307F2305908DF81B3069464FF015
:1037F000011302A8CDE90734ADF818208DF8244054
:10380000FFF7BEFE0BB030BD1220FBE7C085020003
:103810000278034672B1427862B142881A2A09D905
:1038200082881A2A06D9044A006810609B8893800F
:1038300000207047122070472C090020024B0268BC
:103840009A610020704700BF2C0900200378A3F183
:103850000A02112A9DBF024A00209373122070476A
:103860002C090020014B5874002070472C090020BF
:10387000014B9874002070472C090020024B1B68F4
:1038800003B11847112070471014002008B5052017
:1038900000F09AF805F046FD014B024A9A6608BD11
:1038A0002C0900209D2E000008B5064B01221A713C
:1038B00004F090F904F058FF0CF0B8FCBDE80840A3
:1038C00000F038BF9C09002010B50C20084C00F017
:1038D0007BF8282000F078F804F1080005490CF086
:1038E0005CFC04F10C000449BDE810400CF055BC30
:1038F0009C090020640000206C00002010B5094CD9
:10390000094904F108000CF048FC04F10C000749D7
:103910000CF043FC04F110000549BDE810400CF028
:103920003CBC00BF9C090020740000207C000020EB
:1039300084000020014B1879704700BF9C090020CB
:1039400038B5074C0D4600F0D1FEA06825600CF09C
:103950001CFCFFF7E7FB01F06BF80123237538BD72
:103960009C090020014B187D704700BF9C09002076
:1039700010B50A4CE0680CF008FC20690CF005FC5E
:10398000FFF784FB202000F033F8262000F030F809
:10399000292000F02DF80023237510BD9C0900207C
:1039A00000487047B109002000487047B30A002062
:1039B000014B83F8190270479C090020014B93F8D2
:1039C000190270479C090020C208074900F007004F
:1039D00001238340885C03438B5404490B78934252
:1039E00038BF13460B70704718000020B60B00203C
:1039F00010B50F4BC40803EBD002012100F0070003
:103A000001FA00F0195D21EA0001195509490B7806
:103A1000A34205D1002012F8014914B100B10B7086
:103A200010BD002BFAD0013BDBB20120F3E700BF51
:103A300018000020B60B0020014BD3E900017047AD
:103A4000180000200048704720000020054B18682F
:103A5000C0F3C022C0F30020400040EA820040F0E2
:103A6000010070471800002008B508F03BF9084A2B
:103A7000002332F82310814205D302EB83029378AE
:103A8000044A137008BD01330C2BF2D10023F7E771
:103A9000E8850200B70B0020024B1878072828BFE2
:103AA00007207047B70B00202DE9F04F04689846B7
:103AB00094F8633094F80FA043EAD3030F46D90774
:103AC00085B0164604F1A80902D4BAF1260F5FD1D9
:103AD00094F8A850002F55D1FFF7B8FF8DF80B00D0
:103AE000002E51D1FFF7B2FF2B4B8DF80C00D3F80D
:103AF00000B0BBF1000F0CD0AAF126025342534193
:103B00000093284603AB0DF10B024946D847054602
:103B100030B99DF80B3013B19DF80C0028B9092578
:103B2000BAF1260F2AD10020034694F8292132B198
:103B30009B0700F002002DD560B302200346FF2250
:103B400084F8392194F8382102F0FF05F2B99DF884
:103B5000382084F83B0184F8382184F83A31A4F8FD
:103B60003C8103A948468DF80C708DF80D60ADF8C6
:103B70000E800CF075FB002384F83931284605B01F
:103B8000BDE8F08F3846A9E73046ADE73A25F2E7C1
:103B90001A25F3E70925F1E71414002010B504688D
:103BA000B4F8AA3084F87E11A4F87F3194F820018B
:103BB000FFF720FA84F8810194F82101FFF71AFA3F
:103BC00084F88201034904F27510BDE810400DF03D
:103BD00097B900BF4B0201002DE9FF47046894F834
:103BE0000EA0AAF125030E4659425941052A054661
:103BF00039D1E37B272B3BD104F10F0796F80190D5
:103C000096F8028009F0070908F0070809F1FF3368
:103C100008F1FF3203EA090302EA0802134321D143
:103C200040460CF0B5FB70B394F8203198422AD08E
:103C300094F83A2118EA020F14D0BAF1250F22D0D5
:103C400094F8192118EA020F1DD1464A0138013BA8
:103C500052FA80F0DBB2032B00790FD81A441379A3
:103C6000834210D9284604B0BDE8F0470CF058BB99
:103C7000BAF1250F74D104F10E07BFE74FF4DD71DF
:103C80000620FDF79FFA48460CF082FB40B194F8FD
:103C90002131834204D094F83B3119EA030FE1D07B
:103CA000B6F8036003AB00932046334642464946CC
:103CB0000CF07BFB2C6878BB94F83831012B28D1B1
:103CC000E38894F82011B4F83C0104F534720CF048
:103CD000CDFB0646D0B901462846FFF75FFF2B68AB
:103CE00083F838613E702B6803F10F02974201D1CF
:103CF0000022DA732B6803F10F0297422CD1284679
:103D00000DF0D3FA002004B0BDE8F0872C23A37394
:103D1000E9E784F83801E6E7E388A4F8D062013ED9
:103D2000F61AB6B247F6FD739E4206D9282384F8E8
:103D30003130284601F01CF9DCE7E37B0D2B02D083
:103D40000A3B012B01D82A23F1E7BDF80C30A4F877
:103D5000D23229233B70CDE7002283F84A20D1E7F5
:103D60000220D0E718860200024B002283F832209E
:103D70009A867047BA0B0020044B93F83220012A30
:103D80001ABF036001200020704700BFBA0B00205B
:103D9000054B93F83210012902461DBF012083F81C
:103DA00032009A8600207047BA0B0020054B02466D
:103DB00093F8320020B1136009B19B8E0B80012073
:103DC000704700BFBA0B0020044B93F8320000226A
:103DD0009A8610B183F8322001207047BA0B002078
:103DE000034B93F83200B0FA80F04009704700BFEF
:103DF000BA0B002050B90A4A1346012003F8010B00
:103E00000868C2F801008A889A807047012805D1A5
:103E1000034B0A689A608A88D8719A81704700BFFC
:103E2000F00B002050B90B4B187888B1D3F8012063
:103E3000B3F805300A608B8001207047012806D155
:103E4000044BD87920B19A680A609B89F3E7002077
:103E5000704700BFF00B002010B9044B1878704772
:103E6000012806BF014BD87900207047F00B0020D5
:103E7000F7B500238A888DF80600ADF8042008689D
:103E80000B4A8DF80730019D1478014602F5A8729F
:103E9000D8B2844201D8082008E052F8087F56685A
:103EA000AE4208BF8F4203F10103F1D103B0F0BD70
:103EB000000C002030B5094B01465C78002203F26B
:103EC0000113D0B2844201D8082005E013F8015F45
:103ED0008D4202F10102F4D130BD00BF000C002080
:103EE000F8B52D4C6378013BDBB22218834292F87F
:103EF0000251637030D01A010101961C8F1C2644B8
:103F0000274406F1100C56F804EB47F804EB66451D
:103F1000F9D1823282312244214402F1100652F852
:103F2000047B41F8047BB242F9D1E118221891F8E0
:103F3000026182F8026106267343704303F58573BC
:103F400000F58570E618E35823502718B388BB8026
:103F500091F83A3182F83A312846FFF7ABFF08284A
:103F600018D12378013BDBB29D42237012D02B3352
:103F700004EBC30393E8030005F12B0204EBC20238
:103F800082E803002078FFF795FF08281CBF24185B
:103F900084F80251F8BD00BF000C0020F0B5254D9B
:103FA00095F8984189B0224605F2991168460AF0C1
:103FB0006DFB214668460CF002FB0446B8B300EBEB
:103FC0004001C9B202A8FDF729FF631E95F8A1615F
:103FD000DBB2012495F8981105E0721CB2FBF1F0F8
:103FE00001FB1022D6B206F120020DEB020010F800
:103FF000202C002AF1D103EB43012031694406EB68
:1040000046022A4411F8187C82F8A27111F8177C34
:1040100011F8161C82F8A37182F8A41100F8204C44
:10402000013BAA19DBB2FF2B82F89941D2D109B02A
:10403000F0BD00BF000C002070B5064688B00C46ED
:10404000002A4ED0294A92F8A131D01890F899113F
:1040500019B9FF212820FDF7B5F803EB43011144FE
:10406000013391F8A251E57091F8A35191F8A41190
:1040700061710021257180F8991192F89811B3FBB4
:10408000F1F001FB103382F8A13192F8C23123B96B
:10409000174902F5DD700CF030FF657905F03F053A
:1040A00045F0400565710D22002168460AF0AEFA20
:1040B000E3788DF80F3023798DF80E3004AA0423AD
:1040C000694630468DF80D500AF0BEF89DF81F3055
:1040D00023709DF81E3063709DF81D30A37008B0EA
:1040E00070BD03216018FDF799FED6E7000C002093
:1040F0009D3F0000044B5A78824286BF1B1893F8FC
:104100004A010020704700BF000C0020044B5A7881
:10411000824286BF1B1893F842010020704700BFFF
:10412000000C0020064B00224FF461711A8083F8C6
:10413000C32183F8C421A3F8C61183F8C2217047B4
:10414000000C00202DE9F047824689461746984624
:10415000FFF78EFE08280546064603D0FFF7AAFEA5
:10416000082860D1324C6378072B5ED8082D15D112
:104170002678731C072E237003D96C212820FDF7A5
:1041800021F806F12B02D9F8000044F8320004EBC4
:10419000C203B9F804209A8083F806A065786B1CE6
:1041A000290163704B1C07F11002234412F8010D22
:1041B00003F8010FBA42F9D1813108F1100321440B
:1041C00013F8012D01F8012F9845F9D1102140462F
:1041D0000CF03BFA2544102185F8420138460CF0DA
:1041E00034FA85F80261667885F84A01002311489F
:1041F00085F83A3131460CF0E2F90128054607D836
:104200000D4831460CF0DBF9002818BF0135EDB23E
:1042100084F898510025284684F8A151FFF7BEFE86
:104220002846BDE8F0871220FBE70720F9E700BF2A
:10423000000C0020420D00204A0D002010B5064B56
:104240005878013840B2002800DA10BDC4B22046C8
:10425000FFF746FE601EF5E7000C0020014B83F8D7
:10426000C3017047000C0020014B93F8C301704755
:10427000000C0020431E9BB24AF2B71293429DBF2E
:10428000024BA3F8C601012000207047000C00205B
:10429000014BB3F8C6017047000C002030B50A4B43
:1042A0005C7884420ED9184490F802012B3003EB5D
:1042B000C004A5790D7053F830001060A388938076
:1042C000012030BD0020FCE7000C0020024607481A
:1042D00010B590F8C34124B1417821B1023005F006
:1042E00085F8204610BD0C46FBE700BF000C0020FF
:1042F0002DE9F74F2F4C9A466378834280468946D2
:1043000056D9231893F8425185F00105F9B193F875
:104310004A31E3B945F002070135BAF1000F18D16F
:10432000FA070AD5062101FB084104EB08105246A2
:1043300001F585718230FFF77FFEBB0734D504EBB2
:104340000810524649460230FFF776FE2CE02F4611
:10435000E3E794F8A1614FF0010B002DE0D0A31921
:10436000019393F8991199B90092DAB100F030FBFA
:1043700006EB46012144019B81F8A2014FEA102C73
:10438000009A81F8A3C1000C81F8A40183F899B1C7
:1043900094F898310136B6FBF3F103FB1166F6B2DF
:1043A000013DDAE747F00407384603B0BDE8F08F77
:1043B0000027F9E7000C0020074B5A78824209D900
:1043C0001A1892F842212AB9062202FB003000F5A1
:1043D0008570704700207047000C0020064B5A780B
:1043E000824281BF1B1893F83A01B0FA80F040096D
:1043F00098BF0020704700BF000C0020F8B50E46A3
:1044000007460621304615460CF01FF9044670B1E8
:104410000C4B0022587803F23913D1B2884202D8EB
:1044200001242046F8BD03F8015F0132F5E731466B
:1044300038460CF0E0F80828F3D0024B034483F828
:104440003A51EDE7000C0020034B80F880101B6808
:104450000BB1408818477047181400200B2808B586
:1044600004D940F229112920FCF7ACFE014B33F8A6
:10447000100008BD20860200036830B50024D3F880
:10448000C800A3F84040B3F8444042F210754443DA
:10449000B4FBF1F4A3F844404C1E05FB0242B2FB0E
:1044A000F1F2A3F84220094AB2FBF1F20132A3F87B
:1044B00048209A8F05FB02445A6BB4FBF1F4504339
:1044C0009C63B0FBF1F0586330BD00BF005A62023C
:1044D00013B540F6B8338387B0F8D220D0F8C810AF
:1044E0000190044601A8FFF7C7FF0C4B1B68062B81
:1044F00001D001330FD10A4B1B68063B08330AD9A0
:10450000D4F8CC00FEF79AFC80F00100C0B284F829
:10451000070302B010BD0020F9E700BF60130020C0
:1045200064130020054B1B7833B9054B1A681B79BF
:10453000026003710120704700207047C80D002001
:1045400028000020054BFF221A70054A01681160FF
:104550000179117100221A70704700BFC80D002048
:104560002800002007B5064A1068009012798DF8DF
:1045700004206846FFF7E6FF03B05DF804FB00BFC8
:104580007E9C02000346084671B13F2B0BD8074AB8
:10459000D35C03F07F02914205D08CBF0120002044
:1045A00000EAD31070470120704700BF3886020030
:1045B000FF230B7002234B7083238B70014B1B78FE
:1045C000CB707047CC0D00202DE9F84FD0F8048057
:1045D000D8F81C6030460C460AF090FC054620B91D
:1045E0004FF4AA711020FCF7EDFD014630460AF0A9
:1045F00093FCB5F800B01FFA8BF7824617B94FF459
:10460000AC71EFE7224B1B6800F10309D3B998F8AE
:10461000023098F8032023706378A4F802B002F007
:104620000F0223F00F03134323F0C00363709AF8C3
:10463000003003F00303012B0FD0022B0DD04FF4F9
:10464000BB71CFE7B8F802003A464946984705469D
:104650000028DCD12846BDE8F88F627863F30512A4
:10466000627030460AF062FC054610B94FF4C07122
:10467000B8E7FB2F02D940F28F11B3E73A4649461B
:10468000201D0AF003F830460AF0A7FBE2E700BF5E
:104690001C14002038B5134C10220021201D09F0F5
:1046A000B5FF01252574102204F10803002104F14F
:1046B0001400C4E9013309F0A9FF84F8205004F183
:1046C0001803C4E90533084A00236362A36284F82F
:1046D0002C30C4F82D30C4F8313084F835301360F4
:1046E000A36338BDCC0D00201C14002010B5084C6D
:1046F0002378FF2B04D040F299111020FCF762FDC3
:1047000009F0E8FD2070BDE81040FFF7C3BF00BF0F
:104710002D00002010B5034C207809F0F5FDFF2393
:10472000237010BD2D000020014B187809F0FCBD4E
:104730002D000020014B024A1A607047241400200B
:10474000C94500002DE9F341DFF88881054608F1ED
:104750001407D8F80830D8F81840227A012A22D154
:10476000D8F8382052B1137A1BB9BF211020FCF7BA
:1047700029FDD8F83840C4B9002093E01A7A012AFC
:10478000FAD0554A1C46EFF3108172B650680068A3
:10479000506001B962B6A34208BFC8F83840237A16
:1047A0001BB9EE21E2E73A46EDE7267AF6B2052399
:1047B0002372731E0B2B7ED8DFE803F07A062336B4
:1047C000773F4E3F3F3F3F6B636813B94FF4037130
:1047D000CCE72046294698470420EFF3108272B6B2
:1047E000237A052BD9B24FF0000369D12372D8F890
:1047F0003810A14201D1C8F83830002A45D162B63C
:1048000043E0636813B940F21521AFE7294620461B
:1048100098470346C3F30723012BADF80400C0B249
:104820003ED0022BD9D129E0636813B940F21D2193
:104830009CE7204698470020CFE7284B1B68002BB9
:10484000F9D06068324629469847A6F10A025342D9
:1048500053415B000420E4E763680BB9FE2185E760
:1048600086222A7001225988AA706A7100229869EA
:10487000A5F80310AA710AF0B0FA0420D8F838306D
:10488000A34202D10023C8F8383000283FF461AFBA
:1048900008E0134B29461B6820469847034668B931
:1048A000267298B102B0BDE8F0814FF415715DE752
:1048B00040F257215AE740F25A2157E70220DDE73C
:1048C00011B940F27B2151E7184696E7002B7FF49F
:1048D00040AF51E7CC0D0020D00D00202014002067
:1048E0002414002010B51346027A22B140F202319E
:1048F0001020FCF767FC0A46BDE81040014601485D
:104900000CF0D8BAD00D0020044890F82C301BB918
:10491000034924300CF0EBBA704700BFCC0D0020E7
:10492000A50E01000346064890F83C203AB190F8E5
:10493000352022B900F82D3B02490CF0D8BA704757
:10494000CC0D0020B145000010B50A46037A23B112
:1049500040F20A311020FCF735FC0146BDE810405A
:10496000014807230CF0A6BAE00D00201346027A96
:104970000AB1037270470A46014601480CF09ABA20
:10498000D00D002001490CF0BBBA00BF070F010099
:104990000B8BA2F80B304B8BA2F80D308B8BA2F84F
:1049A0000F30CB8BA2F809000249A2F81130104653
:1049B0000CF0A0BA650F0100014B1878704700BFDA
:1049C000090E0020014B1878704700BF2E00002010
:1049D000094AD2E90003434083EAB01181EA432146
:1049E0004FEAF3435360054B116058434FEAF060C0
:1049F00000EB8000704700BF0C0E0020BB79379E93
:104A0000094AD2E90003434083EAB01181EA432115
:104A10004FEAF3435360054B116058434FEAF0608F
:104A200000EB8000704700BF30000020BB79379E4C
:104A300010B50A4C09480821FDF7F0F9D4E9003215
:104A40001343F7D0064CFFF7DBFF2060FFF7D8FFDA
:104A5000236860601843F6D010BD00BF300000200E
:104A60000C0E0020174B184A9A60184A5A60184AD0
:104A70001A60184A9A62184ADA62184ADA60184AC2
:104A80009A61184A1A63184A1A62184ADA64184A6C
:104A90009A64184A5A62184B184A9A60184A5A621D
:104AA000184ADA62184A1A61184A5A61184A9A6111
:104AB000184A1A63184A9A64184ADA64184A9A63B8
:104AC000704700BF28140020571301007D13010018
:104AD000A91401003D16010099160100995000002B
:104AE000AB16010051530000A95100007D170100D1
:104AF0009F17010005520000281500206D130100CA
:104B000043170100C916010079160100E9160100DA
:104B10003951000045180100E3170100CF170100CB
:104B20002D170100044B054A5A65054B054A1A65C5
:104B3000054A5A65704700BF2814002095190100E6
:104B4000281500207F190100BF190100054B064AF6
:104B50009A65064A1A66064B064A9A65064ADA6557
:104B6000704700BF281400201F050100D93B00003A
:104B7000281500207903010061050100F7B50546FD
:104B800001A80F46FFF7F8F820B94FF4AA615120A9
:104B9000FCF718FB01983222002109F037FD019C37
:104BA00026463F2F06F8037F43D83F2F44D8DFE83F
:104BB00017F046004C006C0075008D005C015C0134
:104BC0009A00B3009E005C015C01A300AF00B3003B
:104BD00043004300B7005C015C01CC00CC00E30063
:104BE000E300EA00430043005C01EF00FC00000129
:104BF00004010B010D010F0111011B0125013C01F5
:104C00003E01430043002D0146014401430043009F
:104C1000430043004300430043004300430043007C
:104C2000430043004300430048014A014300400160
:104C30004201FF2F00F00D8140F24451A7E72946C1
:104C400030460CF096FCC0B9BBE02E68D6F8303286
:104C5000636096F834322372286890F89F3033B935
:104C60000CF064FB2B68DB881844A6F83602B6F813
:104C7000363263721B0AA3720820FFF789F80028F6
:104C800040F0F58040F2575181E72B6893F8A82057
:104C900052BB93F82D3123710220EEE72B68D3F835
:104CA00078226260D3F87C22A260B3F88022A281CD
:104CB000D3F85822C4F80E20D3F85C22C4F812208E
:104CC000D3F89030C4F816301720D6E72A68D2F807
:104CD000F6316360D2F8FA31A3602B68D3F89430D0
:104CE000E3600D20C9E72B6893F8A030D3E7314685
:104CF000284600F0F3FAA6E71123237159236371C4
:104D00000023A3713923E371102323720620B4E733
:104D10002B6893F89A30BEE7304600F0CDFA92E760
:104D20002B6893F8A82052B993F8A0203AB193F8D1
:104D30009D20227193F89C30637103209DE793F8C6
:104D40009B20227193F89A30F6E72B68B3F80C2178
:104D50002271120A6271B3F8A220A271120AE271E2
:104D6000B3F808212272120A6272B3F8A030A3725B
:104D70001B0AE372092080E72B6893F83A2122711D
:104D800093F83B31D8E7294630460BF08BFB5AE7C6
:104D90002B680F21B3F8AA00FCF700FE00F15B01BD
:104DA00030460BF0D2FF232067E730460DF030FD90
:104DB00049E730460DF035FD45E72E4B1B68002BCB
:104DC00043D140F24951E2E62B4BF7E72B4BF5E795
:104DD0002B4BF3E72B4B1B68002BF2D023202A46EA
:104DE00031469847042048E7264B1B68002BE8D043
:104DF0002A4631462420984705203EE7214B1B6870
:104E0000002BDED02A4631462520F4E72B680F21FF
:104E1000B3F8AA00FCF7C2FD00F17D0200F15B01CE
:104E200030460BF09EFF2B2027E7174BC6E7174BAA
:104E3000C4E7174BC2E7174BC0E7174BBEE7174B4A
:104E4000BCE7174BBAE7174BB8E7294630469847F7
:104E5000F9E62B68304693F8C722D3F8C8120BF056
:104E600041FF2B6893F8C702EDE6012005E703B088
:104E7000F0BD00BF28160020301600202C160020A0
:104E80003416002038160020441600204816002052
:104E90004C160020501600203C1600204016002022
:104EA00054160020581600203F289ABF024B53F892
:104EB00020000020704700BF281400203F289ABF20
:104EC000024B53F820000020704700BF2815002037
:104ED00030F8023CF7B5B0F8826004460D4673B175
:104EE000012268468DF80020ADF80160ADF803306E
:104EF000FEF758FA18B195216320FCF763F9194BB6
:104F00001B6813B1A4F128009847174B1B680BB11D
:104F100030469847832300272B70AF70A5F80360B5
:104F2000637AD4F89C006B7109F061FF08B9BA216B
:104F3000E2E739463046FCF747FD02213046FCF7F0
:104F400043FD18B9094B1B6803B198474FF401732F
:104F500003F00402002062F307001B0A63F30F2032
:104F600003B0F0BD5C16002060160020641600201F
:104F7000F7B50568D5F8C06004464FF6FF770DF128
:104F800002010DF101023046ADF8027009F0DBFEBE
:104F900001A9304609F0FCFE48B1019809F0C4FFB0
:104FA0002168A83100220272FFF7CEFCE7E704492E
:104FB00005F1280003B0BDE8F0400BF09BBF00BF37
:104FC000D14E0000F0B5044685B00D46FF2600F82E
:104FD000E96C10F8EA3CF3B1174F3B781BB1622142
:104FE0001F20FCF7EFF80C21381DFCF717FF3E706F
:104FF000002304F8E93C2A468A2302F8033BD4F84C
:105000000930C5F80330D4F80D305360D4F81130AE
:10501000936005B0F0BD01A80C21FCF7FFFEA4F5DC
:105020001573039A1A6001AB03CB44F8F20C44F8F1
:10503000EE1C04F8EA6CDBE7140E002010B5054CFA
:1050400023782BB90C21201DFCF7E8FEFF232370E9
:1050500010BD00BF140E0020024690F8FE31BBB90F
:1050600090F8FF3103F0FF010BB100207047094BAE
:1050700018780028F9D01970D968C2F89410043350
:1050800003CBC2F8F601C2F8FA11FF2382F8FE3111
:1050900001207047140E002038B50268D37B044607
:1050A0000D463BB1132B05D0113B0F2B8CBF0120BC
:1050B000082038BDD2F8A430ABBB92F8523013B9F7
:1050C00020460CF0E0F82268D5F80B30C2F8EE313B
:1050D000D5F80F30C2F8F2312368D5F81320C3F8A1
:1050E0009020B3F8AA20A3F8F122D5F80120C3F844
:1050F000F322D5F80520C3F8F7222368B5F8092074
:10510000A3F8FB222368002583F8B85183F8FE51E9
:105110002068084900F53A700BF0E9FE2368162272
:10512000DA732846C5E720460C22BDE83840032143
:105130000CF0CFB8C54F000010B50368DA7B202A09
:10514000044604D040F29D211F20FCF73BF893F861
:105150005220B3F8AA00002183F8511082B1C3F89D
:10516000C31183F85210A3F8C7110D49A3F8C40165
:1051700003F5DD700BF0BBFE23680022DA7310BD6F
:105180000121A3F8B30183F8B51183F8B2210549D1
:1051900083F8B921A3F8B62103F2A910EAE700BF0A
:1051A000251601000D16010038B5046894F8A850C2
:1051B0001DB9E37B23B101201AE02368DB07FAD491
:1051C000D1F801200D4BD1F8051013400C4AC4F85A
:1051D0006230C3F307630A4043F00803C4F8662053
:1051E00084F865300CF04FF81DB90423E3730020F8
:1051F00038BD236843F001032360F8E72FC904F7A3
:105200006FDB008038B503689A7B042A34D1D1F86B
:105210000120D1F80550C3F86220C2F3076242F0C2
:10522000080283F8652000229A7383F84A200268F6
:10523000C3F8665092F8A8204C1C0AB983F83F21A5
:1052400093F84021B2B993F88B2102F0FF008AB99C
:10525000B3F8AA2083F88C01A3F88D21D1F801209E
:10526000C3F88F2162680549C3F8932103F28310C4
:105270000BF03DFE002038BD0120FCE703170100C4
:10528000036893F8402112B1094B1B68184793F843
:105290008B215AB9B3F8AA20A3F88D211A22054907
:1052A00083F88C2103F283100BF021BE704700BFFE
:1052B000681600200317010010B50446FEF7BCFB7A
:1052C000044A054B02400B40C4F80120C4F80530E5
:1052D000092010BD2FC904F76FDB008037B50C46DD
:1052E0000568FEF7A9FB0A4A0A4B0A4095F86210C6
:1052F0000192034000930B408DF800306B4603CBC6
:10530000C4F801000920C4F8051003B030BD00BF87
:105310006FDB00802FC904F738B5DB04154604D5D0
:10532000037D13B10023436338BD446B01344463F0
:105330000CF067FA836B9C42F6D300234363034966
:105340002846BDE838400BF0DBBD00BF71170100F7
:1053500070B50468A37B94F8A860012B054607D0BC
:105360001EB9E37B23B1012038E023689807FAD403
:1053700094F853309A0713D44A7884F85D204A8809
:10538000A4F85E208A88A4F86020D80743F00202BF
:1053900084F853200FD5164904F154000BF0B0FDEA
:1053A00094F85330D90710D4CEB9E37B43B15321DD
:1053B0004020FBF707FF94F83E31002BEBD1EFE7DD
:1053C0000123E37328460BF05EFFA37B012B4FF014
:1053D000000304BFA37384F84A30002070BD236823
:1053E0009A0701D55821E3E743F002032360E9E778
:1053F0002318010070B50568044603F0BDFF054B96
:10540000E8721B6801461BB12046BDE87040184792
:1054100070BD00BF70160020024B1B6803B1184717
:10542000704700BF6C160020F0B51F4D2B7800248C
:1054300014709BB1013B6D68DBB21E1B012E0FDCAB
:1054400005EBC40655F8347076688E4208BF874273
:1054500027D0B84271EB060612D214700020F0BDBE
:105460001E19771005EBC70E55F837C0DEF804702B
:105470008445C6F347068F412CBF33463446DCE7EC
:1054800005EBC30455F8335064688C4208BF85426D
:1054900006D0A84271EB040428BF01331370DDE786
:1054A0001C4614700120DAE7340E002010F00702C9
:1054B00008B503D063214820FBF784FE18B1034BE5
:1054C000197258601A70C80008BD00BF340E002061
:1054D000014B00221A707047340E0020024B1879DD
:1054E000003818BF01207047440E0020FF230B70C6
:1054F000074A0D234B7082238B701368C1F8033069
:105500005368C1F807309368C1F80B30704700BF8B
:105510004A0E002002481622002109F077B800BF89
:105520004A0E0020F8B51C4D6B7D04469BB390F8E5
:10553000A83023BBD0E976760CF0E8F994F8202166
:10554000164B33F8123066304FF47A7203F23F6331
:10555000B3FBF2F3DB1946F100061B18B4F8AA20DE
:105560002A8046F100066B60AE60E3886B8005F12F
:105570000C000B49BDE8F8400222FFF7F7B94B06D3
:1055800009D5B0F8AA302B80D0F878326B60D0F80B
:105590007C32AB60E9E7F8BD4A0E0020F8870200D4
:1055A000ED540000094B53F8203070B503F5234348
:1055B0000C461646A1334FF47A72B3FBF2F505F0B0
:1055C0002DFA34442C44204470BD00BFE48702000F
:1055D0002DE9F04F8FB09A4600230A9390F82131BD
:1055E00007930446884606920AF02DFE814694F8F9
:1055F0002B01FEF733FF81440CF088F9E37B472B46
:105600001FFA89F900F160063FD00D2B3DD0A37B36
:10561000A3F147014B424B410393069B002B7CD1E6
:10562000637B032B79D1039B002B62D0B4F8D0327B
:1056300043455ED1D4F81832C4F80832D4F8C830E3
:10564000B4F8EC21C4F80C32B4F88A321344C4F82C
:105650001032204603F0F2FD94F829513DB1D4F800
:10566000D85241F64B539D428CBF0025012594F83A
:10567000E43263B9D4F8C820D4F8D8329A421ED0A4
:10568000B4F8AA000DF0E3F819E00123C4E7B4F878
:10569000AA000DF0D9F820B940F242713020FBF792
:1056A00091FDB4F8E032A4F8DE30B4F8E232838140
:1056B000B4F8D03243810025013B0382C58194F8C0
:1056C0002A31002B57D1002D56D1D4F8D432C4F84A
:1056D000D830B4F8D232A4F8DC30D4F8D832C4F8D8
:1056E000C830D4F8DC32C4F8D030022384F82A5110
:1056F0006373A17B29294ED0A1F12C025142514163
:10570000E27B292A00D041B1B4F8D032A8EB0303E0
:105710001B0402D4204602F0CDFFB4F888B2E7881B
:1057200094F821310893A8EB0B0B0FFA8BFB04F5CF
:105730001673A8EB0707BBF1000F04933FB22CDAF6
:10574000D4E99C23C4E9A023002384F82B3201234D
:10575000BB460493D14B1B7813B106F0B7FAF8B9E6
:105760000025637B032B00F22982DFE813F084001D
:105770009F01DD00C3013DB14FF04D13C4F8E0308F
:105780000023A4F8E430A0E74FF09613C4F8E0300B
:10579000A4F8E45099E70121B2E7CDF810A0D9E7C9
:1057A000B4F80032012BDBD9637B022BD8D094F8FC
:1057B0002A32002BD4D194F82A31002BD0D194F87E
:1057C0002B01FEF74BFE637B00F5C869012B1FFA26
:1057D00089F941D1A37CD4F8D850032B34D1D4F823
:1057E0000C322B444946D4F80C02099306F032FAE5
:1057F000D4F80852099BD4F81022C4F80802451BBB
:1058000049461846554306F025FAD4F81432C4F830
:105810001402C31A4946D4F8C8001D4406F01AFA07
:10582000B4F8EC31D4F810223B44A3EB0B039B1AE1
:10583000D4F81822013B821A02FB03550123C4F855
:10584000180284F82A328CE794F8211194F8E501C3
:105850000AF057FF4319C5E7D4F8C800494606F0D7
:10586000F9F9B4F8EC51D4F818323D44A5EB0B0526
:10587000C31A5D43E2E794F8211194F8E5010AF0B8
:1058800040FF0746D4F8D8004946384406F0E2F90C
:105890004946C4F81402D4F8C80006F0DBF90BA995
:1058A000C4F818020CA804F053FF0B9B0093D4E932
:1058B000A001DDE90C2306F09FFA814604F1A8005F
:1058C0000CF0ADF8D4F88C3294F82101D4F8D8B0AB
:1058D0000A9305F0ABF80A9BD4F81412203B5B4402
:1058E0005B1A9B1B3B44A3EB090300F523404FF4D9
:1058F0007A72A130B0FBF2F01B1A0A93B4F8DC30D4
:1059000094F821013031324603EB4101FFF74AFEA2
:10591000D4F88C220A9B9B1A2230DA2BC4F81C0282
:105920005CD840F2C741B9E6D4F8D830D4F80C02BC
:105930004946184406F08EF94946C4F81402D4F8D2
:10594000C80006F087F9C4F8180204F1A8000CF0AA
:1059500066F8D4F8D830D4F80C721F44B4F8EC319F
:10596000002B40F09F80BAF1000F00F09B8094F86C
:10597000210105F05BF8D4F81412D4F8783294F8C9
:1059800021217F1A203F1F44D4E99CBC444B53F88B
:105990002220A7EB0B074FF47A7302F2E732B2FB37
:1059A000F3F21744BF1B00F52340A130B0FBF3F026
:1059B0003F1AD4F80832D4F8102294F821010A973B
:1059C00002FB0311B4F8DC30303103EB4101324605
:1059D000FFF7E8FD0123C4F81C0263730A9BD4F8A7
:1059E00018225B1BD4F8C8500A937E3DAD1AD4F838
:1059F0001C22AD1B954228BF1546002284F8582270
:105A0000D4E9A021D21841F10001C4E99A21C4F8D7
:105A1000E85104F1E8000BF0EFFA042384F8613256
:105A2000D4E99A232844C4E9A023C4F85C02A4F86A
:105A3000888202F055FF20B1D4F85C321E33C4F8DE
:105A40005C32B4F8D831A3EB08031BB2002BD4BFEF
:105A500000220122520084F86022039A002A40F0BA
:105A6000B080BAF1000F40F0AF80637B002B00F0F4
:105A7000C880D4F8C810D4F8183204F51670C91AC2
:105A80000AF0EFFD80B2002800F0BB80189B03B144
:105A9000188001200FB0BDE8F08F00BF600E00201D
:105AA000E4870200D4F814127F1A82E7D4F81802AF
:105AB000D4F8C830B4F8EC21D4F810121B1A0BFB40
:105AC00003F30A93D4F814323A44D4F80872521A01
:105AD0003033013A07FB0133B4F8DC1000FB02332A
:105AE00001EB430194F821013246FFF75BFDC4F856
:105AF0001C0273E7D4F8C83003FB0BF30A93BAF126
:105B0000000F1CD0B4F8EC21CAB984F82B22D4F8C9
:105B10001892B4F8ECC109FB1B3E049BCDF828E0B9
:105B200073B3BCF1000F2BD1D4E99E32D4E99C01B0
:105B3000984271EB020208D340F20E51AEE594F8A0
:105B40002B22002A7FF44AAFE1E70799364A52F840
:105B50002120D4E99C01CDE904010498203B1B1AC3
:105B600002F2E7314FF47A7B02F52342B1FBFBF1FD
:105B70000B44A132B2FBFBF29B1A9B1B73440A93AA
:105B8000674409FB07F730377F00089832463946EB
:105B9000FFF708FDC4F81C02D4F8C80041F64B53C7
:105BA00098423FF61BAF0AAB0093324604F50773E9
:105BB00039460AF0C2FD84F82B020FE740F2265165
:105BC0006CE5BAF1000F1CD0B4F8000218B3B4F8B9
:105BD000021294F80422A4F8021201FB022290425D
:105BE00001F101050DDD002B0BDD002384F860328F
:105BF000A4F80252FEF7ECFE00F00700013084F832
:105C0000040204F5167104F50C7007F01BFA20B9B4
:105C100040F2765142E50146DBE7069B83F0010343
:105C200084F82832002035E7E4870200F0B5044606
:105C300085B018B9A5213020FBF7C4FA052900F278
:105C4000CB80DFE801F003C42A25C9BF90F82832D1
:105C5000C288A3B1B0F82632934208BFB0F8DC3155
:105C60009A1AA0F8DE21E380D4E99A232046C4E9F9
:105C70009C2302F087FD94F84C3005B0F0BDB0F8DD
:105C800024329B1AA0F8DE31B0F824329BB2EAE746
:105C900005B0BDE8F04004F067BD06F0A3F8D4E914
:105CA0009C23801A61EB0301012871F1000302DAE1
:105CB00040F20161BFE76FF0010383424FF0000340
:105CC0008B4102DA40F20261B5E7D4F8C8300BB17B
:105CD000B0FBF3F3E07BB4F8262247280ED0A17B7B
:105CE000463901290AD90D2808D0E1880B449BB216
:105CF000D11A0D0443D501339BB242E00132A4F81E
:105D00002622B4F88A32E588344F0133A4F88A3267
:105D1000B4F842301D44B4F84030013DED1AADB244
:105D200003AE3B685BB1B4F826120139002289B298
:105D300020469847B4F826321844A4F82602B4F84E
:105D400026126B1A18042CD4002300961A462046FB
:105D5000FFF73EFC012890D1B4F82622B4F8D81100
:105D6000BDF80C301344521A12049BB204D5EA1A3F
:105D700012F4004F18BF0B46A4F82632D1E70132C7
:105D800093B2A4F8263294F82932002BB9D1B4F892
:105D9000DC31B4F82622934204BF0133A4F8263242
:105DA000AFE7A37C0394002B14BF08233E233046A7
:105DB00084F83130FFF7DCF820460CF0B5FC002306
:105DC00063735AE705B0BDE8F040FCF7DFBF437BE3
:105DD000042BF4D0C6212EE7CB212CE7741600202B
:105DE0002DE9F8430E46044618B9D3213020FBF7BD
:105DF000E9F9052900F2A780DFE801F00376413DCB
:105E0000A52E06F03DF9C4E95001204602F0F0F855
:105E1000D4F83401CB3805F0E7FF20460CF042FA05
:105E2000054600BB014620460CF0CCF800F1E50623
:105E3000D4F83401B04209D2301A322838BF3220A7
:105E4000032106F0EDF860B105F0D2FFC4F834612B
:105E500020460CF060FA45B12046BDE8F8430CF04E
:105E60005BBA0125F2E70025F2E7D4E95023C4E943
:105E70004A23BDE8F883BDE8F84304F075BC0CF094
:105E8000E2F8042384F839318146884605F0AAFFF8
:105E900007220F46A9FB023102FB0811D4E94A523E
:105EA0005B1941EB0205D4F810213AB159EA080216
:105EB00004D0984277EB050228BF012684F83861A8
:105EC000D4E95226121A66EB070694F8581139B92C
:105ED000012A76F100010BDA204602F091F803E086
:105EE000012A76F10006F7DB002384F85031C0E781
:105EF000984277EB05010FD259EA08080CD01B1A1B
:105F000065EB07019A4276EB010005DB012B71F18D
:105F10000000A4BF1A460E460C490123914284F8A2
:105F200051314FF0000384F83031B341B8BF0A4615
:105F300004F1E80004F5987107F030F9002898D1D1
:105F400040F2B26152E7EF2150E700BF0040420F3C
:105F50002DE9F84304460E46154690F8503103F0FB
:105F6000FF07002B40F0948000F1E80839467822C2
:105F7000404608F04BFB47492246404607F05CF894
:105F8000C4F81061FF2384F8503166B1FEF738FD84
:105F900000F00700013086F804023F49324606F55A
:105FA0000C7007F049F840F202434FF00009A4F8E2
:105FB000383184F8309105F09FFE00F19E062046AE
:105FC0000CF070F9B6B20146C0B30AF03CF900F12A
:105FD000280189B2284605F03DFE2844C4F8340162
:105FE00005F000FF301841F10001C4E95001012023
:105FF00084F81401A4F826900CF064FAE53D2D1AFB
:10600000C4F818514FF0FF356FF00041D4E9502328
:10601000C4E952510025C4E94823C4E94A2384F85D
:10602000515142F2107204F59871404607F0B6F8EB
:1060300038BB40F2B9113020FBF7C4F820460BF012
:10604000C1FFDFF85890E530C4F83401B9F8020018
:1060500048B1E08C38B1FEF7D3FCB9F80230B0FBA0
:10606000F3F202FB1300064405F0BCFE361841F1C2
:106070000001C4E95061002DC4D0AD1941F1000107
:10608000C4E7294620460CF049F93846BDE8F883B4
:106090000C27FAE7E15D00002D5C0000600E002097
:1060A000F0B5002385B0CDE9003303238DF8063029
:1060B0006846FBF7ADFC88B1114E01233371002314
:1060C000CDE9023302238DF80E3002A8FBF7A0FCC5
:1060D000044638B10023337105B0F0BD00980BF0D1
:1060E000F4FCE5E7029D6B7B002BEED005F50C7709
:1060F000384605F02FFF384605F040FF6C73E4E7A3
:10610000600E0020054B002201215A7119701A718E
:1061100042F210725A80FFF7C3BF00BF600E00202A
:10612000014B5871704700BF600E002008B503F0A6
:106130003FFD044B9A6882422ABF1879002080F004
:10614000010008BD600E0020F0B5044685B090F84F
:106150004C3003F0FF05002B6AD1437B032B67D142
:1061600005F040FED4E99C23801A61EB030101286D
:1061700071F100035CDB6FF00103834275EB0101F9
:1061800004DA40F2AA513020FBF71CF8D4F8C820FA
:10619000E3880AB1B0FBF2F2013313449BB2A4F8D6
:1061A0002432B4F82422B4F8DC319B1A1BB2002B41
:1061B0003EDD04F50C7005F0CDFE002838D0FF233D
:1061C00084F82932B4F84230E5881A4E1D44B4F8F8
:1061D0004030013DED1AADB20DF10E0733686BB1E1
:1061E000B4F824120139002289B220469847B4F845
:1061F000243210FA83F39BB2A4F82432B4F8243288
:10620000EB1A1B0414D4B4F82412009700230122C3
:1062100089B22046FFF7DCF9012809D1B4F824320D
:10622000BDF80E2012FA83F39BB2A4F82432D5E70E
:1062300005B0F0BD741600202DE9F3470446062989
:1062400000F20481DFE811F007008600750083008A
:1062500089008E00FC00D0E99C01D4E99E23904285
:1062600071EB030354D294F82A32002B50D0637B95
:10627000032B4DD10BF04AFB94F821A1814609F084
:10628000E2FF064694F82B01FEF7E8F8064494F87E
:106290002B01FEF7E3F8D4E99C23D4F87872D4F804
:1062A000E85180465046BF1A04F0B8FB694A52F8DC
:1062B0002A20A5F1600302F52342A1324FF47A713E
:1062C000B2FBF1F29B1AA3EB09031B1A09F189092E
:1062D00009EB5309B6B2603B08F5C86873431FFA6F
:1062E00088F8B3FBF8F360335A08A9EB53039F42D5
:1062F00002D391444F4501D905F0EEFCD4F8C80013
:10630000314605F0A7FC0023C4F8180284F82A32AD
:10631000514B1B7903F0FF025BB90092B4F8DC111A
:1063200001232046FFF754F928B140F2CE61302016
:106330002AE00423637303F05BFF06F069FEE28842
:10634000A4F826220023A4F88A3284F8293202B065
:10635000BDE8F08703234373F9E703F031FCC4E998
:106360009E01F4E700F1A8081121B0F8AA00FBF79C
:1063700015FB002862D094F82131022B5CD005D89F
:10638000012B08D0DC21B420FAF71CFF033B012BC2
:10639000F8D81E3000E00A30858894F82101DFF833
:1063A000B890C31E012B8CBF002728270BF020FBC1
:1063B0006E30A842D4F8182234BF2B1A0023D4F828
:1063C000C85099188D4284BFAD1AED1A99F805305E
:1063D00007F1DC0798BF002523B9D4F8E8309D42C7
:1063E00028BF1D4604F1E800D4F8E8610AF004FE75
:1063F0000644022005F0E8FDAD1B25EAE57585425F
:1064000028BF05460221284605F00AFE10B105F016
:10641000EFFC2E4401233A46314640460AF0F7FE8F
:10642000D4F8E831C9F80800D4F8C800184402B01C
:10643000BDE8F04705F0D8BC1430ADE79625ACE7D1
:10644000A83002B0BDE8F0470BF0E9BA40F29C7109
:106450006DE700BFE4870200600E0020014B58800A
:10646000704700BF600E0020044B1A78012AD0B29A
:1064700003D01878831E5842584170476C0E002094
:106480000D4B33F811300239C9B2022910B598BF4B
:106490000A4C4FF47A7203F2E733B3FBF2F300F1E4
:1064A000FF3298BF34F811104FEAC21288BFF021B2
:1064B000134400FB013010BDF8870200BC860200C7
:1064C000F0B5D928054628BFD9253035BDF8146068
:1064D000ADB2FF2D06F0020728BFFF2516F001061A
:1064E000044601F5A57023D11FBB002B00F0CB8023
:1064F000911EC9B202299ABF7F4D35F8111040F69E
:1065000048010844D92C40F28380D93C951EA4B29E
:10651000EDB2F721002B00F0D680022D04F1F60435
:10652000B4FBF1F400F2CC80744B33F815306DE01D
:10653000EFB1911EC9B202299BBF714D05EB41011C
:106540004FF41471C9880144D01E012839D801F6CE
:1065500014409830002E3CD0023AD2B2022A9BBF9F
:10656000674B03EB4203C0235B8A184450E053B1EE
:10657000911EC9B202299BBF614D05EB410140F656
:1065800048018989DFE7032A06D1691D09B24FF462
:10659000C87505EB8111D6E7042A06D1691D09B239
:1065A0004FF4BF7505EB0111CDE7022A0BBF05F1D2
:1065B0000B0105F10A0109B209B20CBF8900C9003B
:1065C000C1E7022A14BF4FF4B070B4209C310844D4
:1065D000BFE7F3B1911EC9B202299ABF494D35F800
:1065E000111040F64801D92C084411D9D93C951E08
:1065F000A4B2EDB2F72163B3022D04F1F604B4FBAB
:10660000F1F45DD83E4B03EB45031B8B03FB040009
:10661000F0BDF12C214628BFF121032A06D1133108
:1066200009B24FF4C87505EB8111DCE7042A06D1E5
:10663000133109B24FF4BF7505EB0111D3E7022AFC
:106640000BBF1931183109B209B20CBF8900C9005A
:10665000C9E7022DB4FBF1F3DBB23BD82A4931F88C
:10666000151001FB0300C3EB4311C3EBC103E41A94
:10667000A3B2002BCCD00833032A9BB22DD19B01AF
:1066800003F21A4371E7032A07D105352DB24FF4FF
:10669000C87101EB8515284434E7042A06D1053575
:1066A0002DB24FF4BF7101EB0515F4E7022A0BBFC1
:1066B0000B350A352DB22DB20CBFAD00ED00EAE767
:1066C00040F69213A2E7022DB4FBF1F3DBB201D83E
:1066D0000E49C4E740F69211C3E7042A03D11B0117
:1066E00003F5467341E7022A0BBF9B00DB0003F56D
:1066F000BB7303F5CD7338E7C8860200D486020069
:10670000BC860200C8860200D4860200D48602003D
:1067100010B5294B5A6AD2F80F30C0F8CC30537DEF
:10672000117D1B0443EA0123D17C0B43C0F8D43014
:10673000B2F819306FF45061591806298DBF40F234
:10674000E241A3F550634FF47A714B4396BF4B433C
:106750000021012180F82A11C0F8C830937DF9B1D9
:1067600003EB830303EB83039B00A0F8DC30B2F858
:106770001730F1B164214B43C0F8D830B2F81B3068
:10678000A0F8D030B2F81D30A0F8D23092F8243002
:1067900003F01F025B0980F8232080F82B3110BD25
:1067A000C3EB431403EB840303EB83035B009BB253
:1067B000DBE740F2E241DEE76C0E0020032937B54B
:1067C000154618D14FF4347202EB8313417990F8D7
:1067D00044400139C9B203291BD81A4A0A44907FA0
:1067E000EA01CA3203FB0522174B9A4216D940F23E
:1067F00096712D2010E0042904D14FF4E77202EBCA
:106800000313E3E702290BBF0B330A339B00DB00C2
:10681000DCE740F24E310620FAF7D4FC1E23B2FB2F
:10682000F3F204F03F03110A41EA401143F0400340
:10683000002063F30700D2B262F30F2061F3174028
:1068400003B030BDBC860200C3BF0300074A034645
:10685000506AD3F86920C0F80320B3F86D20A0F87F
:10686000072093F868100AF0C5B800BF6C0E00202E
:10687000D0F8803073B50BB101221A604388DB0772
:1068800027D50023CDE90033134E056A02238DF886
:106890000630FF2333776846FBF7BAF8C8B9009C87
:1068A000A542F8D095F8B32094F8B30005F1B403ED
:1068B00004F1B40109F065FE0028ECD094F8AC3086
:1068C0003377D4F8AD30C6F81D30044BB4F8B1209E
:1068D0009A8002B070BD00BF6C0E0020890E0020AF
:1068E00038B5084D044600F169010623686A0022A4
:1068F0000AF05FF994F86810686ABDE838400AF059
:1069000079B800BF6C0E002007B50BF07AFF8DF848
:10691000070005480123406A06220DF107010AF02D
:1069200048F903B05DF804FB6C0E0020034B586976
:1069300010B140300AF0C4BF704700BF6C0E002099
:10694000034B986910B140300AF0BABF704700BFDE
:106950006C0E002070B504460E466588407F15F029
:106960000401134618BF04F177013246FDF7C0FC5D
:106970004107054621D4C2070BD5012384F86830AE
:10698000607FFDF719FD0368C4F869308388A4F8B7
:106990006D30AB0701D4012070BD094B586AD4F8A3
:1069A0007730012184F87610C0F80930B4F87B30D4
:1069B000A0F80D300AF027F8EDE70020ECE700BF63
:1069C0006C0E002010B50446084694F8D8306BBB16
:1069D000237884F8D930082904F1DB0216D004F1B9
:1069E000DA01FDF75BFC20B94FF477612D20FAF74F
:1069F000E9FB94F8DA3043F0020384F8DA3004F16A
:106A0000D0000B49BDE810400AF071BA094B586A32
:106A1000034613F8031BC1F3801184F8DA10D0F891
:106A20000310C4F8DB109B889380E8E710BD00BF1B
:106A3000B51C01006C0E002070B504460E461546CC
:106A4000FCF7BCFF98B9237884F8C030637CA4F8C5
:106A5000C16084F8BF500BB194F8483084F8C3305B
:106A600004F1B6000249BDE870400AF040BA70BDBA
:106A7000B71E010010B50F4904468C300AF037FAF2
:106A80000D4904F1C4000AF032FA94F89520B4F8E4
:106A900096102046FFF7D0FF084B00221A70084BD3
:106AA0001B682BB1206A21460222BDE8104018471E
:106AB00010BD00BF1F1D01009F1C01006C0E0020B7
:106AC0007C16002038B5B0F848301B4D0133C3F3B5
:106AD0000E03A0F848302B7B04462BB103F03AFD9F
:106AE00002F0BAFC00232B7300232B7094F889303A
:106AF0002BB101212046BDE838400BF048B8637C3B
:106B0000C3B1B4F848209A4214D3012120460BF0B7
:106B10003EF86388DB0748BF236A204644BFB3F8CA
:106B2000AA104322BDE838405CBF43224FF6FF71F4
:106B3000FFF782BF0021DDE76C0E002010B5FFF7E4
:106B400093FC064C28B1237B1BB103F003FD02F03C
:106B500083FCA06ABDE81040FFF7B4BF6C0E0020B4
:106B60002DE9F0410746FFF77FFC054620B940F6C6
:106B700082412D20FAF726FB214CA26A166A0EB13B
:106B800096F829611FB3616A11F8097B02F1690364
:106B9000F80992F8682009F0F4FCC0B1606A314647
:106BA00009F056FF98B1A56AFFF75EFC10B940F6F0
:106BB0005C41DEE72378E26A03F180435269013BDE
:106BC000284652F8233007F00F0198470546237BEB
:106BD0001BB103F0BFFC02F03FFC7DB1A06A0AF0DC
:106BE0008FFF30B103F066FAE36ABDE8F0419B68BD
:106BF0001847A06ABDE8F041FFF764BFBDE8F08127
:106C00006C0E0020074A0346906A03B909B9FFF7E2
:106C100059BF1378D26A03F180431269033B52F8DB
:106C2000233018476C0E00202DE9F043032985B06E
:106C30000546174607D14388980723D400242046E9
:106C400005B0BDE8F083428890F88830D107DBB208
:106C5000F4D5002BF2D14FF00108DFF8D49099F869
:106C60000C60C6B109F0D1FC0828387016D002AA11
:106C70000DF10701FDF712FB38B940F6F7612D2041
:106C8000FAF7A0FA4FF00208E7E79DF8070002A91B
:106C90000AF00CFE06463B78082B08D1D9F82410E0
:106CA00011F8030BC0F380100AF000FE0646D9F875
:106CB000241095F86F2011F8030B05F17003C0F351
:106CC000801009F05EFCD9F82410044611F8030B7B
:106CD000C0F3801009F08FFC8146FDF77FFB40B1C7
:106CE000B9F1080F1BD04846FDF704FA80F0010304
:106CF000D8B23A78082A14D01CB96C7FA21A544230
:106D000054416A8853079AD4002897D176B9EC7C0D
:106D1000444518BF002C0CBF012400248FE700203D
:106D2000E7E780F001022240D4B2EAE7344686E782
:106D30006C0E00202DE9FF4108230DF1070205210B
:106D400004468DF80730FFF76FFF054620B9002590
:106D5000284604B0BDE8F081FCF72EF9064600286D
:106D6000F5D1344F216A7A6A91F817C010460DF1B7
:106D7000080810F8033BC3F3401303EA0C03CB7578
:106D8000D2F80330C1F8AD308388A1F8B130114694
:106D9000D4F820C011F81F3BC3F380138CF8AC303B
:106DA000D2F81F000B79029060468DF80C30FFF787
:106DB000AFFC94F91220206A434601210AF0F1FF4A
:106DC000216A84F89560B1F8AA30A4F89630FF23C0
:106DD00084F8B3304FF6FF739DF80720A4F8B43061
:106DE00020460BF009F8144904F18C000AF07FF8F2
:106DF000FCF7E4FD60B9236A1049B3F8AA20A4F8AF
:106E0000CD20DB7D84F8CF3004F1C4000AF06FF8A8
:106E1000236A0022B3F8AA102046FFF70DFE084BA4
:106E20001B6800223A70002B92D0206A21469847B6
:106E30008EE700BF6C0E00201F1D01009F1C01008B
:106E40007C160020032973B5044604D0052927D0F9
:106E5000012002B070BD08230DF107028DF8073044
:106E6000FFF7E2FE0028F3D0237C23B19DF8071042
:106E70002046FFF7A7FD0F4D6B6A062204265A70C5
:106E80001E702046FFF7E2FC686A94F85C20A16D52
:106E900009F0CFFD686A2E7003F07AFA0020D8E777
:106EA000054B1B68002BF9D0984780F00100C0B259
:106EB000CFE700BF6C0E002078160020F8B504461E
:106EC0000F4619B300F1300528460BF0A1FAA0B91E
:106ED00063881A072ED528460BF0B1FA06462846D5
:106EE0000BF096FA301AC0B20BF0ECFA474A53682E
:106EF0000344284653600BF067FA28460BF069FA02
:106F000002F08EFF2179252002F07EFE3F4E94F89C
:106F10007620706A0023037043706388103B0D2B4A
:106F200064D8DFE803F05F635B0C63406363636313
:106F3000636363402046BDE8F840FFF7C3BD062306
:106F40004370202303702046FFF780FC638823F002
:106F500008039BB2152B05D094F85420216D706A5C
:106F600009F058FD706A03F013FA03232179337096
:106F7000002002F06BFF054607B9B06063881B076D
:106F800004D50BF09CFA0544C4F81C516388103BEF
:106F90000D2B36D8DFE803F038352F2F352F353558
:106FA00035353535352F0C2343700346212103F841
:106FB000091B52B1D4F87720C0F80920B4F87B201F
:106FC0009A80012109F01FFDBDE7226FC0F809205A
:106FD000B4F874209A8094F86F10F3E706230370D6
:106FE0004370B0E7022303700623F9E740F25961CA
:106FF0002D20FAF7E7F821790120BDE8F84003F0E9
:10700000DBBA40F6F541F3E7F8BD00BF6C0E002097
:1070100038B54388102B044604D1BDE8384001211F
:10702000FFF74CBF0B4D2B7B23B102F0F7F940204B
:1070300003F084FA686A03F0ABF9608810F004008A
:1070400002D1217903F0B8FA002003F011FA0123EC
:107050002B7038BD6C0E0020024B0121986AFFF79F
:107060002DBF00BF6C0E002003292DE9F34104461B
:1070700004D005297CD0FFF725FD75E008230DF12C
:1070800003028DF80330FFF7CFFD00286ED0237C7C
:1070900023B19DF803102046FFF794FCB4F802805A
:1070A000394E0123706A1F464FEA981262F3861721
:1070B0000722027000224370C270394609F09FFD1A
:1070C0002046FFF70DFC706A09F0E3FDB4F85C3070
:1070D000C0F1FE05AB42B4BFDDB2EDB2AB42C8F3C6
:1070E000801828D947F010070022706A394609F045
:1070F00086FD736AD978033D01F03F01EDB201319D
:107100002944C9B220460AF03EFE0422C0F30723F8
:107110008DF80400C0F307400DEB02018DF8053037
:107120008DF806000323706A09F043FD706A00229F
:10713000394609F064FDB8F1000F06D094F9122029
:1071400094F844106079FFF7DFFBA16D706A2A465E
:1071500009F089FDF581FF20617902F055FD0723D3
:10716000706A337003F014F9002009E0204682E7CA
:10717000064B1B68002BF7D0984780F00100C0B287
:1071800002B0BDE8F08100BF6C0E00208016002028
:1071900010B5144C237B1BB103F0DCF902F05CF951
:1071A000A06A0AF0ADFCA16A18B14B8803F018037D
:1071B00023B9BDE810400846FFF784BCFFF754F937
:1071C00020B940F686312D20F9F7FCFF2378E26ADA
:1071D00003F18043D268013BBDE8104052F82330F0
:1071E000084618476C0E00202DE9F04FB0F802A0B9
:1071F0008BB015461AF003020192064602910AF07E
:1072000002030AF004021CD01AF0010F05D043B1AA
:1072100040F286612D20F9F7D5FF002BF8D0022728
:1072200010E01FFA82F9002A00F0A9800127002D42
:1072300000F0F7804FF00009C8464FF0010B012124
:107240000DE0019F92B2002B5BD0002AEFD1002D00
:1072500000F0E780914690464FF0010B1146012463
:107260001AF0400A04D0002D00F0E9804FF0010A26
:1072700044EA410444EACB0444EA0814DFF834B297
:1072800044EA4914DBF8243044EA8A1404F07B040D
:107290000022012107205A70A14618705970002D54
:1072A00040F0F080DD700023DBF824000193C37808
:1072B000019A03F03F0343EA8713C370214609F0A4
:1072C0009EFCE007E7B202D53046FFF709FBB9079D
:1072D00010D5029BDBF82400002B00F0E28006F1C1
:1072E00077010623012209F064FC0121DBF8240068
:1072F00009F089FB0023002B00F0DE8040F66901D5
:1073000088E70AF02008002A4AD125BBB6F85420A5
:107310008AB1B8F1000F40F084803479033C012C2D
:1073200094BF002401244FF000094FF001084FF0F2
:10733000010B494694E7B8F1000F72D1FFF7F6FA56
:107340000028EAD1FFF7FCFA01460028E5D1A9465A
:10735000A846AB4683E7FFF7E9FA814610B9FFF785
:10736000EFFA8146B8F1000F62D13479033C012C69
:107370008CBF002401244FF0010B414670E70479D3
:1073800045B9A71E7C427C410127A946B846BB46A9
:10739000294665E7023C18BF01242F46C846C6E7C8
:1073A0004DBBB6F85420AAB1B8F1000F21D1347901
:1073B000033C012C94BF00240124317903390129B5
:1073C00094BF002101214FF000094FF001084FF058
:1073D000010B45E7B8F1000F0BD1FFF7A7FA002822
:1073E000E5D1FFF7ADFA83460028E0D1A946A846CB
:1073F00025E72C46E1E7FFF799FA814610B9FFF738
:107400009FFA81463179033901298CBF002101217E
:10741000B8F1000F14BF002401F001044FF0000880
:10742000D5E74FF00108A946C34629462C4617E781
:107430004FF000084FF0010B4146444610E7B6F804
:10744000540058B196F804A0AAF1030ABAF1010F4A
:1074500094BF4FF0000A4FF0010A09E7708800F06E
:1074600023000028EED10391FFF760FA039900286A
:10747000E8D1FFF765FA03990028E3D1019B002BBF
:10748000E0D1F3E6DA70FFF75BFA00283FF40BAFC8
:10749000DBF8183093F8E530002B3FF404AF0A23F3
:1074A00002E706F170010623012209F082FB96F83B
:1074B0006F101BE76C0E00203A071AD58DF81530B7
:1074C000726CBDF81430DBF82400C2F30B2262F3B7
:1074D0000B0396F84620ADF814301209C3F30723C6
:1074E00062F307138DF815300322022305A909F072
:1074F00060FBBF0640F1B380DBF81820D6F84031BE
:10750000D6F844710393002A56D09046D8F88830B4
:10751000D8F88CA00293FFF713FA80B1DBF818308B
:1075200093F8E5305BB108F140000BF063F930B936
:10753000029AD8F898309B1802934AF1000A98F8FA
:1075400010C09E4BDBF8100033F81C30039A9DF8F6
:107550001510D0F16E0E4FF47A7C03F2E733B3FBD3
:10756000FCF36CEB0C0CBEEB020E029A6CEB070703
:1075700013EB0E0347F100079B184AEB070EB3F518
:10758000161F7EF1000CD6F8347101F0BF010DDA40
:10759000B3F5703FA7EB00007EF100074FEAE07CF7
:1075A0000DDB98427CEB0E0CC0F2FE8021F0200136
:1075B0008DF81510002316E0DBF81480A6E798423A
:1075C00021F020017CEB0E0C8DF81510F2DA9DF8FD
:1075D000151011F0200F0CBF1E214FF49671B3FB54
:1075E000F1F3C3F30C03BDF8141063F30C01ADF811
:1075F0001410D8F8983040F2E241B3FBF1F3ADF843
:107600001630D8F8173098F81B1006939DF81C30E8
:1076100061F304038DF81C30FCF73EFA9DF81C3032
:1076200060F347138DF81C309DF8153023F080036C
:107630008DF81530D8F80030CDF81D3098F80430AA
:107640008DF8213098F805308DF8223098F8063002
:107650008DF82330B8F87A300133ADF82430012D9D
:1076600049D1B6F85420002A45D07188880742D401
:10767000DFF84C81D8F82400C37803F03F0BB8F84A
:107680000E30CBF1FE0CD31A0BF101076345B4BFEA
:10769000DFB287F0FF07BA4222D9CA0720D4019A85
:1076A00044F01001894609F0AAFA0BF10403F91E0F
:1076B000CFB253FA81F1C9B230460AF064FBC0F38D
:1076C00007238DF81000C0F307408DF811308DF8B6
:1076D00012000323D8F82400042204A909F069FA4F
:1076E0003A46316DD8F8240009F0BDFAB8F80E30EA
:1076F0001F44A8F80E7019F0200F5FFA89F406D025
:107700002F481223406A052205A909F052FA6306A0
:107710000CD5002D4DD106F1300034790AF09CFED5
:10772000014696F912202046FFF7EEF8FFF708F918
:10773000002836D0224CA36993F8E5308BB3606AF9
:10774000072109F055FA0923037032234370A36916
:10775000D3F8B8308370A369D3F8B8301B0AC3706C
:10776000A369B3F8BA300371A36993F8BB304371CE
:10777000A36993F8C9308371A36940F2E242D3F858
:10778000BC30B3FBF2F3C371A369D3F8C030B3FBD1
:10779000F2F30372A3697D22D3F8C430B3FBF2F392
:1077A00043720BB0BDE8F08F41F020018DF8151049
:1077B0000DE7747996F84410B3E700BFF88702002C
:1077C0006C0E0020F7B504460A4619B990F87610F9
:1077D000FFF70AFD134D6B6ADA78910620D01A790B
:1077E000D2061DD504F130005F7826790AF010FE2C
:1077F000421C3B46D2B231462046FEF7DFFF042250
:10780000C0F307238DF80400C0F307408DF805305E
:107810008DF806000323686A0DEB020109F0C9F92F
:1078200003B0F0BD6C0E00202DE9F743044690F83C
:107830004400724D0F4602F0F3FA6179FF2002F026
:10784000E3F9002F46D16B6A94F804805E7804F166
:1078500030000AF0F4FDB8F1030F2BD14FF434736C
:1078600003EB8616A968638801EBC011CA3106FBD9
:1078700000111E0748BF6B68296144BFC918296100
:107880006279002002F0C0FB6388980729D057BBBB
:107890006179012002F090FE94F8761001222046D2
:1078A000FFF7A2FC686A02F073FD06232B7003B099
:1078B000BDE8F083B8F1040F04D14FF4E77303EB94
:1078C0000616CFE7B8F1020F0BBF0B360A36B6002B
:1078D000F600C7E762794FF4A571002002F0A8FB1B
:1078E000D2E7002FD8D0C3F3400787F00107686ABA
:1078F000C3F38012FF00990747EA82174FF007038E
:1079000047BFD4F85880B4F85C90D4F85080B4F8ED
:1079100054900370002207F048070123C27043709F
:10792000394609F06CF93A0717D5626CBDF8043096
:10793000686AC2F30B2262F30B0394F84620ADF899
:1079400004301209C3F3072362F307138DF80530DF
:107950000322022301A909F02CF9686A09F099F9B8
:10796000EB89C0F1FE06A9EB0302B242B4BFD6B266
:10797000F6B2334499452DDD002247F01001686AC4
:1079800009F03DF9686A09F084F9EB89C0F1FE0657
:10799000A9EB0303B342B8BFDEB26B6AD97801F03A
:1079A0003F01A8BFF6B201313144C9B220460AF006
:1079B000EAF90422C0F307238DF80400C0F307405E
:1079C0008DF805308DF806000323686A0DEB02017F
:1079D00009F0EFF863885B0606D594F9122094F855
:1079E00044106079FEF790FFE989686A32464144A5
:1079F00009F039F9EB891E44EE8153E76C0E002043
:107A000010B5084CB0F85C30E2899A4205D00121EB
:107A1000FFF70AFF0723237010BDBDE81040FFF7F2
:107A200051B800BF6C0E002038B543881E4D13F0CE
:107A3000020F04460FD1DB070DD4EA89B0F85430A9
:107A40009A4203D1BDE83840FFF73CB8BDE8384062
:107A50000121FFF7E9BE0020617902F0ADFD6388E6
:107A6000617913F0020F0CBF22200C2002F0CCF839
:107A700002232B702B7B4BB101F0D0FC6379033BCD
:107A8000012B94BF4520402002F058FD6379033B51
:107A9000012B94BF2820002002F0EAFC686ABDE8B0
:107AA000384002F075BC00BF6C0E00202DE9F84391
:107AB0002F4E00F1300704460123384673730AF055
:107AC000A7FCE8B96388DA0615D4727B9AB1B4F8DA
:107AD000542003F02303134305D020460021BDE8C2
:107AE000F843FFF7A1BEFEF721FF0028F5D1FEF70E
:107AF00027FF0028F1D12046BDE8F843FEF7E2BF9A
:107B000038460AF085FC28B963881B07F3D5384648
:107B10000AF05AFC38460AF05CFC02F081F921793F
:107B2000252002F071F801212046FFF74BFE736A11
:107B3000D6F8088093F8019038460AF080FC054694
:107B400038460AF065FC691E091A4A46C9B220790E
:107B50000AF09FFC227908EB0001002002F054FAA1
:107B6000706A02F015FC05233370BDE8F88300BF8E
:107B70006C0E002010B50648037803F0FF042BB903
:107B80002422214606F042FD204610BD0C24FBE7CE
:107B90006C0E002010B50A4C00232370FBF700FF89
:107BA0006062FFF7E7FF20B14FF442712D20F9F733
:107BB00009FBE36A13B940F20B31F7E710BD00BFD0
:107BC0006C0E0020014B024ADA6270476C0E0020F6
:107BD00080800000044B054A1A60054B054A1A6074
:107BE000054B064A1A60704778160020356D000074
:107BF0007C1600204F1B010080160020C57C000071
:107C00002DE9F041067DB31EDBB2012B06F0FD0627
:107C10008CBF4FF000084FF00108371E18BF012736
:107C2000012B04461AD800F1700190F86F0008F09B
:107C3000E2FC054663889B0617D4082D10D186B355
:107C4000FBF7BCFEB8BBE37E93B3D4F81530C4F8A1
:107C50006930B4F81930A4F86D3006E00825E9E77A
:107C60002846FCF753FA0028E9D1657784F81C8090
:107C700084F86870FCF70CFB054604F0B3F8104B71
:107C80000022E5FB0301C4E9180184F876201146BF
:107C90002046FEF75FFE60B940F2A3412D20F9F7C0
:107CA00091FA04F169013046FCF7BCF80028DCD1F8
:107CB0000020BDE8F08104F169010120F4E700BF74
:107CC00040420F002DE9F04385B008230DF1070273
:107CD000052104468DF80730FEF7A6FF002879D06D
:107CE000FBF76AF9002875D13C4D206AFEF710FDBC
:107CF0006B6A02AFD3F81F0093F8232002903A7109
:107D0000226AD3F80310C2F8AD10B3F80710A2F836
:107D1000B1101B78206AC3F3801380F8AC30304B6D
:107D20001B6813B1012221469847D4F82080686A65
:107D300098F8AC900E234370C378082603F03F03F5
:107D4000C37000224FF00301067008F058FF204670
:107D5000FEF7C6FD686A494608F055FE0623012273
:107D600008F1AD01686A08F024FF6179FF2001F095
:107D70004BFF686A02F00CFBD4F820802046414695
:107D80000AF0A7FA94F9122001463B4640460AF051
:107D900008F8216A9DF80720002384F89530B1F88F
:107DA000AA30A4F89630FF2384F8B3304FF6FF735F
:107DB000A4F8B43020460AF01FF8236A2E70B3F8F6
:107DC000AA20A4F8CD20DB7D84F8CF30012005B0B7
:107DD000BDE8F0832046FEF775FEF7E76C0E002045
:107DE0007C1600202DE9FF41564F3A78044602F0F8
:107DF000FF0312B90278FF2A04D140F6DD112D20CD
:107E0000F9F7E0F97B60FB817B7380F889304E4B9A
:107E100000934E4B01934E4B0293FB6A68465B689E
:107E2000039302F09FFA01F099FF02F093FB01F037
:107E300013FB484801F0EAFF04F13005464802F020
:107E40008BFA28460AF0C0FA28460AF0C2FA01F076
:107E5000E7FF2179252001F0D7FE94F9120001F007
:107E6000CFFF04F15001E06C07F083F904F15801F1
:107E70000646E06C07F0A4F98046002E3AD094F84C
:107E80002430BBB3B4F94850ED43ED0F237F13B951
:107E900063885B0709D5D4E918126FF000439A4252
:107EA00008BFB1F1FF3F2FD1ADBB94F88B301BB9A8
:107EB00046EA0806F6B2AEB1638813F0100511D198
:107EC000606CC0F30B200AF00FFA94F8463084F887
:107ED000450023F00F03C0F30320034384F846302A
:107EE00084F88B50786A0330FCF7F0F9387304B0EB
:107EF000BDE8F081B8F1000F04D094F82550002DB2
:107F0000C0D1C3E74546C1E703F06CFFD4E91823AD
:107F100090429941C8D3012229462046FEF71AFD16
:107F200050B1FCF7B5F9054603F05CFF0B4BE5FBE0
:107F30000301C4E91801B8E7002DB6D040F61C21B2
:107F40005DE700BF6C0E002091710000616B0000C6
:107F5000056C0000D6BE898E5555550040420F0075
:107F600073B50446FFF73EFF042120781F4DF9F753
:107F700015FD686120780621F9F710FD6B69A8618D
:107F80002BB120B140F655212D20F9F71BF92046E1
:107F900009F0EBFE668816F0100618D00021204686
:107FA000FEF78CFF94F88A305BB16846FCF7BAFAAA
:107FB00038B1694604F1360008F07AFC002384F8F1
:107FC0008A30204602B0BDE87040FEF751BC314611
:107FD0002046FFF7F7FB686A02F0DAF921793046AC
:107FE00001F034FF0523A8602B70DBE76C0E002046
:107FF000024B9862DB6A1B68184700BF6C0E0020BA
:1080000043881A0710B5044612D5036A11493C2269
:1080100080F89520B3F8AA30A0F89630FF2380F8B6
:10802000B3304FF6FF73A0F8B4308C3008F05FFF28
:108030006388DB0743BF236A3C22B3F8AA103C22C3
:1080400058BF4FF6FF712046FEF7F6FCFF2384F879
:10805000893010BD1F1D0100FD1E01000B1F010016
:1080600011700000031F0100AD7A0000297A0000A2
:10807000017A0000756A0000456E0000697000001A
:10808000617F00003D6B0000071F01005880000069
:1080900060800000788000000138022808B503D90C
:1080A000C4212F20F9F78EF813290A4B05D811297E
:1080B0000CD8102907D0D221F3E71529FBD103EB07
:1080C0004003D88801E033F8100008BD03EB4003FB
:1080D0009889FAE7DE8602002C4A38B59488034670
:1080E0001C43402B1068948004D10421BDE8384023
:1080F000FEF7A2B8802B01D10521F7E703F00304B6
:10810000032C04D140F6A4313120F9F75BF8DD07E8
:1081100006D50C6891602478062C1AD00B2C22D03E
:108120009C0711D50C6821781173072929D00B29D8
:1081300022D0052908D1C17B182905D100240025AA
:10814000C0E91E45012101759B0644BF08235373F6
:1081500038BDC47B1C2CE3D100240025C0E91C459C
:108160000124C474DCE7C47B122C01BF0024C47456
:10817000012480F85240D3E7C17B1129E4D10021CA
:10818000E1E7617880F8A010DEE700BF9C0E0020D8
:108190000C4A517B034689B910683BB9B0F81011FD
:1081A000B0F8F420914209D8FDF7C0BF93881B07AF
:1081B00006D5007C083818BF0120704700207047A2
:1081C000012070479C0E002073B5044600680368C8
:1081D00013F0300F0D4649D1B1F805101A2904D912
:1081E000B5F80730B3F5A47F06D22978204602B04F
:1081F000BDE8704009F089B8B5F801201A2AF4D911
:10820000B5F80360B6F5A47FEFD30096E83008F028
:1082100028FF174B9A8892070DD51B7B142B0AD188
:108220002268136843F010031360204609F02BF80E
:10823000002002B070BD23689A7B212AF0D093F809
:108240002F31002BECD1236893F82E31002BE7D18E
:1082500023681A68B3F8AA0042F020021A6003F1FA
:10826000E80103F5B172FCF793FBDEE70120E0E7DC
:108270009C0E00202DE9F843854D06462C68002809
:1082800040F0C480AB88190746D594F89E302A2B5D
:1082900016D00CD81C2B13D0222B18D094F89E305B
:1082A000FE2B20D140F2FB513120F8F78BFF3C2B05
:1082B000F4D1784B1B68002BF0D028469847EDE7A7
:1082C000002384F84131724808F0D5FFE6E784F8CE
:1082D0004201714B1B68002BF5D004F5A17104F12C
:1082E000A4009847EFE7FE2384F89E30E37B1E2B23
:1082F00006D10027664884F8517008F0D6FFE7736E
:10830000A37B242B2AD0372B30D0237C082B02BF11
:108310000223AB7384F89E30AB88DA074FD5D5F8CB
:108320000080A96898F80F30D1F80090113B0F2B0E
:1083300099F800700BD8BB1EDBB2092B00F2A680A7
:1083400040F2333222FA03F3DB0740F19F800979D0
:108350003846FCF717F988B9394680E0E37B243BBF
:10836000072B94BF2B232523A373CEE7012384F887
:10837000C5320023A37384F84A30C6E7012F01D920
:10838000162F4ED198F80E0008F0AFFF40B198F8C4
:108390000E30242B04D0252B34D12B2388F80E301B
:1083A0003846FCF781FD0346002849D1FF2FD3D181
:1083B0002B69002B51D02B68012283F8C622AB8891
:1083C000580704D5227C072A04BF0122AA73990703
:1083D0004CD5287B2B6801220D2883F89F2042D0A2
:1083E00011284CD007284CD0FCF768FD0346002824
:1083F0003AD12A7BFF2A46D12A683721917382F825
:10840000C40233E0162F14BF022620266B7B1B0705
:1084100004D5E37B113B0F2B98BF08263046BDE8FF
:10842000F883112F15D005D8072F14D00D2FB7D1F1
:108430001A4B05E0142FB3D1194B1B68002B8BD0BE
:10844000AA6813481279494698470028B7D00646CB
:10845000DCE7144BF4E7144BF2E799F800100C48F2
:1084600008F053FFF1E7114B09489847AB88DA064B
:10847000CCD5E37B0A2BC9D10B23E373C6E70C4BA6
:10848000F2E70C4BF0E740F2EE510DE70826BDE7AE
:108490009C0E0020CC160020A81600206D2601009E
:1084A00088160020B9260100C5850000CD240100F2
:1084B0001925010087250100002908BF1F21262852
:1084C00070B50346144639D81C2806D8A0F10E030F
:1084D000DBB2092B1CD9002070BDA0F11D02092AB6
:1084E000F9D801A050F822F079850000D784000067
:1084F000D784000089850000D7840000D78400005D
:108500006385000063850000638500009785000097
:1085100001259D4040F25126354015D1082BDAD176
:108520001668B37B252B14D12046FBF737FB86F862
:1085300038510023B37386F84A30CCE73B2832D059
:108540003E28C8D1194B27E0BDE8704000210AF051
:1085500041B82B2BBFD1F37B243B072BE9D92A2130
:10856000E2E7134A1568002DB5D00A4620461946A1
:108570002B46BDE8704018470E4B1B68002BAAD055
:108580000A461D212046F4E70B4B1B68002BA2D0A6
:108590000A462021F6E7094B1B68002B9BD020469A
:1085A000BDE870401847064BF6E700BFB81600203C
:1085B0008C16002098160020A0160020AC16002073
:1085C000D416002070B54B780268262B04465CD088
:1085D0001DD81D2B957B54D00FD8A3F10E02D2B21B
:1085E000092A08D8012101FA02F640F25120064278
:1085F00020D1082A24D0002070BD232BFBD12D2DA3
:10860000F9D1254B1B68002BF5D09847F3E73E2B9B
:108610003DD005D82B2B3CD03B2BECD11F4BF1E7A9
:10862000FF2BE8D11E4B1B69002BE4D0012382F8FD
:10863000C632E0E722461846BDE8704009F0CABFDE
:10864000252D01D02B2DD6D1204608F014FE23680D
:10865000DA7B262ACFD093F8632022F0010283F838
:108660006320226892F8633023F0080382F86330B5
:108670001A212046FBF792FA2368002283F838215A
:10868000B9E7362DB7D1074BBCE7074BBAE7074B25
:10869000B8E7074BB6E700BF90160020D8160020B9
:1086A0009C0E00209C160020B0160020BC16002056
:1086B000C41600202DE9F34790F8D28290F8D362D7
:1086C00004460D46B8F1000F3BD190F82071002E02
:1086D00039D194F821A184F8207184F821A1FF23D5
:1086E00084F822311A4B1B6804F1A80913B13946EA
:1086F00048469847174B1B6823B101943A465146A8
:1087000001A8984794F83831012B02D058EA0606A0
:1087100003D0237B43F001032373484608F0C0FCD9
:1087200018B1237B43F00203237306212046FDF793
:1087300083FD002384F838313DB1A37302B0BDE856
:10874000F0874746C3E7B246C5E7E573F6E700BFE3
:1087500094160020C8160020024B0020C3E9040034
:10876000704700BF9C0E002008B5054B0022C3E9EE
:108770000422FCF777F9BDE80840FCF75FBC00BFB6
:108780009C0E002073B5514D002604462860AE8033
:108790006E73AE73FF2380F84C30B0F8DA31002BE3
:1087A00000F0828090F89E30FE2B7DD190F82C3125
:1087B000002B79D0037C073B012B75D990F82D3124
:1087C000A0F8446080F8A0300221012209F08BFE5D
:1087D00084F8E26102212846FCF7D0F9B4F8DE11F2
:1087E000B4F8E021B4F8DE30013989B2B1FBF3F31B
:1087F0001344A4F8E031B4F840300B44A4F84030FE
:10880000204609F09EFE10B1636B0B446363B4F81D
:10881000DA31012B9CBF0133A4F8DA31002609B10B
:1088200084F8E661E37B84F8E2610A3B012B0FD810
:10883000E388B4F8D0229B1A190409D404F2D22197
:1088400004F1170008F034F8E673FF2384F84B3086
:10885000B4F8DE2104F1A801204608F06FF8E37BAC
:108860001B491C4A113B0F2B8CBF00230123009393
:108870002868194BFAF734F9696911B1287E01F0BB
:108880003FFE2C68237BDA0703D510480021FBF755
:1088900085F9237B9B0703D504F25910FCF772F886
:1088A0000023237302B070BD94F89E10FE2901D0FE
:1088B000064891E7094B1E68002E8FD003F0E0FBBD
:1088C00002460B460148B04788E700BF9C0E0020D7
:1088D000D980000091810000F1880000DC160020A2
:1088E000024B1869003818BF012070479C0E002009
:1088F0002DE9F04FDFF8E4810F46B8F80410D8F8FE
:1089000000408D0556BFB4F840200023013287B0E7
:10891000814646BFA4F8403084F8E631A4F84020F0
:10892000204609F00EFE38B10B4604F5A87204F19A
:10893000A8012046FCF7F0FCB8F8043003F4C0634B
:1089400033B1A37C002B00F0A080032B00F0A380A8
:10895000A27CB8F80430012A03D1180544BF0222D2
:10896000A274B9F1000F40F04E8159065DBFB4F812
:108970000022013292B24A46A4F8002203F00A0211
:108980000A2A0FD198F80C20022A0BD123F00803F1
:108990003846A8F80430FFF76DFC08233843C7B207
:1089A000A8F804303846FFF765FCD8F81030384393
:1089B000C7B2002B50D01422002101A805F026FEDA
:1089C00094F8210102F032F8054694F8210102F0F2
:1089D00025F805F5FA754FF47A73B5FBF3F5B4F89D
:1089E000AA30ADF804300544E38894F82911D4F88E
:1089F000C800ADF80830ADF80A5007F0B3FE94F89F
:108A0000C632ADF8060033B1D8F808301A689B8832
:108A100004928DF814309DF80C3094F8C52262F35E
:108A200000038DF80C3001A8D8F810309847049A4C
:108A3000002384F8C63284F8C5326AB194F8C4328F
:108A400053B9A37B372B07D09DF8143023B111788D
:108A5000FF2924D11B2B29D9D8F8006096F89E3025
:108A6000FE2B4BD1002F49D1337C073B012B45D93D
:108A700096F82C3113B396F82D31A6F8447086F889
:108A8000A030012202213046EFE10121A1742046ED
:108A9000FDF7D2FB5CE70223A3740121F7E7072966
:108AA000DAD1022BD8D15178FF29D5D1012184F810
:108AB000C412C4F8C82284F8C732CDE796F80FA0D4
:108AC000AAF1100A5FFA8AFABAF1100F40F2578140
:108AD0003368DA0704D53A460921D4E79C0E002012
:108AE0009D0740F1EE803A460C21304609F0FBFC30
:108AF00096F8533043F0010386F85330B4F8E03170
:108B000094F8E3510133A4F8E031002D00F0F8822D
:108B1000FAF754F910B10023A4F8E031B4F8AA0030
:108B200009F092FEA37CB4F8DE60012B824640F28D
:108B30002683237C082B40F0FB82B4F84030022BC4
:108B400040F21D83B4F842500135ADB2E388DFF83E
:108B5000A8B22B44A4F8D831DBF80030002B00F089
:108B60001283012E40F20F83FAF718F9DBF8003078
:108B7000E18802462046984700F1010B1FFA8BFB63
:108B800094F8E431002B3AD1012D38D9E37B0BB1B5
:108B90000B2B34D1A37B93BB237C83BBA37C022B05
:108BA0002DD194F8E63153BBD4F8C00006F01FF97C
:108BB00028B394F89E30FE2B21D1B4F8DA31012B82
:108BC0001DD9B4F8E021B4F8D0309A4217D2BAF1E6
:108BD000000F02D0BAF80E1089B99B1A9BB2013D62
:108BE000ADB2B5FBF6F59D4228BF1D4616FB05B696
:108BF000003D18BF01251FFA86FB84F8E251E38887
:108C00009B44A4F8DCB1B8F80430D8F800505E06F4
:108C10005FBFB5F8EC31B5F8DE219B189BB248BFB9
:108C20000023A5F8EC3195F82C311BB92B7C073BC0
:108C3000012B06D8B5F84430B5F8DE211344A5F869
:108C4000443095F84A1031B1B5F84630B5F8DE2118
:108C50001344A5F8463095F95020002AC1BFB5F855
:108C60004E30B5F8DE011B18A5F84E3095F83130BE
:108C70006BB9B9F1000F40F0DA8298F80E30022B90
:108C800040F0848295F8A030062B18BF162395F883
:108C9000302022B9594885F83130FCF769F9284667
:108CA00009F042FD564B1B681BB1564A204611681D
:108CB0009847002384F84C3007B0BDE8F04FFBF72D
:108CC00083B8580702D53A461321DCE6190706D5C2
:108CD00096F8983086F8A0303A460721D3E61A066F
:108CE00002D500221B21CEE613F0300238D096F8D0
:108CF0002F31002B60D196F82E31C3B1F37B292B95
:108D000006F1A80006F5977106F2D22226D0B37BB1
:108D1000A3F129056B426B4108F077F9336823F022
:108D2000200343F010033360002386F82E313368AC
:108D3000DA0641D506F1A80008F0B2F918B106F23A
:108D40005910FBF71FFEB6F80A31A6F8A030B6F8A6
:108D50000E31A6F8A2300022152194E60123DBE7AC
:108D600013F0400101D024218DE613F4807202D06B
:108D70000A461E2187E6DB041ED52C2183E6D8F89F
:108D80000050EB7B182B3FD011D8112B26D0162B7F
:108D900028D0B37B002B7BD1F37B103B102B7FD9EA
:108DA00096F83E30002B7BD0012212216BE6202B5F
:108DB000EFD13A46062113E0D8F80000C37B352BEB
:108DC00051D006D8262B53D02F2BE2D100222021C0
:108DD0004BE04E2BDDD100223C2146E03A460B21F0
:108DE000284642E02846FCF737F900283FF486AED3
:108DF00000220421F4E700BFB41600209C0E0020DE
:108E0000A41600203800002095F8C032012B07D1AD
:108E10003A460521284609F066FB85F8C0726DE6E2
:108E200095F8C032022BD9B27FF468AE95F8523073
:108E300053B1062385F8A0303A46284609F053FB83
:108E4000002385F8C032EAE7D8F8003040F2063255
:108E5000A3F89A2095F8623013F0040F3A460CBF3D
:108E60000D211121E9E70022112109F03CFB45E623
:108E700090F83831022B02D100221721F5E790F843
:108E80003831012B85D190F83931002BF4D080E7AF
:108E9000092B05D196F8993086F8A03001221CE7FD
:108EA000BAF1100F7FF62AAED8F8005095F80EA050
:108EB000BAF1000F40F0B98095F83F313BB1012283
:108EC0000E21284609F00FFB85F83FA1A7E795F88A
:108ED0003E3183B195F853A01AF0030B0BD1012258
:108EE0000C2128464AF0010A09F0FDFA85F853A042
:108EF00085F83EB193E795F8403173B195F8693044
:108F0000DB0902D001222B216AE7A64B1B68002B4C
:108F100000F08B80A448984787E095F82E312BB35A
:108F200095F82F3113BBEB7B292B05F1A80005F534
:108F3000977105F2D22217D0AB7BA3F129067342B9
:108F4000734108F062F8002385F82E3101221421C4
:108F5000284609F0C8FAB5F80A31A5F8A030B5F8E6
:108F60000E31A5F8A230C9E50123EAE795F83831BA
:108F7000012B6ED195F83931002B6AD1E87BA0F135
:108F80002403072B65D995F820114B1EDBB2032B68
:108F900009D895F82121DFF814C2013AD2B2032A88
:108FA0001CF803E004D94FF43F710620F8F70AF9E2
:108FB000BEF1020F95F83A3114D0BEF1030F13D071
:108FC000BEF1010F04D1012B14BF002301236BB9A3
:108FD000A0F14703012B28D90A38042825D90122FA
:108FE0001621FDE6022BEFE7042BF1D11CF802203D
:108FF00095F83B31022A24D0032A24D0012AE7D154
:10900000012B14BF00230123002BE1D0EB88B5F81E
:109010003C0105F5347207F029FA8246B0B90146E1
:109020006148FAF7BBFD85F838A1B37B002B7FF4CC
:1090300065AD96F8C432002B3FF460AD0122FF21EC
:1090400021E5022BDDE7042BE0D0C1E72C23AB7335
:1090500054E595F8423113B101222221C0E695F87A
:10906000413143B1524B50481B689847FE28014696
:10907000DBD00122B4E695F84A3113B101221D215B
:10908000AEE695F84B3113B101222621A8E695F8FA
:10909000CC3213B101223E21A2E695F84C319BB1AE
:1090A000D8F800301021B3F8AA00F8F777FC03696C
:1090B0009B0706D53F4B3C481B68984701223B2144
:1090C0008EE63D4B1B6825E795F84E314BB195F880
:1090D000393133B9EB7B243B072B02D90122232101
:1090E0007EE695F84D31012B05D1002385F84D31F1
:1090F0000122252174E695F84D31022B95D1F4E734
:10910000F9F746FE08B1A4F8E051F9F75FFE002830
:109110003FF404AD94F8E6310133DBB2022B84F85E
:10912000E63182BF0023A4F8E03184F8E631F5E4AB
:1091300094F83E3013B1A37B0F2B20D1B4F84250EA
:10914000B4F840300135ED1A2046B100A5EB860594
:1091500009F0F7F9A8B1A36B626B01339B1A5B1A94
:109160009D42A8BF1D46BAF1000F05D0BAF80E30D7
:10917000043B9D42B8BF1D46012D3FF7E6AC0125DB
:10918000E4E42B46ECE74FF0010BF9E4012B15D199
:109190006B7C002B7FF47BAD00212846FDF74CF85B
:1091A00080E500BFC41600209C0E0020F08602005F
:1091B00084160020D0160020D81600205FB1F806D3
:1091C00033D4390733D4BA0633D4BB0733D14FF481
:1091D00031613120EAE639B1B5F84610B5F84830CA
:1091E000994201D3222352E5002A05DDB5F84E202D
:1091F000B5F848309A42F5D2B5F84420B5F8423077
:109200009A4209D2AA7CB5F8403052B1B5F8422052
:109210009A42C1D808233AE595F82C31002BE1D1C8
:10922000F0E7052BB8D93E2331E51E232FE53D237A
:109230002DE523232BE52A2329E500BF73B504463A
:109240000190D4F8C830D0F8D802984214D1D4F89C
:10925000DC62D4F8D030F61A18BF012694F8E43254
:10926000002B3FD0B4F8AA0009F0EEFA30B940F66E
:1092700068513120F7F7A6FF0126EFE7B4F8E022A6
:10928000B4F8DE309A421AD1B4F8E23282899B1ADD
:1092900018BF0123A57B472D15D0E27B472A10D0AC
:1092A0000025B4F8DE22D4F8D81201A8FBF7E4F8C0
:1092B00095B30023A3730323A37402B070BD0123ED
:1092C000E8E73343ECD0154B1B6813B940F67351F4
:1092D000CFE7A5F1470255424FF0000101A85541E3
:1092E0009847DEE7002EDBD0B4F8AA3094F82911B5
:1092F000A4F8A13107F036FAB4F8DC32A4F8A531AD
:10930000B4F8DE32A4F8A3010549A4F8A73104F2A9
:10931000971007F0F5FDC3E7E573CCE7C016002012
:109320008914010008B5FBF7FDFB024B024A1A60E5
:1093300008BD00BF88160020C9810000014B58708D
:10934000704700BFB80E0020014B1874704700BF73
:10935000480F0020074B93F900301844142804DC10
:1093600010F17F0F03DB40B27047142070476FF09D
:109370007E007047B60F002007B57F230DF1070070
:109380008DF8073001F0F4F803469DF9070053B15A
:10939000094B5B785B4240FA83F0142806DC10F13D
:1093A0007F0F05DB40B203B05DF804FB1420FAE741
:1093B0006FF07E00F7E700BFB60F0020024B0022DF
:1093C0001A705A70704700BFB60F0020014B18701A
:1093D000704700BFB80F0020034B00214FF48052AC
:1093E0001970A3F801207047BC0F002070B5064625
:1093F000022014460D4600F0C3F8064B01221A70F5
:10940000054B033CC3F81045C3F80865C3F8045581
:1094100070BD00BFBC0F002000F0004008B5022066
:1094200000F0AEF809480A4B0A494FF0010C80F8E9
:1094300000C000224FF40000C3F80021C3F804214B
:10944000C3F80821C1F8040508BD00BFBC0F002007
:1094500000F0004000F00140114B1A786AB1114A47
:1094600011494FF40000C2F80805D1F800213AB9BB
:109470001021002099705A701870002000F080B8F8
:10948000D1F80421002AF3D0D1F8082122B9D1F86B
:1094900000140122C9B2ECE710210022E9E700BF65
:1094A000BC0F002000F0014000F0004008B5114B57
:1094B0001A7892B1104AC823D2F8001141B1D2F8FB
:1094C000040120B1D2F80801B0FA80F0400908BDCB
:1094D000013B13F0FF03EFD102E05878022804D1DA
:1094E0000620FBF71FFA002008BD431E58425841D2
:1094F00008BD00BFBC0F002000F000400A4B1A78E6
:109500007AB10A4BD3F800214AB1D3F8042132B121
:10951000D3F808211AB9D3F80004C0B2704710205C
:1095200070479878704700BFBC0F002000F00040E3
:1095300008B50A4BD3F80025032A04BF01229A601C
:109540000022C3F80025C3F8002501F047FC044BB6
:109550004FF40002C3F8082508BD00BF00F000402A
:1095600000F00140054B4FF40042C3F88020BFF3E8
:109570004F8FBFF36F8FFFF7DBBF00BF00E100E04D
:1095800010B50446FFF7D4FF012C06D0022C0CD0F6
:1095900054B18C213D20F7F715FE0B4B0222C3F886
:1095A00000250A4AC3F8142510BD074B0322C3F84F
:1095B0000025064AC3F8142503F580334FF4000252
:1095C000C3F80425F0E700BF00F00040BF0F002003
:1095D0004FF08053D3F8A00000F00100704700BFA7
:1095E0004FF08053D3F8A420D3F8A830511C9BB27D
:1095F00003D14FF6FF718B4203D0026083800120BC
:1096000070470020704700BF4FF0805330B4D3F84C
:109610009050D3F89440D3F89810D3F89C2005EAE2
:1096200004030B401340013302D1002030BC7047CB
:10963000056044608160C26030BC0120704700BF9B
:109640004FF0805330B4D3F88050D3F88440D3F82F
:109650008810D3F88C2005EA04030B401340013333
:1096600002D1002030BC7047056044608160C26058
:1096700030BC0120704700BFEFF3108272B60F4B71
:1096800093F8451011B9BAB962B670475B78012BEF
:109690000FD0022BF7D18307F5D40948094B10B43A
:1096A00001210024C0F84045196102B962B610BC1E
:1096B00070474107E7D4F0E7704700BFD0100020A3
:1096C000008000400010004010B504463948631E79
:1096D0000472072B68D8DFE803F0494E5358675DE2
:1096E0006204354B0F22C3F810258389B3F5166F3A
:1096F0003ABFA3F6381343F48072A3F516622E4BDB
:1097000001F07F01C3F808250022C3F85415C3F8FF
:109710001C21D3F80022082C42F488724FF0FF017C
:1097200080F82F10C3F800220ABF40F2022140F255
:109730000311224AC3F8341518BF40F25B62C3F824
:1097400038251F48214601F063FC204601F000FA4D
:109750001C4B1B68062B08D0013306D0164AD2F8E2
:10976000683543F4C023C2F8683510BD124B03229C
:10977000C3F81025B9E7104B0422C3F81025B4E74D
:109780000D4B0522C3F81025AFE70B4B0622C3F89B
:109790001025AAE7084B0022C3F81025A5E7064BC1
:1097A0000122C3F81025A0E740F645513E20F7F707
:1097B00009FD00BFD0100020001000402110010062
:1097C000FD1000206013002030B5364C431E83B0DE
:1097D0002072072B5CD8DFE803F03D42474C5B5119
:1097E0005604314B0F22C3F81025A3892E4DB3F533
:1097F000166F3ABFA3F6381343F48073A3F51663CC
:10980000C5F8083501F07F03C5F8543594F90920EF
:1098100001AB01F031FD9DF8050001F0F5FD0028D8
:109820003BD19DF904001F4901F008F9237A1D4836
:10983000082B07BF1D4B40F2022240F2031240F2F8
:109840005B63C5F83425C5F8383503B0BDE8304052
:1098500001F084BB144B0322C3F81025C5E7124B5B
:109860000422C3F81025C0E70F4B0522C3F81025CA
:10987000BBE70D4B0622C3F81025B6E70A4B0022C2
:10988000C3F81025B1E7084B0122C3F81025ACE757
:1098900040F645513E20F7F795FC40F2E3513E205B
:1098A000F7F790FCD01000200010004021100100BC
:1098B0002DE9F043061E83B014BF022004200023CC
:1098C0000F4690468DF804008DF8063002F0DAFB62
:1098D00001284FF0FF3088BF00208DF8050001A857
:1098E00004F080FF002840F0E0807A4D012385F8E5
:1098F000453002F087FA04460028FAD0764B4FF440
:109900000022C3F80825002E41D195F82A304FF0E7
:10991000010985F80190002B54D095F82C30002BCC
:109920005BD16E4B6E4A33F818106E4B01F5FA712D
:10993000A3FB0131684BA7EB9111C3F8AC252B6A4F
:10994000694A6A4F95F82B0043F400232B622B6978
:109950001944614BC2F84015C3F8A875012785F872
:109960002A704FF40027C3F80475002854D095F8E6
:109970002C00002843D05E48C3F8AC05D2F8403133
:10998000002B49D00024204603B0BDE8F083012E0F
:1099900040F0908095F82A3002226A70002B6AD03D
:1099A00095F82C3023B34E4B0022C3F81C21D3F87A
:1099B000002242F48872C3F80022FF23394685F85A
:1099C0002F30BCE7A97A4046FFF7FEFE95F82C3011
:1099D000002BA6D0424BC3F80090464B33F818102A
:1099E000404B01F5FA71A3FB0131A7EB9111A6E7FA
:1099F000394B414AC3F8AC25A7F129019FE7384B01
:109A0000D3F8002242F00102C3F80022D3F8503507
:109A100003F0F603022BB5D0334B0122DA64D3F8FE
:109A20004C358B42AEDAEB89952B0BD9002E2DD01D
:109A3000324B2931D9601846314901F0D3FC431C1F
:109A4000012B41D801A804F0D9FE002837D16B784A
:109A50009DF80420012B0BD0022B94D1930792D4B4
:109A600021491F4B00200122C1F840051A618AE7F5
:109A7000520788D4F4E7A97A4046FFF725FE95F807
:109A80002C30002BB4D0164B5E608CE71B4B28317A
:109A9000D96018461A4901F09FFC431C012BD1D90B
:109AA00040F2C2613E20F7F78DFB40F65C313E206C
:109AB000F7F788FB40F634013E20F7F783FB40F6CA
:109AC0009F313E20F7F77EFB40F2CC613E20F7F756
:109AD00079FB00BFD010002000F00140F8870200A1
:109AE00000100040D34D62100080004040810040D3
:109AF000081000400C8802000410004044000020C0
:109B00004C870200482210B50021174804F07EFD62
:109B1000164801F04BFA164B1A68102A13D8012385
:109B2000934013F4A2341BD113F4045F0BD01148FB
:109B30004022FF2104F06AFD4FF08043C3F8084E35
:109B4000C3F8104E10BD0B483822FF2104F05EFD13
:109B50004FF080430022C3F8082EC3F8102E10BD2A
:109B600004482422F1E700BFD0100020FD1000209F
:109B700060130020000E0040014BD881704700BFE9
:109B8000D0100020024B012283F82C20704700BF28
:109B9000D0100020024B0344187E00F51660704779
:109BA0004C870200014B187F704700BFD010002087
:109BB000024B98691B69C01A704700BFD010002083
:109BC00010B50D4A0D4B117F5469126903EB8103E7
:109BD000A41A186C0A4B0B4A53F8213003F2F31302
:109BE000A2FB0323241AA4EB931402F049FA2018D1
:109BF00041F1000110BD00BFD01000204C870200D1
:109C0000E4870200D34D6210FF2808B531D81B4B02
:109C100001391885072922D8DFE801F0041D16163E
:109C20002104041A164A4FF44031164B084340F001
:109C30000070C3F81425C3F81805D3F8503503F0A5
:109C4000F703032B10D008BD0F4A4FF44031ECE767
:109C50000E4A0021E9E70E4A4FF44031E5E74FF4A0
:109C60004F713E20F7F7AEFA40F256313E20F7F73B
:109C7000A9FA40F2CB213E20F7F7A4FAD010002039
:109C80000801100000100040080190630800000661
:109C9000080110011E4AD2F8003223F0020343F4F7
:109CA000801310B5C2F800321A4C1B4BC4F8A03513
:109CB00003F5DE431C33C4F8A4354FF48023C4F805
:109CC00004350378032B1DD14378144C0129D2F8B5
:109CD0001415606803F03F0321F4702143F40C3342
:109CE00040F0030043F4207308BF41F4002160609A
:109CF000C2F81415C2F80009C2F81039012384F81B
:109D0000443010BD40F2AB313E20F7F75BFA00BFA4
:109D10000010004000F001402C110040D010002045
:109D20000B4B1B68062B02D0013300D07047094B48
:109D30001B68063B0833F9D9074AD2F8743723F079
:109D4000807323F0010343F08073C2F874377047C7
:109D5000601300206413002000100040224B2DE906
:109D6000F0410227C3F88070BFF34F8FBFF36F8FAE
:109D700002F040F8044602F083F91C4D001B1C4C15
:109D800000264FF001082061C5F8FC6FC5F8FC8F74
:109D900001F086F8174AC5F83085107C40F20122A0
:109DA000C5F85026C5F8007201F046FB124A134967
:109DB000A683A661668584F82C6084F84460C2F8A6
:109DC0000415D5F80019084B6160A26CC3F88071C6
:109DD0009621E1811021C5F804131F6002B190475C
:109DE000BDE8F04101F0ECBA00E100E000100040F5
:109DF000D01000204400002000F001400000020CC0
:109E0000014B5872704700BFD0100020034B020E68
:109E10000002C3F82425C3F81C0570470010004059
:109E2000044B054A034490721B7E03F5166393812D
:109E3000704700BF4C870200D010002000B583B0EF
:109E400001AB01F019FA03B05DF804FBF0B5674C03
:109E500094F82B3083B0002B00F0B380002814BF9F
:109E600002220422002305460F468DF804208DF8B7
:109E7000063002F007F901284FF0FF3088BF0020BC
:109E80008DF8050001A804F0ADFC002840F0948096
:109E9000574A84F82C00012384F8453084F82A308E
:109EA000D2F8003243F00103C2F8003201F0AAFFF9
:109EB0000028FBD0002D58D0012D0AD04D4BD3F8EF
:109EC0004C65E389952B21D94FF4DA613E20F7F7F1
:109ED00079F90223A17A63703846FFF7F5FB6378BE
:109EE000022B7DD1434B424ADD645560D3F84C656B
:109EF000E389952B0AD9404A404906F129031046C7
:109F0000D36001F06FFA0130012864D801A804F091
:109F100075FC00285AD163789DF80420012B1DD0D0
:109F2000022B08D1930706D4324A314B0021C2F8E4
:109F3000401501221A612369F61A1DB106F12900A4
:109F400003B0F0BD2E4B2F4A33F8173003F5FA73E8
:109F5000A2FB032306EB931003B0F0BD5207E3D539
:109F60002369F61A002DE9D1ECE70123A17A637089
:109F70003846FFF729FC6378012B18D11D4A1C498C
:109F8000D3640B60E389D2F84C65952BBED91A4A8D
:109F90001A4906F128031046D36001F01DFA01307A
:109FA0000128B3D940F2C2613E20F7F70BF94FF414
:109FB000E9613E20F7F706F940F65C313E20F7F7FD
:109FC00001F940F206713E20F7F7FCF840F69F31A8
:109FD0003E20F7F7F7F840F2CC613E20F7F7F2F8B1
:109FE00040F251713E20F7F7EDF800BFD01000208D
:109FF0000010004000800040440000204C87020018
:10A00000F8870200D34D621008B5FFF751FC00B18C
:10A0100008BD054B05490122C1F840051A6102201F
:10A02000BDE80840FAF77EBC001000400080004008
:10A03000F8B51D4D6B7F8BB304461646084654B1E8
:10A04000012C1BD0002029693246411A2046FFF717
:10A050002FFC40B1F8BD012BAF69297F16D000F06D
:10A06000F5FC3844EFE7114B11490122C1F84005D6
:10A070001A610220BDE8F840FAF754BC012BAF6921
:10A08000297F07D000F016FD3844DCE700F000FD22
:10A090003844D8E700F0E8FC3844D4E740F6C10182
:10A0A0003E20F7F78FF800BFD010002000100040CE
:10A0B00000800040F0B5474A474F484C484ED2F820
:10A0C000045302214FF0FF3083B00023C2F808038D
:10A0D000C7F88011C2F800124FF46021C6F840356D
:10A0E000C4F80815D2F850153E4CC9B205F0100559
:10A0F000638584F82C30002938D1E389952B04D965
:10A100006378012B5CD0022B50D0324E36480027AA
:10A11000C6F81071394600F04DFF94F8443027809E
:10A12000EBB1D6F800322D4A84F8447023F4801342
:10A1300043F00203C6F800324FF48023C2F808351A
:10A14000D6F81425636822F47022C6F8142523F08B
:10A150000303264A6360C6F80039C6F810291DB10A
:10A160001C4B1022C3F8042303B0F0BD01218DF86D
:10A170000700C2F8103111619DF807304BB90CE0AF
:10A180009DF80730013BDBB28DF807309DF80730B2
:10A190001BB1D2F81031002BF2D09DF80730002B04
:10A1A000ABD140F6FF013E20F7F70CF801F026F99D
:10A1B00001300128A9D940F617113E20F7F702F81F
:10A1C00001F016F9013001289FD940F611113E2007
:10A1D000F6F7F8FF0010004000E100E000F0014059
:10A1E00000800040D0100020FD10002080320200CE
:10A1F000264B10B50022264CC3F84825C3F8442549
:10A20000C3F84025C3F84C25FFF754FF01F0DEF8F2
:10A2100094F8453023B104F0EBFA68BB84F84500AC
:10A22000002004F0F1FA60BB226A1A49174B42F091
:10A23000446242F40032C1F80825174AE070022156
:10A240002062C3F848056061C3F84405A061C3F803
:10A250004005C3F84C05C3F84801C3F84401C3F8EE
:10A260004001C3F84C01C2F88010BFF34F8FBFF319
:10A270006F8FC2F8801110BD40F2AE413E20F6F75C
:10A28000A1FF40F2B1413E20F6F79CFF0080004064
:10A29000D010002000F0014000E100E0F8B52B4CA8
:10A2A0002378B3B188B9667FE0895F1E18BF0127A4
:10A2B000002E46D0012BA569217F13D0012EA27854
:10A2C0003BD000F0F7FB411911E0BDE8F840FFF783
:10A2D000F1BE94F82C206370E3701AB31C4AC2F8E4
:10A2E0004031F8BD012E21D000F0B0FB41192069AA
:10A2F00094F82C300022091A2280DBB1144BC3F8E9
:10A300004021A2783846FFF7D3FA0028E9D1114B53
:10A310000F490122C1F840051A610220BDE8F8404A
:10A32000FAF700BB628584F82C20F8BD00F0B0FB82
:10A330004119DCE784F82A30E3E700F095FB411986
:10A34000D5E740F6C1013E20F6F73CFFD0100020D3
:10A350000080004000100040014BC3F83C057047EE
:10A360000010004010B50446074804F04DFA28B923
:10A3700094E80F00054C84E80F0010BD40F668110A
:10A380003E20F6F71FFF00BF799600001C11002049
:10A39000174B184A93F82A10C2F804054FF0010C25
:10A3A00083F82BC0586209B393F82C3093B102F5AF
:10A3B000F0321149114BC2F8AC15D3F84031ABB1B2
:10A3C0000E490C4B00200122C1F8400503201A6100
:10A3D000FAF7A8BAD2F8003243F00103C2F800320B
:10A3E000D2F8503503F0F603022BE9D0704700BFD6
:10A3F000D0100020001000400810004000800040F5
:10A4000038B5174B19699A69084482421DD215491B
:10A410000124DC704C64D1F844250532824205D316
:10A42000114BD3F8042102B91C6138BD1A6A0F4CD4
:10A430000025C1F8445142F48002C1F844054FF4AC
:10A4400080011A62C4F8041538BD0220FAF76AFACE
:10A450000449054B00200122C1F840051A6138BDAE
:10A46000D0100020008000400010004000F00140AB
:10A4700038B51F4C94F81DC0217F227ABCF1010F22
:10A480000346E08923D000F043FBA36918448342CC
:10A4900023D2184A0121E1705164D2F844350533C2
:10A4A000984205D8144BD3F8042102B9196138BD7C
:10A4B000236A12490025C2F8445143F48003C2F8CC
:10A4C00044054FF480022362C1F8042538BD00F032
:10A4D00001FBA36918448342DBD30220FAF722FA76
:10A4E0000449054B00200122C1F840051A6138BD1E
:10A4F000D0100020008000400010004000F001401B
:10A50000C30003F1804303F5F83310B4084A094C43
:10A51000C3F81025012202FA00F0226AC3F81415CC
:10A52000054B0243226210BCC3F80405704700BF0C
:10A5300004110040D010002000F00140044BC3F88B
:10A540006005D3F8002242F04002C3F800227047B1
:10A5500000100040054BD3F80022002122F04002F9
:10A56000C3F80022C3F86015704700BF0010004018
:10A570000F4AD2F81C314BB90E4A92F82F20FF2A0D
:10A5800017BF52421846027001207047D2F8483572
:10A5900003F07F0300215B4282B00370C2F81C11FC
:10A5A000D2F81C310193019B012002B0704700BF1B
:10A5B00000100040D010002030B5304C83B094F82B
:10A5C0002C30A17020BB0122227023B3237A994240
:10A5D0004ED12B4D94F90920D5F8003243F00403F5
:10A5E000C5F80032084601ABA17A00F045FE9DF89F
:10A5F000050000F009FF002835D19DF9040021462F
:10A6000000F01CFA204603B0BDE8304000F0A6BCC4
:10A61000022222700BB903B030BD237A8B4227D1BE
:10A62000174A0128D2F8003218D143F00803C2F8C3
:10A630000032144800F0ECFC207A00F089FA124B4A
:10A640001B68062BE7D00133E5D00D4AD2F86835F8
:10A6500043F4C023C2F8683503B030BD43F00403AF
:10A66000C2F80032E5E740F2E3513E20F6F7AAFDDA
:10A6700040F6C7213E20F6F7A5FD00BFD010002010
:10A6800000100040FD1000206013002010B5244C85
:10A6900094F82C3082B0002B3AD0224A94F808C0AB
:10A6A000D2F8003201281BD043F00403C2F8003274
:10A6B000D0B994F90920A17A01AB604600F0DCFD25
:10A6C0009DF8050000F0A0FE20BB9DF90400214686
:10A6D00000F0B4F9204602B0BDE8104000F03EBCE6
:10A6E00043F00803C2F800320F48614600F090FCC6
:10A6F000207A00F02DFA0D4B1B68062B08D0013391
:10A7000006D0084AD2F8683543F4C023C2F8683549
:10A7100002B010BD40F2E3513E20F6F753FD00BFFA
:10A72000D010002000100040FD1000206013002019
:10A73000054B064A0021C3F84015D2F85035DBB26C
:10A740000BB10123136170470080004000100040EE
:10A7500030B4044BD3E90E451B6CC0E9004530BC56
:10A760000B607047D01000202DE9F04101F046FB4E
:10A77000A44BA54C0122DA64D3F84C352364C4E918
:10A780000E0104F1200104F12D0000F07FFC08B15E
:10A79000BDE8F081E389952B054606D96378012B46
:10A7A00000F0A780022B00F0AF809848236AC0F821
:10A7B00008350021964BC0F8AC152162D3F8002271
:10A7C00084F82B1022F48E7222F00102C3F80022CA
:10A7D00094F84420E2B1D3F8002284F8441022F423
:10A7E000801242F00202C3F800224FF48022C0F827
:10A7F0000825D3F81415626821F4702122F00302B1
:10A80000C3F814156260C3F80029824AC3F81029FE
:10A810007C4A6778D2F84815A1616777D2F8441569
:10A820007B4B61610026022FD3F80C01D3F8101185
:10A83000C3F80061C3F80C61C3F81061C3F8046188
:10A84000C3F80861C3F86C610CD0012F3FD0002918
:10A850009ED02378002B62D0FFF72CFCA36DBDE8BF
:10A86000F0411847E37813B1D2F8443133BB0028E4
:10A8700068D100298CD02378002BEDD194F82C30AE
:10A880006070E070002B00F0AB805E4BC3F84001BD
:10A89000E4E71A0705D013F0F00F02D013F4706F3D
:10A8A0005BD15B49C3F30442012AD1F8541454D15B
:10A8B000012952D0C3F34253022B4ED82378002BE8
:10A8C00036D0FFF7F7FBE36CBDE8F0411847237A79
:10A8D000237700285FD100293FF45AAF2378002B5B
:10A8E0006AD0FFF7E7FB0021636D0846BDE8F04141
:10A8F000184700F07DFD013001287FF656AF40F685
:10A9000011113E20F6F75EFC00F078FD01300128C1
:10A910007FF64BAF40F617113E20F6F753FC94F844
:10A920002C106370E37000293ED0C2F8403195E7E7
:10A9300094F82C206370E370002A39D0314AC2F8B1
:10A940004031C0E7344B1B68062B06D0013304D0DE
:10A950002F4BD3F85034D9019BD4237A268D002B6A
:10A960004BD0DA1E012A2FD9012700202377FFF7C9
:10A9700095FC274BD3F8000410F0010006D0636A61
:10A980005B78B3428CBF002007F00100236D29469D
:10A99000BDE8F04118473046FFF780FC636D39464B
:10A9A0003046BDE8F0411847618584F82C1055E722
:10A9B000628584F82C2086E794F82C106370E3708D
:10A9C00091B1C2F840318EE7114BD3F8143413F033
:10A9D00006030DD0022B0ED0002701250323C4E768
:10A9E000608584F82C0039E7618584F82C107AE7BB
:10A9F00003230127B9E70423B6E740F24D213E20A7
:10AA0000F6F7E0FB00800040D010002000F001408D
:10AA1000001000408032020060130020024B03EB64
:10AA20008003186C704700BF4C870200024B03EB99
:10AA30008003586D704700BF4C870200024BC0B2C4
:10AA4000C3F80C05704700BF0010004010B5044665
:10AA50000846FFF7EBFF034AA2FB0020A4EB90108F
:10AA600010BD00BFD34D6210074A4FF47A7332F91C
:10AA7000112003FB00F000F2E730044B1044A3FB6D
:10AA80000030800902387047D0870200D34D621031
:10AA9000064B074A33F911104FF47A7300FB033069
:10AAA0000844A2FB00208009704700BFD087020045
:10AAB000D34D621010B504460846FFF7B7FF044AAD
:10AAC00000F2E733023CA2FB0320A4EB901010BD80
:10AAD000D34D621038B50C4C34F9111004EB8204DC
:10AAE0001D4664690C4404F6B7344FF47A7101FBD7
:10AAF000004406491046A1FB0414FFF78FFFA40988
:10AB000005352544284438BDD0870200D34D621056
:10AB100038B5054608461446FFF788FF0A4B03EB95
:10AB20008403024620465C69084B4FF47A7104F6B0
:10AB3000B73401FB0544A41AA3FB0434FFF76EFFEE
:10AB4000A4090530204438BDD0870200D34D6210DF
:10AB50000C4B1B68082B00D070470B4A0338D2F807
:10AB60004037012823F0004302D9C2F8403770472C
:10AB700023F47F4343F0004343F44443C2F8403797
:10AB8000704700BF6013002000100040024B0022FD
:10AB90001A705A709A7070472C1100202DE9F04FEE
:10ABA00083B005469DF83CA09DF830909DF840800C
:10ABB000494C1E460120BDF8383001938B4617469C
:10ABC000FEF7DEFC05F00303DFF810E184F803A0D4
:10ABD00043EA0A4343F08073CEF80435DBF80410EF
:10ABE000DBF80820DBF80C30DBF8000004F1040B84
:10ABF000DC46ACE80F00C4E905760D9B84F81C9098
:10AC0000374A19685B68CEF808B5C4F82130136874
:10AC1000C4F81D10062B08D0013306D0DEF8183515
:10AC2000019961F30703CEF818352E4B2E49C3F86E
:10AC3000081515F0FB0F16D0B8F1020F47D81368AE
:10AC40000D2B1DD1294A254B12F80820C3F82025C9
:10AC5000012D1FD00123022D637084F8255023D9C4
:10AC600003B0BDE8F08F2249C3F89815B8F1020F80
:10AC7000A1F1FC01C3F89C1529D813680D2B1FD036
:10AC8000102BDFD0B8F1000FE2D04FF4BF713C20A1
:10AC9000F6F798FA134B1749174AC3F8981584F832
:10ACA0002550C3F89C2565700C4B012200212270B1
:10ACB000C3F80011C3F800121A6003B0BDE8F08FAA
:10ACC0000A4A064B12F80820C3F82025C2E74FF4C1
:10ACD000BA713C20F6F776FA2C11002000F0004003
:10ACE0006013002000F001400000020220880200F2
:10ACF00000F10040501100400CF000401A4A537817
:10AD000070B563B3194BC3F80C15C3F8100592F86E
:10AD1000255001249470B5B91278E2B1144AC3F8F1
:10AD200004514FF40035C2F80455D3F8006116B150
:10AD30005C60C2F808550B7803704B78043343709D
:10AD40008B78837070BD00211470C3F80411C3F8B0
:10AD500000421C6070BD97213C20F6F733FA4FF497
:10AD6000D5713C20F6F72EFA2C11002000F000409F
:10AD700000F0014008B5144B5A7802B3134AC2F8E8
:10AD80000C151978C2F810054FF0010C83F802C0B9
:10AD900089B10021C2F80411DB78023B012B05D8F0
:10ADA0000B480323C0F85011C2F81C35094B0A4A5E
:10ADB000C3F8042508BDBA213C20F6F703FA4FF486
:10ADC000DF713C20F6F7FEF92C11002000F0004066
:10ADD0000010004000F00140000002020A4B1A7807
:10ADE0006AB10A490A48C1F808050022C1F8982545
:10ADF000C1F89C25C1F89825C1F89C251A7000223D
:10AE00005A709A70704700BF2C11002000F001406A
:10AE100000000202F8B51B4B1B786BB31A4CD4F838
:10AE2000043113BB194B0222C4F804231F691A69A9
:10AE300042F010021A61D4F8043107F0100753B938
:10AE4000134E4FF40045C6F8805107F0A4FFD4F824
:10AE50000431002BF7D027B90C4A136923F01003F3
:10AE60001361094B0222C3F80823074BD3F80004EF
:10AE7000003818BF0120F8BD4FF4F2713C20F6F7FE
:10AE8000A1F900BF2C11002000F0004000ED00E00F
:10AE900000E100E0014B01229A60704700F00040A1
:10AEA0002A4A1368062B10B51DD001331BD0284C3D
:10AEB000284BC4F8783700F0B9FA38B14FF0805316
:10AEC000D3F83033591C18BFC4F84C374FF0102357
:10AED0001B6E5A1C06D01E49D1F88C2563F317420D
:10AEE000C1F88C2510BD1C490B68063B083320D9DE
:10AEF0001748D0F83C3723F0004323F0FF0343F01A
:10AF0000004343F09603C0F83C371368062B0DD17D
:10AF10000B68063B0833CAD90D4AD2F8403723F4F0
:10AF20007F4343F4B053C2F84037C0E70133EFD05A
:10AF3000BDE70748D0F83C3743F48063C0F83C379E
:10AF40001368062BD4D00133D2D0B0E760130020B1
:10AF5000001000402C00008964130020104B1B6877
:10AF6000062B02D0013300D070470E4B1B68063B06
:10AF70000833F9D9027A0C4B0B49D3F88835022AE9
:10AF80004FF0805223F4FE43D2F820230CBFC2F3CB
:10AF90000662C2F3062243EA0223C1F888357047ED
:10AFA00060130020641300200010004045F6FF737A
:10AFB00043807047D1B1154AD2F83C3723F00043A3
:10AFC00023F0FF0343F0004343F07D03C2F83C3716
:10AFD000D2F87C3723F0004323F0700343F00043A2
:10AFE00043F06003C2F87C3741707047074BD3F8D9
:10AFF0003C2722F00042C3F83C27D3F87C2722F0FC
:10B000000042C3F87C274170704700BF0010004029
:10B010001C4B1B68082B00D07047033901290FD93E
:10B02000194BD3F83C2722F00042C3F83C27D3F851
:10B030007C27002122F00042C3F87C274170704732
:10B04000114A0121C2F80413D2F83C3723F000431F
:10B0500023F0FF0343F0004343F07D03C2F83C3785
:10B06000D2F87C3723F0004323F0700343F0004311
:10B0700043F06003C2F87C374170D1631164017002
:10B08000704700BF601300200010004003460078A6
:10B09000002863D0F0B5744AD2F80441D2F81051B8
:10B0A0002C4383B05BD1D2F80051002D66D0C2F89A
:10B0B000004101245461FF240094009C2CB908E055
:10B0C000009C013C0094009C1CB1D2F81C41002C57
:10B0D000F6D0009A002A00F0C180634ADD78D2F8E9
:10B0E000484504F07F04A542C0F08C805E4A9C7005
:10B0F00001230024C2F81C41C2F80833136493638F
:10B100005A4B594C01228025C4F804531A64D3F8D1
:10B110004025D3F8446502F56A52183296424BD95D
:10B12000D3F8402502F51C5210320025C3F8402503
:10B1300004F5F034C3F84051A3F5DF434C4AC4F89A
:10B14000A8256C3BC4F8AC354FF40023C4F8043593
:10B150000B6843F400230B6003B0F0BD70478024FC
:10B160004449C2F80843B5FA85F04FF400240022A0
:10B17000C1F8084540091A7003B0F0BDD2F848453F
:10B180005F7804F07F049C70C2F81C51DE7837BBF6
:10B19000A642D2F8742544D894B20F2C02D9B2F545
:10B1A000003F3ED3304B01221A649A632E4BD3F8F2
:10B1B0001C310193019BA3E72E4900224FF4002686
:10B1C000C3F84025C3F84021C4F80853C1F8086506
:10B1D000C3F84021C4F80853C1F80865CCE7A6427B
:10B1E000E4D2D2F83C4724F00044C2F83C47D2F8FD
:10B1F0007C4724F00044C2F87C475D70012313644F
:10B200009363D3E7D2F83C5725F00045C2F83C578A
:10B21000D2F87C5725F00045C2F87C5700225A70BE
:10B2200064E7114CD4F83C2722F0004222F0FF02E0
:10B2300042F0004242F07D02C4F83C27D4F87C275B
:10B2400022F0004222F0700242F0004242F060021E
:10B25000C4F87C2701225A702264A7E74FF4EE71EC
:10B26000AF20F5F7AFFF00BF0010004000800040A6
:10B270004081004000F001402DE9F04F454C85B081
:10B28000054698460E46174600F014F92378AB425F
:10B29000814602D16378B3423CD0082D1BD18DF892
:10B2A0000F70BB464FF0040A3046FEF773FC0021D6
:10B2B0000346009152465846414600F0ABF8B8F8B4
:10B2C000003025706670A380A071A77084F8039089
:10B2D00005B0BDE8F08F05F1FF3ABAF1060F50D87E
:10B2E000DFE80AF0044235284F0404000DF10F0393
:10B2F0003A463146002000F0E3F8002846D19DF997
:10B300000FB0BAF1060F3CD8DFE80AF011382B1E57
:10B310003B11110094F90230BB42BED1E378834265
:10B32000BBD1A38894F90600A8F80030D0E74FF00D
:10B33000000AB9E70DF10F033A463146032000F049
:10B34000BFF89DF90FB008BB4FF0030AACE70DF151
:10B350000F033A463146022000F0B2F89DF90FB0D3
:10B36000A0B94FF0020A9FE70DF10F033A463146AC
:10B37000012000F0A5F89DF90FB038B94FF0010A8F
:10B3800092E740F289410620F5F71CFF4621A920EB
:10B39000F5F718FF5C000020014B1860998070479A
:10B3A00054110020024BD86019745A82704700BFB4
:10B3B00080110020014B1B681B6818478C0000207F
:10B3C000014B1B685B6818478C000020014B1B6811
:10B3D0009B6818478C000020014B1B681B691847AD
:10B3E0008C000020014B1B685B6918478C00002013
:10B3F000014B1B689B6918478C000020014B1B68A0
:10B40000DB6918478C000020014B1B689B6A1847BA
:10B410008C00002030B4044C9DF80850246802953C
:10B42000E468A44630BC60478C000020014B1878CB
:10B43000704700BFE016002010B500220C491346EB
:10B4400040FA02F4E40744BFCA545C1C02F1010252
:10B4500048BFE3B2042AF3D1054AFF24D118032BD5
:10B4600001D9107110BD013301F8014BDBB2F6E7D1
:10B47000EC160020E3280100E9280100EB28010078
:10B4800011290100EF2801001B290100F528010006
:10B4900025290100FB2801003129010007290100AD
:10B4A0000B290100FD2801000329010021290100C9
:10B4B0002B290100014B187D704700BFB0110020FF
:10B4C000042810B511D883B104280CBF10242824F7
:10B4D000A1420AD2064C54F8200018B141568A42C3
:10B4E000A8BF0A461A70002010BD6FF01500FBE7D8
:10B4F000B011002030B50346114890F91C209A4243
:10B5000019DD90F924209A4217DA9A1A846AA05C0D
:10B510000C4A15569D420DD00E32002918BF01303D
:10B520009442C0B206D129B1013BDBB2012B01D854
:10B530000130C0B230BD0D20FCE70020FAE700BFAB
:10B54000B01100203688020008B5054B93F91C3075
:10B55000984203DAFFF7CEFF024B1B56184608BD90
:10B56000B01100203688020008B5184B93F82C2043
:10B57000FAB9012283F82C20154A1268A2F10800BA
:10B58000082803D813490141C90709D5911F092982
:10B5900010D9013212D04FF4DF71742002F00CFD8B
:10B5A0000D4A9A62D8221A6283F8242008229A61EE
:10B5B0001A7708BD094A0A41D207ECD4084A9A62B0
:10B5C000D8221A6283F824200422F0E7B011002068
:10B5D00060130020DEFEFFFF71880200EEFCFFFF1B
:10B5E0004488020010F0FF0008B508D14FF08043F6
:10B5F00001225A60C3F80001034B187008BD7C217A
:10B60000B52002F0D9FC00BFDD110020014B012262
:10B610001A707047DD11002008B548B94FF080431B
:10B62000D3F8003113B9044B187808BD0120FCE7AA
:10B63000C221B52002F0C0FCDD110020044B1868C7
:10B64000062818BFB0F1FF3F0CBF01200020704753
:10B650006013002008B5094B1A680A2A02D1084B6A
:10B660001B6823B1FFF7EAFF08B9082A04D14FF09D
:10B6700080430222C3F8342C08BD00BF60130020B1
:10B6800064130020F8B50F4E0127375404460D46C9
:10B6900007F05BF960B934B94FF08043B77075605B
:10B6A000C3F80473F8BD40F225116D2002F084FC4C
:10B6B000002DF7D01CB92046A8477460F2E74FF47C
:10B6C000A071F2E7E0110020044B191800228A70E3
:10B6D00003EB80011A544A60704700BFE01100205C
:10B6E000014B9881704700BFE0110020014BD889C1
:10B6F000704700BFE0110020014B9889704700BFE0
:10B70000E011002010B5EFF3108472B6064B03442D
:10B710001A7C0132D2B21A741B7C012B01D107F0C2
:10B7200008F904B962B610BDE011002010B507F0A9
:10B7300034F907F00AF94FF08044084940B1FFF7A7
:10B7400089FF0123236104238B740023CB7410BD74
:10B7500003238B740123C4F80433F6E7E0110020BF
:10B7600010B5EFF3108472B6094B03441A7C22B96A
:10B7700040F257216D2002F01FFC1A7C013AD2B230
:10B780001A741B7C0BB9FFF72DFF04B962B610BD0C
:10B79000E0110020024B987C003818BF0120704750
:10B7A000E011002073B51B4D6B7D63B9286A00F072
:10B7B000030007F0E2F830B1EFF3108372B6AA7C11
:10B7C0001AB103B962B602B070BD0122AA7403B9FE
:10B7D00062B64FF080430822C3F808234FF4207369
:10B7E000ADF80630BDF80640A4B2631E9BB2ADF8BA
:10B7F0000630002CF6D14FF080460748C6F80C41C1
:10B8000007F0ABFA85F82540FFF790FF0823C6F84C
:10B810000433D8E7E0110020041200202DE9F3479B
:10B82000484C237D002B00F08A800323ADF80430C0
:10B830004FF08043D3F80051F5B9D3F80481B8F143
:10B84000000F09D04FF080430022C3F804210222E8
:10B85000C3F80823FFF7A6FF94F825603A484FF095
:10B860008047F6B2D7F80C8107F07BFA48B340F274
:10B8700043316D2002F0A0FB00258DF80450012219
:10B88000D3F80481C3F808230DF10409271DA61C71
:10B8900019F8010B03280AD0337843B13B684FF005
:10B8A000000A86F800A013B19847C7F800A06B1CE7
:10B8B000022B07F1040706F101064FF00105E7D15D
:10B8C000BDE745B1A37C032B05D10423A374FFF787
:10B8D000C1FE01233B61B8F1000F1FD04FF0804340
:10B8E0000022C3F80C21A37C042B02D040F2693162
:10B8F000BFE7164B1A680A2A02D1154B1B6823B101
:10B90000FFF79CFE08B9082A04D14FF080430022BB
:10B91000C3F8342C0223A37407F042F84EB100237D
:10B9200084F82530A37C022B01D1FFF7FFFE07F03E
:10B9300037F8054802B0BDE8F04707F021BA02B079
:10B94000BDE8F087E0110020041200206013002001
:10B950006413002010B5054C206A00F0030007F0C6
:10B960000CF80028F8D0002010BD00BFE011002026
:10B97000F8B5054650B10278042A07D8437842B991
:10B98000013B1F2B02D88378212B07D96FF01500BC
:10B9900075E0002BFAD18378002BF7D17B4B012780
:10B9A000C3F88070BFF34F8FBFF36F8F4FF08046A7
:10B9B000C3F88071764C0B23C6F808330023C6F811
:10B9C0000031C6F80431C6F80C3123746374AB88B7
:10B9D000E38106F0BDFF08B127702774D6F80C2468
:10B9E000D6F80C34D20303D5DF0701D5FFF70EFEDE
:10B9F0004FF4AF63A3812B78A9786375002222628C
:10BA0000A175E274042B4DD8DFE803F005033A4832
:10BA10004A000123236206F0A2FF00284DD006F061
:10BA2000A5FF236A03F00303984246D1AB79002BAC
:10BA30003DD1FFF78FFFA37D6BB12B785BB906F08B
:10BA400084FF054602F00AFC6FF00043002D00F071
:10BA50009980C4E906034FF08043D3F80C24D3F84F
:10BA60000C34D20303D5DB0701D5FFF7CFFD474ADE
:10BA700001230020A0742375C2F880311360F8BD43
:10BA800006F08BFF4FF08043D3F80C14D3F80C244E
:10BA9000CE03F9D5D007F7D50223BBE73D4BB9E775
:10BAA0003D4BB7E740F21E516D2002F085FA4FF092
:10BAB00080430222C3F80423BDE74FF080430122F4
:10BAC000DA600022C3F80421226AC3F81825334A39
:10BAD0001368A3F10E01012904D90A2B02D0FFF744
:10BAE000ADFD48B14FF080534FF08041D3F8443260
:10BAF000C3F34233C1F83C351368A3F10E02012AA7
:10BB000004D90A2B02D0FFF799FD20B14FF08043F2
:10BB10000122C3F84C254FF0804301229A60022293
:10BB2000C3F80423AA79002A85D1D3F80423910706
:10BB300002D440F2D141B7E7194A1669116941F0C0
:10BB400010011161D3F8043106F010060BB907F0AB
:10BB500024F94FF08047D7F8043183B1FFF7FAFE9C
:10BB600026B90F4A136923F0100313614FF0804385
:10BB70000222C3F808230022C3F804215BE707F080
:10BB80000AF9E8E7C4E9063065E700BF00E100E034
:10BB9000E0110020010002000100030060130020FA
:10BBA00000ED00E010B50D4C04F1240007F0D9F8C9
:10BBB00048B9A37C022B01D1FFF7B8FDBDE81040C6
:10BBC000074807F0DDB8074A012384F82530BDE8AF
:10BBD0001040C2F8003106F0E0BE00BFE0110020C6
:10BBE0000412002000E100E038B50C4B0C46197936
:10BBF00019B183216F2002F0DFF960B95D790DB1D1
:10BC0000002038BD01225A71FFF77CFD21462846ED
:10BC1000FFF738FDF4E76FF01500F2E70812002097
:10BC200038B50B4D2B7904461BB19A216F2002F0D9
:10BC3000C3F950B96B790BB9002038BDFFF744FD4B
:10BC400020466C71FFF78CFDF6E76FF01500F4E706
:10BC50000812002010B501B3F0B14FF0FF33104AC5
:10BC60001C46E0FB0134944203D9DB216F2002F033
:10BC7000A3F91A0D42EA0432C3F30F10094B00EB8B
:10BC800002404FF22444B2FBF4F103FB1100B0FB7D
:10BC9000F4F040EA0140013010BD0846FCE700BF67
:10BCA0003F420F00000024F4014B9B68184700BF7F
:10BCB00008120020014BDB68184700BF0812002063
:10BCC000014B1B69184700BF08120020014B1B6A7B
:10BCD000184700BF08120020014BDB69184700BF5E
:10BCE00008120020034B1A790AB9FFF7FFBC988DA0
:10BCF000704700BF08120020034B1A790AB9FFF7FA
:10BD0000FBBC988A704700BF08120020024B1B79C9
:10BD10000BB9FFF747BD704708120020014B9B6924
:10BD2000184700BF0812002010B5144C2379A3B1A6
:10BD3000636A9847002806DB94F82E3023B101236C
:10BD400084F83030002010BDFFF7E8FF0028F6DA55
:10BD500040F28D116F2002F02FF9094BA361094BBE
:10BD6000E361094B2362094BA360094BE360094B74
:10BD70002361FFF7FDFD0028E1D0E4E70812002071
:10BD800055B90000A5BB000095B700009B29010034
:10BD9000A1290100A729010038B5084B1D790446E7
:10BDA00025B140F2E1116F2002F006F901F034F8FC
:10BDB0002046FFF795FC284638BD00BF081200203A
:10BDC00008B5074801F016F8054800F023F801F01F
:10BDD00075FA01F057FA00F02DFB012008BD00BFF5
:10BDE0003C12002001F008BC103001F037B800BF51
:10BDF00001F04CB801F038BD01F000BE01F012BEF8
:10BE000001F0F6BC01F074BC08B52721032002F054
:10BE1000D3F800BF024B186000221A719A60704775
:10BE20004412002070B582B01E4C2379012B11D032
:10BE3000DAB2022A0BD1A0680DF1070100F020FB55
:10BE40000023A36023719DF8070002B070BD01209C
:10BE500002B070BDA0680DF1070100F007FBA568F6
:10BE60006B7DDB07ECD5AB7F042BE9D001F052F8FA
:10BE700006460028E4D001F053F82A69B3682E681A
:10BE80006D68961945F1000500220A3342F100025F
:10BE90001B1842EB0102B342AA41D1D3A06800F0C3
:10BEA00091FCCDE744120020837F0BB10020704746
:10BEB00010B50A684B688C68D1F80CC0C0F80CC08B
:10BEC0008460026043600A694B6943610124026136
:10BED0008477054B1A792AB998601C7100F0B0FF7D
:10BEE000204610BDFFF790FF4412002070B50446B5
:10BEF00082B00D4601F00EF8A37F012B17D02B68FE
:10BF00006A68A9680646E868E060A160236062602C
:10BF10006A692B69626101222361A2770DF1070131
:10BF2000204600F0A3FA2EB1012002B070BD00201F
:10BF300002B070BD024B0421186806F0DFFEF3E783
:10BF400044120020024B0621186806F0D7BE00BF3D
:10BF50004412002010B5084B1A7952B90446986073
:10BF600002221A7100F06CFFA07FB0FA80F0400945
:10BF700010BDFFF749FF00BF4412002038B5837F92
:10BF8000C3B1044609E0A37F042B09D0A37F012B92
:10BF900011D006F000FFA37F63B1A37F032BF2D182
:10BFA000EFF3108572B6204600F0C8FA05B962B604
:10BFB000A37F2BB938BD4FF48271032001F0FCFF41
:10BFC000FF21032001F0F8FF70B5054600F0A2FF45
:10BFD00008B3044600F0A4FFA4680346E41841F146
:10BFE000000628463346224600F07EFBA04271EB55
:10BFF00006034FF000050CD3001B6FF0010361EB4B
:10C000000601834275EB010100D370BD4FF0FF3094
:10C0100070BD284670BD40F22911032001F0CCFF0D
:10C020002DE9F04104460F4600F074FF10B3856817
:10C03000002362195B41064613B10020BDE8F08180
:10C0400000F06EFF2A1841F100033846A51843F1AD
:10C05000000800F049FBA84271EB0801EDD301F0A4
:10C06000CBFA00F025FAB368377523440120B3609A
:10C07000BDE8F0814FF4A371032001F09DFF00BFE4
:10C0800000F04EBF08B500F045FF08B1007D08BDC7
:10C0900040F29B11032001F08FFF00BFF8B5036948
:10C0A000002B4ED1044601F0A7FA05460E46FFF7D5
:10C0B00007FE78B3D4E90003643546F10006A842D0
:10C0C00073EB060223D3C4E90003EFF3108672B6C4
:10C0D00000F020FF054698B100F022FFAB68002277
:10C0E0000B3342F100021B1842EB0101D4E90002BC
:10C0F000834271EB02053CBF03461146C4E900319F
:10C1000006B962B62046BDE8F84000F083BB284679
:10C110003346D8E7FFF7F0FD074600F00FFFB842BF
:10C120002168626838BF3846963546F100064019E6
:10C1300046F10003884273EB02053CBF08461346F4
:10C14000C1E74FF4D171032001F036FF1C4B186892
:10C15000A0B350E9063130B550F8104C13F10A0283
:10C16000036841F100011519A0F1180041F1000C1C
:10C170001BB922E014D31B68FBB153E90621AA4284
:10C1800071EB0C0419D290F814E013F8044C7445C8
:10C19000F0D19C88B0F81CE0A4EB0E042404EAD58E
:10C1A00053F8100C0A3241F100018518A3F1180070
:10C1B0001B6841F1000C002BDFD130BD704700BF80
:10C1C0005012002070B5264D00236B60EFF31081F4
:10C1D00072B6AA686A60AB60EB6009B962B66A6859
:10C1E00072B3204C00269379032BA2F1180028D0BB
:10C1F000136873B39A79042AA3F118038446A646F8
:10C200000FD1818B9A8B521A12049A6944BF0CF198
:10C21000180E184642B19C46A2F118039A7F042AD0
:10C22000EFD09B7F032B16D1DEF800201368CEF8E9
:10C2300000300221C368867798476A68002AD2D105
:10C2400070BD116852F80C3C9671696001219847E5
:10C25000F3E7A646EAE763219F2001F0ADFE00BFA9
:10C2600050120020541200202DE9F04F6F4B04684B
:10C270001B68456883B08283427D0646894602F08A
:10C280000102002B00F0CB80A3F1180C002A6ED025
:10C29000DCE90001844275EB0107644A2FD39CF866
:10C2A0001420337D9A421BD8DCF808301B1841F16A
:10C2B000000113F10A0E41F10007744575EB070206
:10C2C00080F0A8803269121945F10000964577EB9D
:10C2D000000801D2724638469A428841C0F08280F6
:10C2E000DCF818300CF11802002B00F09180A3F15B
:10C2F000180CDCE90001844275EB0107CFD21F4620
:10C300006346B068001945F10008002B44D0CDE920
:10C310000027CA46D3E9007110F10A0C48F1000267
:10C32000674571EB020245D21A7D96F814C0944518
:10C3300019D39A68D21941F1000112F10A0941F1A9
:10C34000000E4C4575EB0E0745D237693F1945F194
:10C35000000CB9457EEB0C0B01D24F46F4469742D8
:10C360007CEB010C3DD39B6923B3183BD2E7DCE99E
:10C370000001844275EB01012C4A0CD3DCF8183023
:10C380000CF118023BB1A3F1180CDCE90001844266
:10C3900075EB0101F2D21F46334643F8187F136054
:10C3A000FFF7D4FE864210D0002389F8003003B096
:10C3B000BDE8F08FDDE900273346D14643F8187F0A
:10C3C0001360FFF7C3FE8642EED1012389F80030E7
:10C3D00003B0BDE8F08F2746AC4697427CEB010CDA
:10C3E000C1D2D146114A0423B37791680023337632
:10C3F0007376B376F37606F118020C4B69B1DB68FD
:10C400001A600B4B09491878CA6001F08DFFCBE721
:10C410001F4676E7224628465EE79A60F1E712B9A2
:10C420001746024AB8E7014A1F466AE75012002041
:10C430009000002010B50A4C2378FF2B0AD1094840
:10C4400001F048FF084B207000221A609A60DA6001
:10C450001A8210BD4FF48D719F2001F0ADFD00BF19
:10C4600090000020C5C1000050120020034B1A8A22
:10C4700002F1010CA3F810C0FFF7F6BE5012002025
:10C4800038B504460D46FFF761FE0346E31AB3FADA
:10C4900083F35B0905482B7004F1180106F054FC86
:10C4A00010B10023A377012038BD00BF5012002037
:10C4B0002DE9F0431F4E34686CB34FF00008354649
:10C4C000C6464FF004092346246853F8187C53F8F5
:10C4D000082CD21953F8147C47F1000C82427CEBF3
:10C4E000010C1AD22A6812682A6083F80690B26892
:10C4F00083F800E083F801E083F802E083F803E0CA
:10C500007AB1F2681360F3604FF00108002CDAD1C1
:10C51000B8F1000F07D1BDE8F0831D46002CD2D141
:10C52000F6E7B360EFE7044BBDE8F043187801F09D
:10C53000FBBE00BF501200209000002070B5154EC9
:10C54000B368054600F11801BBB1B368002423B9F4
:10C5500013E01A681C4682B113469942F9D10CB116
:10C56000AA692260B268914204BF1B68B360F36895
:10C5700099420AD00023AB7770BD074806F0E4FB70
:10C580000028F9D00023AB77F6E70023F460AB77FF
:10C59000F2E700BF50120020541200202DE9F843AA
:10C5A000484E3468002C00F087804FF000080F469A
:10C5B0000546B14641464FF0040E2346246853F821
:10C5C000180C53F8082C121853F8140C40F1000CF6
:10C5D000AA427CEB070C69D2D9F800201268C9F88E
:10C5E000002083F806E0B268197059709970D9700C
:10C5F000002A5FD0F2681360F3604FF00108002C4E
:10C60000DBD1B8F1000F03D02F4B187801F08CFE6E
:10C610003368002B50D053E90612A94272EB070091
:10C6200053F8100C3CBF29463A46A3F1180C0A30C7
:10C630004FF000041B6844F10004091842EB0402A7
:10C640001BB92DE016D81B6853B353E90604884282
:10C6500074EB020E24D29CF8148013F804ECF0451D
:10C66000F0D1B3F804E0BCF81C80AEEB080E1EF469
:10C67000004FE8D0854277EB040E294638BF0146CB
:10C6800053F8100C3A46A3F1180C38BF22461B6829
:10C69000091842F100020A3142F10002002BD4D104
:10C6A0000CF1180373616046BDE8F8839946002CCD
:10C6B00083D1A6E7B3609FE700239C467361604681
:10C6C000BDE8F883501200209000002010B5054C02
:10C6D0006169204606F038FB18B1606900231838FC
:10C6E000636110BD501200201C49096839B3A1F1E3
:10C6F000180C9CF8141081421DD870B5DCE900417B
:10C7000012F10A0543F1000EAC4271EB0E0620D285
:10C71000DCF81060341941F10001AC4271EB0E01FC
:10C7200015D2DCF8181071B1A1F1180C9CF8141096
:10C730008142F6D8E2E7DCF818100029D7D14FF093
:10C74000FF30014670474FF0FF30014670BD2C4668
:10C750007146B4F10A0041F1FF3170BD5012002062
:10C7600010B5837F022B06D0837F012B02D0837FFD
:10C77000042B1DD110BD437D13F0020313D10321FF
:10C780000E4A81779468037600F118014376837628
:10C79000C3765CB1D3681960094BD160BDE8104025
:10C7A000187801F0C1BD0023837710BD9160F3E7D5
:10C7B0004FF4FF719F2001F0FFFB00BF50120020DB
:10C7C0009000002070B5114D00F118060446314666
:10C7D000284606F0B9FA98B10423A377AA68002383
:10C7E00023766376A376E37642B1EB681E60084B4E
:10C7F000EE601878BDE8704001F096BDAE60F6E7D7
:10C800004FF402719F2001F0D7FB00BF50120020AF
:10C81000900000202DE9F04F066983B0002E70D102
:10C82000D0E900158368077DEFF3108472B6DFF856
:10C83000DCC0DCF80020002A5CD013F10A0EBCF842
:10C840001080CDF8048046F10006183AB046D2E9CF
:10C85000003611EB0E0A45EB08099A4579EB060CF8
:10C8600048D38B4276EB050C28D3D2F810C01CEBD2
:10C87000030C46F1000BD4457BEB090B34BF4FF0A2
:10C88000010C4FF0000CBCF1000F13D092F814C053
:10C89000BC4526D034BF4FF0010C4FF0000CBCF16A
:10C8A000000F07D013F10A01936846F100055918EB
:10C8B00045F100059269EAB1183AC8E7D2F808A034
:10C8C00013F10A0C46F100091AEB0C0C49F10009AE
:10C8D000614575EB090934BF4FF0010C4FF0000CB6
:10C8E000D1E7B2F81CC0DDF80490ACEB090CCCF336
:10C8F000C03CD4E704B962B6C0E9001503B0BDE896
:10C90000F08F40F227219F2001F056FB50120020AB
:10C91000024B0521186806F0F1B900BF681200202B
:10C92000054B586810B1C3680521184710B54FF47E
:10C930001B71B02001F040FB681200202DE9F04788
:10C940001646002B55D0D3E900894B4C804579EB36
:10C950000103A38A3CBF804689466433B8EB0005D7
:10C9600069EB01070022AB422261BA41C4E90289A6
:10C9700016DBA36903F2A3139D4277F1000769DA7E
:10C980003E4AC4F8288040464946C4F82C9000F03E
:10C9900057FD3B4A052384F830303260BDE8F0870C
:10C9A000627F237F1AB19A071ED40022627703F0B8
:10C9B000010AA36903F2A3139D4277F100072EDA5F
:10C9C000BAF1000FDCD0A08A2C4AB8EB000069F164
:10C9D0000001C4E90A0100F033FD0623284A84F867
:10C9E00030303260BDE8F087236A01209847237F0A
:10C9F000DBE7214C637F2BB1237F9B0702D5236AA2
:10CA0000012098470025657701F090F8FFF752F96B
:10CA10002B461C4A84F830303260BDE8F08701F0C4
:10CA200085F8FFF747F9A08AA369BAF1000F01D092
:10CA3000984215D8B8EB0300104A69F10001C4E927
:10CA40000A0100F0FDFC02230D4A84F83030326008
:10CA5000BDE8F08701F06AF8FFF72CF9A369E9E770
:10CA6000B8EB0000054A69F10001C4E90A0100F0D1
:10CA7000E7FC034A01238EE76812002011C9000079
:10CA8000CDCB0000C5CD000002392DE9F0410429CD
:10CA90002DD8DFE801F00309292C0C00164A137F7A
:10CAA000003B18BF012353770020BDE8F081044606
:10CAB00000F092FC00F0A0FD0E460746FFF76EFD69
:10CAC0000D4D80466868FFF74BFE224638463146DA
:10CAD0004346002400260027C5E902676C60FFF783
:10CAE0002DFF0220BDE8F081FFF79CF9DCE740F262
:10CAF0001721B02001F060FA681200202DE9F84FEC
:10CB00002E4C637FA769804683BB94F81C9019F074
:10CB1000010934D100F070FD10EB070B41F1000A60
:10CB200005460E4658465146FFF738FDA8B3D0E9F2
:10CB300000329B457AEB02011BD30023204AA562F9
:10CB400028463146C4E902BAE662236100F078FC67
:10CB5000B9F1000F18D0A38A1A4A9F4216D00223B7
:10CB600084F83030C8F80020BDE8F88F4FF0000995
:10CB7000D0E7DD1B9B4662F100069246DDE7A38A03
:10CB80009F4238BF1F46C5E70E4AE8E7012384F8F5
:10CB90003030C8F80020BDE8F88F637F2BB1237FC9
:10CBA0009B0702D5236A012098470023064A84F890
:10CBB00030306377C8F80020BDE8F88F6812002095
:10CBC00011C90000CDCB0000C5CD0000023970B501
:10CBD0000546032900F2EB80DFE801F00602450874
:10CBE000754B002283F83120002070BD724C94F800
:10CBF00030301A1F012A40F29F8000F0FDFCA26A2B
:10CC00002369801A9842B8BF184694F830302061E2
:10CC1000022B7FD0237FD90740F1C480607F00289A
:10CC200040F0C080236A98470123637794F830204E
:10CC3000022AD4E902034BD0012A70D0226932388B
:10CC400043F1FF31101841EBE2715C4AC4E90A017B
:10CC500000F0F6FB94F83030062B0CBF05230423BC
:10CC600084F83030C0E7544C94F83030042B0FD89F
:10CC7000022B25D8013B012B00F28F80FFF7D2F861
:10CC80000028B1D000F0A6FC2846FFF737FF15E0DA
:10CC9000053B012B00F28180FFF7C4F80028A3D0E8
:10CCA00000F098FC00F0A8FC06460C46FFF776FC66
:10CCB0002A46034621463046FFF740FE022070BD5B
:10CCC000FFF7B0F800288FD0012384F831308BE7CC
:10CCD000227FD2070ED5627F62B9A18A374A401AF5
:10CCE00063F10001C4E90A0100F0AAFB032384F800
:10CCF000303079E72169314A323843F1FF33401847
:10CD000043EBE171C4E90A0100F09AFB042384F8C3
:10CD1000303069E700F002FFFEF7C6FF86E7A16941
:10CD2000264A401A63F10001C4E90A0100F088FBB9
:10CD3000022384F8303057E7042B94F8316019D07F
:10CD4000002EAFD1FFF7C2FC0028ABD06060C4E971
:10CD50000D6600F035FB6068022383773146C368B7
:10CD60009847D4E90201FFF7A3FB154B84F8306024
:10CD70002B60A3E700F0E2FE0028E1D100200021B3
:10CD8000FFF70CFC08B1FFF71DFD00F0CFFEFEF72A
:10CD900091FF2846FFF7B2FE90E74FF4CD71B02027
:10CDA00001F00AF940F2B311B02001F005F940F2A8
:10CDB000F111B02001F000F96812002011C9000043
:10CDC00089CA0000032910B506D801290AD840F203
:10CDD0005D11B02001F0F0F80429F8D10446FFF706
:10CDE00021F808B9002010BD2046FFF787FE022079
:10CDF00010BD00BF10B5064A064C0260002320603B
:10CE000084F830302377FEF777FF5130A06110BDF2
:10CE1000C5CD00006812002008B5074B074A196805
:10CE20000968914202D15130986108BD40F2512108
:10CE3000B02001F0C1F800BF68120020C5CD00008D
:10CE400010B5EFF3108472B6034B0421186805F097
:10CE500055FF04B962B610BD6812002008B5094B31
:10CE60005A684AB1D3E902218018BDE80840064A51
:10CE700041F1000100F0E4BA40F27221B02001F06B
:10CE80009BF800BF6812002021C9000008B5064BBE
:10CE90005B681BB1BDE8084000F09CBB4FF41E71FD
:10CEA000B02001F089F800BF6812002008B5054BDA
:10CEB0005A680AB1586308BD40F27E21B02001F0E3
:10CEC0007BF800BF6812002008B5054B5A680AB10C
:10CED000986308BD4FF42171B02001F06DF800BFD8
:10CEE00068120020044B9B6B03B1184710B540F249
:10CEF0008A21B02001F060F868120020044B5B6BBF
:10CF000003B1184710B54FF42471B02001F054F864
:10CF100068120020014B5868704700BF681200205B
:10CF200008B5054B5A6812B1D3E9020108BD40F2B9
:10CF30009B21B02001F040F868120020034B187FBD
:10CF400010F0010018BF988A704700BF68120020D7
:10CF5000054B1B681BB1D3E908200421104710B50D
:10CF60007221452001F028F8A8120020054B1B680B
:10CF70001BB1D3E908200321104710B56C214520CF
:10CF800001F01AF8A81200202DE9F04104460D46E0
:10CF900079B9174F3B683BBB16483C60FFF786FFEB
:10CFA0001548FFF791FFFFF76BF8637D5B070646B7
:10CFB00005D4D4E908302946BDE8F0411847FEF70A
:10CFC00019FF2036361A7E6000F092FB0028FBD055
:10CFD0000A4B0022C3F8A8252946C3F8AC25D4E99A
:10CFE0000830BDE8F04118478621452000F0E4FFF5
:10CFF000A81200206DCF000051CF000000F00140CA
:10D00000024B00221A601A81704700BFA81200204C
:10D0100008B5074B1A683AB10648D060002119607C
:10D02000BDE80840FEF78EBFB921452000F0C4FFDF
:10D03000A812002089CF0000C0E908122022002198
:10D0400001F0E4BA30B587B04B7A00220D46059264
:10D05000CDE900220492C3F3800282F001024FF076
:10D06000000162F3820104462A78287A8DF81510AF
:10D070008DF8140069682B4802910390002A40D172
:10D08000D5E904209DF815C01CF0040FCDE900205F
:10D0900028D19DF815202449C3F340035B0043F0D9
:10D0A000010322F0030213438DF815304B68C3F3DC
:10D0B00008038BB1103B5BB2002B1CDB03F1604318
:10D0C00003F5614393F800335B092BB969462046A9
:10D0D000FEF70CFF07B030BD69462046FEF7E4FEC0
:10D0E00007B030BD203A01F1200140F1FF3000923D
:10D0F00002910190CDE703F00F0319440B7D5B090A
:10D10000E3E72B690493FEF76DFE9DF815305B078E
:10D11000CDE9000104D5029A6B7A20320292B8E779
:10D120006B7AB6E789CF000000ED00E010B5037818
:10D1300086B0B3B90446D0E90401CDE90433CDE9A2
:10D1400000010393217A6368029368468DF81410F6
:10D15000FEF7A4FFDDE900230120C4E9042306B0A3
:10D1600010BD4FF4AB71452000F026FF08B50A4B07
:10D170001B6863B15B7D5B0705D5FEF781FF20303F
:10D1800041F1000108BDBDE80840FEF779BF4FF44A
:10D19000EE71452000F010FFA812002030B50C7889
:10D1A00087B07CBB4B7A05940C7A8DF81440C3F39E
:10D1B000800E174C4D6803948EF0010ED1E90441A6
:10D1C0004FF0000C6EF3820C1CF0040FCDE900410F
:10D1D0008DF815C0029507D0203C05F1200541F1DE
:10D1E000FF310094029501919DF815400492C3F31C
:10D1F000400363F3410469468DF81540FEF754FE81
:10D2000007B030BD40F21F21452000F0D5FE00BF21
:10D2100089CF000070B4EFF3108672B617490D780D
:10D22000ADB1174BD3F80445D3F848314FF6FF7230
:10D2300094421FD0E3B147F6FE739C4218D84B6866
:10D24000013306B962B6C0E9004370BC70470C4AAE
:10D25000D2F80445D2F8043153B14B6801334B6026
:10D26000C2F80451D2F80445D2F80431002BF4D1AD
:10D270004B68E6E7002BFBD11C46F9E7E0120020E3
:10D2800000B0004010B50A4C002222742277094BEE
:10D29000094801215960C3F84025C3F840214FF4E3
:10D2A00000221961C0F8082501F08CF8206210BD39
:10D2B000E01200200080004000F001403749384B68
:10D2C000F0B44D6A374C002201204A6058609860E3
:10D2D000C3F80843C3F84843C3F80421C3F8402106
:10D2E000C3F84421C3F84821002D55D02E4C2F4EB1
:10D2F000C4F8A8652E4AC4F8AC55C4F85C394FF49C
:10D300000023C4F804350523C2F840351060D2F874
:10D310004031002BFBD02448002301244FF400258A
:10D32000C0F808555460D460C2F84031C2F84035A6
:10D33000C0F8A835C0F8AC35C0F8AC350B7833B3BD
:10D3400091F82840184816491A4E1B4DE30003F186
:10D35000804303F5F8330122A2404FF6FF774FF4E4
:10D360008024C0F80825C1F84443C1F84875C1F8C5
:10D370000443C3F81065C3F81455C0F804250F4BD7
:10D380004FF40062C3F88021F0BC1A607047044B70
:10D390000222C3F80423F2E71860CFE7E01200206E
:10D3A00000B000400200070000F001404081004052
:10D3B0000080004048B1004008B0004000E100E0BB
:10D3C000044B4FF080411A6A0123C1F808351360FD
:10D3D000704700BFE012002010B4144C1449154AE5
:10D3E0000023C4F8A8350120C4F8AC354FF0FF3451
:10D3F00048600861C1F808430F4891684FF4807491
:10D40000C0F8804141B10D494FF48030C1F80803A4
:10D410001374C1F840319360126A10BC4FF0804120
:10D420000023C1F808351360704700BF00F00140C9
:10D4300000800040E012002000E100E000B0004069
:10D44000F0B55A4CA36883B0002B40F09F8025783C
:10D45000A260002D5CD1564B994200F29C80430F94
:10D46000544E554F43EAC101A6FB0132C0F34F337E
:10D47000920B03EB014307FB1233A6FB03639B0BE9
:10D4800043EA02434D4A02FB1300420B48F2376164
:10D4900001FB02F2120C43F60957494907FB12003F
:10D4A00000FB01F1490D43F6085601EB422207FB50
:10D4B0000161B0EB512F88BF01320026002D41D011
:10D4C0001F0C1B049D18684647F10007FFF7A2FEDA
:10D4D000DDE90032053346F100064FF48031E2FB0E
:10D4E00001369D4277EB060647D32A0C4FF6FF71B3
:10D4F000ADB242EA0742002D08BF0D4631494FF454
:10D500008030C1F84055E260C1F8040303B0F0BDBB
:10D510002D4B994244D8430D264E274F43EAC12153
:10D52000A6FB0132C0F34F13920B03EB014307FB41
:10D530001233A6FB03639B0B43EA0243234A02FB1D
:10D540001300A2E71F0A1B069E18684647F1000752
:10D55000FFF760FEDDE90032053345F100054FF0CD
:10D560008071E2FB01359E4277EB050505D3320E53
:10D5700042EA072226F07F45C0E7FF232374144BBD
:10D580004FF40062C3F8002103B0F0BD40F2F9216E
:10D59000052000F011FD4FF49471052000F00CFD02
:10D5A00040F22311052000F007FD00BFE01200202B
:10D5B000FF7F841E83DE1B43000024F40080841E52
:10D5C0006F0C010000B000407F841E0080841E00AC
:10D5D00000E100E0064B9A684AB106494FF48032F8
:10D5E000C1F8082300221A74C1F840219A607047DC
:10D5F000E012002000B0004070B4EFF3108572B666
:10D60000364C207820B3364BD3F80425D3F8486144
:10D610004FF6FF739A4252D043F60951C2F3080302
:10D6200001FB03F3500A01FB00F003F5807300EBEC
:10D6300053200021002E45D047F6FE739A4241D870
:10D640006368013325B3274A70BCE3FB02017047CE
:10D65000234AD2F80435D2F8041111B363680133B8
:10D660006360C2F80401D2F80435D2F8041100292D
:10D67000F4D143F6095CC3F30802580A0CFB02F22A
:10D6800002F580730CFB00F000EB532063681DB9BA
:10D6900062B62278002AD6D1134AE3FB020170BC9D
:10D6A000704743F60956C3F30802580A06FB02F313
:10D6B00006FB00F003F5807300EB5320E6E71EB194
:10D6C0000A4800216368BDE7636815B92846294602
:10D6D000DEE7044A30463146DFE700BFE0120020B3
:10D6E00000B0004080841E000080841E61841E0003
:10D6F00070B4EFF3108072B6384A15780DB3384B1A
:10D70000D3F80455D3F848614FF6FF739D4256D0C5
:10D7100043F60954C5F3080104FB01F16B0A04FB4D
:10D7200003F301F5807103EB51230024002E49D04F
:10D7300047F6FE718D4245D85168013108B329483A
:10D7400024E02749D1F80435D1F804414CB353689B
:10D7500001335360C1F80451D1F80435D1F80441C4
:10D76000002CF4D143F6095CC3F308010CFB01F172
:10D770005B0A01F580710CFB03F303EB5123516845
:10D7800018B962B610780028D9D11748E1FB0034E7
:10D79000D2E90C128B4294412CBF0120002070BCB6
:10D7A0007047C3F3080143F609555B0A05FB01F115
:10D7B00005FB03F301F5807103EB5123DFE71EB195
:10D7C0000A4B00245168B9E7516810B90346044672
:10D7D000D7E7044833463446D8E700BFE0120020BC
:10D7E00000B0004080841E000080841E61841E0002
:10D7F000194B1A4810B5012200214FF400245A6039
:10D80000C3F84015C3F840111A61C0F80845D3F8B1
:10D81000040520F00300C3F80405D3F8080540F020
:10D8200003001021C3F8080591FAA1F1B1FA81F1C2
:10D8300009290CDC0A48C3F810154FF48074DA602B
:10D84000C0F8804104605A60DA601A6010BD054873
:10D8500040F29F3100F0A6FB0080004000F0014044
:10D8600000E100E0808F02002DE9F047DFF87481CD
:10D870005D4E012100234FF4002284B0C8F804104B
:10D88000C8F84035C8F84031C8F81010C6F8082567
:10D89000D8F8042522F00302C8F80425D8F8082592
:10D8A00042F00302C8F80825102292FAA2F2B2FA56
:10D8B00082F2092A00F39180C8F810254B4A4C4F98
:10D8C000C8F80C104FF48070C2F880011060494A0B
:10D8D000C8F80410C8F80C10C6F8A8253A78C6F89D
:10D8E000AC8502A8002A56D0019306E00123C6F8B1
:10D8F00008A5C8F80430C8F80C30FFF78BFCDDE948
:10D900000243019D4FF4002A4FF48039C6F804A564
:10D91000E3FB0945FFF77EFCDDE902320199E2FBFA
:10D920000931A94208BFA342E0D1013443F60952AC
:10D93000C4F3080345F1000502FB03F3210EC4F311
:10D940004E2441EA052102FB04F02D0E03F58073FD
:10D9500000EB53204C016B01641A43EAD16363EB83
:10D960000506B201A3011B1B42EA946262EB0602A8
:10D97000D20042EA5372DB005B1845EB0205E90373
:10D98000DA03801841EA534141F10001C7E90C0173
:10D9900004B0BDE8F087019206E00123C6F808A5AF
:10D9A000C8F80430C8F80C30FFF734FCDDE9024356
:10D9B000019D4FF4002A4FF08079C6F804A5E3FBDF
:10D9C0000945FFF727FCDDE902320199E2FB093145
:10D9D000A94208BFA342E0D1A7E7074840F29F3120
:10D9E00000F0E0FA0080004000F0014000E100E0BB
:10D9F000E012002000B10040808F020010B5029CB0
:10DA0000201841F10001801A61EB0301B0F1004FD1
:10DA100071F1000100DA10BD40F2A931052000F0DB
:10DA2000CBFA00BF70B4EFF3108572B6364C207895
:10DA300020B3364BD3F80425D3F848614FF6FF7373
:10DA40009A4252D043F60951C2F3080301FB03F393
:10DA5000500A01FB00F003F5807300EB5320002116
:10DA6000002E45D047F6FE739A4241D863680133D1
:10DA700025B3274A70BCE3FB02017047234AD2F862
:10DA80000435D2F8041111B3636801336360C2F83E
:10DA90000401D2F80435D2F804110029F4D143F678
:10DAA000095CC3F30802580A0CFB02F202F580730A
:10DAB0000CFB00F000EB532063681DB962B62278BE
:10DAC000002AD6D1134AE3FB020170BC704743F62B
:10DAD0000956C3F30802580A06FB02F306FB00F0DE
:10DAE00003F5807300EB5320E6E71EB10A480021DE
:10DAF0006368BDE7636815B928462946DEE7044A2E
:10DB000030463146DFE700BFE012002000B00040A1
:10DB100080841E000080841E61841E00024B01224E
:10DB2000C3F84423704700BF00B00040024B0122FD
:10DB3000C3F84823704700BF00B0004008B5FEF7A7
:10DB4000BFF830B9074A936B0133312B936304D884
:10DB500008BD044B00229A6308BD40F2F531052050
:10DB600000F02AFAE012002010B53F4C237882B072
:10DB7000002B55D03D4BD3F8042352035BD43B4BD1
:10DB8000E168D3F80423D00334D5D3F84031002B17
:10DB900030D0636899425DD800232374334AA1686A
:10DBA000C2F840314FF48030C2F80803002955D044
:10DBB000A36088472D4BA169D3F80423920324D591
:10DBC000D3F844310BB363688B423FD300222277F2
:10DBD000264B6169C3F844214FF40030C3F80803B1
:10DBE00000293BD08847214BD3F840310193019B5A
:10DBF00002B010BD6268237C002BCDD19142D9D9EF
:10DC00001A4B0022C3F84021D4E76268237F002B1F
:10DC1000DCD18A42E7D2154B0022C3F84421E2E767
:10DC2000124AD2F804110029A9D0C2F8043163685D
:10DC300001336360A3E7D3F84821002A9FD0002274
:10DC4000C3F8482163680133636098E7237F002BA2
:10DC5000E1D0BBE7237C002BD2D09DE740F23741D7
:10DC6000052000F0A9F900BFE012002000B000403C
:10DC7000034610B3007888B91A79012A1ED85A7958
:10DC8000012A1BD89A680E49643A8A4216D8D86885
:10DC90000C4B98422CBF00200120704701280CD16A
:10DCA0001A79012A09D85A79012A06D8DA6804496A
:10DCB000643A8A4201D89868EAE70020704700BFBA
:10DCC0003C8601000040420F70B50446FEF78AF81A
:10DCD000D4E90632656A503342F100025B1942F121
:10DCE000000205F5DF6540F2F966B5FBF6F55B1954
:10DCF00042F1000283428A410ED294F82A30052B69
:10DD000003D0B3216A2000F057F90A21236A94F85E
:10DD100058009847B621F5E7044C236813B198479B
:10DD200000232360BDE87040FFF772B91C13002088
:10DD300070B504460D4639B9012380F85930FFF714
:10DD4000C3FF0226304670BD0E78032E70D801A3A3
:10DD500053F826F043DD000065DD0000CFDD000054
:10DD600087DD00004868C72801D80026EAE70421BB
:10DD7000FEF756F90028F8D0FEF73AF86968204611
:10DD800004F024FEDEE790F8286006BB4D682846C4
:10DD9000FFF76EFF00284BD02B78D3B901212170FB
:10DDA0002B796A79003B18BF0123002A14BF042293
:10DDB00002222272AA6843F004036F326260EA68AA
:10DDC00063720323226184F82A3084F829102046E4
:10DDD000B5E794F82A30052B04D040F293116A205D
:10DDE00000F0EAF826702B796A79003B18BF01230E
:10DDF000002A14BF042202222272EA6843F00403BC
:10DE00006F3263726260D4E90632A9685B1842EB34
:10DE1000E172C4E90432042384F82A30214604F173
:10DE20003000FFF70FF90028D1D140F29511D6E765
:10DE3000012384F85930CAE72DE9F843884607469C
:10DE400058B300F02FF84FF0000904465FFA89F646
:10DE5000B44203D86FF00B00BDE8F883304600F001
:10DE600027F890F82A5009F10109002DEED130462B
:10DE700000F01EF80A490585044680F82A5080F80B
:10DE8000586002463030FFF7D7F80123276284F844
:10DE90002A30284688F80060DEE76FF01500DBE7DF
:10DEA000DB290100014B1879704700BF20130020C7
:10DEB000044B1A79824283BF1B68602202FB003048
:10DEC00000207047201300200A4610F0030110B50F
:10DED0000AD1074C2271206008B9002010BD6023D0
:10DEE0005A4300F093FBF8E76FF00D00F6E700BF30
:10DEF00020130020BFF34F8F0549064BCA6802F478
:10DF0000E0621343CB60BFF34F8F00BFFDE700BF5C
:10DF100000ED00E00400FA05094B01225A604FF0C1
:10DF2000FF32C3F80823074B4FF48042C3F8802028
:10DF3000BFF34F8FBFF36F8FC3F88021704700BFCF
:10DF400000E0004000E100E0094B01225A604FF080
:10DF5000FF32C3F80823074B4FF48052C3F88020E8
:10DF6000BFF34F8FBFF36F8FC3F88021704700BF9F
:10DF700000C0004000E100E0084B0022C3F8FC2F85
:10DF80000122C3F8FC2F064B0222C3F88020BFF306
:10DF90004F8FBFF36F8FC3F8802170470010004090
:10DFA00000E100E008B572B6024B5B6803B1984728
:10DFB000FFF7A0FF281300201FB572B6134B5D6852
:10DFC00095B9FFF797FF2346B2FBF6F25C1C002AD7
:10DFD000F9D104AEDCB256FA83F303F80C2C0A2212
:10DFE00034B901A8A847ECE7024600230A26EDE76A
:10DFF000631E04AEDCB256FA83F3B0FBF2F602FB0A
:10E000001600303003F80C0C3046E9E728130020E6
:10E01000F8B51F4E337805460C461746A3BB00F0F3
:10E02000C5F9FDF7A1FA77603472FFF7A5FFFFF796
:10E030008BFFFFF771FF174B002D14BF28461846C2
:10E04000FDF772FE0546E8B9FEF7DAFFFDF75EFE62
:10E0500004F0A3FDFDF7B4FE18B9B8211120FFF7B5
:10E06000ABFF002C0CDB04F01F026409A40004F1D8
:10E07000604404F5614401239340C4F88031236077
:10E08000012333702846F8BD4FF0FF35FAE700BF93
:10E0900028130020A2880200074B93F90830002BB8
:10E0A00009DB5A09012103F01F03994002F14003E3
:10E0B000024A42F8231070472813002000E100E0D4
:10E0C000014B1878704700BF2813002050B1074B50
:10E0D00003F1140253F8041B40F8041B9342F9D1D6
:10E0E000002070476FF01500704700BF8E9C020043
:10E0F000F0B5284D284C294F83B02E780136F6B262
:10E10000D5E84F3F0133DBB2C5E8423F002AF7D1E3
:10E1100001236360C4F80021C4F80421EFF31082E6
:10E1200072B6C4F80405236052B962B608E0D4F8A8
:10E1300004314BB92B789E4206D13B69DB0613D4E0
:10E14000D4F80031002BF2D0D4F80431002BD4D114
:10E150002A78B242D1D10322C4F80031C4F8043184
:10E16000C4F8082303B0F0BD0D4B03214FF48042E7
:10E17000C4F80413C3F88021D4F80031002BDFD198
:10E18000D4F80431002BDBD1019004F004FE019897
:10E19000D6E700BF3113002000E0004000ED00E0B2
:10E1A00000E100E070B51446DA078CB01D468646E3
:10E1B0008C4633D5C36842681BBA0093CB681BBA40
:10E1C000049383681BBA019303681BBA03938B689B
:10E1D00012BA1BBA029205934A680B6812BA1BBAAC
:10E1E0006E46069207933046FFF782FFAB070DD5C8
:10E1F000DDE90A10DDE9083200BA09BA12BA1BBA21
:10E2000020606160A260E3600CB070BD08AD0FCD0E
:10E2100020606160A260E3600CB070BDDEF80410A5
:10E22000DEF80820DEF80C300068EE46AEE80F009D
:10E23000DCF80000DCF80410DCF80820DCF80C3016
:10E240006E46AEE80F00CEE710B5002482B0CDE9EF
:10E250000044FFF7A7FF02B010BD00BF1A4B4FF4F8
:10E26000805270B5C3F88020BFF34F8FBFF36F8F1C
:10E27000164C174D0021C4F80011C3F880212E69F7
:10E280002B6943F010032B610123C4F8043306F01B
:10E2900010062360D4F800319BB11EB92B6923F01E
:10E2A00010032B610123D4F808056360C4F8083318
:10E2B0000023C4F80031044B4FF48052C3F880218E
:10E2C00070BD04F068FDE5E700E100E000C000403B
:10E2D00000ED00E00B4938B5042301EBC3021579CA
:10E2E00005F0FF042DB1013BF7D240216920FFF773
:10E2F00063FE41F833000121547194711171D8B259
:10E3000038BD00BF34130020042808B503D94721C5
:10E310006920FFF751FE034B03EBC00300221A7183
:10E3200008BD00BF34130020042808B503D95021CC
:10E330006920FFF741FE094B03EBC0000379012B75
:10E3400001D05121F4E7437982790133DBB29A425B
:10E3500018BF4371BDE80840FFF79EBE341300208C
:10E3600038B5114D052495F8281005EBC1031A792D
:10E37000012A09D158799A79904205D05A79D2B2B6
:10E380009A7155F83130984795F828300133DBB24F
:10E39000052B04F1FF3428BF002314F0FF0485F897
:10E3A0002830E0D138BD00BF341300204FF0805238
:10E3B000034BD2F830111960D2F834215A607047FB
:10E3C00060130020084B1B68083B082B0AD840F25A
:10E3D000211222FA03F313F0010F044B044818BF73
:10E3E00018467047024870476013002000E701405C
:10E3F0000C050040144B1B68062B03D0013301D0E1
:10E4000020BF7047EFF3108072B6104A136911698C
:10E4100041F0100111610E49D1F80021D1F8041129
:10E420000A4303F0100300D040BF20BF00BF00BF6D
:10E4300000BF00BF23B9054A136923F0100313611D
:10E4400000B962B6704700BF6013002000ED00E025
:10E4500000E100E0914270B53FD2B2FA82F33BB1E5
:10E46000C3F1200420FA04F49940214398409A40D3
:10E47000150CB1FBF5FC05FB1C1E4FEA0E4E030C00
:10E4800084B20EEB10401FFA82FE0CFB0EF68642A1
:10E4900006D9361A964294BF01260226ACEB060C2A
:10E4A00003EB01430CFB1233B3FBF5F005FB103318
:10E4B00004EB034400FB0EFEA6454FEA0C4C09D9C1
:10E4C000AEEB040E964594BF4FF0010E4FF0020ED6
:10E4D000A0EB0E0040EA0C0070BD73219620FFF700
:10E4E0006BFD00BF2DE9F8431C4652EA040349D0F6
:10E4F000074615460E4684B9914204D2FFF7AAFF9B
:10E500002146BDE8F88321463046FFF7A3FF0446C5
:10E510002A46384604FB1561F0E74FF00108B4FACB
:10E5200084F908FA09F3A3FB021220FA08F003FBAE
:10E53000042240EAC67026FA08F1FFF78BFFC9F102
:10E540001F0230FA02F34FF0000C08D14046194682
:10E55000AF42A6413CBF18466146BDE8F8835A1E4B
:10E5600061466CEB0C0C05FB0CFE02FB04EE18463E
:10E570001346A5FB0228BA1A0EEB080766EB07063E
:10E580001746E5E7A6219620FFF716FD431A9342AA
:10E5900028D382B370B5541E052C2DD95C1E022CD5
:10E5A00084460B4628D922F0030596084C1953F8E7
:10E5B00004EB4CF804EBA342F9D1AA4200EB050CA2
:10E5C000A2EB05040DD011F8262000F82620012C1E
:10E5D00007D05A788CF80120022C02D09B788CF856
:10E5E000023070BD8B18024413F801CD02F801CD42
:10E5F0009942F9D17047704701390244034611F836
:10E60000014F03F8014B9342F9D170BD10F0030F95
:10E61000C9B2034607D0BAB303F8011B13F0030FC6
:10E6200002F1FF32F7D170B5032A01EB012404EBAC
:10E6300004441ED9161FB508032E05F1010521D982
:10E640004FEA550E03EBCE0E9C46CCE900440CF18C
:10E65000080CF445F9D115F0010F04D025F001059F
:10E6600003EB85052C6026F003060433334402F0E7
:10E67000030232B1012A197003D0022A597018BF5F
:10E68000997070BD1D46EDE7704700BF844641EAB2
:10E69000000313F003037DD1403A51D3F0B4F0C925
:10E6A000F0C0F0C9F0C0F0C9F0C0F0C9F0C0403A05
:10E6B000F5D2F0BC44E0403A42D300BF51F8043BED
:10E6C00040F8043B51F8043B40F8043B51F8043B4C
:10E6D00040F8043B51F8043B40F8043B51F8043B3C
:10E6E00040F8043B51F8043B40F8043B51F8043B2C
:10E6F00040F8043B51F8043B40F8043B51F8043B1C
:10E7000040F8043B51F8043B40F8043B51F8043B0B
:10E7100040F8043B51F8043B40F8043B51F8043BFB
:10E7200040F8043B51F8043B40F8043B51F8043BEB
:10E7300040F8043B51F8043B40F8043B403ABDD25A
:10E74000303211D351F8043B40F8043B51F8043BFC
:10E7500040F8043B51F8043B40F8043B51F8043BBB
:10E7600040F8043B103AEDD20C3205D351F8043B8B
:10E7700040F8043B043AF9D2043208D0D2071CBF57
:10E7800011F8013B00F8013B01D30B880380604680
:10E79000704700BF082A14D38B078CD010F00303F6
:10E7A00089D0C3F10403D21ADB071CBF11F8013B67
:10E7B00000F8013BFFF47FAF31F8023B20F8023B49
:10E7C00079E7043AD8D3013A11F8013B00F8013B4C
:10E7D000F9D20B7803704B7843708B788370604666
:10E7E000704700BF014B1B681B681847940000204E
:10E7F000014B1B685B68184794000020014B1B68A5
:10E800009B68184794000020014B1B681B69184740
:10E8100094000020034B1868034BC01A18BF012056
:10E82000704700BF940000202CE800009F2D0100DD
:10E83000AB2D0100AF2D0100B72D0100BB2D010054
:10E8400008B5F2F799FEF5F793F8F2F7F7FC002018
:10E8500008BDFFF73BBCF5F719B801F08EBC01F01D
:10E860008FBC01F090BC01F085BC10B586B00446A9
:10E8700001A8FFF72BFC02232370A3709DF804303E
:10E880006371BDF80530E380DDF80730A360002038
:10E890006070E070207106B010BD00F0F0BF70B580
:10E8A0000446FAF795FE012805461AD1601CFAF7CE
:10E8B00097FEB0B1A37963F03F03A3710020F5F791
:10E8C000CBFAE61D38B1102200213046FFF79EFE3C
:10E8D0002570002070BD3046FAF796FE0028F2D071
:10E8E000F6E70025F4E710B5102204460021FFF7F3
:10E8F0008DFE04F11003102200211846FFF786FE5A
:10E90000FAF79EFE0020F5F7A7FA20B12046FAF7A5
:10E910007BFE002010BDFAF75BFE0028F6D0F8E77A
:10E9200010B50446FFF79AFCB0F5007F09DA10F540
:10E93000007F08DD031EB8BF03339B102370002047
:10E9400010BD7F23FAE76FF07E03F7E78178008838
:10E9500001F0CCBB37B505460C4600880DF1060129
:10E9600001F075F82B882380BDF80630638003B072
:10E9700030BD38B505460C46F2F712FE30B13E2DDB
:10E9800004D12046BDE83840F2F74EBE38BD37B559
:10E9900004462046F5F7D6FE022805460FD0042887
:10E9A0000DD123788A2B0DD0942B21D0204600F056
:10E9B00038F8A1782078FFF7DCFF0028E9D0284656
:10E9C00003B030BD05213E20FFF7D3FF0028EDD175
:10E9D000E378227901A943EA02236846ADF80030C2
:10E9E00001F010FB0028D4D053210820F2F7EAFBF5
:10E9F0001A213E20FFF7BDFF0028D7D16379A27905
:10EA000043EA0223ADF804306946112301A88DF8CA
:10EA10000630F4F733FF0028BBD06521E5E702F0AC
:10EA20000DBA10B50378813B04461A2B35D8DFE8C0
:10EA300003F0353B474B556D730E67418187617716
:10EA40007B8D9BB5C0CEE0E6ECF234DAD400292011
:10EA5000F2F7EAFD30B13E232370222363702923AD
:10EA6000A3701AE00A20F2F7DFFD3E23237018B1ED
:10EA70001F2363700A23F3E70123A370132363703A
:10EA8000E37903F00103E371D4F81A30C4F80E30CF
:10EA9000E38B638294F82030237510BD3E2303700E
:10EAA000042343701423DBE73E2303700A234370DF
:10EAB0000323D5E73E2303700D2343700523CFE7DF
:10EAC00005232370042307E05A20F2F769FD082389
:10EAD0000028F6D05A2222706370DEE75B20F2F73E
:10EAE0005FFD18B15B2323700623F5E73023237005
:10EAF0000323F1E73E2303700B2343700723AFE7A3
:10EB00003E230370062343700C23A9E713230370ED
:10EB100083789B000133DFE7572303700223DBE791
:10EB20003E2303700D239BE73E23037001234370B4
:10EB3000112395E73E2303700623437012238FE7CA
:10EB40003E23037009234370132389E73E23037098
:10EB50002420F2F769FD18B12423A3701423BBE726
:10EB60000E23A3701023B7E73E2303702520F2F78E
:10EB70005BFD227B20B125230B32A37062708CE7F2
:10EB80000F23A37002F10803637004F10B0104F179
:10EB900008000232BDE81040FFF7F8BC3E230370C6
:10EBA0002620F2F741FD18230028D6D02622A27095
:10EBB00092E73E2303702A20F2F736FD18B12B238B
:10EBC00063702A234CE71D236370192348E73E2313
:10EBD0000370072343701A2342E7FF2303700D23BA
:10EBE000437080233CE7FF23037029234370812374
:10EBF00036E73E2303700C234370232330E73E2384
:10EC000003700E23437037232AE73E2303700A2341
:10EC10004370352324E73E230370FE2343702B23E8
:10EC20001EE708B510B96FF0150008BDFFF7F7FE35
:10EC30000028F8D00020F8E710B50C4648B141B1E3
:10EC4000FFF7A5FE002820700CBF6FF02200002007
:10EC500010BD6FF01500FBE7F8B5941C0C4463433E
:10EC6000B3F5004FA8BF4FF0FF330E4610F003017D
:10EC7000054617469CB203D0B0211420F2F7A2FA41
:10EC8000B4F5004F01D9B121F7E714220430FFF7A2
:10EC9000BDFCEF746C802E80F8BD38B50388C48845
:10ECA00005898B42C4F30E0203D2D1211420F2F75E
:10ECB00089FA84EA0503C3F30E030BB9AC4206D10B
:10ECC00002F118030122C1528274184438BD18465B
:10ECD000FCE7023101444A43B2F5004FA8BF4FF0B0
:10ECE000FF3290B21B3020F00300B0F5004F34BF6C
:10ECF00000B24FF0FF30704740881B3020F0030017
:10ED0000B0F5004F34BF00B24FF0FF3080B2704713
:10ED100038B503888B4203D2F7211420F2F752FA58
:10ED2000857C65B1C388C3F30E031833C25A8A4287
:10ED300007D3C152811DF2F787FC00238374284654
:10ED400038BD0025FBE70346F0B59E88DD88B4B2E8
:10ED5000A54200F11800C6F30E0616D05F89DD7CCF
:10ED6000845B3D4402353544E41B28440D88A4B23D
:10ED7000A54288BF0C805989B1FA81F14FEA51113F
:10ED800088BF25461170DD81F0BD00252846FAE7D1
:10ED9000F8B58288C389002604460D4692B20E60FB
:10EDA000CBB1C2F30E024189183287180B44825A44
:10EDB0009BB29342438104D94FF4A2711420F2F71D
:10EDC00001FA04D1011DF2F73FFC46812F600023B8
:10EDD000E3810120F8BD1846FCE7838802899BB2D5
:10EDE0009A42014602D00831F2F72EBC7047838860
:10EDF000C0889BB2C31A584258417047828873B585
:10EE0000C48895B2AC42C2F30E0202F1180212D0CD
:10EE10004189C689835A314499420EDB0DF10601BE
:10EE2000ADF80650F2F710FCBDF80600001B18BF45
:10EE3000012002B070BD0020FBE70120F9E770B5AA
:10EE4000C488068984EA0602C2F30E020346C4F3AC
:10EE50000E0518300AB9B4420FD19C891A880CB13A
:10EE6000465B921B914207DCDA7C2C44023222443E
:10EE700010440A461A8270BD00221046FAE7F8B51F
:10EE8000038A002B38D08B4236D3C488858900F1A1
:10EE90001803C4F30E041E1995B91D5575708589A4
:10EEA0001E5B0D44ADB2314485811953D2B1811D31
:10EEB000F2F7CAFB00238381002303820120F8BDFF
:10EEC0001E5BAE4204D04FF4F6711420F2F77AF9CB
:10EED000C57C878A2644023535445E195F53857D9B
:10EEE000B570DCE7C27C254402322A4499189B5A4B
:10EEF00083828B788375DFE70020E0E78388C28810
:10EF00009BB29A4206D0428922B9C3F30E0318334A
:10EF10001844704700207047C37C0233C8187047FC
:10EF2000C37C0233C81A70470230704738B58388F3
:10EF3000C2889BB29A4207D045892DB9011DF2F7CC
:10EF400083FBC581012038BD0020FCE703881380C6
:10EF5000C388C3F30E03183303440B6080897047E2
:10EF60000368002223B9C0E90132031D0360704722
:10EF700059681B680A44F5E7072970B5034604D8A9
:10EF80004FF4EC711520F2F71DF90068C0B1446828
:10EF90001A688C42064610D0106860B901F1080565
:10EFA000AC420DD3546850501868651A5418006864
:10EFB0006560505002E01346E9E714681C60304673
:10EFC00070BD0023C1E9003203680B600160704727
:10EFD00030B590B18478B1FBF4F304FB131300EB6C
:10EFE000430252898A4201D1D8B230BDC27822B9D7
:10EFF00000F10803D0B2844201D8FF20F5E733F8CE
:10F00000025F8D4202F10102F4D1EEE782780388BB
:10F0100005324B4303EB42031844704737B50024D5
:10F02000CDE9004405468DF806006846ADF8044079
:10F03000F2F7EEFCBDF8044008B103B030BD29463C
:10F040002046F2F7C1FC0028EFD040F2352117200E
:10F05000F2F7B8F870B50D4609211E46FFF739FEE4
:10F060003246044609212846FFF733FE40EA0403EE
:10F070001B0454BF00194FF0FF3070BDD31D23F0A7
:10F08000070370B5083390B110F0070403D058217E
:10F090002220F2F797F80460C280818000F1080412
:10F0A0000A464FF6FF75013A92B2AA4203D103FB1A
:10F0B00001F0083070BD0668266004601C44F2E769
:10F0C000012303707047F8B50C4684F00104640016
:10F0D000054611461E46E4B2FF23837003191B7DCB
:10F0E000012B06D0631CDCB250FA83F31B7D012B8D
:10F0F0000AD105EB44073B8B3A8C9819904205DD09
:10F100002C4400233B8323750020F8BD05EB8404C9
:10F11000324660681844FFF7B9FA3B8B1E443E83C1
:10F120000023AB700120F0E781F00101490010B528
:10F13000C9B2FF23837043181C7D012C07D10C3109
:10F1400020F8112002221A750023837010BD0131AE
:10F15000CBB250FA81F10C7D012C05D10C3320F893
:10F16000132002230B75EFE74FF499710920F2F792
:10F1700029F830B50246837803F0FF00F3B9137D18
:10F18000022B19D0537D022B15D10346012089B1E2
:10F19000D5180C3300242C7522F8134013180324BF
:10F1A0001C7502EB80035B680B6000F10C0332F806
:10F1B00013308B80012030BD0123E8E70020FAE7FF
:10F1C00030B50346827802F0FF00E2B99A7D022A48
:10F1D00017D0DC7D022C13D1032281B11D190C3410
:10F1E0000020287523F8140098180324047503EBF5
:10F1F00082000C32406833F8123008608B800120A6
:10F2000030BD0324E9E70020FAE7037D012B01D19B
:10F21000008B7047437D012B0CBF408B0020704753
:10F22000837D012B01D1808B7047C37D012B0CBFE7
:10F23000C08B00207047038B23B9408B003818BF68
:10F240000120704701207047838B23B9C08B0038A1
:10F2500018BF0120704701207047027D022A01D1AA
:10F26000008B7047437D022B01D1408B7047032AEE
:10F27000F6D0032BF9D000207047827D022A01D1FD
:10F28000808B7047C37D022B01D1C08B7047032A4E
:10F29000F6D0032BF9D0002070472DE9F041064647
:10F2A00006989DF81C70984643070D46114602D0FB
:10F2B00010F0030003D025214C20F1F783FF4FF419
:10F2C0008B72FFF7DBFE002F06AB044600FB08F154
:10F2D0000CBF18460020F2F7DBF917B9069B336024
:10F2E0002C60BDE8F081F2F763BD00F0FD0000384E
:10F2F00018BF012070472DE9F041B0F86A70B0F8EE
:10F300006C50164671B303F04CFA0221044601F02A
:10F31000D6F902218046204601F0D1F9474528BFA1
:10F320004746BFB21B2F38BF1B27FB2F28BFFB2729
:10F33000854228BF0546ADB21B2D38BF1B25FB2DCE
:10F3400028BFFB25B4F5A47F38BF4FF4A474B4F5EF
:10F35000296F28BF4FF429647780F580B480348109
:10F36000BDE8F08102F0DEFBCFE707B50023CDE971
:10F37000003303238DF806306846F2F749FB08B1E5
:10F38000002004E0009802F084FC0028F4D003B0D0
:10F390005DF804FB13B501210020F2F7FFFAC0B9B4
:10F3A00001210846F2F7FAFAF8B9FFF7DEFFA0B933
:10F3B000062301906C4600908DF806302046F2F747
:10F3C00027FBC0B100230093636007238DF806304C
:10F3D0001FE0A830F3F72CFD10B1012002B010BDE2
:10F3E000F3F702FD0028DBD0F7E7A830F3F720FDA4
:10F3F0000028DAD0F1E70098403002F061FA0028E6
:10F40000DCD0EAE7009B586F503002F059FA002830
:10F41000E4D12046F2F7FCFA0028F3D00020DDE723
:10F420001FB50022009240F6881303A9FBF7F2FFF4
:10F4300005B05DF804FB10B5044638B1F4F706FBDF
:10F4400024EA0000B0FA80F0400910BD0120FCE77A
:10F4500070B505460C4602F01CFCF0B9284602F0D7
:10F4600055FDD0B904212046F2F798FA064678B93E
:10F4700006212046F2F792FA054680B9032120467C
:10F48000F2F7A2FA88B141F6CC013920F1F79AFEE1
:10F49000403002F015FA0028EAD00C2010E040308D
:10F4A00002F00EFA0028E9D0F7E73EB10421204629
:10F4B000F2F78AFA10B141F6D301E6E70DB9002060
:10F4C00070BD06212046F2F77FFA0028F7D041F6FA
:10F4D000DA01DAE738B50D460446F2F799FBA8429F
:10F4E00012D3204602F0F1FE08B11F2D0ED820469F
:10F4F00002F063FD60B12946204602F089FD002834
:10F500000CBF4520002038BD0720FCE71220FAE799
:10F510004220F8E738B5044602F04FFDD8B1204646
:10F5200002F0B7FB08B9002038BD204602F0CAFA45
:10F530000546204602F0C9FA78B9002DF3D0B5F897
:10F54000AA000221F2F740FA0028ECD041F6D621B9
:10F550003920F1F737FE4220E6E70C20E4E7F0B56A
:10F5600087B0054602A9008801F010F9044600287A
:10F570007CD1029B93F86A21029ED11E4A424A41E5
:10F580008DF8062096F8A820002A72D1DA7B222A6C
:10F5900072D19DF8062082F0010293F862308DF856
:10F5A00007209B0603D49DF80730002B68D0EB881A
:10F5B0001B3B9BB2E02B65D82989A1F5A4739BB2B4
:10F5C00044F2481083425DD86B881B3B9BB2E02B12
:10F5D00058D8AA88A2F5A4739BB2834252D8B1F539
:10F5E000296F51D8B2F5296F4ED8FF2786F82F71B1
:10F5F0009DF80630002B41D1029B93F8A810B1FA78
:10F6000081F103AA06F1A8004909FFF774FE6A8890
:10F61000BDF81230BDF81410B5F806C0934228BFEB
:10F62000134640F64800A6F83431BDF80E30AA88DB
:10F63000814228BF0146634528BF6346A6F83031A2
:10F64000BDF81030834228BF03462889834228BF73
:10F6500003468A42A6F83231134628BF0B46A6F865
:10F66000363186F82E71002386F82F31204607B0F8
:10F67000F0BD1A6892068CD422468EE73A24F2E74F
:10F680001A24F3E71224F1E71124EFE710B504463A
:10F69000FFF76BFE58B901210020F2F77FF9D0B9CE
:10F6A00001210846F2F77AF9D8B9012009E0F4F708
:10F6B00085F968B1F3F7BEFC044602F0EFFD08B12E
:10F6C000002010BD204602F0E5FD0028E3D0F7E75A
:10F6D000002CE0D1F4E7A830F3F7AAFB0028DFD034
:10F6E000EEE7A830F3F7A4FB80F00100C0B2E8E732
:10F6F000006890F8A8303BB190F8E23123B10023C4
:10F7000080F8E231F6F720BD704710B50378012B81
:10F71000044601D9122010BDFFF73CFE60B92078E5
:10F72000FFF7E3FD01280DD004F11703E21D611C72
:10F73000BDE81040F4F706BDF4F796FD0028EED0C2
:10F740000C20E8E7A37903F0C003C02BE2D1EBE77C
:10F7500010B50378012B04460AD8FFF71BFE48B901
:10F76000214611F8010BFFF7C0FD00F035FF38B955
:10F77000122010BDF4F778FD0028F1D00C20F8E736
:10F780000020F6E708B50088F4F774FD00280CBFE8
:10F790003020002008BD38B50546FFF7FBFD0446C4
:10F7A00038B92878003818BF0120F4F757FD2046F3
:10F7B00038BD0C20FCE708B5FFF7ECFD18B9F4F7ED
:10F7C0003DFD002008BDF4F74FFD0028F7D00C20C8
:10F7D000F8E708230370002070471122027041F2FD
:10F7E0003903C2705922A0F801308280C380002002
:10F7F000704708B50821F2F711FB002008BD73B56A
:10F800000646008808800C4680B201A900F0BEFFC1
:10F81000054640B9B3784BB9019B93F92801A07014
:10F82000F9F798FDA070284602B070BD7F20FFF761
:10F83000F7FDF4E710B504466FF07F00FFF7F0FD29
:10F84000F9F788FD20707F20FFF7EAFDF9F782FDC8
:10F850006070002010BD08B50A46072300F11001B2
:10F86000FEF7F2FC002008BD10B50146044600205A
:10F87000F4F7D8FA08B92060A080002010BD10B5B8
:10F880000446F4F76FF828B900202146F4F7B2FADD
:10F89000002010BD0020FFF7F9FE0028F4D10C2055
:10F8A000F7E710B504460120FFF7F0FE28B101206C
:10F8B0002146F4F79FFA002010BD0C20FCE7FFF76B
:10F8C0004EBE1FB502880A80838844F290218B4285
:10F8D00015D8B3F5296FADF804204288ADF806209D
:10F8E00028BF4FF4296301A8ADF80830ADF80A200D
:10F8F000ADF80C30FFF733FE05B05DF804FB1220C5
:10F90000FAE737B508800D4601A900F03FFF04462D
:10F9100040B9019810F8A81FB1FA81F12A464909A7
:10F92000FFF7E9FC204603B030BD10B503466FF089
:10F93000040400206FF06F010A221C705870997047
:10F94000DA701C7158719971DA7110BD10B50446E6
:10F95000FFF720FD58B92078FFF7C7FC611CE2795A
:10F96000F4F74CFD80F001004000C0B210BDF4F788
:10F970007BFC0028EFD00C20F8E773B500880880E6
:10F980000D4680B201A900F001FF044680B9019E36
:10F9900086F8224196F82001F3F71CFBA87096F830
:10F9A0002101F3F717FBE87096F82231002BEFD115
:10F9B000204602B070BD1FB5044603A9008800F0C0
:10F9C000E5FE38B9A388022B14D8E078FFF733FDA1
:10F9D00010B9112004B010BDA078FFF72CFD00284D
:10F9E000F7D001230093A388E278A17803A8F4F765
:10F9F0005BF8EFE71220EDE737B58378C17802793D
:10FA000003F0010451EA040503F002031DD052EA99
:10FA100003051AD0002C18BF0021002B18BF0022AC
:10FA20008DF80320037842788DF8021043EA022310
:10FA3000ADF8003043798279684643EA0223ADF895
:10FA40000430FFF7B8FF03B030BD1120FBE713B55A
:10FA50000C4601A900F09AFE28B9019B93F8A82052
:10FA6000DB8812B9238002B010BD0133FAE713B569
:10FA7000044600F0D4FD00284DD02046F4F762FD86
:10FA80000023CDE90033FF246846F1F7C1FF48B3F6
:10FA900000244FF44033CDE90043FF246846F1F7DA
:10FAA000B7FF18B300204FF48023CDE90003FF24F3
:10FAB0006846F1F7ADFFE8B100214FF4C023CDE96E
:10FAC0000013FF246846F1F7A3FFB8B100224FF4FA
:10FAD0002023CDE900236846F1F79AFF90B100207A
:10FAE00002B010BD009B83F83542CDE7009B83F840
:10FAF0008A40D3E7009B83F83440D9E7009B83F822
:10FB00003440DFE7009B93F83820032AE3D1FF223B
:10FB100083F82220DFE71220E2E707B5008801A979
:10FB200000F056FE30B9019B93F83F2112B9FF2235
:10FB300083F83F2103B05DF804FB10B50446F3F7EA
:10FB40007BFF20606160002010BDF0B5044689B0E5
:10FB500000200E4604F11807F3F72AFF23466A46F1
:10FB600018685968154603C50833BB422A46F7D1C1
:10FB700019889B78AB70298000238DF81B308DF895
:10FB80001C30637E042B10D8A37E042B0DD8237D5C
:10FB9000022B0AD0637803F01803082B05D03146F6
:10FBA0006846F3F7EDFC09B0F0BD1220FBE7F0B5B5
:10FBB000044689B000200E4604F11807F3F7F8FE5A
:10FBC00023466A4618685968154603C50833BB4280
:10FBD0002A46F7D11B782B7000238DF81930ADF829
:10FBE0001A308DF81C30237D022B0AD0637803F085
:10FBF0001803082B05D031466846F3F7C1FC09B05D
:10FC0000F0BD1220FBE710B5032104460078F1F7A0
:10FC1000C5FE20B12178BDE81040FFF719BC422095
:10FC200010BD2DE9F7430646477800780321F1F728
:10FC3000B5FE0446002852D002F047FB042F96F888
:10FC40000390054604D1B9F1000F4ED0122013E005
:10FC5000E06CFFF7DAFAF37800EB09081FFA88F88E
:10FC60006BB9204602F0F0FA80450ED9204602F02A
:10FC70002CFB0028EAD1072003B0BDE8F083204622
:10FC800002F0F4FA0028ECD1E0E741462046FFF705
:10FC900021FC0028F0D1FB1E012B22D9B9F1000F65
:10FCA000D4D0002DD2D1012F04D10222E16C6846BC
:10FCB000F1F7C6FF7268E06C4B460121FFF703FACB
:10FCC0000028D8D0023F012F07D8E06CFFF79DFA3B
:10FCD00001210246E06CFFF727FA0020CCE7422022
:10FCE000CAE785F00102D2B2E0E70028AED1204693
:10FCF00001F0CFFF0028A9D0E06CFFF79CFA0028A4
:10FD0000A4D0204602F00DFBE7E737B50446F3F731
:10FD100091F923781F2B054618D8C16C0422684638
:10FD2000F1F78EFF2246E86C12F8013B0021FFF745
:10FD3000CAF968B1EC6C2046FFF772FA002102465E
:10FD40002046FFF7F1F9002003B030BD1220FBE799
:10FD50000720F9E72DE9F7430746467890F8039026
:10FD600000780321F1F71AFE044600284FD0F3F77C
:10FD700025FE30B1204602F091FA002808BF4FF06E
:10FD80000009E06CFFF74CFAFB7800EB09081FFA5A
:10FD900088F84BB941462046FFF79CFB054650B119
:10FDA000284603B0BDE8F083204602F077FA002829
:10FDB000F0D11225F4E7042EFBD0032E0CD12046FF
:10FDC00002F083FA08BB012E14BF05220622E16C63
:10FDD0006846F1F735FF08E0B9F1000FE9D0204699
:10FDE00001F057FFA8B9012EE9D07A68E06C4B46C4
:10FDF0000021FFF768F970B1023E012ED0D8E06C07
:10FE000042460021FFF790F9CAE70422DFE74225C6
:10FE1000C6E70C25C4E70725C2E713B50446002052
:10FE2000F3F7C6FDE378FB2B12D822788DF800207B
:10FE3000A2788DF80220043414F8032C8DF80120E8
:10FE400068468DF803300194FFF784FF02B010BDBF
:10FE50001220FBE710B504460020F3F7A9FDF1F7E7
:10FE6000D7FE2080002010BD73B504460020F3F7B4
:10FE70009FFD63787BBB23783BBB019300930323F7
:10FE80006C468DF806302046F1F7C2FDD0B90098D7
:10FE9000FFF740FB0028F6D018E09E0004EB830338
:10FEA00003219878F1F77AFDB8B12378012B0BD1B3
:10FEB000B11C2144F3F7CEF9013538B96278EBB2C1
:10FEC0009A42EAD8002001E013B1122002B070BDBE
:10FED000FFF720FBF0E70025F0E74220F6E738B512
:10FEE000032105460078F1F759FD0446A0B101F061
:10FEF000D0FE28B92046691C02F0A8F8002038BDC1
:10FF0000204602F0CBF908B10C20F8E7204602F0B9
:10FF1000C1F90028EED0F7E74220F0E737B50446F4
:10FF2000F3F788F823781F2B054618D8C16C0022F8
:10FF30006846F1F785FE2246E86C12F8013B012184
:10FF4000FFF7C1F868B1EC6C2046FFF75EF90121BC
:10FF500002462046FFF7E8F8002003B030BD12202B
:10FF6000FBE70720F9E713B504460020F3F720FD6F
:10FF7000E378FB2B12D822788DF80020A2788DF838
:10FF80000220043414F8032C8DF8012068468DF803
:10FF900003300194FFF745FE02B010BD1220FBE7CD
:10FFA00073B50546F3F746F8002604468DF804605D
:10FFB00002F078F92B788DF80760C001012BADF8BD
:10FFC000050005D101A92046F3F744F902B070BD40
:10FFD0002BB9204602B0BDE87040FFF79BBA122053
:10FFE000F4E710B5044634F8020B0880022180B211
:10FFF000F1F7D4FC20B12146BDE8104002F09FBBD0
:020000021000EC
:10000000022010BD008808B50880022180B2F1F7F7
:10001000C5FC20B1BDE80840002102F090BB0220E1
:1000200008BD37B50446008808800D4680B2092116
:10003000F1F7B4FC10B10C2003B030BD20880B21C7
:10004000F1F7ACFC0028F6D120880C21F1F7A6FCD2
:100050000028F0D1208801A900F098FB0028EBD1FE
:10006000019B9B8F6B80E7E737B5044600880880CB
:10007000092180B2F1F792FC10B10C2003B030BD21
:1000800020880B21F1F78AFC0028F6D120880C216A
:10009000F1F784FC0028F0D163880BB91220EDE75A
:1000A000208801A900F072FB0028E7D16588019B38
:1000B00042F21072A9B2D3F8C8405143B3F8DE201F
:1000C0006243B3F8D04004FB02229142E6D3D3F856
:1000D000C820D3F8C8409442F9D100225A63621E66
:1000E0000A449D87B2FBF4F29A63C7E710B50C4649
:1000F0000221F1F753FC90B1022C12D804F0010256
:10010000C4F3400480F8E42180F8E34112B190F890
:10011000E2310BB9002010BDF6F716F8FAE702201D
:10012000F9E71220F7E710B504460078FF280AD057
:100130000321F1F733FC58B16378A27843EA022334
:10014000C384002010BDB4F80100F6F787F9F8E782
:100150004220F7E710B504460078003818BF0120A8
:10016000F9F7ECF82078003818BF0120F5F7D8FF30
:10017000002010BD0620F3F727BC0820F3F724BCAD
:100180000B20F3F721BC02F00ABB10B5044604B9FA
:1001900010BD236898476468F9E703680BB90160EC
:1001A00070471A465B6813B18A42FAD170478A4297
:1001B00018BF5160704708B5F7F704FDF5F7A2FFC7
:1001C000BDE80840F7F7E6BC08B5F5F769FFF7F7B3
:1001D000D1FC20B140F263119320F0F7F3FFBDE8AA
:1001E00008400320FEF71ABF08B50220FEF716FFED
:1001F0000020FEF713FFF1F795FCF3F7B5FDF2F7DA
:100200005DFC20B140F243119320F0F7DBFF08BD05
:10021000FFF7EABF08B5FFF7D7FFF8F79DFA20B15F
:100220004FF4BC719320F0F7CDFF08BD08B500F086
:10023000A5F9F2F723FC0220FEF7F0FEBDE8084026
:100240000020FEF7EBBEFBF74DBD0B46892203F8FD
:10025000032BD0F80920C1F80320427B1A717047A4
:1002600038B50D460446F3F7F1FB2B78002B08BF99
:10027000034684F874306B78002B08BF034684F87B
:1002800075306B88A4F8763038BD37B58B78046844
:1002900003F0070384F819314B7803F0070384F85F
:1002A000183126230546E37394F8393113BB94F8CB
:1002B0003831012B1ED094F8213194F81821D91E21
:1002C000012998BF04239A42B4F81E3118D194F83A
:1002D000202194F81901D11E012998BF04229042CF
:1002E000B4F81C110CD1022284F83821A4F83A1178
:1002F000A4F83C31284603B0BDE8304000F0C3BF4D
:10030000022094F81D2194F81C1100902846F3F760
:10031000CBFB0028EED04FF46671AE20F0F752FF11
:1003200038B5036893F83831012B04460D4602D1E5
:100330001E21F3F733FC2368002083F8380165B1F0
:10034000182283F8992009229A7393F84A3093B9B6
:1003500040F25B41AE20F0F735FFDA7B243A072A02
:1003600003D8DD73204600F0A0FF20461821BDE829
:10037000384000F0CABF38BD08B503689A7B22B187
:100380004FF4E671AE20F0F71DFF24229A7308BDEA
:10039000034610F0010007D19A0704D413F00400BB
:1003A00018BF03207047022070472DE9F34B054624
:1003B000104616461F46FFF7EBFF83460846FFF739
:1003C000E7FF46EA01044BEA04040443E4B2003CBC
:1003D000DDF828800190894618BF0124F3F736FB29
:1003E000064018BF5E46F3F731FB95F82021019BCC
:1003F00010EA090118BF1946B24214BF3346002360
:1004000088F8003095F821218A4208BF00210B436B
:1004100088F801100AD1EB88013FFF1ABFB247F6F6
:10042000FD739F428CBF002404F00104C6B995F807
:100430002001F2F7DFFD03280ED195F83831012BAA
:100440000AD1B5F83C2195F82031012A0AD1042BB4
:100450000AD0042388F80030204602B0BDE8F08BB3
:10046000032EE9E7032BF7D00323F3E7032906D193
:1004700001280AD1042151801380012070470429EA
:1004800003D1012801D00321F5E70020704701289E
:1004900007D0022805D0033801288CBF0020012096
:1004A000800070472DE9F0410C6894F83A22D31E81
:1004B000012B05460F462DD894F82031D91E01296D
:1004C00028D8D31A18BF012394F83B02FFF7DFFFA7
:1004D00006460BBB1046FFF7DAFF804694F89F30C4
:1004E0006BB948EA060313F0FF0306D0204600F07C
:1004F0001DFF3B68DB8803449BB2A4F83832B4F894
:100500003832EB701B0A2B71AE7085F80180052024
:10051000BDE8F0810023D7E74FF00008DEE770B5B3
:100520000568EC7BA4F12406072E02460B4615D97C
:1005300094B9AD7B292D11D04D786E0706D08D78FA
:100540006D0703D0FFF7A1FE204670BDBDE87040E7
:100550001978104600F0D9BE0124F5E72024F3E70E
:1005600008B50368DA7B262A05D022B140F2D351C0
:10057000AE20F0F727FE2722DA7308BDF3F7F4BBAD
:10058000704730B542401C7808785D7860404C7800
:100590006C4020449D788C786C402044DD78CC7889
:1005A0006C4020441D790C795B7949796C4020447A
:1005B0004B4018441044B0FA80F0400930BD024668
:1005C00000200139C9B2FF2900D17047535C83F084
:1005D00001030344D8B2F4E708B5F3F749FC08284F
:1005E00007D0F3F767FC082803D0F3F779FC012064
:1005F00008BD0020FCE708B5F3F73AFC082803D053
:10060000BDE80840F3F756BC08BD08B5F8F74EFF43
:1006100018B1BDE80840F8F771BF082008BD70B5F3
:1006200003791F2B0FD8461E051D002416F8010F55
:1006300000F010FEAE420444E4B2F7D1012C94BFA6
:100640000020012070BD0020FCE701440023884207
:1006500003D1B3FA83F04009704710F8012B13431C
:10066000F5E7F8B5D0E9047605460C46FCF75EFDE3
:1006700018B952212920F0F7A5FDE4B1D5E90423EA
:10068000D21B63EB0603012A73F100014FF0000156
:1006900013DB6FF001009042994101DA5C21E9E738
:1006A000631E1344B3FBF4F35C43E41946F1000604
:1006B000C5E904461C462046F8BD0C46FBE7022966
:1006C00005D13C281BD980100F3880B27047CB1E53
:1006D000012B0FD804290CBF96234FF4167303F592
:1006E000BC730CBF10224022984208D9C01A90FB5C
:1006F000F2F0EAE7702802D9C0100E38E5E70020D2
:100700007047022908B5034614D005D8012909D03D
:10071000E7212920F0F756FD03390129F8D840F6E2
:10072000A66008BD40F6C41040F2E242002B08BFAC
:100730001046F6E740F6C410F3E710B5029C801AA5
:100740007E388842226894BF091A491A02EB510286
:1007500022601A680129A2EB51021A6094BF00209E
:10076000012010BD69B1A0F57A7241F270739A420E
:1007700007D84FF47A73B0FBF3F000F5506080B205
:10078000704740F2E243B0FBF3F0F8E738B50C46AF
:1007900000210546F1F702F9206048B902212846F8
:1007A000F1F7FCF82060B0FA80F04009400038BD55
:1007B0000020FCE70368587BC0B293F830302BB9B7
:1007C00000F0FB00003818BF012070470020704780
:1007D00010B50C46FFF7DAFF38B92046FFF7EAFFFD
:1007E00080F001004000C0B210BD0220FCE738B527
:1007F0004FF4427204460D460021FDF707FF6FF0EB
:10080000360284F86320042284F864206FF03B02EF
:1008100084F865206F2284F86620032284F867201C
:10082000002284F868206FF07F0284F869202B2270
:1008300084F86220FE22012384F89E207F22E37543
:10084000E27284F8A830A4F8AA5038BDC2B292FA75
:10085000A2F2030A93FAA3F31B0E100E40EA032040
:10086000704770B50131C9B20530002210F8013F60
:100870008B4216D310F8054C0023012505FA03F628
:1008800026421CBF01F1FF31C9B269B10133082B07
:10089000F4D10132D2B2052AE8D19B214620F0F7EB
:1008A00091FCC91AC9B2F4E703EBC200C0B270BD33
:1008B0000B6870B5C0F801300B7903F01F0343716A
:1008C00000230446C3720546461D15F8010F00F0CB
:1008D000C1FC6871E37AB5421844E072F5D170BD8D
:1008E00070B581EA11418CB20546C17A032682EACD
:1008F0000400FFF7ABFF013E00EB0010221816F0DA
:10090000FF0690B2F5D144402522B4FBF2F302FB7E
:100910001343C3F3C4022A44D8B2567803F0070342
:10092000012202FA03F31E4207D161432846C1F3B4
:100930000741BDE87040FFF794BF70BDF8B590F86F
:1009400022506B1E242B044603D9E1214620F0F7E8
:1009500039FCDAB1C07D002843D194F8243094F8F2
:10096000231002FB01322523B2FBF3F103FB112319
:10097000DBB204EBD30284F82430117E03F00706C7
:100980000122B240114202D084F82530F8BDB3FBF9
:10099000F5F205FB1233013303F0FF0304F11C01F0
:1009A00011F8012F9A4219D311F8055C0022012693
:1009B00006FA02F72F4208D0013B13F0FF0304D1DF
:1009C00002EBC00284F82520E0E70132082AEFD1CB
:1009D0000130C0B20528E3D1D721B7E79B1ADBB2BB
:1009E000F6E7E288496A04F11700FFF779FF84F817
:1009F0002500CBE70378890123F0400301F0400193
:100A00000B4303707047037803F07F0343EAC1137D
:100A1000037070471F2A38B50546144603D9A8212C
:100A20002A20F0F7CFFB09300634FDF72FFE6C705B
:100A300038BD1F2A38B50546144603D9CA212A20D5
:100A4000F0F7C0FB09300634FDF720FE6C7038BDAE
:100A5000037803F00F03032B02463ED0052B42D14F
:100A6000C37F90F82000034392F82100034392F8DB
:100A70002200034392F8230000F01F00184333D0F4
:100A80005378222B2FD1B2F81930B1B1B3F5506F92
:100A900013D940F607518B4225D8B2F81B30B3F575
:100AA000FA7F20D2B2F81D000A3880B240F67643B1
:100AB00098428CBF002001207047991F89B240F6F0
:100AC0007A4081420FD8917D481E07280BD8994261
:100AD00009D2B2F817109942DEE74078A0F10C0372
:100AE00058425841704700207047C37813F03F03C5
:100AF0005DD007295BD8DFE801F0040B1E29343FE5
:100B00004A55037913F0010F0CBF002005207047F0
:100B1000027912F002004BD0052002F0010202EB34
:100B2000420200EB42000729C0B241D1021F9A42A3
:100B3000C8BF00207047027912F0040038D00520A9
:100B400012F0020F1CBF0630C0B2E6E7027912F0C5
:100B500008002DD0052012F0040F1CBF0130C0B2D8
:100B6000EEE7027912F0100022D0052012F0080FF3
:100B70001CBF0230C0B2EEE7027912F0200017D09D
:100B8000084612F0100F1CBF0330C0B2EEE7027926
:100B900012F040000CD0052012F0200F1CBF1230C4
:100BA000C0B2EEE702795006F5D50620F4E7002042
:100BB000704770B50C46064611461D4624B94FF4E1
:100BC0001F712A20F0F7FEFAFFF78FFF10B940F2ED
:100BD0007D21F6E7031F2B443F2B02DD40F27E21EF
:100BE000EFE72A4621463044BDE87040FDF74EBD90
:100BF00010B50446FFF779FF00B1204410BD30B5B1
:100C0000C1F38003C1F380142344C1F3001404EB47
:100C100044042344C1F3401404EBC404C1F340056D
:100C200003EB4403C1F300042C4404EB4404C1F37C
:100C3000C0052C44134403EB440313F0FF031CBF13
:100C400001330171C17818BFDBB221F03F0103F01D
:100C50003F042143C170591C41701AB104339B1ADF
:100C6000013AC25430BD70B5C47804F03F04131982
:100C7000FE2B0646154604DD40F2B9212A20F0F786
:100C8000A1FA201D013530442C44FDF7FFFC74709F
:100C900070BDC378024613F03F0022D0137913F0E1
:100CA000200F14BF09220022C3F3C001C3F3400088
:100CB000114403F00102024402EB4202C3F380003C
:100CC00013F0100F0A44C3F38011084414BF032328
:100CD0000023184400EB420010F0FF001CBF01305D
:100CE000C0B270471B2A08B504D940F299312A20B6
:100CF000F0F768FABDE80840FDF7C8BC8388A1B1E9
:100D0000B3F5506F11D940F6075293421BD8C388F0
:100D1000B3F5FA7F17D200890A3880B240F67643DD
:100D200098428CBF0020012070479A420BD8B3F53F
:100D3000486F08D84278511E072904D89A4202D237
:100D400042889A42E2E700207047013001F1200317
:100D500051F8042B40F8042B9942F9D10B880380F9
:100D6000704738B515460446FFF7EFFF2B68C4F807
:100D700023306B68C4F8273038BD2DE9F04F85B0BB
:100D8000884603A99DF8384001931546FFF7FEFCFD
:100D9000814618B9039E2DB901237375012005B052
:100DA000BDE8F08FD6F8C0A029465046FDF775FF84
:100DB000074608B90020F2E7F2F756F98542F9D85C
:100DC00039465046FEF7A8F8727DA0F80190002A37
:100DD00018BF4FF0020880F8008083463846FEF7BF
:100DE000A3F80746DCB1B6F8E640C4B1FAF7FAFF5B
:100DF00040F271225443241841F1000179603C60B3
:100E000001992A460BF10300FDF740FC29465046A4
:100E1000FDF77EFF28B983212B20F0F7D3F9214677
:100E2000ECE7039B93F8A83033B103A8FEF760FC0E
:100E3000039B0022A3F8DA210023AEE7437837B5FD
:100E4000C3F301120446032A03D8DFE802F0050EBB
:100E50001D05002003B030BD057803F00F0000230E
:100E600000936288231D022107E0057803F00F003C
:100E7000002300936288231D012145EA0020FFF72B
:100E80007CFF60B10120E5E7F2F7DCFD03685B055C
:100E9000DFD56078257800F00F000123E0E7F3F755
:100EA00033FDEFE71A230B7001234B708B707047F3
:100EB000F3F7F0BB10B521B940F2A9211020F0F7EB
:100EC00081F94A600B72EFF3108472B6031D0B6058
:100ED00042681AB1127A012A08BF036003681960D8
:100EE000016004B962B6BDE81040F3F71DBC0222F0
:100EF000F3F7F8BC0322F3F7F5BC0422F3F7F2BCD6
:100F00000222F3F733BD8D230B7030F8AF3CA1F80C
:100F1000033030F8653CA1F8053030F8613CA1F8A9
:100F2000073030F8633CA1F8093030F85F3CA1F895
:100F30000B30704708B5CB1E012B04D8800100F59B
:100F4000747080B208BD012902D10E30C000F8E7EC
:100F5000022902D10F308000F3E74FF40C71062014
:100F6000F0F730F930B587B004460D46F2F782F855
:100F700080B334F8B84C69462046FEF7C2FC18B17D
:100F8000FB212C20F0F71EF9BDF80630ADF80E302D
:100F9000BDF80830ADF81030BDF80230ADF81230B1
:100FA00003A8BDF80430ADF80C40ADF81430FEF7DE
:100FB00086FC10B14FF48271E3E7ADF80C009DF8A8
:100FC0000C30002063F307009DF80D3063F30F2011
:100FD00007B030BD2B46992203F8032BD4F8092023
:100FE000C5F80320D4F80D205A60B4F811201A81F6
:100FF0000423ADF80C30E2E740687047033901295B
:101000008CBFC08A4FF42960704770B590F8786043
:101010008D880C89033E012E04D943B11678033E16
:10102000012E04D8B5F5296F38BF4FF4296590F823
:101030007960033E012E04D943B15378033B012B61
:1010400004D8B4F5296F38BF4FF42964CB884A8897
:10105000A0F86020A0F86430A0F86250A0F86640C4
:1010600070BD8383BDF8003001834283C383704722
:101070001B2200290CBF4FF4A4734FF429634FF0D7
:101080001B1182840284028502F1A472C0E9052149
:10109000C160C3844384C3838383438203827047D4
:1010A0000346F0B5B3F85810B3F8642093F87940CC
:1010B000B3F85C50B0F84E70B0F85200914228BFBF
:1010C0001146B3F86620A3F84E10033CAA42E4B2DE
:1010D00028BF2A46012CB3F8544087BFB3F85660A6
:1010E00015464FF429664FF429658C4238BF0C46EB
:1010F000B24238BF32468F42A3F85250A3F8544050
:10110000A3F8562026D1401B18BF0120B3F8602059
:10111000B3F85A10B3F84C50B3F85040914228BF7E
:10112000114693F87820033A012A15D9B3F85E20C6
:10113000B3F86260B24228BF32468D42A3F84C1029
:10114000A3F850200BD1944218BF40F0010000F0EA
:101150000100F0BD0120D9E74FF42962EDE701203D
:10116000F5E738B5CB1E012B044610D9C58B438C4F
:101170009D4228BF1D46207AFFF7DCFE6389AB4203
:1011800028BF2B46984238BF184680B238BD4FF46E
:101190002965F0E72DE9F84307460E4680899DF85A
:1011A0002080194614469946FFF7C4FE4946054675
:1011B0003846FFF7D6FF854228BF05464146B88A24
:1011C000A8F10308FFF7B6FEB8F1010F8CBFFA8A49
:1011D0004FF4296290420346ADB228BF1346A01DCA
:1011E00015FA83F330441844BDE8F88313B5828FB1
:1011F0000346403049B9598F93F87940009493F8E9
:101200007830FFF7C7FF02B010BD198FF4E770B553
:101210000C46154619464BB9068FFFF7E7FF2844E1
:101220003044A04294BF201A002070BD468FF4E7DE
:1012300038B50D4611460446FFF7D8FF28446064D0
:1012400038BD01F19C0383423DBF9C38401A4008E1
:101250000020704700F05503400800F0550003449B
:1012600003F033009B0803F03303034403F00F0043
:1012700000EB13107047036800229A7383F84A202A
:10128000A3F846207047026892F8A8302BB9A2F85C
:101290004E30012382F8503070470023A2F84E30C0
:1012A00092F8503001335BB2F4E708B5026892F867
:1012B000A83013B982F8503008BD92F85030013B85
:1012C0005BB2002B82F85030F6DA52214A20EFF759
:1012D00079FF08B5036883F89B1083F89A203522BC
:1012E000DA73FFF7D0FF002008BDA0F10A03042B3A
:1012F00009D9A0F14703012B05D9243807288CBF51
:10130000002001207047012070470268136810B563
:1013100013F0080408D143F00803136082F8981012
:10132000FFF7B1FF204610BD0120FCE7D0F8C82030
:1013300041F64B539A429CBF4AF6C873B3FBF2F393
:10134000B0F8D020B0F8DE0088BF0623134410FBAD
:1013500003F080B2704703681A7C073A012A81BF04
:101360004A785A7407221A74002070470268137C66
:10137000073B012B84BF08231374704770B50268C4
:10138000D57BE5B9CB88D688A2F8D032013B9B1B30
:101390009BB247F6FD76B34206D9282382F8313056
:1013A000F3F7E6FD284670BDD1F80130C2F8D2321D
:1013B0004B7982F8D63203680A22DA73F2E7012504
:1013C000F0E72DE9F74F0646894690460193FFF76F
:1013D000ADFFD6F8F471044657B90023C8F80030C1
:1013E000F38823449CB2019B1C8003B0BDE8F08FBE
:1013F000F4F774F80028F0D1D6E97632D6F8C8C0F0
:101400000CFB04FE1EEB030ED7E902130B44D7E9D5
:10141000001542F100025B1845F10005734575EBBC
:10142000020114D2BEEB03016FF0010B62EB050A5F
:101430008B4570EB0A0A03D23D215620EFF7C2FE1E
:101440003869471E3944B1FBF0F1E0FB0135B3EBDD
:101450000E0365EB02056FF001029A424FF00002A5
:10146000AA4101D24821E8E7B3FBF9F209FB1233A4
:10147000B3FBFCF291B20CFB1133C8F80030F388D7
:101480001C441444A4B2AEE70B46822203F8032B9B
:10149000D0F80920C1F80320D0F80D205A60427C12
:1014A0001A720023CB70704770B50368DD7B064667
:1014B0000C46002D5BD193F8291106222046FFF738
:1014C0001DFC014628B921783046BDE87040FFF781
:1014D0001CBF32686389D088A2F8D032013B1B1A46
:1014E0009BB247F6FD70834207D9282382F831303A
:1014F0003046F3F73DFD284670BDA3886FF4506079
:101500001818062895BFA3F5506340F2E2414FF446
:101510007A704B4398BF4343C2F8D83288BF2946FC
:101520006378C1B103EB830303EB83039B00A2F851
:10153000D2326388C1B164214B43C2F8D432E3880C
:10154000A2F8DC322389A2F8DE32002382F8E432EA
:101550000D23D373CFE7C3EB431003EB800303EBFF
:1015600083035B009BB2E2E740F2E241E4E701253E
:10157000C1E7F8B50D6804460F46D5F8440295F862
:101580002911FFF7EFF86FF45062821892B2B5F8A4
:101590003E322071062A4FEA102060718BBF40F264
:1015A000E2426422B3FBF2F3B3FBF2F36370B5F8EB
:1015B0004832A3714FEA1323E371B5F84A3223721C
:1015C0004FEA13236372386890F89F308CBF00266F
:1015D00001263BB9D5F8441205F50F7305F51072D5
:1015E000FFF7EFFEB5F83C32A3721B0AE372D5F8A1
:1015F000403246B16422B3FBF2F3A370C3F3072376
:10160000E3700C20F8BD40F2E242F4E70B4684227E
:1016100003F8022BD0F80920C1F80220D0F80D20E1
:101620005A6070470B46852203F8022BD0F8092038
:10163000C1F80220B0F80D209A80704738B50368D1
:10164000DC7B054634B1113C0F2C8CBF01240824EF
:10165000204638BD1A7D002AFAD0D3F8A4302BB921
:10166000FFF711FE2B681122DA73F1E7BDE838406D
:101670000C220A21FFF72DBE08B50368DA7B162A73
:1016800004D040F253211F20EFF79CFD012283F884
:1016900051201822DA7308BD0368DA7B122A03BFCF
:1016A00013220020DA730220704710B50368DB7B39
:1016B0001C2B044606D1FFF7F8FD23682022DA73BD
:1016C000002010BD0220FCE708B50368DA7B112A70
:1016D00004D040F27E211F20EFF774FD012283F831
:1016E00051201222DA7308BD08B50368DA7B182A84
:1016F00004D040F28A211F20EFF764FD1C22DA7328
:1017000008BD3E230B700C234B7004238B70D0F864
:101710000930C1F80330D0F80D30C1F80730B0F807
:101720001130A1F80B30C37C4B73704708B50368C8
:101730009A7B1AB1CF211C20EFF744FD04229A7343
:1017400008BD08B5036893F8A82032B9DA73A3F886
:101750004E20BDE80840FFF7A8BD1A68D10703D4A2
:10176000DD211C20EFF72EFD22F001021A60F0E7C8
:1017700087230B7030F8A63C4B807047036893F8C2
:10178000A8109A7B49B9052A01BF002283F83E20A0
:1017900083F84A209A73002070470F2AF4E738B57F
:1017A000046894F8A85045B9E37B4BB9FFF76BFD8B
:1017B00045B90223E373002038BD23685B07F5D5E4
:1017C0000120F9E7236843F004032360F3E703688B
:1017D00093F8A8201AB11A6822F004021A60FFF7E1
:1017E00064BD08B503689A7B1AB172214B20EFF7EC
:1017F000E9FC93F8A820002A14BF0F2205229A734F
:1018000008BD10B5D0E90D42A24206D30B8DC98E9A
:1018100005334B43121B934202D3012380F83E3021
:1018200010BD0C230B7008234B7000238B70B0F895
:101830005630A1F80330437A4B714389CB808389BA
:101840000B81704710B5046894F853309A070CD494
:10185000A37B1BB177214020EFF7B4FC0122A273D8
:1018600084F84A20A4F8463010BD94F8A8303BB95B
:10187000E37B0BB9FFF719FD002384F83E31F3E752
:1018800023689B07F8D5FFF710FD236823F00203B8
:101890002360F1E710B50B794C790A68012843EA17
:1018A000042108BF41F48031104610BD07B5FFF791
:1018B000F1FF0DF10702F3F7B7FD03B05DF804FB8C
:1018C00090F838300BB90020704790F83830012B71
:1018D000F9D090F83800073818BF0120704790F809
:1018E0003830012BDAB201D0FFF7EABF104670475B
:1018F00007B5002301A80193F9F75CFD019810F0EA
:10190000030018BF012003B05DF804FB10B5FFF71A
:10191000EFFF002814BF14240024FCF77BFF404293
:1019200000F01400204410BD73B50C46B1F805104A
:101930001A29054621D9B4F80730B3F5A47F1CD382
:10194000B4F801201A2A18D9B4F80340B4F5A47FDA
:1019500013D30068009400F1A806E830FFF781FB7C
:1019600030462C68FFF79CFB10B9012002B070BD17
:1019700004F25910F3F706F8F7E70020F6E708B588
:1019800003689A7B1AB12621A320EFF71BFC2122C2
:101990009A7308BD38B50568AB7B213B022B044622
:1019A0000BD8FFF7C1FF18B120680621F4F744FCFB
:1019B000002085F84A00A87338BD0120FCE70268C2
:1019C0001368D90610B5044603D4B821A320EFF755
:1019D000F9FB990601D5B921F8E723F0100313604C
:1019E000FFF763FC20680621BDE81040F4F724BC33
:1019F00038B50546F9F71AF800F55F4341334FF45F
:101A00007A72B3FBF2F4FFF781FF033D00F1BE03EE
:101A1000012D8CBF002028202344184438BD10B568
:101A2000044690F87900FFF7E3FF012201462046C3
:101A3000BDE81040FFF7FCBB13B500234373A0F8CB
:101A400088321A46009319460446F3F7C1FD20B1C7
:101A500040F2E7113020EFF7B5FB01236373C4F8C0
:101A60001002C4F80802A4F82602A4F8240284F89C
:101A70002902E388A4F88A02013BE38002B010BD8A
:101A8000F8B50D46D0F810110023D0E9506780F862
:101A90001431044681F8E52180F85031D0F8100166
:101AA000F2F716FDD4F81001C0E99C67C0E9A06701
:101AB000C0F88C52FFF7C0FFF8F79AFBBDE8F8407A
:101AC000FBF7A6BAD0F81001704738B5044690F875
:101AD00050319BB1FF2380F85831012100F01EFCEA
:101AE00094F8503153B104F1E8052846FAF732FA78
:101AF0002846FAF743FA002384F85031002038BD15
:101B000008B590F8582142B990F8142142B1D0E9B3
:101B10004631994202D9F6F773FA0022104608BD01
:101B20000122FBE710B50446FFF7F0FE226A236CA2
:101B30009A4228BF1A4600F5C1711046FFF781FB93
:101B4000B0F5296F28BF4FF4296080B210BD012A7B
:101B500070B506460D4614460BD0022A0ED08AB93F
:101B6000F8F726F8224601462846BDE87040FFF700
:101B700087BFF8F71DF8C6F88C0270BDD0F88C123C
:101B80000122F1E740F2C3713020EFF71BFB70B583
:101B9000044621B1012978D040F2D37172E000F0FF
:101BA00052FA94F8513105460E46DBB150EA010372
:101BB00018D0D4E94832D4E95001C01A61EB0201CF
:101BC00033462A46FCF78EFC05FB01F300FB063387
:101BD000A5FB00021344D4E94821121843EB01038A
:101BE000C4E94823E08C30B1F2F7F2FEE38CB0FB9D
:101BF000F3F202FB1300D4E94832ED1846EB02067B
:101C00002D184FF0000346F1000640F20242C4E9ED
:101C10004856C4E9505684F83031A4F8382184F885
:101C2000513194F8583103F0FF01DBB9D4E9520285
:101C30006FF000439A4208BFB0F1FF3F18D0204632
:101C4000D4E9505600F0BEF9D4E95232E5305B1BBE
:101C500062EB06021B1A62F10002002A08DA204633
:101C6000F6F7CEF9F8F7C4FABDE87040FBF7D0B943
:101C700004F5987104F1E800FBF7E4F90028F1D1CC
:101C80004FF4E0613020EFF79DFA002380F8143123
:101C9000E8E790F85001003818BF012070470B4664
:101CA000812203F8032BB0F80920A1F80320C27A9F
:101CB0009A7070470B468C2203F8032BD0F809204A
:101CC000C1F80320D0F80D205A6070478B88F7B513
:101CD00013F0180506460C461FD1086820B940F2DB
:101CE000EA312D20EFF76EFA00F0A9FB217C677C2A
:101CF000F4F7C6FBA388009301462B463A463046CC
:101D0000F4F7DEFBD4E90223BB30824273F1000317
:101D10002CBF0120002003B0F0BD0120FBE738B547
:101D20000B46882203F8032B0C4600F109022930E8
:101D300052F8041B43F8041B8242F9D112781A703E
:101D4000A5880123A37102212846EFF727FE58B189
:101D5000E3784BB102212846EFF736FE20B140F27E
:101D600033212D20EFF72EFA38BD10B50446F2F7D7
:101D70002FFE04F1690182B204F13600FEF7B0FDD6
:101D800084F8440010BD37B504460D46FFF7EDFF5B
:101D900061792B460122204603B0BDE83040F4F7BC
:101DA0000DBD70B504460D46173019461646FEF7B0
:101DB0007FFD84F8205184F82151FF2384F82231DB
:101DC000E91E01298CBF0021012104F1E800FFF781
:101DD0004FF9314604F1A800F2F736FB94F82A31A6
:101DE000002B14BF4D239623A4F8E230A4F8E03072
:101DF0000023A4F8E43070BD70B50D46044691F898
:101E00002911D5F8C8001646FEF7ACFCB5F8D0305D
:101E1000A4F8AE30B5F8D230A4F8AC00A4F8B030D5
:101E200095F82B3184F8B230237F04F1A00273B30C
:101E300094F86830012B2AD194F86E3003F0C00377
:101E4000402B24D1D4F86930C4F8A030B4F86D30F8
:101E50009380236A93F8AC2084F89920082E03F12C
:101E6000AD0004F1A601D3F8AD3004F19A0219D007
:101E7000C4F8A63083888B80304604F19901F2F7CC
:101E80000DFA40B940F6E2312D20EFF79BF900231F
:101E9000C4F8A030DCE794F8993043F0020384F8EA
:101EA000993070BDC4F89A30838893800023C4F8B9
:101EB000A6308B80F5E70B468B2210B503F8032B79
:101EC000D0F80920C1F80320427B1A71CB78A3B166
:101ED00030F8B43C1B0710D4B1F80540022120466D
:101EE000EFF75CFD48B102212046EFF76DFD20B110
:101EF00040F276212D20EFF765F910BD0121F4F7AE
:101F0000DDBFFFF7FBBFF5F7A7B8704708B590F83E
:101F100094300BB1012008BD90F8CC30002BF9D1E2
:101F200090F8BE3003F0FF00002BF4D0F1F746FD2F
:101F300080F00100C0B2EEE730B54FF4B07285B06A
:101F400004460D460021FCF761FBFF232370132399
:101F5000638042F21073E384EFF72CFE0022014607
:101F6000E0646846EFF76CFEE06C00220121FDF7AB
:101F7000DBF8E16C04226846EFF762FE0022E06CB9
:101F80001146FDF7D1F804F13000A57400F001FA14
:101F900002A8F2F7C7FA20B94FF449712D20EFF7E4
:101FA00011F902A904F13600FEF782FC05B030BD3C
:101FB000FF23C86C0B70FDF783B80078FF3818BF9B
:101FC00001207047F7B5044630300E4600F037FA6E
:101FD0006188CA06074605D52822F6F75DF86D30F8
:101FE00003B0F0BD8B07E06C0FD5FDF746F9217902
:101FF00005463846F4F744FA63880093014662794F
:1020000033462846F4F75CFAE9E7FDF726F9EEE7F0
:10201000034630B55A8812F0180F87B0084610D121
:10202000D3E9024503F1300100919B88ADF804200B
:102030006946CDE90245ADF81030FFF747FE07B01D
:1020400030BD0120FBE7D0E9020170470B68C0F802
:1020500015308B88A0F819300123C37670472DE91D
:10206000F04F07460C4605460FCF9DB010AE0FC689
:102070000FCF0FC697E80F000DF1200886E80F007C
:1020800040466E7900F085F9A37A277D0393237883
:10209000049363787A1E03F07F0A022AD14600F285
:1020A0008380D90603D4A67D731E022B7CD8637E61
:1020B00003F0FD03012B02D1032F08BF0427A37EE9
:1020C00003F0FD03012B02D1032E08BF0426617A21
:1020D000404600F065F9237D227F022B08BF617D19
:1020E00002F1010206BF0131C9B20121D2B240465C
:1020F00000F058F91AF0080F6CD1404600F09FF933
:102100006378DA06834654D4EFF782FD3946824677
:102110005846F4F7B5F9CDF8009001460123324650
:102120005046F4F7CDF92179E37843EA0123617948
:1021300040F2712243EA014300F524705343B0FB9F
:10214000F2F05043984239D84FF0000B94F818A0A1
:102150000793A37C05930AF1FF33D3F1000AE86CDF
:102160004AEB030AFDF779F80690E86CFDF785F86D
:102170000699079B814238BF014688B268B308A917
:102180000A910AA90C930693ADF82C90CDF834B0BF
:102190008DF838708DF83960FFF798FD069BE0B92F
:1021A00045201DB0BDE8F08F40F212310620EFF758
:1021B00009F828224946F5F76FFFB4E7E179A379DA
:1021C00043EA0123217A43EA01435343834228BF70
:1021D0000346B9E700239B46B8E7CDE9123B059BD0
:1021E0008DF85330049A039B8DF844708DF8456048
:1021F0008DF850A08DF854308DF84020ADF8429005
:1022000010AF0FCF2E460FC60FCF0FC697E80F00A7
:1022100086E80F0098E803002863A986E37A03F0B4
:10222000FD03003B18BF012385F86F30E3682B677F
:10223000238AA5F87430E27D95F8463062F30713DF
:1022400085F846300020ACE7438813F0100005D035
:1022500013F0040F14BF00201F2070479A0704D406
:10226000DB0701D4EFF7D4BCEE20704708B5FFF7C9
:10227000EBFF003818BF012008BD4FF40043A0F861
:10228000483043881D2B08BF00214174704790F9E6
:1022900012007047408800F0010070478078C0F35A
:1022A000400070478078C0F3C000704710B5448884
:1022B000C06CE30654BFC4F340040024FCF7C4FF21
:1022C00084F001042043C0B210BD8078C0F3001038
:1022D00070474079C31E012B05D8B1F81E31012B80
:1022E00014BF03200420704710B50446F2F770FBBA
:1022F000C0F30B00A042F9D010BD90F86830016225
:1023000081F8B330D0F86930C1F8B430B0F86D302E
:10231000A1F8B83070477047F4F7D4BB80F8881044
:102320007047FF2380F88B3070478278034612F0A5
:10233000010002D0D978C90710D5900702D5D97805
:1023400089070AD512F0040008D0D878C0F38000BD
:1023500080F001008000C0B2704702207047C0F3D7
:102360004002C0F38003134400F00100184470479A
:10237000022808B507D0042807D0012807D0392142
:102380002E20EEF71FFF262008BD2720FCE7252082
:10239000FAE70023C0F8023001234370037070474E
:1023A0008170704710B54270017080781446FFF755
:1023B000D6FF10FB01F010FB04F2FE2A03DD5C21C6
:1023C0002E20EEF7FFFE10BD0023C3704371037192
:1023D000704710B50446FFF7A8FF637962780133B0
:1023E000DBB29A4263710FD1E378A1780343DBB289
:1023F0009942E37008BF23794FF0000208BF013310
:10240000627104BFE2702371BDE81040FFF7B0BFF6
:1024100038B501468078FFF7A2FF0446C8784D78AA
:10242000FFF79DFF0A790B789B1A13FB05F34A7996
:1024300013FB04F39B1A00FB1530C0B238BD08B57E
:1024400001468078FFF78BFF4B780A7813FB02F385
:1024500013FB00F0C0B208BD08B5427903462AB1AB
:10246000FFF763FFBDE80840FFF782BFC078810730
:102470000BD410F00100F5D19B785A0707D413F064
:10248000020F14BF02200120ECE70220EAE704203B
:10249000E8E7032806D1920102F53472803201FB8D
:1024A00002F07047042803D1120102F5E772F5E744
:1024B00002280BBF0B320A329200D200EEE740F244
:1024C000EF20704740F25A335843704708B503680D
:1024D000DA7B182A04D040F27E513120EEF772FEEA
:1024E0001E22DA7308BD08B590F89E30FE2B04D08A
:1024F00040F66F113120EEF765FE002380F89E1044
:1025000080F89F3012B9A0F84E2008BDA0F84630E0
:10251000012380F84A30F8E708B50368DA7B352AEA
:1025200005D10022DA73BDE80840FEF7BEBE182AC6
:1025300002D11E22DA7308BD40F293513120EEF72A
:1025400041FE037D63B9C37BA3F11002032A07D9BF
:1025500090F8520028B1202B8CBF0020012070473A
:1025600001207047037D63B9837BA3F11002032A26
:1025700007D990F8520028B1202B8CBF00200120F1
:1025800070470120704710B503689A7B93F8A0103C
:10259000092A08D193F899208A4204D100229A731B
:1025A00083F84A2010BD1A6812F0080406D022F001
:1025B0000802BDE810401A60FEF777BEFF2904D17B
:1025C00037229A7383F8C442ECE74FF4AF613120AD
:1025D000EEF7F8FD38B513680E3814460D469A7BB1
:1025E00009283ED8DFE800F0053D3D3D0F3D183D90
:1025F0003D27042A05D12046FEF73DFE2046F2F78E
:102600003FFE002038BD0F2AFBD100222046114694
:10261000BDE83840FFF7B2B8212AF2D12046FEF7D4
:102620002AFE002DEDD0226892F8623023F02003BC
:1026300082F86230E5E7DA7B272AE2D10025DD73F4
:102640002046FEF732FE236893F83831012B03D180
:1026500029462046F1F7A2FA2368002283F83821A0
:10266000CFE740F262213120EEF7ACFD0246006870
:102670004978837B212B15D00CD8042B14D00F2B39
:1026800014D0C07B272815D0332B0CBF2620FE206A
:10269000F5F712BF2B2B03D02D2B09D0252BF0D112
:1026A0001620F5E71420F3E70E20F1E71220EFE7FC
:1026B0002320EDE71720EBE7024600680B4690F871
:1026C000621041F0040180F8621099785878F5F7AB
:1026D000F3BE38B50C460546D1E93001EFF70EFAE6
:1026E000637B3BB104F50C742046F9F733FC2046BC
:1026F000F9F744FC0D212846EFF766F90E2128462C
:10270000EFF762F910212846EFF75EF90F2128460E
:10271000EFF75AF911212846EFF756F9284612210A
:10272000BDE83840EFF750B90022C281827490F8BA
:102730004C3013B10221F3F77FBD0321FBE738B51D
:1027400004460846E37B162B09D0A3F11802534236
:10275000534194F8C02222B10C25284638BD0123EC
:10276000F7E7002BF8D094F8F03203F0FF05002BC8
:10277000F2D190B194F8FE3123B940F66C3131209A
:10278000EEF720FD052304F1800204F5F771FBF755
:102790005BFD012384F8C032DFE70223FAE7F2F79A
:1027A000D5B910B50446FFF7B1F8226A236C9A42F6
:1027B00028BF1A4600F59F711046FEF742FDB0F59E
:1027C000296F28BF4FF4296080B210BD70B50D4647
:1027D00004210646EFF7E2F8044648B906213046E0
:1027E000EFF7DCF820B115B190F8E53003B90446F5
:1027F000204670BD90F83C00A0F1FF0358425841BC
:10280000704708B5F7F71AFBBDE80840F6F7A2BD18
:102810001D2310B503700446F1F73EF960700220E5
:1028200010BD1E2310B503700446F1F735F9607032
:10283000022010BD01234380038000238380C380D6
:102840004FF44863038170470E21EFF7A7B873B5C3
:1028500001A90546FDF79AFF044618B1212154202D
:10286000EEF7B0FC2846019EFFF7EEFF30B10123E2
:10287000A6F8DE30848144810482C48102B070BD38
:102880003C2303804FF4FA4343800123C3808380B9
:102890000023038143814FF448638381704708B567
:1028A000F7F730F9F6F75EFEF6F796FDBDE808405B
:1028B000F8F76CB908B5FBF779FDBDE80840F8F703
:1028C00053BE801A00F3070038B540B20D4659B226
:1028D0001446F8F739FE002328706B70204440B28C
:1028E00038BD0023036070477047002070474FF0E9
:1028F000FF3070474FF0FF30704770474FF0FF30A8
:102900007047002070470020704700230370704715
:102910009DF800300022FFF7D4BF4FF0FF30704722
:10292000002070474FF0FF3070474FF0FF30704786
:102930007047C0B208B520B94FF0804301221A6039
:1029400008BD4D21B520FBF737FB0020F8F764BE2A
:102950004FF08043D3F8080400F0010070474FF0B7
:102960008043D3F8140400F0010070474FF0804317
:10297000D3F81C0400F0030070474FF08042D2F8F7
:102980001834D2F81824C3F3004302F00302824241
:1029900014BF002003F0010070470020F8F7B2BE1A
:1029A0000020F8F7DDBE0020F8F736BE08B500239A
:1029B0000B8581F82A300B6A0921984728B10378E2
:1029C0001BB1E9216A20FBF7F7FA08BD436A1944F5
:1029D0004162A1F15000F9F707BAF8B5044620B9F1
:1029E00040F2AD116A20FBF7E7FA90F8585005293C
:1029F00000F2CA80DFE801F003834668727C90F839
:102A00002A30033B012B02D94FF4DC71EAE705239E
:102A100080F82A30002380F859300378EBB123780E
:102A2000012B27D1FAF7A2FB94F828606368636250
:102A3000C4E906010EBBF9F7E3F931462046FFF77A
:102A4000C5FF236A31462846984701462046FBF7D2
:102A50006FF9022840F09B80F8BDF9F7C3F90646EC
:102A60000F46FAF783FB1F3647F1000786428F4176
:102A7000F3D3D4E7D4E90401D6E72046BDE8F84013
:102A8000FBF722B990F82A30DA1E012A02D940F267
:102A9000ED11A7E790F828202AB121462846BDE885
:102AA000F840FFF783BF042B18BF012180F82A10DC
:102AB000036A0521284698470028CDD00378002BCB
:102AC000CAD04FF400718DE790F82A30052B02D060
:102AD00040F2062186E7036A0221B4E790F82A3023
:102AE000052B02D04FF403717CE7036A0121AAE7AA
:102AF00090F82A30052BC0D040F2122172E790F8EE
:102B00002A30052B07D090F829200AB1032B02D0D8
:102B100040F2172166E794F82820002ABDD194F8E6
:102B2000593083B1022384F82A3084F85920236A6B
:102B300008212846984700288ED00378002B8BD098
:102B400040F223214EE794F8292062B184F829301D
:102B5000214604F13000FAF775FA00287FF47CAFC3
:102B60004FF40A713EE7022384F82A300721236AD2
:102B70002846984700283FF46FAF0378002B3FF4B6
:102B80006BAF40F22F212DE74FF40D712AE701289A
:102B9000236A0CBF0421032155E770B5FBF782F9C6
:102BA000002405462646E0B2854200D870BDFBF7FA
:102BB0007FF90134068580F82A60F4E7F8B5044609
:102BC0000D46FBF76FF900270646F8B2864204D897
:102BD000082D0CD96FF0150008E0FBF769F990F8A3
:102BE0002A300137002BF0D04FF0FF30F8BD2CB168
:102BF00029462046BDE8F840FBF766B92146204645
:102C0000F8E710B50446FBF753F9014688B190F890
:102C100028308BB990F82A3073B1013B012B04D8CE
:102C20002046FFF7C3FE002010BD012380F82830A6
:102C3000F9E76FF00100F7E76FF02200F4E770B5F5
:102C40000D46FBF735F9044600284CD090F82A6071
:102C5000731E012B4DD8002D48D02846FBF708F8ED
:102C6000002843D02B780BBB012323702B796A7982
:102C7000003B18BF0123002A14BF04220222227243
:102C8000AA686F3243F004036260EA6822616372EB
:102C9000032384F82A30214604F13000FAF7D2F9F0
:102CA00050BB40F2C1216A20FBF786F9022E20D1E9
:102CB000002323702B796A79003B18BF0123002A77
:102CC00018BF04262672EA6843F004036F32637269
:102CD0006260D4E90632A9685B1842EBE172C4E98C
:102CE00004320423D5E76FF0010070BD6FF01500CA
:102CF000FBE76FF02200F8E70020F6E7F8B503796C
:102D000004461BB11B219D20FBF756F94679017142
:102D100026B901234371217909B96171F8BD27688A
:102D200026712046B84702280546F4D103212046E3
:102D3000B84708B12F21E6E723682946204698477F
:102D40000028E8D03021DEE70346006800B970476C
:102D50008842F9D102681A60704703460020187053
:102D60007047EFF3108272B603780121DBB2017075
:102D700002B962B6012B0CBF6FF022000020704731
:102D8000EFF3108372B60022027003B962B600201E
:102D90007047FBF7E5BAFBF72DBBFBF72BBB002811
:102DA0000CBF6FF01500002070470020704707230C
:102DB000037000207047002070470020704710F813
:102DC000012B11F8013B012A28BF9A42F7D0D01AF3
:102DD0007047034611F8012B03F8012B002AF9D1A3
:102DE0007047034613F8012B002AFBD1181A01384B
:102DF0007047000000000000F7B50022114640F6C1
:102E0000034002F067FE0446002850D102F09CFD0A
:102E1000214601AA41F2030002F05CFE04460028AC
:102E200045D1019A234DD168D1F80100D1F80510A0
:102E300005F12C0303C3104602F072F9214601AAE2
:102E400041F2010002F046FE044680BB0198C368CF
:102E50005A7885F824205A88EA841A7985F825203A
:102E6000B3F807202A85B3F805306B8502F058F9CE
:102E7000214601AA41F2020002F02CFE0446B0B93C
:102E8000019FFA6805F13406531C413218685968ED
:102E9000344603C4083393422646F7D1384602F03D
:102EA0003FF995F83030580606D46FF012042046EA
:102EB00003B0F0BD3001002001AA002142F203005E
:102EC00002F008FE04460028F1D1019BC04EDA68EA
:102ED000D2F80100D2F8051003C6184602F020F916
:102EE000214601AA42F2020002F0F4FD0446002845
:102EF000DDD1019CE368B3F8012091B249B1D978E2
:102F000039B1A5F8B420DA78114606F1200013F0A3
:102F10009EFE204602F004F901AA002142F23A0086
:102F200002F0D8FD0446002840F03C810198C368B7
:102F3000B3F80130A5F8C83002F0F2F895F8306027
:102F400016F0200619D14FF0FF304FF0FF3102F09C
:102F500023FD0446002800F0568102210C300FF0BA
:102F6000E9FC0123037046702146324640F66D406D
:102F700002F0B0FD0446002899D195F850301A07A8
:102F800012D501AA002142F21C0002F0A3FD044662
:102F900000288CD10198C368D3F80120D3F80530FC
:102FA000C5E9262302F0BCF895F890309B0626D59B
:102FB0000DF10201684610F054F8044600287FF431
:102FC00076AF4FF0FF304FF0FF3102F0E5FC0646E0
:102FD000002800F0188104210C300FF0ABFCBDF884
:102FE00000300380BDF8023043802246314642F271
:102FF000240002F06FFD044600287FF458AF95F8D6
:1030000090305F0610D501AA002142F22A0002F09A
:1030100061FD044600287FF44AAF0198C3685B78DD
:1030200085F8CA3002F07CF84FF0FF304FF0FF31E6
:1030300002F0B2FC0446002800F0E58008210C30C4
:103040000FF078FC95F89010624B0246624811F040
:10305000020F08BF034695F891008E0648BF43F063
:10306000400310F0090F18BF43F4006301F00101A1
:1030700043EA011000210FF0CFFE2146002242F268
:10308000010002F027FD044600287FF410AF95F8F8
:103090003030B5F8B410980600F18B80C9B901AA98
:1030A00041F2050002F016FD044600287FF4FFAE51
:1030B000B5F8B430019C4BB9E368B3F80120A5F82A
:1030C000B4209A884548114613F0C1FD204602F00D
:1030D00027F84FF0FF304FF0FF3102F05DFC04465F
:1030E000002800F0908008210C300FF023FC95F8A8
:1030F0009030D907024661D439484FF000510FF0A3
:103100008BFE2146002240F6014002F0E3FC04461B
:1031100000287FF4CCAE014601AA4FF6014002F030
:10312000D9FC044620BB019801F0FAFF214601AA10
:103130004FF6024002F0CEFC0446C8B90198C368BD
:10314000B3F80130A5F8753001F0EAFF95F8753055
:103150005A070DD501AA21464FF6034002F0BAFCEA
:1031600030B90198C3685B7885F8743001F0D8FFF6
:10317000EB79002B38D110F01EFA044600287FF4BA
:1031800096AE04F023FF044600287FF490AEEB795E
:10319000002B3FF48CAE082112480FF077FD02F0AF
:1031A0003FFC84E6411D7FF482AE1F23A5F8C830A2
:1031B000C4E600298DD16FF0040478E602A1D1E9BC
:1031C00000019CE7AFF3008090880002008000209F
:1031D000C00100202E1207000E120700E801002097
:1031E00010880002B80100202E78002EC3D195F877
:1031F00075309B061ED54FF0FF304FF0FF3102F0C7
:10320000CBFB044610B96FF0680450E606210C3081
:103210000FF090FBD5F801300360084B9B8883804A
:10322000214632464FF6064002F054FC0446002880
:10323000A1D03CE66FF0850439E600BF31010020E3
:103240004A78024809780EF011BB00BF10900200C6
:1032500001480EF00BBB00BF2C90020008B50548DA
:103260000EF004FB4FF08043D3F80024C3F8002491
:103270000EF009FB8E90020010B50649002003F005
:1032800089F9044618B1014603480EF0EFFA2046CA
:1032900010BD00BF943100209C90020010B5094B76
:1032A0001B686BB908480EF0E1FA08480EF0DEFA28
:1032B000BDE8104006484FF4004200230BF010B95F
:1032C00010BD00BFB0280020C3900200DC900200B7
:1032D0000001002008B510B1012810D008BD4FF43E
:1032E000A02200230A480BF0FBF80A480022002322
:1032F0000BF0F6F80848BDE808400EF0B7BA0548EC
:1033000013F086FD024813F083FD0448F3E700BF85
:10331000A0000020D0000020F390020009910200DC
:1033200010B50A4C236883B1094813F071FD0948B0
:103330000EF09CFA1321206810F051FB014620B1D9
:10334000BDE8104004480EF091BA10BDB02800202E
:10335000D0000020209102004E9102000840C207D8
:1033600008B510D50F4813F053FD00F0ADFA014633
:1033700020B10D48BDE808400EF078BA0B48BDE812
:1033800008400EF073BA83070AD5064813F040FDD3
:1033900000F0C8FA014608B10548EBE70548EEE73A
:1033A00008BD00BF000100207C910200AE91020028
:1033B000CF91020005920200064BBFF35B8F53E8EA
:1033C000001F013143E80012002AF8D1BFF35B8FE0
:1033D000704700BF4802002070B5144D0446BFF38B
:1033E0005B8F2B68BFF35B8F53B911480EF03EFA29
:1033F00020464FF48042BDE8704000230BF0A4B893
:10340000002000F0FDF9014618B10A480EF02EFA2E
:10341000EEE7BFF35B8F55E8003F013B45E8003224
:10342000002AF8D1BFF35B8FE2E700BF480200201B
:103430002A9202005C9202000F4A104810B50EF06A
:1034400015FABFF35B8F0E4B032253E8001F43E8CE
:1034500000200028F9D1BFF35B8F0A4813F0D8FC95
:10346000094B0A4800221A60BDE810404FF40042A0
:1034700000230BF035B800BFE59A02008E920200DF
:1034800048020020D0000020B028002000010020C9
:1034900070B503788AB004460E4607AD032B20D8DA
:1034A000DFE803F002191B1D11492846FFF791FCC4
:1034B000059563780493A3780393E37802932379C3
:1034C000019363790093A3790A4A1E2130460DF0D7
:1034D0005BFD0AB070BD0849E7E70849E5E7084920
:1034E000E3E7084A0A2128460DF04EFDE0E700BF59
:1034F000AE920200D7920200B5920200BC92020086
:10350000C6920200D092020030B58BB00C46154630
:1035100010F00CFB02A9FFF7BBFF35B907482246A4
:1035200002A90EF0A3F90BB030BD054B009305487E
:103530002B46224602A90EF099F9F4E7FA9202000E
:10354000E59A02001993020000B589B031B10A4A28
:103550000A4809B05DF804EB0EF088B9084A10601B
:1035600010F0E4FA6946FFF793FF064869460EF04B
:103570007DF909B05DF804FBE59A02004193020071
:10358000B02800206393020000B589B010F0CEFA95
:103590006946FFF77DFF034869460EF067F909B0F9
:1035A0005DF804FB7193020010B588B00C4610F072
:1035B000BDFA6946FFF76CFF054B0648224669468F
:1035C0000EF054F904480AF01BFF08B010BD00BF0C
:1035D000E59A0200889302004C02002010B588B0E2
:1035E0000C4610F0A3FA6946FFF752FF22466946DF
:1035F00003480EF03BF903480AF002FF08B010BD83
:10360000AF9302004C02002030B50B78012B93B031
:1036100004460D4627D119480EF028F96B782BB1D6
:10362000174813B0BDE830400EF020B908A9204675
:1036300004F080FB014618B112480EF017F912E0B1
:103640000B9D11490722284614F0E0FC024660B1A8
:1036500069462846FFF71CFF0C4869460EF006F93C
:10366000204610F099FA13B030BD0949204602F007
:10367000B7FF01460028F6D00648DEE7D2930200E5
:10368000EB9302000494020094310020269402007F
:103690009B3100204994020007B500233048CDE952
:1036A00000330EF0E3F82F4808F0BCFE014630B1BD
:1036B0002D480EF0DBF8002003B05DF804FB01A9F3
:1036C000684608F09BFE4FF08043D3F80014C8030F
:1036D00003D526480EF0CAF80BE04A0701D5244866
:1036E000F8E7CB0701D52348F4E751B122480EF0A3
:1036F000BDF80021214800F0ABF8014618B1204880
:10370000D7E72048E6E702F05BFA014608B11E4819
:10371000CFE70EF01CFF014608B11C48C9E71C4862
:1037200004F03CFC014608B11A48C2E71A4804F00C
:1037300019FC014608B11948BBE7194800F0A2F886
:10374000014608B11748B4E7FFF796FD014608B1F6
:103750001548AEE7DDE90001FFF700FEFFF77EFD4B
:10376000739402005D3301009E940200C594020030
:10377000EF9402001095020026950200E8880200EE
:10378000619502005195020093950200B3950200E5
:1037900038020020D5950200F08802000F96020042
:1037A000E4880200449602006F960200054B1B68F5
:1037B0005B6808462BB1044A0138116818BF012024
:1037C00018477047B8280020B4280020034B1B6816
:1037D0001B6813B1024A116818477047B8280020C7
:1037E000B42800201FB514240294044C0194BDF8A1
:1037F0001840009411F0ADFA04B010BDBB310020A8
:1038000010B586B0002104461822684614F0EFFB7C
:103810000C4B029314230C49ADF80C300B4B019167
:1038200004932CB96946204606F048FB06B010BD4B
:103830000122204611F092FB0028F3D16FF0150011
:10384000F4E700BFBB31002030890200CD37010012
:10385000054A0346106818B91360044B1960704795
:103860006FF07700704700BFB8280020B428002010
:10387000034B1B6813B11B6803B11847704700BFA7
:10388000BC28002010B578B103686BB1094C2378CF
:103890006BB9094B094A186009490A4803F000FA54
:1038A00008B90123237010BD6FF01500FBE76FF01E
:1038B0007700F8E7CF310020BC280020C028002086
:1038C00058890200788902001FB5124B1B78EBB1B2
:1038D000114C40F6B833ADF80C30206800238DF859
:1038E0000E300FF037FF0D4920680FF011FF58B967
:1038F000009003460A49206802220FF056FF18B9CB
:10390000206803A903F0FEF904B010BD6FF01500A4
:10391000FAE700BFCF310020C028002078890200DC
:103920009C8902001FB5124B1B78EBB1114C41F280
:103930007073ADF80C30206800238DF80E300FF056
:1039400009FF0D4920680FF0E3FE58B900900346C7
:103950000A49206802220FF028FF18B9206803A93D
:1039600003F0D0F904B010BD6FF01500FAE700BF06
:10397000CF310020C0280020648902008C89020019
:10398000014B1B68184700BF7C02002030B504467D
:1039900085B00D4610220021684614F028FB022352
:1039A0008DF802302A46044B0193214668460DF0FB
:1039B0007BFB05B030BD00BF8139010080B50546F5
:1039C0000E46174698460BF033F9034601F056F9B8
:1039D000DFF81890044649F8003042463046394630
:1039E000A84754F8090001F0E3F800BF0800000000
:1039F0002DE9F047058B0446280717460CD5012909
:103A00000CBF45F0100545F02005258387F311888C
:103A1000BFF36F8FBDE8F087022905F0070540F07E
:103A2000948020460DF0ADFF052864D801A353F81B
:103A300020F000BF0D3A01004B3B0100F73A0100B6
:103A4000B93A0100D33A0100E53A010001F0070359
:103A50005A1F012A1FD8002221F00701062BD4F893
:103A6000008089B2C4E9002209D1434603E0628B99
:103A7000013262831B68002BF9D141F002012183DE
:103A800020460DF07EFF4FF0000900286DD041F078
:103A90002001218369E0042B0AD121F0070189B2BA
:103AA000218320460DF06DFF10B141F020012183EC
:103AB0004FF00008C14658E02369D3F80090238BEB
:103AC00023F0070343F0060323834FF00008464624
:103AD0004BE02369D3F80490238B23F0070343F0D2
:103AE0000403F1E72369D3F80890238B23F007033D
:103AF00043F00503E8E74FF00008C146E7E701227D
:103B000043F00803238387F31188BFF36F8F002AE4
:103B10003BD1B8F1000F4AD1B9F1000F02D02D49C5
:103B20002046C847EFF31187402383F31288BFF381
:103B30006F8F238B23F008039BB22383D9063FD5D5
:103B400023F01002228303F007056669218B002E03
:103B5000BFF67CAF0023D4F8008021F00701C4E950
:103B6000003341F0010121839946238B03F0070ABA
:103B7000AA4502D0A268002AC1D1B8F1000F02D133
:103B8000B9F1000FDAD00022BAE7A1680029C0D04D
:103B90000D680029BDD04F68334652462046B847CD
:103BA0001DB12B6829461D46F3E72B46FAE741462F
:103BB000334652462046D8F800800DF00EFFA8E7A5
:103BC0009A067FF523AF23F02002228303F0070536
:103BD00027E700BF071A020037B504460821C06A6C
:103BE000124D0EF009F900234FF6FF72ADF80430C4
:103BF0006368ADF800208DF80620E26819182B40A4
:103C00001344181A60606846ADF802100EF04CF8C4
:103C1000694620460EF00FF9211D20460EF01EF8D1
:103C200063682B40A36003B030BD00BF0000FFFFFE
:103C30002DE9F7430F4681460821C06A144D0EF066
:103C4000DBF83C68241A80463C6004EA0506B4426E
:103C50001CD3A0B210B903B0BDE8F08308236A46B4
:103C6000214648460DF0C1FF0028F4D16946A0B2B4
:103C70000EF0AEF838B1BDF80230BDF804203C605B
:103C80002E4013441E44A4EB0804E0E70020E2E7C2
:103C90000000FFFF2DE9F047044688B000F114074B
:103CA000384612F02BFFA06A8368DB689847E06211
:103CB00028B96FF01505284608B0BDE8F087A06A5E
:103CC0008368DB6898470368013B1F2BF1D8E368E2
:103CD000B3F5803FEDD8A06A216805AA12F00DF96E
:103CE0000028E6D1E568002DE3D0069BB5FBF3F292
:103CF00003FB1255002DDCD1238A012BD9D9E36AAD
:103D0000009593F805804FF0FF334FF0FF323846AF
:103D10000AF07EF8E06A08210EF06EF8A946064621
:103D2000238A1FFA85FA534544D8238A4B4500F06D
:103D3000FF809A450BD1009908234246891B2046F3
:103D40000DF061FF18B9694620460DF087FF6946FE
:103D50002046FFF76DFF0546002840F0EB800099F4
:103D600061604FEA11494FEA0949C4F80890A36815
:103D70008B420DD8082301AA20460DF036FFB8B9B2
:103D800001AB13F8012B904532D101300828F8D14E
:103D9000636869466FF30F03204600930DF05EFFE2
:103DA000E3680099424620460DF02DFF00283CDADA
:103DB0000546BFE0E1682B04891B13FA81F14246F6
:103DC0000823204600910DF01EFF78B16946204679
:103DD0000DF044FF09F101090099082342462046ED
:103DE0001FFA89F90DF00FFF00289ED0013597E7E3
:103DF000A08801A90DF0ECFF626810B9911B616009
:103E0000B5E7BDF808A0BDF80610E06AC4F8089050
:103E100051440DF0F1FF48448242A060EED1BAF166
:103E2000000FEBD06FF01C0584E05DD063684FF6A7
:103E3000FF7906EB0308E368CDF800801FFA88F2EB
:103E40009B1B9A421CD34FF000086168B8F1000F29
:103E500030D06FF30F010091204669460DF0FEFE51
:103E6000009920460DF007FF0028A1D1E368A28841
:103E7000A3EB46039A425DD120460DF0F9FF97E788
:103E8000082303AA414620460DF0AFFE00288FD13B
:103E900003A91FFA88F00DF09BFF30B1BDF80C307C
:103EA0004B4502D1BDF810300BB1B044C3E74FF021
:103EB0000108CAE720460DF0DEFE00287FF478AF47
:103EC0006368214AE16813400B44A3EB4603636037
:103ED0001340A360414620460EF04EF8C4E7E26A64
:103EE000A36812681344A360D4E901318B4208D956
:103EF0005B1A424620460DF086FE0028FFF658AFBA
:103F0000EDD16168E36801EB46029A42AED10E4BF7
:103F1000A06801EA03029042A8D020460DF0ABFE53
:103F200000287FF445AF6268074B1A40A2609DE706
:103F30006FF02C05384609F0DDFF002D7FF4BBAE95
:103F40000123A374B7E600BF0000FFFF014B03602D
:103F500000207047AC89020070B5104B1C680D46FC
:103F6000B4B10F4B196800238B4202DB6FF00100E4
:103F700070BD224612F8106B864202D001331446FF
:103F8000F2E7E06812F013FD28B12C600020EFE7A3
:103F90006FF00C00ECE76FF01200E9E78002002000
:103FA000AC89020010B588B0436802938368C0688A
:103FB000CDE903320A680023CDE906230C4601AAA5
:103FC0000449059311F09DFF079808B9059B2360EC
:103FD00008B010BD7124020010B5DFF824C086B00F
:103FE0004FF42814CDE904C40824029404AC0194CD
:103FF000BDF82040009410F0ACFE06B010BD00BF2C
:10400000180028002DE9F0410C4B1C6805460E46AF
:1040100017467CB100F018F963682046D3F8108089
:1040200032463B462946C047044600F017F9204671
:10403000BDE8F0816FF00104F9E700BFC42800205B
:1040400000230360044B5A6812B9C3E900007047AB
:1040500010605860704700BFC8280020014B1860EE
:10406000704700BFC428002030B585B00023CDE9DB
:1040700002330546019000F0E7F8094B1C6844B98B
:10408000284600F083F8044600F0E8F8204605B022
:1040900030BD636820461B6801A998472468EEE795
:1040A000C82800201FB5CDE90101039200F0CCF82B
:1040B000074B1C6824B900F0D1F8204604B010BDAD
:1040C000636820461B6801A998472468F2E700BF8F
:1040D000C8280020024B0022C3E90022704700BF1D
:1040E000C8280020024B0022C3E90022FFF7F2BFDC
:1040F000D02800202DE9F74307460C4609B10023DC
:104100000B601F4DDFF87C9000264D450FD31E4BF2
:104110001D6885B355F8188C01AA41463846183DEC
:104120000EF01CFA10B3D6B914BB2E461EE0D5F81B
:10413000008001AA414638460EF010FA50B116B977
:1041400054B92E4606E03168002240460EF006FAC9
:104150000028F5D11835D8E7019B2360F1E73168D5
:10416000002240460EF0FAF90028DDD1AD69D0E713
:10417000019B2360D9E7304603B0BDE8F08300BF60
:104180000C8502009C850200D02800202DE9F04714
:10419000DFF8A890DFF8A8A080464FF0004700267F
:1041A000284C3D464C450DD3DAF80040002C40D059
:1041B000183CB8F1000F24D1226952BBA469F5E77D
:1041C0002F46EDE7B8F1000F03D122694AB9183440
:1041D000E8E72068002241460EF0C0F90028F4D13B
:1041E000F5E76368BB4206DDAF4202D0AB42A8BF31
:1041F0002B461D46EBE7EAD19047002E08BF064646
:10420000E5E72068002241460EF0A8F90028D3D146
:10421000D4E76368BB4206DDAF4202D0AB42A8BF21
:104220002B461D46CAE7C9D19047002E08BF064657
:10423000C4E7AF42C4D13046BDE8F0879C85020098
:10424000D02800200C85020003484FF0FF324FF0C9
:10425000FF3309F0DDBD00BF90050020014809F0E3
:1042600049BE00BF9005002038B5094DFFF7ECFFAF
:104270002B785BB9FFF736FF00F068F8044608B901
:1042800001232B70FFF7EAFF204638BD0024F9E731
:10429000D03100202DE9F043048F013499B0064657
:1042A0000F46A4B200F10808651EADB2B5F5004F87
:1042B00047D04A2305AA294640460EF0D1F804F516
:1042C0007F543F34A4B28146214601230DF10B02F5
:1042D00040460EF0C5F8B9F1000F014610DC002889
:1042E00010DC338FAB4209D132466B1E22F8383FC7
:1042F0004FF40041022340460DF07DFF2C46D3E7EA
:10430000002808DC294640460EF051F82146404678
:104310000EF04DF8E5E709F160030DEB030900230A
:1043200009F84C3C084A009703AB05A8CDF80C806F
:10433000ADF810400EF048F90028DFD019B0BDE804
:10434000F0830020FAE700BF372602007FB5012383
:10435000694603200193FFF7FFFD044660BB02AAF4
:1043600001A903200EF0A6F8044610B110F10C0FBD
:1043700022D10399B1F5803F23D2009A002394689B
:104380001846084484421AD30133082BF9D10E4D44
:1043900069612B835368AB602846D368EB630EF0EA
:1043A000E0F9044640B9094E6E602846FFF748FE22
:1043B00028466E60FFF752FE204604B070BD9BB2E7
:1043C000E5E76FF02004F7E7D82800207C8A020098
:1043D00008B504480DF04AFA03480DF047FA0020EA
:1043E00008BD00BFB0960200E596020008B503487C
:1043F000034A0021121A0EF0E9F908BDC006002098
:10440000103500200748084A084908B5121A0EF06E
:10441000DFF90748074A0849BDE80840121A0EF0BC
:10442000D7B900BF00000020C0060020449E020053
:104430000000002000000020449E020038B5054620
:104440000C4699B1D1E901230F4809680DF00EFA25
:10445000D4E90423E1680D480DF008FAE1690C483D
:104460000DF004FAA1690B480DF000FA012D05D1F9
:10447000EFF30581084810390DF0F8F92146284678
:10448000BDE8384009F03EBB129702004297020097
:104490007297020082970200B197020030BFFFF7C7
:1044A000FDBF00BF2DE9F0410B4EDFF8308006EB79
:1044B0000807CC1B054632460949204613F089FD02
:1044C000A01942460021083C13F091FDC5F8A44014
:1044D00007F10800BDE8F0810000000008000000BE
:1044E0009C8502002DE9F843324D804632488946CA
:1044F00017460DF0BBF9AB6ADE0622D52F480DF04A
:10450000B5F91124AB6A1D0703D52D480DF0AEF99E
:104510001224284DAB6A980715D52A480DF0A6F944
:104520006E6BAB6A190642D5274831460DF09EF9ED
:10453000B9F1000F03D0AB6A23F08003AB62132400
:1045400003E01024DEE76FF015061A4DAB6ADA07B8
:1045500003D51E480DF08AF91424AB6A9B0603D5D7
:104560001B480DF083F91524124B9A6AD50602D424
:104570009A6A90070AD55B68190507D54146304607
:1045800000F0C8FA10B180F309880224094B9A6A36
:10459000920642BF5A6A22F400525A629A6A42F064
:1045A000FF029A6200233B702046BDE8F8836FF05B
:1045B0001506C4E700ED00E0C5970200DC97020095
:1045C00010980200249802003D98020054980200BE
:1045D0007498020010B51D4C1D480DF047F9A36AF0
:1045E000990130D51B480DF041F91E20A36ADA016C
:1045F00003D519480DF03AF91F20144CA36A1B0388
:1046000003D516480DF032F92120A36A590303D5CA
:1046100013480DF02BF922200C4CA36A9A0303D502
:1046200010480DF023F92320A36ADB0303D50E48BD
:104630000DF01CF92420054A936A6FEA03436FEAE0
:104640001343936210BD1D20D0E700BF00ED00E0D2
:10465000A4980200BD980200D1980200EC980200D4
:104660000B990200319902004C99020070B5244C5C
:10467000064624480D460DF0F9F8A36AD90435D54D
:1046800021480DF0F3F81720A36A1A0503D51F4837
:104690000DF0ECF818201A4CA36A9B050FD51C48A6
:1046A0000DF0E4F8A16BA36A180407D519480DF0C2
:1046B000DDF81EB1A36A23F40043A3621920104C55
:1046C000A36A590503D514480DF0D0F81A20A36A3F
:1046D000DA050DD511480DF0C9F81B20084A936A78
:1046E00043F47F43936200232B7070BD1620CBE709
:1046F000A36A9B04F2D50A480DF0B8F81C20EDE738
:1047000000ED00E0789902008F99020010980200F5
:10471000A1990200BB990200D1990200ED99020013
:10472000749802002DE9F0415D4B5F688AB0044641
:10473000C7F30806002585F31188BFF36F8F02F0D9
:104740007F43B3F17F4F06D102F00C03082B13D146
:1047500054480DF08BF800252C464FF00008F31E4E
:104760008DF80780092B00F28C80DFE803F00A80C7
:10477000847C8A8A8A8A8A8810074CBF0C46012565
:10478000EBE74948464E0DF071F88DF80780F36A63
:104790009A0704D545480DF069F800232AE0F36A2A
:1047A000002B01DA4248F6E7F36A5B00F5D5414891
:1047B0000DF05CF87369A26943F480737361BFF311
:1047C0004F8FBFF36F8F32F8023C726922F4807210
:1047D0007261BFF34F8FBFF36F8F03F47F42B2F567
:1047E0005F4F27D1DBB2022B24D1216832480DF074
:1047F0003DF823689DF80720CAB902AE04F12007EE
:1048000020686168324603C20834BC421646F7D1BC
:10481000099A002D41D0C2F3080121B96FEA522252
:104820006FEA4222099202A91846FFF707FE0AB072
:10483000BDE8F0811A4B9A6AD2B232B10DF107028B
:1048400001212046FFF74EFE0FE09A6A12F47F4FD7
:1048500005D00DF107010120FFF708FF05E09B6A75
:10486000B3F5803F99D3FFF7B5FE0346C2E70DF1DC
:1048700007020021E5E70DF107010020ECE70F48F2
:1048800089E70F4B0F49104817F4F87FA6F1100283
:1048900008BF19460CF0EAFF7FE76FF30802C1E793
:1048A00000ED00E0349A0200609A0200789A02005B
:1048B0009A9A0200A99A0200C99A0200E69A020096
:1048C000069A02001B9A02000B9B0200044B5A69D5
:1048D00042F010025A615A6922F008025A61704788
:1048E00000ED00E0EFF30880EFF3098101B57246B7
:1048F000FFF718FF01BD00BF002080F31488BFF34D
:104900006F8F114880F3088800201049087008F064
:10491000DDFC00200E490860BFF34F8F00F02EF839
:10492000402080F311880B484FF40461401880F355
:104930000988EFF314800221084380F31488BFF341
:104940006F8F00F0B7F80000006000200C350020E9
:1049500094ED00E0404E00200749D1F8902000235C
:10496000C2F307221846934200DB7047C1F8983023
:10497000C1F8A0000133F6E700ED00E008B572B61B
:10498000002383F31388FFF7E7FF144B4FF0FF3248
:10499000C3F88020C3F88420C3F88820C3F88C2093
:1049A000C3F89020C3F89420C3F89820C3F89C2043
:1049B000C3F88021C3F88421C3F88821C3F88C216F
:1049C000C3F89021C3F89421C3F89821C3F89C211F
:1049D00062B6BFF34F8FBFF36F8F08BD00E100E0F9
:1049E0001EF0040F0CBFEFF30880EFF3098081691C
:1049F00011F8021C0229FFD001B572460DF0EAFE43
:104A000001BD00BF40B2002807DB044A4109012371
:104A100000F01F00834042F82130704700E100E0C1
:104A200040B200280CDB4309064900F01F00203388
:104A30000122824041F82320BFF34F8FBFF36F8FD5
:104A4000704700BF00E100E0054B420900F01F0085
:104A500053F82220012303FA00F01040704700BFF2
:104A600000E100E040B2D30754BF0231002100282A
:104A7000ACBF00F16040074A4FEA4113ACBF00F5FC
:104A8000614000F00F00DBB2B4BF135480F8003374
:104A9000704700BF14ED00E0044B054A23F07F038C
:104AA0009360BFF34F8FBFF36F8F7047000000001C
:104AB00000ED00E008B5FFF7EFFF074AD2F88830B5
:104AC00023F47003C2F88830FFF790FCFFF79AFCDC
:104AD00000F0B6F809F0E2F800ED00E042F8203C02
:104AE000009B42F81C3C0A49019B42F8183C029B7F
:104AF00042F8143C21F001014FF0807342F8043C6D
:104B000042F8081C0023203A0265C0F8A83070471C
:104B1000BD3901000A4A0346906878B113F1160FB7
:104B2000D0F8940005D0A0F14002934205D383420F
:104B300003D2814228BF002070470020704700BF89
:104B4000042D002008B515460C4A0D4B9060D0F896
:104B5000A4201A600E4600F0A3F82C4686F30988BC
:104B60000020044B98472046002100220023024CDD
:104B700020470000F9270200BD390100042D002064
:104B800018290020014B10221A61704700ED00E047
:104B9000054B5A699B689A421FBF044A536843F009
:104BA00080535360704700BF042D002000ED00E0EB
:104BB000084B9B6883420BD1EFF3058343B1064B4F
:104BC0005A6842F080525A605A6A22F400425A628D
:104BD0000AF034B8042D002000ED00E015498A6881
:104BE0004FF030001044EFF3098C80E8F01F4020B4
:104BF00080F31288BFF36F8F0F4F4FF000664A6942
:104C00008A603E60D2F8A4000C4C2060D2F8A80064
:104C10000023C2F8A83080F3118804B5104600F0D4
:104C20003FF8BDE8044002F1300090E8F01F8CF33B
:104C300009887047042D002004ED00E018290020A9
:104C4000044800234021C2180133302B82F800139E
:104C5000F9D1704700E100E008B5EFF30583064A9B
:104C6000103B02EBC30152F8330049688847BDE8A6
:104C70000840FFF78DBF00BF708202000148006846
:104C80007047000018290020024B034A0348012105
:104C900000F078B80000022000000020988A02008E
:104CA000D0F89430054A403B1360054B4021C2E9DF
:104CB00001131046012100F06FB800BF1C2900202D
:104CC00000000B15084AC2F898000B6823F01F0378
:104CD000034343F01003C2F89C308B6843F0010398
:104CE000C2F8A030704700BF00ED00E02DE9F043AE
:104CF000DFF8608085B00E461F4604464FF000097D
:104D0000B14523DA6068D8B13FB1411E08421BD1DA
:104D10001F2819D92368194216D1236801930DF071
:104D20008EFDA36803430393D8F89050C5F307257D
:104D3000D0B2013DA84207D801A9FFF7C3FF421C2A
:104D400009F101090C34DBE76FF01502104605B0DC
:104D5000BDE8F08300ED00E0044B0522C3F8942089
:104D6000BFF34F8FBFF36F8F704700BF00ED00E0C0
:104D7000BFF35F8F024B0022C3F89420704700BF3F
:104D800000ED00E010B5034C01232278FFF7AEFFE1
:104D9000207010BDD131002008B50B4A00231278D5
:104DA000FFF7A4FF10F1160F07D0084A0021D2F830
:104DB0009030C3F30723984200DB08BDC2F8980087
:104DC000C2F8A0100130F2E7D131002000ED00E080
:104DD0002DE9F0435A4B5B4DD3F890302C68C3F368
:104DE00007239C4285B000F2A780FFF7C1FF002097
:104DF0000C2684421AD1544EDFF844913470684630
:104E0000FFF7A4F8514C524D80460027B84514D105
:104E100033784B490020D1F89020C2F30722934207
:104E2000C0F28480FFF798FF002045E0696806FB28
:104E30000011FFF747FF0130DBE7009800EB071197
:104E40004FEA071CCB682340B3F5000F4DD00AD8BA
:104E5000B3F5001F33D0B3F5800F3BD0B3F5801FFF
:104E600013D00137D2E7B3F1007F47D0B3F1805FB1
:104E70004DD0B3F1807FF4D150F80C3088684A6887
:104E80000DF0DDFC40F0887009E050F80C308868C7
:104E90004A680DF0D4FC40F0885040F43020CDE951
:104EA00001230390D9F890303078C3F30723013BF6
:104EB000984234D96FF0150005B0BDE8F08350F882
:104EC0000C3088684A680DF0BAFC40F0885040F415
:104ED0000020E4E750F80C3088684A680DF0AFFC19
:104EE00040F0007040F40030D9E750F80C3088688A
:104EF0004A680DF0A4FC40F08270D0E750F80C3006
:104F000088684A680DF09BFC40F48020C7E750F8A1
:104F10000C3088684A680DF092FC2843BFE701A96D
:104F2000FFF7D0FE3378013333709AE7C1F8983039
:104F3000C1F8A00001336EE74FF0FF30BCE700BFBF
:104F400000ED00E0A48A0200D13100200000F0FF53
:104F50000000021108B502480BF0F6FFFEE700BFA3
:104F60002E9B020008B5024B1B689847002008BD25
:104F70002829002008B50649064821F00701C1F19B
:104F8000005202F500320CF02EFC002008BD00BFDC
:104F90000F8100202C29002070B54169867A0B4DC5
:104FA000044659B1437ADB0706D4242303FB065396
:104FB000DB691B689B6898470023636124202146B6
:104FC00000FB0650BDE8704011F033BEC405002060
:104FD000024B242202FB0030704700BFC4050020B2
:104FE000827A064B242101FB02331A6A1B7D1B3394
:104FF000801A23F00303B0FBF3F07047C4050020D0
:1050000038B5074B827A242404FB0233DB69D3E9E9
:1050100001240C601568FFF7E3FF04FB005038BD66
:10502000C40500202DE9F04385B00546684603918C
:1050300090461C4612F07EF8DDE90067EFF3118917
:10504000402383F31288BFF36F8F6B8A002B41D00C
:105050002A8A9A4225D900220023284608F09AFF7E
:105060000446F0B189F31188BFF36F8F039B002BC7
:1050700041D032463B46684612F081F8A27A264B70
:10508000242101FB02332046DB691B6803A91D684C
:10509000DDE90023A847606170BB2046FFF77CFF75
:1050A00024E0698A4B1E6B8289F31188BFF36F8FEE
:1050B0002B7D2A8A2C6A1B3323F00303521A02FB2E
:1050C0000344154B154AEB1A9B105343A3722B7DD7
:1050D000E372CBE789F31188BFF36F8F2346424613
:1050E000284608F057FF04460028BFD10024204678
:1050F00005B0BDE8F0836361012300252381039B94
:105100006382E27A6560294604F1180012F06FFFAD
:1051100063692582E360EAE7C4050020398EE3383D
:1051200070B50D4C242500B970BD037A4668002B7C
:10513000FAD0013BDBB20372002BF5D1C3604360B0
:10514000837A05FB03439B6913B198473046EAE72E
:10515000FFF722FFFAE700BFC4050020044A01233D
:10516000C2F840354FF080420020C2F878357047D1
:1051700000E001402DE9F3411C4D044617469846D6
:10518000BFF35B8F2B68BFF35B8FDA072CD520B999
:105190006FF0010002B0BDE8F08101A90DF002FA44
:1051A00002280246F4D11249204612F02FFF0028AF
:1051B000EED1BFF35B8F2B68BFF35B8FC3F3C006E9
:1051C0001B0711D4A5F18804072221464046B847A1
:1051D000062895BF45F8886C0723C4F80360B0FB28
:1051E000F3F094BFE671E0710020D3E7B80100202E
:1051F000C39202002DE9F04389B09D79DDF840901B
:105200005E791F7993F803C093F802E093F8018068
:105210001B780C46B9F1000F15D0CDE90639CDE960
:1052200004E81346CDE9027CCDE900560D4A0BF0A7
:10523000ABFE002813DBA0422CBF6FF0150000204E
:1052400009B0BDE8F083CDE90583CDE903CE13466F
:10525000CDE90167044A00950BF096FEE9E76FF08F
:105260001500EDE7339B0200579B020070B5044622
:105270008CB01E461546AAB129B10A4602A80421DF
:105280000CF00EFB02A900912B462246242103A814
:10529000FFF7B0FF70B9109A314603A8FEF7B2FECF
:1052A0000CB070BD0346054A242103A80BF06CFE28
:1052B0002328F0D96FF01500F2E700BF789B0200B9
:1052C00007B5064B0648DA79C2EBC202009200220B
:1052D0001146FFF7CBFF03B05DF804FB300100205F
:1052E000C392020030B504468DB015469AB129B17B
:1052F0000A4602A804210CF0D3FA02A900912B4619
:105300002246242103A8FFF775FF60B903A80DF01A
:1053100021F90DB030BD0346044A242103A80BF047
:1053200033FE2328F2D96FF01500F2E7789B0200D4
:1053300007B5009313460A4601460348FFF796FF58
:1053400003B05DF804FB00BFBB9B02000A460146A8
:105350000148FFF7C7BF00BFBB9B020007B5009322
:1053600013460A4601460348FFF780FF03B05DF885
:1053700004FB00BFB59B020007B5009313460A4625
:1053800001460348FFF772FF03B05DF804FB00BF5E
:10539000A69B020007B50022034600910348114670
:1053A000FFF764FF03B05DF804FB00BFAD9B020094
:1053B00008B5024809F024F8002008BD3003002099
:1053C00070B51A4CBFF35B8F2368BFF35B8F13F08C
:1053D000010F25461DD014F8813CA4F18806D3B1F5
:1053E000BFF35B8F2368BFF35B8F5A0701D400F0D4
:1053F00017FBBFF35B8F55E8003F23F4006245E8DD
:1054000000210029F7D1BFF35B8F1B0501D5FFF702
:10541000CFFF002009E000F0FDFF30B9F379002B49
:10542000DED101F007F80028DAD070BDB801002005
:1054300007B5009313460A4601460348FFF716FFD7
:1054400003B05DF804FB00BFC19B02000A460146A1
:105450000148FFF747BF00BFC19B020010B586B0EF
:10546000094B0A4803930024CDE9044411F0BEFC23
:1054700003AB0093064905480A234FF4E86208F09D
:10548000C5FF204606B010BD819B0200F816002023
:10549000403500200146014808F0F8BFF81600200A
:1054A0000146014811F077BCF816002030B50378AA
:1054B000012B11D0022B21D06BB9154B0A4603F1F9
:1054C000100453F8045B42F8045BA342F9D143880B
:1054D0001A0A8A70CB7030BD0D4B0A4603F11004D6
:1054E00053F8045B42F8045BA342F9D143681A0CF9
:1054F000180E4A700870C3F30722EAE700F11003A0
:10550000013913F8012901F8012F9842F9D1E2E796
:10551000FF9C020010B50DF032FB11F0C4FC0446F4
:1055200008B909F0C1FABFF35B8F064B1B68BFF3E4
:105530005B8F0BB10A2098471CB9BDE8104009F0F9
:10554000C7BA10BD3829002038B5044608480DF008
:1055500091F9054648B1631EDBB21F2B96BF054A81
:105560000021D15C0C300DF0F4F9284638BD00BFA5
:10557000780600200F9D0200054BBFF35B8F53E8B8
:10558000002F43E800010029F9D1BFF35B8F70477A
:10559000382900200F2810B50CD80D280CD90A483E
:1055A0000DF068F9044618B104210C300DF0D1F962
:1055B000204610BD1328F2D009B10448F0E7BDE839
:1055C00010400220FFF7C0BF9C0600200C06002000
:1055D00038B5C5682B7893B9B5F801400F2120463E
:1055E00002F06EF8EB78054650B90A4A118831B9D5
:1055F0006FEA04506FEA10501080074A137038BDEC
:105600000373012101F0C4FF2846BDE8384001F0D2
:105610006FBF00BF74310020D231002010B586B0BA
:10562000084B039303AB00240093074907484FF04E
:10563000FF334FF48062CDE9044408F0E7FE2046D2
:1056400006B010BD8A9B0200C03C0020C817002095
:1056500010B5012104460C300DF0A6F92146034A8D
:105660000078BDE8104000230DF061BBD08B020034
:1056700010B5012104460C300DF096F92146034A7D
:105680000078BDE810400A230DF051BB808B02006A
:1056900070B525480DF007F90446002843D000F105
:1056A0000C0528460DF088F9022805D004282FD0D3
:1056B0002046FFF735FD21E0238A032BF8D904218A
:1056C00028460DF071F9FF22438806882276228A47
:1056D000C6F30B009A426083EAD10F2101F0F0FF7C
:1056E00005460028E4D002F007F8320B2076214668
:1056F00028460EF008F9284601F0FAFE0B4BD3F8C5
:10570000EC3083B1BDE8704009490A4811F043BB51
:10571000022128460DF048F9074A00780623214661
:105720000DF005FBC4E770BD1C0200203001002015
:105730005003002098180020508B020010B5012162
:1057400004460C300DF030F92146034A0078BDE8DC
:10575000104002230DF0EBBA408B02002DE9F04718
:105760000C4609F0A1F9E5682B78022B52D0042BE6
:1057700005D02046FFF7D4FC6FF0150408E0B4F81C
:105780001080B8F1020F08D82046FFF7C9FC0024AA
:1057900009F09EF92046BDE8F08768783E2809D1D7
:1057A000B8F1030FF0D0EB78012B01D00A2B31D1E7
:1057B000032604E00DF058FAC10706462AD504F185
:1057C0000C0701213846D4F814900DF0E5F80221B9
:1057D00038460DF0E9F890F800A0BAF13E0F22D15A
:1057E000E3681B78012B23D00A2B14BF0227032761
:1057F000124A0623214650460DF099FABA0719D5E8
:105800006369A4F81080A5EB090513FA85F5E56036
:10581000B307BCD521460A480DF030F809490A48BB
:1058200011F0B9FAB3E750460DF01EFA0746DFE76C
:105830000327DDE72046FFF773FCE9E7108B020042
:105840001C02002050030020981800202DE9F0478A
:10585000884616468246002870D0BFF35B8FDFF87B
:10586000E090002359E8004F49E80032002AF9D1BE
:10587000BFF35B8F002C61D02046FFF7B1FB314DA9
:105880000C2303FB005027464388534511D0BFF338
:105890005B8F59E8003F49E80072002AF9D1BFF355
:1058A0005B8F002B4AD01F463846BDE8F047FFF714
:1058B00037BCA64208D020460CF0D7FF328AF168E8
:1058C00004F10C000DF03CF82046FFF789FB0C2694
:1058D00006FB00504368ABB1B8F1000F12D120466F
:1058E000FFF77EFB06FB005001214268536803F07E
:1058F0001F00814010685B0900EB8300137ACBB175
:105900000DF0C4F92046FFF76BFB0C2606FB005098
:105910008368002BC8D02046FFF762FB704305F870
:1059200000802046FFF75CFB06FB0055A86808F0E6
:1059300063FBB9E7C9430DF011FAE3E7BDE8F0876F
:10594000180200203C290020094BBFF35B8F1A6826
:10595000BFF35B8F02F00B02BFF35B8F53E8001FB6
:1059600043E800200028F9D1BFF35B8F704700BFE8
:10597000B801002010B5C1E900239DF808300B7272
:105980000C46FFF72DFB034B0C2202FB00335C603F
:1059900010BD00BF3C290020F8B502460B46104858
:1059A0000CF068FF0446C0B104210C300CF0B7FFC6
:1059B0002046FFF715FB0B4D0C2707FB0050002678
:1059C00046802046FFF70CFB07FB00508660204610
:1059D000FFF706FB07FB00556E602046F8BD00BFD1
:1059E000540600203C2900200138C0B202289ABF8A
:1059F000014B185C00207047599D020029289ABF6E
:105A0000014B185C092070472F9D0200034B014693
:105A1000D3F8040182689268104700BF300100206B
:105A2000014804210DF032B9B80100200048704748
:105A3000999602000149024811F0ADB940030020D7
:105A4000C817002070B505460C4639B1CB684A69C5
:105A50009B1A032B0ED86FF0150509E04FF0FF30AD
:105A60004FF0FF31FFF798FF044618B96FF0680553
:105A7000284670BD2046FFF7B3FA144B0C2202FBF8
:105A80000033A618032130465D800CF074FF0580BA
:105A9000238A033B8370012130460CF074FF40F6EB
:105AA00035439D4209D12046FFF7B0FF0546002847
:105AB000DED02046FFF734FBDAE70548214611F037
:105AC000ADF80025FFF7B6FFD2E700BF3C29002064
:105AD000240200202DE9F043054685B017460C4608
:105AE00069B94FF0FF304FF0FF31FFF755FF044623
:105AF00058B96FF06805284605B0BDE8F083887A8C
:105B0000FFF766FA264B834244D101220021684602
:105B100011F09DF82046FFF763FADFF888804FF018
:105B20000C0909FB0080C0F808D020460CF0D1FE1B
:105B300001462846FFF786FF054618B12046FFF7C5
:105B4000EFFAD8E74FF4A0220023684608F088FA5D
:105B50002046FFF745FA09FB00F018F80060AEB1E7
:105B60002046093EFFF7DCFA092E0CD8DFE806F0E4
:105B7000050B0B08150B0B0B0B126FF06E05BAE73C
:105B80006FF00C05B7E76FF00405B4E7002FD5D030
:105B90003C60B0E76FF01505ADE76FF00B05AAE7C5
:105BA000540600203C29002010B5FDF725F9034BD1
:105BB0001B6813B1BDE81040184710BD60290020D4
:105BC00073B5274D0646D5F8040110F0F0FE002805
:105BD0003FD06FF0020105F188000DF0BFF8012100
:105BE0000DF054F8C30737D40CF05BFF044668BBD4
:105BF0001C4B1E600122114605F1D80011F027F858
:105C000005F1F40011F002F8174811F0EFF8174908
:105C1000154800946FF0070340F6980208F0F6FB71
:105C20001349114808F000FDD5F8040111498368B3
:105C30001B689847044648B926B902B0BDE87040D1
:105C4000FDF7DAB805F1780008F0DAFB204602B07B
:105C500070BD6FF01204F9E76FF07704F6E700BF4C
:105C60003001002060290020981800200041002009
:105C70009A9B02005D5701002DE9F047674BB0F891
:105C80000180198848F4704291424FF0000686B0B6
:105C9000054602BF1E80624B1E7800F0E3F9EB78E8
:105CA000012B08BF5F4B05F1040420460CBF93F89D
:105CB00023904FF000090CF05EFF04AF2146B0B115
:105CC00038460CF04DFFD5F81130CDF80930B5F855
:105CD0001530ADF80D304FF00109EB78012B1BD0DA
:105CE000132140460DF0D5F906B0BDE8F0874846CF
:105CF0000DF0CCFB0346006804909A889B79686895
:105D0000BA80BB71A288A37995F804900290ADF88F
:105D10000C208DF80E30E0E7DFF808A106229AF893
:105D20002300394601F0E4FF044640B93E499AF8A1
:105D30002300052201F0DCFF04460028D0D02346D2
:105D4000B5F8012023F8702B0498BA79B988206738
:105D50009A719980B5F8173040F2E2425343C4F883
:105D60008830B5F81930A4F89030B5F81B30A4F895
:105D70009230EB78E37000222273012B40F2011283
:105D8000A4F8A82014D18DF808909DF80E30029840
:105D9000BDF80C20C4F87700A4F87B2084F87D308F
:105DA000D5F80B30C4F87F30B5F80F30A4F8833045
:105DB0004FF0FF304FF0FF31FFF7EEFD0546D8B151
:105DC00002210C300CF0B6FD2388038001AA29467D
:105DD00042F23000FFF77EFE70B9019AD168C878B0
:105DE000FFF702FE84F8A8000879FFF7FDFD84F8AC
:105DF000A9001046FFF794F90721204601F0C8FBDF
:105E000026B126730121204601F0C2FB204601F095
:105E1000A5FC204601F06CFB66E700BF7431002052
:105E2000D231002030010020E59C020000B5C3689B
:105E30001A7889B06ABB8DF80020B3F80120ADF85C
:105E40000120DA788DF80320B3F80B20ADF8172085
:105E5000B3F80D20ADF81920B3F80F20ADF81B20D2
:105E60005A7C8DF81D20586801901A899B7A8DF80C
:105E70000A30094BADF8082068461A689B88CDF8AF
:105E80000B20ADF80F30CDF81120ADF81530FFF72D
:105E9000F3FE09B05DF804FBF99C020038B503215C
:105EA00004460C300CF080FD0346B0F8010040F6CB
:105EB000354290420DD01D78E36822461978FFF7ED
:105EC000C5FC35B1034808F097F8BDE83840FFF746
:105ED000B1BD38BD0802002070B508F0E5FD204DC9
:105EE000D5F8F430C3B30022002305F1D80008F040
:105EF000B7F8064680BB0022002305F1F40008F045
:105F000049F80446D5F8E80018B1FFF709F9C5F8D3
:105F1000E86020460CF0DDFCC5F8E8002046FFF7FD
:105F200075FD98B10F4808F067F82046FFF758F85C
:105F30000D4B0C2202FB00301F2140882246FFF748
:105F400085FC2046FFF7ECF8FFF774FDFFF772FDC4
:105F5000BDE8704008F0BCBD01F010FCF8E700BFE0
:105F600030010020080200203C29002038B504211F
:105F700004460C300CF018FD457801784088224624
:105F8000FFF764FC35B1044808F036F8BDE8384046
:105F9000FFF750BD38BD00BF08020020F8B50A4D1C
:105FA000EF7906460024E3B29F4202D86FF0010069
:105FB00007E0294630460DF090F90735631C08B11B
:105FC0002046F8BD1C46EEE73001002037B50446F8
:105FD0000D46B9B1164928460DF07FF990B915481C
:105FE000C4EBC404294620440DF070F912480DF0AA
:105FF00067F9430703D5FFF7DBF90CF054FD0020E8
:1060000003B030BD68460CF09DFD0028F8D168460D
:10601000FFF7C4FF0028F5DA064BC4EBC4001844B0
:1060200069460DF053F9002DE0D001462846DBE724
:10603000EC9C020030010020B8010020084BBFF3A7
:106040005B8F53E800CF4CF4806C43E800C2002A19
:10605000F7D1BFF35B8F037A19430172704700BF1A
:10606000B80100200A4BBFF35B8F53E8002F22F4E6
:10607000806143E800100028F7D1BFF35B8F530520
:1060800004D504490022022004F0E4BF704700BF99
:10609000B8010020973502001FB50023CDE9023377
:1060A00001908DF80C1001AA0349022004F0D2FFE0
:1060B000029805B05DF804FB0B340200F7B5044606
:1060C00070B1474D95F8CA2095F8CB300AB19A4285
:1060D00008D2013385F8CB30237A43F004032372CE
:1060E00003B0F0BD00210222084601F001FE064681
:1060F00048B120460121FFF7A1FF304603B0BDE8BB
:10610000F04001F0F5B98DF800006946354800F01F
:10611000A3FD9DF8006026B101212046FFF78EFF08
:10612000DEE73148314600F097FD95F8CB30B3B942
:1061300095F8CB2095F8CA309A421CD1002211461E
:1061400042F22900FFF7C6FC70B995F8CB30013355
:1061500085F8CB30237A43F00403237204E0304601
:106160000DF000F90028E3D02048002103B0BDE87D
:10617000F04000F071BD2246671C12F82E0B394624
:106180000DF0B3F8064630BB95F8CB30013385F8F7
:10619000CB30237A43F00403237295F85B305B071E
:1061A00019D5394668460DF091F801234FF0FF30BC
:1061B0004FF0FF318DF80730FFF7EEFB044650B18A
:1061C000082269460C300CF0BBFB3246214642F2F5
:1061D0004E00FFF77FFC01200DF0C4F8C4E700BFBC
:1061E000300100206D340200353402009733020084
:1061F0002DE9F341044608B33F4D95F8CA2095F8C0
:10620000CB309AB10132934211DC002102220846C0
:1062100001F06EFD0646A0B120460221FFF70EFFF9
:10622000304602B0BDE8F04101F062B913B1013B64
:1062300085F8CB30237A23F00403237202B0BDE843
:10624000F0818DF807000DF107012C4800F004FDE6
:106250009DF8076026B102212046FFF7EFFEEDE72B
:106260002748314600F0F8FC30460DF07BF8074631
:1062700088B995F8CB3095F8CA209A4218D2013BDC
:1062800085F8CB30237A1F4923F00403024623729A
:10629000022004F0DFFE95F8CB3013B101200DF0A1
:1062A00061F81948002102B0BDE8F04100F0D4BC0B
:1062B0004FF0FF304FF0FF31FFF76EFB04F10108A4
:1062C00006460028E7D007210C300CF033FB41468E
:1062D0000CF0FCFF3A46314642F22800FFF7FAFB89
:1062E0000028D8D195F8CB30013B85F8CB30237A04
:1062F00023F004032372CEE7300100206D34020046
:10630000353402004F3302009733020070B5044663
:1063100011B16FF0150070BDD8B121490CF0DDFF4F
:10632000B8B92046FFF73AFE002832DA23784BB995
:106330001C48C2796ABB21460CF0C8FF0123C37117
:106340001046E8E7012BE4D1A37903F0C003C02B8A
:10635000DFD1144DEB79012B1ED005F188000CF034
:10636000AFFFC30707D4002CD3D00D4920460CF053
:10637000B4FF0028CDD1EE792146731C3046EB7175
:10638000FFF724FE08B93046C5E7EB79013BEB7116
:10639000C1E76FF07700BEE76FF00B00BBE700BF0F
:1063A000EC9C0200300100202DE9F3410446D8B1F5
:1063B00001AA002141F20900FFF78CFB054698B9BC
:1063C000019E1249D6F80C8008F1010706223846D2
:1063D00011F01CFE28B10E490622384611F016FEB7
:1063E00030B93046FEF79CFE002002B0BDE8F081D7
:1063F000D8F80130C4F80130BB88A4F80530304625
:106400002570FEF78DFE0120EFE700BFF99C02002A
:10641000F39C020007B56846FFF7C6FF044BD8712E
:1064200018B169460020FFF7D1FD03B05DF804FB09
:1064300030010020F0B5294DEE7989B0002E46D10B
:1064400095F87630DB0722D56A4631464FF609408B
:10645000FFF740FBD8B9DDF800C0DCF80C406378EA
:10646000012B1E4628BF012673B1A31C02AA1234B9
:1064700018685968174603C70833A3423A46F7D14C
:10648000186838609B88BB806046FEF749FEEE7155
:10649000002416260127EB79E0B2984202D3B3B16B
:1064A000002012E008AB06FB0033694653F8182CB5
:1064B00033F8143CCDF80120ADF805308DF80070AC
:1064C000FFF784FD01340028E5D009B0F0BD0021BC
:1064D000084609B0BDE8F040FFF718BF30010020C2
:1064E0002DE9F0411D460E4617460346002849D0C7
:1064F000002D47D00A0307D54C0743D40DF026F8EA
:1065000010BB01232B701FE0B10704781ED0204977
:106510002FB1B20603D591F89020500635D5C4EBC3
:10652000C40411F80480B8F1010F08D101342144EA
:1065300018460CF0B7FF38B985F8008002E0B8F1D2
:10654000000FF9D0A7B90020BDE8F081720716D579
:106550000F49C4EBC4040F5D012F07D1013421445E
:106560000CF0A0FF0028EFD12F7001E0002FFBD02E
:10657000B306E8D52B7843F002032B70E3E70CF069
:10658000E5FFBEE76FF01500DEE76FF08500DBE7A3
:106590003001002010B503460C4611B96FF015000C
:1065A00010BD0D480CF08CFE420711D5002BF5D123
:1065B00000F070FB204609490CF088FEE01D04F055
:1065C00009FA0028ECD010F1860F08BF0020E7E799
:1065D0006FF00A00E4E700BFB8010020300100209E
:1065E00070B50D460121044616460DF0A5FA58B1C6
:1065F00008480CF065FE430709D532462946204677
:10660000BDE870400FF015B96FF0150070BD6FF068
:106610000A00FBE7B80100202DE9F04F8FB00023FE
:1066200004915168019014461D468B4209D1FB2DFF
:106630000FD8974BB3F8C8309D4215D96FF02000A2
:1066400023E1226802EBC30202355278013315447C
:10665000EBE7019B082103F118000CF0B4FF0028C0
:10666000E7D06FF00A0010E1FB2D69D8019B0B21E8
:1066700003F118000CF0A7FF10B91F2D28BF1F252C
:106680004FF0FF304FF0FF31FFF786F905F10408B6
:106690000746002800F0F78041460C300CF04AF91C
:1066A0004246002106464FF0000911F0A0FCD4F844
:1066B000008006F1040B4946636899450FD3019B9E
:1066C000F1705B7833700498032373700022012308
:1066D0003946B3700FB0BDE8F04FFFF7FBB998F83B
:1066E000012098F800C0881C13189D4208D2BCF104
:1066F000090FA5EB00021DD1002A1BDD4FF0080C8D
:106700005FFA82FA0AF101030BF801300131C9B2D4
:10671000C3B20BF801C05844D8F80410029311F02A
:1067200058FC029B9A445FFA8AF109F1010908F1C9
:106730000808C1E73846FEF7F3FC6FF01500A4E047
:10674000002110220AA811F052FC002701236168E1
:10675000099308943B4640F272608B4207D10025B2
:106760000123A846AB4603935FB938468DE0226803
:1067700002EBC3020237527817448742DDD8013357
:10678000EBE7FB2F4FF0FF304FF0FF31BA4628BF49
:106790004FF0FB0AFFF700F90AF104060290002807
:1067A00071D031460C300CF0C5F8019B5B7803705A
:1067B0005FFA8AF24FF0000383708146031D059251
:1067C000002654F83B2002EBC80204EBCB015278C0
:1067D0000232954209D14A6808F10108904503BF89
:1067E00000250BF1010BA8460025BBF1010F12D0CB
:1067F00054F83B2012EBC80C4FEAC8010BD0981993
:10680000E5B99CF8012001329A550136F6B201250E
:10681000059AB242D5D8039BBF1B7BB3002F0CBF98
:10682000032301230299049889F8036089F8013051
:106830000022FFF74FF940BB039095E7012D05D1EA
:10684000525C02700136F6B20225E1E79CF80120A5
:10685000DCF804C00793521B0232AAEB06018A42FD
:1068600028BF0A46A91E6144069211F0B2FB069A9F
:10687000079B15443244ADB2D6B2C9E7B7FA87F3E5
:106880005B095B00CEE76FF068000FB0BDE8F08FEA
:106890003001002070B500F10F0604460D460722B6
:1068A0000C49304611F0B2FB0346207873B90A490F
:1068B000052201F01DFA044658B10573002100F0CD
:1068C00067FE2046BDE8704000F012BE0622314649
:1068D000EFE770BDEC9C0200E59C0200F8B504698E
:1068E0004568064644B140F203432B4039D005F4D5
:1068F0008263B3F5806F34D015F4806302D115F450
:10690000F84F2ED1184F3078FB79834229D9C0EB4C
:10691000C00016490722384411F078FBA8B115F0E1
:10692000030306D197F82420082A02D8B2689F2AC8
:1069300017D915F0300F09D09CB1EB0608D405F437
:106940006035B5F5603018BF0120F8BD002CF6D1D8
:10695000D6E902239A4204D81F2A02D9B3F5804F00
:10696000EDD90020F1E700BF30010020EC9C0200CF
:1069700038B5104D28460CF020FE10F0010416D159
:10698000A5F1180318465822214611F030FBBFF339
:106990005B8F034655E8002F42F0010245E80021D5
:1069A0000029F7D1BFF35B8F18465C7038BD00201B
:1069B000FCE700BF80190020F8B50446164B14F818
:1069C0000F7B83F8237006460D46072213492046A5
:1069D00011F01CFB70B91249384601F043F9044626
:1069E00010B96FF00B00F8BD052100F0D1FD2C604F
:1069F0000020F8E7214638460DF090F840B92146CE
:106A0000307801F02FF904460028EAD00621ECE79F
:106A10006FF01500E7E700BF30010020EC9C02009A
:106A2000E59C02002DE9F3470F690D469046496841
:106A300001653A1E0DF1030318BF01220646FFF758
:106A40004FFD0446002840F0DE8006F10F03002FC2
:106A500000F0DD802A691168C6F80F1091889980CE
:106A600092799A714FF0FF304FF0FF31FEF794FFAB
:106A70008146002800F0DA8019210C300BF05AFF13
:106A800000210446192211F0B2FA73782370AB6822
:106A9000E370C3F307221B0C22716371EB68A371CF
:106AA000C3F307221B0C2372E2716A6812F4004FD1
:106AB00014BF06230723D10348BF03F00503920345
:106AC00048BF03F0FB0363729DF80330A3727F237A
:106AD000E374012323756B6803F44063B3F5806F9F
:106AE00014BF01230223A3756B68DB0442BF032399
:106AF0002375A3756A68C2F3802383F001031B0129
:106B000050049BB248BF43F04003910448BF43F098
:106B10002003D20544BF012222766A68900778D00C
:106B200043F0010A1FB9510501D443F0030A90054F
:106B300002D4B8F1000F03D04AF0020A1FFA8AFA11
:106B4000002F68D0D1062A691168C4F80B1091880B
:106B5000A4F80F10927962744CBF4AF004034AF013
:106B60000C039BB26A78E275AA786275A4F80130CA
:106B700001AA494642F23600FEF7ACFF044600285F
:106B800041D10198C36893F90130B37006F1180739
:106B9000FEF7C6FABFF35B8F57E8003F43F00203EE
:106BA00047E80032002AF7D1BFF35B8F6FF0100186
:106BB00038460CF00FFDC2062FD46A6812F00302AB
:106BC00018BF0122092138460CF013FDCAF3400218
:106BD0000A2138460CF00DFD2A790C21C2F38002FF
:106BE00038460CF006FD6A790B21C2F38002384664
:106BF0000CF0FFFC9DF80320531E5A425A4103211A
:106C000038460CF0F6FC204602B0BDE8F087094A91
:106C100021E79A468BE75346A4E706F1090130467F
:106C20000CF040FC0028C8D00446ECE76FF0680484
:106C3000E9E700BFEC9C020008B520B904480CF05D
:106C4000BCFCC30701D4002008BD0248FCE700BF1C
:106C5000801900206819002010B5034604480CF084
:106C6000ACFCC20703D5BDE810400248184710BD70
:106C7000801900206819002010B5054CA06930B1BA
:106C80006FF0010118300CF0A5FC0023A36110BDCA
:106C900030010020014B9869704700BF300100208F
:106CA000F8B5044616480CF088FC43070F46164614
:106CB0001DD5FAB12046FFF711FED8B1FFF758FEF7
:106CC0000546D0B1237803706378C37021464760CE
:106CD0000022FFF7A7FE044638B16FF0010105F16D
:106CE00018000CF077FC2046F8BD3560FBE76FF02C
:106CF0000A04F8E76FF01504F5E76FF00B04F2E70C
:106D0000B8010020F7B500230E4601930546002880
:106D10005BD000F11807082138460CF054FC00281D
:106D200056D12D480CF049FC420501D5FFF79AF9E0
:106D3000092138460CF047FC50BB9EBB3246072168
:106D400038460CF056FC092138460CF03CFC70B972
:106D50000C2138460CF037FC48B96FF00801384672
:106D60000CF038FC030726D428460CF0EFFB28462D
:106D7000324601210CF084FC019D044610B375B12C
:106D80000021284600F004FC284600F0B1FB06E094
:106D900001A92846FFF710FE04460028CDD0204662
:106DA00003B0F0BD338823B9B278003A18BF01228E
:106DB000C5E70122C3E70E2138460CF004FC002889
:106DC000D2D1D4E7002DDFD1E9E76FF01504E6E773
:106DD0006FF07704E3E700BFB80100202DE9F3412D
:106DE000C6687078FFF728FF0446002861D004F1D8
:106DF00018087588304F0CF088FC6FF4807140469D
:106E00000CF0E8FB33781BBB2846012100F058FC4E
:106E1000054650BB6FF0800140460CF0DBFB0306DB
:106E20000ED520460CF0A9FBFFF71CF963683BB1B7
:106E30001B682BB132798DF8042001A920469847B0
:106E4000BB699C4235D102B0BDE8F041FFF714BFE9
:106E5000092140460CF0B7FB18B131782046FFF706
:106E600019FD3378002BD5D1CEE7236D13F4002F15
:106E700000F17E0212D0A368C0F87E30A38993800F
:106E8000A37B937163682BB15B681BB1019501A96A
:106E900020469847284600F02BFBBBE7037AC3EB5C
:106EA000C303F918FB58C0F87E308B8893808B7928
:106EB000E7E702B0BDE8F0813001002070B59AB07C
:106EC0001822002103A811F092F847F21213ADF82E
:106ED00008304FF48073ADF80A30354B44F20102AC
:106EE000694602A8CDE9042308F0F0FE10B31F257F
:106EF000304BBFF35B8F53E8001F21F0010143E8E3
:106F00000012002AF7D1BFF35B8F2B4E07F0CCFDA8
:106F1000346804B1043C002D284D18BF0025002C16
:106F20003FD023680BB1284698476468002C38D0BE
:106F3000043CF6E7009801AB412209A910F032FBAE
:106F40000028D4D11E4A0DF125030DF1650153F837
:106F5000040B42F8040B8B42F9D11A49009801AB9B
:106F6000202210F0CAFA0028C1D1009808F0A4FD30
:106F700005460028BBD1124910480CF06AFC1248A3
:106F800020310CF066FCBFF35B8F104B53E8001F01
:106F900041F0100143E80012002AF7D1BFF35B8FE4
:106FA000A6E70023C6E9003307F092FD1AB070BDD2
:106FB00000000209642900206C29002033320020DF
:106FC000F3310020D331002053320020B8010020DB
:106FD00030B5A7B01822002107A811F008F8042343
:106FE0003D22002116A8159311F001F847F2121363
:106FF000ADF818304FF48073ADF81A30264B27499E
:1070000044F20102CDE9082306A804AB202208F0CF
:1070100091FDD8B16FF0040407F046FD204B1D68C8
:1070200085B1002018601F4BBFF35B8F53E8001F32
:1070300021F0020143E80012002AF7D1BFF35B8F71
:1070400024B3A84707F044FD27B030BD164B0DF11F
:10705000550203F14000194653F8044B42F8044B23
:107060008342F9D105AB02932023CDE900130A48EE
:107070000499412315AA10F064FB0028CAD1049892
:1070800008F01AFD04460028C6D0C3E70DA806493B
:107090000CF0DFFB0DA8D4E700000209D33100207B
:1070A0006829002064290020F331002008B5044934
:1070B000402210F0ABFFB0FA80F0400908BD00BFDD
:1070C0005C9D020010B59AB004461822002103A866
:1070D00010F08DFF44F21213ADF808304FF48073B6
:1070E000ADF80A30124B4FF48042CDE9042321461B
:1070F00004230DF125008DF824300CF0AAFB04F1D7
:1071000020010DF145000CF0A4FB01AB412209A9BF
:1071100002A808F00FFD044602A810F05EFB2CB98F
:10712000019808F0C9FC01201AB010BD0020FBE74F
:107130000000020910B5002837D0204A136823B197
:10714000043B834234D05B68F9E71D4BBFF35B8F90
:107150001968BFF35B8F89072DD414684460011D43
:107160005068116000B95160BFF35B8F53E8002F86
:1071700042F0010143E800100028F7D1BFF35B8F14
:10718000D30701D5002010BD0E4BBFF35B8F53E832
:10719000001F21F0100143E80012002AF7D1BFF3CD
:1071A0005B8F0948FEF77CF9ECE76FF01500EAE722
:1071B0006FF07700E7E76FF00F00E4E76C2900203D
:1071C00064290020B801002070030020054BBFF3A4
:1071D0005B8F1B68BFF35B8F13F0100F024808BF73
:1071E00000207047B80100203332002070B50546FA
:1071F0001E4803688B4232D0BFF35B8F1C4B1B6869
:10720000BFF35B8FDA062DD5036813B16FF00F0063
:1072100070BD184ABFF35B8F1368BFF35B8FDB074A
:10722000F4D4BFF35B8F52E8003F43F0020442E81E
:107230000046002EF7D1BFF35B8F13F00204E5D1B7
:1072400001600D4829460CF004FB0C4805F12001B3
:107250000CF0FFFA0A48FEF723F92046D8E76FF052
:107260007700D5E76FF07C00D2E700BF68290020E7
:10727000B801002064290020F331002013320020DF
:107280006003002070B50C4B1C68054644B154F8EF
:10729000203C203C13B1297B28469847246AF5E717
:1072A000064C074EB44200D370BD236813B1297B4E
:1072B000284698472434F5E7A8290020688402006E
:1072C000B084020010B50446FDF78AFE044901EBC4
:1072D000001120460BF090FCBDE81040FEF7AABB61
:1072E0007429002070B5D1E9015600220446C1E995
:1072F000012206480FF092FC3DB1314620462B4654
:107300006FF06D02BDE87040184770BDB4050020F5
:1073100013B5437B072B04462DD14FF48061043015
:107320000CF0BBFA400526D4BFF35B8F6368BFF354
:107330005B8FD90307D4114B93F890301A0702D50D
:1073400020460BF0C2FE637B072B14D10B4B93F846
:1073500090309B060FD50BF0CEFD60B10DF106010C
:1073600001A80BF07EFE30B9BDF80620BDF8041070
:1073700020460BF0C5FE02B010BD00BF300100205A
:1073800070B505460F480022002306F069FEB8B923
:107390000D4B1C6834B154F8183C203C03B198479D
:1073A000246AF7E7094C0A4EB44204D32846BDE8E4
:1073B000704007F025B8A36803B198472434F3E779
:1073C00070BD00BFA4050020A82900206884020029
:1073D000B08402002DE9F041044640270025EFF378
:1073E000118287F31288BFF36F8FE16929B1206A98
:1073F0000B68E361814208BF236282F31188BFF307
:107400006F8F71B1D1E901680748C1E901550FF0EB
:1074100005FC1EB1002241462046B047FEF70AFB9C
:10742000DDE7BDE8F08100BFB40500200448B0F8F6
:10743000B430002B00F1B80008BF0020704700BF37
:107440003001002030B50446FDF718FC0D4A0D460A
:107450000D490858D2F8B010884289B005D12046AD
:1074600009B0BDE83040FFF7B5BF243421461046CF
:107470000FF091FC1DB1694620460FF09CFC09B04D
:1074800030BD00BF102700200800000038B50022E2
:1074900004468A4202D10024204638BD04F1CC03C0
:1074A0000120BFF35B8F53E8005F002D04D143E858
:1074B000000CBCF1000FF6D1BFF35B8F02D0D034CB
:1074C0000244E6E7002CE6D0CC220021204610F052
:1074D0008EFD04F1400004490FF08EFC034904F1D5
:1074E00024000FF03CFCD7E7797E0100B938020098
:1074F00008B500F1CC03BFF35B8F53E8002F013ACE
:1075000043E800210029F8D1BFF35B8FAAB90B4BE8
:10751000984212D303F1D00290420ED2C01AD02367
:10752000B0FBF3F203FB120038B9054806F064FD26
:10753000BDE80840034806F063BF08BDC01900203D
:10754000A40500209003002010B504460CF02BFA8F
:1075500007F0AAFA0C4BD3F8CC3004F1C00143B9C0
:107560000A480CF080F907F0B3FABDE81040FEF7C6
:1075700061BA994201D01B68F1E707F0A9FA2046E9
:10758000FFF7B6FFF1E700BF30010020FC0100204B
:1075900070B5457B8D42044613D041730DB90CF094
:1075A00002FA637B012B09D1344D05F1B8066169FC
:1075B000002950D1BDE87040FEF73CBA072B01D03E
:1075C000ABB170BD0023C4E90D33E378012BF8D1D2
:1075D000A378012B04BF032384F8983004F1400002
:1075E0004FF42032BDE87040002306F079BF082D2B
:1075F000E7D801A353F825F0C37501001D760100FB
:10760000437601004D7601004D7601004D76010074
:1076100043760100C3750100C375010004F1400504
:1076200028460FF0F5FB20460121FFF70BFF20460F
:107630000CF060F928460022BDE87040002306F0F7
:1076400083BF237B13B12046FFF71CFE2046BDE815
:107650007040FFF74DBFA2690B686361914208BF9C
:10766000A3612046FFF73EFEB5F8B430002B14BFEF
:107670003046002006F0C0FC99E700BF3001002032
:10768000F8B5074609480D4616460CF08CF9044635
:1076900050B183781F4203D1BDE8F840FFF728BFFF
:1076A0003146A8472046F7E7F8BD00BFC0190020C3
:1076B000024900220120FFF7E3BF00BF1173010060
:1076C00038B505460B480C460CF06DF9034670B111
:1076D000427B012A02D0073A012A06D81A88AA4218
:1076E00002D19A78144203D11846FFF701FF002314
:1076F000184638BDC0190020034BC01A034B0011B7
:107700005843C0B2704700BFC0190020C54EECC43A
:1077100070B51C46144305460E4608D0FDF7AEFA78
:107720000B4908580B49D1F8B010884201D100220A
:1077300013460949002D14BF284608460BF09AF855
:10774000044618B1711D0C300BF0E9F8204670BDED
:107750000800000010270020C405002010B50446D2
:10776000054806F04DFE204600F0E8FC2046BDE846
:107770001040FFF787BD00BF800300202DE9F04FC8
:1077800087B0002303930593AB4B5A8A32B1AB4DBC
:10779000D5F8CC4034B907B0BDE8F08F1B68002B9A
:1077A000F5D1F8E754F8C03903B1C03BA44900262D
:1077B00001E01C461346B5F8B420002A00F03981D8
:1077C000D5F8C0204AB904F1C006002BE3D0D3F8A5
:1077D000C020002AEDD0C03AEBE70A68002AF2D0B8
:1077E000D4F8AC20002AEED0D4F8B020002AEAD099
:1077F000D4F8B420002AE6D0637B072B68D120465A
:107800009047002864D0BFF35B8FD4F8C430BFF337
:107810005B8F022B5CDC20460CF0C5F80446002888
:10782000B9D0637B072B40F0FB80D4F8AC30B5F8BF
:10783000B41004AA204698470746002800F0D380D9
:10784000B5F8B420049B9A4206D30146D4F8B06040
:1078500005AB03AA2046B047059B01933B8ADDF8A0
:107860000C90002B00F0DF803846DDF810A00BF004
:10787000D9F98046002840F0D980B5F8B430DFF857
:10788000C4B1002B14BF584600200022002306F08C
:10789000E7FB78B96A480022002306F07BFB064626
:1078A00000283BD1B5F8B430002B18BF5E463046F7
:1078B00006F0A2FB6FF00B053846FDF731FCB9F17D
:1078C000000F00F08C8001992A462046C84786E0C8
:1078D000D4F8C03004F1C002C6B9D5F8D010C5F84C
:1078E000CC308A4201D1C5F8D0300023C4F8C03072
:1078F0002046D4F8B4309847002892D0637B072BF9
:1079000040F08E802046FFF71FFE8AE73360D5F8EF
:10791000D0309A4208BFC5F8D060E6E7019BC0F8B6
:1079200004908360B5F8B4B04348DA454FF00002E4
:107930004FF000034FF0000198BF1FFA8AFBFDF7DC
:1079400071FB814650B1FDF74BFB3F4B5A4603EBB1
:107950000013394648460BF02AF98146B5F8B43091
:1079600094F8C8709A458CBF4FF00108023784F82C
:10797000C88098BFFFB204F1C408BFF35B8F58E81A
:10798000003F013348E80032002AF8D1BFF35B8F93
:1079900004F1140A314650460BF065FFA378012B21
:1079A00025D0BFF35B8F58E8003F013B48E8003229
:1079B000002AF8D1BFF35B8F314650460BF07FFFB2
:1079C0004846FDF7ADFB20463146FFF78BFCB5F886
:1079D000B4301C48002B08BF002006F00DFB13211B
:1079E00020460BF0FCFF2046FFF782FDD3E609F1AD
:1079F0000C0B042158460AF0BEFF238807F0FD0750
:107A000043EA07330380B9F81030043B4380022176
:107A100058460AF0B8FF4846FDF7F8FF0028C0D1E5
:107A2000FEF708F8DFE76FF0790545E76FF004052A
:107A300042E79368FFDE00BF3006002030010020DF
:107A4000B4050020E8010020742900202DE9F04150
:107A500040F2E243D0F88860B6FBF3F60446B6B2D3
:107A6000031DBFF35B8F4268BFF35B8F920417D592
:107A7000B0F88C20B24213D8B0F88E20B2420FD3A7
:107A8000D0E9241291420BD1BFF35B8F53E8001F62
:107A900021F4005143E80012002AF7D1BFF35B8FB5
:107AA000104B1D6865B155F8107C203D37B1B4F816
:107AB0009230B4F8902031462046B8472D6AF1E75D
:107AC000094DDFF82880454501D3BDE8F0812F69D5
:107AD00037B1B4F89230B4F8902031462046B84718
:107AE0002435F0E7A829002068840200B084020051
:107AF000F8B50F4B1C6805465CB1203C00F1A806A8
:107B0000E36913B1314628469847246A0CB1203CFA
:107B1000F6E7084C084E05F1A807B44200D3F8BDBB
:107B2000E36913B13946284698472434F5E700BF86
:107B3000A829002068840200B08402002DE9F041E9
:107B4000074608460D460BF0F4F9064618B900261C
:107B50003046BDE8F081144B1C6884B154F8143CE5
:107B6000203C0BB9246AF8E7294638469847002894
:107B7000EDD028460BF0DDF90028F3D1E7E70B4CF8
:107B8000DFF82C804445E3D2E3680BB92434F9E7ED
:107B90002946384698470028D9D028460BF0C9F91D
:107BA0000028F3D1D3E700BFA82900206884020091
:107BB000B08402002DE9F041C37804468BB900F18E
:107BC0007E06114B1D687DB1203D04F170076B6985
:107BD0001BB13A463146204698472D6A25B1203DD3
:107BE000F5E700F17706ECE7084D094F04F170085E
:107BF000BD4201D3BDE8F0816B691BB142463146FD
:107C0000204698472435F3E7A8290020688402001D
:107C1000B0840200F8B5437A8372054616460CF02C
:107C20004AF80D4B1C684CB154F8083C203C1BB181
:107C3000697A324628469847246AF4E7074C084F89
:107C4000BC4200D3F8BDA3691BB1697A324628460D
:107C500098472434F4E700BFA82900206884020074
:107C6000B084020038B505460C460F480121FFF7E5
:107C70000DFCC0B1057223680367A388A0F87430B7
:107C8000A37980F876300123437283728370074BA7
:107C9000C0F8AC30064BC0F8B030064BC0F8B4307A
:107CA000054BC0F88C3038BDC01900206980010038
:107CB000873802007B3802001800280070B505469E
:107CC0000A480E460BF06FFE044620B18378012B64
:107CD00004D0FFF70DFC0024204670BD3246294633
:107CE0000BF0FCFE0028F7D12046F2E7C019002077
:107CF000F8B505460E480E4617460BF054FE0446EE
:107D000020B18378012B03D0FFF7F2FB00240DE0B4
:107D100036B1324629460BF0E1FE08B92046F3E7BA
:107D2000637BBB42FAD1237AAB42F7D12046F8BD40
:107D3000C019002010B583780B70C3784B70037A9C
:107D40008B70437B023BDBB2062B044698BF2D4869
:107D50004FF0000298BFC35C81F8272088BF13460C
:107D600081F82430A378012B0CBF637A002381F8BB
:107D7000253020460BF06AFE81F82600A378012BFF
:107D80003DD104F170038B60237A1F4AC3EBC30318
:107D900013444B60E27804F1770304F17E002ABBC0
:107DA0001A460346C1E90323D4F888304B6140F2F8
:107DB000E242B3FBF2F30B83B4F890304B83B4F898
:107DC00092308B8304F1A8030B62D4F8A4302BB15A
:107DD0005B7CDA0644BF012381F82730D4F8A43055
:107DE00013B15B7C9B0603D4002010BD0246D9E78B
:107DF00091F8273043F0020381F82730F4E76FF061
:107E00001500F2E79C9D02003001002038B50446C1
:107E100008460D460BF08DF848B3164B93F890309A
:107E2000990707D4E37883B129462046BDE8384056
:107E300000F0DAB994F899309A07F3D5BFF35B8F65
:107E40006368BFF35B8F5B04ECD4294620460BF0DC
:107E50007AFE58B92B88A4F88C306B88A4F88E3041
:107E6000AB88A4F89430EB88A4F8963038BD6FF056
:107E70001500FBE730010020F7B510F8333C04464D
:107E8000A0F140060BBB30460BF0B8FE314B1D682D
:107E90004DB155F81C3C203D1BB114F8341C304644
:107EA00098472D6AF4E72C4D2C4FBD4205D3304640
:107EB00003B0BDE8F040FFF71BBB6B681BB114F8C3
:107EC000341C304698472435EFE710F83E3C012B30
:107ED0003DD1BFF35B8FA0F13C0555E8003F23F493
:107EE000005245E800210029F7D1BFF35B8F9B04C6
:107EF0001CD5E36C00936946636D01933046FFF730
:107F000085FF58B9BFF35B8F55E8003F23F48053DA
:107F100045E80032002AF7D1BFF35B8F4FF40061D0
:107F2000284603B0BDE8F0400BF0B7BC0C4A10681F
:107F300051686B4603C369463046FFF767FF002868
:107F4000ECD14FF4805128460BF0A7FCE6E703B0D4
:107F5000F0BD00BFA829002068840200B0840200A0
:107F60002E8802000C4B10B91860002070471A6868
:107F700072B90269002AF7D1026832B9426822B99F
:107F8000826812B94269002AEED06FF0150070477E
:107F90006FF07700704700BFB829002008B568B1BE
:107FA000094B1A6800F10C0122B907480BF05BFC81
:107FB000104605E0914204D01268F5E76FF0150015
:107FC00008BD6FF07700FBE7B029002010B50E4820
:107FD0000EF01CFE0D490C480EF020FE0C490A481C
:107FE0000EF01CFE0B4908480EF018FE0CF08AFB40
:107FF00002F00EF9044628B902F0F0FF044608B971
:108000000BF020FF204610BDB4050020842900207D
:10801000902900209C290020044B186818B9044AB4
:108020005A600B6070476FF00B007047BC2900204E
:108030000C8C020070B5044652EA030008D0FCF72D
:108040001DFE074D074ED5F8B0503058854201D17E
:108050000022134620460431BDE87040FFF758BBAC
:1080600010270020080000002DE9F047D0F8B840A4
:108070000F46904644B1403C236B5BB92068B83052
:108080000BF0B2FD246CF5E7FDF7D4FC002630467A
:10809000BDE8F08704F1300948460EF0D4FD0546EE
:1080A0000028F1D00AF0BEFD0028EFD128460AF0E2
:1080B00010FC656C06469DB9A38C058A403B9BB2BB
:1080C0003F2B03D8238D9D4228BF1D46042106F176
:1080D0000C000AF050FC0580A38C438004356564D5
:1080E000BD4220D8B6F810A0554506D10022002385
:1080F000484605F04FFFFDF713F8A38CA3F14002AB
:108100003F2A07D8554514BF00220B4AB26118BF59
:108110001346F3612068B8300BF066FD236B13B192
:1081200020460BF042FD636CC8F800309F4234BF1C
:10813000DF1B00276764AAE76B3D0200F7B5284DF7
:10814000284F04460026BD4201D303B0F0BD298864
:1081500020460BF000FE6B68019001A9204698476D
:10816000002838DB019B2A889A829A8403F1100246
:10817000BFF35B8F52E8001F42E800600028F9D18E
:10818000BFF35B8F1E645E649E60A16B03F1080207
:1081900019BBC4E90D221C60DE6003F130000EF053
:1081A00035FD019843681B6803B19847019BBFF3F5
:1081B0005B8F103353E8001F41F0010143E80012C8
:1081C000002AF7D1BFF35B8F01984368DB6913B1D5
:1081D00000F1100198470835B5E70A60A263DAE7B5
:1081E000508402006884020070B5144A1378013389
:1081F0000C4613F0FF010CBF01230B46137006461B
:1082000008BF1946082212200BF06DFD054688B103
:1082100008210C300AF08EFB22880280628842809E
:10822000A2888280E288C28029463046BDE870403C
:108230000BF0A8BD6FF00B0070BD00BF73320020C3
:1082400023281FD81A2804D8431E182B0ED906201D
:108250007047A0F11B03082B1ED8DFE803F0051DB3
:108260001B231D19251D0500032070470F4A0123FC
:1082700083401A40C2B90E4A1A40002A0CBF062099
:108280000120704700F07F03522B05D1002070477A
:10829000012070470520704710F0400F14BF0020E8
:1082A000062070470420704702207047AAAA8A025D
:1082B000545545012DE9F74F054608468946FCF718
:1082C0008FFE274FD9F80C6018234343FA18044651
:1082D00091680191BFF35B8FE86CBFF35B8FC107BF
:1082E0003BD5D9F80C00007810710022FA50337891
:1082F000D22B0ED12B68494618680DF008FA40B110
:1083000001904846FCF70CFF019B184603B0BDE8FE
:10831000F08F18235C4307EB040800231A464946F4
:10832000281DD9F80C60D9F814B0B9F810A0C8F815
:1083300008500BF0EEFC03460028E6D0D9F81420D4
:10834000A9F810A0A6EB0B0612FA86F6019AC9F856
:108350000C603851C8F80820D7E76FF01503D4E750
:108360000C2A002070B50E46438D418B8B4202F1E2
:10837000010228BF0B469A42054632D83046FFF725
:108380005FFF6FF01403034113F0010310D0FCF7FB
:1083900075FC154B1958154BD3F8B03099421ED0C7
:1083A000134B1B685A1A18BF4FF0FF32134601E0F7
:1083B0004FF470220F480021FFF73CFE044660B1E5
:1083C000FCF70EFE0C4B182202FB0033012104F1D6
:1083D0000C009D600AF0AEFA0670204670BD0022C7
:1083E000E4E70024F9E700BF0800000010270020A0
:1083F000542A0020E80500200C2A0020011F014813
:108400000EF031BB30050020F8B54FF4702207465E
:1084100000230D480E460AF02DFA044690B100F1F3
:108420000C05092128460AF07AFA2046FCF7D8FD07
:10843000064B182202FB0033012128469F600AF0F8
:1084400079FA06702046F8BDE80500200C2A0020C5
:1084500008B5EFF31181402383F31288BFF36F8FC8
:10846000002303600C4B5A689AB9C3E9000081F3FA
:108470001188BFF36F8F094805F0C2FF002807DAA3
:10848000002383F31188BFF36F8F0323184602DFA5
:1084900008BD10605860EAE7042A0020C8030020E5
:1084A0007FB5CB681D8804468DB15E8876B1AE423B
:1084B0000DD31022002168460FF099FD05212046BA
:1084C000FFF7A2FF019058B9112007E035460123BC
:1084D0002A46042120460BF046FE002004B070BD61
:1084E0006B463146084A009428460BF059FEDDE9F8
:1084F000011323B90846FCF713FE0A23E8E72046D8
:108500000BF05BFDE9E700BFD73F020010B500F1BB
:1085100048030446BFF35B8F53E8001F41F001019D
:1085200043E80012002AF7D1BFF35B8F201F0BF046
:10853000AEFD04F1640004490EF05EFC2068BDE865
:10854000104001F0B5BD00BF09470200F0B51D465F
:10855000036885B004460E461868012117460CF0E2
:10856000C7FD38B904F14C000BF03EFE50BB1220A1
:1085700005B0F0BD65B31022002168460FF037FD4D
:1085800039462046FFF740FF029018B3BDF8283067
:10859000ADF8043001238DF80C3029466B460E4AA5
:1085A000009428460BF0FCFD9DF80C3002995BB15D
:1085B0000846FCF7B5FD9DF80C302A4631462046AA
:1085C0000BF0D1FD0020D3E720460BF0F6FCF9E7D5
:1085D0000120CDE71120CBE7854502002DE9FF41C1
:1085E000036804460D46186801210CF081FD40B96E
:1085F00004F14C000BF0F8FDA0BB122004B0BDE864
:10860000F0811022002168460FF0F1FC0F21204676
:10861000FFF7FAFE029038B3009405F10C074FF013
:1086200001082B8A012B04D8029920460BF0C5FCC7
:1086300018E038460AF0C8F96B460C4A8DF80C80F1
:10864000014606460BF0ACFD9DF80C30002BE8D03F
:108650000298FCF765FD9DF80C3032460E2120464D
:108660000BF081FD0020C9E71120C7E78545020016
:108670002DE9FF41036804460D46186801210CF0FE
:1086800037FD40B904F14C000BF0AEFDA0BB122049
:1086900004B0BDE8F0811022002168460FF0A7FC6D
:1086A00021212046FFF7B0FE029038B3009405F177
:1086B0000C074FF001082B8A012B04D802992046A1
:1086C0000BF07BFC18E038460AF07EF96B460C4A4A
:1086D0008DF80C80014606460BF062FD9DF80C30CB
:1086E000002BE8D00298FCF71BFD9DF80C303246B9
:1086F000202120460BF037FD0020C9E71120C7E7F5
:10870000014502002DE9F0430F4687B004460621DB
:1087100007F10C000AF048F90588EDB1B0F80280C5
:10872000B8F1000F17D0A84516D3002382888DF822
:1087300000308DF8043001A94FF420536846D7F873
:108740000C90ADF80220ADF806300AF0AEF90646FE
:1087500060B10A2301E0454601232A46062120464E
:108760000BF001FD002007B0BDE8F08301461422A4
:1087700001A83F7C0FF03BFC07212046FFF744FE99
:108780000290D8B10A238DF81530414601AB0C4A4E
:1087900001942846CDE903698DF814700BF000FDB3
:1087A0009DF8153002992BB10846FCF7B9FC9DF8ED
:1087B0001530D2E720460BF000FCD3E71120D2E7BA
:1087C000B54202002DE9F0410E8A043EF6B2022EB7
:1087D00004468CB0084601D0102E76D104210C300E
:1087E0000AF0E2F80DF1040805884788011D3246B9
:1087F00040460AF087F9002869D085B377B3BD42B7
:108800002DD8606801210CF073FC064678BB8DF80A
:10881000000042F6020369464046ADF802300AF015
:1088200044F920B342F6030306A940468DF81860C8
:10883000ADF81A300AF039F9C8B1012D03D14FF65D
:10884000FF739F4213D004F14C000BF0CDFC0028C5
:1088500014BF002012200CB0BDE8F0813D4601237A
:108860002A46082120460BF07EFC0020F3E7182260
:1088700000210DEB02000FF0BAFB09212046FFF7A3
:10888000C3FD0890F8B101210C30CDE906480AF08B
:1088900051F80023099003700A238DF82C303946D3
:1088A00006AB0C4A28460BF07BFC9DF82C3008994F
:1088B0002BB10846FCF734FC9DF82C30D0E720465D
:1088C0000BF07BFBD1E71120C5E70420C3E70E20A6
:1088D000C1E700BFD58B01002DE9F0410E8A043EAF
:1088E000F6B2022E04468CB0084601D0102E64D198
:1088F00004210C300AF058F80DF108080588478863
:10890000011D324640460AF0FDF8002857D0A5B3B5
:1089100000268FB3BD4230D84FF4205301A9404602
:108920008DF80460ADF806300AF0BFF848BB142299
:10893000002107A80FF05BFB11212046FFF764FD23
:108940000990002837D001210C30CDE9074809F003
:10895000F1FF00230A90394603701A4A0B93284608
:1089600007AB0BF01DFCDDE909131B78FBB90846CA
:10897000FCF7D6FB0A2301E03D4601232A461021DD
:108980000EE042F6010307A940468DF81C60ADF8E1
:108990001E300AF08AF80028C9D010232A4619464A
:1089A00020460BF0E0FB00200CB0BDE8F081204633
:1089B0000BF003FBF7E71120F6E70420F4E70E20A5
:1089C000F2E700BF1D8B0100F0B51D4603680E469F
:1089D000003987B0044618BF0121186817460CF00B
:1089E00087FB40B904F14C000BF0FEFB002844D09B
:1089F000002007B0F0BD002D41D0182200216846AC
:108A00000FF0F5FA47BB23681E4A1B68009300234A
:108A1000ADF812300C9B0393BDF83430ADF8103034
:108A200001238DF8143029466B4628468DF80860DE
:108A30000BF0B6FB9DF81430C3B1002FD8D00198CD
:108A4000FCF76EFB002ED3D09DF814302A4612217D
:108A500020460BF088FBCBE7002213212046FFF7CE
:108A600081FC01900028CED11120C2E70199002994
:108A7000BED020460BF0A1FABAE71220B9E70120D8
:108A8000B7E700BF493F02002DE9F0410B8A0446D9
:108A90000D46002B3AD00668012105F10C0009F0C3
:108AA00083FF737B072B074630D154F8043C6BB32C
:108AB0000178194E043C002316F8330088424FEA2F
:108AC000C30806EBC30211D1298A5378994220D3F7
:108AD000536829462046984703464644B278012AFF
:108AE00014D19BB1397889B100220CE001330C2BF1
:108AF000E2D10846FFF7A4FB2122C24012F0010296
:108B000004D119B1062320460BF02DFB0020BDE84F
:108B1000F0810423E1E700BF348C02002DE9FF411E
:108B200005460E464FF000084FF4205300681768C2
:108B30008DF8088002A91446ADF80A3009F0B5FF97
:108B4000A0B142F6010328688DF80C8003A9ADF8A6
:108B50000E3009F0AAFF48B123691BB15A88B2420E
:108B600000D25E80012004B0BDE8F0816168286811
:108B700009F09BFF10B100232361F3E7E368A068CD
:108B80001A786AB1B7F82AC0798B038A8C4594BFEA
:108B9000C3EB0C03C3EB0103934201DA0020E2E7CD
:108BA00004210C3009F0C6FE2061068023695E8036
:108BB000074B00930194A2680023294638460BF026
:108BC00016FC0028EADB2069003818BF0120CAE73C
:108BD000474102002DE9F3471768054689460068BA
:108BE0005168D7F804A0144609F05FFF80460028BA
:108BF0004BD19522294650460CF075F90646207552
:108C000040B1E3681B780BB184F81480002002B0F7
:108C1000BDE8F087294650460CF0A4FA10B90823A5
:108C20002375F3E7A068267509F057FE02210C3082
:108C300009F080FE164B2061A0F80090009301948B
:108C4000A2683346294638460BF0D1FB002807DAE4
:108C500010F1FF0F26BF4042C0B20E202075D5E7AD
:108C60002369002BD2D0A0680BF0F7F87B8B7A8DAC
:108C70009A4294BFC0EB0200C0EB0300E3681B788C
:108C8000984294BF00200120C1E70120BFE700BF48
:108C90006B3E0200F7B5002304460E462B48002227
:108CA000694605F087F80546D0B9FBF7E7FF284B82
:108CB0001A58284B00981A60294624220FF097F979
:108CC000009B25481C60009C0195C4E90155C4E93E
:108CD00007550022002301A905F06CF8054620B1D4
:108CE0006FF00B05284603B0F0BD0146A0220198A5
:108CF0000FF07DF90198194B836054300DF086FF19
:108D0000019BBFF35B8F4C3353E8002F43E80051C6
:108D10000029F9D1BFF35B8F019B1C60E369019FC0
:108D20001BB904F10C000DF071FFE269C7F898203F
:108D3000226A07F19803E36102B92362019B1722BB
:108D40005A855A8304333360CCE700BF14050020F2
:108D500008000000542A002030050020A003002055
:108D60002DE9F74F0646EFF31187402383F312886E
:108D7000BFF36F8F434D28460BF065F82B680093C7
:108D8000044687F31188BFF36F8F002860D0FCF78B
:108D900027F93D49182202FB00F3C81851F803B027
:108DA000036901930021D0E9025790F80480B0F8DC
:108DB00006A00FF01CF9A07AFCF70AF96169814658
:108DC00051B1627AD00705D4D9F81C201268204628
:108DD0009268904700226261214648460DF029FFC3
:108DE000B8F1000F24D01DB32B680BB31B68FBB187
:108DF000BBF1000F1CD1281D0BF0F4FB4046FFF720
:108E00001FFA052814D8DFE800F026031326130301
:108E1000BFF35B8FEB6CBFF35B8FDA0708D52B6D6D
:108E200033B14FF47022002305F1680005F08CFB8C
:108E3000009B6BB1314600200DF0ADFF002807DA32
:108E4000002383F31188BFF36F8F0323184602DFDB
:108E500003B0BDE8F08F2B68D3F80080BFF35B8FC1
:108E6000EB6CBFF35B8FDB07E2D5002FE0D0002473
:108E700003E001994046B8470134A3B25345F8D303
:108E8000D6E700BF042A00200C2A002007B50B46B5
:108E900002460021FBF7F2FE01910E4909580E48E7
:108EA0000068884204D00D48D0F8B000884201D153
:108EB0000022134601A90A4804F07CFF014638B994
:108EC00001981C220FF093F8019803B05DF804FBA1
:108ED0000020FAE708000000542A00201027002094
:108EE0004C05002010B50446806818B1FCF718F94D
:108EF0000023A36021460248BDE810400DF0B3BD39
:108F00004C0500202DE9F743044668300F46904693
:108F10001E460DF07DFF206D48B9201D00F028F899
:108F20006068132103B0BDE8F0430AF058BD0F4B51
:108F300098424FF0000317D045684360206DD0F889
:108F40001890FFF7CFFF0023206823650AF0CCFFBD
:108F50003DB12068CDF80090006843463A4631465E
:108F6000A84703B0BDE8F0831D46ECE7582A00206F
:108F7000F7B550F8044C0546002C59D000F1940187
:108F800004F11C000BF017F92E1F05F15007002209
:108F90000023384604F0FEFF024678BBEB6C2BB191
:108FA00001466FF067033046FFF7ACFF002345F83A
:108FB000043C05F14803BFF35B8F53E8001F21F029
:108FC000010143E80012002AF7D1BFF35B8FE36988
:108FD00073BB04F10C0600220023304604F0DAFFD4
:108FE00078B9666886B91348266021460DF03BFDC6
:108FF000286803B0BDE8F04001F0CEB8FCF790F867
:10900000C5E7FCF78DF8E6E7A2683368636096422F
:1090100008BFA36077683FB1B3690093002320685D
:109020001A466FF06701B8473046FFF75BFFD8E795
:1090300003B0F0BD14050020F8B51D460F461646D6
:10904000FBF7CEFF044C182303FB0040C0E9037676
:109050000123C3800575F8BD0C2A002010B5044912
:10906000144618461022A04700EAE07010BD00BF69
:10907000E81A002070B50D4C2378834206460D4651
:1090800004D1611C28460BF024FC58B9237CB34260
:109090000AD1074928460BF01CFC10B1012004EB53
:1090A000001070BD0020FAE70020FAE78C2A0020AB
:1090B0009D2A002070B50D4C2378834206460D464C
:1090C00004D1611C28460BF004FC58B9237BB34241
:1090D0000AD1074928460BF0FCFB0028054808BFC9
:1090E000002070BD2046FCE70020FAE7901A00201F
:1090F0009D1A00209C1A002070B50E4C23788342E4
:1091000005460E4603D1601C0BF0E3FB68B9237BD8
:10911000AB420CD1084831460BF0DBFB20B10120FB
:10912000404200F00C00204470BD0020F8E7002011
:10913000FAE700BF7A3100208731002038B50E4BA6
:10914000144682689A420D4611D122792168C0687E
:109150000BF0C7FB58B1D4F8C8302F2B09D804EB5B
:1091600083020133158101895181C4F8C83001207F
:1091700038BD0020FCE700BF6D95010070B5204BA5
:10918000144682689A420FD1A568C66875B92279DB
:10919000216830460BF0A5FB024628B11949013081
:1091A0000BF0CCFB15701581012070BDE068002824
:1091B000FBD02B888B420AD0F6D2E068A368013836
:1091C0000433E0600038A36018BF0120EDE7256894
:1091D0002279294630460BF084FB024660B90949E2
:1091E00030460BF07EFB02460028E6D029460130CF
:1091F0000BF0A4FB23791370A3685B881381DCE771
:109200006D950100EC9C020038B5054648B1154B40
:1092100013F8011C1A465C1E0AF060FC58B1204687
:1092200006E011490F480BF054FB78B10D4B581E66
:1092300038BD0020FCE7217C04F1110228460AF029
:109240004DFC0028F5D004F11000F1E7054B06496C
:1092500003F110000BF03DFB0028EAD0014B03F1B5
:109260000F00E5E78D2A0020EC9C020010B54A1C97
:109270000C4628B109780AF031FC30B1204610BD07
:10928000034910460BF025FBF7E70020F7E700BF86
:10929000EC9C02002DE9F04106468846174609F08D
:1092A000D7FE60B341463046FFF704FF0546B0B92C
:1092B00014480BF04AFB0446F8B113480BF045FB89
:1092C00068B9124D01246342114A03F00C030133C3
:1092D000D01841460BF032FB0C235C43165501219C
:1092E000B94005F108000BF00BFBBDE8F04109485F
:1092F0004FF40042002305F027B9054DE3E7BDE830
:10930000F08100BF981A0020A41A00209C1A0020A7
:10931000901A0020A81A00202DE9F04180460F463F
:1093200016461D46FFF7E8FE044648B91649FFF702
:10933000E3FE044630B300F8018B39460BF0FEFA29
:1093400023899BB962899AB926816581254615F8DA
:10935000010B294609F07CFEA0B12246294612F8ED
:10936000080BBDE8F0410423FBF7E2BFB34204D889
:109370006289AA4206D2B342E7D963892681AB4209
:10938000E4D2E2E7BDE8F081EC9C02002DE9FF4168
:109390000E4617469846044628B96FF0150528462C
:1093A00004B0BDE8F08102A909F057FB054600288A
:1093B000F3D101A9204609F0F5F80198D0B902A926
:1093C0000020FFF799FE0446D8B9002EE7D01149D6
:1093D000FFF792FE0446D0B1002300F8013B02A93A
:1093E0000BF0ACFA042204F108014046B84700EA49
:1093F000E075D4E70A22294607F0F0FD0028DED008
:10940000CBE7002EEED1066046608660C7E76FF0BE
:109410000B05C4E7EC9C020038B5094B1546826881
:109420009A420AD1C4682968013420460BF051FAE7
:1094300018B1696820460BF081FA012038BD00BFE1
:109440006D95010008B513468168074A914209D11C
:109450001A791968C0680BF044FA18B10023036048
:1094600043600381012008BD6D95010002484FF45F
:10947000A472002305F068B8681B002008B5042119
:1094800008480BF03DFA07486FF002010BF047FA6D
:1094900004480BF05AFAC30701D5FFF7E7FF002095
:1094A00008BD00BF981B0020024608B508490130DE
:1094B0000BF044FA002313720C32BFF35B8F52E8B7
:1094C000001F42E800300028F9D1BFF35B8F08BDD0
:1094D000EC9C02002DE9F041214B154682689A422E
:1094E000074602D1C4686389E3B90120BDE8F08171
:1094F00005F17008287A414609F0AAFD68B9194BB0
:109500009C4202D128460BF0B1FA174930460BF0C5
:1095100015FA00232370238119E0414630460BF0F1
:109520000DFA14E0238993B12646284616F8011B4C
:1095300032460AF0D3FA0028DAD120783146FEF715
:10954000BDFB20B1457BFDF7D3FF072DCDD0E368F0
:1095500000216181002BC8D038469847C5E700BF7D
:109560006D95010000040020EC9C02002DE9F047FD
:109570001F46BDF82030D1F80C9006468846002BD7
:1095800046D17B1E012B46D8012F49460CBF1578CA
:109590001588FFF76BFE044678B915B93846BDE863
:1095A000F0874946FFF762FE0446B8B306F1700142
:1095B00001300BF0C3F9337A2370D9F81030DBB9DE
:1095C000B4F808A02581B9F80A30AB4203D0494667
:1095D00040460BF0C0F9AA4505D0307A002206F1CA
:1095E0007001FFF757FE002DD8D10E49601C0BF01B
:1095F000A5F925702581D1E72A464146304698478E
:109600000028CCDB01380128DAD96FF00D00C6E75D
:109610006FF00600C3E76FF00C00C0E76FF01000BA
:10962000BDE700BFEC9C020008B5124801210BF019
:1096300067F910F0010F104B0AD1104A9A610D48DA
:109640000BF083F9830713D4BDE80840FFF70EBF82
:109650001A8B588B012A4FF6FF7205D8904207D01B
:109660004FF6FF725A83EAE790421983E7D0F7E793
:1096700008BD00BF981B0020481B00200100FFFF11
:109680001049114808B50BF024F9014640B90E4BBA
:10969000581E0BF083FA0C4911F8010C0BF00CFA70
:1096A00008490A480BF015F9014650B908480BF073
:1096B00075FA084B187C03F11101BDE808400BF066
:1096C000FBB908BDEC9C02008D2A00209D2A0020D9
:1096D0009C2A00208C2A002010B56FF0020104465D
:1096E0000E480BF01CF90D480BF02FF9C20704D5FA
:1096F0000B480022002304F027FF20460BF0A1F8BE
:1097000058B12046FFF780FD38B1037ADB0704D556
:10971000BDE8104001210BF051BA10BD981B00208C
:10972000681B002010B51B4801210BF0E9F8C307A6
:109730002ED4022117480BF0E3F8084007D1164950
:10974000164A0B88164CA2421CD300B10B80154957
:1097500015480DF051FB4FF4A47200231248FBF79B
:1097600099FE124912480DF047FB022111480BF0F7
:10977000C7F8114811490DF03FFBBDE810401048F3
:10978000FEF70CBC506803449BB208320120DAE7B4
:1097900010BD00BFAC2A002092310020B08402002E
:1097A000C88402002F4E0200F81A00208D9D01008F
:1097B000681B0020981B0020A81A0020C74E02003A
:1097C000D80300202DE9F041034648B1008A38B99A
:1097D0001249DFF84CE001244FF0140C714501D31D
:1097E000BDE8F081D1E90076BB4204D30CFB0672E0
:1097F000143A93420ED93444A2B208311446EDE72C
:109800000CFB0578434507D001356219AE4292B290
:10981000F6D1F2E70025F8E71046E1E7B084020050
:10982000C88402002DE9F74FBDF8305000919946E9
:109830004FF6FF73002D08BF1D46244B1B88834243
:10984000074690463CD203B0BDE8F08F73682344CE
:10985000BB4232D29CB208361D4B9E42F6D3F2E791
:1098600089580193404609F020F9019B90B10134D9
:109870000AF1010AA4B273685345ECD9009B9C42DB
:10988000E1D8BC42F3D331680BFB0AF28B18B8F174
:10989000000FE5D1B9F1000F0BD1013DADB2184673
:1098A0000E9A0D9B21469847002DCCD00028DED182
:1098B000C9E7DA689145DAD1EFE74FF0000ADAE755
:1098C000044E01244FF0140BC6E700BF9231002074
:1098D000C8840200B084020030B5E5B01022002137
:1098E00001A80EF084FB182200210DEB02000EF0FF
:1098F0007EFB4FF41053ADF81430204D8023ADF8AB
:1099000016304FF48063CDE9073501A962AB102210
:1099100005A806F00FF90CAC014660BB4FF4AC7221
:1099200020460EF064FB62992A4620460DF0BAFEEE
:1099300008BB134A23464FF6FF7101200BF06CFA67
:10994000104905AB102220460DF0C1FE0546629875
:1099500006F0B2F87DB90B4B082203F1100118781C
:1099600011F8014D03F8014B013A0870F7D1064890
:1099700008210AF0C5FF65B030BD00BF0002C0037A
:10998000F34A0200D81A0020981B00202DE9F0416C
:109990001949BDF818700446A1F1300015461E465D
:1099A0000DF049FA15480AF0D0FF010707D4FFF778
:1099B00093FFFFF765FE12481021FBF7EBFC2046F2
:1099C000FFF722FC68B1037ADA070AD500F10C042C
:1099D00020460AF0BAFFC30703D4022120460AF04A
:1099E0008FFF102306933A4631462846044BBDE8C4
:1099F000F0410AF0C8BF00BF281B0020981B0020C0
:109A0000D81A002010B51B480AF09FFFC0F3C00011
:109A100080F0010408B9FFF75FFF16480AF095FFD0
:109A2000034614480AF091FFDA0621D5830608D5CB
:109A3000F4B1FFF725FEBDE810400F481021FBF7F9
:109A4000A9BC20210B480AF05BFF0B4910228818A3
:109A50000EF0DCFA48B909480DF0DAF9BDE810401B
:109A600004486FF001010AF05ABFFFF7DDFDE0E79F
:109A700010BD00BF981B0020D81A0020681B0020D2
:109A800008B5102103480AF03BFFFFF7BBFF002099
:109A900008BD00BF981B00202DE9F041B8B00C466E
:109AA000164621493E986A461F4608F057FD002891
:109AB00037D0009D01A9284608F074FD65B10198D2
:109AC00070B90DF108080023284641468DF814307E
:109AD00008F0C3FF054650B16FF0150425461AE0A3
:109AE0000A22002107F07AFA0028EAD0F4E7CDF83C
:109AF0001080A4B1C02208A93846B047041EEDDB8F
:109B0000A40808ABCDE90634084A04AB4FF6FF7150
:109B100001200BF081F9284638B0BDE8F0812346DA
:109B2000F0E76FF01505F6E7A39B02007D910100B9
:109B300030B5B5B0002301918DF8080033930A4A7F
:109B400001AB04460D4601204FF6FF710BF064F99E
:109B5000339B3BB19B0003AA29462046FBF70CFC34
:109B600035B030BD1A46F7E73D9101002DE9F341CC
:109B700000F17008CDE9001204460F46007A414614
:109B8000164609F065FA0F4A05466B464FF6FF7117
:109B900001200BF041F91DB1207A4146FFF7C8FFC3
:109BA000207A3946FFF766FA40B1314601300AF0B3
:109BB000C5FE1DB1207A41460AF07EFF02B0BDE825
:109BC000F08100BF1994010007B500230193FFF74E
:109BD000F9FD411C89B20846034A01AB0BF01CF9A0
:109BE000019803B05DF804FB934802002DE9F843A7
:109BF000154689469422696806460BF074F980463A
:109C0000002842D16968022230460BF0A7F90028EB
:109C10003ED04FF470200021AF8AFFF737F90237AA
:109C2000044680B11C4B47611D214174C0F80C8073
:109C3000436085613A4630460AF03FFD074638B931
:109C40002046FFF74FF96FF00B052846BDE8F88373
:109C5000012342464146FFF7EFF9A98A07F10C00BC
:109C6000023108F067FE20F8029BAA8A29690EF0EB
:109C7000B0F9A760214630460AF0C6FD0546002827
:109C8000E3D02046FFF72EF9DFE74FF0FF35DCE7A2
:109C90006FF01505D9E700BF9948020070B504467A
:109CA0008AB037480AF051FE42070D4661D514B11B
:109CB000637B072B60D16E6805963046FFF782FD07
:109CC0002A68ADF8180032B305A902912D49019117
:109CD0000121002300914FF6FF710593FFF7A2FDCC
:109CE000059E1EB96FF001000AB070BD6E600023C2
:109CF00030688DF8103004A942F60303ADF8123035
:109D000008F0D3FE70B90598C3689B799B0605D40B
:109D10006FF01500E8E70028E9D1E3E70BF035F82C
:109D2000ADF81800BDF818003CB101230146AB7531
:109D30002A462046FFF75AFFD6E76FF07F030793C6
:109D40000223ADF8203042F60213ADF8123005AB15
:109D5000AC7502930C4B01930123009304AA234694
:109D60004FF6FF7109958DF81040FFF75BFD0798DE
:109D7000BAE76FF00A00B7E76FF07F00B4E700BF03
:109D8000B8010020C7480200A59F010073B500F18B
:109D90003005044650F8083C0193A0F120066FF00E
:109DA000010128460AF0BBFD0D4B44F81C3C0D4B4D
:109DB00044F8183C01AB002044F8103C042324F87C
:109DC000080C24F8060C24F80C3C3146FFF766FF1B
:109DD00018B9022128460AF093FD02B070BD00BFF9
:109DE000D08C0200D99601002DE9F0412D4B16468A
:109DF00082689A42054623D1C76834683B89FBB123
:109E00003A46204612F8011B09F068FEC0B14FF433
:109E10009572294620460BF066F8A0B103280FD0B2
:109E2000052820460CBF4FF003084FF0020809F048
:109E30004FFE804507D93379434501D286F8048027
:109E40000120BDE8F081394628460AF084FD164B12
:109E50009F42F5D1207A04F17001FFF74DF90546D4
:109E60000028EDD0038913B94389002BE8D02046A0
:109E7000FDF742FC0D4B2A8923F8202003EB8003D9
:109E80006A890B495A80182202FB0011094A4A606C
:109E90000B61094A8A60042320468B82FFF7FEFE8D
:109EA000CEE700BF6D950100000400207631002050
:109EB000742A0020D08C0200614C020070B5044668
:109EC0008AB035480AF041FD42070D465DD514B110
:109ED000637B072B5CD16E6805963046FFF772FCFA
:109EE0002A68ADF8180032B305A902912B490191F7
:109EF0000121002300914FF6FF710593FFF792FCBB
:109F0000059E1EB96FF001000AB070BD6E6000239F
:109F100030688DF8103004A942F60303ADF8123012
:109F200008F0C3FD70B90598C3689B79DB0605D4BA
:109F30006FF01500E8E70028E9D1E3E70AF025FF14
:109F4000ADF81800BDF818002CB101462A4620468D
:109F50000BF097F8D8E742F60212ADF8122005AAE6
:109F60006FF07F0302920E4A07930123CDE900327E
:109F7000ADF8203004AA23464FF6FF7109958DF8FD
:109F80001040FFF74FFC0798BEE76FF00A00BBE7F1
:109F90006FF07F00B8E700BFB8010020C74802009B
:109FA000A59F01002DE9F0413D4B154682689A427C
:109FB000074603D001273846BDE8F081D0F80C8071
:109FC000384B984512D0B8F80820AB899A42F1D1A5
:109FD000414611F8010BFDF771FE06460028E9D055
:109FE000437B072B24D0FDF783FAE3E72E4C0026B2
:109FF0002E4920460AF06DFC78B914F8010C0722AE
:10A000002146FDF775FE80B92B6914F8010C1A6919
:10A01000214653881288FFF77FF9731C022B04F145
:10A020000C044FF00106E3D1CDE7FDF761FAF4E748
:10A03000D8F8143023B13946984708B93046D2E7EA
:10A040003946942230460AF04EFF07460028F5D1E3
:10A05000AB89022B15D1B8F808309A071ED52A69AA
:10A06000A9883046FFF7C2FD044618B92A69937DD6
:10A07000013393753046FDF73BFA002CAC609ADB58
:10A0800098E7012B0AD1B8F80830DB0706D52A6912
:10A09000A98830460AF0F5FF0446EBE73C46E9E7BD
:10A0A0006D950100000400207B310020EC9C020033
:10A0B00070B58EB000F17005044603900123007A5C
:10A0C0008DF81030294608F0C3FF90B1227A1AB3F8
:10A0D00002AE0421304607F0E3FB00960F4A24212C
:10A0E0002B4605A8FBF786F805AA0D491046F9F797
:10A0F000D9FF4FF6FF710B4A03AB01200AF08CFE2B
:10A10000204609F0E5FC9DF81010884202D2204656
:10A1100009F0A9FC0EB070BD0092DFE7A69B02001B
:10A12000999A0100E99D01002DE9F0410D4B1B6852
:10A1300006460F46904623B153F8044904B1043C47
:10A140000BB9BDE8F0811B681BB142463946304669
:10A1500098472CB1656805B1043D23462C46EFE7CE
:10A160002546FAE7B02A002013B50A4A00900446B3
:10A170004FF6FF7101206B468DF804000AF04CFE8B
:10A18000002120460AF0B4FF08B9FFF74DFA02B0EB
:10A1900010BD00BFE99D010073B5044603461A4A8D
:10A1A0004FF6FF71012004F170060AF035FE207AA7
:10A1B00031460AF04EFE207A314608F049FF50B190
:10A1C000237A8DF80430114A00966B464FF6FF71E2
:10A1D00001200AF021FE2046FFF716F8054688B157
:10A1E000207A314608F034FF28B9284602B0BDE88D
:10A1F0007040FFF759B93146681C02B0BDE87040A5
:10A200000AF09CBB02B070BDD594010045940100DA
:10A210007FB54FF42052ADF8162004AA02920B4AE3
:10A2200000230120CDE900324FF6FF7105AA049307
:10A230008DF81430FFF7F6FA049B012B14BF6FF072
:10A240001500002007B05DF804FB00BF6D5102004F
:10A25000064BD3F8EC0028B9054AC3F8F020EC33DC
:10A260000B6070476FF00B00704700BFA01B002011
:10A27000488D020008B501460448044B0AF094FFDB
:10A28000043B002814BF1846002008BDA41B002072
:10A2900010B50C4A11680C4ABFF35B8F00F5B4731C
:10A2A00053E8004F944204D143E8001CBCF1000F76
:10A2B000F6D1BFF35B8FBFF35B8FD0F86801BFF3BC
:10A2C0005B8F10BDB8290020A01B002008B5FFF748
:10A2D000DFFFB8B1036843B1426832B1826812B996
:10A2E0000B4A12783AB904200BE0094A127812B1ED
:10A2F0000BB1826842B9426842B9002B14BF0020FA
:10A30000032008BD0320FCE70120FAE70220F8E75C
:10A310007432002038B5051D0446082128460AF08D
:10A32000A9FF064904F15700FCF760FF20B1284659
:10A3300008210AF077FF082038BD00BFA3570200AC
:10A3400038B5EC22054600210DF051FE102105F133
:10A35000270002F08FFD044648B9052128460AF07F
:10A3600089FFFCF733FF034B1860204638BD0824F3
:10A37000FBE700BFB82A002070B50E4686B0044641
:10A38000FFF786FFF36804F137020546114603F133
:10A39000100053F8046B41F8046B8342F9D1237A1F
:10A3A000052B40D8DFE803F0172323033F6502ABFA
:10A3B00045490093096804F1270304F1570000F0B0
:10A3C00039FF80BB0A21201D0AF054FFAB680299B7
:10A3D000D4F8EC00984720460D210AF04BFF201DD1
:10A3E00010210AF047FF20460AF09CFF19E094F87C
:10A3F000DC10D4F8D83002ADCB403349009503F0DF
:10A400000103096843F0800304F157000BF051FC8D
:10A4100048B91022294604F117000DF0F7FD20B1CC
:10A42000042006B070BD0820FBE7032120460AF097
:10A4300021FF0AF077FF0028F5D194F8DC300133D2
:10A44000DBB2142B84F8DC3009D10D2120460AF050
:10A4500011FF1021201D0AF00DFF0020E1E710215F
:10A4600004F1270002F006FD003818BF0120C000EB
:10A47000D7E7102104F1270002F0FCFC0028D2D11C
:10A4800005B3EB68F3B1114BE27A1B88ADF80830E5
:10A49000A37C12F0010F08BF0320DB0703D50028BF
:10A4A00014BF012002200023C4E938338DF80900CD
:10A4B0000C21201D0AF0DEFEEB68D4F8EC0002A9A6
:10A4C0009847CAE70220ACE7B82A0020AA88020011
:10A4D00073B5047A022C054623D844B190F8DC30D9
:10A4E000D0F8D840DC4004F0010444F0800403219B
:10A4F00028460AF0F8FE0646A8B110210C3008F0F4
:10A5000019FA00900F482346006805F1270205F16B
:10A5100057010BF0CEFB044650B13046FAF700FE6F
:10A5200001E0032C02D0082002B070BD0024DEE759
:10A53000314628460AF087FE281D21460AF072FEA1
:10A540002046F1E7B82A0020F7B50446FFF7A0FE41
:10A55000261D05460E2130460AF026FE38B9474B27
:10A560002022196804F157000DF050FD90B30C2122
:10A5700020460AF0B8FE074660B340210C3008F0D0
:10A58000D9F93E4B1B680246014603F1200053F8FF
:10A5900004CB41F804CB8342F9D1203203F12001EE
:10A5A00053F8040B42F8040B8B42F9D1394620468C
:10A5B0000AF049FE237A052B0CD8DFE803F0033DAF
:10A5C0000E030B5A042120460AF054FEFFF780FFC9
:10A5D000002840D0082003B0F0BD2046D4F8EC702D
:10A5E000FFF756FE042105464FF0FF330DEB010047
:10A5F000019302F03FFC0028ECD1019B204AB3FB01
:10A60000F2F102FB11330193C4F8D83084F8DC0076
:10A6100055B12B6843B10B2130460AF02BFE2B6855
:10A62000D4F8D81038469847032120460AF022FE75
:10A630000E210AF01FFE0EE0204603210AF01AFE4A
:10A640000E210AF017FE30460A210AF013FE6B684D
:10A65000D4F8EC009847304607210AF00BFE08209A
:10A66000FFF708FE40B9204603B0BDE8F040FFF711
:10A6700051BE04212046DCE70020ACE7B82A0020C8
:10A6800040420F0070B50E460546FFF701FEF36825
:10A6900005F15704224603F1200153F8040B42F858
:10A6A000040B8B42F9D105F1770203F1200153F835
:10A6B000040B42F8040B8B42F9D12046FCF7F6FC60
:10A6C00018B3281D0E210AF0D5FDD5F8EC40D4F8BA
:10A6D000A40080B9207A04F1700100F08DFCC4F868
:10A6E000A40040B9104B1C68B4B9281D06210AF01B
:10A6F000C1FD204608E0438A03F02403002BF1D07B
:10A70000437C9B07EED4032070BD2046FCF7DAFCA7
:10A710000028E7D10B20F7E72846FFF715FF0038A0
:10A7200018BF0120C000EFE7B82A002038B5124951
:10A730000446A0F1EC054C300CF05EFB28460AF014
:10A7400032FFBFF35B8F0D4A04F17C0353E8001F17
:10A7500043E800200028F9D1BFF35B8FBFF35B8F84
:10A7600080344FF0FF3354E8002F44E800310029D3
:10A77000F9D1BFF35B8F38BDC5590200A01B002083
:10A7800038B5174B1B78054623B301F00F04284654
:10A79000FFF79CFD134A03280CBF04F00B0444F0A0
:10A7A000040405F5B6731278BFF35B8F53E8001FFE
:10A7B000013103D143E800200028F7D1BFF35B8FBC
:10A7C000BFF35B8FD5F86C31BFF35B8F2BB144F0D7
:10A7D000010038BD01F00704D9E704F0FE00F8E7F6
:10A7E0007432002003050020F8B50D46D0F8EC7057
:10A7F0000446FFF74DFDED68EB78102B01D00620E5
:10A80000F8BDD7F8A430002B73D0261D0F21304699
:10A810000AF0CAFC20B92046FFF792FD002871D14A
:10A82000012363722B68C4F80A30AB88E3810223EA
:10A830002374A9782046FFF7A3FFE0742046FFF7B2
:10A8400045FD1023607423752B7903F003036375B2
:10A850006B7903F00103A375E37C1A0754D4052137
:10A8600030460AF0A1FC00285CD0574B1B78A3743B
:10A87000E37C980606D5AB78990603D514213046BB
:10A880000AF0F8FCE37CDA074ED5AB78DB074BD552
:10A890000D2130460AF0EEFCA37D84F8E830637D9C
:10A8A00084F8E930032130460AF0E4FC237BE17CA4
:10A8B0002D7803EA0102100704D5E27AA07C024356
:10A8C000D20735D4042D35D80B4313F0040307D039
:10A8D0002046FFF7FBFC3D4B05EB85052B441B5C3D
:10A8E0002372D7F8A41020460AF067FC20BB03208F
:10A8F00086E7387A07F1700100F07EFBC7F8A40004
:10A90000002882D108207BE7AB781B07A7D505215B
:10A9100030460AF0AFFC637D03F002036375002349
:10A92000A3759CE72A4BA1E700236375A375B3E7E2
:10A930000523D5E70023D3E7D4F8EC309B7A032B2B
:10A9400033D022D8013B012BDCD8052130460AF058
:10A950002BFC0028CBD00C2120460AF08BFC0221D6
:10A960000AF0C1FC05460028CCD006210C3007F0C7
:10A97000E1FFD4F811300360B4F815308380294624
:10A9800020460AF060FC00203AE7042BBAD1237D70
:10A99000627B934228BF1346102B7FF430AF052112
:10A9A00030460AF001FC0028A1D0237A002B9ED06B
:10A9B000052130460AF0F8FB0028C6D1237A013B76
:10A9C000012BC2D893E700BF76320020C39D02005E
:10A9D0007532002073B51F4E336805463BBB4FF000
:10A9E000FF324FF0FF331C4803F012FA1B48FCF70C
:10A9F000A1FB044640B110F1780F05D0164803F0D2
:10AA000079FA204602B070BD13494FF4702200233A
:10AA100001F1140003F0D8FD04460028F1D10E48DE
:10AA200003F068FA336813B96FF00A04E9E71021FC
:10AA3000284602F01FFA04460028E2D1316805F1E9
:10AA4000100300932A46034608460BF032F90446E9
:10AA5000D7E700BFB82A00201804002034040020E3
:10AA60002DE9F041C778012F044604D06FF015049A
:10AA70002046BDE8F0810AF090FB0546002800F072
:10AA8000A980061D042130460AF08EFB002840F004
:10AA9000A480032130460AF087FB10B16FF00F0449
:10AAA000E6E7394630460AF07FFB0028F6D1284613
:10AAB000FFF7EEFBD5F8EC309B7A032B074640D02E
:10AAC00030D8013B012B46D90F21201D0AF06CFB29
:10AAD0000028CBD1D4F8A40090B904F17007217AF2
:10AAE0003A46202000F0D4FAC4F8A40040B9217AF4
:10AAF0003A46042000F0CCFAC4F8A4000028B5D0EF
:10AB0000438A13F0240FB1D0A27A022A23D9417CC0
:10AB1000C907ABD5032A1ED09B06A7D5037C102BF3
:10AB2000A4D118E0042BCFD12846FFF7CFFB032890
:10AB300004D1002FC8D0FB68002BC5D0284B1B7850
:10AB400007E02846FFF7C2FB032804D1002FBBD043
:10AB5000FB68002BB8D0D4F8A4303BB12846FFF7EF
:10AB6000EFFB044670B16FF0680481E7207A04F1CE
:10AB7000700100F041FAC4F8A4000028EED16FF093
:10AB80000B0475E70B2128460AF0ADFB07460028A9
:10AB9000E9D001210C3007F0CDFE0921804628467E
:10ABA000FFF7EEFD234688F800002246394605F1FE
:10ABB000EC0009F0AEF8044618B13846FAF7B0FADE
:10ABC00056E730460F210AF055FB012128460AF0CE
:10ABD00051FB4DE76FF07F044AE76FF0040447E74D
:10ABE00074320020F8B5D0F8EC40D4F8A430054613
:10ABF000061D002B73D079BB0D2130460AF0D4FA24
:10AC0000074620B1D4F8A40008B10BF032F8364B57
:10AC10001B6823B153F80C6906B10C3E73B9284682
:10AC20000AF0C1FC637B072B5DD1627AA37A9A425A
:10AC300059D02046BDE8F840FFF712BF1B6813B19A
:10AC40003946204698472EB1F26802B10C3A334695
:10AC50001646E3E73246FAE70139C9B20E2998BF32
:10AC6000224A1B7C94BF575C0927002B30D1D4F8B3
:10AC7000A4000AF059FF0023C4F8A4300221304692
:10AC80000AF092FA40B9072F96BF194B1F21D95DE0
:10AC90003A462046FCF7BEFF032130460AF084FA0C
:10ACA0000028BCD0104B1B68002BB8D053F80C699F
:10ACB00006B10C3E002BB2D05B6813B1394620467A
:10ACC000984776B1F26802B10C3A33461646F1E77E
:10ACD000022130460AF068FA0028C8D1CEE70927D9
:10ACE000CCE73246F1E7F8BDB0290020B49D020060
:10ACF000A39D0200124B10B5044618604FF0FF32BE
:10AD00004FF0FF330F4803F083F80F4803F022FCA5
:10AD10000C4803F0EFF804B910BD0C4CBFF35B8F87
:10AD20002368BFF35B8F5B06F6D5201FFFF70CFC93
:10AD30000028F1D00821201F0AF0ECFCECE700BF4E
:10AD4000B82A0020180400202C040020A41B002096
:10AD50002DE9F0410B8A04460E46B3B3012106F1FA
:10AD60000C0007F021FEA4F1EC05E83C07460421A5
:10AD700020460AF019FA40BB39780E2925D8DFF8A9
:10AD8000508058F8313023B9072128460AF0C2FC18
:10AD90001BE028460AF0F0FB30B9032120460AF0F8
:10ADA00003FA90B10821F0E73B78318A08EBC3023F
:10ADB0001279914201D00A21E7E7314658F8333041
:10ADC0002846984701460028DFD10020BDE8F081E1
:10ADD000708D02002DE9FF4190F8E930CF68D0F87E
:10ADE000EC6023F0020380F8E9303B78044623B19D
:10ADF000BB7903F0C003C02B73D106F170080722A2
:10AE0000394640460DF002F988B1307A394600F0F3
:10AE100097F9054658B1014620460AF0CEF918B90F
:10AE2000082004B0BDE8F08128460AF07DFE0D211F
:10AE3000201D0AF0B9F900283FD0317A424602209D
:10AE40000AF05EFE05460028EAD0F378002B41D1D7
:10AE500006F17E031878012827D19A7902F0C00202
:10AE6000402A22D1D3F80120C5F83E20B3F805309E
:10AE7000A5F8423096F87030BBB196F8763003F002
:10AE8000C003C02B11D01949039501AACDE9018750
:10AE9000FCF7F6FB3B68C5F80130BB88A5F8053028
:10AEA000BB79EB713046FCF785FE00212846FBF7A5
:10AEB000F3F8C0B92846FBF701F994F8E9305B07CD
:10AEC00003D50A2120460AF0D5F9B4F8E81021B1DB
:10AED0000020A6E706F17703BCE72046FFF782FED5
:10AEE000F6E70A209DE703209BE700BFED5502002F
:10AEF0002DE9F0410546A0F1E80604460F4630462C
:10AF0000012155F8EC890AF037FB002859D0CFB160
:10AF1000032130460AF048F9002852D03846FAF7A3
:10AF20006DFD0138C0B208289ABF2B4B1C5C002471
:10AF3000022130460AF09EF921462846BDE8F0413C
:10AF4000FFF750BE98F80B30002B3AD00321304663
:10AF50000AF02AF920B92846BDE8F0410AF023BBDF
:10AF6000052130460AF020F9B8B114F8043C1F0757
:10AF700007D514F8033C180703D5112130460AF011
:10AF800079F914F8043C23F0080304F8043C14F89D
:10AF9000033C23F0080304F8033C14F8033CD907EE
:10AFA00011D5062128460AF065F9022130460AF03B
:10AFB00061F92368D3F8A4301BB134F8041C0029CC
:10AFC000BBD0BDE8F0819A0701D50821EAE75B070D
:10AFD000EBD50A21E6E700BFAB9D020008B5044BA4
:10AFE000044801221A70FCF7A5F8002008BD00BF34
:10AFF000743200203404002070B5054612480378EE
:10B00000AB420C464FF0010604D1072230440CF04D
:10B01000FDFFA0B12EB10D490D4807220CF0F6FF3F
:10B0200078B9094A134603F8015B2168C2F8011098
:10B03000A1889980A179997140F21123D3600248C7
:10B0400070BD0020FCE700BFBC2A0020EC9C020081
:10B05000BD2A0020F8B5084F164604460D460022CA
:10B060007B8A234002B1F8BD002BFCD03146384624
:10B07000A8470122F4E700BFBC2A002008B5034915
:10B0800000220220FFF7E6FF002008BDF35A02006D
:10B0900070B50B4C638A03400D464FF00006114615
:10B0A000227808D0AA4204D10722601C0CF0AEFF1F
:10B0B00018B1304600E0184670BD2046FCE700BFDE
:10B0C000BC2A0020F8B50B78012B06460C4601D0AF
:10B0D0000020F8BD8B7903F0C003402BF8D1154D4B
:10B0E0006F8A2946BF0711F83E2B4FF0000304F189
:10B0F000010006D5B24204D106220CF087FFB8B198
:10B100000023002BE4D16B8A9B07E1D52B78B34257
:10B11000DED1661C0848314607F08CFC0028D7D0E9
:10B12000D4F80130C5F83E30044BB4F805209A80BD
:10B130000048CEE7BC2A0020EA2A0020FA2A002094
:10B1400010B5074C2378834208D10722601C0CF00D
:10B150005DFF00280CBF2046002010BD0020FCE74A
:10B16000BC2A00202DE9F0439BB0304CDDE9238759
:10B170001D468446894616460CAB04F1300E206805
:10B1800061681A4603C2083474451346F7D1206833
:10B19000106022791A716146202204A80AF071FD1C
:10B1A00023486B46202204A900F072F80446C0BB75
:10B1B000102249460DF135000AF063FD1022314698
:10B1C0000DF145000AF05DFD2946062211F8013B0C
:10B1D0008DF855300DF156000AF053FD22990622E4
:10B1E00011F8013B8DF85C300DF15D000AF049FD6E
:10B1F000434635220CA9684600F04AF8044680B957
:10B2000040460AF048FD01238DF8303035223B4698
:10B210000CA9684600F03CF8044610B938460AF01C
:10B220003AFD20461BB0BDE8F08300BFAC880200A9
:10B23000DC9D020070B598B00E46144601462022EF
:10B2400004A81D460AF01DFD202231460CA80AF074
:10B2500018FD1022294614A80AF013FD10222146D9
:10B2600068460AF00EFD6B46502204A9684600F0BD
:10B270000FF840B9039B054A1BBAB3FBF2F102FB7E
:10B2800011331C9A136018B070BD00BF40420F000C
:10B290002DE9F0418EB007460C46154600211822D4
:10B2A00008A81E460CF0A3FE4FF41053DFF85080A0
:10B2B000ADF81C308023ADF81E304FF44063CDE96B
:10B2C0000938102205AB394607A804F033FC20B139
:10B2D0006FF004000EB0BDE8F08106AB02931023BE
:10B2E0002246CDE9006341462B4605980CF01CFA36
:10B2F0000446059804F0E0FB2043EBD0E8E700BFEC
:10B300000002C00310B5094C0A44914200D110BD9F
:10B3100011F8013B584003090001E35CC0B243400F
:10B3200018091B01205CDBB25840EEE7EC9D0200DF
:10B33000084B70B5C31A0D4607499B100446594384
:10B34000064840220AF033FD2B4601462046BDE860
:10B3500070401847142B0020B76DDBB6C88102007F
:10B3600073B50C4C0C4A4023041B00930D460B464E
:10B370000A49A4106143064609480AF043FD014604
:10B3800028B130462B4602B0BDE87040184702B0E5
:10B3900070BD00BF142B0020735E0200B76DDBB6DA
:10B3A000C88102000022F8B5012105461046F9F7D0
:10B3B00059FB104801F0A4FE0446B8B90AF086FF14
:10B3C0002F690D49384606F02BFB031E09DB0126C9
:10B3D0003E642D69084905F11C0006F021FB031E9F
:10B3E00002DA1C462046F8BDEE64FBE76FF0040469
:10B3F000F8E700BF25B50100E88D02001FB5002267
:10B400000123CDE902236C46074A6B46CDE900448F
:10B410000AF028FD28B94FF480420023684602F064
:10B420001FFE04B010BD00BF855E020010B5EFF333
:10B430001184402383F31288BFF36F8F074A136888
:10B4400023F00201DB07116002D401200AF038FF6B
:10B4500084F31188BFF36F8F10BD00BF642B0020F1
:10B4600030B4104B0C2202FB003301460020D3E91C
:10B470000E529863EFF31180402484F31288BFF3D7
:10B480006F8F1C6C04F0C00444F002041C6480F351
:10B490001188BFF36F8F1DB12B46034830BC18478E
:10B4A00030BC7047142B0020C881020010B4EFF3A9
:10B4B0001180402282F31288BFF36F8F17490B6807
:10B4C00043F0020413F001030C601AD04FF08043E4
:10B4D000D3F80C14D3F80C3413F0010311D0EFF3AC
:10B4E000118182F31288BFF36F8F0D4A136C03F042
:10B4F000C00343F00203136481F31188BFF36F8F1D
:10B50000012380F31188BFF36F8F1BB110BC0020A3
:10B51000FFF7A6BF10BC012001F0E2BD642B0020A4
:10B52000142B002010B1012804D07047034B1B6C72
:10B530005B0701D1FFF794BF704700BF142B0020B9
:10B540002DE9F0413849BFF35B8F8046012251E875
:10B55000003F41E800200028F9D1BFF35B8F33B9E9
:10B56000324933484B60CB608A6006F06CFA08F1D0
:10B57000FF33012B4BD8B8F1010F07D14FF08043B7
:10B58000D3F81C3403F00303012B40D00BF08BFCE9
:10B59000054658B1EFF31186402383F31288BFF3B9
:10B5A0006F8F0125234F4FF080441EE0224B1B7804
:10B5B000002BEFD04FF080430222C3F80823064649
:10B5C000F0E735B3304607F02BF9D4F8183563B9F6
:10B5D000D4F804214AB1C4F80431D4F80431012369
:10B5E000C4F81835C7F88031A360D4F81824D4F80B
:10B5F0001834D203E5D503F00303012B02D0B8F1D0
:10B60000010FDED155B186F31188BFF36F8FBDE80E
:10B61000F081002121200BF0E1FCD6E74FF08043C0
:10B620000222C3F80423F2E7102B0020002B002095
:10B63000302B002000E100E00C350020EFF31182F8
:10B64000402383F31288BFF36F8F0A4BD3F80011A6
:10B6500061B10021D3F80805C3F80011D3F8003117
:10B66000C0B282F31188BFF36F8F70476FF00A008A
:10B67000F7E700BF00D00040F0B503468478C678F5
:10B68000EFF3118E402080F31288BFF36F8F1D7887
:10B6900093F801C0641B3440A24288BFA2B2AF1825
:10B6A000374028461F708EF31188BFF36F8F8F18B5
:10B6B0008F4218D165450CD1EFF31181402080F302
:10B6C0001288BFF36F8F1878587081F31188BFF319
:10B6D0006F8F1B79A41AA34228BF074B90B224BFD7
:10B6E00001221A60F0BD03EB000E01309EF805E068
:10B6F00001F801EB3040DBE700D00040DB432DE9EF
:10B70000F04713F001050F46144604D02448FFF714
:10B71000B3FFBDE8F087B2B3EFF31186402383F3A4
:10B720001288BFF36F8F0D20F9F78EF980460D2038
:10B73000F9F776F986F31188BFF36F8FDFF864A00D
:10B74000194ECAF80051DAF800314FF400590123BC
:10B75000CAF800302546C6F88091DAF80031A3B166
:10B76000FFF76CFF031EA4BF05F1FF35ADB2C6F8AD
:10B770008091A8BF7B55002DEFD1B8F1000F02D00A
:10B780000D20F9F73FF92046C3E7EFF3118040237E
:10B7900083F31288BFF36F8F07F042F8DDE700BF35
:10B7A000882B002000D0004000E100E070B50D467D
:10B7B00014460CB9204670BD4FF0FF334FF0FF32F6
:10B7C0000C4802F04DFC224629460B48FFF754FF77
:10B7D0000646084802F010FC3EB94FF0FF324FF029
:10B7E000FF33064802F03CFCE6E7A41BA4B2354454
:10B7F000DFE700BF682B00209D2B0020782B002066
:10B8000038B50122114617480BF021FA154D0122D7
:10B81000002105F110000BF01AFA40F207432B87C4
:10B820004FF070632B620C2385F8243000240E4BFC
:10B8300085F83540EC86D3F8042522F00102C3F8E0
:10B8400004250121C3F80041D3F80021C3F80413F3
:10B85000224619600D20F9F705F90D20F9F7D2F805
:10B86000204638BD682B002000D0004010B5FFF7FF
:10B87000E5FE002820DB174B93F8222093F82140A7
:10B8800093F82310141B31EA0404C0B20DD193F8CD
:10B89000372093F8364093F83810141B31EA04042B
:10B8A0000BD10D4B01225A600EE09C180132114061
:10B8B00084F8250083F8221010BD9C180132114035
:10B8C00084F83A0083F837100448BDE8104002F0CD
:10B8D00093BB00BF682B002000D00040782B0020D5
:10B8E000024B0B6001231360704700BFAC2B00209C
:10B8F00000487047048E020010B501221146074827
:10B90000074C0BF0A4F901F049FC0BF00AF8206099
:10B910000BF003F86060002010BD00BFB42B0020C6
:10B92000AC2B0020F0B587B00E4615460AF0F5FFA7
:10B930002946074630460AF03DFBC8B3B6FBF7F38D
:10B9400007FB1363A3BBB5FBF7F407FB14547CBBE5
:10B95000BD4222D34FF0FF324FF0FF33164802F0C2
:10B960007FFB0AF0B6FC02AB01461022C0B12146B3
:10B9700018460CF03CFB01228DF814200F4ACDE94B
:10B9800000200F48CDE9036501F010FC684601F086
:10B9900013FC0446084802F02FFB204607B0F0BD18
:10B9A00018460CF024FBCDE903650AF0DFFAF0E756
:10B9B0006FF01504F1E700BFB42B00206D5F0200AB
:10B9C000645E010038B5037B04460BB10AF08DFCC0
:10B9D0000125A368032B06D8124AD2F80034DB07EE
:10B9E000FBD5002038BD23686068196802F07CF838
:10B9F000636804336360236804332360A368043BF3
:10BA0000A360237B0135002BE3D0284601F042FCE4
:10BA10000028DED0034AD2F80034D907FBD5012034
:10BA2000E0E700BF00E0014070B50D4686B0194662
:10BA3000284616461C460AF0BDFA60B345EA0403E0
:10BA40009B0728D1FCB14FF0FF334FF0FF32134872
:10BA500002F006FB0AF03DFC0346CDE9026502A8B0
:10BA600004949BB101238DF814300D4BCDE90030C7
:10BA700041F64C5001F09AFB684601F09DFB0446EC
:10BA8000064802F0B9FA204606B070BD8DF81430B1
:10BA9000FFF798FFF3E76FF01504F4E7B42B0020ED
:10BAA000C5B901002DE9F043476840F20636D006DB
:10BAB0003B7C87B002EA060654BFC2F3401C4FF03D
:10BAC000030C01F01F05B6F5837F144645EA4315C4
:10BAD0008DF803C044D00DD8062E16D005D8A6B1D7
:10BAE000022E3FD06FF0150037E0B6F5807FF9D118
:10BAF00001260AE040F20222964235D0B6F5407F98
:10BB000034D0B6F5007FEDD10226220330D57A6815
:10BB100001238B40C2F80835B868A0BB05F01F03AD
:10BB20006D092DD0012D77D13E4A02EB8302C4F37B
:10BB30000043D2F8001783F00103C4F3404444EA01
:10BB4000430421F4E16144EA8C0421F0070144EA52
:10BB500006230B43C2F80037002007B0BDE8F0838E
:10BB60000726D2E70426D0E70526CEE70326CCE752
:10BB7000630341BF01237A688B40C2F80C35CBE7E1
:10BB80004FF0A042D1E70DF1020229460AF02CFE47
:10BB900014F4403F80460CD1B86829460AF059FE9B
:10BBA000B8F1000FD8D19DF80210B86801F0E4FC9C
:10BBB000D2E74FF0000901ABCDE90199CDE9043995
:10BBC000CDF80C90B86803AA29460AF0E2FC484573
:10BBD000C2DB14F4003314D0C4F300449DF80330E6
:10BBE0008DF80E3084F001048DF80C608DF80D4056
:10BBF000B8684B4603AA29460AF07EFD0028CFDA32
:10BC0000AAE7CDE904330DF103030393B86803AA4F
:10BC100029460AF0BEFCF1E703F5E07350F8233043
:10BC2000FFDE00BF00030050420970B5034602D09A
:10BC3000012A17D070BD0D4E326951680029F9D024
:10BC400003F01F0301250C689D400029F2D08A688B
:10BC50002A4002D04B68304698472CB123682146D1
:10BC60001C46F2E7024EE7E72346F8E700820200AF
:10BC7000E481020038B54568A86890B10AF0E3FD98
:10BC8000014670B9A8680AF0C2FD044658B90246D8
:10BC90000649A8680AF0A5FD224605210620F8F706
:10BCA000E1FE002038BD6FF00400FBE729BC010075
:10BCB000F0B544681646A068227C01F01F0587B0E5
:10BCC00045EA421500286DD0B6F5001F04D129467B
:10BCD0000AF012FE002056E06268607CC2F824057B
:10BCE00001AA0020B6F5800F0190506037D1B3F162
:10BCF000007F14BF052304238DF804300023CDE911
:10BD000004230393E36823FA01F111F001010DF11B
:10BD100003073AD1B6F1A07F37D105F01F036A09B6
:10BD200003F5E07326D0012A3FD1214A52F823308F
:10BD3000DB072AD4A0683A4629460AF055FD16309A
:10BD40001BD00297A06803AA29460AF022FC00280B
:10BD500019DBA068012229460AF07DFDBAE7B3F19C
:10BD6000C06F05D0B3F1007F14BF01230223C3E7E6
:10BD70000323C1E74FF0A042D8E7A068394601F09D
:10BD800001FC0028DDDA07B0F0BDA0683A4629467C
:10BD90000AF02AFD0028D5D19DF80310A06801F013
:10BDA000EBFBCFE76FF08500EDE751F82330FFDEC6
:10BDB0000003005070B5012383400F4ABFF35B8F2F
:10BDC000DC4352E8001F01EA040542E80056002E59
:10BDD000F7D1BFF35B8F4FF4803282400748C0F841
:10BDE0000823BFF35F8FBFF36F8F03EA01000038B2
:10BDF00018BF012070BD00BFE02B002000100140E3
:10BE000070B41249D1E90034D01AC31844F10004C7
:10BE100022F07F46C1E90034A6F50013B3F5400FC8
:10BE200009D20B4B1B681A0A1B069C19094B42F1DD
:10BE30000005C3E90045EFF31181402383F3128825
:10BE4000BFF36F8F70BC03F009B900BF201D002045
:10BE5000E42B0020281D002011B3BFF35B8F0123CA
:10BE6000104A834052E800CF4CEA030C42E800C17C
:10BE70000029F7D1BFF35B8F0B4A4FF48033834027
:10BE8000C2F80433094BBFF35B8F1B68BFF35B8FB2
:10BE9000C340DB0742BF064B4FF40032C3F800211A
:10BEA000704700BFE02B002000100140DC2B002079
:10BEB00000E100E00D4B1868010A0006BFF35F8F38
:10BEC0000B4BD3F80435181841F10001B3F5801F6E
:10BED0000AD2084BD3E90023904271EB030303D24B
:10BEE00010F1807041F10001704700BFE42B002089
:10BEF00000100140281D00202DE9F04F85B01646A6
:10BF00001F469DF840A00446FFF754FF0190FFF73D
:10BF1000D1FFB04271EB07035ED23E4B301A67EBA4
:10BF20000101984271F1000109D36FF01505204617
:10BF30000199FFF791FF284605B0BDE8F08F364B19
:10BF400003EB0413D3E902239F4208BF964254D067
:10BF500032494FF4803804F1500508FA04F8AD0076
:10BF6000C1F848832046ADB20AF0A1F826F07F4B15
:10BF700005F1804504F5A87305F58835DC464FF0DA
:10BF800003090293029A2CF07F4341F82230C1F852
:10BF90004483D1F80435224A6FF00200C01A60448D
:10BFA00020F07F40904228D9286868B1D1F8043544
:10BFB0000393A3EB0B0020F07F40B0F5000F1CD9DA
:10BFC00020460AF074F8039BBAF1000FADD109EBDB
:10BFD000030C09F10109D5E7BAF1000FA5D101233E
:10BFE000104ABFF35B8FA34052E8000F184342E8AA
:10BFF00000010029F8D1BFF35B8F07490E98230198
:10C0000001EB0412C8500F9B5360C2E90267002580
:10C010008DE700BF01008000101D002000100140CE
:10C02000FDFF7F00DC2B00207FB51C4C1C4BC4F8AF
:10C030000833C4F848331B4B00254FF0FF304FF056
:10C04000FF31C4F80855C3E902014FF48033C4F846
:10C050000433154B02264FF400320121C4F8046367
:10C060001120C3F880212A46F8F7FCFC1120F8F7CC
:10C07000C9FC0E4A0123A360236013600C4B0D4AD8
:10C080000093CDE9015500232846FFF735FF3046E0
:10C09000FFF756FA284604B070BD00BF00100140FB
:10C0A00003000F00101D002000E100E0E02B002045
:10C0B00001BE0100FFFF7F002DE9F7432B4CD4F8B0
:10C0C000043399070BD5D4F8043143B1284A00232F
:10C0D000C4F80431D4F80431136801331360D4F880
:10C0E0000433DA0323D5BFF35B8F224B53E8002FD1
:10C0F00022F0010143E800100028F7D1BFF35B8F65
:10C10000D30702D4D4F840318BB10025C4F8405194
:10C11000D4F84031FFF7CEFEEFF3108272B6164B23
:10C12000D3E90267B042B94104D282F3108803B068
:10C13000BDE8F0834FF0FF384FF0FF39C3E90289C3
:10C14000D3E900101D604FF48033C4F84833C4F8BD
:10C150004051D4F8403182F310880029E7D0009094
:10C1600032463B4628468847E1E700BF00100140C1
:10C17000E42B0020DC2B0020101D002030B5431CD8
:10C18000124C85B005D08442A8BF0446012CB8BF2C
:10C190000124FFF78FFE0E4B0C4DD3E90013401A1C
:10C1A000B0F5000F10D22218AA4228BF2A46521812
:10C1B0004FF0000007490091CDE9010043F1000371
:10C1C000FFF79AFE05B030BD2A46F0E7FFFF7F007B
:10C1D000201D002001BE010008B5FFF76BFE024BD9
:10C1E0001B68C01A08BD00BF201D002030B40346E4
:10C1F0000C46DA880068197902F04002224383680D
:10C200009C6984B1130207D5056901232D688B4011
:10C210002B4218BF82F0C062054BA446134030BCCD
:10C2200002F0B07260476FF0570030BC704700BF3B
:10C2300040000006002810B514BF4FF098644FF47A
:10C24000001406482146FFF7D1FF28B921460448CB
:10C25000BDE81040FFF7CABF10BD00BF348E02001A
:10C260003C8E02002DE9F3410024134D2646286838
:10C270002F79D0F81080836801A95B68984700285F
:10C280000ED016DB0123B3401C43731C022B05F1B7
:10C2900008054FF00106EAD1204602B0BDE8F08162
:10C2A000019BD8F800205A400123BB401A42ECD031
:10C2B000E8E70024F0E700BF348E020038B5EFF362
:10C2C0001185402383F31288BFF36F8F0D4C2378C1
:10C2D00093B90D4B984202D00C4B984205D10020E7
:10C2E000FFF7A8FF0A4B00221A70012323700948A8
:10C2F0002122002302F028F985F31188BFF36F8F04
:10C3000038BD00BF7832002000820200E4810200C4
:10C3100077320020301D00202DE9F0412E4F3B7870
:10C320002BB10020FFF786FF002853D13870FFF7AC
:10C3300099FFBFF35B8F294B044653E8002F43E876
:10C3400000410029F9D1BFF35B8F254BDFF89480C2
:10C350001A7842BBD8F80060A64219D0224B1B685D
:10C3600066400BB1314698474FF0FF331F484FF0FE
:10C37000FF3201F04DFD1E4B1D6835B1043D3146C5
:10C380002B68204698476D68F7E7184801F0B2FD22
:10C39000C8F8004054B1BDE8F04116484FF4A4720B
:10C3A000002302F0D1B800221A70F1E7EFF31186F2
:10C3B000402383F31288BFF36F8F0F4B1D78012D3D
:10C3C00004D128461C70FFF735FF3D7086F31188B5
:10C3D000BFF36F8FBDE8F08177320020182C00206A
:10C3E00004050020EC2B00201C2C0020F02B00204A
:10C3F000042C0020301D002078320020074BBFF3B2
:10C400005B8F1B68BFF35B8F00B10360044811B101
:10C4100002685A400A600360704700BF182C002071
:10C42000E82B00202E4B70B518602E480AF066FBF2
:10C430002D492E4809F047FE0446F8B92A492C48F0
:10C4400009F041FE0446C8B928484FF40011FFF72F
:10C45000CDFE044690B926484FF40011FFF7C6FE02
:10C46000044658B9234D244A244BAE6853604FF418
:10C47000C0539360F3691BB96FF05704204670BD39
:10C480001D4901222846984704460028F6D1F36941
:10C49000002BF1D01849012228469847044600286D
:10C4A000ECD1174917480AF0A7FC174B1548012291
:10C4B0001A700023002202F013F821462046FFF7ED
:10C4C0009DFFFFF7CFFEBFF35B8F104B53E8002FAC
:10C4D00043E800010029F9D1BFF35B8FCEE700BF2D
:10C4E0001C2C0020F02B002010000100348E0200D4
:10C4F0003C8E0200008202000C2C0020BDC2010014
:10C5000019C30100301D002078320020182C0020B3
:10C5100002460B46014801F07BBC00BF7C050020B1
:10C52000014801F0E7BC00BF7C0500201FB50024D6
:10C5300001940A220294CDF80B400091014601A813
:10C540000BF074FD009A084801A905F08FF907481F
:10C5500005F08CF984F31188BFF36F8F032318461D
:10C5600002DF04B010BD00BF1B9C0200E49A020071
:10C5700070B5064688B024480D4624490AF0EFFB02
:10C5800003A8F2F766F922480AF011FA002834D01D
:10C59000204B019301A8E5F739FC88BB4FF0FF3031
:10C5A0004FF0FF31FFF7B4FF044638B91A491B4872
:10C5B000E4F788FF044620B1FFF7B2FF204608B039
:10C5C00070BD41F64C5302A80293E7F737F920B14A
:10C5D000FFF7A6FF6FF08504F0E7012368468DF8AA
:10C5E0000030F3F7B7FD0028F2D1FFF799FF336968
:10C5F0000B481D60F8F7C0FFE0E76FF01204DDE7BD
:10C600006FF01504DAE700BF242C002095610200CA
:10C610001C82020039C70100601D002051C70100C3
:10C620000DC7010030B5344885B0E4F72FFE04464D
:10C6300000285BD1E4F788FFE4F792FFF2F70BF9EB
:10C64000F2F70BF9F2F70DF9F2F709F9F2F709F938
:10C65000F2F709F901AA012120468DF80440E4F718
:10C660005DFE002841DB012501AA022120468DF84C
:10C670000450E4F753FE002837DB082301AA072102
:10C680002046ADF80430E4F749FE00282DDB4FF0DA
:10C690004513019301AA40F2032303212046ADF87C
:10C6A0000830E4F73BFE00281FDB01AA04212046E6
:10C6B0008DF80450E4F732FE002816DB1F2301AA90
:10C6C00006212046ADF80430E4F728FE00280CDBF4
:10C6D00040F27E7398420CD984F31188BFF36F8FB8
:10C6E0000423184602DF6FF00B000446204605B015
:10C6F00030BD2046F9E700BF2DC5010001490248C1
:10C700000AF049BB242C0020E0240020094B93F8B8
:10C710004A30042B02D1810709D47047022B02D181
:10C72000020704D47047082B03D1830601D5FFF715
:10C73000E5BF70477932002010B403460A4603482B
:10C7400081680C681946234610BC18471C820200F9
:10C7500070B53B4C94F84A3023B394F84A30042B1C
:10C7600042D120783E2831D1A378022B2CD00D2B3A
:10C770002CD1E378012B29D1A588C5F30015637866
:10C7800002334A2B53D8002200232946F8F702FF30
:10C790000646E8B9BDB1002384F84A30BDE87040D0
:10C7A000FFF7ACBF4FF0FF304FF0FF31FFF7B0FEA7
:10C7B00048B904F14A01204600F046FB0546FFF760
:10C7C000AFFE002DC9D070BD0125D8E70025D6E702
:10C7D00062781B4902320C3006F0B2F8194B1B6824
:10C7E000314619489847D6E7022B14D1002200237E
:10C7F0000820F8F7A9FE05460028E4D06288043234
:10C800004A2A14D80E4905F10C0006F099F80D4B90
:10C8100029461B68E5E7082BBDD100220023202014
:10C82000F8F792FE628805460028E8D1CBE700239E
:10C8300083F31188BFF36F8F0423184602DFAAE742
:10C8400079320020202C0020388202002DE9F341AB
:10C85000A34C26780746002E40F0F38204238DF87F
:10C860000730A04B0588D3F80080B8F1000F19D12C
:10C87000B5F5105F4FEA95230FD2002B5BD0013B3B
:10C88000072B00F2A382DFE813F02A00A102420086
:10C890008500A102A102A102C3003F2B00F00A8281
:10C8A000012045E20DF106030DF10702611CC047AE
:10C8B0000128DDD09DF8063013B9012840F0B78279
:10C8C0000F2363700423A3700123E0702371A4F885
:10C8D000055001232370002002B0BDE8F0813846E6
:10C8E00040F2064230F9033B93420AD040F21D4227
:10C8F000934209D0012040F206439D4240F00C8152
:10C9000070E2E6F761FDF6E7E6F712FEF3E7384678
:10C9100040F6634230F9033B93422FD00DDC40F6E2
:10C92000034293421ED040F62D4293421DD040F662
:10C930000142934212D0012012E040F67B42934222
:10C940001FD040F67C429342F5D19DF807306649EE
:10C9500002338DF80730F3F787FB01E0E4F73EFE82
:10C9600001263FE2F1F76CFFFAE79DF807305E49D8
:10C9700003338DF80730F2F742FFF1E7E4F740FEAA
:10C98000EEE79DF80730584904338DF80730F3F788
:10C9900048FBE5E73B88A3F58053013B082B00F2F9
:10C9A0001582DFE813F0090012001C0013021302C5
:10C9B0001302130213022C009DF807304A48083373
:10C9C0008DF80730F2F709FFCAE79DF807304648AF
:10C9D00040338DF8073009F0DFFB0020C0E79DF8F9
:10C9E000073008338DF807303F4B00221A605A6039
:10C9F000E37A23F0600343F06003E372EDE79DF810
:10CA00000730394806338DF80730F2F72DFFA7E7D6
:10CA1000384642F24E0130F8033B1AB28A4257DCE4
:10CA2000B2F5005F59DDA3F50053013B4D2B54D8FF
:10CA3000DFE813F05C007800810053008A008D006D
:10CA4000530090009300960053005300530053008E
:10CA500053005300530053005300990053009C00AF
:10CA60009F00A8005300B100BA00C3005300530058
:10CA7000530053005300CE005300D700530053001F
:10CA8000DA00DD00E000E30053005300EC00EF00AB
:10CA9000F200FB0004010701530053000A011601D4
:10CAA0001F012201250128015300310153005300C9
:10CAB00053005300530053005300530053005300DE
:10CAC00053005300530053003401530053003D0101
:10CAD00042F27F039A4200F0BA80012008E000BFD2
:10CAE000C4320020342C0020CB320020E4F792FD29
:10CAF00042F264039D4200F0758142F264039D425C
:10CB000000F28A8142F219039D4200F2778142F2DB
:10CB10000C039D4200F26B8140F21D439D427FF465
:10CB20001FAF5FE19DF80730B94803338DF8073038
:10CB3000E6F740FCDCE79DF80730B54808338DF890
:10CB40000730F2F7FAFFD3E7F2F7ABFED0E7E6F7EC
:10CB500005FECDE7F3F7E2F9CAE7F3F7D6F8C7E742
:10CB6000F3F71EFAC4E7F2F782FFC1E7F2F7D5FF49
:10CB7000BEE79DF80730A64910338DF80730F2F76D
:10CB80006AFEB5E79DF80730A14808338DF80730F5
:10CB9000F2F72FFEACE79DF807309D4902338DF880
:10CBA0000730F3F71EFAA3E79DF8073098490233E0
:10CBB0008DF80730F3F726FA9AE79DF80730083327
:10CBC0008DF807308F23E371C023E37200208FE7D5
:10CBD0009DF807308E4902338DF80730F2F771FE69
:10CBE00086E7E6F761FC83E7F2F78FFD80E7F2F76F
:10CBF000AFFD7DE7F2F7DFFD7AE79DF80730844867
:10CC000001338DF80730F2F7E4FD71E7F2F7C3FD69
:10CC10006EE7F2F7B7FD6BE79DF807307C48083305
:10CC20008DF80730F2F781FE62E79DF8073078490A
:10CC300004338DF80730F2F7A0FE59E7E6F74CFC15
:10CC400056E7F2F7D9FE53E7F3F749F950E79DF8B5
:10CC500007306F4901338DF80730F2F776FF47E769
:10CC60009DF807306A4901338DF80730F2F79FFFCE
:10CC70003EE7F3F778F93BE7F3F7CFF838E7F3F758
:10CC8000F3F835E79DF80730614802338DF8073037
:10CC9000F3F7E0F82CE7F2F7B6FF29E79DF8073045
:10CCA0005B4802338DF80730F2F7C4FD20E7F2F756
:10CCB0004DFE1DE738464FF60C5230F8033B9342C9
:10CCC00022D84FF60252934212D803F2FF3292B2A8
:10CCD0000A2A3FF6E5ADA3F57C43013B0A2B75D844
:10CCE000DFE803F01E2C747474537474414A5600C8
:10CCF000A3F57D43033B092B68D8DFE803F05267B7
:10CD0000556767675867675B4FF61452934254D074
:10CD10004FF6165293427FF4C3ADE6F797FD07E056
:10CD20009DF807303A480C338DF80730F1F79DFD38
:10CD300025F008034FF602529342F0E69DF80730C3
:10CD400040338DF80730324B00201880E37923F010
:10CD5000230343F02303E371237A23F0070343F013
:10CD600007032372E4E79DF80730294817338DF84D
:10CD70000730F1F794FDDBE79DF8073024482033B6
:10CD80008DF80730F1F7AFFDD2E7F1F786FDCFE779
:10CD90009DF807301E4801338DF80730F1F7C0FDCC
:10CDA000C6E7F3F7D7F9C3E7E6F748FDC0E7F1F7C1
:10CDB000CDFDBDE7F3F7B7F9BAE79DF807301449A1
:10CDC00004338DF80730F1F7C5FDB1E7012094E693
:10CDD000A5F50153283B0F4A9BB222FA03F3DB0768
:10CDE0007FF5BEAD86F001068DF8066062E5A5F51B
:10CDF00000530D3B9BB241F24122EEE742F2320377
:10CE00009D42EFD0A5F50153033B012BEAD9A7E5DD
:10CE1000CB3200202F80402042F285039D4287D8EC
:10CE200042F267039D42D3D842F2660376E69DF84C
:10CE30000730A3700E2201236270E370A580A071F9
:10CE400047E54FF0FF3047E538B5094C23780D46EC
:10CE50001BB9BDE83840F1F7EFBEA278611C023281
:10CE60000BF0B7F80020042320702B7038BD00BFF2
:10CE7000C432002070B505460E46084C204609F025
:10CE800096FD38B1A368B2B2294620461B68BDE8BA
:10CE9000704018476FF0120070BD00BF1C82020086
:10CEA00002484FF4007102F0D3BA00BF0C330020E7
:10CEB0001FB5002401940A220294CDF80B40009182
:10CEC000014601A80BF0B2F8009A084801A904F045
:10CED000CDFC074804F0CAFC84F31188BFF36F8FC0
:10CEE0000323184602DF04B010BD00BF4C9C0200B3
:10CEF000E49A020037B53223ADF80430154A002316
:10CF00000125192168468DF80630ADF800508DF8DE
:10CF10000230F1F77DF80446C8B908F0BAFF80B2D4
:10CF2000EEF73AFF0C482946F5F748FE044670B97B
:10CF300001462A460820F7F795FD2A4621460B2090
:10CF4000F7F790FD2A4621462846F7F78BFD204645
:10CF500003B030BDB1CE0100382C00200149024899
:10CF600009F019BF982C0020E024002013B50024FC
:10CF70000C490D4800946FF009034FF4806201F0F2
:10CF800045FA0A49084801F04FFB0949094809F0E8
:10CF9000E6FE224604211920F7F764FD204602B080
:10CFA00010BD00BF004A0020E0240020619C020068
:10CFB0003F620200982C0020684620F007018D4651
:10CFC00001B5044801F01CFAF7F7E2FDBDE80140A5
:10CFD000854670473C04002070B5374C86B0064645
:10CFE00004226946204604F0D7FD042805464ED1A8
:10CFF0009DF8002002A9204604F0CEFD9DF80030E7
:10D00000834244D19DF80130DA0719D42A4601A998
:10D01000204604F0C1FD042839D10025274B019991
:10D020001B6802A898479DF80130DB0736D4628957
:10D03000E3889A4202D0304601F0E2F906B070BDB2
:10D040002146E38831F80A2FBDF802509B1A9BB2A3
:10D05000AB4228BF2B4601AA204604F05DFD854265
:10D06000DBD9002204F10A01204604F07CFD70B9EE
:10D07000284602F083F80146019040B12A46204636
:10D0800004F08AFD854207D901980AF0B1F800231F
:10D09000C4E90133E360D1E70125BFE71DB1019881
:10D0A0000AF0A6F8C3E70649BDF80220A1F10A007C
:10D0B00004F059FDBBE700BF4C040020A82C002061
:10D0C0005604002010B9024B1B681847704700BF78
:10D0D000AC2C0020014B01201B681847AC2C002011
:10D0E00028B1012807D104490020EEF77DBD034B8C
:10D0F00001201B6818477047C5D00100AC2C0020E8
:10D10000014B186000207047AC2C002010B51F4860
:10D11000BFF35B8F0368BFF35B8F23B9062904D885
:10D12000042926D839B1002010BD0729FBD1383891
:10D1300000F062FFF7E750F8203CA0F13804D3E993
:10D1400000209047012808D0114B984203D00223B9
:10D15000606384F82C300F48E6E742F21073A36254
:10D16000032384F82C3004F11C0384F8210023638A
:10D17000F1E700F8173C084B40F8103CA0F11C0107
:10D180003838007CF5F75BFDCDE700BFE82C0020C8
:10D190001F646602DC2C0020FF3F420F0248012280
:10D1A000002109F054BD00BFB02C0020014B586194
:10D1B000704700BFB02C002038B54FF0FF31054656
:10D1C0004FF0FF30FFF7A4F92E492F48F0F734FE57
:10D1D0000446FFF7A5F9002C50DB2C4C40F201135C
:10D1E00023846369A5616433636242F21073A362AE
:10D1F00000226FF073032277636304F13805BFF3F5
:10D200005B8F55E8003F45E800210029F9D1BFF3C5
:10D210005B8F4FF0FF314FF0FF30FFF779F904F1EA
:10D220001C01207CF5F70BFDFFF77AF9184A002363
:10D23000204600F015FF00280ADABFF35B8F0123B8
:10D2400055E8002F45E800310029F9D1BFF35B8F85
:10D250004FF0FF314FF0FF30FFF75AF9207CF5F720
:10D26000D0FCFFF75DF9BFF35B8FA36BBFF35B8F60
:10D2700013B1064800F01AFF606B38BD6FF00B0069
:10D28000FBE700BFC02C00200DD10100B02C002016
:10D29000447B0B00074B01221A64D3F84035B3FBE3
:10D2A000F0F01844044B5B69984234BF0020012021
:10D2B000704700BF00800040B02C0020024AD2F826
:10D2C0000034002BFBD0704700E0014010B54FF058
:10D2D0008053D3F830210D2A55D14FF080410022E0
:10D2E000C1F80C21C1F81021C1F83825464AD3F8FD
:10D2F0000404C2F82005D3F80804C2F82405D3F8C2
:10D300000C04C2F82805D3F81004C2F82C05D3F891
:10D310001404C2F83005D3F81804C2F83405D3F861
:10D320001C04C2F84005D3F82004C2F84405D3F821
:10D330002404C2F84805D3F82804C2F84C05D3F8F1
:10D340002C04C2F85005D3F83004C2F85405D3F8C1
:10D350003404C2F86005D3F83804C2F86405D3F881
:10D360003C04C2F86805D3F84004C2F86C05D3F851
:10D370004434C2F87035D1F80034DB0709D56FF0BA
:10D380000103C1F800344FF08053D3F830310D2B36
:10D390000CD14FF08053D3F834313BB14FF0102310
:10D3A000D3F808224FF08043C3F858254FF01023DC
:10D3B000D3F80022002A03DBD3F80432002B22DA50
:10D3C000124901234FF01020C1F804351224FFF751
:10D3D00075FFC0F80042FFF771FFC0F80442FFF785
:10D3E0006DFF0023C1F80435FFF768FFBFF34F8FCF
:10D3F0000749084BCA6802F4E0621343CB60BFF3ED
:10D400004F8F00BFFDE710BD00C0004000E00140AD
:10D4100000ED00E00400FA052DE9F04700F160405E
:10D420004C1E0444DFF834801F461646050B240BBF
:10D43000FF234FF0010AA54201D9BDE8F08718F893
:10D440000510994201F00F00894604D009093246BF
:10D450000AFA01F1B84701354B46ECE7FC9D0200A2
:10D46000014BFFF7D9BF00BF69630200036803F0F7
:10D470001F025B09026004D0012B034818BF002083
:10D4800070474FF0A040704700030050034A430923
:10D4900000F01F00D35C1844C0B270471C9E02000D
:10D4A000024611F0010030B515D18B07C1F34000E1
:10D4B00022D51249D1F8200550604FF08052C1F8B2
:10D4C0002005D2F830210D2A08BFD1F820250038D8
:10D4D00018BF012010E04FF0A0444FF08055D4F861
:10D4E00020351360C4F82035D5F830510D2D08BF14
:10D4F000D4F82045002BD8D030BD00BF0003005029
:10D50000F7B504460846FFF7C1FF04EB40060D4699
:10D51000B38ADB072AD5204609F019F829462046A8
:10D5200008F085FF50B1204608F097FF276807EB09
:10D5300080000023C0F81035C0F810352946204679
:10D5400008F0B4FF0021B18201A80195FFF78EFF1A
:10D55000019B00EB8300074BD0F80027134043F0FA
:10D560000203C0F80037084603B0F0BD6FF01500A5
:10D57000FAE700BFF0F8FCFF014808F0D8BE00BF92
:10D580006004002010B504480C4608F0B2FE0028E4
:10D59000A4BF2070002010BD600400202DE9F04FD2
:10D5A000074689B057F8049BD9F80413C9B28346DB
:10D5B000082241F00041484608F0A1FF051E2FDA7D
:10D5C0000023032106A8CDE90633FFF769FF634B6B
:10D5D00001930DF118084FF0000A019A604912F802
:10D5E000013B0192DA0803F007038A5C22FA03F395
:10D5F000DB071CD40AF10103022B08F104084FF0E9
:10D60000010AEAD14FF000410022484608F077FFB6
:10D61000032106A8FFF744FF0028D8D125F00045D4
:10D620000124002D40F0848009B0BDE8F08F4D4BFF
:10D6300053440293D8F80060002EDBD0029B96FA88
:10D64000A6F61C78B6FA86F646EA44142046FFF79A
:10D650001DFF0BEB4000F208818A18F802000594C8
:10D66000C1F382030393009306F00706012303FA34
:10D6700006F620EA060008F8020005A8FFF7F6FE05
:10D68000059A039B02F5E07211F0100F50F822602A
:10D69000C6F3014633D0009A3846214608F0E7FE2B
:10D6A00005A80594FFF7E2FE059B03F5E073F6B2CB
:10D6B00050F82330C3F301439E4207D10021204696
:10D6C00008F0A6FE3146204608F0A2FE05A8059403
:10D6D000FFF7CCFE059B012202FA03F3C0F82035C8
:10D6E0004FF08053D3F830310D2B01BFD0F82035E7
:10D6F000D0F82035D0F82035D0F820359AE7022E22
:10D7000014BF022103212046039308F081FE039BEE
:10D71000032B03D0022E07D1012BD7D1009A21462B
:10D72000384608F0A4FED1E7032ECFD1022BF4E750
:10D7300095FAA5F3B3FA83F304FA03F225EA020596
:10D7400003F5A2720BEB430359F82220B3F87010D3
:10D75000C2F30142384608F08AFE62E72C9E0200BE
:10D76000548E02002C9E0200034BD3F83C0410F0B0
:10D77000030018BF012070470050004030B587B04B
:10D780008DF8070009F0BAF810B1234B1B7C53BB8E
:10D790009DF80730032B05D1FFF7E6FF0130C0B23B
:10D7A0008DF807009DF80720012AD3B21DD0022B67
:10D7B00019D11A4D6B7B03F0FF02A3B909F09EF853
:10D7C00048B1154C012320462382A27409F0B3F816
:10D7D000204609F0AAF801236B73022302936B68B9
:10D7E0000BB102A8984707B030BD0C4A517B002905
:10D7F000F9D00B498B607823C1F8083300235373A9
:10D800000423029309F07AF818B14FF48053C1F859
:10D8100008355368E4E700BF64040020EC2C0020C6
:10D820000050004030B5974BD3F8044185B02CB17F
:10D830000022C3F80421D3F804210224D3F80821DC
:10D8400032B10022C3F80821D3F8083144F00404AF
:10D850008C4BD3F80C2132B10022C3F80C21D3F841
:10D860000C2144F00804D3F8102132B10022C3F88F
:10D870001021D3F8103144F01004824BD3F8142156
:10D8800032B10022C3F81421D3F8142144F020044B
:10D89000D3F8182132B10022C3F81821D3F8183177
:10D8A00044F04004774BD3F81C2132B10022C3F876
:10D8B0001C21D3F81C2144F08004D3F84C2132B150
:10D8C0000022C3F84C21D3F84C3144F4002414F066
:10D8D00040051EBF6B4BD3F81025D3F8243514F048
:10D8E000020306D0674BD3F80433C3F340035B0055
:10D8F000DBB2610740F1C080624AD2F804235207CC
:10D9000040F1BA80002B14BF03200120FFF736FF3F
:10D91000A0060FD55B4BD3F8043399060AD5002334
:10D92000CDE90133039320230093574B5B680BB180
:10D93000684698473DB3534BD3F80423520622D58B
:10D9400040220021CDE90021D3F810250392D3F81D
:10D950002425C2F30B02103AC2F3CC020292D3F890
:10D9600028215AB1C3F82811D3F82821D3F80C2460
:10D9700002F00D0201920D22C3F80C24424B5B68A9
:10D980000BB16846984725032BD53E4BD3F80423AB
:10D99000100326D50022C3F81821D3F81811C3F8B4
:10D9A0002821D3F828113848C3F80C21D3F80C11DA
:10D9B000C3F81021D3F810110169C1F31301C3F8A2
:10D9C00008150D21C3F80C140121C3F804144FF4F9
:10D9D0000023009343680392CDE901220BB168460E
:10D9E000984721061BD5274BD3F80423120616D5DA
:10D9F000D3F804140022CDE901220392CD074FF0A1
:10DA00008002009207D50122C3F804241E4B5B68F4
:10DA10000BB1684698471B4B0122C3F8042420072A
:10DA200013D5184BD3F8042311070ED5164A5268A4
:10DA30005AB108210091D3F810150291D3F81C3582
:10DA4000C3F3C803019368469047E20612D50D4A16
:10DA5000D2F80433DB060DD50023CDE9013303935F
:10DA6000102300931823C2F80833074B5B680BB1EF
:10DA70006846984705B030BD002B3FF449AF0220FF
:10DA800044E700BF00500040EC2C0020014808F0A3
:10DA900056BF00BF64040020044AD2F80034DB07FC
:10DAA000FBD50160BFF35F8F704700BF00E001400E
:10DAB0004FF080531A69B0FBF2F302FB13036BB90A
:10DAC000084B0222C3F80425C3F80805D3F8002444
:10DAD000D207FBD50020C3F8040570476FF00C0097
:10DAE000704700BF00E0014010B5054C0123C4F8A9
:10DAF0000435FFF7D1FF0023C4F8043510BD00BF83
:10DB000000E0014038B5EFF31185402383F312881C
:10DB1000BFF36F8F064B9C6808F05CFF85F311889C
:10DB2000BFF36F8F2046BDE83840F7F741B800BF1C
:10DB3000042D002038B50A4B53F82040013053F82B
:10DB40002050A54200D838BD606830B1037EDB07A5
:10DB500001D408F014FF0834F3E723689847FAE784
:10DB6000588E020070B52A4B2A4C2B4D86B00122EC
:10DB700003201A70FFF7DEFF09F041FB0420FFF7D6
:10DB8000D9FF2646AE4204F130040FD300F08CFFDB
:10DB9000204CAC4226D300F09BFFF5F77DFD1F4AD9
:10DBA000938923F00103938106B070BD54F80C3CB7
:10DBB000059354F8103C049354F8143C039354F820
:10DBC000183C029354F81C3C019354F8203C0093F9
:10DBD00054E90A2354E90C0100F036FD54F8303CB6
:10DBE0005E65CEE7D4E90A23B3F1FF3F08BFB2F187
:10DBF000FF3F05D052EA0301206803D109F007FA7C
:10DC00003034C6E70649183001F098F9F8E700BF4C
:10DC10000C350020F0830200F08302006026002013
:10DC2000696F020070B5174E174D184986B0B023C2
:10DC300003FB0066164B059301220F23CDE9033247
:10DC40000023CDE90133142303FB005504464FF4B0
:10DC5000C07000FB04110F4B00954FF4A0723046CA
:10DC600000F0F2FC337C0C4AEE6023F004033374C2
:10DC70004FF4046304FB033313442C746B6006B04D
:10DC800070BD00BFB0250020042D0020805600206C
:10DC90006B9C0200D76A0200404E00207FB5002036
:10DCA000FFF748FF284B83F30888284C636943F447
:10DCB00000736361E02384F8223000252023E3779A
:10DCC00025766576A57684F82050636A43F4E023D0
:10DCD000636284F82350F6F7F9FDF6F753FF4FF02F
:10DCE000FF33A362E362F7F773F8F6F7CDFF184846
:10DCF000184C00F04BFD0120FFF71CFF0220FFF73E
:10DD000019FF00F00FFF144B14495C61144B05938D
:10DD100001234FF40062CDE90353CDE90155114BC6
:10DD20000095204600F090FC237C064623F0040377
:10DD30002046237409F0F5F82846FFF773FF094AD7
:10DD400031462046F6F7FEFE8056002000ED00E04A
:10DD5000E027002060260020042D0020005800202D
:10DD6000709C020065DB010038B5064C064DAC42E4
:10DD700001D3002038BDD4E90112204608F02DFE61
:10DD80001434F4E7680500207C05002038B5074C02
:10DD9000074DAC4201D3002038BD204608F041FEBB
:10DDA00008B91C34F5E76FF01500F5E714050020FD
:10DDB0006805002073B50C46EFF31181402585F30B
:10DDC0001288BFF36F8FC5685DB125602B68C36093
:10DDD000836901338361002081F31188BFF36F8F62
:10DDE00011E052EA030603D125606FF00B00F3E760
:10DDF000CDE900230246083000F0B4FD18B9034B0A
:10DE00009B685B69236002B070BD00BF042D0020D9
:10DE10002DE9F341044617461E46EFF311884023CF
:10DE200083F31288BFF36F8F304BC2689B6872B167
:10DE30008068984217D057EA060216D188F31188F5
:10DE4000BFF36F8F6FF00F0002B0BDE8F08193F960
:10DE50000E1021610132C4E9023288F31188BFF348
:10DE60006F8F0020F0E72169F3E793F90E1090F926
:10DE70000E30994230DA9942A8BF194608F036FEB2
:10DE80000546CDE900761A482246414600F06AFD73
:10DE90000028E6D0EFF31186402383F31288BFF306
:10DEA0006F8FA068D0B1236821699C420AD04BB122
:10DEB00093F90E309942A8BF19466FF07F0399423B
:10DEC000B8BF194608F012FE40B10948314609F0C2
:10DED0005BF86FF00A00B7E70025D2E7002DF4D118
:10DEE00086F31188BFF36F8FF3E700BF042D002086
:10DEF0000D350020F8B583680546002B40D0234A35
:10DF0000926893423FD1C368012B03D9013BC360A0
:10DF10000020F8BDEFF31187402383F31288BFF38D
:10DF20006F8F0169806808F0E1FD2C68A54207D178
:10DF30000023C5E9023387F31188BFF36F8FE7E74A
:10DF4000002CF5D0D4E9003213605A60237C0026FF
:10DF500023F002032374C4E90066A66004F11800EC
:10DF600009F0AFF8AC6094F90E302B612046C4F88C
:10DF7000AC6008F0D6FF0648394609F005F8C7E757
:10DF80006FF01500C5E74FF0FF30C2E7042D002009
:10DF90000D35002037B51146EFF31185402282F38D
:10DFA0001288BFF36F8F04689CB12368426823F026
:10DFB00003039442036008BF43600121204608F038
:10DFC00019FE044685F31188BFF36F8F204603B016
:10DFD00030BD51EA0302F5D000F10802CDE900138B
:10DFE0001046294600F0BEFC0028EFD1014B9B688B
:10DFF0005C69EBE7042D002070B5EFF31186402338
:10E0000083F31288BFF36F8F0468A0421BD0D4B192
:10E01000D4E9003213605A60237C002523F0020308
:10E020002374C4E90055A56004F1180009F049F80B
:10E030002046C4F8AC5008F074FF31460748BDE8EC
:10E04000704008F0A1BFD0E902329A4218BF0133F4
:10E05000836086F31188BFF36F8F70BD0D3500208C
:10E0600013B5EFF31181402484F31288BFF36F8F4F
:10E07000846844B1013C846081F31188BFF36F8FE1
:10E08000002002B010BD52EA030406D181F31188CA
:10E09000BFF36F8F6FF00F00F3E7CDE90023024667
:10E0A000014800F05FFCECE70D35002070B5054637
:10E0B000EFF31186402383F31288BFF36F8F0023A1
:10E0C0002C68A54219D0C4B1D4E9003213605A605B
:10E0D000227C002322F00202C4E900332274A360F0
:10E0E00004F1180008F0EDFF6FF00A03C4F8AC303B
:10E0F000204608F016FF0123E2E70022AA6023B9B8
:10E1000086F31188BFF36F8F70BD31460248BDE8BA
:10E11000704008F039BF00BF0D35002007B5074B30
:10E120000093074907484FF0FF334FF4006200F0B7
:10E130006DF9002003B05DF804FB00BF708E020093
:10E1400040600020102700202DE9FF41544E044676
:10E150004027EFF3118887F31288BFF36F8FD4F84D
:10E16000B450F5B9022104F1CC0008F07CFD002880
:10E1700070D004F1C40500220121284608F067FF91
:10E180000028F8D1002302934FF0FF324FF0FF3305
:10E19000CDE90023414604F1BC02424800F0F0FD05
:10E1A000D7E7D4F8B8202B68C4F8B430954208BF3C
:10E1B000C4F8B830D4F8CC3043F00203C4F8CC3003
:10E1C000EB6823F0040343F00103EB606B6888F312
:10E1D0001188BFF36F8F28469847EFF3118887F3B4
:10E1E0001288BFF36F8FEB68D80623F001023ED48C
:10E1F000EA60EB689A0717D5306823F00203EB60FA
:10E2000090B10368002178B1426895423DD103681E
:10E21000002934D172683360904200D173600023CA
:10E2200040F8083BFFF7E8FED4F8CC3023F00203B7
:10E23000C4F8CC30DB0530D4D4F8B430003B18BF80
:10E24000012388F31188BFF36F8F002B81D000F07A
:10E2500071FC7EE7D4F8CC30D90693D5C4F8CC0055
:10E2600088F31188BFF36F8F04B0BDE8F08123F00D
:10E270001103EB6005F11000FFF7BEFEB9E70B607C
:10E280007368984208BF7160C9E701461BB11A68FC
:10E2900018461346B7E71A46FAE70023D1E700BF4E
:10E2A000282D00200D35002070B5C368C3F340064B
:10E2B0009B0705460C460DD50122002104F10800FC
:10E2C00008F0C5FC00232360054B65605A681AB945
:10E2D000C3E90044304670BD14605C60FAE700BFDB
:10E2E000282D0020F8B5C3689A0704460E46C3F3EC
:10E2F000400542D45F0742D40B680BB983680B60BA
:10E30000E368D80744BFA368336037684CBF022571
:10E31000012557B31B4B9A68D7F8B0309A421ED1EB
:10E3200008F0C1FD80F00100C0B2D7F8CC30D907A9
:10E33000C3F380021CD5F2B1F8B100232360D7F8F3
:10E34000B83073B9C7E92D44384608F0A7FCE36834
:10E3500043F00403E3603368A3602846F8BD00205F
:10E36000E3E71C60C7F8B840EEE76FF0150506E07C
:10E370006FF0120503E01B07DFD56FF00F050023D8
:10E380003360EAE7042D0020F8B5C36803F0050305
:10E39000002B06460C4614BF012700271CD08568B9
:10E3A0000122002104F1100008F051FC134920461D
:10E3B00008F0D5FCE36843F01003E360F3685B0703
:10E3C00012D5336823606BB9D5F8B83033B9C5E9D5
:10E3D0002D44284608F062FC3846F8BD1C60C5F89C
:10E3E000B840F6E73460F4E7D5F8B4302360D5F8E8
:10E3F000B830C5F8B440002BEBD1F0E77D6C0200DB
:10E400000146014808F0C7BC10270020F0B589B0CC
:10E4100004460020C4E92D000E9D04F1BC00C4E9AF
:10E420002F0004F1C400C4E9310055B32879002855
:10E4300040F2011008BF0120C4F8CC0000204FF0CA
:10E44000FF364FF0FF37CDE90330CDE90100CDE9CC
:10E4500006670D4B0094204600F06CF955B1296811
:10E4600011B1204600F0E0F86B791BB1A38943F0AD
:10E470000103A381204608F0CAFDC4F8B04009B0EA
:10E48000F0BD0120D8E700BF49E1010037B5019098
:10E490000846EFF31184402181F31288BFF36F8F98
:10E4A000C16811F01E0F16D153EA020508D101A967
:10E4B000FFF718FF84F31188BFF36F8F03B030BDEF
:10E4C00041F00801C160019981620449103000F0F7
:10E4D00035FD0120EEE70020ECE700BF116D0200E2
:10E4E00001460148FFF7D2BF10270020F7B50C46C0
:10E4F000019016461D46EFF31187402383F31288DF
:10E50000BFF36F8F084608F0BAFB55EA060309D13E
:10E5100001A92046FFF7E6FE87F31188BFF36F8F4E
:10E5200003B0F0BDE368074943F00803E360019BD3
:10E53000A36232462B4604F1100000F0FFFC0120DC
:10E54000EAE700BF116D020001460148FFF7CEBFA8
:10E55000102700202DE9F0410546EFF311874023F5
:10E5600083F31288BFF36F8F0468A0421CD0DCB124
:10E57000204608F08BFC04F1180008F0A2FD0026EC
:10E58000B046C4F8AC80204608F0CBFC2C68A5420D
:10E5900006F1010610D07CB1204608F077FC04F1AA
:10E5A000180008F08EFDECE787F31188BFF36F8F3A
:10E5B00000263046BDE8F0810248394608F0E4FC08
:10E5C000F7E700BF0D3500202DE9F3411C4652EA64
:10E5D000040307460D46164608D10846FFF78AFC95
:10E5E0006FF00A04204602B0BDE8F081EFF3118815
:10E5F000402383F31288BFF36F8F0846FFF77AFC3E
:10E60000CDE9006407483A46414600F0ABF90446BC
:10E610000028E7D14FF0FF324FF0FF332846FFF7D5
:10E62000F7FBDFE70D35002010B5044608B9054BB0
:10E630009C681F2204F1740009F0F8FC002084F8A3
:10E64000930010BD042D00202DE9F04F073285B056
:10E6500022F0070204461E467F3200F15803C0E94B
:10E66000163322F03F02129BA38100200D46119B1E
:10E67000DDF838A0139FA06004213F2AC4E90600FA
:10E680002174A373E07305F14009A2F1400B05D892
:10E6900080F31188BFF36F8F084602DF05EB020895
:10E6A00041462046F5F7FEFE0730109B20F007009C
:10E6B000C4E9259BC4F89C0002930F9BA8EB000BB8
:10E6C000CDE900A35A46334629462046F6F706FA16
:10E6D0000F9BA3664FF00008109BC4F85480C4E958
:10E6E000186AE366EFF31182402181F31288BFF3C9
:10E6F0006F8F0F4D296A21672C6282F31188BFF357
:10E700006F8F8FB11F22394604F1740009F08EFC1F
:10E7100084F89380AB680BB1D3F8A030C4F8A03074
:10E72000584605B0BDE8F08F84F87470F2E700BF7A
:10E73000042D0020F0B587B000250595109D0495A7
:10E740000F9D03950E9D0295DDE912760D9D0195B5
:10E750000C9D00950446FFF777FFB6F1FF3F08BF19
:10E76000B7F1FF3F05D056EA070305D1204608F070
:10E770004EFC204607B0F0BD3A46334604F118007F
:10E78000014900F0DBFBF4E7696F0200012310B5DB
:10E79000037483810023C0E92533044600F0F8FCAC
:10E7A000014B9C6010BD00BF042D00200A4A9368F5
:10E7B0006FF00A01C3F8AC100849C3F8A8004B6811
:10E7C00043F080534B60002383F31188BFF36F8FB6
:10E7D0009368D3F8AC007047042D002000ED00E0F2
:10E7E00070B590F91020037C002A2FDBD9062DD1BB
:10E7F0001A4C63F07F032246037452F8183FE16914
:10E80000934207D1C0E900210860E0610FE099421E
:10E81000F8D01B68002BF5D093F90E6090F90E50DC
:10E82000AE42F4DD5968C0E9003108605860A5695E
:10E83000954200D005B9E568A3681A7CD20606D1D6
:10E84000DA897F2A03D9AA690AB9636170BDAB422C
:10E8500002D0284600F0D6FA6561F7E7042D0020C3
:10E8600038B590F91020037C002A014604DA03F041
:10E870007F03037408F01DFB0D4D2A46AB6852F868
:10E88000184F944200D004B9EC688B4207D01A7C30
:10E89000D20604D1DA897F2A01D9A2692AB1A3421A
:10E8A00002D0204600F0AEFA23466B6138BD00BFAF
:10E8B000042D0020B3F1FF3F08BFB2F1FF3F03D0AA
:10E8C0000249183000F03ABB704700BF696F020080
:10E8D000034648B9EFF3058232B9064A5169926896
:10E8E000914201D0FFF762BF83F31188BFF36F8FAE
:10E8F000704700BF042D002038B5184CA168E069AE
:10E900000B68814214BF1A46002249680B605960A7
:10E91000A368E1692AB9124AC3E900210B60E361E7
:10E920000AE092F90E5093F90E00854212DD51680B
:10E93000C3E900210B605360A569094B9D4200D0DB
:10E9400005B9E568A3689D4202D0284600F05AFA4E
:10E95000656138BD8A42DED01268DBE7042D0020F5
:10E960001C2D0020F8B50E4B0C4611460D4A986838
:10E970001060DDE90667EFF31182402282F312880E
:10E98000BFF36F8F9D68284608F0A5FA28463246E7
:10E990003B46FFF78FFF2046BDE8F840FFF706BF74
:10E9A000042D0020302D0020F8B50446EFF3118728
:10E9B000402383F31288BFF36F8F037C03F01F02A1
:10E9C000002A0CBF0126002649B235D103F07F038F
:10E9D000037408F06EFA294D037C817363F07F03A2
:10E9E0002A46037452F8183FE869934207D1C4E9F4
:10E9F00000200460EC610DE09842F8D01B68002B09
:10EA0000F5D093F90EC08C45F6DD5968C4E90031A4
:10EA10000C605C60AC69944200D004B9EC68AB68EF
:10EA20009C4202D0204600F0EDF96C6187F311881A
:10EA3000BFF36F8F3046F8BD9B071CD5856808F083
:10EA400038FA81732B689D4209D16B68C4E9005381
:10EA50001C606C60EAE76A689A42F6D01B68002B7B
:10EA6000F3D093F90E208A42F5DD5A68C4E90032EA
:10EA700014605C60DAE78173D8E700BF042D0020E2
:10EA8000034648B9EFF3058232B9064A51699268E4
:10EA9000914201D0FFF78ABE83F31188BFF36F8FD5
:10EAA000704700BF042D0020EFF31181402383F352
:10EAB0001288BFF36F8F054B9A68D37B013BD373EA
:10EAC00081F31188BFF36F8F704700BF042D0020C2
:10EAD00070B5EFF31186402383F31288BFF36F8F75
:10EAE0000F4DAB68DA7B0132DA732A4652F8184FC1
:10EAF000944200D004B9EC681A7CD20604D1DA89B9
:10EB00007F2A01D9A2692AB19C4202D0204600F096
:10EB100079F923466B613046BDE87040FFF7D8BEF7
:10EB2000042D0020024B03F11802C3E906227047AE
:10EB3000042D002070B5EFF31186402383F3128873
:10EB4000BFF36F8F1A4CA168E0690B68814214BF54
:10EB50001A46002249680B605960A368E1692AB926
:10EB6000144AC3E900210B60E3610AE092F90E50F8
:10EB700093F90E00854216DD5168C3E900210B6050
:10EB80005360A5690B4B9D4200D005B9E568A368A9
:10EB90009D4202D0284600F035F965613046BDE857
:10EBA0007040FFF703BE8A42DAD01268D7E700BF91
:10EBB000042D00201C2D0020F8B550EA0103064664
:10EBC0000C4603D1FFF7B6FF0020F8BDEFF3118725
:10EBD000402383F31288BFF36F8F124D124BA86846
:10EBE0001860FFF73DFEA8681049234632461830EA
:10EBF00000F0A4F9AA68137C43F0040313740446DC
:10EC00003846FFF7D3FDAB68D3E90A23B3F1004FD1
:10EC100008BF002AD8D108F089FA201A20EAE0704B
:10EC2000D3E700BF042D0020302D0020696F0200C3
:10EC3000014B9868704700BF042D00202DE9F84370
:10EC400004468789EFF31186402383F31288BFF3CC
:10EC50006F8F037C190705D586F31188BFF36F8F7B
:10EC6000BDE8F883D90943F0080272D10274A368A1
:10EC700013B1204608F025F904F1180008F021FA34
:10EC8000A56D04F15808A84511D04FF0000975B1E1
:10EC9000284608F016F905F1180008F012FAC5F830
:10ECA000AC902846FFF79CFDA56DA845EFD1DFF895
:10ECB000C480D8F808309C4253D1EFF30589B9F1EC
:10ECC000000918BF4FF00109D8F818502A4A954298
:10ECD00000D00DB9D8F80C50AB4202D0284600F055
:10ECE00091F82046C8F8145003F083FD204600F048
:10ECF000D9F8B9F1000F02D02048FFF747FDD8F846
:10ED000008309C4230D1EFF305836BBBA289D20758
:10ED100011D586F31188BFF36F8F83F31188BFF38A
:10ED20006F8F0423184602DFEFF31186402383F32D
:10ED30001288BFF36F8F3046FFF738FDFB078FD582
:10ED4000002383F31188BFF36F8F0423184602DF7B
:10ED500086E703F07F0343F00803037408F0A9F883
:10ED600085E74FF00009AFE786F31188BFF36F8F97
:10ED7000E4E700BF042D00201C2D0020E027002028
:10ED8000D3B5DDE90667089CCDE90067FFF7EAFD2A
:10ED90001CB1034B9B685B69236002B0D0BD00BF10
:10EDA000042D0020027C12F01F02034610D10A49F4
:10EDB00088420DD00949086868B1D9897F2909D8E6
:10EDC00093F90E20064B1B689A42B8BF002070478B
:10EDD0000020704710467047B025002078040020BE
:10EDE000342D0020044BC01A044BC0105843044B70
:10EDF00001221A54704700BF90280020ABAAAAAA8B
:10EE00000D35002070B50C4B0C4D1E7CFFF7CAFF72
:10EE1000182303FB06550446284608F052F9084B10
:10EE200000229A553CB1621E28460649BDE8704052
:10EE3000D31700F083B870BD042D00209028002067
:10EE40000D350020E5ED010038B5EFF311854023C5
:10EE500083F31288BFF36F8F0F4B104A9C681068C2
:10EE6000A04206D1FFF7CEFF85F31188BFF36F8F65
:10EE700038BD00211B7C1160094AD35C002BF3D004
:10EE80002046FFF78FFF0028EED0237CDB0601D160
:10EE9000FFF732FD2046E5E7042D0020302D00204D
:10EEA0000D350020EFF31181402383F31288BFF367
:10EEB0006F8F0A4A136A834207D11B6F136281F373
:10EEC0001188BFF36F8F70471346002BF7D01A6F6E
:10EED0008242F9D1026F1A67F1E700BF042D0020CA
:10EEE000024B1868984208BF002070477C0400203D
:10EEF000034B1B680BB9FDF76FB90020704700BFCB
:10EF0000382D002030B570B10B4B5B6898420AD0A9
:10EF1000036843B1D3E90421D0E90445121941EB58
:10EF20000501C3E90421D0E9003213605A600023CF
:10EF3000C0E9003330BD00BF7C040020B3F1FF3FC7
:10EF400008BFB2F1FF3F2DE9F84F04469946154638
:10EF50001F467AD08160EFF31188402383F3128833
:10EF6000BFF36F8FB9F1000FDFF8E4A020DBFFF7EC
:10EF7000BFFFDAE90027013549F100092D1849EBF7
:10EF8000E073C4E90453AD18064643EB07074FF09E
:10EF90000109FFF7A5FFDFF8BCE0DEF804A0034697
:10EFA000EBB9C4E900EACAF80040CEF8044028E012
:10EFB000DAE900126FF001035B1A4FF0FF3161EBE9
:10EFC00002025B1B62EB0902012B72F10001BCBF64
:10EFD00001230022C0E904324FF00009D9E7D3E948
:10EFE000041CD4E904208A4270EB0C0B24DA891A41
:10EFF0005A686CEB0000C3E90410C4E900321460E5
:10F000005C60FFF76DFF84420ED1134B1B685BB948
:10F01000B9F1000F02D1FFF76BFF0646304608F04A
:10F0200039F80021FDF7AAF888F31188BFF36F8F34
:10F0300028463946BDE8F88F521A60EB0C0053455C
:10F04000C4E90420ADD01B68AAE700252F46EFE7EE
:10F05000A82800207C040020382D00202DE9F0474E
:10F06000DFF8A890DFF8A880C9F800000246FFF793
:10F0700037FF0D4600260027D8E900134FEAE27E4D
:10F0800050B1D0E9044CA2427EEB0C0A1BDAA41A60
:10F090006CEB0E06C0E9044652184FF0000443EB37
:10F0A0000E032046C8E90023C9F8004007F0F2FF2C
:10F0B0002146FDF763F885F31188BFF36F8FBDE834
:10F0C000F047FFF7C1BE611843EBE473C0E9046782
:10F0D000C8E90013FFF716FF01224FF00043C0E913
:10F0E000042385F31188BFF36F8F83689847EFF38C
:10F0F0001185402383F31288BFF36F8FD9F8002066
:10F10000121BC9F80020FFF7EBFEB5E7382D0020F1
:10F11000A828002010B5EFF31184402383F3128850
:10F12000BFF36F8FFFF7E4FE054A0346D2E9000103
:10F13000181841EBE37184F31188BFF36F8F10BD92
:10F14000A82800202DE9F04105460E46174607F095
:10F15000AAFE30B9074B9B68D3F8A04014B9BDE8AC
:10F16000F081054C3B46324629462046BDE8F04139
:10F1700008F026B8042D0020680500200246024B46
:10F180000248002108F01CB8E117020068050020C1
:10F19000014BC0F8A0307047680500200146024AC4
:10F1A0000020FFF7CFBF00BFE117020001680E4A41
:10F1B0009142034615D1C169A2F11022A2F1EF12CA
:10F1C00091420ED18268012A0BD8C26812B101693E
:10F1D0008A4206D0586928B19B691B1A5842584187
:10F1E00070470120704700BF55AA00FF70B50E4B55
:10F1F0009E68B6B13046FFF7D9FF044618B9F368E8
:10F200007BB935690DB9204670BD2846FFF7CEFFA2
:10F2100028B9EB68B34204D12E462D69F2E70446C3
:10F22000F1E70124EFE700BF3C2D00202DE9F0417C
:10F23000404D06466869884607F0E5FF18B100248E
:10F240002046BDE8F0812C68DCB1AC68CCB1002E62
:10F250006AD0B8F1000F69D008FB06F7B7FBF6F6E5
:10F26000B04565D1391D63D8BA0710D027F0030225
:10F270000432EC6803E0616891420AD2A469002C70
:10F28000F9D1686907F0C5FF0028D9D0D7E73A4619
:10F29000EFE7D4F808C0BCF1000F02D0012008F05D
:10F2A000AEFE891A232904F120061CD80123A3608D
:10F2B000D4E90523AAB19361A3690BB162695A61CC
:10F2C0000023C4E905332B69DB0703D5FFF78EFF65
:10F2D0000028E3D13A4600213046344608F087FE44
:10F2E000CFE7EB60E8E702F1200023182039C3E9FB
:10F2F000011CDC602169DFF840C0196144F800C0DE
:10F300000E48D86101B1CB6061695961A06998610B
:10F3100041B18B61996901B14B610121C4E90121BE
:10F320002361CDE7EB60F5E73446AAE74446A8E75A
:10F330000446A6E73C2D002055AA00FF669911EE71
:10F3400070B5424E0546706907F05DFF00287BD11D
:10F35000002D5FD03368002B5CD0B268002A59D0F2
:10F360009D4203D3726813449D4202D3012008F0EA
:10F3700046FEA5F120042046FFF718FF0028F5D12E
:10F3800055F8183C012BF1D155F8143C45F8180CF0
:10F39000C3B19A68002A42D155F81C2C02F1200111
:10F3A0005A680A445A6055E905321A6155F8145CE6
:10F3B0002B6903B1DD6020462022002108F017FEF2
:10F3C00023462C462069002836D08268002A33D193
:10F3D0006368426820331344636003692361D4E99E
:10F3E0000523F2B923BB436963618269A2610BB350
:10F3F0009C61A36903B15C61236903B1DC602022D5
:10F40000002108F0F4FD33699B0703D5FFF7EEFEFA
:10F410000028ABD17069BDE8704007F0FABE002348
:10F42000D0E79361A369002BDDD062695A61DAE706
:10F43000F360F7E7F460DCE7002BE4D1F368A36145
:10F4400003B15C61F460DEE770BD00BF3C2D0020BD
:10F4500070B5174E14220C4605460021304608F0C0
:10F46000C6FD1448706107F0CBFE1349134800F045
:10F4700035F8232C1BD915F003031FBF043CE418F7
:10F48000C3F10403ED1822460021284608F0AFFD21
:10F49000C6E90054203CB5606C60B368084A1A6045
:10F4A000B368F360A2F11022A2F1EF12DA6170BD2D
:10F4B0003C2D00208404002041F301002DF20100C6
:10F4C00055AA00FF014B1B68184700BFE804002045
:10F4D000014B1B68184700BFE4040020024B186072
:10F4E000024B002019607047E8040020E40400206B
:10F4F00010B50A46044619B1024B00211B68984713
:10F5000010BD00BF7C8E02000E4B0340B3F1607F44
:10F5100006D1B1F5885F0CBF00206FF08600704700
:10F52000B3F1707F0BD101F4E043B3F5005F06D176
:10F5300011F4E06F14BF00206FF0860070476FF089
:10F54000860070470000C07F8A42F8B506460D4627
:10F5500000F00A8101F0FE41B1F1C06F61D1884C29
:10F5600022F4FF7121F00101A14222F0FF0014D02A
:10F5700004F58854A04210D022F47F7626F00306CA
:10F58000A4F57064A64208D004F5A064A04204D09B
:10F5900004F57454A14240F0EB80D1B2784E19B911
:10F5A00022F48061B14224D125F4FF7424F00104D7
:10F5B000B44225F0FF0112D0724EB1420FD025F4B3
:10F5C0007F7727F00307A6F57066B74207D006F5E8
:10F5D000A066B14203D006F57456B44209D115F0C5
:10F5E000FF0406D0684E44F00074B44204BF0246E3
:10F5F0000D468BB122F4FF7323F00103B3F1062F04
:10F6000006D0624B22F4FF6121F00701994203D139
:10F6100022F4807225F48075954214BF00200120E9
:10F62000F8BDB1F1A06F16D102F0FE43B3F1A06FA7
:10F6300040F0888082EA050333F47E1340F0828034
:10F6400028047FD5C5F30540C2F3054290428CBF24
:10F6500000200120E4E74E4B9D4209D1A3F5004371
:10F660009A4200F081804B4B22F47E109842D4E7FE
:10F67000B1F1407F60D102F0FE43B3F1407F5BD136
:10F6800082EA050030F47E1456D131462846FFF751
:10F690003BFF00286AD1404912F47C1701EA0201BD
:10F6A00013D0B1F1607FC2F3054333D1D1B241F041
:10F6B000007101F17E410339122901D83748445CB9
:10F6C00015F47C1F2DD19C42A7E7B1F1607F0AD1D0
:10F6D000D3B243F0007303F17E43033B122B4BD8AC
:10F6E0002F49CB5CE2E7B1F1707F17D106F4E0431C
:10F6F000B3F5005F42D1C6F3022101238B4006F42B
:10F70000E041B1F5005FDBD1C6F30226012000FA2B
:10F7100006F4D5E7B1F1707FD2D1F0E7002423469B
:10F72000CEE71FB9C5F30541A1421DD0290403D579
:10F73000C5F3054098428AE71A4B9D4202D1B2F1C7
:10F74000082F6AE725F0004323F47F03B3F1106F1D
:10F750000CD102F0FE43B3F1106F07D112481040F4
:10F7600040F01060A84258E7012059E7002057E711
:10F77000002B7FF446AF4FE7002397E70023BEE757
:10F780000002000600130006FF0000020040000611
:10F790000093C004000140050000C07F2E9E0200BF
:10F7A0002E9E02000002C0030000FFF670B5054661
:10F7B0000F480E4607F027FD044618B16FF08F047E
:10F7C000204670BD6B6933602B7F012B0ABF02237B
:10F7D00030602B77064818BF6FF0960407F019FDCC
:10F7E0000028EDD0002CE9D06FF09604E8E700BFC8
:10F7F000CC04002038B50C4C0C4807F004FD6578AB
:10F800000A4807F006FD0A4807F0FDFC022D08D162
:10F810002478E31F5C425C41054807F0FAFC20466F
:10F8200038BD0024F8E700BF542D00209C040020C0
:10F83000B40400202DE9F047894615461C4600F027
:10F84000C3FC0646002851D1D9F80070B7F800A0D3
:10F850000AF4E043B3F5804FBB6808BF25F001050B
:10F8600035EA03033AD1002C40D0B5F5006F40D003
:10F87000A5F5005255425541284A24F4FF7323F060
:10F880000103934213D0264924F0FF028A420ED08E
:10F8900024F47F7020F00300A1F57061884206D047
:10F8A00001F5A0618A4202D01E4A934223D114F08E
:10F8B000FF0304D01C4A43F00073934222D0F9683E
:10F8C0002B4622465046FFF73FFE804670B9396905
:10F8D0002B4622465046FFF737FEE0B96FF084060C
:10F8E0000023C9F80030384600F0A6FC3046BDE8D9
:10F8F000F0870125C0E704F0FE43B3F1407F04D157
:10F900002304DCD56FF08606EAE7B3F1A06FF7D0E9
:10F91000054B9C42D2E74646E8E700BF00020006DE
:10F920000013000600460006FF00000238B500F094
:10F93000FE43B3F1407F04460D4602D06FF08600CF
:10F9400038BDFFF7E1FD0028F8D114F47C1F18D072
:10F95000C4F30543032B137022D9224A2240B2F18B
:10F96000607F31D1E4B244F0007404F17E44033C82
:10F97000122CE3D81C4A125D9342DFD8202BDFD92A
:10F980000EE0184B2340B3F1607F0FD1E3B243F098
:10F99000007303F17E43033B122B04D90023137041
:10F9A0006FF08500CCE71149CB5CD3E7B3F1707FF2
:10F9B000F4D101F4E043B3F5005FEFD1C1F30221CC
:10F9C00001238B40DBB2C5E7B2F1707FB6D105F4FD
:10F9D000E042B2F5005FB1D1C5F302250122AA4091
:10F9E000CAE700BF0000C07F2E9E02002E9E0200CC
:10F9F0002DE9F3414768D0F81480044638460E4696
:10FA000007F004FF0546E8B9FFB22FB9B8F1000FBF
:10FA100005D06FF0860515E0B8F1000FF9D0A368A6
:10FA200023F0031323F47F43002BF2D162884FF6B7
:10FA3000F8739A4228D81648277907F0E4FB28B1D2
:10FA40006FF08F05284602B0BDE8F08107B901A824
:10FA5000314600F069FB05460D4807F0DAFB10B1AE
:10FA6000002DEFD1ECE7002DECD10FCCD6F800C083
:10FA700066460FC694E8070086E80700002FE1D12C
:10FA8000019BCCF81430DDE76FF08505DAE700BFA5
:10FA9000CC04002010B5044650B1064807F0B3FB73
:10FAA000204607F0E7FCBDE81040024807F0B1BB74
:10FAB00010BD00BFCC04002013B5044610B301A94B
:10FAC00000F082FB0446E8B9194807F09CFB0346A6
:10FAD000019853B1002407F084FE002818BF0446A3
:10FAE000134807F096FB68B109E0037F032B11D19F
:10FAF00007F077FE04460E4807F08BFB28B10CB9DF
:10FB00006FF08F04204602B010BD002C08BF6FF0CC
:10FB10008704F7E7022B07D1032303770379FF2B31
:10FB2000D8D16FF08404D6E76FF09604D3E700BF16
:10FB3000CC0400202DE9F0411E4688B090460022FA
:10FB40000388059205460F46CDF81C803260B8F157
:10FB5000000F65D0B8F1005F80F0A18023F0FF03B3
:10FB6000B3F5E24F02D0B3F5824F25D1284607F016
:10FB70005FFB0446002840F08680EB6883B16A880A
:10FB800072B12B8803F44F41B1F5824F02D0B1F529
:10FB9000884F05D1DBB2222B36D02CD8122B38D08F
:10FBA0003A4608EB0701002312F8010B8A4243EAA8
:10FBB0000003F9D1002B33D005A92846FFF718FF21
:10FBC0000446A0B9059B9B6A6BB3059B5A880692B5
:10FBD00006AA029203F1280201929A6A00925B6AD5
:10FBE00042463946284607F043FE044680B305984E
:10FBF000FFF750FF47E0273BDBB21B2BD0D829494A
:10FC000021FA03F3DB07CBD50732B8EBD20FC7D20B
:10FC100006E040F209239A42F6D1B8F1400FBFD86E
:10FC20006FF086042FE06B681B0A07D107990598CF
:10FC300007F0E0FB04460028C7D0D8E707AB4246F0
:10FC40003946284607F0ECFD04460028EED0CEE702
:10FC50000599069B4A88D2B94B80069A4FF6F873ED
:10FC60009A4219D82B88059813B102889A4210D16C
:10FC70006B8813B142889A420BD13146FFF796FD4B
:10FC800004460028B3D1204608B0BDE8F0819A426E
:10FC9000E3D06FF08604AAE76FF08504A7E76FF062
:10FCA0008504F0E70102000C38B504460D46FFF765
:10FCB000A1FD30B12A4621460348BDE8384007F08F
:10FCC0007EBE6FF0880038BD582D002073B500222D
:10FCD00003880A600092428804460D46002A00F01C
:10FCE000FF80028802F4E042B2F5804F00F0F88015
:10FCF00023F0FF03B3F5E24F02D0B3F5824F04D1F6
:10FD0000204607F095FA0646D0B969462046FFF727
:10FD10006FFE064660BB009B9B6AA3B1009920461C
:10FD200001F12803D1E9091207F084FD0646009885
:10FD3000002E40F0D2802946FFF738FD0646B8B9BC
:10FD4000304602B070BD63681B0A40F0BD80228857
:10FD5000618802F4E043B3F5805F0DD0B3F5005F36
:10FD60000AD002F44F40B0F5824F1ED06FF08506E6
:10FD70000098FFF78FFEE3E7104607F00CFB0646FE
:10FD80000028F5D147F201039A4220D14B080133F4
:10FD9000DB0803EBC3033B330193DDE9000107F00C
:10FDA00029FB06460028B9D0E2E7B3F5E04FDDD1E4
:10FDB00047F201039A42E9D022F0FF03B3F5884FDE
:10FDC00015D1CB1DDB0803EB43030133E4E744F219
:10FDD00001039A4202D1CB081033DDE722F0FF0382
:10FDE000B3F5E84FEAD1CB1DDB085B00D4E7B3F5F0
:10FDF000EE4F67D0B3F58E4F02D1CB1DDB08CBE7BA
:10FE000002F44F40B0F5824F02D0B0F5884F06D1D2
:10FE1000D0B2422801D1CB08D7E74128EDD0B3F5C5
:10FE2000E24FEAD0B3F5824F03D1CB1DDB085B0074
:10FE3000CBE744F20D039A4224D844F201039A42DC
:10FE4000DBD9A2F58042023A0B2AD6D801A353F897
:10FE500022F000BF99FE0100FBFD0100A5FE01009C
:10FE6000FBFD0100FBFD0100ADFE0100B5FE010040
:10FE7000FBFD0100FBFD0100BDFE0100FBFD0100DB
:10FE8000BDFE010047F202039A421BD047F2040371
:10FE90009A42B2D140237FE74B094FF4A0725343FB
:10FEA000203379E70B0A4FF4C072F8E7CB1DDB086B
:10FEB000183371E7CB1DDB081C336DE7CB1DDB0866
:10FEC000023392E7202367E701A9204607F0ADFC43
:10FED000064600283FF461AF4AE707F0C0FA47E75B
:10FEE0006FF086062CE700BF10B51C4C1C4807F0CD
:10FEF0008AF92378590744BF03F0FB0323709A075C
:10FF000005D500F0F7F8237823F002032370144896
:10FF100007F07FF9134807F076F9637813B11248B8
:10FF200007F04FFD00234FF4AC710F486370FFF7EB
:10FF3000DFFA0C4807F06DF9094807F064F92378F7
:10FF4000DB0705D507F06BFC237823F00103237052
:10FF5000BDE81040024807F05CB900BF542D0020F6
:10FF6000B40400209C040020582D002070B5FFF739
:10FF700041FC10B10024204670BD344807F043F91D
:10FF8000044620B16FF08F04FFF7AEFFF3E7304D6A
:10FF90002B789E0706D400F0A5F82B7843F00203D7
:10FFA00004462B70294807F034F910B1002CE9D031
:10FFB000EAE7002CE8D1254807F025F90446002897
:10FFC000E0D12B78D80706D407F027FC2B7843F034
:10FFD000010304462B701D4807F01BF90028E5D1EA
:10FFE000002CD1D1194807F00EF90028CAD11748C2
:10FFF0002E7807F00EF90028C4D1164807F003F94F
:020000022000DC
:1000000004460028BED16B783BB9F10705D51248EC
:1000100007F0D3FC022304466B700E4807F0F9F892
:100020000028C3D1002CAFD1084807F0ECF8002815
:10003000A8D12B7805485A075CBF43F004032B7006
:1000400007F0E7F8002895D09CE700BFB404002033
:10005000542D00209C040020582D002000F1404227
:100060000F2A30B50CD81D4B2C2404FB02331A7F09
:10007000022A02D15A69824224D06FF08B001AE022
:10008000441E6FF040439C420ED2144A0024134693
:10009000157F022D02D15569854210D00134102CF4
:1000A00002F12C02F4D1E8E70D4BA2F580529A42FE
:1000B000EBD96FF0870030BD6FF09600FBE72C2284
:1000C00002FB04331A7F022AF6D11A6A501CF3D0BD
:1000D00001321A6200200B60EDE700BFB02E002055
:1000E000FFDFFF3F024B012283F8C0220020704750
:1000F000B02E00202DE9F0410A4C002526464FF095
:1001000001080327C4F8208027772046013507F02F
:10011000B1F9102D04F12C04F4D1002386F8C0327B
:10012000BDE8F081B02E0020F8B5244D06462448E5
:100130000F4607F068F895F8C042214807F069F8C3
:10014000002C34D000242B462246197FF9B13CB94B
:10015000022905D1196A19B91979002918BF1C4655
:100160000132102A03F12C03EFD114B96FF08C0087
:100170000BE0237F022B04D1236A5A1C1CBF0133DE
:100180002362204607F076F910B100240DE01C46EA
:10019000237F7BB90123237736B10A4B651BAD1052
:1001A0005D4305F18045356000203C60F8BD6FF08F
:1001B0008800EAE76FF09600E7E700BFB02E002066
:1001C000B4040020A38B2EBA002370B50B60044644
:1001D00016480D4607F017F8154B144893F8C062FF
:1001E00007F017F8FEB1134807F00DF8064618B1EE
:1001F0006FF08F04204670BD20462946FFF72EFF82
:1002000010F18C0F044607D00A4807F002F80028C6
:10021000F0D0002CEED1EBE706482E6006F0F9FF97
:100220006FF08704E6E76FF08804E3E7B40400208A
:10023000B02E0020CC04002010B50446084806F07B
:10024000E2FF40B9204607F0CCFA0446044806F025
:10025000E0FF10B10CB96FF08F04204610BD00BF55
:10026000CC04002070B40A4E4568DCB244F000743F
:10027000B4424FEA152503D035B970BC00F0CCB8B4
:100280006FF0850070BC70476FF08600FAE700BF22
:1002900005000002F7B5089E0D4FF5B2044645F083
:1002A00000754868BD424FEA10200AD060B9009638
:1002B00004F1080000F07CF808B91C23236003B0A7
:1002C000F0BD6FF08500FAE76FF08600F7E700BF3A
:1002D00005000002F7B5089E0D4FF5B2044645F043
:1002E00000754868BD424FEA10200AD060B90096F8
:1002F00004F1080007F064FC08B91C23236003B074
:10030000F0BD6FF08500FAE76FF08600F7E700BFF9
:10031000050000022DE9F0414FF6FF749C4228BF12
:100320001C460D461FFA84F81646AAB1A1B19BB12E
:100330000B4F384606F03BFB18B96FF09200BDE852
:10034000F081BB6842461B68314638469847002812
:10035000F3D1E4002C60F2E76FF08600EFE700BF16
:100360001C8202007FB50024C0F848410F4C009465
:10037000054607F0D3FA044698B903AB102205F5F9
:100380009C7601930092334605F59471284607F058
:10039000D8FA044628B9304607F041FB204604B09D
:1003A00070BD284607F0D9FAF8E700BF00444004C2
:1003B0002DE9F0411E46069B1746154A23F47E138D
:1003C000934204460D461BD10B88B3F5105F17D13D
:1003D000A6F11002102A17D80E4BD340DB0713D515
:1003E0004FF4A672002107F002FE022384F84C317C
:1003F0003A46334629462046BDE8F041FFF7B2BFF2
:100400006FF08500BDE8F0816FF08600FAE700BF6D
:100410000002C003010101002DE9F04323F47E1620
:10042000124BDDF82C909E42DDE9077CDDE909E8FE
:1004300015D10388B3F5105F11D1A2F11004102C6F
:1004400011D80B4D25FA04F4E3070CD5CDE9098941
:10045000CDE907CE3B46BDE8F04307F088BB6FF01F
:100460008500BDE8F0836FF08600FAE70002C00364
:100470000101010073B50C4611461A462388069EF9
:10048000B3F5105F054619D1A2F11004102C12D853
:100490000C4BE340DB070ED50B4B9E420ED10024E4
:1004A0000094234600F0A0F885F81C41C5F81861B7
:1004B000204602B070BD6FF08600FAE76FF085004D
:1004C000F7E700BF01010100004440042DE9F041BD
:1004D00016461F46D0F818210E4B9A42054688460C
:1004E00011D1314600F0A0F8069B984204460DD881
:1004F000334628464246394600F0A4F8079B0020C0
:100500001C60BDE8F0816FF08500FAE76FF08900AC
:10051000F7E700BF0044400430B58BB00446182212
:100520000D4604A8002107F062FD4FF41053ADF80A
:100530000C3020464FF48073ADF80E30059307F071
:100540000CFA4FF494720021204607F050FD0B4B3B
:1005500000932A46202303A9204607F0DFF950B96B
:1005600005F1200304F59474303553F8042B44F856
:10057000042BAB42F9D10BB030BD00BF00444004A6
:1005800070B5184E049C4588B34202D06FF08500C8
:1005900070BDEE1DB2EBD60F4FEAD60302D06FF05E
:1005A0008600F5E7079A934218D8089A13600088E6
:1005B00047F212129042E9D1059A5B00013393424F
:1005C000EDD12378042BEAD1B5F5807FDED10698F2
:1005D000621C00F067F90028DAD0E0E76FF08900CC
:1005E000D6E700BF00000209F8B5069F04461D4685
:1005F00061B11646AFB9DFF783FF002384F81161BC
:1006000084F8103184F8127184F8133145B1102246
:10061000294604F1F00007F0DCFC012384F81331D3
:10062000F8BDE0F701F9E8E751B190F8103190F822
:1006300012210B4402F001029B1A23F00F007047B5
:10064000084670472DE9F04F044687B090F8120134
:1006500094F810910090002B55D0924600F00108BC
:10066000C9F110021E4608EB0203B34204F580777D
:1006700000F2C4800D46002A40F0B380009B002B9E
:100680006AD194F8133104F1F009C846002B40F008
:10069000C18094F81131224639464846DFF7DCFD27
:1006A0000F2E40F2CE80A6F1100323F00F0310337B
:1006B000019305EB030BD04694F813C11023414678
:1006C0004A463846BCF1000F20D0E0F7DFFA10228E
:1006D0004946284607F07DFC103594F81131224632
:1006E00039464846DFF7B8FD5D4508F11008E3D10B
:1006F00016F00F0621D184F81061C8461022414639
:10070000584607F066FC07B0BDE8F08F102207F0EE
:1007100060FC10224946284607F05BFC103594F82F
:100720001131224639464846DFF796FDAB4508F1C0
:100730001008C1D116F00F06DDD0019B9A44514636
:100740003846324607F045FC009B84F81061002BC8
:100750007DD00DF10808D1E794F8113122463946D1
:1007600002A8DFF70FFF94F81331002B5BD1B8F12B
:10077000000F0CBF4FF010094FF011094E4529D35F
:1007800004F1F00801E04E4524D3514610223846CA
:10079000924407F01EFC102202A9284607F019FC1B
:1007A00094F811312246394602A8DFF7EBFE94F89F
:1007B0001331103E1035002BE5D002A90846424601
:1007C0001023E0F763FA10223946404607F001FC97
:1007D0004E45DAD22EBB84F81061AB460DF1080805
:1007E0008CE7514607EB0900924407F0F2FB009BAF
:1007F000103E4E44002B3FF444AFADE707EB090039
:100800005146324607F0E5FBB14484F8109107B039
:10081000BDE8F08F10234A4639463846E0F736FAED
:1008200037E7AB468BE702A904F1F0094A460846D0
:100830001023E0F72BFA48461022394607F0C9FB8F
:1008400095E7002EEDD184F81061AB4656E704F130
:10085000F00952E700B589B00146684600F03CF85F
:1008600009B05DF804FB00BF00B591B001466846D1
:1008700000F06AF911B05DF804FB00BF30B599B023
:100880000546684600F028F86946044608A800F0C6
:1008900053FA08A90443284600F08AF9204619B003
:1008A00030BD00BF70B598B005466846164600F0EA
:1008B00013F83146044608A800F046F908A96A462C
:1008C0000443084600F082F908A90443284600F0D2
:1008D0006DF9204618B070BD70B50B68124E1BBA8A
:1008E000C3614B681BBA83618B681BBA4361CB68D9
:1008F0001BBA03610B691BBAC3604B691BBA8360E7
:100900008B691BBA4360CB691BBA32460360014650
:100910000446DFF7ABFF3146054602462046DFF7C7
:10092000C5FF681E70BD00BF808E02002DE9F0413A
:1009300088B00C46064602F12001684606F1200701
:100940009046E0F78DFA6A4669466846E0F7AAF9EC
:1009500069463846E0F784FA3A463946384604F1A3
:100960002005E0F79FF96A4669466846E0F79AF97C
:1009700041462846E0F774FA6A4641463046E0F7B9
:1009800057FA2A4629466846E0F78CF92A4669460E
:100990006846E0F787F9124A69466846E0F782F947
:1009A00069462046E0F75CFA324621462046E0F7E9
:1009B000B7F9324621462046E0F7B2F922463146E1
:1009C0002846E0F7ADF96A4629462846E0F730FAAE
:1009D0003A4629462846E0F7A3F908B0BDE8F08179
:1009E000608F0200F0B599B004460D460A460146F4
:1009F0006846E0F795F969466846E0F731FA6A46D5
:100A0000214608A805F1200604F12007E0F710FAB6
:100A10006A4629466846E0F70BFA3246394610A87E
:100A2000E0F740F9324639463046E0F779F9314689
:100A30002846E0F715FA6A4608A92046E0F732F999
:100A4000224629462846E0F76BF96A4608A9684617
:100A5000E0F766F96A4639463846E0F7E9F92A468A
:100A600008A96846E0F75CF96A4631463046E0F787
:100A7000DFF93A4631463046E0F752F910A96846A8
:100A8000E0F7EEF9224669462046E0F749F908A961
:100A900022460846E0F744F910A908AA0846E0F7FC
:100AA000C7F93A4610A93846E0F73AF919B0F0BD4F
:100AB0002DE9F04188B00C46054690460A460146AD
:100AC0006846E0F72DF969466846E0F7C9F96A46D5
:100AD0002946284604F12006E0F7AAF905F1200787
:100AE0006A4621466846E0F7A3F932463946304661
:100AF000E0F716F931462046E0F7B2F92A462146DA
:100B00002046E0F70DF96A4621462046E0F708F94D
:100B10006A4629464046E0F703F9424639463846D8
:100B2000E0F786F9224629466846E0F7F9F86A4672
:100B300031463046E0F77CF93A4631463046E0F738
:100B4000EFF808B0BDE8F08170B500F1200690B074
:100B50000D46044600F014F905F12001304600F07E
:100B60000FF9214608A8E0F77BF908A908460D4AC5
:100B7000E0F798F808A922460846E0F759F908A9CD
:100B8000094A0846E0F78EF831466846E0F768F90A
:100B9000202269460DEB0200E0F756F8013810B04C
:100BA00070BD00BF608F0200408F020000F002B9EC
:100BB00038B504460D4600F0FDF805F1200104F1BA
:100BC0002000BDE8384000F0F5B800BF2DE9F0473F
:100BD0001346B8B0544A89468046194610A8DFF734
:100BE00045FE5249024610A8DFF760FE179E4E49A7
:100BF00000EAD6760746C6F1010210A8DFF756FED6
:100C0000179B4A466FEA030A28A918A8FFF78EFE29
:100C10004FEADA7A20A9CAF10102084600F092F8F8
:100C2000C7F10107FE246A4618A928A8FFF740FF6C
:100C3000631138AA02EB830304F01F0253F8A03CAF
:100C4000D340554603F0010A8AEA05052A4628A939
:100C500018A8DFF787FE2A4630A920A8DFF782FE12
:100C6000013C28A918A8FFF7BDFE631CDBD1CAF11F
:100C7000010220A908A800F065F886EA0A066A467B
:100C800018A928A8FFF714FF28A9324618A8DFF7EB
:100C900069FE324630A920A8DFF764FE08A96A463B
:100CA0000846E0F7C5F808A9084600F09DF808A92D
:100CB00008F1200409F120020846E0F7B9F820A95C
:100CC00008AA2046E0F7B4F808AA18A96846E0F791
:100CD000AFF869466846E0F7C3F818AA694608A85D
:100CE000E0F7A6F821466846E0F7BAF808AA694690
:100CF0001046E0F715F80E4A08A96846E0F710F824
:100D000020462021DFF7B4FF08A902464442684686
:100D1000DFF728FE4046074A6946E0F789F83C437A
:100D2000204638B0BDE8F087C08E0200E08E020099
:100D3000408F0200A08E02000A460149FFF746BF1D
:100D4000008F020070B588B004460D46164600219B
:100D50002022684607F04BF900232946202220462E
:100D6000009307F036F92A4669466846DFF7D8FF50
:100D7000324669462046DFF7F5FD08B070BD00BF7A
:100D80000B681BBAC3614B681BBA83618B681BBAC3
:100D90004361CB681BBA03610B691BBAC3604B6923
:100DA0001BBA83608B691BBA4360CB691BBA0360B3
:100DB000704700BFCB691BBA03608B691BBA4360E5
:100DC0004B691BBA83600B691BBAC360CB681BBA43
:100DD00003618B681BBA43614B681BBA83610B6864
:100DE0001BBAC361704700BF70B598B00D46064688
:100DF00010A8E0F735F82A4610A96846E0F718F879
:100E0000694610A8E0F72CF810A90846E0F728F882
:100E10006A4610A908A8E0F70BF808A910A8E0F79F
:100E20001FF810A90846E0F71BF810A90846E0F7DC
:100E300017F810A90846E0F713F810A908AA084601
:100E4000DFF7F6FF10A90846E0F70AF810A90846F0
:100E5000E0F706F810A96A4608A8DFF7E9FF0524BD
:100E600008A910A8DFF7FCFF10A90846DFF7F8FF74
:100E7000013C10A9F5D108AA0846DFF7D9FF0524DF
:100E800010A90846DFF7ECFF10A90846DFF7E8FFD6
:100E9000013CF5D110A908AA0846DFF7C9FF10A93F
:100EA00008A8DFF7DDFF08A90846DFF7D9FF08A982
:100EB0006A466846DFF7BCFF1024694610A8DFF7D2
:100EC000CFFF10A90846DFF7CBFF013C10A9F5D1F1
:100ED0002A460846DFF7ACFF402410A90846DFF792
:100EE000BFFF10A90846DFF7BBFF013CF5D110A9F1
:100EF0006A460846DFF79CFF102410A90846DFF772
:100F0000AFFF10A90846DFF7ABFF013CF5D110A9F0
:100F10006A460846DFF78CFF102410A90846DFF761
:100F20009FFF10A90846DFF79BFF013CF5D110A9F0
:100F300008AA0846DFF77CFF2A4610A93046DFF7EB
:100F400077FF18B070BD00BFF8B50E4B1D68AB78C9
:100F50009B07064612D56F6816F8014B29462CB937
:100F60000A20B847002805DB204609E02046B8479C
:100F70000028F1DAAB7843F00403AB704FF0FF3098
:100F8000F8BD00BFC48A02000CB430B58BB0044673
:100F90000D462022002102A807F029F802238DF82F
:100FA0000A30002D0C4B0393069412DB01D06B1E0C
:100FB0001C440FAA0E99079402A8019200F074F83D
:100FC00015B1069B00221A700BB0BDE8304002B08C
:100FD00070470024EDE700BF19810200242AF0B514
:100FE000044601D8012A40D1F3F748FE2D4B1622C2
:100FF0001A5001B10C600020F0BD2F463D4615F897
:10100000010B2028F9D0A0F10906042E0346F4D9DB
:101010002B282CD02D282CD101262B78BD1C302B31
:101020002DD1287840F02000782824D132F010000B
:1010300021D16B782C46102202350020392B82BF3B
:1010400003F1FF3343F02003263B303B9A421AD989
:10105000A0FB02040CB9C01801D346F002062F46CB
:101060002C4617F8013B3D46E8E70746C6E7002651
:10107000D3E70026D3E7002A08BF0822DDE7002ACD
:1010800008BF0A22D9E701B10C60F20748BF40420D
:10109000B307B1D5F3F7F2FD024B22221A504FF0FD
:1010A000FF30A9E70C0000002DE9F04F8BB043683A
:1010B000009383789C078046924640F1F980002592
:1010C0000878002800F0F68025280AD04B1C0193F0
:1010D00001354146009B98470028C0F2E380019902
:1010E000EEE74E788B1C252E0193F1D00027B946F0
:1010F0003C460A221F2C22D8A6F12003102B20D810
:10110000DFE803F0141F1F1A1F1F1F0B1F1F1F12E2
:101110001F171F1F090044F00104019B13F8016B06
:101120000193002EE6D13AE044F0020444F00404B6
:10113000F3E744F00804F0E744F01004EDE77F2CF7
:1011400024D8A6F13003092B08D860064EBF02FB55
:10115000073702FB093944F02004DEE72A2E0DD1BF
:1011600061065AF8043B53D4002BA7BF44F0200477
:101170009946C3F1000944F02804CEE72E2E05D18C
:10118000630600F1978044F04004C6E76C2E2ED031
:1011900028D8682E32D06A2E37D04C2E35D0002F6A
:1011A00046F02003B8BF24F04004A3F16502BCBFA1
:1011B000A4B20027022A01D9612B2BD10AF1070A18
:1011C0002AF0070A9C4E0AF1080A0727210760D572
:1011D00006EB070B34465C455DD1AE1BA219A9EBAB
:1011E000070959E1742E98D07A2E96D0D7E72606B3
:1011F00048BF44F4007444F080048EE7E00548BF23
:1012000044F4007444F4807487E744F4207484E761
:101210001F4682E7A6F16302122A00F2D880DFE8B7
:1012200012F013004D00D600D600D600D6004D00B7
:10123000D600D600D600D600D600E800D100D600F1
:10124000D6001A00D600A0005AF8043B8DF81030E2
:10125000012704AEBAE75AF8046B784B002E08BF9A
:101260001E4614F0400F14BF39464FF0FF31304690
:1012700006F0EFFE0746A9E7009B4146202098476D
:1012800000280FDB013CA742F6D34D442D1BA1469D
:101290009EE74C46F7E714F8010B009B4146984740
:1012A000002898DA98F8023043F0040388F80230F6
:1012B0004FF0FF3528460BB0BDE8F08F220630D541
:1012C000A3052AD50AF1070A2AF007039A465968A6
:1012D0005AF8080B24F0100B00291FFA8BFB2FDAA9
:1012E000404261EB41014BF4806B04AC0A2322467F
:1012F00006F0BBFE1BF0400FA0EB040200F08E8056
:101300002BF001049742A4B240F38F80002E40F0EE
:101310008E802BF01104A4B21DE05AF8040BC11703
:10132000D8E7E0055AF8041B01D40846F7E7A20500
:101330004BBF48B208B241F3C01141F3C031C9E715
:1013400050EA0103D1D16306CFD5002FCDD124F0CF
:101350001104A4B23A463B4640F206410C4262D127
:1013600024E024F01004A4B20A2314F0800243D035
:1013700014F400711FBF0AF1070A2AF0070292460F
:10138000516814BF5AF8080B5AF8040B50EA0102CE
:101390003ED124F0160B62061FFA8BFB3CD5002FC2
:1013A0003AD124F01704A4B23A463B4621075AD456
:1013B000E10705D5994572DDA9EB03039F184B465C
:1013C0009B464AE044F0100410237826CDE7782BA2
:1013D00004D1C6F1780343F01003C6E7009B4146F1
:1013E000252098470028FFF65DAF0235414630467C
:1013F00070E608230026B8E714F480715AF8040B4D
:10140000C4D014F400711ABFC0B2114680B2BDE757
:1014100024F006041FFA84FB04AC68E713465C461C
:10142000E10699D52EB90133C0E71346F8E73B46EC
:10143000F6E70233BAE700BFAA9C0200A39C0200B1
:10144000CDE902324146009B202098470028FFF654
:1014500029AFDDE902320BF1010BD945F0DCEB1AC3
:1014600003EB0B055B46E10627D5CDE90232414689
:10147000009B302098470028FFF614AFDDE90232C8
:101480007EB901352F44791B8A4229DB144604AE0C
:101490009CBB2A44A9EB03091546914442E0174638
:1014A0008EE7CDE90232023541463046009B98472F
:1014B0000028DDE90232E5DAF4E640F206410C42AA
:1014C000E0D014F0020F14BF2B20202014F4806F02
:1014D000CDE9023205F10105414618BF2D20E5E7AF
:1014E000CDE902324146009B302098470028DDE9D3
:1014F000023205F10105C6DAD4E6013CCDE902323B
:10150000305D009B414698470028DDE90232BFDA92
:10151000C8E6009B414620209847002805F10105B8
:10152000FFF6C0AEA9EB0503002BF2DCD7E500BF48
:1015300038B5044C044DAC4200D138BD54F8043DDC
:101540009847F8E70000000000000000704708B569
:10155000F1F784FEF1F790BE00EBC100408840082F
:101560007047F8B50346FFF7F7FFB0FA80F0C0F117
:101570001F0003EB800CCA00DCF81060171D0C463E
:1015800006328DB256B9012101FA00F0D968014343
:10159000D960CCF81040DD539D52F8BDF100043104
:1015A000585AD85303EBC0009E52C5805D52F4E7F1
:1015B00010B500EBC104E388994202F104010AD19D
:1015C000012303FA02F2C36823EA0203C360002383
:1015D00040F8213010BDA28840F8213000EBC20154
:1015E00000EBC300CB808280F4E708B50346FFF729
:1015F000B3FFB0FA80F2C2F11F021846BDE80840FE
:10160000FFF7D6BF2DE9F843B1FA81F3C3F11F020A
:1016100000EB82090646D9F810700D4687B9C3F170
:1016200020034FF0FF349C40F3681C4014D094FA20
:10163000A4F2B2FA82F2131D56F82340214608E0C4
:101640003C464FF0030821463046FFF785FFA8428D
:1016500005D33046FFF7ACFF2046BDE8F88306EB24
:10166000C404B8F10108E488C9F81040D7D0A742F3
:10167000E9D1D4E738B50446FFF76EFF0D460346BF
:1016800011462046FFF768FF03449BB204EBC505F3
:101690005A006A802046FFF75FFF014424F831308A
:1016A00038BD70B50446FFF757FF0B4604EBC30582
:1016B000511A9B1A89B203444E009BB204EBC2003C
:1016C0006E805D00458024F8321020461146FFF7F9
:1016D00043FF014424F8313070BDF8B5002951D0E2
:1016E00004680D1F2D1BEE0825F0070562195388AD
:1016F00013F0010306D183F31188BFF36F8F042326
:10170000184602DF31462046FFF726FF304434F802
:101710003030C01A864207D0002383F31188BFF30C
:101720006F8F0423184602DF538823F00103538090
:1017300031462046FFF710FF371804EBC7035B88DC
:10174000DA0708D439462046FFF74FFF3A463146BC
:101750002046FFF78FFF655B751B04EBC5035B88B5
:10176000DB0709D429462046FFF73FFF32462946CA
:101770002046FFF77FFF2E4631462046BDE8F84061
:10178000FFF7EFBEF8BD70B509B9002070BD056860
:1017900001F007030B33CC0804EBD304AB689C4285
:1017A00028BF1C4621462846FFF72CFF0646002886
:1017B000EBD001462846FFF7CFFEA04207D93219E9
:1017C0002846FFF76EFF11462846FFF7CAFE05EBD5
:1017D000C6021046538843F0010353800430D5E716
:1017E0001146FFF7D0BF043A2DE9F843CC1D114450
:1017F00024F0070421F00706A6EB04084FEAD807F7
:10180000B7FA87F2C2F12405AD004FF000090735A1
:10181000C2F12002ED0804604946A760C4F80C90AC
:10182000920004F1100006F0E2FBAAB2530043F06C
:10183000010363807B1B9BB204EBC5015800A4F835
:101840000090488024F83520A6F8029024F808304B
:1018500004EBC70329465A8842F001025A80204609
:10186000BDE8F843FFF77DBE002070470FB407B511
:1018700004A951F8040B0191F2F788F803B05DF860
:1018800004EB04B0704708B5EFF31183402383F3F2
:101890001288BFF36F8FEFF3108372B601F09CF8DC
:1018A000F0B564230446042500204FF00A0C11B162
:1018B000013D01D12570F0BD9A42B2FBF3F7FEB2B3
:1018C00002D2012B00D030B130360139013004F89A
:1018D000016BC9B2C0B203FB1722D2B2B3FBFCF357
:1018E000E5E7A0F13003DBB2092B02D80B70002032
:1018F0007047A0F16103052B02D857380870F6E74E
:10190000A0F14103052B01D83738F7E76FF0150038
:101910007047F7B5054601F0010000EB51069E4205
:101920004FEA510703D90026304603B0F0BD58B145
:1019300028780DF10701FFF7D4FF0028F3D19DF8B7
:10194000073002F8013B013501351744BA42EBD0AC
:1019500015F8010C0DF10701FFF7C3FF0028E2D1D4
:101960009DF807402401E4B2147015F8020BFFF74C
:10197000B8FF0028D7D19DF807301C4402F8014B6E
:10198000E4E7038B13F0070306D10368002B18BFAD
:10199000032008BF00207047022B05D1408BB0FA0E
:1019A00080F0400980007047012B04D10368002BB0
:1019B00018BF0520EDE70020704710B50C4600B1B8
:1019C00011B96FF0150010BD081D00F087F8002850
:1019D000F9D1A368032BF6D9F3E72DE9F0410D46C1
:1019E00007461946281D90461E4600F088F8044612
:1019F00038B13346424629463846A446BDE8F04150
:101A00006047BDE8F08110B4EFF31182402484F305
:101A10001288BFF36F8F416110BC0121F1F7E8BF5D
:101A200038B50C46054658B151B10B6843B14B6807
:101A300033B11C22002106F0DAFA2C61002038BDF7
:101A40006FF01500FBE7F8B504460E46FFF7B5FF4B
:101A5000051E3BDBEFF31182402383F31288BFF3B3
:101A60006F8F638B278B4FF6FF718B4207F0070751
:101A70002ED0062F2FD8DFE807F0182E082E1804D6
:101A800018006FF08505002303E00133638302250E
:101A9000012382F31188BFF36F8FBBB100233A4655
:101AA00031462046FFF799FF10E00023336063685A
:101AB00023B9C4E9006627B13D46E4E71E606660CD
:101AC000F9E702212046F1F793FF3D462846F8BD8D
:101AD0006FF00A05D7E76FF00405D4E7034658B165
:101AE000426802F00302012A03D0032A04D10268EB
:101AF00012B10020986070476FF01500704742687F
:101B0000816002F00302032A4FF0000203460CBF7B
:101B1000006810465A60704770B50C880646888881
:101B2000241A3069A4B2844285B224BF641BA4B2D3
:101B30002D1BA8B2984228BF18463368234413606F
:101B40000B8803440B8070BD70B40E460146C588F7
:101B500031F80A3FEC1AA3B2934228BF134632462B
:101B600070BCFFF7D9BF10B54B880C88E41AA4B23B
:101B700094420ED31A4492B28B884A800A8000693C
:101B8000D21A92B2824201D2002010BD03448B804F
:101B9000FAE76FF01500F8E72DE9F34107460E4626
:101BA00015464FF000082A4601A93846FFF7CCFF3A
:101BB000044648B12EB102460199304606F009FAB2
:101BC00026442D1BA044EED1424607F10A013846B7
:101BD000FFF7C9FF404602B0BDE8F081704710B47E
:101BE00084686468A44610BC604770B4C668046822
:101BF000806A0D0C06FB054414FA81F184682468A0
:101C0000A44670BC60472DE9F0431C46C36A1D68BA
:101C10006D4289B006468846174605F020051CB976
:101C2000204609B0BDE8F083AC42A14628BFA946D2
:101C30004B466A4641463046FFF7D7FF0028F0D1B1
:101C40006B46484502D1241A8044E8E713F8012B7B
:101C5000BA4201D10130F4E70120E2E70B6803F555
:101C600080330B60008A1A0CB0EB134F04BFA3EB58
:101C700002430B60704738B5C26803680D0C090C4D
:101C800004462D04806A02FB013100F08BFD50B93F
:101C9000E26AE368527929462046FFF7B4FF00283C
:101CA00018BF6FF0050038BD10B501460446072285
:101CB000FF20F9F727FBE07110BD2DE9F04F074633
:101CC0005368D06803445069C34293B003D10020E5
:101CD00013B0BDE8F08FFC683B68D7F82CB0080C57
:101CE00004FB003313FA81F592E8030004AB83E8A8
:101CF0000300D2E9020106AB83E80300D2E9040144
:101D0000DBF8008008AB83E803000024C8F100037F
:101D1000A146019312AB03EBC90A4FEAC9015AF875
:101D2000346CAEB909F10109B9F1030FF2D1002CFD
:101D3000CDD00AAE9BF80510A8EB0402301906F0CE
:101D400056F9B86A434632462946FFF748FFBFE7CF
:101D5000B4B9019B334013D05AF8382CB86A2946DD
:101D6000CDE90223FFF73BFF0028B1D1DDE90223D3
:101D70001A44F61A4AF8382C4AF8346C1D44C9E75C
:101D8000A8EB0402B24228BF3246A2B101F14803D7
:101D90000DEB030A0AAB5AF8381C1819CDE90212E8
:101DA00006F017F9DDE902121144B61A4AF8381C98
:101DB0004AF8346C14444445ACD1B86A23460AAAA4
:101DC0002946FFF70CFF002882D125440446A1E7ED
:101DD000F8B507220D460646FF204C888F88F9F794
:101DE00091FAEB79834205D13C44B4428CBF002088
:101DF0000120F8BD0020FCE70368012B81BFC91852
:101E000001F1FF315B4219400846704738B50D4675
:101E10000A4681680446FFF750FFEB686968194479
:101E20006B6902461944E06AFFF7E6FFA3680344C2
:101E3000A360104638BD70B586B0466804460D46AE
:101E400018220021684606F0D2F802956A46082555
:101E5000314620460395FFF730FF29460246E06AE7
:101E6000FFF7CAFF63681B1A1046636006B070BDB7
:101E700013B54FF6FF7300220446ADF800308DF81D
:101E800006308368ADF804206846ADF80230FFF7ED
:101E90000BFF69462046FFF7CEFF02B010BD70B5BC
:101EA00006460C46C06A0821FFF7A6FF0546F06803
:101EB000401B214680B2FFF78BFF80B1A08878B924
:101EC00022884FF6FF739A4209D16288F3689B1A01
:101ED000B3FBF5F205FB1230B0FA80F0400970BD9B
:101EE0000020FCE7F7B504460D46C06A0821FFF75D
:101EF00083FF2968074608232046FFF776FE06463B
:101F0000002836D12B683B442B60E26899B2D21B83
:101F100091422ED11A0C03BF228A02F1FF3203EB49
:101F20000241A3F58031296008236A462046FFF765
:101F30005CFEE8B9E36A5A796B4613F8011B8A42E2
:101F40000CD101300828F8D1636805E02B68BDF892
:101F500002206FF30F0313442B600AE0694620460A
:101F6000FFF79DFF0028F1D129462046F1F760FEDA
:101F70000646304603B0F0BD2DE9F04F0446A1B04F
:101F800024220D4617A8002106F031F8E06A082146
:101F9000FFF732FF636881466FF30F0306A92046FF
:101FA0000693FFF75BFE069BE66801931E44A6EBD3
:101FB0000906082309AA314620460796FFF715FEB1
:101FC0000028C0F21581E36A09AA5979002312F8A2
:101FD000010B814240F0FB800133082BF7D1A3684D
:101FE00062684B449A4280F0EB8001992046FFF7EB
:101FF00042FEFDE0BDF826306FF30F061E44079643
:102000000BAA07A92046DDF81CA0FFF76BFF0028EC
:1020100040F0EE800BA91FFA8AF0FFF7D9FE48BB0B
:10202000039B9A45ECD11022002113A805F0DFFF95
:102030001F9E129617AB119395B1D4F82C800821EE
:102040004046FFF7D9FE2F890246F1194046FFF7B7
:10205000D3FEA168636802440A44934280F09180F1
:10206000002EBCD011A92046FFF7D0FE002840F07A
:10207000BF80B4E7676808970DAA08A92046FFF754
:1020800031FF002840F0B480BDF83420BDF82C307A
:102090009A4244D0089B62689A423ED1BA45BFD169
:1020A000BDF83060002EBBD03DB12A88BDF82C3081
:1020B0009A4202D12B89B342B2D9BDF82E801F9A21
:1020C0003B0C1B049844E36A1B68591E5B4203F0F7
:1020D00020030493A368164401EA06001344009009
:1020E00026EA0106ADF82E3006BB009B5BB11F9AB5
:1020F00017A99B1A20460A444146FFF776FD00289F
:1021000076D1009B1F930BA8FFF7CEFD0BA92046AD
:10211000FFF791FE002883D06AE01F46ACE70DA9C7
:10212000B8B2FFF755FE0028B4D0B7E7049B1F9F55
:10213000B34228BF3346A3EB070B17AA02933A44D6
:102140005B4641462046FFF750FD002850D11F9BBB
:1021500001465B44182211A8059305F048FF17AB10
:10216000139311A9059B14932046FFF74FFE0028F7
:102170003ED11F9B1F90FF1A029B3744FE1AD84482
:10218000B2E731446B68ADF83E10204611A9CDE9A5
:102190001337FFF73BFE58BB2B88ADF83C302B893B
:1021A000ADF840300FA8FF238DF84230FFF77CFDDB
:1021B0000FA92046FFF73FFED0B90123AB720EE70F
:1021C0002046FFF755FE00283FF40FAF10E0A6EBC6
:1021D000090309A920460393FFF761FE00287FF455
:1021E00009AF07A92046F1F723FD00283FF408AF07
:1021F00021B0BDE8F08F2DE9F04F1E46837C95B0ED
:10220000044689469046002B00F0CB80C26A082124
:102210001046FFF7F1FDB1B201901046FFF7ECFD5B
:10222000E368019AA3EB820383420746C0F0BC80B7
:102230001EB1B8F1000F00F0B780D4F804A0CDF8BB
:1022400010A005AA04A92046FFF74CFE0546002869
:1022500041D1BDF814304B4507D0DDF810A06368BC
:102260005345EED1002E3CD135E005A91FFA8AF086
:10227000FFF7AEFD0028F0D0BDF818307EB3B342B2
:102280002FD14FEA1A43BDF816A0CDF800801B04E9
:102290009A44E36A1B685B4203F020030293B3464F
:1022A000029B5B4528BF5B460CAA51462046039320
:1022B000FFF79BFC002850D1039B00981A460CA9FD
:1022C00005F0A4FE68B9039B009ABBEB030B1A440C
:1022D0009A440092E4D1284615B0BDE8F08F002B57
:1022E000F9D0002F3CD1BA4604F1140B4FF0FF3265
:1022F0004FF0FF335846FBF78BFD238A9D424DD0AC
:10230000D4E901320AEB02018B422ED39BB263B3B4
:10231000FF23ADF81E20002118220CA88DF82230D2
:10232000ADF81C90ADF8206005F061FE0CA92046C8
:10233000CDE90E86FFF76AFD074648B907A8FFF703
:10234000B3FC07A92046FFF776FD074600B93746DC
:102350005846FBF7CFFD3D46BDE7C2DC0546BAE770
:10236000019B1F441FFA87FABEE72046F1F734FCB1
:102370003DB9ADF82490CDF82880ADF82C608DF8EB
:102380002E5009A92046FFF7F7FD07460028DFD1A8
:102390009DF82E300135002BAFD0D8E76FF01B072A
:1023A000D6E76FF00C0596E76FF0150593E700236D
:1023B0001A46FFF720BF2DE9FF471E46837CBDF874
:1023C000309004460F469046002B43D0C06A082147
:1023D000FFF712FDE368A3EB4003B3423DD365680A
:1023E00001954FF0000A02AA01A92046FFF77AFDE5
:1023F00020BBBDF80830BB4206D102A9A8B2FFF746
:10240000E7FC50441FFA80FA019B62689A421AD096
:10241000CA4516D9BDF80C30CBB1CA4517D3BDF8A3
:102420000A10B3426FF30F0528BF334642462944D2
:102430002046FFF7DAFB08B9BDF80C0004B0BDE890
:10244000F0871D46CFE7BDF80830BB42E2D06FF001
:102450000100F3E76FF00C00F0E76FF01500EDE717
:1024600013B500240094FFF7A6FF02B010BD70471B
:1024700030B54C680368A34201D2012030BD8A68A0
:102480002244934201D30020F8E7D1E90452954257
:1024900003D36FF00B038B61F5E7CA681B1B42F88F
:1024A00035304368086902EBC00253600B690133A1
:1024B0000B61E2E737B50C46C0B201A91546F1F74A
:1024C0004BFD00280CDB019850B121462A46F1F75C
:1024D00069FD04460198FFF7CAFF204603B030BDEE
:1024E0006FF01504F9E7F0B587B01F4604460D46B6
:1024F000164600F0ABFD022302930DF11603019383
:10250000BDF83030ADF81600009332463B46294600
:10251000204602F01EFC07B0F0BD2DE9FF411F462A
:102520000D4616460446F3F781FA8046F0F759FC4B
:10253000BDF82830009380B2CDE901803B46324699
:102540002946204602F005FC04B0BDE8F0810020D9
:10255000F1F78ABD00221146F1F754BD034610B5CC
:1025600008460AB10021116053B1D0B1411E11F8E3
:10257000010F80B113F8014BA04201D13D28F6D1E3
:1025800000200EE0013313600AE03D2808D0B0FAC5
:1025900080F0400905E018782F28F6D1002AF1D103
:1025A000012010BD10B509B100230B6058B10346DE
:1025B0001A781C4601332AB13D2A03D02F2AF7D1BD
:1025C00001B10B60201A10BD2DE9F341DDF8208028
:1025D000019007460C4615461E46B8F1000F07D07D
:1025E000D8F8001081B9D8F804E0BEF1000F14D17A
:1025F00001A93846F1F77EFD58B1C7680198334606
:102600002A462146B84704E001AAFFF7A7FF0028A1
:10261000E9D1002002B0BDE8F081D8F80830019877
:1026200008932A4633462146F44602B0BDE8F041FD
:1026300060470830704710B5134614460A46818833
:102640000068FFF70DFFA042A8BF204610BD2DE98E
:10265000F04F97B0044601929A46894600297AD0F5
:10266000DAB1BAFA8AF67609258F0135ADB2A846F5
:1026700004F1080B6F1EBFB2B7F5004F39D04A23E3
:1026800003AA39465846FFF7EBFE002807DA10F197
:10269000020F08BFB8463D46ECE70126E4E700F12B
:1026A00058030DEB0300002300F84C3C03A94846F7
:1026B000F0F785FB0028EED106BBB846B8F5404FD1
:1026C0004CD0238F434504F1080538D308F58041E9
:1026D000019A534689B22846FFF78DFD00280ADB90
:1026E00046B14846F0F77DFB4A4603464146284638
:1026F0001EE016B3002017B0BDE8F08F39465846EB
:10270000FFF755FE0028F6DB05F57F513F3189B212
:102710005846FFF74CFE0028EDDB238FBB42E9D182
:102720002246013B22F8383F4FF40041022358462D
:10273000FFF761FD00EAE070DDE70126BEE7224613
:10274000022322F8388F4FF400412846FFF753FD4B
:102750000028BBDACFE76FF01500CCE76FF00B0075
:10276000C9E773B5C36B03630446C3B100F1080640
:102770003046F1F78FFA054670B902230DF10602D3
:102780004FF400413046FFF76BFE0028ACBFBDF8A8
:1027900006304FF400432387284602B070BD6FF027
:1027A0001205F9E72DE9F0418768FB6804460D46FC
:1027B00016469847BB682BB1324629462046BDE8ED
:1027C000F04118476FF05700BDE8F08105F00FBCED
:1027D00005F0FFBB01460068F1F730BE08B5F1F720
:1027E0005DFEBDE80840F2F7D3B900210120F1F702
:1027F00025BE6FF08500704761B662B680F3118820
:10280000BFF36F8F704772B6002383F31188BFF355
:102810006F8FBFF34F8F30BF62B6BFF36F8F7047BC
:1028200072B6002383F31188BFF36F8FBFF34F8F0E
:1028300020BF80F31188BFF36F8F62B670472028E6
:1028400009D9B0F1004F08D80138B0FA80F0C0F1D2
:102850001F0040007047082070473E20704708B5B1
:10286000F2F780FB002008BD704700230382436914
:10287000C3607047C1698968F2F7D4BBEFF3118276
:10288000402383F31288BFF36F8F00230B604368EC
:1028900033B9C0E9001182F31188BFF36F8F70471D
:1028A00019604160F7E710B50346EFF3118140224C
:1028B00082F31288BFF36F8F006828B15C680268EA
:1028C0001A60A04208BF5A6081F31188BFF36F8F6E
:1028D00010BD027A013202727047034618465B68E7
:1028E000002BFBD17047426810B52AB10B461C463D
:1028F0005B68002BFBD16260416010BD10B50446DF
:1029000020B90B7A01330B72084610BD03461846F6
:102910005B68002BFBD1FFF7E6FF2046F5E78368F5
:102920000B440360704703680B6043684B60836827
:102930008B6070478388026819448180D018704783
:1029400030B484880568A3188380281930BC05F04A
:1029500040BB10B5838802685C1C8480D154D018B9
:1029600010BD30B5838802689D1CD4188580D15471
:10297000090A617030BD034600689A88401A114404
:102980001860998070470268531E03608388013382
:10299000838002F8011C70478288521A03468280A5
:1029A0000068084418607047034600689A88521A05
:1029B00001449A801960704710B503681C780121A2
:1029C000FFF7EAFF204610BD10B503681C880221FE
:1029D000FFF7E2FF204610BD08B500224FF400319A
:1029E0004FF00050FAF73CFD4FF080430122C3F84E
:1029F0000025BFF34F8F20BFFDE77FB514460A883F
:102A00008B78ADF8002006460D2200210DF1030061
:102A10008DF8023005F0EBFA6A466946304603F05D
:102A2000F4FB28B9BDF800209DF802302280A37085
:102A300004B070BD13B50C4601AA0331FFF7DDFFEA
:102A400048B9032201A9204605F0E0FAB0FA80F067
:102A5000400902B010BD0020FBE770B50D46002113
:102A60000446FFF79FFD0D2818D1237B302B13D18F
:102A7000002305F8063B04F10C062A4620460123F4
:102A800002210234FEF745FFB44205F1FF35F4D1CF
:102A9000002070BD0123ECE7312BFBD06FF0150057
:102AA000F7E7F1F7E1BB0020704710B50C4601785D
:102AB00022788A4288B00ED06946F2F7F7FC04A962
:102AC0002046F2F7F3FC10220DEB0201684605F0F8
:102AD0009DFA08B010BD012A06D0022A07D072B9AB
:102AE00040886388C01AF4E740686368FAE71022F8
:102AF000611C013008B0BDE8104005F087BA6FF0E6
:102B00001500E6E7042A0AD0102A0DD0022A4FF059
:102B1000000315D103700B88438001207047012307
:102B200003700B684360F8E7022300F8013B01F1F2
:102B3000100351F8042B40F8042B9942F9D1ECE72B
:102B400018467047012310B50621044600F8013BE2
:102B5000FAF790F918B9A37963F03F03A37110BD98
:102B60000B6803608B8883808B798371037823F0F3
:102B70000203037070470078C0F34000704738B517
:102B80000446807AF2F724FA6169054649B1637A0E
:102B9000DB0704D4C3691B6820469B689847002361
:102BA000636121462846BDE8384004F042B82DE96B
:102BB000F0410C4601F10C08054600F10C014046BD
:102BC00017461E46FFF7AFFE6269E3682F829B1A25
:102BD00013FA87F36B8201236B7239464046FFF785
:102BE000DBFEE3687360628A0023E36072816382C4
:102BF00034602846BDE8F08138B5D1E90032DA60AA
:102C00000B684A895A820C4605460868F2F788FA2A
:102C100020461022002105F0EAF92846BDE8384098
:102C2000FFF7ADBF438A23B9C068B0FA80F040090E
:102C30007047002070477047D0F8A43083B15A7CA9
:102C4000D1070DD5D2060DD51B7C102B0CBF04234C
:102C500003234372807A98428CBF00200120704782
:102C60000223F6E70323F4E70F2806D80D280BD834
:102C7000052814BF022003207047132804D01A2807
:102C800014BF0220012070470120704710B5034691
:102C9000BFF35B8F53E8000F40EA010243E80024D2
:102CA000002CF7D1BFF35B8F10BD38B5C3681D781A
:102CB00075B9B3F801000F21F4F702FD044638B1ED
:102CC0002946F4F765FC2046BDE83840F4F710BC0F
:102CD00038BD08B5C36801211888F4F7F1FC18B1B4
:102CE000BDE80840F4F704BC08BD01210C30FFF733
:102CF0005BBE38B5C5680121B5F80100F4F7E0FC0A
:102D0000044698B12B783BB9D5F80330C0F8993018
:102D1000D5F80730C0F89D30201D4FF48031FFF703
:102D2000B5FF2046BDE83840F4F7E2BB38BD30B40B
:102D300002EBC303044608469A4201D130BC7047F7
:102D4000114611F8085BA54206D1018A53789942D1
:102D5000F4D330BC536818470A46EDE7BFF35B8FE6
:102D600050E8003F0B4040E80032002AF8D1BFF3A2
:102D70005B8F70472DE9F047D0F80C80028A98F8F5
:102D800000309B000133934241D9BDE8F08708EB46
:102D900086030F21B3F80100B3F80370F4F790FC39
:102DA000044628B100F1C40947B92046F4F7A0FB56
:102DB000013698F800309E42E9DBE6E76569002DB0
:102DC000F3D0A2692B686361954208BFA3612046D6
:102DD000F4F72CFBFBF710F9C5F800A0236A9BB9A8
:102DE000C4E90755BFF35B8F59E8003F013B49E851
:102DF0000032002AF8D1BFF35B8F00212046013F4B
:102E0000F4F720FBBFB2CFE71D602562EAE700269A
:102E1000B246CEE770477047C0F307231070000C2E
:102E20009070000A5370D0700023C1F30720090E80
:102E3000137150719371D171704773B5C5680121D9
:102E4000B5F80100F4F73CFC0446002851D02B787B
:102E50001A2B00F1040619D1C378012B2DD14FF4A0
:102E600080413046FFF712FF42040FD4D4F88C3073
:102E700000936946D4F8943001932046F5F7B4F9ED
:102E8000204602B0BDE87040F4F732BB2B78A3B9FE
:102E9000B5F8033040F2E2425343C4F88830B5F845
:102EA0000530A4F89030B5F80730A4F892306FF4EC
:102EB00080513046FFF752FF17E0BFF35B8F636826
:102EC000BFF35B8FDB04F2D52B78202BEFD194F886
:102ED0009830002BEBD0013B84F898304FF420322F
:102EE000002304F14000FBF7FBFA2046F4F7AEFDA7
:102EF000C6E702B070BD0020704738B5C568012133
:102F0000B5F80100F4F7DCFB044688B1E878F2F785
:102F10006BFD84F8A8002879F2F766FD84F8A90013
:102F20002046F4F7E5FD2046BDE83840F4F7E0BA66
:102F300038BD10B5028843889A4218D8052A16D998
:102F4000B3F5486F13D88488B4F5FA7F0FD2C188DF
:102F5000A1F10A0292B240F67640824207D804FB01
:102F60000333B3EB810F34BF0120002010BD0020DC
:102F7000FCE738B5C3680F21B3F801001D78F4F7FA
:102F80009FFB044638B365B12846F2F737FD294662
:102F900002462046F4F73EFE2046BDE83840F4F7EE
:102FA000A7BA8378012B07D102F01AFD2046FFF75C
:102FB00043FE002808BF05252846F2F71FFD2946D5
:102FC00002462046F4F726FE002DE5D005212046D6
:102FD00000F005FDE0E738BD70B5C6680F21B6F812
:102FE00001003578F4F76CFB044670B34DB1284608
:102FF000F2F704FD294602462046F4F70BFE204670
:1030000003E0F378C27A9A4203D1BDE87040F4F746
:103010006FBA8278C372012A08D10BB102F0E0FCCA
:103020002046FFF709FE002808BF05252846F2F7CD
:10303000E5FC294602462046F4F7ECFD002DDED0E3
:103040000521204600F0CBFCD9E770BD0020704779
:1030500008B5F8F775F818B1408A003818BF012094
:1030600008BD73B506460D4601AA002142F22F00A5
:10307000F2F730FD044648B90198C368B3F801205F
:103080003280B3F803302B80F2F74AF8204602B0C2
:1030900070BD70B506460D464FF0FF304FF0FF3162
:1030A000F2F77AFC044668B103210C30FFF742FCCA
:1030B0000680857021460022BDE8704040F206403F
:1030C000F2F708BD6FF0680070BD38B54FF0FF3102
:1030D00005464FF0FF30F2F75FFC044668B102216D
:1030E0000C30FFF727FC2B88038021460022BDE827
:1030F000384042F21600F2F7EDBC6FF0680038BDC0
:10310000F8B507460E464FF0FF304FF0FF31154639
:10311000F2F742FC044678B106210C30FFF70AFCB6
:103120003B8803804680858021460022BDE8F84028
:1031300042F22200F2F7CEBC6FF06800F8BDC06822
:1031400003780BB9F2F798BD7047F0B5C5682F88C2
:1031500087B00121B8B2F4F7B3FA064660B302AC07
:10316000D5F80220D5F8063001946989009102F063
:1031700061FA18B34FF0FF304FF0FF31F2F70CFC5B
:103180000546B0B112210C30FFF7D4FB03462246AE
:1031900023F8027B144603CC596006A98C421860C0
:1031A000224603F10803F5D1294642F21A00F2F74C
:1031B00049FC3046F4F79CF907B0F0BD4FF0FF3002
:1031C0004FF0FF31F2F7E8FB04460028F1D002216E
:1031D0000C30FFF7AFFB2146078042F21B00E6E709
:1031E00070B506460D464FF0FF304FF0FF31F2F755
:1031F000D3FB044660B103210C30FFF79BFB068034
:103200008570214642F22100BDE87040F2F71ABCF9
:1032100070BD73B5C368D9789A781E8842EA0122D6
:10322000ADF8002059791A7942EA0122ADF802205E
:10323000D9799A7942EA0122ADF804201A7A5B7AA8
:10324000B4B242EA032301212046ADF80630F4F778
:1032500037FA054628B902212046FFF7C1FF02B020
:1032600070BD6946F4F76AFC38B91E212046FFF7A5
:10327000B7FF2846F4F73CF9F1E74FF0FF304FF085
:10328000FF31F2F789FB04460028F2D00E210C3002
:10329000FFF750FB00230680C0F80A30BDF800306D
:1032A0004380BDF802308380BDF80430C380BDF890
:1032B00006300381214642F22000F2F7C3FBD8E733
:1032C000BFF35B8F0068BFF35B8F70470B680360D1
:1032D0008B8883808B798371704708B5072204F04F
:1032E00095FEB0FA80F0400908BDF8B50F461446C7
:1032F00038BB4FF0FF304FF0FF31F2F74DFB054682
:1033000010B327210C30FFF715FB3946FFF7DEFF1E
:1033100006462246C31D04F1100152F8040B43F87F
:10332000040B8A42F9D11022002106F1170004F0A3
:103330005EFE29460022BDE8F84042F22700F2F77F
:10334000C9BB6FF01500F8BD6FF06800FBE7037AAA
:103350005B07024605D501462E3211F8010BFFF737
:10336000C4BF704738B54FF0FF3105464FF0FF300E
:10337000F2F712FB044658B129460C30FFF7E9FA80
:1033800021460022BDE8384042F22D00F2F7A2BBF0
:103390006FF0680038BD10B400F11803BFF35B8F05
:1033A00053E8002F22F4005143E80014002CF7D119
:1033B000BFF35B8F930403D510BC012100F0A2B9C9
:1033C00010BC704770B5044686B00E46013001311E
:1033D000FFF783FF2E34162200210546684604F0CD
:1033E00006FE10226946204604F010FE40B110226D
:1033F00006F12E01204604F009FEB0FA80F04009E3
:10340000284300F0010006B070BD38B54B68054692
:103410000C4673B90B7A13B9037A5B0709D5206898
:103420002A7803789A4204D02946FFF7CBFF00B1EF
:10343000656038BD00F1180208B503461046FFF775
:103440003FFFC10511D5BFF35B8F52E8000F40F479
:10345000005042E800010029F7D1BFF35B8F184606
:103460000021BDE8084000F04DB908BD08B500F1E5
:1034700018031846FFF724FFC20506D51846FFF7C4
:103480001FFF030644BF01230B7008BD10B50C4697
:1034900030B919B1F7F716FE00B1441C204610BD33
:1034A0000024FBE770B50D460446002848D00029EB
:1034B00046D000F118031846FFF702FF820715D423
:1034C0000A68C4F809208A88A4F80D200122227213
:1034D000BFF35B8F53E8001F41F0100143E8001277
:1034E000002AF7D1BFF35B8F002070BD4FF0FF3093
:1034F0004FF0FF31F2F750FA064620B307210C30A7
:10350000FFF718FA0346627803F8012B2A68C0F81F
:103510000120AA889A803146002242F23500F2F753
:10352000D9FA0028E1D104F10903AB421FBF2A6890
:10353000C4F80920AA88A4F80D2001232372D3E738
:103540006FF01500D1E76FF06800CEE713B50446C1
:1035500080B106216846F9F78DFC48B99DF8053021
:10356000694603F03F0320468DF80530FFF79AFFC8
:1035700002B010BD6FF01500FAE71830BFF35B8F93
:1035800050E8003F23F0200340E80032002AF7D142
:10359000BFF35B8F7047037AD90704D523F001038B
:1035A0000372F2F78BBD990704D523F0020303726F
:1035B000F2F71EBE704700207047BFF35B8F0068B4
:1035C000BFF35B8F704708B5FFF7F7FF084100F0C6
:1035D000010008BD10B50346BFF35B8F53E8000F31
:1035E00000EA010243E80024002CF7D1BFF35B8F0F
:1035F00010BD012310B403FA01F1044662B1BFF318
:103600005B8F54E8003F0B4344E80032002AF8D1B6
:10361000BFF35B8F10BC704710BCC943FFF7DABF24
:1036200073B51D469DF81C309DF82060044663B1BB
:103630005EB1069B00956A4642F23801204601932E
:10364000F2F7EAFF68B102B070BDCDE90012204682
:103650006A4642F23701F2F7DFFF0028F3D1002E6D
:10366000E7D1BFF35B8F183454E8003F43F0040305
:1036700044E80032002AF7D1BFF35B8F0020E2E775
:103680002DE9F041804686B00F464FF0FF304FF0F5
:10369000FF311446F2F780F9054680B300F10C06BD
:1036A0003FB301213046FFF754F901213046FFF7BF
:1036B00050F998F801103046FFF74BF9DCB121883A
:1036C0003046FFF74EF9C4B1A1783046FFF741F913
:1036D00008F1180203A9284600970823F2F74AF9CF
:1036E0000022294642F23900F2F7F4F906B0BDE8AB
:1036F000F0813946D6E72146E2E72146E5E76FF05B
:103700006800F3E70022FFF7BBBF203003F080BB67
:1037100038B50D460446D0B10846F3F7DFF8B0B12E
:1037200004F1180208211046FFF74DFF78B92978F7
:103730002378994204D06FF020011046FFF74AFF2A
:10374000294620460022BDE83840F3F76BB96FF0F8
:10375000150038BD38B5044620B304F11805FFF74D
:10376000D4FF08212846FFF72EFFE8B16FF0800153
:103770002846FFF72FFF030604D52046FFF7FDFE7E
:10378000F2F770FC09212846FFF71DFF18B1002150
:103790002046F3F77FF8002220461146BDE8384066
:1037A000FFF76EBF6FF0150038BD2DE9F04385B00F
:1037B0000F46DDF8308099460446F8B100F118064E
:1037C0000B213046FFF7FFFE0A2105463046FFF782
:1037D000FAFE3DB118B12AB16FF085000BE0B8F1E7
:1037E000000FF9D1CDE90150CDF800804B463946A4
:1037F0002046FFF715FF05B0BDE8F0836FF0150018
:10380000F9E77FB5C5682878F3F716FA044698B14A
:1038100043688BB19B687BB101352846FFF7ABF954
:1038200002AE294650B13046FFF79AF96368019617
:103830009B6801A92046984704B070BD2078FFF727
:1038400025FE0346006802909A889B79B371B28086
:10385000ECE701F12003013813F8012D00F8012FE6
:103860008B42F9D1704700230B60436813B9C0E95C
:1038700000117047196041607047D0F8B8000038F7
:1038800018BF01207047084689691160C2691A6033
:10389000C27A0021183004F0AABB10B50346BFF36A
:1038A0005B8F53E8000F40EA010243E80024002C3C
:1038B000F7D1BFF35B8F10BD2438F3F78BBD0368DE
:1038C00000220BB9184670478B4210D10B6842B9E1
:1038D00042680360914200D1436000230B600120E5
:1038E000704713604368994208BF4260F5E71A4683
:1038F0001B68E6E710B50446006918B1F1F710FC43
:103900000023236110BD70B516460D460121044603
:10391000F3F798FD012E17D0022E17D1236913B1AA
:103920002046FFF7E7FF256121690A8A012A39D974
:10393000CB681B8804339BB29A4233D32AD92046E2
:10394000BDE87040FFF7D6BF206918B92046FFF7E1
:10395000D1FF01E02A8A22B92846BDE87040F1F77C
:10396000DFBB018A438A46695B1AC168891B5B1AFF
:103970009A4207D901460022204600F048FA002367
:103980002361E9E7E9680C30FEF7DAFF2846F1F732
:10399000C7FBC9E70023236120460122BDE8704030
:1039A00000F035BA70BD10B500F1CC02BFF35B8FEB
:1039B000D0F8CC30BFF35B8F7BB1BFF35B8F591C6A
:1039C00052E8004F9C4204D142E8001CBCF1000FB9
:1039D000F6D1BFF35B8FE7D110BD1846FCE710B5F9
:1039E000437B023B0446062B16D8DFE803F00904AC
:1039F0001515150B0900017300212046F3F7C8FDCA
:103A0000002010BD0088FFF744FB0028F9D1637B3C
:103A1000072BF5D10821F0E76FF07F00F1E710B533
:103A20000446D0F8A40028B9207A04F17001F7F711
:103A300087FB38B1E278438A2AB903F021000038C5
:103A400018BF012010BD03F02400F8E78278012A96
:103A5000034606D1C07A28B1D3F8A40010B1007C87
:103A600070470020704738B58378012B044627D172
:103A7000437B072B27D10B0601F07F050CD54FF4B4
:103A800000410430FFF709FFA5722046F6F7E8FF72
:103A900008B1637AA37238BD437AAB4216D2837AF7
:103AA000AB4213D2BFF35B8F031D53E8001F21F419
:103AB000004143E80012002AF7D1BFF35B8FE3E730
:103AC0006FF01500E7E76FF07F00E4E70020E2E722
:103AD0008378012B0CBF407A0020704738B5037AF9
:103AE0008B420446154615D100F170010722284685
:103AF00004F08CFA80B1E378072243B904F17E0127
:103B0000284604F083FAB0FA80F0400938BD04F189
:103B10007701F5E70020F9E70120F7E708B5F4F7AA
:103B2000CDF810B1F3F7E4FC012008BD8378012B38
:103B30000CBF70300020704720B183781940081EF8
:103B400018BF01207047F8B507460D464FF0FF300B
:103B50004FF0FF31F1F720FF0646D0B10E210C30B7
:103B6000FEF7E8FE0E220446002104F040FA3B88EE
:103B700023802B8863806B88A380AB88E380EB88ED
:103B8000238131460022BDE8F84042F21300F1F7EC
:103B9000A1BF6FF06800F8BD8378012B01D101F05F
:103BA00095BE6FF015007047704710B50446FAF7E0
:103BB0007BFF234653F8402BD2F8B81061B921643B
:103BC000D2F8BC1061B9C2E92E33FAF781FF206840
:103BD000BDE81040F3F7B8BC8B42F6D00968EDE7BA
:103BE0000B60C2F8BC30F0E703682BB141681A687B
:103BF00002608B4208BF4260704770472DE9F8436E
:103C0000446B2CB154F8085905B1083D00270CB994
:103C1000BDE8F883D4E900682EB3FAF745FFD6F87B
:103C2000B83004F14001002263B1994233D1236CD2
:103C30004ABBD6F8BC20C6F8B830914201D1C6F8CC
:103C4000BC302764FAF744FF04F130090022002356
:103C50004846FAF79FF9064600BBD8F804300BB186
:103C6000204698472760E3680BB120469847D8F86C
:103C700020300BB120469847DDB1AB6803B1083B5B
:103C80002C461D46C3E71360D6F8BC30994208BFE6
:103C9000C6F8BC20D5E71A461B68C5E7B36923B14F
:103CA000F16920686FF06D0298473046F1F738FAF5
:103CB000CCE72B46E4E738B5406B0D4620B150F811
:103CC000084904B1083C00B938BD43689B680BB192
:103CD000294698472CB1A36803B1083B20461C46EF
:103CE000F1E72346FAE7F8B50E46002107461546E8
:103CF00000234FF480320846F4F79CF9044630B1B3
:103D000004210C30FEF716FE0770467045802046F1
:103D1000F8BD70B505460068B8B1407B072814D1DE
:103D2000002A0E7A0CBF01200220864210DCC87ADD
:103D300007280DD98A61CB6105F1300002F06EFFD2
:103D40002846FFF732FF002070BD6FF07F00FBE7D1
:103D50006FF01500F8E7406B30B1838B8B42A0F118
:103D6000080001D08068F7E7704710B54AB989B2FA
:103D7000FFF7F1FF28B143689B6913B1BDE810401C
:103D8000184710BD38B50D460521FFF7E4FF0023A5
:103D90001A462946FFF7BDFF044610B12846F1F741
:103DA000BFF9204638BD38B50B8A032B05460C46B3
:103DB00021D9042104F10C00FEF7F6FD238A428884
:103DC0009A4218D14178B1B10378012B13D0132B4B
:103DD00011D0022201202D68FFF785FF044650B163
:103DE00002210C30FEF7A6FD00230370437021462C
:103DF0002846FFF7C7FF002038BD406B30B18389EC
:103E00008B42A0F1080001D08068F7E7704738B511
:103E10000B8A032B05460C4604D82046BDE83840E3
:103E2000F1F77EB9042104F10C00FEF7BDFD4188D5
:103E30002846FFF7E2FF0028EFD0436821465B6980
:103E40009847EAE770470346006828B15968026856
:103E50001A60884208BF5A6070470346002003B9C1
:103E600070471A8A5B681044F9E710B5D468237864
:103E7000023113B92170012010BD8B42FBD0038A9F
:103E8000023B038200201061F6E72DE9F041044671
:103E90008868FFF7E2FF638B628D934228BF134669
:103EA00083420D461DD32165D1F8088000278F601D
:103EB000FAF7FAFD41462046F4F7FCF9064638B118
:103EC000C5F808802765FAF703FE3046BDE8F081A3
:103ED000618D638B994228BF1946284601F041F94C
:103EE000F1E76FF07906F0E72DE9F041C469074684
:103EF00044B154F8986906B1983E0022154607F17E
:103F000004080CB9BDE8F081236D9BB905B98AB9E5
:103F10004046FFF798FF054658B101462046FFF797
:103F2000B4FF0028EED07B682B60BB687D6003B9CE
:103F3000BD60224636B1D6F8983003B1983B34467E
:103F40001E46DEE73346FAE773B5144601460546DA
:103F50004FF49572206800F0C6FF207530B92068D4
:103F6000294601F001F920B908232375002002B089
:103F700070BD237AB3B1A3F11802534253419B00A1
:103F80000193638A0093AE68238AE2682068294619
:103F9000B047002808DB238A83420CD10023237515
:103FA0000120E4E70223EBE710F1FF0F03D34042C7
:103FB000C0B22075DAE70E20FBE738B504460D469F
:103FC000F4F778F930B1294604F15400BDE83840DF
:103FD00002F024BE38BDF8B59368166805460F4652
:103FE000144663B9506801210C30FEF7A3FCA060B1
:103FF0002B681B78002B14BF022301230370A368D6
:104000001B78012B03D0022B1FD000201CE02B6853
:104010001B78002BF9D1606804210C30FEF78AFC74
:10402000E06007802A68E36852885A806168728D70
:10403000738B088A9A4294BFC0EB0200C0EB030066
:10404000042894BF00200120F8BD2B681B78022BA8
:10405000DBD1606812210C30FEF76CFCE060078059
:104060002B68E268591C0232113351F8040B42F8F4
:10407000040B9942F9D16168728D738B088A9A4258
:1040800094BFC0EB0200C0EB03001228D9E770B464
:104090000668F2695AB3144654F8983903B1983B4C
:1040A000002211467CB9438D408B8B4201D890424F
:1040B0001FD9824238BF02469942306838BF19463C
:1040C00070BCF6F731B8844207D0658D648BA94285
:1040D00038BF2946A24238BF224633B1D3F89850A0
:1040E00005B1983D1C462B46DCE71D46FAE7114614
:1040F000D9E770BC70472DE9F041CB681F88BBB28F
:10410000162B05461BD90321F4F77EF90646C0B1EC
:1041100002210C30FEF70EFC00244FF0410880F81D
:104120000080447031462846FFF747FF2846A5F82F
:104130001A806F85FFF7ABFF2046BDE8F0810420B1
:10414000FBE70E20F9E7D0680378043113B901705A
:10415000012070478B42FBD091680B8A0020043B02
:104160000B82106170472DE9F04188461746012106
:10417000042205461E46F4F7F5F8044670B1042102
:104180000C30FEF7D7FB80F80080A0F80170C670F5
:1041900021462846BDE8F041FFF70FBFBDE8F0819A
:1041A0001FB5CDE90123002300931A46F5F73AFB2A
:1041B00005B05DF804FB0368002203B970478B4229
:1041C0000FD10B683AB942680360914200D1436055
:1041D00000230B60704713604368994208BF426038
:1041E000F6E71A461B68E8E7BFF35B8F50E8003F2D
:1041F00043F0080240E800210029F7D1BFF35B8FAC
:10420000C3F3C000704707B5CA681388528800928C
:104210000C210D22F4F79AF903B05DF804FB07B501
:10422000CB6800221B8800920A210B22F4F78EF93A
:1042300003B05DF804FB70B504460E46002200236F
:104240000846F9F7A7FE054658B101462046F4F79F
:1042500031F8044618B12946304602F0EAFC2046FF
:1042600070BD6FF00104FAE737B50C46054601F161
:104270000C00FEF7A9FB228A0192E2680092034635
:10428000132212212846F4F79FFB03B030BD37B547
:104290000C46054601F10C00FEF796FB228A0192BE
:1042A000E26800920022034611462846F4F78CFB90
:1042B00003B030BD2DE9F04391B0D2F8008007463D
:1042C0000E46002542F601030068D8F804908DF8E8
:1042D0002C500BA91446ADF82E30FEF7E6FB002853
:1042E00000F082804FF4205338688DF82C500BA9D1
:1042F000ADF82E30FEF7D9FB38B1A3681BB15A8850
:10430000B24200D25E80012010E061680846FFF7EB
:10431000A4FDB8F82A20B8F81A309A4294BFC0EB2E
:104320000200C0EB0300032803D8002011B0BDE851
:10433000F0830846FEF7D1FA616805460846FFF7A4
:104340008CFD6B8A2A8AA3EB020C6B69EA68D21A8D
:10435000ACEB0203B8F81AC0B8F82A20944594BF11
:10436000C0EB0C00C0EB0200834228BF03466BB9D0
:10437000887AF0F72DFE00220023FEF77BFA05462F
:104380000028D2D001466068FEF7B8FA00230093F7
:10439000D7F804803946102302AA4846C047071EB2
:1043A00022DB227CE068BA421AD001460BA8FEF755
:1043B000A9FBC8B1FAB202A906A8FEF7A3FB98B1FF
:1043C00006A90BA8FEF771FB70B9002363740421E2
:1043D00005F10C00FEF7AEFAA0600680A36891E735
:1043E00002A903F013FEEFE70023A3608BE72DE99A
:1043F000F04F064685B0104690469946FFF72DFDD2
:10440000738B728D934228BF134683428B4675D9B6
:10441000736803934046FEF760FA4FF0000A0446C3
:104420004046FFF71AFDE168228A658A6369778B47
:10443000CB1AAD1AED1A738D9F4294BFC0EB0700E3
:10444000C0EB0300854228BF054625BB98F80A004B
:10445000F0F7BEFD00220023FEF70CFA044608B96F
:10446000574627E001464046FEF748FA4046FFF728
:10447000F4FCE168228A658A6369778DCB1AAD1AEC
:10448000ED1A738B9F4294BFC0EB0700C0EB030093
:10449000854228BF0546CDF80090DBF804700398EC
:1044A0000A44ABB25946B847071E07DABAF1000F03
:1044B00018BF5746384605B0BDE8F08F0E9BABB924
:1044C000394604F10C00FEF735FA4046FFF7C5FC0B
:1044D000738D728B934228BF1346B9448342BA440A
:1044E0001FFA89F9BCD9AF429AD0B9E70F9A0E9B4F
:1044F0003946204698470028E2D1B1E70027D9E79E
:104500002DE9F3411768D7F804800023144613738C
:10451000014606469522404600F0E5FC054620731C
:1045200030B93146404600F01DFE28B908232373F8
:10453000002002B0BDE8F081A068798B7A8D038AF3
:10454000914294BFC3EB0103C3EB0203012BEFDDE8
:1045500002210C30FEF7EEF9CDE900558046A38824
:10456000A26831463846FFF742FF031E06DA13F110
:10457000FF0F26BF5B42DBB20E23D8E7A8F800305E
:104580000120D6E72DE9F3411768D7F8048000230E
:1045900014461373014606469522404600F0A3FCDC
:1045A0000546207330B93146404600F0DBFD28B99E
:1045B00008232373002002B0BDE8F081CDE9005547
:1045C0003146A388A2683846FFF711FF002807DAB2
:1045D00010F1FF0F26BF4042C0B20E202073E9E762
:1045E0000120E8E7F8B50546071F00F1480350F839
:1045F000044CBFF35B8F53E8001F21F0040143E834
:104600000012002AF7D1BFF35B8FFCB1EB6C83B9CA
:10461000636873B1201DFFF716FC06460146384655
:10462000FFF733FC90B163683360A368666003B939
:10463000A66005F150013846FFF7FDFD30B104F1E9
:104640000C013846BDE8F840FFF7F5BDF8BD08B5E8
:10465000437B072B01D0002008BD0421FFF7CDFBD1
:104660000028F8D0BFF35B8F836CBFF35B8FDB0751
:10467000F1D550F8040CEFE738B50546BFF35B8F72
:104680000B68BFF35B8FDB0716D550F8040C98B1AD
:10469000EB6C8BB90430FFF7D6FB044660B10146E2
:1046A000281FFFF7F2FB38B155F8043C5A68226026
:1046B0009A685C6002B99C6038BD70B50E461546BC
:1046C000FFF7C5FF78B1C3696BB1184650F8983948
:1046D00003B1983B691C428D448BA24228BF2246FD
:1046E000914202D93BB9002070BD2A463146BDE84F
:1046F0007040F3F737BED3F8984004B1983C1846A1
:104700002346E8E7F5F70EB810B504466438F4F729
:104710002FFC54F8640C1321BDE81040FFF75FB97B
:1047200070B550F8043C0446061F002B34D039B154
:10473000C36C002B30D01B7CDA072DD505231EE07F
:1047400005682846F5F710FD6B7A012B24D0E46C40
:1047500014B3237CDB071FD5E368002BEED062691E
:10476000617C3046F3F7FEFD054638B1D4E9051209
:10477000E368984750B12846F0F7D2FC0E23002298
:1047800030461146BDE87040F4F7BCBB29463046C0
:10479000F3F790FD0028EED170BD08B500230A8A1A
:1047A000C968F4F7AFFB002008BD70B50D46FFF7F0
:1047B0004EFF044628B92846F0F7B2FC6FF07F00A0
:1047C00070BD00F10C062946304602F027FAE46974
:1047D000C4B154F8985905B1983D0022104607E03D
:1047E00022467DB1D5F8983003B1983B2C461D4642
:1047F000831C01D1002AF4D131462046FFF71BFD6E
:104800000028EDD10020DBE738B505460C46FAF765
:104810004BF92846FFF71BFF20B9FAF759F96FF05B
:104820007F0038BD0023236083683BB9C0E90144A1
:10483000FFF75AFBFAF74CF90020F2E71C6084609E
:10484000F6E70120704708B5FFF701FF98B1C3698B
:104850008BB1BFF35B8F983B03F14C0252E8000F22
:1048600020F0080042E800010029F7D1BFF35B8F78
:10487000D3F89830ECE708BD08B50421FFF7BDFA7E
:1048800030B1BFF35B8F806CBFF35B8FC0F3C000B0
:1048900008BD10600020704710B5029CA36833B1BA
:1048A000B1F5807F28BF0E21CAB221469847A37D6B
:1048B000E268013BDBB2A37522B11BB92046BDE81B
:1048C0001040104710BD10609180002070470020FC
:1048D000704708B5072203F099FBB0FA80F0400951
:1048E00008BD10B503789342044607D10130FFF7A5
:1048F000F0FF002814BF2046002010BD0020FCE778
:1049000010B50346BFF35B8F53E8000F40EA010286
:1049100043E80024002CF7D1BFF35B8F10BD10B526
:104920000346BFF35B8F53E8000F00EA010243E840
:104930000024002CF7D1BFF35B8F10BD0B68036020
:104940008B8883808B7983717047BFF35B8F00689E
:10495000BFF35B8F704770B50D46064611F8010B2B
:10496000F3F7ACF9044610B12C89F2F7C1FD6B895D
:10497000A34207D0EB686C8123B121463046BDE8E5
:104980007040184770BD38B5BDF81040A2421546BA
:104990000CD84CB16BB1A41A8C42A8BF0C46A4B27F
:1049A0002246591903F015FB204638BD6FF0060466
:1049B000FAE76FF00D04F7E730B585B0C968144623
:1049C0001D46F4F753FC00B10089ADF80E00022338
:1049D0000093BDF820200DF10E0329462046FFF775
:1049E000D2FF05B030BD1FB50C461946E3681C78F0
:1049F0001046BDF818203CB110240133069404B0D1
:104A0000BDE81040FFF7BFBF5B88ADF80E30022352
:104A100000930DF10E03FFF7B6FF04B010BD30B5E3
:104A200085B01D46002314468DF80C30F4F7ECFBDE
:104A300010B1037A8DF80C3001230093BDF82020CB
:104A400003AB29462046FFF79EFF05B030BD10B5E9
:104A5000F4F752FB044640B1014611F8010BF0F7A0
:104A600075FC002323606360A36010BD70B500F186
:104A7000700605463146007AFEF7EAFA04463146EA
:104A8000287A1CB1BDE87040FFF7E1BFF4F734FBB2
:104A900010B104604460846070BD022A10B508D172
:104AA000002300F170011A46007AF4F735FC022069
:104AB00010BDFFF7DBFFFAE737B504460D46F4F704
:104AC000D9FA024698B1037A8DF804300C30FFF71A
:104AD0003CFF10F0010318BF01238DF8053001AA37
:104AE000022329462046F0F739FC03B030BD0346C7
:104AF000F7E7F0B507683D7889B00646144635BB40
:104B00007B88B3F5245F04D01BD8A3F52053032B77
:104B10001DD8ADF80A1002220DF10A01204602F05C
:104B2000C4FD48B97B88ADF80A3002220DF10A01B4
:104B3000204602F0BAFD70B16FF01503C4F85C3185
:104B400006E003F55643FF339BB2042B15D901252C
:104B5000284609B0F0BD009003AA776813233146B8
:104B6000B847021E02DAC4F85C21F1E703A9204627
:104B700002F09BFD0028EAD0DEE7ADF80A10022221
:104B80000DF10A01204602F090FD0028D4D17B8867
:104B9000ADF80A3002220DF10A01E8E708B50C3041
:104BA00029B10121FFF7ACFEC043084008BD6FF0FA
:104BB0000101FFF7B4FE00F00100F7E710B504466D
:104BC000FFF7ECFF38B121460122BDE8104011F893
:104BD000010BF4F75FBB10BD2DE9F0419846BDF81D
:104BE0001830012B064617462ED84344012B454664
:104BF0002DDCF4F709FB044618B9F4F705FB04466D
:104C000040B3B8F1000F11D0217A002321FA03F24A
:104C1000D00703D53A78DA40D2071ED50133032BEB
:104C2000F4D13B7803F007031943217206F17001B8
:104C3000601CFFF783FE337A237001212046FFF7C3
:104C4000BDFF2846BDE8F0816FF00605F9E76FF07B
:104C50000C05F6E76FF01005F3E76FF01205F0E7CB
:104C600070B504461546FFF7ECFD48B12046F4F751
:104C7000CBFA28B1037ADB0702D50121FFF79EFFAB
:104C800085B9207A04F17001F4F736FA024648B18A
:104C900001468560BDE8704011F8010B042308321D
:104CA000F0F746BB70BD2DE9FF41884616461F460A
:104CB000044628B96FF01505284604B0BDE8F08118
:104CC00002A9FDF7CAFE05460028F3D101A9204636
:104CD000FDF768FC0198D0B902A90020F4F7CAF9E1
:104CE000044648B9F4F790FA044678B3002300F874
:104CF000013B02A9FFF722FEB8F1000F22D00222E9
:104D000069463846B047002808DA0546D4E70A2243
:104D10002946FCF763F90028DED0CBE79DF8003088
:104D20002372022804D000212046FFF747FFC3E783
:104D30009DF801100129F6D801F001012046FFF786
:104D40002DFFB9E72046F4F7AFFBB5E76FF00B0591
:104D5000B2E738B5BDF81010BDF81840059DA14266
:104D600010460CD84CB16DB1641A9C42A8BF1C46C9
:104D7000A4B22246294403F02CF9204638BD6FF036
:104D80000604FAE76FF00D04F7E713B5044610B90F
:104D9000002002B010BD00238DF80430006842F6F8
:104DA000030301A9ADF80630FDF77FFE0028EFD11F
:104DB000E36898880028ECD12046F4F703FD013021
:104DC00080B2E6E770B5CC6888B008461E46A37985
:104DD0008DF80C301546FFF7D8FFADF80D002468AC
:104DE00023786BB96388ADF80F3005230093BDF8C5
:104DF000302003AB31462846FFF7C5FD08B070BD33
:104E0000631C0DF10F02113453F8041B42F8041B0C
:104E1000A342F9D11323E9E71FB5CDE9012300230C
:104E200000931A46F4F7FEFC05B05DF804FBF4F7B6
:104E3000E9BD38B5044659B100F170052946007A3C
:104E4000F4F776FE207A2946BDE83840FFF734BEF5
:104E500038BDF8B506460F46F4F72CF93946044636
:104E60003046FEF7F5F868B364B304F108056FF057
:104E700001012846FFF753FDC20703D539463046E6
:104E8000F4F756FE6FF002012846FFF748FD83074E
:104E900003D539463046FFF70FFE2846FFF755FD8C
:104EA00080B9234603F8010BC4F80100C3F80300DE
:104EB000BFF35B8F55E8003F45E80002002AF9D1B7
:104EC000BFF35B8FF8BD10B50446A0F1170110F8D1
:104ED000180CFFF7BEFF14F80C0CA4F10B01BDE891
:104EE0001040FFF7B6BF38B54C8AD3070546C4F368
:104EF0000E0404D514F0950F2AD04B6843B39007E5
:104F000004D514F4957F25D08B681BB3144014F49A
:104F1000DE7F0DD0EB7A2BB92846FEF780FDD8B99D
:104F2000052038BD14F0300F04D114F4C07F07D130
:104F30000020F6E72846FEF7CBFD0228F5D8EFE77C
:104F4000D5F8A430002BEBD05B7CDB06E8D5EFE78F
:104F50000220E6E70320E4E70F20E2E72DE9F04135
:104F6000437B072B86B006460C46154640F08580ED
:104F700000238DF81430206842F6030305A9ADF82C
:104F80001630FDF792FD90B96768002F75D000903C
:104F9000012304AA2146B84701286ED19DF810309C
:104FA00013F0300F69D02046F4F70EFE04460023BC
:104FB00020688DF8143005A942F60213ADF81630BA
:104FC000FDF773FD18B12046F4F7FEFD04460027F7
:104FD00042F6021820688DF8087002A9ADF80A8020
:104FE000FDF763FDF8B9002320688DF8143005A99A
:104FF00042F60213ADF81630FDF757FD00283CD1FC
:105000006768002F39D00090022305AA2146304658
:10501000B847022831D1BDF8143005EA0300003842
:1050200018BF01202AE020688DF80C7042F60303B7
:1050300003A9ADF80E30FDF738FD0028D3D0206865
:105040008DF810704FF4205304A9ADF81230FDF71D
:105050002CFD0028C7D020688DF8147042F601039B
:1050600005A9ADF81630FDF720FD0028BBD020467D
:10507000F4F7AAFD04460028ACD1002006B0BDE834
:10508000F081F8B514460F46942261680646FFF792
:105090002AFF20BB616801223046FFF75FFF08B39B
:1050A000A2891B2102323046FFF707FB0546E0B11B
:1050B000A1890C300231FDF73DFC20F8027BA2896A
:1050C000A16802F086FFD4E9041228460123F3F711
:1050D000B3FF29463046BDE8F840FFF766BB4FF006
:1050E000FF30F8BD6FF01500FBE76FF00B00F8E73D
:1050F0002DE9F04105468846F4F786F80446E0B10C
:10510000037ADB0719D500F10C073846FFF71DFCC1
:1051100010F0010611D1B8F1000F0FD06FF00201AD
:105120003846FFF7FCFB10F0020F284609D0FFF7C6
:105130008AFB01212046FFF741FD01263046BDE8EC
:10514000F081FFF77EFB0028F8D02846FFF794FB9C
:105150000028F3D06FF002013846FFF7E0FB284645
:10516000E5E77047012070470120704713B5C0681C
:10517000144668B100238DF8043001A94FF4C053E0
:10518000ADF80630FDF791FC10B9236801332360B8
:10519000012002B010BD0720704708B50621FEF7B8
:1051A0002CFE00B1EC3808BDBFF35B8F0068BFF385
:1051B0005B8F084100F00100704738B50A4603468E
:1051C00009B9012038BD488A10F0240FF9D0197DA3
:1051D0005D7B147CA94228BF29468C4201D900205E
:1051E000F0E7800607D4517CC9070BD4187A003841
:1051F00018BF0120E6E70521181DFFF7D5FF00289D
:10520000F1D1ECE7197A0029E9D00521181DFFF743
:10521000CBFF18B9197A01390129E0D9527CD2079C
:10522000CFD4E3E701238B40DB43BFF35B8F50E830
:10523000002F1A4040E800210029F8D1BFF35B8F0E
:10524000704707207047002370B51A460446EC30BB
:105250000D46FEF75EFD20B12846BDE87040EFF731
:105260005FBF04F59C704FF47022BDE870400023CE
:10527000F9F76AB901238B40BFF35B8F50E8002F29
:105280001A4340E800210029F8D1BFF35B8F704733
:1052900008B50E21FFF7EEFF002008BD38B5054622
:1052A0000B4604300D21FFF77FFFA0B1DC68D5F875
:1052B000EC300220197A03F1700200F021FC80B179
:1052C000224600F12E0304F1100152F8040B43F8BA
:1052D000040B8A42F9D128460921FFF7CBFF0020B1
:1052E00038BD0820FCE770B5051D0E462846042190
:1052F000FFF75AFF68B10022002100230846F2F7A9
:1053000099FE044640B904212846FFF7B3FF204622
:1053100070BD4FF47022EFE701210C30FDF70AFB5E
:105320000670F4E738B504210446FFF7DCFF0546B4
:1053300098B110210C30FDF7FDFA04F1270304F1B8
:10534000370253F8041B40F8041B9342F9D120465E
:105350002946FFF778FF002038BD0820FCE72DE93B
:10536000F04790B004460CAD10220021284602F010
:105370003EFE237A052B1ED8DFE803F00603030662
:105380001D21D4F8D8300C93D4F8EC3004F1470246
:1053900004F1C707CDE9017204F1370803F17E0279
:1053A00004F12709009277334A46414604F19700F9
:1053B000F5F7D8FE98B1082010B0BDE8F087D4F812
:1053C000E430002BE0D02E4603F11007186859682E
:1053D000324603C20833BB421646F7D1D4E7D4F8AD
:1053E000EC3003F177027E3308AE019304F1110330
:1053F0000292009303962B4642464946384600F0F7
:105400007DFC0028D7D1237A052B0FD1D4F8E010EA
:10541000002948D00B46AC4601F1100E18685968B7
:10542000624603C2083373459446F7D1D4F8EC3092
:1054300003F17E0277330DF1100A019304F10A03A0
:1054400002920093CDF80CA02B464A4641463846BE
:1054500000F054FC0028AED11022514604F1B700F0
:1054600002F0D4FD20BB0D212046FFF73CFF07468C
:105470000028A0D010210C30FDF75CFA324603461C
:10548000164603CEAE4218605960324603F1080357
:10549000F6D139462046FFF7D6FE201D0121FFF741
:1054A000E9FE002088E71022284602F0A0FDBDE7B3
:1054B0000B2081E770B5D0F8EC30DB78012B044687
:1054C00019D1CD68061D10213046FFF7ABFE2B46E3
:1054D00004F1B70205F1100153F8040B42F8040B74
:1054E0008B42F9D107213046FFF75EFE28B1092132
:1054F0003046FFF7BFFE002070BD0A213046FFF79F
:1055000053FE0028F3D12046BDE87040FFF727BFC7
:1055100070B5061DCD6804460B213046FFF782FEAC
:105520002B4604F1170205F1100153F8040B42F861
:10553000040B8B42F9D1237A012B09D0022B13D112
:1055400020460421FFF796FEBDE87040F4F7C0BF87
:105550000A213046FFF728FE0028F1D0304600210E
:10556000FFF788FE002070BD0820FCE70720704789
:10557000072070470720704730B5012303FA01F177
:10558000CA43BFF35B8F50E8003F03EA020440E8E0
:105590000045002DF7D1BFF35B8F01EA030000380F
:1055A00018BF012030BD38B50446031D0025BFF3E8
:1055B0005B8F53E8002F43E800510029F9D1BFF376
:1055C0005B8F04F59C7001F023FC2572BFF35B8FA9
:1055D00054E8003F44E80052002AF9D1BFF35B8F42
:1055E00020460121BDE83840FFF744BE70B500F108
:1055F000700605460C4607220968304602F006FD93
:10560000B8B963681A682A679A88A5F874209B79E4
:1056100085F87630D5F8A4305BB1A268934208D003
:1056200062681168C3F801109188A3F80510927997
:10563000DA7170BD2DE9F84FDDF82C80BDF82890A7
:10564000044692461F46FFF7A8FD054600285CD099
:10565000061DB9F1000F27D15AEA070324D103210F
:105660003046FFF7A1FDF8B101213046FFF79CFD60
:10567000D0B12C7D6B7B9C4228BF1C46224605F195
:105680004701404602F0A5FC0F2C06D8C4F11002D9
:10569000494608EB040002F0AAFC30460121FFF75E
:1056A000E9FD0120BDE8F88FD4F8A43083B904F1F6
:1056B000700B217A5A462020F5F7EAFCC4F8A400C2
:1056C00030B9217A5A460120F5F7E2FCC4F8A4006B
:1056D000B9F1000F0CD15AEA070709D1D4F8A41088
:1056E00031B14B8A9B0603D50C7C1E312246C8E79C
:1056F0000F213046FFF758FD20B102220621204637
:10570000F2F788FA2846FFF74EFF0020CAE76FF04D
:1057100085007047F8B5031D06460F46184602215E
:10572000FFF742FD044620B1B6F8E840B4FA84F42D
:10573000640903211846FFF737FD58B13946304652
:10574000F5F750FA052194B1D6F8EC00FEF747F9C9
:105750000020F8BD01211846FFF726FD0028EDD1F5
:105760000F211846FFF720FD0028E7D1EAE7304671
:10577000FFF7B9FD054688B101210C30FDF7DAF8D5
:10578000234607702246294606F1EC00FEF7C1FACF
:105790000028DDD02846EFF7C3FCD9E76FF068009A
:1057A000D7E770B504460820F4F764FD0546E0B17C
:1057B000061D08213046FFF735FDBCB30721FFF772
:1057C00031FD234605F1970204F1200153F8040B43
:1057D00042F8040B8B42F9D10A213046FFF7E4FC72
:1057E00070B109213046FFF745FD0720F4F742FD6F
:1057F0000446E8B1F4F78EFDD0B10821204612E04E
:1058000010213046FFF7D0FC09210028EAD13046AC
:10581000FFF7CAFC0028E8D02846FFF7A0FD0146A4
:105820000028E2D02846FFF775FFDEE70B21F9E7F5
:1058300070BDF0B587B00E461546FFF7AEFC0446C6
:1058400020B96FF01505284607B0F0BDC37A321EA7
:1058500018BF012203F001039A4207D0837C2A1E5D
:1058600018BF012203F001039A42EAD1271D0C213F
:105870003846FFF781FE0028E3D0C4E93865C5B19A
:1058800004F1570102AE2A4600960023084600F0B4
:1058900010FA05460028D6D1D4F8E410102211449D
:1058A000304602F0B3FB20B104212046FFF732FF5F
:1058B000C9E70D212046FFF7DDFC10213846FFF730
:1058C000D9FC2046FFF72EFD0546BCE710B5FFF7D3
:1058D00064FC044610B96FF0150010BD0A210430B5
:1058E000FFF74AFE0028F6D0237A062B11D8DFE80E
:1058F00003F00E04040A100C0C0001212046BDE840
:105900001040FFF707BF0421F8E70221F6E708215E
:10591000F4E70020E1E72DE9F0410E460446D0F817
:10592000EC80F4F7B5FCF768261D05460A213046E1
:10593000FFF722FE38B16DB920463978F5F752F9F4
:105940000020BDE8F0810B213046FFF715FE00284E
:10595000F1D1F1E72B69002BEED040469847EBE7F9
:1059600070B50446A0F1EC0650F84C3BE83CD3F887
:10597000A45001F04DFA03212046FFF715FCA0B119
:1059800008213046F5F72EF93DB16B8A13B16B7CD7
:105990009B0702D5284600F0C7F830464FF4B8728E
:1059A000BDE87040002102F022BB01212046FFF734
:1059B000FBFB0028E4D10F212046FFF7F5FB002870
:1059C000DED1E1E710B508210446A0F59C70F5F79B
:1059D00009F9A4F59A700421BDE81040FFF74ABC0C
:1059E00070B50446FFF7D9FB0546002875D0061DA3
:1059F00003213046FFF7D8FB00286ED0D4F8A4006E
:105A000008B100F091F8207A04F17001F5F7F4FA8A
:105A1000C4F8A40028B928460821BDE87040FFF763
:105A200079BE0E213046FFF7BFFB28B1D4F8A42081
:105A3000537C43F0020353742B7A032B0DD8002BB5
:105A40004CD1D4F8A420537C23F020035374D4F811
:105A5000A420537C23F001030DE0053B012BF0D87B
:105A6000D4F8A420537C43F020035374D4F8A4202A
:105A7000537C43F0010353742B7D697BD4F8A4203D
:105A80008B4228BF0B46137405213046FFF78CFB71
:105A9000D4F8A420537C40B343F0100353740D2179
:105AA0003046FFF781FBC0B1D4F8A400202100F0FC
:105AB00037F8D4F8A43005F147021E33573552F8B1
:105AC000041B43F8041BAA42F9D1D4F8A4200023F4
:105AD00053619361D4F8A420938370BD05213046AF
:105AE000FFF762FB0028ACD0C0E723F0100353742B
:105AF000F3E7437C5B0602D40121F0F79FBA7047BD
:105B000070B504460D461646F5F7C2FA38B9314667
:105B10002846F5F771FA10B1438A1C43448270BDE0
:105B2000438A19434182704710B5037A5B070446E4
:105B300001D5F0F75DFB214611F8010BEFF786FC6C
:105B400020464422BDE81040002102F050BAF0B5D2
:105B5000064693B01446184626B3382204A9A04737
:105B6000041E1FDB02A93046FCF777FF0546C8B9C3
:105B700001A93046FCF716FD019868B9ACB902AA34
:105B800021463F20F5F784FA18B14422214602F05D
:105B90002EFA284613B0F0BD0A222946FBF71EFA5A
:105BA0000028EBD06FF01505F3E702A90020F5F708
:105BB00023FA0346002859D0382C9DF8102026D00F
:105BC000102A3ED8342C3CD140F21122C26004AEDF
:105BD00000F1100210AF344603CCBC42106051609B
:105BE000264602F10802F6D120681060D97BB3F88E
:105BF0000D2042EA0142022A23D15A7CD107C8D59E
:105C000012F0300FC5D122F001025A74C1E7102AF8
:105C10001BD840F21122C26004AE00F1100210AF96
:105C2000344603CCBC4210605160264602F10802A3
:105C3000F6D1206810605A8A02F02201900659823B
:105C4000D4D41846FFF770FFACE704AA00F10C06A5
:105C5000144603CC716012A98C423060224606F1D2
:105C60000806F5D11A7B112AC0D0EAE76FF00B05C0
:105C70008FE701460246382311F8010B0C32EFF78B
:105C8000D7BB531E1944024411F8013900F8013BF7
:105C90009042F9D1704710B5431E00F11002073051
:105CA00013F8011F12F8014D1C7083421170F7D1D7
:105CB00010BDF0B597B014460E462022014605A847
:105CC0001D461C9FFFF7DDFF202231460DA8FFF780
:105CD000D8FF2146102201A88DF85450FFF7D1FFBC
:105CE0003B46412205A901A8F5F7D2FA044610B9AE
:105CF0003846FFF7D0FF204617B0F0BD2DE9F0433E
:105D000097B00446164605A810221D46DDE91F98E7
:105D1000219FFFF7B6FF1022314609A8FFF7B1FF18
:105D2000102229460DA8FFF7ACFF1E99032211A8E7
:105D3000FFF7A7FF4946D9F8010011F8013B8DF89C
:105D4000473012908B88ADF84C30062212A8FFF72E
:105D500098FF4146062211F8013B8DF84E30D8F8E5
:105D60000130CDF84F300DF14F008B88ADF8533036
:105D7000FFF787FF2146102201A8FFF782FF3B466D
:105D8000412205A901A8F5F783FA044610B938465F
:105D9000FFF781FF204617B0BDE8F0830369C9B261
:105DA0000C2202FB0133186C00F00700704770B53D
:105DB0000346C9B20069EFF31186402484F31288C8
:105DC000BFF36F8F0C2505FB0104246C14F0C00495
:105DD00001D0A24210D105FB010001220264002083
:105DE00086F31188BFF36F8F28B95B6803EBC1039B
:105DF0005B689847002070BD4FF0FF30F0E78022CD
:105E0000FFF7D5BFF8B5069F04690546C9B2EFF3A1
:105E1000118C402080F31288BFF36F8F0C2606FB95
:105E20000146306C00F0070EBEF1010F11D137644E
:105E300000268CF31188BFF36F8F46B90C2000FB4E
:105E40000144C4E90E236B6853F83130984730465B
:105E5000F8BD00F0C00087420CBF6FF077064FF02E
:105E6000FF36E6E713B580240094FFF7CBFF02B0BE
:105E700010BD10B40069CBB21C2404FB0300002148
:105E800010BC10471046F8F7B7B800F018BAF7F78B
:105E900021B94FF4AF607047F7B51C461646002392
:105EA00082682360A36053690D4601AA694698473A
:105EB000019B5A1E01921BB96FF0150003B0F0BD93
:105EC0000098A26847682168676085B9B31AD0F85E
:105ED00000C0634528BF63461A4403FB07112160D5
:105EE000A26002689A4206D808300090E0E76B1A78
:105EF000B3FBF7F3EBE70020E0E713460022FFF7E0
:105F0000CBBF2DE9F047836886B05B698846914630
:105F100001A902AA98470024A2462546029BAB424B
:105F200002D806B0BDE8F087019F07EBC507002641
:105F30007B6804933A68B2420AEB060302D8013543
:105F40009A46EBE703940593494603A8C047002807
:105F5000E7D0049B01361C44ECE710B50C4600F07A
:105F6000D6FC0023C4E90003184610BD70B50446F2
:105F700000F0D3FC237B05460BB100F0B6F90026F8
:105F80006068F7F795FDA3685B1BA36063682B440B
:105F90006360237B01363BB9A368002BF0D1A06876
:105FA000003818BF012070BD3046F7F773F900289C
:105FB000F2D0F4E738B505460C4600F0A8FC002DF9
:105FC00007DBA84205D9401B84428CBF002001207A
:105FD00038BD0020FCE770B50D4628461946164628
:105FE0001C46FFF7E7FF38B124B122462946304668
:105FF00001F0EFFF002070BD6FF01500FBE7436874
:106000005B68D3F810350B600020704743685B680D
:1060100002EA010021EA0201C3F80805C3F80C15E1
:106020000020704743685B680020C3F8081570477C
:1060300043685B680020C3F80C15704743685B68D1
:10604000D3F8042521EA02001140C3F80805C3F87B
:106050000C150020704730B50369586800B3002460
:10606000884219D108688CB99C685860A14200D157
:106070009860002008602AB15A680A609A685960DE
:1060800002B9996000200FE02846E9E7206098688F
:10609000814208BF9C60ECE705680446002DF3D1FF
:1060A000002AE9D16FF0150030BDF7F777BA00F19B
:1060B00050039B009BB203F1804303F58833002219
:1060C0001A601B68704770B403460C46DA88006893
:1060D00019792243056986682B6801248C4012F0E7
:1060E000010F14BF2343A3432B60336870BC1847D0
:1060F00010B54FF0FF304FF0FF31F6F709FA0446C4
:1061000028B9DBF70FFA044618B1F6F709FA20466A
:1061100010BDF6F705FA2046EFF72EFAF7E738B587
:106120000B8A0D463BB101F10C00FCF745FC012840
:1061300018D0022803D06FF01504204638BD4FF068
:10614000FF304FF0FF31F6F7E3F904460028F4D1B1
:10615000E868E8F766FD0446F6F7E2F9ACB1F6F751
:10616000CDFAEAE74FF0FF304FF0FF31F6F7D0F904
:1061700004460028E1D1E868F6F768FB0446F6F724
:10618000CFF9002CD9D1F6F7B9FA2846EEF7C8FFB7
:106190000024D2E7F6F7DCBA10B53222044600211B
:1061A00001F025FF202323708023A3706FF03F03AD
:1061B00063710423A3722823A3730223E3730423CC
:1061C000A3756FF0480363760323A3766FF017037C
:1061D000E3760E232377302384F82030402384F89D
:1061E0002130792384F822307E2384F8233084F808
:1061F0002430012384F82530802384F826300423BA
:1062000084F8273084F82E3010BD08B50323E8F752
:106210001BF8002008BD08B5F6F742FE002008BDB7
:1062200008B5F9F7A3FE48B1002383F31188BFF343
:106230006F8F0423184602DF6FF0040008BD08B515
:106240004FF0FF314FF0FF30F6F762F9ECF7A1FDA8
:10625000BDE80840F6F764B9684620F007018D46AE
:1062600001B5E6F74BFEBDE801408546704768463C
:1062700020F007018D4601B5E6F734FEBDE8014088
:1062800085467047684620F007018D4601B5E7F75F
:106290006BFCBDE801408546704708B5ECF70AFB8A
:1062A000002008BD684620F007018D4601B5F7F7CC
:1062B000B9FAEEF76DFCBDE80140854670477047BE
:1062C000012802D10020E5F7ABBC70477047E5F725
:1062D000A5BA08B5E7F7F4FE30B1EFF3058003384F
:1062E000032894BF0020012008BD7047034600200A
:1062F000184710B502461168B1B1BFF35B8FB1FA10
:1063000081F3C3F11F000123834021EA030352E814
:10631000004F8C4204D142E8003CBCF1000FF6D1A2
:10632000BFF35B8FE7D110BD6FF00B00FBE710B53B
:106330000368CB40DB0714D401238B400268BFF312
:106340005B8F43EA020150E8004F944204D140E8D9
:10635000001CBCF1000FF6D1BFF35B8FEED1002023
:1063600010BD6FF01500FBE70001090400F180404B
:1063700012B1C0F804197047C0F808197047F7B592
:10638000019001A8DDE9084716461D46F7F76EF8AB
:10639000019BB6F1000C18BF4FF0010C00EB83001D
:1063A0000B1E18BF0123002D43EA4C030CBF4FF016
:1063B000000C4FF00C0C002C43EA0C030CBF4FF008
:1063C000000C4FF4E06C002F43EA0C03D0F80027D8
:1063D0000CBF4FF0000C4FF4403C43EA0C0322EAA0
:1063E000030301B109780EB13678760019430DB177
:1063F0002D78AD0031430CB12478240229430FB12C
:106400003F783F040C433C43C0F8004703B0F0BD65
:106410001FB50DF10F03019300238DF80F100093AA
:106420001A461946FFF7ABFF05B05DF804FB10B53F
:1064300004460846F7F72AF804EB4004207DC0F331
:10644000401010BD10B504460846F7F71FF804EBDE
:106450004004207DC0F3400010BD10B5044608463E
:10646000F7F714F804EB4004A08A400B10BD70B598
:10647000044608461646F7F709F808300D4634F882
:106480001030DA0509D5C3F3432304EBC3023146C8
:1064900054F83330526828469847A3682BB1E26815
:1064A00031462846BDE87040184770BD10B5044617
:1064B0000846F6F7EBFF04EB4000838ADA051DD5AA
:1064C000C3F3432123F4F853838204F1120204F14D
:1064D000660032F8023F13F4807F03D0C3F34323F6
:1064E00099420BD08242F4D104EBC10300225A60DE
:1064F00004F16C00BDE81040FFF719BF10BDF0B506
:10650000034600F580740020054601278446954225
:106510000AD1D3F87C2132B10022C3F87C21D3F810
:106520007C3140F00040F0BD25F0404607FA06F609
:10653000314209D0D4F800E0BEF1000F04D0C4F815
:1065400000C0D4F800E0304301350434DFE738B54B
:1065500004460D46FFF76BFFA8B12046FFF772FF18
:1065600088B92046FFF779FF226801238340C2F8EB
:106570000833236803EB8000D0F8103523F00303C1
:10658000C0F8103538BD28460021BDE83840FFF777
:106590003FBF2DE9F043174685B004460846F6F79D
:1065A00075FFD7F800800E460546B8F1000F1ED0E3
:1065B0002046FFF747FF18B12046FFF738FF20BB02
:1065C0000023CDE900338DF80E308DF80F300DF13A
:1065D0000F0243460DF10E013046FFF7D0FE04EBEB
:1065E0004502938A23F0020343F0010393827B6800
:1065F0009BB33146204693F80080D3F80490FFF710
:1066000021FF28B1B9F1000F1FD06FF0150027E06E
:1066100004EB4500838A23F4604323F02003838244
:10662000B9F1000F11D0B8F1030FEED87B682168E3
:106630005B6893F800C04FEA8C031944B8F1000F6F
:1066400011D1C1F81085C1F8108504EB4502938A79
:1066500023F01C0343EA88039382BB6843BB0020FA
:1066600005B0BDE8F083D1F8102522F00302C1F88F
:10667000102522681344D3F8102522F44F3222F457
:106680004072C3F810253202D3F8101502F47C5280
:1066900042EA08420A43C3F8102504EB4C03A3F86E
:1066A0007060838A43EA4C3343F020038382CCE753
:1066B000D3E9007831462046FFF7F8FE002FCED010
:1066C00063689F4206D004F16C00FFF712FE0028B9
:1066D00004DAC5E7A3689845F5D1002004EBC003B0
:1066E000C3E9017804EB4505C0B2AB8A43EA402315
:1066F00043F48073AB82B2E72DE9F043054685B0E1
:10670000084616461F46F6F7C1FE0C46804626B3DD
:106710002846FFF797FE18B92846FFF788FE18BBF2
:1067200005EB4809B9F8143003F01C0313B1737872
:10673000012B19D001238DF80F300023CDE9006320
:10674000721CB31C0DF10F012046FFF718FEB9F8BB
:10675000143043F00303A9F81430002F3FD0214632
:106760002846FFF76FFE20B96FF0150005B0BDE8B1
:10677000F0833E782B6803EB86030022C3F81025D4
:10678000C3F8102505EB48024FEA860C938A23F4E0
:10679000604323F020039382787800B32968BF78A0
:1067A00061440004D1F8103523F4991323F4F8530D
:1067B000C1F81035230200F4403003F47C53034346
:1067C0003805D1F8105500F4801003432B43C1F86D
:1067D0001035938A43EA463343F020039382002026
:1067E000C4E7C0E90312704770B504461546FFF7C9
:1067F0001EFE48B10846F6F749FE04EB40040020AF
:10680000A38A5B0B2B7070BD6FF01500FBE738B5EA
:1068100090F8804005469CB954222146143001F07E
:10682000E6FB2868C0F87C41D0F87C3140F30730A3
:10683000EEF7E8F8012385F88030EB66204638BD96
:106840006FF07700FBE790F88000003818BF012058
:106850007047F6F755BE2DE9F34104461746FFF79A
:10686000E6FD0D462668F0B12046FFF7EBFD8046B9
:10687000C8B92046FFF7F1FD820002F5807346F8A3
:106880000380F35823681344D3F8102542F0010223
:10689000C3F8102527B1226801238340C2F80433CE
:1068A00002B0BDE8F081D6F80433002BA4BF4FF04E
:1068B0000043C6F804332846F6F7E8FD04EB40042D
:1068C000A38AC3F38203042B12D0052B12D001A894
:1068D0000195F6F7CBFD019BD0F81015D94001F0DA
:1068E00001010231284602B0BDE8F041FFF790BD3A
:1068F0000321F7E70221F5E7FFF729BE4FF08053A8
:10690000D3F83001A0F10D035842584170474FF0C1
:1069100080531A695869504370474FF08053186983
:1069200070474FF0805358697047036801221A601E
:1069300002230373704703680122DA607047F8B5D9
:106940000368D3F8045304460126002705B9F8BDAF
:1069500095FAA5F3B3FA83F3980006FA03F300F56A
:10696000807025EA030523681A58002AEED01F50CC
:106970001B586368002BE9D0A1689847E6E710B57B
:10698000436904463BB90020E268537843F00103B1
:106990005370404210BD98470028F4D00028B8BF7B
:1069A0004042E368FF28A8BFFF201870ECE740B121
:1069B000C368587810F001001EBF1878B0FA80F054
:1069C00040097047EFF31183402383F31288BFF32C
:1069D0006F8FFEE708B5FFF7F5FF10B400F10C0468
:1069E000C0E9034410BCFAF7FEBE38B50446EFF325
:1069F0001185402383F31288BFF36F8FFAF76DFE82
:106A000004F10C0000F0DBFA30B1294604F1140067
:106A1000BDE8384000F0B8BA85F31188BFF36F8F36
:106A200038BD10B542696AB1836842EA030189073B
:106A300008D10169A2FB011424B95B182CBF012104
:106A4000002102D36FF0150005E0C1609B1A0269B6
:106A50008A4201D8002010BDC2681A604269C36032
:106A600001319B1AF3E72DE9F04105460F46EFF39C
:106A70001188402383F31288BFF36F8FC668FEB975
:106A80000468A0421CD0DCB1D4E9003213605A6023
:106A9000237CA66023F002032374C4E9006604F19A
:106AA000180000F00EFB2046C4F8AC60676100F0EF
:106AB00038FA414605F10800BDE8F04100F064BA3B
:106AC0003E60AB69EF60013BAB6188F31188BFF3B7
:106AD0006F8FBDE8F08108B54024EFF3118384F394
:106AE0001288BFF36F8FFBF78EFEF6E790F90E303A
:106AF0008B4201D0F7F758BF0020704703460020B3
:106B0000C3E90200C3E900337047D0E900321360E3
:106B10005A60027C002322F00202C0E900330274B2
:106B2000836070472DE9F843904604469DF8202085
:106B30000D46EFF31187402181F31288BFF36F8F69
:106B400002B14568A66804F10809B14516D0AEB196
:106B50003046FFF7DAFF002406F1180000F0B1FA22
:106B60003046C6F8AC40C6F8148000F0DAF9484662
:106B7000394600F009FA2046BDE8F883A3B10820A1
:106B8000F8F70CFB002832D00122C0F80480026024
:106B9000016801F003015DB922680A43026062687E
:106BA00020606AB960600BE0C8F800304046EFE74B
:106BB0002A68032A10D80160616839B9C4E9000065
:106BC000002087F31188BFF36F8FD5E70A6802F0C2
:106BD000030202430A60E5E722F003020A4302606F
:106BE0002A6802F0030240EA02032B60E8E76FF034
:106BF0000B00E6E710B5044630B10268930703D0F6
:106C0000446809B100F0F4FA204610BD0023C0E941
:106C1000003300F10803C0E90233704707B50123D0
:106C2000009300230A461946FFF77CFF03B05DF886
:106C300004FB07B500230A4600931946FFF772FFCD
:106C400003B05DF804FB00680021FFF7D3BF3AB141
:106C50008A4205D3C0E90212C0E900000020704753
:106C60006FF015007047026801238B4022EA03038E
:106C7000036022FA01F000F001007047704710B580
:106C8000032104460C30FFF7EEFF30B104F1100091
:106C900000F017FAB0FA80F0400910BD20B10022D0
:106CA0001146BC3000F0D3B9704770B5C368C3F368
:106CB00040069B07044616D4856802210C30FFF776
:106CC000D2FF80B1D5F8B4206AB194421DD12268B8
:106CD0009EB9D5F8B830C5F8B4209C4201D1C5F8AA
:106CE000B82000232360E36813F01F001EBF43F0A9
:106CF0000203E36040F0020070BD3260D5F8B820B6
:106D0000944208BFC5F8B860EBE716461268DBE7A7
:106D100073B50446EFF31185402383F31288BFF364
:106D20006F8F00230193D0E90423B3F1004F08BF14
:106D3000012A05D085F31188BFF36F8F02B070BDB3
:106D4000A0F1100603210438FFF78DFF0028F1D0D1
:106D5000A369019301A93046F7F7C4FAEAE738B509
:106D600004460D461022002101F041F9656038BD4E
:106D700013B501900846EFF31184402383F3128882
:106D8000BFF36F8F01A9F7F7ADFA84F31188BFF352
:106D90006F8F02B010BD10B5FFF7EAFF041E08DDCB
:106DA000EFF31180402383F31288BFF36F8FF7F75F
:106DB00067FE204610BD70B50D46EFF311864023E7
:106DC00083F31288BFF36F8FF7F7DEFA044686F37A
:106DD0001188BFF36F8F38B14FF0FF324FF0FF33A0
:106DE00005F11000F7F73CF9204670BD08B5D02238
:106DF000002101F0FCF808BD38B5302204460D46EC
:106E0000002101F0F4F84FF480736560E36038BD51
:106E100038B50446EFF31185402383F31288BFF39E
:106E20006F8FFFF72CFF2046FFF73FFF85F3118898
:106E3000BFF36F8F38BDF8B504460D46EFF31187E9
:106E4000402383F31288BFF36F8FC36803F01F03DF
:106E5000002B14BF0126002609D0FFF710FF2046A3
:106E6000FFF723FF29462046F7F71EFA034687F36C
:106E70001188BFF36F8F3BB14FF0FF324FF0FF33FC
:106E800005F10800F7F7ECF83046F8BDD0E900321C
:106E900013605A60027C002322F00202C0E9003332
:106EA000027483607047EFF30580003818BF01203B
:106EB0007047D0E9003213605A600023C0E9003304
:106EC000704708B5FFF7F5FF037C23F00203037456
:106ED0000023836008BD38B504460D46F7F7C0FCB3
:106EE000237C43F002032374D5B1A5602B689D4237
:106EF00009D16B68C4E900531C606C6010E06A68DB
:106F00009A42F6D01B68002BF3D093F90E1094F937
:106F10000E209142F3DD5A68C4E9003214605C60CF
:106F200038BD10B5EFF31184402383F31288BFF30B
:106F30006F8FF7F755FC84F31188BFF36F8F10BD87
:106F400008B5037C13F0280F01460CD183680BB100
:106F5000FFF7B7FF0B7C23F004030B740846BDE872
:106F60000840F7F73DBC08BD10B5EFF3118440238E
:106F700083F31288BFF36F8F1838FFF7E1FF84F3B4
:106F80001188BFF36F8F10BD0846F7F7A1BC38B565
:106F900004680546AC424FF0000000D138BD002C1B
:106FA000FCD02046FFF78DFF04F1180000F089F8AF
:106FB0002046F7F715FC2C680120A542EDE710B537
:106FC000EFF31184402383F31288BFF36F8FFFF731
:106FD000DEFF84F31188BFF36F8F10BD38B50C4608
:106FE0000546F7F7E9FDB4F1FF3F08BFB5F1FF3FF4
:106FF0001FBF47F6FF7300224FF47A71E0FB0132A6
:107000001ABFD80B40EA42404FF0FF3038BD38B5C8
:107010000446EFF31185402383F31288BFF36F8F8B
:10702000037C5B070ED5183000F04BF8237C23F06F
:10703000040320462374F7F7D3FB2846BDE8384005
:10704000F7F746BC85F31188BFF36F8F38BD38B5AD
:10705000EFF31185402383F31288BFF36F8F046829
:10706000A04213D0A4B1C4F8AC1062612046FFF76F
:1070700028FF04F1180000F024F82046F7F7B0FBD1
:10708000012085F31188BFF36F8F38BD0020F8E72A
:107090002046F6E708B50246F7F722FF70B1D0E9BF
:1070A00004319B1A61EBE272B3F1004F72F10001FF
:1070B00004DA002AACBF1846002008BD6FF000407B
:1070C000FBE738B50246EFF31185402383F31288BE
:1070D000BFF36F8F0368D3B1F7F702FF0446104682
:1070E000F7F710FF00224FF000438442C0E9042369
:1070F00005D0002085F31188BFF36F8F38BDF7F7F7
:10710000F7FEFFF7C7FF0021F5F738F8F1E7D0E900
:107110000413B3F1004F08BF012904D100204FF040
:107120000041C2E904016FF01500E3E708B5F7F785
:10713000F1FF08BDB3F1FF3F08BFB2F1FF3F70B5EB
:1071400006461D46144614D01A4316D0002B08DB01
:10715000F7F7E0FF041941EB0501C6E900413046AD
:1071600070BD6FF001031C1B4FF0FF3363EB050193
:10717000F3E74FF0FF342146EFE70024FBE7B3F1DC
:10718000FF3F08BFB2F1FF3FF8B5074616461C4661
:1071900010D054EA020311D0F7F7BCFFB0420A4600
:1071A000A14103460AD2F31A64EB0204C7E9003492
:1071B0003846F8BD4FF0FF331C46F7E70023FBE7E6
:1071C000043270B504460ED2EFF31185402686F3E3
:1071D0001288BFF36F8F41F00401984785F311883F
:1071E000BFF36F8F08B9002070BD40F8044BFBE778
:1071F00020B1011F50F8040CFFF7F7BB7047704730
:10720000FFF77CBC70474FF0FF324FF0FF33F6F7CB
:10721000FFBDF6F76FBE00207047704710B50446FB
:1072200008B1F8F765F92046BDE81040F8F750B905
:107230000346C068F8B15888E8B11B8803F44F4290
:10724000B2F5824F02D0B2F5884F09D1DBB2272BBD
:107250002AD008D8172B0FD0222B34D0122B16D0BF
:107260006FF085007047302B2FD0413B012BF7D8B2
:10727000FF2839D100207047C028FBD0E128F9D081
:10728000B0F5807F14BF6FF086000020704720F0BB
:107290002003C02BEED020F08003B3F5807FE9D02F
:1072A00040F209239842EDE7E928E3D0EF28E1D046
:1072B00040F21B139842DDD040F299139842D9D086
:1072C00040F23B23EEE7E928F1E720F02003C02B52
:1072D000D0D020F04003B3F5807FCBD0B0F5C07F95
:1072E000C8D0B0F5007FCDE7B0F5E07FCAE73AB18E
:1072F000002918BF0023D21A2121184400F077BEBC
:1073000070472DE9F04F89B09B4600238DF81B3064
:10731000159BDDF85080002B91460B460D460CBFA7
:107320004FF400624FF4806207A9DDE912A7F8F775
:1073300081FA0446D0B9079E0DF11B023188284618
:10734000F8F7F4FA044688B99DF81B30BB421FD801
:10735000CDE90338CDE901BACDF80090D6E909129C
:107360002B463046F8F77EFF044608B1C8F8007097
:10737000D8F800303A4621465046FFF7B8FF079844
:10738000F8F75AFF002C18BF204609B0BDE8F08F6F
:107390006FF08904EAE741F2062398421AD8B0F563
:1073A000905F09D241F2010398420CD0B0F5885F9A
:1073B00009D06FF085007047A0F5905080B2692326
:1073C000C340DB07F5D511F0070F14BF6FF086003F
:1073D00000207047B0F5105FEBD121F04003802B07
:1073E00006D0B1F5807F14BF6FF086000020704793
:1073F0000020704770B5446A05460E463CB901202E
:10740000F8F760F8686228B1AE62204670BD6FF090
:107410008A00FBE76FF08C00F8E7F8B51E460F46D0
:1074200003881546C2B103F4E043B3F5805F02D090
:10743000B3F5005F10D1089BE90019600088FFF7E1
:10744000AAFF044630B92A463946304600F0C1FD4D
:10745000079B1D602046F8BD6FF08504FAE710B564
:107460000446406A10B1A16AFFF7D8FE0020C4E9C3
:10747000090010BD38B50446FFF7F1FF237F012B4B
:107480000FD0023B012B0FD8236A012B14BF6FF0E2
:10749000960500252C220021204600F0A8FD284654
:1074A00038BD236A002BF1E76FF09605F2E738B597
:1074B00014460288049D02F4E040B0F5805F07D0D6
:1074C000B0F5005F04D002F44F42B2F5824F0ED106
:1074D000AC420FD81846224600F07BFD2A1B002143
:1074E000204400F084FD059B00201C6038BD6FF037
:1074F0008500FBE76FF08900F8E7F0B50F4685B02F
:107500001E461546CAB100233360012203A9F8F7CD
:1075100091F9044670B9CDE9005603983B46D0E98D
:10752000091200F0CEF904460398F8F785FE002C06
:1075300008BF0446204605B0F0BD6FF08904F9E7A6
:1075400070B50488049E154604F4E042B2F5804FFD
:1075500022D124F4405044F2010290420DD004F4B0
:107560004F44B4F5824F08D0B4F5844F05D0B4F53C
:10757000884F02D0B4F58E4F0ED1B5420FD81846C1
:107580002A4600F026FD721B0021284400F02FFD42
:10759000059B00201D6070BD6FF08500FBE76FF05C
:1075A0008900F8E7F0B50F4685B01E461546FAB1DA
:1075B000002333601A4603A9F8F73CF9044688B95A
:1075C000039803885B0410D5CDE900563B46D0E90B
:1075D000091200F081F904460398F8F72DFE002CFB
:1075E00008BF0446204605B0F0BD6FF08604F3E7FF
:1075F0006FF08904F6E710B50368044643B100F064
:10760000C9F900232360A3886FF30803A38010BD8A
:107610001846FCE72DE9FF410C4601689846002317
:10762000054616460393002939D14FF4A872083055
:1076300000F0DDFCB8F1000F204633460CBF4FF4DC
:1076400000624FF4806203A9F8F7F4F80446B8B971
:10765000039F2A1D39883046F8F768F9044678B93F
:107660006B7968F300036B71D7E9092339460096FB
:107670002846B8F1000F0FD0F8F70CFE044610B101
:107680002846FFF7B8FF0398F8F7D6FD002C18BF7F
:10769000204604B0BDE8F081F8F71CFEEEE76FF07D
:1076A0008804EDE70123FFF7B5BF38B50368054649
:1076B00014464BB132B100F058F9044610B12846D7
:1076C000FFF799FF204638BD6FF08804FAE72DE9EF
:1076D000F0411646026805460F469846F2B14279D7
:1076E000D2071BD50279CAB1B2421AD800F046F9C6
:1076F000044618B10023C8F800602B7137B1D8F8E0
:107700000030324621463846FFF7F1FD2846FFF7A4
:1077100072FF002C18BF2046BDE8F0816FF088048E
:10772000E8E76FF08904E5E71FB501240394089C9E
:107730000294079C0194069C0094FFF7E2FD04B0BC
:1077400010BD2DE9F04788B005469A4600230793FF
:1077500025F0004323F47F03B3F1106FDDE91096A9
:10776000DDF848800846174623D12B464FF4804267
:1077700007A9F8F75FF8044660B9CDE90368CDE9D9
:1077800001A907980097D0E909122B4600F00AF9E1
:10779000044628B131464846F8F786FAC8F8006032
:1077A0000798F8F749FD002C18BF204608B0BDE83F
:1077B000F0876FF08604EDE7034608461B8803F464
:1077C000E043B3F5805F114602D0B3F5005F01D10D
:1077D000F8F76ABA6FF0850070471C22002100F0AC
:1077E00006BC034668B1017F8A1E012A0BD8032913
:1077F000026A03D1012A01D1FFF73CBE1AB1013A56
:107800001A62002070476FF096007047C0B20028DF
:1078100014BF6FF08500002070470020704770474C
:1078200000221A606FF08600704700230B606FF033
:10783000860070472DE9F04147683F0A04460D462F
:107840001646984611D107887F0407D4434632462E
:1078500029462046BDE8F041FFF7AEBF00F0D1F861
:1078600010F1860FF2D0BDE8F0816FF08600FAE7E4
:107870002DE9F04F476885B03F0ADDE90E9ADDF843
:1078800040B004460D461646984615D1CDE901ABE9
:10789000CDF8009000F0A7F810F1860F0ED1434606
:1078A000324629462046CDE90FABCDF8389005B0D9
:1078B000BDE8F04FFFF7B1BD6FF0860005B0BDE841
:1078C000F08F10B44468240A02D110BCFFF7EFBD5A
:1078D0006FF0860010BC70472DE9F34747683F0AF8
:1078E000DDE90A9A04460D461646984611D1CDE9BF
:1078F000009A00F06AF810F1860F0CD14346324628
:1079000029462046CDE90A9A02B0BDE8F047FFF7C4
:1079100017BE6FF0860002B0BDE8F08713B50446CD
:107920004868000A0AD10498009004F10800F8F7AA
:10793000A1FD08B91C23236002B010BD6FF08600C2
:10794000FAE710B404681C2C03D110BC0830F8F717
:10795000BDBD6FF0860010BC704703681C2B02D1C0
:10796000083000F054B90020704703681C2B02D186
:10797000083000F027B96FF08600704710B4046833
:107980001C2C03D110BC083000F025B96FF0860024
:1079900010BC704703681C2B02D1083000F027B9D7
:1079A0000020704710B44468240A02D110BC00F0D3
:1079B00036B96FF0860010BC704700F0C5B900F012
:1079C000E6B900F031BAF8F7A5BC10B4048804F4A5
:1079D0004F44B4F5824F02D110BC00F04CBA6FF0A6
:1079E000850010BC704710B4048804F44F44B4F50B
:1079F000824F02D110BC00F06EBA6FF0850010BC4F
:107A0000704710B4048824F0FF04B4F5E24F02D1AB
:107A100010BC00F0B3BA6FF0850010BC704702468E
:107A200012F8103B43F3C01303F0870312F8011D53
:107A300083EA4103904213704FEA1323F6D1704753
:107A40002DE9FF4705468846144622B3D0F8486121
:107A500000F5947786B9A0444FF010090DF10C0A97
:107A6000102CA8EB040237D823463946384600F0DC
:107A7000F5F9C5F848410EE0C6F110094A450FD89E
:107A8000B91913460846424600F0E8F9D5F84831DE
:107A90002344C5F848310026304604B0BDE8F087DD
:107AA000B9F1000F08D0B91942464B46084600F01C
:107AB000D5F9103EC844344403AB10220193009220
:107AC0003B4639462846FFF73CFF06460028C2D011
:107AD0002846FFF742FFDFE710233946384600F01B
:107AE000BDF9CDE9009A3B46102239462846FFF7FA
:107AF00028FF06460028EBD1103CB1E72DE9F04302
:107B00009846D0F84831102B174685B00446894670
:107B100000F5947500F59C721CD12946284600F0AA
:107B20009DF903AB1022019300922B462946204673
:107B3000FFF707FF064630B93A462946484600F0A7
:107B400048FAC8F800702046FFF707FF304605B036
:107B5000BDE8F083C618104696F8283183F08003FC
:107B600086F82831FFF75BFF10230246D5E7F0B512
:107B7000D5B004460E46174600214FF4A67201A860
:107B80001D4600F034FA21463B46324601A8F8F77C
:107B9000E9FB044680B95A9A294601A8FFF750FF2D
:107BA000044648B9DDE95C235B9901A8FFF7A6FF0D
:107BB0000446204655B0F0BD01A8FFF7CEFEF8E719
:107BC000F8F7F6BB90F84C31022B01D1FFF738BF24
:107BD0006FF08800704710B490F84C41022C02D12D
:107BE00010BCFFF78BBF6FF0880010BC704710B55A
:107BF00090F84C31022B044607D1FFF7AEFE4FF44C
:107C0000A8720021204600F0F2F9002010BD08B54E
:107C10004FF49072002100F0EAF9002008BD10B482
:107C2000048804F44F44B4F5824F02D110BCF8F735
:107C3000A7BC6FF0850010BC70472DE9F04F89B0EC
:107C400005460E461C4602EB030800F5947A0DF13A
:107C500010090F2CA8EB040704D81CBB002009B0A6
:107C6000BDE8F08FD5F82831002E03F1010303AAF7
:107C70004FF0100BC5F8283151460CBF3B464B4620
:107C80000192CDF800B05A462846FFF75AFE002868
:107C9000E5D12EB15B4632464946384600F0DEF863
:107CA000103CD6E7D5F828310133C5F82831102229
:107CB00003AB019300920DEB020305F59471284686
:107CC000FFF73FFE0028CAD136B12346324604A949
:107CD000384600F0C3F8C1E7224604A9384600F050
:107CE00078F9BBE72DE9F3410546884616461F465D
:107CF0000246302301A90020FFF765FE044658B96B
:107D0000019B43450CD33EB1302F0CD83B46324645
:107D10002946284600F0A2F8204602B0BDE8F081CE
:107D20006FF09304F8E76FF08504F5E710B58CB0B9
:107D300030236A460446FFF780FF18B9694620469B
:107D4000F8F7EAFB0CB010BD10B504468CB000F596
:107D5000A070FFF755FA00213022684600F047F97D
:107D600069462046F8F7D8FB78B9034602464FF437
:107D7000C0716846FFF7B6FF38B969462046FFF77D
:107D8000D5FF10B90123C4F838310CB010BDF0B5DF
:107D900000F5A0768DB0044630460F461546FFF735
:107DA00032FA18B16FF083000DB0F0BDD4F838315D
:107DB000A3B3B5F5803F34D8D4F83C211AB942F2C8
:107DC0001072934211D900231A464FF4807168460D
:107DD000FFF788FF0028E7D169462046FFF7A6FF96
:107DE0000028E1D10123C4F838312B463A4600215E
:107DF0002046FFF722FF0028D6D101462046FFF794
:107E000095FF0028D0D1D4F838310133C4F8383187
:107E10003046FFF7FEF90028C6D0C3E76FF08800B0
:107E2000C2E76FF08600BFE710B50446FFF795FD87
:107E300004F5A070FFF7E6F94FF4AC72002120467C
:107E400000F0D5F8002010BD03460144002013F8CF
:107E5000012B8B4240EA0200F9D1704730B50B4448
:107E600011F8014B12F8015B994284EA050400F80D
:107E7000014BF5D130BDF8B5054614462F8807F4FF
:107E8000E04CBCF5804F1846DDE9063606D19A4233
:107E90001ED800F09EF834600020F8BD47F21212A0
:107EA000974202D06FF08500F7E7640001349C42EE
:107EB0000ED86B8834600422B3F5807F0270F1D154
:107EC0000130F8F7DBFC0028E6D06FF08600E4E72D
:107ED0006FF08900E1E72DE9F0411F460388DDF8E6
:107EE00020800E4644F212118B42154642882ED055
:107EF00047F212118B423BD102B9EA00B2F5807F02
:107F000036D1202D03D06FF08600BDE8F0812946E0
:107F10003046FFF799FF0028F5D03046F8F79AFC75
:107F20000028F0D1D8F8004034F48074EBD1069BDF
:107F30009D4220D82A463146384600F04AF8079B31
:107F40001D604FF48073C8F800302046DDE71AB991
:107F5000EB07D8D56A08D200B2F5807F08D1412D51
:107F6000D1D13378042BCED1701CF8F77DFCD7E744
:107F70006FF08500C9E76FF08900C6E7F8B50C46D9
:107F8000478801881E4647F21213FD1D99424FEAA9
:107F9000D50502D06FF08500F8BD954216D8294668
:107FA0002046F7F781FE0028F6D129462046FFF744
:107FB0004BFF0028F3D0B7F5807FEBD12046F8F7D0
:107FC00049FC0028EBD120233360E5E76FF08900FE
:107FD000E2E70A44914200F1FF3300D1704710B547
:107FE00011F8014B03F8014F9142F9D110BD024441
:107FF0000346934200D1704703F8011BF9E704469A
:1080000008B5F9F795FA2046ECF7A4FF10B5013949
:108010000244904201D1002005E0037811F8014F9D
:10802000A34201D0181B10BD0130F2E710B5013991
:10803000034632B111F8014F03F8014B013A002C0D
:10804000F7D11A440021934200D110BD03F8011B5F
:10805000F9E710B5024601448A42134603D01C7862
:108060000132002CF8D1181A10BDF0B5C3F1370752
:108070000446FFB203F01F031046082BE6B233D0CC
:10808000102B3ED06508A40844EA817445EAC17506
:108090002D194FEA910242EB5102290941EA02717E
:1080A0006D1842EB1212290A41EA02616D1842EB87
:1080B0001222290C41EA02416D1842EB1242AD181E
:1080C00042F10002EC0844EA4274D10804EB840255
:1080D000A6EB4205EDB2092D0CD90134A5F10A0534
:1080E00041F10001EDB212E0E40844EA417406F007
:1080F0000705C908303554EA010200F8015BBCD11C
:10810000F0BD240944EA017406F00F050909092DA0
:1081100084BFED19EDB2EDE7D1E9043293421EBF01
:088120005A1C0A611870704737
:108128005D5101000000000000000000C88102004D
:1081380069DD0100000000008DDD01000000000085
:10814800000000000082020000000000E48102003C
:10815800F5CE0100000000009B6202000000000054
:10816800000000001C82020029C00100000000007D
:10817800754F010000000000000000003882020076
:108188006DCF0100000000001DE1010000000000AB
:1081980000000000548202005D540100000000004D
:1081A80017620200000000002162020000000000C7
:1081B8001D56010000000000D1430100000000002E
:1081C800C69B0200F48D02003484020008050020DA
:1081D800142B0020A5B3010000000000FF9B020043
:1081E8000C8E0200108402000E050020C42B002013
:1081F80075BC0100000000000D9C0200208E0200EA
:108208001084020010050020D02B002075BC01004E
:1082180000000000D59B020000000000F08302006F
:108228000A050020682B002001B8010000000000AA
:10823800419C020000000000448E0200120500204C
:10824800202C002025C6010000000000E59B02004C
:1082580000000000F88302000C0500200000000068
:08826800F9B80100000000005C
:10827000CF620200ED62020000000000EB27020066
:1082800000000000EB27020000000000EB270200C6
:1082900000000000EB27020000000000EB270200B6
:1082A000AC020020AB60020000000000EB270200DF
:1082B00000000000EB27020000000000EB27020096
:1082C00000000000EB27020000000000EB27020086
:1082D00000000000EB270200682B00206DB80100B1
:1082E00000000000EB27020000000000EB27020066
:1082F00000000000EB27020000000000B9C00100F0
:1083000000000000EB27020000000000EB27020045
:1083100000000000EB27020000000000EB27020035
:1083200000000000EB27020000000000EB27020025
:1083300000000000EB270200000000005DCF0100FC
:1083400000000000EB270200000000008DDA0100B1
:1083500000000000EB27020000000000EB270200F5
:1083600000000000EB27020000000000EB270200E5
:1083700000000000EB27020000000000EB270200D5
:1083800000000000EB27020000000000EB270200C5
:1083900000000000EB27020000000000EB270200B5
:1083A00000000000EB27020000000000EB270200A5
:1083B00000000000EB27020000000000EB27020095
:1083C00000000000EB27020000000000EB27020085
:1083D00000000000EB27020000000000EB27020075
:1083E00000000000EB27020000000000EB27020065
:0883F000ADB70100FDB601006C
:1083F800D75F020029BA010025B90100F1B80100D0
:088408005B5F0200E1B8010016
:10841000A5BA0100FF5F02000D60020025600200A6
:10842000316002003D600200B1BC010057600200F3
:048430000000000048
:10843400FDB30100FF5D0200655E02000000000064
:0C8444009D5D0200000000000000000030
:1084500005000000198001000600000051A2010083
:0884600004000000958C0100EE
:108468004935010039340100000000000000000017
:1084780051320100000000000935010041320100BD
:1084880000000000000000000000000000000000E4
:1084980000000000000000006D9B010000000000CB
:0884A8000000000000000000CC
:1084B000A88C020008000000F089020007000000FC
:0884C00008890200040000001D
:1084C800040000000F000000010000000800000088
:1084D8002000000060000000700000001000000094
:1084E8000C0000000E0000005000000074000000A6
:1084F800A8000000FFFFFFFFFFFFFFFFFFFFFFFFD8
:04850800FFFFFFFF73
:10850C007E9B02000000000000000000755101007D
:10851C00C153010000000000A39B020001000000F9
:10852C0000000000CF480200000000000000000026
:10853C00B29B02000100000000000000A74C0200EA
:10854C000000000000000000AA9B020001000000D7
:10855C00000000005D900100819A01000000000005
:10856C00BE9B020001000000000000004F5B0200F7
:10857C007DB0010000000000B89B0200010000006B
:10858C00000000008D9301007D94010000000000AC
:10859C002526270001020303280400009042000056
:1085AC00BE1100004C010000E80B00008604000026
:1085BC00010203030102030301010002070001028F
:1085CC000401000100000101000001000100000194
:1085DC000001000000000000020B000001000B0075
:1085EC0002000A00050009000A0008001400070038
:1085FC001E000600320005004B000400640003005E
:10860C0096000200FA000100F401000001020303CD
:10861C0002030001F401FA00960064004B003200E2
:10862C001E0014000A000500020001000C080217CD
:10863C000D010102090901010602091818030101C3
:10864C00090983838503020123020224091004040F
:10865C0005050B0B040B2B1B1B159A9A1C021D16E4
:10866C00130501490D150508061B1B0F0101000020
:10867C00FEFEFEFEFEFEFEFEFEFEFEFEFEFEFEFE0E
:10868C00FEFEFEFEFE16FEFEFEFEFEFEFEFEFEFEE6
:10869C00FEFE1F1FFE26FEFEFEFEFEFEFEFEFEFE84
:1086AC00FEFEFEFEFEFEFEFE3E3EFEFEFEFE3B3BE4
:1086BC0060009006BE022C01D012CE052804904218
:1086CC00BE1164005006AE027205DA4308130001B5
:1086DC000202A301B103BF05EF024906A309C505B8
:1086EC00F50B25120102030301020303010204012D
:1086FC000203030028049042BE117205DA430813EA
:10870C002C00D002CE010440100028049042BE116F
:10871C002C00D002CE01B400500BEE0364005006C6
:10872C00AE02B400500BEE03010203032804904286
:10873C00BE1128049042BE11010203030001020283
:10874C0001000000101100400000000000000000BB
:10875C0000000000000000000406080A0C0E1012B5
:10876C001416181C1E20222426282A2C2E303234B3
:10877C0036383A3C3E40424446484A4C4E021A5027
:10878C00000000002800000018000000500100004C
:10879C005001000000000000141E00003011000009
:1087AC003C730000B45F0000B80BD0076C396C3917
:1087BC000000000070170000A00F00003C28000013
:1087CC003C2800000000DC05E803D4170000000082
:1087DC00000000000000000000000000141E00005B
:1087EC003011000060EA000060EA000000002CA6D6
:1087FC00E0A120A820A8000000000000000000005C
:10880C0000003408E803280A280A000000000000D1
:10881C0000000000E3A3C3000102000504000808E7
:10882C0000001800280000002A00D8ECF0F4F8FC36
:10883C000002030405060708000000000000000009
:10884C000000000000000000000000000101010118
:10885C0002020202030303030404040405050505D4
:10886C0006060608090000000000000000000000D9
:10887C0000000000000000000001010101020202E2
:10888C000203030303040404040505050506060797
:10889C0008090A0B0C0D00100200FA00000001037D
:1088AC000062746C65000000000000000000000015
:1088BC0000000000000000000000000000000000AC
:1088CC00000000000000000000000000000000009C
:1088DC0000000001000000009D320100B9330100CE
:1088EC00D532010000000000000000000000000074
:1088FC00093601008935010000000000B08F02002C
:10890C00E749020000000000D49C020000000100B6
:10891C00AC8F0200C54D0200000000007402002064
:10892C0000000100B29C0200E537010000000000CD
:10893C000000000000000100A88F0200B9490200ED
:10894C006D9501005C0200200000030071380100ED
:10895C00000000000000000000000000000000000B
:10896C00400600008007000000000000000000002E
:10897C0003000000A0000000F00000000000000058
:10898C00010100000105002024150000EC0400206A
:10899C000101000002050020091600009996020052
:1089AC0004000000000000000000000000C00000F7
:1089BC00548202000100000000C00000007003009F
:1089CC00548202000200000000300400007003001A
:1089DC00548202000300000000A0070000600000A9
:1089EC0054820200DC8F0200E74902000000000004
:1089FC00D88F020000000100D48F0200C54D020088
:108A0C00000000009402002000000100CC8F020046
:108A1C001B25020000000000000000000000010007
:108A2C00C88F0200C54D0200000000008C0200201F
:108A3C0000000100C08F0200E724020000000000CB
:108A4C000000000000000100BC8F0200C54D0200B8
:108A5C00000000008402002000000100B48F02001E
:108A6C00D93F0100000000000000000000000100E0
:108A7C009542010000000000000000000000000012
:108A8C004F260200000000003326020000000020E8
:108A9C000000000000000B0602000000AC8A02007F
:108AAC00000000001F9B02002400020200000020B6
:108ABC00279B020020000B119C020020015001009A
:108ACC000000000069280200C88A0200E48A020043
:108ADC004A000000000000005C6B0020C88A020005
:108AEC00F88A0200470000000000000024700020FB
:108AFC00C88A02000C8B020002010000000000007A
:108B0C00447100200E0300009D5E01000F04000064
:108B1C006D5F01001A010000372C020005040000F3
:108B2C00D155010013010000752D02003E0100001B
:108B3C003D57010001120000152E02000A1E000014
:108B4C00172E0200FF010000515601003E010000EB
:108B5C007156010005040000AB2C02000804000053
:108B6C00D92F020030030000732F02001001000007
:108B7C00EB2C0200011200002D5E01000A1E000009
:108B8C003F310200030900003B2E0200040B0000E1
:108B9C00F32C0200060A000013320200070A000040
:108BAC00D32C02000C050000FB2E0200050C00006B
:108BBC004B31020012050000DD6D010013080000AE
:108BCC0003380200C88A0200E08B02000301000097
:108BDC000000000060720020C88A0200F48B0200C2
:108BEC000000000000000000B4750020C88A0200DC
:108BFC00088C02004A00000000000000DC75002018
:108C0C00A93B0200FB3B020000000000000000003A
:108C1C0000000000A73D0200000000000000000062
:108C2C00000000000000000002020100F7400200FA
:108C3C0004040100A184010006060100058701005F
:108C4C0008040100C58701000A0201001F4202004E
:108C5C000C040100074202000E040100DD85010036
:108C6C00200401007186010010040100D988010064
:108C7C0012020100694202001E0004009B47020020
:108C8C00520200008F420200C88A0200A48C02002B
:108C9C004C00000000000000347700200C90020013
:108CAC00E7490200000000000890020000000100EB
:108CBC0004900200C54D020000000000F8030020E3
:108CCC0000000100FC8F020000000000000000000A
:108CDC000000000000000000F88F0200B9490200FB
:108CEC006D9501000004002000000300F48F0200C9
:108CFC00C54D020000000000F00300200000010040
:108D0C00EC8F02001F4A0200D94B02000000000049
:108D1C0000000300E88F0200C54D020000000000B7
:108D2C00E803002000000100E08F02008D99010093
:108D3C000000000000000000000001002DA7010051
:108D4C0061590200F1AE01000000000000000000BB
:108D5C0051AD010000000000000000000000000008
:108D6C00000000000000000000000000E9A7010066
:108D7C0006000000715502000600000011550200AB
:108D8C001000000079A30100100000001759020028
:108D9C000100000097510200100000006D55020008
:108DAC000A0000009D52020010000000D5AD010029
:108DBC00070000007555020010000000435202002D
:108DCC000100000085A6010040000000B55402001F
:108DDC0010000000915202000100000061B301007C
:108DEC0031B3010000000000ADB401002DB401004E
:108DFC008F5E02008B5E02000400000000FF00008A
:108E0C00FF03000000030050AC0200200000000033
:108E1C0001000000FFFFFFFF00000050AC0200202B
:108E2C000000000000000000008202000B00110096
:108E3C00008202000C00110071C50100F1600200FB
:108E4C001F610200080000000300000028810200DE
:108E5C00288102007081020078810200C08102002A
:108E6C00C8810200759C0200000100000000000097
:108E7C00EF7F0200512563FCC2CAB9F3849E17A789
:108E8C00ADFAE6BCFFFFFFFFFFFFFFFF0000000095
:108E9C00FFFFFFFFAAAAAAAAAAAAAAAAAAAAAAAAD2
:108EAC0055555555555555555555555500000000BA
:108EBC0055555555522563FCC2CAB9F3849E17A764
:108ECC00ADFAE6BCFFFFFFFFFFFFFFFF0000000055
:108EDC00FFFFFFFF512563FCC2CAB9F3849E17A79D
:108EEC00ADFAE6BCFFFFFFFFFFFFFFFF0000000035
:108EFC00FFFFFFFF96C298D84539A1F4A033EB2DA4
:108F0C00817D0377F240A463E5E6BCF847422CE18F
:108F1C00F2D1176BF551BF376840B6CBCE5E316BD3
:108F2C005733CE2B169E0F7C4AEBE78E9B7F1AFE97
:108F3C00E242E34F4B60D2273E3CCE3BF6B053CCE3
:108F4C00B0061D65BC86987655BDEBB3E7933AAA7F
:108F5C00D835C65AFCFFFFFFFFFFFFFFFFFFFFFFE7
:108F6C0000000000000000000000000001000000F4
:108F7C00FFFFFFFF647261676F6F6E2F6C69627326
:108F8C002F73636865642F7372632F7363686564F2
:108F9C005F68616C5F7274632E63000000000229CD
:108FAC0000000328000000280000042A0000042A06
:108FBC00000003280000012A0000012A00000328F9
:108FCC000000002A0000002A0000032800000018FE
:108FDC000000002800002A2B00002A2B0000032888
:108FEC000000292B0000292B000003280000022977
:108FFC000000052A0000052A0000032800000118C3
:10900C000000002850485920757064617465642C08
:10901C002054583A2025752052583A2025750A00BC
:10902C00436F6E6E656374696F6E20706172616DF3
:10903C006574657220757064617465640A436F6E43
:10904C006E656374696F6E20696E74657276616C9F
:10905C003A20312E3235202A202575206D732C2094
:10906C006C6174656E63793A2025752C2074696D7A
:10907C00656F75743A203130202A202575206D7368
:10908C000A00506F776572696E67206F66660A001A
:10909C004661696C656420746F20676574206C6F21
:1090AC0063616C206F6F622064617461202865724B
:1090BC0072202564290A00416476657274697369AB
:1090CC006E67207465726D696E617465642E0A003A
:1090DC005363686564756C696E6720737973746526
:1090EC006D206F66660A004E6F7469666963617401
:1090FC00696F6E20656E61626C65640A004E6F74F8
:10910C00696669636174696F6E2064697361626C0E
:10911C0065640A004E6F74696669636174696F6E89
:10912C002073656E64696E6720656E6465642E20BD
:10913C00446973636F6E6E656374696E672E2E2E51
:10914C000A004661696C656420746F2064697363FE
:10915C006F6E6E65637420426C7565746F6F7468A6
:10916C00206C696E6B2028657272202564290A00B8
:10917C00436F6E6E65637461626C652061647665C5
:10918C0072746973696E67206661696C65642074BA
:10919C006F207374617274202865727220256429A3
:1091AC000A00436F6E6E65637461626C6520616466
:1091BC00766572746973696E672073746172746515
:1091CC00640A004E6F6E2D636F6E6E656374616220
:1091DC006C65206164766572746973696E6720666C
:1091EC0061696C656420746F2073746172742028DB
:1091FC00657272202564290A004E6F6E2D636F6EA6
:10920C006E65637461626C65206164766572746905
:10921C0073696E6720737461727465640A004E6FB3
:10922C0074696669636174696F6E2063616E6E6FD9
:10923C00742062652070617373656420746F2042C2
:10924C006C7565746F6F746820737461636B0A005E
:10925C004661696C656420746F2073656E64205080
:10926C0057522073657276696365206E6F746966F8
:10927C0069636174696F6E20286572722025642998
:10928C000A00446973636F6E6E65637465642C20A9
:10929C00726561736F6E20307825303278202573BB
:1092AC000A007075626C69630072616E646F6D00A8
:1092BC007075626C69632D69640072616E646F6DA8
:1092CC002D69640030782530327800253032583AD8
:1092DC00253032583A253032583A253032583A2512
:1092EC003032583A253032582028257329005365DE
:1092FC00637572697479206368616E6765643A207E
:10930C002573206C6576656C2025750A00536563A2
:10931C007572697479206661696C65643A2025738D
:10932C00206C6576656C202575206572722025642D
:10933C002025730A00436F6E6E656374696F6E202F
:10934C006661696C65642C206572722030782530FA
:10935C0032782025730A00436F6E6E656374656402
:10936C002025730A0050616972696E672063616E13
:10937C0063656C6C65643A2025730A0050616972F0
:10938C00696E67206661696C656420636F6E6E3A06
:10939C002025732C20726561736F6E202564202547
:1093AC00730A0050616972696E6720636F6D706C2F
:1093BC00657465643A2025732C20626F6E64656455
:1093CC003A2025640A004C455343204F4F422064F9
:1093DC00617461207265717565737465640A0055FA
:1093EC006E737570706F72746564204F4F4220728B
:1093FC006571756573740A004661696C65642074E7
:10940C006F2067657420636F6E6E20696E666F20C7
:10941C0028657272202564290A004E6F204F4F4236
:10942C00206461746120617661696C61626C652095
:10943C00666F72206C6F63616C20257300466169E6
:10944C006C656420746F20736574204F4F422053F9
:10945C0043206C6F63616C206461746120286572B9
:10946C0072202564290A005374617274696E672036
:10947C00426C7565746F6F746820506F77657220DD
:10948C0050726F66696C696E672073616D706C6584
:10949C000A004661696C656420746F20696E69749A
:1094AC0069616C697A6520627574746F6E732028BB
:1094BC00657272202564290A0057616B65207570EE
:1094CC0020627920746865206164766572746973B2
:1094DC00696E6720737461727420627574746F6E38
:1094EC00730A004170706C69636174696F6E2073EC
:1094FC006F6674207265736574206465746563743B
:10950C0065640A0052657365742066726F6D207015
:10951C00696E2D72657365740A0053797374656D89
:10952C002072657365742066726F6D20646966665F
:10953C006572656E7420726561736F6E203078256C
:10954C003038580A00506F7765722D6F6E20726537
:10955C007365740A004661696C656420746F2072CF
:10956C006567697374657220505752207365727603
:10957C006963652063616C6C6261636B2028657242
:10958C0072202564290A00426C7565746F6F7468CB
:10959C0020696E6974206661696C65642028657247
:1095AC0072202564290A004661696C656420746F19
:1095BC00206C6F61642073657474696E6773202806
:1095CC00657272202564290A004661696C65642005
:1095DC00746F207265676973746572206175746845
:1095EC006F72697A6174696F6E20696E666F206341
:1095FC00616C6C6261636B732028657272202564E8
:10960C00290A004661696C656420746F2072656775
:10961C00697374657220617574686F72697A6174AC
:10962C00696F6E2063616C6C6261636B732028657B
:10963C007272202564290A004661696C6564207485
:10964C006F20696E697469616C697A6520616476F2
:10965C006572746973696E6720286572722025645F
:10966C00290A004661696C656420746F2067656E19
:10967C0065726174652070616972696E67206B65D3
:10968C0079732028657272202564290A004E6F7246
:10969C006469635F506F7765725F50726F66696C57
:1096AC00696E67002A2A2A20426F6F74696E6720E0
:1096BC006E524620436F6E6E6563742053444B208C
:1096CC0076332E342E302D39393535333035353619
:1096DC00303762202A2A2A0A002A2A2A205573693E
:1096EC006E67205A6570687972204F532076342E3D
:1096FC00342E302D6266383031653465336431393F
:10970C00202A2A2A0A0072302F61313A2020307820
:10971C0025303878202072312F61323A2020307871
:10972C0025303878202072322F61333A202030785F
:10973C00253038780A0072332F61343A2020307883
:10974C0025303878207231322F69703A20203078E9
:10975C0025303878207231342F6C723A20203078D2
:10976C00253038780A0020787073723A20203078CF
:10977C00253038780A004661756C74696E6720690B
:10978C006E737472756374696F6E20616464726554
:10979C00737320287231352F7063293A2030782565
:1097AC003038780A00556E68616E646C65642049C7
:1097BC0052516E3A2025640A002A2A2A2A2A204D60
:1097CC005055204641554C54202A2A2A2A2A0A0050
:1097DC002020537461636B696E67206572726F72BF
:1097EC002028636F6E746578742061726561206DDA
:1097FC0069676874206265206E6F742076616C698D
:10980C0064290A002020556E737461636B696E675E
:10981C00206572726F720A002020446174612041CD
:10982C0063636573732056696F6C6174696F6E0A3C
:10983C000020204D4D464152204164647265737383
:10984C003A20307825780A002020496E737472759E
:10985C006374696F6E204163636573732056696F1F
:10986C006C6174696F6E0A002020466C6F617469BC
:10987C006E672D706F696E74206C617A79207374C9
:10988C0061746520707265736572766174696F6E50
:10989C00206572726F720A002A2A2A2A2A205553CE
:1098AC00414745204641554C54202A2A2A2A2A0A47
:1098BC000020204469766973696F6E206279207A82
:1098CC0065726F0A002020556E616C69676E656465
:1098DC00206D656D6F7279206163636573730A0027
:1098EC0020204E6F20636F70726F636573736F729D
:1098FC0020696E737472756374696F6E730A0020DD
:10990C0020496C6C6567616C206C6F6164206F66BC
:10991C00204558435F52455455524E20696E746F22
:10992C002050430A002020496C6C6567616C2075DF
:10993C007365206F662074686520455053520A0089
:10994C002020417474656D707420746F2065786587
:10995C006375746520756E646566696E65642069EF
:10996C006E737472756374696F6E0A002A2A2A2AE0
:10997C002A20425553204641554C54202A2A2A2A43
:10998C002A0A002020537461636B696E672065722C
:10999C00726F720A002020507265636973652064CF
:1099AC0061746120627573206572726F720A002097
:1099BC00204246415220416464726573733A2030F0
:1099CC007825780A002020496D707265636973658B
:1099DC00206461746120627573206572726F720A03
:1099EC00002020496E737472756374696F6E206207
:1099FC007573206572726F720A00526573657276A8
:109A0C00656420457863657074696F6E2028005317
:109A1C00707572696F757320696E7465727275708A
:109A2C007420284952512000535053454C20696EE4
:109A3C0020746872656164206D6F646520646F6565
:109A4C0073206E6F7420696E646963617465205055
:109A5C0053500A002A2A2A2A2A20484152442046D6
:109A6C0041554C54202A2A2A2A2A0A0020204275C1
:109A7C0073206661756C74206F6E20766563746FED
:109A8C0072207461626C6520726561640A0020202A
:109A9C004465627567206576656E740A0020204601
:109AAC0061756C7420657363616C6174696F6E2091
:109ABC00287365652062656C6F77290A00415243F3
:109ACC00485F455843455054207769746820726547
:109ADC0061736F6E2025780A0A002A2A2A2A2A2006
:109AEC004465627567206D6F6E69746F722065785E
:109AFC0063657074696F6E202A2A2A2A2A0A002A42
:109B0C002A2A2A2A20257320256429202A2A2A2A4F
:109B1C002A0A00464C4153485F30005352414D5F76
:109B2C003000657869740062742F25732F253032EC
:109B3C00782530327825303278253032782530321D
:109B4C00782530327825752F25730062742F257394
:109B5C002F25303278253032782530327825303246
:109B6C0078253032782530327825750062742F25AF
:109B7C0073006274004254204C5720575100627499
:109B8C005F74785F70726F636573736F72004254A9
:109B9C002052582057510062742F63636300627423
:109BAC002F686173680062742F63660062742F7390
:109BBC00630062742F6B65797300636C6F636B4029
:109BCC0034303030303030300072616E646F6D4044
:109BDC00343030306430303000666C6173682D6323
:109BEC006F6E74726F6C6C657240343030316530EE
:109BFC003030006770696F40353030303033303082
:109C0C00006770696F403530303030303030005381
:109C1C006F667444657669636520436F6E74726F0A
:109C2C006C6C6572204153534552543A2025732C69
:109C3C002025640A0062745F6863695F7364630063
:109C4C004D50534C204153534552543A2025732CBC
:109C5C002025640A004D50534C20576F726B0069DD
:109C6C00646C65006D61696E00737973776F726BEC
:109C7C007100FFFFFFFF1F00418866AA1AFFFF4417
:109C8C003300C8DA3098F9F034A44B6EBAD3081903
:109C9C00CC0CEA51DA4700286E756C6C29002A66E8
:109CAC006C6F61742A000223D1BCEA5F782415DE44
:109CBC00EF1212301600000223D1BCEA5F78241593
:109CCC00DEEF1212301600000223D1BCEA5F7823BB
:109CDC0015DEEF12123016000000FFFFFFFFFFFF32
:109CEC0000000000000000FFFFFFFFFFFF0000006E
:109CFC000000000000000000001000800000805FE9
:109D0C009B34FB0104000200000002000000000074
:109D1C000000050000000000000000000000000032
:109D2C0000000500090909090102090909090909C5
:109D3C00090909090907090909090906090909098C
:109D4C00090909090909090909090909050102048F
:109D5C00E69D350E480103CCDBFDF4AC1191F4EF1C
:109D6C00B9A5F9E9A7832C5E2CBE97F2D203B020DB
:109D7C008BD28915D08E1C742430ED8FC24563763E
:109D8C005C15525ABF9A32636DEB2A65499C80DC94
:109D9C00010101010102030005061F1F291812030E
:109DAC0008020305080A000801030401050405095B
:109DBC00060701010606080000010001000301006E
:109DCC000302020100020000000000020301000374
:109DDC006C888391AAF5A53860370BDB5A6083BE7B
:109DEC0000070E091C1B1215383F363124232A2D6F
:109DFC00001001110212031304140515061607179F
:109E0C000808080808080808181818181818181846
:109E1C0000202A2A2A2A2A2A2A2A2A2A2A2A2A2ACA
:109E2C00000110141400001C2030401C2000001CE9
:089E3C0020304000400000004E
:109E4400FFFFFFFFFF1F00001F00000000000000D5
:109E54007FFE0000E40700001D4000000000000039
:109E64000000000000000000FFFFFFFF1FFF1B00B9
:109E7400BAABBABA10101010A0354D00FF000000A4
:109E8400C409000000000000008000400000000041
:109E9400000000000C0000000000000000FF7F0034
:109EA40000000000B701010000000000C90101002A
:109EB40000000000A93800000000000015020100A5
:109EC40000000000110201000000000074B4000052
:109ED400FF0000002CE8000001000000000000006A
:109EE4000000000021330100000000000001000018
:109EF400000000000000000000000000000000005E
:109F0400000000000000000000000000000000004D
:109F140000000000D933010000000000000100002F
:109F2400000000000000000000000000000000002D
:109F3400000000000000000000000000000000001D
:109F4400000000004F1502000000000000010000A6
:109F540000000000000000000000000000000000FD
:109F640000000000000000000000000000000000ED
:109F740000000000000000000000000000000000DD
:109F840000000000000000000000000000000000CD
:109F940000000000000000000000000000000000BD
:109FA40000000000000000000000000000000000AD
:109FB400000000000000000000000000000000009D
:109FC400000000000000000000000000000000008D
:109FD400000000000000000000000000000000007D
:109FE400000000000000000000000000A95B010068
:109FF400000000000000000000000000000000005D
:10A00400000000000000000000000000000000004C
:10A01400000000000000000000000000000000003C
:10A02400000000000000000000000000000000002C
:10A03400000000000000000000000000000000001C
:10A04400000000000000000000000000000000000C
:10A0540000000000000000000000000000000000FC
:10A0640000000000000000000000000000000000EC
:10A074000000000038820200DD350100A93501002E
:10A0840000000000000000000300000000000000C9
:10A094005515020000000000000000000000000050
:10A0A4000000000000000000AD37010000000000C7
:10A0B40000000000C39C02000000120069180200A6
:10A0C400B0890200B88F020000000200C48F0200B1
:10A0D40000000200D08F0200000002000000000017
:10A0E4005F28020000000000000000000060004043
:10A0F400000000000000000000000000000000005C
:10A10400000000000000000000000000000000004B
:10A11400000000000000000000000000000000003B
:10A12400000000000000000000000000000000002B
:10A13400000000000000000000000000000000001B
:10A14400000000000000000000000000000000000B
:10A1540000000000000000000000000000000000FB
:10A1640000000000000000000000000000000000EB
:10A1740000000000C15201000000000000000000C7
:10A1840000000000D95E0100000000000000000093
:10A1940000000000915601000000000000000000D3
:10A1A40000000000D16F010000000000000000006A
:10A1B40000000000BD6E010000000000000000006F
:10A1C40000000000B1760100000000000000000063
:10A1D4000000000081730100000000000000000086
:10A1E4000D850100718F010021470200000000006D
:10A1F40000000000898A0100E5450200794602005A
:10A20400FD8301000000000000000000618D0100DA
:10A214000000000000000000334E020000000000B7
:10A224000000000000000000E48F020000000200B3
:10A23400F08F020000000A000090020000002000DD
:10A24400000000000000000000000000000000000A
:10A254009B4A02000000000018040020180400209B
:10A2640000000000000000000E0000002C0400208C
:10A274002C040020F5AC01000000000000000000E8
:10A28400D9CF010000000000000000000879002080
:10A2940000000000000000000000000000080000B2
:10A2A400FF00000000B001400000000000000000BA
:10A2B4000000000000000000900200007C04002068
:10A2C4007C0400208404002084040020000000009A
:10A2D400000000000E000000000000009C040020AC
:10A2E4009C04002000000000000000000E0000009C
:10A2F40000000000B4040020B404002000000000AA
:10A30400000000000E00000000000000CC0400204B
:10A31400CC04002000000000000000000E0000003B
:10A32400000000001B72020017720200172F2F7723
:10A3340077772E6E6F7264696373656D692E636FD0
:05A344006D040601019B
:0FA3490000000000000000000000000000000005
:10A35800140500201405002090780020000000005B
:10A36800010000002400000000000000300500206B
:10A378003005002080680020000000000100000077
:10A38800A0000000000000004C0500204C05002043
:10A39800B478002000000000030000001C0000004A
:04A3A80000000000B1
:10A3AC0000000000206900203C02000000000000BA
:04A3BC00000000009D
:10A3C0007C0500207C05002000000000000000004B
:10A3D0000E00000090050020900500200000000005
:08A3E000000000000E00000067
:10A3E800A4050020A405002000000000FFFFFFFFD7
:10A3F8000000000000000000BC050020BC05002093
:10A408000000000000000000CC050020CC05002062
:10A41800030003001000000000000000F88B020099
:10A42800BC7600200000000000000000F0050020BD
:10A43800F005002003000300100000005184010013
:10A44800948C020018780020000000000000000032
:10A45800140600201406002003000300000000007A
:10A4680000000000E88A0200FC70002000000000E4
:10A478000000000038060020380600200100010016
:10A4880010000000C5720100E48B0200B4750020C2
:10A4980000000000000000005C0600205C060020B0
:10A4A800030003000000000000000000D08B020041
:10A4B8006C750020000000000000000080060020ED
:10A4C800800600200C000C00040000001555010057
:10A4D800D48A0200D46E00200000000000000000B2
:10A4E800A4060020A40600200100010000000000CE
:0CA4F80000000000FC8A020048720020F6
:04A5040015E015E069
:04000003100048F9A8
:00000001FF
