:10000000A04F00207D330000F54C01006933000053
:100010006933000069330000693300006933000070
:100020000000000000000000000000005534000047
:10003000693300000000000025360000693300002D
:10004000A5360000A5360000A5360000A536000044
:10005000A5360000A5360000A5360000A536000034
:10006000A5360000A5360000A5360000A536000024
:10007000A5360000A5360000A5360000A536000014
:10008000A5360000A5360000A5360000A536000004
:10009000A5360000A5360000A5360000A5360000F4
:1000A000A5360000A5360000A5360000A5360000E4
:1000B00081B50000A5360000A5360000A536000079
:1000C000A5360000A5360000A5360000A5360000C4
:1000D000A5360000A5360000A5360000A5360000B4
:1000E000A5360000A5360000A5360000A5360000A4
:1000F000A5360000098D0100A5360000A5360000D8
:10010000A5360000A5360000A5360000A536000083
:10011000A5360000A5360000A5360000A536000073
:10012000A5360000A5360000A5360000A536000063
:10013000A5360000A5360000A5360000A536000053
:10014000A5360000A5360000A5360000A536000043
:04015000A5360000D0
:1001580080EA101404F0F01480EA0410604081EA88
:10016800111404F0F01481EA0411614082EA1214B7
:1001780004F0F01482EA0412624083EA131404F0D3
:10018800F01483EA0413634080EA102404F47F44E3
:1001980080EA0420604081EA112404F47F4481EA63
:1001A8000421614082EA122404F47F4482EA042292
:1001B800624083EA132404F47F4483EA04236340FF
:1001C80081EA500404F0553480EA4400614083EA2F
:1001D800520404F0553482EA4402634082EA9004EF
:1001E80004F0333480EA8400624083EA910404F026
:1001F800333481EA84016340704700BF82EA900487
:1002080004F0333480EA8400624083EA910404F005
:10021800333481EA8401634081EA500404F05534A0
:1002280080EA4400614083EA520404F0553482EACB
:100238004402634080EA102404F47F4480EA0420E6
:10024800604081EA112404F47F4481EA042161407A
:1002580082EA122404F47F4482EA0422624083EA98
:10026800132404F47F4483EA0423634080EA1014CF
:1002780004F0F01480EA0410604081EA111404F0DC
:10028800F01481EA0411614082EA121404F0F014B7
:1002980082EA0412624083EA131404F0F01483EA39
:1002A80004136340704700BF2DE9F14F94464FEAAD
:1002B800930B8A68CB6808684968FFF749FF0BF118
:1002C800060E33E083EA134480EA134582EA1347B3
:1002D80046BA96EA3444604000F00F1684EA0634C1
:1002E80020F00F1684EA161054BA94EA01067240F8
:1002F80002F00F1486EA043622F00F1486EA14126C
:100308004CBA6540694001F00F1485EA043521F0C4
:100318000F1485EA14115CBA67407B4003F00F1490
:1003280087EA043723F00F1487EA1413BCE8F000B7
:100338006040694072407B4000F0E03400F01035C6
:1003480000F00F3040EA540040EAC50080EA90040B
:1003580004F0332480EA8400604001F0E03401F0C6
:10036800103501F00F3141EA540141EAC50181EA33
:10037800910404F0332481EA8401614002F0E034FE
:1003880002F0103502F00F3242EA540242EAC50286
:1003980082EA920404F0332482EA8402624003F081
:1003A800E03403F0103503F00F3343EA540343EA13
:1003B800C50383EA930404F0332483EA8403634087
:1003C80081EA324787EA134581EA354690EA06040E
:1003D80084EA034B82EA1B4280EA044484EA054427
:1003E80083EA144A85EA14448BEA044B84EA3744C6
:1003F80081EA0B4181EA164104EA0A00454082EA93
:1004080004082BEA080041408AEA0B0602EA0600C3
:1004180084EA34438AEA3A4603EA060778404540C4
:10042800414088EA38478BEA3B4007EA000985EAF9
:10043800090583EA0709464006EA0906714085EA84
:10044800010005EA3546464006EA314181EA304175
:1004580081EA364606EA304686EA3546344008EAF6
:10046800010886EA01052A4086EA364003405A40D8
:1004780081EA31431F407C4080EA030709EA070903
:1004880088EA0908544088EA020806EA0A0601EAE6
:100498000B018AEA0B0215408AEA3A4210404540AD
:1004A8008BEA3B4003405E404240174079404D4054
:1004B8004E40E443F64386EA18435D4085EA05402A
:1004C80083EA134386EA034183EA384284EA114304
:1004D80083EA04435FEA3343BEF1010E3FF6F2AE0E
:1004E8001ED4BCE8F0006040694072407B4020BCEC
:1004F800FFF784FE28606960AA60EB60BDE8F08FB2
:100508002DE9E0414FF2F00280EA1031114080EA13
:100518000130484041088208C3084FF0000E4FE7F9
:1005280000F0113001F0113102F0113203F01133F3
:1005380040EA410040EA820040EAC3004FF2F0027C
:1005480080EA1031114080EA01304840BDE8E0817E
:100558002DE9F04F02F11C050646074600EB850819
:1005680051F8040B043A46F8040BF9D14FF0010C8A
:10057800FFF7C6FF5FEA302080EA0C001ECF41403B
:100588004A4053405C401EC62000464517D04FEAFB
:100598004C0C1CF4807F18BFACF1E50C2C2DE7D077
:1005A8003C2D06D1FFF7ACFF06CF41404A4006C6B6
:1005B800100006CF41404A4006C61000D8E736E989
:1005C8000F00FFF7C5FD043D86E80F00F7D1BDE831
:1005D800F08F00BF2DE9F14F03F11C0402EB840CEE
:1005E8004FEA930B8A68CB6808684968FFF7B0FD43
:1005F8003CE9F0006040694072407B400BF1060E18
:100608004EE083EA134480EA134582EA134746BA68
:1006180096EA3444604000F00F1684EA063420F06D
:100628000F1684EA161054BA94EA0106724002F0D2
:100638000F1486EA043622F00F1486EA14124CBA14
:100648006540694001F00F1485EA043521F00F1464
:1006580085EA14115CBA67407B4003F00F1487EAFF
:10066800043723F00F1487EA141344BA44404DBAF0
:100678004D4056BA56405FBA5F4087EA174886EA47
:10068800174B84EA17464FEA38488BEA1B4485EA39
:100698001B4788EA1B4580EA3440694072407B402A
:1006A80000F0703400F0803500F00F3040EA44006C
:1006B80040EAD50080EA900404F0332480EA8400FC
:1006C800604001F0703401F0803501F00F3141EAEB
:1006D800440141EAD50181EA910404F0332481EA16
:1006E8008401614002F0703402F0803502F00F326C
:1006F80042EA440242EAD50282EA920404F0332430
:1007080082EA8402624003F0703403F0803503F01B
:100718000F3343EA440343EAD50383EA930404F01E
:10072800332483EA84036340C943DB4381EA00043A
:1007380083EA044686EA020183EA014382EA3345F2
:1007480083EA14435C4084EA00077FEA040A8AEAE1
:10075800024A8AEA010B87EA11488AEA374A80EA9C
:10076800060181EA1A418AEA030A04EA0A004540B6
:1007780088EA040707EA0B0041408AEA0B0608EA00
:10078800060084EA34428AEA3A4602EA06035840F6
:100798004540414087EA37438BEA3B4003EA00097A
:1007A80085EA090582EA0309464006EA0906714016
:1007B80085EA010005EA3546464006EA314181EA04
:1007C800304181EA364606EA304686EA3546344004
:1007D8000F4086EA010508EA050886EA3640024025
:1007E80088EA020881EA314213405C4080EA020349
:1007F80009EA030987EA0907674088EA040806EA5C
:100808000A0601EA0B018AEA0B0425408AEA3A44FF
:10081800204045408BEA3B4B02EA0B02564084EAF3
:100828000B04234059406E40694087EA364080EA0D
:10083800384080EA060380EA104481EA134585EAD5
:10084800344585EA17427D4082EA354180EA054011
:100858003CE9F0006040694072407B40BEF1010E07
:100868003FF6CFAE20BCFFF7C9FC28606960AA60DC
:10087800EB60BDE8F08F00BFFFF76ABE2DE9F00717
:1008880091E8F807B2E802105B1854EB0C04B2E8E0
:1008980002104D4156EB0C06B2E802104F4158EBDE
:1008A8000C08B2E8021059EB01095AEB0C0A80E86F
:1008B800F80780410130BDE8F00770472DE9F007DF
:1008C80091E8F807B2E802105B1A74EB0C04B2E87E
:1008D80002108D4176EB0C06B2E802108F4178EBDE
:1008E8000C08B2E8021079EB01097AEB0C0A80E8EF
:1008F800F80780414042BDE8F00770472DE9F0074E
:10090800524290E87800B1E880071740DB1918EAEE
:10091800020854EB080419EA020955EB09051AEA1A
:10092800020A56EB0A0678C090E87800B1E880071A
:1009380017407B4118EA020854EB080419EA020937
:1009480055EB09051AEA020A56EB0A0678C08041F7
:100958000130BDE8F00770472DE9F007524290E8F2
:100968007800B1E880071740DB1B18EA020874EB2F
:10097800080419EA020975EB09051AEA020A76EB76
:100988000A0678C090E87800B1E880071740BB41B4
:1009980018EA020874EB080419EA020975EB09055C
:1009A8001AEA020A76EB0A0678C080414042BDE89E
:1009B800F00770472DE9F00152424FF0040890E823
:1009C800300091E8C000A31B1340E41AF618EB1B93
:1009D8001340ED1AFF1830C0C0C1B8F10108EED1BC
:1009E800BDE8F001704700BF00B592E8DC072DE9CB
:1009F800DC07B1E8805702B4A7FB02510A95A8FBAF
:100A0800020BE7FB6310E9FB62B00B91A8FB0351F3
:100A1800EAFB6201E7FB64B5E7FB6605E8FB6615E0
:100A2800CDF830B0A9FB03B6EAFB6316ECFB6356BE
:100A3800E8FB640BE9FB641BEAFB645BECFB646B9F
:100A48000D90ACFB0230059CEEFB6250E9FB646044
:100A5800EAFB64B0E7FB6431E8FB6451069CE8FB01
:100A68006461E9FB64B1EAFB64010E93A7FB0432FD
:100A7800079CE7FB6462E8FB64B2E9FB6402EAFBFB
:100A88006412049CE9FB6453EAFB6463089CE7FB7B
:100A980064B3E8FB6403E9FB6413EAFB64230F9582
:100AA8005DF8049B99E80006DDF80080A9FB08546E
:100AB800EAFB68B4DDF81080ECFB6804EEFB681410
:100AC800E9FB6824EAFB6834DDF80480EEFB68651E
:100AD800E9FB68B5EAFB6805DDF81480ECFB6815EE
:100AE800EEFB6825E9FB6835EAFB68450F96DDF8FB
:100AF8000880AEFB0876E9FB6806EAFB6816DDF8B5
:100B08001880ECFB6826EEFB6836E9FB6846EAFBD2
:100B18006856DDF80C80ECFB68B7EEFB6807E9FB6C
:100B28006817EAFB6827DDF81C80ECFB6837EEFBEA
:100B38006847E9FB6857EAFB686708B000BD00BF73
:100B48002DE9F14F87B0FFF74FFFDDF81C8008F162
:100B5800200888E8FF00FFBC87E87F08BDE8F08F21
:100B680000B591E89857A3FB03520195A3FB040134
:100B7800E3FB6420E3FB67100292A3FB0752E3FB4D
:100B88006802E4FB6415E3FB6805E3FB6925039150
:100B9800A4FB07B6E3FB6926E3FB6A56E4FB670B95
:100BA800E4FB682BE3FB6A5BE3FB6C6B0490A4FB40
:100BB8000810E4FB6950E3FB6C60E3FB6EB0E7FBF5
:100BC8006721E4FB6951E4FB6A61E3FB6EB1E4FB76
:100BD8006E010592A7FB0832E4FB6A62E4FB6CB283
:100BE800E4FB6E02E7FB6E12E7FB6853E7FB696301
:100BF800E4FB6CB3E7FB6C03E7FB6E13E8FB6E23C7
:100C08000695A7FB0954E7FB6AB4E7FB6C04E8FB0D
:100C18006C14E8FB6E24E9FB6E34E8FB6865E7FBBF
:100C28006AB5E8FB6A05E8FB6C15E9FB6C25E9FB8E
:100C38006E35EAFB6E450796A8FB0976E8FB6A065F
:100C4800E9FB6A16E9FB6C26EAFB6C36EAFB6E46A2
:100C5800ECFB6E56E8FB69B7E9FB6907E9FB6A1725
:100C6800EAFB6A27EAFB6C37ECFB6C47ECFB6E5738
:100C7800EEFB6E6700BD00BF2DE9F14F87B0FFF7AF
:100C88006FFFDDF81C8008F1200888E8FF00FFBC32
:100C980087E87F08BDE8F08F30B44FF0000310F804
:100CA800014B11F8015B013A84EA050443EA0403A5
:100CB800F5D1A3F101034FEAD37030BC704700BFF0
:100CC8004FF0000310F8012B013943EA0203F9D170
:100CD800A3F101034FEAD370704700BF30B411F895
:100CE800014B12F8015B6C4000F8014B013BF6D157
:100CF80030BC70472DE9F00791E8F807B2E8021018
:100D08005B1854EB0C04B2E802104D4156EB0C068C
:100D1800B2E802104F4158EB0C08B2E8021059EB48
:100D280001095AEB0C0A8941B3F1FF3374F1FF341E
:100D380075F1FF3576F1000677F1000778F10008C4
:100D480079F101097AF1FF3A51F100015B184C4140
:100D58004D4156F1000657F1000758F1000859EBCC
:100D6800D1795AEB010A80E8F807BDE8F007704727
:100D78002DE9F00791E8F807B2E802105B1A74EB66
:100D88000C04B2E802108D4176EB0C06B2E80210B2
:100D98008F4178EB0C08B2E8021079EB01097AEB85
:100DA8000C0A89415B184C414D4156F1000657F138
:100DB800000758F1000859EBD1795AEB010A80E88D
:100DC800F807BDE8F007704718EB040859EB050968
:100DD8005AEB060A5BEB070B5FF0000C4CF1000CBA
:100DE80018EB050859EB06095AEB070A5BEB070BEA
:100DF80050EB0C005FF0000C51EB0C0152EB0C02B5
:100E080063414CF1000CB8EB070879F100097AF15D
:100E1800000A7BEB040BA841B141A241B3416CF13C
:100E2800000CBBEB050BB041B941AA41BB416CF1C9
:100E3800000C4CF001068CF0020718EB060859EB81
:100E48006C095AEB6C0A7BEB6C0B70EB6C0471EB66
:100E58006C0572EB670653EB6C076CEB6C0C18EBCC
:100E68000C0059EB0C015AEB0C025BF1000354F136
:100E7800000455F1000556EBDC7657EB0C0770477C
:100E88002DE9F14F87B0FFF7AFFDDDF81080DDF8F1
:100E98001490DDF818A0FFF797FFBDE8000FFFF7E3
:100EA80093FF03B05DF8048B88E8FF00BDE8F08F7E
:100EB8002DE9F14F87B0FFF753FEDDF81080DDF81C
:100EC8001490DDF818A0FFF77FFFBDE8000FFFF7CB
:100ED8007BFF03B05DF8048B88E8FF00BDE8F08F66
:100EE80010F8012B11F8013B012A28BF9A42F7D0CC
:100EF800D01A7047034611F8012B03F8012B002A7A
:100F0800F9D17047034613F8012B002AFBD1181AB0
:100F18000138704700000000F7B5002240F6034092
:100F2800114603F0BDFC0446002840F0928003F00F
:100F3800ABFB214641F2030001AA03F0B1FC0446D1
:100F4800002840F08680019A434DD16805F12C03B2
:100F5800D1F80100D1F8051003C3104602F0B2FE23
:100F6800214641F2010001AA03F09AFC0446002838
:100F78006FD10198C3685A7885F824205A88EA8482
:100F88001A7985F82520B3F807202A85B3F80530A3
:100F98006B8502F097FE214641F2020001AA03F098
:100FA8007FFC0446002854D1019F05F13406FA68F5
:100FB800531C4132344618685968083303C49342B5
:100FC8002646F7D1384602F07DFE14F007FF0446A6
:100FD80000283ED195F83E309E0634D54FF0FF30BC
:100FE8004FF0FF3103F070FB0646002800F0DB816C
:100FF80007210C3013F056FF452303700A23C0F86D
:1010080002408471447004712246C370314640F630
:10101800334003F045FC0446D8B94FF0FF304FF099
:10102800FF3103F051FB0646002800F0BC81012186
:101038000C3013F046FF2246314640F6314003F0AB
:101048002FFC044628B995F83030580606D46FF0BE
:101058001204204603B0F0BD90000020002142F2A7
:10106800030001AA03F01CFC04460028F1D1019BEF
:10107800BF4EDA68D2F80100D2F8051003C6184648
:1010880002F020FE214642F2020001AA03F008FC09
:1010980004460028DDD1019CE368B3F8012091B231
:1010A80049B1D97839B1A5F8B420DA78114606F1F2
:1010B800200019F0BDF9204602F004FE002142F29A
:1010C8003A0001AA03F0ECFB0446002840F03C81FA
:1010D8000198C368B3F80130A5F8C83002F0F2FDF2
:1010E80095F8306016F0200619D14FF0FF304FF018
:1010F800FF3103F0E9FA0446002800F05481022188
:101108000C3013F0CFFE012321460370467032469F
:1011180040F66D4003F0C4FB0446002899D195F8C9
:1011280050301A0712D5002142F21C0001AA03F020
:10113800B7FB044600288CD10198C368D3F8012076
:10114800D3F80530C5E9262302F0BCFD95F89030A8
:101158009B0626D568460DF1020114F067FA04468D
:1011680000287FF476AF4FF0FF304FF0FF3103F0E7
:10117800ABFA0646002800F0168104210C3013F063
:1011880091FEBDF8003022460380BDF8023031469A
:10119800438042F2240003F083FB044600287FF4D6
:1011A80058AF95F890305F0610D5002142F22A001A
:1011B80001AA03F075FB044600287FF44AAF0198A2
:1011C800C3685B7885F8CA3002F07CFD4FF0FF30C9
:1011D8004FF0FF3103F078FA0446002800F0E3806E
:1011E80008210C3013F05EFE95F890100246614815
:1011F80011F0020F604B08BF034695F891008E0668
:1012080048BF43F0400310F0090F18BF43F40063D0
:1012180001F0010143EA0110002114F0E6F821462B
:10122800002242F2010003F03BFB044600287FF451
:1012380010AF95F83030B5F8B410980600F18B80EF
:10124800C9B941F2050001AA03F02AFB04460028A7
:101258007FF4FFAEB5F8B430019C4BB9E368B3F83E
:101268000120A5F8B4209A884448114619F0E0F8FE
:10127800204602F027FD4FF0FF304FF0FF3103F01A
:1012880023FA0446002800F08E8008210C3013F061
:1012980009FE95F890300246D90761D44FF0005105
:1012A800374814F0A2F82146002240F6014003F026
:1012B800F7FA044600287FF4CCAE014601AA4FF69F
:1012C800014003F0EDFA044620BB019802F0FAFC55
:1012D80021464FF6024001AA03F0E2FA0446C8B9D3
:1012E8000198C368B3F80130A5F8753002F0EAFC3C
:1012F80095F875305A070DD521464FF6034001AAD7
:1013080003F0CEFA30B90198C3685B7885F8743079
:1013180002F0D8FCEB79002B36D114F020FC0446FF
:1013280000287FF496AE05F065FD044600287FF49A
:1013380090AEEB79002B3FF48CAE0821114813F0E6
:101348009AFF03F005FA84E6411D7FF482AE1F235D
:10135800A5F8C830C4E600298DD16FF0040478E6FA
:1013680001A1D1E900019CE79088000200800020DB
:10137800200100200E1207002E120700480100204D
:1013880010880002180100202E78002EC5D195F88B
:1013980075309B061ED54FF0FF304FF0FF3103F03C
:1013A80093F9044610B96FF0680452E606210C3030
:1013B80013F078FDD5F8013021460360074B32461B
:1013C8009B8883804FF6064003F06AFA044600289B
:1013D800A3D03EE66FF085043BE600BF91000020F5
:1013E8004A780248097812F02EB800BF94C8010064
:1013F800014812F028B800BFB0C8010008B5054878
:1014080012F021F84FF05023D3F80024C3F8002439
:1014180012F026F812C9010010B50020054903F0A2
:10142800C1FF044618B10146034812F00CF82046E3
:1014380010BD00BF6C28002020C9010010B5094B61
:101448001B686BB9084811F0FEFF084811F0FBFF54
:10145800BDE810404FF40042002305480CF014BDCD
:1014680010BD00BFE816002047C9010060C901008F
:101478006000002008B510B1012810D008BD4FF455
:10148800A02200230A480CF0FFFC00220023094890
:101498000CF0FAFC0848BDE8084011F0D4BF054834
:1014A80019F0A7F8024819F0A4F80448F3E700BFB8
:1014B800000000203000002077C901008DC901001C
:1014C80010B50A4C236883B1094819F092F8094805
:1014D80011F0B9FF1321206814F04BFD014620B12B
:1014E800BDE81040044811F0AEBF10BDE81600205A
:1014F80030000020A4C90100D2C901000840C20779
:1015080008B510D50F4819F074F800F09DFA014697
:1015180020B10D48BDE8084011F095BF0B48BDE863
:10152800084011F090BF83070AD5064819F061F802
:1015380000F0B8FA014608B10548EBE70548EEE7C0
:1015480008BD00BF6000002000CA010032CA0100C7
:1015580053CA010089CA0100044BD3E8EF1F0131C7
:10156800C3E8E21F002AF8D1704700BFE00200205C
:1015780070B504460F4DD5E8AF3F53B90E4811F08A
:1015880062FF2046BDE870404FF4804200230CF013
:10159800AFBC002000F0F4F9014618B1074811F07B
:1015A80052FFEEE7D5E8EF3F013BC5E8E23F002AEE
:1015B800E7D0F7E7E0020020AECA0100E0CA010068
:1015C8000D4A10B50D4811F03EFF03220C4BD3E82D
:1015D800EF1FC3E8E02F0028F9D10A4819F009F8ED
:1015E8000022094B09481A60BDE810404FF4004238
:1015F80000230CF049BC00BFF3D3010012CB01005B
:10160800E002002030000020E816002060000020E2
:1016180070B503788AB004460E4607AD032B20D870
:10162800DFE803F002191B1D11492846FFF762FC89
:10163800059563781E210493A37830460393E378D5
:101648000C4A02932379019363790093A37911F0EB
:10165800C3F90AB070BD0849E7E70849E5E7084952
:10166800E3E70A212846074A11F0B6F9E0E700BF88
:1016780032CB01005BCB010039CB010040CB01002C
:101688004ACB010054CB010030B515468BB00C464F
:1016980014F012FD02A9FFF7BBFF35B9224607482F
:1016A80002A911F0D0FE0BB030BD054B22460093C5
:1016B80004482B4602A911F0C6FEF4E77ECB0100D0
:1016C800F3D301009DCB010000B589B031B10A4ABE
:1016D8000A4809B05DF804EB11F0B5BE084A10607D
:1016E80014F0EAFC6946FFF793FF6946054811F0D4
:1016F800AAFE09B05DF804FBF3D30100C5CB0100D5
:10170800E8160020E7CB010000B589B014F0D4FC3E
:101718006946FFF77DFF6946024811F094FE09B05B
:101728005DF804FBF5CB010010B50C4688B014F049
:10173800C3FC6946FFF76CFF22466946044B05481F
:1017480011F081FE04480CF0F9FA08B010BD00BF92
:10175800F3D301000CCC0100E402002010B50C46C4
:1017680088B014F0A9FC6946FFF752FF2246694683
:10177800034811F068FE03480CF0E0FA08B010BD09
:1017880033CC0100E402002030B50B780446012B6D
:101798000D4693B027D1194811F055FE6B782BB13F
:1017A800174813B0BDE8304011F04DBE08A92046D7
:1017B80005F0D8F9014618B1124811F044FE12E0BC
:1017C8000B9D07222846104919F0D0FF024660B148
:1017D80069462846FFF71CFF0C48694611F033FE9E
:1017E800204614F09FFC13B030BD0949204603F091
:1017F800FFFD01460028F6D00648DEE756CC01007A
:101808006FCC010088CC01006C280020AACC010014
:1018180073280020CDCC0100002307B53048CDE95E
:10182800003311F010FE2F4809F028FE014630B1B0
:101838002D4811F008FE002003B05DF804FB68464F
:1018480001A909F00BFE4FF05023D3F800148806C5
:1018580003D5264811F0F7FD0BE00A0701D5244807
:10186800F8E7CB0701D52348F4E751B1224811F036
:10187800EAFD0021214800F0ABF8014618B12048E4
:10188800D7E72048E6E703F0ADF8014608B11E485F
:10189800CFE713F0E3F8014608B11C48C9E71C4834
:1018A80005F088FA014608B11A48C2E71A4805F057
:1018B80065FA014608B11948BBE7194800F0A2F8D3
:1018C800014608B11748B4E7FFF7A6FD014608B17D
:1018D8001548AEE7DDE90001FFF710FEFFF78EFDC2
:1018E800F7CC01000515000022CD010049CD01000B
:1018F80073CD010094CD0100AACD01003CBF0100C9
:10190800E5CD0100D5CD010017CE010037CE01008D
:10191800D002002059CE010044BF010093CE01003F
:1019280038BF0100C8CE0100F3CE0100054B0846C0
:101938001B685B682BB1044A013818BF0120116885
:1019480018477047F0160020EC160020034B1B6860
:101958001B6813B1024A116818477047F016002037
:10196800EC1600201FB514240294044C0194BDF811
:101978001840009415F094FC04B010BD9328002082
:1019880010B586B0002104461822684619F0DFFE1B
:101998000C4B0D4902931423ADF80C300B4B0191FD
:1019A80004932CB96946204607F07EF906B010BDAD
:1019B8000122204615F075FD0028F3D16FF01500BF
:1019C800F4E700BF9328002084BF010055190000E8
:1019D800054A0346106818B91360044B196070472C
:1019E8006FF07700704700BFF0160020EC1600205B
:1019F800034B1B6813B11B6803B11847704700BF3E
:101A0800F416002010B578B103686BB1094C23783F
:101A18006BB9094B094A186009490A4804F040F8AB
:101A280008B90123237010BD6FF01500FBE76FF0B4
:101A38007700F8E7A7280020F4160020F816002001
:101A4800ACBF0100CCBF01001FB5124B1B78EBB136
:101A580040F6B833ADF80C3000230F4C8DF80E303B
:101A6800206814F03CF90D49206814F016F958B9AB
:101A78000090034602220A49206814F05BF918B95D
:101A8800206803A904F03EF804B010BD6FF01500FB
:101A9800FAE700BFA7280020F8160020CCBF0100F5
:101AA800F0BF01001FB5124B1B78EBB141F2707308
:101AB800ADF80C3000230F4C8DF80E30206814F070
:101AC8000EF90D49206814F0E8F858B9009003465B
:101AD80002220A49206814F02DF918B9206803A9D0
:101AE80004F010F804B010BD6FF01500FAE700BF5D
:101AF800A7280020F8160020B8BF0100E0BF0100A9
:101B0800014B1B68184700BF1403002030B504467A
:101B180085B00D4610220021684619F018FE0223F0
:101B28008DF80230044B2A4621466846019310F08E
:101B3800E3FF05B030BD00BF091B000080B50546B6
:101B48000E46174698460CF035FD034601F0B8FDE1
:101B58000446DFF81890424649F8003039463046C6
:101B6800A84754F8090001F043FD00BF0800000031
:101B78002DE9F047058B0446280717460CD501299F
:101B88000CBF45F0100545F02005258387F3118823
:101B9800BFF36F8FBDE8F087022905F0070540F015
:101BA8009480204611F0DAFC052864D801A353F884
:101BB80020F000BF951B0000D31C00007F1C000014
:101BC800411C00005B1C00006D1C000001F00703B5
:101BD8005A1F012A1FD8002221F00701062BD4F82A
:101BE800008089B2C4E9002209D1434603E0628B30
:101BF800013262831B68002BF9D141F002012046B3
:101C0800218311F0ABFC4FF0000900286DD041F0A2
:101C18002001218369E0042B0AD121F0070189B250
:101C28002046218311F09AFC10B141F02001218354
:101C38004FF00008C14658E02369D3F80090238B81
:101C480023F0070343F006034FF0000823834646BA
:101C58004BE02369D3F80490238B23F0070343F068
:101C68000403F1E72369D3F80890238B23F00703D3
:101C780043F00503E8E74FF00008C146E7E7012213
:101C880043F00803238387F31188BFF36F8F002A7B
:101C98003BD1B8F1000F4AD1B9F1000F02D020466C
:101CA8002C49C847EFF31187402383F31288BFF309
:101CB8006F8F238B23F008039BB22383D9063FD56C
:101CC80023F01002228303F007056669218B002E9A
:101CD800BFF67CAF00239946D4F8008021F00701B5
:101CE800C4E9003341F001012183238B03F0070A83
:101CF800AA4502D0A268002AC1D1B8F1000F02D1CA
:101D0800B9F1000FDAD00022BAE7A1680029C0D0E3
:101D18000D680029BDD03346524620464F68B84763
:101D28001DB12B6829461D46F3E72B46FAE74146C5
:101D3800334652462046D8F8008011F03BFCA8E70D
:101D48009A067FF523AF23F02002228303F00705CC
:101D580027E700BFE9350100034A13680BB9526849
:101D680013600020704700BF1803002030B50C46F0
:101D78000E4985B00291D0F8CC110546CDE9003165
:101D880000F1F0014FF0FF3320460BF003F950B992
:101D9800012384F86C30D5F8C83123B1204605B04A
:101DA800BDE83040184705B030BD00BFCF3901004D
:101DB8002DE9F04F012381460569466891B005F584
:101DC8006977D7E8EF2F002A03D1C7E8E13F002958
:101DD800F7D10CBF1A46002240F0BE80B368B16A42
:101DE80005F5F4781C1F104611F03DFE84427CD89E
:101DF800013A00F0AB80B2FA82F24FF00044D440CE
:101E080072682046073222F00302C5F83422B16A0C
:101E180011F029FEC5F83802B36A4046634303331C
:101E280023F0030302EB4302230103EB44030933CA
:101E380023F0030303EBC403C5F82C221A44083229
:101E4800C5F828227368C5F83042C5F82432444BD7
:101E5800C5E9AB63316800F039FA0446002842D17D
:101E6800D9F810B0D9F804A0D9F800300BF53274BD
:101E7800CDE9060005932046DAE90739012B08BFAA
:101E8800A9F1100918F0A3FBDAF82400354905ABCD
:101E9800009301EB80214B4620464FF480620BF003
:101EA80053FF2021DAF824302F4A0DEB010010F0FF
:101EB80093FD204608A90CF089F82C490BF52E70E3
:101EC80018F03EFBDAE9050183685C684CB15B46B3
:101ED800274AA047044630B9DAE9050183681B6937
:101EE8002BB96FF05704002129E001327BE701226A
:101EF800984704460028F6D11E4B2846C5F8C83135
:101F08001D4BC5F8CC311D4B0393D5F838320293DD
:101F1800D5F83432CDE9008305F50F73B26AD5F8E8
:101F2800A01300F09BF904460028DCD105F1F0006D
:101F38000BF0D6F80028C5F8A8030ADB02213846BA
:101F480011F079FD204611B0BDE8F08F6FF00B0459
:101F5800C9E76FF01504C6E76FF07704F2E700BF32
:101F6800293A0100582B002034CF01000F3A010014
:101F7800033A010005200000453B0100891F0000CD
:101F88002DE9F04190460C4699B30B788BB3D0F805
:101F9800BC50A5F5DE7614354FF0FF324FF0FF3315
:101FA80028460BF00BFC2146304611F00EFD074683
:101FB800A0B93046104911F008FD064620B9284658
:101FC800BDE8F04111F035BD1F222146483019F017
:101FD800EFFB86F86770C6F86880F0E7284611F0CE
:101FE80028FD4346224639463046BDE8F041FFF712
:101FF800BDBEBDE8F08100BFF3D3010013B50446B0
:1020080040B100230122CDE90032074BD0E9091283
:102018000AF094FF236F1B6823B1606F02B0BDE81C
:102028001040184702B010BDF3D3010013B50446A1
:102038000846216901F56971D1E8AF1F022910D15D
:1020480093B1A0B10121CDE900311346D0E90912BD
:102058000AF074FF074B984208BF6FF00B0002B0FC
:1020680010BD6FF00F00FAE76FF04C00F7E76FF064
:102078000100F4E72EF8FFFF2DE9F84389461546DD
:10208800066906F56973D3E8AF3F022B66D113687A
:10209800EBB11B78DBB1D6F8A073002F3FD106F562
:1020A800E8784FF0FF324FF0FF3340460BF086FBE5
:1020B8003046296811F089FC044660B93046294940
:1020C80011F083FC044638B9404611F0B2FC6FF0B9
:1020D8001500BDE8F883012705F108032367AB69FC
:1020E80064646367002384F86C3067B1404611F07C
:1020F800A0FC21463046A36E2A68FFF737FE002071
:10210800C9F80040E5E71F22296804F1480019F0E2
:102118004FFB404684F8677011F08BFCEFE73046C0
:10212800104911F052FC04460028D0D0002705F1D0
:1021380008030367AB6980F86C70436740641F222B
:102148002968483019F034FB22460121304684F8CA
:10215800677000F065F80028D1D0B8E76FF00F007D
:10216800B7E700BFF3D3010010B50C46006900F5CE
:102178006973D3E8AF3F022B0FD189B10A4900F543
:102188002E7018F009FA204617F028FD7822002151
:10219800204619F0DCFA002010BD6FF00F00FBE7B5
:1021A8006FF00100F8E700BFFC1600202DE9F04FA2
:1021B80005460E4690460027D0F8BCA085B0AAF583
:1021C800BA7421463046FEF78BFEE0B9134BA4F1F2
:1021D800480B0293DAF810303246CDE900832946DD
:1021E8004FF0FF335846AAF5DE790AF0D3FE88B9D6
:1021F8007823012203FB079383F86C20DAF80C306C
:102208000BB1584698477B1C022B4FF0010704F18D
:102218007804D6D105B0BDE8F08F00BF733B01004C
:102228001FB5144690B18AB1012912D10A4B00F1A9
:10223800F0010293D0F8CC31483201934FF0FF33CC
:10224800204600930AF0A6FE04B010BD6FF01500FA
:10225800FAE70020F8E700BF733B01002DE9F043DF
:1022680087B00E46DDE90E811446DDE910251F46CC
:1022780030B329B3DFF850C000F1F009002D08BFD2
:1022880065469EB9CDE9034400F5DE7420460596FF
:1022980017F016FF03ABCDE900432A463B464146FB
:1022A80048460AF09BFF07B0BDE8F083002241468C
:1022B8000E9248462A4607B0BDE8F0430BF0E2B854
:1022C8006FF01500EFE700BFB5210000F0B5044638
:1022D80087B02B4A04AB0E4692E8030083E803005C
:1022E800002C49D018460AF02DFD0546B0B94FF02C
:1022F800FF33E16C04F15407A163CDE901000093B9
:102308003846236D04F1380217F029F9A06C11F052
:102318005BFCC4F8BC0020B96FF00B05284607B079
:10232800F0BDA06C11F050FCC4F8C0000028F3D038
:10233800236CD4F8BC10C4F890300423C4F894304B
:10234800C4F8AC300223E3620E4BB4F84820C4F85A
:102358008C10616C236204F18C03C4F8A070A4F89B
:102368009820C4F8B870C4F8A810A4F8B020C4F82D
:10237800A400A6612363D1E76FF01505CEE700BF7F
:10238800C0BE010030C0010037B504460821C06A4C
:1023980011F05FFD00234FF6FF72104DADF80430C9
:1023A8006368ADF800208DF80620E26819182B4004
:1023B8001344181A60606846ADF8021011F0A1FCC9
:1023C8006946204611F064FD2046211D11F073FC7A
:1023D80063682B40A36003B030BD00BF0000FFFF5F
:1023E8002DE9F7430F4681460821C06A11F031FDF7
:1023F80080463C68124D241A3C6004EA0506B44243
:102408001CD3A0B210B903B0BDE8F08308236A4614
:102418002146484611F016FC0028F4D16946A0B2BE
:1024280011F003FD38B1BDF80230BDF804202E408C
:1024380013441E443C60A4EB0804E0E70020E2E7F4
:102448000000FFFF2DE9F047044688B000F11407AB
:10245800384617F044FFA06A8368DB689847E06253
:1024680028B96FF01505284608B0BDE8F087A06ABE
:102478008368DB6898470368013B1F2BF1D8E36842
:10248800B3F5803FEDD8A06A216805AA16F056F882
:102498000028E6D1E568002DE3D0069BB5FBF3F2F2
:1024A80003FB1255002DDCD1238A012BD9D9E36A0D
:1024B800009593F805804FF0FF334FF0FF32384610
:1024C8000BF07CF90821E06A11F0C3FCA946064626
:1024D800238A1FFA85FA534544D8238A4B4500F0CE
:1024E800FF809A450BD10099082342462046891B54
:1024F80011F0B6FB18B96946204611F0DCFB6946B5
:102508002046FFF76DFF0546002840F0EB80009954
:102518004FEA11494FEA09496160C4F80890A36875
:102528008B420DD80823204601AA11F08BFBB8B9BD
:1025380001AB13F8012B904532D101300828F8D1AE
:10254800636869466FF30F032046009311F0B3FBED
:1025580042462046E368009911F082FB00283CDAE5
:102568000546BFE0E1682B04891B13FA81F1424656
:1025780008232046009111F073FB78B16946204684
:1025880011F099FB09F101090823424620460099F8
:102598001FFA89F911F064FB00289ED0013597E7EE
:1025A800A08801A911F041FC626810B9911B616013
:1025B800B5E7BDF808A0BDF80610E06AC4F80890B1
:1025C800514411F046FC48448242A060EED1BAF171
:1025D800000FEBD06FF01C0584E05DD04FF6FF795B
:1025E800636806EB0308E3681FFA88F29B1B9A42AC
:1025F800CDF800801CD34FF000086168B8F1000FD7
:1026080030D06FF30F0120460091694611F053FB5B
:102618002046009911F05CFB0028A1D1E368A2884C
:10262800A3EB46039A425DD1204611F04EFC97E792
:1026380008234146204603AA11F004FB00288FD145
:1026480003A91FFA88F011F0F0FB30B1BDF80C3087
:102658004B4502D1BDF810300BB1B044C3E74FF081
:102668000108CAE7204611F033FB00287FF478AF51
:102678006368214AE16813400B44A3EB4603636097
:10268800134041462046A36011F0A3FCC4E7E26A68
:10269800A36812681344A360D4E901318B4208D9B6
:1026A800424620465B1A11F0DBFA0028FFF658AFC5
:1026B800EDD16168E36801EB46029A42AED10E4B58
:1026C800A06801EA03029042A8D0204611F000FB5E
:1026D80000287FF445AF6268074B1A40A2609DE767
:1026E8006FF02C0538460BF0DBF8002D7FF4BBAEFD
:1026F8000123A374B7E600BF0000FFFF014B03608E
:10270800002070475CC00100024B187880F001007F
:10271800704700BF532B0020F8B5C5690646002D49
:102728005ED00521284611F041FF00285BD13046D4
:1027380011F0CAFE0446002857D10821F06911F0AB
:1027480035FFE0B1F569EFF31187402383F3128871
:10275800BFF36F8F297931B93046AB689847041EAB
:1027680007DB01232B712B6843F020032B60002328
:10277800EB6087F31188BFF36F8F2046F8BDFFF732
:10278800C3FF38B94FF0FF324FF0FF3305F118009F
:1027980011F012FF6B692BB915496E6105F138000C
:1027A80017F01BFF2979C9B9AB6868699847041EF7
:1027B8000BDB01232B710023EB60D5E8EF3F43F0DF
:1027C8002003C5E8E23F002AF7D1FFF79DFF002864
:1027D800D3D105F1180011F0F1FECEE70024EAE7A5
:1027E8006FF08504C9E70024C7E76FF00F04C4E75A
:1027F800C748010070B5104B0D461C68B4B10F4BAB
:10280800196800238B4202DB6FF0010070BD22467D
:1028180012F8106B864202D014460133F2E7E068E2
:1028280017F0A9FC28B100202C60EFE76FF00C002E
:10283800ECE76FF01200E9E7440300205CC00100F8
:1028480010B5436888B0029383680C46CDE903321B
:1028580000230A68C068CDE90623054901AA059343
:1028680015F070FE079808B9059B236008B010BDE5
:102878008749010010B54FF42814DFF820C086B04E
:10288800CDE904C40824029404AC0194BDF82040A6
:10289800009414F005FD06B010BD00BF1800280014
:1028A8002DE9F0410C4B05461C680E4617467CB1D5
:1028B80000F018F963682046D3F8108032463B468A
:1028C8002946C047044600F017F92046BDE8F081C4
:1028D8006FF00104F9E700BF1C1700200023036014
:1028E800044B5A6812B9C3E9000070471060586079
:1028F800704700BF20170020014B1860704700BFC9
:102908001C170020002330B585B0CDE902330546F9
:10291800019000F0E7F8094B1C6844B9284600F01C
:1029280083F8044600F0E8F8204605B030BD636837
:1029380020461B6801A998472468EEE72017002065
:102948001FB5CDE90101039200F0CCF8074B1C68D4
:1029580024B900F0D1F8204604B010BD63682046C1
:102968001B6801A998472468F2E700BF20170020D8
:102978000022024BC3E90022704700BF2017002045
:102988000022024BC3E90022FFF7F2BF28170020FC
:102998002DE9F74307460C4609B100230B600026D2
:1029A8001E4DDFF87C904D450FD31E4B1D6885B337
:1029B80055F8188C3846414601AA183D12F055F8CA
:1029C80010B3D6B914BB2E461EE0D5F800803846A1
:1029D800414601AA12F049F850B116B954B92E4629
:1029E80006E000224046316812F03FF80028F5D191
:1029F8001835D8E7019B2360F1E70022404631688B
:102A080012F033F80028DDD1AD69D0E7019B2360CF
:102A1800D9E7304603B0BDE8F08300BF30BE0100FF
:102A2800C0BE0100281700202DE9F04780464FF06E
:102A380000470026DFF8A090DFF8A0A03D46284C0C
:102A48004C450DD3DAF80040002C40D0183CB8F1C2
:102A5800000F24D1226952BBA469F5E72F46EDE7A0
:102A6800B8F1000F03D122694AB91834E8E7002207
:102A78004146206811F0F9FF0028F4D1F5E76368B2
:102A8800BB4206DDAF4202D0AB42A8BF2B461D4673
:102A9800EBE7EAD19047002E08BF0646E5E700229B
:102AA8004146206811F0E1FF0028D3D1D4E76368DC
:102AB800BB4206DDAF4202D0AB42A8BF2B461D4643
:102AC800CAE7C9D19047002E08BF0646C4E7AF42FF
:102AD800C4D13046BDE8F087C0BE010028170020E9
:102AE80030BE01004FF0FF324FF0FF3301480AF0CB
:102AF80065BE00BFF407002001480AF0D1BE00BF40
:102B0800F407002038B5094DFFF7ECFF2B785BB9C7
:102B1800FFF736FF00F068F8044608B901232B7068
:102B2800FFF7EAFF204638BD0024F9E7A82800206F
:102B38002DE9F04306460F46048F99B00134A4B23C
:102B480000F10808651EADB2B5F5004F47D04A231D
:102B5800294605AA404611F0B0FC04F57F543F34DD
:102B6800A4B281462146012340460DF10B0211F023
:102B7800A4FCB9F1000F014610DC002810DC338FEB
:102B8800AB4209D132466B1E22F8383F4FF4004160
:102B98000223404611F05CFB2C46D3E7002808DCF2
:102BA8002946404611F030FC2146404611F02CFCE5
:102BB800E5E709F160030DEB03090023094A09F869
:102BC8004C3C05A8009703ABCDF80C80ADF810403D
:102BD80011F081FF0028DFD019B0BDE8F083002094
:102BE800FAE700BF4D4B01007FB50123694603207A
:102BF8000193FFF7FFFD044660BB032002AA01A969
:102C080011F0DFFE044610B110F10C0F22D1039928
:102C1800B1F5803F23D200231846009A94680844EF
:102C280084421AD30133082BF9D10E4D69612B83E5
:102C380053682846AB60D368EB6312F019F8044672
:102C480040B9094E28466E60FFF748FE28466E6078
:102C5800FFF752FE204604B070BD9BB2E5E76FF067
:102C68002004F7E7301700202CC1010008B50448FC
:102C780010F0E9FB034810F0E6FB002008BD00BF98
:102C880040CF010075CF010001480DF03FBF00BFE4
:102C980048C1010038B5044618B90F4B0F485B68A6
:102CA80098476168B1F5683F10D0B1F5680F0DD04D
:102CB8000B4DA9420AD011F46861206807D001467B
:102CC800084817F0C1FA00232360656038BD142254
:102CD80018F03DFDF9E700BF40060020A2CF010033
:102CE8002C5F5CA9701C002008B560B34368B3F57D
:102CF800683F0ED0B3F5680F18D0144A934220D01D
:102D080000684FF0FF324FF0FF330AF057FD58B11B
:102D180015E001220368D3E8EF1F002903D1C3E8B7
:102D2800E02F0028F7D10AD1002008BD0368084A1F
:102D38001B7803F5807352F82330002BF4D0054834
:102D4800F3E70548F1E76FF4E040EEE72C5F5CA994
:102D580000000350E98FFFFFEA8FFFFF08B520B39B
:102D68004368B3F5683F09D0B3F5680F13D0114A2B
:102D780093421DD000680AF093FD14E00022036816
:102D8800D3E8EF1F012903D1C3E8E02F0028F7D1CA
:102D980009D0094808BD00210368084A1B7803F5D3
:102DA800807342F823100020F4E76FF4E040F1E765
:102DB8000348EFE72C5F5CA9E98FFFFF0000035091
:102DC800EA8FFFFF10B5044618B91D4B1D485B6814
:102DD80098476368B3F5683F2FD0B3F5680F2CD0D8
:102DE800194A934219D1236803BB4FF0FF324FF0C1
:102DF800FF33214615480AF0B3FC08B923681BB90C
:102E08000F4B13485B68984714220021206818F07C
:102E18009EFC4FF46863636008E0B3F5680F0DD853
:102E28003A2B03D040F6BA629342DED1206817F0FD
:102E380056FA636843F03A03636010BD054AF3E746
:102E480040060020A2CF01002C5F5CA9701C002066
:102E5800C8CF01003A00003A08B5064940231422B9
:102E6800054817F0E4F9BDE80840044904480EF0A5
:102E7800DDB800BF70170020701C002050C1010091
:102E880064C1010008B50348034A0021121A11F071
:102E980025FF08BD60090020582B0020074808B509
:102EA800074A0849121A11F01BFFBDE808400648F6
:102EB800064A0749121A11F013BF00BF000000208C
:102EC8005C09002004D80100000000200000002058
:102ED80004D8010038B505460C4699B1D1E901235B
:102EE8000F48096810F0AFFAD4E90423E1680D48E7
:102EF80010F0A9FAE1690C4810F0A5FAA1690B488D
:102F080010F0A1FA012D05D1EFF305810848103919
:102F180010F099FA21462846BDE838400AF0C8BAA8
:102F2800F5CF010025D0010055D0010065D0010082
:102F380094D0010030BFFFF7FDBF00BF2DE9F0417D
:102F480005460B4EDFF82C80324606EB0807CC1BF3
:102F58002046094918F0D5FBA01942460021083C33
:102F680018F0F5FBC5F8AC4007F10800BDE8F081A2
:102F78000000000008000000C0BE010010B5204C91
:102F8800204810F060FAA36A990137D51E4810F05E
:102F98005AFA1E20A36ADA0103D51C4810F053FA26
:102FA8001F20174CA36ADB0203D5194810F04BFA0F
:102FB8000220A36A1C0303D5164810F044FA212006
:102FC8000F4CA36A590303D5134810F03CFA22208A
:102FD800A36A9A0303D5114810F035FA2320084C48
:102FE800A36ADB0303D50E4810F02DFA2420A36A48
:102FF8006FEA03436FEA1343A36210BD1D20C9E7BC
:1030080000ED00E0A8D00100C1D00100D5D001003A
:10301800F0D001001BD101003AD1010060D10100BC
:103028007BD1010070B5244C064624480D4610F0AB
:103038000AFAA36AD90435D5214810F004FA1720F2
:10304800A36A1A0503D51F4810F0FDF918201A4C79
:10305800A36A9B050FD51C4810F0F5F9A16BA36A6C
:10306800180407D5194810F0EEF91EB1A36A23F425
:103078000043A3621920104CA36A590503D51448CC
:1030880010F0E1F91A20A36ADA050DD5114810F0FD
:10309800DAF91B20084A936A43F47F4393620023BA
:1030A8002B7070BD1620CBE7A36A9B04F2D50A48A3
:1030B80010F0C9F91C20EDE700ED00E0A7D10100F0
:1030C800BED10100D0D10100E4D10100FED1010040
:1030D80014D2010030D2010049D2010070B5264C4B
:1030E800064626480D4610F0AEF9A36AD80640D524
:1030F800234810F0A8F91120A36A190703D521481D
:1031080010F0A1F912201C4CA36A9A070FD51E488B
:1031180010F099F9616BA36A1B0607D51B4810F0DC
:1031280092F91EB1A36A23F08003A3621320124C04
:10313800A36ADE0703D5164810F085F91420A36AA0
:103148009C0603D5134810F07EF915200A4B9A6A9D
:10315800D10658BF9A6A9A6A920642BF5A6A22F4FE
:1031680000525A629A6A42F0FF029A6200232B7058
:1031780070BD1020C0E700BF00ED00E079D201006B
:1031880090D20100D0D10100C4D20100DDD20100EB
:10319800F4D2010049D201002DE9F0415D4B04460B
:1031A8005F6800258AB0C7F3080685F31188BFF366
:1031B8006F8F02F07F43B3F17F4F06D102F00C030B
:1031C800082B13D1544810F03EF900252C464FF037
:1031D8000008F31E8DF80780092B00F28B80DFE8CA
:1031E80003F00A7F837B89898989898710074CBF07
:1031F8000C460125EBE74948464E10F024F98DF8B6
:103208000780F36A9A0704D5454810F01CF9002393
:103218002AE0F36A002B01DA4248F6E7F36A5B001A
:10322800F5D5414810F00FF97369A26943F480732A
:103238007361BFF34F8FBFF36F8F32F8023C72692F
:1032480022F480727261BFF34F8FBFF36F8F03F464
:103258007F42B2F55F4F27D1DBB2022B24D1216820
:10326800324810F0F0F823689DF80720CAB902AE7A
:1032780004F12007324620686168083403C2BC4262
:103288001646F7D1099A002D40D0C2F3080121B99A
:103298006FEA52226FEA42220992184602A9FFF702
:1032A80019FE0AB0BDE8F0811A4B9A6AD2B22AB167
:1032B80001200DF10701FFF711FF0FE09A6A12F4E0
:1032C8007F4F05D001200DF10701FFF7ABFE05E0A8
:1032D8009B6AB3F5803F9AD3FFF750FE0346C3E7D6
:1032E80000200DF10701E6E700200DF10701ECE7EA
:1032F8000F488AE70F4B17F4F87F0F490F4808BFAC
:103308001946A6F1100210F09EF880E76FF3080244
:10331800C2E700BF00ED00E042D301006ED3010018
:1033280086D30100A8D30100B7D30100D7D3010089
:10333800F4D3010014D3010029D3010019D40100EA
:10334800064B5A6942F010025A615A6942F4806287
:103358005A615A6922F008025A61704700ED00E08C
:10336800EFF30880EFF3098101B57246FFF714FF08
:1033780001BD00BF002080F31488BFF36F8F0020C9
:1033880080F30A8880F30B88104880F308880020AF
:103398000F49087008F0A8F900200E490860BFF32B
:1033A8004F8F00F02DF8402080F311880A484FF421
:1033B8000061401880F30988EFF314800221084364
:1033C80080F31488BFF36F8F00F0AAF8A04F002095
:1033D800532B002094ED00E0603E002000231846A7
:1033E8000649D1F89020C2F30722934200DB7047C8
:1033F800C1F89830C1F8A0000133F6E700ED00E00D
:1034080010B572B6002484F31388FFF7E7FF23464C
:103418004FF0FF300C4A03F120010133102B42F822
:103428002100F8D100234FF0FF30074A03F1600173
:103438000133102B42F82100F8D162B6BFF34F8F49
:10344800BFF36F8F10BD00BF00E100E01EF0040F56
:103458000CBFEFF30880EFF30980816911F8021CB3
:103468000229FFD001B5724611F03CFC01BD00BF36
:1034780040B2002807DB01234109034A00F01F007E
:10348800834042F82130704700E100E040B2002854
:103498000CDB01220649430900F01F00824020335B
:1034A80041F82320BFF34F8FBFF36F8F704700BFE2
:1034B80000E100E0054B420953F82220012300F007
:1034C8001F0003FA00F01040704700BF00E100E061
:1034D800D30748BF002140B258BF02310028ACBF13
:1034E80000F16040064A4FEA4113DBB2ABBF00F57A
:1034F800614000F00F0080F800331354704700BF9C
:1035080014ED00E0044B054A23F07F039360BFF3FA
:103518004F8FBFF36F8F70470000000000ED00E091
:1035280008B5FFF7EFFF074AD2F8883023F4700395
:10353800C2F88830FFF7A6FCFFF7B0FC00F0A2F84D
:103548000AF080F800ED00E042F8203C009B0B49AF
:1035580042F81C3C019B21F0010142F8183C029BF7
:1035680042F8081C42F8143C4FF0807342F8043CBF
:103578000023203A0265C0F8B0307047451B0000B0
:1035880000B50E4B15469860D0F8AC200C4B0E4693
:103598001A60D0F89C3083F30B882C4686F3098890
:1035A8000020044B98472046002100220023024CAB
:1035B800204700001B4D0100451B0000C8210020CA
:1035C8008C1C00201022014B1A61704700ED00E0AE
:1035D800054B5A699B689A421FBF044A536843F0D7
:1035E80080535360704700BFC821002000ED00E001
:1035F800084B9B6883420BD1EFF3058343B1064B1D
:103608005A6842F080525A605A6A22F400425A625A
:103618000AF0D6BFC821002000ED00E016498A68EC
:103628004FF030001044EFF3098C80E8F01F402081
:1036380080F31288BFF36F8F104F4FF000664A690E
:103648008A603E60D2F8AC000D4C2060D2F8B00021
:103658000023C2F8B03080F3118802F1300090E8FE
:10366800F01F8CF3098802F1000004B511F049FB42
:10367800BDE8044070470000C821002004ED00E0C8
:103688008C1C0020002340210348C2180133452B1D
:1036980082F80013F9D1704700E100E008B5EFF3B4
:1036A8000583064A103B02EBC30152F83300496810
:1036B8008847BDE80840FFF78BBF00BFB4BA0100D8
:1036C80001480068704700008C1C00201FB50121CC
:1036D800094B0A4A0A4800F0F7F80023064A039300
:1036E800084B0121019301A8D31A029300F0F6F8C0
:1036F80005B05DF804FB00BF0000072000000020B3
:1037080074C10100600900200A7A0B6810B562F3E1
:1037180004031C46CB68520923F01F0343EA420303
:10372800044A43F00103C2F89800C2F89C40C2F86A
:10373800A03010BD00ED00E010B5074BD3F8903075
:10374800C3F30723013B984202D8FFF7DDFF10BD02
:103758006FF01500FBE700BF00ED00E02DE9F04F2A
:103768000F46144606464FF000084B4D85B0B84545
:1037780080F28E80D6F80490B9F1000F35D0B9F1F7
:103788001F0F40F2838019F01F0F7FD1D6F800A0D9
:103798001AF01F0F7AD1504611F0F7FA834609EB59
:1037A8000A00013811F0F1FA83456FD11BF1160FA9
:1037B8006CD05C456ADDC5F898B0D5F89C10C5F8A2
:1037C80098B0D5F8A03021F01F0143F01F0AD6E9C0
:1037D80000321A44994202F1FF391BD1CA4508D177
:1037E80031465FFA8BF011F0D9FA08F101080C366E
:1037F800BDE73146C5F898B0D5F89C30E0B263F320
:103808000402C5F89C2011F0C9FA10F1160F3DD03A
:10381800441CEAE7C5F898B0D5F8A020013B23F08E
:103828001F0302F01F021343CA453146E0B2C5F830
:10383800A030E8D011F0B2FA10F1160F26D0C5F872
:1038480098B0D5F89C209DF808300AF1FF3A62F349
:1038580004038DF80830D5F8A0309DF808205B08DF
:1038680063F347128DF80820D6E900321344009319
:1038780023F01F035344A3EB0903013023F01F0374
:103888006946C0B20393FFF757FFBEE76FF0150410
:10389800204605B0BDE8F08F00ED00E00522044B9E
:1038A800C3F89420BFF34F8FBFF36F8F704700BFEB
:1038B80000ED00E0BFF35F8F0022024BC3F89420B5
:1038C800704700BF00ED00E010B5034C2278FFF709
:1038D80045FF207010BD00BFA92800202DE9F74F33
:1038E800294D8A4606464FF00008AB46274FD0457B
:1038F8001BDAD6F80490B9F1000F3FD031680846BA
:10390800019111F042FA0199044609EB01000138CE
:1039180011F03BFA84424FF014021D4B08D002FB11
:1039280008F36FF015024BF8032003B0BDE8F08FE1
:1039380014F1160F2C60F8D01978A142F5DD02FBBE
:1039480008B0C7F89840C7F89840D7F89C4000F1ED
:103958000801007B64F304000871D7F8A0000C7913
:10396800400860F347140C71D7F89C1021F01F0130
:103978006960D7F8A01021F01F01296108F101083A
:1039880014350C36B3E700BF901C002000ED00E0B2
:10399800A9280020F0B55349534DD1F890302C6830
:1039A800C3F307239C4287B000F299800020FFF7F9
:1039B80081FF4E4BC1F8C030844216D14C4D01A84E
:1039C8002C70FEF79BFE002607464A4CB74213D1DF
:1039D80000202B784349D1F89020C2F30722934264
:1039E80077DBFFF75BFF002046E0696801EB001119
:1039F800FFF78AFE0130DFE70199300101EB06137A
:103A0800DA682240B2F1807F52D00AD8B2F5001F9E
:103A180034D0B2F5800F3ED0B2F5801F12D00136F7
:103A2800D4E7B2F1006F43D0B2F1805FF7D15A68A2
:103A38009B680958013B22F01F00034423F01F0331
:103A4800012032E05A689B680958013B22F01F00A8
:103A580003440120844623F01F0340EA4C10CDE9BB
:103A680002218DF8100002A928780593FFF764FE5B
:103A780000282ADA6FF0150007B0F0BD5A689B6875
:103A88000958013B22F01F0003444FF0020C0120AB
:103A980023F01F03E1E75A689B680958013B22F0AD
:103AA8001F000344022023F01F034FF0000CD4E74B
:103AB8005A689B680958013B22F01F0003444FF0E5
:103AC800030C012023F01F03C7E72B7801332B7069
:103AD800A5E7C1F89830C1F8A00001337BE74FF0A3
:103AE800FF30C9E700ED00E080C10100AAFF4400F3
:103AF800A92800200000F0FF08B502480EF04CFF8E
:103B0800FEE700BF3CD4010008B5024B1B6898478C
:103B1800002008BDA41C002008B50649064821F06D
:103B28000701C1F1005202F5E0220FF038FC002035
:103B380008BD00BFF7870020A81C002070B54169A8
:103B48000446867A0A4D59B1437ADB0706D4242302
:103B580003FB0653DB691B689B6898470023636176
:103B68002420214600FB0650BDE8704016F052BCE8
:103B78003C0800202422024B02FB0030704700BFA3
:103B88003C0800202421827A054B01FB02331A6A83
:103B98001B7D801A1B3323F00303B0FBF3F070473F
:103BA8003C08002038B52424827A064B04FB0233F3
:103BB800DB69D3E901240C601568FFF7E3FF04FB18
:103BC800005038BD3C0800202DE9F04385B005467B
:103BD800684690461C46039116F0D0FEDDE9006762
:103BE800EFF31189402383F31288BFF36F8F6B8A39
:103BF800002B41D02A8A9A4225D900220023284640
:103C080009F09EFE0446F0B189F31188BFF36F8F67
:103C1800039B002B41D032463B46684616F0D3FE44
:103C28002421A27A254B204601FB0233DB6903A934
:103C38001B681D68DDE90023A847606170BB20464A
:103C4800FFF77CFF24E0698A4B1E6B8289F3118899
:103C5800BFF36F8F2B7D2A8A2C6A1B3323F0030353
:103C6800521A02FB0344154B154AEB1A9B10534397
:103C7800A3722B7DE372CBE789F31188BFF36F8FB3
:103C880023464246284609F05BFE04460028BFD179
:103C98000024204605B0BDE8F083636101230025B8
:103CA8002381039B29466382E27A656004F1180048
:103CB80017F04DFD63692582E360EAE73C080020C0
:103CC800398EE33870B524250C4C00B970BD037AE1
:103CD8004668002BFAD0013BDBB20372002BF5D10A
:103CE800C3604360837A05FB03439B6913B198471C
:103CF8003046EAE7FFF722FFFAE700BF3C0800205A
:103D0800052370B5144D154E2C780134B4FBF3F32C
:103D180003EB8303E41A14F0C6FF114A137823B1A6
:103D280056F82430C01A072814D94FF05023D3F876
:103D3800141141B10021C3F81411D3F814312C70B7
:103D48000CB9012313702C7814F0ADFF46F8240049
:103D5800012070BD0020FCE7AB280020B41C002027
:103D6800AA280020054B03EB8000D0F8003223F08E
:103D7800E04343F04053C0F80032704700258450B8
:103D8800012208B50B4B0C49C3F80025022300207B
:103D9800C1F8D036FFF7E6FF1046FFF7E3FFC1F89A
:103DA8000427C1F80429C1F8002BBDE8084000F039
:103DB80065B800BF001000500040005007B5002251
:103DC8000D4B0E49C3F8A821C3F8AC204FF480620C
:103DD800C3F8B8254FF400620948C3F83C250DF133
:103DE800070214F0FBFF002803DB9DF8070007F02B
:103DF8007FFD03B05DF804FB00A002502CA0025028
:103E080028A1025048B1054B054A1B68B3FBF2F3E1
:103E18005843044B43F0010318477047E00500205E
:103E280040420F0030BF010070B50025104E114907
:103E3800114C000716F8013B03F01F025B090FD075
:103E4800012B0FD1234603EB8203D3F8002201355F
:103E580022F0E0420243042DC3F80022EAD170BDEB
:103E68000B46F0E70023803253F82230FFDE00BF14
:103E7800BBD601000025845000288450014902481F
:103E88000FF0BBBBB8C10100C81C00201FB578B13A
:103E980000230193039301236946084802930FF016
:103EA800BFFB029B9B0700D1039B05B05DF804FB99
:103EB800024805B05DF804EB0FF0FDBBC81C0020FC
:103EC80008B500224FF4FE214FF0005007F0F6FC31
:103ED8000122034BC3F80025BFF34F8F20BFFDE736
:103EE8000040005008B54FF0FF33044A13603F23E9
:103EF8001046536007F0E8FC002008BDE41C0020D1
:103F08002DE9F341044617469846184DD5E8AF3FCA
:103F1800DA0729D520B96FF0010002B0BDE8F081B9
:103F280001A910F0C6FD02280246F4D12046104926
:103F380017F01CFC0028EED1D5E8AF3FC3F3C0064C
:103F48001B0711D4A5F18804072221464046B8472B
:103F5800062887BF0723B0FBF3F045F8886CE671A5
:103F680094BFC4F80360E0710020D6E71801002070
:103F780047CB01002DE9F04389B0DDF840909D79E9
:103F88005E791F7993F803C093F802E093F80180F3
:103F98000C461B78B9F1000F15D0CDE90639CDE9EB
:103FA80004E81346CDE9027CCDE900560D4A0EF02F
:103FB80013FD002813DBA0422CBF6FF01500002072
:103FC80009B0BDE8F083CDE90583CDE903CE1346FA
:103FD800CDE90167044A00950EF0FEFCE9E76FF0B1
:103FE8001500EDE741D4010065D4010070B5044621
:103FF8001E4615468CB0AAB129B10A4602A804216A
:104008000FF03BFA02A900912B462246242103A86F
:10401800FFF7B0FF70B93146109A03A8FEF740FCCD
:104028000CB070BD03462421044A03A80EF0D4FC4A
:104038002328F0D96FF01500F2E700BF86D40100FD
:1040480007B5064B0648DA79C2EBC2020092002295
:104058001146FFF7CBFF03B05DF804FB900000208A
:1040680047CB010030B5044615468DB09AB129B149
:104078000A4602A804210FF000FA02A900912B4673
:104088002246242103A8FFF775FF60B903A810F0A2
:10409800E8FC0DB030BD03462421044A03A80EF005
:1040A8009BFC2328F2D96FF01500F2E786D40100B3
:1040B80007B5009313460A4601460348FFF796FFE3
:1040C80003B05DF804FB00BFC9D401000A460146ED
:1040D8000148FFF7C7BF00BFC9D4010007B5009367
:1040E80013460A4601460348FFF780FF03B05DF810
:1040F80004FB00BFC3D4010007B5009313460A466A
:1041080001460348FFF772FF03B05DF804FB00BFE8
:10411800B4D4010007B500220346009103481146B4
:10412800FFF764FF03B05DF804FB00BFBBD40100D8
:1041380008B5024809F002FE002008BD400400202E
:1041480070B5154CD4E8AF3F13F0010F254616D0D3
:1041580014F8813CA4F188069BB1D4E8AF3F5A0714
:1041680001D400F0F5FAD5E8EF3F23F40062C5E882
:10417800E12F0029F7D11B0501D5FFF7D9FF002052
:1041880009E001F04FF830B9F379002BE5D101F0DF
:1041980059F80028E1D070BD1801002007B5009338
:1041A80013460A4601460348FFF720FF03B05DF8AF
:1041B80004FB00BFCFD401000A4601460148FFF7BF
:1041C80051BF00BFCFD4010010B50024094B86B001
:1041D80009480393CDE9044416F0F9F903AB0093B9
:1041E8004FF4E1620A230549034809F0ADFD204672
:1041F80006B010BD8FD40100100D0020582F0020EC
:104208000146014809F016BE100D0020014601487C
:1042180016F0B2B9100D002030B50378012B11D07B
:10422800022B21D06BB90A46144B03F1100453F842
:10423800045BA34242F8045BF9D143881A0A8A70E6
:10424800CB7030BD0A460D4B03F1100453F8045BE4
:10425800A34242F8045BF9D143681A0C180E4A705D
:104268000870C3F30722EAE700F11003013913F8D5
:104278000129984201F8012FF9D1E2E7D9D60100C6
:1042880038B5054616F000FA044608B90AF0CEF823
:10429800054BD3E8AF3F0BB1284698471CB9BDE89A
:1042A80038400AF0D7B838BDEC1C0020022838B5D1
:1042B80004460CBF0848094810F094FD054648B16B
:1042C800013CE4B21F2C96BF054B0021195D0C3050
:1042D80010F0F7FD284638BDCC0800203C08002027
:1042E800E9D601000F2810B50CD80D280CD90A48BA
:1042F80010F078FD044618B104210C3010F0E1FDEF
:10430800204610BD1328F2D009B10448F0E7022076
:10431800BDE81040FFF7CABF38090020A8080020F0
:1043280038B5C5682B7893B9B5F801400F212046F8
:1043380002F0F0F8EB78054650B90A4A118831B90D
:104348006FEA04506FEA10501080074A137038BDA6
:104358000373012102F046F82846BDE8384001F011
:10436800F5BF00BF4C280020AC28002010B5002461
:10437800084B86B0039303AB00934FF42C724FF0B5
:10438800FF3305490548CDE9044409F0DDFC204622
:1043980006B010BD98D4010060360020E80D00205A
:1043A80010B5012104460C3010F0B6FD2146BDE8D9
:1043B80010400023014A007810F0AABFD4C20100BF
:1043C80010B5012104460C3010F0A6FD2146BDE8C9
:1043D80010400A23014A007810F09ABF84C20100F5
:1043E80070B5254810F017FD0446002843D000F1A9
:1043F8000C05284610F098FD022805D004282FD077
:104408002046FFF75FFC21E0238A032BF8D904211B
:10441800284610F081FDFF22438806882276228AEA
:10442800C6F30B009A426083EAD10F2102F072F8BA
:1044380005460028E4D002F089F821462076320BA0
:10444800284611F032FD284601F080FF0B4BD3F8C7
:10445800EC3083B1BDE8704009490A4816F08CB8C1
:104468000221284610F058FD06232146064A007806
:1044780010F04EFFC4E770BD7C01002090000020C2
:1044880060040020C00E002054C2010010B50121B4
:1044980004460C3010F040FD2146BDE810400223D0
:1044A800014A007810F034BF44C201002DE9F047FA
:1044B8000C4609F0BBFFE5682B78022B52D0042B81
:1044C80005D02046FFF7FEFB6FF0150408E0B4F8AE
:1044D8001080B8F1020F08D82046FFF7F3FB00243C
:1044E80009F0B8FF2046BDE8F08768783E2809D172
:1044F800B8F1030FF0D0EB78012B01D00A2B31D1A2
:10450800032604E010F0A5FEC10706462AD504F1EB
:104518000C0701213846D4F8149010F0F5FC02215C
:10452800384610F0F9FC90F800A0BAF13E0F22D1FD
:10453800E3681B78012B23D00A2B14BF022703271B
:10454800124A06232146504610F0E2FEBA0719D552
:104558006369A5EB090513FA85F5E560A4F81080F1
:10456800B307BCD521460A4810F040FC09490A485F
:1045780016F002F8B3E7504610F06BFE0746DFE787
:104588000327DDE72046FFF79DFBE9E714C201009A
:104598007C01002060040020C00E00202DE9F047B7
:1045A800884616468246002868D00023DFF8D09057
:1045B800D9E8EF4FC9E8E23F002AF9D1002C5DD0D5
:1045C8002046FFF7DFFA0C232E4D274603FB005049
:1045D800438853450DD0D9E8EF3FC9E8E27F002A68
:1045E800F9D1002B4AD01F463846BDE8F047FFF7FF
:1045F80069BBA64208D0204610F0EFFB328AF1686A
:1046080004F10C0010F054FC2046FFF7BBFA0C260E
:1046180006FB00504368ABB1B8F1000F12D1204639
:10462800FFF7B0FA012106FB00504268536803F017
:104638001F00814010685B0900EB8300137ACBB13F
:1046480010F019FE2046FFF79DFA0C2606FB0050D5
:104658008368002BC8D02046FFF794FA704305F80A
:1046680000802046FFF78EFA06FB0055A86809F07F
:1046780099F9B9E7C94310F062FEE3E7BDE8F087AE
:1046880078010020F01C0020054BD3E8AF2F02F082
:104698000B02D3E8EF1FC3E8E02F0028F9D17047D9
:1046A8001801002010B5C1E900239DF808300C4618
:1046B8000B72FFF767FA0C22024B02FB00335C60B7
:1046C80010BD00BFF01C0020F8B502460B4610488C
:1046D80010F088FB0446C0B104210C3010F0D7FB61
:1046E8002046FFF74FFA0C2700260A4D07FB00501B
:1046F80046802046FFF746FA07FB005086602046B2
:10470800FFF740FA07FB00556E602046F8BD00BF72
:1047180014090020F01C00200138C0B202289ABFFA
:10472800014B185C0020704733D7010029289ABF35
:10473800014B185C0920704709D70100034B01465B
:10474800D3F8040182689268104700BF90000020E7
:104758000421014810F08FBD18010020004870475F
:104768001DCF01000149024815F006BF5004002082
:10477800E80D002070B505460C4639B1CB684A698A
:104788009B1A032B0ED86FF0150509E04FF0FF3088
:104798004FF0FF31FFF798FF044618B96FF068052E
:1047A800284670BD2046FFF7EDF90C22134BA618DA
:1047B80002FB0033032130465D8010F094FB058036
:1047C800238A0121033B8370304610F094FB40F6A6
:1047D80035439D4209D12046FFF7B0FF0546002822
:1047E800DED02046FFF76EFADAE72146044815F0D6
:1047F80006FE0025FFF7B6FFD2E700BFF01C002039
:1048080084010020F8B50446458B077E807AFFF7BF
:10481800B1F96169064649B1637ADA0704D4C36914
:1048280020461B689B6898470023636121463046F1
:1048380015F0F0FD194B93F83E309B062CD5384601
:1048480002F0D0FA40B3437B073B012B03D9BDE804
:10485800F84001F07BBD01F079FD4FF0FF304FF0DB
:10486800FF31FFF731FF0446B0B100F10C07012119
:10487800384610F017FB012604210670384610F060
:1048880011FB002305808670C3702146BDE8F840FF
:1048980040F63540FFF76EBFF8BD00BF900000201E
:1048A8002DE9F043054617460C4685B069B94FF027
:1048B800FF304FF0FF31FFF707FF044658B96FF09C
:1048C8006805284605B0BDE8F083887AFFF752F9F5
:1048D800264B834244D101220021684615F0A8FDE9
:1048E8002046FFF74FF94FF00C09DFF8848009FBE9
:1048F8000080C0F808D0204610F0A3FA01462846E8
:10490800FFF738FF054618B12046FFF7DBF9D8E76F
:104918004FF4A0220023684609F078F82046FFF7F4
:1049280031F909FB00F018F80060AEB12046093EE5
:10493800FFF7C8F9092E0CD8DFE806F0050B0B08BD
:10494800150B0B0B0B126FF06E05BAE76FF00C0529
:10495800B7E76FF00405B4E7002FD5D03C60B0E7A7
:104968006FF01505ADE76FF00B05AAE714090020F5
:10497800F01C0020F7B5144B054693F94F300C4650
:10498800002B1DDA14B9204603B0F0BD082C4FF0F7
:10499800000142F2180001AA264628BF0826FFF7A0
:1049A8007FFF0028F0D1019F3246F968284601317F
:1049B80016F0A7FE3846FFF785F93544A41BE1E752
:1049C8006FF08500E0E700BF9000002010B5FCF70D
:1049D800A3FA034B1B6813B1BDE81040184710BD7C
:1049E8008C1D002073B5274D0646D5F8040115F037
:1049F800C2FB00283FD06FF0020105F1880010F0DB
:104A08009EFC012110F037FCC30737D410F02EFBB1
:104A1800044668BB1C4B1E60012205F1D8001146F4
:104A280015F006FD05F1F40015F0E1FC174815F046
:104A3800CEFD6FF007034FF49662154913480094B2
:104A480009F082F91349114809F0C0FAD5F80401B0
:104A5800114983681B689847044648B926B902B0CB
:104A6800BDE87040FCF758BA05F1780009F066F91E
:104A7800204602B070BD6FF01204F9E76FF07704BA
:104A8800F6E700BF900000208C1D0020C00E00201B
:104A980010390020A8D40100B54400002DE9F047E2
:104AA80000260546654BB0F80180198848F4704225
:104AB800914286B004BF1E80614B05F1040408BF13
:104AC8001E7800F0DBF9EB782046012B0ABF5D4B1E
:104AD8004FF0000993F8239010F032FB04AF214601
:104AE800B0B14FF00109384610F01FFBD5F811306E
:104AF800CDF80930B5F81530ADF80D30EB78012B4D
:104B08001BD01321404610F0A9FD06B0BDE8F08780
:104B1800484610F095FF0346006895F80490049005
:104B28009A889B796868BA80BB71A288A379029039
:104B3800ADF80C208DF80E30E0E7DFF808A106226A
:104B480039469AF8230001F0EBFF044640B90522E4
:104B58003D499AF8230001F0E3FF04460028D0D02D
:104B68002346B5F8012023F8702BBA790498B98840
:104B780020679A7140F2E2429980B5F817305343A2
:104B88000022C4F88830B5F81930A4F89030B5F888
:104B98001B30A4F89230EB78227340F20112012BFB
:104BA800E370A4F8A82014D18DF808909DF80E3071
:104BB8000298BDF80C20C4F87700A4F87B2084F88C
:104BC8007D30D5F80B30C4F87F30B5F80F30A4F835
:104BD80083304FF0FF304FF0FF31FFF775FD05468A
:104BE800D8B102210C3010F05DF9238829460380E2
:104BF80001AA42F23000FFF753FE70B9019AD1685A
:104C0800C878FFF789FD84F8A8000879FFF784FDC4
:104C180084F8A9001046FFF755F80721204601F04F
:104C2800E1FB26B101212046267301F0DBFB20467B
:104C380001F0BEFC204601F089FB66E74C28002005
:104C4800AC28002090000020BFD6010000B5C36842
:104C580089B01A786ABB8DF80020B3F80120ADF846
:104C68000120DA788DF80320B3F80B20ADF817206F
:104C7800B3F80D20ADF81920B3F80F20ADF81B20BC
:104C88005A7C8DF81D20586801901A899B7AADF8D6
:104C980008208DF80A30084B68461A689B88CDF8BA
:104CA8000B20ADF80F30CDF81120ADF81530FFF717
:104CB800F5FE09B05DF804FBD3D6010038B5032131
:104CC80004460C3010F028F940F635420346B0F897
:104CD800010090420DD01D78E36822461978FFF74D
:104CE8005DFC35B1034808F05DFEBDE83840FFF7CC
:104CF80039BD38BD6801002070B509F097FB204D1B
:104D0800D5F8F430C3B30022002305F1D80008F029
:104D18007DFE064680BB0022002305F1F40008F062
:104D28000FFE0446D5F8E80018B1FEF7CBFFC5F82A
:104D3800E860204610F085F8C5F8E8002046FFF73F
:104D4800FDFC98B10F4808F02DFE2046FEF71AFF2B
:104D58000C220D4B1F2102FB003022464088FFF732
:104D68001DFC2046FEF7AEFFFFF7FCFCFFF7FAFC40
:104D7800BDE8704009F06EBB01F02AFCF8E700BFFF
:104D88009000002068010020F01C002038B50421A4
:104D980004460C3010F0C0F8457801782246408867
:104DA800FFF7FCFB35B1044808F0FCFDBDE83840CE
:104DB800FFF7D8BC38BD00BF68010020F8B506462B
:104DC8000024094DEF79E3B29F4202D86FF0010049
:104DD80007E02946304610F062FD0735631C08B12C
:104DE8002046F8BD1C46EEE79000002037B5044683
:104DF8000D46B9B12846164910F051FD90B929461B
:104E08001448C4EBC404204410F042FD124810F0CA
:104E18003CFD430703D5FFF78BF910F029F9002073
:104E280003B030BD684610F072F90028F8D1684622
:104E3800FFF7C4FF0028F5DA064BC4EBC400694647
:104E4800184410F025FD002DE0D001462846DBE788
:104E5800C6D601009000002018010020064BD3E8B8
:104E6800EFCF4CF4806CC3E8E2CF002AF7D1037A85
:104E780019430172704700BF18010020084BD3E89E
:104E8800EF2F22F48061C3E8E01F0028F7D1530513
:104E980004D500220220034904F0B8BF704700BFC0
:104EA80018010020475B01001FB500230190CDE9E0
:104EB800023302208DF80C1001AA034904F0A6FF62
:104EC800029805B05DF804FBCF590100F7B5044618
:104ED80070B1474D95F8CA2095F8CB300AB19A427F
:104EE80008D2013385F8CB30237A43F004032372C8
:104EF80003B0F0BD00210222084601F011FE06466B
:104F080048B120460121FFF7A9FF304603B0BDE8AC
:104F1800F04001F01BBA8DF800006946354800F0F2
:104F28009BFD9DF8006026B101212046FFF796FF02
:104F3800DEE73146304800F08FFD95F8CB30B3B945
:104F480095F8CB2095F8CA309A421CD1002242F23B
:104F580029001146FFF7A4FC70B995F8CB3001334E
:104F680085F8CB30237A43F00403237204E03046FB
:104F780010F0DAFC0028E3D00021204803B0BDE897
:104F8800F04000F069BD2246671C394612F82E0B26
:104F980010F08DFC064630BB95F8CB30013385F810
:104FA800CB30237A43F00403237295F85B305B0718
:104FB80019D53946684610F06BFC01234FF0FF30D5
:104FC8004FF0FF318DF80730FFF77EFB044650B1F4
:104FD800082269460C300FF06BFF3246214642F238
:104FE8004E00FFF75DFC012010F09EFCC4E700BFF7
:104FF80090000020295A0100F95901006359010065
:105008002DE9F341044608B33F4D95F8CA2095F8B9
:10501800CB309AB10132934211DC002102220846BA
:1050280001F07EFD0646A0B120460221FFF716FFDB
:10503800304602B0BDE8F04101F088B913B1013B38
:1050480085F8CB30237A23F00403237202B0BDE83D
:10505800F0818DF807000DF107012C4800F0FCFCE9
:105068009DF8076026B102212046FFF7F7FEEDE71D
:105078003146274800F0F0FC304610F055FC074652
:1050880088B995F8CB3095F8CA209A4218D2013BD6
:1050980085F8CB30237A024623F0040302201D4909
:1050A800237204F0B3FE95F8CB3013B1012010F051
:1050B8003BFC0021184802B0BDE8F04100F0CCBC30
:1050C8004FF0FF304FF0FF31FFF7FEFA04F101080F
:1050D80006460028E7D007210C300FF0E3FE4146D2
:1050E80010F0D6FB3A46314642F22800FFF7D8FBCB
:1050F8000028D8D195F8CB30013B85F8CB30237AFE
:1051080023F004032372CEE790000020295A0100FF
:10511800F95901001B5901006359010070B5044693
:1051280011B16FF0150070BDD8B1214910F0B7FB6F
:10513800B8B92046FFF742FE002832DA23784BB987
:105148001C48C2796ABB214610F0A2FB0123C37137
:105158001046E8E7012BE4D1A37903F0C003C02B84
:10516800DFD1144DEB79012B1ED005F1880010F02A
:105178008CFBC30707D4002CD3D020460C4910F071
:105188008EFB0028CDD1EE792146731C3046EB7199
:10519800FFF72CFE08B93046C5E7EB79013BEB7108
:1051A800C1E76FF07700BEE76FF00B00BBE700BF09
:1051B800C6D60100900000202DE9F3410446D8B17D
:1051C800002141F2090001AAFFF76AFB054698B9D8
:1051D800019E0622D6F80C80104908F101073846CE
:1051E80016F0C4FA28B1062238460D4916F0BEFA60
:1051F80030B93046FEF766FD002002B0BDE8F08108
:10520800D8F801303046C4F80130BB882570A4F8BE
:105218000530FEF757FD0120EFE700BFD3D60100A8
:10522800CDD6010007B56846FFF7C6FF044BD87115
:1052380018B169460020FFF7D9FD03B05DF804FBFB
:1052480090000020F0B5294D89B0EE79002E46D1A6
:1052580095F87630DB0722D56A4631464FF6094085
:10526800FFF71EFBD8B9DDF800C0DCF80C40637806
:10527800012B1E4628BF012673B1A31C02AA1234B3
:10528800174618685968083303C7A3423A46F7D146
:10529800186838609B88BB806046FEF713FDEE7186
:1052A800002416260127EB79E0B2984202D3B3B165
:1052B800002012E008AB06FB003353F8182C33F833
:1052C800143C6946CDF80120ADF805308DF8007022
:1052D800FFF78CFD01340028E5D009B0F0BD0021AE
:1052E800084609B0BDE8F040FFF718BF900000205D
:1052F8002DE9F0411D460E4617460346002849D0C1
:10530800002D47D00A0307D54C0743D410F0F6FB0D
:1053180010BB01232B701FE0B10704781ED0204971
:105328002FB1B20603D591F89020500635D5C4EBBD
:10533800C40411F80480B8F1010F08D101341846EB
:10534800214410F089FB38B985F8008002E0B8F1F3
:10535800000FF9D0A7B90020BDE8F081720716D573
:105368000F49C4EBC4040F5D012F07D10134214458
:1053780010F072FB0028EFD12F7001E0002FFBD056
:10538800B306E8D52B7843F002032B70E3E710F05F
:10539800B5FBBEE76FF01500DEE76FF08500DBE7D1
:1053A8009000002010B503460C4611B96FF01500A7
:1053B80010BD0D4810F069FA420711D5002BF5D140
:1053C80000F068FB2046094910F062FAE01D04F07D
:1053D800DFF90028ECD010F1860F08BF0020E7E7BE
:1053E8006FF00A00E4E700BF1801002090000020D9
:1053F80070B50D4601210446164610F063FE58B1FB
:10540800084810F042FA430709D532462946204693
:10541800BDE8704012F099BC6FF0150070BD6FF0D8
:105428000A00FBE71801002000232DE9F04F14467D
:105438001D468FB00491516801908B4209D1FB2D14
:105448000FD8974BB3F8C8309D4215D96FF020009C
:1054580023E12268023502EBC30252780133154476
:10546800EBE7019B082103F1180010F07DFB0028F1
:10547800E7D06FF00A0010E1FB2D69D8019B0B21E2
:1054880003F1180010F070FB10B91F2D28BF1F255D
:105498004FF0FF304FF0FF31FFF716F905F1040820
:1054A8000746002800F0F78041460C300FF0FAFC60
:1054B8004FF0000906464246002116F048F94946D1
:1054C800D4F8008006F1040B636899450FD3019B5B
:1054D800F1705B780022337003233946737001231F
:1054E8000498B3700FB0BDE8F04FFFF7D9B998F83A
:1054F8000120881C13189D4298F800C008D2BCF1FE
:10550800090FA5EB00021DD1002A1BDD4FF0080C86
:105518005FFA82FA0AF101030BF801300131C9B2CE
:105528000BF801C0C3B2D8F804105844029316F01F
:10553800E8F8029B09F101099A445FFA8AF108F137
:105548000808C1E73846FEF7BDFB6FF01500A4E078
:10555800002110220AA816F0FAF80027012340F2C9
:10556800726009933B46616808948B4207D1002515
:105578000123A846AB4603935FB938468DE02268FD
:10558800023702EBC302527817448742DDD8013351
:10559800EBE7FB2F4FF0FF304FF0FF31BA4628BF43
:1055A8004FF0FB0AFFF790F80AF104060290002872
:1055B80071D031460C300FF075FC019B81465B7849
:1055C800002603704FF000035FFA8AF28370059299
:1055D800031D54F83B2004EBCB0102EBC8025278C0
:1055E8000232954209D14A6808F10108904509BF7D
:1055F80000250025A8460BF1010BBBF1010F12D0C5
:1056080054F83B204FEAC80112EBC80C0BD098198C
:10561800E5B901259CF8012001329A550136F6B208
:10562800059AB242D5D8039BBF1B7BB3002F0CBF92
:105638000323012300220299049889F8036089F85A
:105648000130FFF72DF940BB039095E7012D05D1F7
:10565800525C013602250270F6B2E1E79CF801209F
:10566800AAEB0601521B02328A4228BF0A46DCF81E
:1056780004C0A91E61440793069216F042F8069AE0
:10568800079B15443244ADB2D6B2C9E7B7FA87F3DF
:105698005B095B00CEE76FF068000FB0BDE8F08FE4
:1056A8009000002070B500F10F0604460D46072251
:1056B80030460C4916F05AF80346207873B905228B
:1056C800094901F02DFA044658B10573002100F08C
:1056D80089FE2046BDE8704000F038BE06223146FB
:1056E800EFE770BDC6D60100BFD60100F8B5046962
:1056F8000646456844B140F203432B4039D005F4CF
:105708008263B3F5806F34D015F4806302D115F449
:10571800F84F2ED1184F3078FB79834229D9C0EB46
:10572800C00007221549384416F020F8A8B115F032
:10573800030306D197F82420082A02D8B2689F2AC2
:1057480017D915F0300F09D09CB1EB0608D405F431
:105758006035B5F5603018BF0120F8BD002CF6D1D2
:10576800D6E902239A4204D81F2A02D9B3F5804FFA
:10577800EDD90020F1E700BF90000020C6D6010057
:1057880038B50E4D284610F0ECF910F0010412D18E
:10579800A5F1180318465822214615F0D8FF0346EC
:1057A800D5E8EF2F42F00102C5E8E12F0029F7D133
:1057B80018465C7038BD0020FCE700BFB00F002021
:1057C800F8B5044614F80F7B154B06460D4607221C
:1057D8002046144983F8237015F0C8FF70B938467D
:1057E800114901F057F9044610B96FF00B00F8BDE4
:1057F800052100F0F7FD00202C60F8E72146384627
:1058080010F052FC40B92146307801F043F90446C3
:105818000028EAD00621ECE76FF01500E7E700BFA3
:1058280090000020C6D60100BFD601002DE9F3473D
:105838000F690D46496890463A1E18BF0122016556
:105848000DF103030646FFF753FD0446002840F018
:10585800DB8006F10F03002F00F0DA802A69116857
:105868004FF0FF30C6F80F109188998092794FF069
:10587800FF319A71FEF728FF8146002800F0D78093
:1058880019210C300FF00EFB04460021192215F0E7
:105898005EFF73782370AB68E370C3F307221B0CB9
:1058A80022716371EB68A371C3F307221B0C237287
:1058B800E2716A6812F4004F14BF06230723D1036C
:1058C80048BF03F00503920348BF03F0FB0363726C
:1058D8009DF80330A3727F23E374012323756B685B
:1058E80003F44063B3F5806F14BF01230223A3754B
:1058F8006B68DB0442BF03232375A3756A68C2F390
:10590800802383F001031B0150049BB248BF43F07E
:105918004003910448BF43F02003D20544BF01224D
:1059280022766A68900775D043F0010A1FB95105BD
:1059380001D443F0030A900502D4B8F1000F03D054
:105948004AF0020A1FFA8AFA002F65D0D1062A699E
:1059580048BF4AF00403116858BF4AF00C03C4F862
:105968000B1091889BB2A4F80F10927962746A7830
:105978004946E275AA7842F236006275A4F8013009
:1059880001AAFEF78DFF044600283DD1019806F1D3
:105998001807C36893F90130B370FEF793F9D7E895
:1059A800EF3F43F00203C7E8E23F002AF7D16FF068
:1059B8001001384610F0DFF8C2062FD46A680921B2
:1059C80012F0030218BF0122384610F0DFF80A214E
:1059D8003846CAF3400210F0D9F82A790C21384623
:1059E800C2F3800210F0D2F86A790B213846C2F36C
:1059F800800210F0CBF89DF803200321531E5A4271
:105A080038465A4110F0C2F8204602B0BDE8F08787
:105A1800084A24E79A468EE75346A8E7304606F137
:105A2800090110F019F80028C8D00446ECE76FF017
:105A38006804E9E7C6D6010008B520B9044810F0A3
:105A480090F8C30701D4002008BD0248FCE700BF56
:105A5800B00F0020980F0020034610B5044810F03E
:105A680080F8C20703D5BDE810400248184710BDAA
:105A7800B00F0020980F002010B5054CA06930B178
:105A88006FF00101183010F076F80023A36110BD03
:105A980090000020014B9869704700BF90000020DB
:105AA800F8B50446164810F05CF843070F4616464A
:105AB8001DD5FAB12046FFF719FED8B1FFF760FEF1
:105AC8000546D0B123782146037063780022C3705D
:105AD8004760FFF7ABFE044638B16FF0010105F1EE
:105AE800180010F048F82046F8BD3560FBE76FF065
:105AF8000A04F8E76FF01504F5E76FF00B04F2E716
:105B0800180100200023F7B50E460546019300282A
:105B18005BD000F118070821384610F025F8002856
:105B280056D12D4810F01DF8420501D5FFF7A6F90A
:105B38000921384610F018F850BB9EBB32460721A1
:105B4800384610F023F80921384610F00DF870B9DE
:105B58000C21384610F008F848B96FF008013846AB
:105B680010F009F8030726D428460FF0C7FF284687
:105B78003246012110F049F8019D044610B375B171
:105B88000021284600F02EFC284600F0DFFB06E046
:105B9800284601A9FFF714FE04460028CDD0204668
:105BA80003B0F0BD338823B9B278003A18BF012298
:105BB800C5E70122C3E70E2138460FF0D5FF0028BC
:105BC800D2D1D4E7002DDFD1E9E76FF01504E6E77D
:105BD8006FF07704E3E700BF180100202DE9F341D7
:105BE800C6687078FFF728FF0446002861D004F1E2
:105BF8001808758810F04EF86FF4807140460FF061
:105C0800BAFF33782C4F1BBB2846012100F082FCD9
:105C1800054650BB6FF0800140460FF0ACFF03060D
:105C28000ED520460FF081FFFFF728F963683BB1D6
:105C38001B682BB1327920468DF8042001A99847BA
:105C4800BB699C4235D102B0BDE8F041FFF714BFF3
:105C5800092140460FF088FF18B120463178FFF738
:105C680021FD3378002BD5D1CEE7236D00F17E02DC
:105C780013F4002F12D0A368C0F87E30A389938054
:105C8800A37B937163682BB15B681BB120460195B8
:105C980001A99847284600F059FBBBE7037AC3EBF4
:105CA800C303F918FB58C0F87E308B8893808B7932
:105CB800E7E702B0BDE8F08190000020F0B593B0AE
:105CC80007460D46144600211C220BA815F03FFD7F
:105CD80000230593002F41D0002D3FD0002C3DD04C
:105CE80007AE324607F1100313F8011DBB4202F854
:105CF800011BF9D14FF480711B4B10220B931B4BE6
:105D08000BA8CDE90D13314605AB09F017FC28BBEC
:105D180005F1100313F8012DAB4206F8012BF9D158
:105D280006AB029310231149CDE9004307AA059851
:105D380009F0D0FC0546059809F0C2FB284310D1AC
:105D4800631E04F11002073413F8011F12F8015DF5
:105D58009C421D701170F7D113B0F0BD6FF01500A3
:105D6800FAE76FF00400F7E70024800000444004DD
:105D780070B59AB01822002103A815F0E8FC47F284
:105D88001213ADF808304FF4807344F20102ADF8F5
:105D98000A30304B694602A8CDE9042309F046FDD4
:105DA800F0B11F252C4BD3E8EF1F21F00101C3E808
:105DB800E21F002AF7D1294E08F038FB346804B1F5
:105DC800043C002D264D18BF0025002C3BD023682D
:105DD8000BB1284698476468002C34D0043CF6E799
:105DE8004122009801AB09A915F063F80028D8D121
:105DF8001C4A0DF125030DF1650153F8040B8B4284
:105E080042F8040BF9D120221749009801AB14F08D
:105E1800FBFF0028C5D1009809F052FB0546002871
:105E2800BFD110490E480FF0E9FF104820310FF09C
:105E3800E5FF0F4BD3E8EF1F41F01001C3E8E21F65
:105E4800002AAFD0F6E70023C6E9003308F002FBCA
:105E58001AB070BD00000209901D0020981D002096
:105E68000D290020CD280020AD2800202D29002054
:105E78001801002030B5A7B01822002107A815F096
:105E880066FC04233D22002116A8159315F05FFC3B
:105E980047F21213ADF818304FF4807344F2010240
:105EA800ADF81A30234B2449CDE9082306A820224F
:105EB80004AB09F043FBB8B16FF0040408F0B6FA7C
:105EC8001E4B1D6865B1002018601D4BD3E8EF1FFD
:105ED80021F00201C3E8E21F002AF7D124B3A84742
:105EE80008F0B8FA27B030BD164B0DF15502194627
:105EF80003F1400053F8044B834242F8044BF9D1B4
:105F080005AB029320230B48CDE9001315AA4123C2
:105F1800049915F09DF80028CED1049809F0D0FA1C
:105F280004460028CAD0C7E70DA806490FF066FF47
:105F38000DA8D4E700000209AD280020941D002018
:105F4800901D0020CD280020402208B5034915F0F7
:105F58000DFCB0FA80F0400908BD00BF36D701003B
:105F680010B59AB004461822002103A815F0EFFBDB
:105F780044F21213ADF808304FF480734FF48042A6
:105F8800ADF80A30114B2146CDE9042304230DF165
:105F980025008DF824300FF031FF04F120010DF1B8
:105FA80045000FF02BFF412201AB09A902A809F017
:105FB800C5FA044602A815F097F82CB9019809F01B
:105FC8007FFA01201AB010BD0020FBE7000002098B
:105FD80010B560B31A4A136823B1043B834229D031
:105FE8005B68F9E7174BD3E8AF1F890725D4146816
:105FF800011D44605068116000B95160D3E8EF2F6B
:1060080042F00101C3E8E01F0028F7D1D30701D50A
:10601800002010BD0C4BD3E8EF1F21F01001C3E89E
:10602800E21F002AF7D10948FEF7F0F8F0E76FF011
:106038001500EEE76FF07700EBE76FF00F00E8E789
:10604800981D0020901D00201801002080040020C9
:10605800044BD3E8AF3F13F0100F034808BF0020EC
:10606800704700BF180100200D29002070B50546B3
:10607800194803688B4228D0184BD3E8AF3FDA069B
:1060880026D5036813B16FF00F0070BD144AD2E82B
:10609800AF3FDB07F7D4D2E8EF3F43F00204C2E892
:1060A800E64F002EF7D113F00204ECD10160294627
:1060B8000C480FF0A3FE0C4805F120010FF09EFEDE
:1060C8000A48FEF7A3F82046DFE76FF07700DCE721
:1060D8006FF07C00D9E700BF941D00201801002054
:1060E800901D0020CD280020ED28002070040020FD
:1060F80070B505460B4B1C6844B154F8203C203C55
:1061080013B12846297B9847246AF5E7064C074EC1
:10611800B44200D370BD236813B12846297B984741
:106128002434F5E7D41D00208CBD0100D4BD010046
:1061380010B50446FDF726FD044901EB0011204681
:106148000FF04FF8BDE81040FEF70CBBA01D002073
:10615800002270B50446D1E901560748C1E9012279
:1061680014F04DF93DB1314620462B46BDE870404C
:106178006FF06D02184770BD2C08002037B5437BBF
:106188000446072B2BD1051D4FF4806128460FF0DC
:106198005AFE400523D4D5E8AF3FD90307D4114BA5
:1061A80093F890301A0702D520460FF073FA637BF4
:1061B800072B14D10B4B93F890309B060FD50FF09B
:1061C8007FF960B10DF1060101A80FF02FFA30B97F
:1061D8002046BDF80620BDF804100FF076FA03B08B
:1061E80030BD00BF9000002070B505460022002396
:1061F8000E4807F00BFCB8B90D4B1C6834B154F8C5
:10620800183C203C03B19847246AF7E7094C0A4E2A
:10621800B44204D32846BDE8704007F08FBDA36898
:1062280003B198472434F3E770BD00BF1C08002071
:10623800D41D00208CBD0100D4BD01002DE9F04122
:10624800044640270025EFF3118287F31288BFF335
:106258006F8FE16929B1206A0B688142E36108BF49
:10626800236282F31188BFF36F8F71B1D1E901689E
:106278000748C1E9015514F0C2F81EB10022414691
:106288002046B047FEF76EFADDE7BDE8F08100BFB3
:106298002C0800200348B0F8B430B830002B08BFF1
:1062A800002070479000002030B50446FDF708FA3A
:1062B8000D460D4A0D4989B00858D2F8B8108842E1
:1062C80005D1204609B0BDE83040FFF7B7BF2434F8
:1062D8002146104614F050F91DB16946204614F0C5
:1062E8005BF909B030BD00BF0015002008000000B0
:1062F80038B5002204468A4202D10024204638BD1F
:10630800012004F1CC03D3E8EF5F002D04D1C3E8EA
:10631800EC0FBCF1000FF6D102D0D0340244EAE70A
:10632800002CEAD0CC220021204615F010FA04F106
:106338004000044914F051F9034904F1240014F011
:10634800FFF8DBE7A96C0000655E010008B500F105
:10635800CC03D3E8EF2F013AC3E8E12F0029F8D1A5
:10636800AAB90B4B984212D303F1D00290420ED235
:10637800C01AD023B0FBF3F203FB120038B905486A
:1063880007F010FBBDE80840034807F0D7BC08BD7C
:10639800F00F00201C080020A004002010B50446BF
:1063A8000FF0D3FD08F042F80C4B04F1C001D3F80C
:1063B800CC3043B90A480FF02BFD08F04BF8BDE884
:1063C8001040FEF7CFB9994201D01B68F1E708F0F9
:1063D80041F82046FFF7BAFFF1E700BF9000002020
:1063E8005C01002070B5457B04468D4213D0417393
:1063F8000DB90FF0AAFD637B012B09D1344D05F1CE
:10640800B8066169002950D1BDE87040FEF7AAB905
:10641800072B01D0ABB170BD0023C4E90D33E3787D
:10642800012BF8D1A37804F14000012B04BF03230A
:1064380084F898304FF42032BDE87040002307F00C
:1064480023BD082DE7D801A353F825F01F640000E9
:10645800796400009F640000A9640000A96400003A
:10646800A96400009F6400001F6400001F6400000E
:1064780004F14005284614F0BCF820460121FFF736
:1064880013FF20460FF008FD2846BDE870400022A3
:10649800002307F02DBD237B13B12046FFF728FE0C
:1064A8002046BDE87040FFF751BFA2690B689142D2
:1064B80008BFA36120466361FFF74AFEB5F8B43010
:1064C800002B14BF3046002007F06CFA99E700BF94
:1064D80090000020F8B5074609480D4616460FF00B
:1064E80034FD044650B183781F4203D1BDE8F8401B
:1064F800FFF72CBF3146A8472046F7E7F8BD00BF95
:10650800F00F0020002201200149FFF7E3BF00BF80
:106518008561000038B505460B480C460FF015FD9F
:10652800034670B1427B012A02D0073A012A06D8F5
:106538001A88AA4202D19A78144203D11846FFF762
:1065480005FF0023184638BDF00F0020034BC01A82
:10655800034B00115843C0B2704700BFF00F002032
:10656800C54EECC470B51C46144305460E4608D00B
:10657800FDF7A6F80B4908580B49D1F8B81088421E
:1065880001D1002213460949002D14BF28460846A8
:106598000EF028FC044618B1711D0C300EF077FC83
:1065A800204670BD0800000000150020600800208B
:1065B80010B50446054807F0C1FB204600F0D2FCA0
:1065C8002046BDE81040FFF793BD00BF90040020AF
:1065D80000232DE9F04F87B003930593A54B5A8A02
:1065E80032B1A54DD5F8CC4034B907B0BDE8F08F2D
:1065F8001B68002BF5D1F8E754F8C03903B1C03B4C
:1066080000269E4901E01C461346B5F8B420002A2E
:1066180000F02E81D5F8C0204AB904F1C006002B3D
:10662800E3D0D3F8C020002AEDD0C03AEBE70A68DF
:10663800002AF2D0D4F8AC20002AEED0D4F8B0204A
:10664800002AEAD0D4F8B420002AE6D0637B072BCE
:1066580066D120469047002862D004F1C403D3E8ED
:10666800AF3F022B5CDC20460FF06FFC044600288D
:10667800BBD0637B072B40F0F2802046D4F8AC30C7
:10668800B5F8B41004AA98470746002800F0CA8055
:10669800B5F8B420049B9A4206D30146D4F8B060FA
:1066A800204605AB03AAB047059BDDF80C90019383
:1066B8003B8A002B00F0D6803846DDF810A00EF09B
:1066C800A6FD8046002840F0D080B5F8B430DFF849
:1066D800B0B1002B14BF584600200022002307F059
:1066E80095F978B900220023644807F029F906468D
:1066F80000283BD1B5F8B430002B18BF5E463046B1
:1067080007F050F96FF00B053846FDF7DBFAB9F1E1
:10671800000F00F083802A4620460199C8477DE093
:10672800D4F8C03004F1C002C6B9D5F8D010C5F805
:10673800CC308A4201D1C5F8D03000232046C4F8B5
:10674800C030D4F8B4309847002892D0637B072B28
:1067580040F085802046FFF721FE8AE73360D5F8B0
:10676800D0309A4208BFC5F8D060E6E7019BC0F870
:1067780004908360B5F8B4B00022DA454FF0000306
:106788004FF000013B4898BF1FFA8AFBFDF71CFA3F
:10679800814650B1FDF7F6F93A4B5A4603EB001320
:1067A800394648460EF0F8FC8146B5F8B43094F8FE
:1067B800C8709A458CBF4FF00108023784F8C8802A
:1067C80098BFFFB204F1C408D8E8EF3F0133C8E826
:1067D800E23F002AF8D104F1140A314650460FF07E
:1067E80017FBA378012B21D0D8E8EF3F013BC8E87D
:1067F800E23F002AF8D1314650460FF032FB4846B6
:10680800FDF760FA20463146FFF7A2FCB5F8B43030
:106818001B48002B08BF002007F0C4F813212046AE
:106828000FF0A7FB2046FFF791FDDEE609F10C0B00
:10683800042158460EF057FB238807F0FD0743EA6A
:1068480007330380B9F810300221043B43805846CF
:106858000EF051FB4846FDF771FF0028C4D1FDF743
:1068680081FFDFE76FF079054EE76FF004054BE72E
:106878009368FFDEF0080020900000202C0800201C
:1068880048010020A01D002040F2E2432DE9F0411C
:10689800D0F888600446B6FBF3F6031DB6B2D3E819
:1068A800AF2F920413D5B0F88C20B2420FD8B0F8AD
:1068B8008E20B2420BD3D0E92412914207D1D3E8FB
:1068C800EF1F21F40051C3E8E21F002AF7D1114B52
:1068D8001D6865B155F8107C203D37B1314620461A
:1068E800B4F89230B4F89020B8472D6AF1E70A4D11
:1068F800DFF82880454501D3BDE8F0812F6937B11D
:1069080031462046B4F89230B4F89020B847243580
:10691800F0E700BFD41D00208CBD0100D4BD0100EC
:10692800F8B50F4B05461C685CB1203C00F1A80681
:10693800E36913B1314628469847246A0CB1203CD4
:10694800F6E7084C084E05F1A807B44200D3F8BD95
:10695800E36913B13946284698472434F5E700BF60
:10696800D41D00208CBD0100D4BD01002DE9F041EB
:10697800074608460D460EF0C1FD064618B9002622
:106988003046BDE8F081144B1C6884B154F8143CBF
:10699800203C0BB9246AF8E729463846984700286E
:1069A800EDD028460EF0AAFD0028F3D1E7E70B4CFE
:1069B800DFF82C804445E3D2E3680BB92434F9E7C7
:1069C8002946384698470028D9D028460EF096FD23
:1069D8000028F3D1D3E700BFD41D00208CBD0100EF
:1069E800D4BD01002DE9F041C37804468BB900F10C
:1069F8007E06114B1D687DB1203D04F170076B695F
:106A08001BB13A463146204698472D6A25B1203DAC
:106A1800F5E700F17706ECE7084D094F04F1700837
:106A2800BD4201D3BDE8F0816B691BB142463146D6
:106A3800204698472435F3E7D41D00208CBD01007B
:106A4800D4BD0100F8B5437A0546837216460FF0A7
:106A5800F8FB0D4B1C684CB154F8083C203C1BB1AA
:106A680032462846697A9847246AF4E7074C084F63
:106A7800BC4200D3F8BDA3691BB132462846697AE7
:106A880098472434F4E700BFD41D00208CBD0100D2
:106A9800D4BD010038B505460C460F480121FFF763
:106AA80027FCC0B1057223680367A388A0F8743077
:106AB800A37980F876300123437283728370074B81
:106AC800C0F8AC30064BC0F8B030064BC0F8B43054
:106AD800054BC0F88C3038BDF00F0020996E0000CF
:106AE800395E01002D5E01001800280070B50546CA
:106AF8000A480E460FF029FA044620B18378012B84
:106B080004D0FFF723FC0024204670BD32462946F6
:106B18000FF0AAFA0028F7D12046F2E7F00F00207C
:106B2800F8B505460E480E4617460FF00EFA04460D
:106B380020B18378012B03D0FFF708FC00240DE077
:106B480036B1324629460FF08FFA08B92046F3E7E6
:106B5800637BBB42FAD1237AAB42F7D12046F8BD1A
:106B6800F00F0020002210B5837804460B70C3781C
:106B78004B70037A8B70437B81F82720023BDBB292
:106B8800062B8EBF13462A48C35C204681F8243062
:106B9800A378012B14BF0023637A81F825300FF006
:106BA8001FFA81F82600A378012B3DD104F1700368
:106BB8008B60237A1F4AC3EBC30313444B60E2780C
:106BC80004F1770304F17E002ABB1A460346C1E9A3
:106BD800032340F2E242D4F888304B61B3FBF2F36E
:106BE8000B83B4F890304B83B4F892308B8304F164
:106BF800A8030B62D4F8A4302BB15B7CDA0644BF3F
:106C0800012381F82730D4F8A43013B15B7C9B06AC
:106C180003D4002010BD0246D9E791F8273043F08D
:106C2800020381F82730F4E76FF01500F2E700BFA0
:106C380076D701009000002038B5044608460D4676
:106C48000EF05CFC38B3154B93F89030990707D4D5
:106C5800E37873B129462046BDE8384000F0D0B942
:106C680094F899309A07F3D5231DD3E8AF3F5B0416
:106C7800EED4294620460FF02CFA58B92B88A4F8F0
:106C88008C306B88A4F88E30AB88A4F89430EB88ED
:106C9800A4F8963038BD6FF01500FBE7900000208F
:106CA800F7B510F8333C0446A0F140060BBB30465C
:106CB8000FF06AFA2D4B1D684DB155F81C3C203D6C
:106CC8001BB1304614F8341C98472D6AF4E7284D58
:106CD800284FBD4205D3304603B0BDE8F040FFF76A
:106CE80035BB6B681BB1304614F8341C9847243503
:106CF800EFE710F83E3C012B35D1A0F13C05D5E873
:106D0800EF3F23F40052C5E8E12F0029F7D19B0497
:106D180018D5E36C69460093636D30460193FFF71D
:106D28008BFF38B9D5E8EF3F23F48053C5E8E23F3D
:106D3800002AF7D14FF40061284603B0BDE8F040BF
:106D48000FF081B86B460C4A1068516803C3694656
:106D58003046FFF771FF0028ECD14FF480512846E8
:106D68000FF071F8E6E703B0F0BD00BFD41D0020B6
:106D78008CBD0100D4BD0100ECBE01000C4B10B964
:106D88001860002070471A6872B90269002AF7D1A2
:106D9800026832B9426822B9826812B94269002A87
:106DA800EED06FF0150070476FF07700704700BFA6
:106DB800E41D002008B568B1094B00F10C011A6800
:106DC80022B907480FF024F8104605E0914204D094
:106DD8001268F5E76FF0150008BD6FF07700FBE764
:106DE800DC1D002010B902480FF0AFB80020704732
:106DF800F00F002010B50E4813F0F9FA0D490C48B1
:106E080013F0FDFA0C490A4813F0F9FA0B4908483F
:106E180013F0F5FA0FF02EFF02F0F0F8044628B947
:106E280002F0BAFF044608B90FF0D0FA204610BDA8
:106E38002C080020B01D0020BC1D0020C81D00200B
:106E4800044B186818B9044A5A600B6070476FF011
:106E58000B007047E81D002010C3010070B5044600
:106E680052EA030008D0FCF72BFC074D074ED5F873
:106E7800B8503058854201D1002213462046BDE85B
:106E880070400431FFF76EBB0015002008000000B9
:106E98002DE9F0470F469046D0F8B84044B1403C41
:106EA800236B5BB92068B8300FF064F9246CF5E700
:106EB800FDF758FC00263046BDE8F08704F130099C
:106EC800484613F0B1FA05460028F1D00EF09FF9B4
:106ED8000028EFD128460DF0B4FF656C06469DB931
:106EE800A38C058A403B9BB23F2B03D8238D9D4240
:106EF80028BF1D46042106F10C000DF0F4FF0580A3
:106F0800A38C043543806564BD421FD8B6F810A031
:106F1800554506D100220023484606F011FDFCF72E
:106F2800D1FEA38CA3F140023F2A06D855451ABFCB
:106F3800002213460A4AF361B2612068B8300FF0A4
:106F480019F9236B13B120460FF0F5F8636C9F42D3
:106F58002CBF0027DF1BC8F800306764ABE700BF11
:106F6800FD620100F7B504460026234D234FBD42BC
:106F780001D303B0F0BD298820460FF0B2F96B6841
:106F8800019001A920469847002830DB019B2A88F8
:106F98009A829A8403F11002D2E8EF1FC2E8E06FE8
:106FA8000028F9D11E645E649E60A16B03F108029B
:106FB800F9B9C4E90D221C60DE6003F1300013F05A
:106FC80016FA019843681B6803B19847019B103370
:106FD800D3E8EF1F41F00101C3E8E21F002AF7D10F
:106FE80001984368DB6913B100F11001984708352F
:106FF800BDE70A60A263DEE774BD01008CBD010035
:1070080070B5134A0C4613780646013313F0FF0196
:107018000ABF01230B4619461370122008220FF0ED
:1070280028F9054688B108210C300DF03BFF22886D
:107038002946028062884280A2888280E288C280D3
:107048003046BDE870400FF062B96FF00B0070BDBC
:107058004D29002023281FD81A2804D8431E182B8E
:107068000ED906207047A0F11B03082B1ED8DFE8B5
:1070780003F0051D1B231D19251D0500032070475E
:1070880001230F4A83401A40C2B90E4A1A40002A07
:107098000CBF06200120704700F07F03522B05D15A
:1070A80000207047012070470520704710F0400FFE
:1070B80014BF002006207047042070470220704744
:1070C800AAAA8A02545545012DE9F74F05460846F4
:1070D8008946FCF757FD18234343264F0446FA1800
:1070E8009168D9F80C60019105F14C00D0E8AF0F18
:1070F800C1073BD5D9F80C00007810710022FA506E
:107108003378D22B0ED12B684946186810F08BFDC6
:1071180040B101904846FCF7D5FD019B184603B0E5
:10712800BDE8F08F18235C43002349461A4607EB55
:107138000408281DD9F80C60D9F814B0B9F810A0C3
:10714800C8F808500FF0ABF803460028E6D0D9F885
:107158001420A6EB0B0612FA86F6019AC9F80C6001
:10716800A9F810A0C8F808203851D7E76FF0150320
:10717800D4E700BF381E002070B50E46438D418B02
:1071880001328B4228BF0B469A42054632D8304618
:10719800FFF760FF6FF01403034113F0010310D0F1
:1071A800FCF78EFA144B1958144BD3F8B83099429F
:1071B8001ED0134B1B685A1A18BF4FF0FF321346E4
:1071C80001E04FF4702200210E48FFF747FE044605
:1071D80060B1FCF7D7FC18220B4B012102FB0033EE
:1071E80004F10C009D600DF05DFE0670204670BD38
:1071F8000022E4E70024F9E7080000000015002059
:10720800801E002084080020381E0020011F01482D
:1072180013F01AB81C070020F8B54FF4702207467F
:1072280000230D480E460DF0DDFD044690B100F137
:107238000C05092128460DF02AFE2046FCF7A2FC81
:107248001822064B012102FB003328469F600DF0EF
:1072580029FE06702046F8BD84080020381E00204C
:1072680008B5EFF31181402383F31288BFF36F8FC2
:10727800002303600C4B5A689AB9C3E9000081F3F4
:107288001188BFF36F8F094806F058FD002807DA08
:10729800002383F31188BFF36F8F0323184602DF9F
:1072A80008BD10605860EAE7301E0020D8040020AE
:1072B8007FB5CB6804461D888DB15E8876B1AE4235
:1072C8000DD310220021684614F041FA052120460A
:1072D800FFF7A2FF019058B9112007E035460123B6
:1072E8002A46042120460FF002FA002004B070BD9F
:1072F8006B4631462846084A00940FF015FADDE936
:10730800011323B90846FCF7DDFC0A23E8E7204609
:107318000FF017F9E9E700BF6765010010B50446EB
:1073280000F14803D3E8EF1F41F00101C3E8E21F71
:10733800002AF7D1201F0FF06EF904F16400044908
:1073480013F04BF92068BDE8104001F0A7BD00BF5D
:10735800816C0100F0B51D46036804460E4685B0F1
:1073680001211868174610F066F938B904F14C0085
:107378000FF0FEF950BB122005B0F0BD65B3102226
:107388000021684614F0E3F939462046FFF744FF28
:10739800029018B3BDF828302946ADF8043001230F
:1073A80028468DF80C300E4A6B4600940FF0BCF955
:1073B8009DF80C3002995BB10846FCF783FC2A461D
:1073C800314620469DF80C300FF091F90020D3E7A4
:1073D80020460FF0B6F8F9E70120CDE71120CBE7FA
:1073E8000D6B01002DE9FF41036804460D4618683E
:1073F800012110F020F940B904F14C000FF0B8F960
:10740800A0BB122004B0BDE8F0811022002168461C
:1074180014F09DF90F212046FFF7FEFE029038B3C5
:107428004FF00108009405F10C072B8A012B04D8B2
:10743800204602990FF085F818E038460DF07CFDDB
:107448006B4601460B4A06468DF80C800FF06CF926
:107458009DF80C30002BE8D00298FCF733FC32463C
:107468000E2120469DF80C300FF041F90020C9E7A5
:107478001120C7E70D6B01002DE9FF4103680446A1
:107488000D461868012110F0D6F840B904F14C00F7
:107498000FF06EF9A0BB122004B0BDE8F0811022F5
:1074A8000021684614F053F921212046FFF7B4FE65
:1074B800029038B34FF00108009405F10C072B8AAD
:1074C800012B04D8204602990FF03BF818E0384603
:1074D8000DF032FD6B4601460B4A06468DF80C80CE
:1074E8000FF022F99DF80C30002BE8D00298FCF739
:1074F800E9FB3246202120469DF80C300FF0F7F8C2
:107508000020C9E71120C7E7896A01002DE9F04387
:107518000F460446062187B007F10C000DF0FCFC6D
:107528000588EDB1B0F80280B8F1000F17D0A84572
:1075380016D3002382888DF800308DF804304FF47C
:107548002053684601A9D7F80C90ADF80220ADF891
:1075580006300DF08FFD064660B10A2301E045466E
:1075680001232A46062120460FF0C1F8002007B063
:10757800BDE8F0830146142201A83F7C14F0E7F827
:1075880007212046FFF748FE0290D8B10A2341465A
:107598008DF81530284601AB0B4ACDE903690194F3
:1075A8008DF814700FF0C0F89DF8153002992BB1C2
:1075B8000846FCF787FB9DF81530D2E720460EF009
:1075C800C0FFD3E71120D2E73D6801002DE9F04163
:1075D8000E8A0446043EF6B2022E08468CB001D04C
:1075E800102E76D104210C300DF096FC0DF1040814
:1075F80005884788011D324640460DF068FD002881
:1076080069D085B377B3BD422DD80121606810F0E9
:1076180012F8064678BB42F602038DF80000694668
:107628004046ADF802300DF025FD20B342F60303C5
:10763800404606A98DF81860ADF81A300DF01AFD0D
:10764800C8B1012D03D14FF6FF739F4213D004F147
:107658004C000FF08DF8002814BF002012200CB049
:10766800BDE8F0813D4601232A46082120460FF057
:107678003EF80020F3E7182200210DEB020014F079
:1076880066F809212046FFF7C7FD0890F8B10121E7
:107698000C30CDE906480DF005FC00230990037075
:1076A8000A2339468DF82C30284606AB0B4A0FF0D2
:1076B8003BF89DF82C3008992BB10846FCF702FBE3
:1076C8009DF82C30D0E720460EF03BFFD1E7112083
:1076D800C5E70420C3E70E20C1E700BFE579000035
:1076E8002DE9F0410E8A0446043EF6B2022E084601
:1076F8008CB001D0102E64D104210C300DF00CFC9C
:107708000DF1080805884788011D324640460DF0EE
:10771800DEFC002857D0A5B300268FB3BD4230D871
:107728004FF42053404601A98DF80460ADF80630A7
:107738000DF0A0FC48BB1422002107A814F007F89C
:1077480011212046FFF768FD0990002837D0012154
:107758000C30CDE907480DF0A5FB00230A90394607
:1077680003701A4A0B93284607AB0EF0DDFFDDE9DC
:1077780009131B78FBB90846FCF7A4FA0A2301E0B1
:107788003D4601232A4610210EE042F601034046F9
:1077980007A98DF81C60ADF81E300DF06BFC0028B1
:1077A800C9D010232A46194620460EF0A0FF002013
:1077B8000CB0BDE8F08120460EF0C3FEF7E71120BB
:1077C800F6E70420F4E70E20F2E700BF2D79000069
:1077D800F0B51D4603680E460039044618BF01215E
:1077E80087B0186817460FF026FF40B904F14C001F
:1077F8000EF0BEFF002844D0002007B0F0BD002DD9
:1078080041D018220021684613F0A1FF47BB236826
:1078180029461B68284600930023ADF812300C9BBC
:107828001A4A0393BDF834308DF80860ADF810306B
:1078380001238DF814306B460EF076FF9DF8143056
:10784800C3B1002FD8D00198FCF73CFA002ED3D052
:107858002A46122120469DF814300EF048FFCBE747
:10786800002213212046FFF787FC01900028CED183
:107878001120C2E701990029BED020460EF061FE12
:10788800BAE71220B9E70120B7E700BFD9640100C1
:107898002DE9F0410B8A04460D46002B3AD00668C4
:1078A800012105F10C000DF037FB737B0746072B10
:1078B80030D154F8043C6BB300230178184E043CD3
:1078C80016F833004FEAC308884206EBC30211D109
:1078D800298A5378994220D35368294620469847E5
:1078E80003464644B278012A14D19BB1397889B14C
:1078F80000220CE001330C2BE2D10846FFF7AAFB6B
:107908002122C24012F0010204D119B106232046F7
:107918000EF0EDFE0020BDE8F0810423E1E700BF92
:1079280038C301002DE9FF414FF000084FF4205300
:1079380005460E46006802A9144617688DF80880A7
:10794800ADF80A300DF096FBA0B142F601032868A5
:1079580003A98DF80C80ADF80E300DF08BFB48B103
:1079680023691BB15A88B24200D25E80012004B05C
:10797800BDE8F081616828680DF07CFB10B1002338
:107988002361F3E7E368A0681A786AB1B7F82AC0F8
:10799800798B038A8C4594BFC3EB0C03C3EB0103BB
:1079A800934201DA0020E2E704210C300DF07AFA64
:1079B80020610680236929465E80074B0194009365
:1079C80038460023A2680EF0D2FF0028EADB2069BF
:1079D800003818BF0120CAE7D76601002DE9F34730
:1079E800176805468946006851681446D7F804A008
:1079F8000DF040FB804600284BD195222946504681
:107A08000FF014FD0646207540B1E3681B780BB1F2
:107A180084F81480002002B0BDE8F087294650465B
:107A28000FF043FE10B908232375F3E7A068267505
:107A38000DF00BFA02210C300DF034FA164B2061D0
:107A4800A0F8009000930194334629463846A2686E
:107A58000EF08DFF002807DA10F1FF0F32BF0E205D
:107A68004042C0B22075D5E72369002BD2D0A06868
:107A78000EF0B7FC7B8B7A8D9A4294BFC0EB020064
:107A8800C0EB0300E3681B78984294BF00200120F4
:107A9800C1E70120BFE700BFFB630100F7B5002382
:107AA80004460E4600226946284805F059FE054658
:107AB800D0B9FBF705FE264B29461A58254B0098E6
:107AC8001A60242213F043FE009B00221C60009CD5
:107AD8000023C4E90155C4E907551F4801A90195C8
:107AE80005F03EFE054620B16FF00B05284603B0B1
:107AF800F0BD0146A022019813F029FE0198174B0A
:107B08008360543012F073FC019B4C33D3E8EF2FA1
:107B1800C3E8E15F0029F9D1019B1C60E369019F7B
:107B28001BB904F10C0012F062FCE26907F198033A
:107B3800C7F89820226AE36102B923621722019BE1
:107B48005A855A8304333360D0E700BF000700200A
:107B580008000000801E00201C070020B004002040
:107B68002DE9F74F0646EFF31187402383F3128878
:107B7800BFF36F8F414C20460EF029FC2368054661
:107B8800009387F31188BFF36F8F00285FD0FBF74E
:107B9800F9FF182202FB00F33949C81851F803B05D
:107BA80003690021D0E90247019390F80480B0F8F6
:107BB80006A013F0CCFDA87AFBF7DCFF69698146C3
:107BC80051B16A7AD00705D4D9F81C202846126822
:107BD8009268904700226A612946484612F01AFCCA
:107BE800B8F1000F23D014B3236803B31B68F3B1B3
:107BF800BBF1000F1BD1201D0EF0B4FF4046FFF76C
:107C080029FA052813D8DFE800F025031225120306
:107C180004F14C03D3E8AF3FDA0708D5236D33B13D
:107C28004FF47022002304F1680006F061F9009B0C
:107C38006BB13146002012F09FFC002807DA0023C0
:107C480083F31188BFF36F8F0323184602DF03B055
:107C5800BDE8F08F54F84C3B1D68D4E8AF3FDB0714
:107C6800E5D5002FE3D0002403E028460199B84762
:107C78000134A3B25345F8D3D9E700BF301E002022
:107C8800381E002007B50B4600210246FBF718FDF9
:107C980001910E4909580E480068884204D00D48E1
:107CA800D0F8B800884201D10022134601A90A4839
:107CB80005F056FD014638B91C22019813F047FD1E
:107CC800019803B05DF804FB0020FAE70800000003
:107CD800801E0020001500203807002010B504463B
:107CE800806818B1FBF7EEFF0023A3602146BDE8CA
:107CF8001040014812F0A8BA380700202DE9F743D0
:107D0800044668300F4690461E4612F072FC206DFD
:107D180048B9201D00F028F81321606803B0BDE8B9
:107D2800F0430EF026B90F4B98424FF0000317D0DE
:107D380045684360206DD0F81890FFF7CFFF002307
:107D4800206823650EF094FB3DB12068CDF80090C3
:107D580043463A4631460068A84703B0BDE8F08379
:107D68001D46ECE7841E0020F7B550F8044C054684
:107D7800002C55D000F1940104F11C000EF0DFFC3A
:107D88002E1F05F1500700220023384605F0D8FDC4
:107D9800024658BBEB6C2BB101466FF067033046C7
:107DA800FFF7ACFF002345F8043C05F14803D3E88E
:107DB800EF1F21F00101C3E8E21F002AF7D1E369B0
:107DC80073BB04F10C0600220023304605F0B8FD11
:107DD80078B9666886B921461248266012F034FAE6
:107DE800286803B0BDE8F04001F0CCB8FBF76AFFA3
:107DF800C9E7FBF767FFE6E7A26833689642636066
:107E080008BFA36077683FB1B3696FF0670100935B
:107E1800002320681A46B8473046FFF75FFFD8E7C7
:107E280003B0F0BD00070020F8B51D460F46164602
:107E3800FBF7A8FE1823044C03FB00400123C0E90C
:107E48000376C3800575F8BD381E002010B51846A6
:107E5800144603491022A04700EAE07010BD00BF95
:107E68001811002070B50D4C064623780D46834244
:107E780004D12846611C0EF0DEFF58B9237CB342BA
:107E88000AD1284606490EF0D6FF10B1012004EBAE
:107E9800001070BD0020FAE70020FAE7B81E0020A5
:107EA800C91E002070B50D4C064623780D46834246
:107EB80004D12846611C0EF0BEFF58B9237BB3429B
:107EC8000AD1284606490EF0B6FF0028054808BF23
:107ED800002070BD2046FCE70020FAE7C010002013
:107EE800CD100020CC10002070B50E4C054623782C
:107EF8000E46834203D1601C0EF09DFF68B9237BB8
:107F0800AB420CD1314608480EF095FF20B1012054
:107F1800404200F00C00204470BD0020F8E700202B
:107F2800FAE700BF522800205F28002038B5144621
:107F38000D4B82680D469A4211D122792168C0689A
:107F48000EF081FF58B1D4F8C8302F2B09D804EBB4
:107F580083021581018901335181C4F8C830012099
:107F680038BD0020FCE700BF6183000070B5204BDE
:107F7800144682689A420FD1A568C66875B92279F5
:107F8800304621680EF05FFF024628B119490130DA
:107F98000EF07EFF15701581012070BDE068002885
:107FA800FBD02B888B420AD0F6D2E068A368013850
:107FB8000433E060003818BF0120A360EDE72568AE
:107FC8002279294630460EF03EFF024660B9304617
:107FD80008490EF038FF02460028E6D0294601304D
:107FE8000EF056FF23791370A3685B881381DCE7D2
:107FF80061830000C6D6010038B5054648B1154B67
:108008001A4613F8011C5C1E0EF02EF858B12046D3
:1080180006E011490F480EF00EFF78B10D4B581EBF
:1080280038BD0020FCE72846217C04F111020EF03F
:108038001BF80028F5D004F11000F1E7054B0649BC
:1080480003F110000EF0F7FE0028EAD0014B03F10F
:108058000F00E5E7B91E0020C6D6010010B54A1C7E
:108068000C4628B109780DF0FFFF30B1204610BD4D
:10807800104603490EF0DFFEF7E70020F7E700BFE0
:10808800C6D601002DE9F0410646884617460DF090
:10809800C4FA60B341463046FFF704FF0546B0B95D
:1080A80014480EF0FCFE0446F8B113480EF0F7FE33
:1080B80068B90124114D6342114A03F00C030133DE
:1080C800D01841460EF0E4FE0C235C4316550121FE
:1080D80005F10800B9400EF0C5FEBDE8F0414FF4C7
:1080E80000420023074805F003BF054DE3E7BDE85C
:1080F800F08100BFC8100020D4100020CC10002050
:10810800C0100020D81000202DE9F04180460F460D
:1081180016461D46FFF7E8FE044648B91649FFF71C
:10812800E3FE044630B3394600F8018B0EF0B0FE8A
:1081380023899BB962899AB926816581254615F8F4
:10814800010B29460DF069FAA0B122462946BDE87F
:10815800F041042312F8080BFBF7AABFB34204D876
:108168006289AA4206D2B342E7D963892681AB4223
:10817800E4D2E2E7BDE8F081C6D601002DE9FF416F
:108188000E4617469846044628B96FF01505284646
:1081980004B0BDE8F08102A90CF044FF05460028B0
:1081A800F3D1204601A90CF084FC0198D0B9002035
:1081B80002A9FFF799FE0446D8B9002EE7D0114965
:1081C800FFF792FE0446D0B1002302A900F8013B54
:1081D8000EF05EFE0422404604F10801B84700EAAA
:1081E800E075D4E70A2229460AF020FC0028DED0F0
:1081F800CBE7002EEED1066046608660C7E76FF0D9
:108208000B05C4E7C6D6010038B51546084B826889
:108218009A420AD1C4682968013420460EF00BFE40
:1082280018B1204669680EF033FE012038BD00BF42
:108238006183000008B513468168074A914209D155
:108248001A791968C0680EF0FEFD18B100230360A2
:1082580043600381012008BD618300004FF4A472CC
:108268000023014805F044BE9811002008B50421F8
:1082780008480EF0F7FD6FF0020106480EF0FDFD0C
:1082880004480EF00CFEC30701D5FFF7E7FF0020F6
:1082980008BD00BFC8110020024608B507490130D3
:1082A8000EF0F6FD00230C3202F8043CD2E8EF1F72
:1082B800C2E8E03F0028F9D108BD00BFC6D60100DA
:1082C8002DE9F041214B1546826807469A4202D1B2
:1082D800C4686389E3B90120BDE8F08105F170083D
:1082E8004146287A0DF099F968B9194B9C4202D198
:1082F80028460EF062FE304616490EF0C9FD0023EE
:108308002370238119E0414630460EF0C1FD14E088
:10831800238993B1264616F8011B284632460DF0EC
:10832800A3FE0028DAD131462078FEF7DFFB20B122
:10833800457BFEF70BF8072DCDD00021E36861815E
:10834800002BC8D038469847C5E700BF61830000B6
:1083580010050020C6D601002DE9F0471F46BDF8DC
:10836800203006468846D1F80C90002B46D17B1E5B
:10837800012B46D8012F49460CBF15781588FFF701
:108388006DFE044678B915B93846BDE8F087494608
:10839800FFF764FE0446B8B306F1700101300EF031
:1083A80077FD337A2370D9F81030DBB9B4F808A018
:1083B8002581B9F80A30AB4203D0494640460EF051
:1083C80071FDAA4505D00022307A06F17001FFF749
:1083D80059FE002DD8D10E49601C0EF059FD2570AC
:1083E8002581D1E72A464146304698470028CCDB0C
:1083F80001380128DAD96FF00D00C6E76FF00600E2
:10840800C3E76FF00C00C0E76FF01000BDE700BFD6
:10841800C6D6010008B5012111480EF023FD10F061
:10842800010F104B0AD1104A9A610D480EF037FD22
:10843800830713D4BDE80840FFF710BF1A8B588B89
:10844800012A4FF6FF7205D8904207D04FF6FF7207
:108458005A83EAE790421983E7D0F7E708BD00BFDF
:10846800C8110020781100200100FFFF104908B54D
:1084780010480EF0E0FC014640B90E4B581E0EF0B5
:1084880034FE0C4911F8010C0EF0BDFD08490A48EC
:108498000EF0D1FC014650B908480EF026FE084BF4
:1084A800187C03F11101BDE808400EF0ACBD08BD11
:1084B800C6D60100B91E0020C91E0020C81E002013
:1084C800B81E002010B56FF0020104460E480EF0E9
:1084D800D4FC0D480EF0E3FCC20704D500220023AB
:1084E8000A4805F005FD20460EF063FC58B1204609
:1084F800FFF782FD38B1037ADB0704D5BDE81040E9
:1085080001210EF002BE10BDC811002098110020F4
:10851800012110B51A480EF0A5FCC3072ED402217C
:1085280017480EF09FFC084007D11649164A0B88D9
:10853800164CA2421CD300B10B801549154812F005
:108548004CF84FF4A47200231248FBF759FE124965
:10855800124812F042F8022111480EF083FC11482B
:10856800114912F03AF8BDE810401048FEF722BC55
:108578005068083203449BB20120DAE710BD00BFFF
:10858800D81E00206A280020D4BD0100ECBD0100DF
:108598008573010028110020818B000098110020AC
:1085A800C8110020D810002015740100E80400202C
:1085B80003462DE9F04148B1008A38B901244FF04B
:1085C800140C1149DFF844E0714501D3BDE8F0818E
:1085D800D1E90076BB4204D30CFB0672143A9342ED
:1085E8000ED93444A2B214460831EDE70CFB0578E5
:1085F800434507D001356219AE4292B2F6D1F2E78F
:108608000025F8E71046E1E7D4BD0100ECBD010004
:108618002DE9F74F99464FF6FF73BDF830500746DE
:10862800002D08BF1D46244B90461B8800918342AD
:108638003CD203B0BDE8F08F73682344BB4232D20A
:108648009CB208361D4B9E42F6D3F2E74046895845
:1086580001930CF00FFD019B90B101340AF1010A5E
:10866800A4B273685345ECD9009B9C42E1D8BC4244
:10867800F3D30BFB0AF231688B18B8F1000FE5D180
:10868800B9F1000F0BD1013D1846ADB221460E9A43
:108698000D9B9847002DCCD00028DED1C9E7DA68B9
:1086A8009145DAD1EFE74FF0000ADAE701244FF0FD
:1086B800140B034EC6E700BF6A280020ECBD01007A
:1086C800D4BD010030B5E5B01022002101A813F097
:1086D8003EF8182200210DEB020013F038F84FF491
:1086E8001053ADF814308023ADF816304FF4806382
:1086F8001D4D01A9CDE90735102262AB05A806F08A
:108708001DFF0CAC014660BB4FF4AC72204613F061
:108718001EF82A462046629912F04BFC08BB2346F5
:108728004FF6FF710120114A0EF01DFE102220465F
:108738000F4905AB12F052FC0546629806F0C0FEE0
:108748007DB908220A4B03F11001187811F8014D80
:10875800013A03F8014B0870F7D1082105480EF0DB
:1087680081FB65B030BD00BF0002C0034970010045
:1087780008110020C81100202DE9F04119490446CC
:10878800A1F1300015461E46BDF8187011F044FFDF
:1087980015480EF084FB010707D4FFF793FFFFF796
:1087A80065FE10211148FBF7B5FC2046FFF724FCB5
:1087B80068B1037ADA070AD500F10C0420460EF0F6
:1087C8006EFBC30703D4022120460EF04BFB102397
:1087D8003A46069331462846BDE8F041034B0EF071
:1087E80079BB00BF58110020C811002008110020D3
:1087F80010B51B480EF053FBC0F3C00080F0010415
:1088080008B9FFF75FFF16480EF049FB0346144806
:108818000EF045FBDA0621D5830608D5F4B1FFF73B
:1088280025FEBDE8104010210E48FBF773BC20213F
:108838000B480EF017FB10220A49881812F096FF11
:1088480048B9094811F0D5FEBDE810406FF00101A4
:1088580003480EF012BBFFF7DDFDE0E710BD00BFD7
:10886800C8110020081100209811002008B5102117
:1088780003480EF0F7FAFFF7BBFF002008BD00BF62
:10888800C81100202DE9F041B8B00C461646214920
:108898006A463E981F460CF0E8F8002837D0009D3D
:1088A80001A928460CF005F965B1019870B90023B3
:1088B8000DF10808284641468DF814300CF0B2FB3B
:1088C800054650B16FF0150425461AE00A2200212A
:1088D8000AF0ACF80028EAD0F4E7CDF81080A4B18B
:1088E800C022384608A9B047041EEDDBA40808AB2F
:1088F800CDE906344FF6FF710120074A04AB0EF0AC
:1089080032FD284638B0BDE8F0812346F0E76FF025
:108918001505F6E7B1D40100757F0000002330B5D6
:10892800B5B001918DF808003393044601AB0D46AC
:1089380001204FF6FF71074A0EF015FD339B3BB13E
:108948009B0003AA29462046FBF7D6FB35B030BD6D
:108958001A46F7E7357F00002DE9F34100F170086A
:10896800CDE9001204460F46007A414616460CF03F
:1089780054FE05466B464FF6FF7101200C4A0EF077
:10898800F2FC1DB14146207AFFF7C8FF3946207A2C
:10899800FFF768FA40B1314601300EF079FA1DB19F
:1089A8004146207A0EF02FFB02B0BDE8F08100BFEF
:1089B80011820000002307B50193FFF7F9FD411C60
:1089C80089B20846034A01AB0EF0CDFC019803B00A
:1089D8005DF804FBFF6D01002DE9F8431546894653
:1089E8009422696806460EF021FD8046002842D18F
:1089F8000222304669680EF054FD00283ED04FF43C
:108A080070200021AF8AFFF73DF90237044680B194
:108A18001D211C4B47613A464174C0F80C804360E5
:108A2800856130460EF001F9074638B92046FFF750
:108A380055F96FF00B052846BDE8F8830123424637
:108A48004146FFF7F1F9A98A07F10C0002310CF051
:108A580029FA20F8029BAA8A296912F052FE2146B7
:108A68003046A7600EF088F905460028E3D0204676
:108A7800FFF734F9DFE74FF0FF35DCE76FF0150556
:108A8800D9E700BF056E010070B504468AB03748C3
:108A98000EF005FA42070D4661D514B1637B072B2A
:108AA80060D16E6830460596FFF782FD2A68ADF8FA
:108AB800180032B305A902912D4900230191012123
:108AC80000914FF6FF710593FFF7A2FD059E1EB9B1
:108AD8006FF001000AB070BD6E60002330688DF839
:108AE800103042F6030304A9ADF812300CF0C2FAB4
:108AF80070B90598C3689B799B0605D46FF015007B
:108B0800E8E70028E9D1E3E70EF0E6FBADF8180046
:108B1800BDF818003CB1012301462A462046AB7532
:108B2800FFF75AFFD6E76FF07F0307930223ADF8EC
:108B3800203042F60213ADF8123005ABAC75029343
:108B48000C4B4FF6FF710193012304AA00932346AF
:108B580009958DF81040FFF75BFD0798BAE76FF0AD
:108B68000A00B7E76FF07F00B4E700BF18010020E4
:108B7800336E0100998D000073B5044650F8083C27
:108B880000F130056FF00101A0F12006284601939D
:108B98000EF073F90D4B002044F81C3C0C4B314689
:108BA80044F8183C01AB44F8103C042324F8080CA2
:108BB80024F8060C24F80C3CFFF766FF18B90221CC
:108BC80028460EF04FF902B070BD00BFD4C30100B3
:108BD800CD8400002DE9F0412D4B164682680546EC
:108BE8009A4223D1C76834683B89FBB13A4620468C
:108BF80012F8011B0DF038FAC0B14FF495722946EE
:108C080020460EF013FCA0B103280FD005282046FB
:108C18000CBF4FF003084FF002080DF01FFA804513
:108C280007D93379434501D286F804800120BDE88D
:108C3800F081394628460EF035F9164B9F42F5D19A
:108C4800207A04F17001FFF74FF905460028EDD0AE
:108C5800038913B94389002BE8D02046FDF776FC39
:108C68002A890D4B0D4923F820206A8903EB8003DC
:108C78005A80182202FB00110B610423084A20467F
:108C88004A60084A8B828A60FFF7FEFECEE700BF83
:108C980061830000100500204E280020A01E00203F
:108CA800D4C30100B771010070B504468AB03548D5
:108CB8000EF0F5F842070D465DD514B1637B072B1E
:108CC8005CD16E6830460596FFF772FC2A68ADF8ED
:108CD800180032B305A902912B4900230191012103
:108CE80000914FF6FF710593FFF792FC059E1EB9A0
:108CF8006FF001000AB070BD6E60002330688DF817
:108D0800103042F6030304A9ADF812300CF0B2F9A2
:108D180070B90598C3689B79DB0605D46FF0150018
:108D2800E8E70028E9D1E3E70EF0D6FAADF8180035
:108D3800BDF818002CB101462A4620460EF044FC26
:108D4800D8E76FF07F0342F6021207930123ADF8CC
:108D5800122005AA02920D4AADF82030CDE9003262
:108D68004FF6FF71234604AA09958DF81040FFF7C6
:108D78004FFC0798BEE76FF00A00BBE76FF07F0073
:108D8800B8E700BF18010020336E0100998D00007C
:108D98002DE9F0413D4B1546826807469A4203D0BB
:108DA80001273846BDE8F081D0F80C80384B98454B
:108DB80012D0B8F80820AB899A42F1D1414611F88F
:108DC800010BFDF793FE06460028E9D0437B072BED
:108DD80024D0FDF7BBFAE3E700262E4C20462E49A7
:108DE8000EF029F878B90722214614F8010CFDF78E
:108DF80097FE80B92B6921461A6914F8010C53882B
:108E08001288FFF781F9731C022B4FF0010604F159
:108E18000C04E3D1CDE7FDF799FAF4E7D8F814305C
:108E280023B13946984708B93046D2E739469422E3
:108E380030460EF0FBFA07460028F5D1AB89022B25
:108E480015D1B8F808309A071ED530462A69A9887E
:108E5800FFF7C2FD044618B92A69937D013393755B
:108E68003046FDF773FA002CAC609ADB98E7012BCB
:108E78000AD1B8F80830DB0706D530462A69A98830
:108E88000EF0A2FB0446EBE73C46E9E761830000ED
:108E98001005002053280020C6D60100012370B514
:108EA80000F170058EB0044603902946007A8DF8CB
:108EB80010300CF0B2FB90B1227A1AB302AE042142
:108EC80030460AF0DAFA009624210F4A2B4605A804
:108ED800FBF750F805AA10460C49F9F731FD4FF693
:108EE800FF7101200A4A03AB0EF03DFA20460DF04F
:108EF800B5F89DF81010884202D220460DF07DF892
:108F08000EB070BD0092DFE7B4D401008D88000078
:108F1800DD8B00002DE9F0410D4B06461B680F461E
:108F2800904623B153F8044904B1043C0BB9BDE899
:108F3800F0811B681BB142463946304698472CB130
:108F4800656805B1043D23462C46EFE72546FAE758
:108F5800DC1E002013B50446009001204FF6FF7177
:108F68006B46074A8DF804000EF0FDF900212046F3
:108F78000EF061FB08B9FFF74DFA02B010BD00BF53
:108F8800DD8B000073B5044603464FF6FF710120E0
:108F9800184A04F170060EF0E6F93146207A0EF010
:108FA800FFF93146207A0CF038FB50B1237A4FF69E
:108FB800FF718DF8043001206B460F4A00960EF0C1
:108FC800D2F92046FFF718F8054688B13146207ACD
:108FD8000CF023FB28B9284602B0BDE87040FFF723
:108FE8005BB93146681C02B0BDE870400DF050BF57
:108FF80002B070BDC98200003D8200007FB54FF409
:1090080020520023ADF8162004AA02920A4A012031
:10901800CDE900324FF6FF7105AA04938DF814309C
:10902800FFF7F6FA049B012B14BF6FF01500002020
:1090380007B05DF804FB00BFBB760100054BD3F811
:10904800EC0020B9044AEC335A600B6070476FF0AB
:109058000B007047D01100204CC40100014608B530
:1090680005480EF044FB044B0028A3F1040314BF89
:109078001846002008BD00BFD4110020084B00F599
:10908800B4701A68074BD0E8EF1F994204D1C0E8C2
:10909800EC2FBCF1000FF6D1D0E8AF0F704700BF3E
:1090A800E41D0020D011002008B5FFF7E7FFB8B194
:1090B800036843B1426832B1826812B90B4A127828
:1090C8003AB904200BE0094A127812B10BB1826850
:1090D80042B9426842B9002B14BF0020032008BDE2
:1090E8000320FCE70120FAE70220F8E74E290020D8
:1090F80038B50446051D082128460EF057FB0649D9
:1091080004F15700FCF7B2FF20B1284608210EF001
:1091180029FB082038BD00BFC37C010038B50546CF
:10912800EC22002112F013FB102105F127000CF0AE
:109138005DFE044648B9052128460EF037FBFCF7CA
:1091480087FF034B1860204638BD0824FBE700BFA3
:10915800E41E002070B504460E4686B0FFF78EFF69
:1091680004F137021146F368054603F1100053F87D
:10917800046B834241F8046BF9D1237A052B40D85C
:10918800DFE803F0172323033F6502AB454900934B
:10919800096804F1270304F1570000F027FF80BB9A
:1091A8000A21201D0EF002FBAB680299D4F8EC00EE
:1091B800984720460D210EF0F9FA201D10210EF0D7
:1091C800F5FA20460EF046FB19E094F8DC10D4F8C6
:1091D800D83002ADCB40334903F00103009509684C
:1091E80043F0800304F157000EF0EFFF48B9102256
:1091F800294604F1170012F0B9FA20B1042006B08C
:1092080070BD0820FBE7032120460EF0CFFA0EF0D0
:1092180021FB0028F5D194F8DC300133DBB2142BA4
:1092280084F8DC3009D10D2120460EF0BFFA102158
:10923800201D0EF0BBFA0020E1E7102104F1270001
:109248000CF0D4FD003818BF0120C000D7E710216A
:1092580004F127000CF0CAFD0028D2D105B3EB6851
:10926800F3B1114BE27A1B8812F0010FADF8083008
:10927800A37C08BF0320DB0703D5002814BF012007
:10928800022000238DF80900C4E93833201D0C2181
:109298000EF08CFAEB68D4F8EC0002A99847CAE7FC
:1092A8000220ACE7E41E0020F4BE010073B5047A86
:1092B8000546022C23D844B190F8DC30D0F8D840C9
:1092C800DC4004F0010444F08004032128460EF039
:1092D800A2FA0646A8B110210C300BF0E3FD00906D
:1092E8000F482346006805F1270205F157010EF0E3
:1092F8006CFF044650B13046FAF7E4FC01E0032C59
:1093080002D0082002B070BD0024DEE731462846AE
:109318000EF035FA281D21460EF024FA2046F1E712
:10932800E41E0020F7B50446FFF7A8FE261D0546F3
:109338000E2130460EF0DBF938B9474B2022196868
:1093480004F1570012F012FA90B30C2120460EF0E7
:1093580062FA074660B340210C300BF0A3FD3E4B88
:1093680002461B68014603F1200053F804CB8342F0
:1093780041F804CBF9D1203203F1200153F8040B52
:109388008B4242F8040BF9D1394620460EF0F7F922
:10939800237A052B0CD8DFE803F0033D0E030B5AA4
:1093A800042120460EF002FAFFF780FF002840D083
:1093B800082003B0F0BD2046D4F8EC70FFF75EFE3D
:1093C80004214FF0FF3305460DEB010001930CF02B
:1093D8000DFD0028ECD1019B204A84F8DC00B3FB8A
:1093E800F2F102FB11330193C4F8D83055B12B6860
:1093F80043B10B2130460EF0D9F938462B68D4F822
:10940800D8109847032120460EF0D0F90E210EF00F
:10941800CDF90EE0204603210EF0C8F90E210EF01A
:10942800C5F930460A210EF0C1F96B68D4F8EC0092
:109438009847304607210EF0B9F90820FFF70EFECD
:1094480040B9204603B0BDE8F040FFF751BE042103
:109458002046DCE70020ACE7E41E002040420F0075
:1094680070B505460E4605F15704FFF707FE22467C
:10947800F36803F1200153F8040B8B4242F8040B04
:10948800F9D105F1770203F1200153F8040B8B425F
:1094980042F8040BF9D12046FCF756FD18B3281DF5
:1094A8000E210EF083F9D5F8EC40D4F8A40080B969
:1094B800207A04F1700100F07DFCC4F8A40040B9E2
:1094C800104B1C68B4B9281D06210EF06FF9204610
:1094D80008E0438A03F02403002BF1D0437C9B0768
:1094E800EED4032070BD2046FCF73AFD0028E7D1F2
:1094F8000B20F7E72846FFF715FF003818BF0120B3
:10950800C000EFE7E41E002038B504460D49A0F17D
:10951800EC054C3011F061F828460EF0D8FA0A4AEA
:1095280004F17C03D3E8EF1FC3E8E02F0028F9D14A
:109538004FF0FF338034D4E8EF2FC4E8E13F00292F
:10954800F9D138BDE57E0100D011002038B5134BA4
:1095580005461B78E3B101F00F042846FFF7A4FD88
:109568000F4B03281B780CBF04F00B0444F00404D1
:1095780005F5B670D0E8EF2F013203D1C0E8E13F1E
:109588000029F7D1D0E8AF3F2BB144F0010038BD36
:1095980001F00704E1E704F0FE00F8E74E29002097
:1095A800E7060020F8B50D460446D0F8EC70FFF742
:1095B80065FDED68EB78102B01D00620F8BDD7F8D3
:1095C800A430002B73D0261D0F2130460EF08FF8E3
:1095D80020B92046FFF7A2FD002871D1012363724C
:1095E8002B682046C4F80A30AB88E3810223237431
:1095F800A978FFF7ABFFE0742046FFF755FD10236D
:10960800607423752B7903F0030363756B7903F09A
:109618000103A375E37C1A0754D4052130460EF0E4
:1096280066F800285CD0574B1B78A374E37C980637
:1096380006D5AB78990603D5142130460EF0B6F856
:10964800E37CDA074ED5AB78DB074BD50D213046E6
:109658000EF0ACF8A37D032184F8E830637D304632
:1096680084F8E9300EF0A2F8237BE17C2D7803EA38
:109678000102100704D5E27AA07C0243D20735D450
:10968800042D35D80B4313F0040307D02046FFF709
:109698000BFD3D4B05EB85052B441B5C23722046D7
:1096A800D7F8A4100EF029F820BB032086E7387AF3
:1096B80007F1700100F07EFBC7F8A400002882D1F2
:1096C80008207BE7AB781B07A7D5052130460EF0AD
:1096D8006DF8637D03F0020363750023A3759CE7AF
:1096E8002A4BA1E700236375A375B3E70523D5E7E4
:1096F8000023D3E7D4F8EC309B7A032B33D022D85D
:10970800013B012BDCD8052130460DF0F0FF002885
:10971800CBD00C2120460EF049F802210EF07BF840
:1097280005460028CCD006210C300BF0BBFBD4F842
:10973800113029460360B4F81530838020460EF0B6
:109748001EF800203AE7042BBAD1237D627B9342AE
:1097580028BF1346102B7FF430AF052130460DF09B
:10976800C6FF0028A1D0237A002B9ED005213046C1
:109778000DF0BDFF0028C6D1237A013B012BC2D8CA
:1097880093E700BF502900209DD701004F290020F2
:1097980073B51F4E054633683BBB4FF0FF324FF0A1
:1097A800FF331C4804F00AF81B48FCF711FC044678
:1097B80040B110F1780F05D0164804F071F8204632
:1097C80002B070BD13494FF47022002301F1140058
:1097D80004F0CCFB04460028F1D10E4804F060F8F0
:1097E800336813B96FF00A04E9E7102128460CF032
:1097F800FDFA04460028E2D1316805F11003009310
:109808002A46034608460EF0E0FC0446D7E700BFA8
:10981800E41E002028050020440500202DE9F04121
:10982800C7780446012F04D06FF015042046BDE820
:10983800F0810DF055FF0546002800F0A980061DAF
:10984800042130460DF053FF002840F0A480032186
:1098580030460DF04CFF10B16FF00F04E6E73946C3
:1098680030460DF044FF0028F6D12846FFF706FCE5
:10987800D5F8EC3007469B7A032B40D030D8013B13
:10988800012B46D90F21201D0DF031FF0028CBD127
:10989800D4F8A40090B904F170073A462020217A40
:1098A80000F0D2FAC4F8A40040B93A460420217A5C
:1098B80000F0CAFAC4F8A4000028B5D0438A13F00F
:1098C800240FB1D0A27A022A23D9417CC907ABD58B
:1098D800032A1ED09B06A7D5037C102BA4D118E021
:1098E800042BCFD12846FFF7DFFB032804D1002F34
:1098F800C8D0FB68002BC5D0284B1B7807E028464A
:10990800FFF7D2FB032804D1002FBBD0FB68002B44
:10991800B8D0D4F8A4303BB12846FFF7FFFB044683
:1099280070B16FF0680481E7207A04F1700100F0EB
:1099380041FAC4F8A4000028EED16FF00B0475E7D3
:109948000B2128460DF067FF07460028E9D00121C2
:109958000C300BF0A7FA092180462846FFF7F6FDE0
:109968002346224688F80000394605F1EC000CF041
:1099780096FC044618B13846FAF7A4F956E730467B
:109988000F210DF013FF012128460DF00FFF4DE7C1
:109998006FF07F044AE76FF0040447E74E29002080
:1099A800F8B5D0F8EC400546D4F8A430061D002BD5
:1099B80074D079BB0D2130460DF099FE074620B1D1
:1099C800D4F8A40008B10EF0E0FB374B1B6823B1B4
:1099D80053F80C6906B10C3E73B928460EF077F8B7
:1099E800637B072B5ED1627AA37A9A425AD02046CB
:1099F800BDE8F840FFF712BF1B6813B1394620468F
:109A080098472EB1F26802B10C3A33461646E3E79E
:109A18003246FAE70139C9B20E2998BF234A1B7C9E
:109A28008CBF0927575C002B31D1D4F8A4000EF065
:109A380007FB0023C4F8A430022130460DF057FE7E
:109A480048B9072F94BF1A4B1F213A46204698BFA2
:109A5800D95DFCF7F7FF032130460DF048FE0028DA
:109A6800BBD0114B1B68002BB7D053F80C6906B15B
:109A78000C3E002BB1D05B6813B13946204698479D
:109A880076B1F26802B10C3A33461646F1E7022184
:109A980030460DF02CFE0028C7D1CDE70927CBE7CB
:109AA8003246F1E7F8BD00BFDC1D00208ED701006B
:109AB8007DD70100104B10B5044618604FF0FF32F7
:109AC8004FF0FF330D4803F079FE0D4804F016FA05
:109AD8000A4803F0E5FE04B910BD0A4CD4E8AF3FCC
:109AE8005B06F9D5201FFFF71DFC0028F4D00821DC
:109AF800201F0EF09BF8EFE7E41E00202805002049
:109B08003C050020D41100202DE9F0410B8A0446C1
:109B18000E46B3B3012106F10C000BF0FDF9A4F1D8
:109B2800EC05E83C0746042120460DF0E0FD40BB6B
:109B380039780E2925D8DFF8508058F8313023B904
:109B4800072128460EF072F81BE028460DF0ACFFFE
:109B580030B9032120460DF0CAFD90B10821F0E785
:109B68003B78318A08EBC3021279914201D00A216D
:109B7800E7E73146284658F8333098470146002829
:109B8800DFD10020BDE8F08174C401002DE9FF4158
:109B980090F8E930CF6823F0020380F8E9303B7889
:109BA8000446D0F8EC6023B1BB7903F0C003C02BA6
:109BB80073D106F1700807223946404611F0D6FDE8
:109BC80088B13946307A00F097F9054658B1014610
:109BD80020460DF092FD18B9082004B0BDE8F081C8
:109BE80028460EF02DFA0D21201D0DF080FD0028CD
:109BF8003FD042460220317A0EF00EFA0546002880
:109C0800EAD0F378002B41D106F17E0318780128B9
:109C180027D19A7902F0C002402A22D1D3F8012034
:109C2800C5F83E20B3F80530A5F8423096F87030F4
:109C3800BBB196F8763003F0C003C02B11D0194998
:109C480001AACDE901870395FCF744FC3B6830463F
:109C5800C5F80130BB88A5F80530BB79EB71FCF776
:109C6800C1FE00212846FBF71FF9C0B92846FBF7BB
:109C78002DF994F8E9305B0703D50A2120460DF049
:109C880095FDB4F8E81021B10020A6E706F17703A6
:109C9800BCE72046FFF784FEF6E70A209DE703208D
:109CA8009BE700BF0D7B01002DE9F0410546A0F1BF
:109CB800E80604460F463046012155F8EC890DF0B8
:109CC800F3FE00285BD0DFB1032130460DF00FFD15
:109CD800002854D03846FAF729FD0138C0B20828C0
:109CE8008CBF00242B4B4FF0020198BF1C5C304600
:109CF8000DF05CFD21462846BDE8F041FFF750BE57
:109D080098F80B30002B3AD0032130460DF0EFFCC9
:109D180020B92846BDE8F0410DF0D9BE05213046EE
:109D28000DF0E5FCB8B114F8043C1F0707D514F88A
:109D3800033C180703D5112130460DF037FD14F800
:109D4800043C23F0080304F8043C14F8033C23F013
:109D5800080304F8033C14F8033CD90711D506217D
:109D680028460DF023FD022130460DF01FFD236823
:109D7800D3F8A4301BB134F8041C0029BBD0BDE8CB
:109D8800F0819A0701D50821EAE75B07EBD50A219C
:109D9800E6E700BF85D70100012208B5034B044858
:109DA8001A70FCF715F9002008BD00BF4E290020E5
:109DB8004405002070B5054611480C460378012675
:109DC800AB4204D10722304411F0D0FCA0B12EB12F
:109DD80007220C490C4811F0C9FC78B9084A134607
:109DE80003F8015B2168C2F80110A1889980A17964
:109DF800997140F21123D360014870BD0020FCE73F
:109E0800E81E0020C6D60100E91E0020F8B5164657
:109E180004460D460022064F7B8A234002B1F8BD56
:109E2800002BFCD031463846A8470122F4E700BF92
:109E3800E81E002008B5002202200249FFF7E6FFCD
:109E4800002008BD1380010070B50B4C0D46638AD5
:109E5800114603404FF00006227808D0AA4204D1E8
:109E68000722601C11F082FC18B1304600E0184649
:109E780070BD2046FCE700BFE81E0020F8B50B784F
:109E88000646012B0C4601D00020F8BD8B7903F063
:109E9800C003402BF8D1154D002329466F8A11F8CD
:109EA8003E2BBF0704F1010006D5B24204D10622B9
:109EB80011F05CFCB8B10023002BE5D16B8A9B073D
:109EC800E2D52B78B342DFD1661C314608480BF047
:109ED8007FF80028D8D0D4F80130C5F83E30B4F85F
:109EE8000520044B9A800148CFE700BFE81E0020F8
:109EF800161F0020261F002010B5074C2378834228
:109F080008D10722601C11F031FC00280CBF204644
:109F1800002010BD0020FCE7E81E00202DE9F043DA
:109F28008446894616462F4C9BB01D46DDE923879B
:109F38000CAB04F1300E1A4620686168083403C27D
:109F480074451346F7D1206861461060227904A849
:109F58001A7120220EF021F96B462022224804A90A
:109F680000F072F80446C0BB102249460DF13500D6
:109F78000EF013F9102231460DF145000EF00DF9DF
:109F8800294611F8013B06220DF156008DF855308F
:109F98000EF003F92299062211F8013B0DF15D003C
:109FA8008DF85C300EF0F9F84346352268460CA966
:109FB80000F04AF8044680B940460EF0F8F801234C
:109FC80035228DF8303068463B460CA900F03CF845
:109FD800044610B938460EF0EAF820461BB0BDE832
:109FE800F08300BFF6BE0100B6D7010070B50E467B
:109FF8001D46144698B00146202204A80EF0CDF85C
:10A00800202231460CA80EF0C8F81022294614A8C0
:10A018000EF0C3F81022214668460EF0BEF86B46D3
:10A028005022684604A900F00FF840B9039B054A7E
:10A038001BBAB3FBF2F102FB11331C9A136018B080
:10A0480070BD00BF40420F002DE9F0418EB00746B9
:10A058000C4615460021182208A81E4611F077FB69
:10A068004FF41053ADF81C308023ADF81E304FF478
:10A078004063DFF844801022CDE90938394605AB42
:10A0880007A805F05BFA20B16FF004000EB0BDE838
:10A09800F08106AB0293102322464146CDE90063C6
:10A0A80005982B4610F0C7FF0446059805F008FAF6
:10A0B8002043EBD0E8E700BF0002C00310B5094C0D
:10A0C8000A44914200D110BD11F8013B58400309E0
:10A0D800E35C0001C0B243401809205C1B01DBB2FD
:10A0E8005840EEE7C6D701002DE9F74F9246D2F85F
:10A0F80010B002780746042A0E4601F1FF3306D055
:10A10800052A7CD0022A54D003B0BDE8F08F012B79
:10A11800FAD943783E2B26D1C378022B21D00D2BB8
:10A1280021D10379012B1ED1B0F80550C5F30015D4
:10A13800B7F80130033EB6EB132FADF80430E3D186
:10A148009DB14FF000084FF0000942464B462946A2
:10A158009DF80400FAF7C6F8044648B9002DF4D073
:10A16800D2E70125E4E70025E2E74FF4A028EAE773
:10A1780000F10C05022201A928460AF099FE228A5C
:10A18800638A61699B1AE268521A9B1A9E4203D934
:10A198002046F9F797FDB7E73246F91C28460AF03A
:10A1A80087FE21465046DBF8003003B0BDE8F04F8B
:10A1B8001847032BA8D9002200230820FAF776F8BD
:10A1C80004460028A0D00422D7F8013000F10C057D
:10A1D80028460DEB020101930AF06AFEBDF806302D
:10A1E800053E9E42D4D1228A638A61699B1AE2683D
:10A1F800521A9B1A9E42CBD83246791DCEE7032BC2
:10A2080082D9002200232020FAF750F8DFF838809E
:10A21800044698B10422D7F8013000F10C0528460D
:10A228000DEB020101930AF043FE0023C8F8003049
:10A23800BDF80630053EC3F30D03D2E7D8F8003069
:10A248000133C8F800305FE72C1F0020102208B542
:10A25800034B0120C3F84024F9F718FE002008BD7D
:10A2680000300050084B70B5C31A0D4607499B10C3
:10A2780004465943402206480EF07EF82B46014614
:10A288002046BDE870401847441F0020B76DDBB674
:10A2980074B90100402373B50B4C0093041B0B46A3
:10A2A8000D460A49A41061430646094A09480EF0BA
:10A2B8008EF8014628B130462B4602B0BDE8704002
:10A2C800184702B070BD00BF441F0020B76DDBB651
:10A2D8004584010074B901002DE9F84300220121E9
:10A2E80007460520F9F7F4F8114801F021FB044668
:10A2F800C0B901F051FB25464FF01C094FF00C087E
:10A308003E690C4909FB056009F077F9031E0CDB6F
:10A31800012308FB05661D44042DB367F0D12046D0
:10A32800BDE8F8836FF00404F9E71C46F7E700BFBF
:10A3380069A40000ECC401001FB5002201236C468B
:10A34800CDE902236B46074ACDE900440EF06FF8C9
:10A3580028B94FF480420023684603F057FB04B045
:10A3680010BD00BF6F84010010B5EFF311844023C6
:10A3780083F31288BFF36F8F074A136823F0020133
:10A38800DB07116002D401200EF056FD84F311881A
:10A39800BFF36F8F10BD00BFE41F00200C22104BCD
:10A3A800014602FB0033002030B4D3E91C52186781
:10A3B800EFF31180402484F31288BFF36F8F9C6FF2
:10A3C80004F0C00444F002049C6780F31188BFF3D2
:10A3D8006F8F1DB12B4630BC0248184730BC704700
:10A3E800441F002074B9010010B4EFF3118040221B
:10A3F80082F31288BFF36F8F17490B6843F002048A
:10A4080013F001030C601AD04FF05023D3F80C144A
:10A41800D3F80C3413F0010311D0EFF3118182F358
:10A428001288BFF36F8F0D4A936F03F0C00343F098
:10A438000203936781F31188BFF36F8F012380F3C1
:10A448001188BFF36F8F1BB1002010BCFFF7A6BFA8
:10A45800012010BC0EF0E1BCE41F0020441F0020C6
:10A46800092813D8DFE800F0051012121212121290
:10A478000E0C074B986F10F0070007D1FFF78EBF3F
:10A488000220FBE70320F9E70120F7E7704700BF48
:10A49800441F00202DE9F041012280463749D1E8C8
:10A4A800EF3FC1E8E02F0028F9D133B934493548E6
:10A4B8004B60CB608A6009F0B3F808F1FF33012BD9
:10A4C8004FD8B8F1010F07D14FF05023D3F81C34FF
:10A4D80003F00303022B44D010F0D6F8054658B118
:10A4E800EFF31186402383F31288BFF36F8F0125A2
:10A4F8004FF05024244F22E0244B1B78002BEFD040
:10A508004FF0502302220646C3F80823F0E755B35C
:10A5180030460AF01EFCD4F81835DBB2012B0ED1F8
:10A52800D4F804215AB10022C4F80421D4F8042133
:10A538000222C4F818252022C7F88021A360D4F885
:10A548001824D4F81834D203E1D503F00303022BFE
:10A5580002D0B8F1010FDAD155B186F31188BFF3F3
:10A568006F8FBDE8F0810021212010F027F9D2E794
:10A578004FF050230222C3F80423F2E7401F0020C3
:10A58800301F0020601F002000E100E0532B002056
:10A59800024B0B6001231360704700BFACC501007C
:10A5A8000048704720C501002DE9FF470023CDE989
:10A5B80001330393AB23314C8DF80430D4F82435A0
:10A5C80001205FFA83FAD4F828355FFA83F9D4F8C2
:10A5D8003035D4F834755FFA83F84FF0FF33D4F888
:10A5E8003865D4F83C55C4F82435C4F82835C4F87F
:10A5F8003035C4F83435C4F83835C4F83C3502F081
:10A608005DFABAF1FF0F08BF4FF0FF3AB9F1FF0F3B
:10A61800FFB208BF4FF0FF39B8F1FF0FF6B208BF1D
:10A628004FF0FF38FF2FEDB208BF4FF0FF37FF2E76
:10A6380008BF4FF0FF36FF2D08BF4FF0FF35C4F8B5
:10A6480024A5C4F82895C4F83085C4F83475C4F82E
:10A658003865C4F83C55044660B9014601A80DF0B8
:10A66800CBFF002808DB23200FF064FD204604B050
:10A67800BDE8F0876FF004000446F7E700B0025029
:10A688002DE9F047436805460021586B88B00EF065
:10A698001AF8041E6FDB002201212B20F8F718FF9F
:10A6A80028690EF046F86E682A693046374902F084
:10A6B80033F9041E57DBFFF777FF0446002852D111
:10A6C8009F234FF0030A05AF0590014678600DF10E
:10A6D800080938460DF10C08CDF80C90CDF810A0FB
:10A6E8008DF81430CDF81C800DF086FF041E3ADB7F
:10A6F8005246494606F1300011F038F80446002861
:10A708003FD16A68537F023B012B38D9167F023E3E
:10A71800022E8CBF002601260DF0B1FF002833DB86
:10A72800C2B2C0F38010B0421DD00023012182F0D4
:10A738004002CDE90413ADF80430BB608DF8042065
:10A74800384601AA03928DF81410CDF818800DF040
:10A7580053FF044638B90DF092FF041E01DBE307EE
:10A76800F9D404EAE47428460DF028FF02F0C2F98F
:10A7780008B102F0AFF9204608B0BDE8F08701261D
:10A78800CAE76FF01204EEE70446ECE7F58501002E
:10A798007FB505460E4609F097FE0446002842D1CB
:10A7A80028690DF09FFF28690DF0C3FF66B1012EDF
:10A7B80025D06FF0850428460DF000FF286903F0C6
:10A7C800F1F8204604B070BD6E6802F01FF901462A
:10A7D80030BBB92301A80191C0E901118DF80430FB
:10A7E8000DF00AFF041EE6DB0A200FF0A3FC02F0BE
:10A7F80029F90121706B0DF066FF0446DBE76E68EE
:10A808002146706B0DF05FFF041ED4DB30462A69C9
:10A81800064902F081F8041ECDDBFFF7C5FEECE720
:10A828006FF00F04C7E76FF00F04CAE7F585010062
:10A83800024B0B6001231360704700BFE81F002024
:10A8480000487047B4C5010010B5012206481146FA
:10A858000FF0EEFD0EF02CFE044C20600EF025FEED
:10A868006060002010BD00BFF01F0020E81F00201E
:10A8780070B50C4615460EF018FE294606462046C9
:10A888000EF009F900B3B4FBF6F306FB1343DBB98A
:10A89800B5FBF6F306FB1353B3B9AE4212D84FF02B
:10A8A800FF324FF0FF330A4803F0B0F80EF0FDFD19
:10A8B8000646204601F096FDAD1B3444F9D1044804
:10A8C80003F070F8002070BD6FF01500FBE700BFC3
:10A8D800F01F0020F8B50E461946304617461D46AB
:10A8E8000EF0D9F810B346EA050414F003041DD19C
:10A8F8000DB90020F8BD4FF0FF324FF0FF330D487F
:10A9080003F084F825F00305A54206EB040008D1FE
:10A91800094AD2F80034DB07FBD5064803F042F8B1
:10A92800E7E7395901F078FD0434EDE76FF01500D9
:10A93800E0E700BFF01F00200090035070B54668A4
:10A948000546B06890B10EF049FD014670B9B0688F
:10A9580001F008FA044678B902460949B0680EF0D1
:10A9680027FD224605210D20F8F7B2FD2846BDE84F
:10A978007040044909F0D1BD6FF0040070BD00BFFC
:10A9880011AB0000858B01002DE9F04340F206363B
:10A998004768D00648BF4FF0030C3B7C02EA060626
:10A9A80058BFC2F3401C87B001F01F05B6F5837F7E
:10A9B800144645EA43158DF803C043D00DD8062E3A
:10A9C80016D005D8A6B1022E3ED06FF0150036E09D
:10A9D800B6F5807FF9D101260AE040F202229642BC
:10A9E80034D0B6F5407F33D0B6F5007FEDD10226DE
:10A9F80022032FD501237A688B409360B86890BBF7
:10AA080005F01F036D092CD0012D75D13C4A02EBCE
:10AA18008302C4F30043D2F8001283F00103C4F3A5
:10AA2800404444EA430421F4706144EA8C0421F070
:10AA38000F0144EA06230B43C2F80032002007B096
:10AA4800BDE8F0830726D3E70426D1E70526CFE73C
:10AA58000326CDE7630341BF01237A688B40D360A7
:10AA6800CCE7284AD3E729460DF102020EF0A3FCF1
:10AA780014F4403F80460CD12946B8680EF0B4FC67
:10AA8800B8F1000FDAD19DF80210B86801F09CF90E
:10AA9800D4E74FF0000901ABCDE90199CDE90439BC
:10AAA800CDF80C902946B86803AA0EF059FB484522
:10AAB800C4DB14F4003314D09DF80330C4F300440D
:10AAC80084F001048DF80E308DF80C608DF80D407F
:10AAD8004B462946B86803AA0EF0F5FB0028CFDAE2
:10AAE800ACE7CDE904330DF1030303932946B868B5
:10AAF80003AA0EF035FBF1E7803350F82330FFDE70
:10AB080000288450002584504209034670B502D0BD
:10AB1800012A17D070BD0D4E326951680029F9D04D
:10AB2800012503F01F030C689D400029F2D08A68B4
:10AB38002A4002D030464B6898472CB123682146FA
:10AB48001C46F2E7024EE7E72346F8E7B4B90100EE
:10AB580094B90100F0B544681646A068227C01F05B
:10AB68001F0587B045EA421500286CD0B6F5001FCE
:10AB780004D129460EF08AFC002055E06268607C0A
:10AB8800B6F5800F50624FF0000001AA01905060A6
:10AB980037D1B3F1007F14BF052304238DF80430A7
:10ABA8000023CDE904230393E3680DF1030723FA97
:10ABB80001F111F0010139D1B6F1A07F36D105F0CC
:10ABC8001F036A0903F1800326D0012A3ED1214AD6
:10ABD80052F82330DB0729D43A462946A0680EF0FC
:10ABE800EAFB16301AD002972946A06803AA0EF08D
:10ABF800B7FA002818DB01222946A0680EF0F6FBF8
:10AC0800BAE7B3F1C06F05D0B3F1007F14BF0123D9
:10AC18000223C3E70323C1E70F4AD9E73946A068EF
:10AC280001F0DCF80028DEDA07B0F0BD3A46294624
:10AC3800A0680EF0C0FB0028D6D19DF80310A068CC
:10AC480001F0C2F8D0E76FF08500EDE751F8233046
:10AC5800FFDE00BF002884500025845010B504464C
:10AC68000269A2B01749C2F88000002001F0AAF9D1
:10AC7800002201212A20F8F72BFC8422002101A8B8
:10AC8800646810F064FD0023012001AA61680432A1
:10AC9800D940C90744BF00FA03F142F8041C2168EF
:10ACA800D940C90748BF00FA03F103F1010348BFBF
:10ACB800D163102BEAD101A801F098F9002022B045
:10ACC80010BD00BF8D8B01002DE9F04F8A4600248E
:10ACD8004FF0010B86464F4E4F4F5048E3B29A450E
:10ACE80002D80020BDE8F08F5EF824C0CCF3C32161
:10ACF8000829CCF3080300F28180494D695C40F2D1
:10AD0800FF15AB4208BF4FF0FF33BCF1806F4FEA2D
:10AD18001C650ED2013D022D13D8DFE805F0484C22
:10AD28004F001E3D042D4CD8DFE805F054575A5DFE
:10AD38006000A5F11D0CBCF1050FF2D96FF085007C
:10AD4800D0E7C2F80C355D1C2FD05D0951D0012D1C
:10AD580057D1DFF8C8C003F01F050BFA05F5CCF88A
:10AD680008500125A9465EF8248003F01F0C18F44A
:10AD7800004F1CBF01254FF000095B093CD0012B97
:10AD880042D1034603EB8C03C8F341280902D3F8E8
:10AD980000C241EA880141EA09010CEA060C41EACD
:10ADA800450141EA0C01C3F80012013496E7C2F8E4
:10ADB8001435002508E0C2F80835C4E7C2F8103594
:10ADC800F7E7C2F824350125B3F1FF3FEDD04FF086
:10ADD8000009C8E7C2F82835B5E7C2F83035F2E708
:10ADE800C2F83435EFE7C2F83835ECE7C2F83C353D
:10ADF800A9E7DFF824C0AEE73B46C3E76FF01500CC
:10AE080070E700239B60FFDE00230CF1800C53F8F1
:10AE18002C30F8E7F0F0FCFF00258450002884501F
:10AE2800D6D701000123834070B5DC430C4AD2E831
:10AE3800EF1F01EA0405C2E8E65F002EF7D14FF4E0
:10AE4800803282400748C0F80823BFF35F8FBFF302
:10AE58006F8F03EA0100003818BF012070BD00BFE2
:10AE6800A42000200050015070B4124922F07F46FF
:10AE7800D1E90034D01AC31844F10004C1E9003400
:10AE8800A6F50013B3F5400F09D20B4B1B681A0A3D
:10AE98001B069C19094B42F10005C3E90045EFF375
:10AEA8001181402383F31288BFF36F8F70BC03F0C6
:10AEB80097BD00BF50130020A82000205813002081
:10AEC800D9B101230D4A8340D2E8EFCF4CEA030CF5
:10AED800C2E8E1CF0029F7D14FF48033084A834014
:10AEE800C2F80433074BD3E8AF3FC340DB0742BF88
:10AEF8004FF40012044BC3F800217047A42000202F
:10AF080000500150A020002000E100E00D4B18681F
:10AF1800010A0006BFF35F8F0B4BD3F804351818EE
:10AF280041F10001B3F5801F0AD2084BD3E9002391
:10AF3800904271EB030303D210F1807041F10001DC
:10AF4800704700BFA820002000500150581300206F
:10AF58002DE9F04F85B016461F4604469DF840A0DF
:10AF6800FFF760FF0190FFF7D1FFB04271EB0703D5
:10AF78005CD23B4B301A67EB0101984271F100013A
:10AF880009D36FF0150520460199FFF799FF284668
:10AF980005B0BDE8F08F334B03EB0413D3E902236C
:10AFA8009F4208BF96424ED04FF480382E4908FA87
:10AFB80004F8204626F07F4BC1F848830DF067FE61
:10AFC8004FF00309584604F15005AD00ADB205F144
:10AFD800502504F5A87305F580350293029A20F0F0
:10AFE8007F4341F82230C1F84483D1F804351F4A21
:10AFF800C01A033820F07F40904224D9286868B1ED
:10B00800D1F80435A3EB0B0020F07F40B0F5000F1A
:10B01800039318D920460DF03AFE039BBAF1000FAE
:10B02800AFD109EB030009F10109D7E7BAF1000F25
:10B03800A7D101230E4AA340D2E8EF0F1843C2E874
:10B04800E10F0029F8D107490E982301C8500F9B3A
:10B0580001EB04120025C2E90267536093E700BFC1
:10B06800010080004013002000500150FDFF7F00C8
:10B07800A02000207FB500254FF0FF304FF0FF31B2
:10B08800194C1A4B0226C4F80833C4F84833184B35
:10B09800C4F80855C3E902014FF480334FF4001295
:10B0A800C4F80433134B0121C4F804631520C3F812
:10B0B80080212A46F8F70CFA1520F8F7D9F9012368
:10B0C8000D4AA360236013600C4B0D4A0093284679
:10B0D8000023CDE90155FFF73BFF3046FFF7DAF9CA
:10B0E800284604B070BD00BF0050015003000F0097
:10B0F8004013002000E100E0A420002071AE000011
:10B10800FFFF7F002DE9F743294BD3F8042391076C
:10B118000BD5D3F8042142B10022C3F80421254AF3
:10B12800D3F80431136801331360214CD4F8043385
:10B13800DA031FD5204BD3E8EF2F22F00101C3E833
:10B14800E01F0028F7D1D30702D4D4F840318BB1DF
:10B158000025C4F84051D4F84031FFF7D7FEEFF38B
:10B16800108272B6154BD3E90267B042B94104D2D6
:10B1780082F3108803B0BDE8F0834FF0FF38D3E9BD
:10B1880000104FF0FF391D60C3E902894FF4803386
:10B19800C4F84833C4F84051D4F8403182F31088D9
:10B1A8000029E7D0009032463B4628468847E1E729
:10B1B80000500150A8200020A020002040130020AB
:10B1C80030B5431C124C85B005D08442A8BF044654
:10B1D800012CB8BF0124FFF799FE0E4B0C4DD3E9A3
:10B1E8000013401AB0F5000F0FD22218AA4228BF48
:10B1F8002A46002052180849CDE90100009143F180
:10B208000003FFF7A5FE05B030BD2A46F1E700BFF1
:10B21800FFFF7F005013002071AE000008B5FFF754
:10B2280075FE024B1B68C01A08BD00BF50130020F2
:10B23800034630B40C46DA88006802F040021979F7
:10B24800224383689C6984B1130207D501230569E9
:10B258008B402D682B4218BF82F0C062054BA44674
:10B2680030BC134002F0B07260476FF0570030BC3A
:10B27800704700BF400000062DE9F0410646002552
:10B288000F4C104FDFF840809EB12168B94213D0AF
:10B2980041450CBF4FF098614FF0E8612046FFF739
:10B2A800C7FF20B90135042D04F10804ECD1BDE82D
:10B2B800F0814FF40011F1E74FF09861EEE700BF1D
:10B2C800E4C50100B4B9010094B901002DE9F743C0
:10B2D80000244FF001082546114E30683779D0F820
:10B2E8001090836801A95B68984700280CD014DB8C
:10B2F80008FA05F31C430135042D06F10806ECD1C4
:10B30800204603B0BDE8F083D9F80020019B08FA75
:10B3180007F753403B42EED0EAE70024F0E700BFCE
:10B32800E4C5010038B5EFF31185402383F3128893
:10B33800BFF36F8F0D4C237893B90D4B984202D011
:10B348000C4B984205D10020FFF796FF00220A4BCC
:10B358001A700123212223700848002302F0C8FD37
:10B3680085F31188BFF36F8F38BD00BF52290020C5
:10B37800B4B9010094B901005129002060130020DC
:10B388002DE9F0412C4F3B782BB10020FFF774FFDB
:10B3980000284FD13870FFF799FF0446274BD3E8B0
:10B3A800EF2FC3E8E14F0029F9D1254BDFF894804E
:10B3B8001A7842BBD8F80060A64219D0224B6640E2
:10B3C8001B680BB1314698474FF0FF334FF0FF32FF
:10B3D8001E4802F0F3F91E4B1D6835B1043D2B6879
:10B3E8003146204698476D68F7E7184802F058FA42
:10B3F800C8F8004054B1BDE8F0414FF4A4720023EE
:10B40800144802F075BD00221A70F1E7EFF31186B7
:10B41800402383F31288BFF36F8F0F4B1D78012DE4
:10B4280004D128461C70FFF727FF3D7086F311886A
:10B43800BFF36F8FBDE8F08151290020DC20002088
:10B44800E8060020B0200020E0200020B4200020E2
:10B45800C82000206013002052290020054BD3E8A3
:10B46800AF3F00B10360044811B102685A400A6056
:10B4780003607047DC200020AC2000202DE9F84351
:10B48800304B1860304D31480EF029FF2E4600270A
:10B49800A846F388304613F0010F0CBF2021102175
:10B4A80041F480310DF003FC0446002844D10137F3
:10B4B800042F06F10806ECD1064607464FF00109AD
:10B4C8004FF400112846FFF7B3FE0446A0BB2B79C2
:10B4D800013709FA03F3042F46EA030605F10805C4
:10B4E800EED105461A4F1B4BC7E9013658F835000F
:10B4F8008368DB691BB30122394698470446D8B9EB
:10B508000135042DF2D1144914480FF066F80122D0
:10B51800134B12481A700023002202F0B5FC214692
:10B528002046FFF79BFFFFF7D1FE0E4BD3E8EF2F26
:10B53800C3E8E10F0029F9D12046BDE8F8836FF090
:10B548005704F9E7E0200020E4C50100B4200020FA
:10B55800D02000202DB3000089B300006013002024
:10B5680052290020DC2000204FF40071014803F02C
:10B5780057BC00BF53290020684620F007018D46BC
:10B5880001B5044802F0DAFBF8F722F8BDE80140FB
:10B5980085467047BC05002070B5374C86B0064616
:10B5A80004226946204608F008F9042805464ED1C9
:10B5B80020469DF8002002A908F0FFF89DF8003009
:10B5C800834244D19DF80130DA0719D42A4620462F
:10B5D80001A908F0F2F8042839D10025274B019970
:10B5E8001B6802A898479DF80130DB0736D46289AA
:10B5F800E3889A4202D0304602F0A0FB06B070BD44
:10B608002146E38831F80A2FBDF802509B1A9BB2F5
:10B61800AB4228BF2B46204601AA08F08EF8854287
:10B62800DBD90022204604F10A0108F0ADF870B910
:10B63800284603F08BFA0146019040B12A4620467D
:10B6480008F0BBF8854207D901980FF063FA002388
:10B65800C4E90133E360D1E70125BFE71DB10198D3
:10B668000FF058FAC3E70649BDF80220A1F10A0015
:10B6780008F08AF8BBE700BFCC050020E4200020D2
:10B68800D605002008B5F7F7FFFAF7F7E5FB0E4BEC
:10B698000E4A92E803000E4A83E8030092E803008A
:10B6A8000C4B0D4A83E8030092E803000B4B0C4A4D
:10B6B80083E8030092E803000A4B83E80300BDE82F
:10B6C800084005F0CDB900BF0C2100207003002010
:10B6D800680300200021002060030020F4200020DF
:10B6E80078030020E820002008B50DF018FB58B1B9
:10B6F800614BD3F8202A3AB90D21C3F8201A012149
:10B70800C3F81C19C3F81C290022D30003F57F03D2
:10B71800D3F80013013107D0D3F800130132D3F85E
:10B728000433202A0B60F0D10DF0F9FA002840F01C
:10B738009A800DF0F4FA40B1504B514AC3F83025C5
:10B748004FF050230122C3F858254FF47F03D3F854
:10B758003021D3F83431072A06D1023B012B9EBF92
:10B768000022484BC3F84C250DF0D9FA50B14FF0E0
:10B778005023D3F80024D10742BF0022C3F8142174
:10B78800C3F818214FF47F03D3F83021D3F83431AC
:10B79800072A09D14FF05023D3F80024D20744BF19
:10B7A8006FF00102C3F800240DF0B9FA18B1652250
:10B7B800314BC3F80C274FF47F03D3F83021D3F86B
:10B7C8003431072A16D12F4BD3F82034002B11DA45
:10B7D8004FF050230322C3F8182501229A60D3F8AA
:10B7E8000421002AFBD00022C3F804210122DA60D8
:10B7F800C3F818254FF47F03D3F83021D3F8343138
:10B80800072A20D1023B022B1DD97E221A4B1B4945
:10B81800C3F80C27C3F83C297F231B4AC2F8183108
:10B828000023C1F8043EC1F8083E01F54821C1F8DB
:10B838001031C2F82431C2F82C3102F5FF1202F59A
:10B848008052C2F8A032114AD2F88C3043F44063D7
:10B85800C2F88C300E4A0F4B1168C3F84415D269F0
:10B86800C3F84C2508BD2922034BC3F80C27032233
:10B87800C3F83C275DE700BF00400050009003502C
:10B888004400EFBE002003500020005000ED00E00F
:10B898000080FF0000600050074B090432B160309F
:10B8A80003EB00135960BFF34F8F704703EB00138E
:10B8B800C3F80816704700BF00100850014B0DF080
:10B8C80073BA00BFA1B80000014B1860704700BFF1
:10B8D8001821002010B5054B144618680DF031FAF0
:10B8E8000028A4BF2070002010BD00BF1821002030
:10B8F8000123024A8340C2F80435704700700150A2
:10B90800014B00201B6818471C210020014B1B68B5
:10B91800184700BF1C210020014B09201B6818474D
:10B928001C210020014B08201B6818471C210020FF
:10B9380010B5144C237913BB01232371124B002833
:10B94800206018BF184600F037F8D0B923680F48B0
:10B95800002B08BF184600F0B9F890B923680C48C6
:10B96800002B08BF184600F0F9F850B923680948B9
:10B97800002B08BF1846BDE8104000F063B86FF010
:10B98800770010BD1C21002009B9000021B9000072
:10B9980015B900002DB9000008B5064B1B6843B166
:10B9A8000520F7F787FD20B9BDE808400520F7F71F
:10B9B8005FBD08BD1C210020074B0246187938B925
:10B9C8001A6001221A714FF05023C3F814257047EA
:10B9D8006FF07700704700BF242100204FF05023FC
:10B9E8000022C3F80021D3F80021012208491A6077
:10B9F800096811B1C3F804237047D3F80021002A5D
:10BA0800FBD00022C3F80021D3F80031704700BFF3
:10BA1800242100204FF05023D3F80423D2070DD55A
:10BA2800D3F8002152B10022C3F80021D3F8002135
:10BA38000122C3F80823024B1B681847704700BF50
:10BA480024210020054B0246187918B91A600122F2
:10BA58001A7170476FF07700704700BF2C210020E3
:10BA68004FF050230022C3F82021D3F820210122CF
:10BA78009A61094A126822B14FF48072C3F804230C
:10BA88007047D3F82021002AFBD00022C3F82021D8
:10BA9800D3F82031704700BF2C2100204FF05023ED
:10BAA800D3F80423D2050ED5D3F820215AB10022A9
:10BAB800C3F82021D3F820214FF48072C3F808235B
:10BAC800014B1B68184770472C210020074B024682
:10BAD800187938B91A6001221A714FF05023C3F847
:10BAE800802570476FF07700704700BF3421002031
:10BAF8004FF050230022C3F82421D3F82421012237
:10BB08001A62094A126822B14FF40072C3F804237A
:10BB18007047D3F82421002AFBD00022C3F824213F
:10BB2800D3F82431704700BF342100204FF0502350
:10BB3800D3F8042392050ED5D3F824215AB1002254
:10BB4800C3F82421D3F824214FF40072C3F8082342
:10BB5800014B1B681847704734210020074B0246E9
:10BB6800187938B91A6001221A714FF05023C3F8B6
:10BB7800182570476FF07700704700BF3C21002000
:10BB88004FF0502310B5D3F818141E4C11F4803F11
:10BB9800D3F818241BD002F00302022A02D0012A8B
:10BBA80012D101224FF05023C3F818250022C3F800
:10BBB8000421D3F8042101229A602268A2B9D3F89B
:10BBC8000421002AFBD017E00DF0A6F9E9E7D3F825
:10BBD8001424D207E5D5D3F81C2402F00302013A55
:10BBE800012AF1D822681AB10222C3F8042310BD31
:10BBF800D3F80421002AFBD00022C3F80421D3F88B
:10BC08000431F4E73C210020F8B54FF0502301251A
:10BC18000026D3F80443184F04F0820404B9F8BD91
:10BC2800B4FA84F0C0F11F00830003F580739BB25F
:10BC380003F1502305FA00F2196892B224EA0204CB
:10BC48000029EBD01E601B684FF05023022AC3F86E
:10BC580008230DD1D3F81814D3F8181401F00301F0
:10BC6800012905D1C3F81825C3F804239960D5E73D
:10BC78003B68C0B29847D1E73C210020036803F035
:10BC88001F025B09026004D0012B034818BF002083
:10BC980070470248704700BF002884500025845030
:10BCA800034A4309D35C00F01F001844C0B2704730
:10BCB800DFD70100024611F0010010B50BD18B0748
:10BCC800C1F340000DD50749086A50600862003882
:10BCD80018BF012005E0044C236A13602362002B7F
:10BCE800EDD010BD0028845000258450F7B50446D7
:10BCF8000846FFF7D5FF04EB4006B38A0D46DB077D
:10BD08002AD520460DF00AFA294620460DF077F983
:10BD180050B120460DF089F90023276807EB800011
:10BD2800C0F81035C0F81035294620460DF0A6F9A0
:10BD3800002101A8B1820195FFF7A0FF019B00EB4C
:10BD48008300D0F80022064B134043F00203C0F8EA
:10BD58000032084603B0F0BD6FF01500FAE700BFE7
:10BD6800F0F0FCFF70B590F88C40054690F88D60B7
:10BD780024BB2146602214300FF0E9FC2146114B08
:10BD8800286853F836608E420ED10024C0F87C41F2
:10BD9800D0F87C3140F30730F7F76AFB01232046DF
:10BDA80085F88C30AB6770BDCBB29B0003F5807211
:10BDB8007C2B04BF845083580131E4E76FF077008F
:10BDC800F1E700BF04C6010090F88D00024B03EBB9
:10BDD80080000CF0D0BF00BFE405002010B5064B72
:10BDE80090F88D000C4603EB80000CF0AAFF0028A9
:10BDF800A4BF2070002010BDE40500202DE9F04FFD
:10BE0800804658F804AB90F88D40DAF804136A4B72
:10BE1800C9B2074653F8342050468BB041F0004170
:10BE28000DF055F9051E39DA0023CDE90833624BC8
:10BE3800E60003EBC404636808A819460093FFF7FB
:10BE480039FF331D03934FF0000B5C4B0DF12009B4
:10BE58000293029A584912F8013B0292039A02EBA4
:10BE6800D3028A5C03F0070322FA03F3DB071BD42F
:10BE78000BF10103022B4FF0010B09F10409E8D182
:10BE88004FF00041002250460DF021F9009908A812
:10BE9800FFF710FF0028D6D125F000450124002D1A
:10BEA80073D10BB0BDE8F08F454B5B440493D9F8D0
:10BEB8000060002EDCD096FAA6F6B6FA86F6049B49
:10BEC8001C7846EA44142046FFF7EAFE07EB4000D8
:10BED800818AF208C1F3820305930193012319F8BB
:10BEE800020006F0070603FA06F620EA060009F83B
:10BEF800020007A80794FFF7C1FE079A11F0100F78
:10BF080002F1800250F82260059BC6F3014623D057
:10BF18004046019A21460DF092F807A80794FFF7CA
:10BF2800ADFE079BF6B2803350F82330C3F30143CC
:10BF38009E4207D1002120460DF052F83146204696
:10BF48000DF04EF807A80794FFF798FE0122079B0B
:10BF580002FA03F30362AAE7022E14BF02210321A7
:10BF6800204605930DF03CF8059B032B03D0022EC9
:10BF780007D1012BE6D121464046019A0DF05FF822
:10BF8800E0E7032EDED1022BF4E795FAA5F3B3FA26
:10BF980083F304FA03F225EA020503F5A2725AF8BC
:10BFA800222007EB43034046B3F87C10C2F301425A
:10BFB8000DF045F873E700BF04C60100EFD7010094
:10BFC800EFD70100F8B5084D0F462C79164644B94D
:10BFD8002A20F7F74DFA012320462B712F60AE6017
:10BFE800F8BD6FF07700FBE744210020002330B54F
:10BFF8000D4A50F8234003F5A2710133102B42F883
:10C008002140F6D10023084A00F13C0103F5B2743F
:10C0180051F8045F0133102B42F82450F6D1D0F8C0
:10C028008030C2F8043330BD00A002500123024A18
:10C038008340C2F80433704700A002500123024A2B
:10C048008340C2F80833704700A00250F8B50126B3
:10C0580000270B4B0B4DD3F80C4304B9F8BD94FAE9
:10C06800A4F0B0FA80F006FA00F324EA0304064BC1
:10C0780082009F502B68002BEFD0A9689847ECE707
:10C0880000A002504421002000A10250034BD3F825
:10C098003C0410F0030018BF0120704700D0025084
:10C0A80030B587B08DF807000DF0F2F910B1234BC9
:10C0B8001B7C53BB9DF80730032B05D1FFF7E6FF28
:10C0C8000130C0B28DF807009DF80720012AD3B2CD
:10C0D8001DD0022B19D11A4D6B7B03F0FF02A3B9B7
:10C0E8000DF0D6F948B10123144C20462382A274DE
:10C0F8000DF011FA20460DF008FA01236B730223A4
:10C1080002936B680BB102A8984707B030BD0C4A80
:10C11800517B0029F9D00B498B607823C1F808338B
:10C1280000235373042302930DF0B2F918B14FF4AE
:10C138008053C1F808355368E4E700BFEC050020D8
:10C148005021002000D0025030B5964B85B0D3F86E
:10C1580004412CB100220224C3F80421D3F804219D
:10C16800D3F8082132B10022C3F80821D3F80831E6
:10C1780044F004048B4BD3F80C2132B10022C3F8ED
:10C188000C21D3F80C2144F00804D3F8102132B163
:10C198000022C3F81021D3F8103144F01004814B69
:10C1A800D3F8142132B10022C3F81421D3F8142192
:10C1B80044F02004D3F8182132B10022C3F8182122
:10C1C800D3F8183144F04004764BD3F81C2132B12F
:10C1D8000022C3F81C21D3F81C2144F08004D3F8B2
:10C1E8004C2132B10022C3F84C21D3F84C3144F42D
:10C1F800002414F040051EBF6A4BD3F81025D3F86D
:10C20800243514F0020306D0664BD3F80433C3F385
:10C2180040035B00DBB2610740F1BF80614AD2F89E
:10C228000423520740F1B980002B14BF03200120DA
:10C23800FFF736FFA0060FD55A4BD3F804339906FB
:10C248000AD50023CDE90133039320230093564BED
:10C258005B680BB1684698473DB3524BD3F804234B
:10C26800520622D540220021CDE90021D3F810251D
:10C278000392D3F82425C2F30B02103AC2F3CC027E
:10C288000292D3F828215AB1C3F82811D3F82821EB
:10C29800D3F80C2402F00D0201920D22C3F80C24ED
:10C2A800414B5B680BB16846984725032BD53D4B3E
:10C2B800D3F80423100326D50022C3F81821D3F895
:10C2C8001811C3F82821D3F828113748C3F80C21CE
:10C2D800D3F80C11C3F81021D3F810110169C1F378
:10C2E8001301C3F808150D21C3F80C140121C3F874
:10C2F80004144FF4002300934368CDE9012203920C
:10C308000BB16846984721061AD5264BD3F8042363
:10C31800120615D50022D3F80414CDE901220392A0
:10C328008022CD07009207D50122C3F804241E4BB2
:10C338005B680BB16846984701221A4BC3F804247E
:10C34800200713D5174BD3F8042311070ED5164A27
:10C3580052685AB108210091D3F810156846029125
:10C36800D3F81C35C3F3C80301939047E20612D5EE
:10C378000C4AD2F80433DB060DD50023CDE901338E
:10C388000393102300931823C2F80833064B5B6805
:10C398000BB16846984705B030BD002B3FF44AAF53
:10C3A800022045E700D002505021002001480DF03E
:10C3B800B6B800BFEC0500200022034BC3F8842563
:10C3C800C3F80425704700BF00900350044AD2F810
:10C3D8000834DB07FBD50160BFF35F8F704700BFF0
:10C3E8000090035008B5C0F30B0383B90222094B30
:10C3F800C3F88425C3F804254FF0FF320260D3F850
:10C408000024D207FBD5FFF7D7FF002008BD6FF047
:10C418000C00FBE700900350012208B5054BC3F858
:10C428008425C3F80425FFF7D1FFBDE80840FFF7CE
:10C43800C3BF00BF0090035000220121054B83F8C1
:10C448003820054BC3F808131961C3F80025C3F851
:10C45800002170476821002000B0025070B5114DCE
:10C468006C6BA4B14FF47A735C430A23B4FBF3F406
:10C478000D4ED6F800316BB995F8393053B90A200A
:10C488000CF05DFC013CF4D16FF0730008E04CF255
:10C498005034EDE795F8393003F0FF00002BF3D165
:10C4A80070BD00BF6821002000B0025010B5002206
:10C4B8000124094BC3F80045C3F800211C6028B1CA
:10C4C800FFF7CCFF20B9054B83F83840002010BD9A
:10C4D8006FF07300FBE700BF00B002506821002036
:10C4E8002DE9F0410646174698460CF0E4FF00286F
:10C4F80063D106F06043B3F1005F61D1B3075FD148
:10C50800324C94F83030012B05D043455BD194F878
:10C518003830002B57D000232D4AB8F1020F0BBF3B
:10C52800C2F81075C2F80475C2F81465C2F8086537
:10C538000CBFC2F81815C2F80C1584F839302368F6
:10C548000CBF08250425C3B994F838306BB1002214
:10C558001F4B05F1A045C3F80021012305F52C3533
:10C568002B60BDE8F041FFF779BF0120FFF79EFF80
:10C5780010F1740FEBD1BDE8F081A36823B1E66038
:10C588006161E7610020F6E7114AA6602161A761B1
:10C5980084F83080C2F800310123C2F8043394F8DB
:10C5A800382002F0FF0012B9FFF780FFEAE705F133
:10C5B800A04505F52C352B60E4E74FF0FF30DAE7AE
:10C5C8006FF00C00D7E76FF00F00D4E76821002068
:10C5D80000B00250084B9A685A621A699A629A69BE
:10C5E800DA62DA689A6032B15A691A61DA699A616C
:10C5F8000022DA60704770476821002000F01F03AE
:10C6080040090FD001280FD10A4A02EB8302D2F861
:10C618000002094B034043EA012343F00203C2F836
:10C6280000327047054AF0E70022803352F8233081
:10C63800FFDE00BF00288450F0F0FCFF0025845086
:10C6480010B50E4B0238D3F83C26D3F838360728F5
:10C6580013D8DFE800F0110F0D0B0A080604100EBE
:10C66800C871100C8871100A48710A711A0ECA70C4
:10C678001A0C8A701A0A4A700B7010BD00B002506A
:10C68800023807281FD8DFE800F0292725112321C1
:10C698001F04CB791B068A7943EA02434A7943EAA5
:10C6A80002230A7913430E4AC2F83C36CB781B069C
:10C6B8008A7843EA02434A7843EA02230A78134312
:10C6C800074AC2F8383670470023E4E70023E5E755
:10C6D8000023E6E70023EBE70023ECE70023EDE780
:10C6E80000B002500268154BFF2A08BF4FF0FF3216
:10C6F800C3F824254268FF2A08BF4FF0FF32C3F869
:10C7080028258268FF2A08BF4FF0FF32C3F830257A
:10C71800C268FF2A08BF4FF0FF32C3F83425026908
:10C72800FF2A08BF4FF0FF32C3F838254269FF2AB5
:10C7380008BF4FF0FF32C3F83C25704700B00250E5
:10C7480030B5194D8DB006AC0FCD0FC495E8030078
:10C7580084E80300154906A8D1F82435DBB2009314
:10C76800D1F82835DBB20193D1F83035DBB202932A
:10C77800D1F83435DBB20393D1F83835DBB2049302
:10C78800D1F83C35DBB20593FFF7ACFF0023C1F8C5
:10C79800003101230B60D1F80031002BFBD0684633
:10C7A800FFF7A0FF0DB030BDC8BE010000B00250B9
:10C7B80070B590F8293004461BB190F82A20002A59
:10C7C80042D16068FF2800F0A080A168FF2900F02E
:10C7D8009C80E268FF2A00F0988025690E2D40F0C1
:10C7E8009480112840F09180122940F08E800D2A03
:10C7F80040F08B806269FF2A02D00F2A40F08580C2
:10C80800A269FF2A01D0102A7FD1BBB903211120C8
:10C81800FFF7F4FEA068FFF7F1FEE068FFF7EEFE11
:10C828002069FFF7EBFE6069FF2801D0FFF7E6FEFD
:10C83800A069FF2802D00321FFF7E0FE94F82A3010
:10C8480013B9201DFFF74EFF636A314D314E6B63FC
:10C8580094F8293085F83A304FF47F03D3F8302123
:10C86800D3F83431072A04D10123C6F80833FFF777
:10C8780067FF2368C6F84035A37F617F227F9B014D
:10C8880043EAC1031343E27F43EAC213C6F84435BF
:10C898004FF47F03D3F83021D3F83431072A0FD16E
:10C8A800022B0DD094F82320D6F8443522BB43F44C
:10C8B8004033184AC2F844354FF4C063C2F84036D2
:10C8C800144994F82030D1F8002622F07F4222F053
:10C8D800FF02134394F8212043EA026394F82220CC
:10C8E80043EA426394F8232043EA0273C1F800360E
:10C8F8002B6833B9002070BD23F4003343F4803330
:10C90800D7E72B20F6F7B4FDF4E76FF01500F2E750
:10C918006821002000B0025038B50D4C94F8305012
:10C9280095B9C4E9001240B900200123C4E9020006
:10C9380084F8303084F8380038BDFFF739FF002814
:10C94800F2D06FF01500F7E76FF07700F4E700BF5B
:10C95800682100202DE9F04104460F4615460CF0E9
:10C96800AAFD002848D1DFF89C8098F830000128FB
:10C9780045D198F8383093B30123234EC6F80833CD
:10C988004FF47F03D3F83021D3F83431072A01D18B
:10C99800FFF7D6FE1FB139466078FFF771FE002712
:10C9A80088F83970C6F80071A37862781B0343EAE7
:10C9B800022322781343E27843EA4233227943EA96
:10C9C8008233627943EAC233C6F83436FFF746FD4C
:10C9D800743008D0C6F800714DB9002005E0FFF7A3
:10C9E80065FD7430C8D16FF07300BDE8F081294649
:10C9F8006078FFF725FEF0E74FF0FF30F5E76FF0BE
:10CA08000F00F2E76821002000B002501FB5002394
:10CA18000B4A02A802920DF1070211468DF8073061
:10CA2800ADF80C30FFF796FF30B99DF8073013F0DA
:10CA3800010F18BF6FF00F0005B05DF804FB00BFD1
:10CA4800050200012DE9F8431A4E2B20F6F71EFDCA
:10CA5800FFF7F2FC96F83A3033BB174BD3F82405AE
:10CA6800D3F82895C0B2D3F83085D3F83475D3F805
:10CA78003855D3F83C450CF03BFD5FFA89F00CF0D3
:10CA880037FD5FFA88F00CF033FDEDB2F8B20CF028
:10CA98002FFDFF2DE4B202D028460CF029FDFF2C13
:10CAA80002D020460CF024FD002386F83030BDE883
:10CAB800F88300BF6821002000B00250044B93F8AF
:10CAC80038300BB9FFF7F2BC6FF07700704700BF42
:10CAD8006821002008B5064B93F83030012B03D1AC
:10CAE800FFF7AAFC002008BD6FF00F00FBE700BFAE
:10CAF80068210020034B93F83000003818BF01204C
:10CB0800704700BF6821002038B505460CF0D3FCFB
:10CB1800B8BB8B0738D11F4B186818B193F8302071
:10CB2800012A34D100221C4CC4F81C15C4F8205525
:10CB380083F8392090B993F8383043B10023C4F80A
:10CB480000310123E360BDE83840FFF787BC0120CE
:10CB5800FFF7ACFC10F1740FF0D138BD042183F855
:10CB68003010C4F800210122C4F8042393F83830A7
:10CB780003F0FF001BB9FFF799FC0020EDE7E26026
:10CB8800FBE74FF0FF30E8E76FF00C00E5E76FF0E8
:10CB98000F00E2E76821002000B0025010B5224BD8
:10CBA800D3F8002192B10022204CC3F8002194F858
:10CBB800381094F8302071B90121032A84F838100C
:10CBC80005D0042A05D0022A00D1996010BD596009
:10CBD800FCE7D960FAE7032A19D0042A19D0022AF7
:10CBE80004D1012384F82030FFF7F4FCA36813B9BB
:10CBF800012384F8303094F8393003F0FF0013B97A
:10CC0800D4E900319847002384F82030DEE7022376
:10CC1800E8E7032284F82020D3F81C256262D3F8C1
:10CC2800203584F82830E1E700B002506821002060
:10CC38002DE9F0410E4617460C4D55F81C4FAC42F5
:10CC480003D16FF01200BDE8F081314654F8440C6E
:10CC5800A4F14408F4F744F930B9C7F80080404615
:10CC6800BDE8F0410CF04BBD2468E8E7A4210020A2
:10CC780010B5D0E909124A60416A00F12403116035
:10CC8800C0E909334368044603B19847054A9368E5
:10CC980033B11279062A03D9072022680249984736
:10CCA800002010BDA42100205FD501002DE9F0412E
:10CCB80007460D460B4E56F80C4FB44202D16FF0A2
:10CCC80001000AE0394654F8240CA4F12408F4F7CA
:10CCD80007F920B91DB1C5F80080BDE8F0812468C6
:10CCE800EBE700BFA421002038B5044600B3006874
:10CCF800F0B10378E3B10021FFF7D8FFD8B104F110
:10CD08001C03C4E907330D4B04F12402196903F12C
:10CD18000C00A16260621A610A609D6835B11B79D6
:10CD2800062B03D9072022680549A847002038BDEB
:10CD38006FF01500FBE76FF01000F8E7A421002062
:10CD480061D5010038B5124C0546216819B100209B
:10CD58000131216038BD242220460EF0F8FC2B68F2
:10CD68002846A3602B79237104F10C03C4E903332B
:10CD780004F11403C4E9053304F11C03C4E90733BF
:10CD880000F01AF80028E5D1236801332360E1E7B1
:10CD9800A421002038B5074D2C68013C2C6044B90B
:10CDA80000F012F821462846BDE8384024220EF04B
:10CDB800CEBC38BDA421002008B50248FFF794FF77
:10CDC800002008BD000600200148FFF751BF00BF42
:10CDD800000600200EB4431E062B33B588BF002082
:10CDE800094B05AC54F8045B53F82010074806F0CB
:10CDF8002AFB214628460194F4F788FE02B0BDE8D4
:10CE0800304003B0704700BF14C60100CACC01000F
:10CE18002DE9F04F87B017469B460446DDF840A041
:10CE280000284BD0056A35B12D6825B1AC4607B04E
:10CE3800BDE8F04F6047E36A9F4242D80026BE42F1
:10CE480003D1002007B0BDE8F08F182303FB06F8D4
:10CE5800D4F83090A26909EB08052B1D0593CAB9CF
:10CE6800686969680368B5F80CC0C91AAB680CF141
:10CE7800030E5D1E05EB0C155B4205EB4E051D40D0
:10CE880005EBCC0385680633A94228BF4FF0FF3174
:10CE98000CF001FC59F8083020460293236AB1B21D
:10CEA8009B6A01935AF8263000935BF82620059B6D
:10CEB8000CF06AFC0028C5D10136C0E76FF01500F8
:10CEC800C0E70148BEE700BF40F4FFFF10B50446C5
:10CED80090B1028D43899A4209D0084A936833B1C8
:10CEE8001279032A03D94268054904209847204645
:10CEF800BDE810400DF00EBE10BD00BFA4210020FB
:10CF080014D6010030B544898C4212D9436A013CD9
:10CF18005D882C4003EBC40359609A60BFF35B8FB4
:10CF2800426A538801335380438D0133438500207F
:10CF380030BD0148FCE700BF41F4FFFF70B4039E19
:10CF4800144658B1006A48B143B1013406D0002EE6
:10CF580004DBC46F14B1A44670BC6047014870BCC0
:10CF6800704700BF2DF8FFFF70B4039E144660B1F0
:10CF7800006A50B14BB1013407D0002E05DBD0F860
:10CF88008C4014B1A44670BC6047014870BC70471F
:10CF98002DF8FFFF2DE9FF47DDF834800E46914656
:10CFA8009A460546002876D0002974D0B8F1000FBB
:10CFB80071D001F1640738460CF050FDBAF1FF3F1B
:10CFC80049D1346E06F1500204F18000844204F025
:10CFD8001F0C07D2C4F3411152F8211021FA0CF1A9
:10CFE800C90736D4012104F07F04600952F82030C3
:10CFF80004F5806A01FA0CF104F201440B4304F0D1
:10D008007F0442F8203034666B6C4A4603930E9BCB
:10D018002946CDE901830C9B3046009353460CF01A
:10D02800BCFD384600F0BEFC2C7874B196F89C40E4
:10D038005CB1AB6A013330D1002128460CF04DFDBC
:10D04800044610B128460CF01EFD204604B0BDE889
:10D05800F0870134BAE7BAF5806FD5D3AAF58063B3
:10D068007F2B06F150010FD8580951F8204003F0E2
:10D078001F0324FA03F2D2070BD4012202FA03F3A6
:10D08800234341F82030BFE7054C384600F08AFCBE
:10D09800DBE7044CF9E7024CD7E70024D5E700BFEB
:10D0A8002DF8FFFF29F8FFFF08B583681A0C0AD18D
:10D0B800094A93682BB11279022A02D90320074939
:10D0C8009847002008BDA3F580338360180CB0FA98
:10D0D80080F04009F6E700BFA421002036D6010001
:10D0E80038B50446E8B100F1640528460CF0A6FD01
:10D0F800D4F8AC309B692BB9D4F8A040103C002C74
:10D1080003DC01E0012B05D0074C28460CF094FD08
:10D11800204638BDD4F8B4000CF088FCA0F1100407
:10D12800EDE7024CF4E700BF2EF8FFFF2DF8FFFFF4
:10D1380038B50446E8B100F1640528460CF07EFDD8
:10D14800D4F8AC309B692BB9D4F8A440103C002C1F
:10D1580003DC01E0012B05D0074C28460CF06CFDE0
:10D16800204638BDD4F8B0000CF060FCA0F11004E3
:10D17800EDE7024CF4E700BF2EF8FFFF2DF8FFFFA4
:10D188002DE9F04385B00F46904603A90D9A054650
:10D1980099460CF0F8FE0446E0B10C9E039BD5F8C6
:10D1A800B8009E42A8BF1E460168D0F808C0611AA0
:10D1B80033464A46614528BF4FF0FF310CF032FA3A
:10D1C800234642463946284600960CF07CFE05B0B8
:10D1D800BDE8F0830048FAE72EF8FFFF2DE9F04795
:10D1E8008AB00D46DDE9129716469846044620B9DE
:10D1F800944E30460AB0BDE8F0870029F8D0002BDD
:10D20800F6D00021A022C0F8C8100EF0A0FA012222
:10D2180004F1640011460DF00BF98B4BC4F8AC50C7
:10D228006667AC62E367894BC4F88030884BC4F802
:10D238008430884BC4F88830874BC4F88C30874BCF
:10D24800C4F89030864BC4F89430864BC4F89830B4
:10D25800AB693BB9002FCBD097E8070004F1A003D6
:10D2680083E80700AB69012B04D02B6A03BB6FF07E
:10D278000506BEE7D4F8AC00002800F0E080036A99
:10D28800002BF4D09B68002BF1D0984742060CD5B0
:10D298000021D4F8AC000CF0BFFC06460028A8D149
:10D2A800002121200DF08AFAE4E74307F8D5DCE7EE
:10D2B8001B69002BDBD028469847AB69012B04BFBC
:10D2C8000023286100F0010008BF6B6184F89C000E
:10D2D800AB69DBB93B7A002B00F0838009F10C03C2
:10D2E800C4F8BC30B9F1000F82D0D9F80820002A60
:10D2F80000F0A3809B68002B00F09F805A4B04939A
:10D308005A4B05935A4B06935A4B0793AB69012B1B
:10D3180007D1564B0493544B0593564B0693544BE5
:10D328000793002104F1C003C4E9303306ABC4F805
:10D33800B880022200932846019104ABFFF768FDEC
:10D34800064600287FF455AFAB693BB92B6B1B68C9
:10D35800C4F8B0302B6B9B69C4F8B430AB69012BAF
:10D3680007D12B6B9B69C4F8B0302B6B1B68C4F8D2
:10D37800B430D4F8B4000CF0F5FA2B6B1B68C3F882
:10D388002C802B6B9B69C3F82C80D5F818A0BAF1B8
:10D39800000F07D1D4F8A4300993D4F8B0305B89D2
:10D3A800534520D894F89C30C4E9004463B1002365
:10D3B8000293314B204601933523304A039400935E
:10D3C80004F108010CF0E9FBAB69002B7FF411AF05
:10D3D800042128460CF020FC074600283FF409AF3A
:10D3E80026E04B467CE74846D4F8A4100CF0BCFD78
:10D3F8000746E0B1D8F800100890411AD8F808009C
:10D408000022814228BF4FF0FF31D4F8A4304046B3
:10D418000CF041F9009701230022D4F8B00008A9C4
:10D428000CF0DFF9074618B90AF1010AB5E7144FFD
:10D4380028460CF0EAFB3E46DBE6114ED9E66FF0D3
:10D448001506D6E62DF8FFFF89D10000999C01004A
:10D45800D19D01008F9F0100CF9E0100519C0100CA
:10D4680039D10000E9D0000057D601005DD601008F
:10D47800059E01003F9C0100BD9C010063D6010090
:10D488002EF8FFFFF0B505460E46174687B0074A47
:10D4980003AC07CA84E807000C9A31460092284674
:10D4A8003A460194FFF79AFE07B0F0BDE0BE0100CE
:10D4B80038B5EFF31185402383F31288BFF36F8FDC
:10D4C800064B9C680CF06AFE85F31188BFF36F8FDA
:10D4D8002046BDE83840F6F78BB800BFC8210020C9
:10D4E80038B50A4B53F82040013053F82050A54274
:10D4F80000D838BD606830B1037EDB0701D40CF07A
:10D508001DFE0834F3E723689847FAE734C601009C
:10D51800012270B52A4B86B003201A70FFF7E0FF8E
:10D52800F6F74CFC0DF0FDFA0420FFF7D9FF254C67
:10D53800254D2646AE4204F130040FD300F076FFA5
:10D54800204CAC4226D300F085FFF4F765F91F4A5A
:10D55800938923F00103938106B070BD54F80C3C05
:10D56800059354F8103C049354F8143C039354F86E
:10D57800183C029354F81C3C019354F8203C009347
:10D5880054E90A2354E90C0100F030FD54F8303C0A
:10D598005E65CEE7D4E90A23B3F1FF3F08BFB2F1D5
:10D5A800FF3F05D052EA0301206803D10DF01FF9AF
:10D5B8003034C6E70649183001F082F9F8E700BFB1
:10D5C800532B0020DCBC0100DCBC01004814002007
:10D5D80053A70100B82370B5144E86B003FB00664C
:10D5E800134B012205930F23CDE903320023CDE924
:10D5F800013314234FF4A0720E4D0F4903FB00555D
:10D60800044602FB00110D4B3046009500F0EEFC7D
:10D61800337C2C7423F004033374094B013403EB7B
:10D62800C423EE606B6006B070BD00BF901300208D
:10D6380066D60100C821002060460020C1A2010072
:10D64800603E00207FB50020FFF74AFF294B03F515
:10D65800006282F3088883F30A88E023264C0025B9
:10D6680084F822302023E37725766576A57684F83A
:10D678002050636A43F4E023636284F82350F5F78B
:10D688005FFEF5F79FFF4FF0FF33A362E362F6F703
:10D6980081F9F6F71BF8194800F03AFDF6F770FB28
:10D6A8000120FFF71DFF0220154CFFF719FF00F0BE
:10D6B800FBFE144B4FF400625C61134B1349059356
:10D6C80001232046CDE90353CDE90155104B0095C0
:10D6D80000F08CFC0646237C204623F004032374C8
:10D6E8000DF010F82846FFF775FF31462046084A26
:10D6F800F5F746FF603E002000ED00E0D815002059
:10D7080048140020C82100206BD60100A047002043
:10D7180019D5000038B5064C064DAC4201D300209F
:10D7280038BD2046D4E901120CF03BFD1434F4E76F
:10D73800540700206807002038B5074C074DAC4255
:10D7480001D3002038BD20460CF04FFD08B91C3429
:10D75800F5E76FF01500F5E70007002054070020F3
:10D7680073B50C46EFF31181402585F31288BFF39A
:10D778006F8FC5685DB125602B68C360836901330D
:10D788008361002081F31188BFF36F8F11E052EAA3
:10D79800030603D16FF00B002560F3E7CDE9002302
:10D7A8000246083000F0A0FD18B9034B9B685B697E
:10D7B800236002B070BD00BFC82100202DE9F341ED
:10D7C800044617461E46EFF31188402383F3128858
:10D7D800BFF36F8F304BC2689B6872B18068984204
:10D7E80017D057EA060216D188F31188BFF36F8F56
:10D7F8006FF00F0002B0BDE8F08193F90E1001320E
:10D808002161C4E9023288F31188BFF36F8F0020C9
:10D81800F0E72169F3E793F90E1090F90E30994279
:10D8280030DA9942A8BF19460CF051FD0546224648
:10D838004146CDE90076194800F056FD0028E6D0AB
:10D84800EFF31186402383F31288BFF36F8FA0682C
:10D85800D0B1236821699C420AD04BB193F90E30AC
:10D868009942A8BF19466FF07F039942B8BF19467D
:10D878000CF02DFD40B1314608480CF076FF6FF0F2
:10D888000A00B7E70025D2E7002DF4D186F3118806
:10D89800BFF36F8FF3E700BFC8210020542B00208F
:10D8A800F8B583680546002B40D0234A9268934216
:10D8B8003FD1C368012B03D9013BC3600020F8BDE9
:10D8C800EFF31187402383F31288BFF36F8F016949
:10D8D80080680CF0FCFC2C68A54207D10023C5E940
:10D8E800023387F31188BFF36F8FE7E7002CF5D079
:10D8F800D4E90032002613605A60237CC4E900662C
:10D9080023F002032374A66004F118000CF0FDFF55
:10D91800AC6094F90E3020462B61C4F8B4600CF06A
:10D92800F1FE394605480CF020FFC7E76FF01500F7
:10D93800C5E74FF0FF30C2E7C8210020542B002074
:10D9480037B51146EFF31185402282F31288BFF3F1
:10D958006F8F04689CB12368426823F003039442E4
:10D96800036008BF4360012120460CF034FD0446E3
:10D9780085F31188BFF36F8F204603B030BD51EA9D
:10D988000302F5D000F10802CDE90013104629463C
:10D9980000F0AAFC0028EFD1014B9B685C69EBE71B
:10D9A800C821002070B5EFF31186402383F3128855
:10D9B800BFF36F8F0468A0421BD0D4B1D4E9003202
:10D9C800002513605A60237CC4E9005523F0020344
:10D9D8002374A56004F118000CF097FF2046C4F8E2
:10D9E800B4500CF08FFE3146BDE8704006480CF08C
:10D9F800BCBED0E902329A4218BF0133836086F375
:10DA08001188BFF36F8F70BD542B002013B5EFF34F
:10DA18001181402484F31288BFF36F8F846844B166
:10DA2800013C846081F31188BFF36F8F002002B03E
:10DA380010BD52EA030406D181F31188BFF36F8F3A
:10DA48006FF00F00F3E7CDE900230246014800F02C
:10DA58004BFCECE7542B002007B5074B4FF48062D2
:10DA6800009306494FF0FF33054800F06DF9002098
:10DA780003B05DF804FB00BF4CC60100A04F0020B6
:10DA8800001500202DE9FF4104464027534EEFF3CF
:10DA9800118887F31288BFF36F8FD4F8BC50F5B99B
:10DAA800022104F1D4000CF0CFFC002870D004F15E
:10DAB800CC050022012128460CF0B9FE0028F8D137
:10DAC80000234FF0FF3202934FF0FF334146CDE978
:10DAD8000023434804F1C40200F014FED7E7D4F849
:10DAE800C0202B689542C4F8BC3008BFC4F8C030C9
:10DAF800D4F8D43043F00203C4F8D430EB6823F0F0
:10DB0800040343F00103EB606B6888F31188BFF3EB
:10DB18006F8F28469847EFF3118887F31288BFF371
:10DB28006F8FEB68D80623F001023ED4EA60EB68F9
:10DB38009A0717D5306823F00203EB6090B10021F3
:10DB4800036878B1426895423DD10368002934D111
:10DB580072683360904200D17360002340F8083B3C
:10DB6800FFF720FFD4F8D43023F00203C4F8D430F0
:10DB7800DB0530D4D4F8BC30003B18BF012388F350
:10DB88001188BFF36F8F002B81D000F095FC7EE7E2
:10DB9800D4F8D430D90693D5C4F8D40088F31188C2
:10DBA800BFF36F8F04B0BDE8F08123F01103EB6081
:10DBB80005F11000FFF7F6FEB9E70B6073689842AD
:10DBC80008BF7160C9E701461BB11A6818461346B9
:10DBD800B7E71A46FAE70023D1E700BFEC21002097
:10DBE800542B002070B5C3680546C3F340069B0755
:10DBF8000C460DD50122002104F108000CF018FC98
:10DC080000232360054B65605A681AB9C3E90044CC
:10DC1800304670BD14605C60FAE700BFEC2100205C
:10DC2800F8B5C36804469A070E46C3F3400542D4C4
:10DC38005F0742D40B680BB983680B60E368D807A9
:10DC480042BFA36802253360376858BF012557B320
:10DC58001B4B9A68D7F8B8309A421ED10CF014FDC5
:10DC680080F00100C0B2D7F8D430D907C3F38002DE
:10DC78001CD5F2B1F8B100232360D7F8C03073B9CE
:10DC8800C7E92F4438460CF0FAFBE36843F0040375
:10DC9800E3603368A3602846F8BD0020E3E71C6012
:10DCA800C7F8C040EEE76FF0150506E06FF0120503
:10DCB80003E01B07DFD56FF00F0500233360EAE7A9
:10DCC800C8210020F8B5C368064603F00503002BF9
:10DCD8000C4614BF012700271CD0856801220021AB
:10DCE80004F110000CF0A4FB204613490CF028FCAA
:10DCF800E36843F01003E360F3685B0712D5336809
:10DD080023606BB9D5F8C03033B9C5E92F4428462C
:10DD18000CF0B5FB3846F8BD1C60C5F8C040F6E706
:10DD28003460F4E7D5F8BC302360D5F8C030C5F8C6
:10DD3800BC40002BEBD1F0E767A401000146014885
:10DD48000CF01ABC00150020F0B50446002089B07C
:10DD58000E9DC4E92F0004F1C400C4E9310004F1A8
:10DD6800CC00C4E9330055B32879002840F20110EB
:10DD780008BF0120C4F8D40000204FF0FF364FF050
:10DD8800FF37CDE90330CDE90100CDE9066720462C
:10DD98000C4B009400F090F955B1296811B1204658
:10DDA80000F014F96B791BB1A38943F00103A38137
:10DDB80020460CF01CFDC4F8B84009B0F0BD0120A5
:10DDC800D8E700BF8DDA000030B5044685B0EFF320
:10DDD8001185402282F31288BFF36F8FD0F8D420C8
:10DDE80012F0060F08D1F9B9D0F8BC0028B985F3AC
:10DDF8001188BFF36F8F15E0B1B942F004022046D5
:10DE0800C4F8D4200CF03BFB00234FF0FF32029300
:10DE18004FF0FF332946CDE90023054804F1CC0231
:10DE280000F070FC05B030BD42F00C02E7E700BF1F
:10DE3800542B002037B501900846EFF31184402198
:10DE480081F31288BFF36F8FC16811F01E0F16D1CE
:10DE580053EA020508D101A9FFF7E2FE84F311880D
:10DE6800BFF36F8F03B030BD41F00801C160019965
:10DE780010308161034900F023FD0120EEE7002006
:10DE8800ECE700BFFBA4010001460148FFF7D2BF41
:10DE980000150020F7B50C4616461D460190EFF315
:10DEA8001187402383F31288BFF36F8F08460CF065
:10DEB800D7FA55EA060309D1204601A9FFF7B0FEB3
:10DEC80087F31188BFF36F8F03B0F0BDE368324664
:10DED80043F00803E360019B0449A36204F11000C6
:10DEE8002B4600F0EDFC0120EAE700BFFBA401008F
:10DEF80001460148FFF7CEBF001500202DE9F0418B
:10DF08000546EFF31187402383F31288BFF36F8F21
:10DF18000468A0421BD0D4B1002620460CF0A7FB11
:10DF280004F118000CF0F1FCB0462046C4F8B480A7
:10DF38000CF0E8FB2C680136A54210D07CB12046D5
:10DF48000CF095FB04F118000CF0DFFCEDE787F30B
:10DF58001188BFF36F8F00263046BDE8F08139463F
:10DF680001480CF002FCF7E7542B00202DE9F3419F
:10DF78001C4652EA040307460D46164608D10846D1
:10DF8800FFF78EFC6FF00A04204602B0BDE8F0816E
:10DF9800EFF31188402383F31288BFF36F8F08468D
:10DFA800FFF77EFCCDE900643A464146064800F09A
:10DFB8009BF904460028E7D14FF0FF324FF0FF33BA
:10DFC8002846FFF7FBFBDFE7542B002010B504467B
:10DFD80008B9054B9C681F2204F17C000DF0E8FB92
:10DFE800002084F89B0010BDC82100202DE9F04FC7
:10DFF800984685B000F15803C0E91633129B0025F6
:10E0080083810423D61D26F007060374119B01EBB8
:10E01800060A0F46C0E90655514685608373C573E5
:10E028000446DDF838B0DDF84C90F4F787FF109B14
:10E03800073020F00700C4E92776C4F8A40002934B
:10E048000F9BAAEB0006CDE900B33246434639469A
:10E058002046F5F779FA0F9BC4E91A8B2367109BC2
:10E0680065656367EFF31183402282F31288BFF37B
:10E078006F8F104F3A6A3C62A26783F31188BFF32F
:10E088006F8FB9F1000F11D01F22494604F17C00AF
:10E098000DF08EFB84F89B50BB680BB1D3F8A83009
:10E0A8003046C4F8A83005B0BDE8F08F84F87C90FD
:10E0B800F2E700BFC8210020F0B5002587B005951C
:10E0C800109DDDE9127604950F9D044603950E9D7B
:10E0D80002950D9D01950C9D0095FFF787FFB6F100
:10E0E800FF3F08BFB7F1FF3F05D056EA070305D148
:10E0F80020460CF07CFB204607B0F0BD3A4633467C
:10E1080004F11800014900F0DBFBF4E753A7010014
:10E11800012310B50374838100230446C0E9273323
:10E1280000F01EFD014B9C6010BD00BFC8210020FF
:10E138006FF00A01094A9368C3F8B4100849C3F894
:10E14800B0004B6843F080534B60002383F3118881
:10E15800BFF36F8F9368D3F8B4007047C8210020CD
:10E1680000ED00E070B590F91020037C002A2FDB49
:10E17800D9062DD11A4C63F07F032246037452F856
:10E18800183FE169934207D1C0E900210860E061C6
:10E198000FE09942F8D01B68002BF5D093F90E6078
:10E1A80090F90E50AE42F4DD5968C0E900310860BC
:10E1B8005860A569954200D005B9E568A3681A7C3E
:10E1C800D20606D1DA897F2A03D9AA690AB9636116
:10E1D80070BDAB4202D0284600F0D6FA6561F7E779
:10E1E800C821002038B590F910200146002A037C88
:10E1F80004DA03F07F0303740CF04CFA0D4D2A4641
:10E2080052F8184FAB68944200D004B9EC688B42BE
:10E2180007D01A7CD20604D1DA897F2A01D9A269EB
:10E228002AB1A34202D0204600F0AEFA23466B6121
:10E2380038BD00BFC8210020B3F1FF3F08BFB2F1CD
:10E24800FF3F03D00249183000F03ABB704700BFC7
:10E2580053A70100034648B9EFF3058232B9064ACD
:10E2680051699268914201D0FFF762BF83F3118828
:10E27800BFF36F8F704700BFC821002038B5184C16
:10E28800A168E0690B68814214BF1A4600224968F8
:10E298000B605960A368E1692AB9124AC3E90021F1
:10E2A8000B60E3610AE092F90E5093F90E00854283
:10E2B80012DD5168C3E900210B605360A569094B61
:10E2C8009D4200D005B9E568A3689D4202D0284662
:10E2D80000F05AFA656138BD8A42DED01268DBE781
:10E2E800C8210020E0210020F8B5DDE906670D4BC4
:10E2F8000C46986811460C4A1060EFF311824022D0
:10E3080082F31288BFF36F8F9D6828460CF0D4F90A
:10E31800284632463B46FFF78FFF2046BDE8F840C7
:10E32800FFF706BFC8210020F4210020F8B50446F5
:10E33800EFF31187402383F31288BFF36F8F037CB9
:10E3480049B203F01F02002A0CBF0126002635D16E
:10E3580003F07F032A4D03740CF09CF92A46037CD2
:10E36800817363F07F03037452F8183FE86993429E
:10E3780007D1C4E900200460EC610DE09842F8D0B0
:10E388001B68002BF5D093F90EC08C45F6DD596853
:10E39800C4E900310C605C60AC69944200D004B9F7
:10E3A800EC68AB689C4202D0204600F0EDF96C6145
:10E3B80087F31188BFF36F8F3046F8BD9B071CD5D4
:10E3C80085680CF067F981732B689D4209D16B68E9
:10E3D800C4E900531C606C60EAE76A689A42F6D0A8
:10E3E8001B68002BF3D093F90E208A42F5DD5A689A
:10E3F800C4E9003214605C60DAE78173D8E700BFD3
:10E40800C8210020034648B9EFF3058232B9064A0D
:10E4180051699268914201D0FFF78ABE83F311884F
:10E42800BFF36F8F704700BFC8210020EFF3118141
:10E43800402383F31288BFF36F8F054B9A68D37B11
:10E44800013BD37381F31188BFF36F8F704700BF0F
:10E45800C821002070B5EFF31186402383F312889A
:10E46800BFF36F8F0F4DAB68DA7B0132DA732A4640
:10E4780052F8184F944200D004B9EC681A7CD206BE
:10E4880004D1DA897F2A01D9A2692AB19C4202D033
:10E49800204600F079F923466B613046BDE87040AC
:10E4A800FFF7D8BEC8210020024B03F11802C3E9C8
:10E4B80006227047C821002070B5EFF3118640236B
:10E4C80083F31288BFF36F8F1A4CA168E0690B6859
:10E4D800814214BF1A46002249680B605960A3683C
:10E4E800E1692AB9144AC3E900210B60E3610AE033
:10E4F80092F90E5093F90E00854216DD5168C3E972
:10E5080000210B605360A5690B4B9D4200D005B9F3
:10E51800E568A3689D4202D0284600F035F9656198
:10E528003046BDE87040FFF703BE8A42DAD0126871
:10E53800D7E700BFC8210020E0210020F8B550EA45
:10E54800010306460C4603D1FFF7B6FF0020F8BDCD
:10E55800EFF31187402383F31288BFF36F8F124DB7
:10E56800124BA8681860FFF73DFEA868234632469C
:10E578000F49183000F0A4F9AA680446137C3846FD
:10E5880043F004031374FFF7D3FDAB68D3E90A2300
:10E59800B3F1004F08BF002AD8D10CF0EBF9201ACC
:10E5A80020EAE070D3E700BFC8210020F421002052
:10E5B80053A70100014B9868704700BFC82100208D
:10E5C8002DE9F84304468789EFF31186402383F346
:10E5D8001288BFF36F8F037C190705D586F311885E
:10E5E800BFF36F8FBDE8F883D90943F0080272D1F1
:10E5F8000274A36813B120460CF054F804F1180013
:10E608000CF083F9A56D04F15808A84511D04FF016
:10E61800000975B128460CF045F805F118000CF012
:10E6280074F92846C5F8B490FFF79CFDA56DA84578
:10E63800EFD1DFF8C480D8F808309C4253D1EFF30B
:10E648000589B9F1000918BF4FF00109D8F8185029
:10E658002A4A954200D00DB9D8F80C50AB4202D0E6
:10E66800284600F091F82046C8F8145006F04EFBF2
:10E67800204600F0D9F8B9F1000F02D02048FFF782
:10E6880047FDD8F808309C4230D1EFF305836BBBC7
:10E69800A289D20711D586F31188BFF36F8F83F350
:10E6A8001188BFF36F8F0423184602DFEFF311863A
:10E6B800402383F31288BFF36F8F3046FFF738FD8E
:10E6C800FB078FD5002383F31188BFF36F8F0423D3
:10E6D800184602DF86E703F07F0343F0080303745C
:10E6E8000BF0D8FF85E74FF00009AFE786F31188F4
:10E6F800BFF36F8FE4E700BFC8210020E0210020AE
:10E70800D8150020D3B5DDE90667089CCDE9006778
:10E71800FFF7EAFD1CB1034B9B685B69236002B0FD
:10E72800D0BD00BFC8210020027C034612F01F02A2
:10E7380010D10A4988420DD00949086868B1D989B9
:10E748007F2909D893F90E20064B1B689A42B8BF57
:10E758000020704700207047104670479013002033
:10E768002C060020F82100200122044BC01A044B7B
:10E77800C0105843034B1A54704700BF901600202E
:10E78800ABAAAAAA542B002070B50C4B0C4D1E7CCA
:10E79800FFF7CAFF182303FB0655044628460CF06A
:10E7A800B4F80022074B9A553CB1621E2846BDE8D2
:10E7B80070400549D31700F083B870BDC821002008
:10E7C80090160020542B002071E7000038B5EFF3B5
:10E7D8001185402383F31288BFF36F8F0F4B104AC4
:10E7E8009C681068A04206D1FFF7CEFF85F3118818
:10E7F800BFF36F8F38BD00211B7C1160094AD35CC1
:10E80800002BF3D02046FFF78FFF0028EED0237CA3
:10E81800DB0601D1FFF732FD2046E5E7C8210020DD
:10E82800F4210020542B0020EFF31181402383F3BF
:10E838001288BFF36F8F0A4A136A834207D19B6F0E
:10E84800136281F31188BFF36F8F70471346002B53
:10E85800F7D09A6F8242F9D1826F9A67F1E700BFC9
:10E86800C8210020024B1868984208BF0020704752
:10E8780030060020034B1B680BB9FCF7CFBC002007
:10E88800704700BFFC21002030B570B10B4B5B68AE
:10E8980098420AD0036843B1D3E90421D0E904457A
:10E8A800121941EB0501C3E90421D0E900321360D4
:10E8B8005A600023C0E9003330BD00BF3006002095
:10E8C800B3F1FF3F08BFB2F1FF3F2DE9F84F04460F
:10E8D800994615461F467AD08160EFF31188402388
:10E8E80083F31288BFF36F8FB9F1000FDFF8E4A04C
:10E8F80020DBFFF7BFFFDAE90027013549F10009FE
:10E908002D1849EBE07306464FF00109C4E904539A
:10E91800AD1843EB0707FFF7A5FF0346DFF8B8E09C
:10E92800DEF804A0EBB9C4E900EACAF80040CEF862
:10E93800044028E06FF00103DAE900125B1A4FF097
:10E94800FF3161EB02025B1B62EB0902012B72F1E2
:10E958000001BCBF012300224FF00009C0E90432C6
:10E96800D9E7D3E9041CD4E904208A4270EB0C0BE4
:10E9780024DA891A5A686CEB0000C3E90410C4E968
:10E98800003214605C60FFF76DFF84420ED1134BB8
:10E998001B685BB9B9F1000F02D1FFF76BFF0646A0
:10E9A80030460BF09BFF0021FCF70AFC88F3118826
:10E9B800BFF36F8F28463946BDE8F88F521A60EBCF
:10E9C8000C005345C4E90420ADD01B68AAE7002514
:10E9D8002F46EFE7A816002030060020FC21002073
:10E9E8002DE9F047DFF8A8900246C9F800000D4667
:10E9F800FFF738FF00260027DFF898804FEAE27E0D
:10EA0800D8E9001350B1D0E9044CA2427EEB0C0ABD
:10EA18001ADAA41A6CEB0E06C0E904460024521850
:10EA280043EB0E032046C8E90023C9F800400BF069
:10EA380055FF2146FCF7C4FB85F31188BFF36F8FA0
:10EA4800BDE8F047FFF7C2BE611843EBE473C0E9C5
:10EA58000467C8E90013FFF717FF01224FF00043CE
:10EA6800C0E9042385F31188BFF36F8F8368984743
:10EA7800EFF31185402383F31288BFF36F8FD9F822
:10EA88000020121BC9F80020FFF7ECFEB6E700BF14
:10EA9800FC210020A816002010B5EFF311844023B4
:10EAA80083F31288BFF36F8FFFF7E4FE0346054A2E
:10EAB800D2E90001181841EBE37184F31188BFF320
:10EAC8006F8F10BDA816002073B50446EFF31186AA
:10EAD800402383F31288BFF36F8F8368594003EA9A
:10EAE80002050A4053400022009309496B460192EF
:10EAF8000BF0C0FEDDE9003223EA020304F10C004A
:10EB08003146A3600BF031FE284602B070BD00BF4D
:10EB180097AA01002DE9F04105460E4617460BF06D
:10EB2800B3FD30B9074B9B68D3F8A84014B9BDE8CA
:10EB3800F081054C3B46324629462046BDE8F04167
:10EB48000BF0D0BFC8210020540700200246002146
:10EB5800014B02480BF0C6BFA13301005407002047
:10EB6800014BC0F8A8307047540700200146024AFC
:10EB78000020FFF7CFBF00BFA133010001680E4A94
:10EB88000346914215D1C169A2F11022A2F1EF12F8
:10EB980091420ED18268012A0BD8C26812B101696C
:10EBA8008A4206D0586928B19B691B1A58425841B5
:10EBB80070470120704700BF55AA00FF70B50E4B83
:10EBC8009E68B6B13046FFF7D9FF044618B9F36816
:10EBD8007BB935690DB9204670BD2846FFF7CEFFD1
:10EBE80028B9EB68B34204D12E462D69F2E70446F2
:10EBF800F1E70124EFE700BF002200202DE9F041F2
:10EC0800404D06466869884600F04CF918B1002462
:10EC18002046BDE8F0812C68DCB1AC68CCB1002E90
:10EC28006AD0B8F1000F69D008FB06F7B7FBF6F613
:10EC3800B04565D1391D63D8BA0710D027F0030253
:10EC48000432EC6803E0616891420AD2A469002C9E
:10EC5800F9D1686900F030F90028D9D0D7E73A46E9
:10EC6800EFE7D4F808C0BCF1000F02D001200CF087
:10EC780076FD891A232904F120061CD80123A360F4
:10EC8800D4E90523AAB19361A3690BB162695A61FA
:10EC98000023C4E905332B69DB0703D5FFF78EFF93
:10ECA8000028E3D13A460021304634460CF04FFDA7
:10ECB800CFE7EB60E8E702F1200023182039C3E929
:10ECC800011CDC602169DFF840C0196144F800C00C
:10ECD8000E48D86101B1CB6061695961A06998613A
:10ECE80041B18B61996901B14B6101212361C4E98B
:10ECF8000121CDE7EB60F5E73446AAE74446A8E7EB
:10ED08000446A6E70022002055AA00FF669911EEE6
:10ED180070B5424E0546706900F0C4F800287BD1F2
:10ED2800002D5FD03368002B5CD0B268002A59D020
:10ED38009D4203D3726813449D4202D301200CF014
:10ED48000EFDA5F120042046FFF718FF0028F5D195
:10ED580055F8183C012BF1D155F8143C45F8180C1E
:10ED6800C3B19A68002A42D155F81C2C02F120013F
:10ED78005A680A445A6055E905321A6155F8145C14
:10ED88002B6903B1DD602046202200210CF0DFFC56
:10ED980023462C462069002836D08268002A33D1C1
:10EDA8006368426820331344636003692361D4E9CC
:10EDB8000523F2B923BB436963618269A2610BB37E
:10EDC8009C61A36903B15C61236903B1DC60202203
:10EDD80000210CF0BCFC33699B0703D5FFF7EEFE5E
:10EDE8000028ABD17069BDE8704000F065B8002319
:10EDF800D0E79361A369002BDDD062695A61DAE735
:10EE0800F360F7E7F460DCE7002BE4D1F368A36173
:10EE180003B15C61F460DEE770BD00BF0022002032
:10EE280070B50C46164E14220021054630460CF0EB
:10EE38008EFC1448706100F02DF81349134800F057
:10EE480051F8232C1BD915F003031FBF043CE41809
:10EE5800C3F10403ED182246002128460CF077FC84
:10EE6800C6E90054203CB5606C60B368084A1A6073
:10EE7800B368A2F11022A2F1EF12DA61F36070BD5B
:10EE880000220020E820002019ED000005EC000019
:10EE980055AA00FF024B1B6803B11847704700BF13
:10EEA8005C060020034B9B6803B118476FF01D00F8
:10EEB800704700BF5C060020034BDB6803B11847AE
:10EEC8006FF01D00704700BF5C060020014B1B68F7
:10EED800184700BF3C060020014B1B68184700BFBD
:10EEE80038060020024B1860024B0020196070475A
:10EEF8003C0600203806002010B50A46044619B121
:10EF0800024B00211B68984710BD00BF58C601007E
:10EF18000E4B0340B3F1607F06D1B1F5885F0CBF9B
:10EF280000206FF086007047B3F1707F0BD101F4B9
:10EF3800E043B3F5005F06D111F4E06F14BF002081
:10EF48006FF0860070476FF0860070470000C07F42
:10EF58008A42F8B506460D4600F00A8101F0FE41E6
:10EF6800B1F1C06F61D1884C22F4FF7121F0010129
:10EF7800A14222F0FF0014D004F58854A04210D01A
:10EF880022F47F7626F00306A4F57064A64208D022
:10EF980004F5A064A04204D004F57454A14240F0E2
:10EFA800EB80D1B2784E19B922F48061B14224D1F4
:10EFB80025F4FF7424F00104B44225F0FF0112D0B7
:10EFC800724EB1420FD025F47F7727F00307A6F5DC
:10EFD8007066B74207D006F5A066B14203D006F5C1
:10EFE8007456B44209D115F0FF0406D0684E44F0B7
:10EFF8000074B44204BF02460D468BB122F4FF737D
:10F0080023F00103B3F1062F06D0624B22F4FF610F
:10F0180021F00701994203D122F4807225F480750A
:10F02800954214BF00200120F8BDB1F1A06F16D1A0
:10F0380002F0FE43B3F1A06F40F0888082EA050336
:10F0480033F47E1340F0828028047FD5C5F3054051
:10F05800C2F3054290428CBF00200120E4E74E4BEA
:10F068009D4209D1A3F500439A4200F081804B4BA1
:10F0780022F47E109842D4E7B1F1407F60D102F0CB
:10F08800FE43B3F1407F5BD182EA050030F47E1481
:10F0980056D131462846FFF73BFF00286AD1404940
:10F0A80012F47C1701EA020113D0B1F1607FC2F3B8
:10F0B800054333D1D1B241F0007101F17E410339EA
:10F0C800122901D83748445C15F47C1F2DD19C4285
:10F0D800A7E7B1F1607F0AD1D3B243F0007303F11F
:10F0E8007E43033B122B4BD82F49CB5CE2E7B1F1AF
:10F0F800707F17D106F4E043B3F5005F42D10123D6
:10F10800C6F302218B4006F4E041B1F5005FDBD184
:10F118000120C6F3022600FA06F4D5E7B1F1707FA4
:10F12800D2D1F0E700242346CEE71FB9C5F3054145
:10F13800A1421DD0290403D5C5F3054098428AE7AA
:10F148001A4B9D4202D1B2F1082F6AE725F000431D
:10F1580023F47F03B3F1106F0CD102F0FE43B3F137
:10F16800106F07D11248104040F01060A84258E7CD
:10F17800012059E7002057E7002B7FF446AF4FE7FF
:10F18800002397E70023BEE70002000600130006ED
:10F19800FF000002004000060093C0040001400583
:10F1A8000000C07FF1D70100F1D701000002C003C1
:10F1B8000000FFF670B505460F480E46FFF772FED1
:10F1C800044618B16FF08F04204670BD6B69336038
:10F1D8002B7F012B0ABF022330602B77064818BF0C
:10F1E8006FF09604FFF768FE0028EDD0002CE9D0F8
:10F1F8006FF09604E8E700BF0C21002038B50C4CEE
:10F208000C48FFF74FFE65780A48FFF755FE0A4895
:10F21800FFF748FE022D08D12478E31F5C425C41C9
:10F228000548FFF749FE204638BD0024F8E700BF2F
:10F2380018220020F4200020002100202DE9F047AA
:10F24800894615461C4600F06DFD0646002851D13A
:10F25800D9F80070B7F800A00AF4E043B3F5804F7E
:10F26800BB6808BF25F0010535EA03033AD1002C35
:10F2780040D0B5F5006F40D0A5F500525542554134
:10F28800284A24F4FF7323F00103934213D026493C
:10F2980024F0FF028A420ED024F47F7020F003008D
:10F2A800A1F57061884206D001F5A0618A4202D0BA
:10F2B8001E4A934223D114F0FF0304D01C4A43F0A2
:10F2C8000073934222D02B4622465046F968FFF736
:10F2D8003FFE804670B92B46224650463969FFF7F3
:10F2E80037FEE0B96FF0840600233846C9F80030CD
:10F2F80000F050FD3046BDE8F0870125C0E704F076
:10F30800FE43B3F1407F04D12304DCD56FF08606B9
:10F31800EAE7B3F1A06FF7D0054B9C42D2E7464627
:10F32800E8E700BF000200060013000600460006DA
:10F33800FF00000238B500F0FE43B3F1407F0446F9
:10F348000D4602D06FF0860038BDFFF7E1FD0028BA
:10F35800F8D114F47C1F18D0C4F30543032B1370A1
:10F3680022D9224A2240B2F1607F31D1E4B244F07E
:10F37800007404F17E44033C122CE3D81C4A125D4D
:10F388009342DFD8202BDFD90EE0184B2340B3F18E
:10F39800607F0FD1E3B243F0007303F17E43033B78
:10F3A800122B04D9002313706FF08500CCE71149A4
:10F3B800CB5CD3E7B3F1707FF4D101F4E043B3F54C
:10F3C800005FEFD10123C1F302218B40DBB2C5E717
:10F3D800B2F1707FB6D105F4E042B2F5005FB1D169
:10F3E8000122C5F30225AA40CAE700BF0000C07F7A
:10F3F800F1D70100F1D701002DE9F3414768D0F8B2
:10F408001480044638460E460BF087FE0546E8B9D8
:10F41800FFB22FB9B8F1000F05D06FF0860515E0DF
:10F42800B8F1000FF9D0A36823F0031323F47F4346
:10F43800002BF2D14FF6F87362889A4228D8164802
:10F448002779FFF72FFD28B16FF08F05284602B006
:10F45800BDE8F08107B901A8314600F013FC054664
:10F468000D48FFF729FD10B1002DEFD1ECE7002D75
:10F47800ECD10FCCD6F800C066460FC694E807005A
:10F4880086E80700002FE1D1019BCCF81430DDE7B6
:10F498006FF08505DAE700BF0C21002010B504469F
:10F4A80050B10648FFF7FEFC20460BF06AFCBDE8A9
:10F4B80010400248FFF700BD10BD00BF0C2100201E
:10F4C80013B5044610B301A900F02CFC0446E8B9B2
:10F4D8001948FFF7E7FC0346019853B100240BF0E5
:10F4E80007FE002818BF04461348FFF7E5FC68B17B
:10F4F80009E0037F032B11D10BF0FAFD04460E48F7
:10F50800FFF7DAFC28B10CB96FF08F04204602B07F
:10F5180010BD002C08BF6FF08704F7E7022B07D156
:10F52800032303770379FF2BD8D16FF08404D6E740
:10F538006FF09604D3E700BF0C2100202DE9F041BD
:10F5480090461E46002288B0038805460F4605925D
:10F55800CDF81C803260B8F1000F65D0B8F1005FBB
:10F5680080F0A18023F0FF03B3F5E24F02D0B3F59A
:10F57800824F25D128460BF0E2FA0446002840F0D5
:10F588008680EB6883B16A8872B12B8803F44F4197
:10F59800B1F5824F02D0B1F5884F05D1DBB2222BED
:10F5A80036D02CD8122B38D03A46002308EB070166
:10F5B80012F8010B8A4243EA0003F9D1002B33D039
:10F5C800284605A9FFF718FF0446A0B9059B9B6AC2
:10F5D8006BB3059B39465A882846069206AA0292BA
:10F5E80003F1280201929A6A00925B6A42460BF084
:10F5F800C6FD044680B30598FFF750FF47E0273B58
:10F60800DBB21B2BD0D8294921FA03F3DB07CBD572
:10F618000732B8EBD20FC7D206E040F209239A426C
:10F62800F6D1B8F1400FBFD86FF086042FE06B68B1
:10F638001B0A07D1079905980BF063FB04460028BD
:10F64800C7D0D8E742463946284607AB0BF06FFDCE
:10F6580004460028EED0CEE70599069B4A88D2B921
:10F668004B804FF6F873069A9A4219D82B8805985A
:10F6780013B102889A4210D16B8813B142889A421A
:10F688000BD13146FFF796FD04460028B3D120463A
:10F6980008B0BDE8F0819A42E3D06FF08604AAE78B
:10F6A8006FF08504A7E76FF08504F0E70102000C0E
:10F6B80038B504460D46FFF7A1FD30B12A4621466C
:10F6C800BDE8384002480BF00CBE6FF0880038BD2A
:10F6D8001C2200202DE9F04F9B4600238FB0099390
:10F6E80001F0FE43B3F1806F0E46DDE9187A9146CA
:10F6F800DDF868800ED06FF08604099800F04AFBA8
:10F70800002C40F0888010B10023C8F800300FB0FA
:10F71800BDE8F08F0B464FF4807209A9FFF78EFD04
:10F7280004460028E9D1099B1B8803F4E042B2F59E
:10F73800005F1BD113F4E06F18D0384926F48072AB
:10F748008A420AD001F500718E4206D034498E42B1
:10F7580003D0A1F53F418A4208D10125C3F3022312
:10F768009D40102D0AD96FF08304C6E742F20402C7
:10F7780093423CD12B4B9E4240D10C25002FBAD04E
:10F78800AA4545D329460AA8FFF792FF0446002850
:10F79800B3D14F453AD07A19AAEB0503CDE9042332
:10F7A800CDE9029B09980DF1280ACDF8188001953A
:10F7B800CDF800A03346D0E909120BF036FD044617
:10F7C80000289AD1002D98D04F4505D13946D8F850
:10F7D800002078190BF0A2FF2A46514638460BF054
:10F7E80090FFD8F800302B44C8F8003085E742F283
:10F7F8000702934202D10B4B9E42B4D00A4B9E4261
:10F8080001D10D25BAE73A460025C5E73A46C3E7D0
:10F818006FF0890471E7204676E700BF0010C00446
:10F8280000FF4004000180040013C004002273B5E7
:10F8380003880A600092428804460D46002A00F0B8
:10F84800FF80028802F4E042B2F5804F00F0F880B1
:10F8580023F0FF03B3F5E24F02D0B3F5824F04D192
:10F8680020460BF06CF90646D0B969462046FFF7EA
:10F87800C3FD064660BB009B9B6AA3B10099204666
:10F8880001F12803D1E909120BF05BFC0646009848
:10F89800002E40F0D2802946FFF78CFC0646B8B906
:10F8A800304602B070BD63681B0A40F0BD802288F4
:10F8B800618802F4E043B3F5805F0DD0B3F5005FD3
:10F8C8000AD002F44F40B0F5824F1ED06FF0850683
:10F8D8000098FFF7E3FDE3E710460BF0E3F906466F
:10F8E8000028F5D147F201039A4220D14B08013391
:10F8F800DB0803EBC3033B330193DDE900010BF0A5
:10F9080000FA06460028B9D0E2E7B3F5E04FDDD1AA
:10F9180047F201039A42E9D022F0FF03B3F5884F7A
:10F9280015D1CB1DDB0803EB43030133E4E744F2B5
:10F9380001039A4202D1CB081033DDE722F0FF031E
:10F94800B3F5E84FEAD1CB1DDB085B00D4E7B3F58C
:10F95800EE4F67D0B3F58E4F02D1CB1DDB08CBE756
:10F9680002F44F40B0F5824F02D0B0F5884F06D16F
:10F97800D0B2422801D1CB08D7E74128EDD0B3F562
:10F98800E24FEAD0B3F5824F03D1CB1DDB085B0011
:10F99800CBE744F20D039A4224D844F201039A4279
:10F9A800DBD9A2F58042023A0B2AD6D801A353F834
:10F9B80022F000BF01FA000063F900000DFA000010
:10F9C80063F9000063F9000015FA00001DFA000051
:10F9D80063F9000063F9000025FA000063F90000EC
:10F9E80025FA000047F202039A421BD047F20403AB
:10F9F8009A42B2D140237FE74FF4A0724B09534398
:10FA0800203379E74FF4C0720B0AF8E7CB1DDB0807
:10FA1800183371E7CB1DDB081C336DE7CB1DDB0802
:10FA2800023392E7202367E7204601A90BF084FB05
:10FA3800064600283FF461AF4AE70BF097F947E71D
:10FA48006FF086062CE700BF10B51B4C1B48FFF76C
:10FA580029FA2378590744BF03F0FB0323709A0758
:10FA680005D500F0F5F8237823F002032370134836
:10FA7800FFF722FA1248FFF715FA637813B1114815
:10FA88000BF040FC002304210E486370FFF734FAA2
:10FA98000B48FFF711FA0948FFF704FA2378DB0748
:10FAA80005D50BF043FB237823F0010323700348AB
:10FAB800BDE81040FFF700BA1822002000210020FE
:10FAC800F42000201C22002070B5FFF797FB10B12E
:10FAD8000024204670BD3448FFF7E4F9044620B1FD
:10FAE8006FF08F04FFF7B0FFF3E7304D2B789E07D8
:10FAF80006D400F0A5F804462B7843F002032B70D7
:10FB08002948FFF7D9F910B1002CE9D0EAE7002C11
:10FB1800E8D12548FFF7C6F904460028E0D12B783C
:10FB2800D80706D40BF000FB04462B7843F00103FA
:10FB38002B701D48FFF7C0F90028E5D1002CD1D162
:10FB48001948FFF7AFF90028CAD117482E78FFF7F0
:10FB5800B3F90028C4D11648FFF7A4F904460028D1
:10FB6800BED16B783BB9F10705D512480BF0B7FB4E
:10FB7800022304466B700E48FFF79EF90028C3D194
:10FB8800002CAFD10848FFF78DF90028A8D12B78B1
:10FB980005485A075CBF43F004032B70FFF78CF944
:10FBA800002895D09CE700BF0021002018220020E3
:10FBB800F42000201C22002000F140420F2A30B51A
:10FBC8000CD82C241C4B04FB02331A7F022A02D1C6
:10FBD8005A69824224D06FF08B001AE06FF04043DC
:10FBE800441E9C420ED2144A00241346157F022D4F
:10FBF80002D15569854210D00134102C02F12C0233
:10FC0800F4D1E8E70D4BA2F580529A42EBD96FF098
:10FC1800870030BD6FF09600FBE72C2202FB04330F
:10FC28001A7F022AF6D11A6A501CF3D001321A62DE
:10FC380000200B60EDE700BF20220020FFDFFF3F20
:10FC48000122024B002083F8C022704720220020A6
:10FC58002DE9F0410A4C002526464FF001080327FC
:10FC68002046C4F82080277701350BF08AF8102D3C
:10FC780004F12C04F4D1002386F8C032BDE8F081E9
:10FC880020220020F8B5244D064624480F46FFF7E9
:10FC980009F995F8C0422148FFF70EF9002C34D035
:10FCA80000242B462246197FF9B13CB9022905D117
:10FCB800196A19B91979002918BF1C460132102A86
:10FCC80003F12C03EFD114B96FF08C000BE0237F04
:10FCD800022B04D1236A5A1C1CBF0133236220461D
:10FCE8000BF04FF810B100240DE01C46237F7BB9C0
:10FCF8000123237736B10A4B651BAD105D4305F12F
:10FD08008045356000203C60F8BD6FF08800EAE768
:10FD18006FF09600E7E700BF2022002000210020B6
:10FD2800A38B2EBA002370B50B60044616480D4607
:10FD3800FFF7B8F8154B144893F8C062FFF7BCF802
:10FD4800FEB11348FFF7AEF8064618B16FF08F04FE
:10FD5800204670BD20462946FFF72EFF10F18C0F74
:10FD6800044607D00A48FFF7A7F80028F0D0002C6F
:10FD7800EED1EBE706482E60FFF79EF86FF0870498
:10FD8800E6E76FF08804E3E7002100202022002046
:10FD98000C21002010B504460848FFF783F840B945
:10FDA80020460BF0A5F904460448FFF785F810B182
:10FDB8000CB96FF08F04204610BD00BF0C21002045
:10FDC80070B40A4EDCB2456844F00074B4424FEA9D
:10FDD800152503D035B970BC00F0A4B86FF08500C4
:10FDE80070BC70476FF08600FAE700BF050000029C
:10FDF800F7B5089E0D4FF5B2044645F00075486802
:10FE0800BD424FEA10200AD060B9009604F10800FC
:10FE180000F054F808B91C23236003B0F0BD6FF05C
:10FE28008500FAE76FF08600F7E700BF05000002DB
:10FE3800F7B5089E0D4FF5B2044645F000754868C1
:10FE4800BD424FEA10200AD060B9009604F10800BC
:10FE58000BF055FB08B91C23236003B0F0BD6FF00D
:10FE68008500FAE76FF08600F7E700BF050000029B
:10FE78007FB50024C0F848410F4C054600940BF0AC
:10FE8800DFF9044698B9102203AB05F59C76019377
:10FE980028463346009205F594710BF0E4F90446C0
:10FEA80028B930460BF05AFA204604B070BD2846EF
:10FEB8000BF0E5F9F8E700BF004440042DE9F041F4
:10FEC8001E46069B1746154A23F47E1393420446A2
:10FED8000D461BD10B88B3F5105F17D1A6F11002A0
:10FEE800102A17D80E4BD340DB0713D54FF4A67250
:10FEF80000210BF02CFC022384F84C313A4633469F
:10FF080029462046BDE8F041FFF7B2BF6FF08500F3
:10FF1800BDE8F0816FF08600FAE700BF0002C00379
:10FF2800010101002DE9F04323F47E16124BDDF8A0
:10FF38002C909E42DDE9077CDDE909E815D10388AC
:10FF4800B3F5105F11D1A2F11004102C11D80B4D8C
:10FF580025FA04F4E3070CD53B46CDE90989CDE938
:10FF680007CEBDE8F0430BF0A1BA6FF08500BDE8FD
:10FF7800F0836FF08600FAE70002C0030101010078
:10FF880073B50C4611461A4623880546B3F5105F2B
:10FF9800069E19D1A2F11004102C12D80C4BE34084
:10FFA800DB070ED50B4B9E420ED10024234600944E
:10FFB80000F0A4F8204685F81C41C5F8186102B085
:10FFC80070BD6FF08600FAE76FF08500F7E700BFB5
:10FFD80001010100004440042DE9F04116461F4686
:10FFE800D0F818210E4B05469A42884611D1314661
:08FFF80000F0A4F8069B04468A
:020000021000EC
:1000000098420DD8334628464246394600F0A8F8B3
:100010000020079B1C60BDE8F0816FF08500FAE7C7
:100020006FF08900F7E700BF0044400470B5008816
:10003000C8B0B0F5105F4D9E4F9D22D1A2F11000C7
:10004000102821D8134C24FA00F0C0071CD5124800
:10005000834216D105F00F00064315D1519B9D42F6
:1000600015D8529B03A81D603346009600F04AF84D
:1000700003A82B464E9A509900F072F8304648B0CB
:1000800070BD6FF08500FAE76FF08600F7E76FF05C
:100090008900F4E7010101000044400470B5184EE6
:1000A000049CB342458802D06FF0850070BDEE1D00
:1000B000B2EBD60F4FEAD60302D06FF08600F5E719
:1000C000079A934218D8089A136047F212120088D0
:1000D0009042E9D1059A5B0001339342EDD1237838
:1000E000042BEAD1B5F5807FDED10698621C00F0C2
:1000F00067F90028DAD0E0E76FF08900D6E700BFA3
:1001000000000209F8B5069F04461D4661B1164677
:10011000AFB9F0F721FA002384F8116184F8127165
:1001200084F8103184F8133145B11022294604F1C6
:10013000F0000BF0EAFA012384F81331F8BDF0F770
:100140009FFBE8E751B190F8103190F812210B4471
:1001500002F001029B1A23F00F0070470846704717
:100160002DE9F04F1E4690F8123187B090F81091AB
:100170000093002E52D0924603F00108C9F11002FC
:1001800008EB0203B342044600F5807700F2C38017
:100190000D46002A40F0B280009B002B69D194F8F4
:1001A000133104F1F009C846002B40F0C08022460C
:1001B0003946484694F81131F0F77AF80F2E40F29C
:1001C000CD80D046A6F1100323F00F031033019326
:1001D00005EB030B94F813311BB3102341464A4639
:1001E00038469844F0F77EFD1022494628460BF029
:1001F0008CFA103522463946484694F81131F0F70A
:1002000057F85D45E6D116F00F0623D184F810614A
:10021000C8461022414658460BF077FA07B0BDE8B1
:10022000F08F4146102238460BF06FFA10224946F3
:1002300028460BF06AFA103522463946484694F8AB
:100240001131F0F735F8AB4508F11008C2D116F0BE
:100250000F06DBD0019B9A445146384632460BF0DC
:1002600054FA009B84F81061002B7DD00DF1080832
:10027000CFE794F811312246394602A8F0F7AEF9DB
:1002800094F81331002B5BD1B8F1000F0CBF4FF085
:1002900010094FF011094E4529D304F1F00801E08F
:1002A0004E4524D310225146384692440BF02DFA85
:1002B0001022284602A90BF028FA94F811312246A0
:1002C000394602A8F0F78AF994F81331103E103538
:1002D000002BE5D002A9084642461023F0F702FDA4
:1002E0001022394640460BF010FA4E45DAD22EBBAA
:1002F000AB460DF1080884F810618AE7514607EB18
:10030000090092440BF001FA009B103E4E44002B72
:100310003FF445AFADE707EB0900514632460BF01D
:10032000F4F9B14484F8109107B0BDE8F08F1023C0
:100330004A4639463846F0F7D5FC38E7AB468BE7F6
:1003400002A904F1F0094A4608461023F0F7CAFC56
:100350004846102239460BF0D8F995E7002EEDD12A
:10036000AB4684F8106154E704F1F00950E700BF90
:1003700000B589B00146684600F03EF809B05DF866
:1003800004FB00BF00B591B00146684600F06CF96F
:1003900011B05DF804FB00BF30B599B00546684662
:1003A00000F02AF86946044608A800F055FA03460A
:1003B00008A928461C4300F08BF9204619B030BD2F
:1003C00070B598B005466846164600F015F83146F7
:1003D000044608A800F048F9034608A96A460846FA
:1003E0001C4300F083F9034608A928461C4300F08B
:1003F0006DF9204618B070BD38B50B68124D1BBAA8
:10040000C3614B682A461BBA83618B6804461BBADA
:100410004361CB681BBA03610B691BBAC3604B69AC
:100420001BBA83608B691BBA4360CB6901461BBA58
:100430000360F0F747FA034620461C4629461A4651
:10044000F0F760FA601E38BD5CC601002DE9F0418E
:1004500006460C46904688B0684602F1200106F137
:100460002007F0F729FD6A4669466846F0F746FC22
:1004700069463846F0F720FD3A463946384604F1D9
:100480002005F0F73BFC6A4669466846F0F736FC03
:1004900041462846F0F710FD6A4641463046F0F7DF
:1004A000F3FC2A4629466846F0F728FC2A466946A6
:1004B0006846F0F723FC69466846114AF0F71EFCCF
:1004C00069462046F0F7F8FC324621462046F0F710
:1004D00053FC324621462046F0F74EFC2246314678
:1004E0002846F0F749FC6A4629462846F0F7CCFC36
:1004F0003A4629462846F0F73FFC08B0BDE8F081AF
:100500003CC70100F0B504460D4699B02A4668463E
:100510002146F0F731FC69466846F0F7CDFC6A46A3
:10052000214608A805F1200604F12007F0F7ACFCED
:100530006A4629466846F0F7A7FC3246394610A8B5
:10054000F0F7DCFB324639463046F0F715FC314611
:100550002846F0F7B1FC6A46204608A9F0F7CEFB22
:10056000224629462846F0F707FC6A46684608A94D
:10057000F0F702FC6A4639463846F0F785FC2A4611
:10058000684608A9F0F7F8FB6A4631463046F0F7AE
:100590007BFC3A4631463046F0F7EEFB684610A940
:1005A000F0F78AFC224669462046F0F7E5FB08A9E9
:1005B00022460846F0F7E0FB10A9084608AAF0F723
:1005C00063FC3A46384610A9F0F7D6FB19B0F0BDE7
:1005D0002DE9F04105460C46904688B00A4668462B
:1005E0002946F0F7C9FB69466846F0F765FC6A469C
:1005F0002946284604F12006F0F746FC05F12007BD
:100600006A4621466846F0F73FFC32463946304696
:10061000F0F7B2FB31462046F0F74EFC2A46214661
:100620002046F0F7A9FB6A4621462046F0F7A4FBD6
:100630006A4629464046F0F79FFB4246394638460F
:10064000F0F722FC224629466846F0F795FB6A46F9
:1006500031463046F0F718FC3A4631463046F0F75E
:100660008BFB08B0BDE8F08170B504460D4690B034
:1006700004F1200600F014F9304605F1200100F0E5
:100680000FF9214608A8F0F717FC08A908460D4AFB
:10069000F0F734FB08A922460846F0F7F5FB08A955
:1006A0000846094AF0F72AFB31466846F0F704FC91
:1006B000202269460DEB0200F0F7F2FA013810B083
:1006C00070BD00BF3CC701001CC7010000F002B9AB
:1006D00038B505460C4600F0FDF805F1200004F1A0
:1006E0002001BDE8384000F0F5B800BF13462DE901
:1006F000F047B8B08946544A1946804610A8F0F72A
:10070000E1F85249024610A8F0F7FCF80746179E98
:100710004D4907EAD676C6F1010210A8F0F7F2F8C3
:10072000179C4A46E44328A918A8FFF78FFEE40F58
:1007300020A90846C4F101024FF0FE0AC7F10107E3
:1007400000F090F825466A4618A928A8FFF740FF50
:100750004FEA6A1338AA02EB830353F8A04C0AF05D
:100760001F03DC4004F0010465402A4628A918A8AC
:10077000F0F724F92A4630A920A8F0F71FF90AF16A
:10078000FF3A28A918A8FFF7BDFEBAF1FF3FD9D15B
:10079000C4F1010220A908A800F064F866406A4686
:1007A00018A928A8FFF714FF324628A918A8F0F7BF
:1007B00005F9324630A920A8F0F700F908A96A46E1
:1007C0000846F0F761FB08A9084600F09DF808A963
:1007D00008F12004084609F12002F0F755FB2046F5
:1007E00020A908AAF0F750FB08AA684618A9F0F754
:1007F0004BFB69466846F0F75FFB18AA694608A8F4
:10080000F0F742FB21466846F0F756FB08AA694616
:100810001046F0F7B1FA68460D4A08A9F0F7ACFAAD
:1008200020462021F0F750FA024608A968465442B3
:100830003C43F0F7C3F840466946064AF0F724FB0C
:10084000204638B0BDE8F0879CC60100BCC6010058
:100850001CC701007CC601000A460149FFF746BFDC
:10086000DCC6010070B588B004460D46164600216E
:10087000202268460AF06FFF0023294620222046E6
:1008800000930AF042FF2A4669466846F0F774FA78
:10089000324669462046F0F791F808B070BD00BFB7
:1008A0000B681BBAC3614B681BBA83618B681BBAA8
:1008B0004361CB681BBA03610B691BBAC3604B6908
:1008C0001BBA83608B691BBA4360CB691BBA036098
:1008D000704700BFCB691BBA03608B691BBA4360CA
:1008E0004B691BBA83600B691BBAC360CB681BBA28
:1008F00003618B681BBA43614B681BBA83610B6849
:100900001BBAC361704700BF70B50D46052498B08F
:10091000064610A8F0F7D0FA2A46684610A9F0F764
:10092000B3FA694610A8F0F7C7FA10A90846F0F71D
:10093000C3FA6A4610A908A8F0F7A6FA08A910A8F1
:10094000F0F7BAFA10A90846F0F7B6FA10A9084667
:10095000F0F7B2FA10A90846F0F7AEFA10A908AA03
:100960000846F0F791FA10A90846F0F7A5FA10A981
:100970000846F0F7A1FA10A96A4608A8F0F784FA29
:1009800008A910A8F0F798FA10A90846F0F794FA09
:10099000013C10A9F5D1084608AAF0F775FA05241C
:1009A00010A90846F0F788FA10A90846F0F784FA6B
:1009B000013CF5D110A908AA0846F0F765FA10A97C
:1009C00008A8F0F779FA08A90846F0F775FA08A917
:1009D0006A466846F0F758FA1024694610A8F0F7FE
:1009E0006BFA10A90846F0F767FA013C10A9F5D197
:1009F0002A460846F0F748FA402410A90846F0F7BE
:100A00005BFA10A90846F0F757FA013CF5D110A996
:100A10006A460846F0F738FA102410A90846F0F79D
:100A20004BFA10A90846F0F747FA013CF5D110A996
:100A30006A460846F0F728FA102410A90846F0F78D
:100A40003BFA10A90846F0F737FA013CF5D110A996
:100A5000084608AAF0F718FA2A46304610A9F0F717
:100A600013FA18B070BD00BF10B50C4C236813B159
:100A70000B4B1B682BB900F041FF30B90122084B2A
:100A80001A6001232360002010BD0138072801D916
:100A9000044810BD044B53F8200010BDE82400208A
:100AA000E4240020FE8FFFFF5CC70100BFF34F8FDF
:100AB0000549064BCA6802F4E0621343CB60BFF3FA
:100AC0004F8F00BFFDE700BF00ED00E00400FA0516
:100AD00030B44FF0FE3200250B4B0C4C0C494968EA
:100AE000C3F80024C3F80424C3F80824C3F80C2472
:100AF000C3F81024C3F81424C3F81824C3F81C2422
:100B0000C4F8005530BC0847005084500040845061
:100B100040060020024BD0E90012C3E900127047E2
:100B2000400600200B4670B58CB0064614462021C6
:100B300003AA04A81D4600F0B7F9002835D1039B8D
:100B4000202B32D14FF0FF31194800F08BFF40BB12
:100B5000002000F0B7FF00BB00942B46202206F1D6
:100B6000100004A900F096FC0446012000F0AAFF42
:100B700078B90F4800F07EFF38B9B4B9202104A835
:100B800000F04EFF20460CB070BD0A48FFF7A0FFF2
:100B9000F3E70948FFF79CFFEBE70748FFF798FFEB
:100BA000DAE70448FFF794FFD2E7044CEAE700BF16
:100BB000CC0600207CC7010094C70100FE8FFFFF18
:100BC000F0B504460E4615468FB0002859D03E4B6E
:100BD00002689A4264D00DB1002969D027464FF4CB
:100BE000A071384600F01CFF202106A805AA00F0DD
:100BF0005BF900285FD1059B202B5CD14FF0FF31C2
:100C0000324800F02FFF70BB002000F05BFF30BBCC
:100C1000002302952022019606A907F110000093F7
:100C200000F0DAFA0546012000F04CFF98B9274899
:100C300000F020FF58B9002D41D1202106A800F076
:100C4000EFFE214B3B609CB128460FB0F0BD204821
:100C5000FFF73EFFEFE71F48FFF73AFFE7E71D48C2
:100C6000FFF736FFD4E71A48FFF732FFCCE700253D
:100C7000194800F0FFFE0028E6D01548FFF728FFCE
:100C8000E2E74FF0FF31144800F0ECFE60B9134B7F
:100C90000D4A1B689342EAD005B196B10F4F9EE70B
:100CA000002528460FB0F0BD0948FFF711FFEEE719
:100CB0006FF4E045C8E7202106A800F0B1FE084D1A
:100CC000C1E76FF4E045D3E7A5BCC95ACC060020C4
:100CD0007CC7010094C70100B8060020EC24002066
:100CE000FE8FFFFF2DE9F04F83B0002B00F0C7808F
:100CF0001D4600230446884617462B608AB100290A
:100D000000F0BD80002800F085805E4B02689A42AA
:100D100044D1B7F5806F0AD95B4E304603B0BDE8C9
:100D2000F08F002876D0574B02689A4236D1A14600
:100D3000D9F838311BB1D9F83020934235D94FF06A
:100D4000FF31524800F08EFE00287CD1002000F0D8
:100D5000B9FE002873D1002309F1100A4FEAC70B2E
:100D6000424659465046009300F09AFA0646012042
:100D700000F0A8FE00285ED1444800F07BFE002869
:100D800055D11F2E1AD076B92F6044B9404800F0D3
:100D900071FE20B13F48FFF79BFE00E03E4E30461B
:100DA00003B0BDE8F08F3D4EEFE700224846114604
:100DB000FFF7B8FE06460028C1D0E6E70022484605
:100DC0001146FFF7AFFE06460028DED14FF0FF3197
:100DD0002E4800F047FE00284DD1002000F072FEA2
:100DE000002844D10023424659465046009300F063
:100DF00057FA0646012000F065FE002833D123484B
:100E000000F038FE0028BED02248FFF761FE002E19
:100E1000BAD0C8E74FF0FF311D4800F023FED8B923
:100E20001F4B1A68174B9A4211D01B4EAEE7194858
:100E3000FFF74EFEA5E71B48FFF74AFE9CE719485F
:100E4000FFF746FE87E71348FFF742FE7EE7B7F558
:100E5000806F05D90C4E99E70E48FFF739FEDFE7A2
:100E6000DFF83C9064E70F48FFF732FEC7E70D4814
:100E7000FFF72EFEB6E70748FFF72AFEADE76FF44F
:100E8000E0468CE7A5BCC95ADE8FFFFFCC060020E8
:100E9000B80600207CC70100E88FFFFFFE8FFFFF30
:100EA000EC24002094C701002DE9F047DFF89CA056
:100EB00080460D46DAF800004FF0FF31914600F011
:100EC000D1FDA8BB002000F0FDFD68BBC5B1002628
:100ED0001F4F0AE0182D2C4628BF182439462246F9
:100EE00000F09CFD2D1B26440BD01821384600F045
:100EF00027FB034608EB0600002BEBD0154C03E064
:100F00002E460024C9F800601148182100F088FD21
:100F1000012000F0D7FDA8B9DAF8000000F0AAFD22
:100F200050B92046BDE8F0870B48FFF7D1FDCDE76B
:100F30000A48FFF7CDFDC5E70848FFF7C9FD204681
:100F4000BDE8F0870448FFF7C3FDE5E7BC060020D5
:100F50002C260020FE8FFFFF94C701007CC70100F4
:100F600010B5044650B1636813F0685F05D0064AB7
:100F7000934202D000236260236010BD034B0448FB
:100F80005B689847EFE700BF2C5F5CA94006002034
:100F9000B4C70100C8B143680D4A934213D013F09F
:100FA000685F0ED0012350E8002F194640E8001C6E
:100FB0009CF0000FF7D1012AF5D0BFF35F8F00201E
:100FC000704704487047044870476FF4E04070472A
:100FD0002C5F5CA9E98FFFFFEA8FFFFF034680B11A
:100FE000426809498A420AD012F0685F05D0BFF30F
:100FF0005F8F002210461A6070470448704704480B
:1010000070476FF4E04070472C5F5CA9E98FFFFFE9
:10101000EA8FFFFF10B5044620B10023034A236086
:10102000626010BD0248FFF753FDF6E73A00003A50
:10103000DCC7010070B5184CD0F804C00568C4F8CE
:1010400004C0D0F808C0C068C4F808C0E0602560DB
:101050000868124B124A186048685860886898609F
:10106000C8680969D8601961536813F0685F05D0D2
:1010700000230C49104651601360A8470A48436892
:1010800013F0685F07D0002206492368C0E90021F9
:10109000BDE87040184770BD5C060020480600207F
:1010A0007C0600202C5F5CA9740600202DE9F04727
:1010B000044684B0A64694F81FC015464FF01008A9
:1010C000002294F81E90637F0CF1010A09EB1A29A3
:1010D00094F81CC003EB19230CEB132C6377E37E0D
:1010E00084F81CC003EB1C2394F81AC0E3760CEBC5
:1010F000132C637E84F81AC003EB1C2394F818C0E9
:1011000063760CEB132CE37D84F818C003EB1C23EF
:1011100094F816C0E3750CEB132C637D84F816C0AD
:1011200003EB1C2394F814C063750CEB132CE37CC5
:1011300084F814C003EB1C2394F812C0E3740CEB86
:10114000132C637C84F81E9003EB1C23637484F8D7
:101150001FA084F812C094F810C00E460CEB1323A5
:101160000EF8103F04AF022110462346CDE901E8F6
:10117000009200F073FE10B1BD46BDE8F08720215B
:10118000204600F001FF0028F6D12946304600F045
:10119000FDFE0028F0D11F2D15D8C5F1270323F03F
:1011A00007036E46ADEB030DC5F120050DEB0804FA
:1011B00001462A4620460AF0CEFA2946204600F08B
:1011C000E5FE38B9B5460021084600F01BFFBD46D4
:1011D000BDE8F087B546CFE7F0B589B00546DDE953
:1011E0000F46002C47D0202268460AF08EFA66B3DC
:1011F000731E022B51D921466A4626F00300204473
:1012000051F8043B1768814283EA070342F8043B24
:10121000F6D1B30719D026F003031DF80310E25CE2
:101220004A400DF803205A1C96420ED91DF80200C0
:10123000A15C023341409E420DF8021005D91DF811
:101240000310E25C4A400DF80320242200212846C6
:101250000AF081FA202269462846FFF727FF044654
:1012600010B9012300242B620821684600F022FBFC
:10127000204609B0F0BD0F46242221460AF06BFA41
:10128000202239462846FFF711FF04460028EFD1F7
:10129000012320462B6209B0F0BD0023BDE700BF4B
:1012A0002DE9F04300271D46036ABDB00133CDE9A7
:1012B0000477CDE90677CDE90877CDE90A7775D0CF
:1012C00004460E469046002D6ED02946449AFFF7FC
:1012D000EDFE002865D100221020E17F94F81EC0A9
:1012E000637F01F1010E0CEB1E2C217F03EB1C230D
:1012F00001EB13216377E37E217703EB1123A17EBA
:10130000E37601EB1321637EA17603EB1123217EAB
:10131000637601EB1321E37D217603EB1123A17D9D
:10132000E37501EB1321637DA17503EB1123217D8F
:10133000637501EB1321E37C217503EB1123A17C81
:10134000E37401EB1321637CA17403EB1123217C73
:10135000637404F1100701EB1323237484F81EC097
:1013600084F81FE02346CDE9017002211046009267
:1013700000F074FDA8B94046F10800F005FE80B900
:101380005FEA162916D080464FEA092901E0C845D0
:1013900010D0202104A800F0F9FD08F5807800287D
:1013A000F5D03DB0BDE8F08304AD94E71F203DB01B
:1013B000BDE8F083B14507D0A6EB0901C90804A830
:1013C00000F0E4FD0028ECD10CA800F0AFFD0021F6
:1013D000084600F017FE0028E3D1102212A9384673
:1013E0000AF093F9E07FA37F0138627FA3EBD0730B
:1013F0009BB2A2EBD332A377237F92B2A3EBD2337B
:10140000E077E07E9BB2A0EBD3302377A37E80B25F
:10141000A3EBD0336277627E9BB2A2EBD332A3768A
:10142000237E92B2A3EBD233E076E07D9BB2A0EBB9
:10143000D3302376A37D80B2A3EBD0336276627D76
:101440009BB2A2EBD332A375237D92B2A3EBD2332E
:10145000E075E07C9BB2A0EBD3306275A27C80B2D9
:10146000A2EBD0322375637C92B2A3EBD233E0744B
:10147000207C9BB2A0EBD330A2742074294620229A
:1014800020466374FFF712FE00288AD1236A0133D5
:10149000236286E7F0B589B005460E9E002B43D047
:1014A000684617461C460AF030F966B3731E022BD5
:1014B00044D9A646EC4626F003022244DCF800306C
:1014C0005EF8041B594096454CF8041BF6D1B3074F
:1014D00019D026F003031DF80310E25C4A400DF812
:1014E00003205A1C96420ED91DF80200A15C02335B
:1014F00041409E420DF8021005D91DF80310E25C30
:101500004A400DF803203A4669462846FFF7CEFDCB
:10151000044610B9012300242B620821684600F01C
:10152000C9F9204609B0F0BDFFF7C0FD0446002808
:10153000F7D1012320462B6209B0F0BD0023CAE792
:101540002DE9F04F8FB0BF4C00AF2378C7E9010100
:101550002BB9204600F0B2FF204601F0E9F84FF029
:10156000000BB94BBA68A3FB02231B09C7E9043B74
:10157000B44800F0FDFF8246002852D1B34C237CD2
:10158000002B40F0B3804FF47F03D3F80C2CE946D6
:10159000013200F08081D3F80C2CAB4B172AA3FB4F
:1015A00002134FEA131640F29F80FE604FF00008CE
:1015B0004E46C7F800A00622A24807F1200101F01C
:1015C00017F8002840F06A81A14BA168E568986887
:1015D00007F1200C07F1380EDCF800301F22994685
:1015E00003E0A8420ED0531C20D04B46D34013F04A
:1015F000010313BF002101311D460135884202F16C
:10160000FF32EED19348C4E902154FF00E0AFFF7FE
:101610005FFAB54600F0E2FF8A4801F08DF8002835
:10162000A6D150463C37BD46BDE8F08F0CF1040C06
:10163000E645D1D1864B4FF0180CD3E90092134602
:10164000C4E9021562464FF0000B41469C462068F3
:1016500007F1200EC0F580684FEA58184FEA880855
:10166000904528BF90465FEA980A034627D0C7E90D
:10167000063EAEF10400656800EB8A0A50F804EFFC
:101680004FEA5E0303F05533AEEB03034FEA930ECC
:101690000EF0333E03F03333734403EB131303F0C4
:1016A0000F3303EB032303EB03431B0EC3F12003B0
:1016B00082451D44E2D1D7E9063E1846656000EB3D
:1016C000C803B3F5806F1846A2EB08024BD0C6449E
:1016D000002ABFD1FB6801F1010898452060FFF4A2
:1016E0006AAFD7F800A0B54601232374BB68172B57
:1016F00040F2A18000237A697968984601EB820163
:101700008946D346FA61062249464E4800F070FFEA
:10171000CC46002840F0C580D4E902564C4BA9F1D4
:10172000040E9968FB699A461F225EF8040F03E0D5
:10173000B1420ED0531C22D020FA02F313F0010361
:1017400013BF002501351E4601368D4202F1FF32DE
:10175000EED14048C7F814A0C4E902564FF00E0A73
:10176000FFF7B6F956E763684B4580F08A8063451A
:1017700040F287800023C4F804B01846A7E709F1B7
:1017800014037345C4E90256CED15246182140468F
:101790002F4BFA61D3E900EA2368C7F81490C3F528
:1017A00080684FEA58184FEA8808884528BF88465D
:1017B0005FEA980926D0ACF10405666805EB890953
:1017C000C7F818C055F804CF4FEA5C0202F0553252
:1017D000ACEB02024FEA920C0CF0333C02F03332D5
:1017E000624402EB121202F00F3202EB022202EB11
:1017F0000242120EC2F1200216444D456660E1D14C
:10180000D7F818C003EBC803B3F5806F2360A1EBD2
:10181000080121D0C4440029C1D1FB69D7F8149034
:101820000633FB613B6900F10108984509F118098D
:10183000FFF469AFDA4600F0D1FE50463C37BD46B2
:10184000BDE8F08F5C260020ABAAAAAAB016002043
:10185000A406002000C801006368734507D2534501
:1018600005D900230022C4E900230023D2E7FB6945
:101870000F487B614FF00D0AFFF72AF900F0AEFE2A
:10188000CAE64FF480630A4823604FF00D0AFFF761
:101890001FF9B546BEE64FF4047686E68246B546A5
:1018A000B8E60546FB69AA467B6100F097FEB3E601
:1018B00000C80100890000F047B900BF3AB101EB50
:1018C000820251F8043B914240F8043BF9D1704741
:1018D00008B500F037F830B900F03EF828B9064AEC
:1018E000C2F80C0A08BD032008BD00F02DF800F076
:1018F0006DF8042008BD00BF0050845030B583B09F
:10190000FFF7E6FF044610B90B4D2B6813B12046D4
:1019100003B030BD02460146FFF752F950B96822C4
:10192000064901ABFFF7DEF920B92046044B2B60D6
:1019300003B030BD0524EAE76C26002070260020A5
:101940005AEA5A5A0020704700207047014BC3F8EA
:10195000040A70470050845010B5154800F06EF826
:1019600000B110BD134800F069F80028F9D1124CFD
:10197000204600F063F80028F3D1104B10481C609B
:1019800000F05CF80028ECD10E4800F057F8002871
:10199000E7D10D4800F052F801460028E1D100F0EF
:1019A00039F8044608B900F06FF8204610BD00BFB2
:1019B000CC060020C8060020C4060020BC0600207B
:1019C000C0060020B8060020B406002008B50B4869
:1019D00000F03EF80A4800F03BF80A4800F038F8FA
:1019E000094800F035F8094800F032F8084800F0DE
:1019F0002FF8BDE8084000F00FB800BFCC0600206B
:101A0000C8060020C4060020C0060020B80600203A
:101A1000B406002000207047704700BF09F082BE66
:101A200082B0019041B100239C461A4601980133CF
:101A3000994200F802C0F8D102B0704708B5034BD4
:101A400002681B6810689847002008BD5C060020EB
:101A500008B5034B02685B6810689847002008BD12
:101A60005C060020024B02689B681068184700BFA4
:101A70005C06002008B5034B0268DB6810689847D5
:101A8000002008BD5C06002070B5094C094D206996
:101A9000AB68984718B1084B08485B689847002125
:101AA000074AEB6811602069BDE87040184700BF25
:101AB000480600205C060020400600200CC80100FB
:101AC000D8260020F8B51A4D1A4E0446B268286987
:101AD0009047E8B9184F3B684CB1A3B1012B19D01E
:101AE000013B3B602869F36898470020F8BD43B983
:101AF0000121124AC2F800151149D1F81029002A13
:101B0000FBD101333B60F368286998470020F8BD9A
:101B10000C48F8BD0A4AD2F81039002BFBD1074A0D
:101B20006FF07E40C2F80035FFF710FF3B68D7E743
:101B3000480600205C060020D82600200040845083
:101B400000508450E98FFFFF2DE9F0410E4682B02E
:101B5000002879D000296FD0054601273D4C55E07B
:101B6000D4F80CC02068D4E901E14FEACE524B0909
:101B700080EAC05842EA502243EACC638EEA02006F
:101B80004B404FEA984E4EEA803E83EA08038CEAC7
:101B90005C1283EA0E03424011EB030E82EA90428C
:101BA0004CEB0200082EB046C4E9023228BF4FF0C9
:101BB000080815F00303C4E9001CCDE900E032D1A8
:101BC000072E3DD8032E2CD9B8F10402C5F800E049
:101BD00018D0042303F10801694411F8081C012AF4
:101BE000E9540FD003F10900684410F8080C591C9F
:101BF000032A685406D103F10A026A4412F8082C39
:101C00000233EA54B6EB0806454415D0237E002B78
:101C1000A6D118212046FFF793FC0028F9D127769A
:101C20009EE74246D6E728464246694609F06DFDE2
:101C3000B6EB08064544E9D1002002B0BDE8F081CA
:101C4000C5F800E06860DDE70029F5D0142002B097
:101C5000BDE8F081C816002031B10023013800F83A
:101C6000013F01339942FAD1704700BF01202DE9AD
:101C7000F041764C764DC4F8100800F00BFC0023C0
:101C80006A68C4F84034C4F84434C4F84834C4F82A
:101C90004C34C4F86034C4F86434C4F86834C4F80C
:101CA0006C34C4F8BC34D4F8C03402F0010223F020
:101CB0000103C4F8C034D4F8C0341A43C4F8C024B3
:101CC0002868072805D1D4F8C03423F00103C4F8EC
:101CD000C0345E4C8300D4F8C02403F01C0322F00F
:101CE0001C02C4F8C024D4F8C0241343C4F8C03480
:101CF000D4F8C03495F89C2023F00203C4F8C03413
:101D0000D4F8C03495F8341023F44053C4F8C034E8
:101D1000AE6BD4F8C074002A4FEA063202F4405287
:101D200042EA07024B4BC4F8C02408BF002309BB9A
:101D30001A68C4F800245A68C4F804249A68C4F8DD
:101D40000824DA68C4F80C24002E76D01A69012E13
:101D5000C4F810245A69C4F814246ED09A69C4F8DF
:101D60001824DB69C4F81C342868072868D00020D0
:101D7000BDE8F0810229F8D11F683146384600F0ED
:101D8000F9FCDFF8D48050B3D8F800202F4B12684C
:101D9000C3F80024D8F800205268C3F80424D8F807
:101DA00000209268C3F80824D8F80020D268C3F84D
:101DB0000C24D8F800201269C3F81024D8F80020A9
:101DC0005269C3F81424D8F800209269C3F8182483
:101DD000D8F80020D269C3F81C24BDE8F081D8F8F7
:101DE000003031461B683846C4F80034D8F800305B
:101DF0005B68C4F80434D8F800309B68C4F8083431
:101E0000D8F80030DB68C4F80C34D8F800301B690F
:101E1000C4F81034D8F800305B69C4F81434D8F82A
:101E200000309B69C4F81834D8F80030DB69C4F876
:101E30001C3400F0B5FC0028A6D12868072896D1EC
:101E40000122024BC3F87C2491E700BF005084506C
:101E5000DC2600207C270020B00600202DE9F84F6A
:101E60000024984683460F4691462D4E2D4DC022A4
:101E700021463046DDF828A009F06DFCC5F8404445
:101E8000C5F84444C5F84844C5F84C44C5F8604416
:101E9000C5F86444C5F86844C5F86C4400F0F2FA2B
:101EA0002046C5F8C04400F0F5FAC5F81048C6E968
:101EB000007B86F83490C6F838A0B8F1000F0AD03D
:101EC00001230AF102024146D20006F1A00086F881
:101ED0009C3009F01AFC102000F0C6FAFFF7C6FE8D
:101EE00040B9022F08D0072F04D01FB10E48FEF7CB
:101EF000EFFD0620BDE8F88F0B9B1A68094BC3F86D
:101F000060240B9A5268C3F864240B9A9268C3F851
:101F100068240B9AD268C3F86C24BDE8F88F00BF20
:101F2000DC2600200050845000C8010010B5044693
:101F3000C022124909F0E9FB114B6022D3F840049A
:101F40001049A060D3F84404E060D3F8480420614D
:101F5000D3F84C046061D3F86004A061D3F8640442
:101F6000E061D3F868042062D3F86C3404F13C00DB
:101F70006362BDE8104009F0C8BB00BFDC2600204A
:101F800000508450EC27002000F074BA70B51B4C50
:101F90002368072B17D0A36A06460D46B3B101206C
:101FA00000F078FAA36A2B440F2BA3621CD90123FB
:101FB00001222946304600F0C1F9034620B9104BF2
:101FC0001B6C102B16D00023184670BDE36A002B43
:101FD000E5D0012000F02CFA2368072BDFD1A36A9B
:101FE0002B440F2BA362E2D82368012B94BF00235C
:101FF0000123DDE700F01CFAE5E700BFDC26002046
:10200000EC2700202DE9F04184B0DFF85481554BD6
:10201000D8F84020544CC3F8BC24A36A06460D46A9
:1020200000AFB3B32368072B7ED1002000F000FA85
:1020300000224C4BC3F8BC2415B1D8F858302B60A3
:102040002368072B2FD000260024464DC0222146AE
:10205000454809F080FBC5F84044C5F84444C5F83C
:102060004844C5F84C44C5F86044C5F86444C5F814
:102070006844C5F86C4400F005FA2046C5F8C04431
:1020800000F008FA30461037C5F81048BD46BDE8E4
:10209000F081E36A002BCBD02368072B57D00120B7
:1020A00000F0C6F9C4E7E36A1BB901222D4BC3F85F
:1020B00024252C4B256BD3F8402403353A60D3F804
:1020C0004424AD087A60D3F84814EA1DB960616809
:1020D000D3F84C04012922F007036C46F860ADEBFD
:1020E000030D2CD129466846FFF7B6FD65B30020E5
:1020F000013D0DF1FF316D4411F8013F07F1100270
:1021000002EB830252F8102C56F82330534003435D
:1021100014BF01200020A942EED1ABB11348FEF755
:10212000D7FC1226A5468FE7012000F0B3F92368FB
:10213000002B7FF47AAF012000F07AF978E72A4685
:1021400030463946FFF7BAFB0026A5467CE701205A
:1021500000F0A0F92368072B3FF467AF9FE700BFAB
:10216000EC27002000508450DC26002000C801002D
:10217000F0B501246E4A6F4B92F85C5092F84870AB
:10218000A5428646C3F820483AD04FF4FE64C3F80F
:10219000044AD3F8084A44F47F64C3F8084A002F7D
:1021A0003AD1002D40F0BE80634B1C7C14B11C68FA
:1021B00084425ED993F8244014B15C69844269D9A1
:1021C00093F8384014B19C6A84426FD993F84C401C
:1021D0001CB1DC6B844240F28480564BC3F828EC7F
:1021E000C3F82C1C4FF40061524AD2F8003A31EA8D
:1021F0000303FAD10023C2F8081AC2F82038F0BD50
:102200004FF47664C3F8044AD3F8084A44F47F6470
:10221000C3F8084A002F43D0474BD46C1F7C17B13A
:102220001F68BC4248D293F8247017B15F69BC4262
:102230005FD293F8387017B19F6ABC4261D293F8AD
:102240004C7017B1DF6BBC4263D227460C44D46498
:10225000946D0C449465374CC4F8287DC4F82C1D4B
:10226000002DA2D0012DC4F8300CC4F8341C1BD0B2
:10227000B8E75D68254485429CD9002505EB8505B6
:1022800003EB8503556D9A68DB68161B064405FB56
:10229000036EA2E79D692544854291D90125EDE7AA
:1022A000C3F8300CC3F8341C90219DE7DD6A254447
:1022B00085428BD90225E1E75E6807EB060C644591
:1022C000B1D24FF0000C0CEB8C0C03EB8C0CDCF857
:1022D0000860DCF80CC0F71B566D274406FB0C7732
:1022E000B4E71D6C2544854288BF03257FF675AF92
:1022F000C4E79E6907EB060C64459AD24FF0010CC7
:10230000E1E7DE6A07EB060C644598D24FF0020C59
:10231000D9E71E6C07EB060C644538BF4FF0030C81
:1023200093D2D0E7C3F8300CC3F8341C5AE700BF8F
:10233000EC270020005084509C2700202DE9F84312
:10234000DFF8E4900646D9E9105C0F461446002AEF
:1023500059D1CDBBFFB1D9F8401089F8484061BBD5
:10236000D9F844307D1EB5FBF3F503FB05F545B107
:10237000B5F5803F12D230462946FFF7F9FE7F1BA4
:102380002E443A463146284809F0BFF9D9F8403082
:102390003B44C9F840300020BDE8F883D9F84440F8
:1023A0003046C4F580384146FFF7E2FEA4F580339D
:1023B000ED181F444644DBD1E3E71B48FFF7D8FE86
:1023C0000023C9F84030CBE799F8483043B129469B
:1023D0004846FFF7CDFEC9F84040BBE7002DB9D015
:1023E000ACEB0502BA4209EB0500154628BF3D4695
:1023F000314609F08AF9D9F840302E442B44C9F807
:1024000040307F1BA6E7002BE8D0D9F850308B4234
:1024100005D35B1AC9F85030002DE1D19AE7034883
:10242000FEF756FB1320B7E7EC27002000C8010099
:1024300010B50C4C216C29B128B90A48FFF798FE59
:102440000023236410BDC1F140026018002109F08F
:1024500082F9616C03482164FFF78AFE002323643C
:10246000F0E700BFEC270020014B5864704700BF25
:10247000EC2700200246024B0020C3E913217047DD
:10248000EC27002060220021014809F064B900BF58
:10249000EC270020074AD2F81039002BFBD1064B5D
:1024A0000449C2F800091870D1F81039002BFBD18B
:1024B000704700BF00508450552B00204FF47F031D
:1024C00010B4D3F8102C013221D0D3F8102CF2B96B
:1024D000D3F8142C01322BD0D3F8142C42BBD3F8F0
:1024E000182C013231D0D3F8182C72BBD3F81C2C25
:1024F000013202D0D3F81C3CA3B34FF47F03D3F8CE
:102500001C2C032101322AD0D3F81C4C08E04FF4D4
:102510007F03D3F8102C0021013210D0D3F8104CD7
:1025200001220023846001730270436010BC704775
:102530004FF47F03D3F8142C0121013202D140F271
:10254000DC54EDE7D3F8144CEAE74FF47F03D3F8FB
:10255000182C0221013202D0D3F8184CE0E740F6E3
:102560003404DDE7014810BCFEF7B2BA00C8010030
:1025700070B5037843B3D0E901520124154B90F8AC
:102580000CC0C3F8C441C3F84041C3F8C441C3F808
:102590003021D3F830118A42F7D100203F261E2186
:1025A0000422C3F82C01C3F80861C3F80011C3F872
:1025B0000C21D3F80C214CEA0202C3F80C21C3F819
:1025C0003851C3F82C4170BD0348FEF781FA0C2046
:1025D00070BD00BF0050845000C801000020034BB4
:1025E000C3F82C01C3F8C401704700BF00508450E9
:1025F0004FF0000C2DE9F84F864601244FF0FF35CF
:102600004FF03F094FF01E0804270E466046464B28
:10261000D3F8042112F00E0F53D0D3F80C21D3F8C5
:10262000301102F00302032AC3F82C01C3F8BC41A5
:10263000C3F8085169D0013242F0040AD2B2C3F89B
:102640000CA1C3F830118EF80C20CEF80810D3F886
:102650000C11D3F8302101F0030BD3F838A1C3F8E3
:10266000C441C3F84041C3F8C441C3F83021D3F892
:1026700030118A42F7D1C3F82C01C3F80891C3F88E
:102680000081C3F80C71D3F80C210CF1010C4BEA5A
:102690000202C3F80C21C3F838A1C3F82C41D3F8C7
:1026A0000421D10711D4BCF1640FB1D100221E4B1B
:1026B0001E48C3F82C21C3F8C421FEF709FA1020E4
:1026C00021E0D3F80421D207A2D5BCF1640FEDD0EC
:1026D0004FF0FF3201210020134BC3F8BC11C3F8A7
:1026E0000821D3F814213260D3F818217260D3F88E
:1026F0001C21B260D3F82021F260D3F8242132618A
:10270000D3F828317361BDE8F88F4A1C9FD049186F
:1027100040EB00028D4270EB020238BF4FF0FF31F8
:1027200000224FF0040A8AE70050845000C80100DC
:102730000A234360704700BFC368032B05D0022BF8
:1027400014D80133C3600120704783685A1C0FD02E
:1027500000224FF0FF3CDB1842EB020191420CBF1C
:1027600019466146C0E90212012070478368EFE70D
:10277000002070477F2809D851B10139022909D8B2
:1027800005497F280CBF0846002070470248704763
:1027900008467047014870470100F7000300F70042
:1027A0000129F0B407D0022900F0898000295AD00D
:1027B0007248F0BC70470022714C724B4FEAC00C5B
:1027C000C4F80015451C0CF57F04C3F8082104F576
:1027D0000444C3F80021C3F80421C3F800556A4E2D
:1027E0002468B44240F0B380196002E0002940F050
:1027F000B580D3F80021D3F80841D3F8041122435F
:10280000F4D0002C40F0B180002940F0A7800124D2
:102810005B4AC3F800150230C2F800455B4AC3F8B2
:102820000811C3F80011C3F80411C3F8000552F8E9
:102830000C00574A904240F08E80524A1C6002E0E1
:10284000002840F08B80D2F80031D2F80811D2F87D
:1028500004010B43F4D0002940F08C8000287DD186
:10286000C2F8000528E00124464BC200444E204433
:1028700002F57F02C6F8004502F50442C3F80811CC
:10288000C3F80011C3F80411C3F800053E4D1268E7
:10289000AA4260D11C6001E000285FD1D3F800217A
:1028A000D3F80811D3F804010A43F5D000295CD10C
:1028B000002853D1C3F800050020F0BC7047012563
:1028C0000022304B2E4F4FEAC00C44190CF57F010B
:1028D000C7F8005501F50441C3F80821C3F80021E9
:1028E000C3F80421C3F80045274E0968B1422ED130
:1028F0001D6000E091BBD3F80021D3F80841D3F864
:1029000004112243F6D084BB41BB01241C4AC3F806
:1029100000150230C2F800451C4AC3F80811C3F87C
:102920000011C3F80411C3F8000552F80C00184A4E
:10293000904210D1134A1C6000E078B9D2F80031FF
:10294000D2F80811D2F804010B43F6D083E7C3F89C
:10295000002510482DE7C3F80015FAE70022094BBF
:102960000D48C3F80025F0BC70470022C3F80025CD
:102970000A481EE70023C2F80035F9E70C00F10011
:102980000040845000900350005484500884FF009D
:10299000105484500600F7000200F7000100F70011
:1029A000F8B50E4B06461D68AB789B0712D56F68CD
:1029B00016F8014B29462CB90A20B847002805DB38
:1029C000204609E02046B8470028F1DAAB7843F00A
:1029D0000403AB704FF0FF30F8BD00BFA8C1010089
:1029E0000CB430B58BB004460D462022002102A85D
:1029F00008F0B1FE0223002D06948DF80A300C4B2E
:102A0000039312DB01D06B1E1C440FAA0E9902A87F
:102A10000794019200F074F815B1069B00221A7019
:102A20000BB0BDE8304002B070470024EDE700BFB6
:102A3000A3B80100242AF0B5044601D8012A40D1E8
:102A40002E4B1622F0F740FE1A5001B10C60002008
:102A5000F0BD2F463D4615F8010B2028F9D0A0F116
:102A600009060346042EF4D92B282CD02D282CD16E
:102A700001262B78BD1C302B2DD1287840F020006A
:102A8000782824D132F0100021D16B782C46102206
:102A900002350020392B82BF03F1FF3343F02003BE
:102AA000263B303B9A421AD9A0FB02040CB9C0184D
:102AB00001D346F002062F462C4617F8013B3D464F
:102AC000E8E70746C6E70026D3E70026D3E7002A53
:102AD00008BF0822DDE7002A08BF0A22D9E701B1B2
:102AE0000C60F20748BF4042B307B1D5034B222226
:102AF000F0F7EAFD1A504FF0FF30A9E70C00000094
:102B00002DE9F04F43688BB080469246009383785E
:102B10009C0740F1F98000250878002800F0F68035
:102B200025280AD04B1C019301354146009B98474C
:102B30000028C0F2E3800199EEE74E788B1C252E29
:102B40000193F1D000270A22B9463C461F2C22D817
:102B5000A6F12003102B20D8DFE803F0141F1F1A62
:102B60001F1F1F0B1F1F1F121F171F1F090044F0DD
:102B70000104019B13F8016B0193002EE6D13AE0AA
:102B800044F0020444F00404F3E744F00804F0E7DE
:102B900044F01004EDE77F2C24D8A6F13003092B74
:102BA00008D860064EBF02FB073744F0200402FB42
:102BB0000939DEE72A2E0DD161065AF8043B53D4B9
:102BC000002BA7BF44F020049946C3F1000944F04C
:102BD0002804CEE72E2E05D1630600F1978044F03D
:102BE0004004C6E76C2E2ED028D8682E32D06A2E2C
:102BF00037D04C2E35D0002F46F02003B8BF24F03C
:102C00004004A3F16502BCBF0027A4B2022A01D987
:102C1000612B2BD10AF1070A07279D4E2AF0070ADC
:102C20000AF1080A210760D506EB070B34465C451C
:102C30005DD1AE1BA9EB0709A21959E1742E98D0FA
:102C40007A2E96D0D7E7260648BF44F4007444F0A5
:102C500080048EE7E00548BF44F4007444F48074B7
:102C600087E744F4207484E71F4682E7A6F16302F5
:102C7000122A00F2D880DFE812F013004D00D600CF
:102C8000D600D600D6004D00D600D600D600D6001D
:102C9000D600E800D100D600D6001A00D600A00069
:102CA0005AF8043B012704AE8DF81030BAE75AF801
:102CB000046B784B002E08BF1E4614F0400F3046C0
:102CC00014BF39464FF0FF3108F089FD0746A9E7E8
:102CD00041462020009B984700280FDB013CA7427B
:102CE000F6D34D44A1462D1B9EE74C46F7E74146DF
:102CF00014F8010B009B9847002898DA98F80230E6
:102D000043F0040388F802304FF0FF3528460BB03B
:102D1000BDE8F08F220630D5A3052AD50AF1070AAF
:102D20002AF007039A4659685AF8080B24F0100B4A
:102D300000291FFA8BFB2FDA40424BF4806B61EBCA
:102D4000410104AC0A23224608F055FD1BF0400F58
:102D5000A0EB040200F08E802BF001049742A4B295
:102D600040F38F80002E40F08E802BF01104A4B22F
:102D70001DE05AF8040BC117D8E7E0055AF8041B08
:102D800001D40846F7E7A20547BF48B241F3C01196
:102D900008B241F3C031C9E750EA0103D1D163065B
:102DA000CFD5002FCDD124F011043A46A4B23B4632
:102DB00040F206410C4262D124E024F010040A23C0
:102DC000A4B214F0800243D014F4007117BF0AF1CA
:102DD000070A5AF8040B2AF0070292461CBF5168F2
:102DE0005AF8080B50EA01023ED124F0160B620695
:102DF0001FFA8BFB3CD5002F3AD124F017043A463A
:102E00003B46A4B221075AD4E10705D5994572DDA6
:102E1000A9EB03039F184B469B464AE044F010047D
:102E200010237826CDE7782B04D1C6F1780343F040
:102E30001003C6E741462520009B98470028FFF66F
:102E40005DAF02354146304670E608230026B8E7FC
:102E500014F480715AF8040BC4D014F400711ABF32
:102E6000C0B2114680B2BDE724F006041FFA84FB0D
:102E700004AC68E713465C46E10699D52EB90133E8
:102E8000C0E71346F8E73B46F6E70233BAE700BF70
:102E900080D6010079D60100CDE9023241462020DA
:102EA000009B98470028FFF629AF0BF1010BDDE9E5
:102EB0000232D945F0DCEB1A03EB0B055B46E10669
:102EC00027D541463020CDE90232009B98470028A3
:102ED000FFF614AFDDE902327EB901352F44791BCC
:102EE0008A4229DB144604AE94BB2A44A9EB0309A9
:102EF0001546914440E017468EE70235414630467C
:102F0000CDE90232009B98470028DDE90232E5DA7C
:102F1000F4E640F206410C42E0D014F0020F05F155
:102F20000105414614BF2B20202014F4806FCDE909
:102F3000023218BF2D20E5E7CDE902324146009B61
:102F40003020013598470028DDE90232C7DAD5E69E
:102F5000013C4146CDE90232305D009B9847002894
:102F6000DDE90232C0DAC9E641462020009B013586
:102F700098470028FFF6C2AEA9EB0503002BF3DC4F
:102F8000D9E500BF38B5044C044DAC4200D138BD82
:102F900054F8043D9847F8E70000000000000000E6
:102FA000704708B5EEF72EFAEEF73ABA836800EBF1
:102FB000C101B3F5004F2CBF51F8220031F81200C7
:102FC000704700EBC1018068B0F5004F2CBF41F89D
:102FD000223021F812307047012208B5FFF7E6FFD2
:102FE000D04008BD836800EBC101B3F5004F08D3A2
:102FF0004B681AB143F001034B60704723F00103A3
:10300000FAE74B881AB143F001034B80704723F075
:103010000103FAE753000122FFF7D3BF08B5836825
:10302000B3F5004F06D3FFF7D7FF01288CBF002070
:10303000012008BD0020FCE78368B3F5004F34BFD2
:1030400004230823C91A081AC00870478368B3F517
:10305000004F28BF0139B1FA81F0C0F11F0070475D
:103060002DE9F041174603220E460446FFF79EFF66
:103070008642054607F104080AD10122E368BA40F6
:1030800023EA0203E360002344F82830BDE8F0811E
:10309000314602222046FFF789FF06462B460146AD
:1030A0000322204644F82850FFF78BFF3346294679
:1030B0002046BDE8F0410222FFF783BF38B5044641
:1030C0000D46FFF7ABFF70B929462046FFF784FF96
:1030D00001462046FFF7BAFF294602462046BDE8D2
:1030E0003840FFF7BDBF38BD2DE9F047054689469A
:1030F000FFF7ACFF05EB800ADAF81070064677B9E7
:103100004FF0FF34EB680136B4401C4015D094FA00
:10311000A4F2B2FA82F2131D55F8234009E03C46AE
:103120004FF0030821462846FFF756FF484507D3CE
:10313000324621462846FFF793FF2046BDE8F08738
:10314000214603222846FFF731FFB8F10108044663
:10315000CAF81000D4D08742E4D1D1E72DE9F0417C
:1031600014460E460546FFF737FFA4EB0608371B4B
:103170000744424631462846FFF74CFF3A4621466F
:103180002846FFF747FF4346002221462846FFF71F
:1031900018FF21462846FFF71FFF3B462118002253
:1031A0002846BDE8F041FFF70CBF2DE9F041164677
:1031B00004460F46FFF710FF314605462046FFF74D
:1031C0000BFF05442A4639462046FFF723FF3146C8
:1031D0002046FFF701FF2B46311800222046BDE8AC
:1031E000F041FFF7EEBE2DE9F04104460D46FFF732
:1031F00015FFB8BB29462046FFF7EEFE01462046E4
:10320000FFF724FF04EB80010E6996B90122E36801
:1032100082401343E36002220D612B46294620467B
:10322000FFF7CFFE032229462046BDE8F041FFF715
:10323000C8BE022231462046FFF7B8FE07460346C5
:1032400029462046FFF7BDFE032233462946204685
:10325000FFF7B7FE39462B462046FFF7B2FE0222A3
:103260003146E1E7BDE8F08170B500295CD0056822
:1032700001222846FFF7E0FE014604462846FFF7F4
:1032800095FE104006D180F31188BFF36F8F0423A1
:10329000184602DF21462846FFF79EFE26183146D3
:1032A00000222846FFF782FE361AB44206D082F387
:1032B0001188BFF36F8F0423184602DF00222146D6
:1032C0002846FFF78FFE2146FFF786FE26180122CB
:1032D00031462846FFF76AFEC20708D43146284621
:1032E000FFF7ECFE324621462846FFF75EFF00223C
:1032F00021462846FFF75AFE261A01223146284663
:10330000FFF754FEC30709D431462846FFF7D6FE1F
:10331000224631462846FFF748FF344621462846D4
:10332000BDE87040FFF75FBF70BD70B5056809B9B3
:10333000002070BDAB6801F00704B3F5004F34BF47
:103340000422082207341444E40804EBD1049C420C
:1033500028BF1C4628462146FFF7C6FE0646002821
:10336000E6D001462846FFF737FEA04209D934448B
:10337000314628462246FFF7F1FE21462846FFF750
:1033800032FF284601223146FFF72CFEAB68B3F529
:10339000004F34BF0423082303EBC6031844C8E7D7
:1033A0001146FFF7C2BFB2F5802F34BF04230823B4
:1033B0002DE9F0410026D21A8C18CD1D25F0070505
:1033C00024F00704641BE408056021462846AC602D
:1033D000EE60FFF73BFE820002F11B07FF0831465B
:1033E000043205F1100008F0B6F93A463146284695
:1033F000FFF710FE3346324631462846FFF7E1FD1F
:10340000A4EB0708284631460122FFF7EBFD4246B0
:103410003946FFF7FFFD3B46324639462846FFF75F
:10342000D0FD21462846FFF7F5FD434632462146AA
:103430002846FFF7C6FD214628460122FFF7D2FDA8
:103440003946BDE8F041FFF7CEBE002070470FB40B
:1034500007B504A951F8040B0191EEF75BFB03B02B
:103460005DF804EB04B0704708B5EFF31183402317
:1034700083F31288BFF36F8FEFF3108372B6F0F708
:1034800023FDF0B564230446042500204FF00A0C08
:1034900011B1013D01D12570F0BDB2FBF3F79A42A5
:1034A000FEB202D2012B00D030B1303601390130EA
:1034B00004F8016BC9B2C0B203FB1722B3FBFCF3E3
:1034C000D2B2E5E7A0F13003DBB2092B02D80B70D2
:1034D00000207047A0F16103052B02D8573808700F
:1034E000F6E7A0F14103052B01D83738F7E76FF075
:1034F00015007047F7B5054601F0010000EB5106D5
:103500009E424FEA510703D90026304603B0F0BD72
:1035100058B128780DF10701FFF7D4FF0028F3D147
:103520009DF80730013502F8013B01351744BA42D6
:10353000EBD015F8010C0DF10701FFF7C3FF0028D0
:10354000E2D19DF807402401E4B2147015F8020B93
:10355000FFF7B8FF0028D7D19DF807301C4402F8C8
:10356000014BE4E7038B13F0070306D10368002B3C
:1035700018BF032008BF00207047022B05D1408BE5
:10358000B0FA80F0400980007047012B04D1036835
:10359000002B18BF0520EDE70020704710B50C4642
:1035A00000B111B96FF0150010BD081D00F0ABF8A7
:1035B0000028F9D1A368032BF6D9F3E72DE9F041F0
:1035C0000D4607461946281D90461E4600F0ACF8E9
:1035D000044638B13346424629463846A446BDE83B
:1035E000F0416047BDE8F08110B4EFF31182402450
:1035F00084F31288BFF36F8F416110BC0121EEF795
:10360000BBBA38B50C46054658B151B10B6843B149
:103610004B6833B11C22002108F09DF800202C617A
:1036200038BD6FF01500FBE7F8B504460E46FFF70E
:10363000B5FF051E3BDBEFF31182402383F31288B5
:10364000BFF36F8F4FF6FF71638B278B8B4207F0B1
:1036500007072ED0062F2FD8DFE807F0182E082EE8
:10366000180418006FF08505002303E0013363831D
:103670000225012382F31188BFF36F8FBBB10023B2
:103680003A4631462046FFF799FF10E000233360A9
:10369000636823B9C4E9006627B13D46E4E71E60CC
:1036A0006660F9E702212046EEF766FA3D462846B5
:1036B000F8BD6FF00A05D7E76FF00405D4E710B541
:1036C000EFF31182402383F31288BFF36F8F048BD3
:1036D00004F00704022C0AD0012C0CBF6FF0040088
:1036E0006FF0850082F31188BFF36F8F08E0438B82
:1036F000013B9BB2438323B92146EEF73DFA2046B6
:1037000010BD2046EEE7034658B1426802F00302BE
:10371000012A03D0032A04D1026812B10020986064
:1037200070476FF0150070474268034602F00302CD
:10373000032A4FF00002816014BF104600685A60EF
:10374000704770B506460C888888241A3069A4B280
:10375000844285B224BF641BA4B22D1BA8B2984238
:1037600028BF18463368234413600B8803440B803A
:1037700070BD70B40E460146C58831F80A3FEC1A98
:10378000A3B2934228BF1346324670BCFFF7D9BF9D
:1037900010B54B880C88E41AA4B294420ED31A4494
:1037A00092B28B884A800A800069D21A92B2824211
:1037B00001D2002010BD03448B80FAE76FF01500A2
:1037C000F8E72DE9F34107460E4615464FF000088D
:1037D0002A46384601A9FFF7CCFF044648B12EB16E
:1037E00002460199304607F090FF26442D1BA04465
:1037F000EED14246384607F10A01FFF7C9FF4046BD
:1038000002B0BDE8F081704720B183682BB11B681E
:1038100033B118476FF0150070476FF00400704720
:103820001846704720B183682BB15B6833B11847E5
:103830006FF0150070476FF004007047184670472E
:1038400030B450B149B142B1846854B1256945B131
:1038500041F8040B236930BC18476FF0150030BCE9
:1038600070476FF00400FAE710B5044650B10068E5
:1038700058B1836863B15B6953B16168984700B917
:10388000206010BD6FF01500FBE76FF00100F8E756
:103890006FF00400F5E730B41346044650B10068F9
:1038A00060B182686AB195685DB10A46AC466168EC
:1038B00030BC60476FF0150030BC70476FF00100FE
:1038C000FAE76FF00400F7E70369D3F8A80370473D
:1038D0006FF085007047084608B5114618B106F02C
:1038E00023F9002008BD6FF00100FBE7084608B58A
:1038F000114618B106F00FF9002008BD6FF0010065
:10390000FBE713B504460846216901F56971D1E862
:10391000AF1F022909D15BB168B100931346D0E90A
:103920000912F9F725FB02B010BD6FF00F00FAE79E
:103930006FF04C00F7E76FF00100F4E72DE9F84372
:1039400015461C46DDE908230F4616469846A9B3DE
:10395000BDB3B4B312F1010C43F10001BCF1020F8D
:1039600071F1000130D2D4F800C0BCF1000F09D0D1
:103970000169D1F8A8138C4504D96FF00B002160C0
:10398000BDE8F883B3F1FF3F08BFB2F1FF3F0CBFC2
:103990004FF001094FF000094A462146384606F02B
:1039A000CCF840B9B8F1FF3F08BFB6F1FF3FF3D004
:1039B0006FF06800E4E728600020E1E76FF00100A5
:1039C000DEE76FF01500DBE76FF08500D8E706F063
:1039D00009B938B50D46044600F148012846EDF70F
:1039E00083FA034630B1284604F1C001EDF77CFAB2
:1039F00028B901235B4203F07803E01838BD0020AA
:103A0000FCE702F52E7102F5327006F0B9BDD0F870
:103A1000E830A0F52E70003B18BF012300EB8300B7
:103A2000D0F8A40206F018B8C86828B109698368FC
:103A30001B680BB1002218477047F9F735BFD0E873
:103A4000EF3FC0E8E21F002AF9D1704710B5436884
:103A500004691B68C4F8A03304F5E87006F043FC61
:103A6000002104F56970FFF7EAFF084610BD030165
:103A700003EB4003093323F0030303EBC003484384
:103A80000330083320F003001844400070472DE94C
:103A9000F84306464FF001080569D0F8049005F593
:103AA0006977D7E8EF3F022B03D1C7E8E28F002AFE
:103AB000F7D141D195F86C30002B40D195F8E43026
:103AC000002B3CD12846D5F8A01300F054F804464A
:103AD00080BB73683669D3E9050183681B693BB312
:103AE00022469847044628BB414606F53270FAF74D
:103AF0006FF9D6F8800305F5F476EFF77DFD3046D3
:103B0000D9F8001000F072F8044698B90146D022A6
:103B1000304607F020FE21464FF4F272284607F0A7
:103B20001AFE21463846FFF78AFF2046BDE8F88393
:103B30006FF057040221F5E76FF07704F5E76FF0B7
:103B40000F04F2E710B50846029B114652B993F8EC
:103B50006C202AB90122184683F86C20EEF752FA3D
:103B6000002010BD1A6F9468002CF9D05A6FA0473E
:103B7000F6E706F037B838B50D46044660B1F030C8
:103B800006F0A9FA0DB1002038BDC4F8BC51C4F844
:103B9000C051C4F8C451F6E76FF01500F4E70268AD
:103BA000D2F8C83013B1D2F8C41018477047704724
:103BB00083690BB9C36B1970704701207047836923
:103BC000012B03D1C36B1878C0B270470420704733
:103BD00038B5C41DE4002046FAF7BCFF054618B10D
:103BE0002246002107F0B7FD284638BD38B5044607
:103BF0003822002107F0AFFD1822002104F1A400B3
:103C000007F0A9FD1822002104F18C0007F0A3FDA4
:103C1000D4F8C000F9F75EF9D4F8BC00F9F75AF906
:103C2000D4F8803004F154050BB128469847382267
:103C30000021284607F08FFDF9F7B0F8002038BDC5
:103C400010B484686468A44610BC604770B4C66849
:103C500004680D0C06FB0544806A14FA81F184683F
:103C60002468A44670BC60472DE9F04306468846A8
:103C700017461C46C36A89B01D686D4205F02005D1
:103C80001CB9204609B0BDE8F083AC42A14628BF6C
:103C9000A9466A464B4641463046FFF7D7FF002803
:103CA000F0D16B46484502D1241A8044E8E713F866
:103CB000012BBA4201D10130F4E70120E2E70B68A1
:103CC00003F580330B60008A1A0CB0EB134F04BF6E
:103CD000A3EB02430B60704738B5C26803680D0C54
:103CE000090C044602FB0131806A2D0400F0E5FF57
:103CF00050B9E26A29462046E3685279FFF7B4FFDB
:103D0000002818BF6FF0050038BD014610B5072226
:103D10000446FF20F6F7D6F9E07110BD2DE9F04F0B
:103D200007465368D06893B003445069C34203D137
:103D3000002013B0BDE8F08FFC683B68080C04FB62
:103D400000330024A146D7F82CB013FA81F504AB58
:103D500092E80300DBF8008083E80300D2E9020167
:103D600006AB83E80300D2E9040108AB83E8030053
:103D7000C8F10003019312AB03EBC90A5AF8346C83
:103D80004FEAC901AEB909F10109B9F1030FF2D146
:103D9000002CCDD00AAE9BF80510A8EB0402301918
:103DA00007F0D9FC434632462946B86AFFF748FF78
:103DB000BFE7B4B9019B334013D05AF8382C2946D9
:103DC000B86ACDE90223FFF73BFF0028B1D1DDE956
:103DD00002231A44F61A4AF8382C4AF8346C1D4467
:103DE000C9E7A8EB0402B24228BF3246A2B101F1F2
:103DF00048030DEB030A5AF8381C0AAB1819CDE931
:103E0000021207F082FCDDE902121144B61A4AF8E8
:103E1000381C4AF8346C14444445ACD12346294636
:103E2000B86A0AAAFFF70CFF002882D1254404468D
:103E3000A1E7F8B50D4606460722FF204C888F887B
:103E4000F6F740F9EB79834205D13C44B4428CBF8C
:103E500000200120F8BD0020FCE70368012B81BF92
:103E6000C91801F1FF315B4219400846704738B567
:103E70000D460A4681680446FFF750FFEB68696803
:103E8000024619446B69E06A1944FFF7E6FFA3682C
:103E90000344A360104638BD70B50D4686B0044695
:103EA000466818220021684607F055FC029508254F
:103EB0006A46314620460395FFF730FF2946024601
:103EC000E06AFFF7CAFF63681B1A1046636006B01A
:103ED00070BD4FF6FF7313B500220446ADF80030F5
:103EE0008DF8063083686846ADF80420ADF80230DE
:103EF000FFF70BFF69462046FFF7CEFF02B010BD6B
:103F000070B506460C46C06A0821FFF7A6FF0546B5
:103F1000F0682146401B80B2FFF78BFF80B1A0887C
:103F200078B94FF6FF7322889A4209D16288F36804
:103F30009B1AB3FBF5F205FB1230B0FA80F0400992
:103F400070BD0020FCE7F7B504460D46C06A0821A5
:103F5000FFF783FF0823074629682046FFF776FE10
:103F60000646002836D12B683B442B60E26899B2A4
:103F7000D21B91422ED11A0C09BF228AA3F580319F
:103F800002F1FF3203EB0241204608236A46296012
:103F9000FFF75CFEE8B9E36A5A796B4613F8011B38
:103FA0008A420CD101300828F8D1636805E02B68FB
:103FB000BDF802206FF30F0313442B600AE069463B
:103FC0002046FFF79DFF0028F1D129462046EEF755
:103FD0000BFA0646304603B0F0BD2DE9F04F04461B
:103FE000A1B024220D4617A8002107F0B4FB082138
:103FF000E06AFFF732FF8146636820466FF30F03E4
:1040000006A90693FFF75BFE069BE66801931E4434
:10401000A6EB090608233146204609AA0796FFF7B2
:1040200015FE0028C0F21581E36A09AA5979002318
:1040300012F8010B814240F0FB800133082BF7D1CD
:10404000A36862684B449A4280F0EB802046019955
:10405000FFF742FEFDE0BDF826306FF30F061E4469
:10406000079620460BAA07A9DDF81CA0FFF76BFFF7
:10407000002840F0EE800BA91FFA8AF0FFF7D9FE66
:1040800048BB039B9A45ECD11022002113A807F0EE
:1040900062FB1F9E17AB1193129695B1D4F82C803A
:1040A00008214046FFF7D9FE2F890246F119404604
:1040B000FFF7D3FEA168636802440A44934280F08C
:1040C0009180002EBCD0204611A9FFF7D0FE002819
:1040D00040F0BF80B4E76768089720460DAA08A99A
:1040E000FFF731FF002840F0B480BDF83420BDF860
:1040F0002C309A4244D0089B62689A423ED1BA451D
:10410000BFD1BDF83060002EBBD03DB12A88BDF8CC
:104110002C309A4202D12B89B342B2D9BDF82E80FD
:104120003B0C1B049844E36A1F9A1B681644591EF3
:104130005B4203F020030493A36801EA06001344E2
:10414000009026EA0106ADF82E3006BB009B5BB15D
:104150001F9A17A99B1A20460A444146FFF776FD8D
:10416000002876D1009B1F930BA8FFF7CEFD2046B9
:104170000BA9FFF791FE002883D06AE01F46ACE749
:104180000DA9B8B2FFF755FE0028B4D0B7E7049BDD
:104190001F9FB34228BF334617AAA3EB070B029316
:1041A00041465B4620463A44FFF750FD002850D177
:1041B0001F9B01465B44182211A8059307F0CBFA18
:1041C00017AB1393059B204611A91493FFF74FFEDD
:1041D00000283ED11F9BD844FF1A029B3744FE1A89
:1041E0001F90B2E731446B68ADF83E10204611A92C
:1041F000CDE91337FFF73BFE58BB2B880FA8ADF86E
:104200003C302B89ADF84030FF238DF84230FFF76A
:104210007CFD20460FA9FFF73FFED0B90123AB720A
:104220000EE72046FFF755FE00283FF40FAF10E0E1
:10423000A6EB0903204609A90393FFF761FE0028B6
:104240007FF409AF204607A9EEF7CEF800283FF427
:1042500008AF21B0BDE8F08F2DE9F04F1E46837CFA
:1042600004468946904695B0002B00F0CB80C26A88
:1042700008211046FFF7F1FDB1B201901046FFF79B
:10428000ECFDE368019A0746A3EB82038342C0F08A
:10429000BC801EB1B8F1000F00F0B780D4F804A0C4
:1042A000CDF810A0204605AA04A9FFF74CFE05464C
:1042B000002841D1BDF814304B4507D0DDF810A0DF
:1042C00063685345EED1002E3CD135E005A91FFAB5
:1042D0008AF0FFF7AEFD0028F0D0BDF818307EB3AD
:1042E000B3422FD1B3464FEA1A43BDF816A01B04C0
:1042F0009A44E36ACDF800801B685B4203F0200318
:104300000293029B51465B4528BF5B4620460CAAA0
:104310000393FFF79BFC002850D1039B00981A469B
:104320000CA907F027FA68B9039B009ABBEB030BB3
:104330001A449A440092E4D1284615B0BDE8F08FA3
:10434000002BF9D0002F3CD1BA4604F1140B4FF0EA
:10435000FF324FF0FF335846F9F734FA238A9D4273
:104360004DD0D4E901320AEB02018B422ED39BB22D
:1043700063B3FF230021ADF81E200CA818228DF88E
:104380002230ADF81C90ADF8206007F0E4F920462B
:104390000CA9CDE90E86FFF76AFD074648B907A8C4
:1043A000FFF7B3FC204607A9FFF776FD074600B9E3
:1043B00037465846F9F778FA3D46BDE7C2DC054670
:1043C000BAE7019B1F441FFA87FABEE72046EDF7C4
:1043D000DFFF3DB9ADF82490CDF82880ADF82C6012
:1043E0008DF82E50204609A9FFF7F7FD0746002853
:1043F000DFD19DF82E300135002BAFD0D8E76FF01C
:104400001B07D6E76FF00C0596E76FF0150593E7ED
:1044100000231A46FFF720BF2DE9FF471E46837C85
:1044200004460F469046BDF83090002B43D008213B
:10443000C06AFFF712FDE368A3EB4003B3423DD32C
:104440004FF0000A65680195204602AA01A9FFF70E
:104450007AFD20BBBDF80830BB4206D102A9A8B244
:10446000FFF7E7FC50441FFA80FA019B62689A420A
:104470001AD0CA4516D9BDF80C30CBB1CA4517D3EE
:10448000BDF80A10B3426FF30F0528BF334642460A
:1044900020462944FFF7DAFB08B9BDF80C0004B048
:1044A000BDE8F0871D46CFE7BDF80830BB42E2D03B
:1044B0006FF00100F3E76FF00C00F0E76FF015000C
:1044C000EDE713B500240094FFF7A6FF02B010BD7E
:1044D000C06918B1D0E8AF0F00F001007047C369A0
:1044E0003BB1D3E8EF1F41F00101C3E8E21F002A0E
:1044F000F7D17047C3693BB1D3E8EF1F21F0010149
:10450000C3E8E21F002AF7D17047C3693BB11B69BA
:104510002BB1DB691879B0FA80F0400970470120AF
:10452000704770B5C56904460E460DB103232B7163
:104530002046FFF7EAFF80B103212046B04700285C
:1045400002DA10F1860F09D12DB920463346BDE8B5
:1045500070400121184701232B71002070BD38B530
:10456000C4692568A90601D4002038BDE168D9B125
:104570000139E1600029F7D1A3689847002803DAE0
:10458000E3680133E360F0E701236A072371ECD5A8
:104590002069C3691B68DB0509D5FFF7E0FF2368C5
:1045A00023F004032360E0E76FF07700DDE76FF0AE
:1045B0000A00DAE7D0E8AF0F084100F001007047C9
:1045C000F9F728BAF9F7F2B970B50446C06990B1A5
:1045D0000821FFF7EFFF014670B1EFF3118540238B
:1045E00083F31288BFF36F8F2046FFF7B8FF85F380
:1045F0001188BFF36F8F70BD2046BDE87040002268
:10460000002300F0ECB82DE9F74FC569064625B93F
:104610000024204603B0BDE8F08F05212846FFF7AF
:10462000C9FF02460028F3D00821F069FFF7C2FF56
:10463000044678B3EFF31187402383F31288BFF366
:104640006F8FF569EB6803BB2B685A070DD4286997
:1046500058B1C3691B68DB0519D5FFF7D4FF041EE9
:104660000EDB2B6843F004032B6001213046AB685E
:104670009847041E04DB00232B71EB680133EB60C9
:1046800087F31188BFF36F8FC3E70024F5E76FF05E
:104690000A04F5E7EEF73CF80746F0B9EFF31181AD
:1046A000402383F31288BFF36F8FEB6823B128791F
:1046B00010B917460133EB6081F31188BFF36F8F98
:1046C000002FA5D105F0E4FF421E67F1000305F1BC
:1046D0001800FFF775FF041E7EDB05F0D9FF10B14F
:1046E0002B79022B13D02F692FB30221F069FFF72A
:1046F00061FF00BB3846FFF786FF044648B9012139
:104700002846FFF757FF70B13846FFF75DFF6FF09F
:104710000A04EDF7FDFF00287FF47BAF05F11800D8
:10472000FFF750FF75E7D5E8EF3F43F00403C5E816
:10473000E23F002AF7D1EB680133EB602B79022BC3
:1047400008D105F1380005F058FF10F0010001D143
:104750002871DEE7EDF7DCFF40B94FF0FF384FF08E
:10476000FF3905F1280A2B79022B1AD0EB68012BAF
:10477000CFD80121AB6868699847041E29DAEB6835
:10478000013BEB60002FC4D03846FFF71DFFF369F3
:10479000D3E8EF1F21F00401C3E8E21F002AB8D0DC
:1047A000F6E70321504605F1180B06F098F9584634
:1047B000FFF708FF002203215046CDE9008906F0EB
:1047C00092F94FF0FF324FF0FF335846FFF7F8FEF3
:1047D000C9E700232B719CE76FF00A0419E72DE964
:1047E000F047C46907468A4620460521FFF7E2FEE6
:1047F00091469846064618B900252846BDE8F08738
:10480000EFF31182402383F31288BFF36F8FE368C5
:10481000012B8ABF03F1FF330026E36082F3118886
:10482000BFF36F8F002EE7D1EDF772FF18BB05F0D5
:104830002FFF421E66F1000304F11800FFF7C0FECF
:10484000051E3DDB5646E368002B36D0013BE36096
:1048500043B996B102234A46237104F13800434616
:10486000F9F716FBEDF754FF0028C6D104F1180044
:10487000FFF7A8FEC1E73546E5E73146A368606962
:104880009847051E03DAE3680133E360EAE7012392
:1048900023710221F869FFF78DFE0028E2D0FB6941
:1048A0001869FFF791FEFB69D3E8EF1F21F00401BF
:1048B000C3E8E21F002AD5D0F6E76FF07705D1E70D
:1048C0006FF00F0599E7F8B50021044650F8303C29
:1048D00050F8240C98470546A4F120074FF0FF3309
:1048E0004FF0FF323846FFF76BFE002DB7BF54F88C
:1048F0002C3C0123013344F82C3CB8BF002304F8BE
:10490000343C0121A4F11000994006F0E4F8384647
:10491000A4F13806FFF756FE85B902213046FFF7AD
:1049200049FE58B154F8280CFFF74EFED6E8EF3F89
:1049300023F00403C6E8E23F002AF7D1F8BD70B5C2
:104940000446C06988B10821FFF734FE70B1EFF367
:104950001185402383F31288BFF36F8F2046FFF742
:10496000FEFD85F31188BFF36F8F70BD2046BDE853
:1049700070400121FFF733BFC3690BB1EDF7D0BE23
:1049800018467047704730B54C680368A34201D29F
:10499000012030BD8A682244934201D30020F8E709
:1049A000D1E90452954203D36FF00B038B61F5E715
:1049B000CA681B1B42F835304368086902EBC00225
:1049C00053600B6901330B61E2E737B50C46C0B2A7
:1049D00001A91546EDF712FF00280CDB019850B134
:1049E00021462A46EDF730FF04460198FFF7CAFF3B
:1049F000204603B030BD6FF01504F9E7F0B587B07D
:104A00001F4604460D46164600F009FE0223029397
:104A10000DF116030193BDF83030ADF81600009388
:104A200032463B462946204602F03EFC07B0F0BD28
:104A30002DE9FF411F460D4616460446EFF792FE4C
:104A40008046ECF763FABDF8283080B2CDE90180EA
:104A5000009332463B462946204602F025FC04B02E
:104A6000BDE8F0810020EDF751BF00221146EDF7BF
:104A70001BBF034610B508460AB10021116053B1AF
:104A8000D0B1411E11F8010F80B113F8014BA042C3
:104A900001D13D28F6D100200EE0013313600AE079
:104AA0003D2808D0B0FA80F0400905E018782F289A
:104AB000F6D1002AF1D1012010BD10B509B10023B3
:104AC0000B6058B103461A781C4601332AB13D2ABF
:104AD00003D02F2AF7D101B10B60201A10BD2DE9A8
:104AE000F341DDF8208007460C4615461E4601902E
:104AF000B8F1000F07D0D8F8001081B9D8F804E059
:104B0000BEF1000F14D1384601A9EDF745FF58B1A9
:104B1000C76833462A4621460198B84704E001AAEF
:104B2000FFF7A7FF0028E9D1002002B0BDE8F0811F
:104B3000D8F808302A46089321463346F4460198AF
:104B400002B0BDE8F04160470830704710B5134629
:104B500014460A4681880068FFF7B3FCA042A8BF4C
:104B6000204610BD2DE9F04F97B004469A4689467D
:104B7000019200297AD0DAB1BAFA8AF67609258F3D
:104B800004F1080B0135ADB2A8466F1EBFB2B7F5F0
:104B9000004F39D04A233946584603AAFFF791FC03
:104BA000002807DA10F1020F08BFB8463D46ECE7CF
:104BB0000126E4E700F158030DEB0300002303A9ED
:104BC00000F84C3C4846ECF78FF90028EED106BBC4
:104BD000B846B8F5404F4CD0238F04F10805434543
:104BE00038D308F5804153462846019A89B2FFF729
:104BF00033FB00280ADB46B14846ECF787F94A4602
:104C00000346414628461EE016B3002017B0BDE813
:104C1000F08F39465846FFF7FBFB0028F6DB05F519
:104C20007F513F31584689B2FFF7F2FB0028EDDB98
:104C3000238FBB42E9D12246013B22F8383F4FF493
:104C4000004102235846FFF707FB00EAE070DDE76A
:104C50000126BEE7224602234FF40041284622F8EF
:104C6000388FFFF7F9FA0028BBDACFE76FF01500AD
:104C7000CCE76FF00B00C9E773B5C36B0446036361
:104C8000C3B100F108063046EDF7E0FB054670B908
:104C900002234FF4004130460DF10602FFF711FCEC
:104CA0000028B4BF4FF40043BDF8063023872846E0
:104CB00002B070BD6FF01205F9E72DE9F041876889
:104CC0000446FB680D4616469847BB682BB1324632
:104CD00029462046BDE8F04118476FF05700BDE86F
:104CE000F081FEE706F037BD06F00FBD0146006813
:104CF000EEF7F4B808B5EEF721F9BDE80840EEF795
:104D00006BBC00210120EEF7E9B8D0F89C3083F3AA
:104D10000B8870476FF08500704761B662B680F30C
:104D20001188BFF36F8F704708B572B6002383F305
:104D30001188BFF36F8F00F00BF950B1BFF34F8FA5
:104D400030BF00BF00BF00BF00BF00BF00BF00BF3B
:104D500000BF62B6BFF36F8F08BD10B5044672B6D0
:104D6000002383F31188BFF36F8F00F0F1F850B187
:104D7000BFF34F8F20BF00BF00BF00BF00BF00BF09
:104D800000BF00BF00BF84F31188BFF36F8F62B60E
:104D900010BD40E800F313F4803FD8B208BF6FF0B5
:104DA0001500704730B50C684B6885B00A894D898D
:104DB0000094013B24F01F04234402F01F0242EA46
:104DC000451223F01F0369468DF808200393EEF780
:104DD000B7FC05B030BD08B5EEF79AFE002008BD5F
:104DE0007047002303824369C3607047C1698968C3
:104DF000EEF7EEBEEFF31182402383F31288BFF388
:104E00006F8F00230B60436833B9C0E9001182F350
:104E10001188BFF36F8F704719604160F7E7034651
:104E200010B5EFF31181402282F31288BFF36F8F28
:104E3000006828B15C680268A0421A6008BF5A6026
:104E400081F31188BFF36F8F10BD027A01320272B5
:104E50007047034618465B68002BFBD170474268D9
:104E600010B52AB10B461C465B68002BFBD1626073
:104E7000416010BD10B5044620B908460B7A0133D5
:104E80000B7210BD034618465B68002BFBD1FFF781
:104E9000E6FF2046F5E783680B440360704703682C
:104EA0000B6043684B6083688B607047838802683F
:104EB00019448180D018704730B484880568A318DD
:104EC0008380281930BC06F020BC10B583880268A6
:104ED0005C1C8480D154D01810BD30B58388026822
:104EE0009D1C8580D418D154090A617030BD0346D9
:104EF00000689A88401A11441860998070470268C7
:104F0000531E036083880133838002F8011C7047BD
:104F100003468288521A82800068084418607047ED
:104F2000034600689A88521A01449A8019607047B3
:104F300010B5036801211C78FFF7EAFF204610BD79
:104F400010B5036802211C88FFF7E2FF204610BD60
:104F5000EEF7DABE4FF05023012270B50C4605463D
:104F6000C3F814260020EEF763FF28462346BDE869
:104F70007040002118472DE9F041064601200D46FA
:104F8000EEF756FF4FF47F03D3F830214FF0502453
:104F9000072AD3F834311BD1023B022B18D94FF02A
:104FA000010800270520C4F81886C4F8147603F019
:104FB000CAFE4046C4F8148603F0C5FEC4F8147651
:104FC000C4F8187630462B46BDE8F041002118475A
:104FD0000023C4F81436F5E770B50546B1F8032090
:104FE00086B04B7902AEADF808200C460D220021A8
:104FF0000DF10B008DF80A3006F0ADFB324631465C
:105000002846F0F75FFE10B1002006B070BD029B8D
:105010000322ADF8043020461B0C01A98DF80630A0
:1050200006F0A8FBB0FA80F04009EEE770B50D4637
:1050300000210446FFF741FD0D2818D1237B302BBA
:1050400013D1002305F8063B04F10C062A4620463E
:10505000012302210234FEF74DFAB44205F1FF3577
:10506000F4D1002070BD0123ECE7312BFBD06FF0B1
:105070001500F7E7EDF74ABD0020704710B50C4664
:105080000178227888B08A420ED06946EFF7C8F8D6
:10509000204604A9EFF7C4F8102268460DEB020180
:1050A00006F068FB08B010BD012A06D0022A07D01E
:1050B00072B940886388C01AF4E740686368FAE709
:1050C0001022611C013008B0BDE8104006F052BB50
:1050D0006FF01500E6E7042A0AD0102A0DD0022A44
:1050E0004FF0000315D103700B88438001207047F7
:1050F000012303700B684360F8E7022300F8013BCB
:1051000001F1100351F8042B994240F8042BF9D116
:10511000ECE718467047012310B50621044600F855
:10512000013B00F067FE18B9A37963F03F03A37158
:1051300010BD0B6803608B8883808B798371037843
:1051400023F00203037070470078C0F340007047FB
:1051500038B50446807AEEF711FD6169054649B11C
:10516000637ADB0704D4C36920461B689B689847B1
:105170000023636121462846BDE8384005F04EB95A
:1051800008B5EFF743FBBDE808400820EFF77CB80F
:1051900008B5FFF7DDFFBDE808400220EFF774B85F
:1051A0002DE9F0410C461746054601F10C0800F1C7
:1051B0000C0140461E46FFF772FE6269E3683946FD
:1051C0009B1A13FA87F36B82012340466B722F827E
:1051D000FFF79EFEE368284673600023628AE3605F
:1051E000728163823460BDE8F08138B50C46D1E944
:1051F00000320546DA600B684A895A820868EEF781
:1052000065FD20461022002106F0A5FA2846BDE8DB
:105210003840FFF79DBF438A23B9C068B0FA80F0D9
:1052200040097047002070477047D0F8A43083B120
:105230005A7CD1070DD5D2060DD51B7C102B0CBF87
:10524000042303234372807A98428CBF00200120FC
:1052500070470223F6E70323F4E70F2806D80D284A
:105260000BD8052814BF022003207047132804D050
:105270001A2814BF022001207047012070470346FE
:1052800010B5D3E8EF0F40EA0102C3E8E42F002C89
:10529000F7D110BD38B5C3681D7875B90F21B3F8C3
:1052A0000100F1F73BF9044638B12946F1F79EF8C1
:1052B0002046BDE83840F1F74DB838BD08B5C368A1
:1052C00001211888F1F72AF918B1BDE80840F1F773
:1052D00041B808BD01210C30FFF722BE38B5C568C2
:1052E0000121B5F80100F1F719F9044698B12B78BE
:1052F0003BB9D5F80330C0F89930D5F80730C0F87D
:105300009D30201D4FF48031FFF7B9FF2046BDE8E6
:105310003840F1F71FB838BD30B40446084602EBF8
:10532000C3039A4201D130BC7047114611F8085BA3
:10533000A54206D1018A53789942F4D330BC536810
:1053400018470A46EDE7D0E8EF3F0B40C0E8E23FE0
:10535000002AF8D170472DE9F047D0F80C80028A76
:1053600098F800309B00013393423DD9BDE8F087A7
:1053700008EB86030F21B3F80100B3F80370F1F7CF
:10538000CDF8044628B100F1C40947B92046F0F72A
:10539000E1FF013698F800309E42E9DBE6E76569F7
:1053A000002DF3D0A2692B6895422046636108BFA7
:1053B000A361F0F773FFF8F7F9FAC5F800A0236AC4
:1053C0007BB9C4E90755D9E8EF3F013BC9E8E23FA3
:1053D000002AF8D100212046013FF0F769FFBFB253
:1053E000D3E71D602562EEE70026B246D2E770479C
:1053F0007047C0F30723537000231070000C9070A7
:10540000000AD070C1F30720090E13715071937117
:10541000D171704773B5C5680121B5F80100F1F786
:105420007DF8044600284DD02B78061D1A2B19D183
:10543000C378012B2DD14FF480413046FFF71FFF79
:1054400042040FD4D4F88C3069460093D4F89430D9
:1054500020460193F1F7D8FD204602B0BDE8704028
:10546000F0F778BF2B78A3B940F2E242B5F80330E9
:105470005343C4F88830B5F80530A4F89030B5F837
:105480000730A4F892306FF480513046FFF75BFF8D
:1054900014E0D6E8AF3FDB04F5D52B78202BF2D112
:1054A00094F89830002BEED0013B84F898304FF4FC
:1054B0002032002304F14000F8F7EAFC2046F1F71F
:1054C000E7F9C9E702B070BD0120704738B5C5687B
:1054D0000121B5F80100F1F721F8044688B1E87818
:1054E000EFF71EF984F8A8002879EFF719F984F886
:1054F000A9002046F1F718FA2046BDE83840F0F739
:1055000029BF38BD10B5028843889A4218D8052AA9
:1055100016D9B3F5486F13D88488B4F5FA7F0FD243
:10552000C18840F67640A1F10A0292B2824207D8C1
:1055300004FB0333B3EB810F34BF0120002010BD07
:105540000020FCE738B5C3680F21B3F801001D78CF
:10555000F0F7E4FF044638B365B12846EFF7EAF800
:10556000294602462046F1F771FA2046BDE8384048
:10557000F0F7F0BE8378012B07D102F0C1FC204682
:10558000FFF753FE002808BF05252846EFF7D2F89D
:10559000294602462046F1F759FA002DE5D00521AB
:1055A000204600F0EAFCE0E738BD70B5C6680F2180
:1055B000B6F801003578F0F7B1FF044670B34DB18D
:1055C0002846EFF7B7F8294602462046F1F73EFA9B
:1055D000204603E0F378C27A9A4203D1BDE87040D6
:1055E000F0F7B8BE8278C372012A08D10BB102F07D
:1055F00087FC2046FFF719FE002808BF052528462E
:10560000EFF798F8294602462046F1F71FFA002DD9
:10561000DED00521204600F0B0FCD9E770BD0020A7
:10562000704708B5F4F76CFC18B1408A003818BF11
:10563000012008BD73B506460D4642F22F00002139
:1056400001AAEFF731F9044648B90198C368B3F8E5
:1056500001203280B3F803302B80EEF737FB204671
:1056600002B070BD70B506460D464FF0FF304FF0EA
:10567000FF31EFF72DF8044668B103210C30FFF736
:1056800015FC068085702146BDE87040002240F27E
:105690000640EFF709B96FF0680070BD38B54FF0FC
:1056A000FF3105464FF0FF30EFF712F8044668B1BE
:1056B00002210C30FFF7FAFB2B88214603800022E1
:1056C000BDE8384042F21600EFF7EEB86FF0680020
:1056D00038BDF8B507460E464FF0FF304FF0FF31AA
:1056E0001546EEF7F5FF044678B106210C30FFF7BA
:1056F000DDFB3B884680038085802146BDE8F8407D
:10570000002242F22200EFF7CFB86FF06800F8BD38
:10571000C06803780BB9EFF7C5B97047F0B5C56835
:1057200001212F8887B0B8B2F0F7F8FE064660B3C3
:1057300002ACD5F80220D5F80630019469890091B1
:1057400002F008FA18B34FF0FF304FF0FF31EEF7D8
:10575000BFFF0546B0B112210C30FFF7A7FB03468F
:10576000224623F8027B144603CC596006A98C42DA
:105770001860224603F10803F5D1294642F21A00C7
:10578000EEF7FCFF3046F0F7E5FD07B0F0BD4FF057
:10579000FF304FF0FF31EEF79BFF04460028F1D0B9
:1057A00002210C30FFF782FB2146078042F21B00EA
:1057B000E6E770B506460D464FF0FF304FF0FF317B
:1057C000EEF786FF044660B103210C30FFF76EFB55
:1057D000068085702146BDE8704042F22100EEF758
:1057E000CDBF70BD73B5C368D9789A781E8842EA78
:1057F0000122ADF8002059791A79B4B242EA0122A7
:10580000ADF80220D9799A79204642EA0122ADF812
:1058100004201A7A5B7A012142EA0323ADF80630AC
:10582000F0F77CFE054628B902212046FFF7C1FFAC
:1058300002B070BD6946F1F79DF838B91E212046C7
:10584000FFF7B7FF2846F0F785FDF1E74FF0FF308F
:105850004FF0FF31EEF73CFF04460028F2D00E2156
:105860000C30FFF723FB00230680C0F80A30BDF898
:10587000003021464380BDF802308380BDF80430FB
:10588000C380BDF80630038142F22000EEF776FFB8
:10589000D8E7D0E8AF0F70470B6803608B88838030
:1058A0008B7983717047072208B505F063FFB0FA62
:1058B00080F0400908BDF8B50F46144638BB4FF0DC
:1058C000FF304FF0FF31EEF703FF054610B32721FD
:1058D0000C30FFF7EBFA224606463946FFF7DCFFAD
:1058E000C31D04F1100152F8040B8A4243F8040B63
:1058F000F9D11022002106F1170005F02CFF2946EE
:10590000BDE8F840002242F22700EEF7CDBF6FF06D
:105910001500F8BD6FF06800FBE7037A02465B07ED
:1059200005D501462E3211F8010BFFF7C4BF7047B1
:1059300038B54FF0FF3105464FF0FF30EEF7C8FEA7
:10594000044658B129460C30FFF7BFFA2146BDE89E
:105950003840002242F22D00EEF7A6BF6FF068003B
:1059600038BD10B400F11803D3E8EF2F22F4005132
:10597000C3E8E41F002CF7D1930403D5012110BC28
:1059800000F089B910BC704770B5044686B00E4669
:1059900001300131FFF787FF2E3416220021054622
:1059A000684605F0D8FE10226946204605F0E2FE62
:1059B00040B11022204606F12E0105F0DBFEB0FAC0
:1059C00080F04009284300F0010006B070BD38B5F2
:1059D0004B6805460C4673B90B7A13B9037A5B071B
:1059E00009D520682A7803789A4204D02946FFF71F
:1059F000CBFF00B1656038BD00F1180208B5034661
:105A00001046FFF746FFC1050DD5D2E8EF0F40F471
:105A10000050C2E8E10F0029F7D11846BDE8084060
:105A2000002100F038B908BD08B500F11803184688
:105A3000FFF72FFFC20506D51846FFF72AFF03061A
:105A400044BF01230B7008BD10B50C4630B919B125
:105A5000F4F718FA00B1441C204610BD0024FBE7FF
:105A600070B50D460446002846D0002944D000F108
:105A700018031846FFF70DFF820711D40A68C4F80F
:105A800009208A88A4F80D2001222272D3E8EF1F92
:105A900041F01001C3E8E21F002AF7D1002070BDD9
:105AA0004FF0FF304FF0FF31EEF712FE064630B3F5
:105AB00007210C30FFF7FAF903466278314603F804
:105AC000012B2A68C0F80120AA8842F235009A808A
:105AD0000022EEF7E9FE0028E1D104F10903AB4210
:105AE0004FF001031EBF2A68C4F80920AA88237258
:105AF00018BFA4F80D20D1E76FF01500CFE76FF0C5
:105B00006800CCE713B5044680B10621684600F072
:105B100071F948B99DF80530694603F03F03204606
:105B20008DF80530FFF79CFF02B010BD6FF0150037
:105B3000FAE71830D0E8EF3F23F02003C0E8E23F57
:105B4000002AF7D17047037AD90704D523F001035F
:105B50000372EFF7BFB9990704D523F0020303726C
:105B6000EFF752BA704700207047D0E8AF0F704788
:105B700008B5FFF7FAFF084100F0010008BD034631
:105B800010B5D3E8EF0F00EA0102C3E8E42F002CC0
:105B9000F7D110BD012310B403FA01F1044642B15C
:105BA000D4E8EF3F0B43C4E8E23F002AF8D110BC31
:105BB0007047C94310BCFFF7E2BF73B51D469DF89F
:105BC0001C3004469DF8206063B15EB1069B6A46B6
:105BD00042F23801204600950193EFF729FC68B1A5
:105BE00002B070BDCDE9001220466A4642F237018C
:105BF000EFF71EFC0028F3D1002EE7D11834D4E8CB
:105C0000EF3F43F00403C4E8E23F002AF7D100204D
:105C1000E6E72DE9F04180460F464FF0FF304FF0A8
:105C2000FF3186B01446EEF753FD054680B300F110
:105C30000C063FB301213046FFF747F901213046FA
:105C4000FFF743F9304698F80110FFF73EF9DCB151
:105C500021883046FFF741F9C4B1A1783046FFF7FB
:105C600034F9284608F1180203A908230097EEF733
:105C70001DFD0022294642F23900EEF715FE06B05E
:105C8000BDE8F0813946D6E72146E2E72146E5E75F
:105C90006FF06800F3E70022FFF7BBBF203004F08D
:105CA000ACBC38B50D460446D0B10846EFF722FD2E
:105CB000B0B104F1180208211046FFF759FF78B976
:105CC00029782378994204D06FF020011046FFF71D
:105CD00056FF29462046BDE838400022EFF7AABD0E
:105CE0006FF0150038BD38B5044620B304F118052F
:105CF000FFF7D4FF08212846FFF73AFFE8B16FF01D
:105D000080012846FFF73BFF030604D52046FFF736
:105D100010FFEFF7B7F809212846FFF729FF18B160
:105D200000212046EFF7C2FC00222046BDE83840A3
:105D30001146FFF76EBF6FF0150038BD2DE9F04337
:105D400085B00F4699460446DDF83080F8B100F181
:105D500018060B213046FFF70BFF05460A21304697
:105D6000FFF706FF3DB118B12AB16FF085000BE0D7
:105D7000B8F1000FF9D1CDE901504B463946204624
:105D8000CDF80080FFF719FF05B0BDE8F0836FF094
:105D90001500F9E77FB5C5682878EFF751FE04468E
:105DA00098B143688BB19B687BB101352846FFF7FA
:105DB000CBF902AE294650B13046FFF7BAF9636815
:105DC00020469B68019601A9984704B070BD2078D1
:105DD000FFF73AFE0346006802909A889B79B280EA
:105DE000B371ECE708B5F9F773FE002818BF6FF040
:105DF000040008BD08B5F9F75FFC002818BF6FF074
:105E0000040008BD01F12003013813F8012D8B4275
:105E100000F8012FF9D1704700230B60436813B9D4
:105E2000C0E900117047196041607047D0F8B800B0
:105E3000003818BF01207047084689691830116082
:105E4000426800211A6010F80D2C05F084BC03464E
:105E500010B5D3E8EF0F40EA0102C3E8E42F002CAD
:105E6000F7D110BD2438F0F7EDB9002203680BB963
:105E7000184670478B4210D10B6842B942680360E4
:105E8000914200D14360002301200B6070471360F2
:105E90004368994208BF4260F5E71A461B68E6E787
:105EA00010B50446006918B1EDF710FF0023236117
:105EB00010BD70B516460D4601210446F0F7F8F9FD
:105EC000012E17D0022E17D1236913B12046FFF7F8
:105ED000E7FF256121690A8A012A39D9CB681B8825
:105EE00004339BB29A4233D32AD92046BDE870408E
:105EF000FFF7D6BF206918B92046FFF7D1FF01E0B0
:105F00002A8A22B92846BDE87040EDF7DFBE018A33
:105F1000438A46695B1AC168891B5B1A9A4207D992
:105F200001460022204600F03AFA00232361E9E707
:105F3000E9680C30FEF7C0FF2846EDF7C7FEC9E759
:105F4000002323612046BDE87040012200F027BAFB
:105F500070BD10B500F1CC02D2E8AF3F5BB1591C67
:105F6000D2E8EF4F9C4204D1C2E8EC1FBCF1000F15
:105F7000F6D1F1D110BD1846FCE710B5437B0446BD
:105F8000023B062B16D8DFE803F009041515150BA4
:105F90000900017300212046F0F728FA002010BD07
:105FA0000088FFF75FFB0028F9D1637B072BF5D151
:105FB0000821F0E76FF07F00F1E710B50446D0F854
:105FC000A40028B9207A04F17001F3F799FF38B1E1
:105FD000E278438A2AB903F02100003818BF012073
:105FE00010BD03F02400F8E782780346012A06D1A9
:105FF000C07A28B1D3F8A40010B1007C704700200B
:10600000704738B583780446012B23D1437B072B97
:1060100023D10B0601F07F050CD54FF4004104306D
:10602000FFF715FF2046A572F3F7FCFB08B1637A72
:10603000A37238BD437AAB4212D2837AAB420FD2FD
:10604000031DD3E8EF1F21F40041C3E8E21F002A3B
:10605000E8D0F6E76FF01500EBE76FF07F00E8E7B8
:106060000020E6E78378012B0CBF407A00207047C0
:1060700038B5037A04468B42154615D100F17001FC
:106080000722284605F076FB80B1E378072243B962
:1060900004F17E01284605F06DFBB0FA80F040095E
:1060A00038BD04F17701F5E70020F9E70120F7E7B3
:1060B00008B5F0F71FFD10B1F0F74CF9012008BD4D
:1060C0008378012B0CBF70300020704720B183789B
:1060D0001940081E18BF01207047F8B507460D4645
:1060E0004FF0FF304FF0FF31EEF7F2FA0646D0B135
:1060F0000E210C30FEF7DAFE04460E22002105F0D8
:106100002AFB3B88314623802B88002263806B88E2
:1061100042F21300A380AB88E380EB882381BDE8C3
:10612000F840EEF7C1BB6FF06800F8BD8378012B33
:1061300001D101F05BBE6FF015007047704710B5DC
:106140000446F8F777F9234653F8402BD2F8B810F5
:1061500061B92164D2F8BC1061B9C2E92E33F8F7F5
:106160007DF92068BDE81040F0F71CB98B42F6D0ED
:106170000968EDE70B60C2F8BC30F0E703682BB1AB
:1061800041681A688B42026008BF426070477047DE
:106190002DE9F843446B2CB154F8085905B1083D7A
:1061A00000270CB9BDE8F883D4E900682EB3F8F7EE
:1061B00041F90022D6F8B83004F1400163B19942A8
:1061C00033D1236C4ABBD6F8BC20C6F8B830914214
:1061D00001D1C6F8BC302764F8F740F904F1300962
:1061E000002200234846F7F7AFFB064600BBD8F86D
:1061F00004300BB1204698472760E3680BB1204676
:106200009847D8F820300BB120469847DDB1AB68ED
:1062100003B1083B2C461D46C3E71360D6F8BC30DB
:10622000994208BFC6F8BC20D5E71A461B68C5E7E7
:10623000B36923B16FF06D02F16920689847304669
:10624000EDF744FDCCE72B46E4E738B5406B0D464F
:1062500020B150F8084904B1083C00B938BD436882
:106260009B680BB1294698472CB1A36803B1083B42
:1062700020461C46F1E72346FAE7F8B50E46002112
:106280000746154600234FF480320846F0F7EAFD32
:10629000044630B104210C30FEF708FE077046704A
:1062A00045802046F8BD70B505460068B8B1407B12
:1062B000072814D1002A0CBF012002200E7A864242
:1062C00010DCC87A07280DD98A61CB6105F130004E
:1062D00004F099F82846FFF732FF002070BD6FF0F8
:1062E0007F00FBE76FF01500F8E7406B28B1838B68
:1062F00008388B4201D08068F8E7704710B54AB97A
:1063000089B2FFF7F2FF28B143689B6913B1BDE87A
:106310001040184710BD38B50D460521FFF7E5FFC1
:10632000002329461A46FFF7BEFF044610B128464F
:10633000EDF7CCFC204638BD38B50B8A0546032B5B
:106340000C4621D9042104F10C00FEF7E9FD238A53
:1063500042889A4218D14178B1B10378012B13D009
:10636000132B11D0022201202D68FFF786FF04466F
:1063700050B102210C30FEF799FD00232146037035
:1063800043702846FFF7C7FF002038BD406B28B197
:10639000838908388B4201D08068F8E7704738B5A8
:1063A0000B8A0546032B0C4604D82046BDE838402E
:1063B000EDF78CBC042104F10C00FEF7B1FD41881F
:1063C0002846FFF7E3FF0028EFD0436821465B69CA
:1063D0009847EAE770470346006828B159680268A1
:1063E00088421A6008BF5A6070470346002003B90C
:1063F00070471A8A5B681044F9E710B5D468023117
:10640000237813B92170012010BD8B42FBD0038A81
:10641000023B038200201061F6E72DE9F0410446BB
:106420008868FFF7E2FF638B628D0D46934228BFB9
:10643000134683421DD300272165D1F808808F6061
:10644000F7F7F8FF41462046F0F742FE064638B11E
:10645000C5F808802765F8F701F83046BDE8F081F7
:10646000618D638B2846994228BF194601F020F9B7
:10647000F1E76FF07906F0E72DE9F041C4690746CE
:1064800044B154F8986906B1983E0022154607F1C8
:1064900004080CB9BDE8F081236D9BB905B98AB930
:1064A0004046FFF798FF054658B101462046FFF7E2
:1064B000B4FF0028EED07B682B60BB687D6003B919
:1064C000BD60224636B1D6F8983003B1983B3446C9
:1064D0001E46DEE73346FAE773B514460146054625
:1064E0004FF49572206800F0A5FF207530B9294659
:1064F000206801F0E0F820B908232375002002B0DD
:1065000070BD237AB3B1A3F11802534253419B00EB
:106510000193638A29460093AE68238AE268206863
:10652000B047002808DB238A83420CD100230120D6
:106530002375E4E70223EBE710F1FF0F03D340429A
:10654000C0B22075DAE70E20FBE738B504460D46E9
:10655000F0F7BEFD30B1294604F15400BDE83840E3
:1065600003F051BF38BDF8B5936805460F46144691
:10657000166863B9506801210C30FEF797FCA060E3
:106580002B681B78002B14BF022301230370A36820
:106590001B78012B03D0022B1FD000201CE02B689E
:1065A0001B78002BF9D1606804210C30FEF77EFCCB
:1065B000E06007802A68E36852885A806168728DBB
:1065C000738B088A9A4294BFC0EB0200C0EB0300B1
:1065D000042894BF00200120F8BD2B681B78022BF3
:1065E000DBD1606812210C30FEF760FCE0600780B0
:1065F0002B68E268591C0232113351F8040B99429E
:1066000042F8040BF9D16168728D738B088A9A4243
:1066100094BFC0EB0200C0EB03001228D9E770B4AE
:106620000668F2695AB3144654F8983903B1983B96
:10663000002211467CB9438D408B8B4201D8904299
:106640001FD9824238BF02469942306838BF194686
:1066500070BCF2F763BC844207D0658D648BA9429D
:1066600038BF2946A24238BF224633B1D3F89850EA
:1066700005B1983D1C462B46DCE71D46FAE711465E
:10668000D9E770BC70472DE9F041CB6805461F88FB
:10669000BBB2162B1BD90321F0F7C2FD0646C0B1D1
:1066A00002210C30FEF702FC00244FF04108314675
:1066B00080F8008044702846FFF747FF2846A5F879
:1066C0001A806F85FFF7ABFF2046BDE8F0810420FC
:1066D000FBE70E20F9E7D0680431037813B90170A5
:1066E000012070478B42FBD0002091680B8A043B4D
:1066F0000B82106170472DE9F04188461746012151
:10670000042205461E46F0F73BFD044670B1042105
:106710000C30FEF7CBFB80F80080A0F80170C6704B
:1067200021462846BDE8F041FFF70FBFBDE8F081E4
:106730001FB5CDE9012300231A460093F1F76CFF42
:1067400005B05DF804FB0022036803B970478B4273
:106750000FD10B683AB942680360914200D143609F
:1067600000230B60704713604368994208BF426082
:10677000F6E71A461B68E8E7D0E8EF3F43F0080267
:10678000C0E8E12F0029F7D1C3F3C000704707B577
:10679000CA680C211388528800920D22F0F7DEFDA2
:1067A00003B05DF804FB07B50022CB680A211B8803
:1067B00000920B22F0F7D2FD03B05DF804FB70B538
:1067C00004460E46002200230846F7F7BDF80546AA
:1067D00058B101462046F0F77BFC044618B1294623
:1067E000304603F01BFE204670BD6FF00104FAE74F
:1067F00037B50C46054601F10C00FEF7A1FB228AD5
:1068000003460192E2681221009228461322F0F713
:10681000E3FF03B030BD37B50C46054601F10C006F
:10682000FEF78EFB228A03460192E2682846009218
:1068300000221146F0F7D0FF03B030BD2DE9F04340
:1068400042F60103002591B0D2F8008007460E46BB
:1068500000680BA9D8F8049014468DF82C50ADF8B8
:106860002E30FEF70BFC002800F082804FF42053FE
:1068700038680BA98DF82C50ADF82E30FEF7FEFBD2
:1068800038B1A3681BB15A88B24200D25E800120A1
:1068900010E061680846FFF7A8FDB8F82A20B8F8AC
:1068A0001A309A4294BFC0EB0200C0EB03000328E9
:1068B00003D8002011B0BDE8F0830846FEF7C9FAFE
:1068C000054661680846FFF790FD6B8A2A8AA3EBAC
:1068D000020C6B69EA68D21AACEB0203B8F81AC072
:1068E000B8F82A20944594BFC0EB0C00C0EB02001E
:1068F000834228BF03466BB9887AEDF73FF900223F
:106900000023FEF773FA05460028D2D001466068DE
:10691000FEF7B0FA002300933946D7F8048010231D
:10692000484602AAC047071E22DB227CE068BA4222
:106930001AD001460BA8FEF7CEFBC8B1FAB202A9E5
:1069400006A8FEF7C8FB98B106A90BA8FEF796FBB0
:1069500070B900230421637405F10C00FEF7A6FA58
:10696000A0600680A36891E702A904F003FFEFE7A7
:106970000023A3608BE72DE9F04F064685B0104653
:1069800090469946FFF731FD738B728D8B4693428B
:1069900028BF1346834275D9736840460393FEF7B8
:1069A00058FA4FF0000A04464046FFF71EFDE16822
:1069B000228A658A6369AD1ACB1AED1A778B738DBB
:1069C0009F4294BFC0EB0700C0EB0300854228BF85
:1069D000054625BB98F80A00EDF7D0F80022002301
:1069E000FEF704FA044608B9574627E00146404638
:1069F000FEF740FA4046FFF7F8FCE168228A658A14
:106A00006369AD1ACB1AED1A778D738B9F4294BFD1
:106A1000C0EB0700C0EB0300854228BF0546CDF858
:106A20000090DBF804700A4403985946ABB2B847AB
:106A3000071E07DABAF1000F18BF5746384605B0EF
:106A4000BDE8F08F0E9BABB9394604F10C00FEF7A0
:106A50002DFA4046FFF7C9FC738D728BB9449342FF
:106A600028BF13468342BA441FFA89F9BCD9AF4202
:106A70009AD0B9E7394620460F9A0E9B98470028CE
:106A8000E2D1B1E70027D9E700232DE9F3411768E8
:106A90001446D7F8048001461373064695224046F3
:106AA00000F0C8FC0546207330B93146404600F07E
:106AB00000FE28B908232373002002B0BDE8F0814E
:106AC000A068798B7A8D038A914294BFC3EB01034E
:106AD000C3EB0203012BEFDD02210C30FEF7E6F9D8
:106AE000CDE900558046A38831463846A268FFF7B5
:106AF00042FF031E06DA13F1FF0F2ABF5B420E238B
:106B0000DBB2D8E70120A8F80030D6E700232DE952
:106B1000F34117681446D7F80480014613730646FC
:106B20009522404600F086FC0546207330B9314678
:106B3000404600F0BEFD28B908232373002002B0B0
:106B4000BDE8F081CDE9005531463846A388A268FA
:106B5000FFF711FF002807DA10F1FF0F32BF0E20F8
:106B60004042C0B22073E9E70120E8E7F8B50546E6
:106B700050F8044C071F00F14803D3E8EF1F21F041
:106B80000401C3E8E21F002AF7D1FCB1EB6C83B922
:106B9000636873B1201DFFF71EFC064601463846A8
:106BA000FFF73BFC90B163683360A368666003B98C
:106BB000A660384605F15001FFF701FE30B13846B6
:106BC00004F10C01BDE8F840FFF7F9BDF8BD08B5C8
:106BD000437B072B01D0002008BD0421FFF7D6FB23
:106BE0000028F8D000F14803D3E8AF3FDB07F2D527
:106BF00050F8040CF0E738B50546D1E8AF3FDB07A5
:106C000016D550F8040C98B1EB6C8BB90430FFF733
:106C1000E2FB044660B10146281FFFF7FEFB38B1D6
:106C200055F8043C5A6822609A685C6002B99C601E
:106C300038BD70B50E461546FFF7C9FF78B1C36978
:106C40006BB1184650F8983903B1983B691C428DD6
:106C5000448BA24228BF2246914202D93BB9002070
:106C600070BD2A463146BDE87040F0F789BAD3F8C6
:106C7000984004B1983C18462346E8E7F1F74CBC2D
:106C800010B504466438F1F773F854F8640C132116
:106C9000BDE81040FFF771B970B550F8043C0446E8
:106CA000061F002B34D039B1C36C002B30D01B7CB5
:106CB000DA072DD505231EE005682846F2F74EF9C0
:106CC0006B7A012B24D0E46C14B3237CDB071FD533
:106CD000E368002BEED030466269617CF0F750FA31
:106CE000054638B1D4E90512E368984750B1284603
:106CF000ECF7ECFF0E2300223046BDE87040114651
:106D0000F1F700B829463046F0F7E2F90028EED155
:106D100070BD08B500230A8AC968F0F7F3FF0020A8
:106D200008BD70B50D46FFF752FF044628B9284646
:106D3000ECF7CCFF6FF07F0070BD00F10C06294628
:106D4000304603F060FBE469C4B154F8985905B1CA
:106D5000983D0022104607E022467DB1D5F89830D4
:106D600003B1983B2C461D46831C01D1002AF4D167
:106D700031462046FFF723FD0028EDD10020DBE758
:106D800038B505460C46F7F755FB2846FFF71FFFB9
:106D900020B9F7F763FB6FF07F0038BD0023236055
:106DA00083683BB9C0E90144FFF766FBF7F756FB80
:106DB0000020F2E71C608460F6E70120704708B508
:106DC000FFF705FF78B1C3696BB1983B03F14C0243
:106DD000D2E8EF0F20F00800C2E8E10F0029F7D158
:106DE000D3F89830F0E708BD08B50421FFF7CEFAD4
:106DF00020B14830D0E8AF0FC0F3C00008BD10602C
:106E00000020704710B5029CA36833B1B1F5807FB4
:106E100028BF0E21CAB221469847A37DE268013BF4
:106E2000DBB2A37522B11BB92046BDE81040104764
:106E300010BD10609180002070470020704707222D
:106E400008B504F097FCB0FA80F0400908BD10B511
:106E500003780446934207D10130FFF7F0FF002882
:106E600014BF2046002010BD0020FCE7034610B5EB
:106E7000D3E8EF0F40EA0102C3E8E42F002CF7D17A
:106E800010BD034610B5D3E8EF0F00EA0102C3E8D6
:106E9000E42F002CF7D110BD0B6803608B88838032
:106EA0008B7983717047D0E8AF0F704770B50D468E
:106EB000064611F8010BEFF71DFE044610B12C89B0
:106EC000EFF748FA6B89A34207D0EB686C8123B1D6
:106ED00021463046BDE87040184770BD38B5BDF852
:106EE00010401546A2420CD84CB16BB1A41A8C428A
:106EF000A8BF0C46A4B22246591904F006FC20464D
:106F000038BD6FF00604FAE76FF00D04F7E730B50F
:106F100085B0C96814461D46F1F7A4F800B1008990
:106F20000223ADF80E00009329462046BDF820202C
:106F30000DF10E03FFF7D2FF05B030BD1FB50C46B3
:106F40001946E36810461C78BDF818203CB110249F
:106F50000133069404B0BDE81040FFF7BFBF5B8863
:106F6000ADF80E30022300930DF10E03FFF7B6FFCC
:106F700004B010BD30B51D46002385B014468DF811
:106F80000C30F1F73DF810B1037A8DF80C30012385
:106F9000294600932046BDF8202003ABFFF79EFF53
:106FA00005B030BD10B5F0F7A3FF044640B101466F
:106FB00011F8010BEDF78EF8002323606360A360E6
:106FC00010BD70B500F1700605463146007AFEF737
:106FD00028FB04463146287A1CB1BDE87040FFF713
:106FE000E1BFF0F785FF10B104604460846070BDBC
:106FF000022A10B508D1002300F170011A46007A68
:10700000F1F786F8022010BDFFF7DBFFFAE737B58E
:1070100004460D46F0F72AFF024698B1037A0C3079
:107020008DF80430FFF73FFF10F0010318BF012374
:107030008DF80530022301AA29462046EDF752F8C3
:1070400003B030BD0346F7E7F0B5076806463D7864
:10705000144689B035BB7B88B3F5245F04D01BD8B8
:10706000A3F52053032B1DD8ADF80A1002222046A9
:107070000DF10A0103F0A4FF48B97B8802222046E3
:107080000DF10A01ADF80A3003F09AFF70B16FF00C
:107090001503C4F85C3106E003F55643FF339BB299
:1070A000042B15D90125284609B0F0BD009003AA8C
:1070B000132331467768B847021E02DAC4F85C2110
:1070C000F1E703A9204603F07BFF0028EAD0DEE7C2
:1070D000ADF80A10022220460DF10A0103F070FFFC
:1070E0000028D4D17B880222ADF80A300DF10A01C4
:1070F000E8E708B50C3029B10121FFF7B7FEC0431E
:10710000084008BD6FF00101FFF7BBFE00F0010071
:10711000F7E710B50446FFF7ECFF38B12146BDE8AC
:107120001040012211F8010BF0F7B0BF10BD2DE99E
:10713000F0419846BDF818300646012B17462ED868
:107140004344012B45462DDCF0F75AFF044618B99D
:10715000F0F756FF044640B3B8F1000F11D00023FA
:10716000217A21FA03F2D00703D53A78DA40D20720
:107170001ED50133032BF4D13B7803F007031943E9
:10718000217206F17001601CFFF786FE337A01213F
:1071900020462370FFF7BDFF2846BDE8F0816FF061
:1071A0000605F9E76FF00C05F6E76FF01005F3E759
:1071B0006FF01205F0E770B504461546FFF7FDFDC8
:1071C00048B12046F0F71CFF28B1037ADB0702D54F
:1071D0000121FFF79EFF85B9207A04F17001F0F7D5
:1071E00087FE024648B1014685600423BDE8704031
:1071F00011F8010B0832ECF75FBF70BD2DE9FF41BC
:10720000884616461F46044628B96FF015052846DD
:1072100004B0BDE8F08102A9FDF708FF054600288B
:10722000F3D1204601A9FDF748FC0198D0B9002010
:1072300002A9F0F71BFE044648B9F0F7E1FE044648
:1072400078B3002302A900F8013BFFF725FEB8F14F
:10725000000F22D0022269463846B047002808DADB
:107260000546D4E70A222946FBF7E4FB0028DED0D6
:10727000CBE79DF800300228237204D0002120467D
:10728000FFF747FFC3E79DF801100129F6D8204614
:1072900001F00101FFF72DFFB9E72046F1F700F8F3
:1072A000B5E76FF00B05B2E738B5BDF81010BDF8C3
:1072B00018401046A142059D0CD84CB16DB1641A1E
:1072C0009C42A8BF1C46A4B22246294404F01DFAE1
:1072D000204638BD6FF00604FAE76FF00D04F7E7BB
:1072E00013B5044610B9002002B010BD00238DF87C
:1072F000043042F60303006801A9ADF80630FDF73B
:10730000BDFE0028EFD1E36898880028ECD1204624
:10731000F1F752F9013080B2E6E770B5CC681E464D
:10732000A37988B008468DF80C301546FFF7D8FFD2
:10733000ADF80D00246823786BB96388ADF80F3081
:107340000523009331462846BDF8302003ABFFF7F4
:10735000C5FD08B070BD631C0DF10F02113453F868
:10736000041BA34242F8041BF9D11323E9E71FB51C
:10737000CDE9012300231A460093F1F74DF905B03A
:107380005DF804FBF1F738BA38B5044659B100F19D
:1073900070052946007AF1F7C5FA2946207ABDE83A
:1073A0003840FFF734BE38BDF8B506460F46F0F753
:1073B0007DFD394604463046FEF733F948B344B301
:1073C00004F108056FF001012846FFF75AFDC207D6
:1073D00003D539463046F1F7A5FA6FF00201284689
:1073E000FFF74FFD830703D539463046FFF70FFE01
:1073F0002846FFF758FD60B9234603F8010BC4F88F
:107400000100C3F80300D5E8EF3FC5E8E20F002A0A
:10741000F9D1F8BD10B50446A0F1170110F8180C09
:10742000FFF7C2FF14F80C0CA4F10B01BDE81040EB
:10743000FFF7BABF38B54C8AD3070546C4F30E042C
:1074400004D514F0950F2AD04B6843B3900704D5A8
:1074500014F4957F25D08B681BB3144014F4DE7FA1
:107460000DD0EB7A2BB92846FEF7A7FDD8B9052039
:1074700038BD14F0300F04D114F4C07F07D10020C0
:10748000F6E72846FEF7EEFD0228F5D8EFE7D5F837
:10749000A430002BEBD05B7CDB06E8D5EFE70220C5
:1074A000E6E70320E4E70F20E2E72DE9F041437B24
:1074B0000646072B0C46154686B040F08580002313
:1074C0008DF8143042F60303206805A9ADF8163094
:1074D000FDF7D4FD90B96768002F75D001232146D0
:1074E000009004AAB84701286ED19DF8103013F01F
:1074F000300F69D02046F1F761FA04460023206876
:107500008DF8143042F6021305A9ADF81630FDF7D8
:10751000B5FD18B12046F1F751FA0446002742F6AE
:107520000218206802A98DF80870ADF80A80FDF7EE
:10753000A5FDF8B9002320688DF8143042F6021337
:1075400005A9ADF81630FDF799FD00283CD1676814
:10755000002F39D0009002232146304605AAB847B3
:10756000022831D1BDF8143005EA0300003818BFF5
:1075700001202AE042F60303206803A98DF80C706D
:10758000ADF80E30FDF77AFD0028D3D04FF420532C
:10759000206804A98DF81070ADF81230FDF76EFD6B
:1075A0000028C7D042F60103206805A98DF81470A1
:1075B000ADF81630FDF762FD0028BBD02046F1F78C
:1075C000FDF904460028ACD1002006B0BDE8F081EA
:1075D000F8B514460F46942261680646FFF72AFF65
:1075E00020BB012230466168FFF75FFF08B3A28924
:1075F0001B2130460232FFF71CFB0546E0B1A18992
:107600000C300231FDF752FC20F8027BA289A16800
:1076100004F07BF8D4E9041228460123F0F708FCB3
:1076200029463046BDE8F840FFF77BBB4FF0FF30FE
:10763000F8BD6FF01500FBE76FF00B00F8E72DE9E0
:10764000F04105468846F0F7DBFC0446E0B1037ADA
:10765000DB0719D500F10C073846FFF724FC10F0C2
:10766000010611D1B8F1000F0FD06FF002013846BA
:10767000FFF707FC10F0020F284609D0FFF79FFB29
:1076800001212046FFF745FD01263046BDE8F08187
:10769000FFF793FB0028F8D02846FFF7A5FB00284A
:1076A000F3D06FF002013846FFF7EBFB2846E5E721
:1076B0007047012070470120704713B5C068144619
:1076C00068B100238DF804304FF4C05301A9ADF820
:1076D0000630FDF7D3FC10B9236801332360012085
:1076E00002B010BD0720704708B50621FEF74EFE18
:1076F00000B1EC3808BDD0E8AF0F084100F0010040
:10770000704738B50A46034609B9012038BD488A92
:1077100010F0240FF9D0197D5D7B147CA94228BF9D
:1077200029468C4201D90020F0E7800607D4517C1D
:10773000C9070BD4187A003818BF0120E6E70521E5
:10774000181DFFF7D8FF0028F1D1ECE7197A0029BE
:10775000E9D00521181DFFF7CEFF18B9197A0139B4
:107760000129E0D9527CD207CFD4E3E701238B4033
:10777000DB43D0E8EF2F1A40C0E8E12F0029F8D111
:10778000704707207047002370B51A460446EC3056
:107790000D46FEF788FD20B12846BDE87040ECF7A5
:1077A00095BA04F59C704FF47022BDE87040002338
:1077B000F6F7A2BB01238B40D0E8EF2F1A43C0E8B5
:1077C000E12F0029F8D1704708B50E21FFF7F2FF2D
:1077D000002008BD38B505460B4604300D21FFF7E3
:1077E0008AFFA0B1DC68D5F8EC300220197A03F1E9
:1077F000700200F015FC80B1224600F12E0304F166
:10780000100152F8040B8A4243F8040BF9D12846C0
:107810000921FFF7CFFF002038BD0820FCE770B535
:10782000051D0E4628460421FFF765FF68B10022BA
:10783000002100230846EFF715FB044640B9042158
:107840002846FFF7B7FF204670BD4FF47022EFE7E0
:1078500001210C30FDF72AFB0670F4E738B504214E
:107860000446FFF7DCFF054698B110210C30FDF708
:107870001DFB04F1270304F1370253F8041B934264
:1078800040F8041BF9D120462946FFF77CFF002071
:1078900038BD0820FCE72DE9F047044690B00CAD58
:1078A00010220021284603F056FF237A052B1ED80C
:1078B000DFE803F0060303061D21D4F8D8300C934B
:1078C000D4F8EC3004F1470204F1C707CDE90172A6
:1078D00004F1370803F17E0204F1270900924146C2
:1078E0004A46773304F19700F2F71CFB98B1082061
:1078F00010B0BDE8F087D4F8E430002BE0D02E467D
:1079000003F11007324618685968083303C2BB42B6
:107910001646F7D1D4E7D4F8EC3008AE03F177027D
:107920007E33019304F111030292009342462B46E9
:1079300049463846039600F071FC0028D7D1237AD7
:10794000052B0FD1D4F8E010002948D00B46AC46E7
:1079500001F1100E624618685968083303C2734576
:107960009446F7D1D4F8EC300DF1100A03F17E0201
:107970007733019304F10A03029200934A462B469F
:1079800041463846CDF80CA000F048FC0028AED1A6
:107990001022514604F1B70003F0ECFE20BB0D218C
:1079A0002046FFF73CFF07460028A0D010210C30EE
:1079B000FDF77CFA32460346164603CEAE42186007
:1079C0005960324603F10803F6D139462046FFF7E5
:1079D000DAFE201D0121FFF7EDFE002088E71022CE
:1079E000284603F0B8FEBDE70B2081E770B5D0F85C
:1079F000EC300446DB78012B19D1CD68061D10212F
:107A00003046FFF7B3FE2B4604F1B70205F1100133
:107A100053F8040B8B4242F8040BF9D1072130468E
:107A2000FFF769FE28B109213046FFF7C3FE0020A9
:107A300070BD0A213046FFF75EFE0028F3D12046D4
:107A4000BDE87040FFF727BF70B5061DCD6804463E
:107A50000B213046FFF78AFE2B4604F1170205F191
:107A6000100153F8040B8B4242F8040BF9D1237A2E
:107A7000012B09D0022B13D120460421FFF79AFED7
:107A8000BDE87040F1F716BC0A213046FFF733FE1F
:107A90000028F1D030460021FFF78CFE002070BD99
:107AA0000820FCE707207047072070470720704731
:107AB000012303FA01F1CA4330B5D0E8EF3F03EAEE
:107AC0000204C0E8E54F002DF7D101EA03000038B9
:107AD00018BF012030BD38B504460025031DD3E88A
:107AE000EF2FC3E8E15F0029F9D104F59C7002F0A3
:107AF00084FD2572D4E8EF3FC4E8E25F002AF9D1A3
:107B00002046BDE838400121FFF754BE70B500F1B2
:107B1000700605460C4607223046096803F02AFE27
:107B2000B8B963681A682A679A88A5F874209B799F
:107B300085F87630D5F8A4305BB1A268934208D0BE
:107B400062681168C3F801109188A3F80510927952
:107B5000DA7170BD2DE9F84FDDF82C8004469246AD
:107B60001F46BDF82890FFF7BFFD054600285CD0F2
:107B7000061DB9F1000F27D15AEA070324D10321CA
:107B80003046FFF7B8FDF8B101213046FFF7B3FDED
:107B9000D0B12C7D6B7B05F147019C4228BF1C4670
:107BA0002246404603F0B1FD0F2C06D84946C4F1E9
:107BB000100208EB040003F0CEFD30460121FFF770
:107BC000F9FD0120BDE8F88FD4F8A43083B904F1A1
:107BD000700B5A462020217AF2F73AF9C4F8A40033
:107BE00030B95A460120217AF2F732F9C4F8A400DC
:107BF000B9F1000F0CD15AEA070709D1D4F8A41043
:107C000031B14B8A9B0603D50C7C1E312246C8E756
:107C10000F213046FFF76FFD20B1022206212046DA
:107C2000EEF714FF2846FFF756FF0020CAE76FF073
:107C300085007047F8B5031D06460F461846022119
:107C4000FFF759FD044620B1B6F8E840B4FA84F4D1
:107C5000640903211846FFF74EFD58B139463046F6
:107C6000F1F7A2FE052194B1D6F8EC00FEF785F9F4
:107C70000020F8BD01211846FFF73DFD0028EDD199
:107C80000F211846FFF737FD0028E7D1EAE7304615
:107C9000FFF7C5FD054688B101210C30FDF706F957
:107CA000234607702246294606F1EC00FEF7FBFA50
:107CB0000028DDD02846ECF709F8D9E76FF0680016
:107CC000D7E770B504460820F1F7CCF90546E0B1D6
:107CD000061D08213046FFF749FDBCB30721FFF719
:107CE00045FD234605F1970204F1200153F8040BEA
:107CF0008B4242F8040BF9D10A213046FFF7FBFC16
:107D000070B109213046FFF755FD0720F1F7AAF9B8
:107D10000446E8B1F1F7F0F9D0B10821204612E0AD
:107D200010213046FFF7E7FC09210028EAD1304650
:107D3000FFF7E1FC0028E8D02846FFF7ACFD01463C
:107D40000028E2D02846FFF775FFDEE70B21F9E7B0
:107D500070BDF0B587B00E461546FFF7C5FC04466A
:107D600020B96FF01505284607B0F0BD321E18BFC8
:107D70000122C37A03F001039A4207D02A1E18BFDA
:107D80000122837C03F001039A42EAD1271D0C21D2
:107D90003846FFF78DFE0028E3D0C4E93865C5B149
:107DA00004F1570102AE2A4600230846009600F06F
:107DB00010FA05460028D6D11022D4F8E410304637
:107DC000114403F0D7FC20B104212046FFF732FF15
:107DD000C9E70D212046FFF7EDFC10213846FFF7DB
:107DE000E9FC2046FFF73AFD0546BCE710B5FFF772
:107DF0007BFC044610B96FF0150010BD0A21043059
:107E0000FFF756FE0028F6D0237A062B11D8DFE8BC
:107E100003F00E04040A100C0C0001212046BDE8FA
:107E20001040FFF707BF0421F8E70221F6E7082119
:107E3000F4E70020E1E72DE9F0410E460446D0F8D2
:107E4000EC80F1F71FF9F768261D05460A21304638
:107E5000FFF72EFE38B16DB920463978F1F7A4FD51
:107E60000020BDE8F0810B213046FFF721FE0028FD
:107E7000F1D1F1E72B69002BEED040469847EBE7B4
:107E800070B50446A0F1EC0650F84C3BE83CD3F842
:107E9000A45002F0B2FB03212046FFF72CFCA0B156
:107EA00008213046F1F780FD3DB16B8A13B16B7C40
:107EB0009B0702D5284600F0C7F83046BDE8704061
:107EC0004FF4B872002103F046BC01212046FFF7B1
:107ED00012FC0028E4D10F212046FFF70CFC0028FB
:107EE000DED1E1E710B504460821A0F59C70F1F75A
:107EF0005BFDA4F59A700421BDE81040FFF75ABC61
:107F000070B50446FFF7F0FB0546002875D0061D46
:107F100003213046FFF7EFFB00286ED0D4F8A40011
:107F200008B100F091F8207A04F17001F1F746FFF2
:107F3000C4F8A40028B92846BDE870400821FFF71E
:107F400079BE0E213046FFF7D6FB28B1D4F8A42025
:107F5000537C43F0020353742B7A032B0DD8002B70
:107F60004CD1D4F8A420537C23F020035374D4F8CC
:107F7000A420537C23F001030DE0053B012BF0D836
:107F8000D4F8A420537C43F020035374D4F8A420E5
:107F9000537C43F0010353742B7D697BD4F8A420F8
:107FA0008B4228BF0B46304613740521FFF7A3FB15
:107FB000D4F8A420537C40B343F010030D21304685
:107FC0005374FFF798FBC0B12021D4F8A40000F04F
:107FD00037F8D4F8A43005F147021E33573552F86C
:107FE000041BAA4243F8041BF9D10023D4F8A420AF
:107FF00053619361D4F8A420938370BD052130466A
:10800000FFF779FB0028ACD0C0E723F010035374CE
:10801000F3E7437C5B0602D40121ECF723BF7047F2
:1080200070B504460D461646F1F712FF38B93146D1
:108030002846F1F7C3FE10B1438A1C43448270BD49
:10804000438A19434182704710B5037A04465B079F
:1080500001D5ECF7D9FF214611F8010BECF7B0F888
:108060002046BDE810404422002103F074BBF0B567
:1080700006461446184693B026B3382204A9A047F2
:10808000041E1FDB304602A9FCF7D0FF0546C8B925
:10809000304601A9FCF711FD019868B9ACB9214639
:1080A0003F2002AAF1F7D4FE18B14422214603F082
:1080B00052FB284613B0F0BD0A222946FAF7BAFC53
:1080C0000028EBD06FF01505F3E7002002A9F1F7C7
:1080D00075FE0346002859D0382C9DF8102026D074
:1080E000102A3ED8342C3CD140F2112204AEC2609A
:1080F00010AF00F11002344603CCBC421060516056
:10810000264602F10802F6D120681060D97BB3F848
:108110000D2042EA0142022A23D15A7CD107C8D558
:1081200012F0300FC5D122F001025A74C1E7102AB3
:108130001BD840F2112204AEC26010AF00F1100251
:10814000344603CCBC4210605160264602F108025E
:10815000F6D1206810605A8A02F0220190065982F6
:10816000D4D41846FFF770FFACE704AA00F10C0660
:10817000144603CC716012A98C423060224606F18D
:108180000806F5D11A7B112AC0D0EAE76FF00B057B
:108190008FE702460146382311F8010B0C32ECF749
:1081A00001B8531E1944024411F8013900F8013B8B
:1081B0009042F9D1704710B5431E00F1100207300C
:1081C00013F8011F12F8014D83421C701170F7D192
:1081D00010BDF0B50E4614461D4697B0014620224C
:1081E00005A81C9FFFF7DDFF202231460DA8FFF7F1
:1081F000D8FF2146102201A88DF85450FFF7D1FF77
:108200003B46412205A901A8F1F722FF044610B917
:108210003846FFF7D0FF204617B0F0BD2DE9F043F8
:1082200016461D4697B00446DDE91F98102205A8A2
:10823000219FFFF7B6FF1022314609A8FFF7B1FFD3
:10824000102229460DA8FFF7ACFF03221E9911A8A2
:10825000FFF7A7FF494611F8013BD9F801008DF857
:1082600047308B880622129012A8ADF84C30FFF7E9
:1082700098FF414611F8013B06228DF84E30D8F8A0
:1082800001300DF14F00CDF84F308B88ADF85330F1
:10829000FFF787FF2146102201A8FFF782FF3B4628
:1082A000412205A901A8F1F7D3FE044610B93846CA
:1082B000FFF781FF204617B0BDE8F0830069283042
:1082C000F5F774BBF8B504260D4607693744384600
:1082D0002A8AE968FBF7DFFA10F10C0F044603D095
:1082E000002807DA2046F8BD4B2001F027FF013EA9
:1082F000EDD1F7E72846EBF7E9FC0024F2E738B5C3
:10830000046900200D46F1F7A5FFB0B9A06BFBF79B
:108310007BFA10B110F1780F0FD1A06B04F10C02B1
:10832000211DFBF78DFA40B94FF48032002304F190
:108330002800F5F76FFB00B9256038BD10B504695A
:10834000201DFBF791FA034648B9A06BFBF76AFAC8
:10835000034620B900F005F8034600B9206018462E
:1083600010BD08B50020EBF795FD002008BD0C22DC
:108370000369C9B202FB0133986F00F00700704730
:1083800070B50346C9B20069EFF31186402484F347
:108390001288BFF36F8F0C2505FB0104A46F14F046
:1083A000C00401D0A24210D1012205FB0100826766
:1083B000002086F31188BFF36F8F28B95B6803EB49
:1083C000C1035B689847002070BD4FF0FF30F0E7B5
:1083D0008022FFF7D5BFF8B5069F05460469C9B2EC
:1083E000EFF3118C402080F31288BFF36F8F0C26BF
:1083F00006FB0146B06F00F0070EBEF1010F11D170
:10840000B76700268CF31188BFF36F8F46B90C2035
:1084100000FB0144C4E91C236B6853F831309847D2
:108420003046F8BD00F0C00087420CBF6FF0770601
:108430004FF0FF36E6E713B580240094FFF7CBFF3B
:1084400002B010BD10B41C240069CBB204FB0300C1
:10845000002110BC1047032000F0E3BC022000F014
:10846000E0BC032000F0ECBC022000F0E9BC1046A8
:10847000F5F79CBA00F06DBDF3F786BB002070479E
:1084800008461146ECF77ABA002208B511461046A4
:10849000F8F796FB002818BF6FF0150008BDF7B578
:1084A0004FF480630F4616460024A64203D816D028
:1084B000162003B0F0BD351BB5F5806F28BF1D46F3
:1084C00000202A4601AB3919F8F70CFC20B9019BB2
:1084D000AB4201D11C44E8E76FF01500E9E700204A
:1084E000E7E7F7B51C460023164682682360A360C1
:1084F0000D465369694601AA9847019B5A1E01928D
:108500001BB96FF0150003B0F0BD0098A268476872
:108510002168676085B9B31AD0F800C0634528BFE9
:10852000634603FB07111A442160A26002689A4265
:1085300006D808300090E0E76B1AB3FBF7F3EBE7DF
:108540000020E0E713460022FFF7CBBF2DE9F047FC
:108550000024836886B0884691465B6902AA01A917
:108560009847A2462546029BAB4202D806B0BDE81A
:10857000F0870026019F07EBC5077B6804933A68E4
:108580000AEB0603B24202D89A460135EBE74946A8
:108590000394059303A8C0470028E7D0049B013645
:1085A0001C44ECE74FF47F03D3F83021D3F83401B7
:1085B000072A05D10238022894BF00200120704705
:1085C000002070474FF05021022310B5C1F8B83594
:1085D0000469FFF7E7FF28B194F8283003F003039C
:1085E000C1F8583510BD4FF4000200230020C1E946
:1085F0000023704718B901F11000F5F7D7B970479B
:1086000037B50D4638B34168F9B1D1E90013846834
:10861000ECB1D4E90024DCB1D3B19C421BD10133CD
:10862000092B18D88DF8013040F20113ADF8023053
:10863000002300788DF804308DF8000068468DF82E
:108640000550F4F78BF903B030BD0B46DFE7224647
:1086500001332344E4E76FF01500F4E71FB5002170
:1086600088420CBF0623042301A8CDE90111039120
:108670008DF80430FFF7C4FF002818BF6FF0040026
:1086800005B05DF804FB7FB5FF238DF803300DF1D5
:108690000303002101930123CDE90231052303A83F
:1086A0008DF80C3001AB04910593FFF7A9FF00286A
:1086B000A8BF9DF8030007B05DF804FB31B94FF087
:1086C000FF324FF0FF331030F5F7A4B9704713B500
:1086D00001AA044600F0CDFA002805DB019B2268C0
:1086E00019791868F2F7F4FA02B010BD4FF0FF32B2
:1086F0004FF0FF33F5F78EB970B50446026902F109
:108700002003D3E8EF5F013DC3E8E15F0029F8D122
:10871000536A3BB9FFF756FF0DB9F4F7DFF920466E
:10872000FBF7E8FE2069F5F741F92046BDE8704007
:108730004FF4A4720023FCF702B908B50146FFF715
:1087400031FF50B14FF05022D2F8583503F00303F7
:1087500081F828300123C2F858354FF05023002209
:10876000C3F8B8250720BDE8084001F0E7BC38B5DC
:1087700005690446FBF747FF05F12003D3E8EF1F27
:108780000131C3E8E21F002AF8D12069FFF7AEFFEC
:108790006B6A3BB92069FFF7D0FF2046BDE838403F
:1087A000FBF79DBE38BD2DE9F8430D46074616463A
:1087B0004168C5F30B03002A60D0C2F30B0252EAF2
:1087C00003045BD1002D59DBCB6AAA199A4255D814
:1087D000FFF7CDFF2046D7F80480FFF73FFF0028C2
:1087E00049D1D8F82C30B34226D100F08EFEB146E4
:1087F000044621463869FFF761FF84B94D44A6EB72
:10880000090600214FF4A47001F0DCFFFFF73BFFE5
:10881000041E04DB14F00104F3D1002EE1D1012089
:10882000FFF71CFF002C14BF254605463846FFF70E
:1088300063FF2846BDE8F883B6F5803F09D3ABB2A5
:1088400053B929460120F4F763F94FF480390446FF
:10885000CFE7B6F5805F09D3C5F30B0030B92946E1
:10886000F4F756F94FF480590446C2E74FF0000977
:108870006FF01504BDE76FF00405D7E76FF015053D
:10888000D7E72DE9F7430E4607461D469046416857
:10889000002A6CD0002B6AD0042B01D9AB0766D11B
:1088A00016F0030463D1002E61DBCA6A7319934288
:1088B0005DD83846FFF75BFF2046FFF7CFFE002864
:1088C00052D1032D1CD8042132460DEB010000F0DB
:1088D00019FE044601463869FFF7F0FE94BB2A46AC
:1088E000414601A802F011FF042132460DEB0100C0
:1088F00000F005FE044601463869FFF7DFFE21E07F
:1089000008F06043B3F1005F02D118F0030F27D0E5
:10891000042DA94628BF4FF0040941464A4601A844
:1089200002F0F3FE4946324601A800F0E8FD044695
:1089300001463869FFF7C2FE24B9B5EB0905C84402
:108940004E44E5D10120FFF789FE05463846FFF782
:10895000D3FE002C18BF2546284603B0BDE8F0839F
:10896000324629464046C3E76FF00404EAE76FF059
:108970001505F1E72DE9F04F824688461C4617465B
:1089800085B0002A7FD0002B77D000297BDB42689E
:10899000CB18D26A934276D8C8F1000505F00305DA
:1089A000FFF7E5FEA54228BF25467B4203F00303FF
:1089B00007F0030658BF5E42764206F00306A64261
:1089C00028BF2646631BA41B24F0030423F00309DD
:1089D000A145C8BFA14603F0030BC8BFA3EB040B1E
:1089E000B9F1000F16D0BB194946184608EB05022D
:1089F000019300F087FD04460146DAF81000FFF706
:108A00005DFEBCBBB54205D0019B4A4619467819AC
:108A100002F088FEADB102ABC5F104060421184690
:108A2000A8EB060200F06EFD04460146DAF81000DD
:108A3000FFF744FEF4B902AB2A463846991902F012
:108A400064FEBBF1000F1CD0082108EB05020DEB02
:108A500001004A4400F056FD04460146DAF81000D1
:108A6000FFF72CFE34B909EB05005A4602A9384439
:108A700002F04BFE5046FFF73FFE204605B0BDE832
:108A8000F08F5C46F6E76FF01504F6E710B50C467C
:108A900000F00CFD0023C4E90003184610BD38B5F2
:108AA00005460C4600F002FD002D07DBA84205D963
:108AB000401B84428CBF0020012038BD0020FCE711
:108AC00070B50D461946284616461C46FFF7E7FFC7
:108AD00038B124B122462946304602F016FE002065
:108AE00070BD6FF01500FBE7436800205B681B69F1
:108AF0000B607047436802EA01005B6821EA0201EB
:108B000098600020D9607047436800205B689960D6
:108B10007047436800205B68D960704743685B68B2
:108B20005A6821EA0200114098600020D96070471D
:108B300030B50369586800B30024884219D1086829
:108B40008CB99C685860A14200D1986000200860F0
:108B50002AB15A680A609A68596002B9996000207F
:108B60000FE02846E9E720609868814208BF9C60D2
:108B7000ECE705680446002DF3D1002AE9D16FF037
:108B8000150030BD00207047F3F73CB930B451F800
:108B900020500C4601EB80023DB10146AC46D4F8B2
:108BA0008000002330BC126C604730BC704710B5A9
:108BB00000690F299FBF00EB810440F82120236446
:108BC000002088BF6FF0150010BD002070471020F6
:108BD00070470F290ED843685B68CB40DB0709D587
:108BE00001228B00DBB203F1A04303F52833002000
:108BF0001A6070476FF01500704738B50F290C46A2
:108C0000056933D843681B68CB40DB072ED5D5F800
:108C1000841021FA04F303F001031AB99BB96FF031
:108C2000770022E0002BFAD111B92A20EAF724FCC0
:108C30000122D5F88430A2401343C5F88430E0B255
:108C4000F3F7F8F90AE0E0B2F3F7FCF90122D5F8FE
:108C50008430A24023EA0203C5F88430D5F884307A
:108C600013B92A20EAF716FC002038BD6FF0150072
:108C7000FBE730B543681360057A446804EBC5042C
:108C8000A34202D36FF0010030BD5C7908338C42FF
:108C9000F1D10020F8E7002200F150039B009BB2C5
:108CA00003F1502303F580331A601B68704708B541
:108CB000F2F730F908BD034670B40C46DA88006854
:108CC00019792243012405698C402B6812F0010FA9
:108CD000866814BF2343A3432B60336870BC1847D6
:108CE00008B5F2F745FC002008BD08B5F6F7F0FE20
:108CF00048B1002383F31188BFF36F8F0423184614
:108D000002DF6FF0040008BD684620F007018D46C1
:108D100001B5F3F71DFAEAF75FFCBDE801408546AF
:108D20007047F7F7A1BE4FF47F03D3F83021D3F893
:108D30003401022808BF072A0CBF01200020704719
:108D400003460020184701F0F9B9024610B5116832
:108D500091B1B1FA81F3C3F11F000123834021EAED
:108D60000303D2E8EF4F8C4204D1C2E8EC3FBCF1E0
:108D7000000FF6D1EBD110BD6FF00B00FBE710B583
:108D80000368CB40DB0710D401238B40026843EA21
:108D90000201D0E8EF4F944204D1C0E8EC1FBCF1CF
:108DA000000FF6D1F2D1002010BD6FF01500FBE7E7
:108DB0002DE9F04116461F464FF0010800F16040D2
:108DC0004C1E0444050B240BA54201D9BDE8F081DB
:108DD00005F00F01C5F30710324608FA01F1B84754
:108DE0000135F1E770B5D0F880300646002B0C460F
:108DF000154613DBD1F88030002B0FDB002108462D
:108E0000F2F76CFD48B92B7843F00043C6F8803088
:108E10002B7843F00043C4F8803070BD6FF015002C
:108E2000FBE703280BD8DFE800F002040608F2F79E
:108E3000ABBEF2F7D7BDF2F75FBEF2F715BE7047D3
:108E400003280BD8DFE800F00402060800F02EB873
:108E500000F07FB800F062B800F044B8704708B581
:108E6000F2F7DCFDF2F7D4FEF2F764FEBDE808404D
:108E7000F2F718BE38B54FF050240123C4F8083378
:108E80006360002342F21075C4F80031D4F8003159
:108E9000D4F80C24D4F80C34D20306D5DB0704D55F
:108EA0000120FFF750FF013DF2D138BDFFF7E2BFCF
:108EB00038B54FF050244FF48073C4F808330123C1
:108EC000E361002342F21075C4F82031D4F8203158
:108ED000D4F85434DB0304D50120FFF734FF013DFF
:108EE000F6D138BDFFF7E4BF38B54FF050244FF44A
:108EF0000073C4F8083301236362002342F2107543
:108F0000C4F82431D4F82431D4F85C34DB0304D51C
:108F10000120FFF718FF013DF6D138BDFFF7E4BF90
:108F200038B54FF050240223C4F808330123E3601E
:108F3000002342F21075C4F80431D4F80431D4F897
:108F40001834DB0304D50120FFF7FDFE013DF6D107
:108F500038BDFFF7E5BFF7B51646DDE908470190D4
:108F600001A81D46F2F78EFE019BB6F1000C18BF5A
:108F70004FF0010C00EB83000B1E18BF0123002DE6
:108F800043EA4C030CBF4FF0000C4FF00C0C002CCC
:108F900043EA0C030CBF4FF0000C4FF4706C002F31
:108FA00043EA0C030CBF4FF0000C4FF4403CD0F8E8
:108FB000002243EA0C0322EA030301B109780EB14F
:108FC0003678760019430DB12D78AD0031430CB1E0
:108FD0002478240229430FB13F783F040C433C43DB
:108FE000C0F8004203B0F0BD1FB50DF10F030193AF
:108FF00000238DF80F101A4619460093FFF7ABFFB8
:1090000005B05DF804FB10B504460846F2F74CFEC7
:1090100004EB4004207DC0F3401010BD10B50446A1
:109020000846F2F741FE04EB4004207DC0F3400007
:1090300010BD10B504460846F2F736FE04EB4004B6
:10904000A08A400B10BD70B5044608461646F2F7DC
:109050002BFE083034F810300D46DA0509D5C3F37D
:10906000432304EBC3023146284654F83330526898
:109070009847A3682BB131462846E268BDE87040A6
:10908000184770BD10B504460846F2F70DFE04EB14
:109090004000838ADA051DD5C3F3432123F4F85336
:1090A000838204F1120204F1720032F8023F13F4D9
:1090B000807F03D0C3F3432399420BD08242F4D183
:1090C000002204EBC1035A6004F17800BDE81040AF
:1090D000FFF755BE10BDF0B5044600200127054638
:1090E000844695420AD1D4F87C3133B10023C4F8C8
:1090F0007C31D4F87C3140F00040F0BDEBB29B00F5
:1091000003F580769B0807FA03F3194208D054F858
:1091100006E0BEF1000F03D044F806C0A65918437C
:109120000135DEE738B504460D46FFF76CFFA8B100
:109130002046FFF773FF88B92046FFF77AFF012327
:1091400022688340C2F80833236803EB8000D0F81C
:10915000103523F00303C0F8103538BD2846BDE8AC
:1091600038400021FFF740BF2DE9F0431746044681
:1091700085B00846F2F798FDD7F800800E46054600
:10918000B8F1000F1ED02046FFF748FF18B1204667
:10919000FFF739FF20BB00230DF10F02CDE90033AB
:1091A0008DF80E308DF80F30304643460DF10E012C
:1091B000FFF7D1FE04EB4502938A23F0020343F04C
:1091C000010393827B689BB33146204693F800806D
:1091D000D3F80490FFF722FF28B1B9F1000F1FD098
:1091E0006FF0150027E004EB4500838A23F4604309
:1091F00023F020038382B9F1000F11D0B8F1030FDF
:10920000EED87B6821685B6893F800C04FEA8C0356
:109210001944B8F1000F11D1C1F81085C1F81085BB
:1092200004EB4502938A23F01C0343EA88039382EC
:10923000BB6843BB002005B0BDE8F083D1F8102522
:1092400022F00302C1F8102522681344D3F8102538
:1092500022F44F3222F44072C3F810253202D3F8C0
:10926000101502F47C5242EA08420A43C3F8102562
:1092700004EB4C03A3F87C60838A43EA4C3343F04D
:1092800020038382CCE73146D3E900782046FFF7FC
:10929000F9FE002FCED063689F4206D004F178001B
:1092A000FFF753FD002804DAC5E7A3689845F5D118
:1092B000002004EBC003C3E9017804EB4505AB8A49
:1092C000C0B243EA402343F48073AB82B2E72DE996
:1092D000F043054685B0084616461F46F2F7E4FC03
:1092E0000C46804626B32846FFF798FE18B9284654
:1092F000FFF789FE18BB05EB4809B9F8143003F0F5
:109300001C0313B17378012B19D001238DF80F3092
:1093100000232046CDE90063721CB31C0DF10F0140
:10932000FFF719FEB9F8143043F00303A9F814301D
:10933000002F3FD021462846FFF770FE20B96FF07E
:10934000150005B0BDE8F08300223E782B684FEA97
:10935000860C03EB8603C3F81025C3F8102505EB34
:109360004802938A23F4604323F0200393827878A1
:1093700000B32968BF786144D1F81035000423F4A4
:10938000991323F4F853C1F81035230200F4403048
:1093900003F47C5303433805D1F8105500F48010D2
:1093A00003432B43C1F81035938A43EA463343F015
:1093B000200393820020C4E7C0E90312704770B510
:1093C00004461546FFF71FFE48B10846F2F76CFC4D
:1093D00004EB40040020A38A5B0B2B7070BD6FF080
:1093E0001500FBE790F88C00003818BF012070478B
:1093F000F2F780BC2DE9F34104461746FFF703FE60
:109400000D462668F0B12046FFF708FE8046C8B931
:109410002046FFF70EFE820002F5807346F80380B7
:10942000F35823681344D3F8102542F00102C3F81F
:10943000102527B1012322688340C2F8043302B00B
:10944000BDE8F081D6F804332846002BA4BF4FF0C6
:109450000043C6F80433F2F727FC04EB4004A38A68
:10946000C3F38203042B11D0052B11D001A8019561
:10947000F2F708FC019B0169D94001F001010231BA
:10948000284602B0BDE8F041FFF7AEBD0321F7E783
:109490000221F5E7FFF746BE4FF47F03D3F8300112
:1094A000D3F83431C31F5842584170474FF48010ED
:1094B00070474FF4805070474FF4807070474FF4FE
:1094C0007F03D3F83021D3F83431072A10D1023B7F
:1094D000022B0DD94FF05023D3F8B825920709D1AC
:1094E000D3F8580500F00300013818BF0120704779
:1094F00000207047012070470021F3F783B8022352
:10950000F2F7F2BF0323F2F7EFBF00210220F3F7D7
:10951000FFBA012203681A60022303737047012215
:109520000368DA607047F8B504460126002703682F
:10953000D3F8045305B9F8BD95FAA5F3B3FA83F34C
:10954000980006FA03F325EA0305236800F5807006
:109550001A58002AEED01F501B586368002BE9D020
:10956000A1689847E6E72DE9F04389B0109E0446CC
:10957000894690460021202268461F46129D02F02F
:10958000EAF81F2E97BF01234FF0FF33B34003F1DA
:10959000FF332361119BC4E90098C4E9027663613B
:1095A000183445B10FCD0FC495E80F0084E80F00C3
:1095B00009B0BDE8F0836D46F4E773B50468651C37
:1095C00031D08568A9422ED264182CD05E18AE42E4
:1095D00088BF6B1A056A35B100930523A847034677
:1095E000184602B070BD2146BFF35B8F184618B114
:1095F00042EA0104A4070AD103280EDC0139104411
:109600008242EDD011F8014F02F8014BF8E711F852
:10961000014B013802F8014BE9E751F8044B0438DB
:1096200042F8044BE8E76FF02103D9E773B504680B
:10963000651C31D08568A9422ED264182CD05E18E2
:10964000AE4288BF6B1A456A85B92146184618B1E3
:1096500041EA0204A4070ED1032812DC013A0844AF
:10966000814214D1BFF35B8F184602E000930523BB
:10967000A84702B070BD12F8014B013801F8014B48
:10968000E5E752F8044B043841F8044BE4E712F8DC
:10969000014F01F8014BE3E76FF02100E9E773B5F3
:1096A00004681D46661C2BD08368994228D2641832
:1096B00026D06E189E42866A88BF5D1A2EB1052399
:1096C0000095B047284602B070BD4FF001302146EA
:1096D0002B4650430BB18C0707D1032B09DC0B44FD
:1096E00099420AD1BFF35B8FECE701F8012B013BF4
:1096F000F0E741F8040B043BEFE701F8012BEFE73B
:109700006FF02100DFE70020704710B4046B0246C1
:109710000B4684B9C1681F2998BF23FA01F4416838
:1097200061B18068834209D21069184051F8243031
:10973000184410BC7047234610BC18474FF0FF3048
:10974000F7E770B5436B05460E46E3B90469621C42
:1097500009BF43680C401C680C1B21462846FFF7D4
:10976000D4FF864207D02B6901331C44AB689C426E
:10977000F3D34FF0FF342868431C07D0AB68A342F3
:1097800004D9204470BD98470446F4E70020F9E767
:1097900030B5059CC4E90002039A21811989E26071
:1097A000049A618121856261D3E9002502EB0113EE
:1097B000C4E906128A1C236203EB42036A1C1344A9
:1097C0006D422B406362836953B90139E2698B4270
:1097D00002EB031206DB002393736FF07F03D37356
:1097E000002030BD0133D381F0E72DE9F04FB0F810
:1097F00030A004465546002685B002EB030891468A
:109800000E9A00EBCA031FFA88FB9A63A3F83CB0D8
:1098100008F1FF32C3690F1D0192B0451ADC238D98
:109820002586A3EB0B032385236A61895A880139B6
:109830000A4003EB4203A3F804A0BFF35B8F0020B0
:10984000226A538801335380638D0133638505B0E9
:10985000BDE8F08FE06A2A0157F8041C03EB0515F8
:10986000029303680392C91A83680837994228BF94
:109870004FF0FF31FFF749FFDDE902329850002237
:109880006A6057F8082CAA60019A9642ACBF002281
:109890000122B145D8BF42F00202AA810136ED890A
:1098A000BBE7F0B550B3456A448E6B88A34230D015
:1098B000631C43864389BFF35B8F013B1C4005EB70
:1098C000C4056B689EB209B1AD680D60D0F81CC0CC
:1098D0009BB20CEB031100EBC3039D8F078D2F444C
:1098E000013D07859D878D896F070ED5058ECD813A
:1098F00000210686986B996302B11480F0BD9D8F9C
:10990000C989013D0CEB01119D878D89ED07F6D4C6
:10991000ECE70020F2E7C36903EB01139868704796
:10992000C36909015958C06AFFF70BBF70B5BFF38F
:109930005B8F0D46016A1646838E4A8804469A421A
:1099400012D05A1C82864289013A134001EB43012E
:109950008988298089B2FFF7E3FF2A88E36903EB4E
:1099600002139B68336070BD0020FCE710B50268ED
:1099700093691269920017D543B9438E026A8169CF
:109980004489013B1B1B02EB4102938003689B69E6
:10999000012B08D1838E426A81694089013B1B1AE1
:1099A00002EBC102938010BD23B9026A138843F011
:1099B0000103138003689B69012B01BF426A13886E
:1099C00043F001031380EEE710B5BFF35B8F02682D
:1099D00004469369126992001AD57BB9036A426AF8
:1099E0005B888169013B02EBC10292889B1A628D00
:1099F0009BB29A4214D80023638510BD012BFAD183
:109A0000436A026A5B888169013B02EB4102ECE731
:109A100063B9436A1B88DB4303F00103002BEAD0E0
:109A20006369002BE7D020469847E4E7012BE2D199
:109A3000036AEFE7036A828E598891420AD041890E
:109A400001390A4003EB42039A88C36903EB02130E
:109A50009868704700207047BFF35B8FC36803B1FD
:109A6000184770474FF0FF324FF0FF33F3F7D2BF84
:109A700010B1C36A0133C362704738B1C26A013A98
:109A8000C2621AB9026B02B110470262704770B528
:109A90000446056A05F164063046FFF7E3FF636A92
:109AA000A3F580637F2B0BD801225909503503F0B1
:109AB0001F039A4055F8213023EA020345F821306C
:109AC000D4E90F124A60E16B04F13C0311602046B7
:109AD000C4E90F33FFF7D1FF3046BDE87040F3F71C
:109AE00065BF10B5436A8CB00A9320230446024632
:109AF0000B9102A8194600F002FB28230122CDE9B0
:109B0000003220463522616A02ABF3F71BFA00EA05
:109B1000E0700CB010BD30B1006A20B119B1D0F8BE
:109B2000803003B11847704730B1006A20B119B1D5
:109B3000D0F8843003B11847704730B1006A20B1C3
:109B400019B1D0F8883003B11847002070472DE9CB
:109B5000F84307468846154699460668B74203D13A
:109B600000242046BDE8F8836A1CA6F13C0402D01C
:109B7000636AAB42F5D0B8F1000F10D02022414605
:109B8000204601F007FE50B9B9F1FF3F02D0A36AA9
:109B90004B45E6D06B1C02D1A36A0133E1D0366895
:109BA000DCE770B505460C461E46CAB120232046A8
:109BB000194600F0A4FA0123E362049B6662A362E3
:109BC000059B25626363069BA363079B63646A68C6
:109BD00004F13C03C4E90F526B60226C136070BD4A
:109BE0000A70E8E710B5044690B1036A83B10278C1
:109BF0004AB193F89C3033B1436AB3F5806F02D316
:109C00000121FFF76EFF2046BDE81040FFF73FBF80
:109C100010BD20B1036A13B15B6803B118477047E8
:109C200008B530B1036A3BB1DB682BB1984700201F
:109C300008BD6FF01500FBE76FF00500F8E770470F
:109C4000F3F7B4BE4FF0FF324FF0FF33F3F7E2BE4D
:109C5000F8B500F16407A1F11006054638460C4638
:109C6000FFF7F0FF3046F3F723FA80B154F8083CD1
:109C700024F8083CD5F8C43044F80C3C05F1C00386
:109C800044F8103CC5F8C46054F80C3C1E603846DB
:109C9000FFF7D6FF0020F8BD38B50D4600F164048B
:109CA0002046FFF7CFFF55F8083C204603F58033E8
:109CB00045F8083CBDE83840FFF7C2BF2DE9F04346
:109CC000282A89B08846109D52D1D5F8B8002023A3
:109CD00001688468A8EB0101A14228BF4FF0FF3161
:109CE0006A46FFF76AFC05F16406D8F82090304612
:109CF000FFF7A8FF4B464FF0FF3269462846FFF7B3
:109D000026FF044640B3076B003F18BF0127D8F871
:109D10002430DB0722D514B14FF0FF33A36217B113
:109D20002046FFF7A5FE3046FFF78AFF1CB1A36B64
:109D30000BB120469847AB6F1BB14A46694628468F
:109D40009847AFB13046FFF77DFF2046FFF795FEFD
:109D50003046FFF775FF0BE00746D8E764B9304699
:109D6000FFF76EFF6B6F1BB14A466946284698475E
:109D7000002009B0BDE8F083C4F82890E8E7F0B50A
:109D800004468E680D46B6B23146D0F8B00085B0B4
:109D9000FFF7C1FDD4F8AC3007469A6942B9009587
:109DA000CDE902500123D4F8B00002A9FFF71DFD50
:109DB000D4F8AC309B69012B08D13A463146D4F82F
:109DC000B00005B0BDE8F040F3F7A0B805B0F0BDB5
:109DD00070B500F16406A1F1100504463046FFF7A6
:109DE00031FF2846F3F764F938B120462946FFF7DA
:109DF000C6FFD4F8B000FFF7E7FD3046BDE870407D
:109E0000FFF71EBF2DE9FF4103689E6A06F1640853
:109E10004046FFF717FFD6F8AC309B69DBB9D6F8A0
:109E2000B0000DF10A0203A9FFF73BFD0446D6F886
:109E3000AC309B69012B07D1D6F8B00003AA0DF115
:109E40000A01FFF773FD04463CB94046FFF7F8FEF0
:109E500004B0BDE8F0810024E9E7BDF80A30002134
:109E60006268A36030464FF0FF33FFF770FE05468F
:109E7000FFF7FEFDA368404603F58033A360FFF7BC
:109E8000DFFE75B1AB6A696C013308BF23682846F1
:109E900008BFAB622368A28900916F6B04F11001C7
:109EA000B8474046FFF7CEFE2846FFF7E6FD2046BE
:109EB000F3F7FEF838B130462146FFF760FFD6F8D9
:109EC000B000FFF781FD4046FFF7BAFEA0E72DE99D
:109ED000F041A3F1100653F8085C002388B0069304
:109EE000ADF81E3004461023CDE904120E9FD0F8C1
:109EF000B800ADF81C700168D0F808C0711A0DEBFD
:109F00000302614528BF4FF0FF3104F16408FFF7F9
:109F10008DFB4046FFF796FED4F8AC30ADB29B699E
:109F2000CBB9D4F8A020D4F8AC30D4F8B4009B69F5
:109F3000C3B9CDE902620096012202A9FFF755FCE0
:109F4000D4F8B400FFF740FD4046FFF779FE3846ED
:109F500008B0BDE8F0812946D4F8B400FFF7DBFC77
:109F60000246E0E7012BEBD12946F2F7CFFFE7E706
:109F700010B548B149B143688B4206D38268046882
:109F8000D21A5B1A4360A01810BD0020FCE72DE92F
:109F9000F3470546D0F8AC000E46174618B9002026
:109FA00002B0BDE8F087036A002BF8D09B68002B55
:109FB000F5D098474307F2D543F69823002F18BFF2
:109FC0001F4605F1640805F1C0094046FFF73AFE57
:109FD000D5F8C0404C4532D08CB3D4E9002353604F
:109FE00022681A60C4E90044D5F8AC3021899B6925
:109FF000ADF8061013B9D5F8A0303360D5F8AC3001
:10A000009B69012B04D1D5F8B400FFF784FC3060C4
:10A010004046FFF715FE002C4BD1002FBFD0D5E9ED
:10A020002B32182112891B6B01FB0233D5F8C82093
:10A03000AABB2120002100F0C5FB013FC5E7D5F8F0
:10A04000AC30D3F818A0BAF1000F1CD13146D5F8C6
:10A05000B4000DF10602FFF724FC04460028D7D116
:10A06000D5F8B4301B8D0BB90024D1E7D5F8A0107A
:10A07000D5F8BC00FFF77CFFD5F8A030044633606C
:10A08000ADF806A0C4E7BAF1010FEDD13246D5F81C
:10A09000B4000DF10601FFF749FC0446B8E7196961
:10A0A000284690476FF4FB639842C2D000288CD0BA
:10A0B00075E7BDF8063004F1100003F58033A360A6
:10A0C0003368103B33606BE720B119B112B1C0E9BE
:10A0D00001220160704738B5044618B938BD3C38D4
:10A0E000FFF780FD20688442F9D10025D4F8AC0048
:10A0F000C4E92C55FFF78DFDC4F8AC50EEE7F8B578
:10A100000446A1B199420E4628BF1E46751C013D6A
:10A1100005D012F8017B00F8017B002FF7D199429E
:10A1200007D9891B4A19002101F015FB711B08464C
:10A13000F8BD00230C4404F8013CF7E708B1E9F747
:10A1400065BE704738B5436905465BB90024EA68C7
:10A15000537843F00103537014B92846FAF70CFC06
:10A16000604238BD98470028F0D080EAE074A4EB44
:10A17000E074FF2CA8BFFF24EB681C70E7E740B138
:10A18000C368587810F001001EBF1878B0FA80F04C
:10A1900040097047EFF31183402383F31288BFF324
:10A1A0006F8FFEE708B5FFF7F5FF10B400F10C0460
:10A1B000C0E9034410BCF9F7F6B838B50446EFF32C
:10A1C0001185402383F31288BFF36F8FF9F74CF8A2
:10A1D00004F10C0000F0E7FA30B1294604F1140054
:10A1E000BDE8384000F0C5BA85F31188BFF36F8F22
:10A1F00038BD10B542696AB1836842EA0301890734
:10A2000008D10169A2FB011424B95B182CBF0121FC
:10A21000002102D36FF0150005E0C1609B1A0269AE
:10A220008A4201D8002010BDC26801311A6042691B
:10A23000C3609B1AF3E710B5C0E9043200238160C4
:10A2400083610446FFF7D5FF08B9C4E9004410BD97
:10A250002DE9F04105460F46EFF31188402383F3C3
:10A260001288BFF36F8FC668FEB90468A0421CD085
:10A27000DCB1D4E9003213605A60237CC4E9006683
:10A2800023F002032374A66004F1180000F041FBE0
:10A290002046C4F8B460676100F038FA414605F121
:10A2A0000800BDE8F04100F064BA3E60AB69EF60C1
:10A2B000013BAB6188F31188BFF36F8FBDE8F0817C
:10A2C000402408B5EFF3118384F31288BFF36F8F36
:10A2D000FAF72AFDF6E790F90E308B4201D0F4F739
:10A2E00029B80020704703460020C3E90033C3E9C2
:10A2F00002007047D0E9003213605A600023027CEC
:10A30000C0E9003322F002020274836070472DE935
:10A31000F843904604460D469DF82020EFF3118740
:10A32000402181F31288BFF36F8F02B14568A668A0
:10A3300004F10809B14516D0AEB100243046FFF74C
:10A34000D9FF06F1180000F0E4FA3046C6F8B44030
:10A35000C6F8148000F0DAF94846394600F009FAE8
:10A360002046BDE8F883A3B10820F4F703FC0028D9
:10A3700032D00122C0F804800260016801F00301BC
:10A380005DB922680A430260626820606AB9606051
:10A390000BE04046C8F80030EFE72A68032A10D8DF
:10A3A0000160616839B9C4E90000002087F31188B1
:10A3B000BFF36F8FD5E70A6802F0030202430A6019
:10A3C000E5E722F003020A4302602A6802F0030272
:10A3D00040EA02032B60E8E76FF00B00E6E710B5F8
:10A3E000044630B10268930703D0446809B100F015
:10A3F00095FB204610BD0023C0E9003300F108039F
:10A40000C0E902337047012307B5009300230A46D1
:10A410001946FFF77CFF03B05DF804FB002307B586
:10A420000A4600931946FFF772FF03B05DF804FB7C
:10A4300000210068FFF7D3BF3AB18A4205D3C0E9D3
:10A440000212C0E90000002070476FF0150070474D
:10A45000012302688B4022EA0303036022FA01F021
:10A4600000F001007047704710B5032104460C301E
:10A47000FFF7EEFF30B104F1100000F04AFAB0FA35
:10A4800080F0400910BD20B10022C430114600F018
:10A49000D2B9704770B5C3680446C3F340069B0742
:10A4A00016D4856802210C30FFF7D2FF80B1D5F8B1
:10A4B000BC206AB194421DD122689EB9D5F8C03043
:10A4C000C5F8BC209C4201D1C5F8C0200023236000
:10A4D000E36813F01F001EBF43F00203E36040F087
:10A4E000020070BD3260D5F8C020944208BFC5F8A4
:10A4F000C060EBE716461268DBE773B50446EFF37E
:10A500001185402383F31288BFF36F8F00230193DB
:10A51000D0E90423B3F1004F08BF012A05D085F329
:10A520001188BFF36F8F02B070BDA0F11006032138
:10A530000438FFF78DFF0028F1D0A369304601A948
:10A540000193F3F771FBEAE738B504460D46102294
:10A55000002101F000F9656038BD13B5019008468F
:10A56000EFF31184402383F31288BFF36F8F01A9A7
:10A57000F3F75AFB84F31188BFF36F8F02B010BD5D
:10A5800010B5FFF7EAFF041E08DDEFF3118040234A
:10A5900083F31288BFF36F8FF3F738FF204610BDA7
:10A5A00070B50D46EFF31186402383F31288BFF395
:10A5B0006F8FF3F78BFB044686F31188BFF36F8F21
:10A5C00038B14FF0FF324FF0FF3305F11000F3F7D1
:10A5D00021FA204670BD08B5D822002101F0BBF851
:10A5E00008BD38B530220D460021044601F0B3F80D
:10A5F0004FF480736560E36038BD38B50446EFF30F
:10A600001185402383F31288BFF36F8FFFF72CFF70
:10A610002046FFF73FFF85F31188BFF36F8F38BDEA
:10A62000F8B504460D46EFF31187402383F31288F3
:10A63000BFF36F8FC36803F01F03002B14BF012605
:10A64000002609D0FFF710FF2046FFF723FF294619
:10A650002046F3F7CBFA034687F31188BFF36F8FD9
:10A660003BB14FF0FF324FF0FF3305F10800F3F735
:10A67000D1F93046F8BDD0E9003213605A600023AA
:10A68000027CC0E9003322F002020274836070474A
:10A69000EFF30580003818BF01207047D0E9003281
:10A6A00013605A600023C0E90033704708B5FFF714
:10A6B000F5FF037C23F0020303740023836008BDCD
:10A6C00038B504460D46F3F791FD237C43F00203B1
:10A6D0002374D5B1A5602B689D4209D16B68C4E98C
:10A6E00000531C606C6010E06A689A42F6D01B68E8
:10A6F000002BF3D093F90E1094F90E209142F3DD64
:10A700005A68C4E9003214605C6038BD10B5EFF3DC
:10A710001184402383F31288BFF36F8FF3F726FD74
:10A7200084F31188BFF36F8F10BD08B5037C014619
:10A7300013F0280F0CD183680BB1FFF7B7FF0B7C28
:10A74000084623F004030B74BDE80840F3F70EBD80
:10A7500008BD10B5EFF31184402383F31288BFF3D3
:10A760006F8F1838FFF7E1FF84F31188BFF36F8F05
:10A7700010BD0846F3F772BD38B5054604680020E1
:10A78000AC4200D138BD002CFCD02046FFF78EFF34
:10A7900004F1180000F0BDF82046F3F7E7FC2C6840
:10A7A0000120A542EDE710B5EFF31184402383F3B8
:10A7B0001288BFF36F8FFFF7DFFF84F31188BFF3B9
:10A7C0006F8F10BD38B50C460546F3F7BBFEB4F1EC
:10A7D000FF3F08BFB5F1FF3F1FBF47F6FF730022E1
:10A7E0004FF47A71E0FB013216BFD80B4FF0FF3007
:10A7F00040EA424038BD38B50446EFF311854023A6
:10A8000083F31288BFF36F8F037C5B070ED518307C
:10A8100000F07FF8237C204623F004032374F3F731
:10A82000A5FC2846BDE83840F3F718BD85F311882C
:10A83000BFF36F8F38BD38B5EFF31185402383F335
:10A840001288BFF36F8F0468A04213D0A4B1C4F87C
:10A85000B41062612046FFF729FF04F1180000F0F0
:10A8600058F82046F3F782FC012085F31188BFF3E6
:10A870006F8F38BD0020F8E72046F6E72DE9F04756
:10A8800006460F4691469A46EFF31188402383F31C
:10A890001288BFF36F8F0068864206D028B17368B4
:10A8A00098420CBF0025056868B90024B9F1000F73
:10A8B00002D051462046C84788F31188BFF36F8FF6
:10A8C0002046BDE8F0875146B84704460028EDD140
:10A8D00035B17368AB4200D02C6828462546E3E7C3
:10A8E0002C46FAE708B50246F3F7C0FF70B1D0E98D
:10A8F00004319B1A61EBE272B3F1004F72F1000177
:10A9000004DA002AACBF1846002008BD6FF00040F2
:10A91000FBE7024638B5EFF31185402383F3128835
:10A92000BFF36F8F0368D3B1F3F7A0FF044610465F
:10A93000F3F7AEFF00224FF000438442C0E9042346
:10A9400005D0002085F31188BFF36F8F38BDF3F772
:10A9500095FFFFF7C7FF0021F0F736FCF1E7D0E9DC
:10A960000413B3F1004F08BF012904D100204FF0B8
:10A970000041C2E904016FF01500E3E708B5F4F700
:10A980008FF808BDB3F1FF3F08BFB2F1FF3F70B5CC
:10A9900006461D46144614D01A4316D0002B08DB79
:10A9A000F4F77EF8041941EB0501C6E90041304691
:10A9B00070BD6FF001031C1B4FF0FF3363EB05010B
:10A9C000F3E74FF0FF342146EFE70024FBE7B3F154
:10A9D000FF3F08BFB2F1FF3FF8B5074616461C46D9
:10A9E00010D054EA020311D0F4F75AF8B0420A46E4
:10A9F000A14103460AD2F31A64EB0204C7E900340A
:10AA00003846F8BD4FF0FF331C46F7E70023FBE75D
:10AA10002DE9F3470446DDE90A9815460E4659B379
:10AA200002F0010AF3F7CAFD0746EFF31181402354
:10AA300083F31288BFF36F8FA80744BF0023A3607E
:10AA4000A36803EA0600BAF1000F0CD086420CD1CD
:10AA50006A0744BF8343A36081F31188BFF36F8FFC
:10AA600002B0BDE8F0870028F2D159EA080305D109
:10AA700081F31188BFF36F8F0020F1E7C7E91865F4
:10AA80002246CDE9009804F10C00F3F731FC0028D0
:10AA9000F2D1386EE4E710B50B680446D0E918022D
:10AAA00012F0010F03EA000301D0984211D183B1E3
:10AAB0002366520748BF4A6804F1180044BF1A438E
:10AAC0004A60FFF726FF00232046C4F8B430FFF7A2
:10AAD0002CFE002010BD4FF0FF32F3F7F9BF0A46FD
:10AAE0000021F3F7F5BF5200FFF792BF043270B5B3
:10AAF00004460ED2EFF31185402686F31288BFF389
:10AB00006F8F41F00401984785F31188BFF36F8F71
:10AB100008B9002070BD40F8044BFBE720B1011FCD
:10AB200050F8040CFFF749BB70477047002070478E
:10AB3000704710B5044608B1F4F7E2F92046BDE8C5
:10AB40001040F4F7CDB90346C068F8B15888E8B1B1
:10AB50001B8803F44F42B2F5824F02D0B2F5884F02
:10AB600009D1DBB2272B2AD008D8172B0FD0222BE4
:10AB700034D0122B16D06FF085007047302B2FD0B9
:10AB8000413B012BF7D8FF2839D100207047C0285E
:10AB9000FBD0E128F9D0B0F5807F14BF6FF08600BC
:10ABA0000020704720F02003C02BEED020F080035F
:10ABB000B3F5807FE9D040F209239842EDE7E92818
:10ABC000E3D0EF28E1D040F21B139842DDD040F2F1
:10ABD00099139842D9D040F23B23EEE7E928F1E7F8
:10ABE00020F02003C02BD0D020F04003B3F5807FAD
:10ABF000CBD0B0F5C07FC8D0B0F5007FCDE7B0F5C1
:10AC0000E07FCAE73AB1002918BF00232121D21AF8
:10AC1000184400F0A0BD70472DE9F04F9B4600237B
:10AC200089B08DF81B30159B9146DDE912A7002BEA
:10AC30000D460B460CBF4FF400624FF4806207A92B
:10AC4000DDF85080F4F7FEFA0446D0B9079E284696
:10AC500031880DF11B02F4F771FB044688B99DF8A9
:10AC60001B30BB421FD8CDE90338CDE901BACDF87E
:10AC700000902B46D6E909123046F5F7A5F80446B0
:10AC800008B1C8F800703A4621465046D8F800305E
:10AC9000FFF7B8FF0798F5F781F8002C18BF20469A
:10ACA00009B0BDE8F08F6FF08904EAE741F20623AE
:10ACB00098421AD8B0F5905F09D241F20103984248
:10ACC0000CD0B0F5885F09D06FF08500704769231C
:10ACD000A0F5905080B2C340DB07F5D511F0070F07
:10ACE00014BF6FF0860000207047B0F5105FEBD105
:10ACF00021F04003802B06D0B1F5807F14BF6FF0A8
:10AD00008600002070470020704770B5446A0546F1
:10AD10000E463CB90120F4F7DDF8686228B1204600
:10AD2000AE6270BD6FF08A00FBE76FF08C00F8E751
:10AD3000F8B51E460F4615460388C2B103F4E0433A
:10AD4000B3F5805F02D0B3F5005F10D1089BE90036
:10AD500019600088FFF7AAFF044630B92A46394631
:10AD6000304600F0D2FC079B1D602046F8BD6FF016
:10AD70008504FAE710B50446406A10B1A16AFFF7EE
:10AD8000D8FE0020C4E9090010BD38B50446FFF71D
:10AD9000F1FF237F012B0FD0023B012B0FD8236A39
:10ADA000012B14BF6FF0960500252C2200212046B0
:10ADB00000F0D1FC284638BD236A002BF1E76FF084
:10ADC0009605F2E738B514460288049D02F4E04087
:10ADD000B0F5805F07D0B0F5005F04D002F44F42B9
:10ADE000B2F5824F0ED1AC420FD81846224600F081
:10ADF0008CFC00212A1B204400F0ADFC0020059BA8
:10AE00001C6038BD6FF08500FBE76FF08900F8E744
:10AE1000F0B50F461E46154685B0CAB10023012283
:10AE2000336003A9F4F70EFA044670B9CDE9005671
:10AE300003983B46D0E9091200F0CEF90446039886
:10AE4000F4F7ACFF002C08BF0446204605B0F0BD67
:10AE50006FF08904F9E770B50488154604F4E04200
:10AE6000B2F5804F049E22D144F2010224F44050F6
:10AE700090420DD004F44F44B4F5824F08D0B4F59D
:10AE8000844F05D0B4F5884F02D0B4F58E4F0ED163
:10AE9000B5420FD818462A4600F037FC0021721B35
:10AEA000284400F058FC0020059B1D6070BD6FF029
:10AEB0008500FBE76FF08900F8E7F0B50F461E4606
:10AEC000154685B0FAB1002303A91A463360F4F79A
:10AED000B9F9044688B9039803885B0410D5CDE915
:10AEE00000563B46D0E9091200F081F90446039868
:10AEF000F4F754FF002C08BF0446204605B0F0BD0F
:10AF00006FF08604F3E76FF08904F6E710B5036885
:10AF1000044643B100F0D4F900232360A3886FF303
:10AF20000803A38010BD1846FCE72DE9FF419846B1
:10AF300000230C460168054616460393002939D1C3
:10AF40004FF4A872083000F006FCB8F1000F20465C
:10AF500033460CBF4FF400624FF4806203A9F4F74C
:10AF600071F90446B8B9039F304639882A1DF4F7B1
:10AF7000E5F9044678B96B79394668F300036B71DB
:10AF8000D7E9092328460096B8F1000F0FD0F4F74F
:10AF900033FF044610B12846FFF7B8FF0398F4F7D3
:10AFA000FDFE002C18BF204604B0BDE8F081F4F788
:10AFB00043FFEEE76FF08804EDE70123FFF7B5BF2D
:10AFC00038B50368054614464BB132B100F063F959
:10AFD000044610B12846FFF799FF204638BD6FF0B0
:10AFE0008804FAE72DE9F0411646026805460F4647
:10AFF0009846F2B14279D2071BD50279CAB1B24262
:10B000001AD800F051F9044618B10023C8F80060BE
:10B010002B7137B1324621463846D8F80030FFF759
:10B02000F1FD2846FFF772FF002C18BF2046BDE84F
:10B03000F0816FF08804E8E76FF08904E5E71FB559
:10B0400001240394089C0294079C0194069C00949C
:10B05000FFF7E2FD04B010BD2DE9F04705469A4622
:10B06000002388B0079325F0004323F47F03B3F156
:10B07000106F0846DDE910961746DDF8488023D1A9
:10B080002B464FF4804207A9F4F7DCF8044660B978
:10B09000CDE90368CDE901A9079800972B46D0E9CF
:10B0A000091200F015F9044628B131464846F4F774
:10B0B00003FBC8F800600798F4F770FE002C18BF77
:10B0C000204608B0BDE8F0876FF08604EDE7034640
:10B0D0001B88084603F4E043B3F5805F114602D0B5
:10B0E000B3F5005F01D1F4F7E7BA6FF08500704760
:10B0F0001C22002100F02FBB034668B1017F8A1E8D
:10B10000012A0BD80329026A03D1012A01D1FFF7D2
:10B110003CBE1AB1013A1A62002070476FF09600E7
:10B120007047C0B2002814BF6FF085000020704740
:10B1300000207047704700226FF086001A60704749
:10B1400000236FF086000B6070472DE9F0414768DF
:10B1500004463F0A0D461646984611D107887F04DB
:10B1600007D44346324629462046BDE8F041FFF762
:10B17000AEBF00F0E9F810F1860FF2D0BDE8F08123
:10B180006FF08600FAE72DE9F04F476885B03F0A77
:10B190000446DDE90E9A0D4616469846DDF840B0A5
:10B1A00015D1CDE901ABCDF8009000F0BFF810F15A
:10B1B000860F0ED14346324629462046CDE90FABD5
:10B1C000CDF8389005B0BDE8F04FFFF7B1BD6FF096
:10B1D000860005B0BDE8F08F10B44468240A02D19F
:10B1E00010BCFFF7EFBD6FF0860010BC70472DE973
:10B1F000F34747680446DDE90A9A3F0A0D461646BA
:10B20000984611D1CDE9009A00F082F810F1860F2E
:10B210000CD14346324629462046CDE90A9A02B06F
:10B22000BDE8F047FFF717BE6FF0860002B0BDE83B
:10B23000F08710B44468240A02D110BCF4F7F6BEBB
:10B240006FF0860010BC704713B504464868000ACA
:10B250000AD10498009004F10800F4F795FE08B9AB
:10B260001C23236002B010BD6FF08600FAE710B413
:10B2700004681C2C03D110BC0830F4F7B1BE6FF089
:10B28000860010BC704703681C2B02D1083000F008
:10B2900061B90020704703681C2B02D1083000F010
:10B2A00034B96FF08600704710B404681C2C03D1C9
:10B2B00010BC083000F032B96FF0860010BC704747
:10B2C00003681C2B02D1083000F034B9002070470D
:10B2D00010B44468240A02D110BC00F043B96FF0E6
:10B2E000860010BC70470020704713B5002001ABEA
:10B2F0001446F5F7F7FC30B9019BA34218BF6FF075
:10B30000930002B010BD6FF09200FAE70020704782
:10B3100010B4048804F44F44B4F5824F02D110BC39
:10B3200000F045B96FF0850010BC704710B4048878
:10B3300004F44F44B4F5824F02D110BC00F067B959
:10B340006FF0850010BC704710B4048824F0FF042F
:10B35000B4F5E24F02D110BC00F0ACB96FF085003B
:10B3600010BC7047024612F8103B43F3C01303F0C1
:10B37000870312F8011D83EA4103904213704FEADC
:10B380001323F6D170472DE9FF470546884614463A
:10B3900022B3D0F8486100F5947786B94FF01009D0
:10B3A000A0440DF10C0A102CA8EB040237D8234658
:10B3B0003946384600F0EEF8C5F848410EE0C6F1CF
:10B3C00010094A450FD8B91913460846424600F0FD
:10B3D000E1F8D5F848312344C5F848310026304615
:10B3E00004B0BDE8F087B9F1000F08D0B9194246A2
:10B3F0004B46084600F0CEF8103EC84434441022B4
:10B4000003AB019339463B4628460092FFF72FFFD6
:10B4100006460028C2D02846FFF735FFDFE7102395
:10B420003946384600F0B6F83B46102239462846E1
:10B43000CDE9009AFFF71BFF06460028EBD1103C30
:10B44000B1E72DE9F0439846D0F848311746102B64
:10B450000446894685B000F5947500F59C721CD1B0
:10B460002946284600F096F8102203AB019329469E
:10B470002B4620460092FFF7FAFE064630B93A46C0
:10B480002946484600F041F9C8F800702046FFF709
:10B49000FAFE304605B0BDE8F083C618104696F8AF
:10B4A000283183F0800386F82831FFF75BFF1023F3
:10B4B0000246D5E7F0B504460E461746D5B04FF420
:10B4C000A672002101A81D4600F045F921463B4621
:10B4D000324601A8F4F7D0FC044680B929465A9AAE
:10B4E00001A8FFF750FF044648B9DDE95C235B99EA
:10B4F00001A8FFF7A6FF0446204655B0F0BD01A8FD
:10B50000FFF7C1FEF8E7F4F7DDBC90F84C31022BF1
:10B5100001D1FFF738BF6FF08800704710B490F882
:10B520004C41022C02D110BCFFF78BBF6FF088009A
:10B5300010BC704710B590F84C310446022B07D16F
:10B54000FFF7A1FE4FF4A8720021204600F003F996
:10B55000002010BD08B54FF49072002100F0FBF8F8
:10B56000002008BD10B4048804F44F44B4F5824FA1
:10B5700002D110BCF4F792BD6FF0850010BC70478B
:10B5800003460144002013F8012B8B4240EA0200DD
:10B59000F9D1704730B50B4411F8014B12F8015B3B
:10B5A000994284EA050400F8014BF5D130BDF8B5A5
:10B5B00005462F881846DDE9063607F4E04CBCF551
:10B5C000804F144606D19A421ED800F09EF834608F
:10B5D0000020F8BD47F21212974202D06FF08500AA
:10B5E000F7E7640001349C420ED804226B88346073
:10B5F000B3F5807F0270F1D10130F4F7CDFE002861
:10B60000E6D06FF08600E4E76FF08900E1E72DE90E
:10B61000F0410E4644F212111F46038815468B4234
:10B62000DDF8208042882ED047F212118B423BD1A8
:10B6300002B9EA00B2F5807F36D1202D03D06FF039
:10B640008600BDE8F08129463046FFF799FF0028C3
:10B65000F5D03046F4F78CFE0028F0D1D8F8004041
:10B6600034F48074EBD1069B9D4220D82A463146A3
:10B67000384600F04AF8079B20461D604FF480735F
:10B68000C8F80030DDE71AB9EB07D8D56A08D20050
:10B69000B2F5807F08D1412DD1D13378042BCED1A2
:10B6A000701CF4F76FFED7E76FF08500C9E76FF005
:10B6B0008900C6E7F8B51E4647F212130C464788C4
:10B6C0000188FD1D99424FEAD50502D06FF0850033
:10B6D000F8BD954216D829462046F3F7EDFF00281D
:10B6E000F6D129462046FFF74BFF0028F3D0B7F5E7
:10B6F000807FEBD12046F4F73BFE0028EBD12023DE
:10B700003360E5E76FF08900E2E70A44431E9142A7
:10B7100000D1704710B511F8014B914203F8014F69
:10B72000F9D110BD884210B501EB020402D9844260
:10B73000234607D8431EA14207D011F8012B03F876
:10B74000012FF8E70244824200D110BD13F8011D19
:10B7500002F8011DF7E702440346934200D1704707
:10B7600003F8011BF9E7044608B5F7F70BFC204680
:10B77000E8F7C6F90139024410B5904201D1002022
:10B7800005E0037811F8014FA34201D0181B10BD4A
:10B790000130F2E710B56AB10139841810F8012BB5
:10B7A00011F8013F9A4203D1A04201D0002AF5D1FD
:10B7B000D01A10BD1046FCE70139034610B532B16E
:10B7C00011F8014F013A03F8014B002CF7D11A444C
:10B7D0000021934200D110BD03F8011BF9E7024696
:10B7E000014410B58A42134603D01C780132002C64
:10B7F000F8D1181A10BDF0B5C3F13707044603F0AD
:10B800001F031046FFB2082BE6B232D0102B3DD0FA
:10B810006508A40845EAC17544EA81748A082D19AF
:10B8200042EB5102290941EA02716D1842EB1212F2
:10B83000290A41EA02616D1842EB1222290C41EA01
:10B8400002416D1842EB1242AD1842F10002EC08C1
:10B8500044EA4274D10804EB8402A6EB4205EDB23F
:10B86000092D0CD90134A5F10A0541F10001EDB211
:10B8700012E0E40806F0070544EA4174C9083035CF
:10B8800054EA010200F8015BBDD1F0BD240906F0C5
:10B890000F0544EA01740909092D84BFED19EDB2C1
:10B8A000EDE7D1E9043293421EBF5A1C0A611870B9
:04B8B00070470000DD
:10B8B400ED3E000000000000611D000000000000DB
:10B8C4000000000074B901001DD700000000000052
:10B8D40041D700000000000000000000B4B90100DE
:10B8E4000000000094B90100238D01000000000055
:10B8F40000000000D4B9010000000000F4B9010008
:10B904007DB0000000000000213B000000000000AA
:10B914000000000014BA01008DB600000000000011
:10B9240061DA0000000000000000000034BA0100E9
:10B934000000000054BA01000000000074BA0100C5
:10B944000000000094BA0100D14100000000000092
:10B95400E18C010000000000EB8C010000000000FD
:10B964007543000000000000752C0000000000007A
:10B97400EBD40100F8C4010058BD0100F00600201A
:10B98400441F0020E1A200000000000000000000AD
:10B994003CD50100BCC5010014BD0100FA0600201D
:10B9A4000020002045A90000000000000002002043
:10B9B40048D50100D0C5010014BD0100FC060020DB
:10B9C4000C20002045A900000000000068020020AF
:10B9D400F6D4010000000000DCBC0100F2060020E7
:10B9E400000000007D840100000000000000000051
:10B9F40005D501000000000018C50100F406002070
:10BA04000000000089840100000000000000000024
:10BA140054D50100B405002038BD0100FE06002005
:10BA24001820002065AC00000000000000000000A9
:10BA340015D5010028C50100FCBC0100F606002054
:10BA44008805002089A6000000000000980100205D
:10BA5400DBD401001803002000C00100EC06002024
:10BA6400600900204D3A01000000000000000000C1
:10BA7400D4D40100000000004CBD0100EE060020FB
:10BA84004C05002000000000000000000000000041
:10BA940022D5010000000000E4BC0100F8060020EB
:10BAA4000000000051A80000000000000000000099
:10BAB40000000000034D010000000000034D0100E0
:10BAC40000000000034D010000000000034D0100D0
:10BAD40000000000034D01005F8E0100418D010054
:10BAE40000000000034D010000000000034D0100B0
:10BAF40000000000034D010000000000034D0100A0
:10BB040000000000034D010000000000034D01008F
:10BB140000000000034D0100B0030020898B0100E8
:10BB240000000000034D010000000000034D01006F
:10BB340000000000034D010000000000B5C3000038
:10BB440000000000034D010000000000034D01004F
:10BB540000000000034D0100000000000DB10000D2
:10BB640000000000034D010000000000034D01002F
:10BB740000000000034D010000000000034D01001F
:10BB840000000000034D010000000000034D01000F
:10BB940000000000034D010000000000034D0100FF
:10BBA40000000000034D010000000000034D0100EF
:10BBB40000000000034D010000000000034D0100DF
:10BBC40000000000034D010000000000034D0100CF
:10BBD40000000000034D010000000000034D0100BF
:10BBE40000000000034D010000000000034D0100AF
:10BBF40000000000034D010000000000034D01009F
:10BC040055C00000418D0100A5CB0000418D01000D
:10BC140000000000034D010000000000034D01007E
:10BC240000000000034D010000000000034D01006E
:10BC340000000000034D010000000000034D01005E
:10BC440000000000034D010000000000034D01004E
:10BC540000000000034D010000000000034D01003E
:10BC640000000000034D010000000000034D01002E
:10BC740000000000034D010000000000034D01001E
:10BC840000000000034D010000000000034D01000E
:10BC940000000000034D010000000000034D0100FE
:10BCA40000000000034D010000000000034D0100EE
:10BCB40000000000034D010000000000034D0100DE
:10BCC40000000000034D010000000000034D0100CE
:08BCD40000000000034D010017
:08BCDC0081840100000000005A
:10BCE400C18A0100DDA8000079A8000049A800006D
:10BCF4008D8A010039A8000075890100838801003C
:10BD0400A7870100A9A50000E785010099A5000007
:10BD140091A90000E98A0100F58A0100098B01005C
:10BD2400138B01001D8B01005DAB0000318B010002
:04BD3400000000000B
:10BD3800D38B0100AF8B0100CB8B0100CF8B0100AF
:04BD4800FB8B010070
:0CBD4C00FF8201003D830100C582010060
:10BD580041A30000D18301003784010000000000E6
:0CBD68006F8301000000000000000000DC
:10BD740005000000496E0000060000004590000028
:08BD840004000000A57A000094
:10BD8C00D1160000C91500000000000000000000E2
:10BD9C00F91300000000000091160000E9130000E8
:10BDAC000000000000000000000000000000000087
:10BDBC00000000000000000061890000000000008D
:08BDCC0000000000000000006F
:10BDD400ACC3010008000000A0C00100070000007F
:08BDE4005CBF01000400000037
:10BDEC00040000000F00000001000000080000002B
:10BDFC002000000068000000780000001000000027
:10BE0C000C0000000E000000500000007C00000040
:10BE1C00B0000000FFFFFFFFFFFFFFFFFFFFFFFF72
:04BE2C00FFFFFFFF16
:10BE30008CD401000000000000000000093F000059
:10BE40004941000000000000B1D4010001000000E1
:10BE5000000000003B6E0100000000000000000038
:10BE6000C0D401000100000000000000FD710100CD
:10BE70000000000000000000B8D401000100000034
:10BE800000000000557E00007588000000000000E2
:10BE9000CCD4010001000000000000006F80010010
:10BEA0003D9E000000000000C6D40100010000001B
:10BEB0000000000085810000758200000000000085
:10BEC000DDCD000006000000FF000000FF000000C4
:10BED000FF000000FF000000FF000000FF00000066
:10BEE000000200000002000000000000180028000E
:10BEF00000002A0001030062746C6500000000006D
:10BF00000000000000000000000000000000000031
:10BF10000000000000000000000000000000000021
:10BF20000000000000000000000100000000000010
:10BF30000338FDD87047000045140000611500006B
:10BF40007D14000000000000000000000000000060
:10BF500091170000111700000000000034C8010014
:10BF60003D6F010000000000AAD6010000000100A2
:10BF700030C801001B730100000000000C0300200A
:10BF80000000010088D601006D19000000000000CB
:10BF900000000000000001002CC801000F6F01002C
:10BFA00061830000F402002000000300F919000082
:10BFB0000000000000000000000000000000000081
:10BFC00040060000800700000000000000000000A4
:10BFD00003000000A0000000F000000000000000CE
:10BFE00001010000E506002024150000D006002015
:10BFF00001010000E6060020091600001DCF010027
:10C00000B91D00008F3A010035200000000000003B
:10C010008120000071210000C93801003D39010074
:10C02000D138010003390100ED380100D738010093
:10C030000000000000000000BF3B0100B13B010018
:10C04000BB3B0100AF3B010000000000000000000E
:10C0500000000000000000009F3B01000400000001
:10C0600000000000000000000000010094BA010080
:10C0700001000000000001000040070094BA010028
:10C0800002000000004008000040070094BA0100D0
:10C090000300000000800F000080000094BA01003F
:10C0A00060C801003D6F0100000000005CC8010095
:10C0B0000000010058C801001B73010000000000CF
:10C0C000580300200000010050C80100314A01005F
:10C0D0000000000000000000000001004CC801004A
:10C0E0001B7301000000000050030020000001004D
:10C0F00044C80100FD4901000000000000000000EC
:10C100000000010040C801001B7301000000000096
:10C11000480300200000010038C801007D2800000D
:10C12000000000000000000000000100392B0000AA
:10C13000000000000000000000000000654B01004E
:10C1400000000000494B010000000000E34C01002A
:10C1500098030020900300208803002000000000C6
:10C1600080030020CD2D00009D2C0000F12C00004C
:10C17000652D000000000020000000000600010006
:10C180000200000088C10100000000002DD4010061
:10C1900002000000E0FF0F000000002035D4010085
:10C1A00021000000E0FF0620A0030020AD3B0000BE
:10C1B00000000000E14D0100774F0100554F0100E4
:10C1C00000000000ACC10100D4C101004700000024
:10C1D00000000000E4630020ACC10100E8C10100E0
:10C1E0004A000000000000009C670020ACC1010074
:10C1F000FCC101004700000000000000006C0020AE
:10C20000ACC1010010C201000201000000000000EA
:10C21000206D00200E030000C54C00000F0400003C
:10C22000954D00001A01000029520100050400008C
:10C230002943000013010000575301003E01000094
:10C240009544000001120000EF5301000A1E000097
:10C25000F1530100FF010000A94300003E0100006E
:10C26000C9430000050400009552010008040000C5
:10C27000AB550100300300004555010010010000DE
:10C28000D552010001120000554C00000A1E0000AA
:10C29000115701000309000015540100040B0000B0
:10C2A000DD520100060A0000E5570100070A000000
:10C2B000BD5201000C050000CD540100050C00002A
:10C2C0001D57010012050000E55B00001308000087
:10C2D000955D0100ACC10100E4C201000301000052
:10C2E000000000003C6E0020ACC10100F8C201005B
:10C2F00000000000000000009C7C0020ACC1010098
:10C300000CC301004A00000000000000C47C0020B3
:10C310003D6101008F61010000000000000000008D
:10C320000000000039630100000000000000000070
:10C33000000000000000000002020100876601000A
:10C3400004040100B9720000060601001575000022
:10C3500008040100D57500000A020100A76701006A
:10C360000C0401008F6701000E040100ED73000052
:10C37000200401008174000010040100E97600002F
:10C3800012020100F16701001E000400136D01009C
:10C390005202000017680100ACC10100A8C30100EF
:10C3A0004C000000000000001C7E002090C801002E
:10C3B0003D6F0100000000008CC80100000001007A
:10C3C00088C801001B730100000000000805002060
:10C3D0000000010080C80100000000000000000013
:10C3E00000000000000000007CC801000F6F010089
:10C3F00061830000100500200000030078C80100E0
:10C400001B73010000000000000500200000010077
:10C4100070C80100756F01002F710100000000005D
:10C42000000003006CC801001B7301000000000045
:10C43000F80400200000010064C8010081870000AA
:10C440000000000000000000000001001195000045
:10C45000817E0100B19C000000000000000000008F
:10C46000119B000000000000000000000000000020
:10C47000000000000000000000000000AD9500007A
:10C4800006000000A97A010006000000497A0100B8
:10C49000100000005D91000010000000377E0100D8
:10C4A00001000000E576010010000000A57A0100FF
:10C4B0000A000000D577010010000000959B0000E5
:10C4C00007000000AD7A0100100000008377010032
:10C4D000010000006994000040000000ED790100B7
:10C4E00010000000C9770100010000009DA20000BB
:10C4F0006DA2000000000000F1A3000071A3000085
:10C5000079840100758401005D8401006984010063
:10C5100057840100638401009F8401000000000033
:10C520000400000000FF0000000000000000000008
:10C5300000000000000000000000000000000000FB
:10C5400000000000040300000000000BF4010000E4
:10C550000001010000008000C228170060C5010032
:10C5600000B002506CC501000200000094C501003B
:10C57000060000007CC50100060100001180001DBE
:10C580000D80001F0E8000200F80002110800022EF
:10C590001286001E1118001D0D18001F0E18002015
:10C5A0000F180021101800221218001E00080000A9
:10C5B000001000000400000000FF0000FFFF00006A
:10C5C00000288450B003002000000000010000009B
:10C5D000FFFFFFFF00258450B00300200000000093
:10C5E00000000000B4B9010017001100B4B9010047
:10C5F00018001100B4B9010008001100B4B901001D
:10C6000009001100080000000300000008000000FD
:10C61000030000007CD501008FD50100A2D50100E8
:10C62000B5D50100C8D50100DBD50100EED501006C
:10C6300001D60100B4B80100BCB8010004B9010082
:10C640000CB901006CB9010074B9010070D6010089
:10C65000000100000000000057B70100512563FCF5
:10C66000C2CAB9F3849E17A7ADFAE6BCFFFFFFFF6D
:10C67000FFFFFFFF00000000FFFFFFFFAAAAAAAA1A
:10C68000AAAAAAAAAAAAAAAA5555555555555555B2
:10C69000555555550000000055555555522563FC1C
:10C6A000C2CAB9F3849E17A7ADFAE6BCFFFFFFFF2D
:10C6B000FFFFFFFF00000000FFFFFFFF512563FCAD
:10C6C000C2CAB9F3849E17A7ADFAE6BCFFFFFFFF0D
:10C6D000FFFFFFFF00000000FFFFFFFF96C298D89A
:10C6E0004539A1F4A033EB2D817D0377F240A4639B
:10C6F000E5E6BCF847422CE1F2D1176BF551BF37A4
:10C700006840B6CBCE5E316B5733CE2B169E0F7C76
:10C710004AEBE78E9B7F1AFEE242E34F4B60D22743
:10C720003E3CCE3BF6B053CCB0061D65BC86987639
:10C7300055BDEBB3E7933AAAD835C65AFCFFFFFFC5
:10C74000FFFFFFFFFFFFFFFF0000000000000000F1
:10C750000000000001000000FFFFFFFFFF8FFFFF50
:10C76000FF8FFFFFFE8FFFFFFE8FFFFFFD8FFFFF9D
:10C77000FC8FFFFFFC8FFFFFFB8FFFFF4661696CA3
:10C7800020746F2061637175697265206D757465C1
:10C79000780A00004661696C20746F20696E6372CC
:10C7A0006561736520504D20636F756E7465720A04
:10C7B000000000006D757465785F667265652063C2
:10C7C000616C6C65642077697468204E554C4C2010
:10C7D000706172616D6574657200000043616E275F
:10C7E0007420696E697469616C697A65206D75740D
:10C7F00065782C20776173204E554C4C0D0A000053
:10C80000466174616C206572726F7200436F756C63
:10C8100064206E6F74206C6F636B20706F7765722D
:10C820002073617665206D757465780000000229BB
:10C8300000000328000000280000042A0000042A49
:10C84000000003280000012A0000012A000003283C
:10C850000000002A0000002A000003280000001841
:10C860000000002800002A2B00002A2B00000328CB
:10C870000000292B0000292B0000032800000229BA
:10C880000000052A0000052A000003280000011806
:10C890000000002850485920757064617465642C4C
:10C8A0002054583A2025752052583A2025750A0000
:10C8B000436F6E6E656374696F6E20706172616D37
:10C8C0006574657220757064617465640A436F6E87
:10C8D0006E656374696F6E20696E74657276616CE3
:10C8E0003A20312E3235202A202575206D732C20D8
:10C8F0006C6174656E63793A2025752C2074696DBE
:10C90000656F75743A203130202A202575206D73AB
:10C910000A00506F776572696E67206F66660A005D
:10C920004661696C656420746F20676574206C6F64
:10C9300063616C206F6F622064617461202865728E
:10C9400072202564290A00416476657274697369EE
:10C950006E67207465726D696E617465642E0A007D
:10C960005363686564756C696E6720737973746569
:10C970006D206F66660A004E6F7469666963617444
:10C98000696F6E20656E61626C65640A004E6F743B
:10C99000696669636174696F6E2064697361626C52
:10C9A00065640A004E6F74696669636174696F6ECD
:10C9B0002073656E64696E6720656E6465642E2001
:10C9C000446973636F6E6E656374696E672E2E2E95
:10C9D0000A004661696C656420746F206469736342
:10C9E0006F6E6E65637420426C7565746F6F7468EA
:10C9F000206C696E6B2028657272202564290A00FC
:10CA0000436F6E6E65637461626C65206164766508
:10CA100072746973696E67206661696C65642074FD
:10CA20006F207374617274202865727220256429E6
:10CA30000A00436F6E6E65637461626C65206164A9
:10CA4000766572746973696E672073746172746558
:10CA5000640A004E6F6E2D636F6E6E656374616263
:10CA60006C65206164766572746973696E672066AF
:10CA700061696C656420746F20737461727420281E
:10CA8000657272202564290A004E6F6E2D636F6EE9
:10CA90006E65637461626C65206164766572746949
:10CAA00073696E6720737461727465640A004E6FF7
:10CAB00074696669636174696F6E2063616E6E6F1D
:10CAC000742062652070617373656420746F204206
:10CAD0006C7565746F6F746820737461636B0A00A2
:10CAE0004661696C656420746F2073656E642050C4
:10CAF00057522073657276696365206E6F7469663C
:10CB000069636174696F6E202865727220256429DB
:10CB10000A00446973636F6E6E65637465642C20EC
:10CB2000726561736F6E20307825303278202573FE
:10CB30000A007075626C69630072616E646F6D00EB
:10CB40007075626C69632D69640072616E646F6DEB
:10CB50002D69640030782530327800253032583A1B
:10CB6000253032583A253032583A253032583A2555
:10CB70003032583A25303258202825732900536521
:10CB8000637572697479206368616E6765643A20C1
:10CB90002573206C6576656C2025750A00536563E6
:10CBA0007572697479206661696C65643A202573D1
:10CBB000206C6576656C2025752065727220256471
:10CBC0002025730A00436F6E6E656374696F6E2073
:10CBD0006661696C65642C2065727220307825303E
:10CBE00032782025730A00436F6E6E656374656446
:10CBF0002025730A0050616972696E672063616E57
:10CC000063656C6C65643A2025730A005061697233
:10CC1000696E67206661696C656420636F6E6E3A49
:10CC20002025732C20726561736F6E20256420258A
:10CC3000730A0050616972696E6720636F6D706C72
:10CC4000657465643A2025732C20626F6E64656498
:10CC50003A2025640A004C455343204F4F4220643C
:10CC6000617461207265717565737465640A00553D
:10CC70006E737570706F72746564204F4F422072CE
:10CC80006571756573740A004661696C656420742A
:10CC90006F2067657420636F6E6E20696E666F200B
:10CCA00028657272202564290A004E6F204F4F427A
:10CCB000206461746120617661696C61626C6520D9
:10CCC000666F72206C6F63616C202573004661692A
:10CCD0006C656420746F20736574204F4F4220533D
:10CCE00043206C6F63616C206461746120286572FD
:10CCF00072202564290A005374617274696E67207A
:10CD0000426C7565746F6F746820506F7765722020
:10CD100050726F66696C696E672073616D706C65C7
:10CD20000A004661696C656420746F20696E6974DD
:10CD300069616C697A6520627574746F6E732028FE
:10CD4000657272202564290A0057616B6520757031
:10CD500020627920746865206164766572746973F5
:10CD6000696E6720737461727420627574746F6E7B
:10CD7000730A004170706C69636174696F6E20732F
:10CD80006F6674207265736574206465746563747E
:10CD900065640A0052657365742066726F6D207059
:10CDA000696E2D72657365740A0053797374656DCD
:10CDB0002072657365742066726F6D2064696666A3
:10CDC0006572656E7420726561736F6E20307825B0
:10CDD0003038580A00506F7765722D6F6E2072657B
:10CDE0007365740A004661696C656420746F207213
:10CDF0006567697374657220505752207365727647
:10CE00006963652063616C6C6261636B2028657285
:10CE100072202564290A00426C7565746F6F74680E
:10CE200020696E6974206661696C6564202865728A
:10CE300072202564290A004661696C656420746F5C
:10CE4000206C6F61642073657474696E6773202849
:10CE5000657272202564290A004661696C65642048
:10CE6000746F207265676973746572206175746888
:10CE70006F72697A6174696F6E20696E666F206384
:10CE8000616C6C6261636B7320286572722025642B
:10CE9000290A004661696C656420746F20726567B9
:10CEA000697374657220617574686F72697A6174F0
:10CEB000696F6E2063616C6C6261636B73202865BF
:10CEC0007272202564290A004661696C65642074C9
:10CED0006F20696E697469616C697A652061647636
:10CEE0006572746973696E672028657272202564A3
:10CEF000290A004661696C656420746F2067656E5D
:10CF000065726174652070616972696E67206B6516
:10CF100079732028657272202564290A004E6F7289
:10CF20006469635F506F7765725F50726F66696C9A
:10CF3000696E67006D626F785F77712023256400EA
:10CF40002A2A2A20426F6F74696E67206E5246202B
:10CF5000436F6E6E6563742053444B2076332E34DA
:10CF60002E302D393935353330353536303762206E
:10CF70002A2A2A0A002A2A2A205573696E67205A0B
:10CF80006570687972204F532076342E342E302D00
:10CF9000626638303165346533643139202A2A2A93
:10CFA0000A006D757465785F696E69742063616CE1
:10CFB0006C65642077697468204E554C4C20706114
:10CFC00072616D6574657200436F756C64206E6F7D
:10CFD0007420616C6C6F63617465206D7574657825
:10CFE000206265666F726520696E697469616C693B
:10CFF0007A696E670072302F61313A2020307825CF
:10D00000303878202072312F61323A202030782554
:10D01000303878202072322F61333A202030782542
:10D020003038780A0072332F61343A202030782566
:10D03000303878207231322F69703A2020307825CC
:10D04000303878207231342F6C723A2020307825B5
:10D050003038780A0020787073723A2020307825B2
:10D060003038780A004661756C74696E6720696EA5
:10D07000737472756374696F6E2061646472657332
:10D080007320287231352F7063293A20307825308B
:10D0900038780A00556E68616E646C656420495288
:10D0A000516E3A2025640A002A2A2A2A2A2055533A
:10D0B000414745204641554C54202A2A2A2A2A0A0B
:10D0C0000020204469766973696F6E206279207A46
:10D0D00065726F0A002020556E616C69676E656429
:10D0E000206D656D6F7279206163636573730A00EB
:10D0F0002020537461636B206F766572666C6F7766
:10D100002028636F6E746578742061726561206E8B
:10D110006F742076616C6964290A0020204E6F20AC
:10D12000636F70726F636573736F7220696E73746F
:10D1300072756374696F6E730A002020496C6C65A8
:10D1400067616C206C6F6164206F66204558435F97
:10D1500052455455524E20696E746F2050430A0058
:10D160002020496C6C6567616C20757365206F6663
:10D170002074686520455053520A00202041747481
:10D18000656D707420746F206578656375746520B3
:10D19000756E646566696E656420696E7374727518
:10D1A0006374696F6E0A002A2A2A2A2A204255537C
:10D1B000204641554C54202A2A2A2A2A0A00202097
:10D1C000537461636B696E67206572726F720A00D7
:10D1D0002020556E737461636B696E67206572728F
:10D1E0006F720A0020205072656369736520646164
:10D1F000746120627573206572726F720A0020205C
:10D200004246415220416464726573733A2030781B
:10D2100025780A002020496D707265636973652066
:10D220006461746120627573206572726F720A00A6
:10D230002020496E737472756374696F6E20627515
:10D2400073206572726F720A002020466C6F6174E1
:10D25000696E672D706F696E74206C617A792073C6
:10D260007461746520707265736572766174696F3C
:10D270006E206572726F720A002A2A2A2A2A204DAD
:10D280005055204641554C54202A2A2A2A2A0A0061
:10D290002020537461636B696E67206572726F72D0
:10D2A0002028636F6E746578742061726561206DEB
:10D2B00069676874206265206E6F742076616C699E
:10D2C00064290A002020446174612041636365730E
:10D2D000732056696F6C6174696F6E0A0020204D6F
:10D2E0004D46415220416464726573733A20307830
:10D2F00025780A002020496E737472756374696F13
:10D300006E204163636573732056696F6C61746945
:10D310006F6E0A00526573657276656420457863A6
:10D32000657074696F6E20280053707572696F752F
:10D330007320696E74657272757074202849525139
:10D340002000535053454C20696E2074687265610B
:10D3500064206D6F646520646F6573206E6F742048
:10D36000696E646963617465205053500A002A2A0B
:10D370002A2A2A2048415244204641554C54202A0A
:10D380002A2A2A2A0A002020427573206661756CB9
:10D3900074206F6E20766563746F72207461626CA6
:10D3A0006520726561640A0020204465627567200B
:10D3B0006576656E740A0020204661756C74206580
:10D3C0007363616C6174696F6E2028736565206298
:10D3D000656C6F77290A00415243485F45584345C1
:10D3E0005054207769746820726561736F6E2025D0
:10D3F000780A0A002A2A2A2A2A20446562756720A8
:10D400006D6F6E69746F7220657863657074696F93
:10D410006E202A2A2A2A2A0A002A2A2A2A2A20258B
:10D420007320256429202A2A2A2A2A0A00464C41E8
:10D4300053485F30005352414D5F30006578697446
:10D440000062742F25732F253032782530327825ED
:10D4500030327825303278253032782530327825D0
:10D46000752F25730062742F25732F253032782590
:10D4700030327825303278253032782530327825B0
:10D4800030327825750062742F2573006274004273
:10D4900054204C572057510062745F74785F70724B
:10D4A0006F636573736F7200425420525820575156
:10D4B0000062742F6363630062742F686173680095
:10D4C00062742F63660062742F73630062742F6B43
:10D4D0006579730062745F6863695F6970633000C7
:10D4E0006E72665F62745F68636900636C6F636B22
:10D4F000403530303000656E74726F70795F6274E1
:10D500005F6863690063727970746F4035303834D6
:10D5100034303030006D7832357236343335664011
:10D520003000666C6173682D636F6E74726F6C6C23
:10D530006572403530303339303030006770696F94
:10D5400040383432383030006770696F40383432D8
:10D55000353030006D626F784032613030300075A8
:10D560006E726567697374657265642025732062E5
:10D5700075730A0067656E65726963006D65746135
:10D580006C3A20656D657267656E63793A20006D4F
:10D590006574616C3A20616C6572743A20202020B9
:10D5A00020006D6574616C3A20637269746963610F
:10D5B0006C3A2020006D6574616C3A206572726F60
:10D5C000723A2020202020006D6574616C3A20772B
:10D5D00061726E696E673A202020006D6574616C1F
:10D5E0003A206E6F746963653A20202020006D65D3
:10D5F00074616C3A20696E666F3A202020202020EA
:10D60000006D6574616C3A2064656275673A20202C
:10D610002020200025733A2066726565696E6720B8
:10D620006E6F6E2D656D7074792076697274717588
:10D630006575650D0A00756E65787065637465645F
:10D64000206275666665722068656C6420636F751C
:10D650006E7465720D0A0072785F76710074785F7F
:10D660007671004E530069646C65006D61696E00EF
:10D67000737973776F726B7100286E756C6C29000B
:10D680002A666C6F61742A000223D1BCEA5F782499
:10D6900015DEEF1212301600000223D1BCEA5F78CB
:10D6A0002415DEEF1212301600000223D1BCEA5F0F
:10D6B000782315DEEF12123016000021200B0A002D
:10D6C000FFFFFFFFFFFF00000000000000FFFFFF63
:10D6D000FFFFFF000000000000000000000000103D
:10D6E00000800000805F9B34FB010400020000000A
:10D6F0000200000000000000050000000000000023
:10D7000000000000000000000500090909090102ED
:10D71000090909090909090909090907090909097B
:10D72000090609090909090909090909090909096C
:10D73000090905010204E69D350E480103CCDBFD15
:10D74000F4AC1191F4EFB9A5F9E9A7832C5E2CBED6
:10D7500097F2D203B0208BD28915D08E1C7424305E
:10D76000ED8FC24563765C15525ABF9A32636DEBFA
:10D770002A65499C80DC01010101010203000506C4
:10D780001F1F2918120308020305080A00080103D5
:10D790000401050405090607010106060800000149
:10D7A000000100030100030202010002000000006A
:10D7B0000002030100036C888391AAF5A538603745
:10D7C0000BDB5A6083BE00070E091C1B1215383F85
:10D7D000363124232A2D00010203040506070B001D
:10D7E0002030303030303030303030303030300079
:10D7F0000110141400001C2030401C2000001C20CC
:04D800003040004074
:10D8040000000000C9140000000000000001000036
:10D814000000000000000000000000000000000004
:10D8240000000000000000000000000000000000F4
:10D834000000000079150000000000000001000055
:10D8440000000000000000000000000000000000D4
:10D8540000000000000000000000000000000000C4
:10D8640000000000A32F01000000000000010000E0
:10D8740000000000000000000000000000000000A4
:10D884000000000000000000000000000000000094
:10D894000000000000000000000000000000000084
:10D8A4000000000000000000000000000000000074
:10D8B4000000000000000000000000000000000064
:10D8C4000000000000000000000000000000000054
:10D8D4000000000000000000000000000000000044
:10D8E4000000000000000000000000000000000034
:10D8F4000000000000000000000000000000000024
:10D90400000000000000000000000000D5490000F5
:10D914000000000000000000000000000000000003
:10D9240000000000000000000000000000000000F3
:10D9340000000000000000000000000000000000E3
:10D9440000000000000000000000000000000000D3
:10D9540000000000000000000000000000000000C3
:10D9640000000000000000000000000000000000B3
:10D9740000000000000000000000000000000000A3
:10D984000000000000000000000000000000000093
:10D994000000000074BA0100000000000000000054
:10D9A40099A7000000000000000000000000000033
:10D9B400B0010020B00100200100000001000000BF
:10D9C400C0010020C0010020000000000000000091
:10D9D4000000000000000000000000000000000043
:10D9E4000000000000000000000000000000000033
:10D9F4000000000000000000000000000000000023
:10DA04000000000000000000858B01000000000001
:10DA1400000000000000000018020020180200208E
:10DA2400010000000100000028020020280200205C
:10DA340000000000000000000000000000000000E2
:10DA440000000000000000000000000000000000D2
:10DA540000000000000000000000000000000000C2
:10DA640000000000000000000000000000000000B2
:10DA7400858B010000000000000000000000000091
:10DA8400800200208002002001000000010000004C
:10DA9400900200209002002000000000000000001E
:10DAA4000000000000000000000000000000000072
:10DAB4000000000000000000000000000000000062
:10DAC4000000000000000000000000000000000052
:10DAD400651700003117000000000000000000007E
:10DAE4000300000000000000A92F01000000000056
:10DAF4000000000000000000000000000000000022
:10DB040035190000000000000000000099D6010053
:10DB1400000012004B340100000000000000072048
:10DB24000000010014BA01000000000014BA010052
:10DB340001000000020000000000000000000000DE
:10DB44000002000060C001003CC8010000000200A7
:10DB540048C801000000020054C80100000002008F
:10DB6400CC0700203A000000B80700203A0000006B
:10DB7400900700203A0000007C0700203A000000D3
:10DB8400A40700203A000000E00700203A0000004B
:10DB9400680700203A000000080800203A0000004E
:10DBA40000000000D74D010000000000000000004C
:10DBB40000D0005000000000000000000000000041
:10DBC4000000000000000000000000000000000051
:10DBD4000000000000000000000000000000000041
:10DBE4000000000000000000000000000000000031
:10DBF4000000000000000000000000000000000021
:10DC04000000000000000000000000000000000010
:10DC14000000000000000000000000000000000000
:10DC240000000000000000000000000000000000F0
:10DC340000000000000000000000000000000000E0
:10DC44000000000049400000000000000000000047
:10DC540000000000014D0000000000000000000072
:10DC640000000000E9430000000000000000000084
:10DC7400000000007D5E00000000000000000000C5
:10DC840000000000795D00000000000000000000BA
:10DC9400000000000D65000000000000000000000E
:10DCA40000000000F161000000000000000000001E
:10DCB40025730000717D0000996C010000000000D4
:10DCC40000000000997800006D6B0100F76B010003
:10DCD400157200000000000000000000697B0000D5
:10DCE4000000000000000000897301000000000033
:10DCF400000000000000000068C8010000000200ED
:10DD040074C8010000000A0084C80100000020005B
:10DD140000000000000000000000000000000000FF
:10DD2400F16F0100000000002805002028050020F4
:10DD340000000000000000000E0000003C05002070
:10DD44003C050020BD9A0000000000000000000017
:10DD54000000000000000000E0D40100000000000A
:10DD6400BD82010000000000F1A0000000000000DE
:10DD740074BA01007405002074050020000000003E
:10DD84000100000054BA0100880500208805002025
:10DD94000100000001000000980500209805002003
:10DDA400000000000100000000000000000000006E
:10DDB40000000000FFFF0000FFFF00000000000063
:10DDC400A1B500000000000000000000F07F00206A
:10DDD4000000000000000000000000000008000037
:10DDE4000090D003FF000000FF000000001001506D
:10DDF400000000000000000000000000000000001F
:10DE040074D501000000000039CC000000000000BF
:10DE140000000000000000000000000000000000FE
:10DE2400000000000000000000000000900200005C
:10DE3400300600203006002031AB01002DAB01007C
:10DE440000000000AD0A01009C060020940600209A
:10DE54008C0600200000000084060020151001003C
:10DE6400610F0100950F0100DD0F01007406002011
:10DE74007C060020442600203A00003A4826002070
:10DE84003A00003A4C2600203A00003A502600207E
:10DE94003A00003A542600203A00003A582600205E
:10DEA4003A00003A35030000CB00000051000000A6
:10DEB400702600206C06002070060020C406002096
:10DEC40058060020500600204C060020480600207A
:10DED400172F2F7777772E6E6F7264696373656D72
:09DEE400692E636F6D0406010153
:10DEED000000000000000000000000000000000025
:07DEFD00000000000000001E
:10DF04000007002000070020787F002000000000A8
:10DF14000100000024000000000000001C07002095
:10DF24001C070020C03D002000000000010000008C
:10DF3400A00000000000000038070020380700207F
:10DF44009C7F002000000000030000001C00000073
:04DF540000000000C9
:10DF580000000000A0530020441000000000000052
:04DF680000000000B5
:10DF6C006807002068070020000000000000000087
:10DF7C000E0000007C0700207C0700200000000041
:10DF8C00000000000E000000900700209007002009
:10DF9C0000000000000000000E000000A40700209C
:10DFAC00A407002000000000000000000E0000008C
:10DFBC00B8070020B8070020000000000000000097
:10DFCC000E000000CC070020CC0700200000000051
:10DFDC00000000000E000000E0070020E007002019
:10DFEC0000000000000000000E000000F4070020FC
:10DFFC00F407002000000000000000000E000000EC
:10E00C0008080020080800200000000000000000A4
:04E01C000E000000F2
:10E020001C0800201C08002000000000FFFFFFFF6C
:10E030000000000000000000340800203408002028
:10E0400000000000000000004408002044080020F8
:10E050000B000B000400000081510100D8C1010039
:10E06000CC6A0020000000000000000068080020CA
:10E0700068080020030003001000000000000000FA
:10E08000FCC20100A47D0020000000000000000090
:10E090008C0800208C080020030003001000000002
:10E0A0006972000098C30100007F0020000000009A
:10E0B00000000000B0080020B008002003000300AA
:10E0C0000000000000000000ECC10100D86C00203E
:10E0D0000000000000000000D4080020D408002048
:10E0E0000A000A000000000091510100C4C10100B3
:10E0F000AC6600200000000000000000F8080020CE
:10E10000F808002001000100100000003961000043
:10E11000E8C201009C7C002000000000000000001C
:10E120001C0900201C0900200D000D00000000004B
:10E1300000000000D4C20100647B00200000000049
:10E1400000000000400900204009002001000100FB
:10E15000000000000000000000C20100246E00204A
:04E1600015E015E0D1
:040000030000337D49
:00000001FF
