:020000040100F9
:10000000B0850021B9B40101F13F0201A5B401019D
:10001000A5B40101A5B40101A5B4010100000000CF
:1000200000000000000000000000000089B5010190
:10003000A5B401010000000065B70101A5B40101EC
:10004000DDB70101DDB70101DDB70101DDB7010158
:10005000DDB70101DDB70101DDB70101DDB7010148
:10006000C1440201DDB70101DDB70101DDB70101C6
:10007000D7440201DDB70101DDB70101DDB70101A0
:10008000DDB70101ED440201DDB70101DDB701017A
:10009000DDB70101DDB70101DDB70101DDB7010108
:1000A000DDB70101DDB70101DDB70101DDB70101F8
:0800B000DDB70101DDB701011C
:1000B800054B00221B78826001330260034A4260CC
:1000C800C371FF2303727047C80300218001080031
:1000D800064A074B02604FF424729B7882800822FC
:1000E800C371002382710372704700BFCD9801016C
:1000F800C8030021064A074B02604FF44272DB78BE
:1001080082800822C371002382710372704700BF86
:100118000F960101C8030021064A074B02604FF4FD
:10012800B072DB7A82800822C371FF238271037266
:10013800704700BFE98E0101C80300212DE9F34192
:10014800C41D0028064624F007040CBF00202046E2
:1001580000F03EFC071E04DA6FF00B0002B0BDE8A9
:10016800F081374DE988A88803316B7A03302A7A01
:1001780089B280B215F011FA0028EDDB3C44A97869
:10018800EB78002E04F10304194424F0030400FB67
:1001980001F10CBF0020204600F0AAFD20440EB952
:1001A8000028D9DBEA7A0446B2B1EB7B697C1344B8
:1001B8001944FF29D0D80330002EAA89C9B220F0EB
:1001C80003040CBF0020204600F004FE0028C3DB17
:1001D80004440EB9002CBFDB012000F0EFFBB0B1E6
:1001E800A97BA1B195F82A3033B340234FF481722B
:1001F8000734002E24F007040CBF0020204605F029
:1002080001F90028A8DB04440EB9002CA4DBAB7A62
:10021800FBB1EB7AB3B10734002EA97A24F00704B6
:100228000CBF002020460AF087FC002894DB044419
:100238007EB9002C0DDA8FE725232822D8E700BFE6
:10024800C8030021012000F0B9FB10B1AB7B002BE3
:10025800E1D1734B1B6893B1A97D81B10334002EA2
:10026800EA7D24F003040CBF0020204698470028AC
:10027800FFF672AF044416B9002CFFF66DAF694B58
:100288001B688BB1297C79B10334002E24F0030458
:100298000CBF0020204698470028FFF65DAF0444B5
:1002A80016B9002CFFF658AF5F4B1F68B7B1697CD1
:1002B800A1B10334002E2B7D24F0030408BF0020D5
:1002C800009318BF2046EB7CAA7CB8470028FFF6AD
:1002D80043AF044416B9002CFFF63EAF072000F0E8
:1002E8006DFB98B1A97D89B10334002E2A7E24F0D4
:1002F80003040CBF0020204600F05AFE0028FFF639
:100308002BAF044416B9002CFFF626AFB6FA86F7D1
:1003180095F823007F09A0B103346B7FA97E24F0F0
:10032800070419443B4644F00404C9B2224600F0CD
:100338007FFE0028FFF610AF044416B9002CFFF624
:100348000BAF95F8241000294CD004F10708002EB3
:10035800EA8C28F007080CBF0020404615F031F958
:10036800041EFFF6F9AE4444002E3ED1002CFFF6E1
:10037800F3AEA97F002945D095F82230002B41D053
:100388002A8C0734002E02F1240224F007080CBF3F
:100398000020404692B215F014F90028FFF6DCAEB2
:1003A800404416B90028FFF6D7AE03302B7FA97E4C
:1003B80020F0070019443B4640F0040495F8220059
:1003C800C9B2224600F026FE0028FFF6C5AE044456
:1003D80086B9002CFFF6C0AEEB6AF3B1C6B1EC6289
:1003E8000020BBE6002EC4D08846E98C404611F0B8
:1003F800B9FCBEE72A8C4046A97F083292B211F0B8
:10040800B7FCE9E7002EE7D0002211461046F6E7D0
:1004180028343FF5A1AE2046A0E6002EE0D1FAE749
:10042800AC100021B0100021B41000211FB572B625
:10043800194B1C6BECB9BFF34F8F1849184BCA689E
:1004480002F4E0621343CB60BFF34F8F00BFFDE7B8
:10045800B2FBF6F22B465D1C002AF9D1DBB203F1A0
:1004680010056D4405F80C2C0A2233B901A8A047E1
:10047800E1E7024600230A26EDE7013BDBB203F180
:1004880010050DEB0506B0FBF2F502FB1500303048
:1004980006F80C0C2846E8E7C803002100ED00E048
:1004A8000400FA0513B5124C68462389ADF80030EC
:1004B800E388ADF80430A388ADF8023008F00CFBEF
:1004C80018B1FA219C20FFF7B1FF207D08F068FBE6
:1004D80008B1FD21F6E7E07C08F05CFB08B1FE21DD
:1004E800F0E794F828000FF005FE02B010BD00BF39
:1004F800C803002138B5054600283DD014F06AF835
:1005080010B94FF0FF3038BD11F0F2FFB0F5FA7FA7
:10051800F7D81B4C002125631B2504F10F0084F834
:1005280034102A46217084F82A10E16214F0C8FABF
:100538000123032108200222A370E370E372A3744D
:100548002376F72321722384FB23A0721F20A17333
:100558004921E3840A23A580E5806272A081E174C1
:10056800E27584F82830EFF3108472B600F070FD5D
:1005780004B962B60020C6E76FF01500C3E700BFF4
:10058800C803002138B51446002840F0C480634DE4
:1005980095F83430032B00F0BB80B9B112B96FF075
:1005A800150038BD0139172900F2B580DFE801F0E0
:1005B8000C1D20366069873C6C6F814248565B8D04
:1005C800909FA2A596B3B3A81378AB700020FFF74D
:1005D800B5FD0028B7BF012302236FF00B0085F893
:1005E8003430A8BF85F83430DBE71378EB70EDE7DB
:1005F8001379002BD3D05379002BD0D01288FB2A43
:10060800CDD863881B3B9BB2E02BC8D81A2AC6D921
:100618002368A2886B60424B9A80D7E71378EA7BFD
:100628009342BCD3EB72D1E71378EA7A9342B6D8F7
:10063800EB73CBE71378EA7A9342B0D86B74C5E7CB
:100648001378002BABD05378013BDBB2F82BA6D83C
:10065800138892786B82334B9A70B7E71078687575
:100668000FF0F4FCB2E71378002B98D02B76ADE7A7
:10067800012000F0A3F9237808B1012B8FD9AB73BF
:10068800A4E71388AB81A1E71378AB759EE7072031
:1006980000F094F910B92378012B80D9072000F0D5
:1006A8008DF918B12378002B3FF479AF2378EB75D7
:1006B8008CE71378082B3FF672AF2B7486E7138804
:1006C800FF2B3FF66CAFAB7280E713786B767DE754
:1006D80013780E2B3FF663AFAB7677E72368124AA1
:1006E800C5F81E3063685360238913816EE7137859
:1006F800EB766BE713786B7768E713782B7765E70A
:1007080013785A1E092A3FF64AAF85F828305DE764
:100718004FF0FF3045E76FF02C0042E7C803002197
:10072800CC030021DA030021E6030021F8B50D46C9
:10073800064630B329B311F0070422D1124F97F8B7
:100748003430012B02D16FF00B00F8BD032B02D11E
:100758004FF0FF30F9E700F0B7FC0028F8D0284642
:10076800FFF7ECFC0028EEDB0FF0CAFC3046F96A14
:1007780008F092FAFFF796FE0323204687F83430F4
:10078800E3E76FF01500E0E7C803002110B5074C58
:1007980094F83430032B03D108F096FA09F034FAB0
:1007A80015F05BF8002084F8340010BDC803002160
:1007B80008B508F013FA03490320BDE8084000F023
:1007C800F5B800BF2101000108B508F021FA034976
:1007D8000220BDE8084000F0E9B800BFFD000001B4
:1007E80008B508F037FA0649012000F0DFF8054996
:1007F800002000F0DBF8044B012283F82A2008BD12
:10080800B9000001D9000001C8030021074B4FF0CF
:10081800FF3141F6FF72C3E9001205490022C1E920
:1008280000221F21C3E90212704700BF0000002107
:10083800000400213F280CD801380B4BC0F34212AA
:1008480000F01F0053F8223023FA00F000F00100F6
:100858007047FF2806D04038044BC0F3421200F01E
:100868001F00EFE70120704700000021000400216D
:10087800074B0146006849681A4603C240F48C22B7
:1008880000201A6041F0107242F4FF625A6070470B
:10089800000000210246034B0068516803C3002092
:1008A800704700BF000400210246034B00685168EE
:1008B80003C30020704700BF080000210138064B21
:1008C800C0F3421200F01F0003EB82039B6823FA77
:1008D80000F000F001007047000000210A8870B5A0
:1008E80095B2C67CC2F30E020488023602F11803E0
:1008F8003444C35AA4B233442344013BB3FBF4F356
:1009080003FB0422438892B29342044B8BBF2B40D3
:10091800AB4313439BB20B8070BD00BF0080FFFF49
:100928004A1E062A08B50346084604D84FF4D17172
:100938001520FFF77BFD094A914202D940F2A31125
:10094800F6E711B903B1196008BD2BB11B68002285
:10095800C3E901211A1D1A600430F5E7FAFFFF7F89
:1009680010B5114B00EB41041A786389B3FBF2F31D
:1009780003FB0223013A1A44B2F5706F02798078BA
:1009880028BF00231A440B18B2FBF0F100FB112119
:100998005B1AB3FBF0F100FB113313446FEA4343D6
:1009A8006FEA5343638110BD08040021024B03EB37
:1009B80080035960704700BF08040021034B03EB14
:1009C80080035868003818BF0120704708040021C8
:1009D8002DE9F04F10F0070A85B0054604D040F223
:1009E8006F111720FFF722FD534F04464FF0010BFC
:1009F80007F14C06B146B04657F8043B8DF80BA0FA
:100A08003BB101A898479DF80A30082B01D9F52178
:100A1800E7E79DF80B1041BB05B131604F4506F182
:100A28000406E9D1002D6FD00022DFF810911227BB
:100A3800964689F8002058F827A0013FBAF1000F20
:100A480055D09AF804609AF802C0FF2E60D0394653
:100A58000023481C38D19C44BCF1FF0F3FD90AB190
:100A680089F800E04FF49A71BBE79DF80AC04B1D66
:100A780060465A0004EB4303022838BF0220441E94
:100A880040422344BDF808406444CCF1000C0340C4
:100A9800013C04EA0C04B4F5803F02D340F205118E
:100AA8009FE775B19A1A32609170148082F803B08A
:100AB8009DF80C00107101984FEA104C1081A2F8B3
:100AC80006C004FB0134A9E758F8210028B190F8C2
:100AD80004B0B34504BF80781B180139B9E7DBB20D
:100AE800E6458AF804303CBF5FFA8CFE01227B1C85
:100AF800A1D10AB189F800E0122640F6FF6A58F839
:100B08002670B7B9013EFAD2601B05B0BDE8F08F78
:100B18000023E5E707EB410309F101093846A3F88B
:100B28000AA0FFF71DFF5FFA89F1BB788B42F1D865
:100B3800E8E74FF00009F6E70C040021080400215B
:100B4800034B03EB8003186D00B18078704700BF3A
:100B58000804002138B54FF6FF7302460380184B8E
:100B680003EB8103186DA8B184780379B3FBF4F122
:100B780004FB1133DBB2194600EB4105B5F90A5005
:100B8800002D0EDB0131B1FBF4F504FB1511C9B2E0
:100B98008B42F1D1002038BD6381BDE8384014F0A4
:100BA800D8BC00EB41046389C3F30E031380C278F9
:100BB800002AF1D14FF4E5711720FFF737FC00BF89
:100BC800080400211C4B03EB810370B51C6D05461E
:100BD80044B3030404D54FF4EC711720FFF726FC47
:100BE8000146204614F098FCFF28014604D0204610
:100BF800BDE8704014F0ADBCA078B5FBF0F300FB85
:100C08001353DBB219460A1D04EB4206B6F902601B
:100C1800002E09DB0131B1FBF0F200FB1211C9B261
:100C28008B42F0D1002070BD8B4201D00023E370CD
:100C380004EB42025580DAE708040021094B03EB74
:100C48008103014610B51C6D204614F065FCFF2891
:100C5800014604D02046BDE8104014F07ABC0020BC
:100C680010BD00BF08040021F8B5104B074603EB80
:100C7800810301461C6D204614F04EFCFF280546F2
:100C880011D0E288238953EA024606D0014620465D
:100C980014F05FFC01463846B04720462946FFF766
:100CA8005FFE0020F8BD0520FCE700BF0804002116
:100CB80038B50E4B0446827903EB8203186D08B9E8
:100CC800052038BD8278E1799142F9D24B1CE37155
:100CD80000EB41035D89B3F90A30002BF3DBA580F3
:100CE80014F037FC20600020EBE700BF0804002167
:100CF80070B5044610F003000E4603D04E211820AC
:100D0800FFF794FBFFF70CFE054624B10348314674
:100D18000460FFF705FE284670BD00BFA40400214B
:100D28002DE9F14FDFF870B01E4607460D46DBF897
:100D3800003090469DF828A09DF82C901BB96021A2
:100D48001820FFF773FB52460921404614F068FA51
:100D58004A4684B20921304614F062FA81B2DBF8BF
:100D68000000214414F0ACFB386018B9286001B0C9
:100D7800BDE8F08F04445346414609222C60386888
:100D880014F011FA4B4609223146286801B0BDE833
:100D9800F04F14F008BA00BFA404002170B50E4645
:100DA800044614F050FA0546304614F04CFA044B49
:100DB8002A1821461868BDE8704014F0A6BB00BF89
:100DC800A4040021024B186808B114F06DBB7047E9
:100DD800A40400211F2AF8B5044613460ED8920031
:100DE800033222F00303B3F5803F2DD2184DACB186
:100DF800A00710D068210920FFF718FBFF2B4FEA46
:100E0800420204D9FF339A42A8BF1A46E8E77C2A6F
:100E1800B8BF7C22E4E729706C602B8122F00302C2
:100E280028230127120403FB01F06B680025120C2C
:100E3800EEB2B14200D8F8BD14B126181F705E603A
:100E4800104401352833F3E74FF0FF30F3E700BFD4
:100E5800A8040021154A002170B553681578C8B256
:100E6800854203D8BA210920FFF7E0FA1C46184644
:100E7800013114F8286B0EB92346F0E70021997068
:100E880001241289996103F126055C709208D961E1
:100E980003F11E04596824F8022FA54243F8041FE1
:100EA8001144F8D100234361037070BDA8040021E8
:100EB8000A4B1B89B3F5FF7F4FEA930006D25A0805
:100EC8009B1A9BB2984238BF18467047B3F5EE6F2D
:100ED80001D8FF22F4E740F27263F3E7A804002187
:100EE8004B782DE9F04106460C4602F0040702F063
:100EF800FB05E3B1A5BBFF23A3707B0804EB5707F1
:100F08003A7D032A02D1022D18BF0133E2180121CC
:100F1800117503F10C01002204EB830324F811205E
:100F28005B68A27030463360B280BDE8F081002D66
:100F3800E1D1012301F11E028D6120464B7004F1BD
:100F4800260C1A4BCD611B8949689B0822F8023F81
:100F5800944540F8041F1944F8D100236361CAE797
:100F6800D1F8048014220021A018617013F0A8FDA4
:100F78000E4B1B89B3F5FF7F0FD25A089B1A9BB201
:100F880008EB0301C4F804802384A1606284C4F8D8
:100F98000C80A3842161E284ADE7B3F5EE6F4FF0D6
:100FA800FF02EBD940F27263EAE700BFA804002110
:100FB8002DE9F84305460C46F7200521914614F023
:100FC8002FF9061E21DB1DB906FB04F0BDE8F883E6
:100FD80015F0030703D098211920FFF727FADFF847
:100FE8003080C8F81050A8F81460BBB29C42EBD906
:100FF800B8F814504B46D8F810000522F72107FB23
:101008000500013714F0CFF8EFE74FF0FF30DDE7C8
:10101800BC04002107B5CDE900230B46034902466D
:10102800081D14F0F4FB03B05DF804FBD4040021A0
:1010380013B5064CCDE900230B46024604F108011E
:1010480004F10C0014F0E3FB02B010BDD40400213D
:10105800144B012200214FF0FF309A60C3F80012B0
:10106800C3F80803C3F80015C3F804259A60C3F849
:1010780008034FF48040C3F80015C3F8042503F5AE
:10108800805341F6F8720849C3F80825C1F8800072
:10109800BFF34F8FBFF36F8FC1F88001C3F80825E6
:1010A800704700BF00E0004100E100E00268002056
:1010B800014B1A60704700BFE4040021014B1B6814
:1010C800184700BFE4040021024B1868003818BF15
:1010D80001207047E40400218C469B22064B00B592
:1010E8000CF8032B8E4607CBCEF80300CCF804107F
:1010F800CCF808205DF804FBF40400212DE9F04148
:101108001C4E044600F00107736A93F8A850B5F125
:10111800000818BF4FF001081DB117B1338D1A0729
:1011280014D4012916D8F36A2046984790B196F846
:1011380030307BB98DB987B1308D58B996F83130D8
:101148004BB996F8320080F0010004E096F82A3096
:10115800002BE6D00120BDE8F08184F0010010EA00
:101168000800F8D0308D8307E7D596F82A0080F07C
:101178000100F0E7E804002110B5154C10F07CF9E7
:1011880010F090FC0021A36BA08E9847237E93B9A2
:10119800A18E606A09F078FE636AB3F8AA0009F0C4
:1011A80081FC236C94F8301094F83C009847002395
:1011B80084F8443010BD94E8070004F10C0383E878
:1011C8000700044904F1190016F0A5FDE0E700BF87
:1011D800E8040021E1100001034B93F8443003B9FF
:1011E8007047FFF7C9BF00BFE804002108B5094BE5
:1011F80093F84420022A07D1DA7A42F00102DA721F
:10120800BDE80840FFF7B8BF40F257312720FFF785
:101218000DF900BFE80400211E4910B48C6C427817
:101228002378D20003F0F30302F008021343827814
:10123800920002F004021343C278120103F0EC0397
:1012480002F010021343027802F003021343022251
:101258002370B1F854306370A1F84C208C6C00797D
:1012680023784201012823F0200302F0200243EAF8
:10127800020323700CD14B6A93F8BA2093F8BB3061
:10128800032A03F01F0308BF002243EA8213A37056
:1012980010BC7047E8040021F0B5194C83B0A56D67
:1012A8004DB3636E3BB3B4F8683001F003012F46C9
:1012B80006466B702B7823F003030B4307F8033BB8
:1012C8003846B4F86820616E13F0A6FC0DF10202EE
:1012D80001A9E06EE565676614F0DCF8019814F082
:1012E800C7F80346B4F868100122E06E336014F0C2
:1012F8006AF803B0F0BD40F6C4012720FFF796F85E
:10130800E8040021F8B5244C4FF481730646656A59
:10131800A4F860302A7D94F87430276F03EB8200BC
:1013280095F82111E765FF2804D11EB995F82031F9
:101338008B4216D00FF048FB2B7D3BB3A06F0FF00C
:10134800F3FEA16FE06D10F073FB8EB1B5F8E0000D
:101358000FF0A2FA002010F051F8022384F844306C
:10136800F8BD002AEAD138460FF0DEFE10F09AFBED
:1013780095F82131B5F8E420033B012B8CBF002000
:101388002820104480B20FF069FFDFE7E06D0FF00E
:10139800CBFE10F087FBD8E7E80400212DE9F04FD9
:1013A800C24C87B0666A94F87430327D96F8201182
:1013B80003EB8203FF2B05D120B996F821318B422C
:1013C80000F0F080FF200FF0FFFA676A00233A7AF6
:1013D80004938DF80930ADF80A308DF81430062AD8
:1013E80000F21481DFE812F07B00E0006100610088
:1013F8001201070007000DF10A0103A807F0B6FE65
:10140800002800F0EF80039D002D00F0EB80012202
:10141800062384F87D20BDF80A203B72002A5CD0A0
:10142800E91CA4F85420022B2165B7F80920A5640B
:10143800ADF811206AD0053B012B66D80B78032242
:10144800022B8DF8102000F0A080D4F8800013F053
:1014580079FF0546002840F0C080236D1B781B2BC0
:1014680000F0E48000238DF8143004A8F37C84F89D
:10147800315023B1B4F85430002B40F08980FFF785
:10148800CBFEA06C0FF050FE10F00CFBB6F8E2009B
:101498000FF002FA01200FF0B1FF012384F8873022
:1014A80084F8443007B0BDE8F08FB7F810310DF17B
:1014B80009020DF10A01D4F88000ADF80A3013F0E2
:1014C800E9FE0546002800F0FF800123BDF80A2048
:1014D80084F87D303B7A002AA2D11146A1E794F81E
:1014E8007C3003A80DF10A01A7F81031ADF80A30D5
:1014F80007F03CFEE0B1039DD5B10122052384F835
:101508007D203B72BDF80A2088E701238DF8103052
:10151800D4F8800013F016FF0546002858D107F0CC
:101528003FFE2B4680F00105EDB28DF813509AE787
:10153800636A93F85180B8F1000F58D10DF10A0190
:101548000DF10902D4F8800013F0A4FE0546002826
:101558004DD09DF809A0BAF1000F6ED1BDF80A3040
:10156800002B58D10123A5643B7284F87D300023F9
:10157800A4F854302365B7F80930ADF811300123C9
:101588008DF81030B8F1000FC2D000252B466AE75D
:10159800FFF742FEA06F0FF0C7FDA16CA06F10F01F
:1015A8000BFA73E7374611E7414B0122D4F8800064
:1015B800A36400238DF81020A4F854302365B7F8ED
:1015C8000930ADF8113013F0BDFE05460028A6D04D
:1015D80001238DF81330002345E701238DF81330DC
:1015E800236D3BE740F2D2512720FEF71FFF4FF053
:1015F8000008012200233A722D4AADF80A30A4F8F7
:1016080054302365A264B7F80930B6E740F2DC51DC
:101618002720FEF70BFF002301222B80AB7003234A
:1016280084F87D203B72BDF80A20F7E607F1BA007E
:1016380001210FF00BFA012315E70146D4F88000C9
:1016480013F012FF13F014FF0368D0F804B08146BA
:1016580053EA0B022ED10023BDF80A2089F8003086
:1016680089F8013089F8023089F8033089F80430A4
:1016780089F8053089F8063089F80730002A3FF4E0
:1016880071AF9DF809100029C5D0297801F0030130
:10169800012906D00121BB75022384F87D103B7215
:1016A800BEE6032384F87D103B72B9E6E804002106
:1016B8006C050021019311F0E9F8019B83427BEB53
:1016C8000101C8D2D04694E740F2C3512720FEF763
:1016D800ADFE00BF2DE9F04F0023AD4C8BB0656A1D
:1016E800CDE9083394F84430022B40F04782E36D8B
:1016F80003220E46074693F8009005F1A80A597888
:10170800134409EA020B4FEA2918A4F8602063661B
:10171800A4F86810002800F0C180002940F0728108
:101728006B7AA28E0133A16542F40072DBB2A28605
:1017380083EA990111F0010140F0EA802A7AA2B106
:10174800032A6B7200F2A781012A0ED008A9D4F8E7
:10175800800013F0C1FD002800F01A822B6F0133BE
:101768002B676B6F43F100036B670021636A297273
:1017780093F8A8304BB16B793BB1238D1020697178
:1017880043F010032385A36B9847A38EC9F3C009C0
:1017980043F40063A386002307932B7D002B40F0BE
:1017A800BE80AB7A03F00102914500F01681A36D6B
:1017B800002B00F0C78008F0010884F83280002E62
:1017C80040F0F580079E4FF0000994F88A10012038
:1017D800FFF794FC8046002840F0CC81EB7C002B7E
:1017E80040F02B81002095F82021B5F8E0100FF08B
:1017F800DFFA0020FFF7D2FDB8F1000F03D05946F9
:1018080009A8FFF749FDA38E5A0607D4A36B002148
:1018180040209847A38E43F04003A38666B1EB8827
:101828002BB9636A93F8A830002B40F0CE80B4F847
:1018380009300133A4F80930002F00F0C080B4F853
:1018480005300022013384F88A20A4F80530514875
:1018580009F016F9089830B113F00AFE0022027256
:10186800514608F0F9FA099B33B100221A720C228A
:101878005146099808F0BEFAB9F1000F40F083808C
:10188800A38E1B0607D4A36B494680209847A38ED6
:1018980043F08003A3860BB0BDE8F08F2B7D002BAF
:1018A80040F0B58094F88A30013384F88A30A38EEA
:1018B80043F48063A38695F82131033B012B16D9A5
:1018C80008F0EEFA98B9A36D002B00F0F58008F047
:1018D800010884F83280002E3FF475AF0FF0CCFD7C
:1018E800A38E5B0669D400264FF001098EE70EF03F
:1018F800E9FF0328A36D00F08D80002B00F0DC8049
:1019080008F0010884F83280002EE7D1B1465CE780
:101918002B7DC9F3C0090797002B3FF442AFB4F8F9
:101928006830F3B9AB7A03F0010291457FF43FAF19
:101938000133BBF1030FAB7200F0C380A26D002A24
:101948007FF439AF4FF00009B4F86830002B14BFAA
:101958004FF0000808F0010884F832803EBB079E6B
:1019680033E710F0C7F80328FBD002280BD0002873
:101978007FF417AFAB7A03F0010399457FF417AFF3
:10198800012384F83C30FFF7F7FB0BB0BDE8F08F7C
:10199800E80400210C050021002A14BF4FF00008BC
:1019A80008F0010884F83280002E3FF40BAF0FF0E6
:1019B80063FD079E4FF0010925E74FF00109B4F8D0
:1019C80007300133A4F8073041E7B4F80530B4F81C
:1019D800072013433FF430AF29E7B4F86820002A02
:1019E800A6D00BF1FF32012A7BD90133BBF1030FDB
:1019F800AB7266D0AB6F0133AB67EB6F43F100039B
:101A0800EB67D4E6E06E13F0BEFC014688E610F002
:101A1800B1F847E7B4F86890B9F11B0F94BF4FF0DD
:101A280000094FF00109002B59D008F0010884F88B
:101A38003280002E3FF4C9AE50E7636A05F1800199
:101A480095F82A0105F1900C93F8A82095F8203113
:101A58008000B2FA82F20791013B5FFA80FE5209D8
:101A6800DBB2032BD5E91C0100F2A78003930B46D8
:101A780005F18001CDE9002C02464FF0000C7046BC
:101A88004FF0010ECDE904CE4FF0FB0CCDF808C0A5
:101A98000FF002FFA6E6053A012A74D8079107F06D
:101AA80073FB0799002878D0238D082043F008039A
:101AB8002385A36B984751E64FF00009CDF81C9099
:101AC80042E7A38E01203F4943F480532871A3863F
:101AD800238D43F001032385A36B98478AE7079377
:101AE80032E7A38E95F8149043F48053A3860EF042
:101AF800E9FE032894F8883007D1B9F1000F0CBF2C
:101B08001F221B22934228BF1346B4F86820A16DF8
:101B18009A421CD800293FF43FAF94F8893003BBA0
:101B2800AB6F08F00108013384F83280AB67AB7AF9
:101B380003F10103AB72EB6F43F10003EB678EB364
:101B48000FF09AFC594609A8FFF7A6FB31E794F86D
:101B5800303043F0100384F8303000297FF42BAE86
:101B6800F0E6A36B002120209847A36D002B7FF49B
:101B780022AEE7E60FF080FC07961AE740F6AD11B3
:101B88002720FEF753FC40F2B3712720FEF74EFCE6
:101B980040F2D4712720FEF749FC40F2DE7127207D
:101BA800FEF744FC94F88A100120FFF7A7FA814653
:101BB8000028C5D1079EB84610E640F22541062008
:101BC800FEF734FC4C0500212DE9F041404C86B06D
:101BD80094F84430012B70D1666A5FFA83F80546A1
:101BE8000F46337903BB337A052B30D0012F16D13A
:101BF800ADB929462846FFF781FA80B9337D676A6F
:101C0800002B3BD197F821210120B7F8E2100FF003
:101C1800CFF8002006B0BDE8F041FFF773BB06B06F
:101C2800BDE8F041FFF7A8BA238D0021042043F056
:101C3800040331712385A36B9847636A93F8A8302E
:101C4800002BD0D0337A86F80580052BCED1238D92
:101C58000220204943F002032385A36B9847636A57
:101C680093F8A830002BC1D0236D1B78A3F1020391
:101C7800B3FA83F35B0984F82A30B7E797F8213180
:101C880006F1800C94F874209036013B97F8A84030
:101C9800DBB2003C18BF0124032B56E9060111D81A
:101CA8000094CDE9016202460120CDE90335059093
:101CB8000B4661460FF0F0FDA4E740F60C11272013
:101CC800FEF7B4FB40F225410620FEF7AFFB00BF4C
:101CD800E80400213805002110B50C4C0C4A0D49C8
:101CE80094F84430116023B14FF4B1712720FEF706
:101CF8009DFB03F0FF02227609F0BEF806F0FCFF18
:101D0800206706F0FDFFA06710BD00BFE8040021B2
:101D1800B81000210C200001074A10B592F8443091
:101D280013B10C24204610BD03F0FF04147609F00B
:101D3800A3F8204610BD00BFE80400212DE9F043B8
:101D48009A4C87B0054694F844009DF838600028FE
:101D580040F02181002A18BF002900F01C81B3FA45
:101D680083F04009002B00F016812364A163E2622E
:101D780084F8300084F88A0084F83C0084F88700EE
:101D88002085A08684F8310084F8320084F87D002C
:101D980084F82A00A0642065A4F85400E065606611
:101DA800A4F8680084F8896065620EF081FE0FF07F
:101DB80079FE95F928010EF0DFFED5F8D460D5F844
:101DC800CC000EF0DFFE30460FF092F995F82500B2
:101DD8000EF0E2FEB5F8E030702B03D9B5F8E2302A
:101DE800702B01D80EF05EFD636A93F8A860002E90
:101DF80072D016F087FD014695F821210120AF31F8
:101E08000EF0C0FF6A4B18680FF078F9AB7B243BE3
:101E1800D5E93012072BC4F88010E2667BD9EB7B3A
:101E2800243B072B77D9B5F8F230B5F8F80095F8C8
:101E38002011984228BF1846042908BF032115F02D
:101E480077FA024695F8F40095F8F030904228BFEA
:101E5800104680B2984200D3C3B295F8211105F11B
:101E6800E80084F87C3015F08DFF95F821112F7D5E
:101E78000329B5F8FC6008BF042115F059FA0FB919
:101E8800043080B2864228BF0646F6B284F88860DD
:101E980008F006F8002840D1636A84F8746093F863
:101EA800A8306BBBEA7C002A3ED10120FFF776FA06
:101EB8000023B5F8AA0095F82520A360C4E90033EB
:101EC800D5F82431E9882080618022710BB1012284
:101ED8001A6007B0BDE8F08316F014FD95F82021CC
:101EE800344B01463046344E33F8123003F5FA735A
:101EF800A6FB036301EB931191310EF043FF81E7D9
:101F08002B7D73BB0120FFF7FDF9636AD3F8E80165
:101F18000FF072F9CCE71B239FE707F0C7FFB04229
:101F280038BF3046C6B2B7E795F8206105F18001A1
:101F380095F82A0105F19002013E8000F6B2C0B280
:101F4800032ED5E91C892BD801924246CDE90363BB
:101F580001264B4605960096FB2602960FF09CFC40
:101F6800A3E795F8213105F1800705F19002013BBF
:101F7800DBB2032BD5E91E0112D8019202460120DB
:101F8800CDE9026300260B46059039460090049679
:101F98000FF082FCB6E74FF420712720FEF746FACF
:101FA80040F225410620FEF741FA00BFE80400216F
:101FB800B8100021785B0201D34D6210FFF7DCB83E
:101FC800014B93F887007047E8040021054B9A8E6F
:101FD80012F4C06F03D093F87D0000B17047C2F3CC
:101FE80000307047E8040021024B93F83500C0F335
:101FF800C0007047E8040021014B93F88A0070473D
:10200800E8040021F5110001DD160001D11B0001D3
:10201800E111000181220B4603F8032BB0F809C037
:10202800C27AA1F803C09A70704700BF40F2BD2180
:10203800322008B5FEF7FAF990F8DE2012B902F05E
:10204800FF00704710B5363882B00C4604F002FB2A
:102058008F230420237002B010BD00BF70B5002884
:102068005DD0437A04460D46002B3CD000214089C0
:10207800FEF7E4FD002857D00021B0F8AA00FEF7CB
:10208800F3FD002855D194F8546094F8A6302BB18C
:1020980094F8A7301E43002384F8A630204604F0A5
:1020A800D9FAB30731D188212B4604F10902293422
:1020B80003F8031BD2F800C0103252F80C6C10332E
:1020C80052F8080C52F8041CA24243F810CC43F80A
:1020D8000C6C43F8080C43F8041CEBD1117800226F
:1020E8001970AA7170BD036DD0F80E20C3F8AD2029
:1020F800428AA3F8B120437B026D03F0FD03003B45
:1021080018BF012382F8AC30BDE726F00406002290
:102118002046114684F8546004F00CFDC3E740F2F1
:1021280006313220FEF782F940F212313220FEF7F2
:102138007DF940F215313220FEF778F9044B002280
:102148001B68A3F8792183F87B2183F870207047F6
:102158007405002108B50DF091FF034B18700EF0BF
:1021680069FE032008BD00BF1000002108B50DF06E
:1021780085FF024B024601201A7008BD100000219D
:1021880038B5114C20686C3003F0AEF9656803F07F
:102198005BF963682860186858B103F083F968B17F
:1021A8000EF0C2FF00200FF059F8042263681A717C
:1021B80038BD40F2F5413220FEF738F940F2F741D8
:1021C8003220FEF733F900BF7405002108B50DF081
:1021D80055FF04490246044B48681A7003F0FCF99D
:1021E800012008BD7405002110000021F0B54C4CF9
:1021F800002383B0064625680F466B722B6DB3F833
:10220800AA2093F82911D3F8C8006A8115F0E2F8DA
:10221800236828841A6DD2F8D020C3F822204FF4FE
:102228007F42DA844FF6FF721A85002E4AD00121C8
:10223800384615F06BFB3A78D209236893F84810B2
:1022480009B1002A48D1002159611983207B082847
:1022580052D003F10E0203F10D0107F027FA00280E
:1022680058D023685A7B03F11A0542F002025A73C8
:10227800002E3BD103F1780002682A608288AA8088
:10228800186D93F95810A83007F082FB206825498B
:1022980015F038FD236824491A6DB2F8AA00A3F88E
:1022A800330003F12A00D27D83F8352015F033FD81
:1022B8000221206804F0C8FE20686C3003F014F98D
:1022C80003B0F0BDA068694615F018FAA36868461F
:1022D8001A78C2F38012B0E7427902F0C002402AAD
:1022E800B1D102685A6182881A83AFE70021384663
:1022F80015F00CFB2368BFE793F87E109A6FB3F8CC
:102308007C0059730021C3F80E205882C3F81A10B4
:10231800D983B5E741F213413220FEF787F800BFB1
:1023280074050021652000011D20000140F29B3149
:10233800322008B5FEF77AF810B504788CB004F0AE
:102348000F0402A9224603F009FC0DF097FE234A68
:10235800042C107002D003200CB010BD204C03993F
:10236800236891F800E093F878C0E645F3D191F836
:1023780001E093F879C0E645EDD191F802E093F8D1
:102388007AC0E645E7D191F803E093F87BC0E645CB
:10239800E1D191F804E093F87CC0E645DBD191F8EF
:1023A80005C093F87D108C45D5D193F87E309DF803
:1023B80019109942CFD17F280DD04FF07F0C009093
:1023C80002A9606882F800C0237C227B03F030FBFE
:1023D80003200CB010BDFFF7A9FF00BF10000021BB
:1023E800740500210E4A536810B5197902290CD9D1
:1023F800197908290ED8197952690A4B92680B4441
:10240800BDE8104052F82330184741F2BC41322051
:10241800FEF70CF841F2BD413220FEF707F800BF85
:1024280074050021FDFFFF3F38B5194D6B681B7916
:10243800022B28D82B680446027C83F8A4201A446F
:10244800C168996692F87C2183F878214268C3F8BC
:102458008820037A022B0ED00EF02AFB0EF050FFD4
:102468000DF098FE0B480EF049FE0B480EF040FEAA
:102478000A480EF087FB637C23B12B685B6E0BB1B7
:1024880001221A6038BD40F6FC013220FDF7CEFF6C
:1024980074050021284E000155555500D6BE898E79
:1024A80070B53A4C064663681A79032A41D01A79FE
:1024B800042A3ED0226892F8542092073ED1A5689B
:1024C800002D4AD0236893F85430002B3BD03EB1FE
:1024D800284615F0DDFAD8B9284615F0F4FAB8B947
:1024E80063681A79022A3DD91A79082A3FD81979D6
:1024F8006269274B52690B4452F8233098470C28DD
:1025080026D86369DB68BDE8704053F82030184767
:1025180063681A79022A2FD91A79082A31D81979C1
:10252800284662691A4B12690B4452F823309847BF
:10253800E5E7186802F0B6FF0546C1E7186802F03B
:10254800B3FF0546BCE741F2CA313220FDF76EFF02
:1025580041F2DD313220FDF769FF41F2C43132200A
:10256800FDF764FF41F2AA313220FDF75FFF41F227
:10257800AB313220FDF75AFF41F24A313220FDF7E4
:1025880055FF41F24B313220FDF750FF7405002111
:10259800FDFFFF3F70B5154D2C6894F84830EBB13E
:1025A8006FF00043D4E920129A4208BFB1F1FF3F0F
:1025B80014D010F01DF8D4E92023904299410DD38E
:1025C8002E6896F8483053B907F06AF8044610F0B8
:1025D8000FF8074BE4FB0301C6E9200170BD012099
:1025E80007F020F90028F9D02E68EDE774050021DE
:1025F80040420F001B4B2DE9F04793F9008084B04F
:10260800B8F17F0F2CD0184C7F2281460F466668A0
:102618001A703379032B1AD03379062B14BF4FF075
:10262800010A4FF0030A236803F142050EF04AF944
:1026380000903A462B4649463046CDE9028A257B2A
:10264800019503F015F828B904B0BDE8F0874FF0FC
:10265800000AE8E7606804B0BDE8F04702F07CBF14
:10266800FFF764FE100000217405002138B5054607
:102678000C4606F097FB420704D4A37803F0E00366
:10268800402B0DD006F08EFB830704D4A37803F00B
:10269800E003202B04D0237803F03F03242B01D937
:1026A800002038BD0EF014F994F900206378002A50
:1026B800A27802F01F0CB4BF4FF496711E2143EAB2
:1026C8000C2301FB03F3191AB1F5877FE8D398426D
:1026D800E6D80648294623880068A0F8793180F8AA
:1026E8007B21BDE8384004F041B800BF74050021E3
:1026F8002DE9F047334F84B0D7F8048098F80630B6
:10270800002B4DD03D6804460E4695F8953033B9F8
:102718000378002B14BF0223012385F8953098F81D
:102728000430062BDAB23FD0072A0CBF4FF0020A5A
:102738004FF0010A244B93F90090B9F17F0F3ED076
:102748007F221A700EF0BEF8009005F1420332465F
:102758004046CDE9029A397B0191214602F088FF73
:10276800F0B16378DB0618D5A1690220FFF77EFF78
:10277800E8B100233A6882F896306369DBB159788A
:10278800C1F3031182F8971059781B7801F00F01F3
:1027980043EA0123A2F8983003E0786802F0DCFEEF
:1027A800002004B0BDE8F0874FF0030AC2E778685C
:1027B80002F012FFF4E7FF2382F89730F1E7FFF702
:1027C800B5FD00BF740500211000002110B50446B6
:1027D8008AB00DF053FC194A2378107003F00F03E8
:1027E800072B02D001200AB010BD2046694603F02D
:1027F8005BFA684603F03EFB9DF80030002BF1D1F0
:102808009DF80130DB07EDD50D4C019922689DF844
:10281800110002F1780392F87E2014F0BEFC002823
:10282800E0D020680121A03014F023FAFF21684687
:10283800FFF75EFF0130C0B2D5E700BF10000021EE
:10284800740500212DE9F04304468BB00DF016FC09
:10285800434A2378107003F00F03082B04D0012596
:1028680028460BB0BDE8F0836946204603F0AEF970
:102878009DF80050002DF2D19DF8013003F00303BC
:10288800032BECD1374F3E6896F84B308BB396F854
:102898004C807B7B8BBB4FF0000906F1780396F8E0
:1028A8007E2001999DF8110014F077FC10B9B9F158
:1028B800000FD4D096F848203E6896F841904236EA
:1028C800002A3CD19DF81200334602994A46012855
:1028D8001FD014F062FC0028C1D038680121A03054
:1028E80014F0C7F97B7B9BBB21460120FFF77EFCD8
:1028F800B6E77B6893F80580CBE714F092FC0828CC
:10290800C9D0A0EB08093873B9FA89F94FEA5919FF
:10291800C3E74E7914F041FC80F0010306F0C006CD
:10292800DBB2A6F14006B6FA86F67609002BD2D0BD
:10293800002ED0D00299404606F0A8FFCBE74046CB
:1029480006F0DEFF0028BDD006464FF00109B9E7C2
:102958000EF0D6FC0DF01EFC00237B73C4E700BF0D
:1029680010000021740500212DE9F04FDFF8DCA0EC
:1029780093469846827CDAF8003083B0012A0446F0
:1029880093F84850894685F001053DD00026374622
:102998009AF80D203AB393F8542052072DD463685F
:1029A800B3B1DAF804305B79082B18D018460193D4
:1029B80006F08AFD2843C5B2B7B19AF80F20019BEB
:1029C8006AB314F038FC002307468AF80F300BE08E
:1029D800DAF80430186803F0A3F80028E1D11FB131
:1029E8009AF80E1009B300278BF8007089F8006078
:1029F80088F8005003B0BDE8F08F93F84B20002A08
:102A0800CDD093F84C30CFE78268567906F0C006EF
:102A1800A6F14006B6FA86F676093746B8E7A16801
:102A2800184606F033FF0746DEE7A06806F056FEB4
:102A380007468AF80D000028D5D014F0F2FB0828C4
:102A4800D1D0DAF804305871CEE700BF7405002100
:102A58002DE9F04F044687B006290AD8DFE801F0CF
:102A6800522E0F0909090400B34D68688379002BB9
:102A780072D10EF0DFF9032007B0BDE8F08F0EF039
:102A8800D9F9AD4A136893F854108F07F3D05068FA
:102A980081790029EFD0A94D95F900107F2900F020
:102AA8001C8202912146127B7F2442330192FF222D
:102AB800009202222C7002F013FFDCE79E4DA27CEC
:102AC80029686868012A91F8483090F806A090F8BB
:102AD800079083F001035BD00027BB4691F854C0F0
:102AE8001CF0040600F0D78091F84B60002E5AD0F5
:102AF80091F84C80B8F1080F5BD191F8418000261D
:102B080040466FE08C4DD5E9003093F854205707C4
:102B18001AD5C279002A00F0C680626893F85B1063
:102B280016788E4200F0328193F85620012A00F080
:102B3800518193F84C30082B03D042799A4200F027
:102B480049810EF077F968688379002B40F0AF80EF
:102B5800C379002B8FD18CE72B6893F85420960704
:102B680040F1CF80754A92F900107F2900F0B581B5
:102B7800029121462C7B42330194FF2400947F2448
:102B88001470062202F0ACFE002309202B7473E7B0
:102B9800A268577907F0C007A7F14007B7FA87F787
:102BA8007F09BB469AE790F80580B8F1080F00F056
:102BB800DD804046049306F087FC049B0590BBF13A
:102BC800000F40F0388129685E4691F854C091F8AA
:102BD80041800CF00402404692B3059A43EA020B86
:102BE8005FFA8BF3626891F85BC092F800E0E64503
:102BF80000F0F3804FF0000B6A685279082A00F061
:102C0800308191F84CC0ACEB0202B2FA82F2520960
:102C18000492002E00F0B680B9F1000F0BD091F8A5
:102C28005630012B00F0D6804E4623B9049B53EA58
:102C38000B0B40F0CF800EF0FDF82B6893F854C0D2
:102C48001CF0030F3FF417AF0EF0F4F8BAF1000FC1
:102C58003FF411AF2868A36800F14201A27C90F804
:102C6800410014F09AFA16B9002800F01481334E86
:102C780096F900307F2B00F03081029321462B7BA0
:102C88007F240122CDE90083D5E900303470423336
:102C980002F026FEEFE690F80580B8F1080F88D11B
:102CA80091F84180CCE78379002B3FF4E2AE2B68A2
:102CB80093F85420960743D4D0077FF5DCAE51072C
:102CC80000F1E6801D4B93F900207F2A00F0058172
:102CD8007F2002922A7B21461870FF202B680192E0
:102CE800002200904233686802F0FAFD03206B6806
:102CF800DA79002A7FF4C0AE9B79002B7FF4BCAE52
:102D0800B7E6D1077FF5B5AE530700F1BE800B4B90
:102D180093F900207F2A00F0E0807F20029221466C
:102D28002A7B1870FF24D5E900300192062242332D
:102D3800009402F0D5FD9EE67405002110000021E4
:102D4800674A92F900107F2900F0C7800291214656
:102D58002C7B42330194FF2400947F2414700022BA
:102D680002F0BEFD012309202B74C0E7626891F8C8
:102D78005B0092F800C091F8418084452CD0B3469E
:102D880040460496002B6FD1002654E7567893F8F6
:102D98005C108E427FF4C8AE967893F85D108E4230
:102DA8007FF4C2AED67893F85E108E427FF4BCAE44
:102DB800167993F85F108E427FF4B6AE517993F886
:102DC800602091427FF4B0AE617C93F85A20914222
:102DD8007FF4AAAE0A204FE6404692F801E091F847
:102DE8005CC0E6457FF406AF92F802E091F85DC05A
:102DF800E6457FF4FFAE92F803E091F85EC0E64541
:102E08007FF4F8AE92F804E091F85FC0E6457FF4ED
:102E1800F1AE92F805C091F8602094457FF4EAAECF
:102E280094F811B091F85A20ABEB0202D2F1000BE2
:102E38004BEB020BE0E6A1684046049306F026FD42
:102E480029680646049B91F854C091F841000CF09B
:102E58000402002E3CD040F00208002A7FF4BDAEE8
:102E6800EEE600220492D4E64231A368A27C14F074
:102E780094F9002888D0B9F1000F85D02B6893F811
:102E88005630012BA6D00026CFE60DF0D3FF3EE743
:102E98000DF0D0FF16E72B6893F85520023A012A67
:102EA8003FF6E9AD002F3FF4E6AD0D4E96F9002050
:102EB8007F2A12D0029221462A7B7F2468684233F7
:102EC8000192FE2200920122347002F009FDD2E53F
:102ED8008046002A7FF481AEB2E6FFF727FA00BFEA
:102EE8001000002108B5054B586802F035FB0DF0BD
:102EF800C5F8034B024601201A7008BD740500216D
:102F0800100000212DE9F843664C00220746894647
:102F1800A368D4F8008018461A800EF03BF9002800
:102F280000F0A380A568032F06462B7800F0A9803F
:102F380023F02F03222243EA49136A7043F0050362
:102F48002B7023681A6DD2F8CC20C5F80F201A6DA3
:102F5800D2F8D430EB74190A1B0C29756B7592F8EA
:102F68002A01B2F8DC10D2F8D830002840F091805D
:102F78004D48A0FB01C1A0FB0303890A9B0AEB751E
:102F8800C3F30723A9752B7692F82911D2F8C80044
:102F980014F020FA6876000AA8762068A568036D00
:102FA80095F82420D3F8D01022F01F02C5F81B1082
:102FB8009969C5F81F101B7F85F82330036D93F8B6
:102FC800233003F01F03134385F8243005F010FF66
:102FD80095F8243003F01F0343EA401385F82430A2
:102FE800A568D8F878302846C5F80930B8F87C3094
:102FF800A5F80D3098F87E1014F090FB236893F82C
:10300800482003F1420993F84180AAB393F8542069
:10301800520733D593F84B2082B393F84C0006F04F
:103028006FFC054640B34FF001082B684146A06885
:10303800C0F80330AB88A0F8073014F066FB1B4BD0
:10304800D3F804317BB9052F13D12368304629689A
:103058001A6DC2F8B410A988A2F8B8101B6D83F8CD
:10306800B380BDE8F8830DF0E5FE0026032006F0E6
:10307800E1FE3046BDE8F8834D46D6E763685879E7
:10308800CDE723F00F0343F003032B700C236B7081
:10309800A7E70748A0FB01C1A0FB0330C1F3471114
:1030A80043096CE7740500215917B7D10080004126
:1030B8001F85EB5138B5154C236893F854309B079E
:1030C80018D1A568E5B12368FF2093F878110DF0B1
:1030D8007BFC28460EF028F8236893F87831033BE8
:1030E800012B94BF282000200EF0B8F8072263684F
:1030F8001A7138BD6368186802F0D6F90546E1E729
:1031080040F21C513220FDF791F900BF74050021EF
:1031180038B51E4C0E20236893F878110DF054FC36
:10312800236893F854309B0724D1A56845B32846F3
:103138000DF0FAFF236893F87831033B012B94BF15
:10314800282000200EF08AF82368681D93F878512B
:1031580006F0F2FA607348B1033D012D8CBF50258B
:1031680055250CF0FBFF28460EF0BEF863680822D0
:103178001A7138BD6368186802F096F90546D5E7F4
:1031880040F209513220FDF751F900BF74050021C2
:1031980070B50D4D0222D5E900031A7103F0E2FC67
:1031A80000B170BD2E68044606F16C0002F014FAF6
:1031B8002868A6F8794186F87B4186F87040BDE812
:1031C800704003F01FBE00BF7405002110B50A4C03
:1031D8000CF054FF094A637B10701BB90DF02AFEEE
:1031E800032010BD0EF08CF80CF0D4FF002363739D
:1031F8000DF020FE032010BD7405002110000021F1
:1032080070B52D4C0646236893F87B215F2A2BD88E
:103218005509013593F8790100F03F000DF0BCFC29
:10322800236893F958000DF0A7FCFEB123682A46DD
:103238000120996E0DF0A6FD2368294693F8963073
:10324800022B14BFFF2040200DF0BEFB236893F82B
:103258005420920710D193F89530A668B3B1304640
:10326800BDE870400DF060BF0025D3E72A468221F3
:1032780001200DF087FDDFE76368186802F014F994
:103288002368064693F89530002BE8D1701D06F0A8
:1032980053FA60730028E2D0033D012D8CBF5024FF
:1032A80055240CF05BFF20460EF01EF83046BDE8B2
:1032B80070400DF039BF00BF74050021F0B52E4CE9
:1032C80083B00646236893F87B215F2A2FD85709D5
:1032D8009A6E01377ABBD3F888000DF08DFF256808
:1032E80095F854309A0703D595F89620022A33D0DA
:1032F8005B072DD46368186816BB02F011FC63687D
:103308000646186802F012FC024605F19A00256884
:10331800314695F8963095F87851009502F054FDAD
:103328002268002382F87871A37303B0F0BD9A6E07
:103338000027002ACFD00120FFF762FF2368CAE7E1
:1033480002F000FC014605F19A0002F031FDE7E7C2
:1033580095F89630012BCDD1FB1E012B05D93946A6
:1033680000200DF0F7FF2568C4E795F85930012BC8
:103378000CBF04210321F3E77405002110B50B4CA1
:10338800637B63B9A1680020FEF730FF2368002241
:10339800A3F8792183F87B2183F8702010BD0DF004
:1033A800AFFF0CF0F7FE00236373EBE77405002111
:1033B80010B50E4C637B8BB920680121626800232D
:1033C80011710246A0F879316C3082F87B3102F035
:1033D8008BF82068BDE8104003F014BD0DF090FF95
:1033E8000CF0D8FE00236373E6E700BF74050021E4
:1033F80007292DE9F04F044687B00D461646406868
:1034080052D1002808BF002A0CBF4FF0010A4FF024
:10341800000A72D0002800F0D580627C012A00F0F2
:10342800B180AB4F7B685879082848D00DF10F015F
:1034380004AA06F03BF9002800F05E8104A99DF873
:103448000F0015F014FA8246D7E9000890F85430B6
:1034580013F0030240F088805B0788F8062043D405
:10346800002388F807309B4B1B6833B13146204650
:10347800984788F80800D7F80480636843B1617CEE
:103488003A6882F87E10196891679B88A2F87C30A8
:1034980098F80830002B00F03481A06808B1072D97
:1034A8004FD007B0BDE8F08F002800F08880627C1C
:1034B800874F012A79684FD048790828B6D16168C2
:1034C800607C15F0D4F97A68824661680532607CC0
:1034D80006F022F8D7F8048003460028B4D1A8F8EB
:1034E800060088F80800D8E7062D90F84B9000F2FF
:1034F800B28049EA0A00C3B2B3E7754FD7E90010B2
:1035080091F8543013F0030218BF012213F004039A
:10351800827105D02378A3F10103B3FA83F35B0921
:10352800C37191F89430002BBBD03B68D3F890005E
:10353800503015F0A6F90028B3D17B6801221A7221
:10354800AFE798F805100829ABD0002BA9D006F0F2
:10355800E3F80123FB73A4E7437903F0C003402B8E
:10356800AAD17B7BFBB9A7E7062D90F84A904FD8E4
:1035780049EA0A095A0788F806907FF571AF90F86A
:103588004B90B6E7427902F0C002402A7FF449AF77
:103598004F4F7A7B002A3FF445AF26B93A6892F834
:1035A8007811012960D0D7F8048013F03AFE7B68BF
:1035B80088F80500587901233873BB7334E78246CD
:1035C800434F41E7424FD7E9000890F854309A0733
:1035D80045D1D14613F0040388F806903FF441AF73
:1035E80090F84B90311E98F807B018BF0121BBF135
:1035F800010F02D000297FF433AF6368002B7FF4FA
:1036080078AF002E3DD16378D9063AD5012328E753
:10361800082D03D9002388F8063021E798F806B06A
:10362800311E18BF0121BBF1010F0DD061B14FF060
:10363800000913F0040388F806903FF412AF90F8DD
:103648004B9098F807B0D2E762689AB149EA0A093C
:103658005FFA89F9BEE7082D3FF602AFC2E790F896
:103668004A9098F806B0DBE706F038F87873002837
:1036780099D1D7E6A6B96278D20611D54FF00109DB
:10368800D7E7D8F8000002F04BFA10B1BBF1000FF1
:1036980002D1B9F1000F14D0D7F804800123E0E675
:1036A800D8F80000019102F03BFA1BEA00000199EA
:1036B8001CD1B9F1000F0FD0D7E9000890F85430A9
:1036C800B7E705F023FFD7F804800346C9E600BF33
:1036D80074050021C0100021019105F017FF8146F3
:1036E8000199D7E9000890F85430A2E78146D7E954
:1036F800000890F854309CE740F6A5313220FCF7DA
:1037080095FEB8F80630003B18BF0123C5E600BF98
:1037180010B5104C0CF0B2FC0F4A637B10708BB9DB
:10372800206801216268002311710246A0F87931EE
:103738006C3082F87B3101F0D7FE2068BDE810407C
:1037480003F060BB0DF0DCFD0CF024FD0023637377
:10375800E6E700BF740500211000002110B50F4CEA
:10376800606801F039FF637B8BB9206801216268CA
:10377800002311710246A0F879316C3082F87B3150
:1037880001F0B2FE2068BDE8104003F03BBB0DF02D
:10379800B7FD0CF0FFFC00236373E6E77405002116
:1037A80010B5114C606801F017FF0CF067FC0F4A68
:1037B800637B10708BB92068012162680023117146
:1037C8000246A0F879316C3082F87B3101F08CFE2A
:1037D8002068BDE8104003F015BB0DF091FD0CF01A
:1037E800D9FC00236373E6E774050021100000216B
:1037F80010B5134C0CF042FC124A002123681070DB
:1038080003F1A00013F035FA637B8BB9206801211E
:103818006268002311710246A0F879316C3082F891
:103828007B3101F061FE2068BDE8104003F0EABA80
:103838000DF066FD0CF0AEFC00236373E6E700BFF5
:10384800740500211000002110B5144C606801F0C7
:1038580083FE0CF013FC024620680021104BA030B8
:103868001A7013F006FA637B8BB92068012162682D
:10387800002311710246A0F879316C3082F87B314F
:1038880001F032FE2068BDE8104003F0BBBA0DF02D
:1038980037FD0CF07FFC00236373E6E77405002115
:1038A8001000002110B500210320164CFFF72AFB59
:1038B80020B10321206802F059FF98B9637BCBB986
:1038C800206801216268002311710246A0F879314D
:1038D8006C3082F87B3101F007FE2068BDE81040AB
:1038E80003F090BA012108460DF034FD09226368FF
:1038F8001A7110BD0DF004FD0CF04CFC002363732D
:10390800DEE700BF7405002110B51C4C0C22012114
:10391800D4E900031A7103F097FB00210520FFF793
:10392800F1FA20B10621206802F020FF98B9637BE4
:10393800E3B9206801216268002311710246A0F8EA
:1039480079316C3082F87B3101F0CEFD2068BDE81A
:10395800104003F057BA2368012093F878110DF04E
:10396800F9FC236801221B6DDA7510BD0DF0C8FC47
:103978000CF010FC00236373DBE700BF7405002123
:1039880070B5244C236893F87B215F2A28D8560900
:103998009A6E013642BBD3F888000DF02DFC2568DD
:1039A80095F854309A0703D595F89620022A20D026
:1039B8005B0703D595F89630012B1AD06368186811
:1039C80002F0C0F8014605F19A0002F0F1F9002270
:1039D800D4E90013A273062281F878611A7170BDC8
:1039E8009A6E0026002AD6D00120FFF709FC23682A
:1039F800D1E7F31E012B05D9314600200DF0AAFCB2
:103A08002568DBE795F85930012B0CBF0421032109
:103A1800F3E700BF7405002138B5224C63681868C5
:103A280001F040FD002837D063680A2205460021CE
:103A38001A71206803F008FB22682B780520126DA4
:103A4800C3F34013D57D1D402946FFF75BFA40B10B
:103A58000421206802F08AFE18B123681B6DDD7509
:103A680038BD637B8BB9206801216268002311711E
:103A78000246A0F879316C3082F87B3101F034FDD0
:103A88002068BDE8384003F0BDB90DF039FC0CF0F2
:103A980081FB00236373E6E740F261513220FCF7B3
:103AA800C5FC00BF7405002138B5174C05212068F6
:103AB80002F05CFE48B12368012093F878110DF0FC
:103AC80049FC0B2263681A7138BD0546606801F02D
:103AD80083FD637B8BB92068012162680023117123
:103AE8000246A0F879316C3082F87B3101F0FCFC99
:103AF8002068BDE8384003F085B90DF001FC0CF0F2
:103B080049FB6573E7E700BF74050021F0B52B4C4E
:103B180083B0236893F87B215F2A36D857099A6EB9
:103B28000137002A35D1D3F888000DF065FB2568E8
:103B380095F854309A0703D595F89620022A2DD087
:103B48005B0703D595F89630012B27D06368186872
:103B580001F0E6FF63680646186801F0E7FF0246D1
:103B680005F19A002568314695F8963095F8785110
:103B7800009502F029F90022D4E90013A273052266
:103B880081F878711A7103B0F0BD9A6E0027002A87
:103B9800C9D00120FFF734FB2368C4E7FB1E012BC3
:103BA80005D9394600200DF0D5FB2568CEE795F8F4
:103BB8005930012B0CBF04210321F3E774050021C0
:103BC80010B501291D4C636810D178B91A79082AF3
:103BD8002AD91A790C2A2CD819796269184B526893
:103BE8000B44BDE8104052F823301847184601F03E
:103BF800F3FC637B8BB92068012162680023117193
:103C08000246A0F879316C3082F87B3101F06CFC07
:103C18002068BDE8104003F0F5B80DF071FB0CF01A
:103C2800B9FA00236373E6E741F28C413220FCF7CE
:103C3800FDFB41F28D413220FCF7F8FB74050021B1
:103C4800F7FFFF3FF0B55A4C83B020686C3001F0A5
:103C58004BFC656801F0F8FB636828601868002869
:103C680000F09B8001F01EFC0546002800F09A80B9
:103C7800236893F8A630002B47D1D4E9000290F8C6
:103C8800A430034493F87C7180F87871137913B1E8
:103C98001379012B4AD1474A90F8A530D05C0CF033
:103CA8007BFF236893F8A420134493F87C61022EC9
:103CB8003AD04DD8012E4ED101F0C0FB31460CF060
:103CC80083FE28460DF030FA314601200CF07AFFC9
:103CD800012F31D1E81C05F02FFD607328B1402574
:103CE8000CF03CFA28460DF0FFFA62680821002320
:103CF8002068517121730321D3801372E38180F806
:103D080095302374117103B0F0BD236893F85420E3
:103D180093F8A700196D0243C3F8101183F85420D3
:103D2800002283F8A620A8E70D20C7E7002102F0AB
:103D38001DFDA8B12068AEE7681D05F0FDFC6073A5
:103D48000028D2D0033F012F8CBF50255525C7E747
:103D5800F31E012BB0D940F2F7713220FCF766FB55
:103D6800637B93B9206801216268002311710246C0
:103D7800A0F879316C3082F87B3101F0B5FB20680E
:103D880003B0BDE8F04003F03DB801900DF0B8FA7B
:103D98000CF000FA01986073E4E740F252413220D7
:103DA800FCF744FB40F254413220FCF73FFB00BFD4
:103DB800740500212059020108B50CF05FF9044B85
:103DC80018700DF037F8BDE80840FFF73BBF00BF9B
:103DD8001000002110B50C4C0CF050F90B4A637B15
:103DE80010702BB90DF026F8BDE81040FFF72ABF78
:103DF8000DF086FA0CF0CEF9002363730DF01AF873
:103E0800BDE81040FFF71EBF740500211000002117
:103E180010B50446FEF708FB237A032B4AD0012B82
:103E280051D039D82F4C304A216891F8A53091F8F3
:103E380049000133A2FB03CE0EF4FF7C0CEB5E0CB1
:103E4800A3EB0C0340FA03FC1CF0010F13D1013360
:103E5800A2FB03CE2EF0010C0CEB5E0CA3EB0C03C3
:103E68001841C00707D40133A2FB030222F0010066
:103E780000EB52029B1ADBB281F8A53091F9580089
:103E88000CF07AFE2368002283F89520FFF7DAFE0B
:103E9800BDE81040FEF77EBB023B012B09D8114C50
:103EA800236893F8950088B9FFF708FA0522636834
:103EB8001A7110BD0B4B1B68986E70B9FFF7A0F90B
:103EC800237A012BADD1074C2168D7E70120FFF7F2
:103ED800F5F9062263681A7110BD40F646113220C2
:103EE800FCF7A4FA74050021ABAAAAAA2DE9F047A9
:103EF800AF4F86B0D7F8008098F857309BB17E68EE
:103F08000446B3799BB12578012D19D0022D4BD0E9
:103F18004DB998F85420910705D0002B40F08280C5
:103F2800337A002B7ED1032006B0BDE8F087F27902
:103F3800002AE8D1327A002AF5D02578012DE5D17A
:103F4800637803F01803182BEDD198F854305A070A
:103F580000F1DE80974B93F900507F2D00F03681F9
:103F68007F221A700CF0AEFC00210090029508F137
:103F780042030391FF22397B30460191214601F02B
:103F880077FB0028CFD0A1690120FEF76FFB00283E
:103F9800C9D001233A6882F896306369002B33D17F
:103FA800FF2382F89730B1E098F854309B07BAD0D5
:103FB800637803F01803182BB5D17E4B93F9009062
:103FC800B9F17F0F00F002817F221A700CF07AFCA1
:103FD80000220090CDF8089008F142030392304681
:103FE8003A7B21460192FF2201F042FB00289AD039
:103FF800A1690120FEF73AFB002894D03A6882F8BC
:1040080096506369002BCBD05978C1F3031182F81D
:10401800971059781B7801F00F0143EA0123A2F8A1
:10402800983073E0637813F0100FC3F300160CBFD9
:10403800012208229A437FF476AF0023A2688DF804
:1040480015308DF81630002A69D00DF117030DF1DF
:1040580016010DF115022046FEF786FC39689DF819
:10406800153091F84190002B40F0A6804231A368AA
:10407800A27C484613F091F868B93B6893F855302C
:10408800023B012B3FF64FAF9DF81630002B3FF453
:104098004AAF4FF0FE09474B93F90080002E62D0DB
:1040A800B8F17F0F00F092807F221A70D7E90036AE
:1040B80003F142050CF006FCCDF808804A462B4671
:1040C8000025009030460395397B0191214601F087
:1040D800CFFA00283FF427AFA1690120FEF7C6FAFE
:1040E80000283FF420AF3B6883F896506269002AA5
:1040F80068D05178C1F3031183F89710517812787A
:1041080001F00F0142EA0122A3F8982002200BE7F0
:1041180063684BB9A368002B7FF405AF1AE74FF02B
:10412800FF098DF81720B6E708F15B0398F85A20C5
:1041380008F1780198F87E0013F02FF87E68D7F818
:104148000080737998F85620082B03D098F84C1003
:10415800994234D0012ADDD0002A7FF4E4AE002849
:104168003FF4E1AED6E7B8F17F0F2FD07E687F220B
:104178001A703379032B04D03379062B14BF012529
:1041880003253B6803F1420A0CF09CFB2146009092
:1041980053464A463046CDE902853C7B019401F0FE
:1041A80067FA00283FF4BFAE786801F0D5F9BAE69F
:1041B800740500211000002149F002096BE7012A6B
:1041C800A8D9B0E6FF2283F897209FE7FEF7AEF85C
:1041D80030B505468BB00BF051FF334B2C780246B7
:1041E8006946284604F00F041A70304D01F05CFD52
:1041F800072C2B6834D093F8542012F0060F06D001
:1042080093F8A420134493F87C21012A3FD000227C
:1042180021466846FFF7ECF82B6893F87831012BB4
:1042280014D1062C02D02FD8022C2DD8214668464E
:10423800FEF70EFC6B7B04467BB10DF061F80BF0CA
:10424800A9FF002320466B730BB030BD033B012B45
:1042580025D803246B7B002BEFD120460BB030BD53
:1042680093F87811684601F055FD0022214668460A
:10427800FFF7BEF82B6893F87831012B0CD168460C
:10428800FFF734FE0446E5E70CF0D4FDE1E796219C
:1042980000200CF08DFDBAE7033B012BEFD941F26A
:1042A80045213220FCF7C2F81000002174050021D6
:1042B8002DE9F04F93B0AD4C0D4608A901F0F4FC80
:1042C800206808A99A3001F0A7FD23689DF82010FE
:1042D80093F89620914205D1032D17D09DF82120FF
:1042E800120766D4606801F077F90125637B1BB972
:1042F800284613B0BDE8F08F0DF002F80BF04AFF26
:1043080000232846637313B0BDE8F08F93F8972015
:10431800FF2AE3D108A82A460721FFF769F8606851
:10432800C38813B9037A002BDDD000230A9F8DF8C8
:104338001D308DF81E308DF81F30002F4AD00DF13A
:104348001F030DF11D020DF11E0108A8FEF70CFB5D
:1043580023689DF81D8093F841509DF8206045EA38
:1043680048059DF81E90012E9DF81F70EDB238D0BB
:10437800022E00F0AA80002EB4D1206890F85430A4
:104388009E07B2D09DF82130990700F1D180FF2512
:1043980063681B7A33B1764B1B681BB10F9808B161
:1043A80011999847294608A8FEF7A2F9451CEDB2CD
:1043B8009CE70D9993F897004A78B0EB121F91D1BA
:1043C800097802F00F02B3F8983041EA02229A42C3
:1043D80088D19FE79DF82060B946B846FF25012E91
:1043E800C6D19DF82130206803F0090290F89A1090
:1043F800092A05D000293FF478AF1B077FF575AF70
:1044080090F85430D4F804A05A0713D59AF8073016
:1044180083B1002900F00D810A9B1BB1B8F1000F90
:1044280000F05B81A03012F046FC002840F0B68115
:10443800D4F804A09AF80630002B3FF456AF27684A
:1044480097F854309B073FF450AF9DF8213013F094
:10445800020300F0CA80B8F1000F0AD10A9B07F1E5
:1044680042019DF8322097F8410012F096FE00288C
:104478004ED0404B93F90090B9F17F0F00F0948132
:10448800D4F804807F221A7098F80430032B00F0C7
:10449800F28098F80430062B08BF0326236803F13E
:1044A80042070CF00FFA2A4600903B4608A94046FE
:1044B800CDE90296257B019501F0DAF800283FF452
:1044C80014AF606801F048F80FE7266896F8543092
:1044D8009A073FF40AAFD4F804A09AF80620002AF5
:1044E8003FF403AF9DF8212002F0090109297FF468
:1044F800FCAE13F0020B02F002013DD0002900F0DF
:10450800BC80B8F1000F40F02181002F40F01281EB
:10451800236893F85530023B012B3FF6E6AEB9F11C
:10452800000F3FF4E2AEFE2108A8FEF763F8DCE6D0
:10453800B8F1000F7FF42CAF00F142010A9B9DF8FF
:10454800322090F8410012F028FE00287FF420AFB6
:10455800236893F85530023B012B3FF6C6AEB9F1FC
:10456800000F3FF4C2AEFE2512E700BF740500211C
:10457800BC10002110000021002900F0BE80B8F115
:10458800000F0AD10A9B06F142019DF8322096F8E5
:10459800410012F002FE0028BAD0844B93F9008043
:1045A800B8F17F0F00F0008167687F221A703B79AD
:1045B800032B06D03B79062B14BF4FF0010B4FF0AD
:1045C800030B236803F142060CF07CF92A4600909D
:1045D800334608A93846CDE9028B257B019501F0C1
:1045E80047F800283FF481AE6BE7704A92F9005013
:1045F8007F2D00F0D9807F2111709AF80420032ABA
:1046080000F096809AF80430062B08BF03260CF0B9
:1046180059F907F142030090CDE90256257BFF22A4
:1046280008A95046019501F023F800283FF45DAE33
:1046380047E700F15B0390F85A2000F1780190F801
:104648007E0012F0AAFD0346D4E9000A9AF8051084
:1046580090F85620082904D090F84CC08C4500F0FA
:104668009F80012A3FF4D8AE002A7FF4E3AE002BE6
:104678003FF4E0AED0E6002610E74C4B93F90080FB
:10468800B8F17F0F00F090807F2203201A70FEF7A8
:1046980039FC23680646D4F8049003F142070CF06D
:1046A80011F92A46012500903B46CDF8088008A953
:1046B80003954846257B019500F0DAFF002E3FF46C
:1046C80011AE00283FF40EAE2068A03012F0F3FAC5
:1046D80000283FF4F6AE0B2508E6002F3FF4AAAEFB
:1046E80000F142019DF8322090F8410012F055FD8A
:1046F80000283FF49DAE206894E62C4B93F90050B7
:104708007F2D51D07F221A709AF80430032B05D0E0
:104718009AF80430062B14BF0121032105910CF0EF
:10472800D1F8059906F142030090CDE9025175E7E9
:104738001E466CE70A9B06F142019DF8322096F866
:10474800410012F02AFD00283FF4E2AE174B93F91E
:104758000080B8F17F0F27D07F22002103201A7034
:10476800FEF7D0FB23680646D4F8049003F142070D
:104778000CF0A8F82A46012500903B46CDF80880A1
:1047880008A903954846257B019500F071FF002E86
:104798003FF44BAF00283FF4A8AD95E70C25A5E5FD
:1047A800012A7FF639AE45E6FDF7C0FD100000216D
:1047B80010B504460BF062FC094A2378107003F028
:1047C8000F03072B05D120460121BDE81040FFF754
:1047D8006FBD044B586800F0FFFE012010BD00BFFC
:1047E800100000217405002110B504460BF046FCAA
:1047F800094A2378107003F00F03072B05D12046D0
:104808000321BDE81040FFF753BD044B586800F082
:10481800E3FE012010BD00BF100000217405002137
:1048280090F83E00003818BF01207047007A003821
:1048380018BF0120704700BF036D10B58BB102226D
:10484800FF2104464272B3F8AA204FF6FF7380F89E
:10485800271003850549428113F054FA0023236584
:1048680010BD40F261313220FBF7E0FD6520000108
:1048780038B5012105460020FCF7E0F920B30446CD
:1048880001F0DEFE02E094F870301BB194F870304D
:10489800012BF8D13F220021204610F011F9002306
:1048A80040F20111072284F8543084F8A530A4F8A6
:1048B8004A1084F8585084F84920636684F8943084
:1048C800C4F8903084F8A63001210846FCF7B6F900
:1048D800044618B301F0B4FE02E094F870301BB13E
:1048E80094F87030012BF8D13F220021204610F0B7
:1048F800E7F8002340F20111072284F8543084F8C5
:10490800A530A4F84A1084F8585084F84920636602
:1049180084F89430C4F8903084F8A630BDE8384064
:1049280000F082BDF8B506461D4F04F0E5F90346D0
:1049380001210020BB60FCF745F930B34FF4C07289
:104948000021044610F0BCF801210846FCF73AF9AA
:104958007F69054680B14FF4C072002110F0B0F8AD
:10496800C7B13046FFF784FF204601F05FFE2846B6
:10497800BDE8F84001F05ABE67B13046FFF778FF4E
:104988002046BDE8F84001F051BE40F685013220CE
:10499800FBF74CFD40F68F013220FBF747FD00BFC7
:1049A80074050021014B024A5A61704774050021C1
:1049B800C44E0001036810B54BB1074A03F16C04FB
:1049C8005169C2E900340B68BDE81040184740F649
:1049D80077113220FBF72AFD7405002110B50F4C22
:1049E800606800F0F9FD637B8BB92068012162687B
:1049F800002311710246A0F879316C3082F87B31BE
:104A080000F072FD2068BDE8104002F0FBB90CF020
:104A180077FC0BF0BFFB00236373E6E77405002106
:104A280080F84910704700BF11F001031FD04FF004
:104A3800010C0222634680F87CC111F0020F0ED0EF
:104A480000EB030C490700B54FF0020E8CF87CE12F
:104A580003D51044032380F87C315DF804FB4A0732
:104A680004D51844032380F87C317047704701222D
:104A7800E3E700BF80F85710704700BF38B590F8DB
:104A880040C0ACF1020EBEF1010F98BF00290CBF67
:104A98000124002408D00CF0FD000038BDE838409F
:104AA80018BF012004F0B8BB02F0FD020546194604
:104AB800101E18BF012012F0AAFB082801D02046BA
:104AC80038BD95F840C0E6E790F8400000F0FD00DA
:104AD800003818BF012004F09FBB00BF90F8A63033
:104AE80013BB10B5044603F0FF0094F85430022BB2
:104AF80007D0012B08BF04290CBF0120002002D0D9
:104B080010BD0429FCD1D4F810317BB9216D91B1C5
:104B180004F1E80001F086FE042384F8A730FF239F
:104B280084F8A630012010BD0020704740F6F81127
:104B38003220FBF77BFC40F6F9113220FBF776FCBC
:104B480080F84010704700BF38B5044690F8400020
:104B580000F0FD0004F14201003818BF012084F87C
:104B6800410004F03FFB94F84030023BDBB2012BDC
:104B780094BF0123002384F8483000D938BD04F0DD
:104B88008FFD05460DF034FD094BE5FB030194F854
:104B98004830C4E92001002BF0D0002004F042FE88
:104BA8000028EBD140F621213220FBF73FFC00BF63
:104BB80040420F00B1F1000C4FF0080110B5044657
:104BC8000CBF0120002084F856C084F84B0084F8FC
:104BD8004C1009D102F0FD021946101E18BF012021
:104BE80012F015FB84F84C0010BD00BF08B5B2B137
:104BF80080F85A10D2F800C0036DC0F85BC090F876
:104C080041109288A0F85F2083F8B310D0F84220B2
:104C1800C3F8B420B0F84620A3F8B82008BD40F681
:104C28003F213220FBF702FCF0B5D0F8C8409DF8D0
:104C380014E0944203D190F840208A4201D0002029
:104C4800F0BD1EF0020190F8455123D00024A4467F
:104C58002146224611E0314300EB820253F82C60D2
:104C68000CF101070134D2F8CC205FFA87FC2A3214
:104C7800B242E4D1E2B2AA4226D8861896F87C61FC
:104C8800F71E012FE7D80CF1010C41F004015FFA7F
:104C98008CFCE1E70E460A468418013694F87C41FC
:104CA800E71E012F53F8227088BF214300EB8204CE
:104CB80098BF41F00401F2B2D4F8CC4004F12A0CB8
:104CC8006745BCD1AA42E7D90EF00500401AB0FAF0
:104CD80080F04009F0BD00BF90F854305A070ED458
:104CE80013F0030301D11846704790F8550000F0FF
:104CF800FD00A0F10100B0FA80F04009704790F87B
:104D08005600A0F10100B0FA80F04009704700BFDA
:104D1800012938B5044610D094F8543004F16C05D4
:104D28009B071AD1284600F0DFFB0023A4F879314D
:104D380084F87B3184F8703038BD0A4D6B7B002BCA
:104D4800EAD00CF0DDFA0BF025FA00236B7304F1BE
:104D58006C0594F854309B07E4D0284600F03CFCDE
:104D6800E0E700BF74050021A03011F0ADBF00BF1F
:104D78000149363012F0C9BF4120000110B50121A8
:104D880004460020FBF75AFF28B36278034680F8F0
:104D98005420227812F0010103D00120014683F843
:104DA8007C01520703D51944032281F87C21A2789B
:104DB80083F84020E17801F0FD0283F85510B2FA3B
:104DC80082F2520983F84A20227983F849206279CD
:104DD80083F8572010BD40F6CB213220FBF726FB85
:104DE80010B504466C3000F0F7FB0023A4F87931C5
:104DF80084F87B3184F8703010BD00BF08B50121FC
:104E08000020FBF71BFF28B190F89400003818BF6A
:104E1800012008BD40F64A313220FBF707FB00BFEE
:104E2800ED230001A9240001C93B000165370001F9
:104E38008921000185330001BD30000119310001CD
:104E4800DD3D0001C13D000119370001A93700010E
:104E580051380001F937000145210001B93300013B
:104E6800993100014D3C000135200001153B00013E
:104E7800893900013520000135200001AD380001D5
:104E8800213A0001B13A000111390001D94100016C
:104E980041230001B9470001F1470001D52700016E
:104EA8004D280001D53100015D210001D521000107
:104EB800D5210001ED2E000175210001193E0001E8
:104EC800384E0001484E0001604E0001944E00012A
:104ED800AC4E00012DE9F04705468CB00E46002087
:104EE8000121FBF7ABFE002800F074820446A830CD
:104EF80001F0BAFB002846D094F85430042B42D075
:104F0800AF6A002F00F05381BB4B9F4263D0043B34
:104F18009F4260D003F0FEFE07F13B08814602A9DC
:104F2800404600F0C1FEEB7AB9F1000F00F0BE80F8
:104F3800D80606F10D0100F1F381002F00F04F8231
:104F48009DF80830022B00F04A8295F83230E522AD
:104F5800404612F034FD95F832300446404623446A
:104F680085F8323012F023FD95F83280A8EB00085E
:104F7800B8FA88F84FEA5818B9F1000F31D104F19E
:104F88001803DBB2A1E02046FFF74AFC0028B7D19E
:104F98009A4C04F1080604F10C070023AA6A002AB7
:104FA80000F03081A96A0A68B142AA620B704B709E
:104FB8008B70CB70F2D0B942F0D0206810F039FB7A
:104FC800231DD3E84F3F0133211DDBB2C1E8423F27
:104FD800002AF5D1E1E703F09DFE8046002870D055
:104FE8000024EA7AD30640F1FA815007AB7A697B4C
:104FF80003D5EA7EFE2A00F0718104F10A02F370FB
:10500800717102FB03F3023373703E233370022382
:10501800B370D5F80E30C6F806306B8A3473344452
:1050280073812B7E6373EB7A13F0080100F0FE8026
:10503800724C042304F1080933714F4578D1337950
:10504800022262F34613AA6A33716AB1EFF310823F
:1050580072B6AB6A1968A962002A00F0C280002201
:105068001A705A709A70DA70A5F10801206810F069
:10507800E0FA231DD3E84F3F0133211DDBB2C1E81D
:10508800423F002AF5D102274FF004088DF804802A
:105098008DF805709DF8042000209DF8053062F316
:1050A800070063F30F200CB0BDE8F087DA0606F1BD
:1050B8001C0100F13E8127B19DF80830022B7FF4D6
:1050C80044AF182300244FF001088E223270AA7AC8
:1050D80002FB03F3F27002337370D5F80B20D5F896
:1050E8000F30D5F81300D5F817107260B360F06070
:1050F8003161D5F81B20D5F81F307261B36195F87E
:1051080014A095F8159003F043FE0AF1FF338A05C1
:10511800DBB252D5032B00F2668186F80DA0B9F1F7
:10512800000F60D1F476354C04F108094F4586D05C
:1051380004F10C0A574500F08280002F00F0A78088
:10514800B8F1000F2AD0AB6A63B1EFF3108272B6E0
:10515800AB6A1968A96202B962B600221A705A705D
:105168009A70DA703946206810F063FA231DD3E884
:105178004F3F0133211DDBB2C1E8423F002AF5D180
:10518800AB6A85F832204B4500F0DD80534500F0CE
:10519800FE809DF80830022B00F0BB803379012295
:1051A80062F34613337101274FF004086EE703F0EA
:1051B800B1FD05F133088146B1E6032B00F21C81ED
:1051C8000F4AD35C7373B9F1000FABD009F1FF3903
:1051D8005FFA89F9B9F1030F00F20E8112F809900C
:1051E80006E062B63BE709F1FF33032B00F2FB80D0
:1051F80086F80E9096E700BF980500218C050021DF
:1052080024590201A5F10801206810F012FA231DA3
:10521800D3E84F3F0133211DDBB2C1E8423F002AEA
:10522800F5D14FF40073ADF8043033E703F003020F
:10523800032A49D0590749D50123337173E7AB6A6B
:1052480063B1EFF3108272B6AB6A1968A96202B94A
:1052580062B600221A705A709A70DA706B7D83BB3E
:1052680032794FF0040863F346123271A5F1080150
:10527800206810F0DEF9231DD3E84F3F0133211DCC
:10528800DBB2C1E8423F002AF5D10227FEE695F8D5
:105298000B8018F010083FF4F9AE3379A5F1080136
:1052A800206867F34613337110F0C3F9231DD3E860
:1052B8004F3F0133211DDBB2C1E8423F002AF5D13F
:1052C800E1E64FF00008D1E731712CE7022A25D03A
:1052D800002A40F08D800323337124E7F3701B010B
:1052E8007171023373703E2333700B23B370012343
:1052F8003371D5F80E30C6F806306B8A3273738175
:10530800EB69C6F80D302B8CA6F811302B7EF374A0
:1053180009E7337923F06803337144E7327102E710
:105328009DF8184008460599C84622460FF074FCB7
:1053380057E69DF81840084605994FF0010822469F
:105348000FF06AFC1BE63379022262F34613AA6A5D
:10535800337162B1EFF3108272B6AB6A1968A96251
:1053680002B962B600221A705A709A70DA70A5F102
:105378000801206810F05DF9231DD3E84F3F013381
:10538800211DDBB2C1E8423F002AF5D17BE6337923
:1053980062F34613AA6A337162B1EFF3108272B6F0
:1053A800AB6A1968A96202B962B600221A705A700B
:1053B8009A70DA70A5F10801206810F03AF9231DF7
:1053C800D3E84F3F0133211DDBB2C1E8423F002A39
:1053D800F5D158E64FF4F1713320FBF727F85B213C
:1053E8003320FBF723F84FF4EA713320FBF71EF85C
:1053F800A4213320FBF71AF84FF43F710620FBF77E
:1054080015F800BF343270B5044692B21E460D46F8
:1054180010F0D7F824B1034B1C601D745E741D7125
:1054280070BD00BF8C05002110B5034C206810F03A
:10543800EAF8237C237110BD8C050021014B587CB0
:10544800704700BF8C05002138B5154C206810F056
:10545800E0F800B30546231DD3E84F3F013B221D6A
:10546800DBB2C2E8413F0029F5D105F10803342237
:10547800012418460FF024FBEA7C0346FF2147F677
:10548800FF7064F346126975E883184685F823109F
:10549800EA74ED6238BD40F257113320FAF7C6FFBF
:1054A8008C0500213330704738B50446406A08B18E
:1054B8003B3038BD0B4D286810F0ABF8606260B126
:1054C8002B1DD3E84F3F013B291DDBB2C1E8423F0A
:1054D800002AF5D1606A3B3038BD4FF4B8713320EB
:1054E800FAF7A4FF8C05002138B503684BB39A6A14
:1054F80052BB596A054629B301F10800154C83428D
:10550800206808BF2A6010F094F8231DD3E84F3FA5
:105518000133211DDBB2C1E8423F002AF5D12B68D7
:105528007BB1A3F10801206810F083F8231DD3E8AC
:105538004F3F0133211DDBB2C1E8423F002AF5D1BC
:105548002A6038BD034CECE740F28D113320FAF79E
:105558006DFF00BF8C05002170B505680646F5B1E2
:105568001B49284612F0DAFB1A4C0023E360EFF3DC
:10557800108272B6AB6A23B3E96A04F10C030B60BC
:10558800EB6202B962B63368596A29B101F10805BC
:10559800AB421AD100236B620023336070BD696A85
:1055A8000029F9D00B4C206810F043F8231DD3E8EC
:1055B8004F3F0133211DDBB2C1E8423F002AF5D13C
:1055C800E8E704F10C03AB62DAE71D46EBE700BF3E
:1055D800DD4E00018C05002170B50668002E3CD018
:1055E800716A0546002939D001F108031E4C9E4214
:1055F8000DD0206810F01DF8231DD3E84F3F01336C
:10560800211DDBB2C1E8423F002AF5D12B680022F8
:1056180072625A7D8AB10022A260EFF3108172B6DD
:105628009A6AF2B1D86A114A0260DA6201B962B6BE
:105638002846BDE87040FFF78FBFA3F10801206836
:105648000FF0F7FF231DD3E84F3F0133211DDBB2D5
:10565800C1E8423F002AF5D12A6070BD3346024CAA
:10566800D7E7024A9A62E0E78C05002194050021F9
:105678002DE9F04704680D4698469DF820109DF8DE
:1056880024309DF928C09DF82C90002C00F00A8148
:10569800DFF840A2174606469AF80420002A7FD071
:1056A800626A002A00F0088182F81190EA684AB11B
:1056B80095F810E0228E724440F2726E724500F343
:1056C800BA802286012284F818C0A272B9F1000FAC
:1056D80072D061756A691AB15278C2F30312A27561
:1056E800EA6912B15288A4F819202A78E17AA2F15D
:1056F8000100B0FA80F0400960F30001C8B2E1721D
:1057080011F0020140F08E80022A00F0BE80E07A9B
:1057180061F34100C0F34001E072002A14BF002188
:1057280001F00101E27A61F3C302E272AA68002A79
:1057380000F08B80E17A41F00401E172296A0029C6
:105748003CD091F90010E1756968002939D0082B1F
:1057580004F10E0200F08F80184604F10D0103F0E9
:10576800A5FF002800F0B180637B43F00203637358
:10577800AA6832BBAA69B9F1000F30D13AB193785F
:10578800527803F01F0352EA032200F08780636A0D
:10579800002B00F09580002301206362BDE8F087AC
:1057A800B9F1020F5BD03FD8FFF79EFE3368002B9C
:1057B8007DD10020BDE8F08721758BE76968002955
:1057C800C5D1BB1E04F11C01012B4CD91368E36140
:1057D80093888B80E776AA69B9F1000FCED00021B3
:1057E800636A197059709970D970A16A002950D0EC
:1057F800E16A0B60E36282B19178507801F01F0290
:1058080050EA022009D1A26ACAF80800002A42D048
:10581800314A1A600023E26233603049204612F0B0
:105828007DFAB4E7012172E7B9F1030F3FD1FFF721
:10583800D3FE3368BBE7FFF7CFFE3368002BB8D041
:1058480040F275313320FAF7F1FD2A6A12B192F964
:105858000020E2756A68002A7FF479AF8AE7FFF7CB
:105868007BFE3368A3E7D8F80030E361B8F804306A
:105878008B80E776AFE76B7C63736B681968C4F855
:105888000E109B889380AA6873E740F00200E072CC
:1058980048E7A362AEE7104AA262BBE73046FFF7CB
:1058A80023FE86E740F23B313320FAF7BFFD4FF481
:1058B80056713320FAF7BAFD40213320FAF7B6FDC6
:1058C8004FF4D8713320FAF7B1FDC3213320FAF72A
:1058D800ADFD00BF8C05002194050021DD4E0001BF
:1058E8002DE9F843504D0F4600260468297998465B
:1058F80006609DF820909DF824009DF9283081B914
:10590800A4F1080128680FF094FE2B1DD3E84F3F3F
:105918000133291DDBB2C1E8423F002AF5D1BDE8B9
:10592800F8830121C4F80960C4F80D60C4F8116057
:10593800C4F81560C4F81960C4F81D60A4F82160A3
:10594800A172062A66D8DFE802F02B3239653E6577
:105958000400E27A22F0120242F01202E272237686
:105968000123082804F10E02237547F6FF73E3822A
:1059780030D004F10D0103F099FE00284FD0637B6D
:1059880043F002036373E37A5B072ED4FF23E376C5
:105998000023237225492046BDE8F84312F0B5B923
:1059A800E27A22F0130242F01302E272D7E7E27AB7
:1059B80022F0150242F01502E272D0E7E27A42F0D4
:1059C8001002E272CBE7E27A22F01A0242F01A02DF
:1059D800E272C4E77B7C63737B681968C4F80E10B5
:1059E8009B889380E37A5B07D0D5A9F1020304F181
:1059F8001C02012B07D9BB681968E1619B88938059
:105A080084F81B90C4E7D8F80030E361B8F8043094
:105A18009380F5E740F246413320FAF707FDC321AA
:105A28003320FAF703FD00BF8C050021DD4E00018D
:105A3800F8B5394D8446002610462A790F46DCF819
:105A480000409DF91810CCF800607AB9A4F108015B
:105A580028680FF0EEFD2B1DD3E84F3F0133291DB9
:105A6800DBB2C1E8423F002AF5D1F8BDC4F80960AD
:105A780041F60125C4F815600122217645EA03257F
:105A8800618941F6FF33C4F81160082821F4DF5119
:105A980003EA0503227547F6FF7221F01F01C4F8D7
:105AA8000D60E28204F10E0243EA0103C4F81960B2
:105AB800C4F81D60A4F82160638115D004F10D01BC
:105AC80003F0F4FD18B3637B43F002036373E37AD6
:105AD8005B0714D4FF23E376002323720F49204683
:105AE800BDE8F84012F011B97B7C63737B681968D4
:105AF800C4F80E109B889380E37A5B07EAD5BB68ED
:105B0800FF221968E1619B88E2762384E4E7C321D8
:105B18003320FAF78BFC00BF8C050021DD4E000115
:105B280018B1407BFF3818BF0120704720B1C07EF4
:105B3800FF3818BF0120704740F29B41332008B559
:105B4800FAF774FC20B1807DFF3818BF0120704738
:105B580040F2A341332008B5FAF768FC70B5037822
:105B680016460C460546C3F380134B7411F0DDFD51
:105B7800062EA07424D8012303FA06F212F0550F5A
:105B880011D0E91C00226370C4E901126B78063B4E
:105B980013F0FF0303D11D462374E56070BD09357A
:105BA8002374E56070BD9E420AD10322AB18093503
:105BB8006270C4E9013500231D462374E56070BD99
:105BC80000236370C4E90133F5E700BF38B50C461C
:105BD800C17811F03F0160D003780546C3F3801304
:105BE800637411F0A2FDA0742B796370E8788309BF
:105BF80023702B7913F0010146D14FF0050C4FF0BB
:105C08000B0E6246616013F0020102D005EB0C0135
:105C18007246A160590701D50132D2B213F00801CA
:105C280004D002F1020CA9185FFA8CF2616113F03A
:105C3800100104D002F1030CA9185FFA8CF2A161DB
:105C480013F0200104D002F1120CA9185FFA8CF2AB
:105C580013F04003E16102D0AB180132D2B200F078
:105C68003F002362031D9B1A13F0FF0114BFAB18FA
:105C78000B4663626B78013B1B1ADBB2237453B18A
:105C88000A441544E56038BD4FF00B0C691D4FF010
:105C9800110E6246B6E7E36038BD20462822BDE80B
:105CA80038400EF00DBF00BF70B5037803F00F0643
:105CB800072E2BD0C3F380130C4605464B7411F006
:105CC80034FD0122A07402FA06F313F055030CD038
:105CD8000023E91C6270C4E901136B78063BDBB250
:105CE80023748BB10935E56070BD964208D1032154
:105CF8002374E3606A1809356170C4E9012570BD31
:105D080063702374C4E90133E36070BDBDE870407B
:105D1800FFF75CBF0378012B10B43AD0022B0CD0EC
:105D280093B903394278012902F0100419D974B9DA
:105D380064F3C3024461427009E04378002223F00F
:105D48000303C0E9012243700339012917D94378B5
:105D5800002210BC23F02003C2610274C2604370A9
:105D6800704734B122F003024270D206C0E9013311
:105D780008D44378002223F0080342614370437833
:105D8800DB06E4D54378002223F040030262437027
:105D9800DDE743780022022923F002038260437082
:105DA800D5D0DBB2426062F300034370CCE700BF9A
:105DB8000122002340F2011C51400271A0F800C0EA
:105DC800C37043718170704710B4012B114C9DF85A
:105DD80004C0C0F802400ED0022B06D01BB90170D7
:105DE8004270A0F8033010BC70470022012310BC99
:105DF800028043717047ACF1020C4FF0000310BCF5
:105E0800BCFA8CFC4FEA5C1C6CF307036CF30F23A1
:105E1800038070470001010003782BB14B78002202
:105E280023F001034A604B7043782BB14B78002272
:105E380023F002038A604B7003792BB14B78002260
:105E480023F02003CA614B7083782BB14B78002272
:105E580023F008034A614B70C3782BB14B780022BA
:105E680023F010038A614B70437913B100230B743C
:105E7800CB6070474378002223F022038260C2611E
:105E880043707047D0F81011F0B5D0F8C86090F89A
:105E9800455189B100210C460B4600EB83030131C3
:105EA800D3F8CC20CBB22A32AB421444F5D9A6425F
:105EB8000CBF02200120F0BD8C460F4600EB81018B
:105EC8000CF1010CD1F8CC405FFA8CF104F12A0EE8
:105ED800A9427744F2D90721BE42A6FB011422D079
:105EE800D0F8C070C919D0F8C47044EB0704D0F8D2
:105EF800CC701DB3D0F8D0C0012D674407F154070A
:105F080003D0D0F8D4002A300744BE4205D08A42D4
:105F180073EB040416D30120F0BD8A4273EB04042A
:105F280010D20320F0BDD0F8B070C919D0F8B47001
:105F380044EB0704D0F8CC70002DDBD12A37BE42E1
:105F4800E5D1EAE70220F0BD0428034607D040F275
:105F5800347240F62450022B08BF1046704741F6B1
:105F6800F640704740F28A31212008B5FAF75EFA08
:105F780038B50446FF2380F8153100F58C7528469E
:105F88000CF0EEFB284604F5A4750CF0FDFB284642
:105F98000CF0E6FB28460CF0F7FB00212046FEF744
:105FA800B7FE94F816313BB1D4F8083153B104F177
:105FB800E80004F0D3FE09E0D4F8100110B1D4F8D9
:105FC80008319BB104F1E80004F058FE002384F87E
:105FD800153194F8160110F0FF0018BF0C2084F852
:105FE8001631C4F8103184F8143138BD00F5EC705E
:105FF80004F044FEE6E700BF022910B52AD013D802
:10600800012934D1044608460BF098FB4AF2A13323
:10601800194A0344D4F81011A2FB0320800900F5A3
:10602800257001B1400010BDCB1E012B1FD840F2D6
:10603800DA3340F2AC740846032918BF1C460BF04B
:106048007DFB4AF2A1330C4A0344A2FB032304EB71
:10605800931010BD08460BF071FB4AF2A133064AB3
:106068000344A2FB0320800900F5BE7010BD40F276
:1060780017119E20FAF7DAF9D34D62102DE9F04195
:1060880004460CF0B5FA05460E46D4F81021D4F8AB
:10609800C8E094F84571002A46D04FF0000C6046DD
:1060A800634604EB83030CF1010CD3F8CC205FFAB0
:1060B8008CF32A32BB421044F3D986450CBF022721
:1060C800012738460CF086FB3F2829D9411CD4E922
:1060D800363259D0C118914228BFD01AD4F8A83006
:1060E800D4F8AC205B1B62EB0602012B72F10001B5
:1060F80051DB0021984291415EDA41F288368642AE
:1061080028BF0646C5F190050CF072FA0544B54261
:1061180006D8394630460CF089FB0546002852D18E
:1061280000252846BDE8F0811046134604EB83039A
:106138000132D3F8CC10D3B22A31BB420844F5D986
:1061480007238645D4E92C1CAEFB03382ED0D4F89F
:10615800C0209B18D4F8C42048EB0208D4F8CC20FF
:10616800DFB1D4F8D000012F024402F1540203D069
:10617800D4F8D4002A300244964511D099427CEBD9
:10618800080817D301279CE7D61A41F288339E42A4
:1061980028BF1E46B6E70026B4E72A329645EDD159
:1061A80099427CEB080805D203278AE7CB184CEB09
:1061B8000808D3E7022784E741F28832934228BFD0
:1061C80013461E469EE70CF019FAD4F8E020D4F8DE
:1061D800D830B018D4F8DC203344C4F8E000934237
:1061E800C4F8D83003D1D4E93A23C4E930230CF0F9
:1061F80001FA96E72DE9F04F04468BB0052900F225
:106208006C81DFE811F02100090032008F006A017B
:106218000C002046FEF7ACFD0BB0BDE8F08F90F8FF
:10622800153163B9B0F87A31C3F30C03002B00F0D1
:106238004B8190F87831033B012B40F26B810BB016
:10624800BDE8F04FFEF7CABB90F8153103F0FF0523
:10625800002B00F0EF800121FEF75AFD0AF078FECE
:106268000BB0BDE8F04F0DF0DBBAB0F87A31C3F3EC
:106278000C03002B40F02E810CF0BAF9D4F8CC7046
:1062880094F845518B46804607F12A0155B1012300
:1062980004EB83020133D2F8CC20DBB22A32AB42C2
:1062A8001144F5D9D4F8C8508D4240D16FF000435D
:1062B800D4E92A129A4208BFB1F1FF3F00F0978152
:1062C80094F8443120460026234493F87C11FFF7C4
:1062D80093FE18F58E730546059008934BF100035D
:1062E80004A88DF81060099340F20243ADF8183005
:1062F8000DF026FB002800F08B81089AD4F8A8300E
:1063080009999B1AD4F8AC2062EB01025B1B62F17D
:106318000002002A80F26B810123374645465E461B
:1063280001931FE00BB0BDE8F04F0BF0C1B8D4E902
:106338003A264FF00009A8EB02035219B3FBF5F314
:1063480005FB03F346F100069B18A3EB080246F190
:106358000006B2F58E7F80F01C81ED18CDF8049010
:1063680046F1000694F87C112046FFF745FE814669
:10637800D4E92AA1BAEB050361EB0602012B72F1FD
:106388000000C0F29F8000209F42904100DB1F4622
:10639800D4F8CC302A462046C4F8D8909F420393BC
:1063A800029128BF1F460423C4E92E568DF81930E0
:1063B8003346C4F8DC70FFF765FD019B8DF81800C3
:1063C800CDF814908BB30123BAEB080A02998DF823
:1063D800103061EB0B019A4571F10003C0F20581A1
:1063E8008E48002350458B4180F29280D4F81031BA
:1063F800D4F8C810002B00F0AF804FF0FF321546DC
:1064080090457BEB05036DD30891B9453FF601AF85
:1064180004A904F58C700DF021FA00287FF4FCAE75
:1064280040F273712120FAF701F88DF81030CDE9A8
:106438000856EAE70CF02AFAD4F8E830B0EB030C77
:10644800C4E92C0100F1E28094F84561D4F8C870E1
:1064580004940795002E00F0CF802946BCFBF7F284
:1064680007FB0233C21A28462B4604EB8303D3F8F2
:10647800CC3003F12A0E724503D32A3A0130D21ADE
:10648800C0B20131CBB29E42EFD2B4F87A3184F86F
:106498004401C3F30C038DF820009BBBBC4534BFFB
:1064A8000125012304A88DF818508DF82130FEF736
:1064B80081FAD4F8D800A0F58170C4F8E0000CF097
:1064C80099F8A9E6002763E7FFF7D8FD00287FF4CD
:1064D800A3AEB4E6FEF784FCCEE64FF4E5712120C6
:1064E800F9F7A4FFB2EB08026FF001014FF00003C7
:1064F80065EB0B0591420146AB4185D3904228BF1D
:10650800114681E7D4F84021032500230592C9E705
:1065180050466BE790F87031002B7FF490AE012164
:1065280044F2365084F870110CF080F900283FF4DA
:1065380086AE0CF063F8D4F8D830D4F8E02044F2F2
:10654800365003441044C4F8D830C4F8E0000BB007
:10655800BDE8F04F0CF04EB8039E94F845512A362A
:1065680055B1012304EB83020133D2F8CC20DBB20E
:106578002A32AB421644F5D907228E42A1FB0225E6
:106588003CD0D4F8C030D218D4F8C43045EB030559
:1065980036E794F87C112046FFF72EFDD4F8E81072
:1065A800D4F8B830D4F8C8505A1AD4F8EC3005905A
:1065B80020468DF81090B2FBF5F205FB02F2521856
:1065C8004FF0040143F1000308928DF81910099364
:1065D800FFF758FC29468DF8180004A810F04FFE64
:1065E800CDF80490DDE90856BCE60020FEE601235C
:1065F80045465E460193B5E6284646E7D4F8B030EE
:10660800D218D4F8B43045EB0305F9E6FFF7AAFC35
:1066180040F296412120F9F709FF00BF0040420FE0
:10662800014B1870704700BF1100002190F8142129
:1066380012B190F8143103B97047FFF799BC00BF45
:1066480090F8142112B190F8143103B97047FFF78C
:106658008FBC00BF90F8143103F0FF020BB910464D
:106668007047FFF785BC00BF90F86C00003818BF72
:106678000120704730B585B090F81431002B5FD1F8
:1066880003F0FF020B78CDE90122039213F0010217
:1066980003F0040423D08D680195002C3FD04FF0FF
:1066A800010CD1F80CE02A3D80F845C14968CDF8C5
:1066B80008E0C0F8F810C0E9321540F27121A0F8DE
:1066C800FC1099073AD50DEB8205531C00EB8201AB
:1066D8006A682A3AC1F8CC20BCB905B030BD24B9E3
:1066E80040F2BE212120F9F7A1FECD6813F0020384
:1066F80080F8452149680195C0F8C810C0F8F8101D
:1067080040F27121A0F8FC10DDD10DEB830200EB03
:10671800830352682A3AC3F8CC2005B030BD2A3D1D
:1067280080F8454149689B07C0E93215C0F8F81060
:1067380040F27121A0F8FC10C5D4CEE71346CBE790
:1067480040F2A5212120F9F771FE00BFD0F81021F1
:1067580042B190F8143103F0FF020BB910467047AC
:10676800FFF706BC0C221046704700BF70B590F8C2
:10677800153113B10026304670BD04460D460BF0A6
:1067880037FF94F87831062D46D8DFE805F029045C
:106798000407310404000126304670BD033B012B79
:1067A8008CBF4FF457724FF46172D4F8B010D4F81C
:1067B800D830401AA3F58E738518AB428CBF0126DA
:1067C8000026D8D82046FFF759FC0028D3D0D4F8A3
:1067D800D860A6F58E76B5422CBF00260126CAE7FA
:1067E800022B12D007D8012B11D14FF40472DCE729
:1067F8004FF40272D9E7DA1E012A08D8032B40F2B7
:10680800563208BF4FF4E562CFE7F822CDE740F2F1
:1068180017119E20F9F70AFE4FF44B712120F9F762
:1068280005FE00BFF8B50D4606460021D5F8E00183
:1068380005F5EC7704F078FAB042044613D0014627
:10684800384604F039FA002333623CB194E80E006C
:106858005B1842F10002C5E97632F8BD00231A46FA
:10686800C5E97632F8BD8368D5F8E021934208D2AD
:10687800816931B10146384604F01EFA00232362CB
:10688800E4E79342376238BF1346F269B360002ADF
:10689800E4D00ECA5B1842F10002C5E97632F8BDB1
:1068A8002DE9F04F8BB090F81421002A40F00A81AE
:1068B80004460D4602F0FF03FF2280F8142180F8F9
:1068C800153190F84561194680F84431184604EBB3
:1068D80083030131D3F8CC20CBB22A329E42104434
:1068E800F5D2D4F8C830984200F0BE80D4F8CC3045
:1068F800002E00F0B280D4F8D020012E134403F10A
:10690800540303D0D4F8D4202A321344C4F8F03006
:106918000BF06EFED4F8CC7094F8456107F12A08A4
:1069280056B1012304EB83020133D2F8CC20DBB249
:106938002A32B3429044F5D910F5FA66D4F8C8B0B3
:1069480041F1000904F0E6F9824604F1E8005146F5
:10695800039004F0B1F9D4F8101111B10398FFF7BE
:1069680061FFC3450CBFD4F8F080D4F8C880BAF1F1
:10697800000F7CD0DAF808004246DAF80030DAF87E
:106988000410C018CDE9006941F1000111F091FF30
:1069980080456ED3861949F10009D4F8C82002F25F
:1069A800CF730344B3FBF2F302FB03F3F31AC4F807
:1069B800E83069F10003C4F8EC30002D4FD0ADB2D7
:1069C80042F2107132464B46E5FB0123C4E92A2303
:1069D80094F87C112046FFF70FFBD4F8A830054641
:1069E800D4F8AC00991B60EB0900012970F1000C88
:1069F800D4E93A2342DB8F424FF0000CC4F8D85058
:106A08007CEB000C2046A8BF0F46C4E93023D4F81D
:106A1800CC3032469F4228BF1F460423C4E92C6964
:106A28008DF819304B46C4F8DC70C4E92E69FFF7BD
:106A380029FA0023BD4208968DF818000595CDF86F
:106A480024908DF8103033D804A904F58C700CF01C
:106A580005FF90B30BB0BDE8F08F2A3356E74FF02F
:106A6800FF326FF00043B1E741F288334EE75046FA
:106A780093E740F24D312120F9F7D8FCC4E93023DF
:106A880000270423324620468DF819304B46C4F8B7
:106A9800D850C4F8DC70C4E92C69C4E92E69FFF742
:106AA800F1F905958DF810708DF81800CDE9086991
:106AB8004FF41F712120F9F7B9FC40F27D21212004
:106AC800F9F7B4FC40F267212120F9F7AFFC00BFC9
:106AD80038B590F81431DBB90D4619B304460246AF
:106AE800134900F58C700CF0AFFE1149224604F5ED
:106AF800A4700CF0A9FEC4F810516B7B03F0FF01E1
:106B08005BB984F816112046BDE83840FFF7C8BEC7
:106B18004FF423712120F9F789FC40F293212120B9
:106B2800F9F784FC40F28D212120F9F77FFC00BFA2
:106B3800FD61000138B504460D460246084900F5D6
:106B48008C700CF081FE04F5A470224604490CF008
:106B58007BFE29462046BDE83840FFF7A1BE00BFAE
:106B6800FD61000190F87B315F2B2DE9F04F044661
:106B780087B047D85A09022A02F1010600F01281AB
:106B880094F9791103F01F0394F87A21002942EA55
:106B9800032394F87921B4BF4FF496711E21D209CA
:106BA80001FB03F90CBF1E254FF4967509F090FE02
:106BB800A9EB000809F0B6FE94F87931074608EB0E
:106BC800050A13F0400F4F440CBF4FF4FA7B4FF007
:106BD800320B10F07FF8854B5844854AB8F5BB7FD7
:106BE8000AFB0033A2FB03234FEA934A6FD994F8B8
:106BF80015314BB10AF0ACF90CF012FE012007B0C8
:106C0800BDE8F08F0026BBE73046DFF8E8910AF0D0
:106C18008DFD794B53F826804AF2A1334344A9FBF2
:106C2800032305EB9315BA3505EB4A0505443046B1
:106C38000AF07CFDA5EB000B30460AF07FFD94F8C6
:106C48005410A8EB00080BF58E7B0129A9FB0898C6
:106C58004FEA981800F0AB803046FFF775F9D4F882
:106C6800B030ABEB0806D4F8B420933B0644634835
:106C780042F1FF32DB1900784FF0000742F10002C1
:106C8800B3EB0A038DF800704FF0040762F10002BD
:106C9800FE2801968DF80970CDE9043200F096803F
:106CA800490740F193808DF80800694604F58C7017
:106CB800C4F8D860C4F84051C4E92E320CF0CEFDB7
:106CC800002897D140F2EE612120F9F7AFFB30465A
:106CD800DFF820910AF02AFD474B009453F82680EC
:106CE800A7F11003A3EB0A03039308F2E733A9FB08
:106CF800032305EB931594F8443120358DF81030B3
:106D080002233D448DF80830002355448DF8113096
:106D1800054468460195FDF74DFE30460AF006FD2C
:106D2800074630460AF00AFDED1BA8EB000894F868
:106D38005470A9FB0898012F4FEA98183ED03046A6
:106D4800FFF702F905F58E75A5EB0805D4F8D8808C
:106D58000544A845BFF452AF284B1E78FE2E3AD002
:106D68007B0738D5A5EB080530460BF033FD3146D7
:106D7800402D38BF4025854228BF054628460BF0E0
:106D880055FD00283FF43BAF0BF038FCD4F8D83061
:106D98001D44A5F58170C4F8D850C4F8E0000BF084
:106DA80029FC2BE70022042680F87021E8E6023E41
:106DB800F6B2022E16D940F6480050E7023EF6B267
:106DC800022E0CD80E4B53F82600BBE70BF060FDE3
:106DD800DDE9043267E70BF05BFD0646C2E740F6E3
:106DE8004800AFE7064B53F8260038E73F420F004C
:106DF80083DE1B43D34D6210645B02011100002146
:106E0800285902012DE9F04F87B090F81531002B71
:106E180040F0BD80044603F0FF060BF0E9FB94F850
:106E2800451133460133DAB29142FBD2D4F8E82057
:106E380000F58E7BD4F8C830851AD4F8EC70B5FB11
:106E4800F3F503FB05F5AD18ABEB050B47F10007B0
:106E58005B4594BFABEB030ADA46002900F0D98002
:106E6800D4F8CC3003F12A02524504D8AAEB030324
:106E78000126A3F12A0A012919D0D4F8D03003F148
:106E88002A02524505D8AAEB03030136A3F12A0AC0
:106E9800F6B202290BD0D4F8D43003F12A02924575
:106EA80005D3AAEB03030136A3F12A0AF6B2A31904
:106EB8002046B14693F87C11FFF79EF8504404EB46
:106EC8008603D3F8CC80804568D3A8EB0A08B8F1CC
:106ED800000FC0F2AE801BEB0505D4F8E830D4F8FB
:106EE800B0204FF0000647F10007D4F8EC10D21A92
:106EF80000F19380D4F8C800B2FBF0F200FB02F274
:106F0800D21841F10001C4E93A21AA1A002AC0F2B4
:106F1800848004EB0903204693F87C11FFF76CF892
:106F2800D4F8A830D4F8AC2082465B1B62EB070289
:106F3800012B72F1000140DB4FEAE871984504EB40
:106F4800890991412A46D9F8CC60A8BF98460423FC
:106F580046458DF809303B4628BF4646C4E92E57BA
:106F6800C4E936062046FEF78DFF0023B245049596
:106F78008DF80800CDF804A005978DF8003032D8B8
:106F8800694604F58C700CF069FC002856D009F0AD
:106F9800DFFF07B0BDE8F04F0CF042BC94F8452184
:106FA800D4F8C830B24228D89B4534D3BBEB430F42
:106FB8004FEA430238D2934689E70423C4F8D8003D
:106FC8002A4620468DF809303B46C4F8DC60C4E9FF
:106FD8002E57FEF757FFCDF804A08DF808008DF85E
:106FE8000060CDE904572046FDF7C2FE09F0B0FF66
:106FF80007B0BDE8F04F0CF013BC01369B45F6B264
:107008000DD204EB8603B146D3F8CC8008F12A0BE5
:107018005DE70E464BE79B4659E7FEF7A3FF4FF4A3
:1070280085612120F9F702FA40F245412120F9F75C
:10703800FDF940F24E412120F9F7F8F940F25A7172
:107048002120F9F7F3F900BF01292DE9F04F054692
:1070580083B02FD9022940F0CD80D0F81031002B11
:1070680000F0D280002422465C7390F8781161F316
:10707800070261F30F22A3F82021FF2683F822617B
:107088000339D0F81001012900F1E8008CBF002174
:10709800012110F0AAFED5F8100112F05AFBC5F82C
:1070A800104185F8166109F053FF03B0BDE8F04FB1
:1070B8000CF0B6BB01F0010A0026D0E92C9809F0C3
:1070C80029FC95F8787183465046394610F051F9F5
:1070D800044638460AF032FB0146BAF1000F03D0E5
:1070E800BB1EDBB2022B6DD94FF4FC7214EB0B0301
:1070F80046F1000613EB0904484B48EB060633F843
:10710800173003F2E7330B444549A1FB03139B09EE
:10711800E31A66F100069C1846F1000611F0F2FB2E
:107128009130D5F81071241AD7F8C88066F1000696
:1071380003F0EAFD05F1E803834237D04246D7E978
:107148007601CDE9004611F0B4FB804561D3354B9B
:10715800D5F810211B6892F82A11834215D9D2F864
:10716800C830C2F8D830034400293FD141F66A013B
:107178000D468842A2F8DC5041D21B1946F10006A0
:10718800C2E9763603B0BDE8F08F01BB264BA3FBFE
:10719800001340F2E2419B0A01FB03F3C2F8D83026
:1071A80041F66A03A2F8DC300346E6E797F82901BE
:1071B8000028CCD04246CDE90046D5E93A0111F085
:1071C80078FBC4E7194A02EB8303DA688EE7184BA9
:1071D800A3FB001364215B0901FB03F3C2F8D83059
:1071E8004FF4FA73A2F8DC300346C6E74FF4FA719D
:1071F8000D46BEE74FF404612120F9F717F94FF463
:10720800FA612120F9F712F940F2DB712120F9F730
:107218000DF940F261312120F9F708F9785B020194
:10722800D34D6210A00500215917B7D12859020182
:107238001F85EB5108B558B101280CD10B4B40F60E
:10724800C4121A601A6841F669039A4208D808BD40
:10725800064B1860F6E740F653012120F9F7E6F8E7
:1072680040F65C012120F9F7E1F800BFA0050021F4
:1072780010B504460EF0F3FA08B9002010BDE0433B
:107288000EF0EDFA0028F8D0E31683EAA4635A1E3C
:107298001A42F2D0E3B25A1E13405A1E1342ECD0DF
:1072A800A0B210F0DFFE0B28E7D8204610F0D6FE7B
:1072B8001828E2D8A3B2B3EB144F04D184EA1423FC
:1072C80013F0FF1FD9D0044B6340581E18400038F4
:1072D80018BF0120D2E700BFD6BE898EF0B5070CD3
:1072E800164BA7F5AA4203EA9023543A012A20D95B
:1072F80027F4004042F6AA22801A18BF0120002273
:1073080016211F24164687EA060562EA0505013597
:1073180011D0DD0301394FEA5303ADB245EA5606F1
:107328004FEAC4354FEA5404ADB245EA5202EAD1F5
:10733800F0BD0020E3E70020FAE700BFE0FF3F00D0
:10734800F7B5002506462C463278ABB29A4207D8E4
:107358000F4B0020B3F864201444A3F864400EE0F7
:1073680006EB850701A9B7F8010010F047F860B9E6
:107378000199B7F80330CA8C934202D9122003B09E
:10738800F0BDD21A23449CB2CA840135DCE700BFA1
:1073980034060021F0B502780346DFF894C001F105
:1073A80008060A700025427840F2712E4A708278E9
:1073B8008A70D0F80320C1F80320B0F80720A1F89C
:1073C8000720427A4A7294079CF8380001F1220497
:1073D80081F8490002F0010048BF0130520744BF5C
:1073E8000130C0B2EAB2904207D89CF8153081F853
:1073F8004830002381F84A30F0BD03EB051201350F
:1074080057890EFB07F746F8047F97890EFB07F7A5
:10741800F760D78924F8027F178AE780578AA781FF
:10742800978A6782D78A2783128BE283DAE700BFBD
:1074380034060021F7B5002304460E461746CDE969
:1074480000336846F9F734FC08B100201AE0009DC3
:10745800A542F6D0304605F1AD030EF0E7FA3946FD
:1074680095F8AC200FF099FE0028EAD005F1B40396
:1074780095F8B32004F1B40194F8B3000FF08DFE31
:107488000028DED003B0F0BD054A516A02F11D03A1
:10749800127F11F8030BC0F380100FF07EBE00BFFF
:1074A800700B0021012817D80D48824216D8012BED
:1074B8000DD140F252739A4210D9A1F6C410094B6B
:1074C80098420BD88A428CBF122000207047042BA8
:1074D800F3D140F6C313EEE712207047302070470F
:1074E8008FFD7002CBF370020138C0B2032808B5D3
:1074F80004D94FF43F710620F8F798FF014B185C48
:1075080008BD00BF445902010138C0B2032808B5BC
:1075180004D94FF43F710620F8F788FF014B185C37
:1075280008BD00BF9C5902010138C0B2032808B544
:1075380004D94FF43F710620F8F778FF014B185C27
:1075480008BD00BF785A020107B50D4AB2F8643089
:107558009BB1013B01A9A2F864300FF04FFF20B1A5
:1075680040F22A513920F8F761FF019A0120D38CA3
:107578000133D38403B05DF804FB1846FAE700BF73
:107588003406002110B504460A48FDF7F7FB0A49FE
:107598002046FFF76FF82046FDF796FA38B12046E7
:1075A800FDF7D2FA2046FDF7DFFB002010BD1220C0
:1075B800FCE700BF6806002170060021F8B50D46FB
:1075C800074640F67A4CBDF81860A81FBDF81C1095
:1075D80080B2604515D8941FA4B264458CBF0020C2
:1075E800012087B9194C247C84B188B96FF450679D
:1075F800EC19062C04D86FF450641419062C07D91A
:10760800F8BD0020EDE797F88140EDE70028F7D0B6
:10761800954218D803FB0111B1F5FA7F13DCA6F1E6
:107628000A0340F676409BB283420CD810460EF00F
:107638001DFA42F2107341435E43B6EB410F8CBF13
:1076480001200020DCE70020DAE700BF3406002133
:107658002DE9F04F994685B07D4B04460DF1080899
:107668007C4D18680F461B791646029088F804303E
:1076780095F8663013B1404602F0CEF939462046F7
:107688000FF0EDFEAB69C4F8E83096F84A2006EB37
:107698004202B2F82AA050460EF0E8F901466FF40B
:1076A800506000238244BAF1060F77D9908C4FF0CE
:1076B800961284F82A31A4F8E430C4F8E02040F2A5
:1076C800E2420EF0D3F903F06BFB40F2E2430146CD
:1076D80004F1A80AA4F8EC31C4F8C810C4F8E811F9
:1076E800504612F00CF8834601F052FB8306A97B42
:1076F80053BF1B236B88AA881A46A4F81231564B2D
:10770800A4F814211B6884F8F010A4F8F2B01BB197
:1077180094F92811384698472B7C003B18BF012361
:1077280084F829314D4B1B681BB14D49B4F8AA00A8
:1077380098470123A4F8DE304A4B1B681BB14A491D
:10774800B4F8AA009847494B1B681BB14849B4F8DC
:10775800AA009847474B1B6813B1B4F8AA0098478A
:10776800454B1B6813B1B4F8AA009847AB8804F1DD
:10777800C0006A8869780333033201919BB2297883
:1077880092B2009104F1C401F9F7CAFAD4F8C030F2
:1077980083B940F6F4713920F8F748FE4FF04D12DE
:1077A800A4F8E4300123C4F8E02084F82A314FF427
:1077B8007A738DE7D4F8C43013B940F6F571EAE767
:1077C8000EF014F9C4F8CC00B9F1000F05D002F09E
:1077D8008BFB20F07F40C4F8D40096F84A3020464E
:1077E800E96906EB4306338EA4F8D030F38EA4F88B
:1077F800D23011F081FF414604F117000FF0DBFE93
:1078080095F8663013B9FF2384F83532AB6E23B18F
:10781800012204F5977150469847184950460FF0D1
:1078280078FA02F061FB0C23B0FBF3F202FB1300C1
:10783800C0B2431DDBB2082B9CBF0D30C3B220463B
:1078480084F823300FF038FE05B0BDE8F08F00BF94
:107858001F7D020134060021D8100021CC10002120
:1078680058060021E81000218E060021DC100021B6
:1078780080060021E0100021E41000213E060021CE
:1078880010B503210020F9F7D9F9044670B903218E
:10789800F9F798F9044620B940F225313920F8F76C
:1078A800C5FD034B93F96C1011F0DEFA204610BDAC
:1078B80034060021014B5888704700BF3406002168
:1078C80010B50FF069FC204C01F00AFE01F078FABF
:1078D80010F0F9F903F042F902F0BEF808F0F6FBEF
:1078E800012001F011FA0021184B194A19604FF0D4
:1078F8001B13A4F86410A18184F83210E173C4E961
:1079080000234FF4A4731022A3604FF4794323613A
:10791800104B58681B89606304F13C0023870DF005
:10792800CFF8012342F2107204F15A0084F83C3077
:107938006375C4E9102212F067F804F14C00BDE841
:10794800104012F087B800BF34060021C41000218F
:1079580003021B0044590201044B41F64C521B21FF
:107968001A629973C3E90622FFF7AABF34060021F9
:10797800F7B53A4D00F1A8070446AB69C0F8E830FE
:107988002B7C003B18BF012380F82931344BC0F809
:10799800C830384611F05EF8064601F0F9F983065A
:1079A800A97B53BF1B236B88AA881A46A4F81231F7
:1079B8002C4BA4F814211B6884F8F010A4F8F2608A
:1079C80023B194F92811B4F8AA009847264B1B68EC
:1079D8001BB12649B4F8AA009847254938460FF044
:1079E80098F90123A4F8DE30224B1B681BB1002153
:1079F800B4F8AA009847204B1B681BB10021B4F8C3
:107A0800AA0098471D4B1B6813B1B4F8AA00984701
:107A18001B4B1B6813B1B4F8AA009847AB8804F154
:107A2800C0006A8869780333033201919BB22978D0
:107A380092B2009104F1C401F9F772F9D4F8C03098
:107A480023B940F2E2413920F8F7F0FCD4F8C43009
:107A580013B940F2E341F6E703B0F0BD3406002164
:107A680000093D00D8100021CC1000215806002143
:107A78003E060021E8100021DC100021E010002162
:107A8800E41000212DE9F34104460E4611F02DFAC9
:107A9800002800F09680204611F0A1FB40B1B6F80E
:107AA8000130013B7F2B03D9122002B0BDE8F081E1
:107AB800204611F098FB08B90C20F6E7204611F093
:107AC80080F80028F8D1204611F0B8F9804600283F
:107AD800F2D1204605F060FC0028E5D042F2107390
:107AE800B6F80170F17820465F4311F063FB04217A
:107AF8003078F9F7A3F8054606213078F9F79EF8AB
:107B08002DB140B141F676213920F8F78FFC18B332
:107B1800054690F8E5802C4E3368EBB14035284691
:107B280010F0BEFEC0B1284610F0ABFEA0B9B8F107
:107B3800000F07D0254B28461B68984760B141F6CF
:107B48008A21E1E72249424633682846096A98476C
:107B580010B141F68F21D7E7204611F038FB0146D6
:107B680038B93A46204603F031FE40B341F6982131
:107B7800CAE702210DF10600F8F7ECFF054608B93F
:107B88000D2092E7BDF806100FF0A5FC2946204607
:107B980011F050FB2846FFF7EBFE3A4629462046EF
:107BA80003F014FE024610B141F6B421ACE7084BCD
:107BB8009B6E23B105F5977105F1A8009847002041
:107BC80073E7422071E700BFC8100021D0100021E0
:107BD8003406002108B50378032B0ED803F0FD0303
:107BE800012B074B06D1074A07481A6002F0FCF838
:107BF800002008BD00201860F8E71120F9E700BF51
:107C0800C41000214973000151750001074B018818
:107C18009A88914207D3B0F8032091B219B1002095
:107C2800A3F8642070471120704700BF3406002174
:107C3800024B1B6803B118470C207047C410002181
:107C4800014B93F96C00704734060021B0F900200D
:107C580011B292B2F8B502F5A0639BB2B3F5206FEA
:107C680037D8B0F902301DB29BB203F5A06080B2DC
:107C7800B0F5206F2DD802F2F64040F2BE5480B223
:107C8800A04228D803F2F64080B2A04223D80029A7
:107C98004FF00A04C4BF093211B2002DC8BF09331E
:107CA80091FBF4F4C8BF1DB208F018FA0A2367B2B2
:107CB800064695FBF3F1384649B208F001FA074B3E
:107CC8001B6813B1A01B40B208B90020F8BD984743
:107CD800FBE73020FAE71120F8E700BFD4100021B5
:107CE800034B5A8802801B7883700020704700BFBE
:107CF8003406002173B5837806461A2B08D8042B5E
:107D080004D9334A22FA03F3DB0705D412251AE013
:107D1800292B01D03B2BF9D13088B0F5706FF5D203
:107D280069460FF06BFB88B9009B93F82C2102F091
:107D3800FF05C2B9B27883F82D21FF2283F82C21E0
:107D480068460EF009F8284602B070BD092130884F
:107D5800F8F774FF0446002837D001A9B0F8AC0141
:107D68000FF04CFB08B10C25EDE70821B4F8AE0183
:107D7800F8F764FF20B94FF404613920F8F756FB8F
:107D880003781BB994F8C831032BECD1019B93F805
:107D98004221002AE7D194F8F02102F0FF05002AD9
:107DA800E1D1B4F8B021A3F8442194F8B82183F8BC
:107DB8004621027D83F84721B27883F8482184F868
:107DC800F021FF2283F84221BDE70225BBE700BF6F
:107DD8002000380438B50278447802F0010302F034
:107DE800020254EA030101D1112038BDBAB98578DD
:107DF800002DF9D0002B18BF002400E01D462046B6
:107E08000DF0E4FE0028EFD028460DF0DFFE002834
:107E1800EAD0054B00209C72DD729881E5E7002BC3
:107E2800ECD000242546EAE73406002113B5008883
:107E380001A90FF005FB044620B9019890F83E31DE
:107E48001BB13A24204602B010BD90F85C3003F014
:107E5800FF04002BF5D190F853309B0706D1FF2380
:107E680080F83E3101A80DF077FFEBE70249543066
:107E78000FF051FFE6E700BFED8701012DE9F0475C
:107E880003780446032B03D912252846BDE8F0875A
:107E98004378032BF8D8437E8578002B4FD1012DEA
:107EA800F2D100F07FFF854340F0928094F8028081
:107EB80018F0010506D001232269A168E078FFF7D0
:107EC800F1FA054618F0020F07D002232269A168CB
:107ED800E078FFF7E7FA2843C5B218F0040F7BD023
:107EE80094F803A00423D4F8089022695046494620
:107EF800FFF7D8FA284310F0FF05C6D1B8F1050FEF
:107F08000ED194F804800423E16862694046FFF7C3
:107F1800C9FA05460028B8D1C24559D1894557D173
:107F2800237E013B062BAFD801210020F8F786FEFF
:107F3800054650B940F642413920F8F777FA6B1EEA
:107F4800062BA1D8AA079FD4ABE7A830FEF78CFB75
:107F580018B195F854309B073CD1657EE278003D16
:107F6800A078A16818BF0125012AB4F800E000F044
:107F7800040314BFB2FA82F2022294F818C018BFA0
:107F8800520910F0010F1FD026695BB16769F31918
:107F9800994207D24B089E4228BF1E468B1B9F4220
:107FA80028BF1F460E4B83F83950002583F834004C
:107FB80083F83520A3F836E083F838C083F83C000E
:107FC8009F64C3E9101660E7002BEBD02769E9E747
:107FD80011255AE70C2558E7002DA1D055E700BF19
:107FE800340600212DE9F041054688B0002000F054
:107FF8008BFE2B78AC788DF804306B7804F0010692
:108008008DF806408DF80530630748BF013600F04B
:10801800C9FE844348D10DF1060102AA05F10308FF
:1080280040F2712E10468C46E3B29E4218D8204B7F
:1080380093F838005B7D8DF81C00A8788DF81D300A
:1080480030F0050332D110F0050F2FD0194CD8B2FB
:10805800864217D801A8FFF711FF08B0BDE8F081E4
:1080680004EB8403013418F803702B440CF8017FE7
:108078009F88DB880EFB07F70EFB03F340F8047FAD
:108088008360D1E711F8010F01280FD8D068A0F656
:10809800C410A04206D852F8040F0133A0F6C41049
:1080A800A042D4D93020D8E71120D6E71220D4E74F
:1080B80034060021CBF3700200B589B0437940F251
:1080C80071218DF8043083798DF8053001238DF8FE
:1080D800063003788DF80730B0F801304B4303932E
:1080E800B0F803204A430D4991F838100592A2F6DA
:1080F800C4128DF81C1000218DF81D1008498A4201
:1081080009D8A3F6C4138B4205D801A8FFF7B6FE19
:1081180009B05DF804FB3020FAE700BF34060021FF
:108128003C369C002DE9FF4106460078012813D112
:108138007378012B03D9022B0CD1B38853B1728801
:10814800B2B1B388A3B10A214A434FF4A0614B43AB
:108158009A420DDB12247AE00028FBD10121F8F7BE
:108168006DFD0546002840F08E8040F69A5107E0E4
:1081780001210020F8F762FD054620B940F63F517D
:108188003920F8F753F9B388002B76D1FCF748FB70
:10819800002874D195F81431002B72D12846FFF7C6
:1081A800F1F904460028D5D10121DFF830810846CD
:1081B800F8F744FD98F81410074619B110B940F6BD
:1081C8005B51DDE798F834200023CDE9023312F043
:1081D80001031CBFD8F844000290520741BF04AA0B
:1081E80002EB8303D8F8482043F8082C002941D033
:1081F80097F81431002B3DD07388DBBB98F83430E6
:108208003846009302ABD8F8402098F83610FCF7AF
:108218000BFD78B33846FEF799FA07F14003064696
:1082280005F14002683753F8041BBB4242F8041BAF
:10823800F9D12846FFF7A6F9024610B140F6825157
:108248009EE70C2E07D101462846FEF773FC204610
:1082580004B0BDE8F08116B140F68B5190E798F86C
:1082680035302846296D43F0040385F85430FEF76D
:108278002FFCECE7B2887188E6E71124E7E73A2497
:10828800E5E70C24E3E7FEF7E5F904460028DED12C
:1082980095F8543095F8A62022B195F8A7201343F5
:1082A80085F8A600053B012BD1D82B6D13B940F6F4
:1082B800AA5165E701210846F8F7C0FC4FF4C072DF
:1082C800294606460CF0A8FC002386F894300423BF
:1082D800316D304686F85430C9E700BF34060021B6
:1082E8002DE9F04F457A8BB00446A90718D545F01B
:1082F80001054572072D15D800F054FD35EA000038
:1083080040F0508194F848308BB9012D0AD1A36907
:10831800A54AA3F25373934200F24281012609E071
:108328006A07E7D1122420460BB0BDE8F08F15F09C
:108338000106ECD1AB0745BF731CB1464FF0FF09EE
:10834800DEB26F070AD5B31D984A54F82330A3F656
:10835800C413934200F224810136F6B204F10807EF
:1083680004F122054FF000085FFA88F39E422BD8EB
:1083780023789A1E022A40F21581012BD2D813B90C
:10838800A378012BCED86378032BCBD894F8493047
:10839800013B062BC6D8864F01210020F8F74EFC7A
:1083A8003B7D0546002B44D101210846F8F746FCE1
:1083B800002818BF054605F1A800FEF755F906463E
:1083C800002850D00C24AEE799452DD0D7F804A04A
:1083D8003B695345A6D86A8B2B8C9A42A2D80120B8
:1083E800B5F814B06988EB892A89CDE900B0002076
:1083F800CDE90213FFF7E2F8002800F0D180B8F1C8
:10840800000F11D02888029988428BD1E9889142BF
:1084180088D1AA89039B9A4284D16B8A5B4581D112
:108428003B689A4540F0BE8008F1010804370235E0
:108438009AE7A830FEF718F90028B5D06FF0004386
:10844800D5E92A129A4208BFB1F1FF3FACD1637A4D
:108458002846009304F11803E2686178FCF7E4FB0E
:1084680006460028A0D02846FCF7E0F908B13A24CF
:1084780059E72846FCF7D4F90028F8D1FB7C4BB91A
:1084880006AF06937B6006238DF81E303846F8F752
:108498000FFC68B300210DF11600F8F75BFB0746E7
:1084A80000287BD001232246BDF81610FFF7D0F82C
:1084B800384611F039F91EB961782846FCF740FBB7
:1084C80004F10308A278217828464346FCF7D6FA37
:1084D80000286FD112240021B7F8AA00F8F7C4FBCE
:1084E80000283FF420AF41F288213920F7F79EFF9A
:1084F800069B93F8CD20802AC8D093F8E530002B4E
:10850800C4D05FE7637A8DF8186013F00102E16860
:1085180018BFA06907911EBF089001208DF81800A8
:108528009E0744BF0132D2B258071BD59DF81800E8
:10853800063203F0050354F8222040F00400052B0E
:1085480009928DF818000DD108981318994209D28C
:108558004B08834228BF0346C91A0893914294BF27
:108568000991099206A92846FEF784F894F848105C
:108578002846003918BF0121FCF77CFA94F8491005
:108588002846FCF74DFA2846FCF7EEFB3946284604
:10859800FEF79EFA0024C6E60B249CE70D24C2E6EB
:1085A8003024C0E61124BEE63CF67002CBF370021C
:1085B8003406002116B92846FCF7C6FA2178434646
:1085C800A2782846FCF7F6FA94F8099000F0EAFB3E
:1085D80009EA0001284601F00501FCF725FA16B959
:1085E800042385F854302F654246A0780DF01EFA12
:1085F80001462846FCF7FAFA237833B94246A178AF
:108608003846FEF717FF0028C6D1002E3FF47AAF90
:1086180004212846FCF762FA0028BBD10C245AE74B
:1086280010B5437994B0032B57D823F0020302798D
:1086380040F271218DF80630D0F806308DF804200C
:10864800CDF807304389027BADF80B3001238DF854
:1086580005208DF80D3003884B43049342884A4324
:108668000792A2F6C412847B417B41EA0421ADF84B
:108678002810047CC17B41EA0421ADF82E10847CCB
:10868800417C41EA0421ADF83410047DC17C41EA03
:108698000421ADF83A10417D847D41EA0421ADF80A
:1086A8004010C17D007E41EA00210E48ADF8461019
:1086B80000218DF84C108DF84E100B4990F83800B9
:1086C8008A428DF84D000AD8A3F6C4138B4206D807
:1086D80001A8FFF705FE14B010BD1220FBE73020FB
:1086E800F9E700BF340600213C369C0030B504464B
:1086F80095B0002000F008FB01A92046FEF74AFECD
:10870800054600F04FFB9DF80D4034EA000002D00A
:10871800112015B030BD14F0050F1CD0072C1AD845
:1087280000F040FB8443F3D103AB0C49E2B295421D
:1087380003D801A8FFF7D4FDEBE71A69A2F6C41223
:108748008A4206D853F8042F0134A2F6C4128A428A
:10875800ECD93020DDE71220DBE700BFCBF3700255
:1087680073B506230025CDE900558DF80630684617
:10877800F8F79EFA08B1002610E0009D95F8CD3074
:10878800802BF4D095F8E560002EF0D095F83131C3
:10879800002BECD195F8CC30002BE8D1012100203A
:1087A800F8F74CFA044620B941F2BB213920F7F713
:1087B8003DFEA830FDF758FF224B1B7D73B3E0B197
:1087C80094F85430053B012B17D82046FDF7BEFF1F
:1087D800054610B141F2C621E8E72046FCF72CF81F
:1087E80094F854302A46294623F00403204684F896
:1087F8005430FEF79FF900250DE001210846F8F7EF
:108808001DFA044610B941F2D221CFE7A830FDF78E
:108818002BFF60B90C25284602B070BD28B9002E80
:10882800F8D0FF2385F8CC30E5E7002EF9D12046B3
:10883800FDF78CFF05460028EDD12046FBF7FCFF2D
:10884800E9E700BF34060021F7B5067804460F466D
:10885800EF2E03D91226304603B0F0BD90F901205F
:108868004378002AF6DB82789207F3D113F01000E0
:108878001DD19D0603F0030216D5002AEAD1190777
:10888800E8D42179E278E57942EA0122617942EA7D
:108898000142A17941EA0521257A41EA05418A4246
:1088A800D8D81F2A12D8D5E7032AE8D1D2E713F07F
:1088B800600FCFD103F00702052A05D003F00F019E
:1088C8000D22CA40D207C5D51D07DAD5627A013A0A
:1088D800062ABFD8A27A032ABCD813F0040302D10F
:1088E800023A012A03D8E27A012AB3D813B9A37C41
:1088F800032BAFD8237DF8B1012BABD1237E012BFD
:10890800A8D818B36378D90702D500F09DF920B329
:108918006378227D03F01803082B2ED1022A1CD17C
:1089280003213046F8F78AF9054660B310F049F993
:10893800002834D00C268EE7022B8BD0A37D013B78
:10894800022B87D8E37D0F2BD8D983E700F02AFACA
:10895800820707D4237D022B01D111267BE7A37D53
:10896800022BFAD000F01EFA4307CBD4237D032B49
:10897800F3D0A37D032BC5D1EFE7022AD0D0237F04
:10898800002BCDD0E9E703213046F8F71BF905465F
:10899800002843D0224B93F96C1010F065FA00219F
:1089A800304610F0FDFF28BB284610F00DFC21468C
:1089B8003870E074284610F0EFFAE37E0646002B84
:1089C8003FF449AF00287FF446AF0246E96C684699
:1089D800F8F786FA3246E86C01210CF066FEE96C7D
:1089E80068460422F8F77CFA32463146E86C0CF007
:1089F8005CFE30E740300FF053FF0028D4D0637896
:108A080013F0330F7FF426AFA67D2846296A10F0AD
:108A1800FDFBFEF769FD8642C6D08BE707261AE7FD
:108A28003406002130B502798BB00346042A4FD8AA
:108A38004088B0F5804F4BD8264900241144ADF842
:108A480000408DF808408A7C4D7B42F010028DF87A
:108A5800244042EA4502CD7D097F42EA850242EA86
:108A6800C102694602F01F028DF80020BDF80020FF
:108A7800ADF809201A888DF80E00000A8DF80B2031
:108A8800120A8DF80D408DF80C208DF80F008DF826
:108A980010405A7BD3F807008DF811205A790590B9
:108AA80002A88DF812209A798DF81320B3F80B20BC
:108AB8009B7BADF818208DF81A307F238DF81B307A
:108AC8004FF00113CDE90734FFF7BEFE0BB030BD00
:108AD8001220FBE7445902010278034672B142783A
:108AE80062B142881A2A09D982881A2A06D90068E6
:108AF800034A106000209B889380704712207047BB
:108B08003406002102680020014B9A61704700BFBB
:108B18003406002102680020014BDA61704700BF6B
:108B2800340600210378A3F10A02112A9BBF024AE6
:108B38000020122093737047340600210378FF2B1E
:108B480015D14378FF2B12D18378FF2B0FD1C3782F
:108B5800FF2B0CD1037923F0E0021F2A07D11F2B2A
:108B680005D05B09034A002082F83830704712208C
:108B7800704700BF340600210378012B9DBF03F026
:108B88000103034A0020122098BF5375704700BFA5
:108B980034060021014B5874002070473406002128
:108BA800014B98740020704734060021024B1B6863
:108BB80003B1184711207047EC10002108B50122B5
:108BC800054B1A7104F0D2FB05F042F90EF037F8A4
:108BD800BDE8084001F030B8A406002110B50C200B
:108BE800084C00F09DF8282000F09AF804F10800DD
:108BF80005490DF0AFFF04F10C000449BDE8104031
:108C08000DF0A8BFA4060021600000216800002123
:108C180010B5094C094904F108000DF09BFF04F157
:108C28000C0007490DF096FF04F110000549BDE856
:108C380010400DF08FBF00BFA40600217000002176
:108C48007800002180000021014B1879704700BF8F
:108C5800A406002110B507200B4C00F061F80C2089
:108C680000F05EF804F1080008490DF073FF04F104
:108C78000C0007490DF06EFF04F110000549BDE82E
:108C880010400DF067BF00BFA4060021900000212E
:108C9800980000218800002138B5074C0D4600F0E7
:108CA8009FFFA06825600DF04DFFFEF755FE01F00F
:108CB80033F90123237538BDA4060021014B187D23
:108CC800704700BFA406002110B50A4CE0680DF0FB
:108CD80039FF20690DF036FFFEF7F2FD202000F085
:108CE80033F8262000F030F8292000F02DF8002372
:108CF800237510BDA406002100487047B90600215D
:108D080000487047BB070021014B83F819027047E0
:108D1800A4060021014B93F819027047A40600210C
:108D2800C208074900F0070001238340885C034319
:108D38008B5404490B78934238BF13460B70704725
:108D480018000021BE0800210F4B012110B503EBCC
:108D5800D002C40800F0070001FA00F0195D21EA0A
:108D68000001195509490B78A34205D1002012F8D2
:108D7800014914B100B10B7010BD002BFAD0013BB2
:108D88000120DBB2F3E700BF18000021BE08002174
:108D9800014BD3E9000170471800002100487047D3
:108DA80020000021054B1868C0F3C022C0F3002042
:108DB800400040EA820040F001007047180000219E
:108DC80008B509F095FB0023074A32F823108142C1
:108DD80005D302EB83029378044A137008BD01336C
:108DE8000C2BF2D10023F7E76C590201BF080021D0
:108DF800024B1878072828BF07207047BF080021B2
:108E08002DE9F04F046898460F4685B094F8633012
:108E1800164604F1A80994F80FA043EAD303D9072A
:108E280002D4BAF1260F5FD194F8A850002F55D17B
:108E3800FFF7B8FF8DF80B00002E51D1FFF7B2FFF6
:108E48002B4B8DF80C00D3F800B0BBF1000F0CD001
:108E5800AAF1260228464946534253410DF10B0216
:108E6800009303ABD847054630B99DF80B3013B1D2
:108E78009DF80C0028B90925BAF1260F2AD100203F
:108E8800034694F8292132B19B0700F002002DD542
:108E980060B302200346FF2284F8392194F8382170
:108EA80002F0FF05F2B99DF8382003A984F83B01C8
:108EB800484684F8382184F83A31A4F83C818DF882
:108EC8000C708DF80D60ADF80E800DF022FF0023B8
:108ED80084F83931284605B0BDE8F08F3846A9E74F
:108EE8003046ADE73A25F2E71A25F3E70925F1E719
:108EF800F010002110B50468B4F8AA3084F87E1187
:108F0800A4F87F3194F82001FEF7FEFA84F8810175
:108F180094F82101FEF7F8FA044984F8820104F272
:108F28007510BDE810400EF0F6BE00BFE16C0101FF
:108F380030B5C1F30722CCB2164985B0C5B2C0F32B
:108F480007230978019049B9114620460DF0CFFE54
:108F580020B9194628460DF0CAFEB0B12B4023406F
:108F680002EA030001460CF074FD044608460CF0C2
:108F780070FD032C04D1BDF80630012B08BF042472
:108F8800E4B244EA002005B030BD05EA020003EA75
:108F98000401E8E7C00800212DE9FF470468894675
:108FA800054694F80EA0AAF1250359425941052A0D
:108FB80035D1E37B272B37D104F10F0799F80180CE
:108FC80099F8026008F0070806F0070608F1FF3371
:108FD800721E03EA0803324013431FD130460DF0D6
:108FE80030FF60B394F82031984228D094F83A21A1
:108FF800164213D0BAF1250F21D094F81921164240
:109008001DD10138013B474AC0B2DBB21044032BE3
:1090180000790FD81A441379834210D9284604B02E
:10902800BDE8F0470DF0D5BEBAF1250F77D104F1B0
:109038000E07C3E74FF4DD710620F7F7F7F940464E
:109048000DF0FFFE40B194F82131834204D094F82A
:109058003B3118EA030FE1D0B9F8039003AB20467F
:109068003246009341464B460DF0F8FE2C6878BB1B
:1090780094F83831012B28D1E38804F5347294F838
:109088002011B4F83C010DF04AFF0646D0B901465C
:109098002846FFF72FFF2B6883F838613E702B684E
:1090A80003F10F02974201D10022DA732B6803F112
:1090B8000F0297422FD128460FF039F8002004B04C
:1090C800BDE8F0872C23A373E9E784F83801E6E7C5
:1090D800E388A4F8D09209F1FF39A9EB030947F610
:1090E800FD731FFA89F9994506D92823284684F87B
:1090F800313001F049FAD9E7E37B0D2B02D00A3B66
:10910800012B01D82A23F1E7BDF80C30A4F8D2329C
:1091180029233B70CAE7002283F84A20CEE70220C1
:10912800CDE700BF9C590201024B002283F8322090
:109138009A867047C2080021044B93F83220012A0E
:109148001ABF036001200020704700BFC208002139
:10915800054B024693F8321001291BBF01209A865D
:10916800002083F832007047C2080021054B0246F0
:1091780093F8320020B1136009B19B8E0B80012057
:10918800704700BFC2080021044B002293F8320048
:109198009A8610B1012083F832207047C208002156
:1091A800034B93F83200B0FA80F04009704700BFD3
:1091B800C208002150B90A4A0120134603F8010BDE
:1091C8000868C2F801008A889A807047012805D18A
:1091D800034B0A68D8719A608A889A81704700BFE1
:1091E800F808002150B90B4B187888B1D3F8012042
:1091F800B3F805300A6001208B807047012806D13A
:10920800044BD87920B19A689B890A60F3E700205B
:10921800704700BFF808002110B9044B1878704750
:10922800012806BF014BD87900207047F8080021B3
:10923800F7B58A8800238DF80600ADF80420086881
:109248000B4A8DF807300146147802F5A872019D83
:10925800D8B2844201D8082007E052F8087F0133C9
:109268005668AE4208BF8F42F2D103B0F0BD00BFCE
:1092780008090021084B0146002230B55C7803F24A
:109288000113D0B2844201D8082004E013F8015F2A
:1092980001328D42F5D130BD08090021F8B52D4CB9
:1092A80063782218013B92F80251DBB28342637063
:1092B80030D01A010101961C8F1C2644274406F160
:1092C800100C56F804EB664547F804EBF9D18232E6
:1092D80082312244214402F1100652F8047BB24242
:1092E80041F8047BF9D1E118221891F8026182F85B
:1092F800026106267343704303F5857300F5857094
:10930800E618E35827182350B388BB8091F83A3100
:1093180082F83A312846FFF7ADFF082818D123789C
:10932800013BDBB29D42237012D02B3305F12B0297
:1093380004EBC30304EBC20293E8030082E80300D2
:109348002078FFF797FF08281CBF241884F80251DB
:10935800F8BD00BF08090021F0B5254D89B095F882
:10936800984105F29911684622460BF055FC2146B2
:1093780068460DF030FF0446B8B300EB400102A880
:10938800C9B2F7F79BFE631E95F8A1610124DBB211
:1093980095F8981105E0721CB2FBF1F001FB102260
:1093A800D6B206F120020DEB020010F8202C002A9C
:1093B800F1D103EB430100F8204C06EB46022031C3
:1093C8002A44694411F8187C82F8A27111F8177CB4
:1093D80011F8161C82F8A37182F8A411013BAA198E
:1093E800DBB282F89941FF2BD2D109B0F0BD00BFA2
:1093F8000809002170B5064688B00C46002A4ED0F0
:10940800294A92F8A131D01890F8991119B9FF2179
:109418002820F7F70BF803EB43010133114491F8C7
:10942800A251E57091F8A35191F8A41125716171C9
:10943800002180F8991192F89811B3FBF1F001FB23
:10944800103382F8A13192F8C23123B9174902F5D5
:10945800DD700EF05DFC65790D220021684605F08F
:109468003F0545F0400565710BF02AFBE37804AA37
:1094780069468DF80F30304623798DF80D508DF8F8
:109488000E3004230BF06AF99DF81F3023709DF805
:109498001E3063709DF81D30A37008B070BD0321A5
:1094A8006018F7F70BFED6E7080900216193000161
:1094B800044B5A78824286BF1B1893F84A01002051
:1094C800704700BF08090021044B5A78824286BFC2
:1094D8001B1893F842010020704700BF08090021BB
:1094E800064B00224FF461711A8083F8C32183F878
:1094F800C421A3F8C61183F8C221704708090021C6
:10950800014B83F8C401704708090021014B93F807
:10951800C40170470809002110B51446FFF788FEFA
:10952800082813D0FFF7A6FE094B5A7882420DD9B6
:1095380004B12070184490F83A3190F84A01012B90
:1095480008BF40F0010000F0010010BD0120FAE75B
:10955800080900212DE9F0478246894617469846B2
:10956800FFF766FE08280546064603D0FFF782FE89
:10957800082860D1324C6378072B5ED8082D15D1A6
:109588002678731C072E237003D96C212820F6F740
:109598004DFF06F12B02D9F8000004EBC20344F892
:1095A8003200B9F8042083F806A09A80657807F19C
:1095B80010026B1C290163704B1C234412F8010D27
:1095C800BA4203F8010FF9D1813108F1100321449F
:1095D80013F8012D984501F8012FF9D125441021E0
:1095E80040460DF040FE102185F8420138460DF046
:1095F8003AFE85F802616678002385F84A0131460B
:10960800104885F83A310DF0E6FD0128054607D8DF
:1096180031460D480DF0DFFD002818BF0135EDB2C9
:1096280084F898510025284684F8A151FFF794FE44
:109638002846BDE8F0871220FBE70720F9E700BFBE
:10964800080900214A0A0021520A0021064B10B5D8
:109658005878013840B2002800DA10BDC4B220465C
:10966800FFF71CFE601EF5E708090021014B83F88F
:10967800C301704708090021014B93F8C3017047E3
:1096880008090021431E4AF2B7129BB293429DBFBC
:10969800024BA3F8C60101200020704708090021E9
:1096A800014BB3F8C6017047080900210A4B30B5D1
:1096B8005C7884420ED9184490F802012B3003EBF1
:1096C800C004A5790D7053F8300010600120A388FC
:1096D800938030BD0020FCE70809002170B50646DC
:1096E8000D4607F00DFE06F055FD0A4890F8C341F7
:1096F80064B1417861B100F1820302303246002D35
:1097080008BF184606F012FD06F06AFD204670BD37
:109718000C46FBE70809002108B5064B024603EB97
:109728000113012103F1820006F000FDBDE80840A5
:1097380006F056BD080900210246074810B590F802
:10974800C34124B1417821B1023006F0EFFC204634
:1097580010BD0C46FBE700BF080900212DE9F74FB3
:109768002F4C9A46804689466378834256D92318F7
:1097780093F8425185F00105F9B193F84A31E3B9FC
:1097880045F002070135BAF1000F18D1FA070AD5DA
:10979800062104EB0810524601FB0841823001F50E
:1097A8008571FFF727FEBB0734D504EB0810524636
:1097B80049460230FFF71EFE2CE02F46E3E794F8F7
:1097C800A1614FF0010B002DE0D0A31993F8991176
:1097D800019399B90092DAB100F06EFB019B06EB98
:1097E8004601009A4FEA102C83F899B1214481F878
:1097F800A201000C81F8A3C181F8A401013694F8F4
:109808009831013DB6FBF3F103FB1166F6B2DAE7D6
:1098180047F00407384603B0BDE8F08F0027F9E7A2
:1098280008090021F8B50646174C48B3617804F5D5
:10983800A1700DF0D0FC94F89851074604F29910E5
:1098480029460DF0C8FC2D1AEDB2AF421AD80025F2
:109858006278EBB29A4201D80120F8BDE21892F87A
:1098680042215AB90621324601FB034104EB031396
:1098780001F5857103F18200FFF7BCFD0135E7E7CB
:109888000546E5E70020E8E708090021F0B51B4E8A
:1098980089B007460D46737883422CD9331893F85C
:1098A800424144BB0D22214668460BF009F9EB788A
:1098B80006EB071004AA8DF80F3069462B79823021
:1098C8008DF80E306B798DF80D3004230AF046FFC1
:1098D8002A789DF81F309A420AD16A789DF81E307E
:1098E8009A4205D1AC789DF81D30E31A5C425C4180
:1098F800204609B0F0BD0020FBE700BF08090021A1
:10990800074B5A78824209D91A1892F842212AB983
:10991800062202FB003000F5857070470020704772
:1099280008090021064B5A78824281BF1B1893F818
:109938003A01B0FA80F0400998BF0020704700BF94
:1099480008090021F8B50E46074606211546304697
:109958000DF089FC044670B10C4B0022587803F2D4
:109968003913D1B2884202D801242046F8BD013209
:1099780003F8015FF5E7314638460DF048FC082842
:10998800F3D0024B034483F83A51EDE7080900216C
:10999800034B80F880101B680BB14088184770474C
:1099A800F41000210B2808B504D940F22911292008
:1099B800F6F73CFD014B33F8100008BDA45902012D
:1099C800036830B50024D3F8C80042F21075A3F834
:1099D8004040B3F844404443B4FBF1F4A3F8444096
:1099E8004C1E05FB0242B2FBF1F2A3F84220094AE1
:1099F800B2FBF1F20132A3F848209A8F05FB02442A
:109A08005A6B5043B4FBF1F4B0FBF1F09C6358631C
:109A180030BD00BF005A6202054B1B7833B9054BB5
:109A28001A681B7902600371012070470020704793
:109A3800D00A002128000021054BFF221A70054A90
:109A4800016811600179117100221A70704700BF16
:109A5800D00A00212800002107B5064A10681279AB
:109A6800009068468DF80420FFF7E6FF03B05DF824
:109A780004FB00BF1F7D02010346084671B13F2B5E
:109A88000BD8074AD35C03F07F02914205D08CBF04
:109A98000120002000EAD31070470120704700BF62
:109AA800BC590201FF230B7002234B7083238B7078
:109AB800014B1B78CB707047D40A00212DE9F84F71
:109AC800D0F804800C46D8F81C6030460BF0BAFC7D
:109AD800054620B94FF4AA711020F6F7A7FC0146F5
:109AE80030460BF0BDFCB5F800B082461FFA8BF784
:109AF80017B94FF4AC71EFE7224B00F103091B686B
:109B0800D3B998F8023098F803202370637802F0EC
:109B18000F02A4F802B023F00F03134323F0C0038D
:109B280063709AF8003003F00303012B0FD0022B67
:109B38000DD04FF4BB71CFE73A464946B8F802005A
:109B4800984705460028DCD12846BDE8F88F62789A
:109B5800304663F3051262700BF08CFC054610B9B1
:109B68004FF4C071B8E7FB2F02D940F28F11B3E769
:109B78003A464946201D0BF04FF830460BF0D1FB12
:109B8800E2E700BFF810002138B5134C102200217D
:109B9800201D0AF095FF0125257404F10803102201
:109BA800002104F11400C4E901330AF089FF84F8A4
:109BB800205004F11803094AC4E9053300236362FD
:109BC800A36284F82C30C4F82D30C4F8313084F8FE
:109BD80035301360A36338BDD40A0021F810002182
:109BE80010B5084C2378FF2B04D040F299111020AF
:109BF800F6F71CFC0AF0F8FD2070BDE81040FFF7EE
:109C0800C3BF00BF2D00002110B5034C20780AF017
:109C180005FEFF23237010BD2D000021014B18788D
:109C28000AF00CBE2D000021014B024A1A60704751
:109C380000110021C59A0001014B024A1A607047C1
:109C480000110021C59A00012DE9F341DFF8888150
:109C5800054608F11407D8F80830D8F81840227AD1
:109C6800012A22D1D8F8382052B1137A1BB9BF2162
:109C78001020F6F7DBFBD8F83840C4B9002093E091
:109C88001A7A012AFAD01C46544AEFF3108172B6A8
:109C980050680068506001B962B6A34208BFC8F8AE
:109CA8003840237A1BB9EE21E2E73A46EDE7267AF7
:109CB800F6B205232372731E0B2B7ED8DFE803F060
:109CC8007A062336773F4E3F3F3F3F6B636813B9B1
:109CD8004FF40371CCE72046294698470420EFF358
:109CE800108272B6237A052BD9B24FF0000369D1DE
:109CF8002372D8F83810A14201D1C8F83830002AA8
:109D080045D162B643E0636813B940F21521AFE765
:109D18002946204698470346ADF80400C0B2C3F36D
:109D28000723012B3ED0022BD9D129E0636813B950
:109D380040F21D219CE7204698470020CFE7284B9A
:109D48001B68002BF9D03246606829469847A6F16F
:109D58000A020420534253415B00E4E763680BB9ED
:109D6800FE2185E786222A7001225988AA706A7125
:109D780000229869A5F80310AA710BF0D2FA042002
:109D8800D8F83830A34202D10023C8F83830002868
:109D98003FF461AF08E0134B294620461B689847FB
:109DA800034668B9267298B102B0BDE8F0814FF455
:109DB80015715DE740F257215AE740F25A2157E7FB
:109DC8000220DDE711B940F27B2151E7184696E7FA
:109DD800002B7FF440AF51E7D40A0021D80A0021B4
:109DE800FC10002100110021014B1860704700BFD2
:109DF800F8100021134610B5027A22B140F2023160
:109E08001020F6F713FB0A4601460248BDE8104049
:109E18000DF05BBFD80A0021044890F82C301BB91C
:109E2800034924300DF06EBF704700BFD40A0021EB
:109E3800C37C01010346064890F83C203AB190F8EB
:109E4800352022B9034900F82D3B0DF05BBF704760
:109E5800D40A0021AD9A00010A4610B5037A23B14D
:109E680040F20A311020F6F7E1FA014607230248CA
:109E7800BDE810400DF029BFE80A00211346027A18
:109E88000AB1037270470A46014601480DF01DBF2A
:109E9800D80A002101490DF03EBF00BF2B7D01010A
:109EA800014B1878704700BF110B0021014B18783F
:109EB800704700BF2E000021094AD2E90003434041
:109EC80083EAB01181EA43214FEAF34311605360FA
:109ED800044B58434FEAF06000EB8000704700BF26
:109EE800140B0021BB79379E094AD2E9000343408D
:109EF80083EAB01181EA43214FEAF34311605360CA
:109F0800044B58434FEAF06000EB8000704700BFF5
:109F180030000021BB79379E10B50A4C082109484A
:109F2800F7F7CCF8D4E900321343F7D0064CFFF723
:109F3800DBFF2060FFF7D8FF236860601843F6D086
:109F480010BD00BF30000021140B002138B5A0F16E
:109F58000B0314460D46DBB22046432B96BF0A4A34
:109F6800FE21D15C0EF095F868B965B129782729EA
:109F780007D03F2908BF3E212046BDE838400EF0F3
:109F880088B82621F8E738BDFC590201174B184A52
:109F98009A60184ADA62184A1A61184A5A61184AC5
:109FA8009A61184A1A63184A5A62184ADA64184AAF
:109FB8009A64184A9A63184B184A9A60184A1A629F
:109FC800184A5A60184A1A60184A9A62184ADA6295
:109FD800184ADA60184A9A61184A1A63184A9A6441
:109FE800184ADA64184A5A62704700BF04110021FF
:109FF800FD8101016B8501013D8501010785010195
:10A00800B9A60001E5A9000199A80001438701014B
:10A01800698701013DA80001041200211382010192
:10A02800F3860101698201012D8401018186010104
:10A03800818501019F860101678601010F88010161
:10A04800AD8701019987010109870101174B184A5A
:10A058009A60184A5A60184A1A60184A9A62184A46
:10A06800DA62184ADA60184A9A61184A1A63184A72
:10A078001A62184ADA64184A9A64184A5A62184BDB
:10A08800184A9A60184A5A62184ADA62184A1A61D3
:10A09800184A5A61184A9A61184A1A63184A9A64FF
:10A0A800184ADA64184A9A63704700BF04130021FB
:10A0B800FD8101012382010165830101A18501015F
:10A0C800FD8501012DA700010F860101E5A9000109
:10A0D8003DA80001438701016987010199A8000192
:10A0E8000414002113820101098701012D86010151
:10A0F800DD8501014D860101CDA700010F88010111
:10A10800AD87010199870101F3860101054B064AD4
:10A118009A65064ADA65064B064A9A65064A1A6639
:10A12800704700BF0411002111700101C7700101BF
:10A1380004120021336E010119710101054B064A11
:10A148009A65064A1A66064B064A9A65064ADA6509
:10A15800704700BF0413002185700101A18F000121
:10A1680004140021336E010181710101F7B5054620
:10A1780001A80F46FEF7E0FF20B94FF4AA6151206D
:10A18800F6F754F93222002101980AF099FC019C53
:10A198003F2F264606F8037F43D83F2F44D8DFE8F1
:10A1A80017F046004C006C0075008D005C015C01E6
:10A1B8009A00B3009E005C015C01A300AF00B300ED
:10A1C80043004300B7005C015C01CC00CC00E30015
:10A1D800E300EA00430043005C01EF00FC000001DB
:10A1E80004010B010D010F0111011B0125013C01A7
:10A1F8003E01430043002D01460144014300430052
:10A20800430043004300430043004300430043002E
:10A21800430043004300430048014A014300400112
:10A228004201FF2F00F00D8140F24451A7E7294673
:10A2380030460EF002F9C0B9BBE02E68D6F83032CD
:10A24800636096F834322372286890F89F3033B9E7
:10A258000DF0BDFF2B68DB881844A6F83602B6F867
:10A268003632082063721B0AA372FEF771FF0028BA
:10A2780040F0F58040F2575181E72B6893F8A82009
:10A2880052BB93F82D3102202371EEE72B6817207B
:10A29800D3F878226260D3F87C22A260B3F88022D7
:10A2A800A281D3F85822C4F80E20D3F85C22C4F84F
:10A2B8001220D3F89030C4F81630D6E72A680D205B
:10A2C800D2F8F6316360D2F8FA31A3602B68D3F87C
:10A2D8009430E360C9E72B6893F8A030D3E73146A0
:10A2E800284600F041FBA6E71123062023715923D5
:10A2F80063710023A3713923E37120232372B4E728
:10A308002B6893F89A30BEE7304600F01BFB92E7C3
:10A318002B6893F8A82052B993F8A0203AB193F883
:10A328009D20227193F89C30032063719DE793F878
:10A338009B20227193F89A30F6E72B680920B3F82E
:10A348000C212271120A6271B3F8A220A271120ABA
:10A35800E271B3F808212272120A6272B3F8A030CF
:10A36800A3721B0AE37280E72B6893F83A212271E3
:10A3780093F83B31D8E7294630460CF008FE5AE7F7
:10A388002B680F21B3F8AA00F6F758FC00F15B011F
:10A3980030460DF0E5FB232067E730460FF022FB3F
:10A3A80049E730460FF027FB45E72E4B1B68002B8B
:10A3B80043D140F24951E2E62B4BF7E72B4BF5E747
:10A3C8002B4BF3E72B4B1B68002BF2D023202A469C
:10A3D80031469847042048E7264B1B68002BE8D0F5
:10A3E8002A4631462420984705203EE7214B1B6822
:10A3F800002BDED02A4631462520F4E72B680F21B2
:10A40800B3F8AA00F6F71AFC00F17D0200F15B012F
:10A4180030460DF0B1FB2B2027E7174BC6E7174B4B
:10A42800C4E7174BC2E7174BC0E7174BBEE7174BFC
:10A43800BCE7174BBAE7174BB8E7294630469847A9
:10A44800F9E62B68304693F8C722D3F8C8120DF006
:10A4580054FB2B6893F8C702EDE6012005E703B02B
:10A46800F0BD00BF041500210C15002108150021BE
:10A478001015002114150021201500212415002194
:10A48800281500212C150021181500211C15002164
:10A4980030150021341500213F289ABF024B53F88C
:10A4A80020000020704700BF041100213F289ABFF8
:10A4B800024B53F820000020704700BF041300210E
:10A4C8003F289ABF024B53F820000020704700BF76
:10A4D800041200213F289ABF024B53F820000020A5
:10A4E800704700BF0414002130F8023CF7B5044659
:10A4F8000D46B0F8826073B101226846ADF801607C
:10A508008DF80020ADF80330FDF792FB18B19521C6
:10A518006320F5F78BFF194B1B6813B1A4F12800D2
:10A528009847174B1B680BB1304698478323002781
:10A53800A5F803602B70AF70637AD4F89C006B7138
:10A548000AF0F9FE08B9BA21E2E739463046F6F7CB
:10A558008BFB02213046F6F787FB18B9094B1B68BD
:10A5680003B198474FF40173002003F004021B0A5B
:10A5780062F3070063F30F2003B0F0BD3815002124
:10A588003C15002140150021F7B5056804464FF633
:10A59800FF77D5F8C0600DF102010DF101023046D8
:10A5A800ADF802700AF076FE01A930460AF094FE72
:10A5B80048B101980AF05CFF2168A83100220272B4
:10A5C800FFF74AFCE7E7044905F1280003B0BDE8B6
:10A5D800F0400DF09ABB00BFF1A40001F0B50446AD
:10A5E80085B00D46FF2600F8E96C10F8EA3CF3B197
:10A5F800174F3B781BB162211F20F5F717FF0C217D
:10A60800381DF6F75BFD3E70002304F8E93C8A2309
:10A618002A4602F8033BD4F80930C5F80330D4F8C9
:10A628000D305360D4F81130936005B0F0BD01A827
:10A638000C21F6F743FDA4F51573039A1A6001ABD4
:10A6480003CB44F8F20C44F8EE1C04F8EA6CDBE7A0
:10A658001C0B002110B5054C23782BB90C21201DAB
:10A66800F6F72CFDFF23237010BD00BF1C0B002143
:10A67800024690F8FE31BBB990F8FF3103F0FF01B4
:10A688000BB100207047094B18780028F9D01970D1
:10A69800D9680433C2F8941003CBC2F8F601C2F8A3
:10A6A800FA11FF2382F8FE31012070471C0B0021AC
:10A6B800036810B59A7B04461F2A2CD1002283F820
:10A6C800512083F84A2083F88222036893F85210B5
:10A6D800B3F8AA0081B1C3F8C3211049A3F8C40193
:10A6E80003F5DD7083F85220A3F8C7210DF00AFBAB
:10A6F80023680020987310BD0122A3F8B30183F8E2
:10A70800B21103F2A91083F8B911A3F8B61183F8AE
:10A71800B5210349EAE70220EDE700BFEF84010114
:10A72800D7840101026838B5D37B04460D463BB196
:10A73800132B05D0113B0F2B8CBF0120082038BDEF
:10A74800D2F8A430ABBB92F8523013B920460DF0C2
:10A75800DCFCD5F80B302268C2F8EE31D5F80F30A2
:10A76800C2F8F2312368D5F81320C3F89020B3F863
:10A77800AA20A3F8F122D5F80120C3F8F322D5F8CE
:10A788000520C3F8F7222368B5F809200025A3F8A7
:10A79800FB22236883F8B85183F8FE5120680849E2
:10A7A80000F53A700DF0AEFA236816222846DA73DF
:10A7B800C5E720460C220321BDE838400DF0CBBC8C
:10A7C800E5A50001036810B5DA7B0446202A04D009
:10A7D80040F29D211F20F5F729FE002193F8522011
:10A7E800B3F8AA0083F8511082B1C3F8C31183F8F3
:10A7F8005210A3F8C711A3F8C40103F5DD700B4983
:10A808000DF080FA23680022DA7310BD0121A3F845
:10A81800B30183F8B22103F2A91083F8B51183F8C4
:10A82800B9210349A3F8B621EAE700BFEF84010183
:10A83800D784010138B5046894F8A8501DB9E37BA2
:10A8480023B101201AE02368DB07FAD4D1F80120EC
:10A858000D4BD1F8051013400C4AC4F86230C3F30D
:10A8680007630A4043F00803C4F8662084F865309B
:10A878000DF04BFC1DB90423E373002038BD236899
:10A8880043F001032360F8E72FC904F76FDB00806A
:10A8980038B503689A7B042A34D1D1F801204C1CBE
:10A8A800D1F80550C3F86220C2F30762C3F86650B6
:10A8B80042F0080283F86520002283F84A209A7340
:10A8C800026892F8A8200AB983F83F2193F840213A
:10A8D800B2B993F88B2102F0FF008AB9B3F8AA2025
:10A8E80083F88C0103F28310A3F88D21D1F801209D
:10A8F8000549C3F88F216268C3F893210DF002FA65
:10A90800002038BD0120FCE7C9860101036893F8DF
:10A91800402112B1094B1B68184793F88B215AB98B
:10A92800B3F8AA2003F283100549A3F88D211A224F
:10A9380083F88C210DF0E6B9704700BF441500215B
:10A94800C986010110B50446FEF722FA044A054BF0
:10A95800024009200B40C4F80120C4F8053010BD9E
:10A968002FC904F76FDB008037B50C460568FEF782
:10A978000FFA0A4B0A4A03400A4095F862100093FE
:10A988000B4001928DF800306B4603CBC4F80100F0
:10A998000920C4F8051003B030BD00BF2FC904F763
:10A9A8006FDB008038B5DB04154604D5037D13B191
:10A9B8000023436338BD446B013444630DF002FF48
:10A9C800836B9C42F6D30023034943632846BDE8C2
:10A9D80038400DF0A0B900BF3787010170B5046891
:10A9E8000546A37B94F8A860012B07D01EB9E37B2A
:10A9F80023B1012038E023689807FAD494F853303B
:10AA08009A0713D44A78D80784F85D204A88A4F8AE
:10AA18005E208A88A4F8602043F0020284F853205C
:10AA28000FD5164904F154000DF075F994F8533018
:10AA3800D90710D4CEB9E37B43B153214020F5F7B1
:10AA4800F5FC94F83E31002BEBD1EFE70123E373DB
:10AA580028460DF05AFBA37B0020012B4FF0000382
:10AA680004BFA37384F84A3070BD23689A0701D5E0
:10AA78005821E3E743F002032360E9E7ED8701018A
:10AA880070B50568044605F0F9FA054B0146E87209
:10AA98001B681BB12046BDE87040184770BD00BF59
:10AAA8004C150021024B1B6803B11847704700BFC3
:10AAB80048150021F0B51F4D00242B7814709BB168
:10AAC800013B6D68DBB21E1B012E0FDC05EBC406D3
:10AAD80055F8347076688E4208BF874227D0B8424E
:10AAE80071EB060612D214700020F0BD1E19771003
:10AAF800C6F3470655F837C005EBC70E8445DEF8A0
:10AB080004708F412CBF33463446DCE705EBC304A1
:10AB180055F8335064688C4208BF854206D0A84275
:10AB280071EB040428BF01331370DDE71C460120D4
:10AB38001470DAE73C0B002110F0070208B503D0C7
:10AB480063214820F5F772FC18B1034B197258605D
:10AB58001A70C80008BD00BF3C0B0021014B002241
:10AB68001A7070473C0B0021014B187A704700BFE0
:10AB78003C0B00212DE9D3430DF06DFE0DF10702CA
:10AB880007460E46FFF796FF90B90F4C2378227AB6
:10AB98009A420ED0626819469DF807E002EBC3009E
:10ABA8008E4509D302EBCE020133C2E90076237049
:10ABB800012002B0BDE8D08350E90289013960E87C
:10ABC8000289C9B2ECE700BF3C0B002137B50DF094
:10ABD80042FE0DF10702FFF76DFF58B10A499DF8D3
:10ABE80007300A78013AD2B20A70496801EBC3010A
:10ABF8009A4201D803B030BDD1E902450133E1E8FA
:10AC08000245DBB2F4E700BF3C0B0021014B0022F8
:10AC18001A6070474C0B002108B5044B186810B92E
:10AC2800FFF7F4FF08BD0C20FCE700BF4C0B002128
:10AC3800024B1879003818BF012070474C0B0021CF
:10AC480013B5CDE90012054BFF225A7100F110032C
:10AC5800DDE9000183E8030002B010BD4C0B0021C0
:10AC6800C3693BB983692BB9034B1B681B1A58424C
:10AC780058417047012070474C0B002130B50D4AF0
:10AC8800FF231371D0E9065373B1D0E902149D6113
:10AC98000C44D9682144D960816939B1CB6100235A
:10ACA800C0E90633137130BD1560F5E7002BF6D007
:10ACB800D960F4E74C0B002110B5124AFF23137139
:10ACC800C16189B91368836103B1D8611060002339
:10ACD800C169C36099B1CB687BB18468A3420AD2C9
:10ACE80030213720F5F7A2FB8B6988618361002B3F
:10ACF800EDD0D861EBE71B1BC3600023CB600023BA
:10AD0800137110BD4C0B0021014B1868704700BF30
:10AD18004C0B0021034B00201B6803B970471846F1
:10AD28009B69FAE74C0B00210B4B002230B51B68DE
:10AD380004464FF0FF35104623B911B9002808BF63
:10AD4800104630BDDA68A24203D3AA423CBF15467A
:10AD580018461A469B69EFE74C0B002170B50F4C5B
:10AD6800FF232371036A1BB181689D68A94203D23E
:10AD7800E5213720F5F75AFBC2698669DA619E61D9
:10AD880052B193619A691AB1D361C26811444A1BDE
:10AD9800DA600023237170BD2360F3E74C0B0021B8
:10ADA800F8B54FF0000C0446284E084686F805C052
:10ADB800002135680B4685B97579002DF6D15BB150
:10ADC800984225D3013CB0FBF3F11C4403FB01F589
:10ADD800B4FBF3F48C420ED9F8BD2F690BB19F4236
:10ADE80007D23B4627B94FF4A3713720F5F71EFB6E
:10ADF800A98AAD69DFE7B5FBF3F603FB165626B95A
:10AE0800B5FBF2F602FB1656DEB10139ED1AE1E7A1
:10AE1800451E1D44B3FBF4F4B5FBF0F5AC42DBD39F
:10AE2800B3FBF5F605FB16374FB9B6FBF2F702FB95
:10AE3800176727B9B6FBF1F701FB17671FB1013593
:10AE4800ECE72846C8E73046C6E700BF4C0B0021B0
:10AE5800FF23084A0B700D234B7082238B701368F5
:10AE6800C1F803305368C1F807309368C1F80B3054
:10AE7800704700BF520B002116220021014809F03B
:10AE88001FBE00BF520B0021F8B51C4D04466B7D58
:10AE98009BB390F8A83023BBD0E976760DF032FD4D
:10AEA80094F82021164B913033F812304FF47A720F
:10AEB80003F23F63B3FBF2F3DB19B4F8AA2046F1BF
:10AEC80000061B182A8046F100066B60AE60E38816
:10AED80005F10C0002220B496B80BDE8F840FEF733
:10AEE800CDBF4B0609D5B0F8AA302B80D0F8783200
:10AEF8006B60D0F87C32AB60E9E7F8BD520B0021FB
:10AF0800785B020159AE0001094B53F8203003F574
:10AF1800234370B5A13316464FF47A720C46B3FB3F
:10AF2800F2F5344406F002FC2C44204470BD00BF06
:10AF3800645B02012DE9F04F98468BB0002304466C
:10AF48000F460392069390F821B10BF0C3FE064614
:10AF580094F82B01FEF726FD06440DF0D3FCE37BA5
:10AF680000F18605B6B2472B47D00D2B45D094F893
:10AF78000E90A9F14701D1F1000949EB0109039BA2
:10AF8800002B40F08580637B032B40F08180B9F172
:10AF9800000F6AD0B4F8D032BB4266D1D4F8183268
:10AFA8002046B4F8EC21C4F80832D4F8C830C4F804
:10AFB8000C32B4F88A321344C4F8103203F0B2FCED
:10AFC80094F829A1BAF1000F09D0D4F8D82241F693
:10AFD8004B539A428CBF4FF0000A4FF0010A94F885
:10AFE800E4326BB9D4F8C820D4F8D8329A4221D0C8
:10AFF800B4F8AA000EF015FD1CE04FF00109BEE7F9
:10B00800B4F8AA000EF00AFD20B940F242713020CF
:10B01800F5F70CFAB4F8E0324FF0000AA4F8DE3085
:10B02800B4F8E2328381B4F8D032A0F80EA043819C
:10B03800013B038294F82A31002B4ED1BAF1000F5C
:10B048004ED1D4F8D43284F82AA1C4F8D830B4F850
:10B05800D232A4F8DC30D4F8D832C4F8C830D4F8E6
:10B06800DC32C4F8D03002236373A17B292946D08F
:10B07800A1F12C0251425141E27B292A00D039B179
:10B08800B4F8D032FB1A1B0402D4204602F086FE24
:10B09800B4F888A204F5167394F82101A7EB0A0AFC
:10B0A8000293E3880FFA8AFAFB1ABAF1000F0FFA33
:10B0B80083FC26DAE246D4E99C23C4E9A0230023D2
:10B0C80084F82B320123627B032A00F2B681DFE881
:10B0D80012F01A002B0171004F01BAF1000F07D0CE
:10B0E8004FF04D13C4F8E0300023A4F8E430A8E78B
:10B0F8004FF09613A4F8E4A0C4F8E030A1E70121CA
:10B10800BAE74346DFE7014694F8E5010CF031F968
:10B118008246D4F8D8003146504407F0ADF931469C
:10B12800C4F81402D4F8C80007F0A6F907A9C4F8AF
:10B13800180208A806F0B0F9079B0093DDE9082378
:10B14800D4E9A00107F05EFA064604F1A8000DF064
:10B15800FEFBD4F88C3294F82101D4F8D8B00693C9
:10B1680006F0ECFA069B00F52340D4F814124FF4CD
:10B178007A72203BA1305B445B1A30315B1BB0FB19
:10B18800F2F053442A469B1B1B1A94F8210106939C
:10B19800B4F8DC3003EB4101FFF7B6FED4F88C229B
:10B1A800069B22309B1AC4F81C02F52B5CD840F28F
:10B1B800C7412CE7D4F8D8303146D4F80C021844EB
:10B1C80007F05AF93146C4F81402D4F8C80007F059
:10B1D80053F9C4F8180204F1A8000DF0B8FBD4F82C
:10B1E800D830D4F80C621E44B4F8EC31002B40F08F
:10B1F8009780B8F1000F00F0938094F8210106F0D1
:10B208009DFAD4F81412D4F8783200F52340761A4F
:10B2180094F82121A130203E1E44A24B53F822204D
:10B228004FF47A7302F2E732D4E99CABB2FBF3F243
:10B23800A6EB0A06B0FBF3F01644761B361AD4F8D0
:10B248000832D4F8102294F8210102FB0311B4F853
:10B25800DC302A460696303103EB4101FFF754FEF5
:10B268000123C4F81C026373D4F8C83004F1E80061
:10B27800D4F81822A03B06999B1A5D1BD4F81C32FF
:10B288009D4228BF1D46002384F85832C4F8E8516F
:10B29800D4E9A0325B1842F10002C4E99A320CF0FA
:10B2A8006FFD04232844A4F8887284F86132C4F836
:10B2B8005C02D4E99A23C4E9A02302F085FE20B1F8
:10B2C800D4F85C321E33C4F85C32B4F8D831DB1BD6
:10B2D8001BB2002BD4BF00220122520084F8602246
:10B2E800B9F1000F40F0AC80B8F1000F40F0AB802E
:10B2F800637B002B00F0C380D4F8C81004F51670E7
:10B30800D4F81832C91A0BF0BAFF80B2002800F03E
:10B31800B680149B03B1188001200BB0BDE8F08FF4
:10B32800D4F81412761A8AE7D4F81822D4F8C83058
:10B33800D4F810129B1AD4F808620AFB03F3069398
:10B34800B4F8EC319C44D4F81432ACEB010C303333
:10B358000CF1FF3C06FB0133B4F8DC1002FB0C33A4
:10B368002A4601EB4301FFF7CFFDC4F81C027BE737
:10B37800D4F8C82002FB0AF20692B8F1000F1CD0DC
:10B38800B4F8EC11C9B984F82B12D4F8181201FBDF
:10B398001A2EB4F8ECA10291CDF818E06BB3BAF10B
:10B3A800000F2AD1D4E99E61D4E99C23B24273EB01
:10B3B800010108D340F20E5129E694F82B12002916
:10B3C8007FF452AFE1E7374B203E53F82B104FF490
:10B3D8007A7BD4E99C23CDE9042301F2E73301F514
:10B3E8002341049AA131B61AB3FBFBF3B1FBFBF17D
:10B3F8001E44761A761B76440696029BE2442A4639
:10B4080003FB0AFA0AF1300A4FEA4A0A5146FFF7E3
:10B418007BFD41F64B53C4F81C02D4F8C80098428F
:10B428003FF622AF06AB2A465146009304F5077350
:10B438000BF0BBFF84F82B0216E740F22651E6E535
:10B44800B8F1000F1BD0B4F8000210B3B4F8021220
:10B4580094F804224D1CA4F8021201FB0222904227
:10B468000DDD002B0BDD0023A4F8025284F86032B6
:10B47800FEF722FD00F00700013084F8040204F50D
:10B48800167104F50C7008F0E9F920B940F276510C
:10B49800BDE50146DCE7039B83F0010384F828320D
:10B4A80000203AE7645B0201F0B5044685B018B99C
:10B4B800A5213020F4F7BAFF052900F2CB80DFE898
:10B4C80001F003C42A25C9BF90F82832C288A3B165
:10B4D800B0F82632934208BFB0F8DC319A1AA0F8C7
:10B4E800DE21E3802046D4E99A23C4E99C2302F0B4
:10B4F800BDFC94F84C3005B0F0BDB0F824329B1A6E
:10B50800A0F8DE31B0F824329BB2EAE705B0BDE816
:10B51800F04005F0CDBF07F06BF8D4E99C23801A02
:10B5280061EB0301012871F1000302DA40F20161C5
:10B53800BFE76FF0010383424FF000038B4102DA4B
:10B5480040F20261B5E7D4F8C8300BB1B0FBF3F3B1
:10B55800E07BB4F8262247280ED0A17B4639012982
:10B568000AD90D2808D0E1880B449BB2D11A0D04E2
:10B5780043D501339BB242E00132A4F82622B4F845
:10B588008A3203AEE5880133334FA4F88A32B4F81F
:10B5980042301D44B4F84030013DED1AADB23B686D
:10B5A8005BB1B4F8261200222046013989B29847C7
:10B5B800B4F826321844A4F82602B4F826126B1AF6
:10B5C80018042CD40023204600961A46FFF7B2FC34
:10B5D800012890D1B4F82622B4F8D811BDF80C305F
:10B5E8001344521A12049BB204D5EA1A12F4004FFB
:10B5F80018BF0B46A4F82632D1E7013293B2A4F85B
:10B60800263294F82932002BB9D1B4F8DC31B4F8D9
:10B618002622934204BF0133A4F82632AFE7A37C65
:10B6280030460394002B14BF08233E2384F831309E
:10B63800FEF7AAFF20460EF011F8002363735AE7BD
:10B6480005B0BDE8F040F6F7B9BC437B042BF4D055
:10B65800C6212EE7CB212CE7501500212DE9F84310
:10B668000E46044618B9D3213020F4F7DFFE052929
:10B6780000F2A780DFE801F00376413DA52E07F030
:10B6880005F9C4E95001204602F07EF8D4F83401E7
:10B69800DC3806F0AFFF20460DF0A1FD054600BBE3
:10B6A800014620460DF026FC00F1F606D4F83401D8
:10B6B800B04209D2301A0321402838BF402007F091
:10B6C800B5F860B106F09AFFC4F8346120460DF071
:10B6D800BFFD45B12046BDE8F8430DF0BABD0125D0
:10B6E800F2E70025F2E7D4E95023C4E94A23BDE88C
:10B6F800F883BDE8F84305F0DBBE0DF03CFC0423FD
:10B708008146884684F8393106F072FF07220F46D1
:10B71800A9FB023102FB0811D4E94A525B1941EB3B
:10B728000205D4F810213AB159EA080204D0984227
:10B7380077EB050228BF012684F83861D4E9522640
:10B74800121A66EB070694F8581139B9012A76F1EE
:10B7580000010BDA204602F01FF803E0012A76F117
:10B768000006F7DB002384F85031C0E7984277EBF6
:10B7780005010FD259EA08080CD01B1A65EB07011E
:10B788009A4276EB010005DB012B71F10000A4BFA2
:10B798001A460E460C49012304F1E800914284F848
:10B7A80051314FF0000384F83031B341B8BF0A4635
:10B7B80004F5987108F0E4F8002898D140F2B261D5
:10B7C80052E7EF2150E700BF0040420F2DE9F84350
:10B7D80004460E46154690F8503103F0FF07002B3B
:10B7E80040F0948000F1E80839467822404609F094
:10B7F80067F922464649404608F026F8C4F8106121
:10B80800FF2384F8503166B1FEF76EFB00F00700A5
:10B8180032464049013086F8040206F50C7008F0FB
:10B8280013F840F202434FF00009A4F8383184F8C5
:10B83800309106F067FE00F1BC0620460DF0CFFC03
:10B848000146B6B2C0B30BF045FA00F1280128460C
:10B8580089B206F011FE2844F63DC4F8340106F01A
:10B86800C7FE3018A4F8269041F10001C4E9500140
:10B87800012084F814010DF0BFFD2D1AC4F81851E9
:10B888004FF0FF356FF000414046D4E95023C4E93A
:10B898005251002504F59871C4E94823C4E94A23A4
:10B8A80084F8515142F2107208F06AF838BB40F23D
:10B8B800B9113020F4F7BAFD2046DFF85C900DF09E
:10B8C80019FBF630C4F83401B9F8000048B1E08C2F
:10B8D80038B1FEF709FBB9F80030B0FBF3F202FB10
:10B8E8001300064406F084FE361841F10001C4E94D
:10B8F8005061002DC4D0AD1941F10001C4E72946BB
:10B9080020460DF0A8FC3846BDE8F8830C27FAE776
:10B9180065B60001B1B40001680B0021F0B5002341
:10B9280085B0CDE9003303238DF806306846F5F776
:10B93800BFF988B10123114EB3700023CDE902335A
:10B9480002238DF80E3002A8F5F7B2F9044638B193
:10B958000023B37005B0F0BD00980DF04EF8E5E790
:10B96800029D6B7B002BEED005F50C77384606F070
:10B97800F7FE384606F008FF6C73E4E7680B002111
:10B98800044B0022DA709A7042F210721A80FFF7A4
:10B99800C5BF00BF680B0021014BD870704700BFBE
:10B9A800680B002108B504F0B5FF044B5A688242C1
:10B9B8002ABF9878002080F0010008BD680B00219C
:10B9C800F0B5044685B090F84C3003F0FF05002B25
:10B9D80068D1437B032B65D106F00AFED4E99C238A
:10B9E800801A61EB0301012871F100035ADB6FF043
:10B9F8000103834275EB010104DA40F2AA513020B9
:10BA0800F4F714FDD4F8C820E3880AB1B0FBF2F2C9
:10BA1800013313449BB2A4F82432B4F8DC31B4F8EF
:10BA280024229B1A1BB2002B3CDD04F50C7006F097
:10BA380097FE002836D0FF2384F82932B4F8423024
:10BA48000DF10E07E588184E1D44B4F84030013D4D
:10BA5800ED1AADB2336863B1B4F82412002220465F
:10BA6800013989B29847B4F82432184480B2A4F84E
:10BA78002402B4F82432EB1A1B0413D4B4F82412A9
:10BA880000230122204689B20097FFF753FA0128C4
:10BA980008D1B4F82432BDF80E2013449BB2A4F8A0
:10BAA8002432D7E705B0F0BD501500212DE9F74342
:10BAB8000446062900F2A180DFE801F004251422DB
:10BAC800282D99004E4B9B7803F0FF0253B9009242
:10BAD8000123B0F8DC11FFF72DFA28B140F2CE614E
:10BAE80030202AE00423637305F032FA07F098FE49
:10BAF8000023E288A4F88A32A4F8262284F829329E
:10BB080003B0BDE8F08303234373F9E704F038FF7B
:10BB1800C4E99E01F4E700F1A8081121B0F8AA00D1
:10BB2800F5F78CF8002860D094F82131022B5AD010
:10BB380005D8012B08D0DC21B420F4F777FC033BAF
:10BB4800012BF8D81E3000E00A30858894F82101CE
:10BB5800DFF8AC90C31E012B8CBF002728270CF000
:10BB6800DFFE7830D4F81822FE37A84234BF2B1AEB
:10BB78000023D4F8C85099188D428ABFAD1A002501
:10BB8800ED1A99F8033023B9D4F8E8309D4228BF5C
:10BB98001D46D4F8E86104F1E8000CF0F1F8064419
:10BBA800022006F017FE0221AD1B25EAE575854245
:10BBB80028BF0546284606F039FE10B12E4406F087
:10BBC8001DFD01233A46314640460CF0DEF9D4F813
:10BBD800E831C9F80400D4F8C800184403B0BDE837
:10BBE800F04306F007BD1430AFE79625AEE7A8305E
:10BBF80003B0BDE8F0430CF0AABE40F29C716FE7B9
:10BC0800680B0021014B1880704700BF680B0021AA
:10BC1800044B1A78012AD0B203D01878831E5842F0
:10BC280058417047700B00210C4B4FF47A7233F86F
:10BC38001130023903F2E733C9B2B3FBF2F3022938
:10BC480000F1FF3210B54FEAC21296BF044CF02142
:10BC580034F81110134400FB013010BD785B020169
:10BC6800405A0201D928F0B5054628BFD925BDF8A4
:10BC780014600446303501F5A57006F00207ADB230
:10BC8800FF2D28BFFF2516F0010621D10FBB002B81
:10BC980000F0C580911EC9B2022996BF7B4D40F6BF
:10BCA800480135F811100844D92C7FD9D93C951E84
:10BCB800F721A4B2EDB2002B00F0CF80F634022DAC
:10BCC800B4FBF1F400F2C680714B33F815306BE029
:10BCD800EFB1911EC9B2022997BF6E4D4FF414718E
:10BCE80005EB4101C9880144D01E012837D801F667
:10BCF80014409830002E3BD0023AD2B2022A97BFA5
:10BD0800644BC02303EB42035B8A18444EE053B1F3
:10BD1800911EC9B2022997BF5E4D40F6480105EB56
:10BD280041018989DFE7032A05D1691D89B28901A3
:10BD380001F5C871D7E7042A05D1691D89B209013F
:10BD480001F5BF71CFE7022A0BBF05F10B0105F121
:10BD58000A0189B289B20CBF8900C900C3E7022A67
:10BD680001F19C0114BF4FF4B070B4200844C0E73F
:10BD7800EBB1911EC9B2022996BF474D40F6480162
:10BD880035F81110D92C084410D9D93C951EF72143
:10BD9800A4B2EDB24BB3F634022DB4FBF1F459D88A
:10BDA8003C4B03EB45031B8B03FB0400F0BDF12C5C
:10BDB800214628BFF121032A05D1133189B289010F
:10BDC80001F5C871DEE7042A05D1133189B20901EA
:10BDD80001F5BF71D6E7022A0BBF1931183189B2B4
:10BDE80089B20CBF8900C900CCE7B4FBF1F3022D7E
:10BDF800DBB239D8294931F8151001FB0300C3EB30
:10BE08004311C3EBC103E41AA3B2002BCED008330D
:10BE1800032A9BB22BD19B0103F21A4375E7032A2D
:10BE280006D10535ADB2AD0105F5C87528443BE727
:10BE3800042A05D10535ADB22D0105F5BF75F5E725
:10BE4800022A0BBF0B350A35ADB2ADB20CBFAD003F
:10BE5800ED00EBE740F69213A6E7B4FBF1F3022DF1
:10BE6800DBB201D80E49C6E740F69211C5E7042AAD
:10BE780003D11B0103F5467347E7022A0BBF9B005A
:10BE8800DB0003F5BB7303F5CD733EE74C5A0201A3
:10BE9800585A0201405A02014C5A0201585A0201EA
:10BEA800585A0201294B5A6A10B5D2F80F30C0F817
:10BEB800CC30537D117D1B0443EA0123D17C0B4315
:10BEC8006FF45061C0F8D430B2F819305918062907
:10BED8008DBF40F2E241A3F550634FF47A714B43B2
:10BEE8008EBF00214B430121C0F8C83080F82A11C9
:10BEF800937DF9B103EB830303EB83039B00A0F865
:10BF0800DC30B2F81730F1B164214B43C0F8D830B7
:10BF1800B2F81B30A0F8D030B2F81D30A0F8D230FB
:10BF280092F8243003F01F025B0980F8232080F880
:10BF38002B3110BDC3EB431403EB840303EB8303E2
:10BF48005B009BB2DBE740F2E241DEE7700B0021C9
:10BF5800032937B5144617D19B0103F5347341798A
:10BF680090F844500139C9B203291AD8194A0A4429
:10BF7800907FE201CA3203FB0422174B9A4215D97B
:10BF880040F296712D200FE0042903D11B0103F51F
:10BF9800E773E4E702290BBF0B330A339B00DB008E
:10BFA800DDE740F24E310620F4F740FA1E23B2FBDB
:10BFB800F3F205F03F03110AD2B241EA401143F00F
:10BFC8004003002063F3070062F30F2061F317407A
:10BFD80003B030BD405A0201C3BF03000346074AFD
:10BFE800506AD3F86920C0F80320B3F86D20A0F890
:10BFF800072093F868100BF088BB00BF700B002176
:10C00800D0F8803073B50BB101221A604388DB0782
:10C0180027D50023144E056ACDE9003302238DF895
:10C028000630FF2333776846F4F742FEC8B9009C10
:10C03800A542F8D005F1B40395F8B32004F1B40192
:10C0480094F8B3000BF0A9F80028ECD094F8AC30C1
:10C05800B4F8B1203377D4F8AD30C6F81D30034BAF
:10C068009A8002B070BD00BF700B00218D0B0021BB
:10C0780038B5084D044600F169010623686A0022B4
:10C088000BF025FC94F86810686ABDE838400BF09E
:10C098003CBB00BF700B002107B50DF09CFC8DF870
:10C0A80007000548012306220DF10701406A0BF03D
:10C0B8000EFC03B05DF804FB700B0021034B5869BC
:10C0C80010B140300CF0DDBB704700BF700B002191
:10C0D800034B986910B140300CF0D3BB704700BFD8
:10C0E800700B002170B504460E461346407F6588E4
:10C0F800324615F0040118BF04F17701FDF72EFB55
:10C108004107054621D4C2070BD50123607F84F877
:10C118006830FDF7F5FB0368C4F869308388A4F834
:10C128006D30AB0701D4012070BD094B0121586A5D
:10C13800D4F8773084F87610C0F80930B4F87B303A
:10C14800A0F80D300BF0EAFAEDE70020ECE700BFAD
:10C15800700B002110B50446084694F8D8306BBB24
:10C168002378082904F1DB0284F8D93016D004F1C9
:10C17800DA01FDF79BFA20B94FF477612D20F4F727
:10C1880055F994F8DA3043F0020384F8DA3004F110
:10C19800D0000B49BDE810400BF0B4BD094B586AFC
:10C1A800034613F8031BC1F3801184F8DA10D0F8A2
:10C1B8000310C4F8DB109B889380E8E710BD00BF2C
:10C1C800ED8B0101700B002170B504460E46154633
:10C1D800FCF7A0FD98B92378A4F8C16084F8C030B2
:10C1E800637C84F8BF500BB194F8483004F1B60072
:10C1F80084F8C3300249BDE870400BF083BD70BDC0
:10C20800EF8D010110B504460E498C300BF07AFD14
:10C218000D4904F1C4000BF075FD94F89520B4F8AD
:10C2280096102046FFF7D0FF084B00221A70084BE3
:10C238001B682BB12146206A0222BDE8104018472E
:10C2480010BD00BF578C0101D78B0101700B002175
:10C258005815002138B5B0F8483004461A4D013356
:10C26800C3F30E03A0F848302B7B2BB105F048F838
:10C2780003F090FF00232B7300232B7094F8893070
:10C288002BB101212046BDE838400CF018BC637C76
:10C29800BBB1B4F848209A4213D3012120460CF0D0
:10C2A8000EFC63882046DB0747BF236A43224322EC
:10C2B8004FF6FF7148BFB3F8AA10BDE83840FFF742
:10C2C80083BF0021DEE700BF700B002110B5FFF728
:10C2D8009FFC064C28B1237B1BB105F011F803F035
:10C2E80059FFA06ABDE81040FFF7B4BF700B0021EA
:10C2F8002DE9F0410746FFF78BFC054620B940F6CB
:10C3080082412D20F4F792F8214CA26A166A0EB1E8
:10C3180096F829611FB3616A02F1690392F86820EF
:10C3280011F8097BF8090AF038FFC0B13146606A94
:10C338000BF01CFA98B1A56AFFF76AFC10B940F631
:10C348005C41DEE723782846E26A07F00F0103F133
:10C3580080435269013B52F8233098470546237BB6
:10C368001BB104F0CDFF03F015FF7DB1A06A0CF0FE
:10C378005FFB30B104F05EFDE36ABDE8F0419B6805
:10C388001847A06ABDE8F041FFF764BFBDE8F08137
:10C39800700B00210346074A906A03B909B9FFF7F1
:10C3A80059BF1378D26A03F180431269033B52F8EC
:10C3B80023301847700B002103292DE9F043054667
:10C3C80085B0174607D14388980723D40024204610
:10C3D80005B0BDE8F083428890F88830D107DBB219
:10C3E800F4D5002BF2D14FF00108DFF8D49099F87A
:10C3F8000C60C6B10AF015FF0828387016D002AADA
:10C408000DF10701FDF752F938B940F6F7612D2013
:10C41800F4F70CF84FF00208E7E702A99DF80700C7
:10C428000CF025FA06463B78082B08D1D9F82410D9
:10C4380011F8030BC0F380100CF019FA0646D9F86E
:10C44800241005F1700395F86F2011F8030BC0F361
:10C4580080100AF0A2FED9F82410044611F8030B44
:10C46800C0F380100AF0D3FE8146FDF75BFA40B1B5
:10C47800B9F1080F1BD04846FDF71AF880F0010300
:10C48800D8B23A78082A14D01CB96C7FA21A544240
:10C4980054416A8853079AD4002897D176B9EC7C1E
:10C4A800444518BF002C0CBF012400248FE700204E
:10C4B800E7E780F001022240D4B2EAE7344686E793
:10C4C800700B00212DE9FF4108230DF1070205211A
:10C4D80004468DF80730FFF76FFF054620B90025A1
:10C4E800284604B0BDE8F081FAF7CEFF06460028DA
:10C4F800F5D1344F0DF10808216A7A6A91F817C00E
:10C50800104610F8033BC3F3401303EA0C03CB7542
:10C51800D2F80330C1F8AD308388A1F8B1301146A4
:10C52800D4F820C011F81F3BC3F380138CF8AC304B
:10C53800D2F81F000B79029060468DF80C30FFF797
:10C54800B1FC434694F912200121206A0CF0C1FB8A
:10C55800216A84F895602046B1F8AA309DF8072032
:10C56800A4F89630FF2384F8B3304FF6FF73A4F88D
:10C57800B4300CF0D9FB144904F18C000BF0C2FB69
:10C58800FCF7C8FB60B9236A04F1C4000F49B3F88B
:10C59800AA20A4F8CD20DB7D84F8CF300BF0B2FBC5
:10C5A800236A00222046B3F8AA10FFF70DFE084BB5
:10C5B80000221B683A70002B92D02146206A9847C7
:10C5C8008EE700BF700B0021578C0101D78B01014A
:10C5D80058150021032973B5044604D0052927D02E
:10C5E800012002B070BD08230DF107028DF8073055
:10C5F800FFF7E2FE0028F3D0237C23B19DF8071053
:10C608002046FFF7A7FD0F4D0622042620466B6A39
:10C618005A701E70FFF7E2FC686A94F85C20A16DFE
:10C628000BF095F8686A2E7004F07EFD0020D8E7BC
:10C63800054B1B68002BF9D0984780F00100C0B269
:10C64800CFE700BF700B002154150021F8B5044650
:10C658000F4619B300F1300528460CF077FEA0B953
:10C6680063881A072ED528460CF085FE064628460C
:10C678000CF06CFE301AC0B20CF0BEFE474A53688C
:10C688000344284653600CF040FE28460CF042FE56
:10C6980004F082FA2179252004F096F93F4E002310
:10C6A80094F87620706A037043706388103B0D2BF2
:10C6B80064D8DFE803F05F635B0C63406363636324
:10C6C800636363402046BDE8F840FFF7C3BD062317
:10C6D8004370202303702046FFF780FC638823F013
:10C6E80008039BB2152B05D094F85420216D706A6D
:10C6F8000BF01EF8706A04F017FD0323217900205F
:10C70800337004F05FFA054607B9B06063881B0709
:10C7180004D50CF06EFE0544C4F81C516388103B28
:10C728000D2B36D8DFE803F038352F2F352F353568
:10C7380035353535352F0C2321214370034603F851
:10C74800091B52B1D4F877200121C0F80920B4F8A8
:10C758007B209A800AF0E2FFBDE7226FC0F809202B
:10C76800B4F874209A8094F86F10F3E706230370E6
:10C778004370B0E7022303700623F9E740F25961DA
:10C788002D20F3F753FE21790120BDE8F84004F08D
:10C79800E1BD40F6F541F3E7F8BD00BF700B00219D
:10C7A80038B543880446102B04D10121BDE8384030
:10C7B800FFF74CBF0B4D2B7B23B103F0CFFC402080
:10C7C80004F092FD686A04F0AFFC608810F0040081
:10C7D80002D1217904F0BEFD002004F03FFD0123C1
:10C7E8002B7038BD700B0021024B0121986AFFF7AE
:10C7F8002DBF00BF700B002103292DE9F34104462A
:10C8080004D005297CD0FFF725FD75E008230DF13C
:10C8180003028DF80330FFF7CFFD00286ED0237C8C
:10C8280023B19DF803102046FFF794FCB4F802806A
:10C838000123394E1F464FEA9812706AC8F38018D0
:10C8480062F3861707224370027000223946C270CD
:10C858000BF063F82046FFF70BFC706A0BF0C8F882
:10C86800B4F85C30C0F1FE05AB42B4BFDDB2EDB246
:10C87800AB4228D947F010070022706A033D3946B9
:10C888000BF04BF8736AEDB22046D97801F03F01FE
:10C8980001312944C9B20CF00EFA0422C0F307236F
:10C8A8008DF80400C0F307400DEB02018DF8053048
:10C8B80003238DF80600706A0BF009F80022394648
:10C8C800706A0BF02AF8B8F1000F06D094F912201C
:10C8D80094F844106079FFF7DFFB2A46A16D706A6F
:10C8E8000BF04FF8FF20F581617904F06DF807230C
:10C8F800706A337004F018FC002009E0204682E7D3
:10C90800064B1B68002BF7D0984780F00100C0B297
:10C9180002B0BDE8F08100BF700B00215C1500215A
:10C9280010B5144C237B1BB104F0EAFC03F032FC75
:10C93800A06A0CF07DF8A16A18B14B8803F01803BF
:10C9480023B90846BDE81040FFF784BCFFF760F93B
:10C9580020B940F686312D20F3F768FD2378084684
:10C96800E26A03F18043D268013BBDE8104052F807
:10C9780023301847700B00212DE9F04FB0F802A0C2
:10C988008BB0154606461AF003020AF0020302911C
:10C9980001920AF004021CD01AF0010F05D043B12D
:10C9A80040F286612D20F3F741FD002BF8D00227D5
:10C9B80010E01FFA82F9002A00F0A9800127002D53
:10C9C80000F0F7804FF000094FF0010BC846012135
:10C9D8000DE0019F92B2002B5BD0002AEFD1002D11
:10C9E80000F0E780914690464FF0010B1146012474
:10C9F8001AF0400A04D0002D00F0E9804FF0010A37
:10CA080044EA410400220121072044EACB04DFF86C
:10CA180034B244EA0814DBF8243044EA49145A7062
:10CA2800187044EA8A14597004F07B04A146002D5A
:10CA380040F0F080DD700023DBF8240021460193EC
:10CA4800C378019A03F03F0343EA8713E7B2C37040
:10CA58000AF063FFE30702D53046FFF709FBB80782
:10CA680010D5029BDBF82400002B00F0E28006F1D1
:10CA78007701062301220AF02AFF0121DBF82400AE
:10CA88000AF04CFE0023002B00F0DE8040F669011E
:10CA980088E70AF02008002A4AD125BBB6F85420B6
:10CAA8008AB1B8F1000F40F0848034794FF0000962
:10CAB8004FF00108033C012C94BF002401244FF0DF
:10CAC800010B494694E7B8F1000F72D1FFF7F6FA67
:10CAD8000028EAD1FFF7FCFA01460028E5D1A9466B
:10CAE800A846AB4683E7FFF7E9FA814610B9FFF796
:10CAF800EFFA8146B8F1000F62D134794FF0010B9B
:10CB08004146033C012C8CBF0024012470E70479C2
:10CB180045B9A21E0127A94629465442B846BB4634
:10CB2800544165E7023C2F46C84618BF0124C6E7B2
:10CB38004DBBB6F85420AAB1B8F1000F21D1347911
:10CB4800033C012C94BF0024012431794FF00009E3
:10CB58004FF001080339012994BF002101214FF04A
:10CB6800010B45E7B8F1000F0BD1FFF7A7FA002832
:10CB7800E5D1FFF7ADFA83460028E0D1A946A846DB
:10CB880025E72C46E1E7FFF799FA814610B9FFF748
:10CB98009FFA81463179033901298CBF002101218F
:10CBA800B8F1000F14BF002401F001044FF0000891
:10CBB800D5E74FF00108A94629462C46C34617E792
:10CBC8004FF000084FF0010B4146444610E7B6F815
:10CBD800540058B196F804A0AAF1030ABAF1010F5B
:10CBE80094BF4FF0000A4FF0010A09E7708800F07F
:10CBF80023000028EED10391FFF760FA039900287B
:10CC0800E8D1FFF765FA03990028E3D1019B002BCF
:10CC1800E0D1F3E6DA70FFF75BFA00283FF40BAFD8
:10CC2800DBF8183093F8E530002B3FF404AF0A2303
:10CC380002E706F17001062301220AF048FE96F881
:10CC48006F101BE7700B002139071AD5726C05A904
:10CC58008DF81530C2F30B22BDF81430DBF8240030
:10CC680062F30B0396F84620ADF814301209C3F3AB
:10CC7800072362F3071303228DF8153002230AF005
:10CC880026FEBA0640F1B380D6F84031DBF818200A
:10CC9800D6F844710393002A56D09046D8F88830C5
:10CCA800D8F88CA00293FFF713FA80B1DBF818309C
:10CCB80093F8E5305BB108F140000CF085FE30B91F
:10CCC800029AD8F898309B184AF1000A029398F80B
:10CCD80010C09F4BDBF8100033F81C304FF47A7CFF
:10CCE800D0F1900E039A03F2E7339DF81510B3FBC9
:10CCF800FCF36CEB0C0CBEEB020E029A01F0BF01C8
:10CD08006CEB070713EB0E0347F100079B184AEB80
:10CD1800070EB3F5161FD6F834717EF1000C0DDA44
:10CD2800B3F5703FA7EB00007EF100074FEAE07C07
:10CD38000DDB98427CEB0E0CC0F2008121F0200143
:10CD48008DF81510002316E0DBF81480A6E798424A
:10CD580021F020017CEB0E0C8DF81510F2DA9DF80D
:10CD6800151011F0200F0CBF1E214FF49671B3FB64
:10CD7800F1F3C3F30C03BDF8141063F30C01D8F8F6
:10CD88009830ADF8141040F2E241B3FBF1F3ADF87E
:10CD98001630D8F8173098F81B1006939DF81C30F9
:10CDA80061F304038DF81C30FCF722F89DF81C3061
:10CDB80060F347138DF81C309DF8153023F080037D
:10CDC8008DF81530D8F80030CDF81D3098F80430BB
:10CDD8008DF8213098F805308DF8223098F8063013
:10CDE8008DF82330B8F87A300133ADF82430012DAE
:10CDF8004BD1B6F85420002A47D0B6F802C01CF030
:10CE0800020F42D1DFF84C81D8F82400B8F80E3070
:10CE1800C178D31A01F03F0BCBF1FE010BF10107EA
:10CE28008B42B4BFDFB287F0FF07BA4222D91CF0A9
:10CE3800010F1FD144F01001033F019A8946FFB248
:10CE48000AF06BFD0BF1040130463944C9B20BF00E
:10CE580032FFC0F307238DF81000C0F307408DF8A8
:10CE6800113004228DF81200032304A9D8F82400F5
:10CE78000AF02DFD3A46316DD8F824000AF081FDFC
:10CE8800B8F80E301F44A8F80E7019F0200F5FFA9A
:10CE980089F406D02F481223052205A9406A0AF012
:10CEA80016FD63060CD5002D4DD106F130003479FE
:10CEB8000CF06CFA014696F912202046FFF7ECF8C0
:10CEC800FFF706F9002836D0224CA36993F8E5301D
:10CED8008BB30721606A0AF019FD092340F2E24288
:10CEE800037032234370A369D3F8B8308370A36901
:10CEF800D3F8B8301B0AC370A369B3F8BA3003710A
:10CF0800A36993F8BB304371A36993F8C93083715F
:10CF1800A369D3F8BC30B3FBF2F3C371A369D3F8A8
:10CF2800C030B3FBF2F303727D22A369D3F8C43097
:10CF3800B3FBF2F343720BB0BDE8F08F41F0200170
:10CF48008DF815100BE7747996F84410B3E700BF15
:10CF5800785B0201700B0021F7B504460A4619B93F
:10CF680090F87610FFF708FD134D6B6ADA78910692
:10CF780020D01A79D2061DD504F130005F782679C1
:10CF88000CF0E4F9421C3B4631462046D2B2FEF78B
:10CF9800DFFF0422C0F307238DF80400C0F3074025
:10CFA8000DEB02018DF8053003238DF80600686A41
:10CFB8000AF08DFC03B0F0BD700B00212DE9F7439A
:10CFC80004460F4690F8440003F0E6FD6179FF201F
:10CFD800704D03F0F9FC002F45D16B6A04F1300065
:10CFE80094F804805E780CF0C6F9B8F1030F2BD1E1
:10CFF800B60106F53476A968638801EBC011CA3119
:10D0080006FB00111E074FF0000048BF6B6829613E
:10D0180044BFC9182961627903F0B4FE6388980790
:10D0280028D04FBB6179012004F094F994F8761068
:10D0380001222046FFF7A0FC686A04F075F8062371
:10D048002B7003B0BDE8F083B8F1040F03D13601AB
:10D0580006F5E776CFE7B8F1020F0BBF0B360A36B5
:10D06800B600F600C7E762794FF4A571002003F017
:10D078009FFED3E7002FD9D0C3F34007C3F3801234
:10D088009907686A87F001074FF0070348BFD4F88B
:10D0980058804FEAC7074CBFB4F85C90D4F850806A
:10D0A80047EA821758BFB4F854900022037007F07B
:10D0B80048070123C270394643700AF02EFC3A072C
:10D0C80017D5626C01A9BDF80430C2F30B22686A57
:10D0D80062F30B0394F84620ADF804301209C3F349
:10D0E800072362F3071303228DF8053002230AF0A1
:10D0F800EEFB686A0AF07CFCEB89C0F1FE06A9EB3E
:10D108000302B242B4BFD6B2F6B2334499452DDD1C
:10D11800002247F01001686A0AF0FFFB686A0AF00B
:10D1280067FCEB89C0F1FE062046A9EB0303B34276
:10D13800B8BFDEB26B6AA8BFF6B2D97801F03F017A
:10D1480001313144C9B20BF0B6FD0422C0F3072304
:10D158008DF80400C0F307400DEB02018DF805308F
:10D1680003238DF80600686A0AF0B1FB63885B0642
:10D1780006D594F9122094F844106079FEF78CFFD4
:10D18800E9893246686A41440AF0FBFBEB891E4490
:10D19800EE8151E7700B002110B5084CB0F85C30F7
:10D1A800E2899A4205D00121FFF708FF072323707F
:10D1B80010BDBDE81040FFF74DB800BF700B00214F
:10D1C80038B5438804461E4D13F0020F0FD1DB0714
:10D1D8000DD4EA89B0F854309A4203D1BDE83840FA
:10D1E800FFF738B80121BDE83840FFF7E7BE002057
:10D1F800617904F0AFF86388617913F0020F0CBF0E
:10D2080022200C2003F0E0FB02232B702B7B4BB178
:10D2180002F0A4FF6379033B012B94BF4520402013
:10D2280004F062F86379033B012B94BF28200020A7
:10D2380004F014F8686ABDE8384003F075BF00BF11
:10D24800700B00212DE9F84300F130072E4E012321
:10D258000446384673730CF079F8E8B96388DA063F
:10D2680015D4727B9AB103F02303B4F85420134306
:10D2780005D020460021BDE8F843FFF79FBEFEF722
:10D288001DFF0028F5D1FEF723FF0028F1D1204625
:10D29800BDE8F843FEF7DEBF38460CF057F828B96A
:10D2A80063881B07F3D538460CF02FF838460CF086
:10D2B80031F803F071FC2179252003F085FB012169
:10D2C8002046FFF749FE736A3846D6F8088093F877
:10D2D80001900CF050F8054638460CF037F84A46ED
:10D2E800691E091A2079C9B20CF06DF8227908EB89
:10D2F8000001002003F046FD706A03F015FF0523C6
:10D308003370BDE8F88300BF700B0021064810B5E4
:10D31800037803F0FF042BB92422214607F0D0FB41
:10D32800204610BD0C24FBE7700B002110B500232C
:10D33800094C2370FBF7E0FC6062FFF7E7FF20B1C0
:10D348004FF442712D20F3F771F8E36A13B940F2F4
:10D358000B31F7E710BD00BF700B0021014B024AEB
:10D36800DA627047700B00211CD80001044B054A93
:10D378001A60054B054A1A60054B064A1A60704741
:10D3880054150021CDC4000158150021878A0101D8
:10D398005C15002165D400012DE9F041067D0446A5
:10D3A800B31E06F0FD06DBB2012B8CBF4FF0000860
:10D3B8004FF00108371E18BF0127012B1AD800F1BA
:10D3C800700190F86F0009F022FF054663889B06FC
:10D3D80017D4082D10D186B3FBF79CFCB8BBE37EAD
:10D3E80093B3D4F81530C4F86930B4F81930A4F8F8
:10D3F8006D3006E00825E9E72846FCF765F80028BF
:10D40800E9D1657784F81C8084F86870FCF748F9DE
:10D41800054605F0EDF800220F4B84F87620E5FB71
:10D428000301C4E9180111462046FEF75BFE60B906
:10D4380040F2A3412D20F2F7F9FF04F169013046CB
:10D44800FBF7D0FE0028DCD10020BDE8F08104F114
:10D4580069010120F4E700BF40420F002DE9F043C5
:10D4680085B00823052104460DF107028DF8073021
:10D47800FEF7A2FF002879D0FAF706F8002875D140
:10D488003C4D02AF206AFEF70DFD6B6AD3F81F0012
:10D4980093F8232002903A71226AD3F80310C2F855
:10D4A800AD10B3F80710A2F8B1101B78206AC3F3C7
:10D4B800801380F8AC30304B1B6813B10122214631
:10D4C8009847D4F820800E23686A082698F8AC900C
:10D4D800002243704FF00301C378067003F03F0346
:10D4E800C3700AF01AFA2046FEF7C2FD4946686A78
:10D4F8000AF014F90623012208F1AD01686A0AF05E
:10D50800E6F96179FF2003F05FFA686A03F00CFE20
:10D51800D4F82080204641460BF078FE3B46014671
:10D5280094F9122040460BF0D4FB216A00239DF8A1
:10D538000720204684F89530B1F8AA30A4F8963030
:10D54800FF2384F8B3304FF6FF73A4F8B4300BF020
:10D55800EBFB236A2E70B3F8AA20A4F8CD20DB7D5C
:10D5680084F8CF30012005B0BDE8F0832046FEF7EF
:10D5780071FEF7E7700B0021581500212DE9FF41D6
:10D58800564F04463A7802F0FF0312B90278FF2A90
:10D5980004D140F6DD112D20F2F748FF7B60FB81B6
:10D5A8007B7380F889304E4B684604F13005009350
:10D5B8004C4B01934C4B0293FB6A5B68039303F05B
:10D5C8009DFD03F075FA03F09BFE02F0E3FD47486A
:10D5D80003F0D8FA464803F08BFD28460BF095FE79
:10D5E80028460BF097FE03F0D7FA2179252003F09F
:10D5F800EBF994F9120003F0BFFA04F15001E06C62
:10D6080008F071F8064604F15801E06C08F092F849
:10D618008046002E3AD094F82430BBB3B4F9485071
:10D62800ED43ED0F237F13B963885B0709D56FF0CE
:10D638000043D4E918129A4208BFB1F1FF3F2FD135
:10D64800ADBB94F88B301BB946EA0806F6B2AEB10A
:10D65800638813F0100511D1606CC0F30B200BF038
:10D66800E0FD94F8463084F84500C0F3032023F029
:10D678000F03034384F8463084F88B50786A0330EC
:10D68800FCF75AF8387304B0BDE8F081B8F1000F20
:10D6980004D094F82550002DC0D1C3E74546C1E712
:10D6A80004F0A6FFD4E9182390429941C8D3012277
:10D6B80029462046FEF716FD50B1FBF7F1FF054657
:10D6C80004F096FF0B4BE5FB0301C4E91801B8E72A
:10D6D800002DB6D040F61C215DE700BF700B00217D
:10D6E80029C90001F9C200019DC30001D6BE898E77
:10D6F8005555550040420F0073B50446214DFFF7BC
:10D708003DFF04212078F3F799FA06216861207813
:10D71800F3F794FA6B69A8612BB120B140F6552153
:10D728002D20F2F783FE20460BF0B7FA668816F034
:10D73800100618D000212046FEF788FF94F88A309A
:10D748005BB16846FCF768F938B1694604F1360000
:10D7580009F031FF002384F88A30204602B0BDE882
:10D768007040FEF74DBC31462046FFF7F5FB686A6E
:10D7780003F0DAFC2179304603F024FA0523A86087
:10D788002B70DBE7700B0021024B9862DB6A1B6889
:10D79800184700BF700B002143881A0710B50446CC
:10D7A8000FD5036A3C2210498C304272B3F8AA3074
:10D7B8004381FF2380F827304FF6FF7303850AF073
:10D7C800A1FA63882046DB0747BF236A3C223C2234
:10D7D8004FF6FF7148BFB3F8AA10FEF7F5FCFF2318
:10D7E80084F8893010BD00BF578C0101358E0101C6
:10D7F800438E0101A9C700013B8E01014DD20001F2
:10D80800C9D10001A1D100010DC20001DDC500018F
:10D8180001C8000101D70001D5C200013F8E0101F6
:10D82800F4D70001FCD7000114D800010138022800
:10D8380008B503D9C4212F20F2F7F8FD13290A4BA4
:10D8480005D811290CD8102907D0D221F3E71529BA
:10D85800FBD103EB4003D88801E033F8100008BD82
:10D8680003EB40039889FAE7625A02012C4A38B55B
:10D878000346948810681C43402B948004D10421EB
:10D88800BDE83840FEF712B9802B01D10521F7E732
:10D8980003F00304032C04D140F6A4313120F2F73D
:10D8A800C5FDDD0706D50C6891602478062C1AD0D2
:10D8B8000B2C22D09C0711D50C68217807291173ED
:10D8C80029D00B2922D0052908D1C17B182905D1D7
:10D8D800002400250121C0E91E4501759B0644BFAF
:10D8E8000823537338BDC47B1C2CE3D100240025C6
:10D8F800C0E91C450124C474DCE7C47B122C01BFB9
:10D908000024C474012480F85240D3E7C17B112954
:10D91800E4D10021E1E7617880F8A010DEE700BFDC
:10D92800A00B00210C4A0346517B89B910683BB90A
:10D93800B0F81011B0F8F420914209D8FEF732B8C7
:10D9480093881B0706D5007C083818BF012070474C
:10D958000020704701207047A00B00212DE9F843F3
:10D96800854D06462C68002840F0C480AB8819070E
:10D9780046D594F89E302A2B16D00CD81C2B13D0E1
:10D98800222B18D094F89E30FE2B20D140F2FB5168
:10D998003120F2F74BFD3C2BF4D1784B1B68002B60
:10D9A800F0D028469847EDE7002384F841317248C3
:10D9B8000AF0A3FBE6E784F84201714B1B68002BD1
:10D9C800F5D004F5A17104F1A4009847EFE7FE2310
:10D9D80084F89E30E37B1E2B06D10027664884F826
:10D9E80051700AF0A4FBE773A37B242B2AD0372BB2
:10D9F80030D0237C082B02BF0223AB7384F89E30FF
:10DA0800AB88DA074FD5D5F80080A96898F80F30A9
:10DA1800D1F80090113B99F800700F2B0BD8BB1E62
:10DA2800DBB2092B00F2A68040F2333222FA03F36C
:10DA3800DB0740F19F8009793846FCF71DF888B963
:10DA4800394680E0E37B243B072B94BF2B23252317
:10DA5800A373CEE7012384F8C5320023A37384F8A7
:10DA68004A30C6E7012F01D9162F4ED198F80E007B
:10DA78000AF07DFB40B198F80E30242B04D0252BFA
:10DA880034D12B2388F80E303846FCF70FFD0346B7
:10DA9800002849D1FF2FD3D12B69002B51D02B68F7
:10DAA800012283F8C622AB88580704D5227C072AAE
:10DAB80004BF0122AA7399074CD5287B01222B6841
:10DAC8000D2883F89F2042D011284CD007284CD02D
:10DAD800FCF700FD034600283AD12A7BFF2A46D1ED
:10DAE8002A68372182F8C402917333E0162F14BFD5
:10DAF800022620266B7B1B0704D5E37B113B0F2BEB
:10DB080098BF08263046BDE8F883112F15D005D8F0
:10DB1800072F14D00D2FB7D11A4B05E0142FB3D10E
:10DB2800194B1B68002B8BD0AA68494612481279FA
:10DB380098470028B7D00646DCE7144BF4E7144BA7
:10DB4800F2E799F800100C480AF021FBF1E7114BB5
:10DB580009489847AB88DA06CCD5E37B0A2BC9D1AC
:10DB68000B23E373C6E70C4BF2E70C4BF0E740F2EC
:10DB7800EE510DE70826BDE7A00B0021A8150021EE
:10DB880084150021A995010164150021F59501016D
:10DB9800B5DC00010994010155940101C394010108
:10DBA8000029034608BF1F21262870B5144639D816
:10DBB8001C2806D8A0F10E03DBB2092B1CD90020C3
:10DBC80070BDA0F11D02092AF9D801A050F822F071
:10DBD80069DC0001C7DB0001C7DB000179DC00015B
:10DBE800C7DB0001C7DB000153DC000153DC000187
:10DBF80053DC000187DC0001012540F251269D40DD
:10DC0800354015D1082BDAD11668B37B252B14D1F2
:10DC18002046FBF76FF986F838510023B37386F86E
:10DC28004A30CCE73B2832D03E28C8D1194B27E0F0
:10DC38000021BDE870400BF067BC2B2BBFD1F37BF4
:10DC4800243B072BE9D92A21E2E7134A1568002D5E
:10DC5800B5D00A46204619462B46BDE870401847FD
:10DC68000E4B1B68002BAAD00A461D212046F4E75C
:10DC78000B4B1B68002BA2D00A462021F6E7094B64
:10DC88001B68002B9BD02046BDE870401847064B08
:10DC9800F6E700BF941500216815002174150021CE
:10DCA8007C15002188150021B015002170B54B782E
:10DCB80004460268262B5CD01DD81D2B957B54D0BA
:10DCC8000FD8A3F10E02D2B2092A08D8012140F2D6
:10DCD800512001FA02F6064220D1082A24D0002059
:10DCE80070BD232BFBD12D2DF9D1254B1B68002BA3
:10DCF800F5D09847F3E73E2B3DD005D82B2B3CD0E9
:10DD08003B2BECD11F4BF1E7FF2BE8D11E4B1B69D6
:10DD1800002BE4D0012382F8C632E0E722461846F9
:10DD2800BDE870400BF0F0BB252D01D02B2DD6D1CE
:10DD380020460AF0E2F92368DA7B262ACFD093F846
:10DD480063201A21204622F0010283F8632022680A
:10DD580092F8633023F0080382F86330FBF7CAF8BF
:10DD68002368002283F83821B9E7362DB7D1074B4D
:10DD7800BCE7074BBAE7074BB8E7074BB6E700BF66
:10DD88006C150021B4150021A00B00217815002185
:10DD98008C15002198150021A01500212DE9F347C5
:10DDA80090F8D28204460D4690F8D362B8F1000F7D
:10DDB8003BD190F82071002E39D194F821A184F834
:10DDC800207184F821A1FF2384F822311A4B04F131
:10DDD800A8091B6813B1394648469847174B1B6872
:10DDE80023B13A46514601A80194984794F838312E
:10DDF800012B02D058EA060603D0237B43F0010327
:10DE0800237348460AF009F818B1237B43F002034C
:10DE1800237306212046FDF749FE002384F8383194
:10DE28003DB1A37302B0BDE8F0874746C3E7B246E9
:10DE3800C5E7E573F6E700BF70150021A4150021BA
:10DE4800024B0020C3E90400704700BFA00B00216B
:10DE580008B50022044BC3E90422FCF7F7F8BDE833
:10DE68000840FCF7F7BB00BFA00B002173B5514D6C
:10DE7800002604462860AE806E73AE73FF2380F8D8
:10DE88004C30B0F8DA31002B00F0828090F89E30E8
:10DE9800FE2B7DD190F82C31002B79D0037C073BE9
:10DEA800012B75D990F82D310221A0F84460012288
:10DEB80080F8A0300BF0B1FA0221284684F8E2611C
:10DEC800FCF754F9B4F8DE112046B4F8DE30013915
:10DED800B4F8E02189B2B1FBF3F31344A4F8E031BC
:10DEE800B4F840300B44A4F840300BF0C4FA10B139
:10DEF800636B0B446363B4F8DA310026012B9CBFD3
:10DF08000133A4F8DA3109B184F8E661E37B84F8D7
:10DF1800E2610A3B012B0FD8E388B4F8D0229B1AA0
:10DF2800190409D404F2D22104F1170009F043FBC3
:10DF3800E673FF2384F84B30B4F8DE2104F1A8011E
:10DF4800204609F07FFBE37B1B49113B1B4A0F2B43
:10DF58008CBF002301230093194B2868F3F7EEFECA
:10DF6800696911B1002003F0BDF92C68237BDA0739
:10DF780003D500210F48FAF7BDFF237B9B0703D584
:10DF880004F25910FBF786FF0023237302B070BD1B
:10DF980094F89E10FE2901D0064891E7094B1E68A7
:10DFA800002E8FD004F072FC02460B460148B047A1
:10DFB80088E700BFA00B002175D800012DD900010A
:10DFC800E1DF0001B8150021024B1869003818BFBD
:10DFD80001207047A00B00212DE9F04FDFF8E48104
:10DFE8000F4687B08146B8F80410D8F800408D0570
:10DFF800204655BFB4F8402000230132A4F8403031
:10E008004CBF84F8E631A4F840200BF034FA38B15C
:10E018000B4604F5A87204F1A8012046FCF7C2FCDF
:10E02800B8F8043003F4C06333B1A37C002B00F0CC
:10E03800A080032B00F0A380A27CB8F80430012A4A
:10E0480003D1180544BF0222A274B9F1000F40F0B1
:10E058004E81590657BFB4F800224A46013292B29F
:10E06800A4F8002203F00A020A2A0FD198F80C201B
:10E07800022A0BD123F008033846A8F80430FFF72A
:10E088006DFC38430823C7B2A8F804303846FFF7B8
:10E0980065FCD8F810303843C7B2002B50D0142292
:10E0A800002101A806F00CFD94F8210103F046FBBD
:10E0B800054694F8210103F039FB05F5FA754FF48C
:10E0C8007A7394F82911B5FBF3F5B4F8AA3005442E
:10E0D800D4F8C800ADF80430E388ADF80A50ADF8BC
:10E0E800083009F077F994F8C632ADF8060033B174
:10E0F800D8F808301A689B8804928DF814309DF877
:10E108000C3001A894F8C52262F300038DF80C3096
:10E11800D8F8103098470023049A84F8C63284F857
:10E12800C5326AB194F8C43253B9A37B372B07D0F0
:10E138009DF8143023B11178FF2924D11B2B29D93C
:10E14800D8F8006096F89E30FE2B4BD1002F49D1AD
:10E15800337C073B012B45D996F82C3113B396F83D
:10E168002D3101220221A6F8447086F8A0303046ED
:10E17800EFE10121A1742046FDF798FC5CE702233A
:10E188000121A374F7E70729DAD1022BD8D15178F6
:10E19800FF29D5D10121C4F8C82284F8C73284F8F0
:10E1A800C412CDE796F80FA0AAF1100A5FFA8AFA0E
:10E1B800BAF1100F40F257813368DA0704D53A46AE
:10E1C8000921D4E7A00B00219D0740F1EE803A46D3
:10E1D8000C2130460BF021F996F8533043F0010337
:10E1E80086F85330B4F8E03194F8E3510133A4F8D9
:10E1F800E031002D00F0F882F3F7F6FE10B10023AD
:10E20800A4F8E031B4F8AA000BF008FCA37C82461D
:10E21800B4F8DE60012B40F22683237C082B40F003
:10E22800FB82B4F84030022B40F21D83B4F8425010
:10E238000135ADB2E388DFF8A8B22B44A4F8D83191
:10E24800DBF80030002B00F01283012E40F20F8320
:10E25800F3F7BCFEDBF800300246E1882046984719
:10E2680000F1010B1FFA8BFB94F8E431002B3AD133
:10E27800012D38D9E37B0BB10B2B34D1A37B93BB96
:10E28800237C83BBA37C022B2DD194F8E63153BBAE
:10E29800D4F8C00007F04FF828B394F89E30FE2B4E
:10E2A80021D1B4F8DA31012B1DD9B4F8E021B4F842
:10E2B800D0309A4217D2BAF1000F02D0BAF80E1035
:10E2C80089B9013D9B1AADB29BB2B5FBF6F59D42EB
:10E2D80028BF1D4605FB06B6003D1FFA86FB18BF82
:10E2E800012584F8E251E3889B44A4F8DCB1B8F82E
:10E2F8000430D8F800505E0657BFB5F8EC3100235B
:10E30800B5F8DE219B1858BF9BB2A5F8EC3195F8FB
:10E318002C311BB92B7C073B012B06D8B5F84430B0
:10E32800B5F8DE211344A5F8443095F84A1031B108
:10E33800B5F84630B5F8DE211344A5F8463095F90E
:10E348005020002AC1BFB5F84E30B5F8DE011B18C1
:10E35800A5F84E3095F831306BB9B9F1000F40F09F
:10E36800DA8298F80E30022B40F0848295F8A030BB
:10E37800062B18BF162395F8302022B9594885F87E
:10E388003130FCF701F928460BF068F9564B1B6849
:10E398001BB1564A204611689847002384F84C3030
:10E3A80007B0BDE8F04FFAF7EFBE580702D53A4676
:10E3B8001321DCE6190706D596F898303A4686F810
:10E3C800A0300721D3E61A0602D500221B21CEE68B
:10E3D80013F0300238D096F82F31002B60D196F820
:10E3E8002E31C3B1F37B06F1A80006F5977106F24A
:10E3F800D222292B26D0B37BA3F129056B426B418E
:10E4080009F0C7FC336823F0200343F0100333609E
:10E41800002386F82E313368DA0641D506F1A800C4
:10E4280009F0FBFC18B106F25910FBF733FDB6F8FA
:10E438000A3100221521A6F8A030B6F80E31A6F848
:10E44800A23094E60123DBE713F0400101D0242138
:10E458008DE613F4807202D00A461E2187E6DB049B
:10E468001ED52C2183E6D8F80050EB7B182B3FD023
:10E4780011D8112B26D0162B28D0B37B002B7BD19B
:10E48800F37B103B102B7FD996F83E30002B7BD0C6
:10E49800012212216BE6202BEFD13A46062113E028
:10E4A800D8F80000C37B352B51D006D8262B53D083
:10E4B8002F2BE2D1002220214BE04E2BDDD1002270
:10E4C8003C2146E03A460B21284642E02846FCF724
:10E4D800CFF800283FF486AE00220421F4E700BFFD
:10E4E80090150021A00B0021801500213800002183
:10E4F80095F8C032012B07D13A46052128460AF083
:10E508008CFF85F8C0726DE695F8C032022BD9B23F
:10E518007FF468AE95F8523053B106233A4685F831
:10E52800A03028460AF079FF002385F8C032EAE7D0
:10E53800D8F8003040F20632A3F89A203A4695F807
:10E54800623013F0040F0CBF0D211121E9E70022FE
:10E5580011210AF062FF45E690F83831022B02D10A
:10E5680000221721F5E790F83831012B85D190F872
:10E578003931002BF4D080E7092B05D196F8993072
:10E58800012286F8A0301CE7BAF1100F7FF62AAEF8
:10E59800D8F8005095F80EA0BAF1000F40F0B980F5
:10E5A80095F83F313BB101220E2128460AF035FF8C
:10E5B80085F83FA1A7E795F83E3183B195F853A0B8
:10E5C8001AF0030B0BD14AF0010A01220C2128464C
:10E5D8000AF023FF85F853A085F83EB193E795F834
:10E5E800403173B195F86930DB0902D001222B2143
:10E5F8006AE7A64B1B68002B00F08B80A44898475D
:10E6080087E095F82E312BB395F82F3113BBEB7BB0
:10E6180005F1A80005F5977105F2D222292B17D02C
:10E62800AB7BA3F129067342734109F0B2FB0023C7
:10E6380085F82E310122142128460AF0EEFEB5F89D
:10E648000A31A5F8A030B5F80E31A5F8A230C9E511
:10E658000123EAE795F83831012B6ED195F8393165
:10E66800002B6AD1E87BA0F12403072B65D995F824
:10E6780020114B1EDBB2032B09D895F82121DFF8B6
:10E6880014C2013A1CF803E0D2B2032A04D94FF4A9
:10E698003F710620F1F7CAFEBEF1020F95F83A3134
:10E6A80014D0BEF1030F13D0BEF1010F04D1012B1A
:10E6B80014BF002301236BB9A0F14703012B28D90C
:10E6C8000A38042825D901221621FDE6022BEFE796
:10E6D800042BF1D11CF8022095F83B31022A24D0F2
:10E6E800032A24D0012AE7D1012B14BF00230123D8
:10E6F800002BE1D0EB8805F53472B5F83C0108F041
:10E708000EFC8246B0B901466148FAF7F3FB85F87A
:10E7180038A1B37B002B7FF465AD96F8C432002B8B
:10E728003FF460AD0122FF2121E5022BDDE7042B38
:10E73800E0D0C1E72C23AB7354E595F8423113B10F
:10E7480001222221C0E695F8413143B1524B50488D
:10E758001B689847FE280146DBD00122B4E695F8ED
:10E768004A3113B101221D21AEE695F84B3113B1A0
:10E7780001222621A8E695F8CC3213B101223E21C8
:10E78800A2E695F84C319BB1D8F800301021B3F8C7
:10E79800AA00F2F753FA03699B0706D53F4B3C489A
:10E7A8001B68984701223B218EE63D4B1B6825E7F5
:10E7B80095F84E314BB195F8393133B9EB7B243BA1
:10E7C800072B02D9012223217EE695F84D31012B32
:10E7D80005D1002385F84D310122252174E695F8ED
:10E7E8004D31022B95D1F4E7F3F7EAFB08B1A4F811
:10E7F800E051F3F701FC00283FF404AD94F8E6314A
:10E808000133DBB2022B84F8E63182BF0023A4F87F
:10E81800E03184F8E631F5E494F83E3013B1A37B97
:10E828000F2B20D1B4F842502046B4F84030B10044
:10E838000135ED1AA5EB86050AF01DFEA8B1A36BFC
:10E84800626B01339B1A5B1A9D42A8BF1D46BAF141
:10E85800000F05D0BAF80E30043B9D42B8BF1D46E4
:10E86800012D3FF7E6AC0125E4E42B46ECE74FF039
:10E87800010BF9E4012B15D16B7C002B7FF47BADE8
:10E8880000212846FDF712F980E500BFA0150021F8
:10E89800A00B0021745A020160150021AC1500215B
:10E8A800B41500215FB1F80633D4390733D4BA065A
:10E8B80033D4BB0733D14FF431613120EAE639B1A3
:10E8C800B5F84610B5F84830994201D3222352E5ED
:10E8D800002A05DDB5F84E20B5F848309A42F5D241
:10E8E800B5F84420B5F842309A4209D2AA7CB5F866
:10E8F800403052B1B5F842209A42C1D808233AE5CF
:10E9080095F82C31002BE1D1F0E7052BB8D93E233F
:10E9180031E51E232FE53D232DE523232BE52A236F
:10E9280029E500BF73B504460190D0F8D802D4F8A1
:10E93800C830984214D1D4F8DC62D4F8D030F61A32
:10E9480018BF012694F8E432002B3ED0B4F8AA0090
:10E958000BF064F830B940F668513120F1F766FDE4
:10E968000126EFE7B4F8E022B4F8DE309A421AD173
:10E97800B4F8E23282899B1A18BF0123A57B472D80
:10E9880015D0E27B472A10D00025B4F8DE2201A872
:10E99800D4F8D812FBF714F88DB30023A37303231C
:10E9A800A37402B070BD0123E8E73343ECD0154BE4
:10E9B8001B6813B940F67351CFE7A5F14702002150
:10E9C80001A8554255419847DFE7002EDCD0B4F83E
:10E9D800AA3094F82911A4F8A13108F0FBFCB4F886
:10E9E800DC32A4F8A30104F29710A4F8A531B4F816
:10E9F800DE320549A4F8A73109F08DF9C4E7E573BB
:10EA0800CDE700BF9C1500214583010138B50D4BAA
:10EA18000D4633F81040084602F090FE4FF47A7322
:10EA280004F29D74033D0444012DB4FBF3F404F295
:10EA38001B148CBF0025282509F064FF20442844B6
:10EA480038BD00BF785B02012DE9F74F99466C4B42
:10EA580005460C46C3601646437D23F0070343F082
:10EA6800010343750023036191F80EA0AAF147033F
:10EA7800012B19D991F80F80A8F14708B8F1010FB7
:10EA88008CBF4FF000084FF00108B9F1000F04D017
:10EA980000220121204601F08FFA637B032B7ED8E8
:10EAA800DFE803F0057970794FF00108EDE726B942
:10EAB80040F217213520F1F7B9FC0027012304F1B2
:10EAC800A800BB4663730AF006FE4E4B1A6822B1D3
:10EAD80049462046904707FB00BBD4E976211BEB4B
:10EAE800020241F10001C4E97621C5E90021A17BB8
:10EAF800A1F10B02D2B21E2A54D8434ED64006F0DA
:10EB08000106E27B472A08BF46F0010620460AF0C4
:10EB180013FF28B1002E4BD1607B012818BF0220BB
:10EB280004F1E80328751846019309F029F9A8604B
:10EB3800B9F1000F61D0AAF10D0ABAF1010F8CBF2B
:10EB4800424648F00102002A57D13946284608F0C3
:10EB5800C4FB1FFA80F920460AF0EEFE804686BB09
:10EB680081452ED30BFB00F02E75D4E976211218BF
:10EB780041F10001C5E90021BBF1000F1AD140F2B3
:10EB88009D2197E7D4F828720322D4F840326273A3
:10EB980007EB030B99E7D4F8C8B05F4695E74FF445
:10EBA800147187E7472901D00026AAE70126ADE7B7
:10EBB8000020B5E73946284608F08FFB80441FFA45
:10EBC80088F901224946204601F0F6F90D4B1B68E9
:10EBD80053B10121204698477843D5E900321B18E4
:10EBE80042F10002C5E9003204F1E80009F0C8F872
:10EBF800A860D5E90023C4E9762303B0BDE8F08F07
:10EC08005DEC0001BC15002105000040F7B50123AB
:10EC18000F4E33700023CDE900336846F2F748F809
:10EC2800044618B10023337003B0F0BD009D6B7B20
:10EC3800002BF2D005F50077384603F091FD3846F1
:10EC480003F0A2FD05F5EC706C73FCF717F8E4E728
:10EC5800B80B00212DE9F041804686B00D46A0F59D
:10EC68000074052900F28D80DFE801F003856C8BC4
:10EC78008B80637B13B9EA21352016E0204601F02A
:10EC880009F900286FD0A8F5AC7611217088F1F742
:10EC9800D5FF034696F87800002B51D002284DD0B6
:10ECA80005D8012808D0DC21B420F1F7BFFBC21E2B
:10ECB800012AF8D81E3300E00A339C8896F87910A8
:10ECC800314FCB1E012B98BF2825FFF79FFE2A3016
:10ECD8007A784B3D8442EDB28CBF231A0023346A04
:10ECE800E41A1AB9336C9C4228BF1C46A8F58C70EC
:10ECF80009F046F800F12A080220A4EB080403F002
:10ED080069FD022124EAE474844228BF04462046AF
:10ED180003F08CFD10B1A04403F070FC00232A46D8
:10ED28004146304609F031F97860306A03F062FCF8
:10ED3800164806B0BDE8F04104F0C2BC1433BCE785
:10ED48009624BBE72146684601230022FFF77CFE94
:10ED58006946404603F0AEFC10B94FF434718BE7B6
:10ED6800E3880133E38006B0BDE8F08106B0BDE872
:10ED7800F041F3F723B9637B042BF4D04FF483718C
:10ED88007AE74FF4857177E7B80B0021B9140101D0
:10ED9800024B0022C3E90022FFF738BFB80B00215D
:10EDA800014B5870704700BFB80B002108B501F03F
:10EDB800B1FD044B5A6882422ABF1878002080F0BF
:10EDC800010008BDB80B002130B5044687B00429FE
:10EDD80000F2A380DFE801F0032522299B00504BB5
:10EDE8001A7802F0FF03CAB9014601226846FFF704
:10EDF8002BFE694604F5007003F07EFC20B94FF441
:10EE080035713520F1F712FBE3880133E38002F016
:10EE18009FF807B0BDE8304003F09ABC0423637341
:10EE2800F5E70323637307B030BDD0F8C83090F816
:10EE38002951C0F828323DB1D0F8445241F64B521E
:10EE480095428CBF0025012540F2E242ADF804202E
:10EE580094F8502242B9D4F8442293421DD0B4F811
:10EE6800AA000AF0DEFD18E0B4F8AA000AF0D6FD00
:10EE780010B94FF44471C4E7B4F84C320025A4F833
:10EE8800DE30B4F84E328381B4F83C32C581438118
:10EE9800013B03827D23ADF8043094F82A3113BB7B
:10EEA80015BBD4F8403204F5EC70D4F84422C4F809
:10EEB800D830B4F83E32C4F8C820A4F8DC30D4F80E
:10EEC800483284F82A51C4F8D030B4F8DE305343BD
:10EED800019A19460093FBF7B3FE04F1A8000AF063
:10EEE800FAFB02239EE75DB14FF04D13C4F8E03002
:10EEF8000023A4F8E4304FF47A73ADF80430D0E777
:10EF08004FF09613A4F8E450C4F8E030C9E7A830ED
:10EF180007B0BDE830400AF0DEBB40F2653170E76B
:10EF2800B80B00210D4A0146107890B901295368A1
:10EF380007D1B3F81021B3F8F4309A420CD8FFF790
:10EF480035BF1289520706D5187C073818BF01202B
:10EF58007047002070470120704700BFC00B002198
:10EF680038B5174B1C895A6804431C8100F0030408
:10EF7800032C04D140F6DF213620F1F757FAC507F4
:10EF880048BFD960840706D5096809780629197425
:10EF980006D00B290ED0820644BF08221A7038BD4D
:10EFA800917B1D29F7D1002400250121C2E91E45C6
:10EFB8001175F0E7917B1329EDD10021F8E700BF27
:10EFC800C00B00212DE9F743837B04460090A3F191
:10EFD8004702012A20D9C27BA3F10D01473A012932
:10EFE800D2B216D8012A8CBF00220122E188B4F8D7
:10EFF8003C02013189B2884240F0A78094F850520F
:10F00800002D00F081804AB940F25E213620F1F7E8
:10F018000DFA012A00F299800122E7E7524B1B689A
:10F0280013B940F25F21F1E70021684698470025AF
:10F0380084F85252B4F84A226846D4F84412FAF7CF
:10F04800BFFC03212046FFF7BFFEA37BA3F14702C5
:10F05800012A03D9A3F10D02012A71D80023A37351
:10F06800E27B292A77D1A3F12C0255425541E38846
:10F07800B4F8382201339B1A1B046ED494F83A82F0
:10F0880094F8203194F83B62B8F1000F08BF984615
:10F098000EB994F82161984562D194F821319B1BEF
:10F0A80018BF012343EA050984F8208184F8216107
:10F0B800FF2384F822312D4B04F1A8071B6813B1F4
:10F0C8004146384698472A4B1B6823B14246314689
:10F0D80001A801949847B9F1000F03D0237B43F0AE
:10F0E80001032373384608F098FE18B1237B43F0D8
:10F0F8000203237304212046FFF766FE002384F8E9
:10F1080038317DB3A37328E0B4F8AA3094F82911F4
:10F11800A4F8A131D4F8440208F05CF9B4F84832F4
:10F12800A4F8A30104F29710A4F8A531B4F84A3260
:10F138001049A4F8A73184F8A05108F0ECFD76E74F
:10F14800E27B473A012A98BFE573A3F12902012A15
:10F1580086D801258BE72C2BFBD003B0BDE8F083C4
:10F1680001239FE7E573F8E7F4150021CC1500218A
:10F17800001600214583010110B54B78024604684A
:10F18800232BA17B27D018D81D2B2BD00AD8A3F16D
:10F198001201042904D84FF4A801D940C90714D48E
:10F1A800002010BD1F2BFBD13129F9D1114B1B6851
:10F1B800002BF5D020469847F2E73B2B18D03F2B81
:10F1C80014D02B2BECD10C4B08E001211846BDE8DC
:10F1D80010400AF008BB2D29E2D1084B1B68002B10
:10F1E800E9D1DDE73629DBD1054BF7E7054BF5E734
:10F1F800054BF3E7DC150021FC150021C81500219B
:10F20800D4150021F81500211016002103461046D8
:10F218000A1E08BF1F22252B70B535D8112B03D81D
:10F22800032B3FD0002035E0A3F112011329F9D8B0
:10F2380001A454F821F000BF9FF200012DF2000153
:10F248009FF200012DF200019FF200012DF2000152
:10F258002DF200012DF200012DF200012DF2000126
:10F268002DF2000119F300012DF2000125F3000130
:10F278002DF200012DF200012DF2000107F300012B
:10F2880007F3000107F300013B2B4FD0FE3B584228
:10F298005841400070BD024600211846BDE8704044
:10F2A8000AF0A1BA0468A37B1A2B01D0142B46D10B
:10F2B80094F85230002B42D184F8513084F84A3007
:10F2C80094F8B13103F0FF0523B14FF48161362082
:10F2D800F1F7ACF8B4F8AA3084F8B221A4F8B33145
:10F2E80084F8B551A4F8B651A4F8B85184F88252FC
:10F2F800144904F2A91008F005FDA57392E7124914
:10F308000C68002C8ED019462346BDE8704018477B
:10F318000E4B1B68002B85D01D21F6E70C4B1B6894
:10F32800002B3FF47FAF1F210068EEE7094B1B68F5
:10F33800002B3FF477AF1146BDE870401847022014
:10F34800A8E700BFD7840101C4150021D01500210A
:10F35800D81500210C1600212DE9F347964F804659
:10F368000E467C68002284F84C20398920468D0599
:10F378005EBFB4F84020013292B2A4F840200AF0EF
:10F388008BF838B10B4604F5A87204F1A8012046A1
:10F39800FBF708FB3B8903F4C06333B1A37C23B9B3
:10F3A80001212046A174FFF70FFDB8F1000F40F0CE
:10F3B800CC81002E40F0C9813B897D685C0705D56A
:10F3C8002A7C072A02BF01222E747A74980713D563
:10F3D800387C0123072885F89F300AD0112824D0CB
:10F3E800FBF76EF8034628B94FF4C3613620F1F7EE
:10F3F8001DF8724B724898473B89190740F1B28053
:10F408007C6894F89E302A2B36D81B2B0FD8012BFA
:10F4180056D0032B5DD0002B42D094F89E30FE2BA3
:10F4280040F0898040F22561E0E7664BE2E71C3B4B
:10F438000E2BF2D801A252F823F000BFF9F4000114
:10F4480023F4000123F4000123F4000123F4000154
:10F4580001F500010FF5000123F4000123F4000178
:10F4680023F4000123F400012DF5000123F4000129
:10F4780023F40001F9F400013C2B5AD03F2BCCD1E6
:10F48800E388B4F83C229B1A1B0402D4002384F8B6
:10F498005232A37B472B0CD1002384F84A30BCE7B7
:10F4A800E288B4F83C12521A1204B6D484F85232E4
:10F4B800B3E7E37B472BB0D1414808F038FEACE70F
:10F4C800E388B4F836229B1A1804A6D40023A37341
:10F4D800A3E7A37B143BDBB2092B05D840F24122FA
:10F4E80022FA03F3D90798D4002384F88232DFE79D
:10F4F800002384F84131D0E7334B1B68002B8CD0B4
:10F508002046984789E7002384F842312F4B1B682F
:10F5180023B104F5A17104F1A4009847284808F024
:10F52800ECFD7AE72A4B1B68002B3FF476AF2448A2
:10F53800E7E7284BF7E7FE2384F89E30A37B292BC7
:10F5480038D02ED80B2B30D00D2B31D0E37B472B66
:10F5580004BF4823E373237C082B01BF02237B7479
:10F56800002323743B89DA074AD5FA687B68166852
:10F57800997B93F8520034780AF022F928B1112CBB
:10F5880069D8154BE340DB0765D511792046FAF7B2
:10F5980073FA18BBFB68314609481A7908F008FE67
:10F5A8002DE0472BD2D1482300E00C23A373CDE7ED
:10F5B8000E23FBE72A23F9E7C00B0021B3970101CB
:10F5C800C40B00219B970101E0150021E4150021DF
:10F5D800E815002104160021742802000D2C34D0EF
:10F5E800112C34D0072C34D02046FAF755FF0346A7
:10F5F8000028CFD0FA683146B348127998470646B2
:10F608003B781C0707D5A97B95F852000AF0D8F873
:10F61800002818BF08262846FFF7D4FC7D6895F80F
:10F628009E30FE2B40F091802B7C073B012B40F253
:10F638008C8095F82C3103F0FF0273B10023A5F8F4
:10F6480044300223A5F89E307FE0A04BD2E7A04BC0
:10F65800D0E7A04BCEE70826D2E7AB7B43B995F8B5
:10F668003E201AB31222A5F89E20A5F8463069E07C
:10F67800282B00F0A78010D8132B5ED009D8032BB5
:10F6880000F09A80122B00F08E80103B102B5CD972
:10F698000CE01D2BF9D1062350E0342B00F0A48098
:10F6A800352B00F09780322B00F09280EB7B362BC5
:10F6B80000F2E080212B00F29980013BDAB2052AA2
:10F6C80040F2C68095F89E30FE2B3ED17C6894F8B7
:10F6D8009E30FE2B40F0E381A37B002B40F0DF81BE
:10F6E80094F85232002B00F0678194F85032002BC6
:10F6F80040F05D81E07B08F03AFD8246002840F04A
:10F708005B81E37B342B00F0578194F850328BB146
:10F718001021B4F8AA00F1F791FA036913F40079FB
:10F7280000F056814723A4F846A0A373012384F868
:10F738004A303F23A4F89E30B1E10B23A5F89E3050
:10F74800A5F84620012385F84A307C6894F82C31C6
:10F758001BB9237C073B012B04D8B4F84430013390
:10F76800A4F8443094F84A1021B1B4F84630013373
:10F77800A4F8463094F9502022B1B4F84E30013341
:10F78800A4F84E30B8F1000F40F06D837B7C022B5B
:10F7980000F06583012B40F01483637C002B40F05C
:10F7A800258300212BE3D5F85432C5F89030032384
:10F7B800A5F89E30002358E795F8993085F8A030D1
:10F7C80007233FE71823A5F84620A5F89E30BCE795
:10F7D8002123B3E71123A5F84620AA73A5F89E3084
:10F7E800012385F8A030B0E727232BE7223B142B11
:10F7F8003FF668AF01A252F823F000BFE1F800011C
:10F80800E1F80001CDF60001CDF6000159F900013B
:10F81800CDF60001CDF60001CDF60001CDF60001D0
:10F82800CDF60001CDF60001A3F90001CDF60001E7
:10F83800CDF60001CDF60001CDF60001CDF60001B0
:10F84800CDF60001ABF900018DF90001A7F900011F
:10F85800052B3FF637AF01A252F823F0A5F80001B7
:10F86800C1F8000193F800019BF90001CDF60001F1
:10F878009FF900014B2B00F096804E2B00F09580ED
:10F88800472B7FF41FAF3F2374E095F8983085F835
:10F89800A0300723A5F89E30002313E00C23002294
:10F8A800A5F89E3095F85330A5F84E2043F0010393
:10F8B800EA7385F8533005E71323A5F89E30002333
:10F8C800A5F84E30EB73FDE6C40B00217B980101CF
:10F8D800B398010181F1000195F82F31002B7FF4D5
:10F8E800F1AE95F82E31ABB1EB7B05F1A80005F52B
:10F8F800977105F23A22292B28D0AB7B293B012BA3
:10F908008CBF0023012308F044FA2323EB73002360
:10F9180085F82E31EB7B232B7FF4D4AE05F1A800BC
:10F9280008F07BFA18B105F25910FAF7B3FAB5F8EE
:10F938000A31A5F8A030B5F80E31A5F8A230152384
:10F94800A5F89E300023A5F84E30BBE60123DAE780
:10F9580095F83831012B10D095F83831022B7FF407
:10F96800B1AE0023D5F81821D5F83A11AF4807F001
:10F97800F2FA1823A5F89E30A4E695F83931002B41
:10F98800EAD1EEE71123A5F89E30002385F8A030D0
:10F9980096E70923EEE71B237CE72423EAE71E23E7
:10F9A80078E72723E6E72C23E4E73C23E2E794F80B
:10F9B8004031002B3FF49EAE94F8823203F0FF01F1
:10F9C8000BB3E37CBBB1237D73B940F217710DE52E
:10F9D800974B1B6813B94FF4E16107E51A21934867
:10F9E800984784F852925AE00A23A4F89E300023DC
:10F9F800A4F8463011E0D4F85422C4F89020032229
:10FA0800A4F89E20F4E794F83F3103F0FF0243B1D5
:10FA18000823A4F84610A4F89E30012384F84A303D
:10FA28003DE094F8403103F0FF0173B194F8693078
:10FA3800DB0905D02B23A4F89E30A4F84620ECE778
:10FA48007C4B1B685BB3794861E0D4F88432002BA7
:10FA58005FD01F22E07BFAF779FA002859D1D4F851
:10FA6800843233B113F8512C012A05D040F2477182
:10FA7800BCE440F24371B9E413F8283C03F0FF01F9
:10FA880013B14FF4E961B1E494F8653098063BD5B9
:10FA98001F23A4F8461084F84A20A4F89E3095F84D
:10FAA8009E30FE2B7FF451AEAB7B002B7FF44DAE26
:10FAB80095F83532002B3FF448AEE87B08F057FB49
:10FAC800044600287FF441AEEB880A2B7FF63DAE52
:10FAD8006846F9F7A1FF00283FF437AE052205F183
:10FAE8001801684604F08EFF002800F067819DF831
:10FAF8000430009885F834320123C5F83002A5F89F
:10FB08009E3085F8354220E64B4B20461B689847C7
:10FB1800C5E794F83E3173B194F8533013F00302FB
:10FB2800BDD10C2143F00103A4F89E1084F8533092
:10FB380084F83E2157E794F82E3113B394F82F3107
:10FB4800FBB9E37B04F1A80004F5977104F23A22AB
:10FB5800292B14D0A37B293B012B8CBF0023012325
:10FB680008F017F9002384F82E31B4F80A21A4F814
:10FB7800A020B4F80E21A4F8A220142240E7012303
:10FB8800EEE794F83831012B5DD194F83931002B28
:10FB980059D1E07B08F0EBFA002854D194F82011F1
:10FBA8004B1EDBB2032B09D894F82121DFF88CC057
:10FBB800013A1CF80300D2B2032A03D94FF43F716B
:10FBC800062014E4022894F83A310AD003280AD00F
:10FBD800012804D1012B14BF002301232BB91623BC
:10FBE80003E7022BF7E7042BF5E71CF8022094F84B
:10FBF8003B31022A15D0032A15D0012AEFD1012B57
:10FC0800EDD1E38804F50E72B4F83C0107F087F9EA
:10FC18008146A8B901460548F9F76CF984F8389186
:10FC28003DE7022BECE7042BEAE700BFC40B0021F9
:10FC3800F4150021FC150021DC1500217F5A020172
:10FC48002C23A3732BE794F8413103F0FF0283B30D
:10FC5800884B89481B689847FE283FF420AF00234B
:10FC68001E2884F89E0084F89F300AD92438C0B230
:10FC78001B283FF6BCAE814BC340D9073FF50FAFF9
:10FC8800B5E601227E4B82401340002B7FF407AF7C
:10FC980015280BD011287FF4AAAE94F8A02012B131
:10FCA800A4F84630FBE6A4F84E20F8E6A4F84E3057
:10FCB800F5E694F84A3103F0FF090BB11D23BAE6C3
:10FCC80094F842316BB30921B4F84401F0F7B6FF58
:10FCD80010B984F8420186E690F8F03103F0FF028B
:10FCE80013B984F842217EE690F8C831032B14D862
:10FCF800DFE803F00202050D84F8429173E694F8F8
:10FD0800483180F8F131002384F842316BE6222330
:10FD1800A4F89E30A4F846907FE640F2DB61FFF736
:10FD280065BB94F84B318BB194F8523273B994F89F
:10FD380066305A0608D5534B1B68002B3FF4AFAE0C
:10FD48004D4898472723F5E44F4B7AE694F84C3111
:10FD5800BBB13B220021E07BFAF7F8F8814680B975
:10FD68001021B4F8AA00F0F769FF03699B0705D5CD
:10FD7800464B41481B6898473B23C9E7444B1B68DF
:10FD880061E694F84E3153B194F8393103F0FF022B
:10FD98002BB9E37B243B072B01D923234BE694F8AB
:10FDA8004D31012B04D1002384F84D31252227E65B
:10FDB80094F84D31022B7FF472AEF4E785F83502E2
:10FDC800A1E65EB1F0064CD431074CD4B2074CD151
:10FDD800B3064CD440F66331FFF708BBB9B1B4F8A9
:10FDE8004610B4F84830994211D9222384F83130AA
:10FDF8002148FAF7C9FB00230221E381A3742046B6
:10FE0800FEF7E2FF02B0BDE8F047F9F7BDB92AB145
:10FE1800B4F84E20B4F848309A42E6D8B4F84420F2
:10FE2800B4F842309A420ED2B4F84420B4F84830BC
:10FE38009A42DAD2A27CB4F840304AB9052B7FF650
:10FE4800B0AC3E23D2E794F82C31002BCDD1EBE7B0
:10FE5800B4F842209A423FF6A4AC0823C6E716231A
:10FE6800C4E71E23C2E73D23C0E72A23BEE72323B6
:10FE7800BCE700BFC0150021C40B0021090100091F
:10FE880087120849EC150021F015002108160021F9
:10FE98001016002173B5424D0026044668602E8175
:10FEA8002E706E74FF2380F84C30837B0B3B012B44
:10FEB80011D8C388B0F836229B1A19040BD400F560
:10FEC8000C71173007F077FBA37B0C2B08BFA673C8
:10FED800FF2384F84B30B4F8202204F1A80120460F
:10FEE800013292B207F0AEFB0023A4F8203294F856
:10FEF8004A302BB1B4F84620B4F848309A4214D2AC
:10FF080094F950302BB1B4F84E20B4F848309A42E6
:10FF18000BD2B4F84220B4F84430934205D2A17C05
:10FF2800B4F8403039B9052B07D900210846FFF746
:10FF380013FA002027E09A42F7D994F89E10FE2978
:10FF480023D01848FAF712F96C68174AA17B94F87D
:10FF5800520009F035FC154B009020461449F1F782
:10FF6800EDFE6C68237BDA0703D500210D48F8F70E
:10FF7800C1FF237B9B0703D504F25910F9F78AFFC9
:10FF880000230120237302B070BD0A4B1C68002CAB
:10FF9800DAD002F07BFC02460B460248A047D3E7C2
:10FFA800C00B0021C40B00212DEF000161F30001FB
:10FFB80069EF000114160021B0F820320B4470B527
:10FFC800A0F820320446B0F840300D4616460B44DF
:10FFD800A0F8403009F060FA90B1636B20460B44FA
:10FFE80004F1A801636308F0EDFBD4E90D239A42FC
:08FFF80006D30023144904F5AF
:020000040101F8
:10000000A870636307F08BFE94F84A3023B1B4F80C
:1000100046302B44A4F8463094F9503023B1B4F85C
:100020004E302B44A4F84E3094F82C311BB9237C6D
:10003000073B012B04D8B4F844302B44A4F84430D7
:100040002046FEF7C3FF16B1E3881D44E58070BD6E
:1000500037870101014B1874704700BF480C00211D
:10006000074B93F900301844142804DC10F17F0F7B
:1000700003DB40B27047142070476FF07E0070477A
:10008000B60C00217F2307B50DF107008DF807306E
:1000900001F048F903469DF9070053B1094B5B781D
:1000A0005B425BB21844142806DC10F17F0F05DBBD
:1000B00040B203B05DF804FB1420FAE76FF07E0055
:1000C000F7E700BFB60C0021014B1870597070475C
:1000D000B60C0021024B00221A705A70704700BF04
:1000E000B60C0021014B93F900007047B60C0021BB
:1000F000014B93F901007047B60C0021014B1870B9
:10010000704700BFB80C002108B500F0AFFB00F04D
:10011000CDF800F005F8BDE8084001F0B9BB00BF1C
:10012000034B00214FF480521970A3F8012070474F
:10013000BC0C002170B50646022014460D4600F0A6
:10014000D5F8064B0122033C1A70054BC3F8104545
:10015000C3F80865C3F8045570BD00BFBC0C00218E
:1001600000E00041022008B500F0C0F8084B002272
:1001700008484FF0010C084980F800C0C3F800217E
:10018000C3F80421C3F80821C3F8801008BD00BFDC
:1001900000E00041BC0C002103000080104B1A78E5
:1001A0005AB110490020C1F88000D1F800213AB9B5
:1001B0001021002099705A701870002000F096B835
:1001C000D1F80421002AF3D0D1F8082122B9D1F8BE
:1001D00000140122C9B2ECE710210246E9E700BF92
:1001E000BC0C002100E00041022008B500F07EF8C0
:1001F000064B0022012106480170C3F80021C3F814
:100200000421C3F80821196008BD00BF00E00041C7
:10021000BC0C002108B5164B1A78B2B1C823154A98
:10022000D2F8001141B1D2F8040120B1D2F808018E
:10023000B0FA80F0400908BD013B13F0FF03EFD195
:100240000620F9F7FBFD002008BD5878C823A0F16F
:100250000202B2FA82F2520900E01AB1013B13F035
:10026000FF03FAD10228EBD0431E5842584108BD83
:10027000BC0C002100E000410A4B1A787AB10A4B0D
:10028000D3F800214AB1D3F8042132B1D3F80821C0
:100290001AB9D3F80004C0B270471020704798789C
:1002A000704700BFBC0C002100E0004138B54FF49E
:1002B00080420C4BC3F88020BFF34F8FBFF36F8F8A
:1002C000094BD3F80025032A01D101229A60064C7C
:1002D0000025C4F80055C4F8005501F0E7FBC4F848
:1002E000805038BD00E100E000E00041164BD3F83B
:1002F0000025032A70B5054601D101229A60124CEF
:100300000026C4F80065C4F8006501F0CFFB012D9C
:10031000C4F880600DD0022D01D08DB970BD0321CD
:100320000A4A0B4BC4F80015C4F81425C4F88030F1
:1003300070BD0222054BC4F80025C4F8143570BD09
:100340008C213D20F0F776F800E00041C00C002140
:1003500003000080024BD3F8A00200F001007047B8
:100360000000FF010A4B4FF6FF72014610B4D3F8AC
:10037000A442D3F8A8329BB2934208BFB4F1FF3F26
:1003800014BF0120002001D00C608B8010BC70478E
:100390000000FF010D4B70B4D3F89062D3F8945273
:1003A000D3F8984206EA0502D3F89C1222400A408C
:1003B000013202D1002070BC704703460660012064
:1003C0005D609C60D96070BC704700BF0000FF0199
:1003D0000D4B70B4D3F88062D3F88452D3F88842BE
:1003E00006EA0502D3F88C1222400A40013202D1FB
:1003F000002070BC70470346066001205D609C6071
:10040000D96070BC704700BF0000FF01EFF310829D
:1004100072B60F4B93F83D1011B9BAB962B6704776
:100420005B78012B0FD0022BF7D18307F5D4094855
:100430000121094B10B40024C0F84045196102B9EC
:1004400062B610BC70474107E7D4F0E7704700BFC1
:10045000D00D002100C000410080004130B5431E96
:100460003C4C83B02072072B6AD8DFE803F0384396
:10047000484D69525704384B0F22C3F81025A38901
:10048000B3F5166F33D2A3F6381343F48073324DAD
:10049000C5F8083501F07F03C5F8543501AB94F970
:1004A000092001F0D3FB9DF8050001F097FC00281E
:1004B0004BD128499DF9040001F04CF9237A082B0F
:1004C00031D040F2031240F25B632248C5F8342574
:1004D000C5F8383503B0BDE8304001F099BB1E4B7C
:1004E0000322C3F81025A389B3F5166FCBD3A3F568
:1004F0001663CCE7184B0422C3F81025BFE7164B50
:100500000522C3F81025BAE7134B0622C3F81025BD
:10051000B5E7114B0022C3F81025B0E70E4B0122BE
:10052000C3F81025ABE740F202220C4B0948C5F88E
:100530003425C5F8383503B0BDE8304001F068BB5C
:1005400040F645513E20EFF775FF40F2E3513E2063
:10055000EFF770FFD00D0021008000412110010055
:10056000364B421E10B51872072A62D8DFE802F037
:100570003540454A614F5404314A0F24C2F81045B2
:100580009B89B3F5166F30D2A3F6381343F480720B
:100590002B4B01F07F0100240828C3F80825C3F87D
:1005A0005415C3F81C41D3F8002242F48872C3F8F2
:1005B000002236D040F2031140F25B62C3F83415DA
:1005C000C3F838251D4801F0FBFA1D4AD2F86835FA
:1005D00043F4C023C2F8683510BD9B890324184A30
:1005E000B3F5166FC2F81045CED3A3F51662CFE768
:1005F000134A0424C2F81045C2E7114A0524C2F880
:100600001045BDE70E4A0624C2F81045B8E70C4A6B
:100610000024C2F81045B3E7094A0124C2F8104586
:10062000AEE740F20221074AC3F83415C3F8382573
:10063000C8E740F645513E20EFF7FCFED00D002103
:1006400000800041211001002DE9F043002383B018
:10065000061E0D468DF80630904614BF0223042373
:100660008DF8043002F018F901284FF0FF3088BFF0
:1006700000208DF8050001A804F058FB002840F088
:10068000CE80714F012387F83D3001F0C3FF04464F
:100690000028FAD0002E38D14FF0010997F8283001
:1006A00087F80190002B47D097F82A30002B4ED1C5
:1006B000664B674A33F8183003F5FA73A2FB03233D
:1006C000644AA5EB9315644BC3F880203B69012273
:1006D00097F829001D44614BC3F8405587F828203E
:1006E0005C4AC3F8C02100284FD097F82A000028A0
:1006F0003ED05948C0F88820D3F84031002B44D070
:100700000024204603B0BDE8F083012E40F08C8029
:1007100002237B7097F82830002B66D097F82A3098
:1007200003B34D4B0022C3F81C21D3F8002242F43E
:100730008872C3F80022C9E7B97A4046FFF78EFEF7
:1007400097F82A30002BB3D0434BC3F80090444BAA
:100750003F4A33F8183003F5FA73A2FB0323A5EBE5
:100760009315B3E73C4B293D3A4AC3F88420ADE7E3
:10077000394BD3F8002242F00102C3F80022D3F82B
:10078000503503F0F603022BBAD0344B0122DA6461
:10079000D3F84C35AB42B3DAFB89952B0CD9002E3C
:1007A0002ED0304B05F129011846D9602E4901F0B1
:1007B00003FB431C012B41D801A804F0C3FA002815
:1007C00037D17B789DF80420012B0BD0022B98D1D8
:1007D000930796D4214900201F4B0122C1F8400500
:1007E0001A618EE752078CD4F4E74046B97AFFF7D6
:1007F000B7FE97F82A30002BB4D0174B5E6090E715
:10080000184B283518491846DD6001F0CFFA431C13
:10081000012BD1D940F2C2613E20EFF70BFE40F62A
:100820005C313E20EFF706FE40F634013E20EFF744
:1008300001FE40F69F313E20EFF7FCFD40F2CC6117
:100840003E20EFF7F7FD00BFD00D0021785B0201DD
:10085000D34D62100B0000800080004100C00041B9
:100860008C5B020144000021D05A02014022002189
:10087000094810B504F028F941F21114074B002281
:100880004FF08240AA21C0F8004EC3F8402EC3F8B2
:10089000442EC3F8001E10BDD00D00210070004191
:1008A000014BD881704700BFD00D0021024B0122BF
:1008B00083F82A20704700BFD00D0021024B03446B
:1008C000187D00F516607047D05A0201014B187F61
:1008D000704700BFD00D00210C490D4A0D4810B4DF
:1008E0000D4C0B7F02EB830254F82330146D03F29E
:1008F000E733D26B1B1B10BCA0FB0303D1E905102F
:10090000401A104400EB9310704700BFD00D002137
:10091000D05A0201D34D6210645B0201024B986908
:100920001B69C01A704700BFD00D002110B5124CD2
:1009300082B001F0AFFF2369A26BC01A009261EB95
:10094000E371D4E90C2301F061FE227FD4E90413A2
:100950000A4C5B1A0A4901EB820154F82220094C27
:10096000C96B02F2F3125B1AA4FB0242A3EB9213CF
:10097000181A02B010BD00BFD00D0021645B020147
:10098000D05A0201D34D62100D4A0E490E4810B5DF
:100990000E4C137F01EB830154F82330D2E9042479
:1009A000C96B03F2F313A41AA0FB0303641AA4EBAC
:1009B000931401F06FFF201841F1000110BD00BF3A
:1009C000D00D0021D05A0201D34D6210645B0201A8
:1009D000FF2808B52AD80139072922D8DFE801F015
:1009E000041D16162104041A4FF44033144A184308
:1009F000144B40F00070C3F81425C3F81805D3F861
:100A0000503503F0F703032B15D008BD4FF44033E6
:100A10000D4AECE700230D4AE9E74FF440330C4A56
:100A2000E5E74FF44F713E20EFF704FD40F2CB2194
:100A30003E20EFF7FFFC40F256313E20EFF7FAFC84
:100A400008011000008000410801906308000006C2
:100A50000801100138B5144A144BC3F8AC210278D0
:100A6000032A1CD140780129114CD3F8141500F049
:100A70003F00626821F470210E4D42F0030245EA06
:100A8000000508BF41F40021C3F81415C3F800297C
:100A9000C3F810590123626084F83C3038BD40F23D
:100AA000AB313E20EFF7C6FC06000080008000411D
:100AB000D00D0021803202002DE9F8432A4F4FF477
:100AC0008078C7F88080BFF34F8FBFF36F8F01F03E
:100AD0009BFD0446254D00264FF0010901F0DAFE8A
:100AE000001B234CC5F8FC6FC5F8FC9F206101F08A
:100AF0004BF840F20123C5F83095C5F850364FF455
:100B00008013C5F800321B4B187C01F079F904F012
:100B10005DF8194AA683A661268584F82A6084F8C0
:100B20003C60164BC5F8A8210332C3F8C820013A2F
:100B3000C3F8C42003F5405341F6F872C3F8042506
:100B400096231022E381D5F800396360236CC7F83F
:100B50008081C5F80423C7F8008003B19847BDE839
:100B6000F84301F017B900BF00E100E00080004148
:100B7000D00D0021440000210300008000C000418E
:100B8000014B5872704700BFD00D0021034B020E7D
:100B90000002C3F82425C3F81C05704700800041FB
:100BA000044B054A034490721B7D03F51663938141
:100BB000704700BFD05A0201D00D002100B583B0AC
:100BC00001AB01F043F803B05DF804FBF0B5684CED
:100BD00083B094F82930002B00F0B58000284FF046
:100BE000000205460F4614BF022304238DF8062099
:100BF0008DF8043001F050FE01284FF0FF3088BF1F
:100C000000208DF8050001A804F090F8002840F0BD
:100C100095800123574A84F82A0084F83D3084F8EF
:100C20002830D2F8003243F00103C2F8003201F05C
:100C3000F1FC0028FBD0002D59D0012D0AD04E4BDD
:100C4000D3F84C65E389952B21D94FF4DA613E2026
:100C5000EFF7F0FB0223A17A38466370FFF780FCC0
:100C60006378022B7ED1444B424ADD645560D3F851
:100C70004C65E389952B0AD9404A06F1290340497E
:100C80001046D36001F098F80130012865D801A81A
:100C900004F058F800285BD163789DF80420012BFC
:100CA0001ED0022B09D1930707D4334B0022C3F87F
:100CB0004025A3F5804301221A612369F61A1DB16C
:100CC00006F1290003B0F0BD2E4B2F4A33F8173040
:100CD00003F5FA73A2FB032306EB931003B0F0BDF8
:100CE0005207E2D52369F61A002DE9D1ECE701237A
:100CF000A17A38466370FFF7B1FB6378012B18D1F6
:100D00001D4A1C49D3640B60E389D2F84C65952BCE
:100D1000BDD91A4A06F1280319491046D36001F0DB
:100D200045F801300128B2D940F2C2613E20EFF708
:100D300081FB4FF4E9613E20EFF77CFB40F65C312C
:100D40003E20EFF777FB40F206713E20EFF772FB93
:100D500040F69F313E20EFF76DFB40F2CC613E2024
:100D6000EFF768FB40F251713E20EFF763FB00BFE5
:100D7000D00D00210080004100C00041440000214E
:100D8000D05A0201785B0201D34D621010B5FFF713
:100D90005BFC00B110BD0346054C064A0121C4F8B6
:100DA000403502201161BDE81040F9F747B800BF97
:100DB00000C0004100800041F8B51D4D6B7F93B32A
:100DC0000446164608465CB1012C1CD00027296950
:100DD00032462046791AFFF737FC034640B1F8BD8A
:100DE000012BAF69297F16D000F0CCFC0744EEE759
:100DF000104C0121104A0220C4F840351161BDE8B1
:100E0000F840F9F71BB8012BAF69297F07D000F034
:100E1000EFFC0744DBE700F0D7FC0744D7E700F01E
:100E2000BFFC0744D3E740F6C1013E20EFF702FBC9
:100E3000D00D002100C000410080004130B5414A82
:100E40004FF4807440494FF0FF30D2F8045383B020
:100E5000C2F808030023C1F880414FF480113B4CD5
:100E600005F01005C2F800123949238584F82A30AC
:100E7000C1F84035C2F88830C2F88030C2F88430FA
:100E8000D2F85015C9B249BBE389952B04D96378D0
:100E9000012B4DD0022B41D000222A4B94F83C105C
:100EA000C3F81021228091B1C3F8AC21D3F81415F6
:100EB00084F83C2021F470216268C3F8141522F0F4
:100EC000030224496260C3F80029C3F810191DB158
:100ED0001C4B1022C3F8042303B030BD01218DF850
:100EE0000700C2F8103111619DF807304BB90CE0D2
:100EF0009DF80730013BDBB28DF807309DF80730D5
:100F00001BB1D2F81031002BF2D09DF80730002B26
:100F1000BAD140F6FF013E20EFF78CFA00F058FFFF
:100F200001300128B8D940F617113E20EFF782FAB8
:100F300000F048FF01300128AED940F611113E20E3
:100F4000EFF778FA0080004100E100E0D00D0021C9
:100F500000C0004180320200F8B50022314B324F10
:100F6000C3F84825C3F84425C3F84025C3F84C25E9
:100F7000FFF764FF00F014FF97F83D302BB103F04A
:100F8000DBFE002843D187F83D00002003F0E0FE9F
:100F90000446002840D1234D244EC5F8C401C6F8AC
:100FA0008800C6F88000C6F88400C5F8C800C5F8F7
:100FB000C400C6F88400C6F8800003F01FFE1C4B76
:100FC00041F6F872C6F8A8417C61C5F8C041BC6121
:100FD000C3F808254FF48072164BFC70C5F84845DD
:100FE000C5F84445C5F84045C5F84C45C5F84841E5
:100FF000C5F84441C5F84041C5F84C41C3F88020CC
:10100000BFF34F8FBFF36F8FC3F88021F8BD40F25D
:10101000AE413E20EFF70EFA40F2B1413E20EFF72D
:1010200009FA00BF00C00041D00D0021008000413E
:1010300000F0004100E100E0F8B52C4C2378B3B19A
:1010400088B95F1E667FE08918BF0127002E47D050
:10105000012BA569217F13D0012EA2783CD000F08E
:10106000C7FB411911E0BDE8F840FFF7E7BE94F86F
:101070002A206370E37022B31D4AC2F84031F8BDE4
:10108000012E22D000F07EFB411923690022C91AEB
:1010900094F82A302280E3B1154BC3F84021A2789E
:1010A0003846FFF7D1FA03460028E8D1104C012159
:1010B000104A0220C4F840351161BDE8F840F8F745
:1010C000BDBE228584F82A20F8BD00F07DFB4119C1
:1010D000DBE784F82830E2E700F062FB4119D4E74F
:1010E00040F6C1013E20EFF7A5F900BFD00D002169
:1010F00000C0004100800041014BC3F83C0570472F
:101100000080004138B50446074803F021FE28B9A5
:10111000064D94E80F0085E80F0038BD40F66811D1
:101120003E20EFF787F900BF0D040101140E0021E6
:10113000164B4FF0010C164A93F8281083F829C07B
:10114000C2F804055862F9B193F82A3083B1114905
:10115000114BC2F88810D3F84031ABB100200E49D2
:101160000B4B0122C1F8400503201A61F8F766BE57
:10117000D2F8003243F00103C2F80032D2F8503501
:1011800003F0F603022BE9D0704700BFD00D002119
:10119000008000410B00008000C0004108B5144BE6
:1011A0004FF0010C134A93F8281083F829C0C2F8B5
:1011B00004055862C9B193F82A3053B10E490F4B58
:1011C000C2F88810D3F840317BB1FFF737FE00201A
:1011D00008BDD2F8003243F00103C2F80032D2F861
:1011E000503503F0F603022BEFD0012008BD00BFFD
:1011F000D00D0021008000410B00008000C00041A4
:1012000008B5144B19699A690844824217D2012122
:10121000114AD9705164D2F844350533834205D35D
:101220000E4BD3F8042102B9196108BD00210C4B03
:10123000C2F84411C2F84405C2F8C43108BD022006
:10124000F8F7FCFD04490020044B0122C1F84005D9
:101250001A6108BDD00D002100C00041008000418E
:101260000900008010B51D4C034694F81DC0217F75
:10127000BCF1010F227AE0891ED000F0E9FAA369DF
:10128000184483421ED20121154BE1705964D3F8F2
:1012900044250532904206D8A3F58043D3F80421B3
:1012A00002B9196110BD00210E4AC3F84411C3F8F8
:1012B0004405C3F8C42110BD00F0AAFAA36918447C
:1012C0008342E0D30220F8F7B9FD05490020064B20
:1012D0000122C1F840051A6110BD00BFD00D0021E8
:1012E00000C000410900008000800041704700BF3D
:1012F000044BC3F86005D3F8002242F04002C3F863
:101300000022704700800041054B0021D3F80022E5
:1013100022F04002C3F80022C3F86015704700BFF6
:10132000008000410C4AD2F81C319BB1D2F84835FC
:101330000146012003F07F0310B45B42002483B018
:101340000B70C2F81C41D2F81C310193019B03B011
:1013500010BC7047184670470080004130B5264CDD
:1013600083B094F82A30A17000BB012222709BB395
:10137000237A994235D1214A0846214D01ABC2F862
:10138000805094F90920A17A00F060FC9DF80500D6
:1013900000F024FD50BB9DF90400214600F0DAF96D
:1013A000204603B0BDE8304000F032BC022222707B
:1013B00093B1237A8B4214D10128104B104A0DD1DE
:1013C000C3F884200C4800F0FBFB0C4AD2F86835C7
:1013D00043F4C023C2F8683503B030BDC3F88020A1
:1013E000F0E740F6C7213E20EFF724F840F2E35142
:1013F0003E20EFF71FF800BFD00D00210080004114
:101400000700008010B51B4C82B094F82A3083B1DD
:101410000128194B194A0ED0C3F8802070B1154825
:1014200000F0CEFB144AD2F8683543F4C023C2F86A
:10143000683502B010BDC3F88420F0E701AB94F921
:101440000920A17A207A00F001FC9DF8050000F047
:10145000C5FC50B99DF90400214600F07BF92046F7
:1014600002B0BDE8104000F0D3BB40F2E3513E2093
:10147000EEF7E0FFD00D0021008000410700008062
:10148000054B0021054AC3F84015D2F85035DBB2B0
:101490000BB101231361704700C00041008000417F
:1014A000044B30B4D3E90C459B6BC0E9004530BC1C
:1014B0000B607047D00D002170B501F0A9F8984C71
:1014C000984B0122C4E90C01DA64E289D3F84C3567
:1014D000952AA36306D96378012B00F0D480022BF0
:1014E00000F08680904B002294F83C008F49C3F8AE
:1014F0008820C3F88020C3F88420C3F88420C3F870
:101500008020D3F8005284F829202940C3F8001223
:1015100008BB844A00256678D2F84815824B022E13
:101520006677A161D2F844156161D3F80C01D3F854
:101530001011C3F80051C3F80C51C3F81051C3F88F
:101540000451C3F80851C3F86C512AD0012E16D0AB
:10155000002944D170BDC3F8AC216168D3F81405EB
:1015600084F83C2021F0030220F47020704962606E
:10157000C3F81405C3F80029C3F81019C9E7237A82
:101580002377002876D10029E4D02378002B00F0BF
:101590009E80FFF753FC0021E36C0846BDE87040D5
:1015A0001847E3785BB1D2F8443143B12378002B7C
:1015B0007CD0FFF743FC636CBDE87040184710BB5C
:1015C0000029C7D023786BB994F82A306070E07096
:1015D000002B00F09080534BC3F8400104E02378C7
:1015E000002B5BD0FFF72AFC236DBDE87040184745
:1015F00000F0EEFB013001287FF674AF40F61711C2
:101600003E20EEF717FF484BD3F85034D90116D5DA
:10161000C3F30312C3F30321002918BF002A01D02A
:101620001A070CD1C3F34252C3F304433E49022AC2
:1016300098BF012BD1F8541401D10129B6D1237AD6
:10164000002B67D0DA1E012A49D900250126002087
:101650002377FFF7F1FC344BD3F8000410F00100BE
:1016600003D0D3F8140426EA0000A36C2946BDE891
:10167000704018472846FFF7DFFCE36C31462846E8
:10168000BDE87040184700F09DFB013001287FF64F
:1016900029AF40F611113E20EEF7CCFE94F82A1047
:1016A0006370E37059B1C2F840319DE794F82A2085
:1016B0006370E3703AB11B4AC2F840317BE7218581
:1016C00084F82A1090E7228584F82A2073E794F89A
:1016D0002A106370E37091B1C2F840315BE7124B9E
:1016E000D3F8145415F006050DD0022D0ED00125A7
:1016F00003230026ABE7208584F82A0074E72185C0
:1017000084F82A1047E703230126A0E700250423D5
:1017100001269CE740F24D213E20EEF78BFE00BFF4
:10172000D00D002100C0004100800041E2FEFFFF1B
:1017300080320200024B03EB8003D86B704700BF7E
:10174000D05A0201024B03EB8003186D704700BFB3
:10175000D05A02010028C3B2084A08DD0121033B28
:10176000C2F80015DBB2064AC2F80C3570470021FA
:10177000C2F80015024AC2F80C357047004000411B
:101780000080004110B504460846FFF7DBFF034A1E
:10179000A2FB0020A4EB901010BD00BFD34D62103F
:1017A0004FF47A73064A03FB00F032F91120054B1F
:1017B00000F2E7301044A3FB003080090238704784
:1017C000505B0201D34D621010B44FF47A73064C93
:1017D000064A00FB033334F9111010BC0B44A2FB82
:1017E00003208009704700BF505B0201D34D621097
:1017F00010B504460846FFF7A5FF044B00F2E7309A
:10180000023CA3FB0030A4EB901010BDD34D62103E
:1018100038B50D4C84461D464FF47A7334F91110D7
:1018200004EB82040535104664690C4404F6B734B1
:1018300003FB0C44054BA3FB0434FFF77BFFA40917
:101840002544284438BD00BF505B0201D34D6210CF
:1018500038B5054608461446FFF774FF0A4B0246A2
:1018600020464FF47A7103EB84035C69074B04F65E
:10187000B73401FB0544A41AA3FB0434FFF75AFF55
:101880000530A409204438BD505B0201D34D6210DD
:10189000024B00221A705A709A707047240E002171
:1018A0002DE9F04F064683B0012088469DF83C5054
:1018B0001F469DF830B0BDF838A001929DF84090C9
:1018C000FEF714FD06F00302374C16F0FB0F42EA58
:1018D0000542E57004F1040E344D42F08072F44686
:1018E000C5F80425D8F80820D8F80C30D8F800003E
:1018F000D8F80410ACE80F00019B84F81CB0C4E9D0
:1019000005370D9B1A685B68C5F808E5C4F81D200B
:101910004FF48052C4F82130D5F818356AF3070324
:10192000C5F818354FF00003C5F88430204BC3F8D4
:10193000082515D11F4BB9F1020FC5F88031C5F844
:1019400084302CD81C4B13F80930C5F820350123FE
:10195000022E84F82560637015D903B0BDE8F08FBE
:10196000B9F1020F1BD8144B012E13F80930C5F83A
:101970002035ECD10F4B114A84F82560C2F8D031E4
:10198000C5F88C306670094B012200212270C3F823
:101990000011C3F800121A6003B0BDE8F08F4FF4D5
:1019A000BA713C20EEF746FD240E002100E0004114
:1019B00000F000410C000080A05B020100800041AB
:1019C0001A4A537870B563B3194B0124C3F80C1548
:1019D000C3F8100592F825509470B5B91278E2B1A9
:1019E000C3F804514FF48055124AC2F80455D3F895
:1019F000006116B15C60C2F808550B7803704B7833
:101A0000043343708B78837070BD00211470C3F869
:101A10000411C3F800421C6070BD97213C20EEF712
:101A200009FD4FF4D5713C20EEF704FD240E002192
:101A300000E0004100F0004108B5174B5A782AB386
:101A4000164A4FF0010CC2F80C151978C2F81005AF
:101A500083F802C0B1B10021C2F80411DB78023B67
:101A6000012B05D80E480323C0F85011C2F81C35CD
:101A70000A494FF480520B480B4BC1F88400C3F85D
:101A8000042508BDBA213C20EEF7D4FC4FF4DF71E9
:101A90003C20EEF7CFFC00BF240E002100E0004107
:101AA000008000410500008000F00041104B1A78D2
:101AB000CAB100220F49104810B44FF48054C1F845
:101AC0008420C0F80845A0F5E040C1F88021C1F8A5
:101AD0008420C0F8D021C1F88C201A70002210BCDC
:101AE0005A709A70704700225A709A70704700BFFF
:101AF000240E002100E0004100F00041F8B51B4B2E
:101B00001B786BB31A4CD4F8043113BB194B022267
:101B1000C4F804231F691A6907F0100742F0100285
:101B20001A61D4F8043153B9134E4FF48045C6F806
:101B3000805108F02CF8D4F80431002BF7D027B9E5
:101B40000C4A136923F010031361094B0222C3F8F6
:101B50000823074BD3F80004003818BF0120F8BD54
:101B60004FF4F2713C20EEF765FC00BF240E00211B
:101B700000E0004100ED00E000E100E0014B012247
:101B80009A60704700E0004130B40023094D0A4CD0
:101B90000A4805EBC3010133D1F8002322408242F9
:101BA00004D1D1F80023D1F804131160202BF0D117
:101BB00030BC70470000FF0100F0FFFF00800041D3
:101BC000027A082A0DD80123934013F05A0F0DD141
:101BD00013F4C27F05D00B4A0B4BD2F88420C3F814
:101BE00088250A4B0022C3F800257047054A064B9A
:101BF000D2F88020C3F888250022044BC3F80025C2
:101C0000704700BF0000FF0100800041004000411C
:101C1000027A082A14D80123934013F05A0F09D1ED
:101C200013F4C27F0CD0074A074BD2F88420C3F8C4
:101C300088257047034A044BD2F88020C3F88825D2
:101C4000704700BF0000FF01008000412DE9F04F08
:101C5000454C85B0054698460E46174600F00EF9ED
:101C600023788146AB4202D16378B3423CD0082D41
:101C70001BD1BB464FF0040A8DF80F703046FEF7BB
:101C80001DFE00210346524600915846414600F091
:101C9000ABF8B8F8003025706670A380A071A7700B
:101CA00084F8039005B0BDE8F08F05F1FF3ABAF172
:101CB000060F50D8DFE80AF0044235284F0404002C
:101CC0000DF10F033A463146002000F0DDF8002800
:101CD00046D19DF90FB0BAF1060F3CD8DFE80AF003
:101CE00011382B1E3B11110094F90230BB42BED1BA
:101CF000E3788342BBD1A38894F90600A8F80030AA
:101D0000D0E74FF0000AB9E70DF10F033A4631462C
:101D1000032000F0B9F818BB9DF90FB04FF0030A8B
:101D2000ACE70DF10F033A463146022000F0ACF863
:101D3000B0B99DF90FB04FF0020A9FE70DF10F0304
:101D40003A463146012000F09FF848B99DF90FB09E
:101D50004FF0010A92E740F289410620EEF76AFB54
:101D60004621A920EEF766FB58000021014B1860C0
:101D7000998070474C0E0021024BD86019745A822A
:101D8000704700BF780E0021014B1B681B68184785
:101D9000A0000021014B1B685B681847A0000021D0
:101DA000014B1B689B681847A0000021014B1B6872
:101DB0001B691847A0000021014B1B685B6918478D
:101DC000A0000021014B1B689B691847A00000215F
:101DD000014B1B68DB691847A0000021014B1B6801
:101DE0009B6A1847A000002130B4044C9DF80850AD
:101DF00024680295E468A44630BC6047A000002136
:101E000000220D49134610B540FA02F4E40744BF1E
:101E1000CA545C1C02F1010248BFE3B2042AF3D1A8
:101E2000054AFF24D118032B01D9107110BD0133CD
:101E300001F8014BDBB2F6E7241600219F9A01015D
:101E4000A59A0101A79A0101CD9A0101AB9A01015E
:101E5000D79A0101B19A0101E19A0101B79A0101F2
:101E6000ED9A0101C39A0101C79A0101B99A0101D2
:101E7000BF9A0101DD9A0101E79A0101014B187D2A
:101E8000704700BFA80E0021042810B511D883B1F7
:101E900004280CBF10242824A1420AD2064C54F86E
:101EA000200018B141568A42A8BF0A4600201A7085
:101EB00010BD6FF01500FBE7A80E002102280346B5
:101EC00010DC10F1270F0FDB084A101890F82800DB
:101ED000024492F92C209A4207D0002918BF013001
:101EE000C0B270470F20704700207047AE5B020100
:101EF000022808B506DCFFF7E1FF034B034493F922
:101F00002C0008BD0320FCE7AE5B0201C0B208B59F
:101F100018B9044B01221A6008BD4D21B52002F00A
:101F2000D9FA00BF0050004110F0FF0008B507D1FA
:101F3000054B01225A60C3F80001044B187008BD1C
:101F40007C21B52002F0C6FA00500041BD0E0021F0
:101F5000014B01221A707047BD0E002108B540B92F
:101F6000064BD3F8003113B9054B187808BD012092
:101F7000FCE7C221B52002F0ADFA00BF00500041DD
:101F8000BD0E0021024BD3F8080400F00100704799
:101F900000500041024BD3F8140400F001007047D8
:101FA00000500041024BD3F81C0400F003007047BE
:101FB0000050004107490246D1F81804D1F818141E
:101FC00010F4803005D0D0B201F003031B1A584240
:101FD0005841704700500041F8B50F4E01270446A4
:101FE0000D46375407F084FD58B92CB90B4BB77028
:101FF0007560C3F80473F8BD40F225116D2002F03E
:1020000069FA002DF7D01CB92046A8477460F2E7A2
:102010004FF4A071F2E700BFC00E00210050004154
:10202000044B002219181A548A7003EB80014A608D
:10203000704700BFC00E0021014B9881704700BF60
:10204000C00E0021014BD889704700BFC00E00218F
:10205000014B9889704700BFC00E002110B5EFF307
:10206000108472B6064B03441A7C0132D2B21A7441
:102070001B7C012B01D1FFF749FF04B962B610BDEB
:10208000C00E002108B507F036FD07F031FD084A03
:10209000084B30B10121116104229A740022DA74D4
:1020A00008BD032199740121C2F80413F6E700BFAB
:1020B00000500041C00E002110B5EFF3108472B63D
:1020C000094B03441A7C22B940F257216D2002F0DB
:1020D00001FA1A7C013AD2B21A741B7C0BB9FFF7D1
:1020E00023FF04B962B610BDC00E0021024B987CDC
:1020F000003818BF01207047C00E002137B5184CBA
:10210000637D63B9206A00F00300FFF753FF30B12D
:10211000EFF3108372B6A27C1AB103B962B603B0B2
:1021200030BD0122A27403B962B680230D4DC5F8FB
:1021300008334FF42073ADF80630BDF806309BB27B
:102140005A1E92B2ADF80620002BF6D1C5F81C310C
:1021500084F82430FFF796FF8023C5F80433DEE7C8
:10216000C00E0021005000412DE9F347344C237D7F
:10217000002B62D00323ADF80430324BD3F800516A
:102180003DBBD3F80481B8F1000F08D02D4B0022DD
:10219000C3F804210222C3F80823FFF7AFFF94F825
:1021A0002460284BF6B2D3F81C2135B1A17C032959
:1021B00001BF0421A1740121196182B30022C3F877
:1021C0001C21A37C042B26D040F269316D2002F043
:1021D00081F9002501220DF10409271DA61C8DF8A7
:1021E0000450D3F80481C3F8082319F8010B03281D
:1021F0000AD0337843B14FF0000A3B6886F800A05C
:1022000013B19847C7F800A06B1C043701360125AD
:10221000022BEAD1B7E70223A37407F06FFC66B183
:10222000002384F82430A37C022B01D1FFF72AFF7E
:1022300002B0BDE8F04707F061BC02B0BDE8F0872E
:10224000C00E00210050004110B5054C206A00F07E
:102250000300FFF7AFFE0028F8D0002010BD00BF3C
:10226000C00E0021F8B5054650B10278022A07D801
:10227000437842B9013B1F2B02D88378212B07D921
:102280006FF015006CE0002BFAD18378002BF7D1AA
:102290005C4B2022C3F88020BFF34F8FBFF36F8FBA
:1022A000594EC3F880218323584CC6F808330023C5
:1022B000C6F80031C6F80431C6F81C3123746374C3
:1022C000AB88E381FFF75EFE10B101232370237416
:1022D000D6F80C24D6F80C34D70303D5DE0701D585
:1022E000FFF736FE4FF4AF63AA78A3810123A275EE
:1022F000002223622B78E274012B637507D0022B36
:102300002FD033B140F21E516D2002F0E3F80223CA
:102310002362FFF73FFE002835D0FFF743FE236A14
:1023200003F0030398422ED1AB793BBBFFF78CFF40
:10233000A37D63B12B7853B907F0DAFB054602F0B1
:102340001BFA6FF00043002D58D0C4E906030123A7
:102350002022002023752B4BA074C3F880211A6023
:10236000F8BD07F0C8FB284BD3F80C14D3F80C24A5
:10237000C803F9D5D107F7D50323C9E7224B0222B9
:10238000C3F80423D4E7204B01220021DA60C3F80C
:10239000041194F82010C3F818159A600222C3F8AB
:1023A0000423AA79002AC3D1D3F80423920702D4C4
:1023B00040F2D141A8E7164A1769116907F01007E2
:1023C00041F010011161D3F804310BB907F0E0FBC3
:1023D0000D4ED6F8043173B1FFF736FF27B90C4A1A
:1023E000136923F0100313610223C6F80833002396
:1023F000C6F804319CE707F0CAFBEAE7C4E90630F7
:10240000A5E700BF00E100E000500041C00E002140
:1024100000ED00E038B50C4B0C46197919B1832159
:102420006F2002F057F860B95D790DB1002038BD1A
:1024300001225A71FFF712FE21462846FFF7CCFD14
:10244000F4E76FF01500F2E7E80E002138B50B4D08
:1024500004462B791BB19A216F2002F03BF850B94A
:102460006B790BB9002038BDFFF7DAFD20466C719F
:10247000FFF722FEF6E76FF01500F4E7E80E002103
:1024800010B501B3F0B14FF0FF33104A1C46E0FB2A
:102490000134944203D9DB216F2002F01BF81A0D9E
:1024A000C3F30F100A4B42EA04324FF22444B2FB4A
:1024B000F4F100EB024003FB1100B0FBF4F040EA42
:1024C0000140013010BD0846FCE700BF3F420F004D
:1024D000000024F4014B9B68184700BFE80E002160
:1024E000014BDB68184700BFE80E0021014B1B6958
:1024F000184700BFE80E0021034B1A790AB9FFF70D
:10250000A1BD988D704700BFE80E0021034B1A79DA
:102510000AB9FFF79DBD988A704700BFE80E0021F9
:10252000024B1B790BB9FFF7E9BD7047E80E00219C
:10253000014B9B69184700BFE80E002110B5144CF1
:102540002379A3B1636A9847002806DB94F82E30FC
:1025500023B10123002084F8303010BDFFF7E8FFDD
:102560000028F6DA40F28D116F2001F0B3FF094B1D
:10257000A361094BE361094B2362094BA360094B3B
:10258000E360094B2361FFF76DFE0028E1D0E4E72B
:10259000E80E002149220101099B0101ED20010102
:1025A000F79A0101FD9A0101039B010138B5084B1F
:1025B00004461D7925B140F2E1116F2001F08AFF38
:1025C00001F038F82046FFF737FD284638BD00BF38
:1025D000E80E002108B5074801F01AF8054800F098
:1025E00021F801F023FA01F00BFA00F02BFB012097
:1025F00008BD00BF1C0F002101F0AABB103001F084
:102600003BB800BF01F050B801F078BC01F0B0BD9C
:1026100001F0C2BD01F004BC2721032008B501F080
:1026200059FF00BF024B186000221A719A60704770
:10263000240F002170B582B01F4C2379012B11D0DB
:10264000DAB2022A0BD10DF10701A06800F020FBDD
:102650000023A36023719DF8070002B070BD012024
:1026600002B070BD0DF10701A06800F007FBA5687E
:102670006B7DDB07ECD5AB7F042BE9D001F058F87C
:1026800006460028E4D001F059F82A69B3682E689C
:102690006D6896194FF0000245F100050A3342F1CA
:1026A00000021B1842EB0102B342AA41D0D3A0683A
:1026B00000F092FCCCE700BF240F0021837F0BB118
:1026C000002070470A684B68D1F808C010B5CC6884
:1026D0000260C46001244360C0F808C00A694B6905
:1026E000026184774361054B1A792AB998601C719D
:1026F00000F0B4FF204610BDFFF78EFF240F00212D
:1027000070B5044682B00D4601F012F8A37F012B8C
:1027100017D02A6806466B68A868E968A06020465A
:10272000E1600DF10701226063602A696B69226133
:1027300001226361A27700F0A1FA2EB1012002B05C
:1027400070BD002002B070BD024B0421186807F074
:10275000EDF9F3E7240F0021024B0621186807F07A
:10276000E5B900BF240F002110B5084B1A7952B902
:102770000446986002221A7100F070FFA07FB0FA40
:1027800080F0400910BDFFF747FF00BF240F002174
:1027900038B5837FC3B1044609E0A37F042B09D079
:1027A000A37F012B11D007F0F2F9A37F63B1A37FC0
:1027B000032BF2D1EFF3108572B6204600F0C6FA73
:1027C00005B962B6A37F2BB938BD4FF482710320DF
:1027D00001F080FEFF21032001F07CFE70B505466C
:1027E00000F0A6FF00B3044600F0A8FF0346284609
:1027F000A4680025E41841F100062246334600F0A3
:102800007DFBA04271EB06030CD3001B6FF00103AC
:1028100061EB0601834275EB010100D370BD4FF0FF
:10282000FF3070BD284670BD40F22911032001F031
:1028300051FE00BF2DE9F04104460F4600F078FF3D
:1028400010B385680023064662195B4113B100206E
:10285000BDE8F08100F072FF2A18384641F100030C
:1028600014EB020843F1000500F048FB4045A94184
:10287000EDD301F06DFA00F023FAB368012037754B
:102880002344B360BDE8F0814FF4A371032001F04D
:1028900021FE00BF00F052BF08B500F049FF08B1AB
:1028A000007D08BD40F29B11032001F013FE00BF24
:1028B000F8B50369002B51D1044601F049FA0546E9
:1028C0000E46FFF713FE90B36435D4E9000346F1DA
:1028D0000006A84273EB060221D3C4E90003EFF31C
:1028E000108672B600F024FF054688B100F026FF7E
:1028F000AB6800220B3342F100021B1842EB0101CE
:10290000D4E90002834271EB02050BD3C4E9003124
:1029100006B962B62046BDE8F84000F085BB2846FF
:102920003346DAE703461146C4E90031F0E7FFF722
:10293000EDFD074600F010FF2168B842626838BF1D
:102940003846963546F10006401946F100038842A4
:1029500073EB0205C1D208461346BEE74FF4D171AE
:10296000032001F0B7FD00BF1B4B186898B3036844
:1029700050E9061230B50A3150F8104CA0F1180099
:1029800042F1000C09194CF1000C1BB922E014D3E0
:102990001B68FBB153E906248A4274EB0C0519D27B
:1029A00090F814E013F8045C7545F0D19D88B0F8F8
:1029B0001CE0A5EB0E052D04EAD553F8101C0A32D5
:1029C000A3F118001B6844F10004891844F1000CBD
:1029D000002BDFD130BD7047300F0021F8B5254DF9
:1029E00000236B60EFF3108172B6AA68EB60AB60F6
:1029F0006A6009B962B66A686AB300261E4C9379A8
:102A0000A2F11800032B27D013686BB39A79183BF7
:102A10008646A446042A0FD19A8B818B521A12043F
:102A200002D50EF1180C18469A6942B19E46A2F1E1
:102A300018039A7F042AEFD09B7F032B16D1DCF872
:102A4000002012680221C368CCF8002086779847DE
:102A50006A68002AD3D1F8BD1768012152F80C3CEE
:102A600096716F609847F3E7A446EAE763219F20D9
:102A700001F030FD300F0021340F00216F4B2DE9A4
:102A8000F04F1B6883B082830646427D8946046806
:102A900002F001024568002B00F0C980A3F1180C78
:102AA000002A6CD0654ADCE90001844275EB01071D
:102AB0002ED39CF81420337D9A421AD8DCF80830C3
:102AC0001B1841F1000113F10A0E41F10007744592
:102AD00075EB070280F0A5803269121945F10000FC
:102AE000964577EB000801D2724638469A428841F3
:102AF0007FD3DCF818300CF11802002B00F08F8027
:102B0000A3F1180CDCE90001844275EB0107D0D277
:102B10001F466346B16811EB040E45F10008002B17
:102B200042D0CA46CDE900271EF10A071868596845
:102B300048F10002B84271EB020243D21A7D377DA0
:102B4000974218D39A68121841F1000112F10A094C
:102B500041F1000C4C4575EB0C0044D23069001972
:102B600045F1000781457CEB070B01D248466746DB
:102B700090428F413CD39B6923B3183BD4E7DCE9F7
:102B800000012E4A844275EB01010CD3DCF81830A9
:102B90000CF118023BB1A3F1180CDCE900018442EE
:102BA00075EB0101F2D21F46334643F8187F1360DC
:102BB000FFF7DAFE864210D0002389F8003003B018
:102BC000BDE8F08FDDE900273346D14643F8187F92
:102BD0001360FFF7C9FE8642EED1012389F8003069
:102BE00003B0BDE8F08F20462F4690428F41C2D2FD
:102BF000D1460023042106F1180233767376B376AA
:102C0000F3760E4BB1779B6873B10C4BDB681A609F
:102C10000B4B0A491878CA6001F014FECCE71F4636
:102C200078E72246284661E7044B9A60F0E712B93C
:102C30001746024AB8E71F46004A6BE7300F0021EB
:102C4000A400002110B50A4C2378FF2B0AD10948B3
:102C500001F0CEFD084B002220701A609A60DA6005
:102C60001A8210BD4FF48D719F2001F033FC00BF1C
:102C7000A4000021DD290101300F0021034B1A8A35
:102C800002F1010CA3F810C0FFF7F8BE300F0021CD
:102C900038B504460D46FFF767FE034604F11801F8
:102CA0000648E31AB3FA83F35B092B7006F064FF5E
:102CB00010B100230120A37738BD00BF300F0021E1
:102CC0002DE9F0431F4E34686CB34FF000083546D1
:102CD0004FF00409C6462346246853F8187C53F87D
:102CE000082CD21953F8147C47F1000C82427CEB7B
:102CF000010C1AD22A6812682A6083F80690B2681A
:102D000083F800E083F801E083F802E083F803E051
:102D10007AB1F26813604FF00108F360002CDAD149
:102D2000B8F1000F07D1BDE8F0831D46002CD2D1C9
:102D3000F6E7B360EFE7044BBDE8F043187801F025
:102D400081BD00BF300F0021A400002138B5164D11
:102D5000044600F11801AB68A3B1AB6899421ED0DC
:102D600083B11A461B686BB19942FAD153B1186806
:102D70001060A86881420BD0EB6899420DD0002307
:102D8000A37738BD094806F0F7FE0028F7D138BD13
:102D90001B68AB60EB689942F1D1EA60EFE7002B6A
:102DA000F0D00022E5E700BF300F0021340F0021F2
:102DB0002DE9F843484E3468002C00F086804FF02F
:102DC00000080F460546B1464FF0040E4146234623
:102DD000246853F8180C53F8082C121853F8140CE4
:102DE00040F1000CAA427CEB070C65D2D9F8002018
:102DF0001268C9F8002083F806E0B26819705970AB
:102E00009970D970002A5BD0F26813604FF0010806
:102E1000F360002CDBD1B8F1000F03D02F4B1878F2
:102E200001F010FD3368002B4FD0A3F1180C53E9CB
:102E30000612A94272EB070044D353F8100C002489
:102E40001B680A3044F10004091842EB04021BB964
:102E50002CE016D81B684BB353E90604884274EB88
:102E6000020E23D29CF8148013F804ECF045F0D144
:102E7000B3F804E0BCF81C80AEEB080E1EF4004F63
:102E8000E8D0854229463A46A3F1180C77EB040EA8
:102E900001D20146224653F8100C1B68091842F172
:102EA00000020A3142F10002002BD5D10CF11803C7
:102EB00060467361BDE8F8839946002C87D1AAE784
:102EC000B360A3E729463A46B7E700239C467361FF
:102ED0006046BDE8F88300BF300F0021A400002148
:102EE00010B5054C6169204606F046FE18B16069D0
:102EF00000231838636110BD300F00211C49096898
:102F000039B3A1F1180C9CF8141081421DD870B58A
:102F100012F10A05DCE9004143F1000EAC4271EB0D
:102F20000E0620D2DCF81060341941F10001AC42E9
:102F300071EB0E0115D2DCF8181071B1A1F1180C6B
:102F40009CF814108142F6D8E2E7DCF8181000294A
:102F5000D7D14FF0FF30014670474FF0FF300146A8
:102F600070BD2C467146B4F10A0041F1FF3170BDCD
:102F7000300F002110B5837F022B06D0837F012BF9
:102F800002D0837F042B1DD110BD437D13F00203BB
:102F900013D103240E4A00F1180103768477946854
:102FA00043768376C3765CB1D3681960094BD160F0
:102FB0001878BDE8104001F045BC0023837710BDB0
:102FC0009160F3E74FF4FF719F2001F083FA00BF97
:102FD000300F0021A400002170B50446104D04F10B
:102FE00018062846314606F0C7FD98B10023042292
:102FF0002376A2776376A376E376AB6843B1EB687A
:103000001E60084BEE601878BDE8704001F01ABCF5
:10301000AE60F6E74FF402719F2001F05BFA00BF4B
:10302000300F0021A40000212DE9F04F076983B083
:10303000002F6ED1866890F81480D0E90045EFF338
:10304000108272B635490B68002B5BD00A36B1F896
:103050001090A3F11803CDF8049047F10007B14692
:1030600014EB090AD3E9001645EB070E8A457EEBFF
:10307000060C47D3A14276EB050C27D3D3F810C03A
:103080001CEB010C46F1000BD4457BEB0E0B34BF5F
:103090004FF0010C4FF0000CBCF1000F12D093F870
:1030A00014C0C44525D034BF4FF0010C4FF0000CC4
:1030B000BCF1000F06D00A319C6846F10005641887
:1030C00045F100059B69EBB1183BC9E711F10A0C0A
:1030D000D3F808A046F1000E1AEB0C0C4EF1000ECE
:1030E000644575EB0E0E34BF4FF0010C4FF0000C31
:1030F000D2E7B3F81CC0DDF804E0ACEB0E0CCCF367
:10310000C03CD5E702B962B6C0E9004503B0BDE8EE
:10311000F08F40F227219F2001F0DCF9300F0021D1
:10312000024B0521186806F001BD00BF480F0021C1
:10313000054B586810B1C368052118474FF41B713F
:10314000B02010B501F0C6F9480F00212DE9F04775
:103150001646002B58D00C46D3E90089804579EB00
:10316000010349D3B8EB00054FF0000269EB0407F7
:10317000484CA38A22616433AB42BA41C4E9028954
:1031800016DBA36903F2A3139D4277F100076CDA03
:10319000414A40464946C4F82880C4F82C9000F0C3
:1031A000F1FC05233D4A84F830303260BDE8F087F9
:1031B000627F237F1AB19A0721D40022627703F03D
:1031C000010AA36903F2A3139D4277F1000731DAE4
:1031D000BAF1000FDCD0A08A2F4AB8EB000069F1E9
:1031E0000001C4E90A0100F0CDFC06232B4A84F853
:1031F00030303260BDE8F08780468946B2E7236A06
:1032000001209847237FD8E7224C637F2BB1237F8F
:103210009B0702D5236A012098470025657701F0B6
:103220002BF8FFF75DF91E4A2B46326084F83030E8
:10323000BDE8F08701F020F8FFF752F9A08AA369F2
:10324000984217D9BAF1000F14D0B8EB0000124A17
:1032500069F10001C4E90A0100F094FC01230F4A5E
:1032600084F830303260BDE8F08701F005F8FFF7F0
:1032700037F9A369B8EB0300074A69F10001C4E913
:103280000A0100F07FFC0223044A84F830303260E7
:10329000BDE8F087480F002121310101E933010128
:1032A000E135010102392DE9F04104292DD8DFE88B
:1032B00001F00309292C0C00164A137F003B18BFAC
:1032C000012353770020BDE8F081124D044600F041
:1032D0002BFC00F03DFD0E460746FFF769FD8046DA
:1032E0006868FFF747FE224638463146002400262C
:1032F000002743466C60C5E90267FFF727FF0220FD
:10330000BDE8F081FFF796F9DCE740F21721B02025
:1033100001F0E0F8480F00212DE9F84F2E4C8046CF
:10332000637FA76983BB94F81C9019F0010934D11D
:1033300000F00EFD10EB070B05460E4641F1000AAA
:1033400058465146FFF734FDA0B3D0E900329B4503
:103350007AEB02011BD30023284631461F4AA5629F
:10336000E6622361C4E902BA00F00CFCB9F1000F77
:1033700002D0A38A9F4215D00222194B84F8302034
:10338000C8F80030BDE8F88F4FF00009D0E7DD1B2A
:103390009B46924662F10006DDE7A38A9F4238BF52
:1033A0001F46C5E701220E4B84F83020C8F80030D4
:1033B000BDE8F88F637F2BB1237F9B0702D5236A7B
:1033C000012098470021074B0A466177C8F8003072
:1033D00084F83020BDE8F88F480F00212131010129
:1033E000E9330101E1350101023970B505460329D0
:1033F00000F2EB80DFE801F006024508754B002281
:1034000083F83120002070BD724C94F830301A1FC0
:10341000012A40F29F8000F09BFCA26A2369801A77
:103420009842B8BF184694F83030022B20617FD004
:10343000237FD90740F1C480607F002840F0C0801E
:10344000236A98470123637794F83020022AD4E94D
:1034500002034BD0012A70D0256932385E4A43F10D
:10346000FF31281841EBE571C4E90A0100F08AFB3D
:1034700094F83030062B0CBF0523042384F8303039
:10348000C0E7544C94F83030042B0FD8022B25D8C9
:10349000013B012B00F28F80FFF7CCF80028B1D060
:1034A00000F044FC2846FFF737FF15E0053B012BF1
:1034B00000F28180FFF7BEF80028A3D000F036FCB0
:1034C00000F046FC06460C46FFF772FC2A4603460F
:1034D00021463046FFF73AFE022070BDFFF7AAF8FA
:1034E00000288FD0012384F831308BE7227FD20768
:1034F0000ED5627F62B9A18A374A401A63F1000192
:10350000C4E90A0100F03EFB032384F8303079E778
:1035100021693238304A43F1FF33401843EBE171FF
:10352000C4E90A0100F02EFB042384F8303069E777
:1035300000F09AFEFEF7CEFF86E7A169264A401A00
:1035400063F10001C4E90A0100F01CFB022384F8C6
:10355000303057E7042B94F8316019D0002EAFD1EA
:10356000FFF7BEFC0028ABD06060C4E90D6600F038
:10357000D3FA6068022331468377C3689847D4E959
:103580000201FFF79DFB154B84F830602B60A3E729
:1035900000F07AFE0028E1D100200021FFF708FCAE
:1035A00008B1FFF719FD00F067FEFEF799FF284606
:1035B000FFF7B2FE90E74FF4CD71B02000F08AFF24
:1035C00040F2B311B02000F085FF40F2F111B020BD
:1035D00000F080FF480F002121310101A5320101D7
:1035E000032910B506D801290AD840F25D11B02090
:1035F00000F070FF0429F8D10446FFF71BF808B962
:10360000002010BD2046FFF787FE022010BD00BF3E
:10361000064A002310B5064C026084F83030237748
:103620002060FEF773FF5130A06110BDE13501014C
:10363000480F002108B5074B074A196809689142ED
:1036400002D15130986108BD40F25121B02000F004
:1036500041FF00BF480F0021E135010110B5EFF334
:10366000108472B6034B0421186806F05FFA04B99F
:1036700062B610BD480F0021094B5A6810B54AB117
:10368000084AD3E902410019BDE8104041F10001A8
:1036900000F078BA40F27221B02000F01BFF00BFAA
:1036A000480F00213131010108B5064B5B681BB1A1
:1036B000BDE8084000F03ABB4FF41E71B02000F0A6
:1036C00009FF00BF480F002108B5054B5A680AB131
:1036D000586308BD40F27E21B02000F0FBFE00BF21
:1036E000480F002108B5054B5A680AB1986308BD18
:1036F0004FF42171B02000F0EDFE00BF480F002113
:10370000044B9B6B03B1184740F28A21B02010B5DF
:1037100000F0E0FE480F0021044B5B6B03B118473B
:103720004FF42471B02010B500F0D4FE480F0021F2
:10373000014B5868704700BF480F002108B5054B82
:103740005A6812B1D3E9020108BD40F29B21B020B2
:1037500000F0C0FE480F0021034B187F10F001005D
:1037600018BF988A704700BF480F0021054B1B689F
:103770001BB11A6A0421586A10477221452010B5FE
:1037800000F0A8FE880F0021054B1B681BB11A6AC8
:103790000321586A10476C21452010B500F09AFEAD
:1037A000880F00212DE9F04104460D4679B9154FE7
:1037B0003B681BBB14483C60FFF786FF1348FFF7CC
:1037C00091FFFFF767F8637D06465B0705D4236A20
:1037D0002946606ABDE8F0411847FEF715FF20361C
:1037E000361A7E6000F01CFB0028FBD0002308493D
:1037F000084AC1F88031C2F88030E8E786214520C8
:1038000000F068FE880F0021893701016D37010142
:103810000010014100C00041024B00221A601A81D1
:10382000704700BF880F002108B5074B1A683AB1EE
:1038300006480021D0601960BDE80840FEF78CBF43
:10384000B921452000F046FE880F0021A53701016F
:1038500030B40D46144600212022C0E9085430BC83
:1038600001F032B930B5002287B04B7A0C46059290
:103870004FF000010092054601920492C3F38002CA
:1038800082F0010262F38201227A8DF814202B4A21
:103890008DF815100392616822780291002A3BD1BD
:1038A000D4E904209DF815406407CDE9002024D414
:1038B000C3F340039DF8152021495B0022F0030269
:1038C00043F0010313438DF815304B68C3F308032D
:1038D0006BB1103B5BB2002B18DB1A4AD35C5B095F
:1038E0002BB969462846FEF70BFF07B030BD694685
:1038F0002846FEF7E3FE07B030BD203A01F1200173
:1039000040F1FF30009202910190D1E703F00F03E4
:1039100019440B7D5B09E3E723690493FEF76CFE12
:103920009DF815305B07CDE9000104D5029A637A52
:1039300020320292BCE7637ABAE700BFA5370101E3
:1039400000ED00E000E400E010B5037886B0B3B904
:1039500004460393D0E90401CDE90433CDE9000125
:1039600063686846217A02938DF81410FEF7A0FF71
:103970000120DDE90023C4E9042306B010BD4FF4A3
:10398000AB71452000F0A6FD30B50C7887B07CBB4C
:103990004B7A4FF0000C0594C3F3800E0C7A4D68FF
:1039A0008EF0010E8DF81440144C6EF3820C0295CB
:1039B00003941CF0040F8DF815C0D1E90441CDE942
:1039C000004107D0203C05F1200541F1FF31009472
:1039D000029501919DF81540C3F340036946049296
:1039E00063F341048DF81540FEF768FE07B030BD63
:1039F00040F21F21452000F06DFD00BFA5370101F9
:103A0000074A002313721375064A012106485160C4
:103A1000C2F84035C2F84031C0F80815704700BF01
:103A2000C00F002100C0004100F0004130B4344B11
:103A30000022344C01213448826159609960C3F8F6
:103A40000843C3F84843C469C3F80421C3F84021BC
:103A5000C3F84421C3F84821002C4ED02B4A4FF024
:103A60000045C2F8C051C4F88050C3F88050284BBC
:103A7000C3F804150523C2F840351160D2F840316F
:103A8000002BFBD00121224D0023C5F80815516001
:103A9000D1601B49C2F84031C2F84035C2F8C0318C
:103AA000C4F88030C1F8803090F8203003B390F82B
:103AB00021200121124B4FF480249140144842F000
:103AC00000424FF6FF75C0F80815C3F84443C3F829
:103AD0004855C3F80443C3F848219A60C0F8041558
:103AE0000C4B4FF4003230BCC3F880211A60704791
:103AF000034B0222C3F80423F2E71960D4E700BFA6
:103B00000010014102000700C00F002100C0004169
:103B100000F0004100E100E0024B0122C3F8002761
:103B2000704700BF0000084110B4114A002301246F
:103B30004FF0FF300F49C1F88031C2F88030546037
:103B40004FF48054C2F808030B480C4AC0F8804177
:103B5000106838B14FF48030C1F808031372C1F80F
:103B600040311360064B002210BCC3F80027704799
:103B700000C000410010014100E100E0C00F002141
:103B80000000084170B5604C2368002B40F0B28003
:103B90005E4B2260994200F2B280420F5C4DC0F34E
:103BA0004F3343F6095642EAC10103EB0143A5FB3B
:103BB00001125849920B01FB12335749A5FB0353DD
:103BC00043F608559B0B43EA024201FB120048F200
:103BD00037614FEA122C430B120601FB03F34F49E6
:103BE0001B0C06FB130000FB01F1490D01EB432305
:103BF00006FB0151B0EB512F4FF0000188BF01339C
:103C0000D0184CF1000CEFF3108572B694F82060D8
:103C1000434A96BBD2F80435D2F8041109BB0533E8
:103C20004FF00002A16942F1000225B962B694F892
:103C30002050002D38D14FF08075E1FB05329842BD
:103C40007CEB020242D3010E20F07F4241EA0C21BC
:103C5000334B4FF480306160C3F84025C3F8040350
:103C600070BDA3690133A361C2F80461D2F80435C1
:103C7000D2F804110029F4D1D1E7D2F804354FF677
:103C8000FF76D2F84821B34228D0161E47F6FE7EB2
:103C900018BF0126734588BF0026053341F1000295
:103CA000A1693144002DC1D04FF48035E1FB0532CC
:103CB00098427CEB020209D3010C4FF6FF7382B2EB
:103CC00041EA0C41002A08BF1A46C1E7FF232372CC
:103CD000144B4FF40032C3F8002170BD22B9A16922
:103CE0000523002DE0D1A1E70A460F4BA169002D65
:103CF000DAD19BE740F2F921052000F0EBFB4FF40D
:103D00009471052000F0E6FBC00F0021FF7F841EA8
:103D100083DE1B43000024F40080841E6F0C01002E
:103D20000010014100E100E004000100064B1A68A8
:103D30004AB106494FF48032C1F8082300221A72B2
:103D4000C1F840211A607047C00F002100100141E6
:103D500070B4EFF3108572B62C4C2D4A94F8200005
:103D6000D2F8043540B3D2F848014FF6FF72A66985
:103D7000934245D0003843F60951C3F3080247F691
:103D8000FE7C18BF012001FB02F263454FEA53237A
:103D900088BF002002F5807201FB03F30021064476
:103DA00003EB52201DB962B694F820301BB3194BB7
:103DB000E6FB030170BC7047D2F8041151B1A3694E
:103DC0000133A361C2F80401D2F80435D2F804111A
:103DD0000029F4D143F60951C3F30802580AA66931
:103DE00001FB02F301FB00F0002103F5807300EBFF
:103DF0005320002DD7D0084BE6FB030170BC704761
:103E000000B106480021002DD1D1CCE7C00F002120
:103E10000010014180841E000080841E61841E0009
:103E200030B5EFF3108572B62F4A92F8204044B3B4
:103E30002E4B4FF6FF70D3F80415D3F8483181426A
:103E400090694BD0003B43F6095CC1F3080447F688
:103E5000FE7E18BF01230CFB04F471454FEA51218B
:103E600088BF002304F580740CFB01F1184401EBBA
:103E7000542300211DB962B692F820401CB31C4C9B
:103E800022E01A49D1F80435D1F8040150B1936900
:103E900001339361C1F80441D1F80435D1F804012C
:103EA0000028F4D1C3F3080143F609545B0A906972
:103EB00004FB01F104FB03F301F5807103EB5123D3
:103EC0000021002DD7D00B4CE0FB0431D2E90A02CF
:103ED000834291412CBF0120002030BD03B1064B2D
:103EE0000021002DCBD1C6E7C00F002100100141F9
:103EF00080841E000080841E61841E002DE9F84F1E
:103F00000020954E0125954C7560C6F84005C6F811
:103F10004001C4F80855D6F8043523F00303C6F869
:103F20000435D6F8083543F00303C6F808351023E6
:103F300093FAA3F3B3FA83F3092B00F30881C6F8CD
:103F400010354FF48052864B4FF6FF7CF56047F6F4
:103F5000FE7EC3F880211A604FF00042814B7560ED
:103F6000F560C3F88021C6F880207F4A41E06745AC
:103F7000D3F8481100F0C6800039D2F8188018BF75
:103F80000121774588BF002141444FF00008B9F175
:103F9000000F00F0BF804FF48039E1FB0978C4F8CE
:103FA0000455EFF3108972B692F82010D3F804A5E7
:103FB000002900F08F80E245D3F848113AD000394B
:103FC000D2F818B018BF0121F24588BF002159442A
:103FD0004FF0000BB9F1000F34D04FF48039E1FB02
:103FE00009ABC34508BFBA453CD0C4F80855756055
:103FF000F560EFF3108972B692F82010D3F80475CB
:104000000029B4D1D3F8041141B991694FF00008E7
:10401000B9F1000F7ED04FF08079BEE79169013190
:104020009161C3F80401D3F80475D3F80411002991
:10403000F4D1EAE7002978D18A469169D346B9F1EB
:10404000000FCAD162B692F82090B9F1000F0CBFF0
:104050004FF080794FF48039E1FB09ABC34508BFCD
:10406000BA45C2D1013743F60951C7F3080348F1F5
:1040700000083C0EC7F34E2701FB03F344EA082473
:1040800001FB07F04FEA186803F58073650100EB48
:1040900053204FEA48132D1B43EAD46363EB080611
:1040A000AB01B1015B1B41EA956161EB0601C900FF
:1040B00041EA5371DB001B1948EB0108DC034FEAAE
:1040C000C831001941EA5341906241F10001D162C7
:1040D000BDE8F88FD3F8041141B991694FF0000B96
:1040E000B9F1000FAED04FF0807978E791690131D6
:1040F0009161C3F80401D3F804A5D3F80411002991
:10410000F4D1EAE7D1B90F469169B846B9F1000F89
:104110007FF441AF62B692F82090B9F1000F0CBF66
:104120004FF080794FF4803937E79169E2464FF0DC
:10413000000BB9F1000F7FF450AF83E79169674638
:104140004FF00008B9F1000F7FF425AFE2E740F22D
:104150009F31064800F0B4F900C0004100F0004172
:1041600000E100E000100141C00F0021685D020184
:1041700010B5029C201841F10001801A61EB030187
:10418000B0F1004F71F1000100DA10BD40F2A93129
:10419000052000F09FF900BF70B4EFF3108572B6F0
:1041A0002C4C2D4A94F82000D2F8043540B3D2F8B4
:1041B00048014FF6FF72A669934245D0003843F696
:1041C0000951C3F3080247F6FE7C18BF012001FB2A
:1041D00002F263454FEA532388BF002002F5807244
:1041E00001FB03F30021064403EB52201DB962B624
:1041F00094F820301BB3194BE6FB030170BC7047E9
:10420000D2F8041151B1A3690133A361C2F80401CA
:10421000D2F80435D2F804110029F4D143F609513B
:10422000C3F30802580AA66901FB02F301FB00F080
:10423000002103F5807300EB5320002DD7D0084BED
:10424000E6FB030170BC704700B106480021002D59
:10425000D1D1CCE7C00F00210010014180841E00A5
:104260000080841E61841E00024B0122C3F8442397
:10427000704700BF00100141024B0122C3F84823E0
:10428000704700BF0010014108B5FEF72FF930B9A3
:10429000074A136B0133312B136304D808BD044B59
:1042A00000221A6308BD40F2F531052000F012F932
:1042B000C00F002110B53F4C82B094F82030002B85
:1042C00055D03D4BD3F8042352035BD43A4B61687D
:1042D000D3F80423D00334D5D3F84031002B30D0A9
:1042E000A36999425DD800232372334A4FF4803189
:1042F000C2F84031C2F808132268002A55D0236062
:1043000090472D4B2169D3F80423920324D5D3F889
:1043100044310BB3A3698B423FD300222275264B55
:104320004FF40030E168C3F84421C3F808030029C2
:104330003BD08847204BD3F840310193019B02B01A
:1043400010BDA269237A002BCDD19142D9D91A4B45
:104350000022C3F84021D4E7A269237D002BDCD1E1
:104360008A42E7D2144B0022C3F84421E2E7124A02
:10437000D2F804110029A9D0C2F80431A36901338D
:10438000A361A3E7D3F84821002A9FD00022C3F8F5
:104390004821A3690133A36198E7237D002BE1D075
:1043A000BBE7237A002BD2D09DE740F237410520AE
:1043B00000F090F8C00F002100100141014B187966
:1043C000704700BFF80F0021044B1A79824283BF67
:1043D0001B68602202FB003000207047F80F0021AC
:1043E000BFF34F8F0549064BCA6802F4E0621343DE
:1043F000CB60BFF34F8F00BFFDE700BF00ED00E0D3
:104400000400FA05094B01225A604FF0FF32C3F84D
:1044100008234FF40052064BC3F88020BFF34F8FA0
:10442000BFF36F8FC3F88021704700BF00D00041F9
:1044300000E100E0094B01225A604FF0FF32C3F85F
:1044400008234FF48032064BC3F88020BFF34F8F10
:10445000BFF36F8FC3F88021704700BF0000014198
:1044600000E100E010B5134900230122124CC1F80D
:10447000FC3FC1F8FC2FDA00013302F1FF7202F5B4
:104480008032D2F800032040884202BFD2F80003F5
:10449000D2F804230260202BEDD1084B4FF4807238
:1044A000C3F88020BFF34F8FBFF36F8FC3F8802115
:1044B00010BD00BF0080004100F0FFFF00E100E000
:1044C00008B572B6024B5B6803B19847FFF788FFE7
:1044D000001000211FB572B6144B5C6894B9FFF749
:1044E0007FFFB2FBF6F22B465D1C002AF9D1DBB24E
:1044F00003F110056D4405F80C2C0A2233B901A80C
:10450000A047ECE7024600230A26EDE7013BDBB2B9
:1045100003F110050DEB0506B0FBF2F502FB1500EB
:10452000303006F80C0C2846E8E700BF00100021E8
:10453000F8B51E4E05460C461746337893BB05F07A
:10454000D6FA77603472FFF78DFFFFF773FFFFF73E
:1045500059FF174B002D14BF28461846FDF7EEFFF4
:104560000546E8B9FFF758F9FDF7DAFF05F0CDFA8F
:10457000FEF730F818B9B8211120FFF7ABFF002C77
:104580000CDB04F01F0264090123A400934004F132
:10459000604404F56144C4F8803123600123337022
:1045A0002846F8BD4FF0FF35FAE700BF00100021A4
:1045B000EA5B0201074B93F90830002B09DB5A092B
:1045C000012103F01F03994002F14003024A42F81F
:1045D000231070470010002100E100E0014B187823
:1045E000704700BF0010002150B1074B03F11402C7
:1045F00053F8041B934240F8041BF9D10020704784
:104600006FF01500704700BF2F7D0201F0B5284DF7
:1046100083B0284C284F2E780136F6B2D5E84F3FAC
:104620000133DBB2C5E8423F002AF7D101236360C2
:10463000C4F80021C4F80421EFF3108272B6C4F864
:104640000405236052B962B608E0D4F804314BB9CE
:104650002B789E4206D13B69DB0613D4D4F8003197
:10466000002BF2D0D4F80431002BD4D12A78B242F6
:10467000D1D10322C4F80031C4F80431C4F80823AE
:1046800003B0F0BD0D4B03214FF40052C4F80413E6
:10469000C3F88021D4F80031002BDFD1D4F80431E5
:1046A000002BDBD1019005F072FA0198D6E700BF2C
:1046B0000910002100D0004100ED00E000E100E021
:1046C00070B51446DA078CB01D4686468C4633D545
:1046D000C3686E4642681BBA12BA0093CB68029256
:1046E0001BBA4A68049312BA836806921BBA0193F4
:1046F00003681BBA03938B681BBA05930B681BBA3C
:1047000007933046FFF782FFAB070DD5DDE90A10AE
:10471000DDE9083200BA09BA12BA1BBA206061603A
:10472000A260E3600CB070BD08AD0FCD2060616089
:10473000A260E3600CB070BDDEF804106E46DEF8D7
:104740000820DEF80C30EE460068AEE80F00DCF81A
:104750000000DCF80410DCF80820DCF80C30AEE8CF
:104760000F00CEE710B5002482B0CDE90044FFF77A
:10477000A7FF02B010BD00BF1A4B4FF4803270B5D6
:10478000C3F88020BFF34F8FBFF36F8F164C00210B
:10479000164DC4F80011C3F880212E692B6906F06C
:1047A000100643F010032B610123C4F80433236087
:1047B000D4F800319BB11EB92B6923F010032B6193
:1047C0000123D4F808054FF480326360C4F808333D
:1047D0000023C4F80031034BC3F8802170BD05F0FD
:1047E000D6F9E5E700E100E00000014100ED00E05E
:1047F00038B50B49042301EBC302157905F0FF041A
:104800002DB1013BF7D240216920FFF763FE41F84B
:10481000330001215471D8B29471117138BD00BFB9
:104820000C100021042808B503D947216920FFF79F
:1048300051FE034B002203EBC0031A7108BD00BFF9
:104840000C100021042808B503D950216920FFF776
:1048500041FE094B03EBC0000379012B01D051212C
:10486000F4E7437982790133DBB29A4218BF43718E
:10487000BDE80840FFF79EBE0C10002138B50524A6
:104880000F4D95F8281005EBC1031A79012A09D1BB
:1048900058799A79904205D05A79D2B29A7155F8DE
:1048A0003130984795F82830013C0133DBB2052BB5
:1048B00028BF002314F0FF0485F82830E1D138BD6B
:1048C0000C100021914270B53ED2B2FA82F33BB196
:1048D000C3F1200499409A4020FA04F498402143FF
:1048E000160C1FFA82FE030C85B2B1FBF6FC06FB28
:1048F0001C14240404EB10400CFB0EF4844206D973
:10490000241A944294BF01240224ACEB040C03EB60
:1049100001430CFB12334FEA0C4CB3FBF6F006FBE1
:10492000103300FB0EFE05EB0345AE4509D9AEEB97
:10493000050E964594BF4FF0010E4FF0020EA0EB0E
:104940000E0040EA0C0070BD73219620FFF7C2FDF7
:1049500070B5044616461D46FFF7B4FF049B00FBE6
:10496000164428601C6070BD2DE9F8431C4652EACD
:10497000040346D0804615460E4684B9914204D2BF
:10498000FFF7A0FF2146BDE8F88321463046FFF738
:1049900099FF04462A46404604FB1561F0E70127CB
:1049A000B4FA84F907FA09F2F840A2FB05C340EA19
:1049B000C170F94002FB0432FFF784FFC9F11F0305
:1049C0004FF0000C30FA03F308D138461946A845D9
:1049D000A641D8D218466146BDE8F8835A1E614602
:1049E00018466CEB0C0C134605FB0CF702FB047726
:1049F000A5FB022EB8EB02027744904666EB070651
:104A0000E5E7A6219620FFF765FD00BF8AB1013AD0
:104A100016D000EB020C10B501E060450BD08E46BD
:104A2000044611F8012B10F8013B9342F5D0981A77
:104A300010BD1046704763789EF80120981A10BD8B
:104A400003780A78981A7047431A934228D382B39E
:104A500070B5541E052C2DD95C1E84460B46022CC5
:104A600028D922F0030596084C1953F804EBA34209
:104A70004CF804EBF9D1AA4200EB050CA2EB0504BB
:104A80000DD011F82620012C00F8262007D05A78E6
:104A9000022C8CF8012002D09B788CF8023070BD7B
:104AA0008B18024413F801CD994202F801CDF9D1D7
:104AB0007047704701390244034611F8014F03F86B
:104AC000014B9342F9D170BD10F0030FC9B20346F8
:104AD00007D0BAB303F8011B13F0030F02F1FF3242
:104AE000F7D170B5032A01EB012404EB04441ED96D
:104AF000161FB508032E05F1010521D94FEA550E01
:104B00009C4603EBCE0ECCE900440CF1080CF445B6
:104B1000F9D115F0010F04D025F0010503EB85054F
:104B20002C6026F00306043302F00302334432B152
:104B3000012A197003D0022A597018BF997070BDEC
:104B40001D46EDE7704700BF10F0030FC9B20346E2
:104B500007D0CAB303F8011B13F0030F02F1FF32B1
:104B6000F7D170B5032A01EB012404EB044420D9EA
:104B7000161FB508032E05F1010523D94FEA550E7E
:104B80009C4603EBCE0ECCE900440CF1080CE64544
:104B9000F9D115F0010F06D025F00105C5EB85759B
:104BA000A3EB85052C6026F00306043302F0030214
:104BB000334432B1012A197003D0022A597018BF48
:104BC000997070BD1D46EDE7704700BF094B0A4A5A
:104BD000C3F880210132C3F884210132C3F88C214B
:104BE0000132C3F890210132C3F8EC210132C3F83D
:104BF000902070470080004104000080074B002295
:104C0000C3F88021C3F88421C3F88C21C3F8902114
:104C1000C3F8EC21C3F89020704700BF008000412A
:104C2000844641EA000313F0030359D1403A33D3D9
:104C3000F0B4F0C9F0C0F0C9F0C0F0C9F0C0F0C9DC
:104C4000F0C0403AF5D2F0BC26E0403A24D300BF91
:104C50000B6803604B6843608B688360CB68C360FC
:104C60000B6903614B6943618B698361CB69C361E4
:104C70000B6A03624B6A43628B6A8362CB6AC362CC
:104C80000B6B03634B6B43638B6B8363CB6BC363B4
:104C900040304031403ADBD230320BD30B680360F6
:104CA0004B6843608B688360CB68C3601030103101
:104CB000103AF3D20C3205D351F8043B40F8043BD0
:104CC000043AF9D2043208D0D2071CBF11F8013BD4
:104CD00000F8013B01D30B8803806046704700BF9A
:104CE000082A13D38B07B0D010F00303ADD0C3F163
:104CF0000403D21ADB071CBF11F8013B00F8013B8B
:104D0000A3D331F8023B20F8023B9EE7043AD9D303
:104D1000013A11F8013B00F8013BF9D20B7803701E
:104D20004B7843708B78837060467047014B1B68EB
:104D30001B681847A8000021014B1B685B681847D7
:104D4000A8000021014B1B689B681847A8000021A0
:104D5000014B1B681B691847A8000021034B18680A
:104D6000034BC01A18BF0120704700BFA8000021E4
:104D7000744D0101959B0101A19B0101A59B0101BE
:104D8000AD9B0101B19B010108B5EBF743FDF3F7C2
:104D90009FFFEBF78BFB002008BDFFF725BC01F060
:104DA000B9BE01F0BABE01F0BBBE01F0BBBE01F05E
:104DB000AEBE10B586B0044601A8FFF715FC02236D
:104DC0000020237003236070A3709DF80430E0700E
:104DD0006371BDF805302071E380DDF80730A36012
:104DE00006B010BD01F002B970B50446FBF7B2FA87
:104DF000012805461AD1601CFBF7B4FAB0B1A379BB
:104E00000020E61D63F03F03A371F4F709FA38B1FF
:104E1000102200213046FFF757FE0020257070BD9C
:104E20003046FBF7B7FA0028F2D0F6E70025F4E7A2
:104E300010B5044610220021FFF746FE04F11003CE
:104E4000102200211846FFF73FFEFBF7C1FA0020B1
:104E5000F4F7E6F920B12046FBF79CFA002010BDDC
:104E6000FBF778FA0028F6D0F8E710B50446FFF70C
:104E700083FCB0F5007F09DA10F5007F08DD031E22
:104E8000B8BF03339B100020237010BD7F23FAE7C7
:104E90006FF07E03F7E78178008801F0DCBD0078D1
:104EA000003818BF012001F07EB837B505460C4622
:104EB00000880DF1060101F075F92B882380BDF8FB
:104EC0000630638003B030BD38B505460C46EBF7BD
:104ED000B5FC30B13E2D04D12046BDE83840EBF79B
:104EE000F1BC38BD37B504462046F4F7B1FE0228C0
:104EF00005460FD004280DD123788A2B0DD0942B92
:104F000021D0204600F038F8A1782078FFF7DCFFA8
:104F10000028E9D0284603B030BD05213E20FFF728
:104F2000D3FF0028EDD1E37801A92279684643EA4E
:104F30000223ADF8003001F00CFD0028D4D053213D
:104F40000820EBF777FA1A213E20FFF7BDFF002873
:104F5000D7D163796946A27901A843EA0223ADF863
:104F6000043011238DF80630F3F724FE0028BBD05F
:104F70006521E5E702F071BE10B503780446813B78
:104F80001A2B35D8DFE803F0353B474B556D730ED0
:104F90006741818761777B8D9BB5C0CEE0E6ECF2FF
:104FA00034DAD4002920EBF78DFC30B13E23237096
:104FB000222363702923A3701AE00A20EBF782FCF6
:104FC0003E23237018B11F2363700A23F3E70123E4
:104FD000A37013236370E37903F00103E371D4F842
:104FE0001A30C4F80E30E38B638294F820302375B6
:104FF00010BD3E230370042343701423DBE73E23DC
:1050000003700A2343700323D5E73E2303700D2367
:1050100043700523CFE705232370042307E05A20BC
:10502000EBF70CFC08230028F6D05A22227063709C
:10503000DEE75B20EBF702FC18B15B23237006234D
:10504000F5E7302323700323F1E73E2303700B239E
:1050500043700723AFE73E230370062343700C23FE
:10506000A9E71323037083789B000133DFE75723FD
:1050700003700223DBE73E2303700D239BE73E23EF
:10508000037001234370112395E73E230370062329
:10509000437012238FE73E230370092343701323C9
:1050A00089E73E2303702420EBF70CFC18B124237E
:1050B000A3701423BBE70E23A3701023B7E73E238E
:1050C00003702520EBF7FEFB227B20B125230B325A
:1050D000A37062708CE70F2304F10B0104F1080048
:1050E000A37002F1080302326370BDE81040FFF7BD
:1050F000ABBC3E2303702620EBF7E4FB182300280B
:10510000D6D02622A27092E73E2303702A20EBF726
:10511000D9FB18B12B2363702A234CE71D2363703E
:10512000192348E73E230370072343701A2342E7FD
:10513000FF2303700D23437080233CE7FF2303709C
:1051400029234370812336E73E2303700C234370E9
:10515000232330E73E2303700E23437037232AE7CF
:105160003E2303700A234370352324E73E23037054
:10517000FE2343702B231EE708B510B96FF015000E
:1051800008BDFFF7F7FE0028F8D00020F8E710B5BB
:105190000C4648B141B1FFF7A5FE002820700CBFB6
:1051A0006FF02200002010BD6FF01500FBE7F8B58E
:1051B000941C0E46054617460C446343B3F5004F56
:1051C000A8BF4FF0FF3310F003019CB203D0B02111
:1051D0001420EBF72FF9B4F5004F01D9B121F7E70F
:1051E00014220430FFF770FCEF746C802E80F8BD41
:1051F00038B50388C4888B420589C4F30E0203D2F4
:10520000D1211420EBF716F984EA0503C3F30E034A
:105210000BB9AC4206D102F118030122C1528274CB
:10522000184438BD1846FCE7023101444A43B2F540
:10523000004FA8BF4FF0FF3290B21B3020F00300A8
:10524000B0F5004F34BF00B24FF0FF3070474088D8
:105250001B3020F00300B0F5004F34BF00B24FF018
:10526000FF3080B2704738B503888B4203D2F721F4
:105270001420EBF7DFF8857C65B1C388C3F30E0318
:105280001833C25A8A4207D3C152811DEBF72AFB59
:1052900000238374284638BD0025FBE703461830F9
:1052A000F0B59E88DD88B4B2C6F30E06A54214D0D0
:1052B0005F89DD7C845B3D44E41B0235A4B2354448
:1052C00028440D88A54284BF0C8025465989B1FA2F
:1052D00081F149091170DD81F0BD00252846FAE70A
:1052E000F8B582880026C38904460D4692B20E6046
:1052F000CBB14189C2F30E020B4418329BB287181E
:10530000825A4381934204D94FF4A2711420EBF7DF
:1053100091F804D1011DEBF7E5FA46812F600023D7
:105320000120E381F8BD1846FCE783880146028925
:105330009BB29A4202D00831EBF7D4BA7047838807
:10534000C0889BB2C31A584258417047828873B5CF
:1053500095B2C488C2F30E02AC4202F1180212D018
:105360004189C689835A314499420EDB0DF1060109
:10537000ADF80650EBF7B6FABDF80600001B18BFF3
:10538000012002B070BD0020FBE70120F9E770B5F5
:10539000C488034606891830C4F30E0584EA060261
:1053A000C2F30E020AB9B4420FD19C891A880CB11B
:1053B000465B921B914207DCDA7C2C440232224489
:1053C00010440A461A8270BD00221046FAE7F8B56A
:1053D000038A002B38D08B4236D3C48800F11803DF
:1053E0008589C4F30E041E1995B91D5575708589FC
:1053F0001E5B0D443144ADB285811953D2B1811D7C
:10540000EBF770FA00238381002303820120F8BDAB
:105410001E5BAE4204D04FF4F6711420EBF70AF88D
:10542000C57C2644878A023535445E195F53857DE5
:10543000B570DCE7C27C254402322A4499189B5A95
:1054400083828B788375DFE70020E0E78388C2885A
:105450009BB29A4206D0428922B9C3F30E03183395
:105460001844704700207047C37C0233C818704747
:10547000C37C0233C81A70470230704738B583883E
:10548000C2889BB29A4207D045892DB9011DEBF71E
:1054900029FAC581012038BD0020FCE7038813806C
:1054A000C388C3F30E031833034480890B6070472D
:1054B0000368002223B9C0E90132031D036070476D
:1054C00059681B680A44F5E70729034670B504D8F4
:1054D0004FF4EC711520EAF7ADFF0068C0B14468E5
:1054E00006461A688C4210D0106860B901F10805B0
:1054F000AC420DD3546850501868651A54180068AF
:105500006560505002E01346E9E7146830461C60BD
:1055100070BD0023C1E9003203680B600160704771
:1055200030B590B18478B1FBF4F304FB131300EBB6
:10553000430252898A4201D1D8B230BDC27822B921
:1055400000F10803D0B2844201D8FF20F5E733F818
:10555000025F01328D42F5D1EFE782780388053290
:105560004B4303EB42031844704737B5002405460C
:10557000CDE900448DF806006846ADF80440EBF72D
:105580009BFBBDF8044008B103B030BD294620465E
:10559000EBF76EFB0028EFD040F235211720EAF739
:1055A00049FF70B51E460D460921FFF73DFE044632
:1055B000324609212846FFF737FE40EA04031B0460
:1055C00054BF00194FF0FF3070BDD31D23F0070307
:1055D00070B5083390B110F0070403D05821222091
:1055E000EAF728FF04604FF6FF75C28000F1080457
:1055F0000A468180013A92B2AA4203D103FB01F02C
:10560000083070BD0668266004601C44F2E718B1DB
:10561000C2888188FFF7D9BF70470346EFF3108235
:1056200072B6006830B101681960002303704370DE
:105630008370C37002B962B67047EFF3108372B61D
:1056400002680A60016003B962B670470123037003
:105650007047F8B50C46054611461E4684F0010415
:105660006400E4B2FF23837003191B7D012B05D076
:105670000134E4B203191B7D012B0AD105EB440769
:105680003B8B3A8C9819904205DD00232C443B83D8
:1056900023750020F8BD05EB840432466068184489
:1056A000FFF7BEFA3B8B1E443E830023AB70012004
:1056B000F0E781F00101490010B5C9B2FF23837002
:1056C00043181C7D012C07D10C3120F81120022237
:1056D0001A750023837010BD0131C9B243181C7DB7
:1056E000012CF1D04FF499710920EAF7A3FE02468C
:1056F00030B5837803F0FF00F3B9137D022B19D086
:10570000537D022B15D10346012089B10024D51801
:105710000C332C7522F81340131803241C7502EB6C
:1057200080035B680B6000F10C0332F813308B8050
:10573000012030BD0123E8E70020FAE7034630B539
:10574000827802F0FF00E2B99A7D022A17D0DC7D50
:10575000022C13D1032281B11D1900200C342875AD
:1057600023F8140098180324047503EB82000C320C
:10577000406833F8123008608B80012030BD03246C
:10578000E9E70020FAE7037D012B01D1008B704788
:10579000437D012B0CBF408B00207047837D012B84
:1057A00001D1808B7047C37D012B0CBFC08B0020C3
:1057B0007047038B23B9408B003818BF0120704716
:1057C00001207047838B23B9C08B003818BF01209C
:1057D000704701207047027D022A01D1008B70477B
:1057E000437D022B01D1408B7047032AF6D0032B57
:1057F000F9D000207047827D022A01D1808B70474A
:10580000C37D022B01D1C08B7047032AF6D0032B36
:10581000F9D0002070472DE9F041064606989846D9
:105820000D46430711469DF81C7002D010F003008E
:1058300003D025214C20EAF7FDFD4FF48B72FFF7D2
:10584000C4FE002F06AB044600FB08F114BF002085
:105850001846EBF769F817B9069B33602C60BDE872
:10586000F081EBF7F9BB00EA400000EA400000EAF3
:10587000400000EA400000EA400000EA4000B0FAC0
:1058800080F04009704708B5034610468B4209D0A6
:105890003AB183EA010002F09FFB01288CBF00208F
:1058A000012008BD0120FCE737B5002304460D4662
:1058B000CDE900336846EBF7FFF930B10023CDE9BD
:1058C000003302238DF8063014E0009B2A46204660
:1058D000D3F8CC10FFF7D7FF0028EBD0012003B09E
:1058E00030BD009B2A462046D3F8CC10FFF7CBFFF3
:1058F0000028F3D16846EBF7DFF90028F1D0002348
:10590000CDE9003304238DF8063007E0009B2A46DA
:1059100020461968FFF7B7FF0028DFD16846EBF78C
:10592000CBF90028F2D00023CDE9003305238DF810
:10593000063007E0009B2A4620461968FFF7A3FFC0
:105940000028CBD16846EBF7B7F90028F2D0002346
:10595000CDE9003309238DF8063008E0009B2A4684
:105960002046D3F8BC11FFF78EFF0028B6D1684659
:10597000EBF7A2F90028F1D00023CDE900330B2387
:105980008DF8063008E0009B2A462046D3F8E41044
:10599000FFF779FF0028A1D16846EBF78DF90028C1
:1059A000F1D000224FF44023CDE900236846EBF705
:1059B00083F958B10023CDE900330A238DF806306E
:1059C0006846EBF779F958B1002088E7009B2A4632
:1059D0002046D3F8E410FFF756FF0028E6D07DE715
:1059E000009B2A462046D3F83C11FFF74CFF0028C5
:1059F000E6D074E770B523260025F4F779FA04465B
:105A0000F1F73AFC20B100212046FFF74DFF50B1DD
:105A10000020013E01D00028EFD04DB940F2152101
:105A20000F20EAF707FD20462546F1F75BFCF0E77B
:105A3000284670BD00F0FD00003818BF01207047F7
:105A40008207034607D410F0010005D113F00400CB
:105A500018BF03207047022070478207034607D40F
:105A600010F0010005D113F0040018BF03207047A7
:105A7000022070476FF45063C318062B8EBF40F2AC
:105A8000E243A0F550604FF47A735843704713B562
:105A900001210020EBF7D6F8044688B90121084619
:105AA000EBF7D0F80446C0B90023CDE90033032357
:105AB0008DF806306846EBF7FFF8C8B100200AE021
:105AC000A830F0F7D5FD0028E8D02046EFF708F918
:105AD0000028E3D0012002B010BDA830F0F7C8FDC7
:105AE0000028E1D02046EFF7FBF80028DCD0F1E7F2
:105AF000009C204603F069F80028DBD0204603F024
:105B000041FA0028D6D0E5E7002307B5CDE90033F8
:105B100003238DF806306846EBF7CEF808B1002075
:105B200004E0009803F051F80028F4D003B05DF8C9
:105B300004FB13B501210020EBF784F8C0B9012163
:105B40000846EBF77FF8F8B9FFF7DEFFA0B90623A8
:105B50006C46019000908DF806302046EBF7ACF8CB
:105B6000C0B100230093636007238DF806301FE067
:105B7000A830F0F77DFD10B1012002B010BDEFF7A5
:105B800041F90028DBD0F7E7A830F0F771FD0028D5
:105B9000DAD0F1E70098403002F077FE0028DCD040
:105BA000EAE7009B586F503002F06FFE0028E4D106
:105BB0002046EBF781F80028F3D00020DDE71FB581
:105BC000002240F6881303A90092FCF70DF905B0F6
:105BD0005DF804FB10B5044638B1F3F7E7F824EAA2
:105BE0000000B0FA80F0400910BD0120FCE770B55C
:105BF00005460C4602F0E9FFF0B9284603F022F909
:105C0000D0B904212046EBF71DF8064678B90621E5
:105C10002046EBF717F8054680B903212046EBF73D
:105C200027F888B141F6CC013920EAF703FC40306F
:105C300002F02BFE0028EAD00C2010E0403002F0E9
:105C400024FE0028E9D0F7E73EB104212046EBF717
:105C50000FF810B141F6D301E6E70DB9002070BD91
:105C600006212046EBF704F80028F7D041F6DA01C8
:105C7000DAE738B50D460446EBF71EF9A84212D311
:105C8000204603F0C3FA08B11F2D0ED8204603F0BA
:105C900030F960B12946204603F056F900280CBFC0
:105CA0004520002038BD0720FCE71220FAE74220FB
:105CB000F8E738B5044603F01CF9D8B1204602F0E5
:105CC00084FF08B9002038BD204602F097FE054643
:105CD000204602F096FE78B9002DF3D00221B5F8E7
:105CE000AA00EAF7C5FF0028ECD041F6D6213920FA
:105CF000EAF7A0FB4220E6E70C20E4E710B50446F3
:105D0000FFF702FF58B901210020EAF79BFFD0B945
:105D100001210846EAF796FFD8B9012009E0F2F719
:105D2000FDFF68B1F1F7B0FD044603F058FA08B181
:105D3000002010BD204603F04EFA0028E3D0F7E71C
:105D4000002CE0D1F4E7A830F0F792FC0028DFD077
:105D5000EEE7A830F0F78CFC80F00100C0B2E8E775
:105D6000006890F8A8303BB190F8E23123B10023ED
:105D700080F8E231F5F728BE704710B50446F4F715
:105D8000F7FE2070002010BD10B5FFF780FE04461E
:105D900030B9F4F7E7FE2046F3F7B6FB204610BD16
:105DA0000C20FCE710B503780446012B01D9122022
:105DB00010BDFFF7BEFE60B92078FFF73BFE01285B
:105DC0000DD004F11703E21D611CBDE81040F3F78C
:105DD000C5BBF3F755FC0028EED00C20E8E7A3790B
:105DE00003F0C003C02BE2D1EBE710B50378044603
:105DF000012B0AD8FFF79DFE48B9214611F8010B87
:105E0000FFF718FE01F0F8F938B9122010BDF3F7CA
:105E100037FC0028F1D00C20F8E70020F6E710B599
:105E20000446FFF734FE90B92078012803D9FF28F3
:105E300009D0122010BD611CFFF7FCFDF4F79EFE97
:105E400038B10020F6E70120F3F75EFBF9E70C20FC
:105E5000F0E70720EEE710B50446FFF718FE98B903
:105E60002378012B03D9FF2B0BD0122008E0184612
:105E7000611CFFF7DFFDF4F7ADFE0028F5D0002030
:105E800010BDF3F741FBFAE70C20F9E708B50088ED
:105E9000F3F7FCFB00280CBF3020002008BD38B50C
:105EA0000546FFF746FE044638B92878003818BF83
:105EB0000120F3F7DFFB204638BD0C20FCE708B5D6
:105EC000FFF737FE18B9F3F7C5FB002008BDF3F75D
:105ED000D7FB0028F7D00C20F8E708230370002038
:105EE0007047112242F239030270C2705922A0F8A1
:105EF00001308280C38000207047082108B5EBF78D
:105F0000E1F8002008BD73B5064600880C460880FD
:105F100001A980B201F076FA054640B9B3784BB9D1
:105F2000019B93F92801A070FAF79AF8A07028460F
:105F300002B070BD7F20FFF742FEF4E710B50446C3
:105F40006FF07F00FFF73BFEFAF78AF820707F20A2
:105F5000FFF735FEFAF784F86070002010BD10B529
:105F60000446FAF7BFF800EB80035B002380FAF7E2
:105F7000BFF800EB800300205B00638010BD10B50C
:105F80000446F1F781FC03F023F9FAF769F8207071
:105F9000002010BD0A4600F1100108B50723FEF7E6
:105FA000E1FB002008BD012138B505460846EAF7A7
:105FB00049FE20B940F2EF713920EAF73BFAA830E8
:105FC000F0F756FB044620B92846F1F737F920468A
:105FD00038BD0C20FCE710B5014604460020F3F75D
:105FE00005F908B92060A080002010BD10B5044656
:105FF000F2F768FE28B900202146F3F7DFF8002009
:1060000010BD0020FFF77AFE0028F4D10C20F7E73E
:1060100010B504460120FFF771FE28B1012021468A
:10602000F3F7CCF8002010BD0C20FCE737B5008852
:106030000C460D4601A924F8020B80B201F0E2F9EA
:1060400070B9019B03F1180283F84B0011682160BD
:106050001179217193F84B100029F5D103B030BDAF
:106060000023C5F802302371F8E710B50446FFF7A6
:1060700060FD58B92078611CFFF7DCFCE279F3F78A
:1060800065FC80F001004000C0B210BDF3F7F8FAE3
:106090000028EFD00C20F8E773B500880D46088083
:1060A00001A980B201F0AEF9044680B9019E86F8DC
:1060B000224196F82001F1F71BFAA87096F8210109
:1060C000F1F716FAE87096F82231002BEFD120464E
:1060D00002B070BD1FB5044603A9008801F092F913
:1060E00038B9A388022B14D8E078FFF773FD10B9F4
:1060F000112004B010BDA078FFF76CFD0028F7D088
:10610000012303A80093A388E278A178F2F77CFE2C
:10611000EFE71220EDE737B58378C17803F001048B
:10612000027903F0020351EA04051DD052EA030587
:106130001AD0002C18BF0021002B037818BF0022B2
:106140008DF802108DF80320427843EA0223ADF85F
:10615000003043798279684643EA0223ADF804307F
:10616000FFF7B8FF03B030BD1120FBE710B50446C0
:106170000020F2F7CDFD2046BDE81040F1F7D6BF74
:1061800007B503788DF80030437868468DF8013004
:106190000023ADF80230ADF80430F1F7C7FF03B0CB
:1061A0005DF804FB13B50C4601A901F02BF928B9E1
:1061B000019B93F8A820DB8812B9238002B010BDA0
:1061C0000133FAE72DE9FF41044603A9008801F0F5
:1061D0003BF9064620B9039D95F8A83023B1112656
:1061E000304604B0BDE8F081A28805F1A80610464B
:1061F000FFF740FCD5F8C830A189984260890CBFF0
:10620000B5F8DE300123884201D91226E8E7019370
:10621000304623890093E3886188F1F7D3F98046FB
:1062200000283CD095F8523203F0FF06002B38D1FD
:10623000A088FFF71FFC074605F1E80001F0A4FD68
:106240002A308742CBD3A3886FF450621344062BC5
:106250008ABF40F2E2436423B046BB42D5D2B8F1D4
:10626000000F05D0B5F8201140F2022291421AD158
:10627000A5F83E32C5F84472E279A37943EA0223D5
:10628000A5F84832237A627A43EA0223A5F84A3213
:10629000002385F85032FF2385F85232A0E73026DC
:1062A0009EE73A269CE70C269AE713B5044600F0D1
:1062B000C8FF00284DD02046FF24F3F7C1FB002380
:1062C000CDE900336846EAF7F7FC48B300244FF401
:1062D0004033CDE90043FF246846EAF7EDFC18B3EC
:1062E00000204FF48023FF24CDE900036846EAF73D
:1062F000E3FCE8B100214FF4C023FF24CDE90013F3
:106300006846EAF7D9FCB8B100224FF42023CDE962
:1063100000236846EAF7D0FC90B1002002B010BD1F
:10632000009B83F83542CDE7009B83F88A40D3E792
:10633000009B83F83440D9E7009B83F83440DFE7C3
:10634000009B93F83820032AE3D1FF2283F8222010
:10635000DFE71220E2E707B5008801A901F074F831
:1063600030B9019B93F83F2112B9FF2283F83F21F6
:1063700003B05DF804FB10B50446F2F70DFD206094
:106380000020616010BD73B5054601A9008801F0C9
:106390005BF8064620B9019C94F8A8301BB10C2686
:1063A000304602B070BD94F8823203F0FF0633BB72
:1063B00094F86230DB0724D5D4F8A430002BEED15A
:1063C000D5F8023004F51A72C4F87832D5F80630E0
:1063D000C4F87C326B89A4F8803205F10C031C35BB
:1063E00053F8041BAB4242F8041BF9D10C2104F50D
:1063F0001570EAF767FEFF2384F88232D0E73A2669
:10640000CEE71A26CCE730B589B0034600F118056F
:106410006A461868083353F8041C1446AB4203C498
:106420002246F6D11868022320606846ADF81C3079
:10643000FFF7A9FF04461E2200216846FEF784FBF1
:10644000204609B030BDF0B5044689B000200E46A4
:1064500004F11807F2F75CFC23466A461868083313
:1064600053F8041C1546BB4203C52A46F6D11988C9
:106470009B782980AB7000238DF81B308DF81C3081
:10648000637E042B10D8A37E042B0DD8237D022B12
:106490000AD0637803F01803082B05D0314668460C
:1064A000F2F7D6F909B0F0BD1220FBE7F0B50446CB
:1064B00089B000200E4604F11807F2F729FC2346A4
:1064C0006A461868083353F8041C1546BB4203C5D6
:1064D0002A46F6D11B782B7000238DF81930ADF8C1
:1064E0001A308DF81C30237D022B0AD0637803F01C
:1064F0001803082B05D031466846F2F7A9F909B010
:10650000F0BD1220FBE710B5032104460078EAF73E
:1065100099FB20B12178BDE81040FFF768BB42200D
:1065200010BD13B500200024F2F7F2FB0323CDE9E0
:1065300000448DF806306846EAF7BEFB10B12046ED
:1065400002B010BDBDF804100098FFF750FB002802
:1065500018BF0C24EFE72DE9F743064647780321DF
:106560000078EAF76FFB0446002852D002F04EFE96
:10657000042F054696F8039004D1B9F1000F4ED0D0
:10658000122013E0E06CFFF7FEF8F37800EB090847
:106590001FFA88F86BB9204602F0F7FD80450ED946
:1065A000204602F033FE0028EAD1072003B0BDE800
:1065B000F083204602F0FBFD0028ECD1E0E74146E5
:1065C0002046FFF756FB0028F0D1FB1E012B22D9F5
:1065D000B9F1000FD4D0002DD2D1012F04D1022265
:1065E000E16C6846EAF780FC4B4672680121E06C7A
:1065F000FFF72FF80028D8D0023F012F07D8E06C12
:10660000FFF7C1F801210246E06CFFF752F80020C5
:10661000CCE74220CAE785F00102D2B2E0E70028C9
:10662000AED1204602F0D1FA0028A9D0E06CFFF7E5
:10663000C0F80028A4D0204602F014FEE7E737B5E2
:106640000446F1F721F9054623781F2B18D8C16CB1
:1066500004226846EAF748FC22460021E86C12F85A
:10666000013BFEF7F6FF68B1EC6C2046FFF796F8A9
:10667000002102462046FFF71CF8002003B030BD81
:106680001220FBE70720F9E72DE9F7430746467894
:1066900090F8039003210078EAF7D4FA0446002822
:1066A0004FD0F2F73BFB30B1204602F098FD0028B6
:1066B00008BF4FF00009E06CFFF770F8FB7800EBC3
:1066C00009081FFA88F84BB941462046FFF7D1FA6E
:1066D000054650B1284603B0BDE8F083204602F0DD
:1066E0007EFD0028F0D11225F4E7042EFBD0032E06
:1066F0000CD1204602F08AFD08BB012E14BF0522F2
:106700000622E16C6846EAF7EFFB08E0B9F1000FFA
:10671000E9D0204602F059FAA8B9012EE9D04B463B
:106720007A680021E06CFEF794FF70B1023E012E02
:10673000D0D842460021E06CFEF7BBFFCAE7042236
:10674000DFE74225C6E70C25C4E70725C2E713B5F6
:1067500004460020F2F7DCFAE378FB2B13D822780A
:10676000043468468DF803308DF8002014F8022CAC
:106770008DF8022014F8032C01948DF80120FFF706
:1067800083FF02B010BD1220FBE710B504460020C5
:10679000F2F7BEFAEAF790FB2080002010BD10B59A
:1067A00004460020F2F7B4FA0320EAF7CDF920708E
:1067B000002010BD73B504460020F2F7A9FA6378F3
:1067C0007BBB23783BBB01936C46009303238DF87E
:1067D00006302046EAF770FAD0B90098FFF769FA58
:1067E0000028F6D018E09E00032104EB830398787C
:1067F000EAF728FAB8B12378012B0BD1B11C214458
:10680000F1F744F9013538B96278EBB29A42EAD827
:10681000002001E013B1122002B070BDFFF749FA69
:10682000F0E70025F0E74220F6E738B503210546FA
:106830000078EAF707FA0446A0B102F0C6F928B9D1
:106840002046691C02F0A3FB002038BD204602F060
:10685000C6FC08B10C20F8E7204602F0BCFC00287A
:10686000EED0F7E74220F0E737B50446F1F70CF831
:10687000054623781F2B18D8C16C00226846EAF71A
:1068800033FB22460121E86C12F8013BFEF7E1FEE2
:1068900068B1EC6C2046FEF776FF012102462046E7
:1068A000FEF707FF002003B030BD1220FBE70720F2
:1068B000F9E713B504460020F2F72AFAE378FB2B38
:1068C00013D82278043468468DF803308DF8002000
:1068D00014F8022C8DF8022014F8032C01948DF882
:1068E0000120FFF738FE02B010BD1220FBE773B5A0
:1068F00005460026F0F7C8FF04468DF8046002F054
:1069000072FC2B78C0018DF80760012BADF80500F3
:1069100005D101A92046F1F7B9F802B070BD2BB935
:10692000204602B0BDE87040FFF7C3B91220F4E77B
:1069300010B5044634F8020B0880022180B2EAF751
:1069400081F920B12146BDE8104002F096BE022038
:1069500010BD008808B50880022180B2EAF772F9FC
:1069600020B10021BDE8084002F087BE022008BD2A
:1069700037B5044600880D460880092180B2EAF741
:1069800061F910B10C2003B030BD0B212088EAF76B
:1069900059F90028F6D10C212088EAF753F900288C
:1069A000F0D101A9208800F02DFD0028EBD1019B3A
:1069B0009B8F6B80E7E737B5044600880880092184
:1069C00080B2EAF73FF910B10C2003B030BD0B21C3
:1069D0002088EAF737F90028F6D10C212088EAF759
:1069E00031F90028F0D163880BB91220EDE701A935
:1069F000208800F007FD0028E7D1658842F2107278
:106A0000019BA9B2D3F8C8405143B3F8DE206243DA
:106A1000B3F8D04004FB02229142E6D3D3F8C82059
:106A2000D3F8C8409442F9D100229D875A63621E70
:106A30000A44B2FBF4F29A63C7E713B500880C4628
:106A4000088001A980B200F0DDFC10B9019BDB7A5F
:106A5000A37002B010BD10B50C460221EAF7F2F89F
:106A600090B1022C12D804F00102C4F3400480F863
:106A7000E42180F8E34112B190F8E2310BB9002033
:106A800010BDF4F7A1FFFAE70220F9E71220F7E7BB
:106A900010B504460078FF280AD00321EAF7D2F89F
:106AA00058B16378A27843EA0223C384002010BD62
:106AB000B4F80100F5F7AAF8F8E74220F7E710B5B7
:106AC00004460078003818BF0120F8F76DF92078E7
:106AD000003818BF0120F4F763FF002010BD10B587
:106AE0000446F2F71BF950B1F0F7CEFE6178C1F31E
:106AF000400201F0010102F0B9FB002010BD0321AA
:106B00002078EAF79FF80028F0D14220F6E7062027
:106B1000F2F70AB90820F2F707B90B20F2F704B927
:106B200002F00CBF02F0D9BD08B5C3780246013BA4
:106B3000D8B2042801D9FE2806D11378042B03D13A
:106B4000EFF772FD002008BD1220FCE710B50446E7
:106B500004B910BD236898476468F9E703680BB966
:106B6000016070471A465B6813B18A42FAD17047D8
:106B70008A4218BF5160704708B5F6F7F3FBF4F787
:106B800003FFBDE80840F6F7D5BB08B502F0B6FD37
:106B9000F1F75AF8EDF770FEBDE80840F4F740B899
:106BA00008B5F4F737F8F8F7F7F8F1F74DF8BDE85E
:106BB0000840EDF7BBBE08B5FE20EFF735FDBDE898
:106BC0000840FFF7E2BF08B5F4F7ACFEF6F7A2FB0A
:106BD00020B140F263119320E9F72CFC0320BDE8BB
:106BE0000840FEF7C2BC08B50220FEF7BEFC00203C
:106BF000FEF7BBFCEAF7EAF8F2F79AFAEBF790F83F
:106C000020B140F243119320E9F714FC08BDFFF7CF
:106C1000EABF08B5FFF7D7FFF7F716F920B14FF431
:106C2000BC719320E9F706FC08BD08B5FFF7C3FF68
:106C300002F080FE20B140F2C5119320E9F7FAFB83
:106C400008BDFFF7D0BF08B500F0A8FAEBF748F889
:106C50000220FEF78AFC0020BDE80840FEF785BC54
:106C600008B5EDF7A3FEFFF79BFFFFF7ECFF02F07F
:106C700063FEBDE80840F2F7DBBF10B5C3780446F9
:106C800091B163B90388012B01D95B082380F3F725
:106C900017F92388B0FBF3F202FB1300A070E3782E
:106CA00083F00103E37010BD002BF8D10388FE2BA5
:106CB000EDD85B009BB2FF2B88BFFF23E6E783780C
:106CC00013B1013BDBB28370B3FA83F04009704724
:106CD0000123038040F2011343807047FBF70CBC93
:106CE0000B46892203F8032BD0F80920C1F80320B2
:106CF000427B1A717047012804D1012914BF00207A
:106D000001207047022801D10229F7E7042908BFB2
:106D100004280CBF01200020704738B50D460446FA
:106D2000F2F744F82B78002B08BF034684F8743040
:106D30006B78002B08BF034684F875306B88A4F885
:106D4000763038BD37B58B780546046803F0070305
:106D500084F819314B7803F0070384F8183126239F
:106D6000E37394F8393113BB94F83831012B1ED0FA
:106D700094F8213194F81821D91E012998BF0423D1
:106D80009A42B4F81E3118D194F8202194F81901D0
:106D9000D11E0129B4F81C1198BF042290420CD1D5
:106DA0000222A4F83A11A4F83C3184F8382128468C
:106DB00003B0BDE8304001F0ACB9022094F81D21C9
:106DC00094F81C1100902846F2F71EF80028EED027
:106DD0004FF46671AE20E9F72DFB38B50368044621
:106DE0000D4693F83831012B02D11E21F2F786F8B7
:106DF0002368002083F8380165B1182283F89920B0
:106E000009229A7393F84A3093B940F25B41AE205D
:106E1000E9F710FBDA7B243A072A03D82046DD7312
:106E200001F089F920461821BDE8384001F0B3B9D6
:106E300038BD08B503689A7B22B14FF4E671AE20E5
:106E4000E9F7F8FA24229A7308BD034610F001000E
:106E500007D19A0704D413F0040018BF0320704729
:106E6000022070472DE9F34B1646054610461F4693
:106E700046EA0104FFF7E9FF83460846FFF7E5FF0E
:106E800089464BEA0404DDF8288001900443E4B20B
:106E9000003C18BF0124F1F789FF064018BF5E4689
:106EA000F1F784FF95F8202110EA0901019B18BF32
:106EB0001946B24214BF3346002388F8003095F8D3
:106EC00021218A4208BF00210B4388F801100AD112
:106ED000EB88013FFF1A47F6FD73BFB29F428CBF9C
:106EE000002404F00104C6B995F82001F0F710FB66
:106EF00003280ED195F83831012B0AD1B5F83C2181
:106F000095F82031012A0AD1042B0AD0042388F8ED
:106F10000030204602B0BDE8F08B032EE9E7032BDA
:106F2000F7D00323F3E7032906D101280AD104216E
:106F30000120518013807047042903D1012801D01A
:106F40000321F5E700207047012807D0022805D06B
:106F5000033801288CBF00200120800070477FB5D6
:106F60000B460468CDE9002118461146F1F7E4FF0D
:106F700094F8206194F82151C3B2C0F30720B342C2
:106F800008BF0023854208BF002084F83A3284F805
:106F90003B0204B070BD2DE9F0410C6805460F4678
:106FA00094F83A22D31E012B2DD894F82031D91E03
:106FB000012928D8D31A18BF012394F83B02FFF700
:106FC000C3FF06460BBB1046FFF7BEFF804694F892
:106FD0009F306BB948EA060313F0FF0306D0204642
:106FE00001F0F9F83B68DB8803449BB2A4F838321F
:106FF000B4F838320520AE70EB701B0A85F80180BA
:107000002B71BDE8F0810023D7E74FF00008DEE7E1
:10701000F7B504680E4605461746E17B71BBA37BB6
:10702000283B022B2CD901A8F2F7A4F8014628B17D
:10703000019B0DF10301DB788DF80330A07B162254
:10704000F2F788FF044630B102461621284601F0C7
:1070500086F8044609E073785A0709D0B3785B07CD
:1070600006D031462846FFF76DFE204603B0F0BD3E
:107070003A463146284601F09FF8EAE70124F4E752
:107080002024F2E770B5056802460B46EC7BA4F1BC
:107090002406072E15D994B9AD7B292D11D04D7832
:1070A0006E0706D08D786D0703D0FFF74BFE2046A4
:1070B00070BD19781046BDE8704001F06CB801242D
:1070C000F5E72024F3E737B50468A37B242B21D10F
:1070D0004B7813F0070519D08B7813F0070215D001
:1070E00000238DF804508DF80520ADF80630019A84
:1070F000D4F83A11FFF733FF0123002084F84A3017
:107100002823A4F84600A37303B030BD0023A4F8DD
:107110003A32F1E70120F7E738B503680546DA7B34
:10712000B3F83A42262A14D184B9DC7393F8383183
:10713000012B02D12146F1F7E1FE2B68002283F8F2
:1071400038212846BDE8384000F0F5BF2922DA731F
:10715000F7E79A7B282A0ED154B99C732146F1F7A0
:10716000CDFE2B6883F83841002283F84A2038BDD1
:1071700029229A73F8E740F2CC51AE20E9F75AF988
:1071800008B50368DA7B262A05D022B140F2D35134
:10719000AE20E9F74FF92722DA7308BDF1F7C8BF2F
:1071A000704730B542401C7808785D7860404C7874
:1071B0006C409D7820448C786C40DD782044CC78FD
:1071C0006C401D795B7920440C7949796C404B40C7
:1071D000204418441044B0FA80F0400930BD024603
:1071E00000200139C9B2FF2900D17047535C83F0F8
:1071F00001030344D8B2F4E708B5F2F71DF80828F4
:1072000007D0F2F73BF8082803D0F2F74BF801203B
:1072100008BD0020FCE708B5F2F70EF8082803D0F7
:10722000BDE80840F2F72AB808BD08B5F8F7F2FF44
:1072300018B1BDE80840F9F71FB8082008BDF8F7F5
:10724000E9BF70B503791F2B0FD8461E051D00241A
:1072500016F8010F00F0F5FE0444AE42E4B2F7D197
:10726000012C94BF0020012070BD0020FCE70144E8
:107270000023884203D1B3FA83F04009704710F825
:10728000012B1343F5E7F8B505460C46D0E9047623
:10729000FCF75AFB18B952212920E9F7CBF8E4B1E1
:1072A000D5E90423D21B63EB0603012A73F1000125
:1072B0004FF0000113DB6FF001009042994101DAB9
:1072C0005C21E9E7631E1344B3FBF4F35C43E41968
:1072D00046F10006C5E904461C462046F8BD0C46AA
:1072E000FBE7F8B50C460546D0E90076FBF7E0FA77
:1072F000F4B1D5E90023D21B63EB0603012A73F135
:1073000000014FF0000115DB6FF001009042994140
:1073100003DA76212920E9F78DF8631E1344B3FBC5
:10732000F4F35C43E41946F10006C5E900461C4647
:107330002046F8BD0C46FBE7022905D13C281AD9A6
:1073400080100F3880B27047CB1E012B0ED8042955
:107350000BBF96234FF416731022402203F5BC7323
:10736000984208D9C01A90FBF2F0EBE7702802D9D6
:10737000C0100E38E6E700207047022908B5034622
:1073800014D005D8012909D0E7212920E9F752F8BE
:1073900003390129F8D840F6A66008BD40F6C410AC
:1073A00040F2E242002B08BF1046F6E740F6C41058
:1073B000F3E7801AA03810B58842029C94BF091ADE
:1073C000491A2268012902EB510294BF00200120D2
:1073D00022601A68A2EB51021A6010BD69B1A0F5D3
:1073E0007A7241F270739A4207D84FF47A73B0FB05
:1073F000F3F000F5506080B2704740F2E243B0FB1A
:10740000F3F0F8E738B50C4600210546E9F71AFC19
:10741000206048B902212846E9F714FC2060B0FA40
:1074200080F04009400038BD0020FCE70368587B2D
:10743000C0B293F830302BB900F0FB00003818BF11
:10744000012070470020704710B50C46FFF7DAFFA7
:1074500038B92046FFF7EAFF80F001004000C0B2D3
:1074600010BD0220FCE738B54FF424720D46002110
:107470000446FDF729FB0123A4F8AA50E3756FF039
:10748000360384F86330042384F864306FF03B03E0
:1074900084F865306F2384F86630032384F86730FE
:1074A000002384F868306FF07F0384F869302B2361
:1074B00084F86230FE2384F89E307F23E37238BD67
:1074C00040F6B83307B5B0F8D220D0F8C810019014
:1074D000838701A8F2F778FA03B05DF804FB38B5AA
:1074E0004FF442720D4600210446FDF7EDFA6FF0AD
:1074F00036020123A4F8AA5084F863200422E3751D
:1075000084F864206FF03B0284F8A83084F865208A
:107510006F2284F86620032284F86720002284F812
:1075200068206FF07F0284F869202B2284F86220A3
:10753000FE2284F89E207F22E27238BD40F6B833E6
:1075400007B5B0F8D220D0F8C8100190838701A801
:10755000F2F73AFA03B05DF804FBC2B292FAA2F273
:10756000030A93FAA3F31B0E100E40EA03207047A0
:10757000013105300022C9B270B510F8013F8B42CD
:1075800016D310F8054C0023012505FA03F6264210
:107590001CBF01F1FF31C9B269B10133082BF4D12D
:1075A0000132D2B2052AE8D19B214620E8F742FFFA
:1075B000C91AC9B2F4E703EBC200C0B270BD0B68D0
:1075C00070B5C0F8013004460B790546461D03F03E
:1075D0001F0343710023C37215F8010F00F031FD42
:1075E0006871B542E37A1844E072F5D170BD81EA62
:1075F000114170B58CB20546C17A032682EA0400B7
:10760000FFF7ABFF013E00EB001016F0FF0604EBA6
:10761000000290B2F4D144402522B4FBF2F302FB05
:107620001343C3F3C402D8B203F007032A445678C5
:10763000012202FA03F31E4207D161432846C1F337
:107640000741BDE87040FFF793BF70BDF8B590F8F3
:10765000225004466B1E242B03D9E1214620E8F773
:10766000E9FEDAB1C07D002843D194F8243094F8C3
:10767000231002FB01322523B2FBF3F103FB11239C
:10768000DBB204EBD30203F0070684F82430117E4A
:107690000122B240114202D084F82530F8BDB3FB7C
:1076A000F5F205FB123304F11C01013303F0FF0373
:1076B00011F8012F9A4219D311F8055C0022012616
:1076C00006FA02F72F4208D0013B13F0FF0304D162
:1076D00002EBC00284F82520E0E70132082AEFD14E
:1076E0000130C0B20528E3D1D721B7E79B1ADBB23E
:1076F000F6E7E28804F11700496AFFF778FF84F89B
:107700002500CBE7D0F803300B60B0F807308B8052
:1077100070470378890123F0400301F040010B43D7
:1077200003707047037803F07F0343EAC1130370CB
:1077300070470078C00970471F2A38B505461446BF
:1077400003D9A8212A20E8F775FE06340930FDF791
:1077500067FA6C7038BD1F2A38B50546144603D940
:10776000CA212A20E8F766FE06340930FDF758FAE8
:107770006C7038BD0378024603F00F03032B3ED034
:10778000052B42D1C37F90F82000034392F82100DB
:10779000034392F82200034392F8230000F01F00F5
:1077A000184333D05378222B2FD1B2F81930B1B10E
:1077B000B3F5506F13D940F607518B4225D8B2F874
:1077C0001B30B3F5FA7F20D2B2F81D0040F67643A5
:1077D0000A3880B298428CBF002001207047991F60
:1077E00040F67A4089B281420FD8917D481E072821
:1077F0000BD8994209D2B2F817109942DEE74078C7
:10780000A0F10C0358425841704700207047C378DC
:1078100013F03F035DD007295BD8DFE801F0040BCC
:107820001E29343F4A55037913F0010F0CBF002085
:1078300005207047027912F002004BD0052002F0BB
:107840000102072902EB420200EB4200C0B241D123
:10785000021F9A42C8BF00207047027912F004004C
:1078600038D0052012F0020F1CBF0630C0B2E6E788
:10787000027912F008002DD0052012F0040F1CBF71
:107880000130C0B2EEE7027912F0100022D00520DC
:1078900012F0080F1CBF0230C0B2EEE7027912F0FE
:1078A000200017D0084612F0100F1CBF0330C0B2E2
:1078B000EEE7027912F040000CD0052012F0200F04
:1078C0001CBF1230C0B2EEE702795006F5D5062093
:1078D000F4E70020704770B50C46064611461D4679
:1078E00024B94FF41F712A20E8F7A4FDFFF78FFF9A
:1078F00010B940F27D21F6E7031F2B443F2B02DD38
:1079000040F27E21EFE72A4621463044BDE8704030
:10791000FDF786B910B50446FFF779FF00B12044A2
:1079200010BD30B5C1F38003C1F38014C1F340052D
:107930002344C1F3001404EB44042344C1F3401472
:1079400004EBC40403EB4403C1F300042C44C1F36F
:10795000C005134404EB44042C4403EB440313F02C
:10796000FF031CBF01330171C17818BFDBB221F0E6
:107970003F0103F03F042143C170591C41701AB10B
:1079800004339B1A013AC25430BD70B5C478064620
:10799000154604F03F041319FE2B04DD40F2B92113
:1079A0002A20E8F747FD0135201D2C443044FDF71F
:1079B00037F9747070BD4378C278013B02F03F0222
:1079C000981AC0B27047F8B50D46194617460646D4
:1079D000FFF7F1FF441AE4B2BC4228BF3C464DB168
:1079E000F278284602F03F02043211442246314424
:1079F000FDF716F92046F8BDC378024613F03F00A4
:107A000022D0137913F0200FC3F3C001C3F3400059
:107A100014BF0922002213F0100F114403F00102D9
:107A20000244C3F3800002EB42020A44C3F3801114
:107A300014BF032300230844184400EB420010F055
:107A4000FF001CBF0130C0B2704738B5C57804468E
:107A5000AB09032B1ED005F03F054378AB4219D983
:107A6000FFF7CAFFA84215D895B12379DB060FD5D9
:107A700004212046FFF74EFF48B1037803F03F038F
:107A8000242B07D880785F288CBF0020012038BDC8
:107A90000120FCE70020FAE70278437802F00F02A9
:107AA000072A12D8DFE802F0080408111111080EA5
:107AB0000C3B584258417047063B1F2B8CBF00209F
:107AC000012070470BB1FFF7C0BF0020704702785C
:107AD00002F00F02072A0AD0082A0AD0042A0ED17F
:107AE000407806381F288CBF002001207047FFF720
:107AF000ACBF4078A0F10E035842584170470020B7
:107B000070471B2A08B504D940F299312A20E8F7BA
:107B100091FCBDE80840FDF783B88388A1B1B3F5B7
:107B2000506F11D940F6075293421BD8C388B3F562
:107B3000FA7F17D2008940F676430A3880B298421D
:107B40008CBF0020012070479A420BD8B3F5486FD4
:107B500008D84278511E072904D89A4202D2428896
:107B60009A42E2E700207047013001F1200351F80A
:107B7000042B994240F8042BF9D10B8803807047FD
:107B800038B515460446FFF7EFFF2B68C4F82330DD
:107B90006B68C4F8273038BD2DE9F04F85B08846B2
:107BA000154603A99DF838400193FFF72BFC814649
:107BB00018B9039E2DB901237375012005B0BDE8E6
:107BC000F08FD6F8C0A029465046FDF711FB0746B6
:107BD00008B90020F2E7EFF771FE8542F9D839467F
:107BE0005046FDF741FC727D8346A0F80190002AC3
:107BF00018BF4FF0020880F800803846FDF73CFCC3
:107C00000746DCB1B6F8E640C4B1FAF7F5FC40F23D
:107C100071225443241841F1000179602A460199E8
:107C20000BF103003C60FCF7FBFF29465046FDF7D3
:107C30001AFB28B983212B20E8F7FCFB2146ECE74F
:107C4000039B93F8A83033B103A8FEF789F8039B90
:107C50000022A3F8DA210023AEE7437837B5C3F357
:107C600001120446032A03D8DFE802F0050E1D05C1
:107C7000002003B030BD057803F00F00002300930F
:107C80000221231D628807E0057803F00F0000231E
:107C900001210093231D628845EA0020FFF77CFF45
:107CA00060B10120E5E7F1F77DF803685B05DFD5FA
:107CB00060780123257800F00F00E0E7F2F7B0F8D4
:107CC000EFE71A230B7001234B708B707047F1F7AD
:107CD0005FBF10B521B940F2A9211020E8F7AAFB37
:107CE0004A600B72EFF3108472B6031D0B6042689A
:107CF0001AB1127A012A08BF036003681960016093
:107D000004B962B6BDE81040F1F78CBF0222F2F769
:107D100075B80322F2F772B80422F2F76FB80222A4
:107D2000F2F7B0B80322F2F7ADB88D230B7030F83C
:107D3000AF3CA1F8033030F8653CA1F8053030F8CD
:107D4000613CA1F8073030F8633CA1F8093030F805
:107D50005F3CA1F80B30704708B5CB1E012B04D84F
:107D6000800100F5747080B208BD012902D10E3087
:107D7000C000F8E7022902D10F308000F3E74FF48A
:107D80000C710620E8F756FB40687047033901295B
:107D90008CBFC08A4FF42960704770B590F8786046
:107DA0008D88033E0C89012E04D943B11678033E19
:107DB000012E04D8B5F5296F38BF4FF4296590F826
:107DC0007960033E012E04D943B15378033B012B64
:107DD00004D8B4F5296F38BF4FF42964CB884A889A
:107DE000A0F86430A0F86020A0F86250A0F86640C7
:107DF00070BD1B2200294FF01B110CBF4FF4A47360
:107E00004FF4296382840284028502F1A472C16066
:107E1000C3844384C383838343820382C0E90521EF
:107E200070470346B3F85810B3F86420F0B5914298
:107E300093F87940B3F85C5028BF1146033CB3F87F
:107E40006620E4B2B0F84E70AA42B0F85200A3F82F
:107E50004E1028BF2A46012CB3F8544087BFB3F810
:107E6000566015464FF429664FF429658C42A3F8F5
:107E7000525038BF0C46B24238BF32468F42A3F848
:107E80005440A3F8562026D1401B18BF0120B3F858
:107E90006020B3F85A10B3F84C509142B3F85040F8
:107EA00028BF114693F87820033A012A15D9B3F870
:107EB0005E20B3F86260B24228BF32468D42A3F81A
:107EC0004C10A3F850200BD1944218BF40F0010091
:107ED00000F00100F0BD0120D9E74FF42962EDE781
:107EE0000120F5E738B5CB1E0446012B10D9C58B10
:107EF000438C9D4228BF1D46207AFFF72DFF6389E2
:107F0000AB4228BF2B46984238BF184680B238BDD6
:107F10004FF42965F0E72DE9F843994607460D46E9
:107F2000808919461446FFF717FF06469DF8208002
:107F300049463846FFF7D6FF86424146A8F1030876
:107F400028BF0646B88AFFF707FFB8F1010F0346BE
:107F5000B6B28CBFFA8A4FF42962904204F106004F
:107F600028BF134628449BB233441844BDE8F88325
:107F70000346828F13B5403049B9598F93F8794041
:107F8000009493F87830FFF7C6FF02B010BD198F48
:107F9000F4E770B50C46154619464BB9068FFFF746
:107FA000E7FF28443044A04294BF201A002070BD4F
:107FB000468FF4E738B50D4611460446FFF7D8FF63
:107FC0002844606438BD01F19C0383423DBF9C3866
:107FD000401A40080020704700F05533400800F078
:107FE0005530034403F033329B0803F033331A4413
:107FF00002F00F33120902F00F32134403F0FF10A6
:108000001B0A03F0FF13184400EB1040C0B2704786
:1080100045F2555200EA020302EA5002981843F270
:10802000333300EA030203EA90031A4440F60F7365
:1080300002EA030003EA1213184400EB1020C0B256
:10804000704700F05503400800F05500034403F06A
:1080500033009B0803F03303034403F00F0000EBED
:108060001310704780EA6000FFF7B6BF40F34E037D
:108070009BB25840FFF7CCBF32280CD006D8162848
:1080800018BF012894BF012000207047A0F13E03D3
:108090005842584170470120704708B50246FFF723
:1080A000EBFF40B10846FFF7E7FF20B18A420CBF63
:1080B00023202A2008BD8A420CD1A2F13003DBB272
:1080C0000B2B07D840F6210020FA03F3DB070CD571
:1080D0002320EFE73E2901D1262A0ED03E2A04D1E3
:1080E00026290CBF2A200020E4E73B2901D11F2AC2
:1080F000F7E73B2A03D11F29F3E72A20DAE700201C
:10810000D8E7036800229A7383F84A20A3F8462030
:108110007047026892F8A8302BB9A2F84E300123BC
:1081200082F8503070470023A2F84E3092F8503059
:1081300001335BB2F4E7026808B592F8A83013B9CE
:1081400082F8503008BD92F85030013B5BB2002BF2
:1081500082F85030F6DA52214A20E8F76BF908B578
:10816000036883F89B1083F89A203522DA73FFF7AF
:10817000D0FF002008BDA0F10A03042B09D9A0F10B
:108180004703012B05D9243807288CBF0020012084
:108190007047012070470268136810B513F0080497
:1081A00008D143F0080382F898101360FFF7B1FF7D
:1081B000204610BD0120FCE7036810B5DC7B44B904
:1081C0000A7883F898200322DA73FFF7A2FF20468B
:1081D00010BD0124FBE7D0F8C82041F64B539A426A
:1081E00096BF4AF6C8730623B3FBF2F3B0F8D0206B
:1081F000B0F8DE001344584380B270470368002093
:108200001A7C073A012A81BF4A785A7407221A74E5
:1082100070470268137C073B012B84BF082313744B
:108220007047026870B5D57BE5B9CB88D688A2F8CF
:10823000D032013B9B1B47F6FD769BB2B34206D979
:10824000282382F83130F2F7A3F9284670BDD1F81F
:108250000130C2F8D2324B7982F8D6320A22036852
:10826000DA73F2E70125F0E708B503689A7B1AB1E3
:108270003B215520E8F7DEF80B229A7308BD2DE963
:10828000F74F0646894690460193FFF7A4FFD6F8BC
:10829000F471044657B90023C8F80030F38823442A
:1082A0009CB2019B1C8003B0BDE8F08FF2F7C4FCC8
:1082B0000028F0D1D6F8C8C0D6E976320CFB04FE0F
:1082C0001EEB030ED7E9021342F100020B44D7E97B
:1082D00000155B1845F10005734575EB020114D2DA
:1082E000BEEB03016FF0010B62EB050A8B4570EBEF
:1082F0000A0A03D23D215620E8F79CF83869471E48
:108300003944B1FBF0F1E0FB0135B3EB0E0365EB53
:1083100002056FF001029A424FF00002AA4101D219
:108320004821E8E7B3FBF9F209FB1233B3FBFCF297
:1083300091B20CFB1133C8F80030F3881C4414448C
:10834000A4B2AEE70B46822203F8032BD0F8092033
:10835000C1F80320D0F80D205A60427C1A72002325
:10836000CB707047036870B5DD7B06460C46002D68
:108370005AD193F8291106222046FFF7CEFB014679
:1083800028B921783046BDE87040FFF704BF326855
:108390006389D088A2F8D032013B1B1A47F6FD70E2
:1083A0009BB2834207D92823304682F83130F2F756
:1083B000EFF8284670BDA3886FF45060181806289F
:1083C00095BFA3F5506340F2E2414FF47A704B43FE
:1083D0008CBF29464343C2F8D8326378C1B103EB5E
:1083E000830303EB83039B00A2F8D2326388C1B1FD
:1083F00064214B43C2F8D432E388A2F8DC322389EB
:10840000A2F8DE32002382F8E4320D23D373D0E7E2
:10841000C3EB431003EB800303EB83035B009BB2CE
:10842000E2E740F2E241E4E70125C2E708B503686C
:108430009A7B1AB1A2215620E7F7FCFF0D229A730E
:1084400008BDF8B50D6804460F46D5F8440295F806
:108450002911FEF7C3FF6FF45062B5F83E3282185F
:108460002071000A92B26071062A8BBF40F2E2428C
:108470006422002601268CBFB3FBF2F3B3FBF2F3B8
:108480006370B5F84832A3711B0AE371B5F84A323C
:1084900023721B0A6372386890F89F303BB905F568
:1084A0000F7305F51072D5F84412FFF7E8FEB5F822
:1084B0003C32A3721B0AE372D5F8403246B1642203
:1084C0000C20B3FBF2F3A370C3F30723E370F8BDF2
:1084D00040F2E242F4E70B46842203F8022BD0F884
:1084E0000920C1F80220D0F80D205A6070470B46D1
:1084F000852203F8022BD0F80920C1F80220B0F839
:108500000D209A80704710B504460068837B1A2BB3
:1085100012D100F1800200F51671052300F51A70E2
:10852000FCF720F92368012200200021DA741D22C3
:10853000C3E91C019A7310BD0220FCE703689A7B13
:10854000142A10D1D1F80120C3F86022D1F80520F7
:10855000C3F8642203680020D1F80920C3F89420EE
:108560001A229A7370470220704703689A7B102A78
:1085700005BF002013220220D87408BF9A737047E9
:1085800008B503689A7B132A04D040F277111F20A4
:10859000E7F750FF012283F8522012229A7308BD98
:1085A00038B503680546DC7B34B1113C0F2C8CBF19
:1085B00001240824204638BD1A7D002AFAD0D3F8B9
:1085C000A4302BB9FFF7A5FD2B681122DA73F1E770
:1085D0000C220A21BDE83840FFF7C1BD08B5036889
:1085E000DA7B162A04D040F253211F20E7F722FF3E
:1085F000012283F851201822DA7308BD0368DA7B60
:10860000122A05BF132200200220DA737047036884
:1086100010B5DB7B04461C2B06D1FFF78CFD2368CD
:1086200020220020DA7310BD0220FCE708B50368A1
:10863000DA7B112A04D040F27E211F20E7F7FAFEF0
:10864000012283F851201222DA7308BD08B50368AD
:10865000DA7B182A04D040F28A211F20E7F7EAFECD
:108660001C22DA7308BD08B503689A7B1D2A04D062
:1086700040F2FE211F20E7F7DDFE1F229A7308BD9E
:1086800008B503689A7B22B14FF441711F20E7F7C8
:10869000D1FE012283F8512010229A7308BD08B53B
:1086A00003689A7B3AB193F8522022B940F20B3119
:1086B0001F20E7F7BFFE012283F8512014229A738E
:1086C000002283F8B82108BD3E230B700C234B70A9
:1086D00004238B70D0F80930C1F80330D0F80D3086
:1086E000C1F80730B0F81130A1F80B30C37C4B73E0
:1086F000704708B503689A7B1AB1CF211C20E7F7B1
:1087000099FE04229A7308BD08B5036893F8A8205F
:1087100032B9DA73A3F84E20BDE80840FFF70BBD6D
:108720001A68D10703D4DD211C20E7F783FE22F06D
:1087300001021A60F0E787230B7030F8A63C4B80EB
:108740007047036893F8A8109A7B59B9052A08BFA7
:1087500000224FF0000002BF83F83E2083F84A2039
:108760009A7370470F2AF2E738B5046894F8A85056
:1087700045B9E37B4BB9FFF7CCFC45B90223E37362
:10878000002038BD23685B07F5D50120F9E7236891
:1087900043F004032360F3E7036893F8A8201AB1B9
:1087A0001A6822F004021A60FFF7C5BC08B5036816
:1087B0009A7B1AB172214B20E7F73CFE93F8A82070
:1087C000002A14BF0F2205229A7308BD10B5D0E904
:1087D0000D42A24206D30B8D121BC98E05334B43AB
:1087E000934202D3012380F83E3010BD0C230B705E
:1087F00008234B7000238B70B0F85630A1F803307B
:10880000437A4B714389CB8083890B81704710B5C4
:10881000046894F853309A070CD4A37B1BB17721DA
:108820004020E7F707FE0122A4F84630A27384F83F
:108830004A2010BD94F8A8303BB9E37B0BB9FFF791
:108840007AFC002384F83E31F3E723689B07F8D5D0
:10885000FFF771FC236823F002032360F1E710B5F2
:108860000B7901284C790A6843EA0421104608BFB5
:1088700041F4803110BD07B5FFF7F1FF0DF107029C
:10888000F2F71CF903B05DF804FB90F838300BB92F
:108890000020704790F83830012BF9D090F838005C
:1088A000073818BF0120704790F83830012BDAB232
:1088B00001D0FFF7EABF1046704730B585B01546C6
:1088C000089BC01A099B61EB0304002C214602DAC5
:1088D000404264EB440103AB2A46009302ABFCF731
:1088E00037F8002C039801DA00B1281A05B030BD22
:1088F000002307B501A80193F9F746FA019810F093
:10890000030018BF012003B05DF804FB10B5FFF7AA
:10891000EFFF002814BF14240024FCF71FFA404284
:1089200000F01400204410BD38B50546F8F70AFFE2
:1089300000F55F434FF47A72033D4133B3FBF2F429
:10894000FFF7E4FF012D00F1FC038CBF002028207D
:108950002344184438BD10B5044690F87900FFF759
:10896000E3FF012201462046BDE81040FFF722BB8D
:10897000002313B51A464373A0F8883219460093B2
:108980000446F2F7DBFA20B140F2E7113020E7F7B6
:1089900051FD0123C4F81002C4F808026373A4F85F
:1089A0002602A4F8240284F82902E388A4F88A02A3
:1089B000013BE38002B010BDF8B50D460023D0F8AE
:1089C0001011044680F81431D0E9506781F8E52190
:1089D00080F85031D0F81001FEF7B0FDD4F8100146
:1089E000C0E99C67C0F88C52C0E9A067FFF7C0FFE0
:1089F000F8F7B2FABDE8F840FAF716BFD0F8100160
:108A0000704738B5044690F850319BB1FF2380F889
:108A10005831012100F023FC94F8503153B104F196
:108A2000E8052846F9F7A0FE2846F9F7B1FE00232D
:108A300084F85031002038BD08B590F8582142B96B
:108A400090F8142142B1D0E94631994202D9F4F7A5
:108A5000A7FE0022104608BD0122FBE710B5044620
:108A6000FFF754FF00F5E571226A236C9A4228BF94
:108A70001A461046FFF7A7FAB0F5296F28BF4FF442
:108A8000296080B210BD012A70B506460D46144615
:108A90000BD0022A0ED08AB9F7F740FF22460146D2
:108AA0002846BDE87040FFF787BFF7F737FFC6F8E5
:108AB0008C0270BD0122D0F88C12F1E740F2C37134
:108AC0003020E7F7B7FC70B5044621B1012978D012
:108AD00040F2D37172E000F052FA94F85131054639
:108AE0000E46DBB150EA010318D0D4E94832D4E98C
:108AF0005001C01A334661EB02012A46FBF734FFEE
:108B000005FB01F300FB0633A5FB00021344D4E987
:108B10004821121843EB0103C4E94823E08C30B12B
:108B2000F1F7CEF9E38CB0FBF3F202FB1300D4E9CA
:108B30004832ED184FF0000346EB02062D1840F2C4
:108B4000024284F8303146F1000684F85131A4F82D
:108B50003821C4E94856C4E9505694F8583103F016
:108B6000FF01DBB96FF00043D4E952029A4208BF1B
:108B7000B0F1FF3F18D02046D4E9505600F0BEF9BE
:108B8000F630D4E952325B1B62EB06021B1A62F12B
:108B90000002002A08DA2046F4F702FEF8F7DCF9B2
:108BA000BDE87040FAF740BE04F5987104F1E800A2
:108BB000FAF758FE0028F1D14FF4E0613020E7F7D2
:108BC00039FC002380F81431E8E790F850010038B0
:108BD00018BF012070470B46812203F8032BB0F821
:108BE0000920A1F80320C27A9A7070470B468C22A4
:108BF00003F8032BD0F80920C1F80320D0F80D208A
:108C00005A6070478B88F7B513F0180506460C4676
:108C10001FD1086820B940F2EA312D20E7F70AFC9D
:108C200000F0ADFB217CF3F703F8677CA3880146D5
:108C30003A46304600932B46F3F718F8CC30D4E987
:108C40000223824273F100032CBF0120002003B0F5
:108C5000F0BD0120FBE738B588220B460C4603F82F
:108C6000032B00F10902293052F8041B824243F819
:108C7000041BF9D1127802211A700123A588A3716F
:108C80002846E7F7DFFF58B1E3784BB102212846C9
:108C9000E7F7EEFF20B140F233212D20E7F7CAFBC2
:108CA00038BD10B50446F1F70BF982B204F1690141
:108CB00004F13600FEF79BFC84F8440010BD37B584
:108CC00004460D46FFF7EDFF01222B466179204651
:108CD00003B0BDE83040F3F73FB970B504460D4628
:108CE000173019461646FEF76AFC84F8205184F8BE
:108CF0002151FF2384F82231E91E04F1E800012903
:108D00008CBF00210121FFF774F8314604F1A8005F
:108D1000F0F742FE94F82A31002B14BF4D2396231E
:108D2000A4F8E230A4F8E0300023A4F8E43070BDE9
:108D300070B50D46044691F829111646D5F8C800BD
:108D4000FEF74CFBB5F8D030A4F8AC0004F1A0025B
:108D5000A4F8AE30B5F8D230A4F8B03095F82B3185
:108D600084F8B230237F73B394F86830012B2AD192
:108D700094F86E3003F0C003402B24D1D4F869304E
:108D8000C4F8A030B4F86D309380082E236A04F143
:108D9000A60193F8AC2003F1AD0084F8992004F10A
:108DA0009A02D3F8AD3019D0C4F8A6308388304683
:108DB0008B8004F19901F0F77DFC40B940F6E23177
:108DC0002D20E7F737FB0023C4F8A030DCE794F848
:108DD000993043F0020384F8993070BDC4F89A309A
:108DE000838893800023C4F8A6308B80F5E70B4678
:108DF0008B2210B503F8032BD0F80920C1F803200B
:108E0000427B1A71CB78A3B130F8B43C1B0710D465
:108E1000B1F8054002212046E7F714FF48B10221CE
:108E20002046E7F725FF20B140F276212D20E7F715
:108E300001FB10BD0121F3F70DBCFFF7FBBFF3F7FA
:108E4000D7BC704708B590F894300BB1012008BD2D
:108E500090F8CC30002BF9D190F8BE3003F0FF0031
:108E6000002BF4D0EFF75AFF80F00100C0B2EEE71C
:108E700030B54FF4B07285B00D4600210446FBF7C3
:108E800023FEFF2323701323638042F21073E384D5
:108E9000E7F7E4FF00220146E0646846E8F724F8BB
:108EA00000220121E06CFCF704FC0422E16C68461E
:108EB000E8F71AF80022E06C1146FCF7FAFB04F11F
:108EC0003000A57400F00BFA02A8F0F7A9FD20B954
:108ED0004FF449712D20E7F7ADFA02A904F13600ED
:108EE000FEF76DFB05B030BDFF23C86C0B70FCF7BF
:108EF000ADBB0078FF3818BF01207047F7B50446B6
:108F000030300E4600F03BFA61880746CA0605D5A8
:108F10002822F4F78FFC933003B0F0BD8B07E06C90
:108F20000FD5FCF768FC217905463846F2F780FE3C
:108F3000638801462846009333466279F2F796FE2D
:108F4000E9E7FCF748FCEEE7034608465A8812F0CA
:108F5000180F30B587B010D103F13001ADF80420FF
:108F6000D3E902459B8800916946ADF81030CDE900
:108F70000245FFF747FE07B030BD0120FBE7D0E90F
:108F800002017047C07C003818BF012070470B6891
:108F9000C0F815308B88A0F819300123C3767047CC
:108FA0002DE9F04F07469DB00C46054610AE0DF179
:108FB00020080FCF0FC60FCF0FC697E80F0086E827
:108FC0000F0040466E7900F08AF9A37A277D03935B
:108FD00023787A1E0493022A637803F07F0AD1462D
:108FE00000F28380D90603D4A67D731E022B7CD8A1
:108FF000637E03F0FD03012B02D1032F08BF04277A
:10900000A37E03F0FD03012B02D1032E08BF04262B
:10901000617A404600F06AF9237D227F4046022BA8
:1090200002F101020CBF617D0121D2B204BF013106
:10903000C9B200F05DF91AF0080F6CD1404600F09B
:109040009EF963788346DA0654D4E7F735FF824603
:1090500039465846F2F7ECFD0123014632465046A8
:10906000CDF80090F2F702FE40F27122217900F271
:109070009A20E378B0FBF2F043EA01236179504390
:1090800043EA01435343984239D84FF0000B94F818
:1090900018A00793A37CE86C05930AF1FF33D3F182
:1090A000000A4AEB030AFCF796FB0690E86CFCF713
:1090B000A2FB0699079B814238BF014688B268B37C
:1090C00008A90C9306930A910AA9ADF82C90CDF843
:1090D00034B08DF838708DF83960FFF793FD069B3A
:1090E000E0B945201DB0BDE8F08F40F212310620F6
:1090F000E7F7A0F928224946F4F79CFBB4E7E179A9
:10910000A37943EA0123217A43EA0143534383428B
:1091100028BF0346B9E700239B46B8E7CDE9123BD9
:10912000059B049A8DF853308DF8447010AF039B63
:109130008DF845602E468DF850A08DF854308DF88E
:109140004020ADF842900FCF0FC60FCF0FC697E863
:109150000F0086E80F0098E8030028630020A98626
:10916000E37A03F0FD03003B18BF012385F86F305D
:10917000E3682B67238AA5F8743095F84630E27DC2
:1091800062F3071385F84630ACE7438813F010000C
:1091900005D013F0040F14BF00201F2070479A075A
:1091A00004D4DB0701D4E7F787BEEE20704708B58B
:1091B000FFF7EBFF003818BF012008BD4FF4004354
:1091C000A0F8483043881D2B08BF00214174704728
:1091D00090F912007047408800F0010070478078D5
:1091E000C0F3400070478078C0F3C000704710B5EE
:1091F0004488C06CE30654BFC4F340040024FCF769
:10920000E1FA84F001042043C0B210BD8078C0F3BD
:10921000001070474079C31E012B05D8B1F81E31EC
:10922000012B14BF03200420704710B50446F0F74B
:1092300047FEC0F30B00A042F9D010BD90F8683093
:10924000016281F8B330D0F86930C1F8B430B0F8B9
:109250006D30A1F8B83070477047F2F7FFBF80F863
:1092600088107047FF2380F88B30704780F82410F7
:1092700080F8252070478278034612F0010002D062
:10928000D978C90710D5900702D5D97889070AD5AA
:1092900012F0040008D0D878C0F3800080F00100FC
:1092A0008000C0B2704702207047C0F34002C0F394
:1092B000800300F00100134418447047022808B5E9
:1092C00007D0042807D0012807D039212E20E7F73E
:1092D000B1F8262008BD2720FCE72520FAE7002367
:1092E000C0F80230012343700370704781707047EB
:1092F00010B54270144601708078FFF7D6FF4843DE
:1093000004FB00F2FE2A03DD5C212E20E7F792F831
:1093100010BD0023C37043710371704710B504463C
:10932000FFF7A9FF637962780133DBB29A42637178
:109330000CD1E3780022A17803436271DBB2994239
:10934000E37001BF2379E27001332371BDE810405F
:10935000FFF7B4BF38B504468078FFF7A6FF014693
:10936000E078FFF7A2FF2378227965789B1A6B4398
:1093700059436379C91A00FB1510C0B238BD0146C4
:1093800008B58078FFF791FF4A780B78534358432C
:10939000C0B208BD08B5427903462AB1FFF76BFF9A
:1093A000BDE80840FFF78ABFC07881070BD410F0F2
:1093B0000100F5D19B785A0707D413F0020F14BFB0
:1093C00002200120ECE70220EAE70420E8E7032876
:1093D00006D1920102F53472803201FB02F070472F
:1093E000042803D1120102F5E772F5E702280BBF4A
:1093F0000B320A329200D200EEE740F2EF207047C3
:1094000040F25A335843704708B50368DA7B182A8C
:1094100004D040F27E513120E7F70CF81E22DA73B7
:1094200008BD08B590F89E30FE2B04D040F66F11B1
:109430003120E6F7FFFF002380F89E1080F89F3070
:1094400012B9A0F84E2008BDA0F84630012380F8DC
:109450004A30F8E708B50368DA7B352A05D10022DF
:10946000DA73BDE80840FEF766BE182A02D11E2254
:10947000DA7308BD40F293513120E6F7DBFF037D3C
:1094800063B9C37BA3F11002032A07D990F85200F5
:1094900028B1202B8CBF002001207047012070478D
:1094A000037D63B9837BA3F11002032A07D990F8E7
:1094B000520028B1202B8CBF0020012070470120D2
:1094C0007047036810B59A7B93F8A010092A08D159
:1094D00093F899208A4204D100229A7383F84A2093
:1094E00010BD1A6812F0080406D022F00802BDE888
:1094F00010401A60FEF71FBEFF2904D1372283F8FF
:10950000C4429A73ECE74FF4AF613120E6F792FF63
:1095100038B50E38136814460D469A7B09283ED894
:10952000DFE800F0053D3D3D0F3D183D3D27042A95
:1095300005D12046FEF7E5FD2046F1F7EBF90020C6
:1095400038BD0F2AFBD1002220461146BDE8384025
:10955000FFF7F7B8212AF2D12046FEF7D2FD002D01
:10956000EDD0226892F8623023F0200382F8623056
:10957000E5E7DA7B272AE2D100252046DD73FEF7F6
:10958000DAFD236893F83831012B03D129462046B0
:10959000EFF7B4FC2368002283F83821CFE740F2CC
:1095A00062213120E6F746FF024600684978837B56
:1095B000212B15D00CD8042B14D00F2B14D0C07B2A
:1095C000272815D0332B0CBF2620FE20F4F7ECBA49
:1095D0002B2B03D02D2B09D0252BF0D11620F5E70E
:1095E0001420F3E70E20F1E71220EFE72320EDE748
:1095F0001720EBE7024600680B4690F8621041F036
:10960000040180F8621099785878F4F7CDBA38B52B
:109610000C460546D1E93001E7F7C4FB637B3BB15B
:1096200004F50C742046F9F79FF82046F9F7B0F8D6
:109630000D212846E7F71CFB0E212846E7F718FB0B
:1096400010212846E7F714FB0F212846E7F710FB07
:1096500011212846E7F70CFB28461221BDE83840C7
:10966000E7F706BB0022C281827490F84C3013B138
:109670000221F2F71FBA0321FBE738B5044608467A
:10968000E37B162B09D0A3F118025342534194F8FF
:10969000C02222B10C25284638BD0123F7E7002B54
:1096A000F8D094F8F03203F0FF05002BF2D190B11E
:1096B00094F8FE3123B940F66C313120E6F7BAFE5A
:1096C000052304F1800204F5F771FBF74BF8012341
:1096D00084F8C032DFE70223FAE7F0F733BD10B5B4
:1096E000044690F8791090F87800F5F793F9002285
:1096F00001462046BDE81040FEF75CBCF5F78ABA8B
:10970000C0F8E011704710B50446FFF7FFF800F20B
:109710008F11226A236C9A4228BF1A461046FEF720
:1097200052FCB0F5296F28BF4FF4296080B210BDFC
:1097300008B520B940F277113520E6F77BFE437B70
:1097400003F0FF0113B14FF4BC71F5E7202200F5DF
:109750000070BDE80840FBF7B7B910B5044686B005
:1097600020B94FF4BF713520E6F764FE427B02F06A
:10977000FF0312B140F27F11F5E70146012268466E
:10978000F5F766F9694604F50070F8F7B9FF10B906
:1097900040F28311E7E706B010BD036893F8A020FC
:1097A00022B100229A7383F84A207047DA73FEF7D9
:1097B000C2BC03689A7B032A04D1002283F84A20A2
:1097C0009A737047FEF7B7BCA1F11203012B0AD9B7
:1097D00010B9192902D87047122906D91F298CBF40
:1097E000002001207047012070470020704738B5E5
:1097F000142813680D4614469B7B0CD016281AD0EB
:10980000122835D1052B14D1002220461146BDE87F
:109810003840FEF796BF213B022B0AD81046FEF7D0
:1098200070FC35B1226892F8623023F0200382F890
:109830006230002038BD242BFBD11046FEF761FCBE
:109840006DB1226892F8633023F0010382F863302F
:10985000226892F8633023F0080382F863301A21FB
:109860002046EFF74BFB2368002283F83821E0E71E
:1098700040F2AE413620E6F7DDFD03680246497846
:109880009B7BA3F1100010280BD92D2B0BD0212B83
:109890000BD0052B0BD0242B0CBF1620FE20F5F788
:1098A000B9BC0320FBE72320F9E71420F7E71220D7
:1098B000F5E7024600680B4690F8621041F004019B
:1098C00080F8621099785878F5F7A4BC70B50C460A
:1098D0000546D1E93001E7F765FA637B3BB104F552
:1098E00000763046F8F740FF3046F8F751FF04F5B0
:1098F000EC742046F1F7B8F910B12046F1F7C2F93F
:109900000D212846E7F7B4F90E212846E7F7B0F90C
:1099100010212846E7F7ACF90F212846E7F7A8F908
:1099200011212846E7F7A4F928461221BDE8704026
:10993000E7F79EB900207047F0F72CBBF0F7EABBC1
:1099400070B5B0F8DE600146827CB600B0F84030F9
:109950000ABBC3F106039D1B91F83E3013B18B7B0C
:10996000052B1DD10846FFF79BFDD8B1D1E90D3479
:10997000E41AA41BAC42B1F8AA00A8BF2C4600F020
:1099800051F820B1C389043B9C42B8BF1C4624EA6D
:10999000E47080B270BDB0F84250ED1AAD1BDBE749
:1099A0000024E7E72C46E5E770B50D46042106469E
:1099B000E7F748F9044648B906213046E7F742F987
:1099C00020B115B190F8E53003B90446204670BDCA
:1099D00090F83C00A0F1FF0358425841704708B589
:1099E000F7F7ECF8BDE80840F6F73ABB1D2310B5D1
:1099F00004460370EFF700FA6070022010BD1E23CA
:109A000010B504460370EFF7F7F96070022010BD3F
:109A100001234380038000238380C3804FF4486385
:109A2000038170470E21E7F70DB973B501A905460B
:109A3000FDF7E8FC044618B121215420E6F7FAFCB2
:109A40002846019EFFF7EEFF30B10123A6F8DE3075
:109A5000848144810482C48102B070BD3C230380B0
:109A60004FF4FA4343800123C380838000230381A2
:109A700043814FF448638381704700F038B8801AFF
:109A800000F3070038B50D46144659B240B2F8F756
:109A90002FFA0023287020446B7040B238BD002399
:109AA000036070477047002070474FF0FF307047E9
:109AB0004FF0FF30704770474FF0FF307047002085
:109AC0007047002070470023037070479DF80030F6
:109AD0000022FFF7D4BF4FF0FF30704700207047DF
:109AE0004FF0FF3070474FF0FF30704770477047BE
:109AF0000020F8F733BA0020F8F7B0BA0020F8F7E2
:109B0000DBBA0020F8F72ABA704770B50024FAF7DC
:109B100055FC05462646E0B2854200D870BDFAF7EE
:109B200053FC0134068580F82A60F4E7F8B5037920
:109B300004461BB11B219D20FAF7CCFC467901712C
:109B400026B901234371217909B96171F8BD2768EC
:109B500020462671B84702280546F4D10321204645
:109B6000B84708B12F21E6E72368294620469847E1
:109B70000028E8D03021DEE70346006800B97047CE
:109B80008842F9D102681A607047FAF777BE7047C9
:109B900020BF704700280CBF6FF0150000207047F1
:109BA0000020704707230370002070470020704793
:109BB0000020704710F8012B11F8013B012A28BF43
:109BC0009A42F7D0D01A704713B5CDE9000101468B
:109BD0000D4809F0A9FF0022002369460B480BF04D
:109BE0001BFB044668B1E323094A0A490A4809F005
:109BF000ECFE2146094809F0E8FEE321044809F09B
:109C0000DBFE02B010BD00BF98610021E002002120
:109C10008F5D0201C75D0201D05D0201ED5D0201B1
:109C2000014806F0EFBE00BF0C03002110B54FF055
:109C3000FF324FF0FF33064806F058FE044602F0AC
:109C40003DFC10B1204602F0B5F908F057FAEEE7F6
:109C5000300300217FB54FF0FF324FF0FF333A4819
:109C600002A906F0E1FA044668B1F023374A384900
:109C7000384809F0AAFE2146374809F0A6FEF0212F
:109C8000324809F099FE029E039D334613F8010BFA
:109C9000691E022803912BD005283CD001281CD135
:109CA000022919D9F278043D954215D10322CDE954
:109CB00000324FF0FF324FF0FF3302F0C9FB044691
:109CC000311D228A638A66699B1AE268921B9B1A7D
:109CD0009D4232D902F06EF9002402991F4809F022
:109CE0003DFF002CB7D021461D480BF0B7FAB2E774
:109CF0000329F1D9B6F80320053D9542ECD10420A3
:109D00004FF0FF32CDE900304FF0FF3302F0A0FBFF
:109D1000711D0446D5E70329DED9B6F80320053DB9
:109D2000C2F30D029542D7D104221020CDE90032B2
:109D30004FF0FF324FF0FF33E8E72A4604F10C0002
:109D40000AF0DAF9C9E700BFE00200218F5D0201E5
:109D5000C75D0201D05D0201115E02019861002120
:109D60003003002108B50A4802F0B4FB70B9094875
:109D700009F09FFE002802DA10F1780F06D1BDE845
:109D80000840054A0549034809F0A1BE08BD00BFC7
:109D90001C0300214057020180010021986100212D
:109DA00010B54FF0FF324FF0FF330C4806F0A8FE1D
:109DB0004FF0FF324FF0FF33094806F097FD04469D
:109DC000228AE168074809F096FE002803DB204656
:109DD00002F0F0F8ECE708F091F9F1E70C0300214C
:109DE0001C03002198610021B2F5802F2DE9F84372
:109DF0000ED33E494FF437733D4A3E4809F0E5FD26
:109E00003D4809F0E2FD4FF43771394809F0D4FDBF
:109E1000042A0CD8394940F2E323354A354809F081
:109E2000D4FD374809F0D1FD40F2E321EDE7043AD3
:109E3000CD1D114425F0070521F00706A6EB050806
:109E4000B8F1170F4FEAD8070CD82E494FF43B73DF
:109E5000274A284809F0B9FD294809F0B6FD4FF412
:109E60003B71D2E7B7FA87F44FF00009C4F1200242
:109E7000C4F12404A4000734E408631CBB42056059
:109E8000AF60C5F80C900CD91F4940F20233184A54
:109E9000184809F09AFD1A4809F097FD40F202317E
:109EA000B3E74946920005F110000BF019FBA2B28E
:109EB000530043F001036B803B1B9BB205EBC401D5
:109EC0005800A5F80090488025F83420A6F80290A4
:109ED00025F8083005EBC7035A88214642F00102F5
:109EE0005A802846BDE8F84309F0F5BBB85E020188
:109EF0005D5E0201D05D0201CE5E0201E55E0201FF
:109F0000065F02011F5F0201485F0201014B1B68EF
:109F1000184700BF9C01002130B5044685B00D46AE
:109F20001022002168460BF0DBFA02238DF8023084
:109F3000044B2A4621466846019309F02FF905B0E3
:109F400030BD00BF0D9F010180B505460E46174686
:109F5000984608F075FA034601F052FCDFF83C9091
:109F6000044649F80030424639463046A8470C4B73
:109F70001B7873B90B4940F246330B4A0B4809F082
:109F800024FD0B4809F021FD40F24631064809F056
:109F900013FD54F8090001F0CFFB00BF08000000DA
:109FA000AB6400219E5F0201735F0201D05D02017C
:109FB000B15F02012DE9F84F0546AB8B0846190742
:109FC000904616D501280CBF43F0100343F0200340
:109FD000AB831435284608F02BFD002840F0B181F2
:109FE000AE494FF49973AE4AAE4809F0EEFC2946EB
:109FF0009DE0022803F0070140F07D81284609F02A
:10A00000F1FC052800F2FA8001A353F820F000BF0C
:10A01000D39F0101F7A20101FDA10101A1A001014E
:10A020003BA101019BA1010102F00702531F012B7B
:10A030001AD80023062A2E68A4B2C5E9003309D134
:10A04000334603E0EA8B0132EA831B68002BF9D127
:10A0500044F002042846AC8309F0C4FC002800F058
:10A060005A8144F0200455E1042A0DD1A4B22846B7
:10A07000AC8309F0B7FC0646002800F04C8144F0A0
:10A0800020040026AC8346E1874940F21B13874A2F
:10A09000844809F09AFC40F21B11844809F08CFCBA
:10A0A00049B183494FF4AB73804A7E4809F08DFC77
:10A0B0004FF4AB71F1E72B684BB97E4940F257136F
:10A0C0007A4A784809F081FC40F25711E5E72B699C
:10A0D0001F684FB978494FF4AD73744A714809F05D
:10A0E00074FC4FF4AD71D8E70E468A464FF006096E
:10A0F000AC8B24F0070444F00604A4B2AC83AB6834
:10A10000002B00F00F814FF0010B44F00804AC83EA
:10A1100005F11404204608F08BFC002878D15F4933
:10A120004FF499735E4A5F4809F04FFC214663483B
:10A1300009F04BFC4FF499718EE0022909D0604977
:10A1400040F25D13594A574809F03FFC40F25D1157
:10A15000A3E7EE8B4EB15B494FF4AF73534A5148BE
:10A1600009F033FC4FF4AF7197E72B695F684FB983
:10A17000514940F261134D4A4A4809F026FC40F229
:10A1800061118AE7AC8BB24624F0070444F0040462
:10A19000A4B24FF00409AC83B1E7012909D04A49C0
:10A1A0004FF4B273414A3F4809F00FFC4FF4B271CB
:10A1B00073E72B684BB93F4940F265133B4A394876
:10A1C00009F003FC40F2651167E72B699F684FB9FE
:10A1D00039494FF4B473354A324809F0F6FB4FF46D
:10A1E000B4715AE70026AC8BB24624F0070444F061
:10A1F0000504A4B24FF00509AC8380E72A4940F278
:10A200006B132A4A274809F0E0FB40F26B1144E740
:10A2100088F31188BFF36F8FBBF1000F1ED1002EA2
:10A2200033D117B128462949B847EFF311884023A5
:10A2300083F31288BFF36F8F204608F0EBFB0028F2
:10A240004AD18423164A2249164809F0BEFB21460A
:10A25000204809F0BAFB842111481FE7A9680029AA
:10A26000DDD0D1F800800029D9D053464A4628468F
:10A27000D1F804B0D847B8F1000F04D0D8F80030B6
:10A2800041469846EFE74346FAE7314653464A4689
:10A290002846366809F0D2FBC1E700BFA66002017C
:10A2A00079600201D05D02013D720201D35F0201BB
:10A2B000F85F02010460020127600201BD60020133
:10A2C0003E600201546002016360020151A301017A
:10A2D000D2600201E7600201204608F0BFFBAC8BB0
:10A2E00024F00804A4B2AC83E20621D524F01003C4
:10A2F000AB8304F00701D5F818A0AA8BBAF1000FC0
:10A3000022F00704BFF690AE00232E68C5E90033A3
:10A3100044F00104AC8304F0070989454FF00007BD
:10A320007FF4EDAE0EB9002FDED04FF0000BECE65F
:10A33000A3067FF54EAE24F02003AB8304F00701A3
:10A340005CE688F31188BFF36F8FBDE8F88F00BF1C
:10A35000F8B504460D4600F11406EFF311874023CB
:10A3600083F31288BFF36F8F304608F053FB68B950
:10A3700084230C4A0C490D4809F027FB31460C4850
:10A3800009F023FB8421074809F016FB304608F04A
:10A3900065FBA5613A462046BDE8F8400121FFF77C
:10A3A00009BE00BF79600201D2600201D05D0201E6
:10A3B000E76002012DE9F04704460E4609F02EFB46
:10A3C000051E66DB04F11409EFF3118A402383F3C1
:10A3D0001288BFF36F8F484608F01CFB804660B9B7
:10A3E0008423374A3749384809F0EFFA4946374855
:10A3F00009F0EBFA8421324843E0484608F02EFB8E
:10A400004FF6FF72E38BA78B934207F0070743D009
:10A41000062F2CD8DFE807F01F43092B1F041F006D
:10A420006FF085054FF0000802E002250133E38359
:10A43000484608F0FDFA002834D14FF49973204AB9
:10A440002349214809F0C1FA4946224809F0BDFADA
:10A450004FF49971CFE700233360636823B9C4E9EF
:10A46000006687B13D46DDE71E606660F9E71A4980
:10A4700015484FF4E473194A09F0A7FA4FF4E47150
:10A48000164809F099FA524602212046FFF792FD3C
:10A490003D462846BDE8F0876FF00A05C2E76FF039
:10A4A0000405BFE78AF31188BFF36F8FB8F1000F7F
:10A4B000EFD000233A463146204609F0BFFAE8E7DC
:10A4C00079600201D2600201D05D0201E760020101
:10A4D000A6600201BD60020163600201D35F020158
:10A4E00008B54268034602F00302032A81600AD0DD
:10A4F0006AB9084908484523084A09F066FA45211F
:10A50000064809F059FA006800225A6008BD002088
:10A51000FAE700BF3D720201D05D0201FD60020159
:10A5200030B50C460E4985B00291D0F8CC110546E5
:10A53000CDE9003100F1F0014FF0FF33204604F087
:10A540003DFF50B9012384F86C30D5F8C83123B1F0
:10A55000204605B0BDE83040184705B030BD00BF0B
:10A56000973C02012DE9F04F0123814605694668B9
:10A5700089B005F55D77D7E8EF2F002A03D1C7E84A
:10A58000E13F0029F7D10CBF1A46002240F0B1800C
:10A59000B368B16A05F5F4781C1F104609F0CBFBCF
:10A5A00084426FD8013A00F09E80B2FA82F24FF0F6
:10A5B0000044D44072682046073222F00302C5F8F6
:10A5C0003422B16A09F0B7FBC5F83802B36A4046D5
:10A5D0006343033323F0030302EB4302230103EB42
:10A5E0004403093323F0030303EBC403C5F82C220F
:10A5F0001A440832C5F828227368C5F83042C5F8F5
:10A6000024323D4BC5E9AB63316800F029FA0446BA
:10A61000002835D1D9F810B0D9F804A0D9F8003005
:10A620000BF53279CDE9060005934846DAE907349F
:10A63000012B08BF103C06F017FEDAF824002F4962
:10A6400005AB01EB80214FF480624846009323461E
:10A6500006F024FE2A490BF52E7006F097FCDAE985
:10A66000050183685C684CB15B46264AA0470446F6
:10A6700030B9DAE9050183681B692BB96FF057041B
:10A68000002129E0013288E701229847044600288A
:10A69000F6D11D4B2846C5F8C8311C4BC5F8CC3146
:10A6A0001B4B0393D5F838320293D5F83432CDE9F9
:10A6B000008305F50F73B26AD5F8701300F098F9AE
:10A6C00004460028DCD105F1F00004F01DFF00284D
:10A6D000C5F878030ADB0221384609F014FB20464E
:10A6E00009B0BDE8F08F6FF00B04C9E76FF01504F7
:10A6F000C6E76FF07704F2E7F13C0201B06C00218D
:10A70000D73C0201CB3C020191A701010D3E0201A1
:10A7100015A701012DE9F04190460C4699B30B783D
:10A720008BB3D0F8BC50A5F5DE7614354FF0FF3270
:10A730004FF0FF33284605F061FE2146304609F010
:10A74000ACFA0746A0B93046104909F0A6FA064609
:10A7500020B92846BDE8F04109F0D3BA1F222146AE
:10A7600048300AF0D7FE86F86770C6F86880F0E7D0
:10A77000284609F0C6FA4346224639463046BDE827
:10A78000F041FFF7CDBEBDE8F08100BFCB73020101
:10A7900013B5044640B100230122CDE90032074B36
:10A7A000D0E9091204F0DEFD236F1B6823B1606F4E
:10A7B00002B0BDE81040184702B010BDCB730201D3
:10A7C00013B504460846216901F55D71D1E8AF1F54
:10A7D000022910D193B1A0B10121CDE90031134676
:10A7E000D0E9091204F0BEFD074B984208BF6FF094
:10A7F0000B0002B010BD6FF00F00FAE76FF04C00D5
:10A80000F7E76FF00100F4E72EF8FFFF2DE9F843BA
:10A8100089461546066906F55D73D3E8AF3F022BFE
:10A8200066D11368EBB11B78DBB1D6F87073002FDB
:10A830003FD106F5E8784FF0FF324FF0FF33404646
:10A8400005F0DCFD3046296809F027FA044660B9B6
:10A850003046294909F021FA044638B9404609F042
:10A8600050FA6FF01500BDE8F883012705F10803E1
:10A870002367AB6964646367002384F86C3067B155
:10A88000404609F03EFA21463046A36E2A68FFF79B
:10A8900047FE0020C9F80040E5E71F22296804F1BF
:10A8A00048000AF037FE404684F8677009F029FA3C
:10A8B000EFE73046104909F0F0F904460028D0D0FF
:10A8C000002705F108030367AB6980F86C704367E4
:10A8D00040641F22296848300AF01CFE22460121EC
:10A8E000304684F8677000F065F80028D1D0B8E7EA
:10A8F0006FF00F00B7E700BFCB73020110B50C4635
:10A90000006900F55D73D3E8AF3F022B0FD189B129
:10A910000A4900F52E7006F019FC20460AF08FFA5D
:10A920007822002120460AF0DBFD002010BD6FF0E8
:10A930000F00FBE76FF00100F8E700BFA061002106
:10A940002DE9F04F05460E4690460027D0F8BCA0F2
:10A9500085B0AAF5BA7421463046FFF72BF9E0B965
:10A96000134BA4F1480B0293DAF810303246CDE9CC
:10A97000008329464FF0FF335846AAF5DE7904F0EC
:10A980001DFD88B97823012203FB079383F86C200F
:10A99000DAF80C300BB1584698477B1C022B4FF06D
:10A9A000010704F17804D6D105B0BDE8F08F00BFEF
:10A9B0003B3E02011FB5144690B18AB1012912D164
:10A9C0000A4B00F1F0010293D0F8CC3148320193E8
:10A9D0004FF0FF332046009304F0F0FC04B010BDAC
:10A9E0006FF01500FAE70020F8E700BF3B3E0201D8
:10A9F0002DE9F04387B00E46DDE90E811446DDE90E
:10AA000010251F4630B329B3DFF850C000F1F0091C
:10AA1000002D08BF65469EB9CDE9034400F5DE74FC
:10AA2000204605960AF09EFB03ABCDE900432A467B
:10AA30003B464146484604F027FF07B0BDE8F08397
:10AA4000002241460E9248462A4607B0BDE8F04330
:10AA500005F06EB86FF01500EFE700BF41A90101E6
:10AA6000F0B5044687B02B4A04AB0E4692E80300CB
:10AA700083E80300002C49D0184604F077FB054614
:10AA8000B0B94FF0FF33E16C04F15407A163CDE995
:10AA9000010000933846236D04F1380209F090FE5E
:10AAA000A06C09F0F9F9C4F8BC0020B96FF00B05EF
:10AAB000284607B0F0BDA06C09F0EEF9C4F8C0005C
:10AAC0000028F3D0236CD4F8BC10C4F890300423D1
:10AAD000C4F89430C4F8AC300223E3620E4BB4F8EF
:10AAE0004820C4F88C10616C236204F18C03C4F814
:10AAF000A070A4F89820C4F8B870C4F8A810A4F8FE
:10AB0000B020C4F8A400A6612363D1E76FF0150557
:10AB1000CEE700BF0C590201245C0201014B036027
:10AB200000207047505C0201024B187880F0010051
:10AB3000704700BFAB64002170B50446C0690028AF
:10AB400046D0082109F03CFA0146002839D0E569D1
:10AB50001435EFF31186402383F31288BFF36F8F10
:10AB6000284607F057FF68B984231A4A1A491B4838
:10AB700008F02BFF29461A4808F027FF84211548C2
:10AB800008F01AFF284607F069FF204609F0EDF9A2
:10AB90000446284607F04CFF68B94FF499730D4AF4
:10ABA00010490E4808F011FF29460F4808F00DFF24
:10ABB0004FF49971E3E786F31188BFF36F8F204656
:10ABC00070BD2046BDE870400022002300F00EB8A2
:10ABD0000446F4E779600201D2600201D05D02010F
:10ABE000E7600201A6600201BD6002012DE9F047A5
:10ABF000C46907468A46204605219146984609F0D1
:10AC0000DFF918B900252846BDE8F087EFF3118574
:10AC1000402383F31288BFF36F8F424807F0FAFE98
:10AC2000064668B98423404A4049414808F0CDFEB1
:10AC30003C49404808F0C9FE84213B4808F0BCFE6E
:10AC4000384807F00BFFE3683648012B86BF03F155
:10AC5000FF33E360002607F0EBFE68B94FF4997309
:10AC6000314A3549324808F0B0FE2E49334808F0E1
:10AC7000ACFE4FF49971E0E785F31188BFF36F8F55
:10AC8000002EBFD1FFF750FF18BB0AF02BFB421E6E
:10AC900066F1000304F1180009F098F9051E3DDB88
:10ACA0005646E368002B36D0013BE36043B996B1CA
:10ACB00002234A46237104F13800434606F096FC0D
:10ACC000FFF732FF00289ED104F1180009F080F947
:10ACD00099E73546E5E73146A36860699847051E60
:10ACE00003DAE3680133E360EAE701232371022119
:10ACF000F86909F065F90028E2D0FB691869FFF7E7
:10AD00001BFFFB69D3E8EF1F21F00401C3E8E21F3A
:10AD1000002AD5D0F6E76FF07705D1E76FF00F0581
:10AD200071E700BFC061002179600201D2600201B9
:10AD3000D05D0201E7600201A6600201BD60020170
:10AD4000F8B50021044650F8303C50F8240C9847E0
:10AD50000546A4F120074FF0FF334FF0FF3238468D
:10AD600009F034F9002DB7BF54F82C3C012301330E
:10AD700044F82C3CB8BF002304F8343C0121A4F172
:10AD8000100099400AF093FB3846A4F1380609F008
:10AD90001FF96DB1A6230F4A0F49104808F015FEA0
:10ADA00029460F4808F011FEA6210A4808F004FEC3
:10ADB0000221304609F004F958B154F8280CFFF785
:10ADC000BBFED6E8EF3F23F00403C6E8E23F002ACB
:10ADD000F7D1F8BD2861020156610201D05D020180
:10ADE0005F6102012DE9F041C5690646002D00F0C2
:10ADF00093800521284609F0E3F8002840F08F8071
:10AE0000304609F081F80446002840F08A80082185
:10AE1000F06909F0D5F800284DD0D6F81C8008F16B
:10AE20001405EFF31187402383F31288BFF36F8F6C
:10AE3000284607F0EFFD68B984233B4A3B493C486C
:10AE400008F0C3FD29463B4808F0BFFD8421364881
:10AE500008F0B2FD284607F001FE98F8041041B949
:10AE60003046D8F808309847041E0BDB012388F8D9
:10AE70000430D8F8003043F02003C8F80030002335
:10AE8000C8F80C30284607F0D3FD68B94FF4997321
:10AE9000254A2949264808F098FD2946274808F000
:10AEA00094FD4FF49971D2E787F31188BFF36F8F48
:10AEB0002046BDE8F081FFF737FE38B94FF0FF328A
:10AEC0004FF0FF3305F1180009F080F86B692BB9DA
:10AED0001B496E6105F1380006F0D8FA2979C9B925
:10AEE000AB6868699847041E0BDB01232B710023B4
:10AEF000EB60D5E8EF3F43F02003C5E8E23F002ACE
:10AF0000F7D1FFF711FE0028D2D105F1180009F0A2
:10AF10005FF8CDE70024EAE76FF08504C8E7002476
:10AF2000C6E76FF00F04C3E779600201D260020147
:10AF3000D05D0201E7600201A6600201BD6002016E
:10AF400041AD010108B5044808F029FD034808F0A7
:10AF500026FD002008BD00BF7F610201B46102012F
:10AF600008B50348034A0021121A09F039F808BD50
:10AF7000C8030021B0640021074808B5074A084902
:10AF8000121A09F02FF8BDE808400648064A07499A
:10AF9000121A09F027B800BF00000021C8030021E1
:10AFA000687D02010000002100000021687D02018F
:10AFB00038B505460C4699B1D1E901230F48096817
:10AFC00008F0EDFCD4E90423E1680D4808F0E7FC43
:10AFD000E1690C4808F0E3FCA1690B4808F0DFFCCC
:10AFE000012D05D1EFF305810848103908F0D7FC91
:10AFF00021462846BDE8384004F0E4BDE161020185
:10B000001162020141620201516202018062020189
:10B0100030BFFFF7FDBF00BF2DE9F04105460B4EE5
:10B02000DFF82C80324606EB0807CC1B2046094986
:10B030000AF049FAA01942460021083C0AF050FAE9
:10B04000AC6707F10800BDE8F08100BF0000000018
:10B05000040000000C59020110B5204C204808F0F3
:10B060009EFCA36A990137D51E4808F098FC1E2063
:10B07000A36ADA0103D51C4808F091FC1F20174C85
:10B08000A36ADB0203D5194808F089FC0220A36AF1
:10B090001C0303D5164808F082FC21200F4CA36A3C
:10B0A000590303D5134808F07AFC2220A36A9A03B7
:10B0B00003D5114808F073FC2320084CA36ADB0376
:10B0C00003D50E4808F06BFC2420A36A6FEA034303
:10B0D0006FEA1343A36210BD1D20C9E700ED00E035
:10B0E00094620201AD620201C1620201DC620201EE
:10B0F00007630201266302014C63020167630201D8
:10B1000070B5204C064620480D4608F048FCA36A5E
:10B11000D90435D51D4808F042FC1720A36A1A054A
:10B1200003D51B4808F03BFC1820164CA36A9B056E
:10B130000FD5184808F033FCA16BA36A180407D593
:10B14000154808F02CFC1EB1A36A23F40043A36247
:10B1500019200C4CA36A5A0503D5104808F01FFCAF
:10B160001A20A36ADB0503D50D4808F018FC1B2044
:10B17000044A936A43F47F43936200232B7070BDAB
:10B180001620CBE700ED00E093630201AA63020101
:10B19000BC630201D0630201EA63020100640201A0
:10B1A0001C64020170B5294C064629480D4608F07A
:10B1B000F6FBA36AD8063FD5264808F0F0FB11201D
:10B1C000A36A190703D5244808F0E9FB12201F4C95
:10B1D000A36A9A070FD5214808F0E1FB616BA36AC7
:10B1E0001B0607D51E4808F0DAFB1EB1A36A23F040
:10B1F0008003A3621320154CA36ADE0703D5194808
:10B2000008F0CDFB1420A36AD90602D4A36A9A07DA
:10B2100014D50E4B9B6ADB0610D5134940F22D1353
:10B22000124A134808F0D1FB124808F0CEFB40F256
:10B230002D110E4808F0C0FB1020C1E7034A936AA5
:10B2400043F0FF03936200232B7070BD00ED00E01C
:10B25000356402014C640201BC6302018064020196
:10B2600099640201B064020102650201D064020126
:10B27000D05D02014C650201F0B5704B0446586880
:10B2800000258BB0C0F3080385F31188BFF36F8FDF
:10B2900002F07F46B6F17F4F06D102F00C06082E71
:10B2A00011D1674808F07BFB664940F21B43664AB0
:10B2B000664808F08AFB664808F087FB40F21B41AD
:10B2C000614808F079FB16074CBF0C460125002C9D
:10B2D000EAD00026DA1E8DF80760092A00F29F8066
:10B2E000DFE802F0059397769D9D9D9D9D9B5948B3
:10B2F00008F055FB8DF80760504EF36A9A0704D5A5
:10B30000554808F04CFB00232AE0F36A002B01DAD1
:10B310005248F6E7F36A5B006AD5514808F03FFBF4
:10B320007369A26943F480737361BFF34F8FBFF3F6
:10B330006F8F32F8023C726922F480727261BFF33F
:10B340004F8FBFF36F8F03F47F42B2F55F4F26D16B
:10B35000DBB2022B23D12168424808F020FB23688E
:10B360009DF80720CAB902AE04F1200732462068D2
:10B370006168083403C2BC421646F7D1099A002D11
:10B3800059D0C2F3080121B96FEA52226FEA422272
:10B390000992184602A9FFF70BFE0BB0F0BD274B30
:10B3A0009A6AD2B232B101200DF10701FFF7FAFE1D
:10B3B0000346D5E79A6A12F47F4F05D001200DF1BC
:10B3C0000701FFF79DFEF3E79B6AB3F5803F02D3C9
:10B3D000FFF742FEECE7244940F2ED231A4A1B48EE
:10B3E00008F0F3FA214808F0F0FA40F2ED2167E79F
:10B3F0001D494FF43C73144A144808F0E6FA1C48FF
:10B4000008F0E3FA4FF43C715AE700200DF1070110
:10B41000CCE700200DF10701D3E7164871E7A3F14F
:10B420001002154B10F4F87F1449154808BF19464F
:10B4300008F0B5FA67E76FF30802A9E700ED00E04E
:10B44000DE6502010A660201D0640201D05D0201DC
:10B450001D6602015B6602017366020195660201C8
:10B46000A4660201C46602013D720201E1660201A6
:10B470000567020135670201B0650201C565020179
:10B480005A670201064B5A6942F010025A615A6922
:10B4900042F480625A615A6922F008025A61704788
:10B4A00000ED00E0EFF30880EFF3098101B572468B
:10B4B000FFF7E2FE01BD00BF002080F31488BFF358
:10B4C0006F8F002080F30A8880F30B880F4880F389
:10B4D000088802F0ABFF00200D490860BFF34F8FD2
:10B4E00000F02CF8402080F311880A484FF40061E6
:10B4F000401880F30988EFF314800221084380F399
:10B500001488BFF36F8F08F07EFD0000B085002126
:10B5100094ED00E0B0740021002318460649D1F8EC
:10B520009020C2F30722934200DB7047C1F89830A5
:10B53000C1F8A0000133F6E700ED00E010B572B6E7
:10B54000002484F31388FFF7E7FF23464FF0FF3012
:10B550000C4A03F120010133102B42F82100F8D1ED
:10B5600000234FF0FF30074A03F160010133102B35
:10B5700042F82100F8D162B6BFF34F8FBFF36F8F4F
:10B5800010BD00BF00E100E01EF0040F0CBFEFF3A0
:10B590000880EFF30980816911F8021C0229FFD0AD
:10B5A00001B5724608F020FD01BD00BF40B2002881
:10B5B00007DB01234109034A00F01F00834042F8E2
:10B5C0002130704700E100E040B200280CDB01228E
:10B5D0000649430900F01F008240203341F8232030
:10B5E000BFF34F8FBFF36F8F704700BF00E100E0E4
:10B5F000054B420953F82220012300F01F0003FAF3
:10B6000000F01040704700BF00E100E038B5D307FC
:10B6100004460D4612D48B1C072B10D96B23114AFC
:10B620001149124808F0D1F929461148062322464B
:10B6300008F0CBF96B210B4808F0BEF9002360B28B
:10B640000028ACBF00F160400A4A4FEA4313DBB266
:10B65000ABBF00F5614000F00F0080F800331354D9
:10B6600038BD00BF6E670201A5670201D05D02010F
:10B67000C067020114ED00E0044B054A23F07F038C
:10B680009360BFF34F8FBFF36F8F704700000001CF
:10B6900000ED00E042F8203C009B0B4942F81C3CC6
:10B6A000019B21F0010142F8183C029B42F8081C62
:10B6B00042F8143C4FF0807342F8043C0023203AD7
:10B6C0000265C367704700BF499F010100B50D4B7C
:10B6D00015469860826F0C4B0E461A60836E83F39A
:10B6E0000B882C4686F309880020044B9847204697
:10B6F000002100220023024C204700002B400201C1
:10B70000499F0101CC630021C46100211022014B3B
:10B710001A61704700ED00E0054B5A699B689A4238
:10B720001FBF044A536843F080535360704700BF03
:10B73000CC63002100ED00E0084B9B6883420BD1F5
:10B74000EFF3058343B1064B5A6842F080525A60CA
:10B750005A6A22F400425A6206F078BECC63002195
:10B7600000ED00E014498A684FF030001044EFF318
:10B77000098C80E8F01F402080F31288BFF36F8FA0
:10B780000E4F4FF000664A698A603E60906F0C4C25
:10B790002060D06F0023D36780F3118802F130005E
:10B7A00090E8F01F8CF3098802F1000004B508F05E
:10B7B00035FCBDE804407047CC63002104ED00E097
:10B7C000C4610021002340210348C21801331E2B0D
:10B7D00082F80013F9D1704700E100E008B5EFF3FB
:10B7E0000583064A103B02EBC30152F83300496857
:10B7F0008847BDE80840FFF78FBF00BF60570201D0
:10B800000148006870470000C46100211FB5012194
:10B81000094B0A4A0A4800F0F7F80023064A039346
:10B82000084B0121019301A8D31A029300F010F9EB
:10B8300005B05DF804FB00BF0000012100000021FD
:10B84000505C0201C80300210A7A0B6810B562F34C
:10B8500004031C46CB68520923F01F0343EA42034A
:10B86000044A43F00103C2F89800C2F89C40C2F8B1
:10B87000A03010BD00ED00E010B5074BD3F89030BC
:10B88000C3F30723013B984202D8FFF7DDFF10BD49
:10B890006FF01500FBE700BF00ED00E02DE9F04F71
:10B8A0000F46144606464FF000084B4D85B0B8458C
:10B8B00080F28E80D6F80490B9F1000F35D0B9F13E
:10B8C0001F0F40F2838019F01F0F7FD1D6F800A020
:10B8D0001AF01F0F7AD1504608F0E7FB834609EBB8
:10B8E0000A00013808F0E1FB83456FD11BF1160F08
:10B8F0006CD05C456ADDC5F898B0D5F89C10C5F8E9
:10B9000098B0D5F8A03021F01F0143F01F0AD6E906
:10B9100000321A44994202F1FF391BD1CA4508D1BD
:10B9200031465FFA8BF008F0C9FB08F101080C36CC
:10B93000BDE73146C5F898B0D5F89C30E0B263F366
:10B940000402C5F89C2008F0B9FB10F1160F3DD099
:10B95000441CEAE7C5F898B0D5F8A020013B23F0D5
:10B960001F0302F01F021343CA453146E0B2C5F877
:10B97000A030E8D008F0A2FB10F1160F26D0C5F8D1
:10B9800098B0D5F89C209DF808300AF1FF3A62F390
:10B9900004038DF80830D5F8A0309DF808205B0826
:10B9A00063F347128DF80820D6E900321344009360
:10B9B00023F01F035344A3EB0903013023F01F03BB
:10B9C0006946C0B20393FFF757FFBEE76FF0150457
:10B9D000204605B0BDE8F08F00ED00E00522044BE5
:10B9E000C3F89420BFF34F8FBFF36F8F704700BF32
:10B9F00000ED00E0BFF35F8F0022024BC3F89420FC
:10BA0000704700BF00ED00E038B50C4D0C462A78B9
:10BA1000FFF744FF287016300FD140F28913084A0F
:10BA20000849094807F0D1FF2146084807F0CDFF33
:10BA300040F28911024807F0BFFF38BD14640021AD
:10BA4000006802013D720201D05D02012F6802010F
:10BA50002DE9F74F314D894606464FF00008AB46B9
:10BA60002F4FC84502DB03B0BDE8F08FD6F804A025
:10BA7000BAF1000F4CD031680846019108F015FB6F
:10BA8000019904460AEB0100013808F00EFB8442DC
:10BA90004FF01402234B15D002FB08F36FF0150290
:10BAA0004BF8032040F299131F4A2049204807F021
:10BAB0008CFF49461F4807F088FF40F299111A4849
:10BAC00007F07AFF14F1160F2C60EBD01978A14221
:10BAD000E8DD02FB08B0C7F89840C7F89840D7F8EF
:10BAE0009C4000F10801007B64F304000871D7F862
:10BAF000A0000C79400860F347140C71D7F89C1033
:10BB000021F01F016960D7F8A01021F01F01296101
:10BB100008F1010814350C36A3E700BFC861002105
:10BB200000ED00E014640021006802013D72020192
:10BB3000D05D02015B6802012DE9F0416B4D6C4E56
:10BB4000D5F890303468C3F307239C4286B013D9EC
:10BB500040F20223674A6849684807F036FFD5F883
:10BB6000902021466648C2F3072207F02EFF40F2DC
:10BB70000221604807F020FF0020FFF73BFF614BE8
:10BB8000C5F8C03084421BD15F4D01A82C70FEF770
:10BB9000C5FF002607464FF061085C4CB74216D13E
:10BBA00000202B785149D1F89020C2F3072293420C
:10BBB000C0F295800020FFF711FF06B0BDE8F081CC
:10BBC000716801EB0011FFF73FFE0130DAE7019ADF
:10BBD000300102EB0613D3F80CC00CEA0401B1F1FA
:10BBE000807F57D00AD8B1F5001F29D0B1F5800F5A
:10BBF00043D0B1F5801F14D00136CFE7B1F1006F0B
:10BC000048D0B1F1805FF7D159689B681258013B69
:10BC100021F01F000344CDE9021223F01F0301228B
:10BC20000BE0596812589B68CDE902122122013BB2
:10BC300021F01F00034423F01F038DF8102036E08D
:10BC4000596812589B68CDE902124122013B21F04C
:10BC50001F00034423F01F031CF0010F8DF8102078
:10BC6000059325D02A498423224A244807F0ADFEB3
:10BC7000284807F0AAFE84217BE759689B68125880
:10BC8000013B21F01F000344CDE9021223F01F0302
:10BC90000622D2E7596812589B6821F01F00013B29
:10BCA000CDE90212034423F01F038DF810800593A1
:10BCB000287802A9FFF7E0FD00280CDA0E4940F2CF
:10BCC00035230C4A0D4807F080FE134807F07DFE2F
:10BCD00040F235214DE72B7801332B708CE7C1F80A
:10BCE0009830C1F8A00001335DE700BF00ED00E02F
:10BCF0005C5C0201006802013D720201D05D02013C
:10BD00008A680201AAFF4400146400210000F0FFC9
:10BD1000BE680201E46802011369020108B5064920
:10BD2000064821F00701C1F1045202F58032FEF706
:10BD30005BF8002008BD00BF47B90021DC6100218D
:10BD400070B541690446867A0A4D59B1437ADB07DA
:10BD500006D42C2303FB06535B6A1B689B68984739
:10BD6000002363612C20214600FB0650BDE8704093
:10BD700009F07FBA440300212C22024B02FB003061
:10BD8000704700BF440300212C21827A054B01FB40
:10BD900002339A6A1B7F801A1B3323F00303B0FB24
:10BDA000F3F070474403002138B52C24827A064B07
:10BDB00004FB02335B6AD3E901240C601568FFF7CA
:10BDC000E3FF04FB005038BD4403002108B543687D
:10BDD0004BB1074907485A23074A07F0F6FD5A2195
:10BDE000054807F0E9FD03824369C36008BD00BF51
:10BDF00071690201D05D02014C6902012DE9FF4722
:10BE00000546684617461C46039109F0EAFADDE943
:10BE1000008955B95C4940F201135C4A5C4807F05F
:10BE2000D4FD40F20111594818E005F11406EFF372
:10BE3000118A402383F31288BFF36F8F304606F0D8
:10BE4000E9FD68B98423534A5349514807F0BDFDC1
:10BE50003146524807F0B9FD84214E4807F0ACFD49
:10BE6000304606F0FBFD6B8B002B5AD02A8B9A4292
:10BE700039D900220023284604F038FD0446002862
:10BE800031D0304606F0D4FD68B94FF49973414A79
:10BE900043493F4807F099FD3146424807F095FD78
:10BEA0004FF49971D9E78AF31188BFF36F8F039D1F
:10BEB000002D59D042464B46684609F0B7FA2C216E
:10BEC000A27A394B204601FB02335B6A03A91B6847
:10BED0001E68DDE90023B0476061002837D12046A5
:10BEE000FFF72EFF2EE06C8B3046631E6B8306F04F
:10BEF0009FFD0028C9D08AF31188BFF36F8F2B7F75
:10BF00002A8B1B33121BAC6A23F0030302FB03448E
:10BF1000254B264AEB1A9B105343A3722B7FE372E7
:10BF2000C5E7304606F084FD0028AED08AF31188BC
:10BF3000BFF36F8F23463A46284604F0D7FC0446E9
:10BF40000028B4D10024204604B0BDE8F087039B4C
:10BF50009D420BD916494FF4AB730C4A0C4807F0BD
:10BF600034FD4FF4AB715EE72B4665610021012281
:10BF7000616022816382E27A04F1180009F0B0FA6C
:10BF80002046FFF723FFDEE78B6902014C690201BF
:10BF9000D05D020179600201D2600201E760020116
:10BFA000A6600201BD60020144030021A38B2EBAEA
:10BFB00090690201F8B5054698B12C27184E2C4619
:10BFC000237A6D68CBB940F2C113164A1649174857
:10BFD00007F0FBFC2146164807F0F7FC40F2C111C0
:10BFE00008E0144940F2BB130E4A104807F0EDFC7C
:10BFF00040F2BB110B4807F0DFFC013BDBB22372C0
:10C0000053B9E3606360A37A204607FB03631B6AAE
:10C010001BB19847002DD2D1F8BDFFF791FEF9E78B
:10C02000440300214C690201AA690201D05D0201AA
:10C03000B3690201A6690201034670B505688288EA
:10C04000DC889E68A818A41AAD1B641BA14209D9FC
:10C05000064907483E23074A07F0B7FC3E2105483A
:10C0600007F0AAFC0A449A8070BD00BF036A02016F
:10C07000D05D0201C869020108B5828803468A4280
:10C080000BD20949094840F2C313094A07F09DFC45
:10C0900040F2C311064807F08FFC521A82800068F4
:10C0A0000844186008BD00BF276A0201D05D020184
:10C0B000C8690201064AD2F8AC3123F00043C2F845
:10C0C000AC310022034BC3F84C21D3F84C317047FC
:10C0D000002001410060014173B5354BD3E84F3F6B
:10C0E00000233449CDE90033334BD3F80445BFF383
:10C0F0005F8FD1F80465BFF35F8FD3F804259442B6
:10C10000F3D16B46224601212B4808F010F8324645
:10C1100005460F21274801AB08F009F8E0B1019B63
:10C120000DB9009302E0009A9A42FAD8009B224887
:10C130001C44013CD0F84C3524F07F449C421F49FC
:10C1400032D0FFF7B7FFC0F84C451D4B009A9A421A
:10C1500018D901230B7001E0002DE7D1194AD2F85C
:10C16000AC3143F00043C2F8AC31134BD3F84C214F
:10C1700032B90121144A5160D3F84C3103B1116036
:10C1800001230DE0BFF35F8FD0F80435E41A24F0EB
:10C190007F440E4B033C9C42DBD900230B700023F1
:10C1A0000B4A137002B070BD0B78002BF7D0D5E7A7
:10C1B0001964002100100141006001411764002151
:10C1C000FEFF7F000020014100B00041FBFF7F0027
:10C1D00018640021F8B51E490023C1E8423F52BB54
:10C1E0001C4B1D783DB305231B4E1C4F3478013486
:10C1F000B4FBF3F303EB8303E41A08F0B5F8184A31
:10C20000137823B157F82430C01A072813D9154BD7
:10C21000D3F8141141B10021C3F81411D3F814312B
:10C2200034700CB901231370347808F09DF847F886
:10C2300024002846F8BD0C4A0025D2F8AC3123F082
:10C240000043C2F8AC310122084B5A60F1E700BF4D
:10C25000196400211864002116640021E86100219E
:10C2600015640021005000410020014100B0004150
:10C270000122024BC3F84025704700BF000008416F
:10C28000502307B5244A0021C2F80C351422234B51
:10C290000846C3F820214FF40062214BC3F8BC25A7
:10C2A0004FF48062C3F838250DF1070202F020F93F
:10C2B00000280BDA1B491C4840F247231B4A07F0B1
:10C2C00084FB40F24721194807F076FB9DF80710E0
:10C2D000174808F05AF99DF80710164808F055F964
:10C2E0009DF80710144808F050F99DF807100A4807
:10C2F00008F04BF99DF8070002F01AF94FF40022FC
:10C300000E4BC3F844230022C3F84C21D3F84C3120
:10C3100003B05DF804FB00BF00B0004100302041D5
:10C3200000200141C75D0201D05D0201376A0201B0
:10C330004C610141282001412C2101410060014153
:10C3400008B5054A054B104613603F23536002F0C1
:10C35000C9F8002008BD00BFFC61002100E0FFFF1C
:10C3600070B50446807AFFF707FD6169054649B15B
:10C37000637ADB0704D4436A20461B689B689847AE
:10C38000002363612146284608F073FF034B1B68B6
:10C390001BB1BDE870402A20184770BD046200211F
:10C3A00008B5034B186808F059FF002008BD00BF0E
:10C3B00008620021082808B50BD870B1431E072B6E
:10C3C0000BD8DFE803F005040A140A0A0A14042053
:10C3D00008BD10280DD020280BD00749074852234C
:10C3E000074A07F0F2FA5221054807F0E5FA022061
:10C3F000EEE70520ECE700BF3D720201D05D0201CF
:10C40000616A0201811EC9B21E2938B5054613D8DA
:10C410000A4CCC4014F001040CD0094807F068FE27
:10C42000044638B12846FFF7C5FF014604F10C0069
:10C4300007F06EFE204638BD0024FBE741000040B7
:10C440009C030021014B1860704700BF046200216B
:10C45000F8B501280546DDE9067609D0042804D19F
:10C46000144807F045FE044620B900242046F8BDD4
:10C470001148F6E72846FFF79DFF04F10C05014639
:10C48000284607F045FE002FF0D0002EEED0228A7D
:10C49000638A61699B1AE268521A9B1A9E4203D909
:10C4A0002046FFF787FDE0E732463946284607F089
:10C4B00023FEDBE74403002170030021038A0146C9
:10C4C00023B1034B186883689B6818471220704794
:10C4D0005C02002110B5084B084C1860206808F079
:10C4E0007BFE30B1206806498368BDE810401B68B8
:10C4F00018476FF0120010BD086200215C02002195
:10C50000A1C3010137B540230C460A490093411AE3
:10C51000491105462346084A084807F040FE0146EF
:10C5200028B12846234603B0BDE83040184703B081
:10C5300030BD00BF206200210D4202018056020181
:10C54000C9B2012908B509D9084909487E23094A11
:10C5500007F03BFA7E21074807F02EFA0C22036908
:10C5600001FB0233986C00F0070008BDD06A02019D
:10C57000D05D0201936A020170B5C9B20129034678
:10C5800000690BD9174918484FF4E873174A07F0A8
:10C590001CFA4FF4E871154807F00EFAEFF3118614
:10C5A000402484F31288BFF36F8F0C2505FB010430
:10C5B000A46C14F0C00401D0A24210D1012205FBEA
:10C5C00001008264002086F31188BFF36F8F28B9C1
:10C5D0005B6803EBC1035B689847002070BD4FF0B8
:10C5E000FF30F0E7D06A0201D05D0201936A0201D8
:10C5F00070B50D4606490446411A491140220548C6
:10C60000FFF7BAFF2B4601462046BDE870401847A9
:10C610002062002180560201F8B500220121054662
:10C620000520FEF7F3FF104801F0FAFE0446B8B902
:10C6300007F072FF2F690D49384607F015FA031EFF
:10C6400009DB0126BE642D69084905F1200007F0C9
:10C650000BFA031E02DA1C462046F8BD6E65FBE7A6
:10C660006FF00404F8E700BF21C70101CC5C0201B0
:10C670001FB5002201236C46CDE902236B46074A11
:10C68000CDE9004407F0BBFD28B94FF480420023F8
:10C69000684604F035FA04B010BD00BF194202012B
:10C6A00010B5EFF31184402383F31288BFF36F8F2B
:10C6B000074A136823F00201DB07116002D401204E
:10C6C00001F08EFE84F31188BFF36F8F10BD00BFA1
:10C6D000786200210C22104B014602FB003300203F
:10C6E00030B4D3E910521864EFF31180402484F37E
:10C6F0001288BFF36F8F9C6C04F0C00444F00204F6
:10C700009C6480F31188BFF36F8F1DB12B4630BC42
:10C710000248184730BC7047206200218056020151
:10C72000012808B506D0072808D098B90F4B9B6C94
:10C730005B0719D1BDE80840FFF7CCBF0C4940F2B8
:10C74000FA230C4A0C4807F040F940F2FA21094854
:10C7500007F032F906494FF44173064A064807F0DC
:10C7600034F94FF44171F2E708BD00BF20620021A7
:10C770003D720201936A0201D05D020110B4EFF331
:10C780001180402282F31288BFF36F8F17490B6824
:10C7900043F0020413F001030C6019D0144BD3F8DA
:10C7A0000C14D3F80C3413F0010311D0EFF3118102
:10C7B00082F31288BFF36F8F0E4A936C03F0C003AD
:10C7C00043F00203936481F31188BFF36F8F012359
:10C7D00080F31188BFF36F8F1BB1002010BCFFF7EF
:10C7E00079BF012010BC01F0D1BD00BF78620021EB
:10C7F00000500041206200212DE9F041012206464F
:10C800004149D1E8EF3FC1E8E02F0028F9D1A3B9B1
:10C810003E493F484B60CB608A60FDF7CBFD002866
:10C820000BDA3C4940F2A3233B4A3C4807F0CDF8E1
:10C8300040F2A321384807F0BFF8002E4DD0731EF8
:10C84000012B56D8012E06D1354BD3F81C3403F0FA
:10C850000303022B41D008F045FD054650B1EFF32C
:10C860001188402383F31288BFF36F8F01252C4C6E
:10C870002C4F21E02C4B1B78002BF0D00222284BB0
:10C880008046C3F80823F2E74DB3404607F0EFFBBC
:10C89000D4F81835DBB2012B0ED1D4F804215AB1EB
:10C8A0000022C4F80421D4F804210222C4F8182577
:10C8B0002022C7F88021A360D4F81824D4F81834B3
:10C8C000D203E1D503F00303022B01D0012EDBD10B
:10C8D00055B188F31188BFF36F8FBDE8F081002157
:10C8E000212005F023FDD3E702220D4BC3F80423DA
:10C8F000F3E70E4940F2B523074A084807F065F808
:10C9000040F2B52196E700BF1C6200210C620021B5
:10C9100040620021F46A0201936A0201D05D0201C3
:10C920000050004100E100E0AB6400213D720201D3
:10C93000EFF31182402383F31288BFF36F8F0A4B0A
:10C94000D3F8001161B10021D3F80805C3F8001134
:10C95000D3F80031C0B282F31188BFF36F8F7047F4
:10C960006FF00A00F7E700BF00900041F0B5034602
:10C970008478C678EFF3118E402080F31288BFF3DD
:10C980006F8F1D7893F801C0641B3440A24288BFAA
:10C99000A2B2AF18374028461F708EF31188BFF33C
:10C9A0006F8F8F188F4217D165450CD1EFF311812E
:10C9B000402080F31288BFF36F8F1878587081F38E
:10C9C0001188BFF36F8F1B79A41AA34290B222BFC4
:10C9D0000122064B1A60F0BD03EB000E9EF805E045
:10C9E000013001F801EB3040DCE700BF009000416E
:10C9F0002DE9F0472F4D00690E46A84214460BD092
:10CA00002D492E4840F203132D4A06F0DEFF40F276
:10CA100003112B4806F0D0FFDB4313F0010504D0CF
:10CA20002030FFF7A3FFBDE8F087B2B3EFF3118723
:10CA3000402383F31288BFF36F8F0920FEF7D8FDE0
:10CA400080460920FEF7C0FD87F31188BFF36F8F82
:10CA5000DFF870A04FF40079CAF80051DAF800311D
:10CA600001232546184FCAF80030C7F88091DAF83C
:10CA70000031A3B1FFF75CFF031EA4BF05F1FF3532
:10CA8000ADB2C7F88091A8BF7355002DEFD1B8F1B2
:10CA9000000F02D00920FEF789FD2046C3E7EFF31F
:10CAA0001180402383F31288BFF36F8F07F0DFFA02
:10CAB000DDE700BF7C6200213E6B0201D05D020118
:10CAC0000C6B02010090004100E100E0F8B5184B4A
:10CAD00007690D469F42144625D016491648E5239E
:10CAE000164A06F072FFE521144806F065FF4FF084
:10CAF000FF334FF0FF32384604F002F82246294651
:10CB00000F48FFF733FF0646384603F07BFF3EB978
:10CB10004FF0FF324FF0FF330A4803F0F1FFE6E732
:10CB2000A41BA4B23544002CE1D12046F8BD00BFBF
:10CB30007C6200213E6B0201D05D02010C6B0201A0
:10CB4000B16200218C62002138B5204B04699C42FF
:10CB50000BD01F491F4840F247131F4A06F035FF0C
:10CB600040F247111C4806F027FF012220461146DB
:10CB700008F089FB0122002104F1100008F083FB7A
:10CB800040F2074323874FF0706323620C23002594
:10CB9000012184F82430114B84F83550E586D3F810
:10CBA0000425092022F00102C3F80425C3F800512E
:10CBB000D3F80021C3F804132A461960FEF726FDB6
:10CBC0000920FEF7F3FC284638BD00BF7C62002137
:10CBD0003E6B0201D05D02010C6B0201009000412E
:10CBE00010B5FFF7A5FE002820DB174BC0B293F865
:10CBF000222093F8214093F82310141B31EA0404F7
:10CC00000DD193F8372093F8364093F83810141B61
:10CC100031EA04040BD101220C4B5A600EE09C183F
:10CC20000132114084F8250083F8221010BD9C18B1
:10CC30000132114084F83A0083F837100448BDE807
:10CC4000104003F0DFBE00BF7C6200210090004175
:10CC50008C62002138B5036961B921496423214AF6
:10CC6000214806F0B2FE214806F0AFFE64211D48BF
:10CC700006F0A2FE486850B91D496523194A1A48B2
:10CC800006F0A3FE1B4806F0A0FE6521EFE75868FA
:10CC900000B30024884219D108688CB99C68586098
:10CCA000A14200D19860002008602AB15A680A6049
:10CCB0009A68596002B9996000200FE02846E9E7B8
:10CCC00020609868814208BF9C60ECE705680446D4
:10CCD000002DF3D1002AE9D16FF0150038BD00BF57
:10CCE000AA6B02016E6B0201D05D0201B36B0201FF
:10CCF000C26B0201D46B020170B546680546B0688C
:10CD000090B101F0DFFE014670B9B06801F0A4FEF9
:10CD1000044678B902460949B06801F051FE22463E
:10CD200005210A20FEF772FC2846BDE87040044940
:10CD300007F0FDB86FF0040070BD00BF3DD00101E9
:10CD40007B42020108B50368590914D0012906D1B4
:10CD50004FF6FF7203F01F03DA40D2070ED40B49DF
:10CD60000B484FF482630B4A06F02FFE4FF48261AA
:10CD7000084806F021FE4FF0FF32EBE70360064B58
:10CD80000648012908BF184608BD00BF1E6C0201F5
:10CD9000D05D0201EB6B020100088C4100058C4163
:10CDA00070B5446801F01F05207C86B045EA401547
:10CDB000A068002872D0B2F5001F04D1294601F006
:10CDC00071FF00204EE06068667CB2F5800F46621D
:10CDD0004FF0000601A80196466032D1B3F1007F02
:10CDE00014BF052304238DF804300023CDE9040388
:10CDF0000393E3686E46CB4013F0010F34D1B2F1D8
:10CE0000A07F31D168460095FFF79CFF009B8033DF
:10CE100050F82330DB0727D46A462946A06801F082
:10CE2000E7FD163018D002962946A06803AA01F043
:10CE30007FFC002816DB01222946A06801F0B0FE25
:10CE4000BFE7B3F1C06F05D0B3F1007F14BF01237A
:10CE50000223C8E70323C6E76946A06801F080FE05
:10CE60000028E0DA06B070BD32462946A06801F01D
:10CE7000BFFD0028D8D19DF80010A06801F054FE35
:10CE80000028D1D00749084840F2F113074A06F0BC
:10CE90009CFD40F2F111054806F08EFD6FF0850013
:10CEA000E0E700BFC75D0201D05D0201416C0201F5
:10CEB0002DE9F043466840F20635337CD00601F098
:10CEC0001F0747EA431748BF032302EA050558BF77
:10CED000C2F3401387B0B5F5837F14468DF8033055
:10CEE00043D00DD8062D16D005D8A5B1022D3ED0C1
:10CEF0006FF0150036E0B5F5807FF9D101250AE025
:10CF000040F20222954234D0B5F5407F33D0B5F5DA
:10CF1000007FEDD1022522032FD5012372688B40BB
:10CF20009360B06880BB03A80397FFF70BFF039BD8
:10CF300000EB8300C4F3004383F00103C4F34044D7
:10CF4000D0F8002244EA43049DF8033022F47062D2
:10CF500044EA830422F00F0244EA05231343C0F895
:10CF60000032002007B0BDE8F0830725D3E7042591
:10CF7000D1E70525CFE70325CDE7630341BF0123B3
:10CF800072688B40D360CCE739460DF1020201F0A4
:10CF90002FFD14F4403F804617D13946B06801F0A8
:10CFA000ABFDB8F1000FDCD19DF80210B06801F0C4
:10CFB000BBFD0028D5D01E491E48FC231E4A06F0A2
:10CFC00004FDFC211C4806F0F7FC4FF0000901AB02
:10CFD000CDE90199CDE90439CDF80C903946B06816
:10CFE00003AA01F0A5FB4845BBDB14F4003314D0C1
:10CFF0009DF80330C4F3004484F001048DF80E3032
:10D000008DF80C508DF80D404B463946B06803AA98
:10D0100001F050FC0028C4DAA3E7CDE904330DF198
:10D02000030303933946B06803AA01F081FBF1E7DB
:10D03000C75D0201D05D0201416C02014209034655
:10D0400070B502D0012A1ED070BD144E32695168ED
:10D050000029F9D0012503F01F030C689D40002929
:10D06000F2D08A682A4012D04B6873B90C498923E0
:10D070000C4A0D4806F0A9FC0C4806F0A6FC8921D4
:10D08000084806F099FC0A4EE0E7304698471CB184
:10D09000236821461C46E2E72346FAE7C056020110
:10D0A0006D6C02016E6B0201D05D0201D46B020156
:10D0B000A056020110B504460269A2B01749C2F891
:10D0C0008000002001F0FAFE002201211220FEF76C
:10D0D0009DFA8422002101A8646808F001FA002367
:10D0E000012001AA61680432D940C90744BF00FA8F
:10D0F00003F142F8041C2168D940C90748BF00FA6F
:10D1000003F103F1010348BFD163102BEAD101A859
:10D1100001F0FAFE002022B010BD00BF83420201E0
:10D1200038B5114922F07F45D1E90030D41AE3180F
:10D1300040F10000C1E90030A5F50013B3F5400F40
:10D1400009D20A4B1B681A0A1B065819084B42F1F0
:10D150000001C3E9000105F097FE01462046BDE845
:10D16000384005F0F9BD00BFD01A002168630021E6
:10D17000D81A00210D4B1868010A0006BFF35F8F13
:10D180000B4BD3F80435181841F10001B3F5801F9B
:10D190000AD2084BD3E90023904271EB030303D278
:10D1A00010F1807041F10001704700BF68630021F9
:10D1B00000600141D81A00212DE9F74306F0EAFF8B
:10D1C000294BD3F8042391070BD5D3F8042142B19E
:10D1D0000022C3F80421254AD3F80431136801332F
:10D1E0001360214CD4F80433DA031FD5204BD3E865
:10D1F000EF2F22F00101C3E8E01F0028F7D1D30789
:10D2000002D4D4F840318BB10025C4F84051D4F891
:10D210004031FFF7AFFFEFF3108272B6154BD3E941
:10D220000267B042B94104D282F3108803B0BDE86E
:10D23000F0834FF0FF38D3E900104FF0FF391D6045
:10D24000C3E902894FF48033C4F84833C4F840512D
:10D25000D4F8403182F310880029E7D0009032469C
:10D260003B4628468847E1E70060014168630021AA
:10D2700060630021C01A00212DE9F84F06460F46D1
:10D28000434DD5E8EF8F28F00103C5E8E23F002ABF
:10D29000F7D14FF480393F4CC4F80893BFF35F8F48
:10D2A000BFF36F8FFFF766FFB04271EB070308F023
:10D2B000010840D2384B301A67EB0101984271F1F6
:10D2C000000148D2354BD3E902239F4208BF964262
:10D2D0003AD04FF0000C26F07F40834603216FF0D8
:10D2E000020EC4F84893C4F840C1D4F84031DFF8C6
:10D2F000B0A02BF07F43C4F84035C4F84493D4F871
:10D300000425AEEB02035B4423F07F4353451BD956
:10D31000D4F840315BB1D4F80425131A23F07F43CD
:10D32000B3F5000F10D9C4F840C1D4F8403101EB77
:10D33000020B0131DDE71B4BD3E8EF1F41F0010188
:10D34000C3E8E21F002AF7D1144B174AC3E902676A
:10D350001A6000225A60B8F1000F16D0D5E8EF3FEE
:10D3600043F00103C5E8E23F002AF7D14FF48032D1
:10D37000084BC3F804230B4BD3E8AF3FDB0742BF96
:10D380004FF48002094BC3F80021BDE8F88F00BFBD
:10D39000646300210060014101008000C01A002187
:10D3A000FDFF7F006063002121D1010100E100E069
:10D3B00070B54FF0FF3000254FF0FF31164C174B82
:10D3C0000226C4F80833C4F84833154BC4F808558E
:10D3D000C3E902014FF480334FF48002C4F80433F0
:10D3E000104B0121C4F804631620C3F880212A469B
:10D3F000FEF70CF91620FEF7D9F801230A4AA360BC
:10D400000021236009481360FFF736FF3046FFF71D
:10D41000F3F9284670BD00BF0060014103000F0012
:10D42000C01A002100E100E064630021FFFF7F00DB
:10D43000431C10B50F4C05D08442A8BF0446012CF4
:10D44000B8BF0124FFF796FE0B4AD2E90031C01A9B
:10D45000B0F5000F074A0AD22044904228BF104678
:10D46000BDE81040C01841F10001FFF705BF1046AC
:10D47000F6E700BFFFFF7F00D01A002108B5FFF7D5
:10D4800079FE024B1B68C01A08BD00BFD01A0021EC
:10D4900002460B46014802F0B1BF00BFCC0200219A
:10D4A000014803F073B800BFCC020021F0B5064676
:10D4B0008BB00D462648274903F068FD05A8F7F70D
:10D4C0006CFC254807F088FE00283BD0234B02A8BF
:10D4D0000293E3F7EFFD002837D14FF0FF304FF014
:10D4E000FF31FFF7D5FF044638B91D491D48E3F762
:10D4F00021F9044620B1FFF7D3FF20460BB0F0BD61
:10D5000041F64C5703A80397EBF700FB20B1FFF758
:10D51000C7FF6FF08504F0E7012301A88DF8043000
:10D52000F9F7CDFA0028F2D104A80497EBF7F6FA40
:10D530000028ECD1FFF7B4FF33690B481D60FEF7FC
:10D5400081FFDAE76FF01204D7E76FF01504D4E734
:10D550007063002119440201E05602016DD50101FA
:10D56000E01A00213DD7010111D7010103460A4607
:10D5700010B5114881680C6864B910496623104AD7
:10D58000104806F022FA104806F01FFA66210C48EF
:10D5900006F012FA1946A04768B10C494FF43673E9
:10D5A0000B4A084806F011FA0A4806F00EFA4FF442
:10D5B00036710748ECE710BDE0560201D76C020156
:10D5C000A36C0201D05D0201F76C0201C75D02018C
:10D5D0001D6D0201566D020130B53B4885B0E2F782
:10D5E0008DFF044600286AD1E3F7E6F8E3F7F0F888
:10D5F000E3F7FAF8F7F7D3FBF7F7D5FBF7F7D5FB27
:10D60000F7F7CFFBF7F7CFFBF7F7CFFBF7F7CFFB3A
:10D610000F230121204601AA8DF80430E2F7B6FF5E
:10D6200000284BDB01250221204601AA8DF8045079
:10D63000E2F7ACFF002841DB08230721204601AABE
:10D64000ADF80430E2F7A2FF002837DB4FF01B13E0
:10D65000019340F203230321204601AAADF80830CC
:10D66000E2F794FF002829DB0421204601AA8DF867
:10D670000450E2F78BFF002820DB1F230621204601
:10D6800001AAADF80430E2F781FF002816DB03237E
:10D690000521204601AA8DF80430E2F777FF002823
:10D6A0000CDB44F2AE3398420CD984F31188BFF3FB
:10D6B0006F8F0423184602DF6FF00B0004462046EC
:10D6C00005B030BD2046F9E77143020108B50A49AB
:10D6D0000A4807F0F7FD00280CDA09492F23094A08
:10D6E000094806F072F9094806F06FF92F2105483C
:10D6F00006F062F908BD00BF70630021905E002152
:10D700003D720201906D0201D05D0201B96D02010E
:10D71000094B93F84730042B02D1810709D4704795
:10D72000022B02D1020704D47047082B03D18306D1
:10D7300001D5FFF7CBBF70471A64002170B5334C99
:10D7400094F84730EBB194F84730042B3AD1207865
:10D750003E2828D1A678B31E5E425E41637802332C
:10D76000472B3DD800220023314606F015FD054623
:10D77000D8B9BEB1002384F84730BDE87040FFF748
:10D78000A5BF4FF0FF304FF0FF31FFF781FE48B9E2
:10D79000204604F1470100F023FD0546FFF780FE17
:10D7A000002DD0D070BD0026D8E76278023217492C
:10D7B00005F10C0006F0A0FC154B29461B68154826
:10D7C0009847D7E7022B14D1002200230820FEF748
:10D7D00019FE05460028E5D062880432472AE6D9BA
:10D7E000002383F31188BFF36F8F0423184602DFF1
:10D7F000C0E7082BBED1002200232020FEF702FE46
:10D80000628805460028E8D1CCE700BF1A640021F1
:10D810006C6300212057020142F26403984244D015
:10D8200030D842F21903984220D842F20C039842B1
:10D8300015D840F21D4240F20643904218BF98426C
:10D8400014BF012000207047A0F501502838184B64
:10D8500080B2C34003F0010383F001007047A0F5DC
:10D8600000500D3841F2412380B2F2E742F2320318
:10D8700098421AD0A0F501500338012894BF002027
:10D880000120704742F28503984209D842F26703AB
:10D890009842D9D842F26603C01A18BF01207047D7
:10D8A0004FF6025320F00800F6E70020704700BF53
:10D8B0002F8040202DE9F341B94C05882278074696
:10D8C0002BB2002A40F0878442F20D018B422BDC00
:10D8D00042F207018B4258DC42F20600834254D0E8
:10D8E0008B4247D040F603418B424BD004238DF846
:10D8F0000730AC4B3E88D3F80080B8F1000F68D1F8
:10D90000B6F5105F4FEA96235ED2002B5FD0013B45
:10D91000072B5CD8DFE813F083005B00950004015F
:10D9200057015B005B00670142F24302934218DC3F
:10D9300042F235029342D9DDA5F50053363B9AB247
:10D940000123934043F6CE02134220D113F021036A
:10D950000BD142F23A029542C8D10621E3712372FB
:10D9600006E042F27F029342C0D100230521E37119
:10D97000022302E00521E27101238B48027842B9BB
:10D980000370B3E7884B1A70B0E70421F4E7042171
:10D99000EEE79A42AAD02846FFF73EFF48B10E2391
:10D9A0000C2263700123A170E370A580A271237023
:10D9B00031E00F2363700423A3700C23E370012371
:10D9C000A4F805502371F2E73F2B00F027830121D3
:10D9D00089E0764938460DF106030DF10702C0478C
:10D9E000012801468CD09DF8063013B9012940F07A
:10D9F000E8830F2363700423A3700123E170237174
:10DA0000A4F805600123237040F635439D4202D1FE
:10DA1000A379002BCBD0002002B0BDE8F0813846BE
:10DA200040F2064230F9033B934206D040F21D42D9
:10DA30009342CCD1EAF7FEF901E0EAF75FF901463B
:10DA400051E0384640F6354130F8032B13B28B4293
:10DA500028DC40F62C418B420ADC40F6014293421E
:10DA60002FD040F603429342B1D1F7F78DF9E6E7A4
:10DA7000A2F62D43082BAAD801A252F823F000BF2A
:10DA8000C9DA0101CFD90101CFD90101CFD90101F3
:10DA9000DBDA0101CFD90101E1DA0101CFD90101BE
:10DAA000F7DA010140F67B42934227D040F67C42F0
:10DAB00093422CD040F66342934288D1E2F7EEFEC7
:10DAC000BDE7E2F7D9FEBAE79DF8073038490333DE
:10DAD0008DF80730F8F717FAB1E7EAF77FF8AEE705
:10DAE00006F0D7FCC1B23046FFF796FE80F0010089
:10DAF0008DF8060077E7EAF79FF8A0E79DF8073072
:10DB00002B4904338DF80730F8F732FF97E79DF87B
:10DB10000730274902338DF80730F8F74CFF8EE7BE
:10DB20003B88A3F58053013B082B3FF650AF01A281
:10DB300052F823F059DB01016BDB01017FDB0101AE
:10DB4000CFD90101CFD90101CFD90101CFD901012D
:10DB5000CFD90101B5DB01019DF807301448083326
:10DB60008DF80730F8F7BDF969E79DF807301048E0
:10DB700040338DF8073006F051FC0021B3E7002256
:10DB80009DF8073008338DF80730094B1A605A604A
:10DB9000E37A23F0600343F06003E372EDE700BF34
:10DBA00063640021806300216264002164640021B9
:10DBB0006A6400219DF80730E44806338DF8073089
:10DBC000F8F709FA3BE741F205433A889A427FF4B5
:10DBD000FEAE9DF80730DD490333F81C8DF80730A1
:10DBE000F8F72BFF2BE7384630F8033BA3F500533B
:10DBF000013B7E2B3FF6EBAE01A252F823F000BFB3
:10DC0000FDDD010103DE010115DE0101CFD90101B6
:10DC100027DE01012DDE010133DE010145DE0101B8
:10DC20004BDE010151DE01015DDE010163DE010118
:10DC300069DE01016FDE010175DE010187DE010190
:10DC40008DDE010193DE010199DE01019FDE0101FC
:10DC5000A5DE0101B7DE0101BDDE0101CFDE01015C
:10DC6000E1DE0101E7DE0101F9DE01010BDF010167
:10DC7000CFD90101CFD90101CFD90101CFD90101FC
:10DC8000CFD90101CFD90101CFD90101CFD90101EC
:10DC9000CFD90101CFD901011BDF010121DF010132
:10DCA00027DF01012DDF0101CFD90101CFD901010A
:10DCB0003FDF010145DF0101CFD9010151DF010142
:10DCC00063DF010169DF0101CFD90101CFD9010172
:10DCD0006FDF010187DF010199DF01019FDF010192
:10DCE000A5DF0101ABDF0101BDDF0101CFDF0101D4
:10DCF000D5DF0101CFD90101CFD90101CFD9010170
:10DD0000DBDF0101E1DF0101E7DF0101CFD9010123
:10DD1000CFD90101CFD90101CFD90101CFD901015B
:10DD2000CFD90101CFD90101EDDF010105E00101EA
:10DD300017E00101FFDF0101CFD90101CFD90101B6
:10DD4000CFD90101CFD90101CFD90101CFD901012B
:10DD5000CFD90101CFD90101CFD90101CFD901011B
:10DD6000CFD90101CFD90101CFD90101CFD901010B
:10DD7000CFD90101CFD90101CFD90101CFD90101FB
:10DD8000CFD90101CFD90101CFD90101CFD90101EB
:10DD9000CFD90101CFD90101CFD90101CFD90101DB
:10DDA000CFD90101CFD90101CFD90101CFD90101CB
:10DDB000CFD90101CFD90101CFD90101CFD90101BB
:10DDC000CFD90101CFD90101CFD90101CFD90101AB
:10DDD000CFD90101CFD90101CFD90101CFD901019B
:10DDE000CFD90101CFD90101CFD9010157DE0101FE
:10DDF000CFD90101CFD9010175DF0101E2F758FD4B
:10DE00001DE69DF80730514803338DF80730E9F7D8
:10DE10006BFF14E69DF807304C4808338DF8073047
:10DE2000F8F7A9FA0BE6F8F7F3F808E6EAF7FEFDCB
:10DE300005E69DF80730454801338DF80730F8F7BF
:10DE40009EF8FCE5F8F710FDF9E5F8F7F8FBF6E5C4
:10DE5000F8F74DFDF3E5F8F742FEF0E5EAF730F9A3
:10DE6000EDE5F8F78DF9EAE5EAF7DEFBE7E5EAF735
:10DE70007BFCE4E59DF80730344801338DF807302A
:10DE8000F7F77BFFDBE5F7F77FFFD8E5F7F7C7FF8D
:10DE9000D5E5F7F7E0FFD2E5F8F794F9CFE5F8F725
:10DEA00004FACCE59DF80730284907338DF8073090
:10DEB000F8F7BCF8C3E5F8F74EFAC0E59DF807306F
:10DEC000224910338DF80730F8F764F8B7E59DF86C
:10DED00007301E4808338DF80730F8F70EF8AEE526
:10DEE000F8F791FAABE59DF80730184902338DF841
:10DEF0000730F8F71DFDA2E59DF8073013490233FE
:10DF00008DF80730F8F725FD99E59DF807300833BF
:10DF10008DF80730FF23E3713FE6F7F743FF8EE507
:10DF2000F7F763FF8BE5F7F7CAFF88E59DF8073041
:10DF3000064801338DF80730F7F7CFFF7FE5F7F795
:10DF4000AEFF7CE5F7F7A2FF79E500BF6A64002128
:10DF50009DF80730A14904338DF80730F8F79CF895
:10DF60006DE5E9F73BFF6AE5F8F7D5F867E5F8F7FF
:10DF70005CFC64E59DF80730984901338DF8073063
:10DF8000F8F761FA5BE59DF80730944901338DF8A5
:10DF90000730F8F78BFA52E5F8F78BFC4FE5F8F706
:10DFA000D6FB4CE5F8F706FC49E59DF807308B48B1
:10DFB00002338DF80730F8F7E8FB40E59DF80730AD
:10DFC000864801338DF80730F8F7E9FB37E5F8F7B5
:10DFD0009AFA34E5F8F7A5FA31E5EAF707F82EE5FD
:10DFE000F8F7C4F82BE5EAF785FB28E59DF807303C
:10DFF0007A4802338DF80730F7F7A0FF1FE5F8F7EE
:10E0000034F81CE59DF80730744804338DF8073068
:10E01000F7F7A5FF13E5E9F71DFE10E538464FF6C3
:10E020000B4230F8033B934222D8B3F57C4F7FF686
:10E03000CEACA3F57C43013B0A2B3FF6C8AC01A252
:10E0400052F823F0FDE001010FE10101CFD90101F8
:10E05000CFD90101CFD901015DE10101CFD9010182
:10E06000CFD9010139E101014BE1010163E1010176
:10E0700003F2FD2292B21A2A3FF6A9ACA3F57D4322
:10E08000033B1A2B3FF6A3AC01A252F823F000BFCA
:10E0900075E10101CFD901017BE10101CFD9010176
:10E0A000CFD90101CFD9010181E10101CFD901010E
:10E0B000CFD9010187E1010193E10101CFD901012C
:10E0C000CFD90101CFD90101CFD901018DE10101E2
:10E0D000CFD9010199E10101CFD90101ABE10101E2
:10E0E000CFD90101CFD90101CFD90101CFD9010188
:10E0F000B1E10101B7E10101BDE101019DF8073086
:10E1000036480C338DF80730F6F753FE97E40022BB
:10E110009DF8073040338DF80730304B1A80E37993
:10E1200023F0230343F02303E371237A23F007034F
:10E1300043F00703237220E59DF807302748173383
:10E140008DF80730F6F750FE79E49DF80730234844
:10E1500020338DF80730F6F76BFE70E4F6F742FED9
:10E160006DE49DF807301D4801338DF80730F6F750
:10E170007CFE64E4F8F7A3FC61E4EAF7C7FC5EE424
:10E18000F6F789FE5BE4F8F783FC58E4EAF7C6FC8F
:10E1900055E4F6F784FE52E49DF807300F49043346
:10E1A0008DF80730F6F781FE49E4EAF7BFFC46E454
:10E1B000EAF7C8FC43E4EAF7E3FC40E4F8F7B4FC10
:10E1C0003DE49DF807300E22A37001236270E370D6
:10E1D000A680A17116E44FF0FF301DE46A640021AF
:10E1E00038B5094C0D4623781BB9BDE83840F6F721
:10E1F000CEBFA278611C023207F065F9002004232B
:10E2000020702B7038BD00BF636400211FB5002350
:10E210000A2201930293CDF80B300091014601A828
:10E2200007F078F940F24D13074A0849084805F00D
:10E23000CCFB084801A9009A05F0C7FB40F24D113C
:10E24000014805F0B9FB00BFE76D02013D72020114
:10E25000D05D0201146E0201322337B50125ADF8FD
:10E26000043000231A216846104A8DF80630ADF8B4
:10E2700000508DF80230F6F75BF9044698B905F0C6
:10E28000D5FF80B2F4F792F92A4621460C20FDF71B
:10E29000BDF92A4621461120FDF7B8F92A46214644
:10E2A0000820FDF7B3F9204603B030BD0DE20101AF
:10E2B00008B54FF0FF304FF0FF31FFF7E9F848B1F4
:10E2C00007490848E623084A05F07FFBE62106488F
:10E2D00005F072FBFBF759FCBDE80840FFF7E0B81A
:10E2E0002B6E0201D05D0201E76D020108B50A49FB
:10E2F0000A4806F0E7FF00280CDA09492F23094AEB
:10E30000094805F062FB094805F05FFB2F2105482D
:10E3100005F052FB08BD00BF84630021905E002120
:10E320003D720201906D0201D05D0201B96D0201E2
:10E3300013B500246FF009034FF480620A490B48BB
:10E34000009402F0ABFF0A49084806F0D1FF0949E2
:10E35000094802F01BFE224604211A20FDF756F957
:10E36000204602B010BD00BFB0700021905E0021B9
:10E37000386E0201B1E201018463002110B9024B41
:10E380001B681847704700BF9463002110B538B16F
:10E3900001280BD1BDE8104000200B49F4F73AB832
:10E3A0000A4B0120BDE810401B68184708494C2360
:10E3B000084A094805F009FB084805F006FB4C210E
:10E3C000044805F0F9FA00BF7DE3010194630021E0
:10E3D0003D720201426E0201D05D02017F6E0201B8
:10E3E00008B598B1012804D1BDE808400020F4F731
:10E3F0002DB807495F23074A074805F0E6FA0748A2
:10E4000005F0E3FA5F21034805F0D6FA08BD00BF26
:10E410003D720201426E0201D05D02017F6E020177
:10E42000014B186000207047946300210022D30044
:10E4300003F1FF7303F58033D3F80013013107D0E4
:10E44000D3F800130132D3F80433202A0B60EED145
:10E450001E4BD3F83021072A0DD1D3F83431022BCB
:10E4600009D11B4BD3F80024D00742BF0022C3F8C8
:10E470001421C3F81821154BD3F83021072A1FD1D6
:10E48000134AD2F80014C90744BF6FF00101C2F863
:10E490000014D3F83431023B022B11D97F230D4AEB
:10E4A0000D49C2F818310023C1F8043EC1F8083EF6
:10E4B000C2F82431C2F82C3102F57F22C2F81031A3
:10E4C000064B1A68064BC3F8442570470000FF014D
:10E4D0000050004100200041000008410080FF0181
:10E4E00000600041014B1860704700BF9863002135
:10E4F00010B50B4B1446186858B90A490A4840F23F
:10E50000F3130A4A05F061FA40F2F311074805F0E7
:10E5100053FA06F007F80028A4BF2070002010BDB1
:10E5200098630021CC6E0201D05D02018F6E020162
:10E530000123024A8340C2F80435704700F00041CD
:10E54000034A4309D35C00F01F001844C0B270476F
:10E55000537D020110B504460846FFF7F1FF04EBB6
:10E560004000838ADA051CD5C3F3432123F4F85312
:10E57000838204F1120204F1720032F8023F13F4B4
:10E58000807F03D0C3F3432399420AD09042F4D151
:10E59000002204EBC1035A6004F1780005F0DCFFAF
:10E5A00000B910BD054906484FF4DB73054A05F074
:10E5B0000CFA4FF4DB71034805F0FEF9C75D020168
:10E5C000D05D0201E26E020108B502680146104604
:10E5D00005F0E1FF58B910494FF482630F4A104823
:10E5E00005F0F3F94FF482610C4805F0E5F902F00B
:10E5F0001F0352090B600BD0012A0BD0094940F2CE
:10E600001943064A064805F0E0F940F21941EBE7E4
:10E61000054808BD0548FCE71E6C0201EB6B0201D2
:10E62000D05D02013D72020100058C4100088C4161
:10E63000072808B50BD90849084840F2A733084A0B
:10E6400005F0C3F940F2A731054805F0B5F980009F
:10E6500000F5807008BD00BF556F0201D05D02015A
:10E66000206F0201024611F0010030B511D18B0775
:10E67000C1F3400019D50D49086A50600C4A086280
:10E68000D2F83021072A08BF0A6A003818BF0120D3
:10E690000BE0084C064D236A13602362D5F8305115
:10E6A000072D08BF246A002BE1D030BD00088C4143
:10E6B0000000FF0100058C41F7B504460846FFF74E
:10E6C0003FFF04EB4006B38A0D46DB072AD5204600
:10E6D00006F054F82946204605F06FFF50B1204659
:10E6E00005F09AFF0023276807EB8000C0F810357B
:10E6F000C0F81035204600242946FFF72BFFB482CE
:10E7000001A80195FFF760FF019B00EB8300D0F8A3
:10E710000022064B134043F00203C0F800322046AB
:10E7200003B0F0BD6FF01500FAE700BFF0F0FCFF9A
:10E730002DE9F0430E461746044685B058B95A49AC
:10E740005A4840F25E435A4A05F03FF940F25E41B2
:10E75000574805F031F90846FFF7F2FED7F8008078
:10E760000546B8F1000F19D0204605F04AFF18BB46
:10E770004346CDE900008DF80E008DF80F000DF135
:10E780000F0230460DF10E0105F06FFF04EB45025C
:10E79000938A23F0020343F0010393827B689BB3C7
:10E7A0003146204693F80080D3F8049005F01EFF10
:10E7B00028B1B9F1000F1FD06FF0150027E004EB6E
:10E7C0004500838A23F4604323F020038382B9F158
:10E7D000000F11D0B8F1030FEED87B6821685B6899
:10E7E00093F800C04FEA8C031944B8F1000F11D11F
:10E7F000C1F81085C1F8108504EB4502938A23F017
:10E800001C0343EA88039382BB6843BB002005B026
:10E81000BDE8F083D1F8102522F00302C1F81025DD
:10E8200022681344D3F8102522F44F3222F44072A8
:10E83000C3F810253202D3F8101502F47C5242EAD4
:10E8400008420A43C3F8102504EB4C03A3F87C608C
:10E85000838A43EA4C3343F020038382CCE731467A
:10E86000D3E900782046FFF775FE002FCED063680D
:10E870009F4206D004F1780005F054FE002804DA27
:10E88000C5E7A3689845F5D1002004EBC003C3E9B0
:10E89000017804EB4505AB8AC0B243EA402343F458
:10E8A0008073AB82B2E700BF5F6F0201D05D0201EF
:10E8B000E26E02012DE9FF410C4616461F46054651
:10E8C00058B93C493C484FF48D633C4A05F07DF80B
:10E8D0004FF48D61394805F06FF80846FFF730FEB8
:10E8E000804616B3284605F081FE18B9284605F083
:10E8F00064FE08BB2146284605F06AFE10B1737815
:10E90000012B19D001238DF80F300023721CCDE9A3
:10E9100000632046B31C0DF10F0105F0A6FE05EBC8
:10E920004802938A43F003039382002F3FD021468D
:10E93000284605F05BFE20B96FF0150004B0BDE875
:10E94000F08100223E782B6805EB480003EB86033C
:10E95000C3F81025C3F81025838A4FEA860C23F4E8
:10E96000604323F020038382797801B32A68BF785B
:10E970006244D2F81035090423F4991323F4F853B0
:10E98000C2F81035230201F4403103F47C530B43E9
:10E990003905D2F8105501F480110B432B43C2F80E
:10E9A0001035838A43EA463343F0200383820020F4
:10E9B000C4E700BF5F6F0201D05D0201E26E020199
:10E9C00008B558B90749084840F27143074A04F0AE
:10E9D000FCFF40F27141054804F0EEFFC0E903126C
:10E9E00008BD00BF5F6F0201D05D0201E26E02014F
:10E9F00070B51546044658B9134940F27A43134A94
:10EA0000134804F0E2FF40F27A41104804F0D4FFCA
:10EA10004AB9104940F223330C4A0D4804F0D5FF9F
:10EA200040F22331F1E705F0C8FD48B10846FFF791
:10EA300087FD04EB40040020A38A5B0B2B7070BDA4
:10EA40006FF01500FBE700BF5F6F0201E26E02018D
:10EA5000D05D02016A6F020170B5044658B91649CB
:10EA600016484FF49163164A04F0AFFF4FF49161DA
:10EA7000134804F0A1FF90F88C50D5B960222946C4
:10EA8000143006F02DFD2668E8B20135FFF7D0FD01
:10EA9000082DF9D1002546F30730C6F87C51D6F889
:10EAA0007C31FCF783FD0123284684F88C30A36772
:10EAB00070BD6FF07700FBE75F6F0201D05D020170
:10EAC000E26E020108B558B90849094840F28F437F
:10EAD000084A04F07AFF40F28F41064804F06CFFC8
:10EAE00090F88C00003818BF012008BD5F6F02014C
:10EAF000D05D0201E26E020108B558B90749084825
:10EB000040F29D43074A04F060FF40F29D410548F2
:10EB100004F052FFBDE80840FFF7CEBD5F6F020171
:10EB2000D05D0201E26E020108B558B908490948F2
:10EB300040F2A443084A04F048FF40F2A4410648CA
:10EB400004F03AFF0548BDE8084005F005BD00BFE8
:10EB50005F6F0201D05D0201E26E020168020021D6
:10EB600010B50C4658B90A490A4840F2AB430A4A64
:10EB700004F02BFF40F2AB41074804F01DFF0748AB
:10EB800005F0D0FC0028A4BF2070002010BD00BFFD
:10EB90005F6F0201D05D0201E26E02016802002196
:10EBA0002DE9F3410D461646044658B938494FF44D
:10EBB000A563384A384804F008FF4FF4A56135488A
:10EBC00004F0FAFE05F004FD48B9344940F235433B
:10EBD000304A314804F0F9FE40F23541EFE7204673
:10EBE00005F0EBFC2768F8B1204605F0FFFC8046F5
:10EBF000D0B9204605F010FD0546FFF719FD47F88E
:10EC000000803B58236803EB8503D3F8102542F0BE
:10EC10000102C3F8102526B101232268AB40C2F8D7
:10EC2000043302B0BDE8F081D7F80433002BA4BF51
:10EC30004FF00043C7F804334EB9194940F24F432F
:10EC4000144A154804F0C1FE40F24F41B7E7284688
:10EC5000FFF776FC04EB4004A38AC3F38203042B82
:10EC600011D0052B11D001A80195FFF7ADFC019B38
:10EC70000169D94001F001010231284602B0BDE826
:10EC8000F04105F03FBD0321F7E70221F5E700BFA2
:10EC90005F6F0201E26E0201D05D0201746F02013A
:10ECA000956F020108B558B90749084840F22F533B
:10ECB000074A04F08AFE40F22F51054804F07CFE1A
:10ECC000BDE8084005F05ABD5F6F0201D05D02014A
:10ECD000E26E02012DE9F04F07468BB058B970493A
:10ECE000704840F25C63704A04F06FFE40F25C6171
:10ECF0006D4804F061FE804658F804AB0822DAF84B
:10ED000004135046C9B241F0004105F00AFD051E4A
:10ED10002FDA0023032108A8CDE90833FFF7A2FC6E
:10ED20004FF0000B614B0DF120090293029A6049EC
:10ED300012F8013B0292DA088A5C03F0070322FA18
:10ED400003F3DB071BD40BF10103022B4FF0010B84
:10ED500009F10409EAD14FF000410022504605F0C4
:10ED6000E0FC032108A8FFF77DFC0028D8D125F09E
:10ED700000450124002D7DD10BB0BDE8F08F4D4B37
:10ED80005B440393D9F800100029DCD091FAA1F17B
:10ED9000B1FA81F1039B1C7841EA44142046FFF745
:10EDA000CFFB07EB4000828AC808C2F38203CDE99B
:10EDB00004230193012319F8006001F0070103FA0D
:10EDC00001F126EA010109F8001007A80794FFF7EE
:10EDD000FBFB0799049A803150F8216012F0100F64
:10EDE000059BC6F301462CD021464046019A05F00A
:10EDF0001DFC07A80794FFF7E7FB079BF6B28033DB
:10EE000050F82330C3F301439E4207D1002120462E
:10EE100005F078FC3146204605F074FC07A80794FD
:10EE2000FFF7D2FB0122079B02FA03F30362224B96
:10EE3000D3F83031072B01BF036A036A036A036A00
:10EE4000A0E7022E14BF022103212046049305F0FF
:10EE500059FC049B032B03D0022E07D1012BDDD1DB
:10EE600021464046019A05F0E1FBD7E7032ED5D1B4
:10EE7000022BF4E795FAA5F3B3FA83F304FA03F24D
:10EE800025EA020503F5A2725AF8222007EB430394
:10EE90004046B3F87C10C2F3014205F0C7FB69E7B6
:10EEA0005F6F0201D05D0201E26E0201637D02012B
:10EEB000205D0201637D02010000FF01F8B51746E5
:10EEC0000E4649B90C490D4834230D4A04F07DFD26
:10EED00034210B4804F070FD0A4D2C7944B91220FE
:10EEE000FCF764FB012320462B712E60AF60F8BD58
:10EEF0006FF07700FBE700BF716C0201D05D02018B
:10EF0000A06F02019C63002138B518B1154B1B7925
:10EF1000012B09D0144915484723154A04F055FD23
:10EF20004721134804F048FD0023124A50F82340BB
:10EF300003F5A2710133102B42F82140F6D10023D2
:10EF40000C4A00F13C0103F5B27451F8045F01333F
:10EF5000102B42F82450F6D1D0F88030C2F8043398
:10EF600038BD00BF9C630021DB6F0201D05D020150
:10EF7000A06F02010020014108B5094B1B79012B4C
:10EF800009D0084908487623084A04F01EFD762176
:10EF9000064804F011FD064A8340C2F8043308BD58
:10EFA0009C63002112700201D05D0201A06F02017A
:10EFB0000020014108B5094B1B79012B09D00849F4
:10EFC00008487E23084A04F000FD7E21064804F02C
:10EFD000F3FC064A8340C2F8083308BD9C63002155
:10EFE00012700201D05D0201A06F020100200141F8
:10EFF000F8B501260027124B124DD3F80C4304B983
:10F00000F8BD94FAA4F0B0FA80F006FA00F30F28E5
:10F0100024EA03040BDD0C490C4840F217230C4A88
:10F0200004F0D3FC40F21721094804F0C5FC094B59
:10F0300082009F502B68002BE1D0A9689847DEE73B
:10F04000002001419C6300216D700201D05D02012E
:10F050003B700201002101412DE9F0410E461746A7
:10F060000C4D55F81C4FAC4203D16FF01200BDE8B7
:10F07000F081314654F8440CA4F14408FAF79AFDA3
:10F0800030B9C7F800804046BDE8F04105F068BCE3
:10F090002468E8E7A863002110B5D0E909124A60A6
:10F0A000416A00F124031160C0E909334368044652
:10F0B00003B19847054A936833B11279062A03D9F8
:10F0C0000720226802499847002010BDA86300214C
:10F0D000787002012DE9F04107460D460B4E56F8B7
:10F0E0000C4FB44202D16FF001000AE0394654F8E7
:10F0F000240CA4F12408FAF75DFD20B91DB1C5F870
:10F100000080BDE8F0812468EBE700BFA863002120
:10F1100038B5044600B30068F0B10378E3B10021CC
:10F12000FFF7D8FFD8B104F11C03C4E907330D4B36
:10F1300004F12402196903F10C00A16260621A61F2
:10F140000A609D6835B11B79062B03D90720226818
:10F150000549A847002038BD6FF01500FBE76FF0A8
:10F160001000F8E7A86300217A70020138B5124C4C
:10F170000546216819B100200131216038BD2422E3
:10F18000204606F0ADF92B682846A3602B79237141
:10F1900004F10C03C4E9033304F11403C4E9053397
:10F1A00004F11C03C4E9073300F01AF80028E5D184
:10F1B000236801332360E1E7A863002138B5074DD8
:10F1C0002C68013C2C6044B900F012F82146284616
:10F1D000BDE83840242206F083B938BDA863002179
:10F1E00008B50248FFF794FF002008BD6C0200211B
:10F1F0000148FFF751BF00BF6C0200210EB4431E4F
:10F20000062B33B588BF0020094B05AC54F8045BCE
:10F2100053F82010074804F0C2FB21462846019409
:10F22000FAF77AFE02B0BDE8304003B0704700BF85
:10F23000245D0201957002012DE9F04F87B0174659
:10F240009B460446DDF840A000284BD0056A35B146
:10F250002D6825B1AC4607B0BDE8F04F6047E36AC2
:10F260009F4242D80026BE4203D1002007B0BDE82D
:10F27000F08F182303FB06F8D4F83090A26909EB4D
:10F2800008052B1D0593CAB9686969680368B5F854
:10F290000CC0C91AAB680CF1030E5D1E05EB0C1512
:10F2A0005B4205EB4E051D4005EBCC03856806333C
:10F2B000A94228BF4FF0FF3105F01EFB59F8083076
:10F2C00020460293236AB1B29B6A01935AF8263012
:10F2D00000935BF82620059B05F087FB0028C5D12D
:10F2E0000136C0E76FF01500C0E70148BEE700BF78
:10F2F00040F4FFFF10B5044690B1028D43899A4255
:10F3000009D0084A936833B11279032A03D94268B5
:10F310000549042098472046BDE8104006F0CBB8C8
:10F3200010BD00BFA86300213071020130B54489CF
:10F330008C4212D9436A013C5D882C4003EBC40324
:10F3400059609A60BFF35B8F426A538801335380E0
:10F35000438D01334385002030BD0148FCE700BFE9
:10F3600041F4FFFF70B4039E144658B1006A48B1DF
:10F3700043B1013406D0002E04DBC46F14B1A4469F
:10F3800070BC6047014870BC704700BF2DF8FFFF9C
:10F3900070B4039E144660B1006A50B14BB10134A1
:10F3A00007D0002E05DBD0F88C4014B1A44670BC09
:10F3B0006047014870BC70472DF8FFFF2DE9FF47FB
:10F3C000DDF834800E4691469A460546002876D0F0
:10F3D000002974D0B8F1000F71D001F164073846EC
:10F3E00005F06DFCBAF1FF3F49D1346E06F15002D1
:10F3F00004F18000844204F01F0C07D2C4F34111D1
:10F4000052F8211021FA0CF1C90736D4012104F079
:10F410007F04600952F8203004F5806A01FA0CF18B
:10F4200004F201440B4304F07F0442F820303466B8
:10F430006B6C4A4603930E9B2946CDE901830C9BD6
:10F4400030460093534605F0D9FC384601F0DAFA0D
:10F450002C7874B196F89C405CB1AB6A013330D122
:10F460000021284605F06AFC044610B1284605F044
:10F470003BFC204604B0BDE8F0870134BAE7BAF59A
:10F48000806FD5D3AAF580637F2B06F150010FD88A
:10F49000580951F8204003F01F0324FA03F2D20761
:10F4A0000BD4012202FA03F3234341F82030BFE7D3
:10F4B000054C384601F0A6FADBE7044CF9E7024CAC
:10F4C000D7E70024D5E700BF2DF8FFFF29F8FFFF9D
:10F4D00008B583681A0C0AD1094A93682BB11279CE
:10F4E000022A02D9032007499847002008BDA3F546
:10F4F00080338360180CB0FA80F04009F6E700BF53
:10F50000A86300215271020138B50446E8B100F148
:10F510006405284605F0C3FCD4F8AC309B692BB9D0
:10F52000D4F8A040103C002C03DC01E0012B05D0F6
:10F53000074C284605F0B1FC204638BDD4F8B4008D
:10F5400005F0A5FBA0F11004EDE7024CF4E700BFC5
:10F550002EF8FFFF2DF8FFFF38B50446E8B100F1A3
:10F560006405284605F09BFCD4F8AC309B692BB9A8
:10F57000D4F8A440103C002C03DC01E0012B05D0A2
:10F58000074C284605F089FC204638BDD4F8B00069
:10F5900005F07DFBA0F11004EDE7024CF4E700BF9D
:10F5A0002EF8FFFF2DF8FFFF2DE9F041A3F1100821
:10F5B00053F8087C002388B00693ADF81E30102362
:10F5C000CDE904120E9D0446D0F8B800ADF81C50E9
:10F5D00001688668A8EB0101B14228BF4FF0FF31F6
:10F5E0000DEB030205F04FF91028BFB20BD02449F0
:10F5F0004FF4DF73234A244804F0E7F94FF4DF7136
:10F60000204804F0D9F904F16406304605F047FCBF
:10F61000D4F8AC309B69D3B9D4F8A020D4F8AC307E
:10F62000D4F8B4009B69CBB9CDE90282CDF8008053
:10F63000012202A905F006FAB0B1144940F2C9133B
:10F64000104A114804F0C1F940F2C911D8E739460F
:10F65000D4F8B40005F08CFA0246DFE7012B03D1A1
:10F660003946FFF763FEE7E7D4F8B40005F0D9FAAE
:10F67000304605F012FC284608B0BDE8F08100BF16
:10F68000B671020173710201D05D0201CF710201F6
:10F69000F0B504468E680D46B6B23146D0F8B000DB
:10F6A00085B005F065FAD4F8AC3007469A699AB986
:10F6B0000095CDE902500123D4F8B00002A905F06D
:10F6C000C1F948B10F497D230F4A104804F07DF974
:10F6D0007D210D4804F070F9D4F8AC309B69012B02
:10F6E0000ED13A463146D4F8B000FFF71FFE38B1CC
:10F6F00004498323044A054804F067F98321E8E7B5
:10F7000005B0F0BD5661020173710201D05D0201C6
:10F710002DE9FF4103689E6A06F16408404605F042
:10F72000BEFBD6F8AC309B69DBB9D6F8B0000DF162
:10F730000A0203A905F0E2F90446D6F8AC309B6949
:10F74000012B07D1D6F8B00003AA0DF10A0105F08C
:10F750001AFA04463CB9404605F09FFB04B0BDE8E8
:10F76000F0810024E9E7BDF80A3000216268A36057
:10F7700030464FF0FF3305F017FB054605F0A5FABC
:10F78000A368404603F58033A36005F086FBE5B12E
:10F79000AB6A696C013308BF2368284608BFAB62B7
:10F7A0002368A28900916F6B04F11001B84700280B
:10F7B0000BDA1149114840F25A23114A04F005F9B5
:10F7C00040F25A210E4804F0F7F8404605F067FB76
:10F7D000284605F07FFA2046FFF77AFE38B130461A
:10F7E0002146FFF755FFD6F8B00005F01AFA40465B
:10F7F00005F053FB92E700BFDB710201D05D02010F
:10F80000737102012DE9F04385B00F46904603A9BC
:10F810000D9A0646994605F008FC044650B30C9D27
:10F82000039BD6F8B8009D42A8BF1D460168D0F8DA
:10F8300008C0611A614528BF4FF0FF312B464A4688
:10F8400005F021F885420BD00B490C484FF40573A5
:10F850000B4A04F0BAF84FF40571094804F0ACF80B
:10F8600023464246394630460095FFF79DFE05B0D7
:10F87000BDE8F0830348FAE7E7710201D05D0201B9
:10F88000737102012EF8FFFF2DE9F0478AB00D4693
:10F89000DDE9129716469846044620B9944E304644
:10F8A0000AB0BDE8F0870029F8D0002BF6D000217F
:10F8B000A022C0F8C81005F013FE012204F1640074
:10F8C000114605F0E0FC8B4BC4F8AC506667AC62A7
:10F8D000E367894BC4F88030884BC4F88430884B88
:10F8E000C4F88830874BC4F88C30874BC4F890300C
:10F8F000864BC4F89430864BC4F89830AB693BB95A
:10F90000002FCBD097E8070004F1A00383E807009D
:10F91000AB69012B04D02B6A03BB6FF00506BEE771
:10F92000D4F8AC00002800F0E080036A002BF4D08B
:10F930009B68002BF1D0984742060CD50021D4F8E3
:10F94000AC0005F09AFA06460028A8D10021212033
:10F9500002F0ECFCE4E74307F8D5DCE71B69002B79
:10F96000DBD028469847AB69012B04BF00232861F0
:10F9700000F0010008BF6B6184F89C00AB69DBB943
:10F980003B7A002B00F0838009F10C03C4F8BC30F3
:10F99000B9F1000F82D0D9F80820002A00F0A38026
:10F9A0009B68002B00F09F805A4B04935A4B0593A1
:10F9B0005A4B06935A4B0793AB69012B07D1564B11
:10F9C0000493544B0593564B0693544B07930021D5
:10F9D00004F1C003C4E9303306ABC4F8B880022296
:10F9E00000932846019104ABFFF726FC0646002849
:10F9F0007FF455AFAB693BB92B6B1B68C4F8B030D3
:10FA00002B6B9B69C4F8B430AB69012B07D12B6B0E
:10FA10009B69C4F8B0302B6B1B68C4F8B430D4F8C1
:10FA2000B40005F0D0F82B6B1B68C3F82C802B6B4F
:10FA30009B69C3F82C80D5F818A0BAF1000F07D144
:10FA4000D4F8A4300993D4F8B0305B89534520D85A
:10FA500094F89C30C4E9004463B100230293314B15
:10FA6000204601933523304A0394009304F10801A2
:10FA700005F0C4F9AB69002B7FF411AF04212846CF
:10FA800005F0FBF9074600283FF409AF26E04B4696
:10FA90007CE74846D4F8A41005F0B8FA0746E0B170
:10FAA000D8F800100890411AD8F8080000228142C6
:10FAB00028BF4FF0FF31D4F8A430404604F01CFFBB
:10FAC000009701230022D4F8B00008A904F0BAFF7F
:10FAD000074618B90AF1010AB5E7144F284605F0A0
:10FAE000C5F93E46DBE6114ED9E66FF01506D6E6BF
:10FAF0002DF8FFFF05F80101F34E0201D94F020175
:10FB00002B500201A9F50101AB4E020159F501018B
:10FB100009F50101F5710201FB71020111F7010103
:10FB2000994E0201174F0201017202012EF8FFFFE8
:10FB3000F0B505460E46174687B0074A03AC07CA1C
:10FB400084E807000C9A3146009228463A46019410
:10FB5000FFF79AFE07B0F0BD1459020138B54369AA
:10FB600005465BB90024EA68537843F001035370FB
:10FB700014B9284604F02EFA604238BD984704466E
:10FB80000028EFD000F1FF03FE2B0ED92123094AF4
:10FB900009490A4803F019FF29680948224603F079
:10FBA00014FF2121034803F007FFEB6844421C7057
:10FBB000D9E700BF0472020127720201D05D020181
:10FBC0003F72020170B50446EFF31186402383F3C0
:10FBD0001288BFF36F8F0E4B9D6805F010FB042C4D
:10FBE0000CD10C4987230C4A0C4803F0EEFE0C485C
:10FBF00003F0EBFE8721084803F0DEFE86F3118850
:10FC0000BFF36F8F2846BDE87040FBF795BD00BF7E
:10FC1000CC6300218672020164720201D05D020190
:10FC2000A372020138B50A4B53F82040013053F853
:10FC30002050A54200D838BD606830B1037EDB0794
:10FC400001D4FFF78BFF0834F3E723689847FAE7FE
:10FC5000445D0201012270B5374B86B003201A7053
:10FC6000FFF7E0FFFCF70CFB05F02CFC0420FFF78E
:10FC7000D9FF324C324DAC42264628D93149442373
:10FC8000314A324803F0A1FE314803F09EFE442180
:10FC90002D4803F091FE54F80C3C059354F8103CA9
:10FCA000049354F8143C039354F8183C029354F80A
:10FCB0001C3C019354F8203C009354E90A2354E976
:10FCC0000C0101F099FC54F8303C5E65D3E7AE427C
:10FCD00004F13004DFD302F0DDF8184CAC421FD938
:10FCE00018496823184A194803F06FFE184803F0B2
:10FCF0006CFE6821CCE7D4E90A23B3F1FF3F08BFCB
:10FD0000B2F1FF3F05D052EA0301206803D102F0AF
:10FD10003FFB3034E2E70F49183002F0D5FEF8E738
:10FD2000E9D302F029F903F084FC0B4A938923F00C
:10FD30000103938106B070BDAB64002150580201ED
:10FD4000B0580201F9720201D8720201D05D0201BD
:10FD5000267302011D1B0201C05F0021882370B5BC
:10FD6000134E012203FB0066002386B0CDE9042375
:10FD70000F220193CDE9023214230E4D0E4903FBED
:10FD80000055044601EB00214FF4807230460B4BC6
:10FD9000009501F031FC337C2C7423F004033374A0
:10FDA000074B013403EBC423EE606B6006B070BDFB
:10FDB000385F0021CC630021B07C0021D1FF01011C
:10FDC000B07400217FB50020FFF72CFF344B03F502
:10FDD000006282F3088883F30A88E023314C84F8B8
:10FDE00022302023E377002323766376A37684F8FA
:10FDF0002030626A42F4E022626284F82330FBF72A
:10FE000041FBFBF783FC4FF0FF33A362E362FBF798
:10FE100093FEFBF7FBFC244801F098FC234B244A9B
:10FE200093420ED92349CC23234A244803F0CDFD25
:10FE3000234803F0CAFDCC211F4803F0BDFD203349
:10FE4000EEE7FCD3FCF714FA0120FFF7EBFE0220EB
:10FE50001C4CFFF7E7FE02F049F91B4B00255C61E3
:10FE60001A4B4FF40062059301231949CDE903535E
:10FE70002046184BCDE90155009501F0BDFB064623
:10FE8000237C204623F00403237401F001FE28465E
:10FE9000FFF764FF314620460E4AFBF717FC00BF10
:10FEA000B074002100ED00E048600021805602019E
:10FEB0006057020145730201D8720201D05D020150
:10FEC00026730201C05F0021CC6300215D73020133
:10FED000B07D002155FC010138B50D4C0D4DAC42F3
:10FEE00013D90D4925230D4A0D4803F06EFD0D4829
:10FEF00003F06BFD2521094803F05EFD2046D4E99F
:10FF0000011205F07FF91834E9E7F7D3002038BD76
:10FF1000B4020021CC020021CC7302016273020101
:10FF2000D05D020126730201F8B505460E4600F1C8
:10FF30001404EFF31187402383F31288BFF36F8F0C
:10FF4000204602F067FD68B984231B4A1B491C4800
:10FF500003F03BFD21461B4803F037FD8421164882
:10FF600003F02AFD204602F079FD2846314603F0D1
:10FF700078FC05F10C0002F071F828B139462046F2
:10FF8000BDE8F84005F0F9B9204602F051FD68B926
:10FF90004FF49973084A0C49094803F016FD2146AD
:10FFA0000A4803F012FD4FF49971D8E787F31188DE
:10FFB000BFF36F8FF8BD00BF79600201D26002010C
:10FFC000D05D0201E7600201A6600201BD6002018E
:10FFD00008B50D4B9B6893F90E30002B09DB4024CC
:10FFE000EFF3118384F31288BFF36F8F04F024F8CA
:10FFF000F6E7064906481C23064A03F0E6FC1C21E6
:020000040102F7
:10000000044803F0D9FC00BFCC6300210674020150
:10001000D05D0201E573020108B583684BB90B4955
:100020000B48A4230B4A03F0D0FCA421094803F099
:10003000C3FCD0E9003213605A600023027CC0E99F
:10004000003322F002020274836008BD5974020179
:10005000D05D02012E7402012DE9F74F0446884657
:1000600092461E469DF83090EFF3058373B152EA35
:1000700006030BD05F4999235F4A604803F0A5FC53
:100080005F4803F0A2FC99215B4819E004F10805E0
:10009000EFF311874FF0400B8BF31288BFF36F8F94
:1000A000284602F0B7FC68B98423564A564953489B
:1000B00003F08BFC2946554803F087FC8421514806
:1000C00003F07AFC284602F0C9FC626A23699A426E
:1000D00077D2EFF311838BF31288BFF36F8F83F323
:1000E0001188BFF36F8F5BB94949BB23494A434825
:1000F00003F06BFC424803F068FCBB214548DFE796
:100100002668B4421AD0CEB13046FFF785FF06F11B
:10011000180002F0B5FDE26800244146706905F060
:10012000D2F93046C6F8804001F0B2FC3946284684
:1001300005F023F9204603B0BDE8F08F206A666918
:10014000B04207D3A3695A1E904203D8E268191A35
:10015000914207D23049B423274A284803F035FC9E
:10016000B42191E7B9F1000F21D0414605F0ABF978
:10017000236AE2681344A2692362934201D163694E
:100180002362636A013363620024284602F050FC54
:1001900050BB4FF499731B4A2049184803F015FCD3
:1001A00029461F4803F011FC4FF4997187E7E16974
:1001B0008E4218BF0B46981A4146E06105F083F95C
:1001C000DFE75AEA06030CD0164B22469B683946F5
:1001D000C3F814802846CDE900A601F0E7FC0446E8
:1001E000A8E76FF02204D0E787F31188BFF36F8F81
:1001F000A0E700BF8473020170740201D05D0201A8
:10020000C973020179600201D2600201E760020154
:10021000927402012E740201AA740201A660020106
:10022000BD600201CC6300212DE9F74304468846F6
:1002300017461D46EFF3058383B152EA05030DD03F
:1002400061494FF49773614A614803F0BEFB61480E
:1002500003F0BBFB4FF497715C4818E004F108060B
:10026000EFF31189402383F31288BFF36F8F304679
:1002700002F0D0FB68B98423574A5849544803F028
:10028000A4FB3146564803F0A0FB8421524803F0FA
:1002900093FB304602F0E2FB636A002B68D0E26811
:1002A0004046E16905F00FF9E369E2681344A26989
:1002B000E361934204BF6369E361636A013B636284
:1002C000EFF31183402282F31288BFF36F8F83F321
:1002D0001188BFF36F8F5BB94249BB23424A3C4848
:1002E00003F073FB3B4803F070FBBB213E48CEE7B5
:1002F0002568AC424CD0002D4BD02846FFF78CFE31
:1003000005F1180002F0BCFC206A6369984207D32B
:10031000A3695A1E904203D8E2681B1A934209D27D
:1003200032494FF4A473294A294803F04EFB4FF495
:10033000A47191E7696905F0C6F8236AE268284666
:100340001344A2692362934204BF63692362636A10
:10035000013363620024C5F8804001F099FB4946EF
:10036000304605F00AF82546284603B0BDE8F0837C
:1003700057EA05031FD01E4B22469B684946C3F827
:1003800014803046CDE9007501F010FC0546EBE71E
:100390000025304602F04CFB80B94FF499730E4AA9
:1003A00014490B4803F011FB3146134803F00DFBD1
:1003B0004FF499716AE76FF02205EAE789F3118833
:1003C000BFF36F8FD0E700BF847302017074020126
:1003D000D05D0201C973020179600201D26002019D
:1003E000E7600201927402012E740201AA740201F4
:1003F000CC630021A6600201BD6002012DE9F3413A
:10040000044617461E46EFF3058565B1544973232C
:10041000544A554803F0D9FA544803F0D6FA7321E8
:10042000504803F0C9FAEFF31188402383F3128890
:10043000BFF36F8F4E4802F0EDFA60B984234D4A46
:100440004D49494803F0C1FA49494C4803F0BDFA07
:1004500084214848E5E7464802F000FB484BE26843
:100460009B6892B1A068984227D057EA06022CD127
:100470003F4802F0DDFA90B188F31188BFF36F8F27
:100480006FF00F0002B0BDE8F08193F90E10013259
:10049000C4E902323648216102F0CAFA78B94FF451
:1004A0009973344A3749304803F08FFA3049364857
:1004B00003F08BFA4FF49971CBE72169E7E788F3F2
:1004C0001188BFF36F8F0020DCE793F90E1090F9CD
:1004D0000E30994205DA9942A8BF194604F0A3FEEE
:1004E000054622464146CDE90076214801F05EFBF3
:1004F0000028E8D0EFF31186402383F31288BFF37E
:100500006F8F1B4802F086FA002897D0184802F037
:10051000A5FAA068C0B1236821699C420AD04BB1FA
:1005200093F90E309942A8BF19466FF07F039942A4
:10053000B8BF194604F077FE30B131460C4804F0DC
:100540001CFF6FF00A009DE7002DF6D1084802F06D
:100550006FFA0028A3D086F31188BFF36F8FF0E7FE
:100560007275020150750201D05D020184750201AD
:10057000EC63002179600201D2600201E7600201B0
:10058000CC630021A6600201BD600201F8B50546FA
:10059000EFF3058363B15649EA23564A564803F000
:1005A00014FA564803F011FAEA21524803F004FA0B
:1005B0008368002B00F09580514A9268934240F086
:1005C0009380C3684BB94F494FF48173494A4A48F5
:1005D00003F0FBF94FF48171E7E7012B03D0013BF6
:1005E000C3600020F8BDEFF31187402484F3128824
:1005F000BFF36F8F444802F00DFA60B98423434A79
:1006000043493D4803F0E1F93F49424803F0DDF931
:1006100084213E48CAE73C4802F020FA2969A868CC
:1006200004F001FEEFF3118384F31288BFF36F8FA0
:1006300083F31188BFF36F8F5BB93749BB23374A08
:100640002D4803F0C2F9364803F0BFF9BB21334807
:10065000ACE72C68A54215D100232B48C5E902332D
:1006600002F0E6F9002837D14FF49973274A2D4953
:10067000214803F0AAF924492B4803F0A6F94FF4C6
:100680009971C6E7002CE7D0A3683BB92749A4239A
:10069000224A194803F099F9A421D8E70026D4E9A1
:1006A000003213605A60237CC4E9006623F0020321
:1006B0002374A66004F1180002F0E2FAAC6094F929
:1006C0000E3020462B61C4F8806001F0E1F9394614
:1006D0000D4804F052FE84E787F31188BFF36F8F53
:1006E0007FE76FF015007DE74FF0FF307AE700BF3E
:1006F0007275020150750201D05D0201847502011C
:10070000CC630021A9750201EC630021796002012C
:10071000D2600201E7600201927402012E740201AC
:10072000C9730201A6600201BD6002015974020191
:1007300008B583684BB90B490B48A4230B4A03F057
:1007400044F9A421094803F037F9D0E900321360D5
:100750005A600023027CC0E9003322F002020274D6
:10076000836008BD59740201D05D02012E7402013C
:100770002DE9F04704460D4691469A469DF82060C3
:1007800000F10807EFF31188402383F31288BFF3C9
:100790006F8F384602F03EF960B984234A4A4B49CC
:1007A0004B4803F012F939464A4803F00EF9842108
:1007B00045481BE0384602F051F906B16568EFF391
:1007C0001183402282F31288BFF36F8F83F3118865
:1007D000BFF36F8F63B94049BB23404A3C4803F0E5
:1007E000F4F83F4803F0F1F8BB213C4803F0E4F88B
:1007F000234653F80C6F9E4216D0AEB1002430460B
:10080000FFF796FF06F1180002F03AFA3046C6F8F4
:100810008040C6F8149001F03BF94146384604F098
:10082000ACFD2046BDE8F087BAF1000F14D00820D7
:1008300002F096FC00283FD00122C0F8049002602C
:10084000016801F003015DB922680A430260626831
:1008500020606AB960600BE04846C9F800A0EFE785
:100860002A68032A1DD801606168A1B9C4E90000A3
:100870000024384602F0DCF808BB4FF49973124AA2
:100880001849134803F0A1F83946174803F09DF8BA
:100890004FF499718CE70A6802F0030202430A6080
:1008A000D8E722F003020A4302602A6802F003023A
:1008B00040EA02032B60DBE76FF00B04D9E788F313
:1008C0001188BFF36F8FACE779600201D26002013B
:1008D000D05D0201E7600201927402012E740201F0
:1008E000C9730201A6600201BD6002012DE9F74350
:1008F000064690461F4600F10805EFF31189402394
:1009000083F31288BFF36F8F284602F083F868B92B
:100910008423254A2549264803F057F829462548C7
:1009200003F053F88421204803F046F8284602F0EB
:1009300095F83468FCB12368726823F0030394428D
:1009400020464FF00101336008BF736004F07AFC69
:100950000446284602F06CF8E8B94FF49973124A3D
:100960001549134803F031F82946144803F02DF8CF
:100970004FF49971D7E758EA0703EAD04946284669
:10098000CDE9008706F10C0201F010F938B90C4BE3
:100990009B685C6903E089F31188BFF36F8F204681
:1009A00003B0BDE8F08300BF79600201D2600201AC
:1009B000D05D0201E7600201A6600201BD60020194
:1009C000CC63002108B583684BB90B490B48A423BD
:1009D0000B4A02F0FAFFA421094802F0EDFFD0E92A
:1009E000003213605A600023027CC0E9003322F019
:1009F00002020274836008BD59740201D05D0201D5
:100A00002E74020170B50446EFF31186402585F37C
:100A10001288BFF36F8F304801F0FCFF60B9842368
:100A20002E4A2F492F4802F0D0FF2B492E4802F0C2
:100A3000CCFF8421294818E0274802F00FF8EFF393
:100A4000118385F31288BFF36F8F83F31188BFF38F
:100A50006F8F63B92549BB23254A224802F0B5FFB1
:100A6000244802F0B2FFBB21214802F0A5FF25680F
:100A7000AC4213D095B12846FFF7A4FF05F118004A
:100A800002F0FEF800232846C5F8803001F000F897
:100A90003146BDE87040104804F06FBCD4E9023222
:100AA0009A4218BF01330C48A36001F0C1FF68B936
:100AB0004FF49973094A10490A4802F086FF064923
:100AC0000E4802F082FF4FF49971B3E786F3118864
:100AD000BFF36F8F70BD00BFF0630021796002012A
:100AE000D2600201D05D0201E7600201927402014E
:100AF0002E740201C9730201A6600201BD600201E9
:100B0000F7B5044616461D46EFF305837BB152EA5E
:100B100005030CD02D4988232D4A2E4802F055FF9D
:100B20002D4802F052FF8821294802F045FFEFF3DB
:100B30001187402383F31288BFF36F8F274801F09A
:100B400069FF60B98423264A2649224802F03DFF06
:100B50002249254802F039FF84212148E5E71F4852
:100B600001F07CFFA368D3B1013B1C48A36001F0F6
:100B70005FFF68B94FF49973194A1C49154802F090
:100B800024FF16491A4802F020FF4FF49971E4E758
:100B900087F31188BFF36F8F002003B0F0BD56EAD2
:100BA00005030BD10D4801F043FF0028E2D087F385
:100BB0001188BFF36F8F6FF00F00EEE722463946C2
:100BC000CDE90065054800F0F1FFE6E7E0750201B8
:100BD000C0750201D05D0201C9730201F0630021FA
:100BE00079600201D2600201E7600201A6600201A1
:100BF000BD6002012DE9FF410446794EEFF31187F4
:100C0000402383F31288BFF36F8F764801F002FF11
:100C100068B98423744A7549754802F0D6FE714953
:100C2000744802F0D2FE84216F4802F0C5FE6D4880
:100C300001F014FFD4F88C50F5B9022104F1A4009E
:100C400004F02DFB002840D004F19C050022012176
:100C5000284601F02FFD0028F8D100234FF0FF3285
:100C600002934FF0FF333946CDE900235D4804F18C
:100C7000940201F07DFDC1E7D4F890202B689542E5
:100C800008BFC4F89030C4F88C30D4F8A43055486C
:100C900043F00203C4F8A430EB68D5F8048023F0D5
:100CA000040343F00103EB6001F0C2FEF8B94FF416
:100CB00099734D4A50494E4802F087FE49494F48C2
:100CC00002F083FE4FF49971AEE7D4F8A430DD064C
:100CD000C3D5C4F8A400434801F0AAFE0028E6D01A
:100CE00087F31188BFF36F8F04B0BDE8F08187F3FD
:100CF0001188BFF36F8FB8F1000F0AD140493C480B
:100D000040F2F3233F4A02F060FE40F2F3213D48F7
:100D10008BE72846C047EFF31187402383F31288FF
:100D2000BFF36F8F2F4801F075FE00283FF471AFBD
:100D30002C4801F093FEEB68D90623F0010236D46B
:100D4000EA60EB689A0716D5306823F00203EB607F
:100D500088B10022036870B141688D4235D10368C3
:100D60006ABB72683360904200D17360002340F820
:100D7000083BFFF747FED4F8A43023F00203C4F881
:100D8000A430DB0529D4D4F88C50003D18BF0125D0
:100D9000144801F04DFE002889D087F31188BFF375
:100DA0006F8F002D3FF42AAF01F0A8F926E723F05A
:100DB0001103EB6005F11000FFF724FEC1E713609B
:100DC0007368984208BF7260D0E702461BB1196889
:100DD00018460B46BFE71946FAE70025D8E700BFDB
:100DE000F4630021FC63002179600201D2600201FA
:100DF000D05D0201E7600201A6600201BD60020150
:100E00006F7602012D760201F8B5C36804469A0791
:100E10000E46C3F340054FD45F074FD40B680BB9A0
:100E200083680B60E368D80736D5A3685BB92549AA
:100E3000254840F25713254A02F0C7FD40F25711EA
:100E4000224802F0B9FD02253360376867B3204BB2
:100E50009A68D7F888309A4220D104F043FA80F09B
:100E60000100C0B2D7F8A430D907C3F380021ED561
:100E700002B308B300232360D7F8903083B9C7E9E1
:100E80002344384604F017FAE36843F00403E360B0
:100E90003368A3602846F8BD0125D6E70020E1E7C6
:100EA0001C60C7F89040ECE76FF0150506E06FF0A6
:100EB000120503E01B07DDD56FF00F05002333603B
:100EC000E8E700BF4E760201D05D02012D760201F7
:100ED000CC63002173B50446EFF31185402383F3FF
:100EE0001288BFF36F8F224801F094FD68B9842304
:100EF000204A2149214802F068FD1D49204802F09E
:100F000064FD84211B4802F057FD194801F0A6FD3D
:100F100000230193D4E90423B3F1004F08BF012A51
:100F200011D0134801F084FDE0B94FF49973114AD0
:100F30001449124802F049FD0D49134802F045FDDD
:100F40004FF49971DEE70321201FA4F1100604F08D
:100F5000A6F90028E5D0A369304601A90193FFF75F
:100F600053FFDEE785F31188BFF36F8F02B070BDCA
:100F7000FC63002179600201D2600201D05D0201B0
:100F8000E7600201A6600201BD60020138B50D46AE
:100F9000044648B90C499C230C4A0D4802F015FD43
:100FA0009C210A4802F008FD39B90A499D23074AE5
:100FB000074802F00AFD9D21F3E71022002104F00A
:100FC0008FFA656038BD00BF197702012D760201E6
:100FD000D05D02016F760201F8B5C368064603F0E2
:100FE0000503002B0C4614BF0127002729D0856874
:100FF0005DB91D491D4840F2C1131D4A02F0E5FCD0
:1010000040F2C1111A4802F0D7FC0122002104F17C
:10101000100004F038F920461649FFF7B7FFE368DF
:1010200043F01003E360F3685B0712D53368236075
:101030006BB9D5F8903033B9C5E92344284604F09C
:101040003AF93846F8BD1C60C5F89040F6E73460C0
:10105000F4E7D5F88C302360D5F89030C5F88C4093
:10106000002BEBD1F0E700BF54760201D05D020106
:101070002D760201B552020137B50C46019059B9DF
:10108000284940F27D13284A284802F09EFC40F28D
:101090007D11254802F090FC4B684BB924494FF470
:1010A000BF73214A214802F090FC4FF4BF71F0E772
:1010B000EFF31185402383F31288BFF36F8F1D4830
:1010C00001F0A8FC60B984231B4A1C49174802F0B0
:1010D0007CFC18491A4802F078FC84211648D9E7AC
:1010E000144801F0BBFC204601A9FFF78DFE044621
:1010F000104801F09DFC68B94FF499730E4A1149EC
:101100000A4802F062FC0B490F4802F05EFC4FF403
:101110009971E3E785F31188BFF36F8F204603B021
:1011200030BD00BF197702012D760201D05D0201AA
:1011300069760201FC63002179600201D26002013C
:10114000E7600201A6600201BD60020170B50C46B5
:10115000054658B9384940F2CD13384A384802F0AC
:1011600034FC40F2CD11354802F026FCC368DB05A3
:1011700009D534494FF4E773304A314802F025FC71
:101180004FF4E771EFE704F0ADF848B12E4940F2B3
:10119000CF132A4A2A4802F018FC40F2CF11E2E7A6
:1011A0004CB92A494FF4E873244A254802F00DFC53
:1011B0004FF4E871D7E7EFF31186402383F31288E9
:1011C000BFF36F8F224801F025FC60B98423214AC8
:1011D00021491B4802F0F9FB1D49204802F0F5FBAC
:1011E00084211C48C0E71A4801F038FC28462146F3
:1011F000FFF7F2FE0546164801F01AFC68B94FF4F5
:101200009973144A16490E4802F0DFFB104915483D
:1012100002F0DBFB4FF49971E3E786F31188BFF32B
:101220006F8F3DB14FF0FF324FF0FF3304F11000EC
:10123000FFF766FC284670BD197702012D76020182
:10124000D05D020186760201B5760201C476020104
:10125000FC63002179600201D2600201E7600201B3
:10126000A6600201BD60020108B558B908490948E5
:1012700040F22633084A02F0A8FB40F22631064825
:1012800002F09AFBA822002104F02AF908BD00BF51
:1012900054760201D05D02012D760201F0B589B0CD
:1012A00004460E9D58B92F4940F253332E4A2F4819
:1012B00002F08BFB40F253312B4802F07DFB49B921
:1012C0002B494FF45573284A284802F07EFB4FF40F
:1012D0005571F1E7D0F8A40010F0010009D02549BC
:1012E00040F25533204A214802F06FFB40F255315D
:1012F000E2E7C4E9230004F19400C4E9250004F105
:101300009C00C4E9270055B32879002840F2011059
:1013100008BF0120C4F8A40000204FF0FF364FF0B2
:10132000FF37CDE90330CDE90100CDE9066720465E
:10133000114B009400F0C4F955B1296811B1204651
:1013400003F0D6FF6B791BB1A38943F00103A3819E
:10135000204601F01DF8C4F8884009B0F0BD012016
:10136000D8E700BF0C7702012D760201D05D0201A3
:1013700012770201D8760201F50B02017FB50D4606
:10138000044658B9374940F28633374A374802F0A5
:101390001CFB40F28631344802F00EFB03F0A2FF42
:1013A00048B1334940F287332F4A304802F00DFBF1
:1013B00040F28731EFE7EFF31186402383F3128881
:1013C000BFF36F8F2B4801F025FB60B984232A4AB5
:1013D0002A49264802F0F9FA2649294802F0F5FA86
:1013E00084212548D8E7234801F038FBD4F8A430FD
:1013F00013F0060F15D165BBD4F88C5095B91D4874
:1014000001F016FB40BB4FF499731B4A1D49174866
:1014100002F0DBFA17491C4802F0D7FA4FF4997131
:10142000DFE7B5B943F004032046C4F8A43003F065
:1014300042FF00234FF0FF3202934FF0FF3331465B
:10144000CDE900230B4804F19C0201F091F904B0AE
:1014500070BD43F00C03E7E786F31188BFF36F8F8D
:101460002846F4E70C7702012D760201D05D0201D7
:10147000B5760201FC63002179600201D2600201AD
:10148000E7600201A6600201BD60020138B50D46A9
:10149000044658B90F4940F20F430F4A0F4802F073
:1014A00094FA40F20F410C4802F086FA49B90C490F
:1014B0004FF48263084A094802F087FA4FF48261C8
:1014C000F1E73022002104F00BF84FF480736560DF
:1014D000E36038BD187702012D760201D05D02016C
:1014E0006F760201F7B50C4616461D46019058B9B5
:1014F000334940F28643334A334802F066FA40F2F9
:101500008641304802F058FA49B9304940F28743E1
:101510002C4A2D4802F059FA40F28741F1E7EFF3E7
:101520001187402383F31288BFF36F8F284801F09F
:1015300071FA60B98423274A2749234802F045FA03
:101540002349264802F041FA84212248DAE720485C
:1015500001F084FAE36813F01E0F27D155EA060262
:1015600016D1204601A9FFF74FFC0446184801F0A8
:101570005FFAE8B94FF49973164A1949124802F014
:1015800024FA1349174802F020FA4FF49971DCE766
:1015900043F00803E360019B04F11000A3623246AC
:1015A0002B46114901F090FA0124DFE70024DDE722
:1015B00087F31188BFF36F8F204603B0F0BD00BFE3
:1015C000547602012D760201D05D020118770201E6
:1015D000FC63002179600201D2600201E760020130
:1015E000A6600201BD600201D50E0201014601485C
:1015F000FFF778BFF06000212DE9F04385B00F9D23
:1016000004460F2D0E46984637D1274B984538D1C2
:1016100004F15803C4E91633109B0027A381042367
:101620000732A57322F0070506EB05094946237426
:101630002046C4E90677A760E773F9F7EDFC0E9B37
:10164000073020F007002067C4E91A6502930D9B5C
:10165000A9EB000901930C9B4A460093314643468F
:101660002046FAF717F8114B67659B6803B15B6F6B
:101670004846636705B0BDE8F08305F110031E2BF3
:10168000C6D940F24B230A4A0A490B4802F09DF999
:1016900029460A486FF00F030E2202F096F940F235
:1016A0004B21034802F088F9D1FF0101CC630021EE
:1016B0002D77020150770201D05D0201D07702013F
:1016C000F0B587B00446DDE91276EFF3058575B114
:1016D000194940F21733194A194802F076F91948A6
:1016E00002F073F940F21731144802F065F90595DC
:1016F000109D04950F9D03950E9D02950D9D0195DE
:101700000C9D0095FFF778FFB6F1FF3F08BFB7F1DA
:10171000FF3F05D056EA070305D1204600F038FE0A
:10172000204607B0F0BD3A46334604F1180006499A
:1017300001F0CAF9F4E700BF727502012D770201CA
:10174000D05D0201017802011D1B0201012310B5C9
:101750000374838100230446C0E91A3301F0FAFCC4
:10176000014B9C6010BD00BFCC63002170B590F9A7
:101770001020037C002A49DBD90647D163F07F03A0
:101780000374264B984209D1254926485223264AFC
:1017900002F01BF95221244802F00EF9234C224694
:1017A00052F8183FE169934207D1C0E9002108606F
:1017B000E0610FE08B42F8D01B68002BF5D093F965
:1017C0000E6090F90E50AE42F4DD5968C0E9003168
:1017D00008605860A569954200D005B9E568A3681E
:1017E0005BB91349EA23134A0E4802F0EEF8124897
:1017F00002F0EBF8EA210F48CEE71A7CD20606D1B8
:10180000DA897F2A03D9AA690AB9636170BDAB423C
:1018100002D0284601F078F86561F7E7385F0021CB
:1018200048780201D05D020126780201CC630021D4
:101830009578020169780201C973020138B590F9FF
:1018400010200146002A037C1BDA224A03F07F03A2
:101850009042037409D120495A23204A204802F0BB
:10186000B4F85A211D4802F0A7F8DC0707D51D4936
:101870005B231A4A1A4802F0A8F85B21F2E703F04A
:101880003AFD194D2A4652F8184FAB68944200D0E1
:1018900004B9EC688B4214D05BB91449EA23144AAA
:1018A0000F4802F092F8134802F08FF8EA2110482E
:1018B000D9E71A7CD20604D1DA897F2A01D9A26934
:1018C0002AB1A34202D0204601F01EF823466B61E4
:1018D00038BD00BF385F0021487802012678020138
:1018E000D05D0201BC780201CC6300219578020131
:1018F00069780201C973020108B5134A936880B17F
:10190000197C11F0090F0CD11049D923104A114844
:1019100002F05BF8104802F058F8D9210C4802F0A8
:101920004BF86FF00A01C3F880100C49D8674B6878
:1019300043F080534B60002383F31188BFF36F8F14
:101940009368D3F8800008BDCC630021FF780201C2
:10195000D5780201D05D02016879020100ED00E056
:1019600070B504460D46F9B9EFF30586E6B91A4B92
:101970005A699B689A4217D001F05AF878B940F238
:101980006D13164A1649174802F01FF821461648EB
:1019900002F01BF840F26D11104802F00DF83046CD
:1019A000BDE87040FFF7A8BF204601F041F868B9D4
:1019B0004FF49973094A0A490A4802F006F8214689
:1019C000094802F002F84FF49971E5E785F31188B0
:1019D000BFF36F8F70BD00BFCC630021796002013F
:1019E000A6600201D05D0201BD60020108B58368F6
:1019F0004BB909490948A423094A01F0E6FFA4218B
:101A0000074801F0D9FF03F076FC037C23F00203C2
:101A100003740023836008BD59740201D05D020184
:101A20002E74020138B5184CA168E0690B68814238
:101A300014BF1A46002249680B605960A368E16927
:101A40002AB9124AC3E900210B60E3610AE092F966
:101A50000E5093F90E00854212DD5168C3E9002152
:101A60000B605360A569094B9D4200D005B9E5683C
:101A7000A3689D4202D0284600F046FF656138BD4C
:101A80008A42DED01268DBE7CC630021E4630021E8
:101A900038B50446EFF31185402383F31288BFF372
:101AA0006F8F174800F0B6FF68B98423154A1649AE
:101AB000164801F08AFF1249154801F086FF84217B
:101AC000104801F079FF0E4800F0C8FF2046FFF7EC
:101AD0004DFE0B4800F0ACFF68B94FF49973094A0A
:101AE0000C490A4801F071FF05490B4801F06DFFF0
:101AF0004FF49971E4E785F31188BFF36F8F38BD18
:101B00000064002179600201D2600201D05D02010F
:101B1000E7600201A6600201BD60020138B5A0F1D4
:101B20001804EFF31185402383F31288BFF36F8FFE
:101B3000174800F06FFF68B98423164A1649174802
:101B400001F043FF1249164801F03FFF842111487C
:101B500001F032FF0E4800F081FF204603F0F9FB50
:101B60000B4800F065FF68B94FF49973094A0D49B5
:101B70000A4801F02AFF06490B4801F026FF4FF4FE
:101B80009971E4E785F31188BFF36F8F38BD00BF0B
:101B90000064002179600201D2600201D05D02017F
:101BA000E7600201A6600201BD6002012DE9F04775
:101BB000DFF8D4A0354D1746DDE90898DAF808209B
:101BC000334BA84204460E461A600BD131493248C5
:101BD00040F2B923314A01F0F8FE40F2B9212F4812
:101BE00001F0EAFEEFF31183402383F31288BFF381
:101BF0006F8F284600F00EFF60B98423284A2949D8
:101C0000254801F0E2FE2946274801F0DEFE842146
:101C10002348E5E7284600F021FFDAF80850394666
:101C2000284603F070FBB8F1FF3F08BFB9F1FF3F52
:101C300006D04A4643461D4905F1180000F044FF0E
:101C4000204600F0F5FE68B9194940F26D13144AB8
:101C5000114801F0BAFE2146164801F0B6FE40F2E6
:101C60006D11D5E7094800F0E3FE40B9104940F294
:101C70006D130B4A084801F0A8FE0449ECE7304612
:101C8000BDE8F047FFF738BECC63002100640021B7
:101C90000464002190790201D05D020126780201DE
:101CA00079600201D2600201E76002011D1B02019E
:101CB000A6600201BD6002012DE9F04104460D4617
:101CC000EFF31187402383F31288BFF36F8F5948D6
:101CD00000F0A0FE60B98423574A5849584801F0E3
:101CE00074FE5449574801F070FE8421524818E0B0
:101CF000504800F0B3FE237C03F01F02002A0CBF03
:101D00000126002662D103F07F0323744E4B9C42D0
:101D100009D14E495A234E4A494801F056FE5A21EC
:101D20004B4801F049FE204603F0E5FA237C6DB2F2
:101D300043F08003DA07A573237407D5454953237D
:101D4000434A3F4801F041FE5321E9E7DFF80881AB
:101D5000424652F8183FD8F81C10934208D1C4E903
:101D600000210C60C8F81C400DE08B42F7D01B68C6
:101D7000002BF4D093F90E00A842F6DD5968C4E9AF
:101D800000310C605C60D8F81840944200D00CB967
:101D9000D8F80C40D8F808309C4202D0204600F019
:101DA000B3FDC8F81440234800F042FE00283AD1A1
:101DB0004FF49973204A2949214801F006FE1D4934
:101DC000274801F002FE4FF499718FE79B0728D551
:101DD000A16841B923491A48A423234A01F0F5FD1B
:101DE000A42121489DE720466DB203F084FAA57333
:101DF0000B68994209D14B68C4E900131C604C6020
:101E0000D1E74A689342F6D01B68002BF3D093F9D0
:101E10000E20AA42F5DD5A68C4E9003214605C6005
:101E2000C1E7A573BFE787F31188BFF36F8F304613
:101E3000BDE8F0810064002179600201D2600201F6
:101E4000D05D0201E7600201385F0021487802019D
:101E500026780201BC780201CC630021A660020151
:101E6000BD600201597402012E740201034648B993
:101E7000EFF3058232B9064A51699268914201D066
:101E8000FFF73ABD83F31188BFF36F8F704700BF30
:101E9000CC63002110B5EFF31184402383F3128843
:101EA000BFF36F8F284800F0B5FD60B98423274A3F
:101EB0002749284801F089FD2349274801F085FD7D
:101EC0008421224812E0204800F0C8FDEFF305838A
:101ED00073B1224940F23B33214A1E4801F075FD9F
:101EE000204801F072FD40F23B311D4801F064FDD5
:101EF0001D4B9A68D37B012B0CD11C494FF44F73B7
:101F0000174A144801F061FD164801F05EFD4FF4D8
:101F10004F71EAE7013BD3730B4800F089FD68B9C4
:101F20004FF49973094A12490A4801F04EFD0649D7
:101F3000104801F04AFD4FF49971C2E784F311880B
:101F4000BFF36F8F10BD00BF0064002179600201F4
:101F5000D2600201D05D0201E760020172750201E8
:101F600026780201C9730201CC630021C9790201FC
:101F7000A6600201BD60020170B5EFF31186402337
:101F800083F31288BFF36F8F2A4800F043FD68B9CE
:101F90008423294A29492A4801F017FD254929485F
:101FA00001F013FD8421244801F006FD264D21484F
:101FB00000F054FDAB68DA7B6AB9244940F24D3336
:101FC000234A1F4801F001FD224801F0FEFC40F2C7
:101FD0004D311F48E8E7EFF3058161B11E4940F23A
:101FE0004E331B4A164801F0F0FC1A4801F0EDFC94
:101FF00040F24E31EDE70132DA732A4652F8184FBB
:10200000944200D004B9EC681A7CD20604D1DA8973
:102010007F2A01D9A2692AB1A34202D0204600F04A
:1020200073FC23466B613146BDE870400148FFF701
:1020300097BC00BF0064002179600201D2600201F8
:10204000D05D0201E7600201CC630021FA79020150
:1020500026780201C97302017275020138B504467F
:10206000EFF31185402383F31288BFF36F8F184875
:1020700000F0D0FC68B98423164A1749174801F0CC
:10208000A4FC1349164801F0A0FC8421114801F07A
:1020900093FC0F4800F0E2FC204603F070F9044680
:1020A0000B4800F0C5FC68B94FF49973094A0D4913
:1020B0000A4801F08AFC06490B4801F086FC4FF4FF
:1020C0009971E3E785F31188BFF36F8F204638BD20
:1020D0000064002179600201D2600201D05D02013A
:1020E000E7600201A6600201BD600201024B03F13C
:1020F0001802C3E906227047CC63002170B5EFF3E4
:10210000058373B138494FF49063384A384801F079
:102110005CFC384801F059FC4FF49061334801F001
:102120004BFCEFF31186402383F31288BFF36F8FCC
:10213000314800F06FFC60B98423304A30492C48A4
:1021400001F043FC2C492F4801F03FFC84212B482F
:10215000E5E72D4C284800F081FCA168E0690B6898
:10216000814214BF1A46002249680B605960A36877
:10217000E1692AB9254AC3E900210B60E3610AE05D
:1021800092F90E5093F90E00854223DD5168C3E9A0
:1021900000210B605360A5691C4B9D4200D005B91E
:1021A000E568A3689D4202D0284600F0ADFB1248C6
:1021B000656100F03DFC88B940F26D130F4A144987
:1021C0000B4801F002FC0C49124801F0FEFB40F202
:1021D0006D11BCE78A42CDD01268CAE73046BDE82F
:1021E0007040FFF789BB00BF7275020126780201BB
:1021F000D05D0201C973020100640021796002010F
:10220000D2600201E7600201CC630021E463002197
:10221000A6600201BD6002012DE9F04106460C46B0
:10222000EFF3058777B134494FF49363334A344869
:1022300001F0CBFB334801F0C8FB4FF493612F480A
:1022400001F0BAFB50EA010304D1FFF757FF002069
:10225000BDE8F081EFF31188402383F31288BFF3C8
:102260006F8F294800F0D6FB60B98423274A28499C
:10227000234801F0AAFB2449264801F0A6FB84214B
:102280002248DDE7244D204800F0E8FBA868234BF6
:102290001860FFF7D3FAA868234632462049183061
:1022A00000F012FCAA680446137C174843F00403AC
:1022B000137400F0BDFB68B940F26D13134A19495D
:1022C0000F4801F082FB1049174801F07EFB40F2F5
:1022D0006D11D5E74046FFF70FFBAB68D3E90A2342
:1022E000B3F1004F08BFBA42B1D103F076F8201A1B
:1022F00020EAE070ACE700BF7275020126780201A7
:10230000D05D0201C97302010064002179600201FD
:10231000D2600201E7600201CC6300210464002165
:102320001D1B0201A6600201BD60020170B50646D8
:102330000D46EFF3058474B1114940F2C643114ACA
:10234000114801F042FB114801F03FFB40F2C64149
:102350000C4801F031FBFFF75FFFB5F1FF3F08BF0D
:10236000B6F1FF3F1FBF47F6FF734FF47A72E0FBF1
:102370000234D80B0CBF4FF0FF3040EA444070BD30
:102380007275020126780201D05D0201C973020153
:1023900038B50446EFF31185402383F31288BFF369
:1023A0006F8F204800F036FB68B984231E4A1F490E
:1023B0001F4801F00AFB1B491E4801F006FB84215F
:1023C000194801F0F9FA174800F048FB237C5B0735
:1023D00010D504F1180000F053FC237C204623F0B4
:1023E00004032374FFF7C2F92946BDE838400D48BD
:1023F000FFF7B6BA0B4800F01BFB68B94FF49973AE
:10240000094A0D490A4801F0E0FA06490B4801F073
:10241000DCFA4FF49971D3E785F31188BFF36F8F1E
:1024200038BD00BF0064002179600201D260020162
:10243000D05D0201E7600201A6600201BD600201F9
:10244000014B9868704700BFCC6300212DE9F84329
:1024500004468789EFF31185402383F31288BFF385
:102460006F8F824800F0D6FA68B98423804A814988
:10247000814801F0AAFA7D49804801F0A6FA84213A
:102480007B4801F099FA794800F0E8FA237C1807B4
:1024900017D5764800F0CCFA68B94FF49973744AAE
:1024A0007749754801F091FA7049764801F08DFA44
:1024B0004FF49971E4E785F31188BFF36F8FBDE89E
:1024C000F883D90943F0080240F083802274A3689E
:1024D00013B12046FFF78AFA04F1180000F0D0FB90
:1024E000A66D04F15808B04511D04FF0000976B13F
:1024F0003046FFF77BFA06F1180000F0C1FB3046CA
:10250000C6F88090FFF732F9A66DB045EFD1DFF83D
:102510007881D8F808309C427AD1EFF30589B9F177
:10252000000918BF4FF00109D8F81860574A9642C1
:1025300000D00EB9D8F80C60B34202D0304600F09B
:10254000E3F92046C8F8146001F06CFDB9F1000F02
:1025500002D04F48FFF7FAF8D8F808309C426AD109
:10256000EFF30586002E66D1A389DA071FD53F4811
:1025700000F05EFA002890D085F31188BFF36F8FCA
:1025800086F31188BFF36F8F0423184602DFEFF341
:102590001185402383F31288BFF36F8F334800F017
:1025A00039FA00283FF461AF304800F057FA2F485D
:1025B00000F03EFA78BB40F26D132D4A30492E48A8
:1025C00001F003FA29492F4801F0FFF940F26D119B
:1025D00056E7304A03F07F0343F008039442237424
:1025E00008D12D495A232D4A234801F0EEF95A21EA
:1025F0002A4846E7D90707D529495B23274A1E48B9
:1026000001F0E3F95B21F3E7204602F074FE5EE798
:102610004FF0000988E72846FFF76EF921494FF48B
:10262000EE731E4A144801F0D0F91F4801F0CDF9AD
:102630004FF4EE71DCE70D4800F0FAF900283FF4A2
:102640002CAF85F31188BFF36F8FFB077FF537AF92
:1026500040F2A253114A1549074801F0B6F9214644
:10266000134801F0B2F940F2A251C1E70064002121
:1026700079600201D2600201D05D0201E7600201CF
:10268000A6600201BD600201CC630021E463002169
:1026900048600021385F0021487802012678020155
:1026A000BC7802012B7A0201367A0201587A0201C3
:1026B000637A02012DE9F843064688461746EFF390
:1026C0001189402383F31288BFF36F8F214800F0F4
:1026D000A1F9054668B984231F4A2049204801F022
:1026E00074F91C491F4801F070F984211A4801F05F
:1026F00063F9184800F0B2F93468A6421FD004B359
:102700002046C4F880806761FFF770F904F1180073
:1027100000F0B6FA2046FFF729F80E4800F088F9D5
:1027200088B94FF499730C4A0F490D4801F04DF9DF
:1027300008490E4801F049F94FF49971D6E7002590
:10274000EBE72546E9E789F31188BFF36F8F284649
:10275000BDE8F8830064002179600201D2600201C3
:10276000D05D0201E7600201A6600201BD600201C6
:10277000D3B5DDE90667089CCDE90067FFF716FAD7
:102780001CB1034B9B685B69236002B0D0BD00BFE6
:10279000CC6300212DE9F0470546884616461F46C2
:1027A000EFF31189402383F31288BFF36F8F28481A
:1027B00000F030F968B98423264A2749274801F0F8
:1027C00004F92349264801F000F98421214801F049
:1027D000F3F81F4800F042F92868854208D038B164
:1027E0006B6898420CBF4FF0000AD0F800A0B0B957
:1027F000002416B139462046B047154800F018F9B4
:10280000F8B94FF49973134A1649144801F0DDF8EA
:102810000F49154801F0D9F84FF49971D6E73946B8
:10282000C04704460028E4D1BAF1000F07D06B6816
:10283000534501D0DAF800405046A246D7E7544647
:10284000FAE789F31188BFF36F8F2046BDE8F08760
:102850000064002179600201D2600201D05D0201B2
:10286000E7600201A6600201BD600201027C03462E
:1028700012F01F0210D10A4988420DD00949086898
:1028800068B1D9897F2909D893F90E20064B1B68B6
:102890009A42B8BF0020704700207047104670472A
:1028A000385F0021980200210864002108B568B152
:1028B0000F4B98420AD303F11802904206D2182215
:1028C000C01AB0FBF2F302FB13034BB109490A48EB
:1028D0003F230A4A01F079F83F21084801F06CF8DB
:1028E0000122074BC0105843064B1A5408BD00BFC5
:1028F000D0600021A97A0201D05D0201817A020133
:10290000ABAAAAAAAC64002170B50C4B0C4D1E7C7E
:10291000FFF7ACFF182303FB06550446284600F0DA
:10292000AFF90022074B9A553CB1621E2846BDE81C
:1029300070400549D31700F0C7B870BDCC630021C3
:10294000D0600021AC640021AD28020138B5EFF35E
:102950001185402383F31288BFF36F8F234800F063
:1029600059F868B98423224A2249234801F02DF8F6
:102970001E49224801F029F884211D4801F01CF865
:102980001A4800F06BF81E4B1E4A9C681068A04263
:1029900013D1FFF7B9FF154800F04AF800BB4FF418
:1029A0009973134A1849144801F00FF80F49174852
:1029B00001F00BF84FF49971DFE700211B7C1160E7
:1029C000134AD35C002BE6D02046FFF74FFF0028C8
:1029D000E1D0237CDB0601D1FFF724F82046D8E7BD
:1029E00085F31188BFF36F8F38BD00BF00640021ED
:1029F00079600201D2600201D05D0201E76002014C
:102A0000CC63002104640021A6600201BD600201C4
:102A1000AC640021006838B1044B00F003001B7C5B
:102A2000C01A18BF0120704701207047CC630021F5
:102A3000002302680360EFF30581074B986811B12A
:102A4000017CC90705D41B7C1843831A584258419E
:102A500070470120704700BFCC630021024B1A7CF5
:102A60009B68134303607047CC630021024B1868D6
:102A7000984208BF002070479C020021034B1B684E
:102A80000BB9FAF7FBBC0020704700BF0C640021B3
:102A900030B570B10B4B5B6898420AD0036843B104
:102AA000D3E90421D0E90445121941EB0501C3E93A
:102AB0000421D0E9003213605A600023C0E90033DA
:102AC00030BD00BF9C020021B3F1FF3F08BFB2F14F
:102AD000FF3F2DE9F84F04469B4615461F4600F080
:102AE000B280D0F80090B9F1000F0CD057496423A0
:102AF000574A584800F069FF574800F066FF6421C4
:102B0000534800F059FF8160EFF31188402383F3AD
:102B10001288BFF36F8F5148FFF77CFF824660B980
:102B200084234F4A4F494B4800F04FFF4B494E48D2
:102B300000F04BFF84214A48E3E74848FFF78EFF47
:102B4000BBF1000F494A1FDBFFF798FF064601352E
:102B50004BF1000B454A2D184BEBE073D2E90017FF
:102B6000C4E904536D1843EB0707FFF77FFF0346E3
:102B7000DFF8FCE0DEF80490EBB9C4E900E9C9F83D
:102B80000040CEF8044028E06FF00103D2E90012C3
:102B90005B1A4FF0FF3161EB02025B1B62EB0B0231
:102BA000012B72F10001BCBF01234A464FF0000A1D
:102BB000C4E90432D9E7D3E9041CD4E904208A42E9
:102BC00070EB0C0B2EDA891A5A686CEB0000C3E923
:102BD0000410C4E9003214605C60FFF747FF8442D0
:102BE0000ED1244B1B685BB9BAF1000F02D1FFF77D
:102BF00045FF0646304602F0D9FB0021FAF718FCE3
:102C00001648FFF715FFB0B94FF49973144A1A49E3
:102C1000104800F0DAFE1149184800F0D6FE4FF4D3
:102C2000997188E7521A60EB0C004B45C4E9042007
:102C3000A3D01B68A0E788F31188BFF36F8F2846E5
:102C40003946BDE8F88F00252F46F8E7787C020169
:102C5000547C0201D05D0201C9730201106400219D
:102C600079600201D2600201E7600201E8600021A0
:102C70009C0200210C640021A6600201BD600201DB
:102C800070B50446EFF31186402383F31288BFF337
:102C90006F8F2A48FFF7BEFE68B98423284A294966
:102CA000294800F092FE2549284800F08EFE842134
:102CB000234800F081FE2148FFF7D0FE23683BB394
:102CC000FFF7D4FE05462046FFF7E2FE00224FF054
:102CD0000043A542C4E9042312D000241748FFF79B
:102CE000A7FE20BB4FF49973154A1949164800F006
:102CF0006CFE1249174800F068FE4FF49971D7E74F
:102D0000FFF7BCFE02F052FB0021FAF791FBE4E76B
:102D1000D4E90423B3F1004F08BF012A04D10022F3
:102D20004FF00043C4E904236FF01504D6E786F39F
:102D30001188BFF36F8F204670BD00BF1064002163
:102D400079600201D2600201D05D0201E7600201F8
:102D5000A6600201BD6002012DE9F047DFF8049191
:102D60000246C9F80000FFF781FE884604460026A7
:102D70000027DFF8F4A04FEAE27CDAE9001354B14F
:102D8000D4E90450AA427CEB000E1EDAAD1A60EBC7
:102D90000C00C4E904500024521843EB0C032046F5
:102DA000CAE90023C9F8004002F000FB2146FAF707
:102DB0003FFB2E48FFF73CFED0B188F31188BFF3EC
:102DC0006F8FBDE8F047FFF7C1BD691843EBE573AE
:102DD0002046C4E90467CAE90013FFF759FE01223F
:102DE0004FF000432148C4E90423FFF721FE78B9DE
:102DF0004FF499731E4A1F491F4800F0E6FD1B4916
:102E00001E4800F0E2FD4FF49971194800F0D4FD1E
:102E100088F31188BFF36F8F2046A3689847EFF3BC
:102E20001188402383F31288BFF36F8F0F48FFF799
:102E3000F1FD58B984230E4A11490F4800F0C5FD31
:102E40000A49104800F0C1FD8421DEE70748FFF77A
:102E500005FED9F80020521BC9F80020FFF706FE36
:102E6000044688E70C640021E8600021106400211A
:102E700079600201A6600201D05D0201BD6002011D
:102E8000D2600201E760020110B5EFF31184402324
:102E900083F31288BFF36F8F0B48FFF7BBFD68B950
:102EA00084230A4A0A490B4800F08FFD06490A4864
:102EB00000F08BFD8421054800F07EFD0248FFF7FD
:102EC000CDFD204610BD00BF1064002179600201D5
:102ED000D2600201D05D0201E760020170B5EFF33C
:102EE0001186402383F31288BFF36F8F1A48FFF7D0
:102EF00091FD68B98423194A19491A4800F065FD03
:102F00001549194800F061FD8421144800F054FD72
:102F10001148FFF7A3FDFFF7B1FD144AD2E90045C0
:102F2000041945EBE0750C48FFF782FD68B94FF4D2
:102F300099730A4A0E490B4800F047FD06490D48AF
:102F400000F043FD4FF49971DFE786F31188BFF37A
:102F50006F8F2046294670BD106400217960020100
:102F6000D2600201D05D0201E7600201E860002149
:102F7000A6600201BD6002012DE9F74305460C463B
:102F8000914600F10C06EFF31188402383F3128879
:102F9000BFF36F8F3046FFF73DFD68B98423164AB3
:102FA0001649174800F011FD3146164800F00DFD96
:102FB0008421114800F000FD3046FFF74FFDAB685B
:102FC00028465C4004EA090203EA0907534000224C
:102FD00000930D496B460192FFF7DCFBDDE90032FF
:102FE00023EA020330464146AB6002F0C6F9384698
:102FF00003B0BDE8F08300BF79600201D260020136
:10300000D05D0201E76002016F5402012DE9F84F23
:103010004F1E0F4206460D469A460BD02F491823E5
:103020002F4A304800F0D1FC2F4800F0CEFC182188
:103030002B481CE0141D4DD241F0040B00F1140884
:10304000EFF31189402383F31288BFF36F8F40465B
:10305000FFF7E0FC68B98423244A2549214800F0A1
:10306000B4FC4146234800F0B0FC84211F4800F026
:10307000A3FC4046FFF7F2FC224659463046D047B3
:1030800004464046FFF7D4FC68B94FF49973174AD9
:103090001949144800F099FC4146184800F095FC85
:1030A0004FF49971E2E789F31188BFF36F8F8CB108
:1030B00044F8046B7DB13C420DD03523084A1049D9
:1030C000084800F082FC21462A460E4800F07DFCAC
:1030D0003521ADE700242046BDE8F88F805E02016F
:1030E000987C0201D05D02019B5E020179600201C1
:1030F000D2600201E7600201A6600201BD60020128
:10310000BC7C0201EE7C02012DE9F04105460E4631
:10311000174602F0E7F828B9074B9B685C6F14B9B3
:10312000BDE8F081054C3B46324629462046BDE8C5
:10313000F041FFF76BBF00BFCC630021B402002158
:1031400002460021014B0248FFF760BF953902019A
:10315000B4020021014B4367704700BFB402002155
:103160000146024A0020FFF7CFBF00BF9539020198
:1031700007B5074B4FF40062009306494FF0FF3349
:103180000548FEF78BF8002003B05DF804FB00BF94
:103190005C5D020100A60021F06000212DE9F04FE6
:1031A00043688BB080469246009383789C0740F139
:1031B000F98000250878002800F0F68025280AD03C
:1031C0004B1C019301354146009B98470028C0F2F3
:1031D000E3800199EEE74E788B1C252E0193F1D008
:1031E00000270A22B9463C461F2C22D8A6F120030C
:1031F000102B20D8DFE803F0141F1F1A1F1F1F0B0E
:103200001F1F1F121F171F1F090044F00104019BFD
:1032100013F8016B0193002EE6D13AE044F002046A
:1032200044F00404F3E744F00804F0E744F0100429
:10323000EDE77F2C24D8A6F13003092B08D86006CF
:103240004EBF02FB073744F0200402FB0939DEE7DA
:103250002A2E0DD161065AF8043B53D4002BA7BF88
:1032600044F020049946C3F1000944F02804CEE755
:103270002E2E05D1630600F1978044F04004C6E786
:103280006C2E2ED028D8682E32D06A2E37D04C2EF5
:1032900035D0002F46F02003B8BF24F04004A3F13E
:1032A0006502BCBF0027A4B2022A01D9612B2BD131
:1032B0000AF1070A07279D4E2AF0070A0AF1080AB1
:1032C000210760D506EB070B34465C455DD1AE1B8C
:1032D000A9EB0709A21959E1742E98D07A2E96D03D
:1032E000D7E7260648BF44F4007444F080048EE714
:1032F000E00548BF44F4007444F4807487E744F464
:10330000207484E71F4682E7A6F16302122A00F2C6
:10331000D880DFE812F013004D00D600D600D600AA
:10332000D6004D00D600D600D600D600D600E80064
:10333000D100D600D6001A00D600A0005AF8043BEF
:10334000012704AE8DF81030BAE75AF8046B784BB9
:10335000002E08BF1E4614F0400F304614BF3946F9
:103360004FF0FF3102F0E9F80746A9E74146202077
:10337000009B984700280FDB013CA742F6D34D4441
:10338000A1462D1B9EE74C46F7E7414614F8010B7A
:10339000009B9847002898DA98F8023043F004031D
:1033A00088F802304FF0FF3528460BB0BDE8F08FAB
:1033B000220630D5A3052AD50AF1070A2AF0070309
:1033C0009A4659685AF8080B24F0100B00291FFA86
:1033D0008BFB2FDA40424BF4806B61EB410104AC74
:1033E0000A23224602F0B5F81BF0400FA0EB0402BE
:1033F00000F08E802BF001049742A4B240F38F803E
:10340000002E40F08E802BF01104A4B21DE05AF87B
:10341000040BC117D8E7E0055AF8041B01D408468D
:10342000F7E7A20547BF48B241F3C01108B241F324
:10343000C031C9E750EA0103D1D16306CFD5002FCF
:10344000CDD124F011043A46A4B23B4640F20641E5
:103450000C4262D124E024F010040A23A4B214F038
:10346000800243D014F4007117BF0AF1070A5AF81A
:10347000040B2AF0070292461CBF51685AF8080B49
:1034800050EA01023ED124F0160B62061FFA8BFBB4
:103490003CD5002F3AD124F017043A463B46A4B25B
:1034A00021075AD4E10705D5994572DDA9EB03033D
:1034B0009F184B469B464AE044F0100410237826A0
:1034C000CDE7782B04D1C6F1780343F01003C6E7AB
:1034D00041462520009B98470028FFF65DAF023546
:1034E0004146304670E608230026B8E714F48071A0
:1034F0005AF8040BC4D014F400711ABFC0B21146BC
:1035000080B2BDE724F006041FFA84FB04AC68E730
:1035100013465C46E10699D52EB90133C0E7134640
:10352000F8E73B46F6E70233BAE700BF4B7D0201FE
:10353000447D0201CDE9023241462020009B98479C
:103540000028FFF629AF0BF1010BDDE90232D94566
:10355000F0DCEB1A03EB0B055B46E10627D5414691
:103560003020CDE90232009B98470028FFF614AFC7
:10357000DDE902327EB901352F44791B8A4229DB0D
:10358000144604AE94BB2A44A9EB030915469144A2
:1035900040E017468EE7023541463046CDE902321B
:1035A000009B98470028DDE90232E5DAF4E640F2B4
:1035B00006410C42E0D014F0020F05F1010541462E
:1035C00014BF2B20202014F4806FCDE9023218BFE5
:1035D0002D20E5E7CDE902324146009B3020013540
:1035E00098470028DDE90232C7DAD5E6013C4146BA
:1035F000CDE90232305D009B98470028DDE90232B8
:10360000C0DAC9E641462020009B013598470028D2
:10361000FFF6C2AEA9EB0503002BF3DCD9E500BF32
:103620007047EFF31183402383F31288BFF36F8F4A
:10363000FEE708B5F6F796FB10B110F1580F06D16A
:10364000F6F7AEFB10F1580F02D00028F8D008BDF5
:103650000020FCE700EBC10040884008704708B537
:10366000FFF7F8FF084408BDF0B5034600EBC100C2
:10367000C588161DA94209D101219140DA6822EAC4
:103680000102DA60002243F82620F0BD8788EA00B4
:10369000FC000634185B0432814202D1985A814200
:1036A00007D0002181F31188BFF36F8F04210846F2
:1036B00002DF43F826501D539F52E6E708B5034644
:1036C000FFF7C8FFB0FA80F21846BDE80840C2F123
:1036D0001F02FFF7C9BFF8B50346FFF7BBFFB0FAFB
:1036E00080F0C0F11F0003EB800CDCF81060CA0012
:1036F000171D0C4606328DB256B9012101FA00F0B1
:10370000D9680143D960CCF81040DD539D52F8BD13
:10371000F100043133F801C04FEACC040634185BE1
:10372000864208D0002080F31188BFF36F8F4FF0DE
:10373000040E704602DF23F807C09E521D535D52EF
:10374000E5E710B500EBC1035B880446DB070A46DA
:103750000ED4FFF784FF34F83030C01A814207D10D
:1037600034F831102046511AFFF779FF824207D012
:10377000002383F31188BFF36F8F0423184602DF01
:1037800010BD2DE9F843B1FA81F3C3F11F0800EB36
:103790008809D9F8106005460A46A6B94FF0FF34EB
:1037A000C3F120039C40EB681C401CD094FAA4F6A3
:1037B000B6FA86F6331D55F8234028462146FFF712
:1037C000C0FF32460BE03446032721462846FFF768
:1037D00041FF90420AD32846FFF7B3FF42462146F5
:1037E0002846FFF741FF2046BDE8F88305EBC404F7
:1037F000E488013FC9F81040D0D0A642E5D1CDE71A
:1038000038B50446FFF726FF0D460346114620460D
:10381000FFF720FF1A1892B2530004EBC5052046AB
:103820006B80FFF71CFF24F8302038BD70B50B46C5
:103830000546FFF70FFF511A89B205EBC3049B1A27
:1038400003444E0066809CB2600005EBC2035880C2
:1038500025F8321028461146FFF701FF25F83040C1
:1038600070BDF8B5002967D004680D1F2D1BEE0848
:1038700025F007056219538813F0010306D183F37D
:103880001188BFF36F8F0423184602DF31462046AC
:10389000FFF7E5FE34F83030C01A864207D0002327
:1038A00083F31188BFF36F8F0423184602DF615B37
:1038B0002046711AFFF7D3FEB04207D0002383F3EE
:1038C0001188BFF36F8F0423184602DF53883146F7
:1038D00023F0010353802046FFF7C1FE04EBC00331
:1038E0005B880746DA070CD401462046FFF729FF1C
:1038F00039462046FFF7E2FE3A4631462046FFF7BA
:103900007FFF655B751B04EBC5035B88DB070DD48C
:1039100029462046FFF715FF29462046FFF7CEFE31
:10392000324629462046FFF76BFF2E463146204699
:10393000BDE8F840FFF7CFBEF8BD70B509B900206B
:1039400070BD056801F007030B33CC0804EBD3040A
:10395000AB6828469C4228BF1C462146FFF711FF52
:1039600006460028EBD001462846FFF773FEA0422A
:1039700007D928463219FFF759FF11462846FFF7A5
:10398000AAFE05EBC60210465388043043F001033B
:103990005380D5E71146FFF7D0BF002070470FB422
:1039A00007B504A951F8040B0191F6F7B5FA03B075
:1039B0005DF804EB04B07047002383F31188BFF374
:1039C0006F8F0423184602DF70470FB407B504A9B0
:1039D00051F8040B0191F6F79FFA03B05DF804EB80
:1039E00004B07047838B13F0070306D10368002BE4
:1039F00018BF032008BF00207047022B05D1C08BE1
:103A0000B0FA80F0400980007047012B04D10368B0
:103A1000002B18BF0520EDE70020704710B50C46BD
:103A200000B111B96FF0150010BD081D00F02FF89E
:103A30000028F9D1A368032BF6D9F3E72DE9F0416B
:103A40000D4607461946281D90461E46F6F748FDC6
:103A5000044638B13346424629463846A446BDE8B6
:103A6000F0416047BDE8F08138B50C46054658B1D5
:103A700051B10B6843B14B6833B12022002101F0F2
:103A80002FFD00202C6138BD6FF01500FBE70346C9
:103A900058B1426802F00302012A03D0032A04D17C
:103AA000026812B10020986070476FF015007047EF
:103AB000704720B183682BB11B6833B118476FF092
:103AC000150070476FF0040070471846704730B417
:103AD00050B149B142B1846854B1256945B141F84A
:103AE000040B236930BC18476FF0150030BC7047D9
:103AF0006FF00400FAE730B41346044650B1006892
:103B000060B182686AB195685DB10A46AC46616889
:103B100030BC60476FF0150030BC70476FF001009B
:103B2000FAE76FF00400F7E70A46034610B458B10D
:103B3000006868B1816871B1CC6A64B18C6A54B1B3
:103B40005968234610BC18476FF0150010BC704729
:103B50006FF00100FAE76FF00400F7E70A4603464A
:103B600010B458B1006868B1816871B18C6A64B1F1
:103B7000CC6A54B15968234610BC18476FF0150041
:103B800010BC70476FF00100FAE76FF00400F7E730
:103B90000369D3F8780370476FF0850070470846D3
:103BA00008B5114618B101F0ECF8002008BD6FF01F
:103BB0000100FBE7084608B5114618B101F0D8F836
:103BC000002008BD6FF00100FBE713B5044608466E
:103BD000216901F55D71D1E8AF1F022909D15BB1FF
:103BE00068B100931346D0E90912FBF7D1FB02B08C
:103BF00010BD6FF00F00FAE76FF04C00F7E76FF0C1
:103C00000100F4E72DE9F84315461C46DDE90823D9
:103C10000F4616469846A9B3BDB3B4B312F1010CD2
:103C200043F10001BCF1020F71F1000130D2D4F870
:103C300000C0BCF1000F09D00169D1F878138C45A0
:103C400004D96FF00B002160BDE8F883B3F1FF3FAA
:103C500008BFB2F1FF3F0CBF4FF001094FF0000960
:103C60004A462146384601F095F840B9B8F1FF3F81
:103C700008BFB6F1FF3FF3D06FF06800E4E72860BB
:103C80000020E1E76FF00100DEE76FF01500DBE7F1
:103C90006FF08500D8E701F0D2B838B50D4604467C
:103CA00000F148012846F5F785FF034630B1284664
:103CB00004F1C001F5F77EFF28B901235B4203F050
:103CC0007803E01838BD0020FCE702F52E7102F5FC
:103CD000327001F0F7BAD0F8B830A0F52E70003B82
:103CE00018BF012300EB8300D0F8A40200F0E1BF6D
:103CF000C86828B1096983681B680BB1002218479E
:103D00007047FCF743BCD0E8EF3FC0E8E21F002A51
:103D1000F9D1704710B5436804691B68C4F8703363
:103D200004F5E87001F087FA002104F55D70FFF7F3
:103D3000EAFF084610BD030103EB4003093323F0FB
:103D4000030303EBC00348430330083320F00300B0
:103D50001844400070472DE9F84306464FF001082B
:103D60000569D0F8049005F55D77D7E8EF3F022BA1
:103D700003D1C7E8E28F002AF7D141D195F86C3022
:103D8000002B40D195F8E430002B3CD12846D5F8E3
:103D9000701300F054F8044680BB73683669D3E9A9
:103DA000050183681B693BB322469847044628BB3C
:103DB000414606F53270FDF7E1FAD6F8500305F5F5
:103DC000F476F7F7B9FC3046D9F8001000F072F835
:103DD000044698B90146D022304601F081FB2146C5
:103DE0004FF4F272284601F07BFB21463846FFF77C
:103DF0008AFF2046BDE8F8836FF057040221F5E7FB
:103E00006FF07704F5E76FF00F04F2E710B508469E
:103E1000029B114652B993F86C202AB90122184628
:103E200083F86C20F6F7B4FC002010BD1A6F94687C
:103E3000002CF9D05A6FA047F6E701F000B838B56A
:103E40000D46044660B1F03001F093F90DB1002049
:103E500038BDC4F8BC51C4F8C051C4F8C451F6E729
:103E60006FF01500F4E70268D2F8C83013B1D2F849
:103E7000C41018477047704783690BB9C36B19703A
:103E80007047012070478369012B03D1C36B1878F9
:103E9000C0B270470420704738B5C41DE400204606
:103EA000FFF74EF9054618B12246002101F018FB34
:103EB000284638BD38B504463822002101F010FBF1
:103EC0001822002104F1A40001F00AFB18220021AD
:103ED00004F18C0001F004FBD4F8C000FBF70AFAEF
:103EE000D4F8BC00FBF706FAD4F8803004F154058E
:103EF0000BB12846984738220021284601F0F0FAF5
:103F0000FBF75CF9002038BDC06918B1D0E8AF0FED
:103F100000F001007047C3693BB11B692BB1DB693D
:103F20001879B0FA80F0400970470120704770B5E9
:103F3000C56904460E460DB103232B712046FFF7D9
:103F4000EAFF80B103212046B047002802DA10F1D1
:103F5000860F09D12DB920463346BDE870400121B6
:103F6000184701232B71002070BD38B5C46925683E
:103F7000A90601D4002038BDE168D9B10139E1605A
:103F80000029F7D1A3689847002803DAE3680133D2
:103F9000E360F0E701236A072371ECD52069C36968
:103FA0001B68DB0509D5FFF7E0FF236823F0040356
:103FB0002360E0E76FF07700DDE76FF00A00DAE7F3
:103FC000D0E8AF0F084100F001007047FCF798BD42
:103FD000FCF718BDC3690BB1F6F704BF184670476C
:103FE00001F07EBA01F06FBA01460068F6F7E0BF53
:103FF00008B5F7F70DF8BDE80840F7F78DBB0021CD
:104000000120F6F7D5BF08B5F7F736FBF6F7A8FF9E
:10401000F6F7B2FFF7F7D6FBFBF7D4FE836E83F318
:104020000B8870476FF08500704761B662B680F309
:104030001188BFF36F8F704708B5F8F74DF872B667
:10404000002383F31188BFF36F8F00F09FF850B106
:10405000BFF34F8F30BF00BF00BF00BF00BF00BF26
:1040600000BF00BF00BF62B6BFF36F8F08BD10B5C1
:104070000446F8F731F872B6002383F31188BFF3D2
:104080006F8F00F083F850B1BFF34F8F20BF00BF98
:1040900000BF00BF00BF00BF00BF00BF00BF84F370
:1040A0001188BFF36F8F62B610BD40E800F313F4C0
:1040B000803FD8B208BF6FF01500704730B50C686C
:1040C0004B6885B00A894D890094013B24F01F0498
:1040D000234402F01F0242EA451223F01F036946FF
:1040E0008DF808200393F7F7C7FB05B030BD704784
:1040F000416A8968F7F782BE38B50D461446114605
:10410000F7F79AFF22462946BDE8384001F0DBB9AF
:1041100010B50C460121F7F78FFF047010BD10B5E4
:10412000036801211C78F7F7A7FF204610BDF0B502
:10413000D0F80473064617F002001CBFC2F180706D
:1041400018604FF0000518BF01204FF0010C4FF42C
:10415000803E0CFA05F40C4214D00EFA05F43C42F1
:1041600010D005F5A87456F82440A41A34F07F4402
:1041700008BF4FF0807408B91C6002E01868A042C4
:10418000FAD801200135042DE3D1F0BDF8F722B8AB
:10419000F7F790BFF7F78EBF0220F8F733B9F8B5FD
:1041A000069F05460469C9B2EFF3118C402080F3E5
:1041B0001288BFF36F8F0C2606FB0146B06C00F02F
:1041C000070EBEF1010F11D1B76400268CF31188E0
:1041D000BFF36F8F46B90C2000FB0144C4E91023E4
:1041E0006B6853F8313098473046F8BD00F0C00096
:1041F00087420CBF6FF077064FF0FF36E6E713B546
:1042000080240094FFF7CBFF02B010BD0069CBB251
:1042100000EB4310002110471046FCF7F3BB00F001
:1042200077B900F076B98022F8F7A6B94FF4AF60FD
:104230007047436800205B681B690B6070474368E8
:1042400002EA01005B6821EA020198600020D9605F
:104250007047436800205B6899607047436800209E
:104260005B68D960704743685B685A6821EA02005E
:10427000114098600020D960704700207047FAF71D
:1042800029BD30B451F820500C4601EB80023DB1FD
:104290000146AC46D4F88000002330BC126C604765
:1042A00030BC704710B500690F299FBF00EB810437
:1042B00040F821202364002088BF6FF0150010BD56
:1042C00000207047102070470F290ED843685B68A4
:1042D000CB40DB0709D501228B00DBB203F182431F
:1042E00003F5903300201A6070476FF01500704797
:1042F00038B50F290C46056933D843681B68CB4095
:10430000DB072ED5D5F8841021FA04F303F001035E
:104310001AB99BB96FF0770022E0002BFAD111B9DE
:104320001220F7F743F90122D5F88430A240134355
:10433000C5F88430E0B2FAF71FFE0AE0E0B2FAF7FF
:1043400039FE0122D5F88430A24023EA0203C5F8E1
:104350008430D5F8843013B91220F7F735F90020EE
:1043600038BD6FF01500FBE708B5F8F703FF08BD8F
:10437000FFF757B910B54FF0FF304FF0FF31F9F7A5
:1043800087F8044628B9DCF705FA044618B1F9F7AE
:1043900087F8204610BDF9F783F82046F8F752F861
:1043A000F7E738B50B8A0D463BB101F10C00FFF77A
:1043B000B6FE012818D0022803D06FF0150420465D
:1043C00038BD4FF0FF304FF0FF31F9F761F8044688
:1043D0000028F4D1E868F0F7CFFE0446F9F760F85A
:1043E000ACB1F9F773F9EAE74FF0FF304FF0FF3166
:1043F000F9F74EF804460028E1D1E868F9F75AFACF
:104400000446F9F74DF8002CD9D1F9F75FF92846A1
:10441000F7F7D0FD0024D2E7F9F790B910B53222B2
:104420000021044601F05CF8202323708023A37050
:104430006FF03F0363716FF01B03A3722823A37314
:104440002223E3730423A3756FF008036376FF232D
:10445000A376E3760F232377302384F82030782364
:1044600084F82230762384F823306FF0010384F837
:104470002430402384F82D30042384F82E30E323A5
:1044800084F82530802384F82630072384F82730E9
:1044900010BD034607B5998800689B790090ADF878
:1044A00004108DF80630BDF8033068460A2B28BF8B
:1044B0000A23ADF80330E3F7ADFB03B05DF804FB6E
:1044C000684620F007018D4601B5EFF725F9BDE8F4
:1044D000014085467047684620F007018D4601B5CA
:1044E000EFF70EF9BDE8014085467047684620F0B9
:1044F00007018D4601B5FFF74BFEEFF7DBFEBDE888
:1045000001408546704708B5F5F7B7FA002008BDA9
:1045100070470020F9F73ABF7047EDF725BE034614
:1045200000201847024610B5116891B1B1FA81F325
:10453000C3F11F000123834021EA0303D2E8EF4FB8
:104540008C4204D1C2E8EC3FBCF1000FF6D1EBD1B4
:1045500010BD6FF00B00FBE710B50368CB40DB0725
:1045600010D401238B40026843EA0201D0E8EF4FE8
:10457000944204D1C0E8EC1FBCF1000FF6D1F2D197
:10458000002010BD6FF01500FBE741F00041C0F8BE
:1045900080100020704743090AD0012B0BD14FF641
:1045A000FF7300F01F0023FA00F000F001007047D5
:1045B0004FF0FF33F5E70020704710B5044608467A
:1045C000F9F7BEFF04EB4004207DC0F3401010BD9E
:1045D00010B504460846F9F7B3FF04EB4004A08A7F
:1045E00000F01C00003818BF012010BD10B50446B3
:1045F0000846F9F7A5FF04EB4004207DC0F3400016
:1046000010BD10B50446FFF7F1FF20B12046BDE80C
:104610001040FFF7D2BF10BD10B504460846F9F7A9
:104620008FFF04EB4004A08A400B10BD70B5044618
:1046300008461646F9F784FF083034F810300D4666
:10464000DA0509D5C3F3432304EBC30231462846F8
:1046500054F8333052689847A3682BB13146284646
:10466000E268BDE87040184770BD2DE9F341174678
:10467000DDE90858019001A80C461E46F9F7A4FF91
:10468000019B391E18BF012100EB8300231E18BFB8
:104690000123002E43EA41030CBF00210C21002D11
:1046A00043EA01030CBF00214FF47061B8F1000F21
:1046B00043EA01030CBF00214FF44031D0F800223F
:1046C0000B4322EA030304B124780FB13F787F0043
:1046D0001C430EB13678B6003C438DB129780902EF
:1046E0003443B8F1000F03D098F800804FEA08482F
:1046F000214341EA0801C0F8001202B0BDE8F08190
:104700002946EDE71FB50DF10F03019300238DF846
:104710000F101A4619460093FFF7A7FF05B05DF882
:1047200004FB2DE9F0470025044688462E464FF04D
:104730000109AA46D7B2AF420CD1D4F87C3133B1CB
:104740000023C4F87C31D4F87C3146F00046304672
:10475000BDE8F0872846F9F76BFFA0F580739B084A
:1047600009FA03F318EA030F05D022581AB144F8E6
:1047700000A022581E430135EDB2DCE738B50446EF
:104780000D46FFF71AFFA8B12046FFF72FFF88B9A3
:104790002046FFF741FF012322688340C2F8083317
:1047A000236803EB8000D0F8103523F00303C0F832
:1047B000103538BD2846BDE838400021FFF7A2BFBC
:1047C0002DE9F04389B0109E0446894690460021A9
:1047D000202268461F46129D00F082FE1F2E97BFC2
:1047E00001234FF0FF33B34003F1FF332361119BEB
:1047F000C4E90098C4E902766361183445B10FCD6D
:104800000FC495E80F0084E80F0009B0BDE8F083FD
:104810006D46F4E773B50468651C31D08568A9421C
:104820002ED264182CD05E18AE4288BF6B1A056A6F
:1048300035B100930523A8470346184602B070BD62
:104840002146BFF35B8F184618B142EA0104A40762
:104850000AD103280EDC013910448242EDD011F850
:10486000014F02F8014BF8E711F8014B013802F84B
:10487000014BE9E751F8044B043842F8044BE8E7F0
:104880006FF02103D9E773B50468651C31D08568E2
:10489000A9422ED264182CD05E18AE4288BF6B1A83
:1048A000456A85B92146184618B141EA0204A407B1
:1048B0000ED1032812DC013A0844814214D1BFF31F
:1048C0005B8F184602E000930523A84702B070BD35
:1048D00012F8014B013801F8014BE5E752F8044B9F
:1048E000043841F8044BE4E712F8014F01F8014B9A
:1048F000E3E76FF02100E9E773B504681D46661C25
:104900002BD08368994228D2641826D06E189E4214
:10491000866A88BF5D1A2EB105230095B0472846E8
:1049200002B070BD4FF0013021462B4650430BB111
:104930008C0707D1032B09DC0B4499420AD1BFF342
:104940005B8FECE701F8012B013BF0E741F8040B2A
:10495000043BEFE701F8012BEFE76FF02100DFE701
:104960000020704710B4046B02460B4684B9C1683E
:104970001F2998BF23FA01F4416861B1806883421E
:1049800009D21069184051F82430184410BC7047FF
:10499000234610BC18474FF0FF30F7E770B5436B64
:1049A00005460E46E3B90469621C09BF43680C4022
:1049B0001C680C1B21462846FFF7D4FF864207D00F
:1049C0002B6901331C44AB689C42F3D34FF0FF3496
:1049D0002868431C07D0AB68A34204D9204470BDAB
:1049E00098470446F4E70020F9E730B5059CC4E990
:1049F0000002039A21811989E260049A618121856C
:104A00006261D3E9002502EB0113C4E906128A1C96
:104A1000236203EB42036A1C13446D422B40636222
:104A2000836953B90139E2698B4202EB031206DB59
:104A3000002393736FF07F03D373002030BD0133E5
:104A4000D381F0E72DE9F04FB0F830A00446554689
:104A5000002685B002EB030891460E9A00EBCA03CC
:104A60001FFA88FB9A63A3F83CB008F1FF32C369D0
:104A70000F1D0192B0451ADC238D2586A3EB0B0395
:104A80002385236A61895A8801390A4003EB42036E
:104A9000A3F804A0BFF35B8F0020226A5388013380
:104AA0005380638D0133638505B0BDE8F08FE06A04
:104AB0002A0157F8041C03EB0515029303680392BF
:104AC000C91A83680837994228BF4FF0FF31FFF7B2
:104AD00049FFDDE90232985000226A6057F8082C3D
:104AE000AA60019A9642ACBF00220122B145D8BF0C
:104AF00042F00202AA810136ED89BBE7F0B550B35E
:104B0000456A448E6B88A34230D0631C4386438938
:104B1000BFF35B8F013B1C4005EBC4056B689EB285
:104B200009B1AD680D60D0F81CC09BB20CEB03114D
:104B300000EBC3039D8F078D2F44013D07859D87A3
:104B40008D896F070ED5058ECD8100210686986B65
:104B5000996302B11480F0BD9D8FC989013D0CEBB2
:104B600001119D878D89ED07F6D4ECE70020F2E76F
:104B7000C36903EB011398687047C3690901595869
:104B8000C06AFFF70BBF70B5BFF35B8F0D46016ABC
:104B90001646838E4A8804469A4212D05A1C828650
:104BA0004289013A134001EB43018988298089B287
:104BB000FFF7E3FF2A88E36903EB02139B68336086
:104BC00070BD0020FCE710B502689369126992007D
:104BD00017D543B9438E026A81694489013B1B1B87
:104BE00002EB4102938003689B69012B08D1838EFD
:104BF000426A81694089013B1B1A02EBC102938022
:104C000010BD23B9026A138843F0010313800368BF
:104C10009B69012B01BF426A138843F00103138093
:104C2000EEE710B5BFF35B8F026804469369126923
:104C300092001AD57BB9036A426A5B888169013B9D
:104C400002EBC10292889B1A628D9BB29A4214D8E1
:104C50000023638510BD012BFAD1436A026A5B8889
:104C60008169013B02EB4102ECE763B9436A1B88AF
:104C7000DB4303F00103002BEAD06369002BE7D08C
:104C800020469847E4E7012BE2D1036AEFE7036A85
:104C9000828E598891420AD0418901390A4003EB3A
:104CA00042039A88C36903EB021398687047002097
:104CB0007047BFF35B8FC36803B1184770474FF06D
:104CC000FF324FF0FF33FBF71BBF10B1C36A013354
:104CD000C362704738B1C26A013AC2621AB9026B44
:104CE00002B110470262704770B50446056A05F1CB
:104CF00064063046FFF7E3FF636AA3F580637F2B0A
:104D00000BD801225909503503F01F039A4055F87A
:104D1000213023EA020345F82130D4E90F124A601A
:104D2000E16B04F13C0311602046C4E90F33FFF747
:104D3000D1FF3046BDE87040FBF764BE10B5436A52
:104D40008CB00A932023044602460B9102A8194610
:104D500000F023FA28230122CDE900322046352233
:104D6000616A02ABFAF7FEFA00EAE0700CB010BD1F
:104D700030B1006A20B119B1D0F8803003B11847C2
:104D8000704730B1006A20B119B1D0F8843003B156
:104D90001847704730B1006A20B119B1D0F8883097
:104DA00003B11847002070472DE9F84307468846AD
:104DB000154699460668B74203D100242046BDE84F
:104DC000F8836A1CA6F13C0402D0636AAB42F5D0BA
:104DD000B8F1000F10D020224146204600F088FB99
:104DE00050B9B9F1FF3F02D0A36A4B45E6D06B1C26
:104DF00002D1A36A0133E1D03668DCE770B505461D
:104E00000C461E46CAB120232046194600F0C5F9BB
:104E10000123E362049B6662A362059B25626363D0
:104E2000069BA363079B63646A6804F13C03C4E9BF
:104E30000F526B60226C136070BD0A70E8E710B50A
:104E4000044690B1036A83B102784AB193F89C306A
:104E500033B1436AB3F5806F02D30121FFF76EFFD0
:104E60002046BDE81040FFF73FBF10BD20B1036AE8
:104E700013B15B6803B11847704708B530B1036AD6
:104E80003BB1DB682BB19847002008BD6FF01500DF
:104E9000FBE76FF00500F8E77047FBF7B3BD4FF095
:104EA000FF324FF0FF33FBF72BBEF8B500F164077C
:104EB000A1F11006054638460C46FFF7F0FF3046D4
:104EC000FAF706FB80B154F8083C24F8083CD5F802
:104ED000C43044F80C3C05F1C00344F8103CC5F85C
:104EE000C46054F80C3C1E603846FFF7D6FF002023
:104EF000F8BD38B50D4600F164042046FFF7CFFF3A
:104F000055F8083C204603F5803345F8083CBDE8D9
:104F10003840FFF7C2BF2DE9F043282A89B0884600
:104F2000109D52D1D5F8B800202301688468A8EB01
:104F30000101A14228BF4FF0FF316A46FFF76AFC2A
:104F400005F16406D8F820903046FFF7A8FF4B46DD
:104F50004FF0FF3269462846FFF726FF044640B36C
:104F6000076B003F18BF0127D8F82430DB0722D594
:104F700014B14FF0FF33A36217B12046FFF7A5FE2F
:104F80003046FFF78AFF1CB1A36B0BB12046984750
:104F9000AB6F1BB14A46694628469847AFB13046C9
:104FA000FFF77DFF2046FFF795FE3046FFF775FFC0
:104FB0000BE00746D8E764B93046FFF76EFF6B6F2A
:104FC0001BB14A46694628469847002009B0BDE80B
:104FD000F083C4F82890E8E770B500F16406A1F109
:104FE000100504463046FFF75AFF2846FAF770FAD4
:104FF00038B120462946FAF74BFBD4F8B000FFF74A
:1050000010FE3046BDE87040FFF747BF10B548B10D
:1050100049B143688B4206D382680468D21A5B1A8E
:105020004360A01810BD0020FCE72DE9F3470546BA
:10503000D0F8AC000E46174618B9002002B0BDE803
:10504000F087036A002BF8D09B68002BF5D09847B7
:105050004307F2D543F69823002F18BF1F4605F1EA
:10506000640805F1C0094046FFF719FFD5F8C040B4
:105070004C4532D08CB3D4E90023536022681A60C7
:10508000C4E90044D5F8AC3021899B69ADF806101D
:1050900013B9D5F8A0303360D5F8AC309B69012B3B
:1050A00004D1D5F8B400FFF763FD30604046FFF748
:1050B000F4FE002C4BD1002FBFD0D5E92B321821A4
:1050C00012891B6B01FB0233D5F8C820AABB212033
:1050D0000021FDF72BF9013FC5E7D5F8AC30D3F837
:1050E00018A0BAF1000F1CD13146D5F8B4000DF16B
:1050F0000602FFF703FD04460028D7D1D5F8B430E7
:105100001B8D0BB90024D1E7D5F8A010D5F8BC0051
:10511000FFF77CFFD5F8A03004463360ADF806A059
:10512000C4E7BAF1010FEDD13246D5F8B4000DF164
:105130000601FFF728FD0446B8E71969284690479D
:105140006FF4FB639842C2D000288CD075E7BDF89D
:10515000063004F1100003F58033A3603368103B80
:1051600033606BE720B119B112B1C0E901220160CF
:10517000704738B5044618B938BD3C38FFF75FFEB4
:1051800020688442F9D10025D4F8AC00C4E92C553C
:10519000FFF76CFEC4F8AC50EEE7F8B50446A1B1D9
:1051A00099420E4628BF1E46751C013D05D012F8D7
:1051B000017B00F8017B002FF7D1994207D9891BA9
:1051C0004A19002100F08CF9711B0846F8BD002334
:1051D0000C4404F8013CF7E740B1C368587810F07C
:1051E00001001EBF1878B0FA80F040097047EFF355
:1051F0001183402383F31288BFF36F8FFEE708B556
:10520000FFF7F5FF10B400F10C04C0E903440024DB
:10521000446110BCF4F7E8BD13B501240094FAF71B
:105220001BFF02B010BD90F90E308B4201D0FCF78D
:1052300043BD0020704703460020C3E90033C3E9A3
:105240000200704710B5044630B10268930703D0DE
:10525000446809B100F02FF9204610BD012307B5BD
:10526000009300230A461946FBF782FA03B05DF863
:1052700004FB002307B50A4600931946FBF778FAAA
:1052800003B05DF804FB3AB18A4205D3C0E90212CB
:10529000C0E90000002070476FF01500704701233F
:1052A00002688B4022EA0303036022FA01F000F057
:1052B00001007047704720B1002294301146FDF77D
:1052C000F9B9704710B5FBF7D7FE041E08DDEFF300
:1052D0001180402383F31288BFF36F8FFCF7C6FD64
:1052E000204610BDEFF30580003818BF012070473D
:1052F0006FF057007047D0E9003213605A60002306
:10530000C0E90033704738B504460D46FCF796FAFD
:10531000237C43F002032374D5B1A5602B689D4222
:1053200009D16B68C4E900531C606C6010E06A68C6
:105330009A42F6D01B68002BF3D093F90E1094F923
:105340000E209142F3DD5A68C4E9003214605C60BB
:1053500038BD10B5037C044613F0280F0CD18368C8
:105360000BB1FCF743FB237C204623F0040323749A
:10537000BDE81040FCF7FAB910BDFCF7F1BA38B53A
:10538000054604680020AC4200D138BD002CFCD09A
:105390002046FCF72BFB04F11800FDF771FC2046BA
:1053A000FCF7E4F92C680120A542EDE708B50246B8
:1053B000FDF75CFB70B1D0E904319B1A61EBE2723E
:1053C000B3F1004F72F1000104DA002AACBF1846B5
:1053D000002008BD6FF00040FBE708B5FDF77EFD3B
:1053E00008BDB3F1FF3F08BFB2F1FF3F70B50646FD
:1053F0001D46144614D01A4316D0002B08DBFDF7C7
:105400006DFD041941EB0501C6E90041304670BD50
:105410006FF001031C1B4FF0FF3363EB0501F3E753
:105420004FF0FF342146EFE70024FBE7B3F1FF3FE5
:1054300008BFB2F1FF3FF8B5074616461C4610D02C
:1054400054EA020311D0FDF749FDB0420A46A141DA
:1054500003460AD2F31A64EB0204C7E90034384663
:10546000F8BD4FF0FF331C46F7E70023FBE710B50C
:105470000B680446D0E9180212F0010F03EA00039A
:1054800001D0984211D183B12366520748BF4A68C0
:1054900004F1180044BF1A434A60FDF7F1FB0023F2
:1054A0002046C4F88030FFF754FF002010BD4FF0B5
:1054B000FF32FDF761BD20B1011F50F8040CFAF76F
:1054C00033BD704770470A44431E914200D1704774
:1054D00010B511F8014B914203F8014FF9D110BDFD
:1054E00002440346934200D1704703F8011BF9E7D9
:1054F00010B56AB10139841810F8012B11F8013F79
:105500009A4203D1A04201D0002AF5D1D01A10BD91
:105510001046FCE70139034610B532B111F8014FCE
:10552000013A03F8014B002CF7D11A4400219342B1
:1055300000D110BD03F8011BF9E70246014410B584
:105540008A42134603D01C780132002CF8D1181A75
:1055500010BDF0B5C3F13707044603F01F03104632
:10556000FFB2082BE6B232D0102B3DD06508A4085C
:1055700045EAC17544EA81748A082D1942EB51024B
:10558000290941EA02716D1842EB1212290A41EA17
:1055900002616D1842EB1222290C41EA02416D189A
:1055A00042EB1242AD1842F10002EC0844EA4274A8
:1055B000D10804EB8402A6EB4205EDB2092D0CD90B
:1055C0000134A5F10A0541F10001EDB212E0E40851
:1055D00006F0070544EA4174C908303554EA01026F
:1055E00000F8015BBDD1F0BD240906F00F0544EAC7
:1055F00001740909092D84BFED19EDB2EDE7000032
:1056000041C30101000000000000000080560201BB
:10561000D9FE01010000000000000000C056020198
:1056200000000000A056020159E201010000000044
:10563000074502010000000000000000E0560201E2
:10564000B1D30101000000001DBD010100000000F8
:105650000000000000570201000000002057020176
:1056600031E301010000000071310201000000007F
:10567000000000004057020145AF0101000000009A
:10568000FD6A0201D85C0201F0580201A602002165
:105690002062002119C60101000000000000000086
:1056A000796C0201E85C0201B8580201AA020021EB
:1056B000C0620021F9CC010100000000B00000210F
:1056C000876C0201FC5C0201B8580201AC020021A7
:1056D000CC620021F9CC010100000000180100217A
:1056E0005E6B020100000000B0580201A802002118
:1056F0007C62002149CB0101000000000000000095
:10570000956C020160020021DC580201AE0200210A
:10571000D8620021B5D001010000000000000000A7
:10572000DC6D020100000000105D0201B0020021EA
:105730006C630021D9D501010000000000000000C9
:1057400023610201A0010021F45B0201A4020021F7
:1057500040170021153D020100000000000000007C
:1057600000000000FF3F020100000000FF3F0201B7
:1057700000000000FF3F020100000000FF3F0201A7
:1057800000000000FF3F02011B4502011F4502010E
:1057900000000000FF3F020100000000FF3F020187
:1057A00000000000FF3F02017C620021E1CB01010B
:1057B000CC0100217F42020100000000FF3F0201F6
:1057C00000000000FF3F020100000000FF3F020157
:1057D00000000000FF3F020100000000FF3F020147
:1057E00000000000FF3F020100000000FF3F020137
:1057F000F1EF01011F45020100000000FF3F02011F
:1058000000000000FF3F020100000000FF3F020116
:1058100000000000B9D1010100000000FF3F0201BB
:1058200000000000FF3F020100000000FF3F0201F6
:1058300000000000EDE2010100000000FF3F020156
:1058400000000000FF3F020100000000FF3F0201D6
:10585000B8160021B06A002100020000559C010129
:105860000000000000000000000000000700000031
:10587000000000004D5E020100000000000000007A
:1058800030160021B0640021000600002D9C0101AB
:105890000000000000000000000000000700000001
:1058A00000000000405E0201000000000000000057
:0858B000CDCA0101F1C901019B
:1058B800B1CE0101334202013F42020153420201CB
:1058C8005D42020167420201A1CD010155CC0101EF
:0458D80000000000CC
:1058DC00C9420201A5420201C1420201C5420201B4
:0458EC00F142020182
:1058F00071C6010127420201FF41020100000000C0
:0C59000041C50101000000000000000093
:10590C00FDF1010106000000000200000002000091
:10591C0000000000252627000102030328040000D4
:10592C0090420000BE1100004C010000E80B00008A
:10593C0086040000010203030102030301010002BB
:10594C000700010204010001000001010000010038
:10595C00010000010001000000000000020B00002B
:10596C0001000B0002000A00050009000A000800F3
:10597C00140007001E000600320005004B00040056
:10598C006400030096000200FA000100F40100001C
:10599C000102030302030001F401FA009600640003
:1059AC004B0032001E0014000A000500020001002A
:1059BC000C0802170D010102090901010602091860
:1059CC0018030101090983838503020123020224C0
:1059DC000910040405050B0B040B2B1B1B159A9AC1
:1059EC001C021D16130501490D150508061B1B0F7E
:1059FC0001010000FEFEFEFEFEFEFEFEFEFEFEFEB1
:105A0C00FEFEFEFEFEFEFEFEFE16FEFEFEFEFEFE92
:105A1C00FEFEFEFEFEFE1F1FFE26FEFEFEFEFEFE30
:105A2C00FEFEFEFEFEFEFEFEFEFEFEFE3E3EFEFE0A
:105A3C00FEFE3B3B60009006BE022C01D012CE0550
:105A4C0028049042BE1164005006AE027205DA437F
:105A5C00081300010202A301B103BF05EF024906BE
:105A6C00A309C505F50B251201020303010203036B
:105A7C00010204010203030028049042BE117205C6
:105A8C00DA4308132C00D002CE0104401000280485
:105A9C009042BE112C00D002CE01B400500BEE038C
:105AAC0064005006AE02B400500BEE030102030377
:105ABC0028049042BE1128049042BE110102030337
:105ACC0000010202010000000700000000000000BD
:105ADC0000000000000000000406080A0C0E101262
:105AEC001416181C1E20222426282A2C2E30323460
:105AFC0036383A3C3E40424446484A4C4E021A50D4
:105B0C0000000000280000001800000050010000F8
:105B1C005001000000000000141E000030110000B5
:105B2C003C730000B45F0000B80BD0076C396C39C3
:105B3C000000000070170000A00F00003C280000BF
:105B4C003C2800000000DC05E803D417000000002E
:105B5C00000000000000000000000000141E000007
:105B6C003011000060EA000060EA000000002CA682
:105B7C00E0A120A820A80000000000000000000008
:105B8C0000003408E803280A280A0000000000007E
:105B9C0000000000E3A3C300010200050400080894
:105BAC0000000000000000000000000000000000E9
:105BBC0000000000000001010101020202020303C7
:105BCC0003030405060708090A0B0C0D0E0FD8EC8D
:105BDC00F0F4F8F9FAFBFCFDFEFF000102030010E3
:105BEC000200FA000000000065A50101573D02010A
:105BFC00C1A70101000000000DA80101FDA80101D1
:105C0C00913B0201053C0201993B0201CB3B020195
:105C1C00B53B02019F3B02010000000000000000A8
:105C2C00873E0201793E0201833E0201773E02016A
:105C3C000000000000000000000000000000000058
:105C4C00673E020100000021000000000600010078
:105C5C0002000000645C0201000000013D690201C9
:105C6C0006000000E0FF030100000021456902016D
:105C7C0021000000E0FF0021A9BD0101000000008F
:105C8C00EF400201845C0201A05C020120000000D4
:105C9C000000000000B00021845C0201B45C020131
:105CAC00450000000000000088B10021845C020166
:105CBC00C85C0201470000000000000088B500210C
:105CCC0005C50101F1C50101000000007DC70101FE
:105CDC00A1C60101234202011F420201FFFF000085
:105CEC0000088C41CC0100210000000001000000E4
:105CFC00FFFFFFFF00058C41CC01002100000000DC
:105D0C0000000000ADD4010175430201A343020160
:105D1C00080000000300000098700201AB70020143
:105D2C00BE700201D1700201E4700201F770020131
:105D3C000A7102011D71020100560201085602018E
:105D4C004056020148560201785602018056020163
:105D5C00167D020100010000881300006472616767
:105D6C006F6F6E2F6C6962732F73636865642F732A
:105D7C0072632F73636865645F68616C5F727463D0
:105D8C002E6300574553545F544F504449522F6E65
:105D9C0072662F6170706C69636174696F6E732FBA
:105DAC006970635F726164696F2F7372632F6274C1
:105DBC005F6863695F6970632E6300657272203D72
:105DCC003D203000415353455254494F4E204641DB
:105DDC00494C205B25735D20402025733A25640ACD
:105DEC0000094661696C656420746F2070757420BD
:105DFC006461746120696E746F206D7367713A20F1
:105E0C0025642E0A00094661696C656420746F2054
:105E1C0067657420646174612066726F6D206D73A8
:105E2C0067713A2025642E0A006E72665F62745F99
:105E3C006863690074785F7468726561645F696433
:105E4C000071756575655F7468726561645F69641E
:105E5C0000574553545F544F504449522F7A657044
:105E6C006879722F6C69622F686561702F68656143
:105E7C00702E630028616C69676E20262028616C87
:105E8C0069676E202D20312929203D3D20300009E5
:105E9C00616C69676E206D7573742062652061207A
:105EAC00706F776572206F6620320A0062797465B4
:105EBC0073202F203855203C3D203078376666669D
:105ECC00550009686561702073697A6520697320D3
:105EDC00746F6F206269670A006279746573203E83
:105EEC0020686561705F666F6F7465725F6279744C
:105EFC00657328627974657329000968656170207F
:105F0C0073697A6520697320746F6F20736D616C8F
:105F1C006C0A00686561705F737A203E2063687557
:105F2C006E6B737A2873697A656F662873747275F1
:105F3C006374207A5F686561702929006368756EE7
:105F4C006B305F73697A65202B206D696E5F6368B7
:105F5C00756E6B5F73697A65286829203C3D2068F3
:105F6C006561705F737A00574553545F544F5044CA
:105F7C0049522F7A65706879722F696E636C7564FB
:105F8C00652F7A65706879722F6B65726E656C2EF1
:105F9C006800216B5F69735F7072655F6B65726E11
:105FAC00656C282900096B5F63757272656E745F8E
:105FBC006765742063616C6C6564207072652D6B11
:105FCC0065726E656C0A00574553545F544F5044CC
:105FDC0049522F7A65706879722F6C69622F7574CB
:105FEC00696C732F6F6E6F66662E630073746174C9
:105FFC0065203D3D20305500217379735F736C69CA
:10600C0073745F69735F656D70747928266D677240
:10601C002D3E636C69656E747329007472616E73C6
:10602C00697420213D202828766F6964202A293044
:10603C0029007374617465203D3D202831554C2036
:10604C003C3C2028312929006D67722D3E72656613
:10605C0073203D3D2030007374617465203D3D20FC
:10606C002831554C203C3C202830292900574553D9
:10607C00545F544F504449522F7A65706879722F8F
:10608C00696E636C7564652F7A65706879722F73AD
:10609C0070696E6C6F636B2E68007A5F7370696EDB
:1060AC005F756E6C6F636B5F76616C6964286C29CD
:1060BC0000094E6F74206D79207370696E6C6F637C
:1060CC006B2025700A007A5F7370696E5F6C6F636A
:1060DC006B5F76616C6964286C290009496E766186
:1060EC006C6964207370696E6C6F636B2025700A29
:1060FC0000574553545F544F504449522F7A6570A2
:10610C006879722F6C69622F7574696C732F6E6F5E
:10611C00746966792E630069706330005745535477
:10612C005F544F504449522F7A65706879722F73BF
:10613C0075627379732F706D2F6465766963655F13
:10614C0072756E74696D652E6300726574203D3DC9
:10615C0020300009436F756C64206E6F742073756A
:10616C007370656E642064657669636520282564A8
:10617C00290A002A2A2A20426F6F74696E67206EE2
:10618C00524620436F6E6E6563742053444B2076E9
:10619C00332E342E302D39393535333035353630C4
:1061AC003762202A2A2A0A002A2A2A205573696E65
:1061BC0067205A6570687972204F532076342E34DC
:1061CC002E302D62663830316534653364313920B8
:1061DC002A2A2A0A0072302F61313A202030782581
:1061EC00303878202072312F61323A2020307825D7
:1061FC00303878202072322F61333A2020307825C5
:10620C003038780A0072332F61343A2020307825E8
:10621C00303878207231322F69703A20203078254E
:10622C00303878207231342F6C723A202030782537
:10623C003038780A0020787073723A202030782534
:10624C003038780A004661756C74696E6720696E27
:10625C00737472756374696F6E20616464726573B4
:10626C007320287231352F7063293A20307825300D
:10627C0038780A00556E68616E646C65642049520A
:10628C00516E3A2025640A002A2A2A2A2A205553BC
:10629C00414745204641554C54202A2A2A2A2A0A8D
:1062AC000020204469766973696F6E206279207AC8
:1062BC0065726F0A002020556E616C69676E6564AB
:1062CC00206D656D6F7279206163636573730A006D
:1062DC002020537461636B206F766572666C6F77E8
:1062EC002028636F6E746578742061726561206E0E
:1062FC006F742076616C6964290A0020204E6F202F
:10630C00636F70726F636573736F7220696E7374F1
:10631C0072756374696F6E730A002020496C6C652A
:10632C0067616C206C6F6164206F66204558435F19
:10633C0052455455524E20696E746F2050430A00DA
:10634C002020496C6C6567616C20757365206F66E5
:10635C002074686520455053520A00202041747403
:10636C00656D707420746F20657865637574652035
:10637C00756E646566696E656420696E737472759A
:10638C006374696F6E0A002A2A2A2A2A20425553FE
:10639C00204641554C54202A2A2A2A2A0A00202019
:1063AC00537461636B696E67206572726F720A0059
:1063BC002020556E737461636B696E672065727211
:1063CC006F720A00202050726563697365206461E6
:1063DC00746120627573206572726F720A002020DE
:1063EC004246415220416464726573733A2030789E
:1063FC0025780A002020496D7072656369736520E9
:10640C006461746120627573206572726F720A0028
:10641C002020496E737472756374696F6E20627597
:10642C0073206572726F720A002A2A2A2A2A204D5A
:10643C005055204641554C54202A2A2A2A2A0A0013
:10644C002020537461636B696E67206572726F7282
:10645C002028636F6E746578742061726561206D9D
:10646C0069676874206265206E6F742076616C6950
:10647C0064290A00202044617461204163636573C0
:10648C00732056696F6C6174696F6E0A0020204D21
:10649C004D46415220416464726573733A203078E2
:1064AC0025780A002020496E737472756374696FC5
:1064BC006E204163636573732056696F6C617469F8
:1064CC006F6E0A00574553545F544F504449522F36
:1064DC007A65706879722F617263682F61726D2FA3
:1064EC00636F72652F636F727465785F6D2F666171
:1064FC00756C742E6300212828285343425F54790D
:10650C007065202A292028283078453030304530D5
:10651C003030554C29202B20307830443030554CBD
:10652C002920292D3E434653522026202831554CF4
:10653C00203C3C20283055202B203455292929007B
:10654C0009537461636B696E67206F7220446174C8
:10655C0061204163636573732056696F6C61746964
:10656C006F6E206572726F7220776974686F7574C4
:10657C0020737461636B2067756172642C20757372
:10658C0065722D6D6F6465206F72206E756C6C2D4D
:10659C00706F696E74657220646574656374696F7D
:1065AC006E0A0A00526573657276656420457863DD
:1065BC00657074696F6E20280053707572696F7501
:1065CC007320696E7465727275707420284952510B
:1065DC002000535053454C20696E207468726561DD
:1065EC0064206D6F646520646F6573206E6F74201A
:1065FC00696E646963617465205053500A00657359
:10660C006620213D202828766F6964202A293029AC
:10661C00000945534620636F756C64206E6F7420BF
:10662C006265207265747269657665642073756342
:10663C006365737366756C6C792E205368616C6C32
:10664C00206E65766572206F636375722E0A002A60
:10665C002A2A2A2A2048415244204641554C54208B
:10666C002A2A2A2A2A0A002020427573206661757C
:10667C006C74206F6E20766563746F722074616227
:10668C006C6520726561640A002020446562756740
:10669C00206576656E740A0020204661756C742046
:1066AC00657363616C6174696F6E20287365652016
:1066BC0062656C6F77290A00415243485F45584325
:1066CC00455054207769746820726561736F6E2031
:1066DC0025780A0A00094661756C7420657363613C
:1066EC006C6174696F6E20776974686F757420467D
:1066FC00535220696E666F0A0009486172644661E4
:10670C00756C7420776974686F75742048465352A1
:10671C0020696E666F205368616C6C206E657665BF
:10672C0072206F636375720A002A2A2A2A2A20446F
:10673C0065627567206D6F6E69746F722065786322
:10674C00657074696F6E202A2A2A2A2A0A002A2A5E
:10675C002A2A2A20257320256429202A2A2A2A2A33
:10676C000A00574553545F544F504449522F7A6591
:10677C00706879722F617263682F61726D2F636F0D
:10678C0072652F636F727465785F6D2F6972715FBC
:10679C006D616E6167652E63007072696F203C3DA0
:1067AC0020282831554C203C3C2028332929202DE9
:1067BC002031290009696E76616C696420707269F8
:1067CC006F7269747920256420666F7220256420AD
:1067DC00697271212076616C756573206D757374A7
:1067EC00206265206C657373207468616E20256C63
:1067FC00750A0A00574553545F544F504449522F61
:10680C007A65706879722F617263682F61726D2F6F
:10681C00636F72652F6D70752F61726D5F6D707522
:10682C002E630009436F6E6669677572696E672027
:10683C00257520737461746963204D505520726501
:10684C0067696F6E73206661696C65640A0A00097A
:10685C004D61726B696E672025752061726561737D
:10686C0020666F722064796E616D69632072656752
:10687C00696F6E73206661696C65640A0A0009525F
:10688C0065717565737420746F20636F6E666967CC
:10689C007572653A20257520726567696F6E732075
:1068AC0028737570706F727465643A202575290AA7
:1068BC000A002128726567696F6E5B6964785D2ECA
:1068CC0064745F617474722026202831554C203C0E
:1068DC003C202830292929000952414D5F4E4F4355
:1068EC004143484520776974682044545F4D454DB9
:1068FC005F434143484541424C4520617474726981
:10690C00627574650A0A00094661696C65642074D5
:10691C006F20616C6C6F63617465204D50552072F3
:10692C006567696F6E732066726F6D2044540A0A36
:10693C0000464C4153485F30005352414D5F30008C
:10694C00574553545F544F504449522F7A657068E1
:10695C0079722F6C69622F6E65745F6275662F6237
:10696C0075662E63006275662D3E667261677320D4
:10697C003D3D202828766F6964202A293029007033
:10698C006F6F6C007265715F73697A65203C3D2096
:10699C0073697A65006C6973740062756600627560
:1069AC00662D3E726566000962756620257020644E
:1069BC006F75626C6520667265650A0057455354A5
:1069CC005F544F504449522F7A65706879722F6C1E
:1069DC0069622F6E65745F6275662F6275665F7390
:1069EC00696D706C652E63006275662D3E6C656E0C
:1069FC00203D3D203055006E65745F6275665F7397
:106A0C00696D706C655F7461696C726F6F6D286213
:106A1C00756629203E3D206C656E006275662D3EC4
:106A2C006C656E203E3D206C656E00574553545F7F
:106A3C00544F504449522F7A65706879722F736F96
:106A4C00632F6E6F726469632F6E726635332F73AA
:106A5C006F632E6300574553545F544F5044495253
:106A6C002F7A65706879722F696E636C7564652F07
:106A7C007A65706879722F626C7565746F6F746863
:106A8C002F6275662E6800574553545F544F50441F
:106A9C0049522F7A65706879722F647269766572C3
:106AAC00732F636C6F636B5F636F6E74726F6C2F9D
:106ABC00636C6F636B5F636F6E74726F6C5F6E721F
:106ACC00662E630074797065203C20434C4F434B19
:106ADC005F434F4E54524F4C5F4E52465F54595089
:106AEC00455F434F554E5400657272203E3D203039
:106AFC0000636C6F636B40343130303530303000B4
:106B0C00574553545F544F504449522F7A6570681F
:106B1C0079722F647269766572732F656E74726FF9
:106B2C0070792F656E74726F70795F6E7266352E28
:106B3C00630026656E74726F70795F6E7266355F76
:106B4C0064617461203D3D206465762D3E64617402
:106B5C00610072616E646F6D4034313030393030A9
:106B6C003000574553545F544F504449522F7A6567
:106B7C00706879722F696E636C7564652F7A6570B5
:106B8C006879722F647269766572732F6770696F9A
:106B9C002F6770696F5F7574696C732E6800636121
:106BAC006C6C6261636B00094E6F2063616C6C628C
:106BBC0061636B210A0063616C6C6261636B2D3ED7
:106BCC0068616E646C657200094E6F2063616C6C59
:106BDC006261636B2068616E646C6572210A005798
:106BEC004553545F544F504449522F6D6F64756C2C
:106BFC0065732F68616C2F6E6F726469632F6E7290
:106C0C0066782F68616C2F6E72665F6770696F2E85
:106C1C0068006E72665F6770696F5F70696E5F7037
:106C2C00726573656E745F636865636B282A705F49
:106C3C0070696E2900574553545F544F5044495264
:106C4C002F7A65706879722F647269766572732F0A
:106C5C006770696F2F6770696F5F6E7266782E63ED
:106C6C000063622D3E68616E646C657200677069CA
:106C7C006F403431386330383030006770696F40A2
:106C8C003431386330353030006D626F78403431D8
:106C9C0030313230303000574553545F544F5044EC
:106CAC0049522F7A65706879722F696E636C7564BE
:106CBC00652F7A65706879722F6472697665727364
:106CCC002F656E74726F70792E68006170692D3E3D
:106CDC006765745F656E74726F707920213D202832
:106CEC0028766F6964202A293029000943616C6C6D
:106CFC006261636B20706F696E7465722073686F6C
:106D0C00756C64206E6F74206265204E554C4C0A75
:106D1C0000574553545F544F504449522F6E72667E
:106D2C002F7375627379732F626C7565746F6F74E2
:106D3C00682F636F6E74726F6C6C65722F68636909
:106D4C005F6472697665722E63000954686520650C
:106D5C006E74726F707920736F75726365207265D3
:106D6C007475726E656420616E206572726F72202C
:106D7C00696E206120626C6F636B696E6720636162
:106D8C006C6C0A00574553545F544F504449522F72
:106D9C006E72662F696E636C7564652F6D70736CA3
:106DAC002F6D70736C5F776F726B2E6800096B5F61
:106DBC00776F726B5F7375626D69745F746F5F71FF
:106DCC00756575652829206661696C65642E0A00F5
:106DDC0062745F6863695F73646300574553545F03
:106DEC00544F504449522F6E72662F7375627379EB
:106DFC00732F6D70736C2F696E69742F6D70736C5B
:106E0C005F696E69742E6300094D50534C204153D9
:106E1C00534552543A2025732C2025640A0A0065E8
:106E2C007272636F6465203D3D2030004D50534CB1
:106E3C0020576F726B00574553545F544F50444961
:106E4C00522F6E72662F647269766572732F6D7035
:106E5C00736C2F636C6F636B5F636F6E74726F6CAC
:106E6C002F6E7266785F636C6F636B5F6D70736CA3
:106E7C002E6300094E6F7420737570706F72746599
:106E8C00640A00574553545F544F504449522F6D78
:106E9C006F64756C65732F68616C2F6E6F726469AB
:106EAC00632F6E7266782F68656C706572732F6EC7
:106EBC007266785F677070695F647070692E6300CA
:106ECC00705F6770706920213D202828766F696497
:106EDC00202A29302900574553545F544F504449B8
:106EEC00522F6D6F64756C65732F68616C2F6E6FAC
:106EFC00726469632F6E7266782F6472697665723C
:106F0C00732F7372632F6E7266785F6770696F741C
:106F1C00652E6300574553545F544F504449522FCC
:106F2C006D6F64756C65732F68616C2F6E6F726416
:106F3C0069632F6E7266782F68616C2F6E72665F54
:106F4C006770696F74652E6800696E646578203CA3
:106F5C00203800705F696E7374616E636500705FDA
:106F6C006368616E6E656C0070696E5F6861735FFB
:106F7C007472696767657228705F696E7374616E8D
:106F8C0063652C2070696E2900696E745F656E6193
:106F9C00626C6500574553545F544F504449522F0F
:106FAC006D6F64756C65732F68616C2F6E6F726496
:106FBC0069632F6E7266782F647269766572732FAF
:106FCC007372632F6E7266785F6970632E630070E4
:106FDC005F636F6E66696720262620286D5F63628B
:106FEC002E7374617465203D3D204E5246585F44AB
:106FFC0052565F53544154455F494E495449414C94
:10700C00495A454429006D5F63622E73746174653F
:10701C00203D3D204E5246585F4452565F535441DA
:10702C0054455F494E495449414C495A45440057CF
:10703C004553545F544F504449522F6D6F64756CD7
:10704C0065732F68616C2F6E6F726469632F6E723B
:10705C0066782F68616C2F6E72665F6970632E683C
:10706C0000696E646578203C20313600756E72655F
:10707C006769737465726564202573206275730A81
:10708C000067656E65726963002573006D657461D8
:10709C006C3A20656D657267656E63793A20006D98
:1070AC006574616C3A20616C6572743A2020202002
:1070BC0020006D6574616C3A206372697469636158
:1070CC006C3A2020006D6574616C3A206572726FA9
:1070DC00723A2020202020006D6574616C3A207774
:1070EC0061726E696E673A202020006D6574616C68
:1070FC003A206E6F746963653A20202020006D651C
:10710C0074616C3A20696E666F3A20202020202032
:10711C00006D6574616C3A2064656275673A202075
:10712C002020200025733A2066726565696E672001
:10713C006E6F6E2D656D70747920766972747175D1
:10714C006575650D0A00756E6578706563746564A8
:10715C00206275666665722068656C6420636F7565
:10716C006E7465720D0A00574553545F544F50446A
:10717C0049522F6D6F64756C65732F6C69622F6F3C
:10718C0070656E2D616D702F6F70656E2D616D70F9
:10719C002F6C69622F72706D73672F72706D7367CD
:1071AC005F76697274696F2E6300737461747573A2
:1071BC00203D3D2073697A656F662872705F686444
:1071CC00722900737461747573203D3D2030007317
:1071DC007461747573203E3D203000737461747556
:1071EC0073203D3D206C656E0072785F7671007483
:1071FC00785F7671004E5300574553545F544F508F
:10720C004449522F7A65706879722F6B65726E657E
:10721C006C2F6465766963652E63007263203E3D56
:10722C00202D283078666629202626207263203C83
:10723C002030000964657669636520257320696ECA
:10724C0069743A20696E76616C6964206572726F3C
:10725C007220282564290A00574553545F544F5017
:10726C004449522F7A65706879722F6B65726E651E
:10727C006C2F666174616C2E6300726561736F6E46
:10728C0020213D204B5F4552525F4B45524E454CA1
:10729C005F50414E49430009417474656D707465CB
:1072AC006420746F207265636F7665722066726FEE
:1072BC006D2061206B65726E656C2070616E696308
:1072CC0020636F6E646974696F6E0A00574553547E
:1072DC005F544F504449522F7A65706879722F6B06
:1072EC0065726E656C2F696E69742E6300746872BA
:1072FC006561645F64617461203C3D205F5F737401
:10730C00617469635F7468726561645F6461746100
:10731C005F6C6973745F656E640009756E65787077
:10732C006563746564206C69737420656E64206C8D
:10733C006F636174696F6E0A00646576203C3D2052
:10734C005F6465766963655F6C6973745F656E64B1
:10735C00006D61696E00574553545F544F5044495A
:10736C00522F7A65706879722F6B65726E656C2F0F
:10737C006B686561702E630021617263685F69736D
:10738C005F696E5F6973722829207C7C20282874C1
:10739C00696D656F7574292E7469636B73203D3D3F
:1073AC00202828286B5F74696D656F75745F74296C
:1073BC007B307D29292E7469636B732900090A00BF
:1073CC0068656170203C3D205F6B5F686561705F34
:1073DC006C6973745F656E6400574553545F544F0A
:1073EC00504449522F7A65706879722F6B65726EB2
:1073FC00656C2F69646C652E63005F6B65726E65DE
:10740C006C2E637075735B305D2E63757272656E76
:10741C00742D3E626173652E7072696F203E3D2043
:10742C003000574553545F544F504449522F7A659E
:10743C00706879722F6B65726E656C2F696E636CF8
:10744C007564652F6B73636865642E68007468726D
:10745C006561642D3E626173652E70656E64656452
:10746C005F6F6E00574553545F544F504449522F31
:10747C007A65706879722F6B65726E656C2F6D739F
:10748C00675F712E630021617263685F6972715F5F
:10749C00756E6C6F636B6564286B65792900286D5C
:1074AC007367712D3E77726974655F707472203EDC
:1074BC003D206D7367712D3E6275666665725F73F4
:1074CC00746172742920262620286D7367712D3EF5
:1074DC0077726974655F707472203C3D20286D73FF
:1074EC0067712D3E6275666665725F656E64202DF0
:1074FC002031292920262620282873697A655F7473
:10750C00292875696E747074725F7429286D73679D
:10751C00712D3E6275666665725F656E64202D2006
:10752C006D7367712D3E77726974655F7074722923
:10753C00203E3D206D7367712D3E6D73675F7369DF
:10754C007A652900574553545F544F504449522F84
:10755C007A65706879722F6B65726E656C2F6D75BC
:10756C007465782E630021617263685F69735F696B
:10757C006E5F697372282900096D7574657865737F
:10758C002063616E6E6F7420626520757365642074
:10759C00696E7369646520495352730A006D757482
:1075AC0065782D3E6C6F636B5F636F756E74203EF8
:1075BC0020305500574553545F544F504449522F77
:1075CC007A65706879722F6B65726E656C2F736556
:1075DC006D2E63002828617263685F69735F696E42
:1075EC005F6973722829203D3D203029207C7C2046
:1075FC00282874696D656F7574292E7469636B73B3
:10760C00203D3D202828286B5F74696D656F75746B
:10761C005F74297B307D29292E7469636B7329294A
:10762C0000574553545F544F504449522F7A65705C
:10763C006879722F6B65726E656C2F776F726B2E1B
:10764C006300776F726B2D3E717565756520213DFA
:10765C00202828766F6964202A29302900776F72D8
:10766C006B2D3E68616E646C657220213D2028286C
:10767C00766F6964202A2930290021666C61675F66
:10768C00746573742826776F726B2D3E666C616718
:10769C00732C204B5F574F524B5F44454C41594123
:1076AC00424C455F4249542900216B5F69735F6905
:1076BC006E5F69737228290073796E6320213D20F7
:1076CC002828766F6964202A2930290021666C618C
:1076DC00675F74657374282671756575652D3E66D4
:1076EC006C6167732C204B5F574F524B5F51554564
:1076FC0055455F535441525445445F424954290007
:10770C00717565756500737461636B0064776F7276
:10771C006B20213D202828766F6964202A29302986
:10772C0000574553545F544F504449522F7A65705B
:10773C006879722F6B65726E656C2F7468726561F7
:10774C00642E6300282828287072696F2929203D2F
:10775C003D203135202626207A5F69735F69646C81
:10776C00655F7468726561645F656E7472792828F0
:10777C00656E747279292929207C7C20282828316F
:10778C0035202D203129203E3D2028282D31362929
:10779C0029292026262028287072696F2929203E45
:1077AC003D2028282D3136292920262620282870EE
:1077BC0072696F2929203C3D20283135202D20313C
:1077CC002929290009696E76616C696420707269D7
:1077DC006F7269747920282564293B20616C6C6F69
:1077EC007765642072616E67653A20256420746F3A
:1077FC002025640A000954687265616473206D6108
:10780C0079206E6F742062652063726561746564A3
:10781C0020696E20495352730A00574553545F54E4
:10782C004F504449522F7A65706879722F6B65728C
:10783C006E656C2F73636865642E6300217A5F69D3
:10784C00735F69646C655F7468726561645F6F62B5
:10785C006A656374287468726561642900574553BE
:10786C00545F544F504449522F7A65706879722F87
:10787C006B65726E656C2F696E636C7564652F6BCE
:10788C007468726561642E68005F6B65726E656CFE
:10789C002E637075735B305D2E63757272656E74DA
:1078AC0020213D202828766F6964202A2930290060
:1078BC002169735F7468726561645F64756D6D795D
:1078CC00287468726561642900574553545F544F9E
:1078DC00504449522F7A65706879722F6B65726EBD
:1078EC00656C2F696E636C7564652F6B7377617053
:1078FC002E6800617263685F6972715F756E6C6F80
:10790C00636B6564286B657929207C7C205F6B65D3
:10791C00726E656C2E637075735B305D2E63757261
:10792C0072656E742D3E626173652E74687265614A
:10793C00645F737461746520262028282831554CA7
:10794C00203C3C202830292929207C20282831550E
:10795C004C203C3C202833292929290009436F6EEF
:10796C007465787420737769746368696E672077BF
:10797C0068696C6520686F6C64696E67206C6F63F6
:10798C006B210A0073697A656F66285F736368659B
:10799C00645F7370696E6C6F636B29203D3D2030A2
:1079AC00207C7C206C6F636B20213D20265F7363F1
:1079BC006865645F7370696E6C6F636B005F6B6599
:1079CC00726E656C2E637075735B305D2E637572B1
:1079DC0072656E742D3E626173652E7363686564A7
:1079EC005F6C6F636B656420213D203155005F6BCC
:1079FC0065726E656C2E637075735B305D2E63758E
:107A0C007272656E742D3E626173652E7363686568
:107A1C00645F6C6F636B656420213D2030550021E1
:107A2C007465726D696E617465000961626F727460
:107A3C006564205F63757272656E74206261636B3E
:107A4C002066726F6D20646561640A002165737332
:107A5C00656E7469616C000961626F727465642093
:107A6C00657373656E7469616C20746872656164AA
:107A7C002025700A00574553545F544F50444952C7
:107A8C002F7A65706879722F6B65726E656C2F74C6
:107A9C00696D65736C6963696E672E630028287461
:107AAC00696D656F75742920262620282875696EE6
:107ABC00747074725F742928736C6963655F746980
:107ACC006D656F7574732929203C3D2028287569D4
:107ADC006E747074725F74292874696D656F757437
:107AEC00292920262620282875696E747074725FE7
:107AFC0074292874696D656F75742929203C2028B8
:107B0C002875696E747074725F7429282628736CDA
:107B1C006963655F74696D656F757473295B28287B
:107B2C0073697A655F7429282828696E74297369CA
:107B3C007A656F6628636861725B31202D2028326C
:107B4C00202A202128215F5F6275696C74696E5F41
:107B5C0074797065735F636F6D70617469626C6565
:107B6C005F70285F5F747970656F665F5F28736CF8
:107B7C006963655F74696D656F757473292C205F1B
:107B8C005F747970656F665F5F282628736C696314
:107B9C00655F74696D656F757473295B305D292938
:107BAC0029295D29202D203129202B202873697A41
:107BBC00656F6628736C6963655F74696D656F7555
:107BCC00747329202F2073697A656F662828736C6B
:107BDC006963655F74696D656F757473295B305D7E
:107BEC00292929295D292920262620282828756954
:107BFC006E747074725F74292874696D656F757416
:107C0C002929202D20282875696E747074725F7470
:107C1C002928736C6963655F74696D656F7574731E
:107C2C0029292920252073697A656F662828736CA9
:107C3C006963655F74696D656F757473295B305D1D
:107C4C0029203D3D20302900574553545F544F5057
:107C5C004449522F7A65706879722F6B65726E6524
:107C6C006C2F74696D656F75742E63002173797355
:107C7C005F646E6F64655F69735F6C696E6B65647E
:107C8C002826746F2D3E6E6F64652900574553543A
:107C9C005F544F504449522F7A65706879722F6B3C
:107CAC0065726E656C2F6D656D706F6F6C2E6300F9
:107CBC00616C69676E203D3D2030207C7C2028283B
:107CCC0075696E747074725F74296D656D202620F1
:107CDC0028616C69676E202D20312929203D3D20BB
:107CEC003000096D6973616C69676E6564206D6540
:107CFC006D6F72792061742025702028616C696722
:107D0C006E203D20257A75290A00737973776F727E
:107D1C006B7100FFFFFFFF1F00418866AA1AFFFF6F
:107D2C00443300C8DA3098F9F034A44B6EBAD30857
:107D3C0019CC0CEA51DA4700286E756C6C29002AB4
:107D4C00666C6F61742A0000203030303030303077
:0C7D5C00303030303030300001000000CA
:107D6800FFFFFFFFFF1F00001F00000000000000D2
:107D78007FFE0000E40700001D4000000000000036
:107D88000000000000000000FFFFFFFF1FFF1B00B6
:107D9800BAABBABA10101010A0354D00FF000000A1
:107DA800C40900000000000000C0004100000000FD
:107DB800000000000C00000000FF7F000000000031
:107DC800796B010100000000C76B01010000000091
:107DD800C58B000100000000136C010100000000C9
:107DE8000F6C010100000000436C0101000000005D
:107DF800616C0101000000002B6C01010000000013
:107E08003C1E0101FF000000744D0101010000004B
:107E180000000000000000007B420201000000009A
:107E28000000000000000000C8000021C800002178
:107E38000100000001000000D8000021D800002146
:107E4800000000000000000000000000000000002A
:107E5800000000000000000000000000000000001A
:107E6800000000000000000000000000000000000A
:107E780000000000000000000000000000000000FA
:107E88007B4202010000000000000000000000002A
:107E98003001002130010021010000000100000034
:107EA8004001002140010021000000000000000006
:107EB80000000000000000000000000000000000BA
:107EC80000000000000000000000000000000000AA
:107ED800000000000000000000000000000000009A
:107EE800355E020100000000219C01010000000035
:107EF800C99B010100000000000000009B3902013D
:107F080001000000000007200000010000570201E6
:107F180001000000005702010000000002000000FC
:107F280000000000000000000002000000A0004166
:107F38000000000000000000000000000000000039
:107F48000000000000000000000000000000000029
:107F58000000000000000000000000000000000019
:107F68000000000000000000000000000000000009
:107F780000000000000000000000000000000000F9
:107F880000000000000000000000000000000000E9
:107F980000000000000000000000000000000000D9
:107FA80000000000000000000000000000000000C9
:107FB800000000000000000000000000205702013F
:107FC800FFFF0000FFFF0000FF0000008D700201AE
:107FD8000000000059F0010100000000000000004E
:107FE8000000000000000000000000000000000089
:107FF8000000000000000000900200009C02002128
:048008009C020021B5
:10800C000000000000000000000000000000000064
:10801C0000000000B08500214C2000000000000092
:08802C0000000000000000004C
:10803400CC020021CC02002100000000000000005E
:048044000E0000002A
:10804800E0020021E002002100000000080000001A
:108058004000000000AE002100B0002100AE002169
:0C80680000AE002100000000000000003D
:108074000C0300210C03002100000000010000009B
:1080840000000000000000000000000028030021A0
:108094002803002100000000000000000000000090
:0880A4003C0300213C03002114
:1080AC000000000000000000000000005003002150
:1080BC005003002100000000070007000000000032
:1080CC0000000000905C0201E0B000210000000004
:1080DC0000000000000000007C0300217C03002154
:1080EC00000000000B000B0000000000000000006E
:1080FC00A45C020180B4002100000000000000001C
:10810C0000000000A8030021A803002100000000CB
:10811C000A000A000000000061C30101B85C020102
:04812C0050B8002126
:0481300015E015E061
:040000050101B4B988
:00000001FF
