:1000000000680020D14A010067520200BD4A010089
:10001000BD4A0100BD4A0100BD4A010000000000C8
:10002000000000000000000000000000B94B0100CB
:10003000BD4A010000000000B54D0100BD4A0100AD
:10004000314E010045910200314E0100314E010058
:10005000314E010091910200314E0100314E0100FC
:100060005B910200314E0100314E0100719102009E
:10007000314E0100314E0100314E0100314E010080
:10008000314E0100314E0100314E0100314E010070
:10009000314E010099D60100314E0100314E010070
:1000A000314E0100314E0100314E0100314E010050
:1000B000314E0100314E0100314E0100314E010040
:1000C000314E0100314E0100314E0100314E010030
:1000D000314E0100314E0100314E0100314E010020
:1000E000314E0100314E0100314E0100314E010010
:1000F000314E0100314E0100314E0100314E010000
:1001000080EA101404F0F01480EA0410604081EAE0
:10011000111404F0F01481EA0411614082EA12140F
:1001200004F0F01482EA0412624083EA131404F02B
:10013000F01483EA0413634080EA102404F47F443B
:1001400080EA0420604081EA112404F47F4481EABB
:100150000421614082EA122404F47F4482EA0422EA
:10016000624083EA132404F47F4483EA0423634057
:1001700081EA500404F0553480EA4400614083EA87
:10018000520404F0553482EA4402634082EA900447
:1001900004F0333480EA8400624083EA910404F07E
:1001A000333481EA84016340704700BF82EA9004DF
:1001B00004F0333480EA8400624083EA910404F05E
:1001C000333481EA8401634081EA500404F05534F9
:1001D00080EA4400614083EA520404F0553482EA24
:1001E0004402634080EA102404F47F4480EA04203F
:1001F000604081EA112404F47F4481EA04216140D3
:1002000082EA122404F47F4482EA0422624083EAF0
:10021000132404F47F4483EA0423634080EA101427
:1002200004F0F01480EA0410604081EA111404F034
:10023000F01481EA0411614082EA121404F0F0140F
:1002400082EA0412624083EA131404F0F01483EA91
:1002500004136340704700BF2DE9F14F94464FEA05
:10026000930B8A68CB6808684968FFF749FF0BF170
:10027000060E33E083EA134480EA134582EA13470B
:1002800046BA96EA3444604000F00F1684EA063419
:1002900020F00F1684EA161054BA94EA0106724050
:1002A00002F00F1486EA043622F00F1486EA1412C4
:1002B0004CBA6540694001F00F1485EA043521F01D
:1002C0000F1485EA14115CBA67407B4003F00F14E9
:1002D00087EA043723F00F1487EA1413BCE8F00010
:1002E0006040694072407B4000F0E03400F010351F
:1002F00000F00F3040EA540040EAC50080EA900464
:1003000004F0332480EA8400604001F0E03401F01E
:10031000103501F00F3141EA540141EAC50181EA8B
:10032000910404F0332481EA8401614002F0E03456
:1003300002F0103502F00F3242EA540242EAC502DE
:1003400082EA920404F0332482EA8402624003F0D9
:10035000E03403F0103503F00F3343EA540343EA6B
:10036000C50383EA930404F0332483EA84036340DF
:1003700081EA324787EA134581EA354690EA060466
:1003800084EA034B82EA1B4280EA044484EA05447F
:1003900083EA144A85EA14448BEA044B84EA37441E
:1003A00081EA0B4181EA164104EA0A00454082EAEB
:1003B00004082BEA080041408AEA0B0602EA06001C
:1003C00084EA34438AEA3A4603EA0607784045401D
:1003D000414088EA38478BEA3B4007EA000985EA52
:1003E000090583EA0709464006EA0906714085EADD
:1003F000010005EA3546464006EA314181EA3041CE
:1004000081EA364606EA304686EA3546344008EA4E
:10041000010886EA01052A4086EA364003405A4030
:1004200081EA31431F407C4080EA030709EA07095B
:1004300088EA0908544088EA020806EA0A0601EA3E
:100440000B018AEA0B0215408AEA3A421040454005
:100450008BEA3B4003405E404240174079404D40AC
:100460004E40E443F64386EA18435D4085EA054082
:1004700083EA134386EA034183EA384284EA11435C
:1004800083EA04435FEA3343BEF1010E3FF6F2AE66
:100490001ED4BCE8F0006040694072407B4020BC44
:1004A000FFF784FE28606960AA60EB60BDE8F08F0A
:1004B0002DE9E0414FF2F00280EA1031114080EA6C
:1004C0000130484041088208C3084FF0000E4FE752
:1004D00000F0113001F0113102F0113203F011334C
:1004E00040EA410040EA820040EAC3004FF2F002D5
:1004F00080EA1031114080EA01304840BDE8E081D7
:100500002DE9F04F02F11C050646074600EB850871
:1005100051F8040B043A46F8040BF9D14FF0010CE2
:10052000FFF7C6FF5FEA302080EA0C001ECF414093
:100530004A4053405C401EC62000464517D04FEA53
:100540004C0C1CF4807F18BFACF1E50C2C2DE7D0CF
:100550003C2D06D1FFF7ACFF06CF41404A4006C60E
:10056000100006CF41404A4006C61000D8E736E9E1
:100570000F00FFF7C5FD043D86E80F00F7D1BDE889
:10058000F08F00BF2DE9F14F03F11C0402EB840C46
:100590004FEA930B8A68CB6808684968FFF7B0FD9B
:1005A0003CE9F0006040694072407B400BF1060E70
:1005B0004EE083EA134480EA134582EA134746BAC1
:1005C00096EA3444604000F00F1684EA063420F0C6
:1005D0000F1684EA161054BA94EA0106724002F02B
:1005E0000F1486EA043622F00F1486EA14124CBA6D
:1005F0006540694001F00F1485EA043521F00F14BD
:1006000085EA14115CBA67407B4003F00F1487EA57
:10061000043723F00F1487EA141344BA44404DBA48
:100620004D4056BA56405FBA5F4087EA174886EA9F
:10063000174B84EA17464FEA38488BEA1B4485EA91
:100640001B4788EA1B4580EA3440694072407B4082
:1006500000F0703400F0803500F00F3040EA4400C4
:1006600040EAD50080EA900404F0332480EA840054
:10067000604001F0703401F0803501F00F3141EA43
:10068000440141EAD50181EA910404F0332481EA6E
:100690008401614002F0703402F0803502F00F32C4
:1006A00042EA440242EAD50282EA920404F0332488
:1006B00082EA8402624003F0703403F0803503F074
:1006C0000F3343EA440343EAD50383EA930404F077
:1006D000332483EA84036340C943DB4381EA000493
:1006E00083EA044686EA020183EA014382EA33454B
:1006F00083EA14435C4084EA00077FEA040A8AEA3A
:10070000024A8AEA010B87EA11488AEA374A80EAF4
:10071000060181EA1A418AEA030A04EA0A0045400E
:1007200088EA040707EA0B0041408AEA0B0608EA58
:10073000060084EA34428AEA3A4602EA060358404E
:100740004540414087EA37438BEA3B4003EA0009D2
:1007500085EA090582EA0309464006EA090671406E
:1007600085EA010005EA3546464006EA314181EA5C
:10077000304181EA364606EA304686EA354634405C
:100780000F4086EA010508EA050886EA364002407D
:1007900088EA020881EA314213405C4080EA0203A1
:1007A00009EA030987EA0907674088EA040806EAB4
:1007B0000A0601EA0B018AEA0B0425408AEA3A4458
:1007C000204045408BEA3B4B02EA0B02564084EA4C
:1007D0000B04234059406E40694087EA364080EA66
:1007E000384080EA060380EA104481EA134585EA2E
:1007F000344585EA17427D4082EA354180EA05406A
:100800003CE9F0006040694072407B40BEF1010E5F
:100810003FF6CFAE20BCFFF7C9FC28606960AA6034
:10082000EB60BDE8F08F00BFFFF76ABE2DE9F0076F
:1008300091E8F807B2E802105B1854EB0C04B2E838
:1008400002104D4156EB0C06B2E802104F4158EB36
:100850000C08B2E8021059EB01095AEB0C0A80E8C7
:10086000F80780410130BDE8F00770472DE9F00737
:1008700091E8F807B2E802105B1A74EB0C04B2E8D6
:1008800002108D4176EB0C06B2E802108F4178EB36
:100890000C08B2E8021079EB01097AEB0C0A80E847
:1008A000F80780414042BDE8F00770472DE9F007A6
:1008B000524290E87800B1E880071740DB1918EA47
:1008C000020854EB080419EA020955EB09051AEA73
:1008D000020A56EB0A0678C090E87800B1E8800773
:1008E00017407B4118EA020854EB080419EA020990
:1008F00055EB09051AEA020A56EB0A0678C0804150
:100900000130BDE8F00770472DE9F007524290E84A
:100910007800B1E880071740DB1B18EA020874EB87
:10092000080419EA020975EB09051AEA020A76EBCE
:100930000A0678C090E87800B1E880071740BB410C
:1009400018EA020874EB080419EA020975EB0905B4
:100950001AEA020A76EB0A0678C080414042BDE8F6
:10096000F00770472DE9F00152424FF0040890E87B
:10097000300091E8C000A31B1340E41AF618EB1BEB
:100980001340ED1AFF1830C0C0C1B8F10108EED114
:10099000BDE8F001704700BF00B592E8DC072DE923
:1009A000DC07B1E8805702B4A7FB02510A95A8FB07
:1009B000020BE7FB6310E9FB62B00B91A8FB03514C
:1009C000EAFB6201E7FB64B5E7FB6605E8FB661539
:1009D000CDF830B0A9FB03B6EAFB6316ECFB635617
:1009E000E8FB640BE9FB641BEAFB645BECFB646BF8
:1009F0000D90ACFB0230059CEEFB6250E9FB64609D
:100A0000EAFB64B0E7FB6431E8FB6451069CE8FB59
:100A10006461E9FB64B1EAFB64010E93A7FB043255
:100A2000079CE7FB6462E8FB64B2E9FB6402EAFB53
:100A30006412049CE9FB6453EAFB6463089CE7FBD3
:100A400064B3E8FB6403E9FB6413EAFB64230F95DA
:100A50005DF8049B99E80006DDF80080A9FB0854C6
:100A6000EAFB68B4DDF81080ECFB6804EEFB681468
:100A7000E9FB6824EAFB6834DDF80480EEFB686576
:100A8000E9FB68B5EAFB6805DDF81480ECFB681546
:100A9000EEFB6825E9FB6835EAFB68450F96DDF853
:100AA0000880AEFB0876E9FB6806EAFB6816DDF80D
:100AB0001880ECFB6826EEFB6836E9FB6846EAFB2B
:100AC0006856DDF80C80ECFB68B7EEFB6807E9FBC5
:100AD0006817EAFB6827DDF81C80ECFB6837EEFB43
:100AE0006847E9FB6857EAFB686708B000BD00BFCC
:100AF0002DE9F14F87B0FFF74FFFDDF81C8008F1BB
:100B0000200888E8FF00FFBC87E87F08BDE8F08F79
:100B100000B591E89857A3FB03520195A3FB04018C
:100B2000E3FB6420E3FB67100292A3FB0752E3FBA5
:100B30006802E4FB6415E3FB6805E3FB69250391A8
:100B4000A4FB07B6E3FB6926E3FB6A56E4FB670BED
:100B5000E4FB682BE3FB6A5BE3FB6C6B0490A4FB98
:100B60000810E4FB6950E3FB6C60E3FB6EB0E7FB4D
:100B70006721E4FB6951E4FB6A61E3FB6EB1E4FBCE
:100B80006E010592A7FB0832E4FB6A62E4FB6CB2DB
:100B9000E4FB6E02E7FB6E12E7FB6853E7FB696359
:100BA000E4FB6CB3E7FB6C03E7FB6E13E8FB6E231F
:100BB0000695A7FB0954E7FB6AB4E7FB6C04E8FB66
:100BC0006C14E8FB6E24E9FB6E34E8FB6865E7FB18
:100BD0006AB5E8FB6A05E8FB6C15E9FB6C25E9FBE7
:100BE0006E35EAFB6E450796A8FB0976E8FB6A06B8
:100BF000E9FB6A16E9FB6C26EAFB6C36EAFB6E46FB
:100C0000ECFB6E56E8FB69B7E9FB6907E9FB6A177D
:100C1000EAFB6A27EAFB6C37ECFB6C47ECFB6E5790
:100C2000EEFB6E6700BD00BF2DE9F14F87B0FFF707
:100C30006FFFDDF81C8008F1200888E8FF00FFBC8A
:100C400087E87F08BDE8F08F30B44FF0000310F85C
:100C5000014B11F8015B013A84EA050443EA0403FD
:100C6000F5D1A3F101034FEAD37030BC704700BF48
:100C70004FF0000310F8012B013943EA0203F9D1C8
:100C8000A3F101034FEAD370704700BF30B411F8ED
:100C9000014B12F8015B6C4000F8014B013BF6D1AF
:100CA00030BC70472DE9F00791E8F807B2E8021070
:100CB0005B1854EB0C04B2E802104D4156EB0C06E5
:100CC000B2E802104F4158EB0C08B2E8021059EBA1
:100CD00001095AEB0C0A8941B3F1FF3374F1FF3477
:100CE00075F1FF3576F1000677F1000778F100081D
:100CF00079F101097AF1FF3A51F100015B184C4199
:100D00004D4156F1000657F1000758F1000859EB24
:100D1000D1795AEB010A80E8F807BDE8F00770477F
:100D20002DE9F00791E8F807B2E802105B1A74EBBE
:100D30000C04B2E802108D4176EB0C06B2E802100A
:100D40008F4178EB0C08B2E8021079EB01097AEBDD
:100D50000C0A89415B184C414D4156F1000657F190
:100D6000000758F1000859EBD1795AEB010A80E8E5
:100D7000F807BDE8F007704718EB040859EB0509C0
:100D80005AEB060A5BEB070B5FF0000C4CF1000C12
:100D900018EB050859EB06095AEB070A5BEB070B42
:100DA00050EB0C005FF0000C51EB0C0152EB0C020D
:100DB00063414CF1000CB8EB070879F100097AF1B6
:100DC000000A7BEB040BA841B141A241B3416CF195
:100DD000000CBBEB050BB041B941AA41BB416CF122
:100DE000000C4CF001068CF0020718EB060859EBDA
:100DF0006C095AEB6C0A7BEB6C0B70EB6C0471EBBF
:100E00006C0572EB670653EB6C076CEB6C0C18EB24
:100E10000C0059EB0C015AEB0C025BF1000354F18E
:100E2000000455F1000556EBDC7657EB0C077047D4
:100E30002DE9F14F87B0FFF7AFFDDDF81080DDF849
:100E40001490DDF818A0FFF797FFBDE8000FFFF73B
:100E500093FF03B05DF8048B88E8FF00BDE8F08FD6
:100E60002DE9F14F87B0FFF753FEDDF81080DDF874
:100E70001490DDF818A0FFF77FFFBDE8000FFFF723
:100E80007BFF03B05DF8048B88E8FF00BDE8F08FBE
:100E9000064B074ADB7802604FF442728280C371CE
:100EA0000822002382710372704700BF10080020DF
:100EB000D3260100064B074ADB7A02604FF4B0727A
:100EC0008280C3710822FF2382710372704700BFC2
:100ED00010080020B11F01002DE9F341C41D0028B6
:100EE00024F00704064614BF2046002000F028FC2A
:100EF000071E04DA6FF00B0002B0BDE8F081364D3A
:100F0000E988A8886B7A2A7A0331033089B280B2E3
:100F10000EF0A0F80028EDDBA978EB783C44033410
:100F2000002E194424F0030400FB01F114BF2046F5
:100F3000002000F08DFD20440EB90028DADBEA7AAB
:100F40000446B2B1EB7B697C13441944FF29D1D824
:100F50000330002E20F0030414BF20460020AA898D
:100F6000C9B200F0E7FD0028C4DB04440EB9002C30
:100F7000C0DB012000F0DAFBB0B1A97BA1B195F88C
:100F80002A3033B340234FF481720734002E24F00B
:100F9000070414BF2046002001F038FF0028A9DB19
:100FA00004440EB9002CA5DBAB7AF3B1EB7AABB1FC
:100FB0000734002E24F0070414BF20460020A97A2D
:100FC00004F074FA002895DB044476B9002C0CDA9E
:100FD00090E725232822D8E710080020012000F000
:100FE000A5FB10B1AB7B002BE2D1734B1B6893B117
:100FF000A97D81B10334002E24F0030414BF2046E0
:101000000020EA7D98470028FFF674AF044416B923
:10101000002CFFF66FAF694B1B688BB1297C79B14F
:101020000334002E24F0030414BF20460020984708
:101030000028FFF65FAF044416B9002CFFF65AAF44
:101040005F4B1F68AFB1697C99B12B7D009303346E
:10105000002E24F0030414BF20460020EB7CAA7C61
:10106000B8470028FFF646AF044416B9002CFFF637
:1010700041AF072000F05AFB98B1A97D89B1033434
:10108000002E24F0030414BF204600202A7E00F026
:101090003FFE0028FFF62EAF044416B9002CFFF6E1
:1010A00029AF95F82300B6FA86F77F09A0B16B7FC8
:1010B000A97E033424F00704194444F004043B4699
:1010C0002246C9B200F064FE0028FFF613AF0444C4
:1010D00016B9002CFFF60EAF95F8241000294CD05D
:1010E00004F10708002E28F0070814BF404600202E
:1010F000EA8C0DF0C3FF041EFFF6FCAE4444002E44
:101100003ED1002CFFF6F6AEA97F002945D095F818
:101110002230002B41D02A8C0734002E02F1240209
:1011200024F0070814BF4046002092B20DF0A6FF3D
:101130000028FFF6DFAE404416B90028FFF6DAAE0D
:101140002B7FA97E033020F0070040F004041944EF
:1011500095F822003B462246C9B200F00BFE00285B
:10116000FFF6C8AE044486B9002CFFF6C3AEEB6AA6
:10117000F3B1C6B1EC620020BEE6002EC4D08846B2
:10118000E98C40460AF008F9BEE72A8CA97F0832AC
:1011900092B240460AF006F9E9E7002EE7D00022B5
:1011A00011461046F6E728343FF5A4AE2046A3E6E4
:1011B000002EE0D1FAE700BF2C15002030150020EA
:1011C000341500201FB572B6194B1D6BEDB9BFF376
:1011D0004F8F1849184BCA6802F4E0621343CB6082
:1011E000BFF34F8F00BFFDE72346B2FBF6F25C1C56
:1011F000002AF9D104AEDCB256FA83F303F80C2CC2
:101200000A2234B901A8A847E1E7024600230A26CA
:10121000EDE7631E04AEDCB256FA83F3B0FBF2F6E0
:1012200002FB1600303003F80C0C3046E9E700BF33
:101230001008002000ED00E00400FA0513B5124C80
:101240002389ADF80030E388ADF804306846A38800
:10125000ADF8023002F0DCFA18B1FA219C20FFF759
:10126000B1FF207D02F004FB08B1FD21F6E7E07C30
:1012700002F0F8FA08B1FE21F0E794F8280008F02F
:10128000A5F802B010BD00BF1008002038B5054613
:1012900000283DD00CF014FF10B94FF0FF3038BDDE
:1012A0000AF020FDB0F5FA7FF7D81B4C25631B250B
:1012B00000212A4604F10F0084F83410217084F8CC
:1012C0002A10E1620DF0A2F90123A370E370E3722A
:1012D000A3742376F723032108202384FB2302220F
:1012E0002172A072A1731F204921E3840A23A580E3
:1012F000E5806272A081E174E27584F82830EFF332
:10130000108472B600F054FD04B962B60020C6E73E
:101310006FF01500C3E700BF1008002038B5144671
:10132000002840F0C480634D95F83430032B00F062
:10133000BB80B9B112B96FF0150038BD013917295A
:1013400000F2B580DFE801F00C1D20366069873CB3
:101350006C6F814248565B8D909FA2A596B3B3A84F
:101360001378AB700020FFF7B7FD0028B7BF01234B
:10137000022385F834306FF00B00A8BF85F83430B5
:10138000DBE71378EB70EDE71379002BD3D05379BB
:10139000002BD0D01288FB2ACDD863881B3B9BB290
:1013A000E02BC8D81A2AC6D923686B60424BA288A2
:1013B0009A80D7E71378EA7B9342BCD3EB72D1E7EC
:1013C0001378EA7A9342B6D8EB73CBE71378EA7ACC
:1013D0009342B0D86B74C5E71378002BABD0537829
:1013E000013BDBB2F82BA6D813886B82334B927883
:1013F0009A70B7E71078687507F0A6FFB2E7137820
:10140000002B98D02B76ADE7012000F08FF92378E0
:1014100008B1012B8FD9AB73A4E71388AB81A1E787
:101420001378AB759EE7072000F080F910B9237898
:10143000012B80D9072000F079F918B12378002B0F
:101440003FF479AF2378EB758CE71378082B3FF6E0
:1014500072AF2B7486E71388FF2B3FF66CAFAB722D
:1014600080E713786B767DE713780E2B3FF663AF3A
:10147000AB7677E72368124AC5F81E30636853607D
:10148000238913816EE71378EB766BE713786B771C
:1014900068E713782B7765E713785A1E092A3FF619
:1014A0004AAF85F828305DE74FF0FF3045E76FF031
:1014B0002C0042E710080020140800202208002019
:1014C0002E080020F8B50D46064630B329B311F0BA
:1014D000070422D1124F97F83430012B02D16FF05C
:1014E0000B00F8BD032B02D14FF0FF30F9E700F0FD
:1014F0009BFC0028F8D02846FFF7EEFC0028EEDB26
:1015000011F0CDF93046F96A02F01AFAFFF796FEAB
:10151000032387F834302046E3E76FF01500E0E757
:101520001008002010B5074C94F83430032B03D179
:1015300002F01EFA03F0EEF80DF0D5FE002084F85C
:10154000340010BD1008002008B502F0BDF9BDE858
:1015500008400249032000F0E1B800BFB50E0000CA
:1015600008B502F0CBF9BDE808400249022000F0BE
:10157000D5B800BF910E0000074B4FF0FF3141F688
:10158000FF72C3E9001205490022C1E900221F21B0
:10159000C3E90212704700BF000000204808002085
:1015A0003F280CD801380B4BC0F3421200F01F004B
:1015B00053F8223023FA00F000F001007047FF28B2
:1015C00006D04038C0F34212034B00F01F00EFE793
:1015D0000120704700000020480800200146074B0A
:1015E000006849681A4603C240F48C221A6041F030
:1015F000107242F4FF625A60002070470000002021
:101600000246034B0068516803C30020704700BFC7
:10161000480800200246034B0068516803C30020BD
:10162000704700BF080000200138064BC0F342128B
:1016300003EB820300F01F009B6823FA00F000F028
:101640000100704700000020F0B50C88C37C0288C0
:10165000A5B2C4F30E0404F118060233865B1A44E3
:10166000334497B213FA82F3013B4288B3FBF7F39A
:1016700013FB07439BB29A42044A93BF22EA050335
:101680002A4013439BB20B80F0BD00BF0080FFFFD8
:101690004A1E062A08B50346084604D84FF4D171FD
:1016A0001520FFF78FFD094A914202D940F2A3119C
:1016B000F6E711B903B1196008BD2BB11B68002210
:1016C000C3E901211A1D1A600430F5E7FAFFFF7F14
:1016D00010B5114B00EB41041A786389B3FBF2F3A8
:1016E00003FB0223013A1A44B2F5706F0279807845
:1016F00028BF00231A440B18B2FBF0F100FB1121A4
:101700005B1AB3FBF0F100FB113313446FEA434360
:101710006FEA5343638110BD50080020024B03EB76
:1017200080035960704700BF50080020034B03EB53
:1017300080035868003818BF012070475008002007
:101740002DE9F04F10F0070A85B0054604D040F2AD
:101750006F111720FFF736FD544F07F14C06B146C5
:101760000446B0464FF0010B57F8043B8DF80BA030
:101770003BB101A898479DF80A30082B01D9F52103
:10178000E7E79DF80B1041BB05B131604F4506F10D
:101790000406E9D1002D70D0DFF81491002289F8F9
:1017A00000209646122758F827A0013FBAF1000FF3
:1017B00056D09AF804609AF802C0FF2E61D03946DC
:1017C0000023481C39D19C44BCF1FF0F40D90AB119
:1017D00089F800E04FF49A71BBE79DF80AC06046B3
:1017E000022838BF02204B1D5A0004EB4303441E5D
:1017F0002344BDF808406444013CCCF1000C04EAE9
:101800000C044042B4F5803F03EA000302D340F2E7
:1018100005119EE775B19A1A32609170148082F8B2
:1018200003B09DF80C001071019810814FEA104C24
:10183000A2F806C004FB0134A8E758F8210028B13B
:1018400090F804B0B34504BF80781B180139B8E79D
:10185000DBB2E6458AF804303CBF5FFA8CFE012219
:101860007B1CA0D10AB189F800E0122640F6FF6A7D
:1018700058F82670B7B9013EFAD2601B05B0BDE832
:10188000F08F0023E5E707EB41033846A3F80AA0F1
:10189000FFF71EFF09F10109BB785FFA89F18B425E
:1018A000F1D8E8E74FF00009F6E700BF5408002040
:1018B0005008002038B54FF6FF730380184B03EB38
:1018C00081030246186DA8B184780379B3FBF4F163
:1018D00004FB1133DBB2194600EB4105B5F90A50A0
:1018E000002D0EDB0131B1FBF4F504FB1511C9B27B
:1018F0008B42F1D1002038BD6381BDE838400DF046
:1019000085BB00EB41046389C3F30E031380C278E7
:10191000002AF1D14FF4E5711720FFF753FC00BF07
:10192000500800201C4B03EB810370B51C6D05466D
:1019300044B3030404D54FF4EC711720FFF742FCC5
:10194000014620460DF044FBFF28014604D0204606
:10195000BDE870400DF05ABBA078B5FBF0F300FB7A
:101960001353DBB219460A1D04EB4206B6F90260B6
:10197000002E09DB0131B1FBF0F200FB1211C9B2FC
:101980008B42F0D1002070BD8B4201D00023E37068
:1019900004EB42025580DAE750080020094B03EBC4
:1019A000810310B51C6D014620460DF011FBFF2888
:1019B000014604D02046BDE810400DF027BB0020B2
:1019C00010BD00BF50080020F8B5104B03EB810399
:1019D00007461C6D014620460DF0FAFAFF28054621
:1019E00011D0E288238953EA024606D001462046F8
:1019F0000DF00CFB01463846B04720462946FFF75C
:101A000067FE0020F8BD0520FCE700BF500800205D
:101A100038B50E4B827903EB82030446186D08B982
:101A2000052038BD8278E1799142F9D24B1CE371EF
:101A300000EB41035D89B3F90A30002BF3DBA5808D
:101A40000DF0E4FA20600020EBE700BF5008002012
:101A500070B5044610F003000E4603D04E21182046
:101A6000FFF7B0FBFFF714FE054624B103483146EB
:101A70000460FFF70DFE284670BD00BFEC08002093
:101A80002DE9F14FDFF870B09DF828A09DF82C905B
:101A90001E46DBF8003007460D4690461BB9602114
:101AA0001820FFF78FFB5246092140460DF011F92F
:101AB0004A4684B2092130460DF00BF914FA80F140
:101AC000DBF800000DF058FA386018B9286001B052
:101AD000BDE8F08F04442C60386853464146092223
:101AE0000DF0BAF828684B460922314601B0BDE82E
:101AF000F04F0DF0B1B800BFEC08002070B50E46F5
:101B000004460DF0F9F8054630460DF0F5F8044BA3
:101B10002A1821461868BDE870400DF052BA00BF7F
:101B2000EC080020024B186808B10DF019BA704794
:101B3000EC0800201F2AF8B5044613460ED8920080
:101B4000033222F00303B3F5803F2DD2184DACB120
:101B5000A00710D068210920FFF734FBFF2B4FEAC4
:101B6000420204D9FF339A42A8BF1A46E8E77C2A0A
:101B7000B8BF7C22E4E729706C602B8122F003025D
:101B80002823120403FB01F001276B68120C0025C7
:101B9000EEB2B14200D8F8BD14B126181F705E60D5
:101BA000104401352833F3E74FF0FF30F3E700BF6F
:101BB000F008002070B5154A157853680021C8B2A6
:101BC000854203D8BA210920FFF7FCFA1C461846C3
:101BD00014F8286B01310EB92346F0E70021997003
:101BE000128999610124D96159685C70920803F1E6
:101BF0001E0403F1260524F8022FA54243F8041F12
:101C00001144F8D100234361037070BDF008002037
:101C10000A4B1B89B3F5FF7F4FEA930006D25A089F
:101C20009B1A9BB2984238BF18467047B3F5EE6FC7
:101C300001D8FF22F4E740F27263F3E7F0080020D6
:101C40004B782DE9F04106460C4602F0040702F0FD
:101C5000FB05E3B1A5BBFF23A3707B0804EB57078B
:101C60003A7D032A02D1022D18BF0133E218012167
:101C7000117503F10C0104EB8303002224F81120F9
:101C80005B68A2703360B2803046BDE8F081002D01
:101C9000E1D101234B701D4B8D611B89CD6101F199
:101CA0001E0249689B08204604F1260C22F8023FD8
:101CB000944540F8041F1944F8D100236361CAE732
:101CC000D1F80480142200216170A0180CF09EFC51
:101CD0000E4B1B89B3F5FF7F0FD25A089B1A9BB29C
:101CE00008EB0301C4F804802384A1606284C4F873
:101CF0000C80A3842161E284ADE7B3F5EE6F4FF071
:101D0000FF02EBD940F27263EAE700BFF00800205F
:101D10002DE9F84305460C46F720052191460CF0C5
:101D2000D8FF061E21DB1DB914FB06F0BDE8F883C1
:101D300015F0030703D098211920FFF743FADFF8C5
:101D40003080C8F81050A8F81460BBB29C42EBD9A0
:101D5000B8F81450D8F810004B4607FB05000522D0
:101D6000F7210CF079FF0137EFE74FF0FF30DDE7A7
:101D70000409002007B5CDE900230B4603490246BC
:101D8000081D0DF08AFA03B05DF804FB1C09002061
:101D900013B5064CCDE900230B46024604F10801B9
:101DA00004F10C000DF079FA02B010BD1C090020FE
:101DB000134B012200214FF0FF309A60C3F800124C
:101DC000C3F80803C3F80015C3F804259A60C3F8E4
:101DD0000803C3F80015C3F804250A490A4A03F5A5
:101DE00080334FF40040C3F80825C1F88000BFF3EA
:101DF0004F8FBFF36F8FC1F88001C3F8082570477C
:101E000000F0004000E100E00000F63F024B0268F5
:101E10001A600020704700BF2C090020014B1B688E
:101E2000184700BF2C090020024B1868003818BF63
:101E3000012070472C0900208C469B2300B50CF82C
:101E4000033B054B8E4607CBCEF80300CCF80410BD
:101E5000CCF808205DF804FB3C09002070B51B4E4F
:101E6000736A93F8A84005460CB101280DD00129EA
:101E700012D8F36A2846984770B196F8300058B9DE
:101E800064B9012D1FD0204670BD338D1A07EED5E1
:101E900096F82A30002BEAD0012070BD002DF3D136
:101EA000308D83070AD40028F6D196F83130002B04
:101EB000EAD196F8320080F0010070BD96F82A0051
:101EC00080F0010070BD308DEDE700BF30090020CB
:101ED00010B5154C08F02CFC08F080FFA36BA08E09
:101EE00000219847237E93B9A18E606A03F01AFB04
:101EF000636AB3F8AA0003F08FFA236C94F83010E9
:101F000094F83C009847002384F8443010BD94E8CE
:101F1000070004F10C0383E80700044904F11900E9
:101F20000EF0EEFFE0E700BF30090020391E000090
:101F3000034B93F8443003B97047FFF7C9BF00BFA4
:101F40003009002008B5094B93F84420022A07D134
:101F5000DA7A42F00102DA72BDE80840FFF7B8BF52
:101F600040F257312720FFF72DF900BF300900203C
:101F700010B41E4942788C6C2378D20002F008021B
:101F800003F0F30313438278920002F00402134338
:101F9000C278120102F0100203F0EC03134302783E
:101FA00002F0030213432370B1F85430637002232C
:101FB000A1F84C308C6C00792378420123F0200387
:101FC00002F020021343012823700CD14B6A93F8CE
:101FD000BA2093F8BB30032A08BF002203F01F0386
:101FE00043EA8213A37010BC704700BF3009002081
:101FF000F0B5194CA56D83B04DB3636E3BB3B4F827
:1020000068306B702B782F4601F0030123F0030337
:102010000B4307F8033B0646B4F86820616E384668
:102020000CF034FB0DF1020201A9E06EE565676674
:102030000CF08CFF01980CF077FF0346B4F86810A1
:10204000E06E336001220CF01AFF03B0F0BD40F6E1
:10205000C4012720FFF7B6F830090020F8B5254C59
:10206000656A276F2A7D95F82111E7654FF4817322
:10207000A4F8603094F87430064603EB820308B984
:10208000FF2B17D0184607F0BFFD2B7D5BB3A06F69
:1020900008F07EF9A16FE06D08F06CFEAEB1B5F806
:1020A000E00007F069FD002008F0F0FA022384F850
:1020B0004430F8BD95F820018842E3D1002AE6D1EA
:1020C000384608F065F908F089FE95F82131B5F831
:1020D000E420033B012B8CBF00202820104480B259
:1020E00008F0C6F9DBE7E06D08F052F908F076FE7B
:1020F000D4E700BF300900202DE9F04FC44C666AD8
:1021000087B096F8201138B9327D94F8743003EB1B
:102110008203FF2B00F0F180FF2007F075FD676A56
:10212000002304938DF814308DF80930ADF80A308F
:102130003B7A062B00F21B81DFE813F07B00E60000
:10214000610061001901070007000DF10A0103A8F1
:1021500001F02CFE002800F0F680039D002D00F019
:10216000F2800122062384F87D20BDF80A203B720C
:10217000002A5CD0E91CA4F854202165B7F8092096
:10218000A564022BADF811206AD0053B012B66D85F
:102190000B780322022B8DF8102000F0A180D4F8D8
:1021A00080000CF02BFE0546002840F0C780236D10
:1021B0001B781B2B00F0EB8000238DF81430F37C90
:1021C00084F8315004A823B1B4F85430002B40F007
:1021D0008A80FFF7CDFEA06C08F0DAF808F0FEFD6B
:1021E000B6F8E20007F0C8FC012008F04FFA01231E
:1021F00084F8873084F8443007B0BDE8F08FB7F832
:102200001031D4F88000ADF80A300DF109020DF15B
:102210000A010CF098FD0546002800F00781BDF882
:102220000A20012384F87D303B7A002AA2D111468E
:10223000A1E794F87C30A7F810310DF10A0103A84A
:10224000ADF80A3001F0B2FDE8B1039DDDB1012225
:10225000052384F87D203B72BDF80A2088E701231E
:102260008DF81030D4F880000CF0C8FD0546074604
:1022700000285ED101F0B4FD80F00105EDB28DF8CB
:1022800013503B4699E7636A93F85180B8F1000F09
:102290005ED1D4F880000DF10A010DF109020CF0B5
:1022A00052FD0546002853D09DF809A0BAF1000F51
:1022B00074D1BDF80A30002B5ED101233B7284F843
:1022C0007D300023A4F854302365B7F80930A564A5
:1022D000ADF8113001238DF81030B8F1000FC1D0E6
:1022E00000252B4669E7FFF743FEA06F08F050F882
:1022F000A16CA06F08F002FD72E796F821318B42C5
:102300007FF40AAF37460BE7424BA3640023A4F8DF
:1023100054302365B7F80920D4F88000ADF81120B7
:1023200001238DF810300CF069FD054607460028A2
:10233000A0D001238DF8133000233EE701238DF850
:102340001330236D34E740F2D2512720FEF73AFFD5
:102350004FF00008002301223A722E4AA4F85430AC
:102360002365ADF80A30A264B7F80930B0E740F24F
:10237000DC512720FEF726FF00232B80AB700122C3
:10238000032384F87D203B72BDF80A20F0E607F1B4
:10239000BA00012107F07EFC01230EE72946D4F89C
:1023A00080000CF0BDFD0CF0BFFD0368D0F804B058
:1023B00053EA0B0281462FD1BDF80A20002389F889
:1023C000003089F8013089F8023089F8033089F843
:1023D000043089F8053089F8063089F80730002A7A
:1023E0003FF46BAF9DF809100029C5D0297801F0A2
:1023F0000301012906D0BB75012102233B7284F839
:102400007D10B7E6032384F87D103B72B2E600BF6F
:1024100030090020B4090020019309F031FE019B2E
:1024200083427BEB0101C7D2D04693E740F2C35110
:102430002720FEF7C7FE00BF2DE9F04FA94C656AC3
:1024400094F844208BB005F1A8030693022A4FF0BC
:102450000003CDE9083340F06D82E36D032293F869
:10246000009088465978A4F868101344636609EA16
:1024700002030646A4F8602007934FEA291AC9F31D
:10248000001B002800F0B180002940F0C5816B7A64
:10249000A28EA1650133DBB283EA990142F4007296
:1024A00011F00107A28640F0D5802A7AA2B1032A52
:1024B0006B7200F2FF81012A0ED0D4F8800008A9C7
:1024C0000CF066FC002800F03F822B6F01332B6775
:1024D0006B6F43F100036B67636A0021297293F805
:1024E000A8304BB16B793BB1238D697143F0100378
:1024F00023851020A36B9847A38E43F40063A38623
:102500002B7D0027C9F3C009002B40F0AA80AB7ACD
:1025100003F00102914500F0E980A36D002B00F06B
:102520009C810AF0010A84F832A0B8F1000F40F053
:10253000C4804FF0000994F88A100120FFF78EFC48
:1025400082468046002800F04E8108F0F1F8D1461E
:10255000A38E5A0607D4A36B002140209847A38E70
:1025600043F04003A38687B1EB884BB9636A93F8C5
:10257000A8302BB1B4F80530B4F80720134304D0C9
:10258000B4F809300133A4F80930002E5CD0B4F857
:10259000053000220133A4F8053084F88A2052481F
:1025A00002F028FF089830B10CF0BEFC0022027245
:1025B000069902F0C9F9099B33B100221A720C2264
:1025C0000998069902F08EF9B9F1000F70D1A38E27
:1025D0001B0607D4A36B494680209847A38E43F07F
:1025E0008003A3860BB0BDE8F08F2B7D002B40F05D
:1025F000108194F88A30013384F88A30A38E43F432
:102600008063A38695F82131033B012B04D902F0A6
:10261000D3F9074600285AD007F0C4FA0328A76D5B
:1026200000F0FF80002F00F086800AF0010A84F895
:1026300032A0B8F1000F51D008F07AF8A78E17F049
:1026400040074FF0010986D0B4F807300133A4F8F1
:102650000730A4E72B7D3746C9F3C009002B3FF4B0
:1026600056AFB4F868308BB9AB7A03F001029145EC
:102670007FF453AF0133AB72079B032B00F02A8129
:10268000A26D002A7FF44DAF914657E008F0C2FBDF
:102690000328FBD002280BD000287FF438AFAB7A98
:1026A00003F0010399457FF438AF012384F83C30EF
:1026B000FFF70EFC0BB0BDE8F08F08F039F8A38EE1
:1026C0005A0636D5002F00F01A81B1464CE7A36DAB
:1026D000002BAAD1B4F8682081462FE04FF0000902
:1026E0004F4628E73009002054090020B4F868203C
:1026F000002ABFD00798411E012938D90133032889
:10270000AB7200F0E780AB6F0133AB67EB6F43F167
:102710000003EB67A36D002B7FF403AF99460DE038
:1027200008F006F8079909A8FFF762FCA38E5B067C
:10273000C8D4B1460FE7B4F86820B946002A14BFE0
:102740004FF0000B0BF0010B84F832B0B8F1000F22
:1027500040F0098194F88A100120FFF77FFB804642
:10276000002840D007F0E4FF4FF00109F0E6A38E07
:1027700095F8149043F48053A38607F013FA0328C6
:1027800094F8883007D1B9F1000F0CBF1F221B222B
:10279000934228BF1346B4F86820A16D9A4200F214
:1027A000B080002900F0B88094F88930002B4CD11B
:1027B000AB6F0133AB67AB7A03F10103AB72EB6F25
:1027C0000AF0010A43F1000384F832A0EB67B8F184
:1027D000000FA5D194F88A100120FFF73FFB814636
:1027E00000289DD1B046EB7C002B3AD1002095F813
:1027F0002021B5F8E01007F01BFC0020FFF77CFC5F
:10280000B8F1000F3FF4A4AE079909A8FFF7F0FB59
:102810009EE608F03FFBECE6E06E0CF010FB014694
:1028200035E6B4F868201B2A94BF4FF000094FF03A
:102830000109002F82D00AF0010A84F832A0B8F111
:10284000000F7FF4F9AE474675E6A36B0021202008
:102850009847A36D002B7FF464AEB4F868209946C6
:102860006CE7636A95F82A0193F8A82095F820315F
:10287000013BDBB2B2FA82F28000032BD5E91CAB3C
:102880004FEA5212C0B205F1800105F1900C60D8F8
:10289000CDE9002C4FF0010E4FF0000CCDE904CE35
:1028A0004FF0FB0C039352465B46CDF808C008F08E
:1028B00075F99BE7053A012A41D801F085FA00280D
:1028C0004CD0238D43F0080323853946A36B0820A1
:1028D0009847FAE5A38E264943F48053A386238DB7
:1028E000012043F0010323852871A36B9847AB6F48
:1028F0000133AB67EB6F43F10003EB670DE6B146C5
:1029000045E694F8303043F0100384F83030002965
:102910007FF407AE894611E7002A14BF4FF0000B81
:102920000BF0010B84F832B0C146B8F1000F7FF410
:1029300019AF0FE740F6AD112720FEF743FC40F238
:10294000B3712720FEF73EFC40F2D4712720FEF73A
:1029500039FC40F225410620FEF734FC40F2DE71DE
:102960002720FEF72FFC07F0E3FEC146F0E500BF8D
:10297000940900202DE9F0413E4C94F84430012B9D
:1029800086B06CD1666A5FFA83F8337905460F46E4
:1029900073B1238D002143F0040323853171A36BB0
:1029A00004209847636A93F8A8300BB186F8058035
:1029B000337A052B06D005B9DFB906B0BDE8F04182
:1029C000FFF786BA238D2C4943F0020323850220AA
:1029D000A36B9847636A93F8A830002BEBD0236D64
:1029E0001B78A3F10203B3FA83F35B0984F82A305E
:1029F000E1E729462846FFF731FA0028DDD1337D8B
:102A0000676A63B997F82121B7F8E210012007F04F
:102A10000FFB002006B0BDE8F041FFF71FBB97F8A1
:102A2000213197F8A82094F874C0013B003ADBB23A
:102A300018BF0122032BD6E91E0106F1800406F11E
:102A4000900611D8009202460120CDE90335CDE968
:102A5000016C0B460590214608F0A0F8D2E740F63D
:102A60000C112720FEF7AEFB40F225410620FEF7B1
:102A7000A9FB00BF300900208009002010B50C4CD4
:102A80000C4A94F844300C49116023B14FF4B171F1
:102A90002720FEF797FB03F0FF02227602F03AFDB3
:102AA00000F07EFF206700F07FFFA06710BD00BF31
:102AB0003009002038150020D82D000010B5074A35
:102AC00092F8443013B10C24204610BD03F0FF04EB
:102AD000147602F01FFD204610BD00BF3009002013
:102AE0002DE9F043A54C87B094F844609DF838C0B8
:102AF000002E40F03981002900F03681002A00F0D4
:102B00003381002B00F03081054606F0FF0023647E
:102B1000A163E26284F889C084F8300084F88A00F6
:102B200084F83C0084F887002085A08684F8310072
:102B300084F8320084F87D0084F82A00A0642065BF
:102B4000A4F85400E0656066A4F86800656207F0C8
:102B500005F908F043F995F9280107F051F9D5F87E
:102B6000D460D5F8CC0007F051F9304607F0F4FBFB
:102B700095F8250007F054F9B5F8E030672B40F2DE
:102B80008980B5F8E230672B40F28480636A93F85D
:102B9000A860002E00F0868093F80733002B40F0E9
:102BA000A0800EF0B3FE95F8212100F189010120EB
:102BB00007F02AFA724B186807F0D4FBAB7BD5E913
:102BC0003012243B072BC4F88010E26640F28C8060
:102BD000EB7B243B072B40F28780B5F8F230B5F849
:102BE000F80095F82011984228BF1846042908BF1C
:102BF00003210DF064FD024695F8F40095F8F030DD
:102C0000904228BF104680B2984268D295F82111B0
:102C100084F87C3005F1E8000EF0F0F995F8211108
:102C20002F7DB5F8FC60032908BF04210DF047FD96
:102C3000002F51D0864228BF0646F6B284F888603D
:102C400001F0BAFE002851D1636A84F8746093F8E9
:102C5000A830002B3AD02B7D002B4ED10120FFF75E
:102C6000FDF9636AD3F8E80107F0CAFB0023C4E961
:102C70000033A360D5F82431E888B5F8AA1095F898
:102C800025206080218022710BB101221A6007B0DB
:102C9000BDE8F08306F076FF636A93F8A860002E23
:102CA0007FF47AAF0EF032FE95F82021354B33F8E1
:102CB000123001463046344E03F5FA73A6FB036327
:102CC00001EB9311663107F09FF973E7EA7C72BB61
:102CD0000120FFF711FAC9E7043080B2AAE7C3B2B6
:102CE00094E707F01DF85CE71B238FE701F06AFE0D
:102CF000B04238BF3046C6B2A6E795F82131013B55
:102D0000DBB2032BD5E91E0105F1800705F1900226
:102D10002FD8CDE9026301920026024601200B461E
:102D2000059039460090049607F038FF96E795F82D
:102D3000206195F82A01013EF6B28000032ED5E904
:102D40001C89C0B205F1800105F1900211D8CDE9CE
:102D50000363012605960096FB2601924B464246E8
:102D6000029607F01BFFB3E74FF420712720FEF710
:102D700029FA40F225410620FEF724FA3009002006
:102D80003815002004B60200D34D6210FFF7A0B83A
:102D9000014B93F88700704730090020064A938E54
:102DA00013F4C06F03F4805103D092F87D0000B19A
:102DB0007047080B704700BF30090020024B93F8A2
:102DC0003500C0F3C000704730090020014B93F874
:102DD0008A00704730090020451F00003924000098
:102DE00075290000311F000008B501210020FEF701
:102DF000D5FD28B190F89400003818BF012008BD17
:102E000040F64A313220FEF7DDF900BF343270B5AA
:102E100092B204461E460D460CF030F924B1034B25
:102E20001C601D745E741D7170BD00BFD40900204C
:102E300090F86C00003818BF01207047F0B5070CFF
:102E4000A7F5AA42144B543A012A03EA90231FD94A
:102E500027F4004042F6AA22801A18BF012000225F
:102E6000162116461F2487EA060562EA0505013584
:102E700010D0DD03ADB245EA5606E503ADB2013927
:102E800045EA52024FEA53034FEA5404EBD1F0BD36
:102E90000020E4E70020FAE7E0FF3F00304BF0B508
:102EA000B0F86C70B0F86A601D890C461146DA887B
:102EB000974228BF1746964228BF16461B2E85B05C
:102EC0002ED0B5F5A47F2DD040F648039D4201AA2F
:102ED00028BF1D460CF00FFABDF80A30BB4228BFD0
:102EE0003B46E380BDF80C30AB4228BF2B46238124
:102EF000BDF80630B34228BF33466380BDF80830C2
:102F0000AB4228BF2B46A380FF232370E3881B3BE3
:102F10009BB2E02B08D940F209513920FEF752F953
:102F20001B2FCED105B0F0BD63881B3B9BB2E02BBD
:102F300002D940F20B51F0E72389A3F5A4739BB2A9
:102F400040F64812934202D940F20D51E5E7A388BA
:102F5000A3F5A4739BB29342E4D940F20F51DCE78E
:102F60007C0A0020F7B50023CDE9003304460E4665
:102F700017466846FEF74CFD08B100201AE0009D98
:102F8000A542F6D030460CF0B0F905F1AD0395F846
:102F9000AC2039460DF0F5FA0028EAD095F8B320B8
:102FA00094F8B30005F1B40304F1B4010DF0E9FAAB
:102FB0000028DED003B0F0BD054A516A11F8030BBA
:102FC00002F11D03C0F38010127F0DF0DABA00BFCA
:102FD000BC0F00200138C0B2032808B504D94FF453
:102FE0003F710620FEF7EEF8014B185C08BD00BFEC
:102FF000CCB302000138C0B2032808B504D94FF49D
:103000003F710620FEF7DEF8014B185C08BD00BFDB
:1030100024B402000138C0B2032808B504D94FF423
:103020003F710620FEF7CEF8014B185C08BD00BFCB
:1030300000B5020010B503210020FEF7AFFC0446E6
:1030400070B90321FEF76EFC044620B940F2253129
:103050003920FEF7B7F8034B93F96C100EF06CFFB4
:10306000204610BD7C0A0020014B5888704700BFE5
:103070007C0A0020044BD87BC0F3400080F00100A4
:1030800000F00100704700BF7C0A002010B50DF071
:1030900077FA01F047F800F0E7FC0DF009FF02F0C5
:1030A00017FA01F05FFA06F089F9012000F080FCC0
:1030B000184B194C194A002119604FF01B13C4E931
:1030C00000234FF4A473A3604FF479432361144B9E
:1030D000A4F86410586860631B89A181102204F170
:1030E0003C0084F83210E17323870BF08FFA012340
:1030F00004F15A0042F21072C4E9102284F83C3004
:1031000063750FF097FB04F14C00BDE810400FF021
:10311000B7BB00BF3C1500207C0A002003021B0047
:10312000CCB30200044B41F64C521B21C3E90622EA
:1031300099731A62FFF7AABF7C0A0020F7B53B4DCE
:10314000AB69C0F8E8302B7C003B18BF012380F846
:10315000293100F1A807364BC0F8C830044638467C
:103160000EF0E0FC064600F067FC830654BF1B230C
:103170006B88A4F8123158BF1A462E4BA97B1B68E6
:1031800048BFAA88A4F8142184F8F010A4F8F260CB
:1031900023B194F92811B4F8AA009847264B1B686C
:1031A0001BB12649B4F8AA009847254938460DF0C6
:1031B00057F80123A4F8DE30224B1B681BB1B4F88A
:1031C000AA0000219847204B1B681BB1B4F8AA0045
:1031D000002198471D4B1B6813B1B4F8AA0098470B
:1031E0001B4B1B6813B1B4F8AA009847AB886A88D8
:1031F0006978019129780091033303329BB292B22E
:1032000004F1C40104F1C000FEF73AFCD4F8C03068
:1032100023B940F2E2413920FDF7D4FFD4F8C4309D
:1032200013B940F2E341F6E703B0F0BD7C0A002099
:1032300000093D004C15002044150020A00A002084
:10324000860A00205C15002050150020541500202F
:10325000581500202DE9F34104460E460EF0ADFE50
:10326000002800F0968020460FF01CF840B1B6F818
:103270000130013B7F2B03D9122002B0BDE8F08161
:1032800020460FF013F808B90C20F6E720460EF0A0
:1032900000FD0028F8D120460EF038FE80460028B8
:1032A000F2D1204604F0ACFC0028E5D0B6F801705D
:1032B000F17842F2107320465F430EF0DEFF0421E6
:1032C0003078FEF76BFB062105463078FEF766FB8B
:1032D0002DB140B141F676213920FDF773FF18B3C7
:1032E00090F8E58005462C4E3368EBB14035284612
:1032F0000EF0F5FAC0B128460EF0E2FAA0B9B8F126
:10330000000F07D0254B28461B68984760B141F64F
:103310008A21E1E722493368096A424628469847EC
:1033200010B141F68F21D7E720460EF0B3FF0146DA
:1033300038B93A46204602F00BFE40B341F69821D8
:10334000CAE702210DF10600FEF7B4FA054608B9F6
:103350000D2092E7BDF806100DF049FA29462046E7
:103360000EF0CBFF2846FFF7E9FE3A4629462046F5
:1033700002F0EEFD024610B141F6B421ACE7084B75
:103380009B6E23B105F5977105F1A80098470020C1
:1033900073E7422071E700BF401500204815002068
:1033A0007C0A0020024B1B6803B118470C207047B1
:1033B0003C150020034B5A8802801B788370002044
:1033C000704700BF7C0A002073B583781A2B06462D
:1033D00008D8042B04D9334A22FA03F3DB0705D4B7
:1033E00012251AE0292B01D03B2BF9D13088B0F5FA
:1033F000706FF5D269460DF0C9F988B9009B93F852
:103400002C2102F0FF05C2B9B27883F82D21FF22EA
:1034100083F82C2168460CF06BF9284602B070BD89
:1034200030880921FEF7BAFA0446002837D0B0F8F0
:10343000AC0101A90DF0AAF908B10C25EDE7B4F82B
:10344000AE010821FEF7AAFA20B94FF40461392031
:10345000FDF7B8FE03781BB994F8C831032BECD103
:10346000019B93F84221002AE7D194F8F02102F061
:10347000FF05002AE1D1B4F8B021A3F8442194F863
:10348000B82183F84621027D83F84721B27883F87A
:10349000482184F8F021FF2283F84221BDE702256C
:1034A000BBE700BF200038040188A1F11B039BB2D9
:1034B000E02B0CD84288A2F5A4739BB244F24810CA
:1034C000834204D8034B0020D9801A817047122010
:1034D000704700BF7C0A002038B50278447802F0BB
:1034E000010354EA030102F0020201D1112038BDA8
:1034F000BAB98578002DF9D0002B18BF002400E060
:103500001D4620460BF097FF0028EFD028460BF011
:1035100092FF0028EAD0054B00209C72DD72988152
:10352000E5E7002BECD000242546EAE77C0A0020E2
:1035300013B5008801A90DF04BF9044620B9019894
:1035400090F83E311BB13A24204602B010BD90F8ED
:103550005C3003F0FF04002BF5D190F853309B074B
:1035600006D1FF2380F83E3101A80CF0C1F8EBE74B
:10357000024954300DF0C4FCE6E700BF23180100F7
:10358000F7B50678EF2E04460F4603D912263046CB
:1035900003B0F0BD90F901204378002AF6DB827871
:1035A0009207F3D113F010001DD19D0603F0030222
:1035B00016D5002AEAD11907E8D42179E278E5790D
:1035C00042EA0122617942EA0142A17941EA0521F8
:1035D000257A41EA05418A42D8D81F2A12D8D5E770
:1035E000032AE8D1D2E713F0600FCFD103F007022E
:1035F000052A05D003F00F010D22CA40D207C5D518
:103600001D07DAD5627A013A062ABFD8A27A032AC0
:10361000BCD813F0040302D1023A012A03D8E27A9B
:10362000012AB3D813B9A37C032BAFD8237DF8B1FB
:10363000012BABD1237E012BA8D818B36378D9070F
:1036400002D500F077F920B36378227D03F01803E8
:10365000082B2ED1022A1CD103213046FEF79EF9F9
:10366000054660B30EF015FB002834D00C268EE71B
:10367000022B8BD0A37D013B022B87D8E37D0F2B40
:10368000D8D983E700F0E2F9820707D4237D022B23
:1036900001D111267BE7A37D022BFAD000F0D6F9E9
:1036A0004307CBD4237D032BF3D0A37D032BC5D1BC
:1036B000EFE7022AD0D0237F002BCDD0E9E703210A
:1036C0003046FEF72FF90546002843D0224B93F9E8
:1036D0006C100EF031FC002130460FF077F828BB5B
:1036E00028460EF0D4FD21463870E07428460EF0CE
:1036F000B6FCE37E0646002B3FF449AF00287FF47A
:1037000046AFE96C02466846FEF79AFAE86C324624
:1037100001210BF009FDE96C68460422FEF790FADE
:10372000E86C324631460BF0FFFC30E740300EF0DB
:10373000D6F80028D4D0637813F0330F7FF426AF87
:10374000296AA67D28460EF0C4FDFFF743FC864299
:10375000C6D08BE707261AE77C0A002030B502792D
:10376000042A8BB003464FD84088B0F5804F4BD821
:103770002649114400248A7C4D7BADF8004042F07C
:10378000100242EA4502CD7D097F8DF8084042EAE9
:10379000850242EAC10202F01F028DF80020BDF846
:1037A0000020ADF809201A888DF80B208DF80E0046
:1037B000120A000A8DF80C208DF80D408DF80F00CC
:1037C0008DF810405A7B8DF811205A798DF812200F
:1037D0009A79D3F807008DF81320B3F80B209B7B60
:1037E0008DF81A307F2305908DF81B3069464FF015
:1037F000011302A8CDE90734ADF818208DF8244054
:10380000FFF7BEFE0BB030BD1220FBE7CCB30200C9
:103810000278034672B1427862B142881A2A09D905
:1038200082881A2A06D9044A006810609B8893800F
:1038300000207047122070477C0A0020024B02686B
:103840009A610020704700BF7C0A00200378A3F132
:103850000A02112A9DBF024A00209373122070476A
:103860007C0A0020014B5874002070477C0A00201D
:10387000014B9874002070477C0A0020024B1B68A3
:1038800003B11847112070476015002008B50520C6
:1038900000F09AF805F046FD014B024A9A6608BD11
:1038A0007C0A00209D2E000008B5064B01221A71EB
:1038B00004F090F904F058FF0CF0B8FCBDE80840A3
:1038C00000F038BFEC0A002010B50C20084C00F0C6
:1038D0007BF8282000F078F804F1080005490CF086
:1038E0005CFC04F10C000449BDE810400CF055BC30
:1038F000EC0A0020640000206C00002010B5094C88
:10390000094904F108000CF048FC04F10C000749D7
:103910000CF043FC04F110000549BDE810400CF028
:103920003CBC00BFEC0A0020740000207C0000209A
:1039300084000020014B1879704700BFEC0A00207A
:1039400038B5074C0D4600F0D1FEA06825600CF09C
:103950001CFCFFF7E7FB01F06BF80123237538BD72
:10396000EC0A0020014B187D704700BFEC0A0020D4
:1039700010B50A4CE0680CF008FC20690CF005FC5E
:10398000FFF784FB202000F033F8262000F030F809
:10399000292000F02DF80023237510BDEC0A00202B
:1039A00000487047010B002000487047030C0020BE
:1039B000014B83F819027047EC0A0020014B93F881
:1039C00019027047EC0A0020C208074900F00700FE
:1039D00001238340885C03438B5404490B78934252
:1039E00038BF13460B70704718000020060D0020EA
:1039F00010B50F4BC40803EBD002012100F0070003
:103A000001FA00F0195D21EA0001195509490B7806
:103A1000A34205D1002012F8014914B100B10B7086
:103A200010BD002BFAD0013BDBB20120F3E700BF51
:103A300018000020060D0020014BD3E9000170475B
:103A4000180000200048704720000020054B18682F
:103A5000C0F3C022C0F30020400040EA820040F0E2
:103A6000010070471800002008B508F03BF9084A2B
:103A7000002332F82310814205D302EB83029378AE
:103A8000044A137008BD01330C2BF2D10023F7E771
:103A9000F4B30200070D0020024B1878072828BF56
:103AA00007207047070D00202DE9F04F0468984665
:103AB00094F8633094F80FA043EAD3030F46D90774
:103AC00085B0164604F1A80902D4BAF1260F5FD1D9
:103AD00094F8A850002F55D1FFF7B8FF8DF80B00D0
:103AE000002E51D1FFF7B2FF2B4B8DF80C00D3F80D
:103AF00000B0BBF1000F0CD0AAF126025342534193
:103B00000093284603AB0DF10B024946D847054602
:103B100030B99DF80B3013B19DF80C0028B9092578
:103B2000BAF1260F2AD10020034694F8292132B198
:103B30009B0700F002002DD560B302200346FF2250
:103B400084F8392194F8382102F0FF05F2B99DF884
:103B5000382084F83B0184F8382184F83A31A4F8FD
:103B60003C8103A948468DF80C708DF80D60ADF8C6
:103B70000E800CF075FB002384F83931284605B01F
:103B8000BDE8F08F3846A9E73046ADE73A25F2E7C1
:103B90001A25F3E70925F1E76415002010B504683C
:103BA000B4F8AA3084F87E11A4F87F3194F820018B
:103BB000FFF720FA84F8810194F82101FFF71AFA3F
:103BC00084F88201034904F27510BDE810400DF03D
:103BD00097B900BF4B0201002DE9FF47046894F834
:103BE0000EA0AAF125030E4659425941052A054661
:103BF00039D1E37B272B3BD104F10F0796F80190D5
:103C000096F8028009F0070908F0070809F1FF3368
:103C100008F1FF3203EA090302EA0802134321D143
:103C200040460CF0B5FB70B394F8203198422AD08E
:103C300094F83A2118EA020F14D0BAF1250F22D0D5
:103C400094F8192118EA020F1DD1464A0138013BA8
:103C500052FA80F0DBB2032B00790FD81A441379A3
:103C6000834210D9284604B0BDE8F0470CF058BB99
:103C7000BAF1250F74D104F10E07BFE74FF4DD71DF
:103C80000620FDF79FFA48460CF082FB40B194F8FD
:103C90002131834204D094F83B3119EA030FE1D07B
:103CA000B6F8036003AB00932046334642464946CC
:103CB0000CF07BFB2C6878BB94F83831012B28D1B1
:103CC000E38894F82011B4F83C0104F534720CF048
:103CD000CDFB0646D0B901462846FFF75FFF2B68AB
:103CE00083F838613E702B6803F10F02974201D1CF
:103CF0000022DA732B6803F10F0297422CD1284679
:103D00000DF0D3FA002004B0BDE8F0872C23A37394
:103D1000E9E784F83801E6E7E388A4F8D062013ED9
:103D2000F61AB6B247F6FD739E4206D9282384F8E8
:103D30003130284601F01CF9DCE7E37B0D2B02D083
:103D40000A3B012B01D82A23F1E7BDF80C30A4F877
:103D5000D23229233B70CDE7002283F84A20D1E7F5
:103D60000220D0E724B40200024B002283F8322064
:103D70009A8670470A0D0020044B93F83220012ADE
:103D80001ABF036001200020704700BF0A0D002009
:103D9000054B93F83210012902461DBF012083F81C
:103DA00032009A86002070470A0D0020054B02461B
:103DB00093F8320020B1136009B19B8E0B80012073
:103DC000704700BF0A0D0020044B93F83200002218
:103DD0009A8610B183F83220012070470A0D002026
:103DE000034B93F83200B0FA80F04009704700BFEF
:103DF0000A0D002050B90A4A1346012003F8010BAE
:103E00000868C2F801008A889A807047012805D1A5
:103E1000034B0A689A608A88D8719A81704700BFFC
:103E2000400D002050B90B4B187888B1D3F8012011
:103E3000B3F805300A608B8001207047012806D155
:103E4000044BD87920B19A680A609B89F3E7002077
:103E5000704700BF400D002010B9044B1878704720
:103E6000012806BF014BD87900207047400D002083
:103E7000F7B500238A888DF80600ADF8042008689D
:103E80000B4A8DF80730019D1478014602F5A8729F
:103E9000D8B2844201D8082008E052F8087F56685A
:103EA000AE4208BF8F4203F10103F1D103B0F0BD70
:103EB000500D002030B5094B01465C78002203F21A
:103EC0000113D0B2844201D8082005E013F8015F45
:103ED0008D4202F10102F4D130BD00BF500D00202F
:103EE000F8B52D4C6378013BDBB22218834292F87F
:103EF0000251637030D01A010101961C8F1C2644B8
:103F0000274406F1100C56F804EB47F804EB66451D
:103F1000F9D1823282312244214402F1100652F852
:103F2000047B41F8047BB242F9D1E118221891F8E0
:103F3000026182F8026106267343704303F58573BC
:103F400000F58570E618E35823502718B388BB8026
:103F500091F83A3182F83A312846FFF7ABFF08284A
:103F600018D12378013BDBB29D42237012D02B3352
:103F700004EBC30393E8030005F12B0204EBC20238
:103F800082E803002078FFF795FF08281CBF24185B
:103F900084F80251F8BD00BF500D0020F0B5254D4A
:103FA00095F8984189B0224605F2991168460AF0C1
:103FB0006DFB214668460CF002FB0446B8B300EBEB
:103FC0004001C9B202A8FDF729FF631E95F8A1615F
:103FD000DBB2012495F8981105E0721CB2FBF1F0F8
:103FE00001FB1022D6B206F120020DEB020010F800
:103FF000202C002AF1D103EB43012031694406EB68
:1040000046022A4411F8187C82F8A27111F8177C34
:1040100011F8161C82F8A37182F8A41100F8204C44
:10402000013BAA19DBB2FF2B82F89941D2D109B02A
:10403000F0BD00BF500D002070B5064688B00C469C
:10404000002A4ED0294A92F8A131D01890F899113F
:1040500019B9FF212820FDF7B5F803EB43011144FE
:10406000013391F8A251E57091F8A35191F8A41190
:1040700061710021257180F8991192F89811B3FBB4
:10408000F1F001FB103382F8A13192F8C23123B96B
:10409000174902F5DD700CF030FF657905F03F053A
:1040A00045F0400565710D22002168460AF0AEFA20
:1040B000E3788DF80F3023798DF80E3004AA0423AD
:1040C000694630468DF80D500AF0BEF89DF81F3055
:1040D00023709DF81E3063709DF81D30A37008B0EA
:1040E00070BD03216018FDF799FED6E7500D002042
:1040F0009D3F0000044B5A78824286BF1B1893F8FC
:104100004A010020704700BF500D0020044B5A7830
:10411000824286BF1B1893F842010020704700BFFF
:10412000500D0020064B00224FF461711A8083F875
:10413000C32183F8C421A3F8C61183F8C2217047B4
:10414000500D00202DE9F0478246894617469846D3
:10415000FFF78EFE08280546064603D0FFF7AAFEA5
:10416000082860D1324C6378072B5ED8082D15D112
:104170002678731C072E237003D96C212820FDF7A5
:1041800021F806F12B02D9F8000044F8320004EBC4
:10419000C203B9F804209A8083F806A065786B1CE6
:1041A000290163704B1C07F11002234412F8010D22
:1041B00003F8010FBA42F9D1813108F1100321440B
:1041C00013F8012D01F8012F9845F9D1102140462F
:1041D0000CF03BFA2544102185F8420138460CF0DA
:1041E00034FA85F80261667885F84A01002311489F
:1041F00085F83A3131460CF0E2F90128054607D836
:104200000D4831460CF0DBF9002818BF0135EDB23E
:1042100084F898510025284684F8A151FFF7BEFE86
:104220002846BDE8F0871220FBE70720F9E700BF2A
:10423000500D0020920E00209A0E002010B5064B63
:104240005878013840B2002800DA10BDC4B22046C8
:10425000FFF746FE601EF5E7500D0020014B83F886
:10426000C3017047500D0020014B93F8C301704704
:10427000500D0020431E9BB24AF2B71293429DBFDD
:10428000024BA3F8C601012000207047500D00200A
:10429000014BB3F8C6017047500D002030B50A4BF2
:1042A0005C7884420ED9184490F802012B3003EB5D
:1042B000C004A5790D7053F830001060A388938076
:1042C000012030BD0020FCE7500D002002460748C9
:1042D00010B590F8C34124B1417821B1023005F006
:1042E00085F8204610BD0C46FBE700BF500D0020AE
:1042F0002DE9F74F2F4C9A466378834280468946D2
:1043000056D9231893F8425185F00105F9B193F875
:104310004A31E3B945F002070135BAF1000F18D16F
:10432000FA070AD5062101FB084104EB08105246A2
:1043300001F585718230FFF77FFEBB0734D504EBB2
:104340000810524649460230FFF776FE2CE02F4611
:10435000E3E794F8A1614FF0010B002DE0D0A31921
:10436000019393F8991199B90092DAB100F030FBFA
:1043700006EB46012144019B81F8A2014FEA102C73
:10438000009A81F8A3C1000C81F8A40183F899B1C7
:1043900094F898310136B6FBF3F103FB1166F6B2DF
:1043A000013DDAE747F00407384603B0BDE8F08F77
:1043B0000027F9E7500D0020074B5A78824209D9AF
:1043C0001A1892F842212AB9062202FB003000F5A1
:1043D0008570704700207047500D0020064B5A78BA
:1043E000824281BF1B1893F83A01B0FA80F040096D
:1043F00098BF0020704700BF500D0020F8B50E4652
:1044000007460621304615460CF01FF9044670B1E8
:104410000C4B0022587803F23913D1B2884202D8EB
:1044200001242046F8BD03F8015F0132F5E731466B
:1044300038460CF0E0F80828F3D0024B034483F828
:104440003A51EDE7500D0020034B80F880101B68B7
:104450000BB1408818477047681500200B2808B535
:1044600004D940F229112920FCF7ACFE014B33F8A6
:10447000100008BD2CB40200036830B50024D3F846
:10448000C800A3F84040B3F8444042F210754443DA
:10449000B4FBF1F4A3F844404C1E05FB0242B2FB0E
:1044A000F1F2A3F84220094AB2FBF1F20132A3F87B
:1044B00048209A8F05FB02445A6BB4FBF1F4504339
:1044C0009C63B0FBF1F0586330BD00BF005A62023C
:1044D00013B540F6B8338387B0F8D220D0F8C810AF
:1044E0000190044601A8FFF7C7FF0C4B1B68062B81
:1044F00001D001330FD10A4B1B68063B08330AD9A0
:10450000D4F8CC00FEF79AFC80F00100C0B284F829
:10451000070302B010BD0020F9E700BFB01400206F
:10452000B4140020054B1B7833B9054B1A681B796E
:10453000026003710120704700207047180F0020AF
:1045400028000020054BFF221A70054A01681160FF
:104550000179117100221A70704700BF180F0020F6
:104560002800002007B5064A1068009012798DF8DF
:1045700004206846FFF7E6FF03B05DF804FB00BFC8
:1045800076CC02000346084671B13F2B0BD8074A90
:10459000D35C03F07F02914205D08CBF0120002044
:1045A00000EAD31070470120704700BF44B40200F6
:1045B000FF230B7002234B7083238B70014B1B78FE
:1045C000CB7070471C0F00202DE9F84FD0F8048005
:1045D000D8F81C6030460C460AF090FC054620B91D
:1045E0004FF4AA711020FCF7EDFD014630460AF0A9
:1045F00093FCB5F800B01FFA8BF7824617B94FF459
:10460000AC71EFE7224B1B6800F10309D3B998F8AE
:10461000023098F8032023706378A4F802B002F007
:104620000F0223F00F03134323F0C00363709AF8C3
:10463000003003F00303012B0FD0022B0DD04FF4F9
:10464000BB71CFE7B8F802003A464946984705469D
:104650000028DCD12846BDE8F88F627863F30512A4
:10466000627030460AF062FC054610B94FF4C07122
:10467000B8E7FB2F02D940F28F11B3E73A4649461B
:10468000201D0AF003F830460AF0A7FBE2E700BF5E
:104690006C15002038B5134C10220021201D09F0A4
:1046A000B5FF01252574102204F10803002104F14F
:1046B0001400C4E9013309F0A9FF84F8205004F183
:1046C0001803C4E90533084A00236362A36284F82F
:1046D0002C30C4F82D30C4F8313084F835301360F4
:1046E000A36338BD1C0F00206C15002010B5084CCA
:1046F0002378FF2B04D040F299111020FCF762FDC3
:1047000009F0E8FD2070BDE81040FFF7C3BF00BF0F
:104710002D00002010B5034C207809F0F5FDFF2393
:10472000237010BD2D000020014B187809F0FCBD4E
:104730002D000020014B024A1A60704774150020BA
:10474000C94500002DE9F341DFF88881054608F1ED
:104750001407D8F80830D8F81840227A012A22D154
:10476000D8F8382052B1137A1BB9BF211020FCF7BA
:1047700029FDD8F83840C4B9002093E01A7A012AFC
:10478000FAD0554A1C46EFF3108172B650680068A3
:10479000506001B962B6A34208BFC8F83840237A16
:1047A0001BB9EE21E2E73A46EDE7267AF6B2052399
:1047B0002372731E0B2B7ED8DFE803F07A062336B4
:1047C000773F4E3F3F3F3F6B636813B94FF4037130
:1047D000CCE72046294698470420EFF3108272B6B2
:1047E000237A052BD9B24FF0000369D12372D8F890
:1047F0003810A14201D1C8F83830002A45D162B63C
:1048000043E0636813B940F21521AFE7294620461B
:1048100098470346C3F30723012BADF80400C0B249
:104820003ED0022BD9D129E0636813B940F21D2193
:104830009CE7204698470020CFE7284B1B68002BB9
:10484000F9D06068324629469847A6F10A025342D9
:1048500053415B000420E4E763680BB9FE2185E760
:1048600086222A7001225988AA706A7100229869EA
:10487000A5F80310AA710AF0B0FA0420D8F838306D
:10488000A34202D10023C8F8383000283FF461AFBA
:1048900008E0134B29461B6820469847034668B931
:1048A000267298B102B0BDE8F0814FF415715DE752
:1048B00040F257215AE740F25A2157E70220DDE73C
:1048C00011B940F27B2151E7184696E7002B7FF49F
:1048D00040AF51E71C0F0020200F00207015002072
:1048E0007415002010B51346027A22B140F202314D
:1048F0001020FCF767FC0A46BDE81040014601485D
:104900000CF0D8BA200F0020044890F82C301BB9C6
:10491000034924300CF0EBBA704700BF1C0F002095
:10492000A50E01000346064890F83C203AB190F8E5
:10493000352022B900F82D3B02490CF0D8BA704757
:104940001C0F0020B145000010B50A46037A23B1C0
:1049500040F20A311020FCF735FC0146BDE810405A
:10496000014807230CF0A6BA300F00201346027A44
:104970000AB1037270470A46014601480CF09ABA20
:10498000200F002001490CF0BBBA00BF070F010047
:104990000B8BA2F80B304B8BA2F80D308B8BA2F84F
:1049A0000F30CB8BA2F809000249A2F81130104653
:1049B0000CF0A0BA650F0100014B1878704700BFDA
:1049C000590F0020014B1878704700BF2E000020BF
:1049D000094AD2E90003434083EAB01181EA432146
:1049E0004FEAF3435360054B116058434FEAF060C0
:1049F00000EB8000704700BF5C0F0020BB79379E42
:104A0000094AD2E90003434083EAB01181EA432115
:104A10004FEAF3435360054B116058434FEAF0608F
:104A200000EB8000704700BF30000020BB79379E4C
:104A300010B50A4C09480821FDF7F0F9D4E9003215
:104A40001343F7D0064CFFF7DBFF2060FFF7D8FFDA
:104A5000236860601843F6D010BD00BF300000200E
:104A60005C0F0020174B184A9A60184A5A60184A7F
:104A70001A60184A9A62184ADA62184ADA60184AC2
:104A80009A61184A1A63184A1A62184ADA64184A6C
:104A90009A64184A5A62184B184A9A60184A5A621D
:104AA000184ADA62184A1A61184A5A61184A9A6111
:104AB000184A1A63184A9A64184ADA64184A9A63B8
:104AC000704700BF78150020571301007D130100C7
:104AD000A91401003D16010099160100995000002B
:104AE000AB16010051530000A95100007D170100D1
:104AF0009F17010005520000781600206D13010079
:104B000043170100C916010079160100E9160100DA
:104B10003951000045180100E3170100CF170100CB
:104B20002D170100044B054A5A65054B054A1A65C5
:104B3000054A5A65704700BF781500209519010095
:104B4000781600207F190100BF190100054B064AA5
:104B50009A65064A1A66064B064A9A65064ADA6557
:104B6000704700BF781500201F050100D93B0000E9
:104B7000781600207903010061050100F7B50546AC
:104B800001A80F46FFF7F8F820B94FF4AA615120A9
:104B9000FCF718FB01983222002109F037FD019C37
:104BA00026463F2F06F8037F43D83F2F44D8DFE83F
:104BB00017F046004C006C0075008D005C015C0134
:104BC0009A00B3009E005C015C01A300AF00B3003B
:104BD00043004300B7005C015C01CC00CC00E30063
:104BE000E300EA00430043005C01EF00FC00000129
:104BF00004010B010D010F0111011B0125013C01F5
:104C00003E01430043002D0146014401430043009F
:104C1000430043004300430043004300430043007C
:104C2000430043004300430048014A014300400160
:104C30004201FF2F00F00D8140F24451A7E72946C1
:104C400030460CF096FCC0B9BBE02E68D6F8303286
:104C5000636096F834322372286890F89F3033B935
:104C60000CF064FB2B68DB881844A6F83602B6F813
:104C7000363263721B0AA3720820FFF789F80028F6
:104C800040F0F58040F2575181E72B6893F8A82057
:104C900052BB93F82D3123710220EEE72B68D3F835
:104CA00078226260D3F87C22A260B3F88022A281CD
:104CB000D3F85822C4F80E20D3F85C22C4F812208E
:104CC000D3F89030C4F816301720D6E72A68D2F807
:104CD000F6316360D2F8FA31A3602B68D3F89430D0
:104CE000E3600D20C9E72B6893F8A030D3E7314685
:104CF000284600F0F3FAA6E71123237159236371C4
:104D00000023A3713923E371102323720620B4E733
:104D10002B6893F89A30BEE7304600F0CDFA92E760
:104D20002B6893F8A82052B993F8A0203AB193F8D1
:104D30009D20227193F89C30637103209DE793F8C6
:104D40009B20227193F89A30F6E72B68B3F80C2178
:104D50002271120A6271B3F8A220A271120AE271E2
:104D6000B3F808212272120A6272B3F8A030A3725B
:104D70001B0AE372092080E72B6893F83A2122711D
:104D800093F83B31D8E7294630460BF08BFB5AE7C6
:104D90002B680F21B3F8AA00FCF700FE00F15B01BD
:104DA00030460BF0D2FF232067E730460DF030FD90
:104DB00049E730460DF035FD45E72E4B1B68002BCB
:104DC00043D140F24951E2E62B4BF7E72B4BF5E795
:104DD0002B4BF3E72B4B1B68002BF2D023202A46EA
:104DE00031469847042048E7264B1B68002BE8D043
:104DF0002A4631462420984705203EE7214B1B6870
:104E0000002BDED02A4631462520F4E72B680F21FF
:104E1000B3F8AA00FCF7C2FD00F17D0200F15B01CE
:104E200030460BF09EFF2B2027E7174BC6E7174BAA
:104E3000C4E7174BC2E7174BC0E7174BBEE7174B4A
:104E4000BCE7174BBAE7174BB8E7294630469847F7
:104E5000F9E62B68304693F8C722D3F8C8120BF056
:104E600041FF2B6893F8C702EDE6012005E703B088
:104E7000F0BD00BF78170020801700207C170020AD
:104E8000841700208817002094170020981700200E
:104E90009C170020A01700208C17002090170020DE
:104EA000A4170020A81700203F289ABF024B53F8F0
:104EB00020000020704700BF781500203F289ABFCF
:104EC000024B53F820000020704700BF78160020E6
:104ED00030F8023CF7B5B0F8826004460D4673B175
:104EE000012268468DF80020ADF80160ADF803306E
:104EF000FEF758FA18B195216320FCF763F9194BB6
:104F00001B6813B1A4F128009847174B1B680BB11D
:104F100030469847832300272B70AF70A5F80360B5
:104F2000637AD4F89C006B7109F061FF08B9BA216B
:104F3000E2E739463046FCF747FD02213046FCF7F0
:104F400043FD18B9094B1B6803B198474FF401732F
:104F500003F00402002062F307001B0A63F30F2032
:104F600003B0F0BDAC170020B0170020B41700202C
:104F7000F7B50568D5F8C06004464FF6FF770DF128
:104F800002010DF101023046ADF8027009F0DBFEBE
:104F900001A9304609F0FCFE48B1019809F0C4FFB0
:104FA0002168A83100220272FFF7CEFCE7E704492E
:104FB00005F1280003B0BDE8F0400BF09BBF00BF37
:104FC000D14E0000F0B5044685B00D46FF2600F82E
:104FD000E96C10F8EA3CF3B1174F3B781BB1622142
:104FE0001F20FCF7EFF80C21381DFCF717FF3E706F
:104FF000002304F8E93C2A468A2302F8033BD4F84C
:105000000930C5F80330D4F80D305360D4F81130AE
:10501000936005B0F0BD01A80C21FCF7FFFEA4F5DC
:105020001573039A1A6001AB03CB44F8F20C44F8F1
:10503000EE1C04F8EA6CDBE7640F002010B5054CA9
:1050400023782BB90C21201DFCF7E8FEFF232370E9
:1050500010BD00BF640F0020024690F8FE31BBB9BE
:1050600090F8FF3103F0FF010BB100207047094BAE
:1050700018780028F9D01970D968C2F89410043350
:1050800003CBC2F8F601C2F8FA11FF2382F8FE3111
:1050900001207047640F002038B50268D37B0446B6
:1050A0000D463BB1132B05D0113B0F2B8CBF0120BC
:1050B000082038BDD2F8A430ABBB92F8523013B9F7
:1050C00020460CF0E0F82268D5F80B30C2F8EE313B
:1050D000D5F80F30C2F8F2312368D5F81320C3F8A1
:1050E0009020B3F8AA20A3F8F122D5F80120C3F844
:1050F000F322D5F80520C3F8F7222368B5F8092074
:10510000A3F8FB222368002583F8B85183F8FE51E9
:105110002068084900F53A700BF0E9FE2368162272
:10512000DA732846C5E720460C22BDE83840032143
:105130000CF0CFB8C54F000010B50368DA7B202A09
:10514000044604D040F29D211F20FCF73BF893F861
:105150005220B3F8AA00002183F8511082B1C3F89D
:10516000C31183F85210A3F8C7110D49A3F8C40165
:1051700003F5DD700BF0BBFE23680022DA7310BD6F
:105180000121A3F8B30183F8B51183F8B2210549D1
:1051900083F8B921A3F8B62103F2A910EAE700BF0A
:1051A000251601000D16010038B5046894F8A850C2
:1051B0001DB9E37B23B101201AE02368DB07FAD491
:1051C000D1F801200D4BD1F8051013400C4AC4F85A
:1051D0006230C3F307630A4043F00803C4F8662053
:1051E00084F865300CF04FF81DB90423E3730020F8
:1051F00038BD236843F001032360F8E72FC904F7A3
:105200006FDB008038B503689A7B042A34D1D1F86B
:105210000120D1F80550C3F86220C2F3076242F0C2
:10522000080283F8652000229A7383F84A200268F6
:10523000C3F8665092F8A8204C1C0AB983F83F21A5
:1052400093F84021B2B993F88B2102F0FF008AB99C
:10525000B3F8AA2083F88C01A3F88D21D1F801209E
:10526000C3F88F2162680549C3F8932103F28310C4
:105270000BF03DFE002038BD0120FCE703170100C4
:10528000036893F8402112B1094B1B68184793F843
:105290008B215AB9B3F8AA20A3F88D211A22054907
:1052A00083F88C2103F283100BF021BE704700BFFE
:1052B000B81700200317010010B50446FEF7BCFB29
:1052C000044A054B02400B40C4F80120C4F80530E5
:1052D000092010BD2FC904F76FDB008037B50C46DD
:1052E0000568FEF7A9FB0A4A0A4B0A4095F86210C6
:1052F0000192034000930B408DF800306B4603CBC6
:10530000C4F801000920C4F8051003B030BD00BF87
:105310006FDB00802FC904F738B5DB04154604D5D0
:10532000037D13B10023436338BD446B01344463F0
:105330000CF067FA836B9C42F6D300234363034966
:105340002846BDE838400BF0DBBD00BF71170100F7
:1053500070B50468A37B94F8A860012B054607D0BC
:105360001EB9E37B23B1012038E023689807FAD403
:1053700094F853309A0713D44A7884F85D204A8809
:10538000A4F85E208A88A4F86020D80743F00202BF
:1053900084F853200FD5164904F154000BF0B0FDEA
:1053A00094F85330D90710D4CEB9E37B43B15321DD
:1053B0004020FBF707FF94F83E31002BEBD1EFE7DD
:1053C0000123E37328460BF05EFFA37B012B4FF014
:1053D000000304BFA37384F84A30002070BD236823
:1053E0009A0701D55821E3E743F002032360E9E778
:1053F0002318010070B50568044603F0BDFF054B96
:10540000E8721B6801461BB12046BDE87040184792
:1054100070BD00BFC0170020024B1B6803B11847C6
:10542000704700BFBC170020F0B51F4D2B7800243B
:1054300014709BB1013B6D68DBB21E1B012E0FDCAB
:1054400005EBC40655F8347076688E4208BF874273
:1054500027D0B84271EB060612D214700020F0BDBE
:105460001E19771005EBC70E55F837C0DEF804702B
:105470008445C6F347068F412CBF33463446DCE7EC
:1054800005EBC30455F8335064688C4208BF85426D
:1054900006D0A84271EB040428BF01331370DDE786
:1054A0001C4614700120DAE7840F002010F0070278
:1054B00008B503D063214820FBF784FE18B1034BE5
:1054C000197258601A70C80008BD00BF840F002010
:1054D000014B00221A707047840F0020024B18798C
:1054E000003818BF01207047940F0020FF230B7075
:1054F000074A0D234B7082238B701368C1F8033069
:105500005368C1F807309368C1F80B30704700BF8B
:105510009A0F002002481622002109F077B800BF38
:105520009A0F0020F8B51C4D6B7D04469BB390F894
:10553000A83023BBD0E976760CF0E8F994F8202166
:10554000164B33F8123066304FF47A7203F23F6331
:10555000B3FBF2F3DB1946F100061B18B4F8AA20DE
:105560002A8046F100066B60AE60E3886B8005F12F
:105570000C000B49BDE8F8400222FFF7F7B94B06D3
:1055800009D5B0F8AA302B80D0F878326B60D0F80B
:105590007C32AB60E9E7F8BD9A0F002004B6020048
:1055A000ED540000094B53F8203070B503F5234348
:1055B0000C461646A1334FF47A72B3FBF2F505F0B0
:1055C0002DFA34442C44204470BD00BFF0B50200D5
:1055D0002DE9F04F8FB09A4600230A9390F82131BD
:1055E00007930446884606920AF02DFE814694F8F9
:1055F0002B01FEF733FF81440CF088F9E37B472B46
:105600001FFA89F900F160063FD00D2B3DD0A37B36
:10561000A3F147014B424B410393069B002B7CD1E6
:10562000637B032B79D1039B002B62D0B4F8D0327B
:1056300043455ED1D4F81832C4F80832D4F8C830E3
:10564000B4F8EC21C4F80C32B4F88A321344C4F82C
:105650001032204603F0F2FD94F829513DB1D4F800
:10566000D85241F64B539D428CBF0025012594F83A
:10567000E43263B9D4F8C820D4F8D8329A421ED0A4
:10568000B4F8AA000DF0E3F819E00123C4E7B4F878
:10569000AA000DF0D9F820B940F242713020FBF792
:1056A00091FDB4F8E032A4F8DE30B4F8E232838140
:1056B000B4F8D03243810025013B0382C58194F8C0
:1056C0002A31002B57D1002D56D1D4F8D432C4F84A
:1056D000D830B4F8D232A4F8DC30D4F8D832C4F8D8
:1056E000C830D4F8DC32C4F8D030022384F82A5110
:1056F0006373A17B29294ED0A1F12C025142514163
:10570000E27B292A00D041B1B4F8D032A8EB0303E0
:105710001B0402D4204602F0CDFFB4F888B2E7881B
:1057200094F821310893A8EB0B0B0FFA8BFB04F5CF
:105730001673A8EB0707BBF1000F04933FB22CDAF6
:10574000D4E99C23C4E9A023002384F82B3201234D
:10575000BB460493D14B1B7813B106F0B7FAF8B9E6
:105760000025637B032B00F22982DFE813F084001D
:105770009F01DD00C3013DB14FF04D13C4F8E0308F
:105780000023A4F8E430A0E74FF09613C4F8E0300B
:10579000A4F8E45099E70121B2E7CDF810A0D9E7C9
:1057A000B4F80032012BDBD9637B022BD8D094F8FC
:1057B0002A32002BD4D194F82A31002BD0D194F87E
:1057C0002B01FEF74BFE637B00F5C869012B1FFA26
:1057D00089F941D1A37CD4F8D850032B34D1D4F823
:1057E0000C322B444946D4F80C02099306F032FAE5
:1057F000D4F80852099BD4F81022C4F80802451BBB
:1058000049461846554306F025FAD4F81432C4F830
:105810001402C31A4946D4F8C8001D4406F01AFA07
:10582000B4F8EC31D4F810223B44A3EB0B039B1AE1
:10583000D4F81822013B821A02FB03550123C4F855
:10584000180284F82A328CE794F8211194F8E501C3
:105850000AF057FF4319C5E7D4F8C800494606F0D7
:10586000F9F9B4F8EC51D4F818323D44A5EB0B0526
:10587000C31A5D43E2E794F8211194F8E5010AF0B8
:1058800040FF0746D4F8D8004946384406F0E2F90C
:105890004946C4F81402D4F8C80006F0DBF90BA995
:1058A000C4F818020CA804F053FF0B9B0093D4E932
:1058B000A001DDE90C2306F09FFA814604F1A8005F
:1058C0000CF0ADF8D4F88C3294F82101D4F8D8B0AB
:1058D0000A9305F0ABF80A9BD4F81412203B5B4402
:1058E0005B1A9B1B3B44A3EB090300F523404FF4D9
:1058F0007A72A130B0FBF2F01B1A0A93B4F8DC30D4
:1059000094F821013031324603EB4101FFF74AFEA2
:10591000D4F88C220A9B9B1A2230DA2BC4F81C0282
:105920005CD840F2C741B9E6D4F8D830D4F80C02BC
:105930004946184406F08EF94946C4F81402D4F8D2
:10594000C80006F087F9C4F8180204F1A8000CF0AA
:1059500066F8D4F8D830D4F80C721F44B4F8EC319F
:10596000002B40F09F80BAF1000F00F09B8094F86C
:10597000210105F05BF8D4F81412D4F8783294F8C9
:1059800021217F1A203F1F44D4E99CBC444B53F88B
:105990002220A7EB0B074FF47A7302F2E732B2FB37
:1059A000F3F21744BF1B00F52340A130B0FBF3F026
:1059B0003F1AD4F80832D4F8102294F821010A973B
:1059C00002FB0311B4F8DC30303103EB4101324605
:1059D000FFF7E8FD0123C4F81C0263730A9BD4F8A7
:1059E00018225B1BD4F8C8500A937E3DAD1AD4F838
:1059F0001C22AD1B954228BF1546002284F8582270
:105A0000D4E9A021D21841F10001C4E99A21C4F8D7
:105A1000E85104F1E8000BF0EFFA042384F8613256
:105A2000D4E99A232844C4E9A023C4F85C02A4F86A
:105A3000888202F055FF20B1D4F85C321E33C4F8DE
:105A40005C32B4F8D831A3EB08031BB2002BD4BFEF
:105A500000220122520084F86022039A002A40F0BA
:105A6000B080BAF1000F40F0AF80637B002B00F0F4
:105A7000C880D4F8C810D4F8183204F51670C91AC2
:105A80000AF0EFFD80B2002800F0BB80189B03B144
:105A9000188001200FB0BDE8F08F00BFB00F0020CC
:105AA000F0B50200D4F814127F1A82E7D4F8180275
:105AB000D4F8C830B4F8EC21D4F810121B1A0BFB40
:105AC00003F30A93D4F814323A44D4F80872521A01
:105AD0003033013A07FB0133B4F8DC1000FB02332A
:105AE00001EB430194F821013246FFF75BFDC4F856
:105AF0001C0273E7D4F8C83003FB0BF30A93BAF126
:105B0000000F1CD0B4F8EC21CAB984F82B22D4F8C9
:105B10001892B4F8ECC109FB1B3E049BCDF828E0B9
:105B200073B3BCF1000F2BD1D4E99E32D4E99C01B0
:105B3000984271EB020208D340F20E51AEE594F8A0
:105B40002B22002A7FF44AAFE1E70799364A52F840
:105B50002120D4E99C01CDE904010498203B1B1AC3
:105B600002F2E7314FF47A7B02F52342B1FBFBF1FD
:105B70000B44A132B2FBFBF29B1A9B1B73440A93AA
:105B8000674409FB07F730377F00089832463946EB
:105B9000FFF708FDC4F81C02D4F8C80041F64B53C7
:105BA00098423FF61BAF0AAB0093324604F50773E9
:105BB00039460AF0C2FD84F82B020FE740F2265165
:105BC0006CE5BAF1000F1CD0B4F8000218B3B4F8B9
:105BD000021294F80422A4F8021201FB022290425D
:105BE00001F101050DDD002B0BDD002384F860328F
:105BF000A4F80252FEF7ECFE00F00700013084F832
:105C0000040204F5167104F50C7007F01BFA20B9B4
:105C100040F2765142E50146DBE7069B83F0010343
:105C200084F82832002035E7F0B50200F0B50446CC
:105C300085B018B9A5213020FBF7C4FA052900F278
:105C4000CB80DFE801F003C42A25C9BF90F82832D1
:105C5000C288A3B1B0F82632934208BFB0F8DC3155
:105C60009A1AA0F8DE21E380D4E99A232046C4E9F9
:105C70009C2302F087FD94F84C3005B0F0BDB0F8DD
:105C800024329B1AA0F8DE31B0F824329BB2EAE746
:105C900005B0BDE8F04004F067BD06F0A3F8D4E914
:105CA0009C23801A61EB0301012871F1000302DAE1
:105CB00040F20161BFE76FF0010383424FF0000340
:105CC0008B4102DA40F20261B5E7D4F8C8300BB17B
:105CD000B0FBF3F3E07BB4F8262247280ED0A17B7B
:105CE000463901290AD90D2808D0E1880B449BB216
:105CF000D11A0D0443D501339BB242E00132A4F81E
:105D00002622B4F88A32E588344F0133A4F88A3267
:105D1000B4F842301D44B4F84030013DED1AADB244
:105D200003AE3B685BB1B4F826120139002289B298
:105D300020469847B4F826321844A4F82602B4F84E
:105D400026126B1A18042CD4002300961A462046FB
:105D5000FFF73EFC012890D1B4F82622B4F8D81100
:105D6000BDF80C301344521A12049BB204D5EA1A3F
:105D700012F4004F18BF0B46A4F82632D1E70132C7
:105D800093B2A4F8263294F82932002BB9D1B4F892
:105D9000DC31B4F82622934204BF0133A4F8263242
:105DA000AFE7A37C0394002B14BF08233E233046A7
:105DB00084F83130FFF7DCF820460CF0B5FC002306
:105DC00063735AE705B0BDE8F040FCF7DFBF437BE3
:105DD000042BF4D0C6212EE7CB212CE7C4170020DA
:105DE0002DE9F8430E46044618B9D3213020FBF7BD
:105DF000E9F9052900F2A780DFE801F00376413DCB
:105E0000A52E06F03DF9C4E95001204602F0F0F855
:105E1000D4F83401CB3805F0E7FF20460CF042FA05
:105E2000054600BB014620460CF0CCF800F1E50623
:105E3000D4F83401B04209D2301A322838BF3220A7
:105E4000032106F0EDF860B105F0D2FFC4F834612B
:105E500020460CF060FA45B12046BDE8F8430CF04E
:105E60005BBA0125F2E70025F2E7D4E95023C4E943
:105E70004A23BDE8F883BDE8F84304F075BC0CF094
:105E8000E2F8042384F839318146884605F0AAFFF8
:105E900007220F46A9FB023102FB0811D4E94A523E
:105EA0005B1941EB0205D4F810213AB159EA080216
:105EB00004D0984277EB050228BF012684F83861A8
:105EC000D4E95226121A66EB070694F8581139B92C
:105ED000012A76F100010BDA204602F091F803E086
:105EE000012A76F10006F7DB002384F85031C0E781
:105EF000984277EB05010FD259EA08080CD01B1A1B
:105F000065EB07019A4276EB010005DB012B71F18D
:105F10000000A4BF1A460E460C490123914284F8A2
:105F200051314FF0000384F83031B341B8BF0A4615
:105F300004F1E80004F5987107F030F9002898D1D1
:105F400040F2B26152E7EF2150E700BF0040420F3C
:105F50002DE9F84304460E46154690F8503103F0FB
:105F6000FF07002B40F0948000F1E80839467822C2
:105F7000404608F04BFB47492246404607F05CF894
:105F8000C4F81061FF2384F8503166B1FEF738FD84
:105F900000F00700013086F804023F49324606F55A
:105FA0000C7007F049F840F202434FF00009A4F8E2
:105FB000383184F8309105F09FFE00F19E062046AE
:105FC0000CF070F9B6B20146C0B30AF03CF900F12A
:105FD000280189B2284605F03DFE2844C4F8340162
:105FE00005F000FF301841F10001C4E95001012023
:105FF00084F81401A4F826900CF064FAE53D2D1AFB
:10600000C4F818514FF0FF356FF00041D4E9502328
:10601000C4E952510025C4E94823C4E94A2384F85D
:10602000515142F2107204F59871404607F0B6F8EB
:1060300038BB40F2B9113020FBF7C4F820460BF012
:10604000C1FFDFF85890E530C4F83401B9F8020018
:1060500048B1E08C38B1FEF7D3FCB9F80230B0FBA0
:10606000F3F202FB1300064405F0BCFE361841F1C2
:106070000001C4E95061002DC4D0AD1941F1000107
:10608000C4E7294620460CF049F93846BDE8F883B4
:106090000C27FAE7E15D00002D5C0000B00F002046
:1060A000F0B5002385B0CDE9003303238DF8063029
:1060B0006846FBF7ADFC88B1114E01233371002314
:1060C000CDE9023302238DF80E3002A8FBF7A0FCC5
:1060D000044638B10023337105B0F0BD00980BF0D1
:1060E000F4FCE5E7029D6B7B002BEED005F50C7709
:1060F000384605F02FFF384605F040FF6C73E4E7A3
:10610000B00F0020054B002201215A7119701A713D
:1061100042F210725A80FFF7C3BF00BFB00F0020D9
:10612000014B5871704700BFB00F002008B503F055
:106130003FFD044B9A6882422ABF1879002080F004
:10614000010008BDB00F0020F0B5044685B090F8FE
:106150004C3003F0FF05002B6AD1437B032B67D142
:1061600005F040FED4E99C23801A61EB030101286D
:1061700071F100035CDB6FF00103834275EB0101F9
:1061800004DA40F2AA513020FBF71CF8D4F8C820FA
:10619000E3880AB1B0FBF2F2013313449BB2A4F8D6
:1061A0002432B4F82422B4F8DC319B1A1BB2002B41
:1061B0003EDD04F50C7005F0CDFE002838D0FF233D
:1061C00084F82932B4F84230E5881A4E1D44B4F8F8
:1061D0004030013DED1AADB20DF10E0733686BB1E1
:1061E000B4F824120139002289B220469847B4F845
:1061F000243210FA83F39BB2A4F82432B4F8243288
:10620000EB1A1B0414D4B4F82412009700230122C3
:1062100089B22046FFF7DCF9012809D1B4F824320D
:10622000BDF80E2012FA83F39BB2A4F82432D5E70E
:1062300005B0F0BDC41700202DE9F3470446062938
:1062400000F20481DFE811F007008600750083008A
:1062500089008E00FC00D0E99C01D4E99E23904285
:1062600071EB030354D294F82A32002B50D0637B95
:10627000032B4DD10BF04AFB94F821A1814609F084
:10628000E2FF064694F82B01FEF7E8F8064494F87E
:106290002B01FEF7E3F8D4E99C23D4F87872D4F804
:1062A000E85180465046BF1A04F0B8FB694A52F8DC
:1062B0002A20A5F1600302F52342A1324FF47A713E
:1062C000B2FBF1F29B1AA3EB09031B1A09F189092E
:1062D00009EB5309B6B2603B08F5C86873431FFA6F
:1062E00088F8B3FBF8F360335A08A9EB53039F42D5
:1062F00002D391444F4501D905F0EEFCD4F8C80013
:10630000314605F0A7FC0023C4F8180284F82A32AD
:10631000514B1B7903F0FF025BB90092B4F8DC111A
:1063200001232046FFF754F928B140F2CE61302016
:106330002AE00423637303F05BFF06F069FEE28842
:10634000A4F826220023A4F88A3284F8293202B065
:10635000BDE8F08703234373F9E703F031FCC4E998
:106360009E01F4E700F1A8081121B0F8AA00FBF79C
:1063700015FB002862D094F82131022B5CD005D89F
:10638000012B08D0DC21B420FAF71CFF033B012BC2
:10639000F8D81E3000E00A30858894F82101DFF833
:1063A000B890C31E012B8CBF002728270BF020FBC1
:1063B0006E30A842D4F8182234BF2B1A0023D4F828
:1063C000C85099188D4284BFAD1AED1A99F805305E
:1063D00007F1DC0798BF002523B9D4F8E8309D42C7
:1063E00028BF1D4604F1E800D4F8E8610AF004FE75
:1063F0000644022005F0E8FDAD1B25EAE57585425F
:1064000028BF05460221284605F00AFE10B105F016
:10641000EFFC2E4401233A46314640460AF0F7FE8F
:10642000D4F8E831C9F80800D4F8C800184402B01C
:10643000BDE8F04705F0D8BC1430ADE79625ACE7D1
:10644000A83002B0BDE8F0470BF0E9BA40F29C7109
:106450006DE700BFF0B50200B00F0020014B58807F
:10646000704700BFB00F0020044B1A78012AD0B249
:1064700003D01878831E584258417047BC0F002043
:106480000D4B33F811300239C9B2022910B598BF4B
:106490000A4C4FF47A7203F2E733B3FBF2F300F1E4
:1064A000FF3298BF34F811104FEAC21288BFF021B2
:1064B000134400FB013010BD04B60200C8B4020052
:1064C000F0B5D928054628BFD9253035BDF8146068
:1064D000ADB2FF2D06F0020728BFFF2516F001061A
:1064E000044601F5A57023D11FBB002B00F0CB8023
:1064F000911EC9B202299ABF7F4D35F8111040F69E
:1065000048010844D92C40F28380D93C951EA4B29E
:10651000EDB2F721002B00F0D680022D04F1F60435
:10652000B4FBF1F400F2CC80744B33F815306DE01D
:10653000EFB1911EC9B202299BBF714D05EB41011C
:106540004FF41471C9880144D01E012839D801F6CE
:1065500014409830002E3CD0023AD2B2022A9BBF9F
:10656000674B03EB4203C0235B8A184450E053B1EE
:10657000911EC9B202299BBF614D05EB410140F656
:1065800048018989DFE7032A06D1691D09B24FF462
:10659000C87505EB8111D6E7042A06D1691D09B239
:1065A0004FF4BF7505EB0111CDE7022A0BBF05F1D2
:1065B0000B0105F10A0109B209B20CBF8900C9003B
:1065C000C1E7022A14BF4FF4B070B4209C310844D4
:1065D000BFE7F3B1911EC9B202299ABF494D35F800
:1065E000111040F64801D92C084411D9D93C951E08
:1065F000A4B2EDB2F72163B3022D04F1F604B4FBAB
:10660000F1F45DD83E4B03EB45031B8B03FB040009
:10661000F0BDF12C214628BFF121032A06D1133108
:1066200009B24FF4C87505EB8111DCE7042A06D1E5
:10663000133109B24FF4BF7505EB0111D3E7022AFC
:106640000BBF1931183109B209B20CBF8900C9005A
:10665000C9E7022DB4FBF1F3DBB23BD82A4931F88C
:10666000151001FB0300C3EB4311C3EBC103E41A94
:10667000A3B2002BCCD00833032A9BB22DD19B01AF
:1066800003F21A4371E7032A07D105352DB24FF4FF
:10669000C87101EB8515284434E7042A06D1053575
:1066A0002DB24FF4BF7101EB0515F4E7022A0BBFC1
:1066B0000B350A352DB22DB20CBFAD00ED00EAE767
:1066C00040F69213A2E7022DB4FBF1F3DBB201D83E
:1066D0000E49C4E740F69211C3E7042A03D11B0117
:1066E00003F5467341E7022A0BBF9B00DB0003F56D
:1066F000BB7303F5CD7338E7D4B40200E0B40200F5
:10670000C8B40200D4B40200E0B40200E0B4020055
:1067100010B5294B5A6AD2F80F30C0F8CC30537DEF
:10672000117D1B0443EA0123D17C0B43C0F8D43014
:10673000B2F819306FF45061591806298DBF40F234
:10674000E241A3F550634FF47A714B4396BF4B433C
:106750000021012180F82A11C0F8C830937DF9B1D9
:1067600003EB830303EB83039B00A0F8DC30B2F858
:106770001730F1B164214B43C0F8D830B2F81B3068
:10678000A0F8D030B2F81D30A0F8D23092F8243002
:1067900003F01F025B0980F8232080F82B3110BD25
:1067A000C3EB431403EB840303EB83035B009BB253
:1067B000DBE740F2E241DEE7BC0F0020032937B5FA
:1067C000154618D14FF4347202EB8313417990F8D7
:1067D00044400139C9B203291BD81A4A0A44907FA0
:1067E000EA01CA3203FB0522174B9A4216D940F23E
:1067F00096712D2010E0042904D14FF4E77202EBCA
:106800000313E3E702290BBF0B330A339B00DB00C2
:10681000DCE740F24E310620FAF7D4FC1E23B2FB2F
:10682000F3F204F03F03110A41EA401143F0400340
:10683000002063F30700D2B262F30F2061F3174028
:1068400003B030BDC8B40200C3BF0300074A03460B
:10685000506AD3F86920C0F80320B3F86D20A0F87F
:10686000072093F868100AF0C5B800BFBC0F0020DD
:10687000D0F8803073B50BB101221A604388DB0772
:1068800027D50023CDE90033134E056A02238DF886
:106890000630FF2333776846FBF7BAF8C8B9009C87
:1068A000A542F8D095F8B32094F8B30005F1B403ED
:1068B00004F1B40109F065FE0028ECD094F8AC3086
:1068C0003377D4F8AD30C6F81D30044BB4F8B1209E
:1068D0009A8002B070BD00BFBC0F0020D90F00200D
:1068E00038B5084D044600F169010623686A0022A4
:1068F0000AF05FF994F86810686ABDE838400AF059
:1069000079B800BFBC0F002007B50BF07AFF8DF8F7
:10691000070005480123406A06220DF107010AF02D
:1069200048F903B05DF804FBBC0F0020034B586925
:1069300010B140300AF0C4BF704700BFBC0F002048
:10694000034B986910B140300AF0BABF704700BFDE
:10695000BC0F002070B504460E466588407F15F0D8
:106960000401134618BF04F177013246FDF7C0FC5D
:106970004107054621D4C2070BD5012384F86830AE
:10698000607FFDF719FD0368C4F869308388A4F8B7
:106990006D30AB0701D4012070BD094B586AD4F8A3
:1069A0007730012184F87610C0F80930B4F87B30D4
:1069B000A0F80D300AF027F8EDE70020ECE700BF63
:1069C000BC0F002010B50446084694F8D8306BBBC5
:1069D000237884F8D930082904F1DB0216D004F1B9
:1069E000DA01FDF75BFC20B94FF477612D20FAF74F
:1069F000E9FB94F8DA3043F0020384F8DA3004F16A
:106A0000D0000B49BDE810400AF071BA094B586A32
:106A1000034613F8031BC1F3801184F8DA10D0F891
:106A20000310C4F8DB109B889380E8E710BD00BF1B
:106A3000B51C0100BC0F002070B504460E4615467B
:106A4000FCF7BCFF98B9237884F8C030637CA4F8C5
:106A5000C16084F8BF500BB194F8483084F8C3305B
:106A600004F1B6000249BDE870400AF040BA70BDBA
:106A7000B71E010010B50F4904468C300AF037FAF2
:106A80000D4904F1C4000AF032FA94F89520B4F8E4
:106A900096102046FFF7D0FF084B00221A70084BD3
:106AA0001B682BB1206A21460222BDE8104018471E
:106AB00010BD00BF1F1D01009F1C0100BC0F002066
:106AC000CC17002038B5B0F848301B4D0133C3F364
:106AD0000E03A0F848302B7B04462BB103F03AFD9F
:106AE00002F0BAFC00232B7300232B7094F889303A
:106AF0002BB101212046BDE838400BF048B8637C3B
:106B0000C3B1B4F848209A4214D3012120460BF0B7
:106B10003EF86388DB0748BF236A204644BFB3F8CA
:106B2000AA104322BDE838405CBF43224FF6FF71F4
:106B3000FFF782BF0021DDE7BC0F002010B5FFF793
:106B400093FC064C28B1237B1BB103F003FD02F03C
:106B500083FCA06ABDE81040FFF7B4BFBC0F002063
:106B60002DE9F0410746FFF77FFC054620B940F6C6
:106B700082412D20FAF726FB214CA26A166A0EB13B
:106B800096F829611FB3616A11F8097B02F1690364
:106B9000F80992F8682009F0F4FCC0B1606A314647
:106BA00009F056FF98B1A56AFFF75EFC10B940F6F0
:106BB0005C41DEE72378E26A03F180435269013BDE
:106BC000284652F8233007F00F0198470546237BEB
:106BD0001BB103F0BFFC02F03FFC7DB1A06A0AF0DC
:106BE0008FFF30B103F066FAE36ABDE8F0419B68BD
:106BF0001847A06ABDE8F041FFF764BFBDE8F08127
:106C0000BC0F0020074A0346906A03B909B9FFF791
:106C100059BF1378D26A03F180431269033B52F8DB
:106C200023301847BC0F00202DE9F043032985B01D
:106C30000546174607D14388980723D400242046E9
:106C400005B0BDE8F083428890F88830D107DBB208
:106C5000F4D5002BF2D14FF00108DFF8D49099F869
:106C60000C60C6B109F0D1FC0828387016D002AA11
:106C70000DF10701FDF712FB38B940F6F7612D2041
:106C8000FAF7A0FA4FF00208E7E79DF8070002A91B
:106C90000AF00CFE06463B78082B08D1D9F82410E0
:106CA00011F8030BC0F380100AF000FE0646D9F875
:106CB000241095F86F2011F8030B05F17003C0F351
:106CC000801009F05EFCD9F82410044611F8030B7B
:106CD000C0F3801009F08FFC8146FDF77FFB40B1C7
:106CE000B9F1080F1BD04846FDF704FA80F0010304
:106CF000D8B23A78082A14D01CB96C7FA21A544230
:106D000054416A8853079AD4002897D176B9EC7C0D
:106D1000444518BF002C0CBF012400248FE700203D
:106D2000E7E780F001022240D4B2EAE7344686E782
:106D3000BC0F00202DE9FF4108230DF107020521BA
:106D400004468DF80730FFF76FFF054620B9002590
:106D5000284604B0BDE8F081FCF72EF9064600286D
:106D6000F5D1344F216A7A6A91F817C010460DF1B7
:106D7000080810F8033BC3F3401303EA0C03CB7578
:106D8000D2F80330C1F8AD308388A1F8B130114694
:106D9000D4F820C011F81F3BC3F380138CF8AC303B
:106DA000D2F81F000B79029060468DF80C30FFF787
:106DB000AFFC94F91220206A434601210AF0F1FF4A
:106DC000216A84F89560B1F8AA30A4F89630FF23C0
:106DD00084F8B3304FF6FF739DF80720A4F8B43061
:106DE00020460BF009F8144904F18C000AF07FF8F2
:106DF000FCF7E4FD60B9236A1049B3F8AA20A4F8AF
:106E0000CD20DB7D84F8CF3004F1C4000AF06FF8A8
:106E1000236A0022B3F8AA102046FFF70DFE084BA4
:106E20001B6800223A70002B92D0206A21469847B6
:106E30008EE700BFBC0F00201F1D01009F1C01003A
:106E4000CC170020032973B5044604D0052927D0A8
:106E5000012002B070BD08230DF107028DF8073044
:106E6000FFF7E2FE0028F3D0237C23B19DF8071042
:106E70002046FFF7A7FD0F4D6B6A062204265A70C5
:106E80001E702046FFF7E2FC686A94F85C20A16D52
:106E900009F0CFFD686A2E7003F07AFA0020D8E777
:106EA000054B1B68002BF9D0984780F00100C0B259
:106EB000CFE700BFBC0F0020C8170020F8B504467C
:106EC0000F4619B300F1300528460BF0A1FAA0B91E
:106ED00063881A072ED528460BF0B1FA06462846D5
:106EE0000BF096FA301AC0B20BF0ECFA474A53682E
:106EF0000344284653600BF067FA28460BF069FA02
:106F000002F08EFF2179252002F07EFE3F4E94F89C
:106F10007620706A0023037043706388103B0D2B4A
:106F200064D8DFE803F05F635B0C63406363636313
:106F3000636363402046BDE8F840FFF7C3BD062306
:106F40004370202303702046FFF780FC638823F002
:106F500008039BB2152B05D094F85420216D706A5C
:106F600009F058FD706A03F013FA03232179337096
:106F7000002002F06BFF054607B9B06063881B076D
:106F800004D50BF09CFA0544C4F81C516388103BEF
:106F90000D2B36D8DFE803F038352F2F352F353558
:106FA00035353535352F0C2343700346212103F841
:106FB000091B52B1D4F87720C0F80920B4F87B201F
:106FC0009A80012109F01FFDBDE7226FC0F809205A
:106FD000B4F874209A8094F86F10F3E706230370D6
:106FE0004370B0E7022303700623F9E740F25961CA
:106FF0002D20FAF7E7F821790120BDE8F84003F0E9
:10700000DBBA40F6F541F3E7F8BD00BFBC0F002046
:1070100038B54388102B044604D1BDE8384001211F
:10702000FFF74CBF0B4D2B7B23B102F0F7F940204B
:1070300003F084FA686A03F0ABF9608810F004008A
:1070400002D1217903F0B8FA002003F011FA0123EC
:107050002B7038BDBC0F0020024B0121986AFFF74E
:107060002DBF00BFBC0F002003292DE9F3410446CA
:1070700004D005297CD0FFF725FD75E008230DF12C
:1070800003028DF80330FFF7CFFD00286ED0237C7C
:1070900023B19DF803102046FFF794FCB4F802805A
:1070A000394E0123706A1F464FEA981262F3861721
:1070B0000722027000224370C270394609F09FFD1A
:1070C0002046FFF70DFC706A09F0E3FDB4F85C3070
:1070D000C0F1FE05AB42B4BFDDB2EDB2AB42C8F3C6
:1070E000801828D947F010070022706A394609F045
:1070F00086FD736AD978033D01F03F01EDB201319D
:107100002944C9B220460AF03EFE0422C0F30723F8
:107110008DF80400C0F307400DEB02018DF8053037
:107120008DF806000323706A09F043FD706A00229F
:10713000394609F064FDB8F1000F06D094F9122029
:1071400094F844106079FFF7DFFBA16D706A2A465E
:1071500009F089FDF581FF20617902F055FD0723D3
:10716000706A337003F014F9002009E0204682E7CA
:10717000064B1B68002BF7D0984780F00100C0B287
:1071800002B0BDE8F08100BFBC0F0020D017002086
:1071900010B5144C237B1BB103F0DCF902F05CF951
:1071A000A06A0AF0ADFCA16A18B14B8803F018037D
:1071B00023B9BDE810400846FFF784BCFFF754F937
:1071C00020B940F686312D20F9F7FCFF2378E26ADA
:1071D00003F18043D268013BBDE8104052F82330F0
:1071E00008461847BC0F00202DE9F04FB0F802A068
:1071F0008BB015461AF003020192064602910AF07E
:1072000002030AF004021CD01AF0010F05D043B1AA
:1072100040F286612D20F9F7D5FF002BF8D0022728
:1072200010E01FFA82F9002A00F0A9800127002D42
:1072300000F0F7804FF00009C8464FF0010B012124
:107240000DE0019F92B2002B5BD0002AEFD1002D00
:1072500000F0E780914690464FF0010B1146012463
:107260001AF0400A04D0002D00F0E9804FF0010A26
:1072700044EA410444EACB0444EA0814DFF834B297
:1072800044EA4914DBF8243044EA8A1404F07B040D
:107290000022012107205A70A14618705970002D54
:1072A00040F0F080DD700023DBF824000193C37808
:1072B000019A03F03F0343EA8713C370214609F0A4
:1072C0009EFCE007E7B202D53046FFF709FBB9079D
:1072D00010D5029BDBF82400002B00F0E28006F1C1
:1072E00077010623012209F064FC0121DBF8240068
:1072F00009F089FB0023002B00F0DE8040F66901D5
:1073000088E70AF02008002A4AD125BBB6F85420A5
:107310008AB1B8F1000F40F084803479033C012C2D
:1073200094BF002401244FF000094FF001084FF0F2
:10733000010B494694E7B8F1000F72D1FFF7F6FA56
:107340000028EAD1FFF7FCFA01460028E5D1A9465A
:10735000A846AB4683E7FFF7E9FA814610B9FFF785
:10736000EFFA8146B8F1000F62D13479033C012C69
:107370008CBF002401244FF0010B414670E70479D3
:1073800045B9A71E7C427C410127A946B846BB46A9
:10739000294665E7023C18BF01242F46C846C6E7C8
:1073A0004DBBB6F85420AAB1B8F1000F21D1347901
:1073B000033C012C94BF00240124317903390129B5
:1073C00094BF002101214FF000094FF001084FF058
:1073D000010B45E7B8F1000F0BD1FFF7A7FA002822
:1073E000E5D1FFF7ADFA83460028E0D1A946A846CB
:1073F00025E72C46E1E7FFF799FA814610B9FFF738
:107400009FFA81463179033901298CBF002101217E
:10741000B8F1000F14BF002401F001044FF0000880
:10742000D5E74FF00108A946C34629462C4617E781
:107430004FF000084FF0010B4146444610E7B6F804
:10744000540058B196F804A0AAF1030ABAF1010F4A
:1074500094BF4FF0000A4FF0010A09E7708800F06E
:1074600023000028EED10391FFF760FA039900286A
:10747000E8D1FFF765FA03990028E3D1019B002BBF
:10748000E0D1F3E6DA70FFF75BFA00283FF40BAFC8
:10749000DBF8183093F8E530002B3FF404AF0A23F3
:1074A00002E706F170010623012209F082FB96F83B
:1074B0006F101BE7BC0F00203A071AD58DF8153066
:1074C000726CBDF81430DBF82400C2F30B2262F3B7
:1074D0000B0396F84620ADF814301209C3F30723C6
:1074E00062F307138DF815300322022305A909F072
:1074F00060FBBF0640F1B380DBF81820D6F84031BE
:10750000D6F844710393002A56D09046D8F88830B4
:10751000D8F88CA00293FFF713FA80B1DBF818308B
:1075200093F8E5305BB108F140000BF063F930B936
:10753000029AD8F898309B1802934AF1000A98F8FA
:1075400010C09E4BDBF8100033F81C30039A9DF8F6
:107550001510D0F16E0E4FF47A7C03F2E733B3FBD3
:10756000FCF36CEB0C0CBEEB020E029A6CEB070703
:1075700013EB0E0347F100079B184AEB070EB3F518
:10758000161F7EF1000CD6F8347101F0BF010DDA40
:10759000B3F5703FA7EB00007EF100074FEAE07CF7
:1075A0000DDB98427CEB0E0CC0F2FE8021F0200136
:1075B0008DF81510002316E0DBF81480A6E798423A
:1075C00021F020017CEB0E0C8DF81510F2DA9DF8FD
:1075D000151011F0200F0CBF1E214FF49671B3FB54
:1075E000F1F3C3F30C03BDF8141063F30C01ADF811
:1075F0001410D8F8983040F2E241B3FBF1F3ADF843
:107600001630D8F8173098F81B1006939DF81C30E8
:1076100061F304038DF81C30FCF73EFA9DF81C3032
:1076200060F347138DF81C309DF8153023F080036C
:107630008DF81530D8F80030CDF81D3098F80430AA
:107640008DF8213098F805308DF8223098F8063002
:107650008DF82330B8F87A300133ADF82430012D9D
:1076600049D1B6F85420002A45D07188880742D401
:10767000DFF84C81D8F82400C37803F03F0BB8F84A
:107680000E30CBF1FE0CD31A0BF101076345B4BFEA
:10769000DFB287F0FF07BA4222D9CA0720D4019A85
:1076A00044F01001894609F0AAFA0BF10403F91E0F
:1076B000CFB253FA81F1C9B230460AF064FBC0F38D
:1076C00007238DF81000C0F307408DF811308DF8B6
:1076D00012000323D8F82400042204A909F069FA4F
:1076E0003A46316DD8F8240009F0BDFAB8F80E30EA
:1076F0001F44A8F80E7019F0200F5FFA89F406D025
:107700002F481223406A052205A909F052FA6306A0
:107710000CD5002D4DD106F1300034790AF09CFED5
:10772000014696F912202046FFF7EEF8FFF708F918
:10773000002836D0224CA36993F8E5308BB3606AF9
:10774000072109F055FA0923037032234370A36916
:10775000D3F8B8308370A369D3F8B8301B0AC3706C
:10776000A369B3F8BA300371A36993F8BB304371CE
:10777000A36993F8C9308371A36940F2E242D3F858
:10778000BC30B3FBF2F3C371A369D3F8C030B3FBD1
:10779000F2F30372A3697D22D3F8C430B3FBF2F392
:1077A00043720BB0BDE8F08F41F020018DF8151049
:1077B0000DE7747996F84410B3E700BF04B60200F1
:1077C000BC0F0020F7B504460A4619B990F87610A8
:1077D000FFF70AFD134D6B6ADA78910620D01A790B
:1077E000D2061DD504F130005F7826790AF010FE2C
:1077F000421C3B46D2B231462046FEF7DFFF042250
:10780000C0F307238DF80400C0F307408DF805305E
:107810008DF806000323686A0DEB020109F0C9F92F
:1078200003B0F0BDBC0F00202DE9F743044690F8EB
:107830004400724D0F4602F0F3FA6179FF2002F026
:10784000E3F9002F46D16B6A94F804805E7804F166
:1078500030000AF0F4FDB8F1030F2BD14FF434736C
:1078600003EB8616A968638801EBC011CA3106FBD9
:1078700000111E0748BF6B68296144BFC918296100
:107880006279002002F0C0FB6388980729D057BBBB
:107890006179012002F090FE94F8761001222046D2
:1078A000FFF7A2FC686A02F073FD06232B7003B099
:1078B000BDE8F083B8F1040F04D14FF4E77303EB94
:1078C0000616CFE7B8F1020F0BBF0B360A36B6002B
:1078D000F600C7E762794FF4A571002002F0A8FB1B
:1078E000D2E7002FD8D0C3F3400787F00107686ABA
:1078F000C3F38012FF00990747EA82174FF007038E
:1079000047BFD4F85880B4F85C90D4F85080B4F8ED
:1079100054900370002207F048070123C27043709F
:10792000394609F06CF93A0717D5626CBDF8043096
:10793000686AC2F30B2262F30B0394F84620ADF899
:1079400004301209C3F3072362F307138DF80530DF
:107950000322022301A909F02CF9686A09F099F9B8
:10796000EB89C0F1FE06A9EB0302B242B4BFD6B266
:10797000F6B2334499452DDD002247F01001686AC4
:1079800009F03DF9686A09F084F9EB89C0F1FE0657
:10799000A9EB0303B342B8BFDEB26B6AD97801F03A
:1079A0003F01A8BFF6B201313144C9B220460AF006
:1079B000EAF90422C0F307238DF80400C0F307405E
:1079C0008DF805308DF806000323686A0DEB02017F
:1079D00009F0EFF863885B0606D594F9122094F855
:1079E00044106079FEF790FFE989686A32464144A5
:1079F00009F039F9EB891E44EE8153E7BC0F0020F2
:107A000010B5084CB0F85C30E2899A4205D00121EB
:107A1000FFF70AFF0723237010BDBDE81040FFF7F2
:107A200051B800BFBC0F002038B543881E4D13F07D
:107A3000020F04460FD1DB070DD4EA89B0F85430A9
:107A40009A4203D1BDE83840FFF73CB8BDE8384062
:107A50000121FFF7E9BE0020617902F0ADFD6388E6
:107A6000617913F0020F0CBF22200C2002F0CCF839
:107A700002232B702B7B4BB101F0D0FC6379033BCD
:107A8000012B94BF4520402002F058FD6379033B51
:107A9000012B94BF2820002002F0EAFC686ABDE8B0
:107AA000384002F075BC00BFBC0F00202DE9F84340
:107AB0002F4E00F1300704460123384673730AF055
:107AC000A7FCE8B96388DA0615D4727B9AB1B4F8DA
:107AD000542003F02303134305D020460021BDE8C2
:107AE000F843FFF7A1BEFEF721FF0028F5D1FEF70E
:107AF00027FF0028F1D12046BDE8F843FEF7E2BF9A
:107B000038460AF085FC28B963881B07F3D5384648
:107B10000AF05AFC38460AF05CFC02F081F921793F
:107B2000252002F071F801212046FFF74BFE736A11
:107B3000D6F8088093F8019038460AF080FC054694
:107B400038460AF065FC691E091A4A46C9B220790E
:107B50000AF09FFC227908EB0001002002F054FAA1
:107B6000706A02F015FC05233370BDE8F88300BF8E
:107B7000BC0F002010B50648037803F0FF042BB9B2
:107B80002422214606F042FD204610BD0C24FBE7CE
:107B9000BC0F002010B50A4C00232370FBF700FF38
:107BA0006062FFF7E7FF20B14FF442712D20F9F733
:107BB00009FBE36A13B940F20B31F7E710BD00BFD0
:107BC000BC0F0020014B024ADA627047BC0F002054
:107BD00080800000044B054A1A60054B054A1A6074
:107BE000054B064A1A607047C8170020356D000023
:107BF000CC1700204F1B0100D0170020C57C0000CF
:107C00002DE9F041067DB31EDBB2012B06F0FD0627
:107C10008CBF4FF000084FF00108371E18BF012736
:107C2000012B04461AD800F1700190F86F0008F09B
:107C3000E2FC054663889B0617D4082D10D186B355
:107C4000FBF7BCFEB8BBE37E93B3D4F81530C4F8A1
:107C50006930B4F81930A4F86D3006E00825E9E77A
:107C60002846FCF753FA0028E9D1657784F81C8090
:107C700084F86870FCF70CFB054604F0B3F8104B71
:107C80000022E5FB0301C4E9180184F876201146BF
:107C90002046FEF75FFE60B940F2A3412D20F9F7C0
:107CA00091FA04F169013046FCF7BCF80028DCD1F8
:107CB0000020BDE8F08104F169010120F4E700BF74
:107CC00040420F002DE9F04385B008230DF1070273
:107CD000052104468DF80730FEF7A6FF002879D06D
:107CE000FBF76AF9002875D13C4D206AFEF710FDBC
:107CF0006B6A02AFD3F81F0093F8232002903A7109
:107D0000226AD3F80310C2F8AD10B3F80710A2F836
:107D1000B1101B78206AC3F3801380F8AC30304B6D
:107D20001B6813B1012221469847D4F82080686A65
:107D300098F8AC900E234370C378082603F03F03F5
:107D4000C37000224FF00301067008F058FF204670
:107D5000FEF7C6FD686A494608F055FE0623012273
:107D600008F1AD01686A08F024FF6179FF2001F095
:107D70004BFF686A02F00CFBD4F820802046414695
:107D80000AF0A7FA94F9122001463B4640460AF051
:107D900008F8216A9DF80720002384F89530B1F88F
:107DA000AA30A4F89630FF2384F8B3304FF6FF735F
:107DB000A4F8B43020460AF01FF8236A2E70B3F8F6
:107DC000AA20A4F8CD20DB7D84F8CF30012005B0B7
:107DD000BDE8F0832046FEF775FEF7E7BC0F0020F4
:107DE000CC1700202DE9FF41564F3A78044602F0A7
:107DF000FF0312B90278FF2A04D140F6DD112D20CD
:107E0000F9F7E0F97B60FB817B7380F889304E4B9A
:107E100000934E4B01934E4B0293FB6A68465B689E
:107E2000039302F09FFA01F099FF02F093FB01F037
:107E300013FB484801F0EAFF04F13005464802F020
:107E40008BFA28460AF0C0FA28460AF0C2FA01F076
:107E5000E7FF2179252001F0D7FE94F9120001F007
:107E6000CFFF04F15001E06C07F083F904F15801F1
:107E70000646E06C07F0A4F98046002E3AD094F84C
:107E80002430BBB3B4F94850ED43ED0F237F13B951
:107E900063885B0709D5D4E918126FF000439A4252
:107EA00008BFB1F1FF3F2FD1ADBB94F88B301BB9A8
:107EB00046EA0806F6B2AEB1638813F0100511D198
:107EC000606CC0F30B200AF00FFA94F8463084F887
:107ED000450023F00F03C0F30320034384F846302A
:107EE00084F88B50786A0330FCF7F0F9387304B0EB
:107EF000BDE8F081B8F1000F04D094F82550002DB2
:107F0000C0D1C3E74546C1E703F06CFFD4E91823AD
:107F100090429941C8D3012229462046FEF71AFD16
:107F200050B1FCF7B5F9054603F05CFF0B4BE5FBE0
:107F30000301C4E91801B8E7002DB6D040F61C21B2
:107F40005DE700BFBC0F002091710000616B000075
:107F5000056C0000D6BE898E5555550040420F0075
:107F600073B50446FFF73EFF042120781F4DF9F753
:107F700015FD686120780621F9F710FD6B69A8618D
:107F80002BB120B140F655212D20F9F71BF92046E1
:107F900009F0EBFE668816F0100618D00021204686
:107FA000FEF78CFF94F88A305BB16846FCF7BAFAAA
:107FB00038B1694604F1360008F07AFC002384F8F1
:107FC0008A30204602B0BDE87040FEF751BC314611
:107FD0002046FFF7F7FB686A02F0DAF921793046AC
:107FE00001F034FF0523A8602B70DBE7BC0F0020F5
:107FF000024B9862DB6A1B68184700BFBC0F002069
:1080000043881A0710B5044612D5036A11493C2269
:1080100080F89520B3F8AA30A0F89630FF2380F8B6
:10802000B3304FF6FF73A0F8B4308C3008F05FFF28
:108030006388DB0743BF236A3C22B3F8AA103C22C3
:1080400058BF4FF6FF712046FEF7F6FCFF2384F879
:10805000893010BD1F1D0100FD1E01000B1F010016
:1080600011700000031F0100AD7A0000297A0000A2
:10807000017A0000756A0000456E0000697000001A
:10808000617F00003D6B0000071F01005880000069
:1080900060800000788000000138022808B503D90C
:1080A000C4212F20F9F78EF813290A4B05D811297E
:1080B0000CD8102907D0D221F3E71529FBD103EB07
:1080C0004003D88801E033F8100008BD03EB4003FB
:1080D0009889FAE7EAB402002C4A38B59488034636
:1080E0001C43402B1068948004D10421BDE8384023
:1080F000FEF7A2B8802B01D10521F7E703F00304B6
:10810000032C04D140F6A4313120F9F75BF8DD07E8
:1081100006D50C6891602478062C1AD00B2C22D03E
:108120009C0711D50C6821781173072929D00B29D8
:1081300022D0052908D1C17B182905D100240025AA
:10814000C0E91E45012101759B0644BF08235373F6
:1081500038BDC47B1C2CE3D100240025C0E91C459C
:108160000124C474DCE7C47B122C01BF0024C47456
:10817000012480F85240D3E7C17B1129E4D10021CA
:10818000E1E7617880F8A010DEE700BFEC0F002087
:108190000C4A517B034689B910683BB9B0F81011FD
:1081A000B0F8F420914209D8FDF7C0BF93881B07AF
:1081B00006D5007C083818BF0120704700207047A2
:1081C00001207047EC0F002073B504460068036877
:1081D00013F0300F0D4649D1B1F805101A2904D912
:1081E000B5F80730B3F5A47F06D22978204602B04F
:1081F000BDE8704009F089B8B5F801201A2AF4D911
:10820000B5F80360B6F5A47FEFD30096E83008F028
:1082100028FF174B9A8892070DD51B7B142B0AD188
:108220002268136843F010031360204609F02BF80E
:10823000002002B070BD23689A7B212AF0D093F809
:108240002F31002BECD1236893F82E31002BE7D18E
:1082500023681A68B3F8AA0042F020021A6003F1FA
:10826000E80103F5B172FCF793FBDEE70120E0E7DC
:10827000EC0F00202DE9F843854D06462C680028B8
:1082800040F0C480AB88190746D594F89E302A2B5D
:1082900016D00CD81C2B13D0222B18D094F89E305B
:1082A000FE2B20D140F2FB513120F8F78BFF3C2B05
:1082B000F4D1784B1B68002BF0D028469847EDE7A7
:1082C000002384F84131724808F0D5FFE6E784F8CE
:1082D0004201714B1B68002BF5D004F5A17104F12C
:1082E000A4009847EFE7FE2384F89E30E37B1E2B23
:1082F00006D10027664884F8517008F0D6FFE7736E
:10830000A37B242B2AD0372B30D0237C082B02BF11
:108310000223AB7384F89E30AB88DA074FD5D5F8CB
:108320000080A96898F80F30D1F80090113B0F2B0E
:1083300099F800700BD8BB1EDBB2092B00F2A680A7
:1083400040F2333222FA03F3DB0740F19F800979D0
:108350003846FCF717F988B9394680E0E37B243BBF
:10836000072B94BF2B232523A373CEE7012384F887
:10837000C5320023A37384F84A30C6E7012F01D920
:10838000162F4ED198F80E0008F0AFFF40B198F8C4
:108390000E30242B04D0252B34D12B2388F80E301B
:1083A0003846FCF781FD0346002849D1FF2FD3D181
:1083B0002B69002B51D02B68012283F8C622AB8891
:1083C000580704D5227C072A04BF0122AA73990703
:1083D0004CD5287B2B6801220D2883F89F2042D0A2
:1083E00011284CD007284CD0FCF768FD0346002824
:1083F0003AD12A7BFF2A46D12A683721917382F825
:10840000C40233E0162F14BF022620266B7B1B0705
:1084100004D5E37B113B0F2B98BF08263046BDE8FF
:10842000F883112F15D005D8072F14D00D2FB7D1F1
:108430001A4B05E0142FB3D1194B1B68002B8BD0BE
:10844000AA6813481279494698470028B7D00646CB
:10845000DCE7144BF4E7144BF2E799F800100C48F2
:1084600008F053FFF1E7114B09489847AB88DA064B
:10847000CCD5E37B0A2BC9D10B23E373C6E70C4BA6
:10848000F2E70C4BF0E740F2EE510DE70826BDE7AE
:10849000EC0F00201C180020F81700206D260100AA
:1084A000D8170020B9260100C5850000CD240100A1
:1084B0001925010087250100002908BF1F21262852
:1084C00070B50346144639D81C2806D8A0F10E030F
:1084D000DBB2092B1CD9002070BDA0F11D02092AB6
:1084E000F9D801A050F822F079850000D784000067
:1084F000D784000089850000D7840000D78400005D
:108500006385000063850000638500009785000097
:1085100001259D4040F25126354015D1082BDAD176
:108520001668B37B252B14D12046FBF737FB86F862
:1085300038510023B37386F84A30CCE73B2832D059
:108540003E28C8D1194B27E0BDE8704000210AF051
:1085500041B82B2BBFD1F37B243B072BE9D92A2130
:10856000E2E7134A1568002DB5D00A4620461946A1
:108570002B46BDE8704018470E4B1B68002BAAD055
:108580000A461D212046F4E70B4B1B68002BA2D0A6
:108590000A462021F6E7094B1B68002B9BD020469A
:1085A000BDE870401847064BF6E700BF08180020EA
:1085B000DC170020E8170020F0170020FC1700202F
:1085C0002418002070B54B780268262B04465CD036
:1085D0001DD81D2B957B54D00FD8A3F10E02D2B21B
:1085E000092A08D8012101FA02F640F25120064278
:1085F00020D1082A24D0002070BD232BFBD12D2DA3
:10860000F9D1254B1B68002BF5D09847F3E73E2B9B
:108610003DD005D82B2B3CD03B2BECD11F4BF1E7A9
:10862000FF2BE8D11E4B1B69002BE4D0012382F8FD
:10863000C632E0E722461846BDE8704009F0CABFDE
:10864000252D01D02B2DD6D1204608F014FE23680D
:10865000DA7B262ACFD093F8632022F0010283F838
:108660006320226892F8633023F0080382F86330B5
:108670001A212046FBF792FA2368002283F838215A
:10868000B9E7362DB7D1074BBCE7074BBAE7074B25
:10869000B8E7074BB6E700BFE01700202818002016
:1086A000EC0F0020EC170020001800200C18002010
:1086B000141800202DE9F34790F8D28290F8D36285
:1086C00004460D46B8F1000F3BD190F82071002E02
:1086D00039D194F821A184F8207184F821A1FF23D5
:1086E00084F822311A4B1B6804F1A80913B13946EA
:1086F00048469847174B1B6823B101943A465146A8
:1087000001A8984794F83831012B02D058EA0606A0
:1087100003D0237B43F001032373484608F0C0FCD9
:1087200018B1237B43F00203237306212046FDF793
:1087300083FD002384F838313DB1A37302B0BDE856
:10874000F0874746C3E7B246C5E7E573F6E700BFE3
:10875000E417002018180020024B0020C3E9040091
:10876000704700BFEC0F002008B5054B0022C3E99D
:108770000422FCF777F9BDE80840FCF75FBC00BFB6
:10878000EC0F002073B5514D002604462860AE80E2
:108790006E73AE73FF2380F84C30B0F8DA31002BE3
:1087A00000F0828090F89E30FE2B7DD190F82C3125
:1087B000002B79D0037C073B012B75D990F82D3124
:1087C000A0F8446080F8A0300221012209F08BFE5D
:1087D00084F8E26102212846FCF7D0F9B4F8DE11F2
:1087E000B4F8E021B4F8DE30013989B2B1FBF3F31B
:1087F0001344A4F8E031B4F840300B44A4F84030FE
:10880000204609F09EFE10B1636B0B446363B4F81D
:10881000DA31012B9CBF0133A4F8DA31002609B10B
:1088200084F8E661E37B84F8E2610A3B012B0FD810
:10883000E388B4F8D0229B1A190409D404F2D22197
:1088400004F1170008F034F8E673FF2384F84B3086
:10885000B4F8DE2104F1A801204608F06FF8E37BAC
:108860001B491C4A113B0F2B8CBF00230123009393
:108870002868194BFAF734F9696911B1287E01F0BB
:108880003FFE2C68237BDA0703D510480021FBF755
:1088900085F9237B9B0703D504F25910FCF772F886
:1088A0000023237302B070BD94F89E10FE2901D0FE
:1088B000064891E7094B1E68002E8FD003F0E0FBBD
:1088C00002460B460148B04788E700BFEC0F002086
:1088D000D980000091810000F18800002C18002050
:1088E000024B1869003818BF01207047EC0F0020B8
:1088F0002DE9F04FDFF8E4810F46B8F80410D8F8FE
:1089000000408D0556BFB4F840200023013287B0E7
:10891000814646BFA4F8403084F8E631A4F84020F0
:10892000204609F00EFE38B10B4604F5A87204F19A
:10893000A8012046FCF7F0FCB8F8043003F4C0634B
:1089400033B1A37C002B00F0A080032B00F0A380A8
:10895000A27CB8F80430012A03D1180544BF0222D2
:10896000A274B9F1000F40F04E8159065DBFB4F812
:108970000022013292B24A46A4F8002203F00A0211
:108980000A2A0FD198F80C20022A0BD123F00803F1
:108990003846A8F80430FFF76DFC08233843C7B207
:1089A000A8F804303846FFF765FCD8F81030384393
:1089B000C7B2002B50D01422002101A805F026FEDA
:1089C00094F8210102F032F8054694F8210102F0F2
:1089D00025F805F5FA754FF47A73B5FBF3F5B4F89D
:1089E000AA30ADF804300544E38894F82911D4F88E
:1089F000C800ADF80830ADF80A5007F0B3FE94F89F
:108A0000C632ADF8060033B1D8F808301A689B8832
:108A100004928DF814309DF80C3094F8C52262F35E
:108A200000038DF80C3001A8D8F810309847049A4C
:108A3000002384F8C63284F8C5326AB194F8C4328F
:108A400053B9A37B372B07D09DF8143023B111788D
:108A5000FF2924D11B2B29D9D8F8006096F89E3025
:108A6000FE2B4BD1002F49D1337C073B012B45D93D
:108A700096F82C3113B396F82D31A6F8447086F889
:108A8000A030012202213046EFE10121A1742046ED
:108A9000FDF7D2FB5CE70223A3740121F7E7072966
:108AA000DAD1022BD8D15178FF29D5D1012184F810
:108AB000C412C4F8C82284F8C732CDE796F80FA0D4
:108AC000AAF1100A5FFA8AFABAF1100F40F2578140
:108AD0003368DA0704D53A460921D4E7EC0F0020C1
:108AE0009D0740F1EE803A460C21304609F0FBFC30
:108AF00096F8533043F0010386F85330B4F8E03170
:108B000094F8E3510133A4F8E031002D00F0F8822D
:108B1000FAF754F910B10023A4F8E031B4F8AA0030
:108B200009F092FEA37CB4F8DE60012B824640F28D
:108B30002683237C082B40F0FB82B4F84030022BC4
:108B400040F21D83B4F842500135ADB2E388DFF83E
:108B5000A8B22B44A4F8D831DBF80030002B00F089
:108B60001283012E40F20F83FAF718F9DBF8003078
:108B7000E18802462046984700F1010B1FFA8BFB63
:108B800094F8E431002B3AD1012D38D9E37B0BB1B5
:108B90000B2B34D1A37B93BB237C83BBA37C022B05
:108BA0002DD194F8E63153BBD4F8C00006F01FF97C
:108BB00028B394F89E30FE2B21D1B4F8DA31012B82
:108BC0001DD9B4F8E021B4F8D0309A4217D2BAF1E6
:108BD000000F02D0BAF80E1089B99B1A9BB2013D62
:108BE000ADB2B5FBF6F59D4228BF1D4616FB05B696
:108BF000003D18BF01251FFA86FB84F8E251E38887
:108C00009B44A4F8DCB1B8F80430D8F800505E06F4
:108C10005FBFB5F8EC31B5F8DE219B189BB248BFB9
:108C20000023A5F8EC3195F82C311BB92B7C073BC0
:108C3000012B06D8B5F84430B5F8DE211344A5F869
:108C4000443095F84A1031B1B5F84630B5F8DE2118
:108C50001344A5F8463095F95020002AC1BFB5F855
:108C60004E30B5F8DE011B18A5F84E3095F83130BE
:108C70006BB9B9F1000F40F0DA8298F80E30022B90
:108C800040F0848295F8A030062B18BF162395F883
:108C9000302022B9594885F83130FCF769F9284667
:108CA00009F042FD564B1B681BB1564A204611681D
:108CB0009847002384F84C3007B0BDE8F04FFBF72D
:108CC00083B8580702D53A461321DCE6190706D5C2
:108CD00096F8983086F8A0303A460721D3E61A066F
:108CE00002D500221B21CEE613F0300238D096F8D0
:108CF0002F31002B60D196F82E31C3B1F37B292B95
:108D000006F1A80006F5977106F2D22226D0B37BB1
:108D1000A3F129056B426B4108F077F9336823F022
:108D2000200343F010033360002386F82E313368AC
:108D3000DA0641D506F1A80008F0B2F918B106F23A
:108D40005910FBF71FFEB6F80A31A6F8A030B6F8A6
:108D50000E31A6F8A2300022152194E60123DBE7AC
:108D600013F0400101D024218DE613F4807202D06B
:108D70000A461E2187E6DB041ED52C2183E6D8F89F
:108D80000050EB7B182B3FD011D8112B26D0162B7F
:108D900028D0B37B002B7BD1F37B103B102B7FD9EA
:108DA00096F83E30002B7BD0012212216BE6202B5F
:108DB000EFD13A46062113E0D8F80000C37B352BEB
:108DC00051D006D8262B53D02F2BE2D100222021C0
:108DD0004BE04E2BDDD100223C2146E03A460B21F0
:108DE000284642E02846FCF737F900283FF486AED3
:108DF00000220421F4E700BF04180020EC0F00203B
:108E0000F41700203800002095F8C032012B07D15C
:108E10003A460521284609F066FB85F8C0726DE6E2
:108E200095F8C032022BD9B27FF468AE95F8523073
:108E300053B1062385F8A0303A46284609F053FB83
:108E4000002385F8C032EAE7D8F8003040F2063255
:108E5000A3F89A2095F8623013F0040F3A460CBF3D
:108E60000D211121E9E70022112109F03CFB45E623
:108E700090F83831022B02D100221721F5E790F843
:108E80003831012B85D190F83931002BF4D080E7AF
:108E9000092B05D196F8993086F8A03001221CE7FD
:108EA000BAF1100F7FF62AAED8F8005095F80EA050
:108EB000BAF1000F40F0B98095F83F313BB1012283
:108EC0000E21284609F00FFB85F83FA1A7E795F88A
:108ED0003E3183B195F853A01AF0030B0BD1012258
:108EE0000C2128464AF0010A09F0FDFA85F853A042
:108EF00085F83EB193E795F8403173B195F8693044
:108F0000DB0902D001222B216AE7A64B1B68002B4C
:108F100000F08B80A448984787E095F82E312BB35A
:108F200095F82F3113BBEB7B292B05F1A80005F534
:108F3000977105F2D22217D0AB7BA3F129067342B9
:108F4000734108F062F8002385F82E3101221421C4
:108F5000284609F0C8FAB5F80A31A5F8A030B5F8E6
:108F60000E31A5F8A230C9E50123EAE795F83831BA
:108F7000012B6ED195F83931002B6AD1E87BA0F135
:108F80002403072B65D995F820114B1EDBB2032B68
:108F900009D895F82121DFF814C2013AD2B2032A88
:108FA0001CF803E004D94FF43F710620F8F70AF9E2
:108FB000BEF1020F95F83A3114D0BEF1030F13D071
:108FC000BEF1010F04D1012B14BF002301236BB9A3
:108FD000A0F14703012B28D90A38042825D90122FA
:108FE0001621FDE6022BEFE7042BF1D11CF802203D
:108FF00095F83B31022A24D0032A24D0012AE7D154
:10900000012B14BF00230123002BE1D0EB88B5F81E
:109010003C0105F5347207F029FA8246B0B90146E1
:109020006148FAF7BBFD85F838A1B37B002B7FF4CC
:1090300065AD96F8C432002B3FF460AD0122FF21EC
:1090400021E5022BDDE7042BE0D0C1E72C23AB7335
:1090500054E595F8423113B101222221C0E695F87A
:10906000413143B1524B50481B689847FE28014696
:10907000DBD00122B4E695F84A3113B101221D215B
:10908000AEE695F84B3113B101222621A8E695F8FA
:10909000CC3213B101223E21A2E695F84C319BB1AE
:1090A000D8F800301021B3F8AA00F8F777FC03696C
:1090B0009B0706D53F4B3C481B68984701223B2144
:1090C0008EE63D4B1B6825E795F84E314BB195F880
:1090D000393133B9EB7B243B072B02D90122232101
:1090E0007EE695F84D31012B05D1002385F84D31F1
:1090F0000122252174E695F84D31022B95D1F4E734
:10910000F9F746FE08B1A4F8E051F9F75FFE002830
:109110003FF404AD94F8E6310133DBB2022B84F85E
:10912000E63182BF0023A4F8E03184F8E631F5E4AB
:1091300094F83E3013B1A37B0F2B20D1B4F84250EA
:10914000B4F840300135ED1A2046B100A5EB860594
:1091500009F0F7F9A8B1A36B626B01339B1A5B1A94
:109160009D42A8BF1D46BAF1000F05D0BAF80E30D7
:10917000043B9D42B8BF1D46012D3FF7E6AC0125DB
:10918000E4E42B46ECE74FF0010BF9E4012B15D199
:109190006B7C002B7FF47BAD00212846FDF74CF85B
:1091A00080E500BF14180020EC0F0020FCB4020082
:1091B000D417002020180020281800205FB1F806DE
:1091C00033D4390733D4BA0633D4BB0733D14FF481
:1091D00031613120EAE639B1B5F84610B5F84830CA
:1091E000994201D3222352E5002A05DDB5F84E202D
:1091F000B5F848309A42F5D2B5F84420B5F8423077
:109200009A4209D2AA7CB5F8403052B1B5F8422052
:109210009A42C1D808233AE595F82C31002BE1D1C8
:10922000F0E7052BB8D93E2331E51E232FE53D237A
:109230002DE523232BE52A2329E500BF73B504463A
:109240000190D4F8C830D0F8D802984214D1D4F89C
:10925000DC62D4F8D030F61A18BF012694F8E43254
:10926000002B3FD0B4F8AA0009F0EEFA30B940F66E
:1092700068513120F7F7A6FF0126EFE7B4F8E022A6
:10928000B4F8DE309A421AD1B4F8E23282899B1ADD
:1092900018BF0123A57B472D15D0E27B472A10D0AC
:1092A0000025B4F8DE22D4F8D81201A8FBF7E4F8C0
:1092B00095B30023A3730323A37402B070BD0123ED
:1092C000E8E73343ECD0154B1B6813B940F67351F4
:1092D000CFE7A5F1470255424FF0000101A85541E3
:1092E0009847DEE7002EDBD0B4F8AA3094F82911B5
:1092F000A4F8A13107F036FAB4F8DC32A4F8A531AD
:10930000B4F8DE32A4F8A3010549A4F8A73104F2A9
:10931000971007F0F5FDC3E7E573CCE710180020C0
:109320008914010008B5FBF7FDFB024B024A1A60E5
:1093300008BD00BFD8170020C9810000014B58703C
:10934000704700BF08100020014B1874704700BF21
:1093500098100020074B93F900301844142804DCBF
:1093600010F17F0F03DB40B27047142070476FF09D
:109370007E0070470611002007B57F230DF107001E
:109380008DF8073001F0F4F803469DF9070053B15A
:10939000094B5B785B4240FA83F0142806DC10F13D
:1093A0007F0F05DB40B203B05DF804FB1420FAE741
:1093B0006FF07E00F7E700BF06110020024B00228D
:1093C0001A705A70704700BF06110020014B1870C8
:1093D000704700BF08110020034B00214FF480525A
:1093E0001970A3F8012070470C11002070B50646D3
:1093F000022014460D4600F0C3F8064B01221A70F5
:10940000054B033CC3F81045C3F80865C3F8045581
:1094100070BD00BF0C11002000F0004008B5022014
:1094200000F0AEF809480A4B0A494FF0010C80F8E9
:1094300000C000224FF40000C3F80021C3F804214B
:10944000C3F80821C1F8040508BD00BF0C110020B5
:1094500000F0004000F00140114B1A786AB1114A47
:1094600011494FF40000C2F80805D1F800213AB9BB
:109470001021002099705A701870002000F080B8F8
:10948000D1F80421002AF3D0D1F8082122B9D1F86B
:1094900000140122C9B2ECE710210022E9E700BF65
:1094A0000C11002000F0014000F0004008B5114B05
:1094B0001A7892B1104AC823D2F8001141B1D2F8FB
:1094C000040120B1D2F80801B0FA80F0400908BDCB
:1094D000013B13F0FF03EFD102E05878022804D1DA
:1094E0000620FBF71FFA002008BD431E58425841D2
:1094F00008BD00BF0C11002000F000400A4B1A7894
:109500007AB10A4BD3F800214AB1D3F8042132B121
:10951000D3F808211AB9D3F80004C0B2704710205C
:1095200070479878704700BF0C11002000F0004091
:1095300008B50A4BD3F80025032A04BF01229A601C
:109540000022C3F80025C3F8002501F047FC044BB6
:109550004FF40002C3F8082508BD00BF00F000402A
:1095600000F00140054B4FF40042C3F88020BFF3E8
:109570004F8FBFF36F8FFFF7DBBF00BF00E100E04D
:1095800010B50446FFF7D4FF012C06D0022C0CD0F6
:1095900054B18C213D20F7F715FE0B4B0222C3F886
:1095A00000250A4AC3F8142510BD074B0322C3F84F
:1095B0000025064AC3F8142503F580334FF4000252
:1095C000C3F80425F0E700BF00F000400F110020B1
:1095D0004FF08053D3F8A00000F00100704700BFA7
:1095E0004FF08053D3F8A420D3F8A830511C9BB27D
:1095F00003D14FF6FF718B4203D0026083800120BC
:1096000070470020704700BF4FF0805330B4D3F84C
:109610009050D3F89440D3F89810D3F89C2005EAE2
:1096200004030B401340013302D1002030BC7047CB
:10963000056044608160C26030BC0120704700BF9B
:109640004FF0805330B4D3F88050D3F88440D3F82F
:109650008810D3F88C2005EA04030B401340013333
:1096600002D1002030BC7047056044608160C26058
:1096700030BC0120704700BFEFF3108272B60F4B71
:1096800093F8451011B9BAB962B670475B78012BEF
:109690000FD0022BF7D18307F5D40948094B10B43A
:1096A00001210024C0F84045196102B962B610BC1E
:1096B00070474107E7D4F0E7704700BF2012002051
:1096C000008000400010004010B504463948631E79
:1096D0000472072B68D8DFE803F0494E5358675DE2
:1096E0006204354B0F22C3F810258389B3F5166F3A
:1096F0003ABFA3F6381343F48072A3F516622E4BDB
:1097000001F07F01C3F808250022C3F85415C3F8FF
:109710001C21D3F80022082C42F488724FF0FF017C
:1097200080F82F10C3F800220ABF40F2022140F255
:109730000311224AC3F8341518BF40F25B62C3F824
:1097400038251F48214601F063FC204601F000FA4D
:109750001C4B1B68062B08D0013306D0164AD2F8E2
:10976000683543F4C023C2F8683510BD124B03229C
:10977000C3F81025B9E7104B0422C3F81025B4E74D
:109780000D4B0522C3F81025AFE70B4B0622C3F89B
:109790001025AAE7084B0022C3F81025A5E7064BC1
:1097A0000122C3F81025A0E740F645513E20F7F707
:1097B00009FD00BF20120020001000402110010010
:1097C0004D120020B014002030B5364C431E83B03B
:1097D0002072072B5CD8DFE803F03D42474C5B5119
:1097E0005604314B0F22C3F81025A3892E4DB3F533
:1097F000166F3ABFA3F6381343F48073A3F51663CC
:10980000C5F8083501F07F03C5F8543594F90920EF
:1098100001AB01F031FD9DF8050001F0F5FD0028D8
:109820003BD19DF904001F4901F008F9237A1D4836
:10983000082B07BF1D4B40F2022240F2031240F2F8
:109840005B63C5F83425C5F8383503B0BDE8304052
:1098500001F084BB144B0322C3F81025C5E7124B5B
:109860000422C3F81025C0E70F4B0522C3F81025CA
:10987000BBE70D4B0622C3F81025B6E70A4B0022C2
:10988000C3F81025B1E7084B0122C3F81025ACE757
:1098900040F645513E20F7F795FC40F2E3513E205B
:1098A000F7F790FC2012002000100040211001006A
:1098B0002DE9F043061E83B014BF022004200023CC
:1098C0000F4690468DF804008DF8063002F0DAFB62
:1098D00001284FF0FF3088BF00208DF8050001A857
:1098E00004F080FF002840F0E0807A4D012385F8E5
:1098F000453002F087FA04460028FAD0764B4FF440
:109900000022C3F80825002E41D195F82A304FF0E7
:10991000010985F80190002B54D095F82C30002BCC
:109920005BD16E4B6E4A33F818106E4B01F5FA712D
:10993000A3FB0131684BA7EB9111C3F8AC252B6A4F
:10994000694A6A4F95F82B0043F400232B622B6978
:109950001944614BC2F84015C3F8A875012785F872
:109960002A704FF40027C3F80475002854D095F8E6
:109970002C00002843D05E48C3F8AC05D2F8403133
:10998000002B49D00024204603B0BDE8F083012E0F
:1099900040F0908095F82A3002226A70002B6AD03D
:1099A00095F82C3023B34E4B0022C3F81C21D3F87A
:1099B000002242F48872C3F80022FF23394685F85A
:1099C0002F30BCE7A97A4046FFF7FEFE95F82C3011
:1099D000002BA6D0424BC3F80090464B33F818102A
:1099E000404B01F5FA71A3FB0131A7EB9111A6E7FA
:1099F000394B414AC3F8AC25A7F129019FE7384B01
:109A0000D3F8002242F00102C3F80022D3F8503507
:109A100003F0F603022BB5D0334B0122DA64D3F8FE
:109A20004C358B42AEDAEB89952B0BD9002E2DD01D
:109A3000324B2931D9601846314901F0D3FC431C1F
:109A4000012B41D801A804F0D9FE002837D16B784A
:109A50009DF80420012B0BD0022B94D1930792D4B4
:109A600021491F4B00200122C1F840051A618AE7F5
:109A7000520788D4F4E7A97A4046FFF725FE95F807
:109A80002C30002BB4D0164B5E608CE71B4B28317A
:109A9000D96018461A4901F09FFC431C012BD1D90B
:109AA00040F2C2613E20F7F78DFB40F65C313E206C
:109AB000F7F788FB40F634013E20F7F783FB40F6CA
:109AC0009F313E20F7F77EFB40F2CC613E20F7F756
:109AD00079FB00BF2012002000F0014004B6020014
:109AE00000100040D34D62100080004040810040D3
:109AF0000810004018B60200041000404400002086
:109B000058B50200482210B50021174804F07EFD28
:109B1000164801F04BFA164B1A68102A13D8012385
:109B2000934013F4A2341BD113F4045F0BD01148FB
:109B30004022FF2104F06AFD4FF08043C3F8084E35
:109B4000C3F8104E10BD0B483822FF2104F05EFD13
:109B50004FF080430022C3F8082EC3F8102E10BD2A
:109B600004482422F1E700BF201200204D120020FB
:109B7000B0140020000E0040014BD881704700BF98
:109B800020120020024B012283F82C20704700BFD6
:109B900020120020024B0344187E00F51660704727
:109BA00058B50200014B187F704700BF20120020FB
:109BB000024B98691B69C01A704700BF2012002031
:109BC00010B50D4A0D4B117F5469126903EB8103E7
:109BD000A41A186C0A4B0B4A53F8213003F2F31302
:109BE000A2FB0323241AA4EB931402F049FA2018D1
:109BF00041F1000110BD00BF2012002058B5020045
:109C0000F0B50200D34D6210FF2808B531D81B4BC8
:109C100001391885072922D8DFE801F0041D16163E
:109C20002104041A164A4FF44031164B084340F001
:109C30000070C3F81425C3F81805D3F8503503F0A5
:109C4000F703032B10D008BD0F4A4FF44031ECE767
:109C50000E4A0021E9E70E4A4FF44031E5E74FF4A0
:109C60004F713E20F7F7AEFA40F256313E20F7F73B
:109C7000A9FA40F2CB213E20F7F7A4FA20120020E7
:109C80000801100000100040080190630800000661
:109C9000080110011E4AD2F8003223F0020343F4F7
:109CA000801310B5C2F800321A4C1B4BC4F8A03513
:109CB00003F5DE431C33C4F8A4354FF48023C4F805
:109CC00004350378032B1DD14378144C0129D2F8B5
:109CD0001415606803F03F0321F4702143F40C3342
:109CE00040F0030043F4207308BF41F4002160609A
:109CF000C2F81415C2F80009C2F81039012384F81B
:109D0000443010BD40F2AB313E20F7F75BFA00BFA4
:109D10000010004000F001402C11004020120020F3
:109D20000B4B1B68062B02D0013300D07047094B48
:109D30001B68063B0833F9D9074AD2F8743723F079
:109D4000807323F0010343F08073C2F874377047C7
:109D5000B0140020B414002000100040224B2DE964
:109D6000F0410227C3F88070BFF34F8FBFF36F8FAE
:109D700002F040F8044602F083F91C4D001B1C4C15
:109D800000264FF001082061C5F8FC6FC5F8FC8F74
:109D900001F086F8174AC5F83085107C40F20122A0
:109DA000C5F85026C5F8007201F046FB124A134967
:109DB000A683A661668584F82C6084F84460C2F8A6
:109DC0000415D5F80019084B6160A26CC3F88071C6
:109DD0009621E1811021C5F804131F6002B190475C
:109DE000BDE8F04101F0ECBA00E100E000100040F5
:109DF000201200204400002000F001400000020C6E
:109E0000014B5872704700BF20120020034B020E16
:109E10000002C3F82425C3F81C0570470010004059
:109E2000044B054A034490721B7E03F5166393812D
:109E3000704700BF58B502002012002000B583B063
:109E400001AB01F019FA03B05DF804FBF0B5674C03
:109E500094F82B3083B0002B00F0B380002814BF9F
:109E600002220422002305460F468DF804208DF8B7
:109E7000063002F007F901284FF0FF3088BF0020BC
:109E80008DF8050001A804F0ADFC002840F0948096
:109E9000574A84F82C00012384F8453084F82A308E
:109EA000D2F8003243F00103C2F8003201F0AAFFF9
:109EB0000028FBD0002D58D0012D0AD04D4BD3F8EF
:109EC0004C65E389952B21D94FF4DA613E20F7F7F1
:109ED00079F90223A17A63703846FFF7F5FB6378BE
:109EE000022B7DD1434B424ADD645560D3F84C656B
:109EF000E389952B0AD9404A404906F129031046C7
:109F0000D36001F06FFA0130012864D801A804F091
:109F100075FC00285AD163789DF80420012B1DD0D0
:109F2000022B08D1930706D4324A314B0021C2F8E4
:109F3000401501221A612369F61A1DB106F12900A4
:109F400003B0F0BD2E4B2F4A33F8173003F5FA73E8
:109F5000A2FB032306EB931003B0F0BD5207E3D539
:109F60002369F61A002DE9D1ECE70123A17A637089
:109F70003846FFF729FC6378012B18D11D4A1C498C
:109F8000D3640B60E389D2F84C65952BBED91A4A8D
:109F90001A4906F128031046D36001F01DFA01307A
:109FA0000128B3D940F2C2613E20F7F70BF94FF414
:109FB000E9613E20F7F706F940F65C313E20F7F7FD
:109FC00001F940F206713E20F7F7FCF840F69F31A8
:109FD0003E20F7F7F7F840F2CC613E20F7F7F2F8B1
:109FE00040F251713E20F7F7EDF800BF201200203B
:109FF00000100040008000404400002058B50200DE
:10A0000004B60200D34D621008B5FFF751FC00B151
:10A0100008BD054B05490122C1F840051A6102201F
:10A02000BDE80840FAF77EBC001000400080004008
:10A03000F8B51D4D6B7F8BB304461646084654B1E8
:10A04000012C1BD0002029693246411A2046FFF717
:10A050002FFC40B1F8BD012BAF69297F16D000F06D
:10A06000F5FC3844EFE7114B11490122C1F84005D6
:10A070001A610220BDE8F840FAF754BC012BAF6921
:10A08000297F07D000F016FD3844DCE700F000FD22
:10A090003844D8E700F0E8FC3844D4E740F6C10182
:10A0A0003E20F7F78FF800BF20120020001000407C
:10A0B00000800040F0B5474A474F484C484ED2F820
:10A0C000045302214FF0FF3083B00023C2F808038D
:10A0D000C7F88011C2F800124FF46021C6F840356D
:10A0E000C4F80815D2F850153E4CC9B205F0100559
:10A0F000638584F82C30002938D1E389952B04D965
:10A100006378012B5CD0022B50D0324E36480027AA
:10A11000C6F81071394600F04DFF94F8443027809E
:10A12000EBB1D6F800322D4A84F8447023F4801342
:10A1300043F00203C6F800324FF48023C2F808351A
:10A14000D6F81425636822F47022C6F8142523F08B
:10A150000303264A6360C6F80039C6F810291DB10A
:10A160001C4B1022C3F8042303B0F0BD01218DF86D
:10A170000700C2F8103111619DF807304BB90CE0AF
:10A180009DF80730013BDBB28DF807309DF80730B2
:10A190001BB1D2F81031002BF2D09DF80730002B04
:10A1A000ABD140F6FF013E20F7F70CF801F026F99D
:10A1B00001300128A9D940F617113E20F7F702F81F
:10A1C00001F016F9013001289FD940F611113E2007
:10A1D000F6F7F8FF0010004000E100E000F0014059
:10A1E00000800040201200204D120020803202002A
:10A1F000264B10B50022264CC3F84825C3F8442549
:10A20000C3F84025C3F84C25FFF754FF01F0DEF8F2
:10A2100094F8453023B104F0EBFA68BB84F84500AC
:10A22000002004F0F1FA60BB226A1A49174B42F091
:10A23000446242F40032C1F80825174AE070022156
:10A240002062C3F848056061C3F84405A061C3F803
:10A250004005C3F84C05C3F84801C3F84401C3F8EE
:10A260004001C3F84C01C2F88010BFF34F8FBFF319
:10A270006F8FC2F8801110BD40F2AE413E20F6F75C
:10A28000A1FF40F2B1413E20F6F79CFF0080004064
:10A290002012002000F0014000E100E0F8B52B4C56
:10A2A0002378B3B188B9667FE0895F1E18BF0127A4
:10A2B000002E46D0012BA569217F13D0012EA27854
:10A2C0003BD000F0F7FB411911E0BDE8F840FFF783
:10A2D000F1BE94F82C206370E3701AB31C4AC2F8E4
:10A2E0004031F8BD012E21D000F0B0FB41192069AA
:10A2F00094F82C300022091A2280DBB1144BC3F8E9
:10A300004021A2783846FFF7D3FA0028E9D1114B53
:10A310000F490122C1F840051A610220BDE8F8404A
:10A32000FAF700BB628584F82C20F8BD00F0B0FB82
:10A330004119DCE784F82A30E3E700F095FB411986
:10A34000D5E740F6C1013E20F6F73CFF2012002081
:10A350000080004000100040014BC3F83C057047EE
:10A360000010004010B50446074804F04DFA28B923
:10A3700094E80F00054C84E80F0010BD40F668110A
:10A380003E20F6F71FFF00BF799600006C120020F8
:10A39000174B184A93F82A10C2F804054FF0010C25
:10A3A00083F82BC0586209B393F82C3093B102F5AF
:10A3B000F0321149114BC2F8AC15D3F84031ABB1B2
:10A3C0000E490C4B00200122C1F8400503201A6100
:10A3D000FAF7A8BAD2F8003243F00103C2F800320B
:10A3E000D2F8503503F0F603022BE9D0704700BFD6
:10A3F00020120020001000400810004000800040A3
:10A4000038B5174B19699A69084482421DD215491B
:10A410000124DC704C64D1F844250532824205D316
:10A42000114BD3F8042102B91C6138BD1A6A0F4CD4
:10A430000025C1F8445142F48002C1F844054FF4AC
:10A4400080011A62C4F8041538BD0220FAF76AFACE
:10A450000449054B00200122C1F840051A6138BDAE
:10A4600020120020008000400010004000F0014059
:10A4700038B51F4C94F81DC0217F227ABCF1010F22
:10A480000346E08923D000F043FBA36918448342CC
:10A4900023D2184A0121E1705164D2F844350533C2
:10A4A000984205D8144BD3F8042102B9196138BD7C
:10A4B000236A12490025C2F8445143F48003C2F8CC
:10A4C00044054FF480022362C1F8042538BD00F032
:10A4D00001FBA36918448342DBD30220FAF722FA76
:10A4E0000449054B00200122C1F840051A6138BD1E
:10A4F00020120020008000400010004000F00140C9
:10A50000C30003F1804303F5F83310B4084A094C43
:10A51000C3F81025012202FA00F0226AC3F81415CC
:10A52000054B0243226210BCC3F80405704700BF0C
:10A53000041100402012002000F00140044BC3F839
:10A540006005D3F8002242F04002C3F800227047B1
:10A5500000100040054BD3F80022002122F04002F9
:10A56000C3F80022C3F86015704700BF0010004018
:10A570000F4AD2F81C314BB90E4A92F82F20FF2A0D
:10A5800017BF52421846027001207047D2F8483572
:10A5900003F07F0300215B4282B00370C2F81C11FC
:10A5A000D2F81C310193019B012002B0704700BF1B
:10A5B000001000402012002030B5304C83B094F8D9
:10A5C0002C30A17020BB0122227023B3237A994240
:10A5D0004ED12B4D94F90920D5F8003243F00403F5
:10A5E000C5F80032084601ABA17A00F045FE9DF89F
:10A5F000050000F009FF002835D19DF9040021462F
:10A6000000F01CFA204603B0BDE8304000F0A6BCC4
:10A61000022222700BB903B030BD237A8B4227D1BE
:10A62000174A0128D2F8003218D143F00803C2F8C3
:10A630000032144800F0ECFC207A00F089FA124B4A
:10A640001B68062BE7D00133E5D00D4AD2F86835F8
:10A6500043F4C023C2F8683503B030BD43F00403AF
:10A66000C2F80032E5E740F2E3513E20F6F7AAFDDA
:10A6700040F6C7213E20F6F7A5FD00BF20120020BE
:10A68000001000404D120020B014002010B5244CE2
:10A6900094F82C3082B0002B3AD0224A94F808C0AB
:10A6A000D2F8003201281BD043F00403C2F8003274
:10A6B000D0B994F90920A17A01AB604600F0DCFD25
:10A6C0009DF8050000F0A0FE20BB9DF90400214686
:10A6D00000F0B4F9204602B0BDE8104000F03EBCE6
:10A6E00043F00803C2F800320F48614600F090FCC6
:10A6F000207A00F02DFA0D4B1B68062B08D0013391
:10A7000006D0084AD2F8683543F4C023C2F8683549
:10A7100002B010BD40F2E3513E20F6F753FD00BFFA
:10A7200020120020001000404D120020B014002024
:10A73000054B064A0021C3F84015D2F85035DBB26C
:10A740000BB10123136170470080004000100040EE
:10A7500030B4044BD3E90E451B6CC0E9004530BC56
:10A760000B607047201200202DE9F04101F046FBFC
:10A77000A44BA54C0122DA64D3F84C352364C4E918
:10A780000E0104F1200104F12D0000F07FFC08B15E
:10A79000BDE8F081E389952B054606D96378012B46
:10A7A00000F0A780022B00F0AF809848236AC0F821
:10A7B00008350021964BC0F8AC152162D3F8002271
:10A7C00084F82B1022F48E7222F00102C3F80022CA
:10A7D00094F84420E2B1D3F8002284F8441022F423
:10A7E000801242F00202C3F800224FF48022C0F827
:10A7F0000825D3F81415626821F4702122F00302B1
:10A80000C3F814156260C3F80029824AC3F81029FE
:10A810007C4A6778D2F84815A1616777D2F8441569
:10A820007B4B61610026022FD3F80C01D3F8101185
:10A83000C3F80061C3F80C61C3F81061C3F8046188
:10A84000C3F80861C3F86C610CD0012F3FD0002918
:10A850009ED02378002B62D0FFF72CFCA36DBDE8BF
:10A86000F0411847E37813B1D2F8443133BB0028E4
:10A8700068D100298CD02378002BEDD194F82C30AE
:10A880006070E070002B00F0AB805E4BC3F84001BD
:10A89000E4E71A0705D013F0F00F02D013F4706F3D
:10A8A0005BD15B49C3F30442012AD1F8541454D15B
:10A8B000012952D0C3F34253022B4ED82378002BE8
:10A8C00036D0FFF7F7FBE36CBDE8F0411847237A79
:10A8D000237700285FD100293FF45AAF2378002B5B
:10A8E0006AD0FFF7E7FB0021636D0846BDE8F04141
:10A8F000184700F07DFD013001287FF656AF40F685
:10A9000011113E20F6F75EFC00F078FD01300128C1
:10A910007FF64BAF40F617113E20F6F753FC94F844
:10A920002C106370E37000293ED0C2F8403195E7E7
:10A9300094F82C206370E370002A39D0314AC2F8B1
:10A940004031C0E7344B1B68062B06D0013304D0DE
:10A950002F4BD3F85034D9019BD4237A268D002B6A
:10A960004BD0DA1E012A2FD9012700202377FFF7C9
:10A9700095FC274BD3F8000410F0010006D0636A61
:10A980005B78B3428CBF002007F00100236D29469D
:10A99000BDE8F04118473046FFF780FC636D39464B
:10A9A0003046BDE8F0411847618584F82C1055E722
:10A9B000628584F82C2086E794F82C106370E3708D
:10A9C00091B1C2F840318EE7114BD3F8143413F033
:10A9D00006030DD0022B0ED0002701250323C4E768
:10A9E000608584F82C0039E7618584F82C107AE7BB
:10A9F00003230127B9E70423B6E740F24D213E20A7
:10AA0000F6F7E0FB008000402012002000F001403B
:10AA10000010004080320200B0140020024B03EB13
:10AA20008003186C704700BF58B50200024B03EB5F
:10AA30008003586D704700BF58B50200024BC0B28A
:10AA4000C3F80C05704700BF0010004010B5044665
:10AA50000846FFF7EBFF034AA2FB0020A4EB90108F
:10AA600010BD00BFD34D6210074A4FF47A7332F91C
:10AA7000112003FB00F000F2E730044B1044A3FB6D
:10AA80000030800902387047DCB50200D34D6210F7
:10AA9000064B074A33F911104FF47A7300FB033069
:10AAA0000844A2FB00208009704700BFDCB502000B
:10AAB000D34D621010B504460846FFF7B7FF044AAD
:10AAC00000F2E733023CA2FB0320A4EB901010BD80
:10AAD000D34D621038B50C4C34F9111004EB8204DC
:10AAE0001D4664690C4404F6B7344FF47A7101FBD7
:10AAF000004406491046A1FB0414FFF78FFFA40988
:10AB000005352544284438BDDCB50200D34D62101C
:10AB100038B5054608461446FFF788FF0A4B03EB95
:10AB20008403024620465C69084B4FF47A7104F6B0
:10AB3000B73401FB0544A41AA3FB0434FFF76EFFEE
:10AB4000A4090530204438BDDCB50200D34D6210A5
:10AB50000C4B1B68082B00D070470B4A0338D2F807
:10AB60004037012823F0004302D9C2F8403770472C
:10AB700023F47F4343F0004343F44443C2F8403797
:10AB8000704700BFB014002000100040024B0022AC
:10AB90001A705A709A7070477C1200202DE9F04F9D
:10ABA00083B005469DF83CA09DF830909DF840800C
:10ABB000494C1E460120BDF8383001938B4617469C
:10ABC000FEF7DEFC05F00303DFF810E184F803A0D4
:10ABD00043EA0A4343F08073CEF80435DBF80410EF
:10ABE000DBF80820DBF80C30DBF8000004F1040B84
:10ABF000DC46ACE80F00C4E905760D9B84F81C9098
:10AC0000374A19685B68CEF808B5C4F82130136874
:10AC1000C4F81D10062B08D0013306D0DEF8183515
:10AC2000019961F30703CEF818352E4B2E49C3F86E
:10AC3000081515F0FB0F16D0B8F1020F47D81368AE
:10AC40000D2B1DD1294A254B12F80820C3F82025C9
:10AC5000012D1FD00123022D637084F8255023D9C4
:10AC600003B0BDE8F08F2249C3F89815B8F1020F80
:10AC7000A1F1FC01C3F89C1529D813680D2B1FD036
:10AC8000102BDFD0B8F1000FE2D04FF4BF713C20A1
:10AC9000F6F798FA134B1749174AC3F8981584F832
:10ACA0002550C3F89C2565700C4B012200212270B1
:10ACB000C3F80011C3F800121A6003B0BDE8F08FAA
:10ACC0000A4A064B12F80820C3F82025C2E74FF4C1
:10ACD000BA713C20F6F776FA7C12002000F00040B2
:10ACE000B014002000F00140000002022CB6020067
:10ACF00000F10040501100400CF000401A4A537817
:10AD000070B563B3194BC3F80C15C3F8100592F86E
:10AD1000255001249470B5B91278E2B1144AC3F8F1
:10AD200004514FF40035C2F80455D3F8006116B150
:10AD30005C60C2F808550B7803704B78043343709D
:10AD40008B78837070BD00211470C3F80411C3F8B0
:10AD500000421C6070BD97213C20F6F733FA4FF497
:10AD6000D5713C20F6F72EFA7C12002000F000404E
:10AD700000F0014008B5144B5A7802B3134AC2F8E8
:10AD80000C151978C2F810054FF0010C83F802C0B9
:10AD900089B10021C2F80411DB78023B012B05D8F0
:10ADA0000B480323C0F85011C2F81C35094B0A4A5E
:10ADB000C3F8042508BDBA213C20F6F703FA4FF486
:10ADC000DF713C20F6F7FEF97C12002000F0004015
:10ADD0000010004000F00140000002020A4B1A7807
:10ADE0006AB10A490A48C1F808050022C1F8982545
:10ADF000C1F89C25C1F89825C1F89C251A7000223D
:10AE00005A709A70704700BF7C12002000F0014019
:10AE100000000202F8B51B4B1B786BB31A4CD4F838
:10AE2000043113BB194B0222C4F804231F691A69A9
:10AE300042F010021A61D4F8043107F0100753B938
:10AE4000134E4FF40045C6F8805107F0A4FFD4F824
:10AE50000431002BF7D027B90C4A136923F01003F3
:10AE60001361094B0222C3F80823074BD3F80004EF
:10AE7000003818BF0120F8BD4FF4F2713C20F6F7FE
:10AE8000A1F900BF7C12002000F0004000ED00E0BE
:10AE900000E100E0014B01229A60704700F00040A1
:10AEA0002A4A1368062B10B51DD001331BD0284C3D
:10AEB000284BC4F8783700F0B9FA38B14FF0805316
:10AEC000D3F83033591C18BFC4F84C374FF0102357
:10AED0001B6E5A1C06D01E49D1F88C2563F317420D
:10AEE000C1F88C2510BD1C490B68063B083320D9DE
:10AEF0001748D0F83C3723F0004323F0FF0343F01A
:10AF0000004343F09603C0F83C371368062B0DD17D
:10AF10000B68063B0833CAD90D4AD2F8403723F4F0
:10AF20007F4343F4B053C2F84037C0E70133EFD05A
:10AF3000BDE70748D0F83C3743F48063C0F83C379E
:10AF40001368062BD4D00133D2D0B0E7B014002060
:10AF5000001000402C000089B4140020104B1B6826
:10AF6000062B02D0013300D070470E4B1B68063B06
:10AF70000833F9D9027A0C4B0B49D3F88835022AE9
:10AF80004FF0805223F4FE43D2F820230CBFC2F3CB
:10AF90000662C2F3062243EA0223C1F888357047ED
:10AFA000B0140020B41400200010004045F6FF73D8
:10AFB00043807047D1B1154AD2F83C3723F00043A3
:10AFC00023F0FF0343F0004343F07D03C2F83C3716
:10AFD000D2F87C3723F0004323F0700343F00043A2
:10AFE00043F06003C2F87C3741707047074BD3F8D9
:10AFF0003C2722F00042C3F83C27D3F87C2722F0FC
:10B000000042C3F87C274170704700BF0010004029
:10B010001C4B1B68082B00D07047033901290FD93E
:10B02000194BD3F83C2722F00042C3F83C27D3F851
:10B030007C27002122F00042C3F87C274170704732
:10B04000114A0121C2F80413D2F83C3723F000431F
:10B0500023F0FF0343F0004343F07D03C2F83C3785
:10B06000D2F87C3723F0004323F0700343F0004311
:10B0700043F06003C2F87C374170D1631164017002
:10B08000704700BFB0140020001000400346007855
:10B09000002863D0F0B5744AD2F80441D2F81051B8
:10B0A0002C4383B05BD1D2F80051002D66D0C2F89A
:10B0B000004101245461FF240094009C2CB908E055
:10B0C000009C013C0094009C1CB1D2F81C41002C57
:10B0D000F6D0009A002A00F0C180634ADD78D2F8E9
:10B0E000484504F07F04A542C0F08C805E4A9C7005
:10B0F00001230024C2F81C41C2F80833136493638F
:10B100005A4B594C01228025C4F804531A64D3F8D1
:10B110004025D3F8446502F56A52183296424BD95D
:10B12000D3F8402502F51C5210320025C3F8402503
:10B1300004F5F034C3F84051A3F5DF434C4AC4F89A
:10B14000A8256C3BC4F8AC354FF40023C4F8043593
:10B150000B6843F400230B6003B0F0BD70478024FC
:10B160004449C2F80843B5FA85F04FF400240022A0
:10B17000C1F8084540091A7003B0F0BDD2F848453F
:10B180005F7804F07F049C70C2F81C51DE7837BBF6
:10B19000A642D2F8742544D894B20F2C02D9B2F545
:10B1A000003F3ED3304B01221A649A632E4BD3F8F2
:10B1B0001C310193019BA3E72E4900224FF4002686
:10B1C000C3F84025C3F84021C4F80853C1F8086506
:10B1D000C3F84021C4F80853C1F80865CCE7A6427B
:10B1E000E4D2D2F83C4724F00044C2F83C47D2F8FD
:10B1F0007C4724F00044C2F87C475D70012313644F
:10B200009363D3E7D2F83C5725F00045C2F83C578A
:10B21000D2F87C5725F00045C2F87C5700225A70BE
:10B2200064E7114CD4F83C2722F0004222F0FF02E0
:10B2300042F0004242F07D02C4F83C27D4F87C275B
:10B2400022F0004222F0700242F0004242F060021E
:10B25000C4F87C2701225A702264A7E74FF4EE71EC
:10B26000AF20F5F7AFFF00BF0010004000800040A6
:10B270004081004000F001402DE9F04F454C85B081
:10B28000054698460E46174600F014F92378AB425F
:10B29000814602D16378B3423CD0082D1BD18DF892
:10B2A0000F70BB464FF0040A3046FEF773FC0021D6
:10B2B0000346009152465846414600F0ABF8B8F8B4
:10B2C000003025706670A380A071A77084F8039089
:10B2D00005B0BDE8F08F05F1FF3ABAF1060F50D87E
:10B2E000DFE80AF0044235284F0404000DF10F0393
:10B2F0003A463146002000F0E3F8002846D19DF997
:10B300000FB0BAF1060F3CD8DFE80AF011382B1E57
:10B310003B11110094F90230BB42BED1E378834265
:10B32000BBD1A38894F90600A8F80030D0E74FF00D
:10B33000000AB9E70DF10F033A463146032000F049
:10B34000BFF89DF90FB008BB4FF0030AACE70DF151
:10B350000F033A463146022000F0B2F89DF90FB0D3
:10B36000A0B94FF0020A9FE70DF10F033A463146AC
:10B37000012000F0A5F89DF90FB038B94FF0010A8F
:10B3800092E740F289410620F5F71CFF4621A920EB
:10B39000F5F718FF5C000020014B1860998070479A
:10B3A000A4120020024BD86019745A82704700BF63
:10B3B000D0120020014B1B681B6818478C0000202E
:10B3C000014B1B685B6818478C000020014B1B6811
:10B3D0009B6818478C000020014B1B681B691847AD
:10B3E0008C000020014B1B685B6918478C00002013
:10B3F000014B1B689B6918478C000020014B1B68A0
:10B40000DB6918478C000020014B1B689B6A1847BA
:10B410008C00002030B4044C9DF80850246802953C
:10B42000E468A44630BC60478C000020014B1878CB
:10B43000704700BF3018002010B500220C49134699
:10B4400040FA02F4E40744BFCA545C1C02F1010252
:10B4500048BFE3B2042AF3D1054AFF24D118032BD5
:10B4600001D9107110BD013301F8014BDBB2F6E7D1
:10B470003C180020E3280100E9280100EB28010026
:10B4800011290100EF2801001B290100F528010006
:10B4900025290100FB2801003129010007290100AD
:10B4A0000B290100FD2801000329010021290100C9
:10B4B0002B290100014B187D704700BF00130020AD
:10B4C000042810B511D883B104280CBF10242824F7
:10B4D000A1420AD2064C54F8200018B141568A42C3
:10B4E000A8BF0A461A70002010BD6FF01500FBE7D8
:10B4F0000013002030B50346114890F91C209A42F1
:10B5000019DD90F924209A4217DA9A1A846AA05C0D
:10B510000C4A15569D420DD00E32002918BF01303D
:10B520009442C0B206D129B1013BDBB2012B01D854
:10B530000130C0B230BD0D20FCE70020FAE700BFAB
:10B540000013002042B6020008B5054B93F91C30E9
:10B55000984203DAFFF7CEFF024B1B56184608BD90
:10B560000013002042B6020008B5184B93F82C20B7
:10B57000FAB9012283F82C20154A1268A2F10800BA
:10B58000082803D813490141C90709D5911F092982
:10B5900010D9013212D04FF4DF71742002F00CFD8B
:10B5A0000D4A9A62D8221A6283F8242008229A61EE
:10B5B0001A7708BD094A0A41D207ECD4084A9A62B0
:10B5C000D8221A6283F824200422F0E70013002016
:10B5D000B0140020DEFEFFFF7DB60200EEFCFFFF90
:10B5E00050B6020010F0FF0008B508D14FF08043BC
:10B5F00001225A60C3F80001034B187008BD7C217A
:10B60000B52002F0D9FC00BF2D130020014B012210
:10B610001A7070472D13002008B548B94FF08043C9
:10B62000D3F8003113B9044B187808BD0120FCE7AA
:10B63000C221B52002F0C0FC2D130020044B186875
:10B64000062818BFB0F1FF3F0CBF01200020704753
:10B65000B014002008B5094B1A680A2A02D1084B19
:10B660001B6823B1FFF7EAFF08B9082A04D14FF09D
:10B6700080430222C3F8342C08BD00BFB014002060
:10B68000B4140020F8B50F4E0127375404460D4678
:10B6900007F05BF960B934B94FF08043B77075605B
:10B6A000C3F80473F8BD40F225116D2002F084FC4C
:10B6B000002DF7D01CB92046A8477460F2E74FF47C
:10B6C000A071F2E730130020044B191800228A7091
:10B6D00003EB80011A544A60704700BF301300200A
:10B6E000014B9881704700BF30130020014BD8896F
:10B6F000704700BF30130020014B9889704700BF8E
:10B700003013002010B5EFF3108472B6064B0344DB
:10B710001A7C0132D2B21A741B7C012B01D107F0C2
:10B7200008F904B962B610BD3013002010B507F057
:10B7300034F907F00AF94FF08044084940B1FFF7A7
:10B7400089FF0123236104238B740023CB7410BD74
:10B7500003238B740123C4F80433F6E7301300206D
:10B7600010B5EFF3108472B6094B03441A7C22B96A
:10B7700040F257216D2002F01FFC1A7C013AD2B230
:10B780001A741B7C0BB9FFF72DFF04B962B610BD0C
:10B7900030130020024B987C003818BF01207047FE
:10B7A0003013002073B51B4D6B7D63B9286A00F020
:10B7B000030007F0E2F830B1EFF3108372B6AA7C11
:10B7C0001AB103B962B602B070BD0122AA7403B9FE
:10B7D00062B64FF080430822C3F808234FF4207369
:10B7E000ADF80630BDF80640A4B2631E9BB2ADF8BA
:10B7F0000630002CF6D14FF080460748C6F80C41C1
:10B8000007F0ABFA85F82540FFF790FF0823C6F84C
:10B810000433D8E730130020541300202DE9F347F8
:10B82000484C237D002B00F08A800323ADF80430C0
:10B830004FF08043D3F80051F5B9D3F80481B8F143
:10B84000000F09D04FF080430022C3F804210222E8
:10B85000C3F80823FFF7A6FF94F825603A484FF095
:10B860008047F6B2D7F80C8107F07BFA48B340F274
:10B8700043316D2002F0A0FB00258DF80450012219
:10B88000D3F80481C3F808230DF10409271DA61C71
:10B8900019F8010B03280AD0337843B13B684FF005
:10B8A000000A86F800A013B19847C7F800A06B1CE7
:10B8B000022B07F1040706F101064FF00105E7D15D
:10B8C000BDE745B1A37C032B05D10423A374FFF787
:10B8D000C1FE01233B61B8F1000F1FD04FF0804340
:10B8E0000022C3F80C21A37C042B02D040F2693162
:10B8F000BFE7164B1A680A2A02D1154B1B6823B101
:10B90000FFF79CFE08B9082A04D14FF080430022BB
:10B91000C3F8342C0223A37407F042F84EB100237D
:10B9200084F82530A37C022B01D1FFF7FFFE07F03E
:10B9300037F8054802B0BDE8F04707F021BA02B079
:10B94000BDE8F0873013002054130020B01400200D
:10B95000B414002010B5054C206A00F0030007F075
:10B960000CF80028F8D0002010BD00BF30130020D4
:10B97000F8B5054650B10278042A07D8437842B991
:10B98000013B1F2B02D88378212B07D96FF01500BC
:10B9900075E0002BFAD18378002BF7D17B4B012780
:10B9A000C3F88070BFF34F8FBFF36F8F4FF08046A7
:10B9B000C3F88071764C0B23C6F808330023C6F811
:10B9C0000031C6F80431C6F80C3123746374AB88B7
:10B9D000E38106F0BDFF08B127702774D6F80C2468
:10B9E000D6F80C34D20303D5DF0701D5FFF70EFEDE
:10B9F0004FF4AF63A3812B78A9786375002222628C
:10BA0000A175E274042B4DD8DFE803F005033A4832
:10BA10004A000123236206F0A2FF00284DD006F061
:10BA2000A5FF236A03F00303984246D1AB79002BAC
:10BA30003DD1FFF78FFFA37D6BB12B785BB906F08B
:10BA400084FF054602F00AFC6FF00043002D00F071
:10BA50009980C4E906034FF08043D3F80C24D3F84F
:10BA60000C34D20303D5DB0701D5FFF7CFFD474ADE
:10BA700001230020A0742375C2F880311360F8BD43
:10BA800006F08BFF4FF08043D3F80C14D3F80C244E
:10BA9000CE03F9D5D007F7D50223BBE73D4BB9E775
:10BAA0003D4BB7E740F21E516D2002F085FA4FF092
:10BAB00080430222C3F80423BDE74FF080430122F4
:10BAC000DA600022C3F80421226AC3F81825334A39
:10BAD0001368A3F10E01012904D90A2B02D0FFF744
:10BAE000ADFD48B14FF080534FF08041D3F8443260
:10BAF000C3F34233C1F83C351368A3F10E02012AA7
:10BB000004D90A2B02D0FFF799FD20B14FF08043F2
:10BB10000122C3F84C254FF0804301229A60022293
:10BB2000C3F80423AA79002A85D1D3F80423910706
:10BB300002D440F2D141B7E7194A1669116941F0C0
:10BB400010011161D3F8043106F010060BB907F0AB
:10BB500024F94FF08047D7F8043183B1FFF7FAFE9C
:10BB600026B90F4A136923F0100313614FF0804385
:10BB70000222C3F808230022C3F804215BE707F080
:10BB80000AF9E8E7C4E9063065E700BF00E100E034
:10BB9000301300200100020001000300B014002057
:10BBA00000ED00E010B50D4C04F1240007F0D9F8C9
:10BBB00048B9A37C022B01D1FFF7B8FDBDE81040C6
:10BBC000074807F0DDB8074A012384F82530BDE8AF
:10BBD0001040C2F8003106F0E0BE00BF3013002074
:10BBE0005413002000E100E038B50C4B0C461979E5
:10BBF00019B183216F2002F0DFF960B95D790DB1D1
:10BC0000002038BD01225A71FFF77CFD21462846ED
:10BC1000FFF738FDF4E76FF01500F2E75813002046
:10BC200038B50B4D2B7904461BB19A216F2002F0D9
:10BC3000C3F950B96B790BB9002038BDFFF744FD4B
:10BC400020466C71FFF78CFDF6E76FF01500F4E706
:10BC50005813002010B501B3F0B14FF0FF33104A74
:10BC60001C46E0FB0134944203D9DB216F2002F033
:10BC7000A3F91A0D42EA0432C3F30F10094B00EB8B
:10BC800002404FF22444B2FBF4F103FB1100B0FB7D
:10BC9000F4F040EA0140013010BD0846FCE700BF67
:10BCA0003F420F00000024F4014B9B68184700BF7F
:10BCB00058130020014BDB68184700BF58130020C1
:10BCC000014B1B69184700BF58130020014B1B6A2A
:10BCD000184700BF58130020014BDB69184700BF0D
:10BCE00058130020034B1A790AB9FFF7FFBC988D4F
:10BCF000704700BF58130020034B1A790AB9FFF7A9
:10BD0000FBBC988A704700BF58130020024B1B7978
:10BD10000BB9FFF747BD704758130020014B9B69D3
:10BD2000184700BF5813002010B5144C2379A3B155
:10BD3000636A9847002806DB94F82E3023B101236C
:10BD400084F83030002010BDFFF7E8FF0028F6DA55
:10BD500040F28D116F2002F02FF9094BA361094BBE
:10BD6000E361094B2362094BA360094BE360094B74
:10BD70002361FFF7FDFD0028E1D0E4E75813002020
:10BD800055B90000A5BB000095B700009B29010034
:10BD9000A1290100A729010038B5084B1D790446E7
:10BDA00025B140F2E1116F2002F006F901F034F8FC
:10BDB0002046FFF795FC284638BD00BF58130020E9
:10BDC00008B5074801F016F8054800F023F801F01F
:10BDD00075FA01F057FA00F02DFB012008BD00BFF5
:10BDE0008C13002001F008BC103001F037B800BF00
:10BDF00001F04CB801F038BD01F000BE01F012BEF8
:10BE000001F0F6BC01F074BC08B52721032002F054
:10BE1000D3F800BF024B186000221A719A60704775
:10BE20009413002070B582B01E4C2379012B11D0E1
:10BE3000DAB2022A0BD1A0680DF1070100F020FB55
:10BE40000023A36023719DF8070002B070BD01209C
:10BE500002B070BDA0680DF1070100F007FBA568F6
:10BE60006B7DDB07ECD5AB7F042BE9D001F052F8FA
:10BE700006460028E4D001F053F82A69B3682E681A
:10BE80006D68961945F1000500220A3342F100025F
:10BE90001B1842EB0102B342AA41D1D3A06800F0C3
:10BEA00091FCCDE794130020837F0BB100207047F5
:10BEB00010B50A684B688C68D1F80CC0C0F80CC08B
:10BEC0008460026043600A694B6943610124026136
:10BED0008477054B1A792AB998601C7100F0B0FF7D
:10BEE000204610BDFFF790FF9413002070B5044664
:10BEF00082B00D4601F00EF8A37F012B17D02B68FE
:10BF00006A68A9680646E868E060A160236062602C
:10BF10006A692B69626101222361A2770DF1070131
:10BF2000204600F0A3FA2EB1012002B070BD00201F
:10BF300002B070BD024B0421186806F0DFFEF3E783
:10BF400094130020024B0621186806F0D7BE00BFEC
:10BF50009413002010B5084B1A7952B90446986022
:10BF600002221A7100F06CFFA07FB0FA80F0400945
:10BF700010BDFFF749FF00BF9413002038B5837F41
:10BF8000C3B1044609E0A37F042B09D0A37F012B92
:10BF900011D006F000FFA37F63B1A37F032BF2D182
:10BFA000EFF3108572B6204600F0C8FA05B962B604
:10BFB000A37F2BB938BD4FF48271032001F0FCFF41
:10BFC000FF21032001F0F8FF70B5054600F0A2FF45
:10BFD00008B3044600F0A4FFA4680346E41841F146
:10BFE000000628463346224600F07EFBA04271EB55
:10BFF00006034FF000050CD3001B6FF0010361EB4B
:10C000000601834275EB010100D370BD4FF0FF3094
:10C0100070BD284670BD40F22911032001F0CCFF0D
:10C020002DE9F04104460F4600F074FF10B3856817
:10C03000002362195B41064613B10020BDE8F08180
:10C0400000F06EFF2A1841F100033846A51843F1AD
:10C05000000800F049FBA84271EB0801EDD301F0A4
:10C06000CBFA00F025FAB368377523440120B3609A
:10C07000BDE8F0814FF4A371032001F09DFF00BFE4
:10C0800000F04EBF08B500F045FF08B1007D08BDC7
:10C0900040F29B11032001F08FFF00BFF8B5036948
:10C0A000002B4ED1044601F0A7FA05460E46FFF7D5
:10C0B00007FE78B3D4E90003643546F10006A842D0
:10C0C00073EB060223D3C4E90003EFF3108672B6C4
:10C0D00000F020FF054698B100F022FFAB68002277
:10C0E0000B3342F100021B1842EB0101D4E90002BC
:10C0F000834271EB02053CBF03461146C4E900319F
:10C1000006B962B62046BDE8F84000F083BB284679
:10C110003346D8E7FFF7F0FD074600F00FFFB842BF
:10C120002168626838BF3846963546F100064019E6
:10C1300046F10003884273EB02053CBF08461346F4
:10C14000C1E74FF4D171032001F036FF1C4B186892
:10C15000A0B350E9063130B550F8104C13F10A0283
:10C16000036841F100011519A0F1180041F1000C1C
:10C170001BB922E014D31B68FBB153E90621AA4284
:10C1800071EB0C0419D290F814E013F8044C7445C8
:10C19000F0D19C88B0F81CE0A4EB0E042404EAD58E
:10C1A00053F8100C0A3241F100018518A3F1180070
:10C1B0001B6841F1000C002BDFD130BD704700BF80
:10C1C000A013002070B5264D00236B60EFF31081A3
:10C1D00072B6AA686A60AB60EB6009B962B66A6859
:10C1E00072B3204C00269379032BA2F1180028D0BB
:10C1F000136873B39A79042AA3F118038446A646F8
:10C200000FD1818B9A8B521A12049A6944BF0CF198
:10C21000180E184642B19C46A2F118039A7F042AD0
:10C22000EFD09B7F032B16D1DEF800201368CEF8E9
:10C2300000300221C368867798476A68002AD2D105
:10C2400070BD116852F80C3C9671696001219847E5
:10C25000F3E7A646EAE763219F2001F0ADFE00BFA9
:10C26000A0130020A41300202DE9F04F6F4B0468A9
:10C270001B68456883B08283427D0646894602F08A
:10C280000102002B00F0CB80A3F1180C002A6ED025
:10C29000DCE90001844275EB0107644A2FD39CF866
:10C2A0001420337D9A421BD8DCF808301B1841F16A
:10C2B000000113F10A0E41F10007744575EB070206
:10C2C00080F0A8803269121945F10000964577EB9D
:10C2D000000801D2724638469A428841C0F08280F6
:10C2E000DCF818300CF11802002B00F09180A3F15B
:10C2F000180CDCE90001844275EB0107CFD21F4620
:10C300006346B068001945F10008002B44D0CDE920
:10C310000027CA46D3E9007110F10A0C48F1000267
:10C32000674571EB020245D21A7D96F814C0944518
:10C3300019D39A68D21941F1000112F10A0941F1A9
:10C34000000E4C4575EB0E0745D237693F1945F194
:10C35000000CB9457EEB0C0B01D24F46F4469742D8
:10C360007CEB010C3DD39B6923B3183BD2E7DCE99E
:10C370000001844275EB01012C4A0CD3DCF8183023
:10C380000CF118023BB1A3F1180CDCE90001844266
:10C3900075EB0101F2D21F46334643F8187F136054
:10C3A000FFF7D4FE864210D0002389F8003003B096
:10C3B000BDE8F08FDDE900273346D14643F8187F0A
:10C3C0001360FFF7C3FE8642EED1012389F80030E7
:10C3D00003B0BDE8F08F2746AC4697427CEB010CDA
:10C3E000C1D2D146114A0423B37791680023337632
:10C3F0007376B376F37606F118020C4B69B1DB68FD
:10C400001A600B4B09491878CA6001F08DFFCBE721
:10C410001F4676E7224628465EE79A60F1E712B9A2
:10C420001746024AB8E7014A1F466AE7A0130020F0
:10C430009000002010B50A4C2378FF2B0AD1094840
:10C4400001F048FF084B207000221A609A60DA6001
:10C450001A8210BD4FF48D719F2001F0ADFD00BF19
:10C4600090000020C5C10000A0130020034B1A8AD1
:10C4700002F1010CA3F810C0FFF7F6BEA0130020D4
:10C4800038B504460D46FFF761FE0346E31AB3FADA
:10C4900083F35B0905482B7004F1180106F054FC86
:10C4A00010B10023A377012038BD00BFA0130020E6
:10C4B0002DE9F0431F4E34686CB34FF00008354649
:10C4C000C6464FF004092346246853F8187C53F8F5
:10C4D000082CD21953F8147C47F1000C82427CEBF3
:10C4E000010C1AD22A6812682A6083F80690B26892
:10C4F00083F800E083F801E083F802E083F803E0CA
:10C500007AB1F2681360F3604FF00108002CDAD1C1
:10C51000B8F1000F07D1BDE8F0831D46002CD2D141
:10C52000F6E7B360EFE7044BBDE8F043187801F09D
:10C53000FBBE00BFA01300209000002070B5154E78
:10C54000B368054600F11801BBB1B368002423B9F4
:10C5500013E01A681C4682B113469942F9D10CB116
:10C56000AA692260B268914204BF1B68B360F36895
:10C5700099420AD00023AB7770BD074806F0E4FB70
:10C580000028F9D00023AB77F6E70023F460AB77FF
:10C59000F2E700BFA0130020A41300202DE9F84308
:10C5A000484E3468002C00F087804FF000080F469A
:10C5B0000546B14641464FF0040E2346246853F821
:10C5C000180C53F8082C121853F8140C40F1000CF6
:10C5D000AA427CEB070C69D2D9F800201268C9F88E
:10C5E000002083F806E0B268197059709970D9700C
:10C5F000002A5FD0F2681360F3604FF00108002C4E
:10C60000DBD1B8F1000F03D02F4B187801F08CFE6E
:10C610003368002B50D053E90612A94272EB070091
:10C6200053F8100C3CBF29463A46A3F1180C0A30C7
:10C630004FF000041B6844F10004091842EB0402A7
:10C640001BB92DE016D81B6853B353E90604884282
:10C6500074EB020E24D29CF8148013F804ECF0451D
:10C66000F0D1B3F804E0BCF81C80AEEB080E1EF469
:10C67000004FE8D0854277EB040E294638BF0146CB
:10C6800053F8100C3A46A3F1180C38BF22461B6829
:10C69000091842F100020A3142F10002002BD4D104
:10C6A0000CF1180373616046BDE8F8839946002CCD
:10C6B00083D1A6E7B3609FE700239C467361604681
:10C6C000BDE8F883A01300209000002010B5054CB1
:10C6D0006169204606F038FB18B1606900231838FC
:10C6E000636110BDA01300201C49096839B3A1F192
:10C6F000180C9CF8141081421DD870B5DCE900417B
:10C7000012F10A0543F1000EAC4271EB0E0620D285
:10C71000DCF81060341941F10001AC4271EB0E01FC
:10C7200015D2DCF8181071B1A1F1180C9CF8141096
:10C730008142F6D8E2E7DCF818100029D7D14FF093
:10C74000FF30014670474FF0FF30014670BD2C4668
:10C750007146B4F10A0041F1FF3170BDA013002011
:10C7600010B5837F022B06D0837F012B02D0837FFD
:10C77000042B1DD110BD437D13F0020313D10321FF
:10C780000E4A81779468037600F118014376837628
:10C79000C3765CB1D3681960094BD160BDE8104025
:10C7A000187801F0C1BD0023837710BD9160F3E7D5
:10C7B0004FF4FF719F2001F0FFFB00BFA01300208A
:10C7C0009000002070B5114D00F118060446314666
:10C7D000284606F0B9FA98B10423A377AA68002383
:10C7E00023766376A376E37642B1EB681E60084B4E
:10C7F000EE601878BDE8704001F096BDAE60F6E7D7
:10C800004FF402719F2001F0D7FB00BFA01300205E
:10C81000900000202DE9F04F066983B0002E70D102
:10C82000D0E900158368077DEFF3108472B6DFF856
:10C83000DCC0DCF80020002A5CD013F10A0EBCF842
:10C840001080CDF8048046F10006183AB046D2E9CF
:10C85000003611EB0E0A45EB08099A4579EB060CF8
:10C8600048D38B4276EB050C28D3D2F810C01CEBD2
:10C87000030C46F1000BD4457BEB090B34BF4FF0A2
:10C88000010C4FF0000CBCF1000F13D092F814C053
:10C89000BC4526D034BF4FF0010C4FF0000CBCF16A
:10C8A000000F07D013F10A01936846F100055918EB
:10C8B00045F100059269EAB1183AC8E7D2F808A034
:10C8C00013F10A0C46F100091AEB0C0C49F10009AE
:10C8D000614575EB090934BF4FF0010C4FF0000CB6
:10C8E000D1E7B2F81CC0DDF80490ACEB090CCCF336
:10C8F000C03CD4E704B962B6C0E9001503B0BDE896
:10C90000F08F40F227219F2001F056FBA01300205A
:10C91000024B0521186806F0F1B900BFB8130020DA
:10C92000054B586810B1C3680521184710B54FF47E
:10C930001B71B02001F040FBB81300202DE9F04737
:10C940001646002B55D0D3E900894B4C804579EB36
:10C950000103A38A3CBF804689466433B8EB0005D7
:10C9600069EB01070022AB422261BA41C4E90289A6
:10C9700016DBA36903F2A3139D4277F1000769DA7E
:10C980003E4AC4F8288040464946C4F82C9000F03E
:10C9900057FD3B4A052384F830303260BDE8F0870C
:10C9A000627F237F1AB19A071ED40022627703F0B8
:10C9B000010AA36903F2A3139D4277F100072EDA5F
:10C9C000BAF1000FDCD0A08A2C4AB8EB000069F164
:10C9D0000001C4E90A0100F033FD0623284A84F867
:10C9E00030303260BDE8F087236A01209847237F0A
:10C9F000DBE7214C637F2BB1237F9B0702D5236AA2
:10CA0000012098470025657701F090F8FFF752F96B
:10CA10002B461C4A84F830303260BDE8F08701F0C4
:10CA200085F8FFF747F9A08AA369BAF1000F01D092
:10CA3000984215D8B8EB0300104A69F10001C4E927
:10CA40000A0100F0FDFC02230D4A84F83030326008
:10CA5000BDE8F08701F06AF8FFF72CF9A369E9E770
:10CA6000B8EB0000054A69F10001C4E90A0100F0D1
:10CA7000E7FC034A01238EE7B813002011C9000028
:10CA8000CDCB0000C5CD000002392DE9F0410429CD
:10CA90002DD8DFE801F00309292C0C00164A137F7A
:10CAA000003B18BF012353770020BDE8F081044606
:10CAB00000F092FC00F0A0FD0E460746FFF76EFD69
:10CAC0000D4D80466868FFF74BFE224638463146DA
:10CAD0004346002400260027C5E902676C60FFF783
:10CAE0002DFF0220BDE8F081FFF79CF9DCE740F262
:10CAF0001721B02001F060FAB81300202DE9F84F9B
:10CB00002E4C637FA769804683BB94F81C9019F074
:10CB1000010934D100F070FD10EB070B41F1000A60
:10CB200005460E4658465146FFF738FDA8B3D0E9F2
:10CB300000329B457AEB02011BD30023204AA562F9
:10CB400028463146C4E902BAE662236100F078FC67
:10CB5000B9F1000F18D0A38A1A4A9F4216D00223B7
:10CB600084F83030C8F80020BDE8F88F4FF0000995
:10CB7000D0E7DD1B9B4662F100069246DDE7A38A03
:10CB80009F4238BF1F46C5E70E4AE8E7012384F8F5
:10CB90003030C8F80020BDE8F88F637F2BB1237FC9
:10CBA0009B0702D5236A012098470023064A84F890
:10CBB00030306377C8F80020BDE8F88FB813002044
:10CBC00011C90000CDCB0000C5CD0000023970B501
:10CBD0000546032900F2EB80DFE801F00602450874
:10CBE000754B002283F83120002070BD724C94F800
:10CBF00030301A1F012A40F29F8000F0FDFCA26A2B
:10CC00002369801A9842B8BF184694F830302061E2
:10CC1000022B7FD0237FD90740F1C480607F00289A
:10CC200040F0C080236A98470123637794F830204E
:10CC3000022AD4E902034BD0012A70D0226932388B
:10CC400043F1FF31101841EBE2715C4AC4E90A017B
:10CC500000F0F6FB94F83030062B0CBF05230423BC
:10CC600084F83030C0E7544C94F83030042B0FD89F
:10CC7000022B25D8013B012B00F28F80FFF7D2F861
:10CC80000028B1D000F0A6FC2846FFF737FF15E0DA
:10CC9000053B012B00F28180FFF7C4F80028A3D0E8
:10CCA00000F098FC00F0A8FC06460C46FFF776FC66
:10CCB0002A46034621463046FFF740FE022070BD5B
:10CCC000FFF7B0F800288FD0012384F831308BE7CC
:10CCD000227FD2070ED5627F62B9A18A374A401AF5
:10CCE00063F10001C4E90A0100F0AAFB032384F800
:10CCF000303079E72169314A323843F1FF33401847
:10CD000043EBE171C4E90A0100F09AFB042384F8C3
:10CD1000303069E700F002FFFEF7C6FF86E7A16941
:10CD2000264A401A63F10001C4E90A0100F088FBB9
:10CD3000022384F8303057E7042B94F8316019D07F
:10CD4000002EAFD1FFF7C2FC0028ABD06060C4E971
:10CD50000D6600F035FB6068022383773146C368B7
:10CD60009847D4E90201FFF7A3FB154B84F8306024
:10CD70002B60A3E700F0E2FE0028E1D100200021B3
:10CD8000FFF70CFC08B1FFF71DFD00F0CFFEFEF72A
:10CD900091FF2846FFF7B2FE90E74FF4CD71B02027
:10CDA00001F00AF940F2B311B02001F005F940F2A8
:10CDB000F111B02001F000F9B813002011C90000F2
:10CDC00089CA0000032910B506D801290AD840F203
:10CDD0005D11B02001F0F0F80429F8D10446FFF706
:10CDE00021F808B9002010BD2046FFF787FE022079
:10CDF00010BD00BF10B5064A064C0260002320603B
:10CE000084F830302377FEF777FF5130A06110BDF2
:10CE1000C5CD0000B813002008B5074B074A1968B4
:10CE20000968914202D15130986108BD40F2512108
:10CE3000B02001F0C1F800BFB8130020C5CD00003C
:10CE400010B5EFF3108472B6034B0421186805F097
:10CE500055FF04B962B610BDB813002008B5094BE0
:10CE60005A684AB1D3E902218018BDE80840064A51
:10CE700041F1000100F0E4BA40F27221B02001F06B
:10CE80009BF800BFB813002021C9000008B5064B6D
:10CE90005B681BB1BDE8084000F09CBB4FF41E71FD
:10CEA000B02001F089F800BFB813002008B5054B89
:10CEB0005A680AB1586308BD40F27E21B02001F0E3
:10CEC0007BF800BFB813002008B5054B5A680AB1BB
:10CED000986308BD4FF42171B02001F06DF800BFD8
:10CEE000B8130020044B9B6B03B1184710B540F2F8
:10CEF0008A21B02001F060F8B8130020044B5B6B6E
:10CF000003B1184710B54FF42471B02001F054F864
:10CF1000B8130020014B5868704700BFB8130020B9
:10CF200008B5054B5A6812B1D3E9020108BD40F2B9
:10CF30009B21B02001F040F8B8130020034B187F6C
:10CF400010F0010018BF988A704700BFB813002086
:10CF5000054B1B681BB1D3E908200421104710B50D
:10CF60007221452001F028F8F8130020054B1B68BA
:10CF70001BB1D3E908200321104710B56C214520CF
:10CF800001F01AF8F81300202DE9F04104460D468F
:10CF900079B9174F3B683BBB16483C60FFF786FFEB
:10CFA0001548FFF791FFFFF76BF8637D5B070646B7
:10CFB00005D4D4E908302946BDE8F0411847FEF70A
:10CFC00019FF2036361A7E6000F092FB0028FBD055
:10CFD0000A4B0022C3F8A8252946C3F8AC25D4E99A
:10CFE0000830BDE8F04118478621452000F0E4FFF5
:10CFF000F81300206DCF000051CF000000F0014079
:10D00000024B00221A601A81704700BFF8130020FB
:10D0100008B5074B1A683AB10648D060002119607C
:10D02000BDE80840FEF78EBFB921452000F0C4FFDF
:10D03000F813002089CF0000C0E908122022002147
:10D0400001F0E4BA30B587B04B7A00220D46059264
:10D05000CDE900220492C3F3800282F001024FF076
:10D06000000162F3820104462A78287A8DF81510AF
:10D070008DF8140069682B4802910390002A40D172
:10D08000D5E904209DF815C01CF0040FCDE900205F
:10D0900028D19DF815202449C3F340035B0043F0D9
:10D0A000010322F0030213438DF815304B68C3F3DC
:10D0B00008038BB1103B5BB2002B1CDB03F1604318
:10D0C00003F5614393F800335B092BB969462046A9
:10D0D000FEF70CFF07B030BD69462046FEF7E4FEC0
:10D0E00007B030BD203A01F1200140F1FF3000923D
:10D0F00002910190CDE703F00F0319440B7D5B090A
:10D10000E3E72B690493FEF76DFE9DF815305B078E
:10D11000CDE9000104D5029A6B7A20320292B8E779
:10D120006B7AB6E789CF000000ED00E010B5037818
:10D1300086B0B3B90446D0E90401CDE90433CDE9A2
:10D1400000010393217A6368029368468DF81410F6
:10D15000FEF7A4FFDDE900230120C4E9042306B0A3
:10D1600010BD4FF4AB71452000F026FF08B50A4B07
:10D170001B6863B15B7D5B0705D5FEF781FF20303F
:10D1800041F1000108BDBDE80840FEF779BF4FF44A
:10D19000EE71452000F010FFF813002030B50C7838
:10D1A00087B07CBB4B7A05940C7A8DF81440C3F39E
:10D1B000800E174C4D6803948EF0010ED1E90441A6
:10D1C0004FF0000C6EF3820C1CF0040FCDE900410F
:10D1D0008DF815C0029507D0203C05F1200541F1DE
:10D1E000FF310094029501919DF815400492C3F31C
:10D1F000400363F3410469468DF81540FEF754FE81
:10D2000007B030BD40F21F21452000F0D5FE00BF21
:10D2100089CF000070B4EFF3108672B617490D780D
:10D22000ADB1174BD3F80445D3F848314FF6FF7230
:10D2300094421FD0E3B147F6FE739C4218D84B6866
:10D24000013306B962B6C0E9004370BC70470C4AAE
:10D25000D2F80445D2F8043153B14B6801334B6026
:10D26000C2F80451D2F80445D2F80431002BF4D1AD
:10D270004B68E6E7002BFBD11C46F9E73014002091
:10D2800000B0004010B50A4C002222742277094BEE
:10D29000094801215960C3F84025C3F840214FF4E3
:10D2A00000221961C0F8082501F08CF8206210BD39
:10D2B000301400200080004000F001403749384B16
:10D2C000F0B44D6A374C002201204A6058609860E3
:10D2D000C3F80843C3F84843C3F80421C3F8402106
:10D2E000C3F84421C3F84821002D55D02E4C2F4EB1
:10D2F000C4F8A8652E4AC4F8AC55C4F85C394FF49C
:10D300000023C4F804350523C2F840351060D2F874
:10D310004031002BFBD02448002301244FF400258A
:10D32000C0F808555460D460C2F84031C2F84035A6
:10D33000C0F8A835C0F8AC35C0F8AC350B7833B3BD
:10D3400091F82840184816491A4E1B4DE30003F186
:10D35000804303F5F8330122A2404FF6FF774FF4E4
:10D360008024C0F80825C1F84443C1F84875C1F8C5
:10D370000443C3F81065C3F81455C0F804250F4BD7
:10D380004FF40062C3F88021F0BC1A607047044B70
:10D390000222C3F80423F2E71860CFE7301400201C
:10D3A00000B000400200070000F001404081004052
:10D3B0000080004048B1004008B0004000E100E0BB
:10D3C000044B4FF080411A6A0123C1F808351360FD
:10D3D000704700BF3014002010B4144C1449154A93
:10D3E0000023C4F8A8350120C4F8AC354FF0FF3451
:10D3F00048600861C1F808430F4891684FF4807491
:10D40000C0F8804141B10D494FF48030C1F80803A4
:10D410001374C1F840319360126A10BC4FF0804120
:10D420000023C1F808351360704700BF00F00140C9
:10D43000008000403014002000E100E000B0004017
:10D44000F0B55A4CA36883B0002B40F09F8025783C
:10D45000A260002D5CD1564B994200F29C80430F94
:10D46000544E554F43EAC101A6FB0132C0F34F337E
:10D47000920B03EB014307FB1233A6FB03639B0BE9
:10D4800043EA02434D4A02FB1300420B48F2376164
:10D4900001FB02F2120C43F60957494907FB12003F
:10D4A00000FB01F1490D43F6085601EB422207FB50
:10D4B0000161B0EB512F88BF01320026002D41D011
:10D4C0001F0C1B049D18684647F10007FFF7A2FEDA
:10D4D000DDE90032053346F100064FF48031E2FB0E
:10D4E00001369D4277EB060647D32A0C4FF6FF71B3
:10D4F000ADB242EA0742002D08BF0D4631494FF454
:10D500008030C1F84055E260C1F8040303B0F0BDBB
:10D510002D4B994244D8430D264E274F43EAC12153
:10D52000A6FB0132C0F34F13920B03EB014307FB41
:10D530001233A6FB03639B0B43EA0243234A02FB1D
:10D540001300A2E71F0A1B069E18684647F1000752
:10D55000FFF760FEDDE90032053345F100054FF0CD
:10D560008071E2FB01359E4277EB050505D3320E53
:10D5700042EA072226F07F45C0E7FF232374144BBD
:10D580004FF40062C3F8002103B0F0BD40F2F9216E
:10D59000052000F011FD4FF49471052000F00CFD02
:10D5A00040F22311052000F007FD00BF30140020D9
:10D5B000FF7F841E83DE1B43000024F40080841E52
:10D5C0006F0C010000B000407F841E0080841E00AC
:10D5D00000E100E0064B9A684AB106494FF48032F8
:10D5E000C1F8082300221A74C1F840219A607047DC
:10D5F0003014002000B0004070B4EFF3108572B614
:10D60000364C207820B3364BD3F80425D3F8486144
:10D610004FF6FF739A4252D043F60951C2F3080302
:10D6200001FB03F3500A01FB00F003F5807300EBEC
:10D6300053200021002E45D047F6FE739A4241D870
:10D640006368013325B3274A70BCE3FB02017047CE
:10D65000234AD2F80435D2F8041111B363680133B8
:10D660006360C2F80401D2F80435D2F8041100292D
:10D67000F4D143F6095CC3F30802580A0CFB02F22A
:10D6800002F580730CFB00F000EB532063681DB9BA
:10D6900062B62278002AD6D1134AE3FB020170BC9D
:10D6A000704743F60956C3F30802580A06FB02F313
:10D6B00006FB00F003F5807300EB5320E6E71EB194
:10D6C0000A4800216368BDE7636815B92846294602
:10D6D000DEE7044A30463146DFE700BF3014002061
:10D6E00000B0004080841E000080841E61841E0003
:10D6F00070B4EFF3108072B6384A15780DB3384B1A
:10D70000D3F80455D3F848614FF6FF739D4256D0C5
:10D7100043F60954C5F3080104FB01F16B0A04FB4D
:10D7200003F301F5807103EB51230024002E49D04F
:10D7300047F6FE718D4245D85168013108B329483A
:10D7400024E02749D1F80435D1F804414CB353689B
:10D7500001335360C1F80451D1F80435D1F80441C4
:10D76000002CF4D143F6095CC3F308010CFB01F172
:10D770005B0A01F580710CFB03F303EB5123516845
:10D7800018B962B610780028D9D11748E1FB0034E7
:10D79000D2E90C128B4294412CBF0120002070BCB6
:10D7A0007047C3F3080143F609555B0A05FB01F115
:10D7B00005FB03F301F5807103EB5123DFE71EB195
:10D7C0000A4B00245168B9E7516810B90346044672
:10D7D000D7E7044833463446D8E700BF301400206A
:10D7E00000B0004080841E000080841E61841E0002
:10D7F000194B1A4810B5012200214FF400245A6039
:10D80000C3F84015C3F840111A61C0F80845D3F8B1
:10D81000040520F00300C3F80405D3F8080540F020
:10D8200003001021C3F8080591FAA1F1B1FA81F1C2
:10D8300009290CDC0A48C3F810154FF48074DA602B
:10D84000C0F8804104605A60DA601A6010BD054873
:10D8500040F29F3100F0A6FB0080004000F0014044
:10D8600000E100E008BF02002DE9F047DFF8748115
:10D870005D4E012100234FF4002284B0C8F804104B
:10D88000C8F84035C8F84031C8F81010C6F8082567
:10D89000D8F8042522F00302C8F80425D8F8082592
:10D8A00042F00302C8F80825102292FAA2F2B2FA56
:10D8B00082F2092A00F39180C8F810254B4A4C4F98
:10D8C000C8F80C104FF48070C2F880011060494A0B
:10D8D000C8F80410C8F80C10C6F8A8253A78C6F89D
:10D8E000AC8502A8002A56D0019306E00123C6F8B1
:10D8F00008A5C8F80430C8F80C30FFF78BFCDDE948
:10D900000243019D4FF4002A4FF48039C6F804A564
:10D91000E3FB0945FFF77EFCDDE902320199E2FBFA
:10D920000931A94208BFA342E0D1013443F60952AC
:10D93000C4F3080345F1000502FB03F3210EC4F311
:10D940004E2441EA052102FB04F02D0E03F58073FD
:10D9500000EB53204C016B01641A43EAD16363EB83
:10D960000506B201A3011B1B42EA946262EB0602A8
:10D97000D20042EA5372DB005B1845EB0205E90373
:10D98000DA03801841EA534141F10001C7E90C0173
:10D9900004B0BDE8F087019206E00123C6F808A5AF
:10D9A000C8F80430C8F80C30FFF734FCDDE9024356
:10D9B000019D4FF4002A4FF08079C6F804A5E3FBDF
:10D9C0000945FFF727FCDDE902320199E2FB093145
:10D9D000A94208BFA342E0D1A7E7074840F29F3120
:10D9E00000F0E0FA0080004000F0014000E100E0BB
:10D9F0003014002000B1004008BF020010B5029CA6
:10DA0000201841F10001801A61EB0301B0F1004FD1
:10DA100071F1000100DA10BD40F2A931052000F0DB
:10DA2000CBFA00BF70B4EFF3108572B6364C207895
:10DA300020B3364BD3F80425D3F848614FF6FF7373
:10DA40009A4252D043F60951C2F3080301FB03F393
:10DA5000500A01FB00F003F5807300EB5320002116
:10DA6000002E45D047F6FE739A4241D863680133D1
:10DA700025B3274A70BCE3FB02017047234AD2F862
:10DA80000435D2F8041111B3636801336360C2F83E
:10DA90000401D2F80435D2F804110029F4D143F678
:10DAA000095CC3F30802580A0CFB02F202F580730A
:10DAB0000CFB00F000EB532063681DB962B62278BE
:10DAC000002AD6D1134AE3FB020170BC704743F62B
:10DAD0000956C3F30802580A06FB02F306FB00F0DE
:10DAE00003F5807300EB5320E6E71EB10A480021DE
:10DAF0006368BDE7636815B928462946DEE7044A2E
:10DB000030463146DFE700BF3014002000B000404F
:10DB100080841E000080841E61841E00024B01224E
:10DB2000C3F84423704700BF00B00040024B0122FD
:10DB3000C3F84823704700BF00B0004008B5FEF7A7
:10DB4000BFF830B9074A936B0133312B936304D884
:10DB500008BD044B00229A6308BD40F2F531052050
:10DB600000F02AFA3014002010B53F4C237882B020
:10DB7000002B55D03D4BD3F8042352035BD43B4BD1
:10DB8000E168D3F80423D00334D5D3F84031002B17
:10DB900030D0636899425DD800232374334AA1686A
:10DBA000C2F840314FF48030C2F80803002955D044
:10DBB000A36088472D4BA169D3F80423920324D591
:10DBC000D3F844310BB363688B423FD300222277F2
:10DBD000264B6169C3F844214FF40030C3F80803B1
:10DBE00000293BD08847214BD3F840310193019B5A
:10DBF00002B010BD6268237C002BCDD19142D9D9EF
:10DC00001A4B0022C3F84021D4E76268237F002B1F
:10DC1000DCD18A42E7D2154B0022C3F84421E2E767
:10DC2000124AD2F804110029A9D0C2F8043163685D
:10DC300001336360A3E7D3F84821002A9FD0002274
:10DC4000C3F8482163680133636098E7237F002BA2
:10DC5000E1D0BBE7237C002BD2D09DE740F23741D7
:10DC6000052000F0A9F900BF3014002000B00040EA
:10DC7000034610B3007888B91A79012A1ED85A7958
:10DC8000012A1BD89A680E49643A8A4216D8D86885
:10DC90000C4B98422CBF00200120704701280CD16A
:10DCA0001A79012A09D85A79012A06D8DA6804496A
:10DCB000643A8A4201D89868EAE70020704700BFBA
:10DCC0003C8601000040420F70B50446FEF78AF81A
:10DCD000D4E90632656A503342F100025B1942F121
:10DCE000000205F5DF6540F2F966B5FBF6F55B1954
:10DCF00042F1000283428A410ED294F82A30052B69
:10DD000003D0B3216A2000F057F90A21236A94F85E
:10DD100058009847B621F5E7044C236813B198479B
:10DD200000232360BDE87040FFF772B96C14002037
:10DD300070B504460D4639B9012380F85930FFF714
:10DD4000C3FF0226304670BD0E78032E70D801A3A3
:10DD500053F826F043DD000065DD0000CFDD000054
:10DD600087DD00004868C72801D80026EAE70421BB
:10DD7000FEF756F90028F8D0FEF73AF86968204611
:10DD800004F024FEDEE790F8286006BB4D682846C4
:10DD9000FFF76EFF00284BD02B78D3B901212170FB
:10DDA0002B796A79003B18BF0123002A14BF042293
:10DDB00002222272AA6843F004036F326260EA68AA
:10DDC00063720323226184F82A3084F829102046E4
:10DDD000B5E794F82A30052B04D040F293116A205D
:10DDE00000F0EAF826702B796A79003B18BF01230E
:10DDF000002A14BF042202222272EA6843F00403BC
:10DE00006F3263726260D4E90632A9685B1842EB34
:10DE1000E172C4E90432042384F82A30214604F173
:10DE20003000FFF70FF90028D1D140F29511D6E765
:10DE3000012384F85930CAE72DE9F843884607469C
:10DE400058B300F02FF84FF0000904465FFA89F646
:10DE5000B44203D86FF00B00BDE8F883304600F001
:10DE600027F890F82A5009F10109002DEED130462B
:10DE700000F01EF80A490585044680F82A5080F80B
:10DE8000586002463030FFF7D7F80123276284F844
:10DE90002A30284688F80060DEE76FF01500DBE7DF
:10DEA000DB290100014B1879704700BF7014002076
:10DEB000044B1A79824283BF1B68602202FB003048
:10DEC00000207047701400200A4610F0030110B5BE
:10DED0000AD1074C2271206008B9002010BD6023D0
:10DEE0005A4300F093FBF8E76FF00D00F6E700BF30
:10DEF00070140020BFF34F8F0549064BCA6802F427
:10DF0000E0621343CB60BFF34F8F00BFFDE700BF5C
:10DF100000ED00E00400FA05094B01225A604FF0C1
:10DF2000FF32C3F80823074B4FF48042C3F8802028
:10DF3000BFF34F8FBFF36F8FC3F88021704700BFCF
:10DF400000E0004000E100E0094B01225A604FF080
:10DF5000FF32C3F80823074B4FF48052C3F88020E8
:10DF6000BFF34F8FBFF36F8FC3F88021704700BF9F
:10DF700000C0004000E100E0084B0022C3F8FC2F85
:10DF80000122C3F8FC2F064B0222C3F88020BFF306
:10DF90004F8FBFF36F8FC3F8802170470010004090
:10DFA00000E100E008B572B6024B5B6803B1984728
:10DFB000FFF7A0FF781400201FB572B6134B5D6801
:10DFC00095B9FFF797FF2346B2FBF6F25C1C002AD7
:10DFD000F9D104AEDCB256FA83F303F80C2C0A2212
:10DFE00034B901A8A847ECE7024600230A26EDE76A
:10DFF000631E04AEDCB256FA83F3B0FBF2F602FB0A
:10E000001600303003F80C0C3046E9E77814002095
:10E01000F8B51F4E337805460C461746A3BB00F0F3
:10E02000C5F9FDF7A1FA77603472FFF7A5FFFFF796
:10E030008BFFFFF771FF174B002D14BF28461846C2
:10E04000FDF772FE0546E8B9FEF7DAFFFDF75EFE62
:10E0500004F0A3FDFDF7B4FE18B9B8211120FFF7B5
:10E06000ABFF002C0CDB04F01F026409A40004F1D8
:10E07000604404F5614401239340C4F88031236077
:10E08000012333702846F8BD4FF0FF35FAE700BF93
:10E0900078140020AEB60200074B93F90830002B2D
:10E0A00009DB5A09012103F01F03994002F14003E3
:10E0B000024A42F8231070477814002000E100E083
:10E0C000014B1878704700BF7814002050B1074BFF
:10E0D00003F1140253F8041B40F8041B9342F9D1D6
:10E0E000002070476FF01500704700BF86CC02001B
:10E0F000F0B5284D284C294F83B02E780136F6B262
:10E10000D5E84F3F0133DBB2C5E8423F002AF7D1E3
:10E1100001236360C4F80021C4F80421EFF31082E6
:10E1200072B6C4F80405236052B962B608E0D4F8A8
:10E1300004314BB92B789E4206D13B69DB0613D4E0
:10E14000D4F80031002BF2D0D4F80431002BD4D114
:10E150002A78B242D1D10322C4F80031C4F8043184
:10E16000C4F8082303B0F0BD0D4B03214FF48042E7
:10E17000C4F80413C3F88021D4F80031002BDFD198
:10E18000D4F80431002BDBD1019004F004FE019897
:10E19000D6E700BF8114002000E0004000ED00E061
:10E1A00000E100E070B51446DA078CB01D468646E3
:10E1B0008C4633D5C36842681BBA0093CB681BBA40
:10E1C000049383681BBA019303681BBA03938B689B
:10E1D00012BA1BBA029205934A680B6812BA1BBAAC
:10E1E0006E46069207933046FFF782FFAB070DD5C8
:10E1F000DDE90A10DDE9083200BA09BA12BA1BBA21
:10E2000020606160A260E3600CB070BD08AD0FCD0E
:10E2100020606160A260E3600CB070BDDEF80410A5
:10E22000DEF80820DEF80C300068EE46AEE80F009D
:10E23000DCF80000DCF80410DCF80820DCF80C3016
:10E240006E46AEE80F00CEE710B5002482B0CDE9EF
:10E250000044FFF7A7FF02B010BD00BF1A4B4FF4F8
:10E26000805270B5C3F88020BFF34F8FBFF36F8F1C
:10E27000164C174D0021C4F80011C3F880212E69F7
:10E280002B6943F010032B610123C4F8043306F01B
:10E2900010062360D4F800319BB11EB92B6923F01E
:10E2A00010032B610123D4F808056360C4F8083318
:10E2B0000023C4F80031044B4FF48052C3F880218E
:10E2C00070BD04F068FDE5E700E100E000C000403B
:10E2D00000ED00E00B4938B5042301EBC3021579CA
:10E2E00005F0FF042DB1013BF7D240216920FFF773
:10E2F00063FE41F833000121547194711171D8B259
:10E3000038BD00BF84140020042808B503D9472174
:10E310006920FFF751FE034B03EBC00300221A7183
:10E3200008BD00BF84140020042808B503D950217B
:10E330006920FFF741FE094B03EBC0000379012B75
:10E3400001D05121F4E7437982790133DBB29A425B
:10E3500018BF4371BDE80840FFF79EBE841400203B
:10E3600038B5114D052495F8281005EBC1031A792D
:10E37000012A09D158799A79904205D05A79D2B2B6
:10E380009A7155F83130984795F828300133DBB24F
:10E39000052B04F1FF3428BF002314F0FF0485F897
:10E3A0002830E0D138BD00BF841400204FF08052E7
:10E3B000034BD2F830111960D2F834215A607047FB
:10E3C000B0140020084B1B68083B082B0AD840F209
:10E3D000211222FA03F313F0010F044B044818BF73
:10E3E0001846704702487047B014002000E701400B
:10E3F0000C050040144B1B68062B03D0013301D0E1
:10E4000020BF7047EFF3108072B6104A136911698C
:10E4100041F0100111610E49D1F80021D1F8041129
:10E420000A4303F0100300D040BF20BF00BF00BF6D
:10E4300000BF00BF23B9054A136923F0100313611D
:10E4400000B962B6704700BFB014002000ED00E0D4
:10E4500000E100E0914270B53FD2B2FA82F33BB1E5
:10E46000C3F1200420FA04F49940214398409A40D3
:10E47000150CB1FBF5FC05FB1C1E4FEA0E4E030C00
:10E4800084B20EEB10401FFA82FE0CFB0EF68642A1
:10E4900006D9361A964294BF01260226ACEB060C2A
:10E4A00003EB01430CFB1233B3FBF5F005FB103318
:10E4B00004EB034400FB0EFEA6454FEA0C4C09D9C1
:10E4C000AEEB040E964594BF4FF0010E4FF0020ED6
:10E4D000A0EB0E0040EA0C0070BD73219620FFF700
:10E4E0006BFD00BF2DE9F8431C4652EA040349D0F6
:10E4F000074615460E4684B9914204D2FFF7AAFF9B
:10E500002146BDE8F88321463046FFF7A3FF0446C5
:10E510002A46384604FB1561F0E74FF00108B4FACB
:10E5200084F908FA09F3A3FB021220FA08F003FBAE
:10E53000042240EAC67026FA08F1FFF78BFFC9F102
:10E540001F0230FA02F34FF0000C08D14046194682
:10E55000AF42A6413CBF18466146BDE8F8835A1E4B
:10E5600061466CEB0C0C05FB0CFE02FB04EE18463E
:10E570001346A5FB0228BA1A0EEB080766EB07063E
:10E580001746E5E7A6219620FFF716FD431A9342AA
:10E5900028D382B370B5541E052C2DD95C1E022CD5
:10E5A00084460B4628D922F0030596084C1953F8E7
:10E5B00004EB4CF804EBA342F9D1AA4200EB050CA2
:10E5C000A2EB05040DD011F8262000F82620012C1E
:10E5D00007D05A788CF80120022C02D09B788CF856
:10E5E000023070BD8B18024413F801CD02F801CD42
:10E5F0009942F9D17047704701390244034611F836
:10E60000014F03F8014B9342F9D170BD10F0030F95
:10E61000C9B2034607D0BAB303F8011B13F0030FC6
:10E6200002F1FF32F7D170B5032A01EB012404EBAC
:10E6300004441ED9161FB508032E05F1010521D982
:10E640004FEA550E03EBCE0E9C46CCE900440CF18C
:10E65000080CF445F9D115F0010F04D025F001059F
:10E6600003EB85052C6026F003060433334402F0E7
:10E67000030232B1012A197003D0022A597018BF5F
:10E68000997070BD1D46EDE7704700BF844641EAB2
:10E69000000313F003037DD1403A51D3F0B4F0C925
:10E6A000F0C0F0C9F0C0F0C9F0C0F0C9F0C0403A05
:10E6B000F5D2F0BC44E0403A42D300BF51F8043BED
:10E6C00040F8043B51F8043B40F8043B51F8043B4C
:10E6D00040F8043B51F8043B40F8043B51F8043B3C
:10E6E00040F8043B51F8043B40F8043B51F8043B2C
:10E6F00040F8043B51F8043B40F8043B51F8043B1C
:10E7000040F8043B51F8043B40F8043B51F8043B0B
:10E7100040F8043B51F8043B40F8043B51F8043BFB
:10E7200040F8043B51F8043B40F8043B51F8043BEB
:10E7300040F8043B51F8043B40F8043B403ABDD25A
:10E74000303211D351F8043B40F8043B51F8043BFC
:10E7500040F8043B51F8043B40F8043B51F8043BBB
:10E7600040F8043B103AEDD20C3205D351F8043B8B
:10E7700040F8043B043AF9D2043208D0D2071CBF57
:10E7800011F8013B00F8013B01D30B880380604680
:10E79000704700BF082A14D38B078CD010F00303F6
:10E7A00089D0C3F10403D21ADB071CBF11F8013B67
:10E7B00000F8013BFFF47FAF31F8023B20F8023B49
:10E7C00079E7043AD8D3013A11F8013B00F8013B4C
:10E7D000F9D20B7803704B7843708B788370604666
:10E7E000704700BF014B1B681B681847940000204E
:10E7F000014B1B685B68184794000020014B1B68A5
:10E800009B68184794000020014B1B681B69184740
:10E8100094000020034B1868034BC01A18BF012056
:10E82000704700BF940000202CE800009F2D0100DD
:10E83000AB2D0100AF2D0100B72D0100BB2D010054
:10E8400008B5F2F799FEF5F793F8F2F7F7FC002018
:10E8500008BDFFF73BBCF5F719B801F08EBC01F01D
:10E860008FBC01F090BC01F085BC10B586B00446A9
:10E8700001A8FFF72BFC02232370A3709DF804303E
:10E880006371BDF80530E380DDF80730A360002038
:10E890006070E070207106B010BD00F0F0BF70B580
:10E8A0000446FAF795FE012805461AD1601CFAF7CE
:10E8B00097FEB0B1A37963F03F03A3710020F5F791
:10E8C000CBFAE61D38B1102200213046FFF79EFE3C
:10E8D0002570002070BD3046FAF796FE0028F2D071
:10E8E000F6E70025F4E710B5102204460021FFF7F3
:10E8F0008DFE04F11003102200211846FFF786FE5A
:10E90000FAF79EFE0020F5F7A7FA20B12046FAF7A5
:10E910007BFE002010BDFAF75BFE0028F6D0F8E77A
:10E9200010B50446FFF79AFCB0F5007F09DA10F540
:10E93000007F08DD031EB8BF03339B102370002047
:10E9400010BD7F23FAE76FF07E03F7E78178008838
:10E9500001F0CCBB37B505460C4600880DF1060129
:10E9600001F075F82B882380BDF80630638003B072
:10E9700030BD38B505460C46F2F712FE30B13E2DDB
:10E9800004D12046BDE83840F2F74EBE38BD37B559
:10E9900004462046F5F7D6FE022805460FD0042887
:10E9A0000DD123788A2B0DD0942B21D0204600F056
:10E9B00038F8A1782078FFF7DCFF0028E9D0284656
:10E9C00003B030BD05213E20FFF7D3FF0028EDD175
:10E9D000E378227901A943EA02236846ADF80030C2
:10E9E00001F010FB0028D4D053210820F2F7EAFBF5
:10E9F0001A213E20FFF7BDFF0028D7D16379A27905
:10EA000043EA0223ADF804306946112301A88DF8CA
:10EA10000630F4F733FF0028BBD06521E5E702F0AC
:10EA20000DBA10B50378813B04461A2B35D8DFE8C0
:10EA300003F0353B474B556D730E67418187617716
:10EA40007B8D9BB5C0CEE0E6ECF234DAD400292011
:10EA5000F2F7EAFD30B13E232370222363702923AD
:10EA6000A3701AE00A20F2F7DFFD3E23237018B1ED
:10EA70001F2363700A23F3E70123A370132363703A
:10EA8000E37903F00103E371D4F81A30C4F80E30CF
:10EA9000E38B638294F82030237510BD3E2303700E
:10EAA000042343701423DBE73E2303700A234370DF
:10EAB0000323D5E73E2303700D2343700523CFE7DF
:10EAC00005232370042307E05A20F2F769FD082389
:10EAD0000028F6D05A2222706370DEE75B20F2F73E
:10EAE0005FFD18B15B2323700623F5E73023237005
:10EAF0000323F1E73E2303700B2343700723AFE7A3
:10EB00003E230370062343700C23A9E713230370ED
:10EB100083789B000133DFE7572303700223DBE791
:10EB20003E2303700D239BE73E23037001234370B4
:10EB3000112395E73E2303700623437012238FE7CA
:10EB40003E23037009234370132389E73E23037098
:10EB50002420F2F769FD18B12423A3701423BBE726
:10EB60000E23A3701023B7E73E2303702520F2F78E
:10EB70005BFD227B20B125230B32A37062708CE7F2
:10EB80000F23A37002F10803637004F10B0104F179
:10EB900008000232BDE81040FFF7F8BC3E230370C6
:10EBA0002620F2F741FD18230028D6D02622A27095
:10EBB00092E73E2303702A20F2F736FD18B12B238B
:10EBC00063702A234CE71D236370192348E73E2313
:10EBD0000370072343701A2342E7FF2303700D23BA
:10EBE000437080233CE7FF23037029234370812374
:10EBF00036E73E2303700C234370232330E73E2384
:10EC000003700E23437037232AE73E2303700A2341
:10EC10004370352324E73E230370FE2343702B23E8
:10EC20001EE708B510B96FF0150008BDFFF7F7FE35
:10EC30000028F8D00020F8E710B50C4648B141B1E3
:10EC4000FFF7A5FE002820700CBF6FF02200002007
:10EC500010BD6FF01500FBE7F8B5941C0C4463433E
:10EC6000B3F5004FA8BF4FF0FF330E4610F003017D
:10EC7000054617469CB203D0B0211420F2F7A2FA41
:10EC8000B4F5004F01D9B121F7E714220430FFF7A2
:10EC9000BDFCEF746C802E80F8BD38B50388C48845
:10ECA00005898B42C4F30E0203D2D1211420F2F75E
:10ECB00089FA84EA0503C3F30E030BB9AC4206D10B
:10ECC00002F118030122C1528274184438BD18465B
:10ECD000FCE7023101444A43B2F5004FA8BF4FF0B0
:10ECE000FF3290B21B3020F00300B0F5004F34BF6C
:10ECF00000B24FF0FF30704740881B3020F0030017
:10ED0000B0F5004F34BF00B24FF0FF3080B2704713
:10ED100038B503888B4203D2F7211420F2F752FA58
:10ED2000857C65B1C388C3F30E031833C25A8A4287
:10ED300007D3C152811DF2F787FC00238374284654
:10ED400038BD0025FBE70346F0B59E88DD88B4B2E8
:10ED5000A54200F11800C6F30E0616D05F89DD7CCF
:10ED6000845B3D4402353544E41B28440D88A4B23D
:10ED7000A54288BF0C805989B1FA81F14FEA51113F
:10ED800088BF25461170DD81F0BD00252846FAE7D1
:10ED9000F8B58288C389002604460D4692B20E60FB
:10EDA000CBB1C2F30E024189183287180B44825A44
:10EDB0009BB29342438104D94FF4A2711420F2F71D
:10EDC00001FA04D1011DF2F73FFC46812F600023B8
:10EDD000E3810120F8BD1846FCE7838802899BB2D5
:10EDE0009A42014602D00831F2F72EBC7047838860
:10EDF000C0889BB2C31A584258417047828873B585
:10EE0000C48895B2AC42C2F30E0202F1180212D0CD
:10EE10004189C689835A314499420EDB0DF10601BE
:10EE2000ADF80650F2F710FCBDF80600001B18BF45
:10EE3000012002B070BD0020FBE70120F9E770B5AA
:10EE4000C488068984EA0602C2F30E020346C4F3AC
:10EE50000E0518300AB9B4420FD19C891A880CB13A
:10EE6000465B921B914207DCDA7C2C44023222443E
:10EE700010440A461A8270BD00221046FAE7F8B51F
:10EE8000038A002B38D08B4236D3C488858900F1A1
:10EE90001803C4F30E041E1995B91D5575708589A4
:10EEA0001E5B0D44ADB2314485811953D2B1811D31
:10EEB000F2F7CAFB00238381002303820120F8BDFF
:10EEC0001E5BAE4204D04FF4F6711420F2F77AF9CB
:10EED000C57C878A2644023535445E195F53857D9B
:10EEE000B570DCE7C27C254402322A4499189B5A4B
:10EEF00083828B788375DFE70020E0E78388C28810
:10EF00009BB29A4206D0428922B9C3F30E0318334A
:10EF10001844704700207047C37C0233C8187047FC
:10EF2000C37C0233C81A70470230704738B58388F3
:10EF3000C2889BB29A4207D045892DB9011DF2F7CC
:10EF400083FBC581012038BD0020FCE703881380C6
:10EF5000C388C3F30E03183303440B6080897047E2
:10EF60000368002223B9C0E90132031D0360704722
:10EF700059681B680A44F5E7072970B5034604D8A9
:10EF80004FF4EC711520F2F71DF90068C0B1446828
:10EF90001A688C42064610D0106860B901F1080565
:10EFA000AC420DD3546850501868651A5418006864
:10EFB0006560505002E01346E9E714681C60304673
:10EFC00070BD0023C1E9003203680B600160704727
:10EFD00030B590B18478B1FBF4F304FB131300EB6C
:10EFE000430252898A4201D1D8B230BDC27822B9D7
:10EFF00000F10803D0B2844201D8FF20F5E733F8CE
:10F00000025F8D4202F10102F4D1EEE782780388BB
:10F0100005324B4303EB42031844704737B50024D5
:10F02000CDE9004405468DF806006846ADF8044079
:10F03000F2F7EEFCBDF8044008B103B030BD29463C
:10F040002046F2F7C1FC0028EFD040F2352117200E
:10F05000F2F7B8F870B50D4609211E46FFF739FEE4
:10F060003246044609212846FFF733FE40EA0403EE
:10F070001B0454BF00194FF0FF3070BDD31D23F0A7
:10F08000070370B5083390B110F0070403D058217E
:10F090002220F2F797F80460C280818000F1080412
:10F0A0000A464FF6FF75013A92B2AA4203D103FB1A
:10F0B00001F0083070BD0668266004601C44F2E769
:10F0C000012303707047F8B50C4684F00104640016
:10F0D000054611461E46E4B2FF23837003191B7DCB
:10F0E000012B06D0631CDCB250FA83F31B7D012B8D
:10F0F0000AD105EB44073B8B3A8C9819904205DD09
:10F100002C4400233B8323750020F8BD05EB8404C9
:10F11000324660681844FFF7B9FA3B8B1E443E83C1
:10F120000023AB700120F0E781F00101490010B528
:10F13000C9B2FF23837043181C7D012C07D10C3109
:10F1400020F8112002221A750023837010BD0131AE
:10F15000CBB250FA81F10C7D012C05D10C3320F893
:10F16000132002230B75EFE74FF499710920F2F792
:10F1700029F830B50246837803F0FF00F3B9137D18
:10F18000022B19D0537D022B15D10346012089B1E2
:10F19000D5180C3300242C7522F8134013180324BF
:10F1A0001C7502EB80035B680B6000F10C0332F806
:10F1B00013308B80012030BD0123E8E70020FAE7FF
:10F1C00030B50346827802F0FF00E2B99A7D022A48
:10F1D00017D0DC7D022C13D1032281B11D190C3410
:10F1E0000020287523F8140098180324047503EBF5
:10F1F00082000C32406833F8123008608B800120A6
:10F2000030BD0324E9E70020FAE7037D012B01D19B
:10F21000008B7047437D012B0CBF408B0020704753
:10F22000837D012B01D1808B7047C37D012B0CBFE7
:10F23000C08B00207047038B23B9408B003818BF68
:10F240000120704701207047838B23B9C08B0038A1
:10F2500018BF0120704701207047027D022A01D1AA
:10F26000008B7047437D022B01D1408B7047032AEE
:10F27000F6D0032BF9D000207047827D022A01D1FD
:10F28000808B7047C37D022B01D1C08B7047032A4E
:10F29000F6D0032BF9D0002070472DE9F041064647
:10F2A00006989DF81C70984643070D46114602D0FB
:10F2B00010F0030003D025214C20F1F783FF4FF419
:10F2C0008B72FFF7DBFE002F06AB044600FB08F154
:10F2D0000CBF18460020F2F7DBF917B9069B336024
:10F2E0002C60BDE8F081F2F763BD00F0FD0000384E
:10F2F00018BF012070472DE9F041B0F86A70B0F8EE
:10F300006C50164671B303F04CFA0221044601F02A
:10F31000D6F902218046204601F0D1F9474528BFA1
:10F320004746BFB21B2F38BF1B27FB2F28BFFB2729
:10F33000854228BF0546ADB21B2D38BF1B25FB2DCE
:10F3400028BFFB25B4F5A47F38BF4FF4A474B4F5EF
:10F35000296F28BF4FF429647780F580B480348109
:10F36000BDE8F08102F0DEFBCFE707B50023CDE971
:10F37000003303238DF806306846F2F749FB08B1E5
:10F38000002004E0009802F084FC0028F4D003B0D0
:10F390005DF804FB13B501210020F2F7FFFAC0B9B4
:10F3A00001210846F2F7FAFAF8B9FFF7DEFFA0B933
:10F3B000062301906C4600908DF806302046F2F747
:10F3C00027FBC0B100230093636007238DF806304C
:10F3D0001FE0A830F3F72CFD10B1012002B010BDE2
:10F3E000F3F702FD0028DBD0F7E7A830F3F720FDA4
:10F3F0000028DAD0F1E70098403002F061FA0028E6
:10F40000DCD0EAE7009B586F503002F059FA002830
:10F41000E4D12046F2F7FCFA0028F3D00020DDE723
:10F420001FB50022009240F6881303A9FBF7F2FFF4
:10F4300005B05DF804FB10B5044638B1F4F706FBDF
:10F4400024EA0000B0FA80F0400910BD0120FCE77A
:10F4500070B505460C4602F01CFCF0B9284602F0D7
:10F4600055FDD0B904212046F2F798FA064678B93E
:10F4700006212046F2F792FA054680B9032120467C
:10F48000F2F7A2FA88B141F6CC013920F1F79AFEE1
:10F49000403002F015FA0028EAD00C2010E040308D
:10F4A00002F00EFA0028E9D0F7E73EB10421204629
:10F4B000F2F78AFA10B141F6D301E6E70DB9002060
:10F4C00070BD06212046F2F77FFA0028F7D041F6FA
:10F4D000DA01DAE738B50D460446F2F799FBA8429F
:10F4E00012D3204602F0F1FE08B11F2D0ED820469F
:10F4F00002F063FD60B12946204602F089FD002834
:10F500000CBF4520002038BD0720FCE71220FAE799
:10F510004220F8E738B5044602F04FFDD8B1204646
:10F5200002F0B7FB08B9002038BD204602F0CAFA45
:10F530000546204602F0C9FA78B9002DF3D0B5F897
:10F54000AA000221F2F740FA0028ECD041F6D621B9
:10F550003920F1F737FE4220E6E70C20E4E7F0B56A
:10F5600087B0054602A9008801F010F9044600287A
:10F570007CD1029B93F86A21029ED11E4A424A41E5
:10F580008DF8062096F8A820002A72D1DA7B222A6C
:10F5900072D19DF8062082F0010293F862308DF856
:10F5A00007209B0603D49DF80730002B68D0EB881A
:10F5B0001B3B9BB2E02B65D82989A1F5A4739BB2B4
:10F5C00044F2481083425DD86B881B3B9BB2E02B12
:10F5D00058D8AA88A2F5A4739BB2834252D8B1F539
:10F5E000296F51D8B2F5296F4ED8FF2786F82F71B1
:10F5F0009DF80630002B41D1029B93F8A810B1FA78
:10F6000081F103AA06F1A8004909FFF774FE6A8890
:10F61000BDF81230BDF81410B5F806C0934228BFEB
:10F62000134640F64800A6F83431BDF80E30AA88DB
:10F63000814228BF0146634528BF6346A6F83031A2
:10F64000BDF81030834228BF03462889834228BF73
:10F6500003468A42A6F83231134628BF0B46A6F865
:10F66000363186F82E71002386F82F31204607B0F8
:10F67000F0BD1A6892068CD422468EE73A24F2E74F
:10F680001A24F3E71224F1E71124EFE710B504463A
:10F69000FFF76BFE58B901210020F2F77FF9D0B9CE
:10F6A00001210846F2F77AF9D8B9012009E0F4F708
:10F6B00085F968B1F3F7BEFC044602F0EFFD08B12E
:10F6C000002010BD204602F0E5FD0028E3D0F7E75A
:10F6D000002CE0D1F4E7A830F3F7AAFB0028DFD034
:10F6E000EEE7A830F3F7A4FB80F00100C0B2E8E732
:10F6F000006890F8A8303BB190F8E23123B10023C4
:10F7000080F8E231F6F720BD704710B50378012B81
:10F71000044601D9122010BDFFF73CFE60B92078E5
:10F72000FFF7E3FD01280DD004F11703E21D611C72
:10F73000BDE81040F4F706BDF4F796FD0028EED0C2
:10F740000C20E8E7A37903F0C003C02BE2D1EBE77C
:10F7500010B50378012B04460AD8FFF71BFE48B901
:10F76000214611F8010BFFF7C0FD00F035FF38B955
:10F77000122010BDF4F778FD0028F1D00C20F8E736
:10F780000020F6E708B50088F4F774FD00280CBFE8
:10F790003020002008BD38B50546FFF7FBFD0446C4
:10F7A00038B92878003818BF0120F4F757FD2046F3
:10F7B00038BD0C20FCE708B5FFF7ECFD18B9F4F7ED
:10F7C0003DFD002008BDF4F74FFD0028F7D00C20C8
:10F7D000F8E708230370002070471122027041F2FD
:10F7E0003903C2705922A0F801308280C380002002
:10F7F000704708B50821F2F711FB002008BD73B56A
:10F800000646008808800C4680B201A900F0BEFFC1
:10F81000054640B9B3784BB9019B93F92801A07014
:10F82000F9F798FDA070284602B070BD7F20FFF761
:10F83000F7FDF4E710B504466FF07F00FFF7F0FD29
:10F84000F9F788FD20707F20FFF7EAFDF9F782FDC8
:10F850006070002010BD08B50A46072300F11001B2
:10F86000FEF7F2FC002008BD10B50146044600205A
:10F87000F4F7D8FA08B92060A080002010BD10B5B8
:10F880000446F4F76FF828B900202146F4F7B2FADD
:10F89000002010BD0020FFF7F9FE0028F4D10C2055
:10F8A000F7E710B504460120FFF7F0FE28B101206C
:10F8B0002146F4F79FFA002010BD0C20FCE7FFF76B
:10F8C0004EBE1FB502880A80838844F290218B4285
:10F8D00015D8B3F5296FADF804204288ADF806209D
:10F8E00028BF4FF4296301A8ADF80830ADF80A200D
:10F8F000ADF80C30FFF733FE05B05DF804FB1220C5
:10F90000FAE737B508800D4601A900F03FFF04462D
:10F9100040B9019810F8A81FB1FA81F12A464909A7
:10F92000FFF7E9FC204603B030BD10B503466FF089
:10F93000040400206FF06F010A221C705870997047
:10F94000DA701C7158719971DA7110BD10B50446E6
:10F95000FFF720FD58B92078FFF7C7FC611CE2795A
:10F96000F4F74CFD80F001004000C0B210BDF4F788
:10F970007BFC0028EFD00C20F8E773B500880880E6
:10F980000D4680B201A900F001FF044680B9019E36
:10F9900086F8224196F82001F3F71CFBA87096F830
:10F9A0002101F3F717FBE87096F82231002BEFD115
:10F9B000204602B070BD1FB5044603A9008800F0C0
:10F9C000E5FE38B9A388022B14D8E078FFF733FDA1
:10F9D00010B9112004B010BDA078FFF72CFD00284D
:10F9E000F7D001230093A388E278A17803A8F4F765
:10F9F0005BF8EFE71220EDE737B58378C17802793D
:10FA000003F0010451EA040503F002031DD052EA99
:10FA100003051AD0002C18BF0021002B18BF0022AC
:10FA20008DF80320037842788DF8021043EA022310
:10FA3000ADF8003043798279684643EA0223ADF895
:10FA40000430FFF7B8FF03B030BD1120FBE713B55A
:10FA50000C4601A900F09AFE28B9019B93F8A82052
:10FA6000DB8812B9238002B010BD0133FAE713B569
:10FA7000044600F0D4FD00284DD02046F4F762FD86
:10FA80000023CDE90033FF246846F1F7C1FF48B3F6
:10FA900000244FF44033CDE90043FF246846F1F7DA
:10FAA000B7FF18B300204FF48023CDE90003FF24F3
:10FAB0006846F1F7ADFFE8B100214FF4C023CDE96E
:10FAC0000013FF246846F1F7A3FFB8B100224FF4FA
:10FAD0002023CDE900236846F1F79AFF90B100207A
:10FAE00002B010BD009B83F83542CDE7009B83F840
:10FAF0008A40D3E7009B83F83440D9E7009B83F822
:10FB00003440DFE7009B93F83820032AE3D1FF223B
:10FB100083F82220DFE71220E2E707B5008801A979
:10FB200000F056FE30B9019B93F83F2112B9FF2235
:10FB300083F83F2103B05DF804FB10B50446F3F7EA
:10FB40007BFF20606160002010BDF0B5044689B0E5
:10FB500000200E4604F11807F3F72AFF23466A46F1
:10FB600018685968154603C50833BB422A46F7D1C1
:10FB700019889B78AB70298000238DF81B308DF895
:10FB80001C30637E042B10D8A37E042B0DD8237D5C
:10FB9000022B0AD0637803F01803082B05D03146F6
:10FBA0006846F3F7EDFC09B0F0BD1220FBE7F0B5B5
:10FBB000044689B000200E4604F11807F3F7F8FE5A
:10FBC00023466A4618685968154603C50833BB4280
:10FBD0002A46F7D11B782B7000238DF81930ADF829
:10FBE0001A308DF81C30237D022B0AD0637803F085
:10FBF0001803082B05D031466846F3F7C1FC09B05D
:10FC0000F0BD1220FBE710B5032104460078F1F7A0
:10FC1000C5FE20B12178BDE81040FFF719BC422095
:10FC200010BD2DE9F7430646477800780321F1F728
:10FC3000B5FE0446002852D002F047FB042F96F888
:10FC40000390054604D1B9F1000F4ED0122013E005
:10FC5000E06CFFF7DAFAF37800EB09081FFA88F88E
:10FC60006BB9204602F0F0FA80450ED9204602F02A
:10FC70002CFB0028EAD1072003B0BDE8F083204622
:10FC800002F0F4FA0028ECD1E0E741462046FFF705
:10FC900021FC0028F0D1FB1E012B22D9B9F1000F65
:10FCA000D4D0002DD2D1012F04D10222E16C6846BC
:10FCB000F1F7C6FF7268E06C4B460121FFF703FACB
:10FCC0000028D8D0023F012F07D8E06CFFF79DFA3B
:10FCD00001210246E06CFFF727FA0020CCE7422022
:10FCE000CAE785F00102D2B2E0E70028AED1204693
:10FCF00001F0CFFF0028A9D0E06CFFF79CFA0028A4
:10FD0000A4D0204602F00DFBE7E737B50446F3F731
:10FD100091F923781F2B054618D8C16C0422684638
:10FD2000F1F78EFF2246E86C12F8013B0021FFF745
:10FD3000CAF968B1EC6C2046FFF772FA002102465E
:10FD40002046FFF7F1F9002003B030BD1220FBE799
:10FD50000720F9E72DE9F7430746467890F8039026
:10FD600000780321F1F71AFE044600284FD0F3F77C
:10FD700025FE30B1204602F091FA002808BF4FF06E
:10FD80000009E06CFFF74CFAFB7800EB09081FFA5A
:10FD900088F84BB941462046FFF79CFB054650B119
:10FDA000284603B0BDE8F083204602F077FA002829
:10FDB000F0D11225F4E7042EFBD0032E0CD12046FF
:10FDC00002F083FA08BB012E14BF05220622E16C63
:10FDD0006846F1F735FF08E0B9F1000FE9D0204699
:10FDE00001F057FFA8B9012EE9D07A68E06C4B46C4
:10FDF0000021FFF768F970B1023E012ED0D8E06C07
:10FE000042460021FFF790F9CAE70422DFE74225C6
:10FE1000C6E70C25C4E70725C2E713B50446002052
:10FE2000F3F7C6FDE378FB2B12D822788DF800207B
:10FE3000A2788DF80220043414F8032C8DF80120E8
:10FE400068468DF803300194FFF784FF02B010BDBF
:10FE50001220FBE710B504460020F3F7A9FDF1F7E7
:10FE6000D7FE2080002010BD73B504460020F3F7B4
:10FE70009FFD63787BBB23783BBB019300930323F7
:10FE80006C468DF806302046F1F7C2FDD0B90098D7
:10FE9000FFF740FB0028F6D018E09E0004EB830338
:10FEA00003219878F1F77AFDB8B12378012B0BD1B3
:10FEB000B11C2144F3F7CEF9013538B96278EBB2C1
:10FEC0009A42EAD8002001E013B1122002B070BDBE
:10FED000FFF720FBF0E70025F0E74220F6E738B512
:10FEE000032105460078F1F759FD0446A0B101F061
:10FEF000D0FE28B92046691C02F0A8F8002038BDC1
:10FF0000204602F0CBF908B10C20F8E7204602F0B9
:10FF1000C1F90028EED0F7E74220F0E737B50446F4
:10FF2000F3F788F823781F2B054618D8C16C0022F8
:10FF30006846F1F785FE2246E86C12F8013B012184
:10FF4000FFF7C1F868B1EC6C2046FFF75EF90121BC
:10FF500002462046FFF7E8F8002003B030BD12202B
:10FF6000FBE70720F9E713B504460020F3F720FD6F
:10FF7000E378FB2B12D822788DF80020A2788DF838
:10FF80000220043414F8032C8DF8012068468DF803
:10FF900003300194FFF745FE02B010BD1220FBE7CD
:10FFA00073B50546F3F746F8002604468DF804605D
:10FFB00002F078F92B788DF80760C001012BADF8BD
:10FFC000050005D101A92046F3F744F902B070BD40
:10FFD0002BB9204602B0BDE87040FFF79BBA122053
:10FFE000F4E710B5044634F8020B0880022180B211
:10FFF000F1F7D4FC20B12146BDE8104002F09FBBD0
:020000021000EC
:10000000022010BD008808B50880022180B2F1F7F7
:10001000C5FC20B1BDE80840002102F090BB0220E1
:1000200008BD37B50446008808800D4680B2092116
:10003000F1F7B4FC10B10C2003B030BD20880B21C7
:10004000F1F7ACFC0028F6D120880C21F1F7A6FCD2
:100050000028F0D1208801A900F098FB0028EBD1FE
:10006000019B9B8F6B80E7E737B5044600880880CB
:10007000092180B2F1F792FC10B10C2003B030BD21
:1000800020880B21F1F78AFC0028F6D120880C216A
:10009000F1F784FC0028F0D163880BB91220EDE75A
:1000A000208801A900F072FB0028E7D16588019B38
:1000B00042F21072A9B2D3F8C8405143B3F8DE201F
:1000C0006243B3F8D04004FB02229142E6D3D3F856
:1000D000C820D3F8C8409442F9D100225A63621E66
:1000E0000A449D87B2FBF4F29A63C7E710B50C4649
:1000F0000221F1F753FC90B1022C12D804F0010256
:10010000C4F3400480F8E42180F8E34112B190F890
:10011000E2310BB9002010BDF6F716F8FAE702201D
:10012000F9E71220F7E710B504460078FF280AD057
:100130000321F1F733FC58B16378A27843EA022334
:10014000C384002010BDB4F80100F6F787F9F8E782
:100150004220F7E710B504460078003818BF0120A8
:10016000F9F7ECF82078003818BF0120F5F7D8FF30
:10017000002010BD0620F3F727BC0820F3F724BCAD
:100180000B20F3F721BC02F00ABB10B5044604B9FA
:1001900010BD236898476468F9E703680BB90160EC
:1001A00070471A465B6813B18A42FAD170478A4297
:1001B00018BF5160704708B5F7F704FDF5F7A2FFC7
:1001C000BDE80840F7F7E6BC08B5F5F769FFF7F7B3
:1001D000D1FC20B140F263119320F0F7F3FFBDE8AA
:1001E00008400320FEF71ABF08B50220FEF716FFED
:1001F0000020FEF713FFF1F795FCF3F7B5FDF2F7DA
:100200005DFC20B140F243119320F0F7DBFF08BD05
:10021000FFF7EABF08B5FFF7D7FFF8F79DFA20B15F
:100220004FF4BC719320F0F7CDFF08BD08B500F086
:10023000A5F9F2F723FC0220FEF7F0FEBDE8084026
:100240000020FEF7EBBEFBF74DBD0B46892203F8FD
:10025000032BD0F80920C1F80320427B1A717047A4
:1002600038B50D460446F3F7F1FB2B78002B08BF99
:10027000034684F874306B78002B08BF034684F87B
:1002800075306B88A4F8763038BD37B58B78046844
:1002900003F0070384F819314B7803F0070384F85F
:1002A000183126230546E37394F8393113BB94F8CB
:1002B0003831012B1ED094F8213194F81821D91E21
:1002C000012998BF04239A42B4F81E3118D194F83A
:1002D000202194F81901D11E012998BF04229042CF
:1002E000B4F81C110CD1022284F83821A4F83A1178
:1002F000A4F83C31284603B0BDE8304000F0C3BF4D
:10030000022094F81D2194F81C1100902846F3F760
:10031000CBFB0028EED04FF46671AE20F0F752FF11
:1003200038B5036893F83831012B04460D4602D1E5
:100330001E21F3F733FC2368002083F8380165B1F0
:10034000182283F8992009229A7393F84A3093B9B6
:1003500040F25B41AE20F0F735FFDA7B243A072A02
:1003600003D8DD73204600F0A0FF20461821BDE829
:10037000384000F0CABF38BD08B503689A7B22B187
:100380004FF4E671AE20F0F71DFF24229A7308BDEA
:10039000034610F0010007D19A0704D413F00400BB
:1003A00018BF03207047022070472DE9F34B054624
:1003B000104616461F46FFF7EBFF83460846FFF739
:1003C000E7FF46EA01044BEA04040443E4B2003CBC
:1003D000DDF828800190894618BF0124F3F736FB29
:1003E000064018BF5E46F3F731FB95F82021019BCC
:1003F00010EA090118BF1946B24214BF3346002360
:1004000088F8003095F821218A4208BF00210B436B
:1004100088F801100AD1EB88013FFF1ABFB247F6F6
:10042000FD739F428CBF002404F00104C6B995F807
:100430002001F2F7DFFD03280ED195F83831012BAA
:100440000AD1B5F83C2195F82031012A0AD1042BB4
:100450000AD0042388F80030204602B0BDE8F08BB3
:10046000032EE9E7032BF7D00323F3E7032906D193
:1004700001280AD1042151801380012070470429EA
:1004800003D1012801D00321F5E70020704701289E
:1004900007D0022805D0033801288CBF0020012096
:1004A000800070472DE9F0410C6894F83A22D31E81
:1004B000012B05460F462DD894F82031D91E01296D
:1004C00028D8D31A18BF012394F83B02FFF7DFFFA7
:1004D00006460BBB1046FFF7DAFF804694F89F30C4
:1004E0006BB948EA060313F0FF0306D0204600F07C
:1004F0001DFF3B68DB8803449BB2A4F83832B4F894
:100500003832EB701B0A2B71AE7085F80180052024
:10051000BDE8F0810023D7E74FF00008DEE770B5B3
:100520000568EC7BA4F12406072E02460B4615D97C
:1005300094B9AD7B292D11D04D786E0706D08D78FA
:100540006D0703D0FFF7A1FE204670BDBDE87040E7
:100550001978104600F0D9BE0124F5E72024F3E70E
:1005600008B50368DA7B262A05D022B140F2D351C0
:10057000AE20F0F727FE2722DA7308BDF3F7F4BBAD
:10058000704730B542401C7808785D7860404C7800
:100590006C4020449D788C786C402044DD78CC7889
:1005A0006C4020441D790C795B7949796C4020447A
:1005B0004B4018441044B0FA80F0400930BD024668
:1005C00000200139C9B2FF2900D17047535C83F084
:1005D00001030344D8B2F4E708B5F3F749FC08284F
:1005E00007D0F3F767FC082803D0F3F779FC012064
:1005F00008BD0020FCE708B5F3F73AFC082803D053
:10060000BDE80840F3F756BC08BD08B5F8F74EFF43
:1006100018B1BDE80840F8F771BF082008BD70B5F3
:1006200003791F2B0FD8461E051D002416F8010F55
:1006300000F010FEAE420444E4B2F7D1012C94BFA6
:100640000020012070BD0020FCE701440023884207
:1006500003D1B3FA83F04009704710F8012B13431C
:10066000F5E7F8B5D0E9047605460C46FCF75EFDE3
:1006700018B952212920F0F7A5FDE4B1D5E90423EA
:10068000D21B63EB0603012A73F100014FF0000156
:1006900013DB6FF001009042994101DA5C21E9E738
:1006A000631E1344B3FBF4F35C43E41946F1000604
:1006B000C5E904461C462046F8BD0C46FBE7022966
:1006C00005D13C281BD980100F3880B27047CB1E53
:1006D000012B0FD804290CBF96234FF4167303F592
:1006E000BC730CBF10224022984208D9C01A90FB5C
:1006F000F2F0EAE7702802D9C0100E38E5E70020D2
:100700007047022908B5034614D005D8012909D03D
:10071000E7212920F0F756FD03390129F8D840F6E2
:10072000A66008BD40F6C41040F2E242002B08BFAC
:100730001046F6E740F6C410F3E710B5029C801AA5
:100740007E388842226894BF091A491A02EB510286
:1007500022601A680129A2EB51021A6094BF00209E
:10076000012010BD69B1A0F57A7241F270739A420E
:1007700007D84FF47A73B0FBF3F000F5506080B205
:10078000704740F2E243B0FBF3F0F8E738B50C46AF
:1007900000210546F1F702F9206048B902212846F8
:1007A000F1F7FCF82060B0FA80F04009400038BD55
:1007B0000020FCE70368587BC0B293F830302BB9B7
:1007C00000F0FB00003818BF012070470020704780
:1007D00010B50C46FFF7DAFF38B92046FFF7EAFFFD
:1007E00080F001004000C0B210BD0220FCE738B527
:1007F0004FF4427204460D460021FDF707FF6FF0EB
:10080000360284F86320042284F864206FF03B02EF
:1008100084F865206F2284F86620032284F867201C
:10082000002284F868206FF07F0284F869202B2270
:1008300084F86220FE22012384F89E207F22E37543
:10084000E27284F8A830A4F8AA5038BDC2B292FA75
:10085000A2F2030A93FAA3F31B0E100E40EA032040
:10086000704770B50131C9B20530002210F8013F60
:100870008B4216D310F8054C0023012505FA03F628
:1008800026421CBF01F1FF31C9B269B10133082B07
:10089000F4D10132D2B2052AE8D19B214620F0F7EB
:1008A00091FCC91AC9B2F4E703EBC200C0B270BD33
:1008B0000B6870B5C0F801300B7903F01F0343716A
:1008C00000230446C3720546461D15F8010F00F0CB
:1008D000C1FC6871E37AB5421844E072F5D170BD8D
:1008E00070B581EA11418CB20546C17A032682EACD
:1008F0000400FFF7ABFF013E00EB0010221816F0DA
:10090000FF0690B2F5D144402522B4FBF2F302FB7E
:100910001343C3F3C4022A44D8B2567803F0070342
:10092000012202FA03F31E4207D161432846C1F3B4
:100930000741BDE87040FFF794BF70BDF8B590F86F
:1009400022506B1E242B044603D9E1214620F0F7E8
:1009500039FCDAB1C07D002843D194F8243094F8F2
:10096000231002FB01322523B2FBF3F103FB112319
:10097000DBB204EBD30284F82430117E03F00706C7
:100980000122B240114202D084F82530F8BDB3FBF9
:10099000F5F205FB1233013303F0FF0304F11C01F0
:1009A00011F8012F9A4219D311F8055C0022012693
:1009B00006FA02F72F4208D0013B13F0FF0304D1DF
:1009C00002EBC00284F82520E0E70132082AEFD1CB
:1009D0000130C0B20528E3D1D721B7E79B1ADBB2BB
:1009E000F6E7E288496A04F11700FFF779FF84F817
:1009F0002500CBE70378890123F0400301F0400193
:100A00000B4303707047037803F07F0343EAC1137D
:100A1000037070471F2A38B50546144603D9A8212C
:100A20002A20F0F7CFFB09300634FDF72FFE6C705B
:100A300038BD1F2A38B50546144603D9CA212A20D5
:100A4000F0F7C0FB09300634FDF720FE6C7038BDAE
:100A5000037803F00F03032B02463ED0052B42D14F
:100A6000C37F90F82000034392F82100034392F8DB
:100A70002200034392F8230000F01F00184333D0F4
:100A80005378222B2FD1B2F81930B1B1B3F5506F92
:100A900013D940F607518B4225D8B2F81B30B3F575
:100AA000FA7F20D2B2F81D000A3880B240F67643B1
:100AB00098428CBF002001207047991F89B240F6F0
:100AC0007A4081420FD8917D481E07280BD8994261
:100AD00009D2B2F817109942DEE74078A0F10C0372
:100AE00058425841704700207047C37813F03F03C5
:100AF0005DD007295BD8DFE801F0040B1E29343FE5
:100B00004A55037913F0010F0CBF002005207047F0
:100B1000027912F002004BD0052002F0010202EB34
:100B2000420200EB42000729C0B241D1021F9A42A3
:100B3000C8BF00207047027912F0040038D00520A9
:100B400012F0020F1CBF0630C0B2E6E7027912F0C5
:100B500008002DD0052012F0040F1CBF0130C0B2D8
:100B6000EEE7027912F0100022D0052012F0080FF3
:100B70001CBF0230C0B2EEE7027912F0200017D09D
:100B8000084612F0100F1CBF0330C0B2EEE7027926
:100B900012F040000CD0052012F0200F1CBF1230C4
:100BA000C0B2EEE702795006F5D50620F4E7002042
:100BB000704770B50C46064611461D4624B94FF4E1
:100BC0001F712A20F0F7FEFAFFF78FFF10B940F2ED
:100BD0007D21F6E7031F2B443F2B02DD40F27E21EF
:100BE000EFE72A4621463044BDE87040FDF74EBD90
:100BF00010B50446FFF779FF00B1204410BD30B5B1
:100C0000C1F38003C1F380142344C1F3001404EB47
:100C100044042344C1F3401404EBC404C1F340056D
:100C200003EB4403C1F300042C4404EB4404C1F37C
:100C3000C0052C44134403EB440313F0FF031CBF13
:100C400001330171C17818BFDBB221F03F0103F01D
:100C50003F042143C170591C41701AB104339B1ADF
:100C6000013AC25430BD70B5C47804F03F04131982
:100C7000FE2B0646154604DD40F2B9212A20F0F786
:100C8000A1FA201D013530442C44FDF7FFFC74709F
:100C900070BDC378024613F03F0022D0137913F0E1
:100CA000200F14BF09220022C3F3C001C3F3400088
:100CB000114403F00102024402EB4202C3F380003C
:100CC00013F0100F0A44C3F38011084414BF032328
:100CD0000023184400EB420010F0FF001CBF01305D
:100CE000C0B270471B2A08B504D940F299312A20B6
:100CF000F0F768FABDE80840FDF7C8BC8388A1B1E9
:100D0000B3F5506F11D940F6075293421BD8C388F0
:100D1000B3F5FA7F17D200890A3880B240F67643DD
:100D200098428CBF0020012070479A420BD8B3F53F
:100D3000486F08D84278511E072904D89A4202D237
:100D400042889A42E2E700207047013001F1200317
:100D500051F8042B40F8042B9942F9D10B880380F9
:100D6000704738B515460446FFF7EFFF2B68C4F807
:100D700023306B68C4F8273038BD2DE9F04F85B0BB
:100D8000884603A99DF8384001931546FFF7FEFCFD
:100D9000814618B9039E2DB901237375012005B052
:100DA000BDE8F08FD6F8C0A029465046FDF775FF84
:100DB000074608B90020F2E7F2F756F98542F9D85C
:100DC00039465046FEF7A8F8727DA0F80190002A37
:100DD00018BF4FF0020880F8008083463846FEF7BF
:100DE000A3F80746DCB1B6F8E640C4B1FAF7FAFF5B
:100DF00040F271225443241841F1000179603C60B3
:100E000001992A460BF10300FDF740FC29465046A4
:100E1000FDF77EFF28B983212B20F0F7D3F9214677
:100E2000ECE7039B93F8A83033B103A8FEF760FC0E
:100E3000039B0022A3F8DA210023AEE7437837B5FD
:100E4000C3F301120446032A03D8DFE802F0050EBB
:100E50001D05002003B030BD057803F00F0000230E
:100E600000936288231D022107E0057803F00F003C
:100E7000002300936288231D012145EA0020FFF72B
:100E80007CFF60B10120E5E7F2F7DCFD03685B055C
:100E9000DFD56078257800F00F000123E0E7F3F755
:100EA00033FDEFE71A230B7001234B708B707047F3
:100EB000F3F7F0BB10B521B940F2A9211020F0F7EB
:100EC00081F94A600B72EFF3108472B6031D0B6058
:100ED00042681AB1127A012A08BF036003681960D8
:100EE000016004B962B6BDE81040F3F71DBC0222F0
:100EF000F3F7F8BC0322F3F7F5BC0422F3F7F2BCD6
:100F00000222F3F733BD8D230B7030F8AF3CA1F80C
:100F1000033030F8653CA1F8053030F8613CA1F8A9
:100F2000073030F8633CA1F8093030F85F3CA1F895
:100F30000B30704708B5CB1E012B04D8800100F59B
:100F4000747080B208BD012902D10E30C000F8E7EC
:100F5000022902D10F308000F3E74FF40C71062014
:100F6000F0F730F930B587B004460D46F2F782F855
:100F700080B334F8B84C69462046FEF7C2FC18B17D
:100F8000FB212C20F0F71EF9BDF80630ADF80E302D
:100F9000BDF80830ADF81030BDF80230ADF81230B1
:100FA00003A8BDF80430ADF80C40ADF81430FEF7DE
:100FB00086FC10B14FF48271E3E7ADF80C009DF8A8
:100FC0000C30002063F307009DF80D3063F30F2011
:100FD00007B030BD2B46992203F8032BD4F8092023
:100FE000C5F80320D4F80D205A60B4F811201A81F6
:100FF0000423ADF80C30E2E740687047033901295B
:101000008CBFC08A4FF42960704770B590F8786043
:101010008D880C89033E012E04D943B11678033E16
:10102000012E04D8B5F5296F38BF4FF4296590F823
:101030007960033E012E04D943B15378033B012B61
:1010400004D8B4F5296F38BF4FF42964CB884A8897
:10105000A0F86020A0F86430A0F86250A0F86640C4
:1010600070BD8383BDF8003001834283C383704722
:101070001B2200290CBF4FF4A4734FF429634FF0D7
:101080001B1182840284028502F1A472C0E9052149
:10109000C160C3844384C3838383438203827047D4
:1010A0000346F0B5B3F85810B3F8642093F87940CC
:1010B000B3F85C50B0F84E70B0F85200914228BFBF
:1010C0001146B3F86620A3F84E10033CAA42E4B2DE
:1010D00028BF2A46012CB3F8544087BFB3F85660A6
:1010E00015464FF429664FF429658C4238BF0C46EB
:1010F000B24238BF32468F42A3F85250A3F8544050
:10110000A3F8562026D1401B18BF0120B3F8602059
:10111000B3F85A10B3F84C50B3F85040914228BF7E
:10112000114693F87820033A012A15D9B3F85E20C6
:10113000B3F86260B24228BF32468D42A3F84C1029
:10114000A3F850200BD1944218BF40F0010000F0EA
:101150000100F0BD0120D9E74FF42962EDE701203D
:10116000F5E738B5CB1E012B044610D9C58B438C4F
:101170009D4228BF1D46207AFFF7DCFE6389AB4203
:1011800028BF2B46984238BF184680B238BD4FF46E
:101190002965F0E72DE9F84307460E4680899DF85A
:1011A0002080194614469946FFF7C4FE4946054675
:1011B0003846FFF7D6FF854228BF05464146B88A24
:1011C000A8F10308FFF7B6FEB8F1010F8CBFFA8A49
:1011D0004FF4296290420346ADB228BF1346A01DCA
:1011E00015FA83F330441844BDE8F88313B5828FB1
:1011F0000346403049B9598F93F87940009493F8E9
:101200007830FFF7C7FF02B010BD198FF4E770B553
:101210000C46154619464BB9068FFFF7E7FF2844E1
:101220003044A04294BF201A002070BD468FF4E7DE
:1012300038B50D4611460446FFF7D8FF28446064D0
:1012400038BD01F19C0383423DBF9C38401A4008E1
:101250000020704700F05503400800F0550003449B
:1012600003F033009B0803F03303034403F00F0043
:1012700000EB13107047036800229A7383F84A202A
:10128000A3F846207047026892F8A8302BB9A2F85C
:101290004E30012382F8503070470023A2F84E30C0
:1012A00092F8503001335BB2F4E708B5026892F867
:1012B000A83013B982F8503008BD92F85030013B85
:1012C0005BB2002B82F85030F6DA52214A20EFF759
:1012D00079FF08B5036883F89B1083F89A203522BC
:1012E000DA73FFF7D0FF002008BDA0F10A03042B3A
:1012F00009D9A0F14703012B05D9243807288CBF51
:10130000002001207047012070470268136810B563
:1013100013F0080408D143F00803136082F8981012
:10132000FFF7B1FF204610BD0120FCE7D0F8C82030
:1013300041F64B539A429CBF4AF6C873B3FBF2F393
:10134000B0F8D020B0F8DE0088BF0623134410FBAD
:1013500003F080B2704703681A7C073A012A81BF04
:101360004A785A7407221A74002070470268137C66
:10137000073B012B84BF08231374704770B50268C4
:10138000D57BE5B9CB88D688A2F8D032013B9B1B30
:101390009BB247F6FD76B34206D9282382F8313056
:1013A000F3F7E6FD284670BDD1F80130C2F8D2321D
:1013B0004B7982F8D63203680A22DA73F2E7012504
:1013C000F0E72DE9F74F0646894690460193FFF76F
:1013D000ADFFD6F8F471044657B90023C8F80030C1
:1013E000F38823449CB2019B1C8003B0BDE8F08FBE
:1013F000F4F774F80028F0D1D6E97632D6F8C8C0F0
:101400000CFB04FE1EEB030ED7E902130B44D7E9D5
:10141000001542F100025B1845F10005734575EBBC
:10142000020114D2BEEB03016FF0010B62EB050A5F
:101430008B4570EB0A0A03D23D215620EFF7C2FE1E
:101440003869471E3944B1FBF0F1E0FB0135B3EBDD
:101450000E0365EB02056FF001029A424FF00002A5
:10146000AA4101D24821E8E7B3FBF9F209FB1233A4
:10147000B3FBFCF291B20CFB1133C8F80030F388D7
:101480001C441444A4B2AEE70B46822203F8032B9B
:10149000D0F80920C1F80320D0F80D205A60427C12
:1014A0001A720023CB70704770B50368DD7B064667
:1014B0000C46002D5BD193F8291106222046FFF738
:1014C0001DFC014628B921783046BDE87040FFF781
:1014D0001CBF32686389D088A2F8D032013B1B1A46
:1014E0009BB247F6FD70834207D9282382F831303A
:1014F0003046F3F73DFD284670BDA3886FF4506079
:101500001818062895BFA3F5506340F2E2414FF446
:101510007A704B4398BF4343C2F8D83288BF2946FC
:101520006378C1B103EB830303EB83039B00A2F851
:10153000D2326388C1B164214B43C2F8D432E3880C
:10154000A2F8DC322389A2F8DE32002382F8E432EA
:101550000D23D373CFE7C3EB431003EB800303EBFF
:1015600083035B009BB2E2E740F2E241E4E701253E
:10157000C1E7F8B50D6804460F46D5F8440295F862
:101580002911FFF7EFF86FF45062821892B2B5F8A4
:101590003E322071062A4FEA102060718BBF40F264
:1015A000E2426422B3FBF2F3B3FBF2F36370B5F8EB
:1015B0004832A3714FEA1323E371B5F84A3223721C
:1015C0004FEA13236372386890F89F308CBF00266F
:1015D00001263BB9D5F8441205F50F7305F51072D5
:1015E000FFF7EFFEB5F83C32A3721B0AE372D5F8A1
:1015F000403246B16422B3FBF2F3A370C3F3072376
:10160000E3700C20F8BD40F2E242F4E70B4684227E
:1016100003F8022BD0F80920C1F80220D0F80D20E1
:101620005A6070470B46852203F8022BD0F8092038
:10163000C1F80220B0F80D209A80704738B50368D1
:10164000DC7B054634B1113C0F2C8CBF01240824EF
:10165000204638BD1A7D002AFAD0D3F8A4302BB921
:10166000FFF711FE2B681122DA73F1E7BDE838406D
:101670000C220A21FFF72DBE08B50368DA7B162A73
:1016800004D040F253211F20EFF79CFD012283F884
:1016900051201822DA7308BD0368DA7B122A03BFCF
:1016A00013220020DA730220704710B50368DB7B39
:1016B0001C2B044606D1FFF7F8FD23682022DA73BD
:1016C000002010BD0220FCE708B50368DA7B112A70
:1016D00004D040F27E211F20EFF774FD012283F831
:1016E00051201222DA7308BD08B50368DA7B182A84
:1016F00004D040F28A211F20EFF764FD1C22DA7328
:1017000008BD3E230B700C234B7004238B70D0F864
:101710000930C1F80330D0F80D30C1F80730B0F807
:101720001130A1F80B30C37C4B73704708B50368C8
:101730009A7B1AB1CF211C20EFF744FD04229A7343
:1017400008BD08B5036893F8A82032B9DA73A3F886
:101750004E20BDE80840FFF7A8BD1A68D10703D4A2
:10176000DD211C20EFF72EFD22F001021A60F0E7C8
:1017700087230B7030F8A63C4B807047036893F8C2
:10178000A8109A7B49B9052A01BF002283F83E20A0
:1017900083F84A209A73002070470F2AF4E738B57F
:1017A000046894F8A85045B9E37B4BB9FFF76BFD8B
:1017B00045B90223E373002038BD23685B07F5D5E4
:1017C0000120F9E7236843F004032360F3E703688B
:1017D00093F8A8201AB11A6822F004021A60FFF7E1
:1017E00064BD08B503689A7B1AB172214B20EFF7EC
:1017F000E9FC93F8A820002A14BF0F2205229A734F
:1018000008BD10B5D0E90D42A24206D30B8DC98E9A
:1018100005334B43121B934202D3012380F83E3021
:1018200010BD0C230B7008234B7000238B70B0F895
:101830005630A1F80330437A4B714389CB808389BA
:101840000B81704710B5046894F853309A070CD494
:10185000A37B1BB177214020EFF7B4FC0122A273D8
:1018600084F84A20A4F8463010BD94F8A8303BB95B
:10187000E37B0BB9FFF719FD002384F83E31F3E752
:1018800023689B07F8D5FFF710FD236823F00203B8
:101890002360F1E710B50B794C790A68012843EA17
:1018A000042108BF41F48031104610BD07B5FFF791
:1018B000F1FF0DF10702F3F7B7FD03B05DF804FB8C
:1018C00090F838300BB90020704790F83830012B71
:1018D000F9D090F83800073818BF0120704790F809
:1018E0003830012BDAB201D0FFF7EABF104670475B
:1018F00007B5002301A80193F9F75CFD019810F0EA
:10190000030018BF012003B05DF804FB10B5FFF71A
:10191000EFFF002814BF14240024FCF77BFF404293
:1019200000F01400204410BD73B50C46B1F805104A
:101930001A29054621D9B4F80730B3F5A47F1CD382
:10194000B4F801201A2A18D9B4F80340B4F5A47FDA
:1019500013D30068009400F1A806E830FFF781FB7C
:1019600030462C68FFF79CFB10B9012002B070BD17
:1019700004F25910F3F706F8F7E70020F6E708B588
:1019800003689A7B1AB12621A320EFF71BFC2122C2
:101990009A7308BD38B50568AB7B213B022B044622
:1019A0000BD8FFF7C1FF18B120680621F4F744FCFB
:1019B000002085F84A00A87338BD0120FCE70268C2
:1019C0001368D90610B5044603D4B821A320EFF755
:1019D000F9FB990601D5B921F8E723F0100313604C
:1019E000FFF763FC20680621BDE81040F4F724BC33
:1019F00038B50546F9F71AF800F55F4341334FF45F
:101A00007A72B3FBF2F4FFF781FF033D00F1BE03EE
:101A1000012D8CBF002028202344184438BD10B568
:101A2000044690F87900FFF7E3FF012201462046C3
:101A3000BDE81040FFF7FCBB13B500234373A0F8CB
:101A400088321A46009319460446F3F7C1FD20B1C7
:101A500040F2E7113020EFF7B5FB01236373C4F8C0
:101A60001002C4F80802A4F82602A4F8240284F89C
:101A70002902E388A4F88A02013BE38002B010BD8A
:101A8000F8B50D46D0F810110023D0E9506780F862
:101A90001431044681F8E52180F85031D0F8100166
:101AA000F2F716FDD4F81001C0E99C67C0E9A06701
:101AB000C0F88C52FFF7C0FFF8F79AFBBDE8F8407A
:101AC000FBF7A6BAD0F81001704738B5044690F875
:101AD00050319BB1FF2380F85831012100F01EFCEA
:101AE00094F8503153B104F1E8052846FAF732FA78
:101AF0002846FAF743FA002384F85031002038BD15
:101B000008B590F8582142B990F8142142B1D0E9B3
:101B10004631994202D9F6F773FA0022104608BD01
:101B20000122FBE710B50446FFF7F0FE226A236CA2
:101B30009A4228BF1A4600F5C1711046FFF781FB93
:101B4000B0F5296F28BF4FF4296080B210BD012A7B
:101B500070B506460D4614460BD0022A0ED08AB93F
:101B6000F8F726F8224601462846BDE87040FFF700
:101B700087BFF8F71DF8C6F88C0270BDD0F88C123C
:101B80000122F1E740F2C3713020EFF71BFB70B583
:101B9000044621B1012978D040F2D37172E000F0FF
:101BA00052FA94F8513105460E46DBB150EA010372
:101BB00018D0D4E94832D4E95001C01A61EB0201CF
:101BC00033462A46FCF78EFC05FB01F300FB063387
:101BD000A5FB00021344D4E94821121843EB01038A
:101BE000C4E94823E08C30B1F2F7F2FEE38CB0FB9D
:101BF000F3F202FB1300D4E94832ED1846EB02067B
:101C00002D184FF0000346F1000640F20242C4E9ED
:101C10004856C4E9505684F83031A4F8382184F885
:101C2000513194F8583103F0FF01DBB9D4E9520285
:101C30006FF000439A4208BFB0F1FF3F18D0204632
:101C4000D4E9505600F0BEF9D4E95232E5305B1BBE
:101C500062EB06021B1A62F10002002A08DA204633
:101C6000F6F7CEF9F8F7C4FABDE87040FBF7D0B943
:101C700004F5987104F1E800FBF7E4F90028F1D1CC
:101C80004FF4E0613020EFF79DFA002380F8143123
:101C9000E8E790F85001003818BF012070470B4664
:101CA000812203F8032BB0F80920A1F80320C27A9F
:101CB0009A7070470B468C2203F8032BD0F809204A
:101CC000C1F80320D0F80D205A6070478B88F7B513
:101CD00013F0180506460C461FD1086820B940F2DB
:101CE000EA312D20EFF76EFA00F0A9FB217C677C2A
:101CF000F4F7C6FBA388009301462B463A463046CC
:101D0000F4F7DEFBD4E90223BB30824273F1000317
:101D10002CBF0120002003B0F0BD0120FBE738B547
:101D20000B46882203F8032B0C4600F109022930E8
:101D300052F8041B43F8041B8242F9D112781A703E
:101D4000A5880123A37102212846EFF727FE58B189
:101D5000E3784BB102212846EFF736FE20B140F27E
:101D600033212D20EFF72EFA38BD10B50446F2F7D7
:101D70002FFE04F1690182B204F13600FEF7B0FDD6
:101D800084F8440010BD37B504460D46FFF7EDFF5B
:101D900061792B460122204603B0BDE83040F4F7BC
:101DA0000DBD70B504460D46173019461646FEF7B0
:101DB0007FFD84F8205184F82151FF2384F82231DB
:101DC000E91E01298CBF0021012104F1E800FFF781
:101DD0004FF9314604F1A800F2F736FB94F82A31A6
:101DE000002B14BF4D239623A4F8E230A4F8E03072
:101DF0000023A4F8E43070BD70B50D46044691F898
:101E00002911D5F8C8001646FEF7ACFCB5F8D0305D
:101E1000A4F8AE30B5F8D230A4F8AC00A4F8B030D5
:101E200095F82B3184F8B230237F04F1A00273B30C
:101E300094F86830012B2AD194F86E3003F0C00377
:101E4000402B24D1D4F86930C4F8A030B4F86D30F8
:101E50009380236A93F8AC2084F89920082E03F12C
:101E6000AD0004F1A601D3F8AD3004F19A0219D007
:101E7000C4F8A63083888B80304604F19901F2F7CC
:101E80000DFA40B940F6E2312D20EFF79BF900231F
:101E9000C4F8A030DCE794F8993043F0020384F8EA
:101EA000993070BDC4F89A30838893800023C4F8B9
:101EB000A6308B80F5E70B468B2210B503F8032B79
:101EC000D0F80920C1F80320427B1A71CB78A3B166
:101ED00030F8B43C1B0710D4B1F80540022120466D
:101EE000EFF75CFD48B102212046EFF76DFD20B110
:101EF00040F276212D20EFF765F910BD0121F4F7AE
:101F0000DDBFFFF7FBBFF5F7A7B8704708B590F83E
:101F100094300BB1012008BD90F8CC30002BF9D1E2
:101F200090F8BE3003F0FF00002BF4D0F1F746FD2F
:101F300080F00100C0B2EEE730B54FF4B07285B06A
:101F400004460D460021FCF761FBFF232370132399
:101F5000638042F21073E384EFF72CFE0022014607
:101F6000E0646846EFF76CFEE06C00220121FDF7AB
:101F7000DBF8E16C04226846EFF762FE0022E06CB9
:101F80001146FDF7D1F804F13000A57400F001FA14
:101F900002A8F2F7C7FA20B94FF449712D20EFF7E4
:101FA00011F902A904F13600FEF782FC05B030BD3C
:101FB000FF23C86C0B70FDF783B80078FF3818BF9B
:101FC00001207047F7B5044630300E4600F037FA6E
:101FD0006188CA06074605D52822F6F75DF86D30F8
:101FE00003B0F0BD8B07E06C0FD5FDF746F9217902
:101FF00005463846F4F744FA63880093014662794F
:1020000033462846F4F75CFAE9E7FDF726F9EEE7F0
:10201000034630B55A8812F0180F87B0084610D121
:10202000D3E9024503F1300100919B88ADF804200B
:102030006946CDE90245ADF81030FFF747FE07B01D
:1020400030BD0120FBE7D0E9020170470B68C0F802
:1020500015308B88A0F819300123C37670472DE91D
:10206000F04F07460C4605460FCF9DB010AE0FC689
:102070000FCF0FC697E80F000DF1200886E80F007C
:1020800040466E7900F085F9A37A277D0393237883
:10209000049363787A1E03F07F0A022AD14600F285
:1020A0008380D90603D4A67D731E022B7CD8637E61
:1020B00003F0FD03012B02D1032F08BF0427A37EE9
:1020C00003F0FD03012B02D1032E08BF0426617A21
:1020D000404600F065F9237D227F022B08BF617D19
:1020E00002F1010206BF0131C9B20121D2B240465C
:1020F00000F058F91AF0080F6CD1404600F09FF933
:102100006378DA06834654D4EFF782FD3946824677
:102110005846F4F7B5F9CDF8009001460123324650
:102120005046F4F7CDF92179E37843EA0123617948
:1021300040F2712243EA014300F524705343B0FB9F
:10214000F2F05043984239D84FF0000B94F818A0A1
:102150000793A37C05930AF1FF33D3F1000AE86CDF
:102160004AEB030AFDF779F80690E86CFDF785F86D
:102170000699079B814238BF014688B268B308A917
:102180000A910AA90C930693ADF82C90CDF834B0BF
:102190008DF838708DF83960FFF798FD069BE0B92F
:1021A00045201DB0BDE8F08F40F212310620EFF758
:1021B00009F828224946F5F76FFFB4E7E179A379DA
:1021C00043EA0123217A43EA01435343834228BF70
:1021D0000346B9E700239B46B8E7CDE9123B059BD0
:1021E0008DF85330049A039B8DF844708DF8456048
:1021F0008DF850A08DF854308DF84020ADF8429005
:1022000010AF0FCF2E460FC60FCF0FC697E80F00A7
:1022100086E80F0098E803002863A986E37A03F0B4
:10222000FD03003B18BF012385F86F30E3682B677F
:10223000238AA5F87430E27D95F8463062F30713DF
:1022400085F846300020ACE7438813F0100005D035
:1022500013F0040F14BF00201F2070479A0704D406
:10226000DB0701D4EFF7D4BCEE20704708B5FFF7C9
:10227000EBFF003818BF012008BD4FF40043A0F861
:10228000483043881D2B08BF00214174704790F9E6
:1022900012007047408800F0010070478078C0F35A
:1022A000400070478078C0F3C000704710B5448884
:1022B000C06CE30654BFC4F340040024FCF7C4FF21
:1022C00084F001042043C0B210BD8078C0F3001038
:1022D00070474079C31E012B05D8B1F81E31012B80
:1022E00014BF03200420704710B50446F2F770FBBA
:1022F000C0F30B00A042F9D010BD90F86830016225
:1023000081F8B330D0F86930C1F8B430B0F86D302E
:10231000A1F8B83070477047F4F7D4BB80F8881044
:102320007047FF2380F88B3070478278034612F0A5
:10233000010002D0D978C90710D5900702D5D97805
:1023400089070AD512F0040008D0D878C0F38000BD
:1023500080F001008000C0B2704702207047C0F3D7
:102360004002C0F38003134400F00100184470479A
:10237000022808B507D0042807D0012807D0392142
:102380002E20EEF71FFF262008BD2720FCE7252082
:10239000FAE70023C0F8023001234370037070474E
:1023A0008170704710B54270017080781446FFF755
:1023B000D6FF10FB01F010FB04F2FE2A03DD5C21C6
:1023C0002E20EEF7FFFE10BD0023C3704371037192
:1023D000704710B50446FFF7A8FF637962780133B0
:1023E000DBB29A4263710FD1E378A1780343DBB289
:1023F0009942E37008BF23794FF0000208BF013310
:10240000627104BFE2702371BDE81040FFF7B0BFF6
:1024100038B501468078FFF7A2FF0446C8784D78AA
:10242000FFF79DFF0A790B789B1A13FB05F34A7996
:1024300013FB04F39B1A00FB1530C0B238BD08B57E
:1024400001468078FFF78BFF4B780A7813FB02F385
:1024500013FB00F0C0B208BD08B5427903462AB1AB
:10246000FFF763FFBDE80840FFF782BFC078810730
:102470000BD410F00100F5D19B785A0707D413F064
:10248000020F14BF02200120ECE70220EAE704203B
:10249000E8E7032806D1920102F53472803201FB8D
:1024A00002F07047042803D1120102F5E772F5E744
:1024B00002280BBF0B320A329200D200EEE740F244
:1024C000EF20704740F25A335843704708B503680D
:1024D000DA7B182A04D040F27E513120EEF772FEEA
:1024E0001E22DA7308BD08B590F89E30FE2B04D08A
:1024F00040F66F113120EEF765FE002380F89E1044
:1025000080F89F3012B9A0F84E2008BDA0F84630E0
:10251000012380F84A30F8E708B50368DA7B352AEA
:1025200005D10022DA73BDE80840FEF7BEBE182AC6
:1025300002D11E22DA7308BD40F293513120EEF72A
:1025400041FE037D63B9C37BA3F11002032A07D9BF
:1025500090F8520028B1202B8CBF0020012070473A
:1025600001207047037D63B9837BA3F11002032A26
:1025700007D990F8520028B1202B8CBF00200120F1
:1025800070470120704710B503689A7B93F8A0103C
:10259000092A08D193F899208A4204D100229A731B
:1025A00083F84A2010BD1A6812F0080406D022F001
:1025B0000802BDE810401A60FEF777BEFF2904D17B
:1025C00037229A7383F8C442ECE74FF4AF613120AD
:1025D000EEF7F8FD38B513680E3814460D469A7BB1
:1025E00009283ED8DFE800F0053D3D3D0F3D183D90
:1025F0003D27042A05D12046FEF73DFE2046F2F78E
:102600003FFE002038BD0F2AFBD100222046114694
:10261000BDE83840FFF7B2B8212AF2D12046FEF7D4
:102620002AFE002DEDD0226892F8623023F02003BC
:1026300082F86230E5E7DA7B272AE2D10025DD73F4
:102640002046FEF732FE236893F83831012B03D180
:1026500029462046F1F7A2FA2368002283F83821A0
:10266000CFE740F262213120EEF7ACFD0246006870
:102670004978837B212B15D00CD8042B14D00F2B39
:1026800014D0C07B272815D0332B0CBF2620FE206A
:10269000F5F712BF2B2B03D02D2B09D0252BF0D112
:1026A0001620F5E71420F3E70E20F1E71220EFE7FC
:1026B0002320EDE71720EBE7024600680B4690F871
:1026C000621041F0040180F8621099785878F5F7AB
:1026D000F3BE38B50C460546D1E93001EFF70EFAE6
:1026E000637B3BB104F50C742046F9F733FC2046BC
:1026F000F9F744FC0D212846EFF766F90E2128462C
:10270000EFF762F910212846EFF75EF90F2128460E
:10271000EFF75AF911212846EFF756F9284612210A
:10272000BDE83840EFF750B90022C281827490F8BA
:102730004C3013B10221F3F77FBD0321FBE738B51D
:1027400004460846E37B162B09D0A3F11802534236
:10275000534194F8C02222B10C25284638BD0123EC
:10276000F7E7002BF8D094F8F03203F0FF05002BC8
:10277000F2D190B194F8FE3123B940F66C3131209A
:10278000EEF720FD052304F1800204F5F771FBF755
:102790005BFD012384F8C032DFE70223FAE7F2F79A
:1027A000D5B910B50446FFF7B1F8226A236C9A42F6
:1027B00028BF1A4600F59F711046FEF742FDB0F59E
:1027C000296F28BF4FF4296080B210BD70B50D4647
:1027D00004210646EFF7E2F8044648B906213046E0
:1027E000EFF7DCF820B115B190F8E53003B90446F5
:1027F000204670BD90F83C00A0F1FF0358425841BC
:10280000704708B5F7F71AFBBDE80840F6F7A2BD18
:102810001D2310B503700446F1F73EF960700220E5
:1028200010BD1E2310B503700446F1F735F9607032
:10283000022010BD01234380038000238380C380D6
:102840004FF44863038170470E21EFF7A7B873B5C3
:1028500001A90546FDF79AFF044618B1212154202D
:10286000EEF7B0FC2846019EFFF7EEFF30B10123E2
:10287000A6F8DE30848144810482C48102B070BD38
:102880003C2303804FF4FA4343800123C3808380B9
:102890000023038143814FF448638381704708B567
:1028A000F7F730F9F6F75EFEF6F796FDBDE808405B
:1028B000F8F76CB908B5FBF779FDBDE80840F8F703
:1028C00053BE801A00F3070038B540B20D4659B226
:1028D0001446F8F739FE002328706B70204440B28C
:1028E00038BD0023036070477047002070474FF0E9
:1028F000FF3070474FF0FF30704770474FF0FF30A8
:102900007047002070470020704700230370704715
:102910009DF800300022FFF7D4BF4FF0FF30704722
:10292000002070474FF0FF3070474FF0FF30704786
:102930007047C0B208B520B94FF0804301221A6039
:1029400008BD4D21B520FBF737FB0020F8F764BE2A
:102950004FF08043D3F8080400F0010070474FF0B7
:102960008043D3F8140400F0010070474FF0804317
:10297000D3F81C0400F0030070474FF08042D2F8F7
:102980001834D2F81824C3F3004302F00302824241
:1029900014BF002003F0010070470020F8F7B2BE1A
:1029A0000020F8F7DDBE0020F8F736BE08B500239A
:1029B0000B8581F82A300B6A0921984728B10378E2
:1029C0001BB1E9216A20FBF7F7FA08BD436A1944F5
:1029D0004162A1F15000F9F707BAF8B5044620B9F1
:1029E00040F2AD116A20FBF7E7FA90F8585005293C
:1029F00000F2CA80DFE801F003834668727C90F839
:102A00002A30033B012B02D94FF4DC71EAE705239E
:102A100080F82A30002380F859300378EBB123780E
:102A2000012B27D1FAF7A2FB94F828606368636250
:102A3000C4E906010EBBF9F7E3F931462046FFF77A
:102A4000C5FF236A31462846984701462046FBF7D2
:102A50006FF9022840F09B80F8BDF9F7C3F90646EC
:102A60000F46FAF783FB1F3647F1000786428F4176
:102A7000F3D3D4E7D4E90401D6E72046BDE8F84013
:102A8000FBF722B990F82A30DA1E012A02D940F267
:102A9000ED11A7E790F828202AB121462846BDE885
:102AA000F840FFF783BF042B18BF012180F82A10DC
:102AB000036A0521284698470028CDD00378002BCB
:102AC000CAD04FF400718DE790F82A30052B02D060
:102AD00040F2062186E7036A0221B4E790F82A3023
:102AE000052B02D04FF403717CE7036A0121AAE7AA
:102AF00090F82A30052BC0D040F2122172E790F8EE
:102B00002A30052B07D090F829200AB1032B02D0D8
:102B100040F2172166E794F82820002ABDD194F8E6
:102B2000593083B1022384F82A3084F85920236A6B
:102B300008212846984700288ED00378002B8BD098
:102B400040F223214EE794F8292062B184F829301D
:102B5000214604F13000FAF775FA00287FF47CAFC3
:102B60004FF40A713EE7022384F82A300721236AD2
:102B70002846984700283FF46FAF0378002B3FF4B6
:102B80006BAF40F22F212DE74FF40D712AE701289A
:102B9000236A0CBF0421032155E770B5FBF782F9C6
:102BA000002405462646E0B2854200D870BDFBF7FA
:102BB0007FF90134068580F82A60F4E7F8B5044609
:102BC0000D46FBF76FF900270646F8B2864204D897
:102BD000082D0CD96FF0150008E0FBF769F990F8A3
:102BE0002A300137002BF0D04FF0FF30F8BD2CB168
:102BF00029462046BDE8F840FBF766B92146204645
:102C0000F8E710B50446FBF753F9014688B190F890
:102C100028308BB990F82A3073B1013B012B04D8CE
:102C20002046FFF7C3FE002010BD012380F82830A6
:102C3000F9E76FF00100F7E76FF02200F4E770B5F5
:102C40000D46FBF735F9044600284CD090F82A6071
:102C5000731E012B4DD8002D48D02846FBF708F8ED
:102C6000002843D02B780BBB012323702B796A7982
:102C7000003B18BF0123002A14BF04220222227243
:102C8000AA686F3243F004036260EA6822616372EB
:102C9000032384F82A30214604F13000FAF7D2F9F0
:102CA00050BB40F2C1216A20FBF786F9022E20D1E9
:102CB000002323702B796A79003B18BF0123002A77
:102CC00018BF04262672EA6843F004036F32637269
:102CD0006260D4E90632A9685B1842EBE172C4E98C
:102CE00004320423D5E76FF0010070BD6FF01500CA
:102CF000FBE76FF02200F8E70020F6E7F8B503796C
:102D000004461BB11B219D20FBF756F94679017142
:102D100026B901234371217909B96171F8BD27688A
:102D200026712046B84702280546F4D103212046E3
:102D3000B84708B12F21E6E723682946204698477F
:102D40000028E8D03021DEE70346006800B970476C
:102D50008842F9D102681A60704703460020187053
:102D60007047EFF3108272B603780121DBB2017075
:102D700002B962B6012B0CBF6FF022000020704731
:102D8000EFF3108372B60022027003B962B600201E
:102D90007047FBF7E5BAFBF72DBBFBF72BBB002811
:102DA0000CBF6FF01500002070470020704707230C
:102DB000037000207047002070470020704710F813
:102DC000012B11F8013B012A28BF9A42F7D0D01AF3
:102DD0007047034611F8012B03F8012B002AF9D1A3
:102DE0007047034613F8012B002AFBD1181A01384B
:102DF0007047000000000000F7B50022114640F6C1
:102E0000034002F075FF0446002850D102F0AAFEEC
:102E1000214601AA41F2030002F06AFF044600289D
:102E200045D1019A234DD168D1F80100D1F80510A0
:102E300005F12C0303C3104602F05EFA214601AAF5
:102E400041F2010002F054FF044680BB0198C368C0
:102E50005A7885F824205A88EA841A7985F825203A
:102E6000B3F807202A85B3F805306B8502F044FAE1
:102E7000214601AA41F2020002F03AFF0446B0B92D
:102E8000019FFA6805F13406531C413218685968ED
:102E9000344603C4083393422646F7D1384602F03D
:102EA0002BFA95F83030580606D46FF012042046FD
:102EB00003B0F0BD3001002001AA002142F203005E
:102EC00002F016FF04460028F1D1019BC04EDA68DB
:102ED000D2F80100D2F8051003C6184602F00CFA29
:102EE000214601AA42F2020002F002FF0446002835
:102EF000DDD1019CE368B3F8012091B249B1D978E2
:102F000039B1A5F8B420DA78114606F1200016F0A0
:102F100045FE204602F0F0F901AA002142F23A00F3
:102F200002F0E6FE0446002840F03C810198C368A8
:102F3000B3F80130A5F8C83002F0DEF995F830603A
:102F400016F0200619D14FF0FF304FF0FF3102F09C
:102F500031FE0446002800F0568102210C3012F0A8
:102F60002EFA0123037046702146324640F66D402A
:102F700002F0BEFE0446002899D195F850301A0799
:102F800012D501AA002142F21C0002F0B1FE044653
:102F900000288CD10198C368D3F80120D3F80530FC
:102FA000C5E9262302F0A8F995F890309B0626D5AE
:102FB0000DF10201684612F099FD044600287FF4E5
:102FC00076AF4FF0FF304FF0FF3102F0F3FD0646D1
:102FD000002800F0188104210C3012F0F0F9BDF83F
:102FE00000300380BDF8023043802246314642F271
:102FF000240002F07DFE044600287FF458AF95F8C7
:1030000090305F0610D501AA002142F22A0002F09A
:103010006FFE044600287FF44AAF0198C3685B78CE
:1030200085F8CA3002F068F94FF0FF304FF0FF31F9
:1030300002F0C0FD0446002800F0E58008210C30B5
:1030400012F0BDF995F89010624B0246624811F0FB
:10305000020F08BF034695F891008E0648BF43F063
:10306000400310F0090F18BF43F4006301F00101A1
:1030700043EA0110002112F014FC2146002242F222
:10308000010002F035FE044600287FF410AF95F8E9
:103090003030B5F8B410980600F18B80C9B901AA98
:1030A00041F2050002F024FE044600287FF4FFAE42
:1030B000B5F8B430019C4BB9E368B3F80120A5F82A
:1030C000B4209A884548114616F068FD204602F063
:1030D00013F94FF0FF304FF0FF3102F06BFD044663
:1030E000002800F0908008210C3012F068F995F863
:1030F0009030D907024661D439484FF0005112F0A0
:10310000D0FB2146002240F6014002F0F1FD0446CA
:1031100000287FF4CCAE014601AA4FF6014002F030
:10312000E7FD044620BB019802F0E6F8214601AA1B
:103130004FF6024002F0DCFD0446C8B90198C368AE
:10314000B3F80130A5F8753002F0D6F895F875306F
:103150005A070DD501AA21464FF6034002F0C8FDDB
:1031600030B90198C3685B7885F8743002F0C4F810
:10317000EB79002B38D112F063FF044600287FF46E
:1031800096AE05F031F8044600287FF490AEEB7956
:10319000002B3FF48CAE0821124812F0BCFA02F06A
:1031A0004DFD84E6411D7FF482AE1F23A5F8C83093
:1031B000C4E600298DD16FF0040478E602A1D1E9BC
:1031C00000019CE7AFF3008090880002008000209F
:1031D000C00100202E1207000E120700E801002097
:1031E00010880002B80100202E78002EC3D195F877
:1031F00075309B061ED54FF0FF304FF0FF3102F0C7
:10320000D9FC044610B96FF0680450E606210C3072
:1032100012F0D5F8D5F801300360084B9B88838005
:10322000214632464FF6064002F062FD0446002871
:10323000A1D03CE66FF0850439E600BF31010020E3
:103240004A780248097811F055B800BF98BF0200CB
:10325000014811F04FB800BFB4BF020008B50548DF
:1032600011F048F84FF08043D3F80024C3F800244D
:1032700011F04DF816C0020010B50649002003F009
:1032800097FA044618B10146034811F033F8204676
:1032900010BD00BFB83A002024C0020010B5094B91
:1032A0001B686BB9084811F025F8084811F022F89E
:1032B000BDE8104006484FF4004200230CF040B82F
:1032C00010BD00BF382A00204BC0020064C00200BD
:1032D0000001002008B510B1012810D008BD4FF43E
:1032E000A02200230A480CF02BF80A4800220023F1
:1032F0000CF026F80848BDE8084010F0FBBF054870
:1033000016F02DFD024816F02AFD0448F3E700BF31
:10331000A0000020D00000207BC0020091C002006D
:1033200010B50A4C236883B1094816F018FD094806
:1033300010F0E0FF1321206813F096F8014620B149
:10334000BDE81040044810F0D5BF10BD382A002059
:10335000D0000020A8C00200D6C002000840C2076A
:1033600008B510D50F4816F0FAFC00F0ADFA01468A
:1033700020B10D48BDE8084010F0BCBF0B48BDE8C7
:10338000084010F0B7BF83070AD5064816F0E7FCDF
:1033900000F0C8FA014608B10548EBE70548EEE73A
:1033A00008BD00BF0001002004C1020036C10200B8
:1033B00057C102008DC10200064BBFF35B8F53E87B
:1033C000001F013143E80012002AF8D1BFF35B8FE0
:1033D000704700BF4802002070B5144D0446BFF38B
:1033E0005B8F2B68BFF35B8F53B9114810F082FFDE
:1033F00020464FF48042BDE8704000230BF0D4BF5C
:10340000002000F0FDF9014618B10A4810F072FFE3
:10341000EEE7BFF35B8F55E8003F013B45E8003224
:10342000002AF8D1BFF35B8FE2E700BF480200201B
:10343000B2C10200E4C102000F4A104810B510F0FA
:1034400059FFBFF35B8F0E4B032253E8001F43E885
:1034500000200028F9D1BFF35B8F0A4816F07FFCEB
:10346000094B0A4800221A60BDE810404FF40042A0
:1034700000230BF065BF00BFC0CA020016C20200E5
:1034800048020020D0000020382A0020000100203F
:1034900070B503788AB004460E4607AD032B20D8DA
:1034A000DFE803F002191B1D11492846FFF791FCC4
:1034B000059563780493A3780393E37802932379C3
:1034C000019363790093A3790A4A1E21304610F0D4
:1034D0009FFA0AB070BD0849E7E70849E5E70849DF
:1034E000E3E7084A0A21284610F092FAE0E700BF15
:1034F00036C202005FC202003DC2020044C20200A6
:103500004EC2020058C2020030B58BB00C461546C0
:1035100013F051F802A9FFF7BBFF35B9074822465F
:1035200002A910F0E7FE0BB030BD054B0093054833
:103530002B46224602A910F0DDFEF4E782C202000B
:10354000C0CA0200A1C2020000B589B031B10A4A66
:103550000A4809B05DF804EB10F0CCBE084A1060D0
:1035600013F029F86946FFF793FF0648694610F003
:10357000C1FE09B05DF804FBC0CA0200C9C2020066
:10358000382A0020EBC2020000B589B013F013F80E
:103590006946FFF77DFF0348694610F0ABFE09B0AE
:1035A0005DF804FBF9C2020010B588B00C4613F0B8
:1035B00002F86946FFF76CFF054B0648224669464C
:1035C00010F098FE04480BF04BFE08B010BD00BF91
:1035D000C0CA020010C302004C02002010B588B01F
:1035E0000C4612F0E8FF6946FFF752FF2246694693
:1035F000034810F07FFE03480BF032FE08B010BD08
:1036000037C302004C02002030B50B78012B93B079
:1036100004460D4627D1194810F06CFE6B782BB18B
:10362000174813B0BDE8304010F064BE08A920462A
:1036300004F08EFC014618B1124810F05BFE12E057
:103640000B9D11490722284617F09BFB024660B1EB
:1036500069462846FFF71CFF0C48694610F04AFEF1
:10366000204612F0DEFF13B030BD0949204603F0BA
:10367000C5F801460028F6D00648DEE75AC3020026
:1036800073C302008CC30200B83A0020AEC302002C
:10369000BF3A0020D1C3020007B500233048CDE96E
:1036A000003310F027FE2F4809F02CFA014630B104
:1036B0002D4810F01FFE002003B05DF804FB01A9A7
:1036C000684609F00BFA4FF08043D3F80014C803A2
:1036D00003D5264810F00EFE0BE04A0701D524481A
:1036E000F8E7CB0701D52348F4E751B1224810F0A1
:1036F00001FE0021214800F0ABF8014618B1204836
:10370000D7E72048E6E702F069FB014608B11E480A
:10371000CFE711F060FC014608B11C48C9E71C481E
:1037200004F04AFD014608B11A48C2E71A4804F0FD
:1037300027FD014608B11948BBE7194800F0A2F877
:10374000014608B11748B4E7FFF796FD014608B1F6
:103750001548AEE7DDE90001FFF700FEFFF77EFD4B
:10376000FBC302005D33010026C402004DC4020009
:1037700077C4020098C40200AEC40200FCB6020086
:10378000E9C40200D9C402001BC502003BC5020007
:10379000380200205DC5020004B7020097C5020090
:1037A000F8B60200CCC50200F7C50200054B1B6845
:1037B0005B6808462BB1044A0138116818BF012024
:1037C00018477047402A00203C2A0020034B1B6802
:1037D0001B6813B1024A116818477047402A00203D
:1037E0003C2A00201FB514240294044C0194BDF817
:1037F0001840009413F0F2FF04B010BDDF3A00202F
:1038000010B586B0002104461822684617F0AAFABF
:103810000C4B029314230C49ADF80C300B4B019167
:1038200004932CB96946204606F056FC06B010BD3C
:103830000122204614F0D7F80028F3D16FF01500CC
:10384000F4E700BFDF3A002044B70200CD370100A3
:10385000054A0346106818B91360044B1960704795
:103860006FF07700704700BF402A00203C2A0020FC
:10387000034B1B6813B11B6803B11847704700BFA7
:10388000442A002010B578B103686BB1094C237845
:103890006BB9094B094A186009490A4803F00EFB45
:1038A00008B90123237010BD6FF01500FBE76FF01E
:1038B0007700F8E7F33A0020442A0020482A002045
:1038C0006CB702008CB702001FB5124B1B78EBB12E
:1038D000114C40F6B833ADF80C30206800238DF859
:1038E0000E3012F07CFC0D49206812F056FC58B9DD
:1038F000009003460A492068022212F09BFC18B986
:10390000206803A903F00CFB04B010BD6FF0150094
:10391000FAE700BFF33A0020482A00208CB70200E3
:10392000B0B702001FB5124B1B78EBB1114C41F23E
:103930007073ADF80C30206800238DF80E3012F053
:103940004EFC0D49206812F028FC58B9009003463F
:103950000A492068022212F06DFC18B9206803A9F8
:1039600003F0DEFA04B010BD6FF01500FAE700BFF7
:10397000F33A0020482A002078B70200A0B70200DE
:10398000014B1B68184700BF7C02002030B504467D
:1039900085B00D4610220021684617F0E3F9022396
:1039A0008DF802302A46044B01932146684610F0F8
:1039B000BFF805B030BD00BF8139010080B50546B4
:1039C0000E46174698460CF063F8034601F042FA9B
:1039D000DFF81890044649F8003042463046394630
:1039E000A84754F8090001F0CFF900BF0800000013
:1039F0002DE9F047058B0446280717460CD5012909
:103A00000CBF45F0100545F02005258387F311888C
:103A1000BFF36F8FBDE8F087022905F0070540F07E
:103A20009480204610F0F1FC052864D801A353F8D7
:103A300020F000BF0D3A01004B3B0100F73A0100B6
:103A4000B93A0100D33A0100E53A010001F0070359
:103A50005A1F012A1FD8002221F00701062BD4F893
:103A6000008089B2C4E9002209D1434603E0628B99
:103A7000013262831B68002BF9D141F002012183DE
:103A8000204610F0C2FC4FF0000900286DD041F034
:103A90002001218369E0042B0AD121F0070189B2BA
:103AA0002183204610F0B1FC10B141F020012183A8
:103AB0004FF00008C14658E02369D3F80090238BEB
:103AC00023F0070343F0060323834FF00008464624
:103AD0004BE02369D3F80490238B23F0070343F0D2
:103AE0000403F1E72369D3F80890238B23F007033D
:103AF00043F00503E8E74FF00008C146E7E701227D
:103B000043F00803238387F31188BFF36F8F002AE4
:103B10003BD1B8F1000F4AD1B9F1000F02D02D49C5
:103B20002046C847EFF31187402383F31288BFF381
:103B30006F8F238B23F008039BB22383D9063FD5D5
:103B400023F01002228303F007056669218B002E03
:103B5000BFF67CAF0023D4F8008021F00701C4E950
:103B6000003341F0010121839946238B03F0070ABA
:103B7000AA4502D0A268002AC1D1B8F1000F02D133
:103B8000B9F1000FDAD00022BAE7A1680029C0D04D
:103B90000D680029BDD04F68334652462046B847CD
:103BA0001DB12B6829461D46F3E72B46FAE741462F
:103BB000334652462046D8F8008010F052FCA8E761
:103BC0009A067FF523AF23F02002228303F0070536
:103BD00027E700BF8F44020037B504460821C06ABA
:103BE000124D10F04DFE00234FF6FF72ADF8043079
:103BF0006368ADF800208DF80620E26819182B40A4
:103C00001344181A60606846ADF8021010F090FD79
:103C10006946204610F053FE211D204610F062FD3B
:103C200063682B40A36003B030BD00BF0000FFFFFE
:103C30002DE9F7430F4681460821C06A144D10F064
:103C40001FFE3C68241A80463C6004EA0506B44224
:103C50001CD3A0B210B903B0BDE8F08308236A46B4
:103C60002146484610F005FD0028F4D16946A0B26F
:103C700010F0F2FD38B1BDF80230BDF804203C6010
:103C80002E4013441E44A4EB0804E0E70020E2E7C2
:103C90000000FFFF2DE9F047044688B000F114074B
:103CA000384615F0D2FEA06A8368DB689847E06268
:103CB00028B96FF01505284608B0BDE8F087A06A5E
:103CC0008368DB6898470368013B1F2BF1D8E368E2
:103CD000B3F5803FEDD8A06A216805AA14F07FFEF5
:103CE0000028E6D1E568002DE3D0069BB5FBF3F292
:103CF00003FB1255002DDCD1238A012BD9D9E36AAD
:103D0000009593F805804FF0FF334FF0FF323846AF
:103D10000AF0AEFFE06A082110F0B2FDA94606469F
:103D2000238A1FFA85FA534544D8238A4B4500F06D
:103D3000FF809A450BD1009908234246891B2046F3
:103D400010F0A5FC18B96946204610F0CBFC694676
:103D50002046FFF76DFF0546002840F0EB800099F4
:103D600061604FEA11494FEA0949C4F80890A36815
:103D70008B420DD8082301AA204610F07AFCB8B96E
:103D800001AB13F8012B904532D101300828F8D14E
:103D9000636869466FF30F032046009310F0A2FC9E
:103DA000E36800994246204610F071FC00283CDA96
:103DB0000546BFE0E1682B04891B13FA81F14246F6
:103DC00008232046009110F062FC78B16946204635
:103DD00010F088FC09F101090099082342462046A9
:103DE0001FFA89F910F053FC00289ED0013597E79F
:103DF000A08801A910F030FD626810B9911B6160C4
:103E0000B5E7BDF808A0BDF80610E06AC4F8089050
:103E1000514410F035FD48448242A060EED1BAF121
:103E2000000FEBD06FF01C0584E05DD063684FF6A7
:103E3000FF7906EB0308E368CDF800801FFA88F2EB
:103E40009B1B9A421CD34FF000086168B8F1000F29
:103E500030D06FF30F0100912046694610F042FC0C
:103E60000099204610F04BFC0028A1D1E368A288FD
:103E7000A3EB46039A425DD1204610F03DFD97E743
:103E8000082303AA4146204610F0F3FB00288FD1F7
:103E900003A91FFA88F010F0DFFC30B1BDF80C3038
:103EA0004B4502D1BDF810300BB1B044C3E74FF021
:103EB0000108CAE7204610F022FC00287FF478AF02
:103EC0006368214AE16813400B44A3EB4603636037
:103ED0001340A3604146204610F092FDC4E7E26A19
:103EE000A36812681344A360D4E901318B4208D956
:103EF0005B1A4246204610F0CAFB0028FFF658AF76
:103F0000EDD16168E36801EB46029A42AED10E4BF7
:103F1000A06801EA03029042A8D0204610F0EFFB0F
:103F200000287FF445AF6268074B1A40A2609DE706
:103F30006FF02C0538460AF00DFF002D7FF4BBAE64
:103F40000123A374B7E600BF0000FFFF014B03602D
:103F500000207047C0B7020070B5104B1C680D46BA
:103F6000B4B10F4B196800238B4202DB6FF00100E4
:103F700070BD224612F8106B864202D001331446FF
:103F8000F2E7E06815F0ADFC28B12C600020EFE707
:103F90006FF00C00ECE76FF01200E9E78002002000
:103FA000C0B7020010B588B0436802938368C06848
:103FB000CDE903320A680023CDE906230C4601AAA5
:103FC0000449059314F00FFD079808B9059B236079
:103FD00008B010BDF94E020010B5DFF824C086B05D
:103FE0004FF42814CDE904C40824029404AC0194CD
:103FF000BDF82040009413F0F1FB06B010BD00BFE7
:10400000180028002DE9F0410C4B1C6805460E46AF
:1040100017467CB100F018F963682046D3F8108089
:1040200032463B462946C047044600F017F9204671
:10403000BDE8F0816FF00104F9E700BF4C2A0020D1
:1040400000230360044B5A6812B9C3E900007047AB
:1040500010605860704700BF502A0020014B186064
:10406000704700BF4C2A002030B585B00023CDE951
:1040700002330546019000F0E7F8094B1C6844B98B
:10408000284600F083F8044600F0E8F8204605B022
:1040900030BD636820461B6801A998472468EEE795
:1040A000502A00201FB5CDE90101039200F0CCF8A1
:1040B000074B1C6824B900F0D1F8204604B010BDAD
:1040C000636820461B6801A998472468F2E700BF8F
:1040D000502A0020024B0022C3E90022704700BF93
:1040E000502A0020024B0022C3E90022FFF7F2BF52
:1040F000582A00202DE9F74307460C4609B1002352
:104100000B601F4DDFF87C9000264D450FD31E4BF2
:104110001D6885B355F8188C01AA41463846183DEC
:1041200010F060FF10B3D6B914BB2E461EE0D5F8D0
:10413000008001AA4146384610F054FF50B116B92C
:1041400054B92E4606E031680022404610F04AFF7E
:104150000028F5D11835D8E7019B2360F1E73168D5
:104160000022404610F03EFF0028DDD1AD69D0E7C7
:10417000019B2360D9E7304603B0BDE8F08300BF60
:10418000F4B2020084B30200582A00202DE9F0475F
:10419000DFF8A890DFF8A8A080464FF0004700267F
:1041A000284C3D464C450DD3DAF80040002C40D059
:1041B000183CB8F1000F24D1226952BBA469F5E77D
:1041C0002F46EDE7B8F1000F03D122694AB9183440
:1041D000E8E720680022414610F004FF0028F4D1EF
:1041E000F5E76368BB4206DDAF4202D0AB42A8BF31
:1041F0002B461D46EBE7EAD19047002E08BF064646
:10420000E5E720680022414610F0ECFE0028D3D1FB
:10421000D4E76368BB4206DDAF4202D0AB42A8BF21
:104220002B461D46CAE7C9D19047002E08BF064657
:10423000C4E7AF42C4D13046BDE8F08784B3020082
:10424000582A0020F4B2020003484FF0FF324FF02A
:10425000FF330AF00DBD00BFC806002001480AF078
:1042600079BD00BFC806002038B5094DFFF7ECFF47
:104270002B785BB9FFF736FF00F068F8044608B901
:1042800001232B70FFF7EAFF204638BD0024F9E731
:10429000F43A00202DE9F043048F013499B006462A
:1042A0000F46A4B200F10808651EADB2B5F5004F87
:1042B00047D04A2305AA2946404610F015FE04F5CA
:1042C0007F543F34A4B28146214601230DF10B02F5
:1042D000404610F009FEB9F1000F014610DC00283D
:1042E00010DC338FAB4209D132466B1E22F8383FC7
:1042F0004FF400410223404610F0C1FC2C46D3E7A6
:10430000002808DC2946404610F095FD214640462D
:1043100010F091FDE5E709F160030DEB03090023BF
:1043200009F84C3C084A009703AB05A8CDF80C806F
:10433000ADF8104010F08CFE0028DFD019B0BDE8B9
:10434000F0830020FAE700BFBF5002007FB50123D1
:10435000694603200193FFF7FFFD044660BB02AAF4
:1043600001A9032010F0EAFD044610B110F10C0F72
:1043700022D10399B1F5803F23D2009A002394689B
:104380001846084484421AD30133082BF9D10E4D44
:1043900069612B835368AB602846D368EB6310F0E8
:1043A00024FF044640B9094E6E602846FFF748FED8
:1043B00028466E60FFF752FE204604B070BD9BB2E7
:1043C000E5E76FF02004F7E7602A002090B80200CC
:1043D00008B504480FF08EFF03480FF08BFF002054
:1043E00008BD00BF38C602006DC6020001480DF0CE
:1043F000E7BC00BFACB8020038B5044618B90F4B93
:104400000F485B6898476168B1F5683F10D0B1F517
:10441000680F0DD00B4DA9420AD011F468612068D5
:1044200007D00146084815F0C5FA002323606560EF
:1044300038BD142216F096FCF9E700BF04050020F1
:104440009AC602002C5F5CA9A02F002008B520B3FB
:104450004368B3F5683F10D101220368BFF35B8F57
:1044600053E8001F002903D143E800200028F7D1BA
:10447000BFF35B8F0DD1002008BD094A93420AD0DB
:1044800000684FF0FF324FF0FF330AF0F1FB0028D5
:10449000F1D00448F0E70448EEE76FF4E040EBE7C2
:1044A0002C5F5CA9E98FFFFFEA8FFFFF08B5D8B149
:1044B0004368B3F5683F10D100220368BFF35B8FF8
:1044C00053E8001F012903D143E800200028F7D159
:1044D000BFF35B8F0BD1002008BD074A934208D081
:1044E00000680AF037FCF6E76FF4E040F4E70348B1
:1044F000F2E70348F0E700BF2C5F5CA9E98FFFFFFC
:10450000EA8FFFFF10B5044618B91D4B1D485B68C4
:1045100098476368B3F5683F2FD0B3F5680F2CD088
:10452000194A934219D1236803BB18484FF0FF3250
:104530004FF0FF3321460AF06DFB08B923681BB921
:104540000F4B13485B68984720681422002116F02F
:1045500009FC4FF46863636008E0B3F5680F0DD899
:104560003A2B03D040F6BA629342DED1206815F0B0
:104570006CFA636843F03A03636010BD054AF3E7E1
:10458000040500209AC602002C5F5CA9A02F002021
:10459000C0C602003A00003A08B506490648402362
:1045A000142215F0FAF9BDE80840044904480DF05A
:1045B00097BE00BFA02A0020A02F0020B4B80200A0
:1045C000C8B8020008B50348034A0021121A10F0C7
:1045D00042FE08BD10080020343E00200748084A6B
:1045E000084908B5121A10F038FE0748074A08496A
:1045F000BDE80840121A10F030BE00BF00000020D5
:104600000C08002064CE0200000000200000002002
:1046100064CE020038B505460C4699B1D1E90123B4
:104620000F4809680FF066FED4E90423E1680D48DD
:104630000FF060FEE1690C480FF05CFEA1690B48C9
:104640000FF058FE012D05D1EFF305810848103910
:104650000FF050FE21462846BDE838400AF082B9E6
:10466000EDC602001DC702004DC702005DC7020073
:104670008CC7020030BFFFF7FDBF00BF2DE9F0413E
:104680000B4EDFF8308006EB0807CC1B05463246A0
:104690000949204616F03FFBA01942460021083C7C
:1046A00016F060FBC5F8A44007F10800BDE8F081F2
:1046B000000000000800000084B302002DE9F84368
:1046C000324D80463248894617460FF013FEAB6ADA
:1046D000DE0622D52F480FF00DFE1124AB6A1D0710
:1046E00003D52D480FF006FE1224284DAB6A98071B
:1046F00015D52A480FF0FEFD6E6BAB6A190642D540
:10470000274831460FF0F6FDB9F1000F03D0AB6A30
:1047100023F08003AB62132403E01024DEE76FF084
:1047200015061A4DAB6ADA0703D51E480FF0E2FDF5
:104730001424AB6A9B0603D51B480FF0DBFD152440
:10474000124B9A6AD50602D49A6A90070AD55B681A
:10475000190507D54146304600F0C8FA10B180F37C
:1047600009880224094B9A6A920642BF5A6A22F4C7
:1047700000525A629A6A42F0FF029A6200233B702A
:104780002046BDE8F8836FF01506C4E700ED00E0B1
:10479000A0C70200B7C70200EBC70200FFC70200B4
:1047A00018C802002FC802004FC8020010B51D4CE7
:1047B0001D480FF09FFDA36A990130D51B480FF0EB
:1047C00099FD1E20A36ADA0103D519480FF092FD66
:1047D0001F20144CA36A1B0303D516480FF08AFD53
:1047E0002120A36A590303D513480FF083FD22202B
:1047F0000C4CA36A9A0303D510480FF07BFD2320CD
:10480000A36ADB0303D50E480FF074FD2420054A8C
:10481000936A6FEA03436FEA1343936210BD1D204E
:10482000D0E700BF00ED00E07FC8020098C802009A
:10483000ACC80200C7C80200E6C802000CC90200EA
:1048400027C9020070B5244C064624480D460FF0D7
:1048500051FDA36AD90435D521480FF04BFD17202F
:10486000A36A1A0503D51F480FF044FD18201A4CFF
:10487000A36A9B050FD51C480FF03CFDA16BA36AF2
:10488000180407D519480FF035FD1EB1A36A23F4AB
:104890000043A3621920104CA36A590503D514489C
:1048A0000FF028FD1A20A36ADA050DD511480FF084
:1048B00021FD1B20084A936A43F47F43936200233F
:1048C0002B7070BD1620CBE7A36A9B04F2D50A4873
:1048D0000FF010FD1C20EDE700ED00E053C90200D1
:1048E0006AC90200EBC702007CC9020096C9020037
:1048F000ACC90200C8C902004FC802002DE9F0414E
:104900005D4B5F688AB00446C7F30806002585F34F
:104910001188BFF36F8F02F07F43B3F17F4F06D151
:1049200002F00C03082B13D154480FF0E3FC0025D0
:104930002C464FF00008F31E8DF80780092B00F27B
:104940008C80DFE803F00A80847C8A8A8A8A8A88DD
:1049500010074CBF0C460125EBE74948464E0FF0C7
:10496000C9FC8DF80780F36A9A0704D545480FF013
:10497000C1FC00232AE0F36A002B01DA4248F6E783
:10498000F36A5B00F5D541480FF0B4FC7369A26986
:1049900043F480737361BFF34F8FBFF36F8F32F8AF
:1049A000023C726922F480727261BFF34F8FBFF3D1
:1049B0006F8F03F47F42B2F55F4F27D1DBB2022B3A
:1049C00024D1216832480FF095FC23689DF8072018
:1049D000CAB902AE04F1200720686168324603C2FA
:1049E0000834BC421646F7D1099A002D41D0C2F3D3
:1049F000080121B96FEA52226FEA4222099202A904
:104A00001846FFF707FE0AB0BDE8F0811A4B9A6A14
:104A1000D2B232B10DF1070201212046FFF74EFE5E
:104A20000FE09A6A12F47F4F05D00DF107010120C3
:104A3000FFF708FF05E09B6AB3F5803F99D3FFF7C6
:104A4000B5FE0346C2E70DF107020021E5E70DF1CF
:104A500007010020ECE70F4889E70F4B0F4910488A
:104A600017F4F87FA6F1100208BF19460FF042FCB8
:104A70007FE76FF30802C1E700ED00E00FCA020014
:104A80003BCA020053CA020075CA020084CA02006F
:104A9000A4CA0200C1CA0200E1C90200F6C90200AC
:104AA000E6CA0200044B5A6942F010025A615A6980
:104AB00022F008025A61704700ED00E0EFF3088031
:104AC000EFF3098101B57246FFF718FF01BD00BF82
:104AD000002080F31488BFF36F8F114880F308889B
:104AE00000201049087008F093FF00200E4908606C
:104AF000BFF34F8F00F02EF8402080F311880B4851
:104B00004FF40461401880F30988EFF31480022108
:104B1000084380F31488BFF36F8F00F0B7F80000EC
:104B200000680020313E002094ED00E04056002057
:104B30000749D1F890200023C2F307221846934278
:104B400000DB7047C1F89830C1F8A0000133F6E7E8
:104B500000ED00E008B572B6002383F31388FFF779
:104B6000E7FF144B4FF0FF32C3F88020C3F88420D6
:104B7000C3F88820C3F88C20C3F89020C3F8942091
:104B8000C3F89820C3F89C20C3F88021C3F884217F
:104B9000C3F88821C3F88C21C3F89021C3F894216D
:104BA000C3F89821C3F89C2162B6BFF34F8FBFF3BF
:104BB0006F8F08BD00E100E01EF0040F0CBFEFF3A3
:104BC0000880EFF30980816911F8021C0229FFD0E7
:104BD00001B5724610F043FB01BD00BF40B2002892
:104BE00007DB044A4109012300F01F00834042F81B
:104BF0002130704700E100E040B200280CDB43099F
:104C0000064900F01F0020330122824041F8232092
:104C1000BFF34F8FBFF36F8F704700BF00E100E01D
:104C2000054B420900F01F0053F82220012303FA2C
:104C300000F01040704700BF00E100E040B2D30731
:104C400054BF023100210028ACBF00F16040074A88
:104C50004FEA4113ACBF00F5614000F00F00DBB23A
:104C6000B4BF135480F80033704700BF14ED00E068
:104C7000044B054A23F07F039360BFF34F8FBFF3CC
:104C80006F8F70470000000000ED00E008B5FFF7EF
:104C9000EFFF074AD2F8883023F47003C2F8883057
:104CA000FFF790FCFFF79AFC00F0B6F809F026FF3A
:104CB00000ED00E042F8203C009B42F81C3C0A4911
:104CC000019B42F8183C029B42F8143C21F0010180
:104CD0004FF0807342F8043C42F8081C0023203A4D
:104CE0000265C0F8A8307047BD3901000A4A034682
:104CF000906878B113F1160FD0F8940005D0A0F1A8
:104D00004002934205D3834203D2814228BF002050
:104D100070470020704700BF1434002008B51546C6
:104D20000C4A0D4B9060D0F8A4201A600E4600F09B
:104D3000A3F82C4686F309880020044B98472046A8
:104D4000002100220023024C204700008352020071
:104D5000BD39010014340020BC2F0020014B10226B
:104D60001A61704700ED00E0054B5A699B689A4252
:104D70001FBF044A536843F080535360704700BF1D
:104D80001434002000ED00E0084B9B6883420BD1F7
:104D9000EFF3058343B1064B5A6842F080525A60E4
:104DA0005A6A22F400425A620AF078BE1434002093
:104DB00000ED00E015498A684FF030001044EFF331
:104DC000098C80E8F01F402080F31288BFF36F8FBA
:104DD0000F4F4FF000664A698A603E60D2F8A40027
:104DE0000C4C2060D2F8A8000023C2F8A83080F351
:104DF000118804B5104600F03FF8BDE8044002F108
:104E0000300090E8F01F8CF30988704714340020BC
:104E100004ED00E0BC2F0020044800234021C2180C
:104E20000133302B82F80013F9D1704700E100E024
:104E300008B5EFF30583064A103B02EBC30152F8B5
:104E4000330049688847BDE80840FFF78DBF00BFC1
:104E500040B002000148006870470000BC2F0020ED
:104E6000024B034A0348012100F078B800000420F7
:104E700000000020D8B80200D0F89430054A403B2A
:104E80001360054B4021C2E901131046012100F0D7
:104E90006FB800BFC02F002000000B15084AC2F8F1
:104EA00098000B6823F01F03034343F01003C2F87C
:104EB0009C308B6843F00103C2F8A030704700BFFC
:104EC00000ED00E02DE9F043DFF8608085B00E468C
:104ED0001F4604464FF00009B14523DA6068D8B197
:104EE0003FB1411E08421BD11F2819D9236819421E
:104EF00016D12368019310F0E7F9A36803430393E5
:104F0000D8F89050C5F30725D0B2013DA84207D884
:104F100001A9FFF7C3FF421C09F101090C34DBE7CB
:104F20006FF01502104605B0BDE8F08300ED00E01B
:104F3000044B0522C3F89420BFF34F8FBFF36F8F4C
:104F4000704700BF00ED00E0BFF35F8F024B00220F
:104F5000C3F89420704700BF00ED00E010B5034C8B
:104F600001232278FFF7AEFF207010BDF53A002034
:104F700008B50B4A00231278FFF7A4FF10F1160FB3
:104F800007D0084A0021D2F89030C3F30723984293
:104F900000DB08BDC2F89800C2F8A0100130F2E7AB
:104FA000F53A002000ED00E02DE9F0435A4B5B4D4F
:104FB000D3F890302C68C3F307239C4285B000F2ED
:104FC000A780FFF7C1FF00200C2684421AD1544E5F
:104FD000DFF8449134706846FEF7B8FF514C524DEB
:104FE00080460027B84514D133784B490020D1F8CA
:104FF0009020C2F307229342C0F28480FFF798FF0B
:10500000002045E0696806FB0011FFF747FF01300B
:10501000DBE7009800EB07114FEA071CCB68234041
:10502000B3F5000F4DD00AD8B3F5001F33D0B3F558
:10503000800F3BD0B3F5801F13D00137D2E7B3F117
:10504000007F47D0B3F1805F4DD0B3F1807FF4D1C2
:1050500050F80C3088684A6810F036F940F08870D3
:1050600009E050F80C3088684A6810F02DF940F0DB
:10507000885040F43020CDE901230390D9F89030D6
:105080003078C3F30723013B984234D96FF0150001
:1050900005B0BDE8F08350F80C3088684A6810F01D
:1050A00013F940F0885040F40020E4E750F80C3049
:1050B00088684A6810F008F940F0007040F4003049
:1050C000D9E750F80C3088684A6810F0FDF840F0D5
:1050D0008270D0E750F80C3088684A6810F0F4F815
:1050E00040F48020C7E750F80C3088684A6810F018
:1050F000EBF82843BFE701A9FFF7D0FE337801336F
:1051000033709AE7C1F89830C1F8A00001336EE718
:105110004FF0FF30BCE700BF00ED00E0E4B8020054
:10512000F53A00200000F0FF0000021108B5024827
:105130000EF04EFCFEE700BF09CB020008B5024BA3
:105140001B689847002008BDCC2F002008B50649F1
:10515000064821F00701C1F1005202F580220FF04C
:1051600086F8002008BD00BF0F890020D02F002046
:1051700070B54169867A0B4D044659B1437ADB0715
:1051800006D4242303FB0653DB691B689B689847FE
:10519000002363612420214600FB0650BDE87040D7
:1051A00014F0EEBC10070020024B242202FB00305A
:1051B000704700BF10070020827A064B242101FBB4
:1051C00002331A6A1B7D1B33801A23F00303B0FBE2
:1051D000F3F070471007002038B5074B827A24247B
:1051E00004FB0233DB69D3E901240C601568FFF787
:1051F000E3FF04FB005038BD100700202DE9F04309
:1052000085B005466846039190461C4614F039FF68
:10521000DDE90067EFF31189402383F31288BFF3C0
:105220006F8F6B8A002B41D02A8A9A4225D900229F
:105230000023284609F0DEFD0446F0B189F3118809
:10524000BFF36F8F039B002B41D032463B4668462D
:1052500014F03CFFA27A264B242101FB02332046A6
:10526000DB691B6803A91D68DDE90023A8476061AD
:1052700070BB2046FFF77CFF24E0698A4B1E6B82DF
:1052800089F31188BFF36F8F2B7D2A8A2C6A1B3319
:1052900023F00303521A02FB0344154B154AEB1A81
:1052A0009B105343A3722B7DE372CBE789F31188E4
:1052B000BFF36F8F23464246284609F09BFD044604
:1052C0000028BFD10024204605B0BDE8F08363610B
:1052D000012300252381039B6382E27A65602946CE
:1052E00004F1180015F03EFD63692582E360EAE7EA
:1052F00010070020398EE33870B50D4C242500B915
:1053000070BD037A4668002BFAD0013BDBB2037212
:10531000002BF5D1C3604360837A05FB03439B698F
:1053200013B198473046EAE7FFF722FFFAE700BFDC
:10533000100700200C4B0122C3F840254FF080439A
:105340004FF08051C3F87825D1F83001082805D1F5
:10535000D1F83411022908BFC3F838260122C3F856
:1053600080250020704700BF00E0014048B1054B98
:10537000054A1B68B3FBF2F35843044B43F00103A7
:1053800018477047D404002040420F00F0B60200D6
:105390002DE9F3411C4D044617469846BFF35B8F39
:1053A0002B68BFF35B8FDA072CD520B96FF00100B3
:1053B00002B0BDE8F08101A90FF038FE02280246D4
:1053C000F4D11249204615F0DCFC0028EED1BFF3E1
:1053D0005B8F2B68BFF35B8FC3F3C0061B0711D431
:1053E000A5F18804072221464046B847062895BF04
:1053F00045F8886C0723C4F80360B0FBF3F094BF52
:10540000E671E0710020D3E7B80100204BC2020032
:105410002DE9F04389B09D79DDF840905E791F79E0
:1054200093F803C093F802E093F801801B780C46D0
:10543000B9F1000F15D0CDE90639CDE904E81346DE
:10544000CDE9027CCDE900560D4A0EF0E1FA0028C4
:1054500013DBA0422CBF6FF01500002009B0BDE89F
:10546000F083CDE90583CDE903CE1346CDE901678D
:10547000044A00950EF0CCFAE9E76FF01500EDE76D
:105480000ECB020032CB020070B504468CB01E4633
:105490001546AAB129B10A4602A804210EF044FF1C
:1054A00002A900912B462246242103A8FFF7B0FF52
:1054B00070B9109A314603A8FEF7A4FD0CB070BD78
:1054C0000346054A242103A80EF0A2FA2328F0D9A6
:1054D0006FF01500F2E700BF53CB020007B5064B93
:1054E0000648DA79C2EBC202009200221146FFF7A9
:1054F000CBFF03B05DF804FB300100204BC202007B
:1055000030B504468DB015469AB129B10A4602A8B5
:1055100004210EF009FF02A900912B462246242106
:1055200003A8FFF775FF60B903A80FF057FD0DB092
:1055300030BD0346044A242103A80EF069FA23284B
:10554000F2D96FF01500F2E753CB020007B50093D4
:1055500013460A4601460348FFF796FF03B05DF87D
:1055600004FB00BF96CB02000A4601460148FFF744
:10557000C7BF00BF96CB020007B5009313460A468B
:1055800001460348FFF780FF03B05DF804FB00BF4E
:1055900090CB020007B5009313460A460146034824
:1055A000FFF772FF03B05DF804FB00BF81CB020080
:1055B00007B500220346009103481146FFF764FF38
:1055C00003B05DF804FB00BF88CB020008B50248B9
:1055D00009F046FE002008BD7C03002070B51A4C7F
:1055E000BFF35B8F2368BFF35B8F13F0010F25467A
:1055F0001DD014F8813CA4F18806D3B1BFF35B8FB2
:105600002368BFF35B8F5A0701D400F017FBBFF389
:105610005B8F55E8003F23F4006245E80021002934
:10562000F7D1BFF35B8F1B0501D5FFF7CFFF00203C
:1056300009E000F0FDFF30B9F379002BDED101F075
:1056400007F80028DAD070BDB801002007B5009334
:1056500013460A4601460348FFF716FF03B05DF8FC
:1056600004FB00BF9CCB02000A4601460148FFF73D
:1056700047BF00BF9CCB020010B586B0094B0A485B
:1056800003930024CDE9044414F057FB03AB0093CB
:10569000064905480A234FF4E86209F0E7FD204671
:1056A00006B010BD5CCB020048180020403E002030
:1056B0000146014809F01ABE481800200146014879
:1056C00014F010BB4818002030B50378012B11D01E
:1056D000022B21D06BB9154B0A4603F1100453F885
:1056E000045B42F8045BA342F9D143881A0A8A702A
:1056F000CB7030BD0D4B0A4603F1100453F8045B28
:1057000042F8045BA342F9D143681A0C180E4A70A0
:105710000870C3F30722EAE700F11003013913F818
:10572000012901F8012F9842F9D1E2E7F7CC0200F4
:1057300010B50FF069FF14F05DFB044608B90AF0DC
:10574000E3F8BFF35B8F064B1B68BFF35B8F0BB1B6
:105750000A2098471CB9BDE810400AF0E9B810BD0E
:10576000DC2F002038B5044608480FF0C8FD054678
:1057700048B1631EDBB21F2B96BF054A0021D15CE6
:105780000C300FF02BFE284638BD00BFC4070020A8
:1057900007CD0200054BBFF35B8F53E8002F43E8B2
:1057A00000010029F9D1BFF35B8F7047DC2F002087
:1057B0000F2810B50CD80D280CD90A480FF09FFD02
:1057C000044618B104210C300FF008FE204610BD2D
:1057D0001328F2D009B10448F0E7BDE810400220D8
:1057E000FFF7C0BFE80700205807002038B5C5689C
:1057F0002B7893B9B5F801400F21204602F06EF8DE
:10580000EB78054650B90A4A118831B96FEA04505D
:105810006FEA10501080074A137038BD03730121DE
:1058200001F0C4FF2846BDE8384001F06FBF00BF5B
:10583000983A0020F63A002010B586B0084B039342
:1058400003AB00240093074907484FF0FF334FF4A0
:105850004072CDE9044409F009FD204606B010BDB0
:1058600065CB0200C04500201819002010B50121A9
:1058700004460C300FF0DDFD2146034A0078BDE8F8
:10588000104000230FF098BF10BA020010B501219C
:1058900004460C300FF0CDFD2146034A0078BDE8E8
:1058A00010400A230FF088BFC0B9020070B5254828
:1058B0000FF03EFD0446002843D000F10C052846B9
:1058C0000FF0BFFD022805D004282FD02046FFF797
:1058D00013FD21E0238A032BF8D9042128460FF079
:1058E000A8FDFF22438806882276228AC6F30B0091
:1058F0009A426083EAD10F2101F0F0FF05460028AB
:10590000E4D002F007F8320B20762146284610F04A
:105910003FFD284601F0FAFE0B4BD3F8EC3083B183
:10592000BDE8704009490A4814F0DCB90221284654
:105930000FF07FFD074A0078062321460FF03CFF59
:10594000C4E770BD1C020020300100209C03002031
:10595000E819002090B9020010B5012104460C306E
:105960000FF067FD2146034A0078BDE8104002238E
:105970000FF022BF80B902002DE9F0470C4609F074
:10598000C3FFE5682B78022B52D0042B05D02046AC
:10599000FFF7B2FC6FF0150408E0B4F81080B8F11E
:1059A000020F08D82046FFF7A7FC002409F0C0FF2B
:1059B0002046BDE8F08768783E2809D1B8F1030F8A
:1059C000F0D0EB78012B01D00A2B31D1032604E073
:1059D0000FF08FFEC10706462AD504F10C070121FE
:1059E0003846D4F814900FF01CFD022138460FF011
:1059F00020FD90F800A0BAF13E0F22D1E3681B7899
:105A0000012B23D00A2B14BF02270327124A062397
:105A1000214650460FF0D0FEBA0719D56369A4F8A5
:105A20001080A5EB090513FA85F5E560B307BCD531
:105A300021460A480FF067FC09490A4814F052F958
:105A4000B3E750460FF055FE0746DFE70327DDE7D3
:105A50002046FFF751FCE9E750B902001C02002084
:105A60009C030020E81900202DE9F04788461646DF
:105A70008246002870D0BFF35B8FDFF8E0900023F0
:105A800059E8004F49E80032002AF9D1BFF35B8F93
:105A9000002C61D02046FFF78FFB314D0C2303FB18
:105AA000005027464388534511D0BFF35B8F59E818
:105AB000003F49E80072002AF9D1BFF35B8F002B49
:105AC0004AD01F463846BDE8F047FFF715BCA6424E
:105AD00008D020460FF00EFC328AF16804F10C0069
:105AE0000FF073FC2046FFF767FB0C2606FB005007
:105AF0004368ABB1B8F1000F12D12046FFF75CFB51
:105B000006FB005001214268536803F01F008140EA
:105B100010685B0900EB8300137ACBB10FF0FBFD3B
:105B20002046FFF749FB0C2606FB00508368002B3C
:105B3000C8D02046FFF740FB704305F800802046A0
:105B4000FFF73AFB06FB0055A86809F085F9B9E7AD
:105B5000C9430FF048FEE3E7BDE8F08718020020D4
:105B6000E02F0020094BBFF35B8F1A68BFF35B8FF8
:105B700002F00B02BFF35B8F53E8001F43E80020E5
:105B80000028F9D1BFF35B8F704700BFB801002038
:105B900010B5C1E900239DF808300B720C46FFF7E1
:105BA0000BFB034B0C2202FB00335C6010BD00BFFB
:105BB000E02F0020F8B502460B4610480FF09FFB7F
:105BC0000446C0B104210C300FF0EEFB2046FFF775
:105BD000F3FA0B4D0C2707FB0050002646802046A9
:105BE000FFF7EAFA07FB005086602046FFF7E4FA69
:105BF00007FB00556E602046F8BD00BFA0070020DF
:105C0000E02F00200138C0B202289ABF014B185C77
:105C10000020704751CD020029289ABF014B185C23
:105C20000920704727CD0200034B0146D3F8040139
:105C300082689268104700BF3001002001480421AB
:105C40000FF069BDB80100200048704721C602006E
:105C50000149024814F046B88C03002018190020AE
:105C600070B505460C4639B1CB684A699B1A032BBF
:105C70000ED86FF0150509E04FF0FF304FF0FF31FF
:105C8000FFF798FF044618B96FF06805284670BD05
:105C90002046FFF791FA144B0C2202FB0033A618A2
:105CA000032130465D800FF0ABFB0580238A033B68
:105CB0008370012130460FF0ABFB40F635439D4227
:105CC00009D12046FFF7B0FF05460028DED0204668
:105CD000FFF712FBDAE70548214613F046FF0025DF
:105CE000FFF7B6FFD2E700BFE02F0020240200201C
:105CF0002DE9F043054685B017460C4669B94FF0CB
:105D0000FF304FF0FF31FFF755FF044658B96FF0F1
:105D10006805284605B0BDE8F083887AFFF744FAA5
:105D2000264B834244D101220021684613F036FFFE
:105D30002046FFF741FADFF888804FF00C0909FB95
:105D40000080C0F808D020460FF008FB0146284626
:105D5000FFF786FF054618B12046FFF7CDFAD8E7D2
:105D60004FF4A0220023684609F0AAF82046FFF766
:105D700023FA09FB00F018F80060AEB12046093E96
:105D8000FFF7BAFA092E0CD8DFE806F0050B0B086E
:105D9000150B0B0B0B126FF06E05BAE76FF00C05CD
:105DA000B7E76FF00405B4E7002FD5D03C60B0E74B
:105DB0006FF01505ADE76FF00B05AAE7A00700200F
:105DC000E02F002010B5FDF717F8034B1B6813B147
:105DD000BDE81040184710BD0430002073B5274DB2
:105DE0000646D5F8040113F07CFD00283FD06FF083
:105DF000020105F188000FF0F6FC01210FF08BFC89
:105E0000C30737D40FF092FB044668BB1C4B1E60DF
:105E10000122114605F1D80013F0C0FE05F1F4008F
:105E200013F09BFE174813F088FF1749154800949C
:105E30006FF0070340F6980209F018FA1349114869
:105E400009F022FBD5F80401114983681B689847C3
:105E5000044648B926B902B0BDE87040FCF7CCBF93
:105E600005F1780009F0FCF9204602B070BD6FF032
:105E70001204F9E76FF07704F6E700BF3001002065
:105E800004300020E81900200049002075CB0200F2
:105E9000795901002DE9F047674BB0F80180198866
:105EA00048F4704291424FF0000686B0054602BFAA
:105EB0001E80624B1E7800F0E3F9EB78012B08BFDF
:105EC0005F4B05F1040420460CBF93F823904FF07C
:105ED00000090FF095FB04AF2146B0B138460FF032
:105EE00084FBD5F81130CDF80930B5F81530ADF890
:105EF0000D304FF00109EB78012B1BD013214046E8
:105F00000FF00CFE06B0BDE8F087484610F003F82D
:105F10000346006804909A889B796868BA80BB71D0
:105F2000A288A37995F804900290ADF80C208DF822
:105F30000E30E0E7DFF808A106229AF82300394680
:105F400001F0E4FF044640B93E499AF823000522D7
:105F500001F0DCFF04460028D0D02346B5F801202C
:105F600023F8702B0498BA79B98820679A719980C0
:105F7000B5F8173040F2E2425343C4F88830B5F820
:105F80001930A4F89030B5F81B30A4F89230EB78B3
:105F9000E37000222273012B40F20112A4F8A82022
:105FA00014D18DF808909DF80E300298BDF80C20A1
:105FB000C4F87700A4F87B2084F87D30D5F80B3046
:105FC000C4F87F30B5F80F30A4F883304FF0FF30BD
:105FD0004FF0FF31FFF7EEFD0546D8B102210C303E
:105FE0000FF0EDF92388038001AA294642F2300020
:105FF000FFF77EFE70B9019AD168C878FFF702FEFC
:1060000084F8A8000879FFF7FDFD84F8A900104680
:10601000FFF772F90721204601F0C8FB26B126736D
:106020000121204601F0C2FB204601F0A5FC2046DC
:1060300001F06CFB66E700BF983A0020F63A0020BA
:1060400030010020DDCC020000B5C3681A7889B0A9
:106050006ABB8DF80020B3F80120ADF80120DA7892
:106060008DF80320B3F80B20ADF81720B3F80D20FE
:10607000ADF81920B3F80F20ADF81B205A7C8DF82D
:106080001D20586801901A899B7A8DF80A30094BB7
:10609000ADF8082068461A689B88CDF80B20ADF84B
:1060A0000F30CDF81120ADF81530FFF7F3FE09B031
:1060B0005DF804FBF1CC020038B5032104460C3036
:1060C0000FF0B7F90346B0F8010040F635429042B0
:1060D0000DD01D78E36822461978FFF7C5FC35B16D
:1060E000034808F0B9FEBDE83840FFF7B1BD38BD40
:1060F0000802002070B509F007FC204DD5F8F430F7
:10610000C3B30022002305F1D80008F0D9FE0646EB
:1061100080BB0022002305F1F40008F06BFE04466A
:10612000D5F8E80018B1FFF7E7F8C5F8E8602046B1
:106130000FF014F9C5F8E8002046FFF775FD98B197
:106140000F4808F089FE2046FFF736F80D4B0C2269
:1061500002FB00301F2140882246FFF785FC2046C5
:10616000FFF7CAF8FFF774FDFFF772FDBDE8704056
:1061700009F0DEBB01F010FCF8E700BF30010020A1
:1061800008020020E02F002038B5042104460C301E
:106190000FF04FF94578017840882246FFF764FCFC
:1061A00035B1044808F058FEBDE83840FFF750BD4F
:1061B00038BD00BF08020020F8B50A4DEF79064649
:1061C0000024E3B29F4202D86FF0010007E02946A5
:1061D00030460FF0C7FD0735631C08B12046F8BDF7
:1061E0001C46EEE73001002037B504460D46B9B134
:1061F000164928460FF0B6FD90B91548C4EBC40403
:10620000294620440FF0A7FD12480FF09EFD4307DA
:1062100003D5FFF7DBF90FF08BF9002003B030BD99
:1062200068460FF0D4F90028F8D16846FFF7C4FF9C
:106230000028F5DA064BC4EBC400184469460FF099
:106240008AFD002DE0D001462846DBE7E4CC0200C1
:1062500030010020B8010020084BBFF35B8F53E8EA
:1062600000CF4CF4806C43E800C2002AF7D1BFF3A2
:106270005B8F037A19430172704700BFB801002099
:106280000A4BBFF35B8F53E8002F22F4806143E891
:1062900000100028F7D1BFF35B8F530504D50449E4
:1062A0000022022004F0E4BF704700BFB8010020C4
:1062B000216002001FB50023CDE9023301908DF863
:1062C0000C1001AA0349022004F0D2FF029805B085
:1062D0005DF804FB955E0200F7B5044670B1474DCA
:1062E00095F8CA2095F8CB300AB19A4208D201330A
:1062F00085F8CB30237A43F00403237203B0F0BD5A
:1063000000210222084601F001FE064648B120465F
:106310000121FFF7A1FF304603B0BDE8F04001F0D6
:10632000F5B98DF800006946354800F0A3FD9DF8E9
:10633000006026B101212046FFF78EFFDEE73148DD
:10634000314600F097FD95F8CB30B3B995F8CB20E6
:1063500095F8CA309A421CD10022114642F2290017
:10636000FFF7C6FC70B995F8CB30013385F8CB3018
:10637000237A43F00403237204E030460FF037FD24
:106380000028E3D02048002103B0BDE8F04000F031
:1063900071BD2246671C12F82E0B39460FF0EAFC3D
:1063A000064630BB95F8CB30013385F8CB30237AE5
:1063B00043F00403237295F85B305B0719D5394627
:1063C00068460FF0C8FC01234FF0FF304FF0FF315B
:1063D0008DF80730FFF7EEFB044650B108226946FE
:1063E0000C300EF0F2FF3246214642F24E00FFF72B
:1063F0007FFC01200FF0FBFCC4E700BF3001002050
:10640000F75E0200BF5E0200215E02002DE9F3414B
:10641000044608B33F4D95F8CA2095F8CB309AB1A1
:106420000132934211DC00210222084601F06EFD88
:106430000646A0B120460221FFF70EFF304602B00B
:10644000BDE8F04101F062B913B1013B85F8CB30F2
:10645000237A23F00403237202B0BDE8F0818DF8A3
:1064600007000DF107012C4800F004FD9DF80760BE
:1064700026B102212046FFF7EFFEEDE7274831461F
:1064800000F0F8FC30460FF0B2FC074688B995F8EA
:10649000CB3095F8CA209A4218D2013B85F8CB3010
:1064A000237A1F4923F0040302462372022004F0DA
:1064B000DFFE95F8CB3013B101200FF098FC19489E
:1064C000002102B0BDE8F04100F0D4BC4FF0FF3035
:1064D0004FF0FF31FFF76EFB04F10108064600287C
:1064E000E7D007210C300EF06AFF41460FF033FC75
:1064F0003A46314642F22800FFF7FAFB0028D8D18D
:1065000095F8CB30013B85F8CB30237A23F0040398
:106510002372CEE730010020F75E0200BF5E02006A
:10652000D95D0200215E020070B5044611B16FF022
:10653000150070BDD8B121490FF014FCB8B9204640
:10654000FFF73AFE002832DA23784BB91C48C279AB
:106550006ABB21460FF0FFFB0123C3711046E8E739
:10656000012BE4D1A37903F0C003C02BDFD1144D7C
:10657000EB79012B1ED005F188000FF0E6FBC30775
:1065800007D4002CD3D00D4920460FF0EBFB002898
:10659000CDD1EE792146731C3046EB71FFF724FE16
:1065A00008B93046C5E7EB79013BEB71C1E76FF005
:1065B0007700BEE76FF00B00BBE700BFE4CC020042
:1065C000300100202DE9F3410446D8B101AA002191
:1065D00041F20900FFF78CFB054698B9019E12496C
:1065E000D6F80C8008F101070622384614F0C9FBE2
:1065F00028B10E490622384614F0C3FB30B93046A4
:10660000FEF77AFE002002B0BDE8F081D8F8013034
:10661000C4F80130BB88A4F8053030462570FEF779
:106620006BFE0120EFE700BFF1CC0200EBCC0200D3
:1066300007B56846FFF7C6FF044BD87118B1694625
:106640000020FFF7D1FD03B05DF804FB300100200E
:10665000F0B5294DEE7989B0002E46D195F8763007
:10666000DB0722D56A4631464FF60940FFF740FB6B
:10667000D8B9DDF800C0DCF80C406378012B1E4669
:1066800028BF012673B1A31C02AA123418685968E6
:10669000174603C70833A3423A46F7D11868386053
:1066A0009B88BB806046FEF727FEEE71002416260D
:1066B0000127EB79E0B2984202D3B3B1002012E097
:1066C00008AB06FB0033694653F8182C33F8143C2A
:1066D000CDF80120ADF805308DF80070FFF784FD8E
:1066E00001340028E5D009B0F0BD0021084609B00A
:1066F000BDE8F040FFF718BF300100202DE9F04160
:106700001D460E4617460346002849D0002D47D0A7
:106710000A0307D54C0743D40FF05DFC10BB0123DF
:106720002B701FE0B10704781ED020492FB1B206AC
:1067300003D591F89020500635D5C4EBC40411F868
:106740000480B8F1010F08D10134214418460FF03C
:10675000EEFB38B985F8008002E0B8F1000FF9D0FF
:10676000A7B90020BDE8F081720716D50F49C4EB28
:10677000C4040F5D012F07D1013421440FF0D7FB72
:106780000028EFD12F7001E0002FFBD0B306E8D531
:106790002B7843F002032B70E3E70FF01CFCBEE7FD
:1067A0006FF01500DEE76FF08500DBE730010020B9
:1067B00010B503460C4611B96FF0150010BD0D4819
:1067C0000FF0C3FA420711D5002BF5D100F070FB92
:1067D000204609490FF0BFFAE01D04F009FA00282D
:1067E000ECD010F1860F08BF0020E7E76FF00A0039
:1067F000E4E700BFB80100203001002070B50D466D
:106800000121044616460FF0DCFE58B108480FF08F
:106810009CFA430709D5324629462046BDE8704018
:1068200011F04CBD6FF0150070BD6FF00A00FBE772
:10683000B80100202DE9F04F8FB00023049151687A
:10684000019014461D468B4209D1FB2D0FD8974B62
:10685000B3F8C8309D4215D96FF0200023E12268BB
:1068600002EBC3020235527801331544EBE7019B7A
:10687000082103F118000FF0EBFB0028E7D06FF0C0
:106880000A0010E1FB2D69D8019B0B2103F11800D0
:106890000FF0DEFB10B91F2D28BF1F254FF0FF3072
:1068A0004FF0FF31FFF786F905F10408074600288D
:1068B00000F0F78041460C300EF081FD4246002189
:1068C00006464FF0000914F04DFAD4F8008006F1A6
:1068D000040B4946636899450FD3019BF1705B78BF
:1068E0003370049803237370002201233946B37078
:1068F0000FB0BDE8F04FFFF7FBB998F8012098F80A
:1069000000C0881C13189D4208D2BCF1090FA5EBEA
:1069100000021DD1002A1BDD4FF0080C5FFA82FA3D
:106920000AF101030BF801300131C9B2C3B20BF80F
:1069300001C05844D8F80410029314F0ECF9029BFB
:106940009A445FFA8AF109F1010908F10808C1E7E0
:106950003846FEF7D1FC6FF01500A4E000211022AC
:106960000AA814F0FFF9002701236168099308942D
:106970003B4640F272608B4207D100250123A846B6
:10698000AB4603935FB938468DE0226802EBC30241
:106990000237527817448742DDD80133EBE7FB2FEB
:1069A0004FF0FF304FF0FF31BA4628BF4FF0FB0ADF
:1069B000FFF700F90AF104060290002871D0314671
:1069C0000C300EF0FCFC019B5B7803705FFA8AF2DE
:1069D0004FF0000383708146031D0592002654F892
:1069E0003B2002EBC80204EBCB0152780232954205
:1069F00009D14A6808F10108904503BF00250BF151
:106A0000010BA8460025BBF1010F12D054F83B2022
:106A100012EBC80C4FEAC8010BD09819E5B99CF8E5
:106A2000012001329A550136F6B20125059AB2428B
:106A3000D5D8039BBF1B7BB3002F0CBF03230123BF
:106A40000299049889F8036089F801300022FFF761
:106A50004FF940BB039095E7012D05D1525C0270C0
:106A60000136F6B20225E1E79CF80120DCF804C00B
:106A70000793521B0232AAEB06018A4228BF0A463C
:106A8000A91E6144069214F046F9069A079B154424
:106A90003244ADB2D6B2C9E7B7FA87F35B095B00FF
:106AA000CEE76FF068000FB0BDE8F08F3001002036
:106AB00070B500F10F0604460D4607220C4930461A
:106AC00014F05FF90346207873B90A49052201F0F2
:106AD0001DFA044658B10573002100F067FE2046F8
:106AE000BDE8704000F012BE06223146EFE770BDEF
:106AF000E4CC0200DDCC0200F8B504694568064626
:106B000044B140F203432B4039D005F48263B3F51E
:106B1000806F34D015F4806302D115F4F84F2ED174
:106B2000184F3078FB79834229D9C0EBC000164951
:106B30000722384414F025F9A8B115F0030306D153
:106B400097F82420082A02D8B2689F2A17D915F08E
:106B5000300F09D09CB1EB0608D405F46035B5F5CB
:106B6000603018BF0120F8BD002CF6D1D6E9022311
:106B70009A4204D81F2A02D9B3F5804FEDD90020DC
:106B8000F1E700BF30010020E4CC020038B5104D21
:106B900028460FF057FA10F0010416D1A5F118039A
:106BA00018465822214614F0DDF8BFF35B8F0346E8
:106BB00055E8002F42F0010245E800210029F7D1F5
:106BC000BFF35B8F18465C7038BD0020FCE700BF48
:106BD000D01A0020F8B50446164B14F80F7B83F842
:106BE000237006460D4607221349204614F0C9F8C3
:106BF00070B91249384601F043F9044610B96FF0F4
:106C00000B00F8BD052100F0D1FD2C600020F8E755
:106C1000214638460FF0C7FC40B92146307801F0D4
:106C20002FF904460028EAD00621ECE76FF01500A2
:106C3000E7E700BF30010020E4CC0200DDCC020019
:106C40002DE9F3470F690D469046496801653A1EE4
:106C50000DF1030318BF01220646FFF74FFD04465E
:106C6000002840F0DE8006F10F03002F00F0DD80E9
:106C70002A691168C6F80F109188998092799A71E3
:106C80004FF0FF304FF0FF31FEF794FF81460028B0
:106C900000F0DA8019210C300EF091FB002104463F
:106CA000192214F05FF873782370AB68E370C3F3B4
:106CB00007221B0C22716371EB68A371C3F30722D7
:106CC0001B0C2372E2716A6812F4004F14BF062392
:106CD0000723D10348BF03F00503920348BF03F025
:106CE000FB0363729DF80330A3727F23E3740123D7
:106CF00023756B6803F44063B3F5806F14BF012301
:106D00000223A3756B68DB0442BF03232375A375BD
:106D10006A68C2F3802383F001031B0150049BB215
:106D200048BF43F04003910448BF43F02003D2051D
:106D300044BF012222766A68900778D043F0010AA6
:106D40001FB9510501D443F0030A900502D4B8F1EC
:106D5000000F03D04AF0020A1FFA8AFA002F68D007
:106D6000D1062A691168C4F80B109188A4F80F1095
:106D7000927962744CBF4AF004034AF00C039BB250
:106D80006A78E275AA786275A4F8013001AA4946CA
:106D900042F23600FEF7ACFF0446002841D10198CC
:106DA000C36893F90130B37006F11807FEF7A4FA2F
:106DB000BFF35B8F57E8003F43F0020347E8003220
:106DC000002AF7D1BFF35B8F6FF0100138460FF048
:106DD00046F9C2062FD46A6812F0030218BF0122D6
:106DE000092138460FF04AF9CAF340020A21384611
:106DF0000FF044F92A790C21C2F3800238460FF0D3
:106E00003DF96A790B21C2F3800238460FF036F95A
:106E10009DF80320531E5A425A41032138460FF071
:106E20002DF9204602B0BDE8F087094A21E79A46CD
:106E30008BE75346A4E706F1090130460FF077F8D7
:106E40000028C8D00446ECE76FF06804E9E700BF0B
:106E5000E4CC020008B520B904480FF0F3F8C307EA
:106E600001D4002008BD0248FCE700BFD01A002072
:106E7000B81A002010B5034604480FF0E3F8C20723
:106E800003D5BDE810400248184710BDD01A0020B5
:106E9000B81A002010B5054CA06930B16FF001019F
:106EA00018300FF0DCF80023A36110BD3001002082
:106EB000014B9869704700BF30010020F8B50446C7
:106EC00016480FF0BFF843070F4616461DD5FAB116
:106ED0002046FFF711FED8B1FFF758FE0546D0B1A6
:106EE000237803706378C370214647600022FFF760
:106EF000A7FE044638B16FF0010105F118000FF04C
:106F0000AEF82046F8BD3560FBE76FF00A04F8E7FD
:106F10006FF01504F5E76FF00B04F2E7B8010020FD
:106F2000F7B500230E460193054600285BD000F11B
:106F30001807082138460FF08BF8002856D12D4845
:106F40000FF080F8420501D5FFF79AF9092138467C
:106F50000FF07EF850BB9EBB3246072138460FF03B
:106F60008DF8092138460FF073F870B90C213846B6
:106F70000FF06EF848B96FF0080138460FF06FF85F
:106F8000030726D428460FF026F82846324601216A
:106F90000FF0BBF8019D044610B375B100212846DF
:106FA00000F004FC284600F0B1FB06E001A92846E9
:106FB000FFF710FE04460028CDD0204603B0F0BDF8
:106FC000338823B9B278003A18BF0122C5E70122FD
:106FD000C3E70E2138460FF03BF80028D2D1D4E7A2
:106FE000002DDFD1E9E76FF01504E6E76FF07704D5
:106FF000E3E700BFB80100202DE9F341C6687078CF
:10700000FFF728FF0446002861D004F118087588AE
:10701000304F0FF0BFF86FF4807140460FF01FF84B
:1070200033781BBB2846012100F058FC054650BBB5
:107030006FF0800140460FF012F803060ED520468F
:107040000EF0E0FFFFF71CF963683BB11B682BB142
:1070500032798DF8042001A920469847BB699C42EB
:1070600035D102B0BDE8F041FFF714BF0921404619
:107070000EF0EEFF18B131782046FFF719FD337896
:10708000002BD5D1CEE7236D13F4002F00F17E0243
:1070900012D0A368C0F87E30A3899380A37B93713C
:1070A00063682BB15B681BB1019501A92046984725
:1070B000284600F02BFBBBE7037AC3EBC303F918A8
:1070C000FB58C0F87E308B8893808B79E7E702B05D
:1070D000BDE8F0813001002070B59AB0182200217F
:1070E00003A813F03FFE47F21213ADF808304FF437
:1070F0008073ADF80A30354B44F20102694602A8AC
:10710000CDE9042309F02EFD10B31F25304BBFF34A
:107110005B8F53E8001F21F0010143E80012002AB1
:10712000F7D1BFF35B8F2B4E08F0EEFB346804B150
:10713000043C002D284D18BF0025002C3FD02368AB
:107140000BB1284698476468002C38D0043CF6E719
:10715000009801AB412209A913F0C0F90028D4D14D
:107160001E4A0DF125030DF1650153F8040B42F899
:10717000040B8B42F9D11A49009801AB202213F07D
:1071800058F90028C1D1009809F0E2FB0546002813
:10719000BBD1124910480FF0A1F8124820310FF06E
:1071A0009DF8BFF35B8F104B53E8001F41F01001B7
:1071B00043E80012002AF7D1BFF35B8FA6E7002354
:1071C000C6E9003308F0B4FB1AB070BD0000020934
:1071D0000830002010300020573B0020173B0020D3
:1071E000F73A0020773B0020B801002030B5A7B067
:1071F0001822002107A813F0B5FD04233D22002129
:1072000016A8159313F0AEFD47F21213ADF818301F
:107210004FF48073ADF81A30264B274944F201022F
:10722000CDE9082306A804AB202209F0CFFBD8B192
:107230006FF0040408F068FB204B1D6885B1002046
:1072400018601F4BBFF35B8F53E8001F21F0020152
:1072500043E80012002AF7D1BFF35B8F24B3A8479D
:1072600008F066FB27B030BD164B0DF1550203F157
:107270004000194653F8044B42F8044B8342F9D1BD
:1072800005AB02932023CDE900130A48049941235A
:1072900015AA13F0F2F90028CAD1049809F058FB96
:1072A00004460028C6D0C3E70DA806490FF016F81B
:1072B0000DA8D4E700000209F73A00200C300020A6
:1072C00008300020173B002008B50449402213F085
:1072D00058FDB0FA80F0400908BD00BF54CD02004F
:1072E00010B59AB004461822002103A813F03AFD05
:1072F00044F21213ADF808304FF48073ADF80A3041
:10730000124B4FF48042CDE90423214604230DF1B2
:1073100025008DF824300EF0E1FF04F120010DF17D
:1073200045000EF0DBFF01AB412209A902A809F0DC
:107330004DFB044602A813F0ECF92CB9019809F0B2
:1073400007FB01201AB010BD0020FBE70000020976
:1073500010B5002837D0204A136823B1043B83427C
:1073600034D05B68F9E71D4BBFF35B8F1968BFF33F
:107370005B8F89072DD414684460011D506811602B
:1073800000B95160BFF35B8F53E8002F42F0010159
:1073900043E800100028F7D1BFF35B8FD30701D576
:1073A000002010BD0E4BBFF35B8F53E8001F21F090
:1073B000100143E80012002AF7D1BFF35B8F0948A0
:1073C000FEF77CF9ECE76FF01500EAE76FF0770065
:1073D000E7E76FF00F00E4E71030002008300020EE
:1073E000B8010020BC030020054BBFF35B8F1B6876
:1073F000BFF35B8F13F0100F024808BF00207047E7
:10740000B8010020573B002070B505461E480368B0
:107410008B4232D0BFF35B8F1C4B1B68BFF35B8F7B
:10742000DA062DD5036813B16FF00F0070BD184A4E
:10743000BFF35B8F1368BFF35B8FDB07F4D4BFF33D
:107440005B8F52E8003F43F0020442E80046002E02
:10745000F7D1BFF35B8F13F00204E5D101600D4853
:1074600029460EF03BFF0C4805F120010EF036FFD7
:107470000A48FEF723F92046D8E76FF07700D5E7F2
:107480006FF07C00D2E700BF0C300020B801002074
:1074900008300020173B0020373B0020AC030020C1
:1074A00070B50C4B1C68054644B154F8203C203C98
:1074B00013B1297B28469847246AF5E7064C074E06
:1074C000B44200D370BD236813B1297B2846984786
:1074D0002434F5E74C30002050B2020098B202008C
:1074E00010B50446FDF768FE044901EB0011204683
:1074F0000EF0C7F8BDE81040FEF7AABB1830002018
:1075000070B5D1E9015600220446C1E901220648BE
:1075100012F02BFB3DB1314620462B466FF06D0239
:10752000BDE87040184770BD0007002013B5437BCD
:10753000072B04462DD14FF4806104300EF0F2FE8B
:10754000400526D4BFF35B8F6368BFF35B8FD9031D
:1075500007D4114B93F890301A0702D520460EF04D
:10756000F9FA637B072B14D10B4B93F890309B06F1
:107570000FD50EF005FA60B10DF1060101A80EF06D
:10758000B5FA30B9BDF80620BDF8041020460EF05B
:10759000FCFA02B010BD00BF3001002070B50546F6
:1075A0000F480022002307F08BFCB8B90D4B1C6874
:1075B00034B154F8183C203C03B19847246AF7E7EB
:1075C000094C0A4EB44204D32846BDE8704007F087
:1075D00047BEA36803B198472434F3E770BD00BFEA
:1075E000F00600204C30002050B2020098B2020099
:1075F0002DE9F041044640270025EFF3118287F37F
:107600001288BFF36F8FE16929B1206A0B68E361CB
:10761000814208BF236282F31188BFF36F8F71B17B
:10762000D1E901680748C1E9015512F09EFA1EB17F
:10763000002241462046B047FEF70AFBDDE7BDE8E1
:10764000F08100BF000700200448B0F8B430002BE0
:1076500000F1B80008BF0020704700BF30010020D3
:1076600030B50446FDF7F6FB0D4A0D460D490858A6
:10767000D2F8B010884289B005D1204609B0BDE8E3
:107680003040FFF7B5BF24342146104612F02AFBE4
:107690001DB16946204612F035FB09B030BD00BF70
:1076A000602800200800000038B5002204468A4205
:1076B00002D10024204638BD04F1CC030120BFF3E1
:1076C0005B8F53E8005F002D04D143E8000CBCF150
:1076D000000FF6D1BFF35B8F02D0D0340244E6E74F
:1076E000002CE6D0CC220021204613F03BFB04F115
:1076F0004000044912F027FB034904F1240012F072
:10770000D5FAD7E7958001004363020008B500F180
:10771000CC03BFF35B8F53E8002F013A43E800210D
:107720000029F8D1BFF35B8FAAB90B4B984212D353
:1077300003F1D00290420ED2C01AD023B0FBF3F274
:1077400003FB120038B9054807F086FBBDE8084086
:10775000034807F085BD08BD101B0020F00600207F
:10776000DC03002010B504460EF062FE08F0CCF8F1
:107770000C4BD3F8CC3004F1C00143B90A480EF0E9
:10778000B7FD08F0D5F8BDE81040FEF761BA9942A0
:1077900001D01B68F1E708F0CBF82046FFF7B6FFF1
:1077A000F1E700BF30010020FC01002070B5457BEF
:1077B0008D42044613D041730DB90EF039FE637B40
:1077C000012B09D1344D05F1B8066169002950D16A
:1077D000BDE87040FEF73CBA072B01D0ABB170BDDD
:1077E0000023C4E90D33E378012BF8D1A378012BF2
:1077F00004BF032384F8983004F140004FF4203292
:10780000BDE87040002307F09BBD082DE7D801A319
:1078100053F825F0DF770100397801005F78010027
:107820006978010069780100697801005F780100DA
:10783000DF770100DF77010004F14005284612F0F0
:107840008EFA20460121FFF70BFF20460EF097FD30
:1078500028460022BDE87040002307F0A5BD237B29
:1078600013B12046FFF71CFE2046BDE87040FFF72D
:107870004DBFA2690B686361914208BFA3612046B6
:10788000FFF73EFEB5F8B430002B14BF30460020A1
:1078900007F0E2FA99E700BF30010020F8B507468B
:1078A00009480D4616460EF0C3FD044650B18378D4
:1078B0001F4203D1BDE8F840FFF728BF3146A84773
:1078C0002046F7E7F8BD00BF101B00200249002248
:1078D0000120FFF7E3BF00BF2D75010038B5054655
:1078E0000B480C460EF0A4FD034670B1427B012A02
:1078F00002D0073A012A06D81A88AA4202D19A78F9
:10790000144203D11846FFF701FF0023184638BD83
:10791000101B0020034BC01A034B00115843C0B288
:10792000704700BF101B0020C54EECC470B51C464C
:10793000144305460E4608D0FDF78CFA0B4908584B
:107940000B49D1F8B010884201D1002213460949F1
:10795000002D14BF284608460DF0D1FC044618B18E
:10796000711D0C300DF020FD204670BD0800000098
:10797000602800201007002010B50446054807F0D5
:107980006FFC204600F0E8FC2046BDE81040FFF701
:1079900087BD00BFCC0300202DE9F04F87B0002346
:1079A00003930593AB4B5A8A32B1AB4DD5F8CC401B
:1079B00034B907B0BDE8F08F1B68002BF5D1F8E7AC
:1079C00054F8C03903B1C03BA449002601E01C466D
:1079D0001346B5F8B420002A00F03981D5F8C0204C
:1079E0004AB904F1C006002BE3D0D3F8C020002A26
:1079F000EDD0C03AEBE70A68002AF2D0D4F8AC2008
:107A0000002AEED0D4F8B020002AEAD0D4F8B4206E
:107A1000002AE6D0637B072B68D1204690470028D8
:107A200064D0BFF35B8FD4F8C430BFF35B8F022BFD
:107A30005CDC20460EF0FCFC04460028B9D0637BD9
:107A4000072B40F0FB80D4F8AC30B5F8B41004AA92
:107A5000204698470746002800F0D380B5F8B420A8
:107A6000049B9A4206D30146D4F8B06005AB03AA42
:107A70002046B047059B01933B8ADDF80C90002B14
:107A800000F0DF803846DDF810A00DF010FE8046D3
:107A9000002840F0D980B5F8B430DFF8C4B1002B2D
:107AA00014BF584600200022002307F009FA78B9D5
:107AB0006A480022002307F09DF9064600283BD1C2
:107AC000B5F8B430002B18BF5E46304607F0C4F955
:107AD0006FF00B053846FDF70FFCB9F1000F00F011
:107AE0008C8001992A462046C84786E0D4F8C030E9
:107AF00004F1C002C6B9D5F8D010C5F8CC308A421E
:107B000001D1C5F8D0300023C4F8C0302046D4F8E5
:107B1000B4309847002892D0637B072B40F08E80CA
:107B20002046FFF71FFE8AE73360D5F8D0309A422F
:107B300008BFC5F8D060E6E7019BC0F804908360F9
:107B4000B5F8B4B04348DA454FF000024FF00003F7
:107B50004FF0000198BF1FFA8AFBFDF74FFB8146EB
:107B600050B1FDF729FB3F4B5A4603EB0013394652
:107B700048460DF061FD8146B5F8B43094F8C87000
:107B80009A458CBF4FF00108023784F8C88098BF2F
:107B9000FFB204F1C408BFF35B8F58E8003F013324
:107BA00048E80032002AF8D1BFF35B8F04F1140AD1
:107BB000314650460EF09CFBA378012B25D0BFF335
:107BC0005B8F58E8003F013B48E80032002AF8D1BB
:107BD000BFF35B8F314650460EF0B6FB4846FDF7CB
:107BE0008BFB20463146FFF78BFCB5F8B4301C48C0
:107BF000002B08BF002007F02FF9132120460EF0BC
:107C000033FC2046FFF782FDD3E609F10C0B04217B
:107C100058460DF0F5FB238807F0FD0743EA0733CC
:107C20000380B9F81030043B4380022158460DF020
:107C3000EFFB4846FDF7F8FF0028C0D1FEF708F833
:107C4000DFE76FF0790545E76FF0040542E79368D9
:107C5000FFDE00BF7C07002030010020000700206D
:107C6000E8010020183000202DE9F04140F2E24305
:107C7000D0F88860B6FBF3F60446B6B2031DBFF336
:107C80005B8F4268BFF35B8F920417D5B0F88C20EE
:107C9000B24213D8B0F88E20B2420FD3D0E92412EA
:107CA00091420BD1BFF35B8F53E8001F21F40051C9
:107CB00043E80012002AF7D1BFF35B8F104B1D6819
:107CC00065B155F8107C203D37B1B4F89230B4F866
:107CD000902031462046B8472D6AF1E7094DDFF87C
:107CE0002880454501D3BDE8F0812F6937B1B4F84C
:107CF0009230B4F8902031462046B8472435F0E75A
:107D00004C30002050B2020098B20200F8B50F4B80
:107D10001C6805465CB1203C00F1A806E36913B17C
:107D2000314628469847246A0CB1203CF6E7084CB7
:107D3000084E05F1A807B44200D3F8BDE36913B1BA
:107D40003946284698472434F5E700BF4C300020D8
:107D500050B2020098B202002DE9F04107460846F1
:107D60000D460DF02BFE064618B900263046BDE83C
:107D7000F081144B1C6884B154F8143C203C0BB9BE
:107D8000246AF8E72946384698470028EDD0284667
:107D90000DF014FE0028F3D1E7E70B4CDFF82C8040
:107DA0004445E3D2E3680BB92434F9E72946384661
:107DB00098470028D9D028460DF000FE0028F3D1BE
:107DC000D3E700BF4C30002050B2020098B202004E
:107DD0002DE9F041C37804468BB900F17E06114BC2
:107DE0001D687DB1203D04F170076B691BB13A46F7
:107DF0003146204698472D6A25B1203DF5E700F130
:107E00007706ECE7084D094F04F17008BD4201D335
:107E1000BDE8F0816B691BB1424631462046984768
:107E20002435F3E74C30002050B2020098B2020033
:107E3000F8B5437A8372054616460EF081FC0D4B69
:107E40001C684CB154F8083C203C1BB1697A32469E
:107E500028469847246AF4E7074C084FBC4200D3F1
:107E6000F8BDA3691BB1697A324628469847243485
:107E7000F4E700BF4C30002050B2020098B202007C
:107E800038B505460C460F480121FFF70DFCC0B17F
:107E9000057223680367A388A0F87430A37980F87B
:107EA00076300123437283728370074BC0F8AC3085
:107EB000064BC0F8B030064BC0F8B430054BC0F8E4
:107EC0008C3038BD101B0020858201001163020038
:107ED000056302001800280070B505460A480E46E2
:107EE0000EF0A6FA044620B18378012B04D0FFF7E8
:107EF0000DFC0024204670BD324629460EF033FBAF
:107F00000028F7D12046F2E7101B0020F8B50546FF
:107F10000E480E4617460EF08BFA044620B18378C1
:107F2000012B03D0FFF7F2FB00240DE036B13246FF
:107F300029460EF018FB08B92046F3E7637BBB42E5
:107F4000FAD1237AAB42F7D12046F8BD101B0020AE
:107F500010B583780B70C3784B70037A8B70437BBA
:107F6000023BDBB2062B044698BF2D484FF00002BF
:107F700098BFC35C81F8272088BF134681F824305E
:107F8000A378012B0CBF637A002381F825302046AB
:107F90000EF0A1FA81F82600A378012B3DD104F15F
:107FA00070038B60237A1F4AC3EBC30313444B60F7
:107FB000E27804F1770304F17E002ABB1A460346F7
:107FC000C1E90323D4F888304B6140F2E242B3FBAD
:107FD000F2F30B83B4F890304B83B4F892308B8378
:107FE00004F1A8030B62D4F8A4302BB15B7CDA0651
:107FF00044BF012381F82730D4F8A43013B15B7C4F
:108000009B0603D4002010BD0246D9E791F8273023
:1080100043F0020381F82730F4E76FF01500F2E730
:1080200094CD02003001002038B5044608460D46C4
:108030000DF0C4FC48B3164B93F89030990707D461
:10804000E37883B129462046BDE8384000F0DAB92C
:1080500094F899309A07F3D5BFF35B8F6368BFF349
:108060005B8F5B04ECD4294620460EF0B1FA58B978
:108070002B88A4F88C306B88A4F88E30AB88A4F8D9
:108080009430EB88A4F8963038BD6FF01500FBE70C
:1080900030010020F7B510F8333C0446A0F140064B
:1080A0000BBB30460EF0EFFA314B1D684DB155F861
:1080B0001C3C203D1BB114F8341C304698472D6AF7
:1080C000F4E72C4D2C4FBD4205D3304603B0BDE83C
:1080D000F040FFF71BBB6B681BB114F8341C304633
:1080E00098472435EFE710F83E3C012B3DD1BFF314
:1080F0005B8FA0F13C0555E8003F23F4005245E8B2
:1081000000210029F7D1BFF35B8F9B041CD5E36CE2
:1081100000936946636D01933046FFF785FF58B9B8
:10812000BFF35B8F55E8003F23F4805345E80032EE
:10813000002AF7D1BFF35B8F4FF40061284603B0EC
:10814000BDE8F0400EF0EEB80C4A106851686B467E
:1081500003C369463046FFF767FF0028ECD14FF4B0
:10816000805128460EF0DEF8E6E703B0F0BD00BF10
:108170004C30002050B2020098B202003AB6020021
:108180000C4B10B91860002070471A6872B9026968
:10819000002AF7D1026832B9426822B9826812B95E
:1081A0004269002AEED06FF0150070476FF077003B
:1081B000704700BF5C30002008B568B1094B1A68F1
:1081C00000F10C0122B907480EF092F8104605E0C4
:1081D000914204D01268F5E76FF0150008BD6FF00A
:1081E0007700FBE75430002010B50E4811F0B5FCC5
:1081F0000D490C4811F0B9FC0C490A4811F0B5FCC6
:108200000B49084811F0B1FC0EF0C1FF02F00EF965
:10821000044628B902F0F0FF044608B90EF057FBF7
:10822000204610BD000700202830002034300020F8
:1082300040300020044B186818B9044A5A600B609B
:1082400070476FF00B007047603000204CBA02009E
:1082500070B5044652EA030008D0FCF7FBFD074D59
:10826000074ED5F8B0503058854201D10022134650
:1082700020460431BDE87040FFF758BB602800205D
:10828000080000002DE9F047D0F8B8400F469046AE
:1082900044B1403C236B5BB92068B8300EF0E9F97B
:1082A000246CF5E7FDF7D4FC00263046BDE8F087E6
:1082B00004F13009484611F06DFC05460028F1D064
:1082C0000DF0F5F90028EFD128460DF047F8656C60
:1082D00006469DB9A38C058A403B9BB23F2B03D831
:1082E000238D9D4228BF1D46042106F10C000DF090
:1082F00087F80580A38C438004356564BD4220D88F
:10830000B6F810A0554506D100220023484606F0D5
:1083100071FDFCF7F1FFA38CA3F140023F2A07D8BF
:10832000554514BF00220B4AB26118BF1346F361D2
:108330002068B8300EF09DF9236B13B120460EF083
:1083400079F9636CC8F800309F4234BFDF1B002707
:108350006764AAE7F5670200F7B5284D284F044681
:108360000026BD4201D303B0F0BD298820460EF09F
:1083700037FA6B68019001A920469847002838DB3E
:10838000019B2A889A829A8403F11002BFF35B8FC3
:1083900052E8001F42E800600028F9D1BFF35B8F6C
:1083A0001E645E649E60A16B03F1080219BBC4E900
:1083B0000D221C60DE6003F1300011F0CEFB01984D
:1083C00043681B6803B19847019BBFF35B8F103371
:1083D00053E8001F41F0010143E80012002AF7D1E1
:1083E000BFF35B8F01984368DB6913B100F11001A3
:1083F00098470835B5E70A60A263DAE738B20200A9
:1084000050B2020070B5144A137801330C4613F0D1
:10841000FF010CBF01230B461370064608BF194627
:10842000082212200EF0A4F9054688B108210C306C
:108430000CF0C5FF2288028062884280A288828078
:10844000E288C28029463046BDE870400EF0DFB9B0
:108450006FF00B0070BD00BF973B002023281FD892
:108460001A2804D8431E182B0ED906207047A0F1F5
:108470001B03082B1ED8DFE803F0051D1B231D1965
:10848000251D0500032070470F4A012383401A4031
:10849000C2B90E4A1A40002A0CBF062001207047BC
:1084A00000F07F03522B05D1002070470120704758
:1084B0000520704710F0400F14BF002006207047C1
:1084C0000420704702207047AAAA8A025455450129
:1084D0002DE9F74F054608468946FCF76DFE274F04
:1084E000D9F80C6018234343FA18044691680191A7
:1084F000BFF35B8FE86CBFF35B8FC1073BD5D9F847
:108500000C00007810710022FA503378D22B0ED173
:108510002B68494618680FF03FFE40B1019048466D
:10852000FCF7EAFE019B184603B0BDE8F08F182364
:108530005C4307EB040800231A464946281DD9F876
:108540000C60D9F814B0B9F810A0C8F808500EF0B3
:1085500025F903460028E6D0D9F81420A9F810A080
:10856000A6EB0B0612FA86F6019AC9F80C60385190
:10857000C8F80820D7E76FF01503D4E7B030002023
:1085800070B50E46438D418B8B4202F1010228BF2C
:108590000B469A42054632D83046FFF75FFF6FF030
:1085A0001403034113F0010310D0FCF753FC154BE7
:1085B0001958154BD3F8B03099421ED0134B1B6895
:1085C0005A1A18BF4FF0FF32134601E04FF47022E1
:1085D0000F480021FFF73CFE044660B1FCF7ECFDBC
:1085E0000C4B182202FB0033012104F10C009D60AA
:1085F0000CF0E5FE0670204670BD0022E4E7002482
:10860000F9E700BF0800000060280020F8300020D3
:1086100034070020B0300020011F014811F0CAB912
:10862000DC050020F8B54FF47022074600230D4802
:108630000E460CF064FE044690B100F10C050921D1
:1086400028460CF0B1FE2046FCF7B6FD064B18227A
:1086500002FB0033012128469F600CF0B0FE06703B
:108660002046F8BD34070020B030002008B5EFF3F5
:108670001181402383F31288BFF36F8F00230360BF
:108680000C4B5A689AB9C3E9000081F31188BFF313
:108690006F8F094806F0E4FD002807DA002383F312
:1086A0001188BFF36F8F0323184602DF08BD1060E7
:1086B0005860EAE7A8300020140400207FB5CB689A
:1086C0001D8804468DB15E8876B1AE420DD310226E
:1086D0000021684612F046FB05212046FFF7A2FF65
:1086E000019058B9112007E0354601232A4604219C
:1086F00020460EF07DFA002004B070BD6B46314676
:10870000084A009428460EF090FADDE9011323B9D7
:108710000846FCF7F1FD0A23E8E720460EF092F93F
:10872000E9E700BF616A020010B500F148030446A2
:10873000BFF35B8F53E8001F41F0010143E80012D3
:10874000002AF7D1BFF35B8F201F0EF0E5F904F18B
:108750006400044911F0F7FA2068BDE8104001F008
:10876000B5BD00BF93710200F0B51D46036885B02A
:1087700004460E461868012117460FF0FEF938B975
:1087800004F14C000EF075FA50BB122005B0F0BD9C
:1087900065B310220021684612F0E4FA39462046FB
:1087A000FFF740FF029018B3BDF82830ADF8043051
:1087B00001238DF80C3029466B460E4A009428465A
:1087C0000EF033FA9DF80C3002995BB10846FCF7C5
:1087D00093FD9DF80C302A46314620460EF008FAEB
:1087E0000020D3E720460EF02DF9F9E70120CDE770
:1087F0001120CBE70F7002002DE9FF41036804460A
:108800000D46186801210FF0B8F940B904F14C0089
:108810000EF02FFAA0BB122004B0BDE8F0811022A8
:108820000021684612F09EFA0F212046FFF7FAFE5B
:10883000029038B3009405F10C074FF001082B8A21
:10884000012B04D8029920460EF0FCF818E03846B7
:108850000CF0FFFD6B460C4A8DF80C800146064675
:108860000EF0E3F99DF80C30002BE8D00298FCF7ED
:1088700043FD9DF80C3032460E2120460EF0B8F92B
:108880000020C9E71120C7E70F7002002DE9FF4162
:10889000036804460D46186801210FF06EF940B9CF
:1088A00004F14C000EF0E5F9A0BB122004B0BDE8C5
:1088B000F08110220021684612F054FA212120464E
:1088C000FFF7B0FE029038B3009405F10C074FF0AB
:1088D00001082B8A012B04D8029920460EF0B2F829
:1088E00018E038460CF0B5FD6B460C4A8DF80C804C
:1088F000014606460EF099F99DF80C30002BE8D0A1
:108900000298FCF7F9FC9DF80C30324620212046F5
:108910000EF06EF90020C9E71120C7E78B6F020047
:108920002DE9F0430F4687B00446062107F10C00FD
:108930000CF07FFD0588EDB1B0F80280B8F1000FB2
:1089400017D0A84516D3002382888DF800308DF803
:10895000043001A94FF420536846D7F80C90ADF8C5
:108960000220ADF806300CF0E5FD064660B10A23A2
:1089700001E0454601232A46062120460EF038F93B
:10898000002007B0BDE8F0830146142201A83F7C17
:1089900012F0E8F907212046FFF744FE0290D8B113
:1089A0000A238DF81530414601AB0C4A0194284644
:1089B000CDE903698DF814700EF037F99DF8153084
:1089C00002992BB10846FCF797FC9DF81530D2E7C9
:1089D00020460EF037F8D3E71120D2E73F6D0200B2
:1089E0002DE9F0410E8A043EF6B2022E04468CB008
:1089F000084601D0102E76D104210C300CF019FD60
:108A00000DF1040805884788011D324640460CF0E8
:108A1000BEFD002869D085B377B3BD422DD860680C
:108A200001210FF0AAF8064678BB8DF8000042F647
:108A3000020369464046ADF802300CF07BFD20B3DE
:108A400042F6030306A940468DF81860ADF81A30C7
:108A50000CF070FDC8B1012D03D14FF6FF739F429A
:108A600013D004F14C000EF004F9002814BF0020CC
:108A700012200CB0BDE8F0813D4601232A460821B2
:108A800020460EF0B5F80020F3E7182200210DEB88
:108A9000020012F067F909212046FFF7C3FD089094
:108AA000F8B101210C30CDE906480CF088FC002318
:108AB000099003700A238DF82C30394606AB0C4A16
:108AC00028460EF0B2F89DF82C3008992BB10846D4
:108AD000FCF712FC9DF82C30D0E720460DF0B2FFD9
:108AE000D1E71120C5E70420C3E70E20C1E700BF8E
:108AF000F18D01002DE9F0410E8A043EF6B2022EFE
:108B000004468CB0084601D0102E64D104210C30EC
:108B10000CF08FFC0DF1080805884788011D3246CE
:108B200040460CF034FD002857D0A5B300268FB383
:108B3000BD4230D84FF4205301A940468DF804605F
:108B4000ADF806300CF0F6FC48BB1422002107A853
:108B500012F008F911212046FFF764FD0990002862
:108B600037D001210C30CDE907480CF028FC002358
:108B70000A90394603701A4A0B93284607AB0EF049
:108B800054F8DDE909131B78FBB90846FCF7B4FB80
:108B90000A2301E03D4601232A4610210EE042F659
:108BA000010307A940468DF81C60ADF81E300CF09B
:108BB000C1FC0028C9D010232A46194620460EF0D1
:108BC00017F800200CB0BDE8F08120460DF03AFF08
:108BD000F7E71120F6E70420F4E70E20F2E700BFE4
:108BE000398D0100F0B51D4603680E46003987B087
:108BF000044618BF0121186817460EF0BEFF40B9A1
:108C000004F14C000EF035F8002844D0002007B0E5
:108C1000F0BD002D41D018220021684612F0A2F8C4
:108C200047BB23681E4A1B6800930023ADF812302F
:108C30000C9B0393BDF83430ADF8103001238DF850
:108C4000143029466B4628468DF808600DF0EDFF7C
:108C50009DF81430C3B1002FD8D00198FCF74CFB1D
:108C6000002ED3D09DF814302A46122120460DF054
:108C7000BFFFCBE7002213212046FFF781FC0190C4
:108C80000028CED11120C2E701990029BED020468C
:108C90000DF0D8FEBAE71220B9E70120B7E700BF10
:108CA000D36902002DE9F0410B8A04460D46002BE2
:108CB0003AD00668012105F10C000CF0BAFB737B79
:108CC000072B074630D154F8043C6BB30178194E9A
:108CD000043C002316F8330088424FEAC30806EB31
:108CE000C30211D1298A5378994220D35368294667
:108CF0002046984703464644B278012A14D19BB1D6
:108D0000397889B100220CE001330C2BE2D10846FE
:108D1000FFF7A4FB2122C24012F0010204D119B1D5
:108D2000062320460DF064FF0020BDE8F0810423F7
:108D3000E1E700BF74BA02002DE9FF4105460E4687
:108D40004FF000084FF42053006817688DF8088032
:108D500002A91446ADF80A300CF0ECFBA0B142F6C3
:108D6000010328688DF80C8003A9ADF80E300CF0D3
:108D7000E1FB48B123691BB15A88B24200D25E8040
:108D8000012004B0BDE8F081616828680CF0D2FBD6
:108D900010B100232361F3E7E368A0681A786AB191
:108DA000B7F82AC0798B038A8C4594BFC3EB0C03B8
:108DB000C3EB0103934201DA0020E2E704210C3007
:108DC0000CF0FDFA2061068023695E80074B00935A
:108DD0000194A2680023294638460EF04DF8002879
:108DE000EADB2069003818BF0120CAE7D16B020016
:108DF0002DE9F34717680546894600685168D7F89A
:108E000004A014460CF096FB804600284BD1952216
:108E1000294650460EF0ACFD0646207540B1E36889
:108E20001B780BB184F81480002002B0BDE8F087F5
:108E3000294650460EF0DBFE10B908232375F3E7F0
:108E4000A06826750CF08EFA02210C300CF0B7FAEF
:108E5000164B2061A0F8009000930194A26833465D
:108E6000294638460EF008F8002807DA10F1FF0FFF
:108E700026BF4042C0B20E202075D5E72369002BE3
:108E8000D2D0A0680DF02EFD7B8B7A8D9A4294BFD4
:108E9000C0EB0200C0EB0300E3681B78984294BF6C
:108EA00000200120C1E70120BFE700BFF5680200F4
:108EB000F7B5002304460E462B480022694605F00C
:108EC000A9FE0546D0B9FBF7C5FF284B1A58284B19
:108ED00000981A602946242211F044FF009B25487F
:108EE0001C60009C0195C4E90155C4E907550022A6
:108EF000002301A905F08EFE054620B16FF00B0599
:108F0000284603B0F0BD0146A022019811F02AFFC7
:108F10000198194B8360543010F01FFE019BBFF382
:108F20005B8F4C3353E8002F43E800510029F9D1FF
:108F3000BFF35B8F019B1C60E369019F1BB904F1C8
:108F40000C0010F00AFEE269C7F89820226A07F1C7
:108F50009803E36102B92362019B17225A855A8361
:108F600004333360CCE700BFC005002008000000D8
:108F7000F8300020DC050020EC0300202DE9F74F3D
:108F80000646EFF31187402383F31288BFF36F8FF8
:108F9000434D28460DF09CFC2B680093044687F354
:108FA0001188BFF36F8F002860D0FCF705F93D49A9
:108FB000182202FB00F3C81851F803B003690193AB
:108FC0000021D0E9025790F80480B0F806A011F013
:108FD000C9FEA07AFCF7E8F86169814651B1627A6E
:108FE000D00705D4D9F81C20126820469268904713
:108FF000002262612146484610F0C2FDB8F1000F20
:1090000024D01DB32B680BB31B68FBB1BBF1000F61
:109010001CD1281D0EF02BF84046FFF71FFA05283B
:1090200014D8DFE800F0260313261303BFF35B8F89
:10903000EB6CBFF35B8FDA0708D52B6D33B14FF4C0
:109040007022002305F1680006F0AEF9009B6BB1B9
:109050003146002010F046FE002807DA002383F393
:109060001188BFF36F8F0323184602DF03B0BDE8FA
:10907000F08F2B68D3F80080BFF35B8FEB6CBFF3EE
:109080005B8FDB07E2D5002FE0D0002403E00199DD
:109090004046B8470134A3B25345F8D3D6E700BFE2
:1090A000A8300020B030002007B50B460246002152
:1090B000FBF7D0FE01910E4909580E48006888421E
:1090C00004D00D48D0F8B000884201D100221346E8
:1090D00001A90A4805F09EFD014638B901981C22F5
:1090E00011F040FE019803B05DF804FB0020FAE7A0
:1090F00008000000F830002060280020F80500205B
:1091000010B50446806818B1FCF7F6F80023A36098
:1091100021460248BDE8104010F04CBCF805002084
:109120002DE9F743044668300F4690461E4610F07E
:1091300016FE206D48B9201D00F028F86068132144
:1091400003B0BDE8F0430DF08FB90F4B98424FF0DC
:10915000000317D045684360206DD0F81890FFF7E2
:10916000CFFF0023206823650DF003FC3DB120688C
:10917000CDF80090006843463A463146A84703B010
:10918000BDE8F0831D46ECE7FC300020F7B550F851
:10919000044C0546002C59D000F1940104F11C0048
:1091A0000DF04EFD2E1F05F150070022002338461A
:1091B00005F020FE024678BBEB6C2BB101466FF048
:1091C00067033046FFF7ACFF002345F8043C05F188
:1091D0004803BFF35B8F53E8001F21F0010143E810
:1091E0000012002AF7D1BFF35B8FE36973BB04F170
:1091F0000C0600220023304605F0FCFD78B96668B5
:1092000086B913482660214610F0D4FB286803B0C5
:10921000BDE8F04001F0CEB8FCF76EF8C5E7FCF70A
:109220006BF8E6E7A26833686360964208BFA36004
:1092300077683FB1B3690093002320681A466FF046
:109240006701B8473046FFF75BFFD8E703B0F0BDD2
:10925000C0050020F8B51D460F461646FBF7ACFFCB
:10926000044C182303FB0040C0E903760123C380AC
:109270000575F8BDB030002010B5044914461846F5
:109280001022A04700EAE07010BD00BF381C00208B
:1092900070B50D4C2378834206460D4604D1611CFF
:1092A00028460EF05BF858B9237CB3420AD107492F
:1092B00028460EF053F810B1012004EB001070BDE9
:1092C0000020FAE70020FAE7303100204131002089
:1092D00070B50D4C2378834206460D4604D1611CBF
:1092E00028460EF03BF858B9237BB3420AD1074910
:1092F00028460EF033F80028054808BF002070BD4E
:109300002046FCE70020FAE7E01B0020ED1B0020D0
:10931000EC1B002070B50E4C2378834205460E46A8
:1093200003D1601C0EF01AF868B9237BAB420CD154
:10933000084831460EF012F820B10120404200F0FA
:109340000C00204470BD0020F8E70020FAE700BFC1
:109350009E3A0020AB3A002038B50E4B1446826886
:109360009A420D4611D122792168C0680DF0FEFFA6
:1093700058B1D4F8C8302F2B09D804EB830201333D
:10938000158101895181C4F8C830012038BD002001
:10939000FCE700BF8997010070B5204B1446826836
:1093A0009A420FD1A568C66875B9227921683046FE
:1093B0000DF0DCFF024628B1194901300EF003F828
:1093C00015701581012070BDE0680028FBD02B8846
:1093D0008B420AD0F6D2E068A36801380433E0601B
:1093E0000038A36018BF0120EDE7256822792946DF
:1093F00030460DF0BBFF024660B9094930460DF01A
:10940000B5FF02460028E6D0294601300DF0DBFF0B
:1094100023791370A3685B881381DCE789970100C7
:10942000E4CC020038B5054648B1154B13F8011CD1
:109430001A465C1E0DF097F858B1204606E0114917
:109440000F480DF08BFF78B10D4B581E38BD002032
:10945000FCE7217C04F1110228460DF084F8002875
:10946000F5D004F11000F1E7054B064903F11000B7
:109470000DF074FF0028EAD0014B03F10F00E5E77F
:1094800031310020E4CC020010B54A1C0C4628B152
:1094900009780DF068F830B1204610BD0349104638
:1094A0000DF05CFFF7E70020F7E700BFE4CC020017
:1094B0002DE9F0410646884617460CF00EFB60B3D6
:1094C00041463046FFF704FF0546B0B914480DF099
:1094D00081FF0446F8B113480DF07CFF68B9124DC6
:1094E00001246342114A03F00C030133D0184146B2
:1094F0000DF069FF0C235C4316550121B94005F1BD
:1095000008000DF042FFBDE8F04109484FF4004269
:10951000002305F049BF054DE3E7BDE8F08100BF3A
:10952000E81B0020F41B0020EC1B0020E01B0020A7
:10953000F81B00202DE9F04180460F4616461D46D7
:10954000FFF7E8FE044648B91649FFF7E3FE044674
:1095500030B300F8018B39460DF035FF23899BB9F4
:1095600062899AB926816581254615F8010B29463D
:109570000CF0B3FAA0B12246294612F8080BBDE858
:10958000F0410423FBF7E2BFB34204D86289AA4248
:1095900006D2B342E7D963892681AB42E4D2E2E73F
:1095A000BDE8F081E4CC02002DE9FF410E461746EC
:1095B0009846044628B96FF01505284604B0BDE862
:1095C000F08102A90BF08EFF05460028F3D101A916
:1095D00020460BF02BFD0198D0B902A90020FFF71F
:1095E00099FE0446D8B9002EE7D01149FFF792FE44
:1095F0000446D0B1002300F8013B02A90DF0E3FEC0
:10960000042204F108014046B84700EAE075D4E7B7
:109610000A2229460AF026FA0028DED0CBE7002EDF
:10962000EED1066046608660C7E76FF00B05C4E7C1
:10963000E4CC020038B5094B154682689A420AD13B
:10964000C4682968013420460DF088FE18B16968A5
:1096500020460DF0B8FE012038BD00BF89970100FB
:1096600008B513468168074A914209D11A791968E9
:10967000C0680DF07BFE18B10023036043600381D6
:10968000012008BD8997010002484FF4A47200230D
:1096900005F08ABEB81C002008B5042108480DF06A
:1096A00074FE07486FF002010DF07EFE04480DF0D5
:1096B00091FEC30701D5FFF7E7FF002008BD00BFFB
:1096C000E81C0020024608B5084901300DF07BFE79
:1096D000002313720C32BFF35B8F52E8001F42E885
:1096E00000300028F9D1BFF35B8F08BDE4CC020045
:1096F0002DE9F041214B154682689A42074602D176
:10970000C4686389E3B90120BDE8F08105F1700800
:10971000287A41460CF0E1F968B9194B9C4202D114
:1097200028460DF0E8FE174930460DF04CFE0023A8
:109730002370238119E0414630460DF044FE14E0C9
:10974000238993B12646284616F8011B32460CF0B1
:109750000AFF0028DAD120783146FEF7BDFB20B1A0
:10976000457BFDF7D3FF072DCDD0E3680021618154
:10977000002BC8D038469847C5E700BF899701003D
:109780004C040020E4CC02002DE9F0471F46BDF850
:109790002030D1F80C9006468846002B46D17B1E1F
:1097A000012B46D8012F49460CBF15781588FFF7C5
:1097B0006BFE044678B915B93846BDE8F0874946CE
:1097C000FFF762FE0446B8B306F1700101300DF0F8
:1097D000FAFD337A2370D9F81030DBB9B4F808A059
:1097E0002581B9F80A30AB4203D0494640460DF016
:1097F000F7FDAA4505D0307A002206F17001FFF787
:1098000057FE002DD8D10E49601C0DF0DCFD2570EF
:109810002581D1E72A464146304698470028CCDBCF
:1098200001380128DAD96FF00D00C6E76FF00600A5
:10983000C3E76FF00C00C0E76FF01000BDE700BF9A
:10984000E4CC020008B5124801210DF09EFD10F095
:10985000010F104B0AD1104A9A610D480DF0BAFD64
:10986000830713D4BDE80840FFF70EBF1A8B588B4F
:10987000012A4FF6FF7205D8904207D04FF6FF72CB
:109880005A83EAE790421983E7D0F7E708BD00BFA3
:10989000E81C0020981C00200100FFFF104911481F
:1098A00008B50DF05BFD014640B90E4B581E0DF09A
:1098B000BAFE0C4911F8010C0DF043FE08490A48A4
:1098C0000DF04CFD014650B908480DF0ACFE084BB8
:1098D000187C03F11101BDE808400DF032BE08BD4F
:1098E000E4CC020031310020413100204031002021
:1098F0003031002010B56FF0020104460E480DF023
:1099000053FD0D480DF066FDC20704D50B4800223B
:10991000002305F049FD20460DF0D8FC58B1204643
:10992000FFF780FD38B1037ADB0704D5BDE81040AE
:1099300001210DF088BE10BDE81C0020B81C0020DD
:1099400010B51B4801210DF020FDC3072ED40221C4
:1099500017480DF01AFD084007D11649164A0B8822
:10996000164CA2421CD300B10B801549154810F0CB
:10997000EAF94FF4A47200231248FBF799FE12494A
:10998000124810F0E0F9022111480DF0FEFC1148D8
:10999000114910F0D8F9BDE810401048FEF70CBC92
:1099A000506803449BB208320120DAE710BD00BFC3
:1099B00050310020B63A002098B20200B0B2020046
:1099C000B9780200481C0020A99F0100B81C0020A3
:1099D000E81C0020F81B002051790200240400201C
:1099E0002DE9F041034648B1008A38B91249DFF841
:1099F0004CE001244FF0140C714501D3BDE8F08117
:109A0000D1E90076BB4204D30CFB0672143A9342B0
:109A10000ED93444A2B208311446EDE70CFB0578A8
:109A2000434507D001356219AE4292B2F6D1F2E752
:109A30000025F8E71046E1E798B20200B0B2020054
:109A40002DE9F74FBDF83050009199464FF6FF735E
:109A5000002D08BF1D46244B1B88834207469046B5
:109A60003CD203B0BDE8F08F73682344BB4232D2CE
:109A70009CB208361D4B9E42F6D3F2E789580193FB
:109A800040460BF057FD019B90B101340AF1010AE9
:109A9000A4B273685345ECD9009B9C42E1D8BC4208
:109AA000F3D331680BFB0AF28B18B8F1000FE5D144
:109AB000B9F1000F0BD1013DADB218460E9A0D9BC6
:109AC00021469847002DCCD00028DED1C9E7DA68BE
:109AD0009145DAD1EFE74FF0000ADAE7044E0124AE
:109AE0004FF0140BC6E700BFB63A0020B0B2020038
:109AF00098B2020030B5E5B01022002101A811F0A3
:109B000031F9182200210DEB020011F02BF94FF46E
:109B10001053ADF81430204D8023ADF816304FF4BB
:109B20008063CDE9073501A962AB102205A806F0D4
:109B30004DFF0CAC014660BB4FF4AC72204611F0F7
:109B400011F962992A46204610F048FD08BB134AD5
:109B500023464FF6FF7101200DF0A3FE104905AB1F
:109B60001022204610F04FFD0546629806F0F0FEE8
:109B70007DB90B4B082203F11001187811F8014D43
:109B800003F8014B013A0870F7D1064808210DF09F
:109B9000FCFB65B030BD00BF0002C0037D75020054
:109BA000281C0020E81C00202DE9F0411949BDF8CF
:109BB00018700446A1F1300015461E4610F0E2F878
:109BC00015480DF007FC010707D4FFF793FFFFF7D7
:109BD00065FE12481021FBF7EBFC2046FFF722FC44
:109BE00068B1037ADA070AD500F10C0420460DF0BB
:109BF000F1FBC30703D4022120460DF0C6FB10235E
:109C000006933A4631462846044BBDE8F0410DF034
:109C1000FFBB00BF781C0020E81C0020281C00208F
:109C200010B51B480DF0D6FBC0F3C00080F0010456
:109C300008B9FFF75FFF16480DF0CCFB0346144848
:109C40000DF0C8FBDA0621D5830608D5F4B1FFF77D
:109C500025FEBDE810400F481021FBF7A9BC2021CC
:109C60000B480DF092FB0B491022881811F089F86F
:109C700048B9094810F073F8BDE8104004486FF087
:109C800001010DF091BBFFF7DDFDE0E710BD00BF66
:109C9000E81C0020281C0020B81C002008B510215A
:109CA00003480DF072FBFFF7BBFF002008BD00BFAB
:109CB000E81C00202DE9F041B8B00C4616462149B9
:109CC0003E986A461F460BF08DF9002837D0009D5C
:109CD00001A928460BF0AAF965B1019870B90DF1F8
:109CE00008080023284641468DF814300BF0FAFB93
:109CF000054650B16FF0150425461AE00A220021EE
:109D000009F0B0FE0028EAD0F4E7CDF81080A4B145
:109D1000C02208A93846B047041EEDDBA40808ABF2
:109D2000CDE90634084A04AB4FF6FF7101200DF06F
:109D3000B8FD284638B0BDE8F0812346F0E76FF063
:109D40001505F6E77ECB02009993010030B5B5B05A
:109D5000002301918DF8080033930A4A01AB0446B1
:109D60000D4601204FF6FF710DF09BFD339B3BB17B
:109D70009B0003AA29462046FBF70CFC35B030BDFA
:109D80001A46F7E7599301002DE9F34100F17008F5
:109D9000CDE9001204460F46007A414616460BF004
:109DA0009CFE0F4A05466B464FF6FF7101200DF0F1
:109DB00078FD1DB1207A4146FFF7C8FF207A394669
:109DC000FFF766FA40B1314601300DF0FCFA1DB1E3
:109DD000207A41460DF0B5FB02B0BDE8F08100BF2E
:109DE0003596010007B500230193FFF7F9FD411CEB
:109DF00089B20846034A01AB0DF053FD019803B048
:109E00005DF804FB1D7302002DE9F84315468946F1
:109E10009422696806460DF0ABFD8046002842D1C9
:109E20006968022230460DF0DEFD00283ED04FF476
:109E300070200021AF8AFFF737F90237044680B15E
:109E40001C4B47611D214174C0F80C804360856143
:109E50003A4630460DF076F9074638B92046FFF706
:109E60004FF96FF00B052846BDE8F8830123424601
:109E70004146FFF7EFF9A98A07F10C0002310BF018
:109E80009EFA20F8029BAA8A296910F044FFA76075
:109E9000214630460DF0FDF905460028E3D0204666
:109EA000FFF72EF9DFE74FF0FF35DCE76FF0150520
:109EB000D9E700BF2373020070B504468AB0374863
:109EC0000DF088FA42070D4661D514B1637B072B6C
:109ED00060D16E6805963046FFF782FD2A68ADF8BE
:109EE000180032B305A902912D49019101210023E7
:109EF00000914FF6FF710593FFF7A2FD059E1EB975
:109F00006FF001000AB070BD6E60002330688DF8FC
:109F1000103004A942F60303ADF812300BF00AFB2F
:109F200070B90598C3689B799B0605D46FF015003E
:109F3000E8E70028E9D1E3E70DF06CFCADF8180084
:109F4000BDF818003CB101230146AB752A462046F6
:109F5000FFF75AFFD6E76FF07F0307930223ADF8B0
:109F6000203042F60213ADF8123005ABAC75029307
:109F70000C4B01930123009304AA23464FF6FF7173
:109F800009958DF81040FFF75BFD0798BAE76FF071
:109F90000A00B7E76FF07F00B4E700BFB801002008
:109FA00051730200C1A1010073B500F130050446F0
:109FB00050F8083C0193A0F120066FF001012846FB
:109FC0000DF0F2F90D4B44F81C3C0D4B44F8183CD5
:109FD00001AB002044F8103C042324F8080C24F8BA
:109FE000060C24F80C3C3146FFF766FF18B9022135
:109FF00028460DF0CAF902B070BD00BF10BB0200C8
:10A00000F59801002DE9F0412D4B164682689A42E1
:10A01000054623D1C76834683B89FBB13A462046E0
:10A0200012F8011B0CF09FFAC0B14FF4957229464B
:10A0300020460DF09DFCA0B103280FD00528204636
:10A040000CBF4FF003084FF002080CF086FA804571
:10A0500007D93379434501D286F804800120BDE851
:10A06000F081394628460DF0BBF9164B9F42F5D1D9
:10A07000207A04F17001FFF74DF905460028EDD074
:10A08000038913B94389002BE8D02046FDF742FC31
:10A090000D4B2A8923F8202003EB80036A890B49A2
:10A0A0005A80182202FB0011094A4A600B61094AD2
:10A0B0008A60042320468B82FFF7FEFECEE700BFB6
:10A0C000899701004C0400209A3A002018310020A2
:10A0D00010BB0200EB76020070B504468AB035482A
:10A0E0000DF078F942070D465DD514B1637B072B5F
:10A0F0005CD16E6805963046FFF772FC2A68ADF8B1
:10A10000180032B305A902912B49019101210023C6
:10A1100000914FF6FF710593FFF792FC059E1EB963
:10A120006FF001000AB070BD6E60002330688DF8DA
:10A13000103004A942F60303ADF812300BF0FAF91F
:10A1400070B90598C3689B79DB0605D46FF01500DC
:10A15000E8E70028E9D1E3E70DF05CFBADF8180073
:10A16000BDF818002CB101462A4620460DF0CEFC61
:10A17000D8E742F60212ADF8122005AA6FF07F036D
:10A1800002920E4A07930123CDE90032ADF8203048
:10A1900004AA23464FF6FF7109958DF81040FFF78A
:10A1A0004FFC0798BEE76FF00A00BBE76FF07F0037
:10A1B000B8E700BFB801002051730200C1A101003F
:10A1C0002DE9F0413D4B154682689A42074603D07F
:10A1D00001273846BDE8F081D0F80C80384B98450F
:10A1E00012D0B8F80820AB899A42F1D1414611F853
:10A1F000010BFDF771FE06460028E9D0437B072BD3
:10A2000024D0FDF783FAE3E72E4C00262E492046A2
:10A210000DF0A4F878B914F8010C07222146FDF7D7
:10A2200075FE80B92B6914F8010C1A692146538810
:10A230001288FFF77FF9731C022B04F10C044FF016
:10A240000106E3D1CDE7FDF761FAF4E7D8F8143061
:10A2500023B13946984708B93046D2E739469422A7
:10A2600030460DF085FB07460028F5D1AB89022B5F
:10A2700015D1B8F808309A071ED52A69A988304642
:10A28000FFF7C2FD044618B92A69937D013393751F
:10A290003046FDF73BFA002CAC609ADB98E7012BC7
:10A2A0000AD1B8F80830DB0706D52A69A9883046F4
:10A2B0000DF02CFC0446EBE73C46E9E789970100EA
:10A2C0004C0400209F3A0020E4CC020070B58EB010
:10A2D00000F17005044603900123007A8DF81030D8
:10A2E00029460BF0FAFB90B1227A1AB302AE042190
:10A2F00030460AF019F800960F4A24212B4605A88B
:10A30000FBF786F805AA0D491046F9F7CBFE4FF684
:10A31000FF710B4A03AB01200DF0C3FA20460CF08D
:10A320001CF99DF81010884202D220460CF0E0F88B
:10A330000EB070BD0092DFE781CB0200B59C01003A
:10A3400005A001002DE9F0410D4B1B6806460F46A4
:10A35000904623B153F8044904B1043C0BB9BDE85D
:10A36000F0811B681BB142463946304698472CB1F4
:10A37000656805B1043D23462C46EFE72546FAE71C
:10A380005431002013B50A4A009004464FF6FF717D
:10A3900001206B468DF804000DF083FA0021204661
:10A3A0000DF0EBFB08B9FFF74DFA02B010BD00BF8E
:10A3B00005A0010073B5044603461A4A4FF6FF7123
:10A3C000012004F170060DF06CFA207A31460DF090
:10A3D00085FA207A31460BF080FB50B1237A8DF854
:10A3E0000430114A00966B464FF6FF7101200DF0C4
:10A3F00058FA2046FFF716F8054688B1207A31460C
:10A400000BF06BFB28B9284602B0BDE87040FFF79F
:10A4100059B93146681C02B0BDE870400CF0D3BF9A
:10A4200002B070BDF1960100619601007FB54FF456
:10A430002052ADF8162004AA02920B4A00230120F4
:10A44000CDE900324FF6FF7105AA04938DF8143060
:10A45000FFF7F6FA049B012B14BF6FF015000020E4
:10A4600007B05DF804FB00BFF77B0200064BD3F892
:10A47000EC0028B9054AC3F8F020EC330B607047B4
:10A480006FF00B00704700BFF01C002088BB02007B
:10A4900008B501460448044B0DF0CBFB043B0028F3
:10A4A00014BF1846002008BDF41C002010B50C4A4B
:10A4B00011680C4ABFF35B8F00F5B47353E8004F8B
:10A4C000944204D143E8001CBCF1000FF6D1BFF365
:10A4D0005B8FBFF35B8FD0F86801BFF35B8F10BD5C
:10A4E0005C300020F01C002008B5FFF7DFFFB8B19A
:10A4F000036843B1426832B1826812B90B4A1278DC
:10A500003AB904200BE0094A127812B10BB1826803
:10A5100042B9426842B9002B14BF0020032008BD95
:10A520000320FCE70120FAE70220F8E7983B00202F
:10A5300038B5051D0446082128460DF0E0FB064904
:10A5400004F15700FCF760FF20B1284608210DF008
:10A55000AEFB082038BD00BF2D82020038B5EC22CA
:10A560000546002110F0FEFB102105F1270002F046
:10A57000F1FF044648B9052128460DF0C0FBFCF761
:10A5800033FF034B1860204638BD0824FBE700BFAB
:10A590005C31002070B50E4686B00446FFF786FF9A
:10A5A000F36804F137020546114603F1100053F831
:10A5B000046B41F8046B8342F9D1237A052B40D810
:10A5C000DFE803F0172323033F6502AB45490093FF
:10A5D000096804F1270304F1570000F039FF80BB3C
:10A5E0000A21201D0DF08BFBAB680299D4F8EC001A
:10A5F000984720460D210DF082FB201D10210DF003
:10A600007EFB20460DF0D3FB19E094F8DC10D4F863
:10A61000D83002ADCB403349009503F001030968FF
:10A6200043F0800304F157000EF088F848B9102277
:10A63000294604F1170010F0A4FB20B1042006B055
:10A6400070BD0820FBE7032120460DF058FB0DF0FC
:10A65000AEFB0028F5D194F8DC300133DBB2142BCB
:10A6600084F8DC3009D10D2120460DF048FB102183
:10A67000201D0DF044FB0020E1E7102104F127002C
:10A6800002F068FF003818BF0120C000D7E7102192
:10A6900004F1270002F05EFF0028D2D105B3EB6879
:10A6A000F3B1114BE27A1B88ADF80830A37C12F0AD
:10A6B000010F08BF0320DB0703D5002814BF0120CA
:10A6C00002200023C4E938338DF809000C21201D35
:10A6D0000DF015FBEB68D4F8EC0002A99847CAE727
:10A6E0000220ACE75C310020B6B6020073B5047AF4
:10A6F000022C054623D844B190F8DC30D0F8D8407D
:10A70000DC4004F0010444F08004032128460DF0ED
:10A710002FFB0646A8B110210C300AF050FE009025
:10A720000F482346006805F1270205F157010EF096
:10A7300005F8044650B13046FAF7DEFD01E0032C7F
:10A7400002D0082002B070BD0024DEE73146284662
:10A750000DF0BEFA281D21460DF0A9FA2046F1E7BA
:10A760005C310020F7B50446FFF7A0FE261D054624
:10A770000E2130460DF05DFA38B9474B202219689A
:10A7800004F1570010F0FDFA90B30C2120460DF0B3
:10A79000EFFA074660B340210C300AF010FE3E4B42
:10A7A0001B680246014603F1200053F804CB41F830
:10A7B00004CB8342F9D1203203F1200153F8040B7A
:10A7C00042F8040B8B42F9D1394620460DF080FA4D
:10A7D000237A052B0CD8DFE803F0033D0E030B5A58
:10A7E000042120460DF08BFAFFF780FF002840D0AF
:10A7F000082003B0F0BD2046D4F8EC70FFF756FEF9
:10A80000042105464FF0FF330DEB0100019302F0E8
:10A81000A1FE0028ECD1019B204AB3FBF2F102FB20
:10A8200011330193C4F8D83084F8DC0055B12B689B
:10A8300043B10B2130460DF062FA2B68D4F8D810E2
:10A8400038469847032120460DF059FA0E210DF0A5
:10A8500056FA0EE0204603210DF051FA0E210DF0BC
:10A860004EFA30460A210DF04AFA6B68D4F8EC0033
:10A870009847304607210DF042FA0820FFF708FEFE
:10A8800040B9204603B0BDE8F040FFF751BE0421B7
:10A890002046DCE70020ACE75C31002040420F009E
:10A8A00070B50E460546FFF701FEF36805F1570443
:10A8B000224603F1200153F8040B42F8040B8B42AB
:10A8C000F9D105F1770203F1200153F8040B42F8A6
:10A8D000040B8B42F9D12046FCF7F6FC18B3281D77
:10A8E0000E210DF00CFAD5F8EC40D4F8A40080B994
:10A8F000207A04F1700100F08DFCC4F8A40040B986
:10A90000104B1C68B4B9281D06210DF0F8F920463B
:10A9100008E0438A03F02403002BF1D0437C9B071B
:10A92000EED4032070BD2046FCF7DAFC0028E7D106
:10A930000B20F7E72846FFF715FF003818BF012066
:10A94000C000EFE75C31002038B512490446A0F1A1
:10A95000EC054C300FF0F7F928460DF069FBBFF31A
:10A960005B8F0D4A04F17C0353E8001F43E800208D
:10A970000028F9D1BFF35B8FBFF35B8F80344FF0BA
:10A98000FF3354E8002F44E800310029F9D1BFF328
:10A990005B8F38BD4F840200F01C002038B5174B88
:10A9A0001B78054623B301F00F042846FFF79CFDF2
:10A9B000134A03280CBF04F00B0444F0040405F50B
:10A9C000B6731278BFF35B8F53E8001F013103D1D8
:10A9D00043E800200028F7D1BFF35B8FBFF35B8F04
:10A9E000D5F86C31BFF35B8F2BB144F0010038BD5B
:10A9F00001F00704D9E704F0FE00F8E7983B0020D7
:10AA0000AB050020F8B50D46D0F8EC700446FFF712
:10AA10004DFDED68EB78102B01D00620F8BDD7F87E
:10AA2000A430002B73D0261D0F2130460DF001F904
:10AA300020B92046FFF792FD002871D101236372EF
:10AA40002B68C4F80A30AB88E38102232374A97809
:10AA50002046FFF7A3FFE0742046FFF745FD1023D3
:10AA6000607423752B7903F0030363756B7903F02E
:10AA70000103A375E37C1A0754D4052130460DF079
:10AA8000D8F800285CD0574B1B78A374E37C980659
:10AA900006D5AB78990603D5142130460DF02FF971
:10AAA000E37CDA074ED5AB78DB074BD50D2130467A
:10AAB0000DF025F9A37D84F8E830637D84F8E93052
:10AAC000032130460DF01BF9237BE17C2D7803EA4E
:10AAD0000102100704D5E27AA07C0243D20735D4E4
:10AAE000042D35D80B4313F0040307D02046FFF79D
:10AAF000FBFC3D4B05EB85052B441B5C2372D7F813
:10AB0000A41020460DF09EF820BB032086E7387A7B
:10AB100007F1700100F07EFBC7F8A400002882D185
:10AB200008207BE7AB781B07A7D5052130460DF041
:10AB3000E6F8637D03F0020363750023A3759CE7C9
:10AB40002A4BA1E700236375A375B3E70523D5E777
:10AB50000023D3E7D4F8EC309B7A032B33D022D8F0
:10AB6000013B012BDCD8052130460DF062F80028AE
:10AB7000CBD00C2120460DF0C2F802210DF0F8F8E0
:10AB800005460028CCD006210C300AF018FCD4F879
:10AB900011300360B4F815308380294620460DF04B
:10ABA00097F800203AE7042BBAD1237D627B9342C9
:10ABB00028BF1346102B7FF430AF052130460DF02F
:10ABC00038F80028A1D0237A002B9ED005213046EA
:10ABD0000DF02FF80028C6D1237A013B012BC2D8F3
:10ABE00093E700BF9A3B0020BBCD0200993B0020B9
:10ABF00073B51F4E336805463BBB4FF0FF324FF035
:10AC0000FF331C4804F034F81B48FCF7A1FB044652
:10AC100040B110F1780F05D0164804F09BF820469B
:10AC200002B070BD13494FF47022002301F11400EB
:10AC300004F0FAFB04460028F1D10E4804F08AF82B
:10AC4000336813B96FF00A04E9E71021284602F0CF
:10AC500081FC04460028E2D1316805F1100300931D
:10AC60002A46034608460DF069FD0446D7E700BFB3
:10AC70005C31002064040020800400202DE9F041B4
:10AC8000C778012F044604D06FF015042046BDE8B4
:10AC9000F0810CF0C7FF0546002800F0A980061DD2
:10ACA000042130460CF0C5FF002840F0A4800321A9
:10ACB00030460CF0BEFF10B16FF00F04E6E73946E6
:10ACC00030460CF0B6FF0028F6D12846FFF7EEFB21
:10ACD000D5F8EC309B7A032B074640D030D8013BA7
:10ACE000012B46D90F21201D0CF0A3FF0028CBD14A
:10ACF000D4F8A40090B904F17007217A3A462020D4
:10AD000000F0D4FAC4F8A40040B9217A3A460420ED
:10AD100000F0CCFAC4F8A4000028B5D0438A13F0A0
:10AD2000240FB1D0A27A022A23D9417CC907ABD51E
:10AD3000032A1ED09B06A7D5037C102BA4D118E0B4
:10AD4000042BCFD12846FFF7CFFB032804D1002FD7
:10AD5000C8D0FB68002BC5D0284B1B7807E02846DD
:10AD6000FFF7C2FB032804D1002FBBD0FB68002BE8
:10AD7000B8D0D4F8A4303BB12846FFF7EFFB044627
:10AD800070B16FF0680481E7207A04F1700100F07F
:10AD900041FAC4F8A4000028EED16FF00B0475E767
:10ADA0000B2128460CF0E4FF07460028E9D00121DA
:10ADB0000C300AF004FB092180462846FFF7EEFD1F
:10ADC000234688F800002246394605F1EC000BF0D6
:10ADD000E5FC044618B13846FAF78EFA56E73046D5
:10ADE0000F210CF08CFF012128460CF088FF4DE765
:10ADF0006FF07F044AE76FF0040447E7983B0020B8
:10AE0000F8B5D0F8EC40D4F8A4300546061D002B68
:10AE100073D079BB0D2130460CF00BFF074620B1F3
:10AE2000D4F8A40008B10DF069FC364B1B6823B1BF
:10AE300053F80C6906B10C3E73B928460DF0F8F8CA
:10AE4000637B072B5DD1627AA37A9A4259D0204660
:10AE5000BDE8F840FFF712BF1B6813B13946204622
:10AE600098472EB1F26802B10C3A33461646E3E732
:10AE70003246FAE70139C9B20E2998BF224A1B7C33
:10AE800094BF575C0927002B30D1D4F8A4000DF0F3
:10AE900090FB0023C4F8A430022130460CF0C9FE18
:10AEA00040B9072F96BF194B1F21D95D3A4620465E
:10AEB000FCF7BEFF032130460CF0BBFE0028BCD0DF
:10AEC000104B1B68002BB8D053F80C6906B10C3E30
:10AED000002BB2D05B6813B139462046984776B153
:10AEE000F26802B10C3A33461646F1E702213046C9
:10AEF0000CF09FFE0028C8D1CEE70927CCE73246E8
:10AF0000F1E7F8BD54300020ACCD02009BCD02002B
:10AF1000124B10B5044618604FF0FF324FF0FF336C
:10AF20000F4803F0A5FE0F4804F044FA0C4803F064
:10AF300011FF04B910BD0C4CBFF35B8F2368BFF346
:10AF40005B8F5B06F6D5201FFFF70CFC0028F1D0C5
:10AF50000821201F0DF023F9ECE700BF5C31002031
:10AF60006404002078040020F41C00202DE9F04146
:10AF70000B8A04460E46B3B3012106F10C000AF019
:10AF800058FAA4F1EC05E83C0746042120460CF0F1
:10AF900050FE40BB39780E2925D8DFF8508058F88C
:10AFA000313023B9072128460DF0F9F81BE0284677
:10AFB0000DF027F830B9032120460CF03AFE90B18D
:10AFC0000821F0E73B78318A08EBC30212799142FD
:10AFD00001D00A21E7E7314658F833302846984730
:10AFE00001460028DFD10020BDE8F081B0BB02009F
:10AFF0002DE9FF4190F8E930CF68D0F8EC6023F0FC
:10B00000020380F8E9303B78044623B1BB7903F0B2
:10B01000C003C02B73D106F17008072239464046A1
:10B020000FF0AFFE88B1307A394600F097F9054647
:10B0300058B1014620460CF005FE18B9082004B0AE
:10B04000BDE8F08128460DF0B4FA0D21201D0CF06A
:10B05000F0FD00283FD0317A424602200DF095FAEB
:10B0600005460028EAD0F378002B41D106F17E0393
:10B070001878012827D19A7902F0C002402A22D1FB
:10B08000D3F80120C5F83E20B3F80530A5F84230CA
:10B0900096F87030BBB196F8763003F0C003C02B41
:10B0A00011D01949039501AACDE90187FCF7F6FBF8
:10B0B0003B68C5F80130BB88A5F80530BB79EB715A
:10B0C0003046FCF785FE00212846FBF7F3F8C0B9AF
:10B0D0002846FBF701F994F8E9305B0703D50A210C
:10B0E00020460CF00CFEB4F8E81021B10020A6E7D1
:10B0F00006F17703BCE72046FFF782FEF6E70A2059
:10B100009DE703209BE700BF778002002DE9F04117
:10B110000546A0F1E80604460F463046012155F8E1
:10B12000EC890CF06EFF002859D0CFB103213046D6
:10B130000CF07FFD002852D03846FAF76DFD01383B
:10B14000C0B208289ABF2B4B1C5C00240221304659
:10B150000CF0D5FD21462846BDE8F041FFF750BE72
:10B1600098F80B30002B3AD0032130460CF061FDEB
:10B1700020B92846BDE8F0410CF05ABF0521304601
:10B180000CF057FDB8B114F8043C1F0707D514F8AC
:10B19000033C180703D5112130460CF0B0FD14F81C
:10B1A000043C23F0080304F8043C14F8033C23F0A7
:10B1B000080304F8033C14F8033CD90711D5062111
:10B1C00028460CF09CFD022130460CF098FD2368C7
:10B1D000D3F8A4301BB134F8041C0029BBD0BDE85F
:10B1E000F0819A0701D50821EAE75B07EBD50A2130
:10B1F000E6E700BFA3CD020008B5044B04480122D6
:10B200001A70FCF7A5F8002008BD00BF983B00208D
:10B210008004002070B5054612480378AB420C4606
:10B220004FF0010604D1072230440FF0AAFDA0B16F
:10B230002EB10D490D4807220FF0A3FD78B9094A38
:10B24000134603F8015B2168C2F80110A1889980B8
:10B25000A179997140F21123D360024870BD00209A
:10B26000FCE700BF60310020E4CC02006131002027
:10B27000F8B5084F164604460D4600227B8A234047
:10B2800002B1F8BD002BFCD031463846A847012258
:10B29000F4E700BF6031002008B503490022022016
:10B2A000FFF7E6FF002008BD7D85020070B50B4C5E
:10B2B000638A03400D464FF000061146227808D0FD
:10B2C000AA4204D10722601C0FF05BFD18B1304682
:10B2D00000E0184670BD2046FCE700BF603100204A
:10B2E000F8B50B78012B06460C4601D00020F8BDBE
:10B2F0008B7903F0C003402BF8D1154D6F8A294696
:10B30000BF0711F83E2B4FF0000304F1010006D5F2
:10B31000B24204D106220FF034FDB8B10023002B55
:10B32000E4D16B8A9B07E1D52B78B342DED1661C52
:10B33000084831460AF0C3F80028D7D0D4F80130C5
:10B34000C5F83E30044BB4F805209A800048CEE79B
:10B35000603100208E3100209E31002010B5074C56
:10B360002378834208D10722601C0FF00AFD0028D1
:10B370000CBF2046002010BD0020FCE760310020FB
:10B380002DE9F0439BB0304CDDE923871D46844610
:10B39000894616460CAB04F1300E206861681A46E7
:10B3A00003C2083474451346F7D12068106022792F
:10B3B0001A716146202204A80DF0A8F923486B46B3
:10B3C000202204A900F072F80446C0BB10224946AE
:10B3D0000DF135000DF09AF9102231460DF14500BE
:10B3E0000DF094F92946062211F8013B8DF85530ED
:10B3F0000DF156000DF08AF92299062211F8013B51
:10B400008DF85C300DF15D000DF080F9434635227A
:10B410000CA9684600F04AF8044680B940460DF091
:10B420007FF901238DF8303035223B460CA9684660
:10B4300000F03CF8044610B938460DF071F920468A
:10B440001BB0BDE8F08300BFB8B60200D4CD020047
:10B4500070B598B00E4614460146202204A81D4639
:10B460000DF054F9202231460CA80DF04FF91022AE
:10B47000294614A80DF04AF91022214668460DF01D
:10B4800045F96B46502204A9684600F00FF840B910
:10B49000039B054A1BBAB3FBF2F102FB11331C9A62
:10B4A000136018B070BD00BF40420F002DE9F0419D
:10B4B0008EB007460C4615460021182208A81E46E5
:10B4C0000FF050FC4FF41053DFF85080ADF81C30F3
:10B4D0008023ADF81E304FF44063CDE909381022C7
:10B4E00005AB394607A805F071FA20B16FF00400EA
:10B4F0000EB0BDE8F08106AB029310232246CDE9E1
:10B50000006341462B4605980FF0AAF804460598BB
:10B5100005F01EFA2043EBD0E8E700BF0002C003AD
:10B5200010B5094C0A44914200D110BD11F8013BFD
:10B53000584003090001E35CC0B2434018091B01F5
:10B54000205CDBB25840EEE7E4CD0200084B70B55A
:10B55000C31A0D4607499B1004465943064840222A
:10B560000DF06AF92B4601462046BDE870401847A9
:10B57000B8310020B76DDBB660AF020073B50C4C7C
:10B580000C4A4023041B00930D460B460A49A410A5
:10B590006143064609480DF07AF9014628B1304664
:10B5A0002B4602B0BDE87040184702B070BD00BF26
:10B5B000B8310020FD880200B76DDBB660AF020035
:10B5C0000022F8B5012105461046F9F737FB10486F
:10B5D00002F038F90446B8B90DF0F0FD2F690D49B5
:10B5E000384608F061FF031E09DB01263E642D6921
:10B5F000084905F11C0008F057FF031E02DA1C463B
:10B600002046F8BDEE64FBE76FF00404F8E700BFE6
:10B6100041B7010028BC02001FB500220123CDE97B
:10B6200002236C46074A6B46CDE900440DF05FF9F2
:10B6300028B94FF480420023684603F041FC04B06F
:10B6400010BD00BF0F89020010B5EFF31184402335
:10B6500083F31288BFF36F8F074A136823F0020148
:10B66000DB07116002D401200DF0A2FD84F31188E4
:10B67000BFF36F8F10BD00BF0832002030B4104BF5
:10B680000C2202FB003301460020D3E90E529863DE
:10B69000EFF31180402484F31288BFF36F8F1C6C8A
:10B6A00004F0C00444F002041C6480F31188BFF36A
:10B6B0006F8F1DB12B46034830BC184730BC704714
:10B6C000B831002060AF020010B4EFF311804022C7
:10B6D00082F31288BFF36F8F17490B6843F002049F
:10B6E00013F001030C601AD04FF08043D3F80C1410
:10B6F000D3F80C3413F0010311D0EFF3118182F36E
:10B700001288BFF36F8F0D4A136C03F0C00343F030
:10B710000203136481F31188BFF36F8F012380F359
:10B720001188BFF36F8F1BB110BC0020FFF7A6BFBD
:10B7300010BC012002F076B808320020B831002099
:10B7400010B1012804D07047034B1B6C5B0701D17B
:10B75000FFF794BF704700BFB83100202DE9F041DA
:10B760003849BFF35B8F8046012251E8003F41E832
:10B7700000200028F9D1BFF35B8F33B93249334839
:10B780004B60CB608A6008F0A2FE08F1FF33012B0A
:10B790004BD8B8F1010F07D14FF08043D3F81C34D8
:10B7A00003F00303012B40D00EF024FB054658B1F3
:10B7B000EFF31186402383F31288BFF36F8F0125C7
:10B7C000234F4FF080441EE0224B1B78002BEFD01C
:10B7D0004FF080430222C3F808230646F0E735B352
:10B7E000304609F062FDD4F8183563B9D4F8042165
:10B7F0004AB1C4F80431D4F804310123C4F818352F
:10B80000C7F88031A360D4F81824D4F81834D203D0
:10B81000E5D503F00303012B02D0B8F1010FDED10F
:10B8200055B186F31188BFF36F8FBDE8F081002119
:10B8300021200EF07AFBD6E74FF080430222C3F8B6
:10B840000423F2E7B4310020A4310020D4310020D9
:10B8500000E100E0313E0020EFF31182402383F34A
:10B860001288BFF36F8F0A4BD3F8001161B100212A
:10B87000D3F80805C3F80011D3F80031C0B282F341
:10B880001188BFF36F8F70476FF00A00F7E700BFB2
:10B8900000D00040F0B503468478C678EFF3118EEF
:10B8A000402080F31288BFF36F8F1D7893F801C09A
:10B8B000641B3440A24288BFA2B2AF18374028466A
:10B8C0001F708EF31188BFF36F8F8F188F4218D1BE
:10B8D00065450CD1EFF31181402080F31288BFF34E
:10B8E0006F8F1878587081F31188BFF36F8F1B79B1
:10B8F000A41AA34228BF074B90B224BF01221A60AA
:10B90000F0BD03EB000E01309EF805E001F801EBFD
:10B910003040DBE700D00040DB432DE9F04713F077
:10B9200001050F46144604D02448FFF7B3FFBDE8D5
:10B93000F087B2B3EFF31186402383F31288BFF38D
:10B940006F8F0D20F9F76CF980460D20F9F754F947
:10B9500086F31188BFF36F8FDFF864A0194ECAF821
:10B960000051DAF800314FF400590123CAF80030D1
:10B970002546C6F88091DAF80031A3B1FFF76CFFD5
:10B98000031EA4BF05F1FF35ADB2C6F88091A8BF74
:10B990007B55002DEFD1B8F1000F02D00D20F9F743
:10B9A0001DF92046C3E7EFF31180402383F312888B
:10B9B000BFF36F8F09F079FCDDE700BF2C32002068
:10B9C00000D0004000E100E070B50D4614460CB90F
:10B9D000204670BD4FF0FF334FF0FF320C4803F0AC
:10B9E0006FFA224629460B48FFF754FF06460848DF
:10B9F00003F032FA3EB94FF0FF324FF0FF33064802
:10BA000003F05EFAE6E7A41BA4B23544DFE700BF0B
:10BA10000C320020413200201C32002038B50122B7
:10BA2000114617480EF0BAF8154D0122002105F114
:10BA300010000EF0B3F840F207432B874FF070630D
:10BA40002B620C2385F8243000240E4B85F83540FA
:10BA5000EC86D3F8042522F00102C3F80425012165
:10BA6000C3F80041D3F80021C3F80413224619603B
:10BA70000D20F9F7E3F80D20F9F7B0F8204638BDAE
:10BA80000C32002000D0004010B5FFF7E5FE002882
:10BA900020DB174B93F8222093F8214093F82310D2
:10BAA000141B31EA0404C0B20DD193F8372093F887
:10BAB000364093F83810141B31EA04040BD10D4BB7
:10BAC00001225A600EE09C180132114084F82500D2
:10BAD00083F8221010BD9C180132114084F83A00FE
:10BAE00083F837100448BDE8104003F0B5B900BF33
:10BAF0000C32002000D000401C320020024B0B60B2
:10BB000001231360704700BFB8BC020000487047B3
:10BB10004CBC02002DE9F04F43688BB05E6B07AD63
:10BB200080462A46002130460DF024FA041EC0F259
:10BB30009380079B32681979186800F0D7FB041EC0
:10BB4000C0F28A80002201212920F9F777F8D8F87D
:10BB50000490D8F810206649484602F0DDFD041E26
:10BB600075DB00230793C5E90133624CAB238DF8E5
:10BB70001C30D4F82425D2B20192D4F82835DBB297
:10BB80000093D4F830155FFA81FBD4F83415D4F85B
:10BB90003875D4F83C655FFA81FA4FF0FF31C4F88C
:10BBA00024150120C4F82815C4F83015C4F834153C
:10BBB000C4F83815C4F83C1502F020FE019AFF2A9B
:10BBC00008BF4FF0FF32C4F82425009BFF2B08BFAD
:10BBD0004FF0FF33BBF1FF0FFFB208BF4FF0FF3B49
:10BBE000BAF1FF0FF6B208BF4FF0FF3AFF2F08BFC0
:10BBF0004FF0FF37FF2E08BF4FF0FF36C4F828354F
:10BC0000C4F830B5C4F834A5C4F83875C4F83C6538
:10BC1000064628BB014628460CF01EFF041E16DB14
:10BC200023204FF0030B0DF040FE0DF1100ACDE97B
:10BC300006B69F236E6005AF31462846CDF814A0A6
:10BC40008DF81C3009970CF007FF041E0BDA02F088
:10BC5000F1FD08B102F0DEFD20460BB0BDE8F08F2B
:10BC60006FF00404F3E75A46514609F130000FF033
:10BC700088F80446002835D1D8F80420537F023BC9
:10BC8000012B2DD9167F023E022E8CBF00260126E5
:10BC90000CF025FF002828DBC2B2C0F38010B042B0
:10BCA000D5D00023012182F04002CDE90613ADF882
:10BCB0000C30AB608DF80C20284603AA05928DF855
:10BCC0001C1008970CF0C8FE04460028BFD10CF0E9
:10BCD00006FF041E01DBE307F9D404EAE474B6E7C7
:10BCE0000126D5E76FF01204B1E70446AFE700BFC5
:10BCF0004D8A020000900240024B0B60012313604A
:10BD0000704700BF5032002000487047C0BC02009E
:10BD100010B5012211460748074C0DF03FFF01F016
:10BD2000DFFD0DF08AFD20600DF083FD60600020D6
:10BD300010BD00BF58320020503200204FF080422A
:10BD4000D2F81015D2F8103501F01E0123F01F03B0
:10BD50000B4343F00103C2F81035024B00221A7066
:10BD6000704700BF9B3B00204FF08053D3F8303129
:10BD7000082B20D14FF08042D2F81015CB071AD5EE
:10BD8000D2F8103501F01E0123F01F030B43C2F857
:10BD90001035D2F808315BB1D2F8103523F01F030B
:10BDA0000B4343F00103C2F810356FF08B0070476E
:10BDB000024B01221A700020704700BF9B3B0020FD
:10BDC000F8B504460DF035FD237B05460BB10DF0AB
:10BDD00004FA134F0026FFF7C7FFE8B9606802F0C6
:10BDE0003FFAA3685B1BA36063682B4463603B78E6
:10BDF0000BB1FFF7A3FF237B01363BB9A368002BF0
:10BE0000E9D1A068003818BF0120F8BD304601F024
:10BE1000E3FD0028F2D0F4E76FF08B00F5E700BFF8
:10BE20009B3B0020F0B587B00E4615460DF001FD96
:10BE30002946074630460DF020F8C8B3B6FBF7F3A5
:10BE400007FB1363A3BBB5FBF7F407FB14547CBBE0
:10BE5000BD4222D34FF0FF324FF0FF33164803F0BC
:10BE60002FF80DF0AEF902AB01461022C0B1214609
:10BE700018460EF077FF01228DF814200F4ACDE905
:10BE800000200F48CDE9036501F032FD684601F05E
:10BE900035FD0446084802F0DFFF204607B0F0BD3C
:10BEA00018460EF05FFFCDE90365FFF789FFF0E765
:10BEB0006FF01504F1E700BF58320020C1BD01004A
:10BEC000645E010070B5037B04460BB10DF085F98B
:10BED000194E0125A368032B06D8184AD2F800345E
:10BEE000DB07FBD5002070BDFFF73EFF08BB2368D2
:10BEF0006068196802F0D0F933780BB1FFF71EFFC4
:10BF0000636804336360236804332360A368043BDD
:10BF1000A360237B0135002BDCD0284601F05CFDBB
:10BF20000028D7D0054AD2F80034D907FBD5012024
:10BF3000D9E76FF08B00D6E79B3B002000E0014083
:10BF400070B50D4686B01946284616461C460CF0BC
:10BF500094FF60B345EA04039B0728D1FCB14FF07E
:10BF6000FF334FF0FF32134802F0AAFF0DF029F91A
:10BF70000346CDE9026502A804949BB101238DF824
:10BF800014300D4BCDE9003041F64C5001F0B0FCBF
:10BF9000684601F0B3FC0446064802F05DFF204607
:10BFA00006B070BD8DF81430FFF78CFFF3E76FF02B
:10BFB0001504F4E758320020C5BE01002DE9F04316
:10BFC000476840F20636D0063B7C87B002EA060698
:10BFD00054BFC2F3401C4FF0030C01F01F05B6F52F
:10BFE000837F144645EA43158DF803C044D00DD82D
:10BFF000062E16D005D8A6B1022E3FD06FF0150040
:10C0000037E0B6F5807FF9D101260AE040F202223E
:10C01000964235D0B6F5407F34D0B6F5007FEDD1ED
:10C020000226220330D57A6801238B40C2F80835F6
:10C03000B868A0BB05F01F036D092DD0012D77D185
:10C040003E4A02EB8302C4F30043D2F8001783F0A8
:10C050000103C4F3404444EA430421F4E16144EAA7
:10C060008C0421F0070144EA06230B43C2F8003791
:10C07000002007B0BDE8F0830726D2E70426D0E70A
:10C080000526CEE70326CCE7630341BF01237A6888
:10C090008B40C2F80C35CBE74FF0A042D1E70DF151
:10C0A000020229460DF027FB14F4403F80460CD1D4
:10C0B000B86829460DF054FBB8F1000FD8D19DF8AF
:10C0C0000210B86801F02AFED2E74FF0000901AB78
:10C0D000CDE90199CDE90439CDF80C90B86803AAEF
:10C0E00029460DF0DDF94845C2DB14F4003314D0C5
:10C0F000C4F300449DF803308DF80E3084F0010441
:10C100008DF80C608DF80D40B8684B4603AA29469F
:10C110000DF079FA0028CFDAAAE7CDE904330DF162
:10C1200003030393B86803AA29460DF0B9F9F1E7B0
:10C1300003F5E07350F82330FFDE00BF000300502A
:10C14000420970B5034602D0012A17D070BD0D4ECA
:10C15000326951680029F9D003F01F0301250C68EA
:10C160009D400029F2D08A682A4002D04B683046B0
:10C1700098472CB1236821461C46F2E7024EE7E7B8
:10C180002346F8E798AF02007CAF020038B5456857
:10C19000A86890B10DF0DEFA014670B9A8680DF0FC
:10C1A000BDFA044658B902460649A8680DF0A0FA3F
:10C1B000224605210620F8F741FD002038BD6FF02A
:10C1C0000400FBE741C10100F0B544681646A068D1
:10C1D000227C01F01F0587B045EA421500286DD08A
:10C1E000B6F5001F04D129460DF00DFB002056E0E6
:10C1F0006268607CC2F8240501AA0020B6F5800FB1
:10C200000190506037D1B3F1007F14BF05230423A0
:10C210008DF804300023CDE904230393E36823FA67
:10C2200001F111F001010DF103073AD1B6F1A07F40
:10C2300037D105F01F036A0903F5E07326D0012A00
:10C240003FD1214A52F82330DB072AD4A0683A466E
:10C2500029460DF050FA16301BD00297A06803AAA9
:10C2600029460DF01DF9002819DBA0680122294696
:10C270000DF078FABAE7B3F1C06F05D0B3F1007FE3
:10C2800014BF01230223C3E70323C1E74FF0A042F9
:10C29000D8E7A068394601F047FD0028DDDA07B08D
:10C2A000F0BDA0683A4629460DF025FA0028D5D100
:10C2B0009DF80310A06801F031FDCFE76FF0850015
:10C2C000EDE751F82330FFDE00030050036803F070
:10C2D0001F025B09026004D0012B034818BF002035
:10C2E00070474FF0A0407047000300502DE9F04F19
:10C2F00000EB8109654985B01546834640F2FF1A77
:10C30000D94503D1002005B0BDE8F08FDBF800204F
:10C31000C2F3C72818F00808C2F3C320C2F3080408
:10C3200040F0B1805A4B544508BF4FF0FF34B2F192
:10C330000C5F1E5C4FEA126015D2222815D8DFE888
:10C3400000F017272B382E3438141414143E4814D8
:10C3500014141414141414144B86898C1414148F8C
:10C360009396999C9F004E2826D06FF08500CAE7CF
:10C37000C5F80C45621C67D003A80394FFF7A6FF1D
:10C38000039A012707FA02F2C0F80825384639E077
:10C39000C5F81445002718E0C5F80845EAE7C5F8D0
:10C3A00008450027601C22D14EE0C5F80C45012746
:10C3B000F8E7C5F81045EDE7C5F81445DAE7C5F824
:10C3C0000845002EE6D100270626631C3CD000203D
:10C3D00018E0C5F80C45F4E7C5F86045BBF8022045
:10C3E000671C02F001022FD0002AC5D1012703A843
:10C3F0000394FFF76BFF039A8446012000FA02F2D0
:10C40000CCF80C25DBF80020019202F4004CBCF1C2
:10C41000000F08BF804603A818BF01270394FFF749
:10C4200055FF039C019A00EB8400C2F3412CD0F825
:10C430000047320242EA8C0242EA08020C402243E0
:10C4400042EA4702C0F800270BF1040B58E7C5F891
:10C450006445C3E7C5F86845C0E7C5F86C45BDE766
:10C46000C5F824450127B0E7C5F8284582E7C5F897
:10C470003045F7E7C5F83445F4E7C5F83845F1E746
:10C48000C5F83C4576E76FF015003CE7F0F8FCFF97
:10C49000F4CD020070B5012383400F4ABFF35B8FD8
:10C4A000DC4352E8001F01EA040542E80056002E72
:10C4B000F7D1BFF35B8F4FF4803282400748C0F85A
:10C4C0000823BFF35F8FBFF36F8F03EA01000038CB
:10C4D00018BF012070BD00BF843200200010014051
:10C4E00070B41249D1E90034D01AC31844F10004E1
:10C4F00022F07F46C1E90034A6F50013B3F5400FE2
:10C5000009D20B4B1B681A0A1B069C19094B42F1F6
:10C510000005C3E90045EFF31181402383F312883E
:10C52000BFF36F8F70BC03F0C9BC00BF701E00204A
:10C5300088320020781E002011B3BFF35B8F0123E7
:10C54000104A834052E800CF4CEA030C42E800C195
:10C550000029F7D1BFF35B8F0B4A4FF48033834040
:10C56000C2F80433094BBFF35B8F1B68BFF35B8FCB
:10C57000C340DB0742BF064B4FF40032C3F8002133
:10C58000704700BF8432002000100140803200203C
:10C5900000E100E00D4B1868010A0006BFF35F8F51
:10C5A0000B4BD3F80435181841F10001B3F5801F87
:10C5B0000AD2084BD3E90023904271EB030303D264
:10C5C00010F1807041F10001704700BF88320020F7
:10C5D00000100140781E00202DE9F04F85B016466E
:10C5E0001F469DF840A00446FFF754FF0190FFF757
:10C5F000D1FFB04271EB07035ED23E4B301A67EBBE
:10C600000101984271F1000109D36FF01505204630
:10C610000199FFF791FF284605B0BDE8F08F364B32
:10C6200003EB0413D3E902239F4208BF964254D080
:10C6300032494FF4803804F1500508FA04F8AD008F
:10C64000C1F848832046ADB20CF0A7FC26F07F4B22
:10C6500005F1804504F5A87305F58835DC464FF0F3
:10C6600003090293029A2CF07F4341F82230C1F86B
:10C670004483D1F80435224A6FF00200C01A6044A6
:10C6800020F07F40904228D9286868B1D1F804355D
:10C690000393A3EB0B0020F07F40B0F5000F1CD9F3
:10C6A00020460CF07AFC039BBAF1000FADD109EBE8
:10C6B000030C09F10109D5E7BAF1000FA5D1012357
:10C6C000104ABFF35B8FA34052E8000F184342E8C3
:10C6D00000010029F8D1BFF35B8F07490E982301B1
:10C6E00001EB0412C8500F9B5360C2E9026700259A
:10C6F0008DE700BF01008000601E00200010014097
:10C70000FDFF7F00803200207FB51C4C1C4BC4F81D
:10C710000833C4F848331B4B00254FF0FF304FF06F
:10C72000FF31C4F80855C3E902014FF48033C4F85F
:10C730000433154B02264FF400320121C4F8046380
:10C740001120C3F880212A46F8F778FA1120F8F76B
:10C7500045FA0E4A0123A360236013600C4B0D4A77
:10C760000093CDE9015500232846FFF735FF3046F9
:10C77000FEF7F4FF284604B070BD00BF0010014072
:10C7800003000F00601E002000E100E08432002062
:10C79000E1C40100FFFF7F002DE9F7432B4CD4F8E3
:10C7A000043399070BD5D4F8043143B1284A002348
:10C7B000C4F80431D4F80431136801331360D4F899
:10C7C0000433DA0323D5BFF35B8F224B53E8002FEA
:10C7D00022F0010143E800100028F7D1BFF35B8F7E
:10C7E000D30702D4D4F840318BB10025C4F84051AE
:10C7F000D4F84031FFF7CEFEEFF3108272B6164B3D
:10C80000D3E90267B042B94104D282F3108803B081
:10C81000BDE8F0834FF0FF384FF0FF39C3E90289DC
:10C82000D3E900101D604FF48033C4F84833C4F8D6
:10C830004051D4F8403182F310880029E7D00090AD
:10C8400032463B4628468847E1E700BF00100140DA
:10C850008832002080320020601E002030B5431C4A
:10C86000124C85B005D08442A8BF0446012CB8BF45
:10C870000124FFF78FFE0E4B0C4DD3E90013401A35
:10C88000B0F5000F10D22218AA4228BF2A4652182B
:10C890004FF0000007490091CDE9010043F100038A
:10C8A000FFF79AFE05B030BD2A46F0E7FFFF7F0094
:10C8B000701E0020E1C4010008B5FFF76BFE024BBB
:10C8C0001B68C01A08BD00BF701E002030B40346AC
:10C8D0000C46DA880068197902F040022243836826
:10C8E0009C6984B1130207D5056901232D688B402B
:10C8F0002B4218BF82F0C062054BA446134030BCE7
:10C9000002F0B07260476FF0570030BC704700BF54
:10C9100040000006002810B514BF4FF098644FF493
:10C92000001406482146FFF7D1FF28B921460448E4
:10C93000BDE81040FFF7CABF10BD00BFF0BC020049
:10C94000F8BC02002DE9F3410024134D2646286867
:10C950002F79D0F81080836801A95B689847002878
:10C960000ED016DB0123B3401C43731C022B05F1D0
:10C9700008054FF00106EAD1204602B0BDE8F0817B
:10C98000019BD8F800205A400123BB401A42ECD04A
:10C99000E8E70024F0E700BFF0BC020038B5EFF391
:10C9A0001185402383F31288BFF36F8F0D4C2378DA
:10C9B00093B90D4B984202D00C4B984205D1002000
:10C9C000FFF7A8FF0A4B00221A70012323700948C1
:10C9D0002122002302F0E8FC85F31188BFF36F8F5A
:10C9E00038BD00BF9D3B002098AF02007CAF020025
:10C9F0009C3B0020801E00202DE9F0412E4F3B780B
:10CA00002BB10020FFF786FF002853D13870FFF7C5
:10CA100099FFBFF35B8F294B044653E8002F43E88F
:10CA200000410029F9D1BFF35B8F254BDFF89480DB
:10CA30001A7842BBD8F80060A64219D0224B1B6876
:10CA400066400BB1314698474FF0FF331F484FF017
:10CA5000FF3202F00DF91E4B1D6835B1043D314621
:10CA60002B68204698476D68F7E7184802F072F97E
:10CA7000C8F8004054B1BDE8F04116484FF4A47224
:10CA8000002302F091BC00221A70F1E7EFF3118647
:10CA9000402383F31288BFF36F8F0F4B1D78012D56
:10CAA00004D128461C70FFF735FF3D7086F31188CE
:10CAB000BFF36F8FBDE8F0819C3B0020BC320020AB
:10CAC000AC05002090320020C032002094320020BB
:10CAD000A8320020801E00209D3B0020074BBFF3A2
:10CAE0005B8F1B68BFF35B8F00B10360044811B11B
:10CAF00002685A400A600360704700BFBC320020E1
:10CB00008C3200202E4B70B518602E480CF09DFF23
:10CB10002D492E480CF04DFA0446F8B92A492C4804
:10CB20000CF047FA0446C8B928484FF40011FFF743
:10CB3000CDFE044690B926484FF40011FFF7C6FE1B
:10CB4000044658B9234D244A244BAE6853604FF431
:10CB5000C0539360F3691BB96FF05704204670BD52
:10CB60001D4901222846984704460028F6D1F3695A
:10CB7000002BF1D018490122284698470446002886
:10CB8000ECD1174917480DF0DEF8174B1548012274
:10CB90001A700023002202F0D3FB21462046FFF743
:10CBA0009DFFFFF7CFFEBFF35B8F104B53E8002FC5
:10CBB00043E800010029F9D1BFF35B8FCEE700BF46
:10CBC000C03200209432002010000100F0BC0200AE
:10CBD000F8BC020098AF0200B03200209DC90100ED
:10CBE000F9C90100801E00209D3B0020BC320020BE
:10CBF00002460B46014802F03BB800BF6406002025
:10CC0000014802F0A7B800BF640600201FB5002449
:10CC100001940A220294CDF80B400091014601A82C
:10CC20000EF0BFF8009A084801A907F063FB074817
:10CC300007F060FB84F31188BFF36F8F032318465E
:10CC400002DF04B010BD00BF13CC0200BFCA020057
:10CC500070B5064688B024480D4624490DF026F8E4
:10CC600003A8F1F7F6FD22480CF03BFE002834D073
:10CC7000204B019301A8E5F7C9F888BB4FF0FF30BE
:10CC80004FF0FF31FFF7B4FF044638B91A491B488B
:10CC9000E4F718FC044620B1FFF7B2FF204608B0C5
:10CCA00070BD41F64C5302A80293E6F7C7FD20B1D0
:10CCB000FFF7A6FF6FF08504F0E7012368468DF8C3
:10CCC0000030F3F747FA0028F2D1FFF799FF3369F4
:10CCD0000B481D60F8F75EFDE0E76FF01204DDE73A
:10CCE0006FF01504DAE700BFC8320020819002001F
:10CCF000D0AF020019CE0100B01E002031CE0100DD
:10CD0000EDCD010030B5344885B0E4F7BFFA0446F4
:10CD100000285BD1E4F718FCE4F722FCF1F79BFD57
:10CD2000F1F79BFDF1F79DFDF1F799FDF1F799FD05
:10CD3000F1F799FD01AA012120468DF80440E4F79E
:10CD4000EDFA002841DB012501AA022120468DF8D9
:10CD50000450E4F7E3FA002837DB082301AA07218F
:10CD60002046ADF80430E4F7D9FA00282DDB4FF067
:10CD70004513019301AA40F2032303212046ADF895
:10CD80000830E4F7CBFA00281FDB01AA0421204673
:10CD90008DF80450E4F7C2FA002816DB1F2301AA1D
:10CDA00006212046ADF80430E4F7B8FA00280CDB81
:10CDB00040F27E7398420CD984F31188BFF36F8FD1
:10CDC0000423184602DF6FF00B000446204605B02E
:10CDD00030BD2046F9E700BF0DCC010001490248F3
:10CDE0000CF080BFC832002030260020094B93F899
:10CDF0004A30042B02D1810709D47047022B02D19B
:10CE0000020704D47047082B03D1830601D5FFF72E
:10CE1000E5BF70479E3B002010B403460A46034816
:10CE200081680C681946234610BC1847D0AF020031
:10CE300070B53B4C94F84A3023B394F84A30042B35
:10CE400042D120783E2831D1A378022B2CD00D2B53
:10CE50002CD1E378012B29D1A588C5F3001563787F
:10CE600002334A2B53D8002200232946F8F7A0FCAE
:10CE70000646E8B9BDB1002384F84A30BDE87040E9
:10CE8000FFF7ACBF4FF0FF304FF0FF31FFF7B0FEC0
:10CE900048B904F14A01204600F046FB0546FFF779
:10CEA000AFFE002DC9D070BD0125D8E70025D6E71B
:10CEB00062781B4902320C3008F087FA194B1B6864
:10CEC000314619489847D6E7022B14D10022002397
:10CED0000820F8F747FC05460028E4D062880432B1
:10CEE0004A2A14D80E4905F10C0008F06EFA0D4BD1
:10CEF00029461B68E5E7082BBDD10022002320202E
:10CF0000F8F730FC628805460028E8D1CBE700231B
:10CF100083F31188BFF36F8F0423184602DFAAE75B
:10CF20009E3B0020C4320020ECAF02002DE9F3410B
:10CF3000A34C26780746002E40F0F38204238DF898
:10CF40000730A04B0588D3F80080B8F1000F19D145
:10CF5000B5F5105F4FEA95230FD2002B5BD0013B54
:10CF6000072B00F2A382DFE813F02A00A10242009F
:10CF70008500A102A102A102C3003F2B00F00A829A
:10CF8000012045E20DF106030DF10702611CC047C7
:10CF90000128DDD09DF8063013B9012840F0B78292
:10CFA0000F2363700423A3700123E0702371A4F89E
:10CFB000055001232370002002B0BDE8F0813846FF
:10CFC00040F2064230F9033B93420AD040F21D4240
:10CFD000934209D0012040F206439D4240F00C816B
:10CFE00070E2E6F7F1F9F6E7E6F7A2FAF3E738467A
:10CFF00040F6634230F9033B93422FD00DDC40F6FC
:10D00000034293421ED040F62D4293421DD040F67B
:10D010000142934212D0012012E040F67B4293423B
:10D020001FD040F67C429342F5D19DF80730664907
:10D0300002338DF80730F3F717F801E0E4F7CEFA82
:10D0400001263FE2F1F7FCFBFAE79DF807305E4965
:10D0500003338DF80730F2F7D2FBF1E7E4F7D0FAAB
:10D06000EEE79DF80730584904338DF80730F2F7A2
:10D07000D8FFE5E73B88A3F58053013B082B00F27E
:10D080001582DFE813F0090012001C0013021302DE
:10D090001302130213022C009DF807304A4808338C
:10D0A0008DF80730F2F799FBCAE79DF8073046483C
:10D0B00040338DF807300BF0E5FF0020C0E79DF806
:10D0C000073008338DF807303F4B00221A605A6052
:10D0D000E37A23F0600343F06003E372EDE79DF829
:10D0E0000730394806338DF80730F2F7BDFBA7E764
:10D0F000384642F24E0130F8033B1AB28A4257DCFE
:10D10000B2F5005F59DDA3F50053013B4D2B54D818
:10D11000DFE813F05C007800810053008A008D0086
:10D1200053009000930096005300530053005300A7
:10D1300053005300530053005300990053009C00C8
:10D140009F00A8005300B100BA00C3005300530071
:10D15000530053005300CE005300D7005300530038
:10D16000DA00DD00E000E30053005300EC00EF00C4
:10D17000F200FB0004010701530053000A011601ED
:10D180001F012201250128015300310153005300E2
:10D1900053005300530053005300530053005300F7
:10D1A00053005300530053003401530053003D011A
:10D1B00042F27F039A4200F0BA80012008E000BFEB
:10D1C000E93B0020D8320020F03B0020E4F722FAAF
:10D1D00042F264039D4200F0758142F264039D4275
:10D1E00000F28A8142F219039D4200F2778142F2F5
:10D1F0000C039D4200F26B8140F21D439D427FF47F
:10D200001FAF5FE19DF80730B94803338DF8073051
:10D21000E6F7D0F8DCE79DF80730B54808338DF81D
:10D220000730F2F78AFCD3E7F2F73BFBD0E7E6F7EB
:10D2300095FACDE7F2F772FECAE7F2F766FDC7E7A7
:10D24000F2F7AEFEC4E7F2F712FCC1E7F2F765FCB5
:10D25000BEE79DF80730A64910338DF80730F2F786
:10D26000FAFAB5E79DF80730A14808338DF8073082
:10D27000F2F7BFFAACE79DF807309D4902338DF80D
:10D280000730F2F7AEFEA3E79DF807309849023366
:10D290008DF80730F2F7B6FE9AE79DF807300833AD
:10D2A0008DF807308F23E371C023E37200208FE7EE
:10D2B0009DF807308E4902338DF80730F2F701FBF5
:10D2C00086E7E6F7F1F883E7F2F71FFA80E7F2F76F
:10D2D0003FFA7DE7F2F76FFA7AE79DF80730844866
:10D2E00001338DF80730F2F774FA71E7F2F753FA69
:10D2F0006EE7F2F747FA6BE79DF807307C48083392
:10D300008DF80730F2F711FB62E79DF80730784996
:10D3100004338DF80730F2F730FB59E7E6F7DCF815
:10D3200056E7F2F769FB53E7F2F7D9FD50E79DF8AE
:10D3300007306F4901338DF80730F2F706FC47E7F5
:10D340009DF807306A4901338DF80730F2F72FFC5A
:10D350003EE7F2F708FE3BE7F2F75FFD38E7F2F74A
:10D3600083FD35E79DF80730614802338DF80730BB
:10D37000F2F770FD2CE7F2F746FC29E79DF807303D
:10D380005B4802338DF80730F2F754FA20E7F2F7E2
:10D39000DDFA1DE738464FF60C5230F8033B934256
:10D3A00022D84FF60252934212D803F2FF3292B2C1
:10D3B0000A2A3FF6E5ADA3F57C43013B0A2B75D85D
:10D3C000DFE803F01E2C747474537474414A5600E1
:10D3D000A3F57D43033B092B68D8DFE803F05267D0
:10D3E000556767675867675B4FF61452934254D08E
:10D3F0004FF6165293427FF4C3ADE6F727FA07E0E3
:10D400009DF807303A480C338DF80730F1F72DFAC4
:10D4100025F008034FF602529342F0E69DF80730DC
:10D4200040338DF80730324B00201880E37923F029
:10D43000230343F02303E371237A23F0070343F02C
:10D4400007032372E4E79DF80730294817338DF866
:10D450000730F1F724FADBE79DF807302448203342
:10D460008DF80730F1F73FFAD2E7F1F716FACFE778
:10D470009DF807301E4801338DF80730F1F750FA58
:10D48000C6E7F2F767FEC3E7E6F7D8F9C0E7F1F7BA
:10D490005DFABDE7F2F747FEBAE79DF80730144999
:10D4A00004338DF80730F1F755FAB1E7012094E61F
:10D4B000A5F50153283B0F4A9BB222FA03F3DB0781
:10D4C0007FF5BEAD86F001068DF8066062E5A5F534
:10D4D00000530D3B9BB241F24122EEE742F2320390
:10D4E0009D42EFD0A5F50153033B012BEAD9A7E5F7
:10D4F000F03B00202F80402042F285039D4287D8D8
:10D5000042F267039D42D3D842F2660376E69DF865
:10D510000730A3700E2201236270E370A580A07112
:10D5200047E54FF0FF3047E538B5094C23780D4605
:10D530001BB9BDE83840F1F77FBBA278611C02320D
:10D540000DF0E9FB0020042320702B7038BD00BFD4
:10D55000E93B002070B505460E46084C20460CF00D
:10D56000C0F938B1A368B2B2294620461B68BDE8AD
:10D57000704018476FF0120070BD00BFD0AF0200BE
:10D5800002484FF4007102F093BE00BF313C00200E
:10D590001FB5002401940A220294CDF80B4000919B
:10D5A000014601A80DF0FDFB009A084801A906F00C
:10D5B000A1FE074806F09EFE84F31188BFF36F8F2B
:10D5C0000323184602DF04B010BD00BF44CC0200A4
:10D5D000BFCA020037B53223ADF80430154A002324
:10D5E0000125192168468DF80630ADF800508DF8F8
:10D5F0000230F0F70DFD0446C8B90BF08FF980B288
:10D60000EEF7CAFB0C482946F5F7D8FA044670B97C
:10D6100001462A460820F7F711FB2A4621460B202F
:10D62000F7F70CFB2A4621462846F7F707FB20466A
:10D6300003B030BD91D50100DC3200200149024821
:10D640000CF050BB3C3300203026002013B50024E2
:10D650000C490D4800946FF009034FF4806201F00B
:10D6600005FE0A49084801F00FFF094909480CF076
:10D670001DFB224604211920F7F7E0FA204602B0EC
:10D6800010BD00BF005200203026002059CC0200FF
:10D690002B9102003C330020684620F007018D46A4
:10D6A00001B5044801F0DCFDF7F75EFBBDE8014081
:10D6B00085467047B004002070B5374C86B00646EA
:10D6C00004226946204606F0ABFF042805464ED1E9
:10D6D0009DF8002002A9204606F0A2FF9DF8003028
:10D6E000834244D19DF80130DA0719D42A4601A9B2
:10D6F000204606F095FF042839D10025274B0199D3
:10D700001B6802A898479DF80130DB0736D4628970
:10D71000E3889A4202D0304601F0A2FD06B070BD07
:10D720002146E38831F80A2FBDF802509B1A9BB2BC
:10D73000AB4228BF2B4601AA204606F031FF8542A6
:10D74000DBD9002204F10A01204606F050FF70B92F
:10D75000284602F043FC0146019040B12A4620468B
:10D7600006F05EFF854207D901980CF0E8FC002323
:10D77000C4E90133E360D1E70125BFE71DB101989A
:10D780000CF0DDFCC3E70649BDF80220A1F10A0058
:10D7900006F02DFFBBE700BFC00400204C33002083
:10D7A000CA04002008B5F6F721FEF6F7F5FE0E4A8A
:10D7B0000E4B92E803000E4A83E8030092E8030050
:10D7C0000C4B0D4A83E8030092E803000B4B0C4A14
:10D7D00083E8030092E803000A4B83E80300BDE8F6
:10D7E000084004F09FBA00BFAC0200207433002050
:10D7F000A4020020683300209C0200205C3300203B
:10D80000B40200205033002010B9024B1B681847A7
:10D81000704700BF80330020014B01201B68184770
:10D820008033002028B1012807D104490020EEF7F9
:10D83000DBB9034B01201B681847704709D801006A
:10D8400080330020014B1860002070478033002097
:10D8500010B51F48BFF35B8F0368BFF35B8F23B91D
:10D86000062904D8042926D839B1002010BD07297B
:10D87000FBD1383801F0F0FAF7E750F8203CA0F17E
:10D880003804D3E900209047012808D0114B984272
:10D8900003D00223606384F82C300F48E6E742F29D
:10D8A0001073A362032384F82C3004F11C0384F862
:10D8B00021002363F1E700F8173C084B40F8103CC7
:10D8C000A0F11C013838007CF5F7B9F9CDE700BFAD
:10D8D000BC3300201F646602B0330020FF3F420FBC
:10D8E0000248012200210CF059B900BF8433002006
:10D8F000014B5861704700BF8433002038B54FF0AA
:10D90000FF3105464FF0FF30FFF772F92E492F48DF
:10D91000F0F792FA0446FFF773F9002C50DB2C4C19
:10D9200040F2011323846369A5616433636242F2A8
:10D930001073A36200226FF073032277636304F114
:10D940003805BFF35B8F55E8003F45E8002100290B
:10D95000F9D1BFF35B8F4FF0FF314FF0FF30FFF78E
:10D9600047F904F11C01207CF5F769F9FFF748F944
:10D97000184A0023204601F0A3FA00280ADABFF370
:10D980005B8F012355E8002F45E800310029F9D1CC
:10D99000BFF35B8F4FF0FF314FF0FF30FFF728F9F7
:10D9A000207CF5F72EF9FFF72BF9BFF35B8FA36B04
:10D9B000BFF35B8F13B1064801F0A8FA606B38BD66
:10D9C0006FF00B00FBE700BF9433002051D801003B
:10D9D00084330020447B0B00074B01221A64D3F8E8
:10D9E0004035B3FBF0F01844044B5B69984234BFF8
:10D9F00000200120704700BF0080004084330020D9
:10DA0000024AD2F80034002BFBD0704700E00140FE
:10DA100010B54FF08053D3F83021082A4ED14FF083
:10DA200080420021C2F80C11C2F81011C2F838155A
:10DA300002F54042D3F80414C2F82015D3F80814B4
:10DA4000C2F82415D3F80C14C2F82815D3F8101412
:10DA5000C2F82C15D3F81414C2F83015D3F81814E2
:10DA6000C2F83415D3F81C14C2F84015D3F82014AA
:10DA7000C2F84415D3F82414C2F84815D3F8281472
:10DA8000C2F84C15D3F82C14C2F85015D3F8301442
:10DA9000C2F85415D3F83414C2F86015D3F838140A
:10DAA000C2F86415D3F83C14C2F86815D3F84014D2
:10DAB000C2F86C15D3F84434C2F870350BF08EFB05
:10DAC00018B1374B374AC3F88C260BF087FB18B1D7
:10DAD000354BFB22C3F818250BF080FB58B14FF0F3
:10DAE00080424FF08051D2F8E43ED1F8581261F3F1
:10DAF0000303C2F8E43E0BF071FB20B12B4B4FF453
:10DB00000072C3F840264FF08053D3F83031082B11
:10DB100017D14FF08043D3F80024D20744BF6FF0F1
:10DB20000102C3F800244FF08053D3F83431042BA2
:10DB300081BF4FF01023D3F808224FF08043C3F881
:10DB400058254FF01023D3F80022002A03DBD3F826
:10DB50000432002B22DA164901234FF01020C1F8BD
:10DB600004351224FFF74CFFC0F80042FFF748FFCE
:10DB7000C0F80442FFF744FF0023C1F80435FFF763
:10DB80003FFFBFF34F8F0B490B4BCA6802F4E062B3
:10DB90001343CB60BFF34F8F00BFFDE710BD00BF45
:10DBA000005000404881030000F000400090024017
:10DBB00000E0014000ED00E00400FA052DE9F04727
:10DBC00000F160404C1E0444DFF834801F461646C6
:10DBD000050B240BFF234FF0010AA54201D9BDE834
:10DBE000F08718F80510994201F00F00894604D01B
:10DBF000090932460AFA01F1B84701354B46ECE70C
:10DC0000FCCD0200014BFFF7D9BF00BF77920200A5
:10DC1000036803F01F025B09026004D0012B034874
:10DC200018BF002070474FF0A0407047000300501D
:10DC3000034A430900F01F00D35C1844C0B2704788
:10DC40003CCE0200024611F0010030B515D18B0721
:10DC5000C1F3400022D51249D1F8200550604FF0A1
:10DC60008052C1F82005D2F83021082A08BFD1F827
:10DC70002025003818BF012010E04FF0A0444FF0DD
:10DC80008055D4F820351360C4F82035D5F83051CC
:10DC9000082D08BFD4F82045002BD8D030BD00BFD8
:10DCA00000030050F7B504460846FFF7C1FF04EB38
:10DCB00040060D46B38ADB072AD520460BF0CEFB83
:10DCC000294620460BF03AFB50B120460BF04CFBA6
:10DCD000276807EB80000023C0F81035C0F8103526
:10DCE000294620460BF069FB0021B18201A801956D
:10DCF000FFF78EFF019B00EB8300074BD0F8002756
:10DD0000134043F00203C0F80037084603B0F0BDEB
:10DD10006FF01500FAE700BFF0F8FCFF01480BF0C8
:10DD20008DBA00BFD804002010B504480C460BF093
:10DD300067FA0028A4BF2070002010BDD80400207E
:10DD40002DE9F04F074689B057F8049BD9F8041322
:10DD5000C9B28346082241F0004148460BF056FB09
:10DD6000051E2FDA0023032106A8CDE90633FFF7AD
:10DD700069FF634B01930DF118084FF0000A019AF7
:10DD8000604912F8013B0192DA0803F007038A5C4C
:10DD900022FA03F3DB071CD40AF10103022B08F17A
:10DDA00004084FF0010AEAD14FF000410022484632
:10DDB0000BF02CFB032106A8FFF744FF0028D8D165
:10DDC00025F000450124002D40F0848009B0BDE815
:10DDD000F08F4D4B53440293D8F80060002EDBD0F7
:10DDE000029B96FAA6F61C78B6FA86F646EA441422
:10DDF0002046FFF71DFF0BEB4000F208818A18F860
:10DE000002000594C1F382030393009306F0070612
:10DE1000012303FA06F620EA060008F8020005A826
:10DE2000FFF7F6FE059A039B02F5E07211F0100F62
:10DE300050F82260C6F3014633D0009A3846214696
:10DE40000BF09CFA05A80594FFF7E2FE059B03F58D
:10DE5000E073F6B250F82330C3F301439E4207D17A
:10DE6000002120460BF05BFA314620460BF057FAB2
:10DE700005A80594FFF7CCFE059B012202FA03F3E7
:10DE8000C0F820354FF08053D3F83031082B01BF54
:10DE9000D0F82035D0F82035D0F82035D0F820350E
:10DEA0009AE7022E14BF02210321204603930BF0B0
:10DEB00036FA039B032B03D0022E07D1012BD7D1B7
:10DEC000009A214638460BF059FAD1E7032ECFD1FC
:10DED000022BF4E795FAA5F3B3FA83F304FA03F2FD
:10DEE00025EA020503F5A2720BEB430359F8222041
:10DEF000B3F87C10C2F3014238460BF03FFA62E7F8
:10DF00004CCE020010BD02004CCE0200034BD3F8F1
:10DF10003C0410F0030018BF01207047005000407F
:10DF200030B587B08DF807000BF06FFC10B1264BB1
:10DF30001B7C53BB9DF80730032B05D1FFF7E6FF91
:10DF40000130C0B28DF807009DF80730012BD9B21F
:10DF50001DD0022919D11D4D6B7B03F0FF01A3B920
:10DF60000BF053FC48B1184C012320462382A174C6
:10DF70000BF077FC20460BF06EFC01236B73022341
:10DF800002936B680BB102A8984707B030BD0F4BE6
:10DF90005A7B002AF9D00E4A91607821C2F8081302
:10DFA00000215973042102914FF08051D1F83001C2
:10DFB000082807D1D1F83411012984BF4FF48051CA
:10DFC000C2F808155B68DDE7DC040020C0330020E0
:10DFD0000050004030B5974BD3F8044185B02CB1C8
:10DFE0000022C3F80421D3F804210224D3F8082125
:10DFF00032B10022C3F80821D3F8083144F00404F8
:10E000008C4BD3F80C2132B10022C3F80C21D3F889
:10E010000C2144F00804D3F8102132B10022C3F8D7
:10E020001021D3F8103144F01004824BD3F814219E
:10E0300032B10022C3F81421D3F8142144F0200493
:10E04000D3F8182132B10022C3F81821D3F81831BF
:10E0500044F04004774BD3F81C2132B10022C3F8BE
:10E060001C21D3F81C2144F08004D3F84C2132B198
:10E070000022C3F84C21D3F84C3144F4002414F0AE
:10E0800040051EBF6B4BD3F81025D3F8243514F090
:10E09000020306D0674BD3F80433C3F340035B009D
:10E0A000DBB2610740F1C080624AD2F80423520714
:10E0B00040F1BA80002B14BF03200120FFF730FF8E
:10E0C000A0060FD55B4BD3F8043399060AD500237D
:10E0D000CDE90133039320230093574B5B680BB1C9
:10E0E000684698473DB3534BD3F80423520622D5D4
:10E0F00040220021CDE90021D3F810250392D3F866
:10E100002425C2F30B02103AC2F3CC020292D3F8D8
:10E1100028215AB1C3F82811D3F82821D3F80C24A8
:10E1200002F00D0201920D22C3F80C24424B5B68F1
:10E130000BB16846984725032BD53E4BD3F80423F3
:10E14000100326D50022C3F81821D3F81811C3F8FC
:10E150002821D3F828113848C3F80C21D3F80C1122
:10E16000C3F81021D3F810110169C1F31301C3F8EA
:10E1700008150D21C3F80C140121C3F804144FF441
:10E180000023009343680392CDE901220BB1684656
:10E19000984721061BD5274BD3F80423120616D522
:10E1A000D3F804140022CDE901220392CD074FF0E9
:10E1B0008002009207D50122C3F804241E4B5B683D
:10E1C0000BB1684698471B4B0122C3F80424200773
:10E1D00013D5184BD3F8042311070ED5164A5268ED
:10E1E0005AB108210091D3F810150291D3F81C35CB
:10E1F000C3F3C803019368469047E20612D50D4A5F
:10E20000D2F80433DB060DD50023CDE901330393A7
:10E21000102300931823C2F80833074B5B680BB137
:10E220006846984705B030BD002B3FF449AF022047
:10E2300044E700BF00500040C033002001480BF00D
:10E2400014BB00BFDC040020044AD2F80034DB0712
:10E25000FBD50160BFF35F8F704700BF00E0014056
:10E260004FF080531A69B0FBF2F302FB13036BB952
:10E27000084B0222C3F80425C3F80805D3F800248C
:10E28000D207FBD50020C3F8040570476FF00C00DF
:10E29000704700BF00E0014010B5054C0123C4F8F1
:10E2A0000435FFF7D1FF0023C4F8043510BD00BFCB
:10E2B00000E0014070B5114D6C6BA4B14FF47A735E
:10E2C0005C430A23B4FBF3F40D4ED6F800316BB96E
:10E2D00095F8393053B90A200AF090FF013CF4D187
:10E2E0006FF0730008E04CF25034EDE795F83930E8
:10E2F00003F0FF00002BF3D170BD00BFD833002026
:10E30000009002400A4B10B500220124C3F80045DA
:10E31000C3F800211C6028B1FFF7CCFF20B9054BE2
:10E3200083F83840002010BD6FF07300FBE700BF9A
:10E3300000900240D833002070B500F06044B4F182
:10E34000005F5DD184075BD1304C94F83050012DD3
:10E3500005D09D4257D194F83850002D53D02C4D04
:10E36000022B0BBFC5F81025C5F80425C5F8140508
:10E37000C5F808050CBFC5F81815C5F80C154FF001
:10E38000000684F8396026680CBF08250425BEB94C
:10E3900094F838306BB11E4B05F1804505F52435F6
:10E3A0000022C3F8002101232B60BDE87040FFF775
:10E3B00081BF0120FFF7A6FF10F1740FEBD170BDF4
:10E3C000A66826B1E0606161E2610020F7E7A26122
:10E3D0000F4A84F830300123A0602161C2F8006147
:10E3E000C2F8043394F8382002F0FF0012B9FFF7A6
:10E3F00089FFEAE705F1804505F524352B60E4E760
:10E400006FF00C00DBE76FF00F00D8E7D833002087
:10E4100000900240084B9A685A621A699A629A6997
:10E42000DA62DA689A6032B15A691A61DA699A6115
:10E430000022DA6070477047D833002000F01F03D5
:10E4400040090FD0012810D10B4A02EB83020B4B7D
:10E45000D2F80007034043EA012343F00203C2F865
:10E46000003770474FF0A042EFE7002203F5E0735A
:10E4700052F82330FFDE00BF00030050F0F8FCFF2D
:10E4800010B50E4B0238D3F83C26D3F8383607289F
:10E4900013D8DFE800F0110F0D0B0A080604100E68
:10E4A000C871100C8871100A48710A711A0ECA706E
:10E4B0001A0C8A701A0A4A700B7010BD0090024044
:10E4C000023807281FD8DFE800F02927251123216B
:10E4D0001F04CB791B068A7943EA02434A7943EA4F
:10E4E00002230A7913430E4AC2F83C36CB781B0646
:10E4F0008A7843EA02434A7843EA02230A781343BC
:10E50000074AC2F8383670470023E4E70023E5E7FE
:10E510000023E6E70023EBE70023ECE70023EDE729
:10E52000009002400268154BFF2A08BF4FF0FF32EF
:10E53000C3F824254268FF2A08BF4FF0FF32C3F812
:10E5400028258268FF2A08BF4FF0FF32C3F8302524
:10E55000C268FF2A08BF4FF0FF32C3F834250269B2
:10E56000FF2A08BF4FF0FF32C3F838254269FF2A5F
:10E5700008BF4FF0FF32C3F83C25704700900240BF
:10E5800030B5194D0FCD8DB006AC0FC495E8030022
:10E5900084E803001549D1F82435DBB20093D1F8A3
:10E5A0002835DBB20193D1F83035DBB20293D1F8D4
:10E5B0003435DBB20393D1F83835DBB20493D1F8AC
:10E5C0003C3506A8DBB20593FFF7ACFF0023C1F88A
:10E5D000003101230B60D1F80031002BFBD06846DD
:10E5E000FFF7A0FF0DB030BD90B3020000900240D5
:10E5F00070B590F82930044613B190F82A204ABB30
:10E600006068FF2867D0A268FF2A64D0E268FF2A0A
:10E6100061D02269FF2A5ED0B3B90321FFF70EFF54
:10E62000A068FFF70BFFE068FFF708FF2069FFF71E
:10E6300005FF6069FF2801D0FFF700FFA069FF28F0
:10E6400002D00321FFF7FAFE94F82A3013B9201DF7
:10E65000FFF768FF214E636A736394F8293086F8E8
:10E660003A304FF080531E4DD3F83031082B04D18F
:10E670000123C5F80833FFF783FF2368C5F8403549
:10E68000A37F617F227F9B0143EAC1031343E27FA3
:10E6900043EAC213C5F84435D5F8002694F8203073
:10E6A00022F07F4222F0FF02134394F8212043EA34
:10E6B000026394F8222043EA426394F8232043EA59
:10E6C0000273C5F8003633680BB9002070BD2920ED
:10E6D000F6F784FAF9E76FF01500F7E7D833002072
:10E6E000009002400A4B002283F83820094B012198
:10E6F0004FF08050C3F808131961D0F83001082892
:10E7000008BF5965C3F80025C3F80021704700BF52
:10E71000D83300200090024038B50D4C94F83050AA
:10E7200095B9C4E9001240B90020C4E902000123F0
:10E7300084F8303084F8380038BDFFF759FF0028DE
:10E74000F2D06FF01500F7E76FF07700F4E700BF45
:10E75000D83300202DE9F041DFF89880064698F87C
:10E76000300001280F46144640D198F8383083B362
:10E77000214D0123C5F808334FF08053D3F83031D1
:10E78000082B01D1FFF7FCFE1FB170783946FFF767
:10E7900097FE002788F83970C5F80071B378727851
:10E7A0001B0343EA022332781343F27843EA4233ED
:10E7B000327943EA8233727943EAC233C5F8343698
:10E7C000FFF778FD743008D0C5F800714CB900200F
:10E7D00005E0FFF797FD7430CAD16FF07300BDE814
:10E7E000F08170782146FFF74BFEF0E76FF00F00E5
:10E7F000F5E700BFD833002000900240044B93F8A7
:10E8000038300BB9FFF77EBD6FF07700704700BF5F
:10E81000D833002008B5064B93F83030012B03D1D4
:10E82000FFF760FF002008BD6FF00F00FBE700BF9F
:10E83000D8330020034B93F83000003818BF012074
:10E84000704700BFD833002038B58B0735D11E4B39
:10E850001D681DB193F83020012A31D11B4C0022D4
:10E86000C4F81C15C4F8200583F8392095B993F82D
:10E87000383043B10023C4F800310123E360BDE820
:10E880003840FFF717BD0120FFF73CFD10F1740F72
:10E89000F0D138BD042183F83010C4F800210122E2
:10E8A000C4F8042393F8383003F0FF001BB9FFF7D6
:10E8B00029FD0020EDE7E260FBE76FF00C00E8E7E0
:10E8C0006FF00F00E5E700BFD83300200090024052
:10E8D00010B5224BD3F8002192B1214C0022C3F88D
:10E8E000002194F8381094F8302071B90121032ADE
:10E8F00084F8381005D0042A05D0022A00D1996086
:10E9000010BD5960FCE7D960FAE7032A19D0042A40
:10E9100019D0022A04D1012384F82030FFF77AFDB0
:10E92000A36813B9012384F8303094F8393003F028
:10E93000FF0013B9D4E900319847002384F8203050
:10E94000DEE70223E8E7032284F82020D3F81C2521
:10E950006262D3F8203584F82830E1E70090024065
:10E96000D833002038B5EFF31185402383F31288A4
:10E97000BFF36F8F064B9C680AF0C6FF85F31188C2
:10E98000BFF36F8F2046BDE83840F6F7FDB900BFF2
:10E990001434002038B50A4B53F82040013053F8A6
:10E9A0002050A54200D838BD606830B1037EDB0737
:10E9B00001D40AF07EFF0834F3E723689847FAE7AA
:10E9C00014BD020070B52A4B2A4C2B4D86B0012293
:10E9D00003201A70FFF7DEFF0BF0B8FB0420FFF7EF
:10E9E000D9FF2646AE4204F130040FD300F08CFF6D
:10E9F000204CAC4226D300F09BFFF4F74DFE1F4A9B
:10EA0000938923F00103938106B070BD54F80C3C48
:10EA1000059354F8103C049354F8143C039354F8B1
:10EA2000183C029354F81C3C019354F8203C00938A
:10EA300054E90A2354E90C0100F036FD54F8303C47
:10EA40005E65CEE7D4E90A23B3F1FF3F08BFB2F118
:10EA5000FF3F05D052EA0301206803D10BF07EFA94
:10EA60003034C6E70649183001F098F9F8E700BFDE
:10EA7000313E0020C0B10200C0B10200B02700202A
:10EA8000B79E020070B5174E174D184986B0B023D7
:10EA900003FB0066164B059301220F23CDE90332D9
:10EAA0000023CDE90133142303FB005504464FF442
:10EAB000C07000FB04110F4B00954FF4A07230465C
:10EAC00000F0F2FC337C0C4AEE6023F00403337454
:10EAD0004FF4046304FB033313442C746B6006B0DF
:10EAE00070BD00BF0027002014340020805E00208D
:10EAF00063CC0200259A0200405600207FB500201A
:10EB0000FFF748FF284B83F30888284C636943F4D8
:10EB100000736361E02384F8223000252023E3772B
:10EB200025766576A57684F82050636A43F4E02361
:10EB3000636284F82350F5F7B5FFF6F70FF94FF04D
:10EB4000FF33A362E362F6F72FFAF6F789F9184864
:10EB5000184C00F04BFD0120FFF71CFF0220FFF7CF
:10EB600019FF00F00FFF144B14495C61144B05931F
:10EB700001234FF40062CDE90353CDE90155114B58
:10EB80000095204600F090FC237C064623F0040309
:10EB9000204623740BF06CF92846FFF773FF094AEF
:10EBA00031462046F6F7BAF8805E002000ED00E01E
:10EBB00030290020B02700201434002000600020FD
:10EBC00068CC0200C5E9010038B5064C064DAC42E0
:10EBD00001D3002038BDD4E9011220460AF097FE87
:10EBE0001434F4E7140600202806002038B5074C3A
:10EBF000074DAC4201D3002038BD20460AF0ABFEE1
:10EC000008B91C34F5E76FF01500F5E7C0050020E2
:10EC10001406002073B50C46EFF31181402585F3EF
:10EC20001288BFF36F8FC5685DB125602B68C36024
:10EC3000836901338361002081F31188BFF36F8FF3
:10EC400011E052EA030603D125606FF00B00F3E7F1
:10EC5000CDE900230246083000F0B4FD18B9034B9B
:10EC60009B685B69236002B070BD00BF1434002054
:10EC70002DE9F341044617461E46EFF31188402361
:10EC800083F31288BFF36F8F304BC2689B6872B1F9
:10EC90008068984217D057EA060216D188F3118887
:10ECA000BFF36F8F6FF00F0002B0BDE8F08193F9F2
:10ECB0000E1021610132C4E9023288F31188BFF3DA
:10ECC0006F8F0020F0E72169F3E793F90E1090F9B8
:10ECD0000E30994230DA9942A8BF19460AF0ADFECB
:10ECE0000546CDE900761A482246414600F06AFD05
:10ECF0000028E6D0EFF31186402383F31288BFF398
:10ED00006F8FA068D0B1236821699C420AD04BB1B3
:10ED100093F90E309942A8BF19466FF07F039942CC
:10ED2000B8BF19460AF089FE40B1094831460BF0D8
:10ED3000D2F86FF00A00B7E70025D2E7002DF4D132
:10ED400086F31188BFF36F8FF3E700BF1434002000
:10ED5000323E0020F8B583680546002B40D0234A98
:10ED6000926893423FD1C368012B03D9013BC36032
:10ED70000020F8BDEFF31187402383F31288BFF31F
:10ED80006F8F016980680AF058FE2C68A54207D190
:10ED90000023C5E9023387F31188BFF36F8FE7E7DC
:10EDA000002CF5D0D4E9003213605A60237C002691
:10EDB00023F002032374C4E90066A66004F118007E
:10EDC0000BF026F9AC6094F90E302B612046C4F8A4
:10EDD000AC600BF04DF8064839460BF07CF8C7E7FD
:10EDE0006FF01500C5E74FF0FF30C2E71434002084
:10EDF000323E002037B51146EFF31185402282F3F1
:10EE00001288BFF36F8F04689CB12368426823F0B7
:10EE100003039442036008BF4360012120460AF0C7
:10EE200090FE044685F31188BFF36F8F204603B030
:10EE300030BD51EA0302F5D000F10802CDE900131C
:10EE40001046294600F0BEFC0028EFD1014B9B681C
:10EE50005C69EBE71434002070B5EFF311864023B2
:10EE600083F31288BFF36F8F0468A0421BD0D4B124
:10EE7000D4E9003213605A60237C002523F002039A
:10EE80002374C4E90055A56004F118000BF0C0F824
:10EE90002046C4F8AC500AF0EBFF31460748BDE805
:10EEA00070400BF018B8D0E902329A4218BF013313
:10EEB000836086F31188BFF36F8F70BD323E0020F0
:10EEC00013B5EFF31181402484F31288BFF36F8FE1
:10EED000846844B1013C846081F31188BFF36F8F73
:10EEE000002002B010BD52EA030406D181F311885C
:10EEF000BFF36F8F6FF00F00F3E7CDE900230246F9
:10EF0000014800F05FFCECE7323E002070B505469A
:10EF1000EFF31186402383F31288BFF36F8F002332
:10EF20002C68A54219D0C4B1D4E9003213605A60EC
:10EF3000227C002322F00202C4E900332274A36081
:10EF400004F118000BF064F86FF00A03C4F8AC3059
:10EF500020460AF08DFF0123E2E70022AA6023B9D0
:10EF600086F31188BFF36F8F70BD31460248BDE84C
:10EF700070400AF0B0BF00BF323E002007B5074B1B
:10EF80000093074907484FF0FF334FF4006200F049
:10EF90006DF9002003B05DF804FB00BF2CBD02003A
:10EFA00040680020602800202DE9FF41544E0446AF
:10EFB0004027EFF3118887F31288BFF36F8FD4F8DF
:10EFC000B450F5B9022104F1CC000AF0F3FD002899
:10EFD00070D004F1C4050022012128460AF0DEFFAA
:10EFE0000028F8D1002302934FF0FF324FF0FF3397
:10EFF000CDE90023414604F1BC02424800F0F0FD97
:10F00000D7E7D4F8B8202B68C4F8B430954208BFCD
:10F01000C4F8B830D4F8CC3043F00203C4F8CC3094
:10F02000EB6823F0040343F00103EB606B6888F3A3
:10F030001188BFF36F8F28469847EFF3118887F345
:10F040001288BFF36F8FEB68D80623F001023ED41D
:10F05000EA60EB689A0717D5306823F00203EB608B
:10F0600090B10368002178B1426895423DD10368B0
:10F07000002934D172683360904200D1736000235C
:10F0800040F8083BFFF7E8FED4F8CC3023F0020349
:10F09000C4F8CC30DB0530D4D4F8B430003B18BF12
:10F0A000012388F31188BFF36F8F002B81D000F00C
:10F0B00071FC7EE7D4F8CC30D90693D5C4F8CC00E7
:10F0C00088F31188BFF36F8F04B0BDE8F08123F09F
:10F0D0001103EB6005F11000FFF7BEFEB9E70B600E
:10F0E0007368984208BF7160C9E701461BB11A688E
:10F0F00018461346B7E71A46FAE70023D1E700BFE0
:10F1000038340020323E002070B5C368C3F3400697
:10F110009B0705460C460DD50122002104F108008D
:10F120000AF03CFD00232360054B65605A681AB95C
:10F13000C3E90044304670BD14605C60FAE700BF6C
:10F1400038340020F8B5C3689A0704460E46C3F366
:10F15000400542D45F0742D40B680BB983680B604B
:10F16000E368D80744BFA368336037684CBF022503
:10F17000012557B31B4B9A68D7F8B0309A421ED17D
:10F180000AF038FE80F00100C0B2D7F8CC30D907C1
:10F19000C3F380021CD5F2B1F8B100232360D7F885
:10F1A000B83073B9C7E92D4438460AF01EFDE3684C
:10F1B00043F00403E3603368A3602846F8BD0020F1
:10F1C000E3E71C60C7F8B840EEE76FF0150506E00E
:10F1D0006FF0120503E01B07DFD56FF00F0500236A
:10F1E0003360EAE714340020F8B5C36803F0050380
:10F1F000002B06460C4614BF012700271CD085684B
:10F200000122002104F110000AF0C8FC1349204635
:10F210000AF04CFDE36843F01003E360F3685B071A
:10F2200012D5336823606BB9D5F8B83033B9C5E966
:10F230002D4428460AF0D9FC3846F8BD1C60C5F8B4
:10F24000B840F6E73460F4E7D5F8B4302360D5F879
:10F25000B830C5F8B440002BEBD1F0E7CB9B0200EF
:10F26000014601480AF03EBD60280020F0B589B093
:10F2700004460020C4E92D000E9D04F1BC00C4E941
:10F280002F0004F1C400C4E9310055B328790028E7
:10F2900040F2011008BF0120C4F8CC0000204FF05C
:10F2A000FF364FF0FF37CDE90330CDE90100CDE95E
:10F2B00006670D4B0094204600F06CF955B12968A3
:10F2C00011B1204600F0E0F86B791BB1A38943F03F
:10F2D0000103A38120460AF041FEC4F8B04009B002
:10F2E000F0BD0120D8E700BFA9EF010037B50190BC
:10F2F0000846EFF31184402181F31288BFF36F8F2A
:10F30000C16811F01E0F16D153EA020508D101A9F8
:10F31000FFF718FF84F31188BFF36F8F03B030BD80
:10F3200041F00801C160019981620449103000F088
:10F3300035FD0120EEE70020ECE700BF5F9C0200F6
:10F3400001460148FFF7D2BF60280020F7B50C4600
:10F35000019016461D46EFF31187402383F3128870
:10F36000BFF36F8F08460AF031FC55EA060309D156
:10F3700001A92046FFF7E6FE87F31188BFF36F8FE0
:10F3800003B0F0BDE368074943F00803E360019B65
:10F39000A36232462B4604F1100000F0FFFC01206E
:10F3A000EAE700BF5F9C020001460148FFF7CEBFBD
:10F3B000602800202DE9F0410546EFF31187402336
:10F3C00083F31288BFF36F8F0468A0421CD0DCB1B6
:10F3D00020460AF002FD04F118000AF019FE00268A
:10F3E000B046C4F8AC8020460AF042FD2C68A54225
:10F3F00006F1010610D07CB120460AF0EEFC04F1C3
:10F4000018000AF005FEECE787F31188BFF36F8F51
:10F4100000263046BDE8F081024839460AF05BFD1F
:10F42000F7E700BF323E00202DE9F3411C4652EAC7
:10F43000040307460D46164608D10846FFF78AFC26
:10F440006FF00A04204602B0BDE8F081EFF31188A6
:10F45000402383F31288BFF36F8F0846FFF77AFCCF
:10F46000CDE9006407483A46414600F0ABF904464E
:10F470000028E7D14FF0FF324FF0FF332846FFF767
:10F48000F7FBDFE7323E002010B5044608B9054B14
:10F490009C681F2204F174000BF083FC002084F8A8
:10F4A000930010BD143400202DE9F04F073285B0D1
:10F4B00022F0070204461E467F3200F15803C0E9DD
:10F4C000163322F03F02129BA38100200D46119BB0
:10F4D000DDF838A0139FA06004213F2AC4E906008C
:10F4E0002174A373E07305F14009A2F1400B05D824
:10F4F00080F31188BFF36F8F084602DF05EB020827
:10F5000041462046F5F7BAF80730109B20F0070077
:10F51000C4E9259BC4F89C0002930F9BA8EB000B49
:10F52000CDE900A35A46334629462046F5F7C2FBEB
:10F530000F9BA3664FF00008109BC4F85480C4E9E9
:10F54000186AE366EFF31182402181F31288BFF35A
:10F550006F8F0F4D296A21672C6282F31188BFF3E8
:10F560006F8F8FB11F22394604F174000BF019FC24
:10F5700084F89380AB680BB1D3F8A030C4F8A03006
:10F58000584605B0BDE8F08F84F87470F2E700BF0C
:10F5900014340020F0B587B000250595109D049522
:10F5A0000F9D03950E9D0295DDE912760D9D019547
:10F5B0000C9D00950446FFF777FFB6F1FF3F08BFAB
:10F5C000B7F1FF3F05D056EA070305D120460AF000
:10F5D000C5FC204607B0F0BD3A46334604F118009A
:10F5E000014900F0DBFBF4E7B79E0200012310B5F0
:10F5F000037483810023C0E92533044600F0F8FC3E
:10F60000014B9C6010BD00BF143400200A4A93686F
:10F610006FF00A01C3F8AC100849C3F8A8004B68A2
:10F6200043F080534B60002383F31188BFF36F8F47
:10F630009368D3F8AC0070471434002000ED00E06C
:10F6400070B590F91020037C002A2FDBD9062DD14C
:10F650001A4C63F07F032246037452F8183FE169A5
:10F66000934207D1C0E900210860E0610FE09942B0
:10F67000F8D01B68002BF5D093F90E6090F90E506E
:10F68000AE42F4DD5968C0E9003108605860A569F0
:10F69000954200D005B9E568A3681A7CD20606D168
:10F6A000DA897F2A03D9AA690AB9636170BDAB42BE
:10F6B00002D0284600F0D6FA6561F7E7143400203E
:10F6C00038B590F91020037C002A014604DA03F0D3
:10F6D0007F0303740AF094FB0D4D2A46AB6852F881
:10F6E000184F944200D004B9EC688B4207D01A7CC2
:10F6F000D20604D1DA897F2A01D9A2692AB1A342AC
:10F7000002D0204600F0AEFA23466B6138BD00BF40
:10F7100014340020B3F1FF3F08BFB2F1FF3F03D024
:10F720000249183000F03ABB704700BFB79E020094
:10F73000034648B9EFF3058232B9064A5169926827
:10F74000914201D0FFF762BF83F31188BFF36F8F3F
:10F75000704700BF1434002038B5184CA168E06928
:10F760000B68814214BF1A46002249680B60596039
:10F77000A368E1692AB9124AC3E900210B60E36179
:10F780000AE092F90E5093F90E00854212DD51689D
:10F79000C3E900210B605360A569094B9D4200D06D
:10F7A00005B9E568A3689D4202D0284600F05AFAE0
:10F7B000656138BD8A42DED01268DBE71434002070
:10F7C0002C340020F8B50E4B0C4611460D4A9868B3
:10F7D0001060DDE90667EFF31182402282F31288A0
:10F7E000BFF36F8F9D6828460AF01CFB28463246FF
:10F7F0003B46FFF78FFF2046BDE8F840FFF706BF06
:10F800001434002040340020F8B50446EFF311878B
:10F81000402383F31288BFF36F8F037C03F01F0232
:10F82000002A0CBF0126002649B235D103F07F0320
:10F8300003740AF0E5FA294D037C817363F07F03BA
:10F840002A46037452F8183FE869934207D1C4E985
:10F8500000200460EC610DE09842F8D01B68002B9A
:10F86000F5D093F90EC08C45F6DD5968C4E9003136
:10F870000C605C60AC69944200D004B9EC68AB6881
:10F880009C4202D0204600F0EDF96C6187F31188AC
:10F89000BFF36F8F3046F8BD9B071CD585680AF013
:10F8A000AFFA81732B689D4209D16B68C4E900539C
:10F8B0001C606C60EAE76A689A42F6D01B68002B0D
:10F8C000F3D093F90E208A42F5DD5A68C4E900327C
:10F8D00014605C60DAE78173D8E700BF143400205D
:10F8E000034648B9EFF3058232B9064A5169926876
:10F8F000914201D0FFF78ABE83F31188BFF36F8F67
:10F90000704700BF14340020EFF31181402383F3CC
:10F910001288BFF36F8F054B9A68D37B013BD3737B
:10F9200081F31188BFF36F8F704700BF143400203C
:10F9300070B5EFF31186402383F31288BFF36F8F06
:10F940000F4DAB68DA7B0132DA732A4652F8184F52
:10F95000944200D004B9EC681A7CD20604D1DA894A
:10F960007F2A01D9A2692AB19C4202D0204600F028
:10F9700079F923466B613046BDE87040FFF7D8BE89
:10F9800014340020024B03F11802C3E90622704729
:10F990001434002070B5EFF31186402383F31288EE
:10F9A000BFF36F8F1A4CA168E0690B68814214BFE6
:10F9B0001A46002249680B605960A368E1692AB9B8
:10F9C000144AC3E900210B60E3610AE092F90E508A
:10F9D00093F90E00854216DD5168C3E900210B60E2
:10F9E0005360A5690B4B9D4200D005B9E568A3683B
:10F9F0009D4202D0284600F035F965613046BDE8E9
:10FA00007040FFF703BE8A42DAD01268D7E700BF22
:10FA1000143400202C340020F8B550EA01030646C7
:10FA20000C4603D1FFF7B6FF0020F8BDEFF31187B6
:10FA3000402383F31288BFF36F8F124D124BA868D7
:10FA40001860FFF73DFEA86810492346324618307B
:10FA500000F0A4F9AA68137C43F00403137404466D
:10FA60003846FFF7D3FDAB68D3E90A23B3F1004F63
:10FA700008BF002AD8D10AF000FB201A20EAE07063
:10FA8000D3E700BF1434002040340020B79E0200AA
:10FA9000014B9868704700BF143400202DE9F843EB
:10FAA00004468789EFF31186402383F31288BFF35E
:10FAB0006F8F037C190705D586F31188BFF36F8F0D
:10FAC000BDE8F883D90943F0080272D10274A36833
:10FAD00013B120460AF09CF904F118000AF098FAD4
:10FAE000A56D04F15808A84511D04FF0000975B173
:10FAF00028460AF08DF905F118000AF089FAC5F8D0
:10FB0000AC902846FFF79CFDA56DA845EFD1DFF826
:10FB1000C480D8F808309C4253D1EFF30589B9F17D
:10FB2000000918BF4FF00109D8F818502A4A954229
:10FB300000D00DB9D8F80C50AB4202D0284600F0E6
:10FB400091F82046C8F8145005F098FB204600F0C4
:10FB5000D9F8B9F1000F02D02048FFF747FDD8F8D7
:10FB600008309C4230D1EFF305836BBBA289D207EA
:10FB700011D586F31188BFF36F8F83F31188BFF31C
:10FB80006F8F0423184602DFEFF31186402383F3BF
:10FB90001288BFF36F8F3046FFF738FDFB078FD514
:10FBA000002383F31188BFF36F8F0423184602DF0D
:10FBB00086E703F07F0343F0080303740AF020F99B
:10FBC00085E74FF00009AFE786F31188BFF36F8F29
:10FBD000E4E700BF143400202C340020302900203A
:10FBE000D3B5DDE90667089CCDE90067FFF7EAFDBC
:10FBF0001CB1034B9B685B69236002B0D0BD00BFA2
:10FC000014340020027C12F01F02034610D10A496E
:10FC100088420DD00949086868B1D9897F2909D877
:10FC200093F90E20064B1B689A42B8BF002070471C
:10FC3000002070471046704700270020F004002085
:10FC400044340020044BC01A044BC0105843044BEA
:10FC500001221A54704700BFE0290020ABAAAAAACB
:10FC6000323E002070B50C4B0C4D1E7CFFF7CAFFD6
:10FC7000182303FB0655044628460AF0C9F9084B29
:10FC800000229A553CB1621E28460649BDE87040E4
:10FC9000D31700F083B870BD14340020E029002091
:10FCA000323E002045FC010038B5EFF311854023BA
:10FCB00083F31288BFF36F8F0F4B104A9C68106854
:10FCC000A04206D1FFF7CEFF85F31188BFF36F8FF7
:10FCD00038BD00211B7C1160094AD35C002BF3D096
:10FCE0002046FFF78FFF0028EED0237CDB0601D1F2
:10FCF000FFF732FD2046E5E71434002040340020B1
:10FD0000323E0020EFF31181402383F31288BFF3CA
:10FD10006F8F0A4A136A834207D11B6F136281F304
:10FD20001188BFF36F8F70471346002BF7D01A6FFF
:10FD30008242F9D1026F1A67F1E700BF1434002044
:10FD4000024B1868984208BF00207047F404002056
:10FD5000034B1B680BB9FCF7AFBD0020704700BF19
:10FD60004834002030B570B10B4B5B6898420AD024
:10FD7000036843B1D3E90421D0E90445121941EBEA
:10FD80000501C3E90421D0E9003213605A60002361
:10FD9000C0E9003330BD00BFF4040020B3F1FF3FE1
:10FDA00008BFB2F1FF3F2DE9F84F044699461546CA
:10FDB0001F467AD08160EFF31188402383F31288C5
:10FDC000BFF36F8FB9F1000FDFF8E4A020DBFFF77E
:10FDD000BFFFDAE90027013549F100092D1849EB89
:10FDE000E073C4E90453AD18064643EB07074FF030
:10FDF0000109FFF7A5FFDFF8BCE0DEF804A0034629
:10FE0000EBB9C4E900EACAF80040CEF8044028E0A3
:10FE1000DAE900126FF001035B1A4FF0FF3161EB7A
:10FE200002025B1B62EB0902012B72F10001BCBFF5
:10FE300001230022C0E904324FF00009D9E7D3E9D9
:10FE4000041CD4E904208A4270EB0C0B24DA891AD2
:10FE50005A686CEB0000C3E90410C4E90032146076
:10FE60005C60FFF76DFF84420ED1134B1B685BB9DA
:10FE7000B9F1000F02D1FFF76BFF064630460AF0DA
:10FE8000B0F80021FCF7EAFC88F31188BFF36F8F0C
:10FE900028463946BDE8F88F521A60EB0C005345EE
:10FEA000C4E90420ADD01B68AAE700252F46EFE780
:10FEB000F8290020F4040020483400202DE9F04700
:10FEC000DFF8A890DFF8A880C9F800000246FFF725
:10FED00037FF0D4600260027D8E900134FEAE27EDF
:10FEE00050B1D0E9044CA2427EEB0C0A1BDAA41AF2
:10FEF0006CEB0E06C0E9044652184FF0000443EBC9
:10FF00000E032046C8E90023C9F800400AF069F84A
:10FF10002146FCF7A3FC85F31188BFF36F8FBDE882
:10FF2000F047FFF7C1BE611843EBE473C0E9046713
:10FF3000C8E90013FFF716FF01224FF00043C0E9A4
:10FF4000042385F31188BFF36F8F83689847EFF31D
:10FF50001185402383F31288BFF36F8FD9F80020F7
:10FF6000121BC9F80020FFF7EBFEB5E7483400206C
:10FF7000F829002010B5EFF31184402383F3128891
:10FF8000BFF36F8FFFF7E4FE054A0346D2E9000195
:10FF9000181841EBE37184F31188BFF36F8F10BD24
:10FFA000F82900202DE9F04105460E46174609F0D4
:10FFB00021FF30B9074B9B68D3F8A04014B9BDE8C6
:10FFC000F081054C3B46324629462046BDE8F041CB
:10FFD0000AF09DB814340020140600200246024B9B
:10FFE000024800210AF093B869420200140600207A
:10FFF000014BC0F8A0307047140600200146024AA9
:020000022000DC
:100000000020FFF7CFBF00BF6942020001680E4A1F
:100010009142034615D1C169A2F11022A2F1EF125B
:1000200091420ED18268012A0BD8C26812B10169CF
:100030008A4206D0586928B19B691B1A5842584118
:1000400070470120704700BF55AA00FF70B50E4BE6
:100050009E68B6B13046FFF7D9FF044618B9F36879
:100060007BB935690DB9204670BD2846FFF7CEFF34
:1000700028B9EB68B34204D12E462D69F2E7044655
:10008000F1E70124EFE700BF4C3400202DE9F041F7
:10009000404D06466869884600F04CF918B10024C6
:1000A0002046BDE8F0812C68DCB1AC68CCB1002EF4
:1000B0006AD0B8F1000F69D008FB06F7B7FBF6F677
:1000C000B04565D1391D63D8BA0710D027F00302B7
:1000D0000432EC6803E0616891420AD2A469002C02
:1000E000F9D1686900F030F90028D9D0D7E73A464D
:1000F000EFE7D4F808C0BCF1000F02D001200AF0ED
:1001000039FE891A232904F120061CD80123A36093
:10011000D4E90523AAB19361A3690BB162695A615D
:100120000023C4E905332B69DB0703D5FFF78EFFF6
:100130000028E3D13A460021304634460AF012FE48
:10014000CFE7EB60E8E702F1200023182039C3E98C
:10015000011CDC602169DFF840C0196144F800C06F
:100160000E48D86101B1CB6061695961A06998619D
:1001700041B18B61996901B14B610121C4E9012150
:100180002361CDE7EB60F5E73446AAE74446A8E7EC
:100190000446A6E74C34002055AA00FF669911EEEC
:1001A00070B5424E0546706900F0C4F800287BD156
:1001B000002D5FD03368002B5CD0B268002A59D084
:1001C0009D4203D3726813449D4202D301200AF07A
:1001D000D1FDA5F120042046FFF718FF0028F5D136
:1001E00055F8183C012BF1D155F8143C45F8180C82
:1001F000C3B19A68002A42D155F81C2C02F12001A3
:100200005A680A445A6055E905321A6155F8145C77
:100210002B6903B1DD602046202200210AF0A2FDF7
:1002200023462C462069002836D08268002A33D124
:100230006368426820331344636003692361D4E92F
:100240000523F2B923BB436963618269A2610BB3E1
:100250009C61A36903B15C61236903B1DC60202266
:1002600000210AF07FFD33699B0703D5FFF7EEFEFF
:100270000028ABD17069BDE8704000F065B800237C
:10028000D0E79361A369002BDDD062695A61DAE798
:10029000F360F7E7F460DCE7002BE4D1F368A361D7
:1002A00003B15C61F460DEE770BD00BF4C34002038
:1002B00070B5174E14220C460546002130460AF050
:1002C00051FD1448706100F02DF81349134800F0F7
:1002D00051F8232C1BD915F003031FBF043CE4186D
:1002E000C3F10403ED182246002128460AF03AFD26
:1002F000C6E90054203CB5606C60B368084A1A60D7
:10030000B368F360A2F11022A2F1EF12DA6170BDBE
:100310004C34002050330020A10102008D00020067
:1003200055AA00FF024B1B6803B11847704700BF76
:1003300020050020034B9B6803B118476FF01D0098
:10034000704700BF20050020034BDB6803B118474E
:100350006FF01D00704700BF20050020014B1B6897
:10036000184700BF00050020014B1B68184700BF5D
:10037000FC040020024B1860024B002019607047FB
:1003800000050020FC04002010B50A46044619B1FF
:10039000024B00211B68984710BD00BF38BD02000A
:1003A0000E4B0340B3F1607F06D1B1F5885F0CBFFF
:1003B00000206FF086007047B3F1707F0BD101F41D
:1003C000E043B3F5005F06D111F4E06F14BF0020E5
:1003D0006FF0860070476FF0860070470000C07FA6
:1003E0008A42F8B506460D4600F00A8101F0FE414A
:1003F000B1F1C06F61D1884C22F4FF7121F001018D
:10040000A14222F0FF0014D004F58854A04210D07D
:1004100022F47F7626F00306A4F57064A64208D085
:1004200004F5A064A04204D004F57454A14240F045
:10043000EB80D1B2784E19B922F48061B14224D157
:1004400025F4FF7424F00104B44225F0FF0112D01A
:10045000724EB1420FD025F47F7727F00307A6F53F
:100460007066B74207D006F5A066B14203D006F524
:100470007456B44209D115F0FF0406D0684E44F01A
:100480000074B44204BF02460D468BB122F4FF73E0
:1004900023F00103B3F1062F06D0624B22F4FF6173
:1004A00021F00701994203D122F4807225F480756E
:1004B000954214BF00200120F8BDB1F1A06F16D104
:1004C00002F0FE43B3F1A06F40F0888082EA05039A
:1004D00033F47E1340F0828028047FD5C5F30540B5
:1004E000C2F3054290428CBF00200120E4E74E4B4E
:1004F0009D4209D1A3F500439A4200F081804B4B05
:1005000022F47E109842D4E7B1F1407F60D102F02E
:10051000FE43B3F1407F5BD182EA050030F47E14E4
:1005200056D131462846FFF73BFF00286AD14049A3
:1005300012F47C1701EA020113D0B1F1607FC2F31B
:10054000054333D1D1B241F0007101F17E4103394D
:10055000122901D83748445C15F47C1F2DD19C42E8
:10056000A7E7B1F1607F0AD1D3B243F0007303F182
:100570007E43033B122B4BD82F49CB5CE2E7B1F112
:10058000707F17D106F4E043B3F5005F42D1C6F3A4
:10059000022101238B4006F4E041B1F5005FDBD17D
:1005A000C6F30226012000FA06F4D5E7B1F1707F08
:1005B000D2D1F0E700242346CEE71FB9C5F30541A9
:1005C000A1421DD0290403D5C5F3054098428AE70E
:1005D0001A4B9D4202D1B2F1082F6AE725F0004381
:1005E00023F47F03B3F1106F0CD102F0FE43B3F19B
:1005F000106F07D11248104040F01060A84258E731
:10060000012059E7002057E7002B7FF446AF4FE762
:10061000002397E70023BEE7000200060013000650
:10062000FF000002004000060093C00400014005E6
:100630000000C07F4ECE02004ECE02000002C0037A
:100640000000FFF670B505460F480E46FFF772FE34
:10065000044618B16FF08F04204670BD6B6933609B
:100660002B7F012B0ABF022330602B77064818BF6F
:100670006FF09604FFF768FE0028EDD0002CE9D05B
:100680006FF09604E8E700BF7433002038B50C4CD7
:100690000C48FFF74FFE65780A48FFF755FE0A48F9
:1006A000FFF748FE022D08D12478E31F5C425C412D
:1006B0000548FFF749FE204638BD0024F8E700BF93
:1006C000643400205C330020683300202DE9F047BB
:1006D000894615461C4600F0C1FC0646002851D14B
:1006E000D9F80070B7F800A00AF4E043B3F5804FE2
:1006F000BB6808BF25F0010535EA03033AD1002C99
:1007000040D0B5F5006F40D0A5F500525542554197
:10071000284A24F4FF7323F00103934213D026499F
:1007200024F0FF028A420ED024F47F7020F00300F0
:10073000A1F57061884206D001F5A0618A4202D01D
:100740001E4A934223D114F0FF0304D01C4A43F005
:100750000073934222D0F9682B4622465046FFF799
:100760003FFE804670B939692B4622465046FFF756
:1007700037FEE0B96FF084060023C9F80030384630
:1007800000F0A4FC3046BDE8F0870125C0E704F086
:10079000FE43B3F1407F04D12304DCD56FF086061D
:1007A000EAE7B3F1A06FF7D0054B9C42D2E746468B
:1007B000E8E700BF0002000600130006004600063E
:1007C000FF00000238B500F0FE43B3F1407F04465D
:1007D0000D4602D06FF0860038BDFFF7E1FD00281E
:1007E000F8D114F47C1F18D0C4F30543032B137005
:1007F00022D9224A2240B2F1607F31D1E4B244F0E2
:10080000007404F17E44033C122CE3D81C4A125DB0
:100810009342DFD8202BDFD90EE0184B2340B3F1F1
:10082000607F0FD1E3B243F0007303F17E43033BDB
:10083000122B04D9002313706FF08500CCE7114907
:10084000CB5CD3E7B3F1707FF4D101F4E043B3F5AF
:10085000005FEFD1C1F3022101238B40DBB2C5E77A
:10086000B2F1707FB6D105F4E042B2F5005FB1D1CC
:10087000C5F302250122AA40CAE700BF0000C07FDD
:100880004ECE02004ECE02002DE9F3414768D0F86B
:100890001480044638460E4609F054FF0546E8B970
:1008A000FFB22FB9B8F1000F05D06FF0860515E043
:1008B000B8F1000FF9D0A36823F0031323F47F43AA
:1008C000002BF2D162884FF6F8739A4228D8164866
:1008D0002779FFF72FFD28B16FF08F05284602B06A
:1008E000BDE8F08107B901A8314600F067FB054675
:1008F0000D48FFF729FD10B1002DEFD1ECE7002DD9
:10090000ECD10FCCD6F800C066460FC694E80700BD
:1009100086E80700002FE1D1019BCCF81430DDE719
:100920006FF08505DAE700BF7433002010B5044688
:1009300050B10648FFF7FEFC204609F037FDBDE840
:1009400010400248FFF700BD10BD00BF7433002007
:1009500013B5044610B301A900F080FB0446E8B9C2
:100960001948FFF7E7FC0346019853B1002409F04A
:10097000D4FE002818BF04461348FFF7E5FC68B111
:1009800009E0037F032B11D109F0C7FE04460E488E
:10099000FFF7DAFC28B10CB96FF08F04204602B0E3
:1009A00010BD002C08BF6FF08704F7E7022B07D1BA
:1009B000032303770379FF2BD8D16FF08404D6E7A4
:1009C0006FF09604D3E700BF743300202DE9F041A7
:1009D0001E4688B0904600220388059205460F46C1
:1009E000CDF81C803260B8F1000F65D0B8F1005F1F
:1009F00080F0A18023F0FF03B3F5E24F02D0B3F5FE
:100A0000824F25D1284609F0AFFB0446002840F06C
:100A10008680EB6883B16A8872B12B8803F44F41FA
:100A2000B1F5824F02D0B1F5884F05D1DBB2222B50
:100A300036D02CD8122B38D03A4608EB07010023C9
:100A400012F8010B8A4243EA0003F9D1002B33D09C
:100A500005A92846FFF718FF0446A0B9059B9B6A25
:100A60006BB3059B5A88069206AA029203F12802EC
:100A700001929A6A00925B6A42463946284609F01A
:100A800093FE044680B30598FFF750FF47E0273BED
:100A9000DBB21B2BD0D8294921FA03F3DB07CBD5D6
:100AA0000732B8EBD20FC7D206E040F209239A42D0
:100AB000F6D1B8F1400FBFD86FF086042FE06B6815
:100AC0001B0A07D10799059809F030FC0446002855
:100AD000C7D0D8E707AB42463946284609F03CFE66
:100AE00004460028EED0CEE70599069B4A88D2B985
:100AF0004B80069A4FF6F8739A4219D82B880598BE
:100B000013B102889A4210D16B8813B142889A427D
:100B10000BD13146FFF796FD04460028B3D120469D
:100B200008B0BDE8F0819A42E3D06FF08604AAE7EE
:100B30006FF08504A7E76FF08504F0E70102000C71
:100B400038B504460D46FFF7A1FD30B12A462146CF
:100B50000348BDE8384009F0CEBE6FF0880038BDCC
:100B60006834002073B5002203880A60009242882E
:100B700004460D46002A00F0FF80028802F4E0429D
:100B8000B2F5804F00F0F88023F0FF03B3F5E24F99
:100B900002D0B3F5824F04D1204609F0E5FA0646AB
:100BA000D0B969462046FFF76FFE064660BB009B42
:100BB0009B6AA3B10099204601F12803D1E90912EB
:100BC00009F0D4FD06460098002E40F0D280294658
:100BD000FFF738FD0646B8B9304602B070BD63680D
:100BE0001B0A40F0BD802288618802F4E043B3F51F
:100BF000805F0DD0B3F5005F0AD002F44F40B0F52E
:100C0000824F1ED06FF085060098FFF78FFEE3E756
:100C1000104609F05CFB06460028F5D147F20103B7
:100C20009A4220D14B080133DB0803EBC3033B336B
:100C30000193DDE9000109F079FB06460028B9D0EF
:100C4000E2E7B3F5E04FDDD147F201039A42E9D084
:100C500022F0FF03B3F5884F15D1CB1DDB0803EB62
:100C600043030133E4E744F201039A4202D1CB0883
:100C70001033DDE722F0FF03B3F5E84FEAD1CB1DD7
:100C8000DB085B00D4E7B3F5EE4F67D0B3F58E4FCA
:100C900002D1CB1DDB08CBE702F44F40B0F5824F09
:100CA00002D0B0F5884F06D1D0B2422801D1CB088E
:100CB000D7E74128EDD0B3F5E24FEAD0B3F5824F44
:100CC00003D1CB1DDB085B00CBE744F20D039A4256
:100CD00024D844F201039A42DBD9A2F58042023AB9
:100CE0000B2AD6D801A353F822F000BF310D020021
:100CF000930C02003D0D0200930C0200930C0200C5
:100D0000450D02004D0D0200930C0200930C0200F1
:100D1000550D0200930C0200550D020047F202032C
:100D20009A421BD047F204039A42B2D140237FE794
:100D30004B094FF4A0725343203379E70B0A4FF469
:100D4000C072F8E7CB1DDB08183371E7CB1DDB0859
:100D50001C336DE7CB1DDB08023392E7202367E7E6
:100D600001A9204609F0FDFC064600283FF461AFCA
:100D70004AE709F010FB47E76FF086062CE700BF53
:100D800010B51B4C1B48FFF7D5FA2378590744BF11
:100D900003F0FB0323709A0705D500F0F5F82378DC
:100DA00023F0020323701348FFF7CEFA1248FFF72F
:100DB000C1FA637813B1114809F0AEFD0023042194
:100DC0000E486370FFF7E0FA0B48FFF7BDFA0948D9
:100DD000FFF7B0FA2378DB0705D509F0BCFC2378D0
:100DE00023F001032370BDE810400248FFF7ACBABE
:100DF00064340020683300205C3300206834002015
:100E000070B5FFF743FC10B10024204670BD344894
:100E1000FFF790FA044620B16FF08F04FFF7B0FFA0
:100E2000F3E7304D2B789E0706D400F0A5F82B7819
:100E300043F0020304462B702948FFF785FA10B1EE
:100E4000002CE9D0EAE7002CE8D12548FFF772FA38
:100E500004460028E0D12B78D80706D409F079FCA5
:100E60002B7843F0010304462B701D48FFF76CFA02
:100E70000028E5D1002CD1D11948FFF75BFA0028F2
:100E8000CAD117482E78FFF75FFA0028C4D1164858
:100E9000FFF750FA04460028BED16B783BB9F10742
:100EA00005D5124809F025FD022304466B700E4853
:100EB000FFF74AFA0028C3D1002CAFD10848FFF74A
:100EC00039FA0028A8D12B7805485A075CBF43F0AF
:100ED00004032B70FFF738FA002895D09CE700BF79
:100EE00068330020643400205C3300206834002024
:100EF00000F140420F2A30B50CD81D4B2C2404FBC6
:100F000002331A7F022A02D15A69824224D06FF03A
:100F10008B001AE0441E6FF040439C420ED2144AEC
:100F200000241346157F022D02D15569854210D049
:100F30000134102C02F12C02F4D1E8E70D4BA2F59C
:100F400080529A42EBD96FF0870030BD6FF0960067
:100F5000FBE72C2202FB04331A7F022AF6D11A6A1D
:100F6000501CF3D001321A6200200B60EDE700BF85
:100F70006C340020FFDFFF3F024B012283F8C022C8
:100F8000002070476C3400202DE9F0410A4C002508
:100F900026464FF001080327C4F820802777204613
:100FA000013509F003FA102D04F12C04F4D10023CB
:100FB00086F8C032BDE8F0816C340020F8B5244DCD
:100FC000064624480F46FFF7B5F995F8C042214878
:100FD000FFF7BAF9002C34D000242B462246197FA3
:100FE000F9B13CB9022905D1196A19B91979002951
:100FF00018BF1C460132102A03F12C03EFD114B99B
:101000006FF08C000BE0237F022B04D1236A5A1C63
:101010001CBF01332362204609F0C8F910B1002437
:101020000DE01C46237F7BB90123237736B10A4BA1
:10103000651BAD105D4305F18045356000203C60C7
:10104000F8BD6FF08800EAE76FF09600E7E700BFB1
:101050006C34002068330020A38B2EBA002370B5B7
:101060000B60044616480D46FFF764F9154B14480B
:1010700093F8C062FFF768F9FEB11348FFF75AF919
:10108000064618B16FF08F04204670BD20462946F1
:10109000FFF72EFF10F18C0F044607D00A48FFF728
:1010A00053F90028F0D0002CEED1EBE706482E6073
:1010B000FFF74AF96FF08704E6E76FF08804E3E78B
:1010C000683300206C3400207433002010B50446CF
:1010D0000848FFF72FF940B9204609F01EFB0446E7
:1010E0000448FFF731F910B10CB96FF08F042046B6
:1010F00010BD00BF7433002070B40A4E4568DCB2E6
:1011000044F00074B4424FEA152503D035B970BCE1
:1011100000F0A4B86FF0850070BC70476FF08600D7
:10112000FAE700BF05000002F7B5089E0D4FF5B2C3
:10113000044645F000754868BD424FEA10200AD0C9
:1011400060B9009604F1080000F054F808B91C23B7
:10115000236003B0F0BD6FF08500FAE76FF0860002
:10116000F7E700BF05000002F7B5089E0D4FF5B286
:10117000044645F000754868BD424FEA10200AD089
:1011800060B9009604F1080009F0C3FC08B91C23FB
:10119000236003B0F0BD6FF08500FAE76FF08600C2
:1011A000F7E700BF050000027FB50024C0F8484102
:1011B0000F4C0094054609F04DFB044698B903AB6B
:1011C000102205F59C7601930092334605F5947143
:1011D000284609F052FB044628B9304609F0C8FBFE
:1011E000204604B070BD284609F053FBF8E700BF65
:1011F000004440042DE9F0411E46069B1746154A5F
:1012000023F47E13934204460D461BD10B88B3F59D
:10121000105F17D1A6F11002102A17D80E4BD34039
:10122000DB0713D54FF4A672002109F09BFD0223C2
:1012300084F84C313A46334629462046BDE8F04111
:10124000FFF7B2BF6FF08500BDE8F0816FF0860058
:10125000FAE700BF0002C003010101002DE9F043DD
:1012600023F47E16124BDDF82C909E42DDE9077CBC
:10127000DDE909E815D10388B3F5105F11D1A2F1BA
:101280001004102C11D80B4D25FA04F4E3070CD5EB
:10129000CDE90989CDE907CE3B46BDE8F04309F029
:1012A0000FBC6FF08500BDE8F0836FF08600FAE7B1
:1012B0000002C0030101010073B50C4611461A4635
:1012C0002388069EB3F5105F054619D1A2F11004DC
:1012D000102C12D80C4BE340DB070ED50B4B9E4273
:1012E0000ED100240094234600F06CF885F81C41D0
:1012F000C5F81861204602B070BD6FF08600FAE7AD
:101300006FF08500F7E700BF0101010000444004D1
:101310002DE9F04116461F46D0F818210E4B9A428F
:101320000546884611D1314600F06CF8069B98427C
:1013300004460DD8334628464246394600F070F838
:10134000079B00201C60BDE8F0816FF08500FAE784
:101350006FF08900F7E700BF0044400470B5184EF5
:10136000049C4588B34202D06FF0850070BDEE1D2D
:10137000B2EBD60F4FEAD60302D06FF08600F5E746
:10138000079A934218D8089A1360008847F21212FD
:101390009042E9D1059A5B0001339342EDD1237865
:1013A000042BEAD1B5F5807FDED10698621C00F0EF
:1013B00067F90028DAD0E0E76FF08900D6E700BFD0
:1013C00000000209F8B5069F04461D4661B11646A5
:1013D000AFB9DFF795F8002384F8116184F8103174
:1013E00084F8127184F8133145B11022294604F1B2
:1013F000F00009F090FC012384F81331F8BDDFF709
:1014000013FAE8E751B190F8103190F812210B442B
:1014100002F001029B1A23F00F0070470846704744
:101420002DE9F04F044687B090F8120194F810911E
:101430000090002B55D0924600F00108C9F110022F
:101440001E4608EB0203B34204F5807700F2C48025
:101450000D46002A40F0B380009B002B6AD194F81F
:10146000133104F1F009C846002B40F0C18094F814
:101470001131224639464846DEF7EEFE0F2E40F285
:10148000CE80A6F1100323F00F031033019305EB78
:10149000030BD04694F813C1102341464A46384600
:1014A000BCF1000F20D0DFF7F1FB1022494628469F
:1014B00009F031FC103594F811312246394648467E
:1014C000DEF7CAFE5D4508F11008E3D116F00F06FD
:1014D00021D184F81061C84610224146584609F0CF
:1014E0001AFC07B0BDE8F08F102209F014FC10229E
:1014F0004946284609F00FFC103594F81131224670
:1015000039464846DEF7A8FEAB4508F11008C1D1C0
:1015100016F00F06DDD0019B9A44514638463246FC
:1015200009F0F9FB009B84F81061002B7DD00DF1D0
:101530000808D1E794F811312246394602A8DFF7AE
:1015400021F894F81331002B5BD1B8F1000F0CBFD8
:101550004FF010094FF011094E4529D304F1F0085E
:1015600001E04E4524D3514610223846924409F0FA
:10157000D2FB102202A9284609F0CDFB94F81131C4
:101580002246394602A8DEF7FDFF94F81331103EDB
:101590001035002BE5D002A9084642461023DFF79C
:1015A00075FB10223946404609F0B5FB4E45DAD2AC
:1015B0002EBB84F81061AB460DF108088CE751464C
:1015C00007EB0900924409F0A6FB009B103E4E4435
:1015D000002B3FF444AFADE707EB0900514632461C
:1015E00009F099FBB14484F8109107B0BDE8F08F81
:1015F00010234A4639463846DFF748FB37E7AB4603
:101600008BE702A904F1F0094A4608461023DFF7E8
:101610003DFB48461022394609F07DFB95E7002E38
:10162000EDD184F81061AB4656E704F1F00952E7BA
:1016300000B589B00146684600F03CF809B05DF895
:1016400004FB00BF00B591B00146684600F06AF99E
:1016500011B05DF804FB00BF30B599B0054668468F
:1016600000F028F86946044608A800F053FA08A9D3
:101670000443284600F08AF9204619B030BD00BF67
:1016800070B598B005466846164600F013F8314626
:10169000044608A800F046F908A96A46044308462B
:1016A00000F082F908A90443284600F06DF92046AD
:1016B00018B070BD70B50B68124E1BBAC3614B6891
:1016C0001BBA83618B681BBA4361CB681BBA036189
:1016D0000B691BBAC3604B691BBA83608B691BBA69
:1016E0004360CB691BBA3246036001460446DFF70C
:1016F000BDF83146054602462046DFF7D7F8681E9A
:1017000070BD00BF3CBD02002DE9F04188B00C4621
:10171000064602F12001684606F120079046DFF7F1
:101720009FFB6A4669466846DFF7BCFA6946384659
:10173000DFF796FB3A463946384604F12005DFF7D5
:10174000B1FA6A4669466846DFF7ACFA4146284670
:10175000DFF786FB6A4641463046DFF769FB2A46DB
:1017600029466846DFF79EFA2A4669466846DFF74B
:1017700099FA124A69466846DFF794FA69462046A4
:10178000DFF76EFB324621462046DFF7C9FA3246C4
:1017900021462046DFF7C4FA224631462846DFF7C5
:1017A000BFFA6A4629462846DFF742FB3A462946F1
:1017B0002846DFF7B5FA08B0BDE8F0811CBE02008C
:1017C000F0B599B004460D460A4601466846DFF773
:1017D000A7FA69466846DFF743FB6A46214608A830
:1017E00005F1200604F12007DFF722FB6A462946AF
:1017F0006846DFF71DFB3246394610A8DFF752FA7C
:10180000324639463046DFF78BFA31462846DFF755
:1018100027FB6A4608A92046DFF744FA22462946F4
:101820002846DFF77DFA6A4608A96846DFF778FAA6
:101830006A4639463846DFF7FBFA2A4608A9684661
:10184000DFF76EFA6A4631463046DFF7F1FA3A467C
:1018500031463046DFF764FA10A96846DFF700FB2F
:10186000224669462046DFF75BFA08A92246084669
:10187000DFF756FA10A908AA0846DFF7D9FA3A4660
:1018800010A93846DFF74CFA19B0F0BD2DE9F04148
:1018900088B00C46054690460A4601466846DFF782
:1018A0003FFA69466846DFF7DBFA6A46294628466A
:1018B00004F12006DFF7BCFA05F120076A4621464D
:1018C0006846DFF7B5FA324639463046DFF728FA80
:1018D00031462046DFF7C4FA2A4621462046DFF784
:1018E0001FFA6A4621462046DFF71AFA6A46294659
:1018F0004046DFF715FA424639463846DFF798FA90
:10190000224629466846DFF70BFA6A4631463046DA
:10191000DFF78EFA3A4631463046DFF701FA08B073
:10192000BDE8F08170B500F1200690B00D46044688
:1019300000F014F905F12001304600F00FF92146BE
:1019400008A8DFF78DFA08A908460D4ADFF7AAF9BB
:1019500008A922460846DFF76BFA08A9094A084693
:10196000DFF7A0F931466846DFF77AFA20226946A8
:101970000DEB0200DFF768F9013810B070BD00BF51
:101980001CBE0200FCBD020000F002B938B50446DE
:101990000D4600F0FDF805F1200104F12000BDE83E
:1019A000384000F0F5B800BF2DE9F0471346B8B055
:1019B000544A89468046194610A8DEF757FF524917
:1019C000024610A8DEF772FF179E4E4900EAD6764F
:1019D0000746C6F1010210A8DEF768FF179B4A46CA
:1019E0006FEA030A28A918A8FFF78EFE4FEADA7AF1
:1019F00020A9CAF10102084600F092F8C7F10107D8
:101A0000FE246A4618A928A8FFF740FF631138AAE8
:101A100002EB830304F01F0253F8A03CD340554669
:101A200003F0010A8AEA05052A4628A918A8DEF764
:101A300099FF2A4630A920A8DEF794FF013C28A987
:101A400018A8FFF7BDFE631CDBD1CAF1010220A973
:101A500008A800F065F886EA0A066A4618A928A8C8
:101A6000FFF714FF28A9324618A8DEF77BFF32469D
:101A700030A920A8DEF776FF08A96A460846DFF7F6
:101A8000D7F908A9084600F09DF808A908F1200434
:101A900009F120020846DFF7CBF920A908AA204661
:101AA000DFF7C6F908AA18A96846DFF7C1F9694641
:101AB0006846DFF7D5F918AA694608A8DFF7B8F92C
:101AC00021466846DFF7CCF908AA69461046DFF7D9
:101AD00027F90E4A08A96846DFF722F92046202197
:101AE000DFF7C6F808A9024644426846DEF73AFF27
:101AF0004046074A6946DFF79BF93C43204638B029
:101B0000BDE8F0877CBD02009CBD0200FCBD020068
:101B10005CBD02000A460149FFF746BFBCBD02009A
:101B200070B588B004460D4616460021202268464E
:101B300009F018F90023294620222046009309F0D5
:101B4000EAF82A4669466846DFF7EAF83246694607
:101B50002046DEF707FF08B070BD00BF0B681BBA58
:101B6000C3614B681BBA83618B681BBA4361CB6846
:101B70001BBA03610B691BBAC3604B691BBA836054
:101B80008B691BBA4360CB691BBA0360704700BF07
:101B9000CB691BBA03608B691BBA43604B691BBAE4
:101BA00083600B691BBAC360CB681BBA03618B6887
:101BB0001BBA43614B681BBA83610B681BBAC361D4
:101BC000704700BF70B598B00D46064610A8DFF705
:101BD00047F92A4610A96846DFF72AF9694610A88E
:101BE000DFF73EF910A90846DFF73AF96A4610A96F
:101BF00008A8DFF71DF908A910A8DFF731F910A927
:101C00000846DFF72DF910A90846DFF729F910A9D2
:101C10000846DFF725F910A908AA0846DFF708F9F2
:101C200010A90846DFF71CF910A90846DFF718F9D4
:101C300010A96A4608A8DFF7FBF8052408A910A830
:101C4000DFF70EF910A90846DFF70AF9013C10A9E1
:101C5000F5D108AA0846DFF7EBF8052410A90846D5
:101C6000DFF7FEF810A90846DFF7FAF8013CF5D1D6
:101C700010A908AA0846DFF7DBF810A908A8DFF7C3
:101C8000EFF808A90846DFF7EBF808A96A466846A6
:101C9000DFF7CEF81024694610A8DFF7E1F810A9A5
:101CA0000846DFF7DDF8013C10A9F5D12A460846C1
:101CB000DFF7BEF8402410A90846DFF7D1F810A9D5
:101CC0000846DFF7CDF8013CF5D110A96A46084671
:101CD000DFF7AEF8102410A90846DFF7C1F810A905
:101CE0000846DFF7BDF8013CF5D110A96A46084661
:101CF000DFF79EF8102410A90846DFF7B1F810A905
:101D00000846DFF7ADF8013CF5D110A908AA08464E
:101D1000DFF78EF82A4610A93046DFF789F818B0A9
:101D200070BD00BF10B50C4C236813B10B4B1B6882
:101D30002BB900F02FFF30B9084B01221A600123A4
:101D40002360002010BD0138062801D9044810BDC9
:101D5000044B53F8200010BD3437002030370020EA
:101D6000FE8FFFFF3CBE0200BFF34F8F0549064BBD
:101D7000CA6802F4E0621343CB60BFF34F8F00BF29
:101D8000FDE700BF00ED00E00400FA0510B4094BC8
:101D900009490A4C4FF0FE32C3F800244968C3F8E1
:101DA0000424C3F80824C3F80C240023C4F8003525
:101DB00010BC084700B002500405002000A00250EB
:101DC000D0E90012014BC3E900127047040500205E
:101DD00070B58CB0144606460D4603AA202104A80F
:101DE00000F0B6F9002835D1039B202B32D11A48D8
:101DF0004FF0FF3100F082FF40BB002000F0AEFF4B
:101E000000BB00942B46202206F1100004A900F02C
:101E100091FC0446012000F0A1FF78B90E4800F0C3
:101E200075FF38B9B4B9202104A800F045FF204659
:101E30000CB070BD0948FFF7A9FFF3E70848FFF7AA
:101E4000A5FFEBE70648FFF7A1FFDAE70348FFF736
:101E50009DFFD2E7034CEAE79005002058BE020040
:101E600070BE0200FE8FFFFFF0B50F468FB0154623
:101E70000446002859D03E4B02689A4264D00DB106
:101E8000002969D026464FF4A071304600F014FFB7
:101E900005AA202106A800F05BF900285FD1059B68
:101EA000202B5CD133484FF0FF3100F027FF70BB8F
:101EB000002000F053FF30BB00230295CDE900372E
:101EC000202206A906F1100000F0D8FA05460120EC
:101ED00000F044FF98B9274800F018FF58B9002DCA
:101EE00041D1202106A800F0E7FE214B33609CB1D0
:101EF00028460FB0F0BD2048FFF748FFEFE71F4826
:101F0000FFF744FFE7E71D48FFF740FFD4E71A4813
:101F1000FFF73CFFCCE70025194800F0F7FE00284A
:101F2000E6D01548FFF732FFE2E715484FF0FF31E2
:101F300000F0E4FE60B9134B0D4A1B689342EAD0EF
:101F400005B197B10F4E9EE7002528460FB0F0BDB2
:101F50000948FFF71BFFEEE76FF4E045C8E72021D3
:101F600006A800F0A9FE084DC1E76FF4E045D3E7ED
:101F7000A5BCC95A9005002058BE020070BE0200E0
:101F80007C05002038370020FE8FFFFF2DE9F04F41
:101F900083B0002B00F0C7801D460023044688460E
:101FA00017462B608AB1002900F0BD80002800F0A0
:101FB00085805E4B02689A4244D1B7F5806F0AD99A
:101FC0005B4E304603B0BDE8F08F002876D0574B0B
:101FD00002689A4236D1A146D9F838311BB1D9F8F6
:101FE0003020934235D953484FF0FF3100F086FE40
:101FF00000287CD1002000F0B1FE002873D100231E
:1020000009F1100A4FEAC70B009342465946504661
:1020100000F098FA0646012000F0A0FE00285ED1EC
:10202000444800F073FE002855D11F2E1AD076B90F
:102030002F6044B9404800F069FE20B13F48FFF7E7
:10204000A5FE00E03E4E304603B0BDE8F08F3D4EA9
:10205000EFE7002211464846FFF7BAFE0646002881
:10206000C1D0E6E7002248461146FFF7B1FE06461A
:102070000028DED12F484FF0FF3100F03FFE00284E
:102080004DD1002000F06AFE002844D100234246D2
:1020900059465046009300F055FA0646012000F0DC
:1020A0005DFE002833D1234800F030FE0028BED06A
:1020B0002248FFF76BFE002EBAD0C8E71E484FF04B
:1020C000FF3100F01BFED8B91F4B1A68174B9A421C
:1020D00011D01B4EAEE71948FFF758FEA5E71B4885
:1020E000FFF754FE9CE71948FFF750FE87E71348B7
:1020F000FFF74CFE7EE7B7F5806F05D90C4E99E7E8
:102100000E48FFF743FEDFE7DFF83C9064E70F4837
:10211000FFF73CFEC7E70D48FFF738FEB6E7074874
:10212000FFF734FEADE76FF4E0468CE7A5BCC95A73
:10213000DE8FFFFF900500207C05002058BE0200C6
:10214000E88FFFFFFE8FFFFF3837002070BE0200D0
:102150002DE9F047DFF8A0A00D4680464FF0FF3193
:10216000DAF80000914600F0C9FDB0BB002000F095
:10217000F5FD70BBCDB1214F002603E000F09AFDC4
:102180002D1B13D0182D4FF0180138462C4628BFB0
:10219000182400F025FB0346224608EB06003946CA
:1021A0002644002BEAD0164C03E02E46C9F8006006
:1021B00000241248182100F07FFD012000F0CEFD20
:1021C000A8B9DAF8000000F0A1FD50B92046BDE83A
:1021D000F0870C48FFF7DAFDCCE70B48FFF7D6FD98
:1021E000C4E70948FFF7D2FD2046BDE8F08705485F
:1021F000FFF7CCFDE5E700BF800500207838002020
:10220000FE8FFFFF70BE020058BE020010B50446EC
:1022100050B1636813F0685F05D0064A934202D05C
:1022200000232360626010BD034B04485B6898473D
:10223000EFE700BF2C5F5CA90405002090BE020000
:10224000C8B143680D4A934213D013F0685F0ED0B3
:10225000012350E8002F194640E8001C9CF0000FB5
:10226000F7D1012AF5D0BFF35F8F002070470448F3
:102270007047044870476FF4E04070472C5F5CA9DA
:10228000E98FFFFFEA8FFFFF80B14368094A93425D
:102290000AD013F0685F05D0BFF35F8F002303609F
:1022A0001846704704487047044870476FF4E04090
:1022B000704700BF2C5F5CA9E98FFFFFEA8FFFFF2B
:1022C00010B5044620B1044B63600022226010BDAB
:1022D0000248FFF75BFDF6E73A00003AB8BE02009D
:1022E00010B5D0E90023194C6360D0E90230C4E98D
:1022F00002302260164BD1F800C0C3F800C0D1F8FC
:1023000004C0C3F804C01348D1F808C0C3F808C01B
:10231000D1F80CC00969C3F80CC01961436813F007
:10232000685F04D00C490023C0E9003190470B4896
:10233000436813F0685F07D0074923680022C0E9AB
:102340000021BDE81040184710BD00BF2005002047
:102350000C050020400500202C5F5CA938050020FA
:10236000F0B585B00446C07FA37F94F81DC094F8F3
:1023700013E0451C03EB15230CEB132CA377237FF1
:10238000E07E84F81DC003EB1C2300EB13202377B1
:10239000A37E94F819C0E07603EB10230CEB132C0A
:1023A000A376237EE07D84F819C003EB1C2300EBA9
:1023B00013202376A37D94F815C0E07503EB10235A
:1023C0000CEB132CA375237D84F815C003EB1C23A1
:1023D00094F812C023750EEB132E637CE5770CEB9B
:1023E0001E2C03EB1C2384F812C094F810C084F850
:1023F00013E020460CEB132C637400F810CF10236D
:102400004FF0000CCDE900C004AF02930E46154614
:10241000234662466046022100F01EFE10B10437DA
:10242000BD46F0BD2021204600F0ACFE0028F6D1CC
:102430002946304600F0A8FE0028F0D11F2D14D800
:10244000C5F1270323F007036E46ADEB030DC5F17D
:10245000200504AC01462A46204608F083FC2946A4
:10246000204600F091FE38B9B5460021084600F03C
:10247000C7FE0437BD46F0BDB546D0E7F0B589B01C
:1024800005460F9C109E002C47D02022684608F07D
:1024900042FC66B3731E022B51D926F0030021467D
:1024A00020446A4651F8043B1768814283EA0703D7
:1024B00042F8043BF6D1B30719D026F003031DF808
:1024C0000310E25C4A400DF803205A1C96420ED9D4
:1024D0001DF80200A15C023341409E420DF802103B
:1024E00005D91DF80310E25C4A400DF803202422B0
:1024F0000021284608F036FC202269462846FFF7CE
:102500002FFF044610B901232B62002408216846DE
:1025100000F01CFB204609B0F0BD0F4624222146E6
:1025200008F020FC202239462846FFF719FF044610
:102530000028EFD1012320462B6209B0F0BD002313
:10254000BDE700BF2DE9F0439046026ABDB01D46CD
:1025500001324FF00003CDE90433CDE90633CDE974
:102560000833CDE90A3370D004460E46002D6AD0F8
:10257000449A2946FFF7F4FE002861D1E27FA17F4B
:10258000637F501C01EB1021227FA17703EB112305
:1025900002EB13226377E37E227703EB1223A27E02
:1025A000E37602EB1322637EA27603EB1223227EF4
:1025B000637602EB1322E37D227603EB1223A27DE6
:1025C000E37502EB1322637DA27503EB1223227DD8
:1025D000637502EB1322E37C227503EB1223A27CCA
:1025E000E37402EB1322637CA27403EB1223227CBC
:1025F000637402EB132323740022102304F11007E9
:10260000E0770221CDE9017310460092234600F0E5
:1026100023FDA8B94046F10800F0B4FD80B95FEA97
:10262000162916D04FEA0929804601E0C84510D086
:10263000202104A808F5807800F0A6FD0028F5D038
:102640003DB0BDE8F08304AD98E71F203DB0BDE884
:10265000F083B14507D0A6EB0901C90804A800F032
:1026600093FD0028ECD10CA800F05EFD0021084687
:1026700000F0C6FD0028E3D1102212A9384608F068
:102680004AFBE17FA37F627F0139A3EBD1739BB249
:10269000A2EBD332A377237FE17792B2E17E627718
:1026A000A3EBD2339BB2A1EBD3312377A37E627E1F
:1026B00089B2A3EBD1339BB2A2EBD332A376237EB4
:1026C000E17692B2E17D6276A3EBD2339BB2A1EBCD
:1026D000D3312376A37D627D89B2A3EBD1339BB244
:1026E000A2EBD332A375237DE17592B2E17C6275D2
:1026F000A3EBD2339BB2A27C2375A1EBD33189B279
:10270000637CE174A2EBD13292B2A3EBD233A27418
:10271000227C9BB26374A2EBD3332374202229461C
:102720002046FFF71DFE00288AD1236A0133236269
:1027300086E700BFF0B589B005460E9E002B43D05A
:10274000684617461C4608F0E6FA66B3731E022B6D
:1027500044D926F003022244A646EC46DCF80030B9
:102760005EF8041B594096454CF8041BF6D1B3079C
:1027700019D026F003031DF80310E25C4A400DF85F
:1027800003205A1C96420ED91DF80200A15C0233A8
:1027900041409E420DF8021005D91DF80310E25C7D
:1027A0004A400DF803203A4669462846FFF7D8FD0F
:1027B000044610B901232B6200240821684600F06A
:1027C000C5F9204609B0F0BDFFF7CAFD0446002850
:1027D000F7D1012320462B6209B0F0BD0023CAE7E0
:1027E0002DE9F04FC24C8FB0237800AFC7E901014B
:1027F0002BB9204600F066FF204601F0ADF8BD4B36
:10280000BA68A3FB02231B094FF0000B3B61C7F81A
:1028100014B0B74800F0BCFF8246002852D1B64C35
:10282000237C002B40F0AD804FF08053E946D3F875
:102830000C2C013200F07A81D3F80C2CAD4B172A06
:10284000A3FB02134FEA131640F29980FE604FF08B
:1028500000084E46C7F800A0A548062207F120014F
:1028600000F0D8FF002840F06481A44BD4E90215A1
:10287000986807F1200C07F1380EDCF800301F22B1
:10288000994603E0A8420ED0531C20D04B46D340BB
:1028900013F0010315BF0021013101351D468842A7
:1028A00002F1FF32EED19648C4E902154FF00E0A4C
:1028B000FFF76CFAB54600F0A3FF8D4801F050F821
:1028C0000028A6D150463C37BD46BDE8F08F0CF13C
:1028D000040CE645D1D1894B2068C4E90215D3E93F
:1028E000009A07F1200E18224FF0000B41460346D4
:1028F000C3F5806C4FEA5C1C4FEA8C0C944528BFF2
:1029000094465FEA9C0826D0C7E9063EAEF1040073
:10291000656800EB880850F804EF4FEA5E0303F0A7
:102920005533AEEB03034FEA930E0EF0333E03F044
:102930003333734403EB131303F00F3303EB03231D
:1029400003EB03431B0EC3F1200380451D44E2D17A
:10295000D7E9063E656003EBCC03B3F5806FA2EBCD
:102960000C024BD0E644002AC2D12360FB6801F17F
:1029700001089845FFF470AFD7F800A0B5460123D1
:102980002374BB68172B40F2A0807B687A69FA61D8
:1029900003EB8201002398468946D3465448062219
:1029A000494600F037FFCC46002840F0C580534B25
:1029B000D4E902569968FB69A9F1040E9A465EF8BB
:1029C000040F1F2203E0B1420ED0531C21D020FA85
:1029D00002F313F0010315BF0025013501361E4631
:1029E0008D4202F1FF32EED14548C7F814A0C4E988
:1029F00002564FF00E0AFFF7C9F95CE763684B45D2
:102A000080F08A80534540F28780C4F804B00023E8
:102A1000A8E709F114037345C4E90256CFD1374B37
:102A2000C7F814905246D3E900EA2368FA611821E6
:102A30004046C3F580684FEA58184FEA8808884531
:102A400028BF88465FEA980926D0ACF1040566687D
:102A5000C7F818C005EB890955F804CF4FEA5C02A6
:102A600002F05532ACEB02024FEA920C0CF0333C10
:102A700002F03332624402EB121202F00F3202EB28
:102A8000022202EB0242120EC2F1200216444D4510
:102A90006660E1D1D7F818C003EBC803B3F5806FC7
:102AA0002360A1EB080117D0C4440029C1D1FB6900
:102AB000D7F814900633FB613B6900F10108984593
:102AC00009F11809FFF46AAFDA4600F099FE5046A2
:102AD0003C37BD46BDE8F08F6368734512D253455D
:102AE00010D900230022C4E900230023DCE700BF43
:102AF000A8380020ABAAAAAA002A00206805002056
:102B0000DCBE0200FB6910487B614FF00D0AFFF745
:102B10003DF900F075FED0E64FF480630A4823606B
:102B20004FF00D0AFFF732F9B546C4E64FF40476CC
:102B30008CE68246B546BEE6FB697B610546AA4641
:102B400000F05EFEB9E600BFDCBE0200890000F0C6
:102B500047B900BF3AB101EB820251F8043B40F89B
:102B6000043B9142F9D1704708B500F037F830B90D
:102B700000F03EF828B9064AC2F80C0A08BD032046
:102B800008BD00F02DF800F06DF8042008BD00BF6E
:102B900000B0025030B583B0FFF7E6FF044610B92D
:102BA0000B4D2B6813B1204603B030BD02460146E1
:102BB000FFF75AF950B9074901AB6822FFF7E6F968
:102BC00020B9054B2B60204603B030BD0524EAE751
:102BD000B8380020BC3800205AEA5A5A0020704702
:102BE00000207047014BC3F8040A704700B0025040
:102BF00010B5154800F06EF800B110BD134800F094
:102C000069F80028F9D1124C204600F063F800283A
:102C1000F3D1104B10481C6000F05CF80028ECD198
:102C20000E4800F057F80028E7D10D4800F052F8A0
:102C300001460028E1D100F039F8044608B900F057
:102C40006FF8204610BD00BF900500208C050020C5
:102C50008805002080050020840500207C050020D8
:102C60007805002008B50B4800F03EF80A4800F04F
:102C70003BF80A4800F038F8094800F035F80948F0
:102C800000F032F8084800F02FF8BDE8084000F0E6
:102C90000FB800BF900500208C050020880500209B
:102CA000840500207C050020780500200020704766
:102CB000704700BF08F03DB882B0019041B10023D9
:102CC0009C461A4601980133994200F802C0F8D197
:102CD00002B0704708B5034B02681B68106898473C
:102CE000002008BD2005002008B5034B02685B6882
:102CF00010689847002008BD20050020024B02689C
:102D00009B681068184700BF2005002008B5034BDA
:102D10000268DB6810689847002008BD2005002085
:102D200070B5094C094D2069AB68984718B1084B3C
:102D300008485B689847084AEB68206900211160E1
:102D4000BDE87040184700BF0C050020200500209A
:102D500004050020E8BE020024390020F8B51A4D11
:102D60001A4E0446B26828699047E8B9184F3B6884
:102D70004CB1A3B1012B19D0013B3B602869F3682A
:102D800098470020F8BD43B9124A0121C2F8001546
:102D90001149D1F81029002AFBD101333B60F368B7
:102DA000286998470020F8BD0C48F8BD0A4AD2F8B7
:102DB0001039002BFBD1074A6FF07E40C2F8003576
:102DC000FFF710FF3B68D7E70C0500202005002027
:102DD0002439002000A0025000B00250E98FFFFF0C
:102DE0002DE9F0410E4682B0002879D000296FD03D
:102DF0003E4C0546012755E0D4E901E1D4F80CC06A
:102E000020684FEACE524B0980EAC05842EA50226D
:102E100043EACC638EEA02004B404FEA984E4EEAFA
:102E2000803E83EA08038CEA5C1283EA0E03424088
:102E300011EB030E82EA90424CEB0200082EC4E92B
:102E40000232B04628BF4FF0080815F00303C4E96A
:102E5000001CCDE900E032D1072E3DD8032E2CD93D
:102E6000B8F10402C5F800E018D0042303F108010A
:102E70006944012A11F8081CE9540FD003F1090034
:102E80006844591C10F8080C6854032A06D103F151
:102E90000A026A44023312F8082CEA54B6EB080618
:102EA000454415D0237E002BA6D118212046FFF7DC
:102EB00097FC0028F9D127769EE74246D6E72846B8
:102EC0004246694607F027FFB6EB08064544E9D1BC
:102ED000002002B0BDE8F081C5F800E06860DDE7E1
:102EE0000029F5D0142002B0BDE8F081182A002096
:102EF00031B10138002300F8013F01339942FAD182
:102F0000704700BF70B5504C504D0120C4F81008F8
:102F100000F0C4FB0023C4F84034C4F84434C4F8BF
:102F20004834C4F84C34C4F86034C4F86434C4F889
:102F30006834C4F86C34C4F8BC34D4F8C03423F01A
:102F40000103C4F8C0346B68D4F8C02403F0010353
:102F50001343C4F8C0342A68072A05D1D4F8C03412
:102F600023F00103C4F8C034374CD4F8C01421F066
:102F70001C01C4F8C014D4F8C014930003F01C035F
:102F80000B43C4F8C034D4F8C03495F89C1023F037
:102F90000203C4F8C0340029A96B2D4B08BF0023DD
:102FA00000293DD1D4F8C00420F44050C4F8C00436
:102FB00095F83400D4F8C064C4F8C064A0B91A68A5
:102FC000C4F800245A68C4F804249A68C4F8082491
:102FD000DB68C4F80C342A68072A03D11A4B012293
:102FE000C3F87C24002070BD0328F5D11868194E61
:102FF00000F0D6FCB0B933681B68C4F800343368FD
:103000005B68C4F8043433689B68C4F808343368D8
:10301000DB68C4F80C3400F0D1FC18B92A68DBE78F
:10302000062070BD3268084B1268C3F8002432686D
:103030005268C3F8042432689268C3F808243268DE
:10304000D268C3F80C2470BD00B0025028390020AB
:10305000C8390020740500202DE9F84F2F4E304D5F
:10306000DDF828A0002483460F4691462146C02261
:103070003046984607F076FEC5F84044C5F844440B
:10308000C5F84844C5F84C44C5F86044C5F86444E4
:10309000C5F86844C5F86C4400F0F8FAC5F8C044B7
:1030A000204600F0FBFAC5F81048C6E9007B86F818
:1030B0003490C6F838A0B8F1000F0AD00AF1020225
:1030C0000123D200414606F1A00086F89C3007F0AB
:1030D00022FE102000F0CCFAFFF714FF40B9022FB7
:1030E00008D0072F04D01FB10E48FEF74FFE062070
:1030F000BDE8F88F0B9A0A4B1268C3F860240B9A4C
:103100005268C3F864240B9A9268C3F868240B9A37
:10311000D268C3F86C24BDE8F88F00BF28390020BE
:1031200000B00250DCBE020010B51349C0220446B4
:1031300007F0F1FD114B1249D3F84024A260D3F8F7
:103140004424E260D3F848242261D3F84C2462611D
:10315000D3F86024A261D3F86424E261D3F8682430
:103160002262D3F86C34636204F13C006022BDE853
:10317000104007F0D0BD00BF2839002000B0025039
:10318000383A002000F07ABA70B51B4C2368072B40
:1031900017D0A36A06460D46B3B1012000F07EFAAF
:1031A000A36A2B440F2BA3621CD9012301222946B9
:1031B000304600F0BFF9034620B9104B1B6C102BB2
:1031C00016D00023184670BDE36A002BE5D001201D
:1031D00000F032FA2368072BDFD1A36A2B440F2BB0
:1031E000A362E2D82368012B94BF00230123DDE70B
:1031F00000F022FAE5E700BF28390020383A002025
:103200002DE9F041554CDFF85881564A84B0A36A45
:10321000D8F84050C2F8BC5400AF06460D46B3B3D0
:103220002368072B7ED1002000F006FA4D4B0022C8
:10323000C3F8BC2415B1D8F858302B602368072B8D
:103240002FD000260024474D4448C022214607F0D5
:1032500089FDC5F84044C5F84444C5F84844C5F85C
:103260004C44C5F86044C5F86444C5F86844C5F8E2
:103270006C4400F00BFA2046C5F8C04400F00EFA8A
:1032800030461037C5F81048BD46BDE8F081E36A06
:10329000002BCBD02368072B57D0012000F0CCF9AE
:1032A000C4E7E36A1BB92F4B0122C3F824252D4B39
:1032B000256BD3F840243A60D3F844247A60033570
:1032C000D3F848246168BA60AD08EA1DD3F84C040D
:1032D000F86022F0070301296C46ADEB030D2CD1F9
:1032E00029466846FFF704FE65B3691E0DF1FF30FD
:1032F0006944002210F8013F07F1100505EB830532
:1033000056F8233055F8105C6B40134314BF01226C
:1033100000228842EED1ABB11348FEF737FD1226EA
:10332000A5468FE7012000F0B9F92368002B7FF450
:103330007AAF012000F080F978E72A463946304616
:10334000FFF708FC0026A5467CE7012000F0A6F95F
:103350002368072B3FF467AF9FE700BF28390020A1
:10336000383A002000B00250DCBE0200F0B56E4BCF
:103370006E4A0124C3F8204892F85C5092F84870D5
:10338000A54286463CD04FF4FE64C3F8044AD3F805
:10339000084A44F47F64C3F8084A002F3BD1002D4B
:1033A00061D1634B1C7C14B11C68844261D993F8D1
:1033B00024401CB15C69844240F2818093F838401B
:1033C0001CB19C6A844240F2918093F84C401CB13D
:1033D000DC6B844240F29180534BC3F828ECC3F875
:1033E0002C1C002F43D080214F4AD2F8003A31EAFA
:1033F0000303FAD10023C2F8081AC2F82038F0BD3E
:103400004FF47664C3F8044AD3F8084A44F47F645E
:10341000C3F8084A3FB3464BD46C1F7C17B11F68F2
:10342000BC4237D293F8247017B15F69BC424DD2C9
:1034300093F8387017B19F6ABC424FD293F84C7022
:1034400017B1DF6BBC4260D227460C44D464946D44
:103450000C449465344CC4F8287DC4F82C1D002D10
:103460005CD101279EE7C3F8300CC3F8341C40211F
:10347000BAE75D682544854299D9002505EB8505A5
:1034800003EB8503556D9A68DE68121B104405FB3B
:10349000060EA1E75E6807EB060C6445C2D24FF04A
:1034A000000C0CEB8C0C03EB8C0CDCF80860DCF8EB
:1034B0000CC0F71B566D274406FB0C77C5E79D69CA
:1034C000254485427FF67AAF0125D7E79E6907EB51
:1034D000060C6445ACD24FF0010CE2E7DE6A07EB64
:1034E000060C6445AAD24FF0020CDAE7DD6A2544E7
:1034F00085427FF66AAF0225C0E71D6C25448542F0
:1035000088BF03257FF668AFB8E71E6C07EB060C93
:10351000644538BF4FF0030C96D2C2E7C4F8300CB4
:10352000C4F8341C5FE700BF00B00250383A0020F6
:10353000E8390020B0F1005F55D32DE9F843144677
:103540004218B2F1804F05460F4669D8DFF8E09087
:10355000D9E9101274B3002B4ED0D9F85030BB42C9
:1035600061D3DB1BC9F85030002947D1FFB1D9F82E
:10357000401089F84840C1BBD9F844307E1EB6FBE4
:10358000F3F603FB06F646B1B6F5803F28461CD29B
:103590003146FFF7EBFEBF1B354425483A46294626
:1035A00007F0B9FBD9F840303B44C9F8403000205F
:1035B000BDE8F8830029D9D099F84830F3B14846DE
:1035C000FFF7D4FEC9F84040D0E7D9F84440C4F52D
:1035D00080384146FFF7CAFEA4F58033F6181F4431
:1035E0004544D1D1D9E70A2070471148FFF7BEFE04
:1035F0000023C9F84030BFE70029B7D0521ABA42B9
:1036000009EB01002946164628BF3E4607F083FB1A
:10361000D9F8403033443544BF1BC9F84030A5E7E2
:103620000A20BDE8F8830348FEF7B0FB1320BFE78C
:10363000383A0020DCBE020010B50C4C216C29B1D8
:1036400028B90A48FFF792FE0023236410BDC1F198
:1036500040026018002107F085FB616C034821647B
:10366000FFF784FE00232364F0E700BF383A002010
:10367000014B5864704700BF383A0020024BC3E941
:1036800013010020704700BF383A00200248602232
:10369000002107F067BB00BF383A0020074AD2F884
:1036A0001039002BFBD1064B0449C2F800091870F1
:1036B000D1F81039002BFBD1704700BF00B0025089
:1036C000333E002010B44FF08053D3F8102C013259
:1036D00022D0D3F8102CFAB9D3F8142C013230D000
:1036E000D3F8142C6ABBD3F8182C013237D0D3F896
:1036F000182CA2BBD3F81C2C013203D0D3F81C3CED
:10370000002B3ED04FF08053D3F81C2C013234D024
:10371000D3F81C4C032108E04FF08053D3F8102C51
:1037200001320AD0D3F8104C00210023C0E9013443
:1037300001220270017310BC7047002141F25C2429
:10374000F3E74FF08053D3F8142C013203D0D3F8B1
:10375000144C0121E9E7012141F66414E5E74FF03B
:103760008053D3F8182C013203D0D3F8184C02211F
:10377000DBE7022140F6D864D7E7032141F2883421
:10378000D3E7024810BCFEF701BB00BFDCBE02005D
:1037900038B5037853B3184B90F80CC00124D0E926
:1037A0000152C3F8C441C3F84041C3F8C441C3F84F
:1037B0003021D3F830118A42F7D100203F22C3F8DC
:1037C0002C01C3F8082A1E22C3F800210422C3F8E2
:1037D000040AC3F80C21D3F80C214CEA0202C3F806
:1037E0000C21C3F83851C3F82C4138BD0348FEF70B
:1037F000CDFA0C2038BD00BF00B00250DCBE020084
:10380000034B0020C3F82C01C3F8C401704700BF6C
:1038100000B002502DE9F84F4FF0000C4C4B86469B
:103820000E46644601204FF0FF354FF03F094FF040
:103830001E080427D3F8042112F00E0F55D0D3F838
:103840000C21D3F83011C3F82C4102F00302032AF3
:10385000C3F8BC01C3F808516BD0013242F0040A2E
:10386000D2B2C3F80CA1C3F830118EF80C20CEF8F8
:103870000810D3F80C11D3F83021D3F838A1C3F8CD
:10388000C40101F0030BC3F84001C3F8C401C3F83D
:103890003021D3F830118A42F7D1C3F82C41C3F854
:1038A000089AC3F80081C3F8044AC3F80C71D3F82E
:1038B0000C214BEA0202C3F80C21C3F838A1C3F86B
:1038C0002C01D3F80421D1070CF1010C11D4BCF167
:1038D000640FAFD11E4B1F480022C3F82C21C3F840
:1038E000C421FEF753FA102021E0D3F80421D207B7
:1038F000A0D5BCF1640FEDD0154B4FF0FF32012184
:10390000C3F8BC11C3F80821D3F814213260D3F8EE
:1039100018217260D3F81C21B260D3F82021F26024
:10392000D3F824213261D3F8283173610020BDE837
:10393000F88F4A1C9DD0491844EB04028D4274EB69
:10394000020238BF4FF0FF3100224FF0040A88E72F
:1039500000B00250DCBE02000A234360704700BF83
:10396000C368032B05D0022B15D80133C360012097
:10397000704783685A1C10D0DB184FF0000242EBEE
:10398000020191424FF0FF3C0CBF19466146C0E96D
:103990000212012070478368EEE70020704700BFE5
:1039A00029B9044B002814BF18460020704702486C
:1039B000704700BF0100F7000300F700034B002031
:1039C0000122C3F8380AC3F87824704700B00250C7
:1039D000F8B50E4B1D68AB789B07064612D56F688D
:1039E00016F8014B29462CB90A20B847002805DBF8
:1039F000204609E02046B8470028F1DAAB7843F0CA
:103A00000403AB704FF0FF30F8BD00BF04B90200F3
:103A10000CB430B58BB004460D462022002102A81C
:103A200007F0A0F902238DF80A30002D0C4B039308
:103A3000069412DB01D06B1E1C440FAA0E9907944A
:103A400002A8019200F074F815B1069B00221A70CA
:103A50000BB0BDE8304002B070470024EDE700BF76
:103A60008FAE0200242AF0B5044601D8012A40D1C5
:103A7000F1F7F0F92D4B16221A5001B10C6000201D
:103A8000F0BD2F463D4615F8010B2028F9D0A0F1D6
:103A90000906042E0346F4D92B282CD02D282CD12E
:103AA00001262B78BD1C302B2DD1287840F020002A
:103AB000782824D132F0100021D16B782C461022C6
:103AC00002350020392B82BF03F1FF3343F020037E
:103AD000263B303B9A421AD9A0FB02040CB9C0180D
:103AE00001D346F002062F462C4617F8013B3D460F
:103AF000E8E70746C6E70026D3E70026D3E7002A13
:103B000008BF0822DDE7002A08BF0A22D9E701B171
:103B10000C60F20748BF4042B307B1D5F1F79AF9FC
:103B2000024B22221A504FF0FF30A9E70C00000090
:103B30002DE9F04F8BB04368009383789C07804653
:103B4000924640F1F98000250878002800F0F680C0
:103B500025280AD04B1C019301354146009B98470C
:103B60000028C0F2E3800199EEE74E788B1C252EE9
:103B70000193F1D00027B9463C460A221F2C22D8D7
:103B8000A6F12003102B20D8DFE803F0141F1F1A22
:103B90001F1F1F0B1F1F1F121F171F1F090044F09D
:103BA0000104019B13F8016B0193002EE6D13AE06A
:103BB00044F0020444F00404F3E744F00804F0E79E
:103BC00044F01004EDE77F2C24D8A6F13003092B34
:103BD00008D860064EBF02FB073702FB093944F0E4
:103BE0002004DEE72A2E0DD161065AF8043B53D497
:103BF000002BA7BF44F020049946C3F1000944F00C
:103C00002804CEE72E2E05D1630600F1978044F0FC
:103C10004004C6E76C2E2ED028D8682E32D06A2EEB
:103C200037D04C2E35D0002F46F02003B8BF24F0FB
:103C30004004A3F16502BCBFA4B20027022A01D947
:103C4000612B2BD10AF1070A2AF0070A9C4E0AF1D0
:103C5000080A0727210760D506EB070B34465C45A9
:103C60005DD1AE1BA219A9EB070959E1742E98D0BA
:103C70007A2E96D0D7E7260648BF44F4007444F065
:103C800080048EE7E00548BF44F4007444F4807477
:103C900087E744F4207484E71F4682E7A6F16302B5
:103CA000122A00F2D880DFE812F013004D00D6008F
:103CB000D600D600D6004D00D600D600D600D600DD
:103CC000D600E800D100D600D6001A00D600A00029
:103CD0005AF8043B8DF81030012704AEBAE75AF8C1
:103CE000046B784B002E08BF1E4614F0400F14BF23
:103CF00039464FF0FF31304607F066F80746A9E72E
:103D0000009B41462020984700280FDB013CA7423A
:103D1000F6D34D442D1BA1469EE74C46F7E714F819
:103D2000010B009B41469847002898DA98F802302A
:103D300043F0040388F802304FF0FF3528460BB0FB
:103D4000BDE8F08F220630D5A3052AD50AF1070A6F
:103D50002AF007039A4659685AF8080B24F0100B0A
:103D600000291FFA8BFB2FDA404261EB41014BF433
:103D7000806B04AC0A23224607F032F81BF0400F98
:103D8000A0EB040200F08E802BF001049742A4B255
:103D900040F38F80002E40F08E802BF01104A4B2EF
:103DA0001DE05AF8040BC117D8E7E0055AF8041BC8
:103DB00001D40846F7E7A2054BBF48B208B241F369
:103DC000C01141F3C031C9E750EA0103D1D1630604
:103DD000CFD5002FCDD124F01104A4B23A463B46F2
:103DE00040F206410C4262D124E024F01004A4B257
:103DF0000A2314F0800243D014F400711FBF0AF1AB
:103E0000070A2AF007029246516814BF5AF8080BB5
:103E10005AF8040B50EA01023ED124F0160B620658
:103E20001FFA8BFB3CD5002F3AD124F01704A4B223
:103E30003A463B4621075AD4E10705D5994572DD3C
:103E4000A9EB03039F184B469B464AE044F010043D
:103E500010237826CDE7782B04D1C6F1780343F000
:103E60001003C6E7009B4146252098470028FFF62F
:103E70005DAF02354146304670E608230026B8E7BC
:103E800014F480715AF8040BC4D014F400711ABFF2
:103E9000C0B2114680B2BDE724F006041FFA84FBCD
:103EA00004AC68E713465C46E10699D52EB90133A8
:103EB000C0E71346F8E73B46F6E70233BAE700BF30
:103EC000A2CC02009BCC0200CDE902324146009B0D
:103ED000202098470028FFF629AFDDE902320BF1D8
:103EE000010BD945F0DCEB1A03EB0B055B46E10651
:103EF00027D5CDE902324146009B30209847002863
:103F0000FFF614AFDDE902327EB901352F44791B8B
:103F10008A4229DB144604AE9CBB2A44A9EB030960
:103F20001546914442E017468EE7CDE9023202354C
:103F300041463046009B98470028DDE90232E5DA29
:103F4000F4E640F206410C42E0D014F0020F14BF38
:103F50002B20202014F4806FCDE9023205F10105F9
:103F6000414618BF2D20E5E7CDE902324146009BCE
:103F7000302098470028DDE9023205F10105C6DA54
:103F8000D4E6013CCDE90232305D009B41469847C2
:103F90000028DDE90232BFDAC8E6009B4146202056
:103FA0009847002805F10105FFF6C0AEA9EB05030F
:103FB000002BF2DCD7E500BF38B5044C044DAC4211
:103FC00000D138BD54F8043D9847F8E700000000E0
:103FD00000000000704708B5EFF740F9EFF74CB963
:103FE00000EBC100408840087047F8B50346FFF772
:103FF000F7FFB0FA80F0C0F11F0003EB800CCA009D
:10400000DCF81060171D0C4606328DB256B901213E
:1040100001FA00F0D9680143D960CCF81040DD53B3
:104020009D52F8BDF1000431585AD85303EBC0003B
:104030009E52C5805D52F4E710B500EBC104E388E1
:10404000994202F104010AD1012303FA02F2C36882
:1040500023EA0203C360002340F8213010BDA28888
:1040600040F8213000EBC20100EBC300CB8082801E
:10407000F4E708B50346FFF7B3FFB0FA80F2C2F1E8
:104080001F021846BDE80840FFF7D6BF2DE9F843E8
:10409000B1FA81F3C3F11F0200EB82090646D9F899
:1040A00010700D4687B9C3F120034FF0FF349C40D8
:1040B000F3681C4014D094FAA4F2B2FA82F2131DF1
:1040C00056F82340214608E03C464FF003082146BD
:1040D0003046FFF785FFA84205D33046FFF7ACFF17
:1040E0002046BDE8F88306EBC404B8F10108E48873
:1040F000C9F81040D7D0A742E9D1D4E738B5044673
:10410000FFF76EFF0D46034611462046FFF768FF96
:1041100003449BB204EBC5055A006A802046FFF7B2
:104120005FFF014424F8313038BD70B50446FFF715
:1041300057FF0B4604EBC305511A9B1A89B203447F
:104140004E009BB204EBC2006E805D00458024F8F7
:10415000321020461146FFF743FF014424F8313066
:1041600070BDF8B5002951D004680D1F2D1BEE0855
:1041700025F007056219538813F0010306D183F374
:104180001188BFF36F8F0423184602DF31462046A3
:10419000FFF726FF304434F83030C01A864207D08B
:1041A000002383F31188BFF36F8F0423184602DFC7
:1041B000538823F00103538031462046FFF710FF58
:1041C000371804EBC7035B88DA0708D43946204662
:1041D000FFF74FFF3A4631462046FFF78FFF655BFA
:1041E000751B04EBC5035B88DB0709D42946204611
:1041F000FFF73FFF324629462046FFF77FFF2E4656
:1042000031462046BDE8F840FFF7EFBEF8BD70B577
:1042100009B9002070BD056801F007030B33CC0815
:1042200004EBD304AB689C4228BF1C4621462846B9
:10423000FFF72CFF06460028EBD001462846FFF783
:10424000CFFEA04207D932192846FFF76EFF11466C
:104250002846FFF7CAFE05EBC6021046538843F016
:10426000010353800430D5E71146FFF7D0BF043A6D
:104270002DE9F843CC1D114424F0070421F0070672
:10428000A6EB04084FEAD807B7FA87F2C2F1240573
:10429000AD004FF000090735C2F12002ED080460BF
:1042A0004946A760C4F80C90920004F1100006F093
:1042B00059FDAAB2530043F0010363807B1B9BB2FC
:1042C00004EBC5015800A4F80090488024F835207C
:1042D000A6F8029024F8083004EBC70329465A8850
:1042E00042F001025A802046BDE8F843FFF77DBE48
:1042F000002070470FB407B504A951F8040B0191D1
:10430000EFF744FB03B05DF804EB04B0704708B569
:10431000EFF31183402383F31288BFF36F8FEFF322
:10432000108372B601F09DF8F0B5642304460425AD
:1043300000204FF00A0C11B1013D01D12570F0BDF4
:104340009A42B2FBF3F7FEB202D2012B00D030B199
:1043500030360139013004F8016BC9B2C0B203FB39
:104360001722D2B2B3FBFCF3E5E7A0F13003DBB2D6
:10437000092B02D80B7000207047A0F16103052BB8
:1043800002D857380870F6E7A0F14103052B01D891
:104390003738F7E76FF015007047F7B5054601F0BD
:1043A000010000EB51069E424FEA510703D9002657
:1043B000304603B0F0BD58B128780DF10701FFF782
:1043C000D4FF0028F3D19DF8073002F8013B0135F6
:1043D00001351744BA42EBD015F8010C0DF1070175
:1043E000FFF7C3FF0028E2D19DF807402401E4B2A3
:1043F000147015F8020BFFF7B8FF0028D7D19DF80D
:1044000007301C4402F8014BE4E7038B13F0070369
:1044100006D10368002B18BF032008BF0020704797
:10442000022B05D1408BB0FA80F040098000704724
:10443000012B04D10368002B18BF0520EDE70020F5
:10444000704710B50C4600B111B96FF0150010BDE2
:10445000081D00F087F80028F9D1A368032BF6D9CE
:10446000F3E72DE9F0410D4607461946281D904611
:104470001E4600F088F8044638B1334642462946C5
:104480003846A446BDE8F0416047BDE8F08110B46D
:10449000EFF31182402484F31288BFF36F8F4161E0
:1044A00010BC0121EFF7A4BA38B50C46054658B147
:1044B00051B10B6843B14B6833B11C22002106F0A7
:1044C00051FC2C61002038BD6FF01500FBE7F8B5FA
:1044D00004460E46FFF7B5FF051E3BDBEFF31182E6
:1044E000402383F31288BFF36F8F638B278B4FF6C4
:1044F000FF718B4207F007072ED0062F2FD8DFE879
:1045000007F0182E082E180418006FF085050023F8
:1045100003E0013363830225012382F31188BFF393
:104520006F8FBBB100233A4631462046FFF799FF13
:1045300010E000233360636823B9C4E9006627B143
:104540003D46E4E71E606660F9E702212046EFF78A
:104550004FFA3D462846F8BD6FF00A05D7E76FF0E1
:104560000405D4E7034658B1426802F00302012A69
:1045700003D0032A04D1026812B10020986070476A
:104580006FF0150070474268816002F00302032A51
:104590004FF0000203460CBF006810465A60704797
:1045A00070B50C8806468888241A3069A4B2844203
:1045B00085B224BF641BA4B22D1BA8B2984228BFA9
:1045C00018463368234413600B8803440B8070BD86
:1045D00070B40E460146C58831F80A3FEC1AA3B202
:1045E000934228BF1346324670BCFFF7D9BF10B5BF
:1045F0004B880C88E41AA4B294420ED31A4492B2A7
:104600008B884A800A800069D21A92B2824201D213
:10461000002010BD03448B80FAE76FF01500F8E727
:104620002DE9F34107460E4615464FF000082A468D
:1046300001A93846FFF7CCFF044648B12EB1024627
:104640000199304606F067FB26442D1BA044EED1AD
:10465000424607F10A013846FFF7C9FF404602B05B
:10466000BDE8F081704710B484686468A44610BC4B
:10467000604770B4C6680468806A0D0C06FB054488
:1046800014FA81F184682468A44670BC60472DE95F
:10469000F0431C46C36A1D686D4289B006468846D1
:1046A000174605F020051CB9204609B0BDE8F08387
:1046B000AC42A14628BFA9464B466A464146304611
:1046C000FFF7D7FF0028F0D16B46484502D1241AE6
:1046D0008044E8E713F8012BBA4201D10130F4E736
:1046E0000120E2E70B6803F580330B60008A1A0CA7
:1046F000B0EB134F04BFA3EB02430B60704738B518
:10470000C26803680D0C090C04462D04806A02FB84
:10471000013100F08BFD50B9E26AE3685279294615
:104720002046FFF7B4FF002818BF6FF0050038BD22
:1047300010B5014604460722FF20F6F7F1FEE071AE
:1047400010BD2DE9F04F07465368D0680344506907
:10475000C34293B003D1002013B0BDE8F08FFC68D2
:104760003B68D7F82CB0080C04FB003313FA81F532
:1047700092E8030004AB83E80300D2E9020106AB30
:1047800083E80300D2E90401DBF8008008AB83E88A
:1047900003000024C8F10003A146019312AB03EB10
:1047A000C90A4FEAC9015AF8346CAEB909F10109D6
:1047B000B9F1030FF2D1002CCDD00AAE9BF8051051
:1047C000A8EB0402301906F0CDFAB86A4346324627
:1047D0002946FFF748FFBFE7B4B9019B334013D028
:1047E0005AF8382CB86A2946CDE90223FFF73BFF77
:1047F0000028B1D1DDE902231A44F61A4AF8382C10
:104800004AF8346C1D44C9E7A8EB0402B24228BF41
:104810003246A2B101F148030DEB030A0AAB5AF884
:10482000381C1819CDE9021206F075FADDE90212FA
:104830001144B61A4AF8381C4AF8346C14444445FA
:10484000ACD1B86A23460AAA2946FFF70CFF002814
:1048500082D125440446A1E7F8B507220D46064655
:10486000FF204C888F88F6F75BFEEB79834205D1F9
:104870003C44B4428CBF00200120F8BD0020FCE77E
:104880000368012B81BFC91801F1FF315B42194058
:104890000846704738B50D460A4681680446FFF75A
:1048A00050FFEB68696819446B6902461944E06A75
:1048B000FFF7E6FFA3680344A360104638BD70B558
:1048C00086B0466804460D4618220021684606F068
:1048D00049FA02956A460825314620460395FFF7B6
:1048E00030FF29460246E06AFFF7CAFF63681B1AD9
:1048F0001046636006B070BD13B54FF6FF7300221B
:104900000446ADF800308DF806308368ADF8042019
:104910006846ADF80230FFF70BFF69462046FFF707
:10492000CEFF02B010BD70B506460C46C06A082125
:10493000FFF7A6FF0546F068401B214680B2FFF74F
:104940008BFF80B1A08878B922884FF6FF739A4216
:1049500009D16288F3689B1AB3FBF5F205FB1230AC
:10496000B0FA80F0400970BD0020FCE7F7B50446BE
:104970000D46C06A0821FFF783FF29680746082310
:104980002046FFF776FE0646002836D12B683B44CA
:104990002B60E26899B2D21B91422ED11A0C03BF50
:1049A000228A02F1FF3203EB0241A3F58031296034
:1049B00008236A462046FFF75CFEE8B9E36A5A79A5
:1049C0006B4613F8011B8A420CD101300828F8D13C
:1049D000636805E02B68BDF802206FF30F031344F2
:1049E0002B600AE069462046FFF79DFF0028F1D1C1
:1049F00029462046EFF71CF90646304603B0F0BDC5
:104A00002DE9F04F0446A1B024220D4617A800213D
:104A100006F0A8F9E06A0821FFF732FF63688146D3
:104A20006FF30F0306A920460693FFF75BFE069B74
:104A3000E66801931E44A6EB0906082309AA31463D
:104A400020460796FFF715FE0028C0F21581E36A9D
:104A500009AA5979002312F8010B814240F0FB802A
:104A60000133082BF7D1A36862684B449A4280F067
:104A7000EB8001992046FFF742FEFDE0BDF82630AD
:104A80006FF30F061E4407960BAA07A92046DDF810
:104A90001CA0FFF76BFF002840F0EE800BA91FFA67
:104AA0008AF0FFF7D9FE48BB039B9A45ECD1102250
:104AB000002113A806F056F91F9E129617AB11930A
:104AC00095B1D4F82C8008214046FFF7D9FE2F89F4
:104AD0000246F1194046FFF7D3FEA168636802441D
:104AE0000A44934280F09180002EBCD011A9204648
:104AF000FFF7D0FE002840F0BF80B4E76768089752
:104B00000DAA08A92046FFF731FF002840F0B48025
:104B1000BDF83420BDF82C309A4244D0089B62681E
:104B20009A423ED1BA45BFD1BDF83060002EBBD00D
:104B30003DB12A88BDF82C309A4202D12B89B3426C
:104B4000B2D9BDF82E801F9A3B0C1B049844E36A2F
:104B50001B68591E5B4203F020030493A3681644AC
:104B600001EA06001344009026EA0106ADF82E3053
:104B700006BB009B5BB11F9A17A99B1A20460A44EB
:104B80004146FFF776FD002876D1009B1F930BA8C6
:104B9000FFF7CEFD0BA92046FFF791FE002883D03A
:104BA0006AE01F46ACE70DA9B8B2FFF755FE002832
:104BB000B4D0B7E7049B1F9FB34228BF3346A3EB93
:104BC000070B17AA02933A445B4641462046FFF77B
:104BD00050FD002850D11F9B01465B44182211A8AC
:104BE000059306F0BFF817AB139311A9059B149317
:104BF0002046FFF74FFE00283ED11F9B1F90FF1A53
:104C0000029B3744FE1AD844B2E731446B68ADF8D2
:104C10003E10204611A9CDE91337FFF73BFE58BBE4
:104C20002B88ADF83C302B89ADF840300FA8FF231E
:104C30008DF84230FFF77CFD0FA92046FFF73FFEBD
:104C4000D0B90123AB720EE72046FFF755FE0028CE
:104C50003FF40FAF10E0A6EB090309A92046039328
:104C6000FFF761FE00287FF409AF07A92046EEF7A1
:104C7000DFFF00283FF408AF21B0BDE8F08F2DE939
:104C8000F04F1E46837C95B0044689469046002B23
:104C900000F0CB80C26A08211046FFF7F1FDB1B2E7
:104CA00001901046FFF7ECFDE368019AA3EB820345
:104CB00083420746C0F0BC801EB1B8F1000F00F07F
:104CC000B780D4F804A0CDF810A005AA04A9204606
:104CD000FFF74CFE0546002841D1BDF814304B4586
:104CE00007D0DDF810A063685345EED1002E3CD10B
:104CF00035E005A91FFA8AF0FFF7AEFD0028F0D0D5
:104D0000BDF818307EB3B3422FD14FEA1A43BDF835
:104D100016A0CDF800801B049A44E36A1B685B422E
:104D200003F020030293B346029B5B4528BF5B461A
:104D30000CAA514620460393FFF79BFC002850D154
:104D4000039B00981A460CA906F01BF868B9039B50
:104D5000009ABBEB030B1A449A440092E4D1284614
:104D600015B0BDE8F08F002BF9D0002F3CD1BA462A
:104D700004F1140B4FF0FF324FF0FF335846F9F7B0
:104D800077FF238A9D424DD0D4E901320AEB02011C
:104D90008B422ED39BB263B3FF23ADF81E200021BC
:104DA00018220CA88DF82230ADF81C90ADF82060C8
:104DB00005F0D8FF0CA92046CDE90E86FFF76AFD65
:104DC000074648B907A8FFF7B3FC07A92046FFF735
:104DD00076FD074600B937465846F9F7BBFF3D4612
:104DE000BDE7C2DC0546BAE7019B1F441FFA87FAFC
:104DF000BEE72046EEF7F0FE3DB9ADF82490CDF8C1
:104E00002880ADF82C608DF82E5009A92046FFF7B8
:104E1000F7FD07460028DFD19DF82E300135002B25
:104E2000AFD0D8E76FF01B07D6E76FF00C0596E719
:104E30006FF0150593E700231A46FFF720BF2DE911
:104E4000FF471E46837CBDF8309004460F469046CF
:104E5000002B43D0C06A0821FFF712FDE368A3EBE3
:104E60004003B3423DD3656801954FF0000A02AAA2
:104E700001A92046FFF77AFD20BBBDF80830BB42F0
:104E800006D102A9A8B2FFF7E7FC50441FFA80FA46
:104E9000019B62689A421AD0CA4516D9BDF80C30F7
:104EA000CBB1CA4517D3BDF80A10B3426FF30F0553
:104EB00028BF3346424629442046FFF7DAFB08B9AB
:104EC000BDF80C0004B0BDE8F0871D46CFE7BDF883
:104ED0000830BB42E2D06FF00100F3E76FF00C0046
:104EE000F0E76FF01500EDE713B500240094FFF72D
:104EF000A6FF02B010BD704730B54C680368A342EE
:104F000001D2012030BD8A682244934201D300209F
:104F1000F8E7D1E90452954203D36FF00B038B619C
:104F2000F5E7CA681B1B42F835304368086902EB95
:104F3000C00253600B6901330B61E2E737B50C46E1
:104F4000C0B201A91546EFF707F800280CDB01985D
:104F500050B121462A46EFF725F804460198FFF79D
:104F6000CAFF204603B030BD6FF01504F9E7F0B575
:104F700087B01F4604460D46164600F0ACFD0223DE
:104F800002930DF116030193BDF83030ADF8160011
:104F9000009332463B462946204602F01FFC07B0EC
:104FA000F0BD2DE9FF411F460D4616460446F0F7B9
:104FB0004BFE8046EDF715FFBDF82830009380B218
:104FC000CDE901803B4632462946204602F006FCE8
:104FD00004B0BDE8F0810020EFF746B8002211468A
:104FE000EFF710B8034610B508460AB1002111606A
:104FF00053B1D0B1411E11F8010F80B113F8014B2C
:10500000A04201D13D28F6D100200EE0013313600B
:105010000AE03D2808D0B0FA80F0400905E0187891
:105020002F28F6D1002AF1D1012010BD10B509B109
:1050300000230B6058B103461A781C4601332AB18D
:105040003D2A03D02F2AF7D101B10B60201A10BDE1
:105050002DE9F341DDF82080019007460C46154606
:105060001E46B8F1000F07D0D8F8001081B9D8F863
:1050700004E0BEF1000F14D101A93846EFF73AF869
:1050800058B1C768019833462A462146B84704E01C
:1050900001AAFFF7A7FF0028E9D1002002B0BDE870
:1050A000F081D8F80830019808932A463346214603
:1050B000F44602B0BDE8F04160470830704710B5D3
:1050C000134614460A4681880068FFF70DFFA04288
:1050D000A8BF204610BD2DE9F04F97B004460192BD
:1050E0009A46894600297AD0DAB1BAFA8AF6760960
:1050F000258F0135ADB2A84604F1080B6F1EBFB273
:10510000B7F5004F39D04A2303AA39465846FFF76E
:10511000EBFE002807DA10F1020F08BFB8463D4643
:10512000ECE70126E4E700F158030DEB0300002350
:1051300000F84C3C03A94846EDF741FE0028EED1AB
:1051400006BBB846B8F5404F4CD0238F434504F119
:10515000080538D308F58041019A534689B228469C
:10516000FFF78DFD00280ADB46B14846EDF739FE12
:105170004A460346414628461EE016B3002017B0B3
:10518000BDE8F08F39465846FFF755FE0028F6DB9C
:1051900005F57F513F3189B25846FFF74CFE002894
:1051A000EDDB238FBB42E9D12246013B22F8383F99
:1051B0004FF4004102235846FFF761FD00EAE0701A
:1051C000DDE70126BEE72246022322F8388F4FF49E
:1051D00000412846FFF753FD0028BBDACFE76FF008
:1051E0001500CCE76FF00B00C9E773B5C36B036321
:1051F0000446C3B100F108063046EEF74BFD054604
:1052000070B902230DF106024FF400413046FFF75A
:105210006BFE0028ACBFBDF806304FF40043238777
:10522000284602B070BD6FF01205F9E72DE9F04194
:105230008768FB6804460D4616469847BB682BB145
:10524000324629462046BDE8F04118476FF0570026
:10525000BDE8F081FEE705F085BD05F05CBD0146C7
:105260000068EFF7D7B908B5EFF704FABDE80840D2
:10527000EFF77ABD00210120EFF7CCB96FF0850080
:10528000704761B662B680F31188BFF36F8F7047C5
:1052900072B6002383F31188BFF36F8FBFF34F8F74
:1052A00030BF62B6BFF36F8F704772B6002383F3CF
:1052B0001188BFF36F8FBFF34F8F20BF80F311882A
:1052C000BFF36F8F62B67047202809D9B0F1004F45
:1052D00008D80138B0FA80F0C0F11F0040007047D4
:1052E000082070473E20704708B5EFF727FF0020E1
:1052F00008BD7047002303824369C3607047C169DA
:105300008968EFF77BBFEFF31182402383F31288A4
:10531000BFF36F8F00230B60436833B9C0E90011FE
:1053200082F31188BFF36F8F704719604160F7E710
:1053300010B50346EFF31181402282F31288BFF3C8
:105340006F8F006828B15C6802681A60A04208BFCD
:105350005A6081F31188BFF36F8F10BD027A01325A
:1053600002727047034618465B68002BFBD17047FA
:10537000426810B52AB10B461C465B68002BFBD176
:105380006260416010BD10B5044620B90B7A01334C
:105390000B72084610BD034618465B68002BFBD114
:1053A000FFF7E6FF2046F5E783680B44036070478C
:1053B00003680B6043684B6083688B607047838829
:1053C000026819448180D018704730B48488056819
:1053D000A3188380281930BC05F09DBC10B58388C4
:1053E00002685C1C8480D154D01810BD30B583880D
:1053F00002689D1CD4188580D154090A617030BDA3
:10540000034600689A88401A1144186099807047D2
:105410000268531E036083880133838002F8011CF5
:1054200070478288521A03468280006808441860D8
:105430007047034600689A88521A01449A8019609E
:10544000704710B503681C780121FFF7EAFF20467A
:1054500010BD10B503681C880221FFF7E2FF20464B
:1054600010BD08B500224FF480214FF00050F8F72E
:10547000C9FB4FF080430122C3F80025BFF34F8FD3
:1054800020BFFDE77FB514460A888B78ADF8002071
:1054900006460D2200210DF103008DF8023005F0C3
:1054A00061FC6A466946304603F025FE28B9BDF81E
:1054B00000209DF802302280A37004B070BD13B5A7
:1054C0000C4601AA0331FFF7DDFF48B9032201A909
:1054D000204605F056FCB0FA80F0400902B010BD3D
:1054E0000020FBE770B50D4600210446FFF79EFD46
:1054F0000D2818D1237B302B13D1002305F8063B50
:1055000004F10C062A462046012302210234FEF74C
:1055100044FFB44205F1FF35F4D1002070BD0123F2
:10552000ECE7312BFBD06FF01500F7E7EEF79CBEF0
:105530000020704710B50C46017822788A4288B066
:105540000ED06946F0F7C0F804A92046F0F7BCF881
:1055500010220DEB0201684605F013FC08B010BDE7
:10556000012A06D0022A07D072B940886388C01A7F
:10557000F4E740686368FAE71022611C013008B064
:10558000BDE8104005F0FDBB6FF01500E6E7042A0A
:105590000AD0102A0DD0022A4FF0000315D1037053
:1055A0000B88438001207047012303700B68436020
:1055B000F8E7022300F8013B01F1100351F8042B36
:1055C00040F8042B9942F9D1ECE7184670470123C3
:1055D00010B50621044600F8013BF7F7BBFF18B9E8
:1055E000A37963F03F03A37110BD0B6803608B8840
:1055F00083808B798371037823F0020303707047F3
:105600000078C0F34000704738B50446807AEFF761
:10561000CBFD6169054649B1637ADB0704D4C369F0
:105620001B6820469B6898470023636121462846F3
:10563000BDE8384004F0A4BA2DE9F0410C4601F170
:105640000C08054600F10C01404617461E46FFF7C0
:10565000AFFE6269E3682F829B1A13FA87F36B82AD
:1056600001236B7239464046FFF7DBFEE368736047
:10567000628A0023E3607281638234602846BDE859
:10568000F08138B5D1E90032DA600B684A895A8274
:105690000C4605460868EFF72FFE20461022002131
:1056A00005F060FB2846BDE83840FFF7ADBF438AF0
:1056B00023B9C068B0FA80F04009704700207047F5
:1056C0007047D0F8A43083B15A7CD1070DD5D206EB
:1056D0000DD51B7C102B0CBF042303234372807A4F
:1056E00098428CBF0020012070470223F6E7032375
:1056F000F4E70F2806D80D280BD8052814BF022080
:1057000003207047132804D01A2814BF0220012058
:1057100070470120704710B50346BFF35B8F53E815
:10572000000F40EA010243E80024002CF7D1BFF348
:105730005B8F10BD38B5C3681D7875B9B3F801002B
:105740000F21F2F7CBF8044638B12946F2F72EF8CC
:105750002046BDE83840F1F7D9BF38BD08B5C36869
:1057600001211888F2F7BAF818B1BDE80840F1F73E
:10577000CDBF08BD01210C30FFF75BBE38B5C56851
:105780000121B5F80100F2F7A9F8044698B12B7889
:105790003BB9D5F80330C0F89930D5F80730C0F8D8
:1057A0009D30201D4FF48031FFF7B5FF2046BDE846
:1057B0003840F1F7ABBF38BD30B402EBC303044649
:1057C00008469A4201D130BC7047114611F8085B77
:1057D000A54206D1018A53789942F4D330BC53686C
:1057E00018470A46EDE7BFF35B8F50E8003F0B40D8
:1057F00040E80032002AF8D1BFF35B8F70472DE9F3
:10580000F047D0F80C80028A98F800309B000133F2
:10581000934241D9BDE8F08708EB86030F21B3F826
:105820000100B3F80370F2F759F8044628B100F10B
:10583000C40947B92046F1F769FF013698F80030EE
:105840009E42E9DBE6E76569002DF3D0A2692B688B
:105850006361954208BFA3612046F1F7F5FEF9F7B1
:10586000FBFAC5F800A0236A9BB9C4E90755BFF34A
:105870005B8F59E8003F013B49E80032002AF8D12C
:10588000BFF35B8F00212046013FF1F7E9FEBFB275
:10589000CFE71D602562EAE70026B246CEE77047F3
:1058A0007047C0F307231070000C9070000A53700B
:1058B000D0700023C1F30720090E1371507193714A
:1058C000D171704773B5C5680121B5F80100F2F7D1
:1058D00005F80446002851D02B781A2B00F1040655
:1058E00019D1C378012B2DD14FF480413046FFF7F9
:1058F00012FF42040FD4D4F88C3000936946D4F8D8
:10590000943001932046F2F77DFD204602B0BDE8B9
:105910007040F1F7FBBE2B78A3B9B5F8033040F225
:10592000E2425343C4F88830B5F80530A4F890300B
:10593000B5F80730A4F892306FF480513046FFF785
:1059400052FF17E0BFF35B8F6368BFF35B8FDB042D
:10595000F2D52B78202BEFD194F89830002BEBD098
:10596000013B84F898304FF42032002304F14000CA
:10597000F9F7E6FC2046F2F777F9C6E702B070BD0A
:105980000020704738B5C5680121B5F80100F1F76E
:10599000A5FF044688B1E878F0F734F984F8A80048
:1059A0002879F0F72FF984F8A9002046F2F7AEF92C
:1059B0002046BDE83840F1F7A9BE38BD10B50288D1
:1059C00043889A4218D8052A16D9B3F5486F13D8D8
:1059D0008488B4F5FA7F0FD2C188A1F10A0292B28D
:1059E00040F67640824207D804FB0333B3EB810FC5
:1059F00034BF0120002010BD0020FCE738B5C3688B
:105A00000F21B3F801001D78F1F768FF044638B3A1
:105A100065B12846F0F700F9294602462046F2F71C
:105A200007FA2046BDE83840F1F770BE8378012BB5
:105A300007D102F01AFD2046FFF743FE002808BFF9
:105A400005252846F0F7E8F8294602462046F2F7F1
:105A5000EFF9002DE5D00521204600F005FDE0E737
:105A600038BD70B5C6680F21B6F801003578F1F77A
:105A700035FF044670B34DB12846F0F7CDF82946FE
:105A800002462046F2F7D4F9204603E0F378C27AC2
:105A90009A4203D1BDE87040F1F738BE8278C372F4
:105AA000012A08D10BB102F0E0FC2046FFF709FE05
:105AB000002808BF05252846F0F7AEF8294602461B
:105AC0002046F2F7B5F9002DDED00521204600F082
:105AD000CBFCD9E770BD0020704708B5F5F73EFC58
:105AE00018B1408A003818BF012008BD73B50646BA
:105AF0000D4601AA002142F22F00F0F7F9F8044602
:105B000048B90198C368B3F801203280B3F8033074
:105B10002B80EFF7F1FB204602B070BD70B5064652
:105B20000D464FF0FF304FF0FF31F0F743F80446D9
:105B300068B103210C30FFF742FC068085702146D6
:105B40000022BDE8704040F20640F0F7D1B86FF097
:105B5000680070BD38B54FF0FF3105464FF0FF309B
:105B6000F0F728F8044668B102210C30FFF727FC53
:105B70002B88038021460022BDE8384042F21600FF
:105B8000F0F7B6B86FF0680038BDF8B507460E46B6
:105B90004FF0FF304FF0FF311546F0F70BF8044699
:105BA00078B106210C30FFF70AFC3B880380468061
:105BB000858021460022BDE8F84042F22200F0F73D
:105BC00097B86FF06800F8BDC06803780BB9F0F7BC
:105BD00061B97047F0B5C5682F8887B00121B8B2A8
:105BE000F1F77CFE064660B302ACD5F80220D5F88A
:105BF000063001946989009102F061FA18B34FF000
:105C0000FF304FF0FF31EFF7D5FF0546B0B112215D
:105C10000C30FFF7D4FB0346224623F8027B1446E0
:105C200003CC596006A98C421860224603F1080390
:105C3000F5D1294642F21A00F0F712F83046F1F792
:105C400065FD07B0F0BD4FF0FF304FF0FF31EFF7CB
:105C5000B1FF04460028F1D002210C30FFF7AFFB62
:105C60002146078042F21B00E6E770B506460D4666
:105C70004FF0FF304FF0FF31EFF79CFF044660B16B
:105C800003210C30FFF79BFB06808570214642F212
:105C90002100BDE87040EFF7E3BF70BD73B5C36886
:105CA000D9789A781E8842EA0122ADF80020597905
:105CB0001A7942EA0122ADF80220D9799A7942EAAA
:105CC0000122ADF804201A7A5B7AB4B242EA0323C7
:105CD00001212046ADF80630F1F700FE054628B94F
:105CE00002212046FFF7C1FF02B070BD6946F2F7FE
:105CF00033F838B91E212046FFF7B7FF2846F1F7E1
:105D000005FDF1E74FF0FF304FF0FF31EFF752FFA5
:105D100004460028F2D00E210C30FFF750FB002380
:105D20000680C0F80A30BDF800304380BDF802306C
:105D30008380BDF80430C380BDF80630038121465E
:105D400042F22000EFF78CFFD8E7BFF35B8F0068CB
:105D5000BFF35B8F70470B6803608B8883808B7900
:105D60008371704708B5072205F00BF8B0FA80F090
:105D7000400908BDF8B50F46144638BB4FF0FF3058
:105D80004FF0FF31EFF716FF054610B327210C3017
:105D9000FFF715FB3946FFF7DEFF06462246C31D17
:105DA00004F1100152F8040B43F8040B8A42F9D1B4
:105DB0001022002106F1170004F0D4FF294600222A
:105DC000BDE8F84042F22700EFF792BF6FF01500F0
:105DD000F8BD6FF06800FBE7037A5B07024605D564
:105DE00001462E3211F8010BFFF7C4BF704738B5DA
:105DF0004FF0FF3105464FF0FF30EFF7DBFE044672
:105E000058B129460C30FFF7E9FA21460022BDE8D7
:105E1000384042F22D00EFF76BBF6FF0680038BDDD
:105E200010B400F11803BFF35B8F53E8002F22F486
:105E3000005143E80014002CF7D1BFF35B8F9304AB
:105E400003D510BC012100F0A2B910BC704770B599
:105E5000044686B00E4601300131FFF783FF2E3431
:105E6000162200210546684604F07CFF1022694690
:105E7000204604F086FF40B1102206F12E01204694
:105E800004F07FFFB0FA80F04009284300F00100E1
:105E900006B070BD38B54B6805460C4673B90B7A31
:105EA00013B9037A5B0709D520682A7803789A42E8
:105EB00004D02946FFF7CBFF00B1656038BD00F183
:105EC000180208B503461046FFF73FFFC10511D57C
:105ED000BFF35B8F52E8000F40F4005042E800012E
:105EE0000029F7D1BFF35B8F18460021BDE80840B9
:105EF00000F04DB908BD08B500F118031846FFF7CA
:105F000024FFC20506D51846FFF71FFF030644BF4E
:105F100001230B7008BD10B50C4630B919B1F5F767
:105F2000DFF900B1441C204610BD0024FBE770B52A
:105F30000D460446002848D0002946D000F1180339
:105F40001846FFF702FF820715D40A68C4F8092033
:105F50008A88A4F80D2001222272BFF35B8F53E8D8
:105F6000001F41F0100143E80012002AF7D1BFF3EF
:105F70005B8F002070BD4FF0FF304FF0FF31EFF727
:105F800019FE064620B307210C30FFF718FA034626
:105F9000627803F8012B2A68C0F80120AA889A8049
:105FA0003146002242F23500EFF7A2FE0028E1D18F
:105FB00004F10903AB421FBF2A68C4F80920AA886C
:105FC000A4F80D2001232372D3E76FF01500D1E769
:105FD0006FF06800CEE713B5044680B1062168462D
:105FE000F7F7B8FA48B99DF80530694603F03F0362
:105FF00020468DF80530FFF79AFF02B010BD6FF014
:106000001500FAE71830BFF35B8F50E8003F23F02C
:10601000200340E80032002AF7D1BFF35B8F7047BE
:10602000037AD90704D523F001030372F0F754B9BA
:10603000990704D523F002030372F0F7E7B970471C
:1060400000207047BFF35B8F0068BFF35B8F704722
:1060500008B5FFF7F7FF084100F0010008BD10B5D3
:106060000346BFF35B8F53E8000F00EA010243E8E9
:106070000024002CF7D1BFF35B8F10BD012310B4B7
:1060800003FA01F1044662B1BFF35B8F54E8003FAD
:106090000B4344E80032002AF8D1BFF35B8F10BCF9
:1060A000704710BCC943FFF7DABF73B51D469DF8B2
:1060B0001C309DF82060044663B15EB1069B0095DC
:1060C0006A4642F2380120460193F0F7B3FB68B10B
:1060D00002B070BDCDE9001220466A4642F2370197
:1060E000F0F7A8FB0028F3D1002EE7D1BFF35B8FB8
:1060F000183454E8003F43F0040344E80032002A17
:10610000F7D1BFF35B8F0020E2E72DE9F041804635
:1061100086B00F464FF0FF304FF0FF311446EFF7D7
:1061200049FD054680B300F10C063FB3012130461E
:10613000FFF754F901213046FFF750F998F80110A4
:106140003046FFF74BF9DCB121883046FFF74EF9B6
:10615000C4B1A1783046FFF741F908F1180203A94C
:10616000284600970823EFF713FD0022294642F244
:106170003900EFF7BDFD06B0BDE8F0813946D6E73E
:106180002146E2E72146E5E76FF06800F3E70022E9
:10619000FFF7BBBF203003F0E2BD38B50D46044623
:1061A000D0B10846F0F7A8FCB0B104F118020821FC
:1061B0001046FFF74DFF78B929782378994204D02B
:1061C0006FF020011046FFF74AFF294620460022C3
:1061D000BDE83840F0F734BD6FF0150038BD38B574
:1061E000044620B304F11805FFF7D4FF0821284620
:1061F000FFF72EFFE8B16FF080012846FFF72FFF71
:10620000030604D52046FFF7FDFEF0F739F8092113
:106210002846FFF71DFF18B100212046F0F748FC83
:10622000002220461146BDE83840FFF76EBF6FF0F0
:10623000150038BD2DE9F04385B00F46DDF83080FC
:1062400099460446F8B100F118060B213046FFF7D5
:10625000FFFE0A2105463046FFF7FAFE3DB118B1B0
:106260002AB16FF085000BE0B8F1000FF9D1CDE94C
:106270000150CDF800804B4639462046FFF715FF08
:1062800005B0BDE8F0836FF01500F9E77FB5C5688C
:106290002878F0F7DFFD044698B143688BB19B681E
:1062A0007BB101352846FFF7ABF902AE294650B164
:1062B0003046FFF79AF9636801969B6801A920466A
:1062C000984704B070BD2078FFF725FE03460068AC
:1062D00002909A889B79B371B280ECE701F12003B8
:1062E000013813F8012D00F8012F8B42F9D17047C6
:1062F00000230B60436813B9C0E9001170471960AF
:1063000041607047D0F8B800003818BF01207047CE
:10631000084689691160C2691A60C27A0021183082
:1063200004F020BD10B50346BFF35B8F53E8000FA8
:1063300040EA010243E80024002CF7D1BFF35B8F51
:1063400010BD2438F1F754B9036800220BB9184680
:1063500070478B4210D10B6842B94268036091428A
:1063600000D1436000230B60012070471360436835
:10637000994208BF4260F5E71A461B68E6E710B588
:106380000446006918B1EEF7B7FF0023236110BD82
:1063900070B516460D4601210446F1F761F9012E4C
:1063A00017D0022E17D1236913B12046FFF7E7FF5C
:1063B000256121690A8A012A39D9CB681B880433EF
:1063C0009BB29A4233D32AD92046BDE87040FFF7EA
:1063D000D6BF206918B92046FFF7D1FF01E02A8A0D
:1063E00022B92846BDE87040EEF786BF018A438A8D
:1063F00046695B1AC168891B5B1A9A4207D9014634
:106400000022204600F048FA00232361E9E7E9680A
:106410000C30FEF7DAFF2846EEF76EFFC9E70023DF
:10642000236120460122BDE8704000F035BA70BDFE
:1064300010B500F1CC02BFF35B8FD0F8CC30BFF3C6
:106440005B8F7BB1BFF35B8F591C52E8004F9C42BE
:1064500004D142E8001CBCF1000FF6D1BFF35B8F02
:10646000E7D110BD1846FCE710B5437B023B04465C
:10647000062B16D8DFE803F009041515150B0900E3
:10648000017300212046F1F791F9002010BD00882A
:10649000FFF744FB0028F9D1637B072BF5D10821D6
:1064A000F0E76FF07F00F1E710B50446D0F8A400E4
:1064B00028B9207A04F17001F4F750FF38B1E2787E
:1064C000438A2AB903F02100003818BF012010BD0B
:1064D00003F02400F8E78278012A034606D1C07A47
:1064E00028B1D3F8A40010B1007C70470020704799
:1064F00038B58378012B044627D1437B072B27D15E
:106500000B0601F07F050CD54FF400410430FFF776
:1065100009FFA5722046F4F7B1FB08B1637AA372B4
:1065200038BD437AAB4216D2837AAB4213D2BFF363
:106530005B8F031D53E8001F21F4004143E8001264
:10654000002AF7D1BFF35B8FE3E76FF01500E7E7B1
:106550006FF07F00E4E70020E2E78378012B0CBFB7
:10656000407A0020704738B5037A8B4204461546BE
:1065700015D100F170010722284604F002FC80B119
:10658000E378072243B904F17E01284604F0F9FBC1
:10659000B0FA80F0400938BD04F17701F5E700203A
:1065A000F9E70120F7E708B5F1F796FC10B1F1F72C
:1065B000ADF8012008BD8378012B0CBF703000209E
:1065C000704720B183781940081E18BF012070471A
:1065D000F8B507460D464FF0FF304FF0FF31EFF7AB
:1065E000E9FA0646D0B10E210C30FEF7E8FE0E2285
:1065F0000446002104F0B6FB3B8823802B8863808F
:106600006B88A380AB88E380EB882381314600222E
:10661000BDE8F84042F21300EFF76ABB6FF0680084
:10662000F8BD8378012B01D101F095BE6FF0150004
:106630007047704710B50446F9F766F9234653F8DA
:10664000402BD2F8B81061B92164D2F8BC1061B9FE
:10665000C2E92E33F9F76CF92068BDE81040F1F774
:1066600081B88B42F6D00968EDE70B60C2F8BC3008
:10667000F0E703682BB141681A6802608B4208BFDB
:106680004260704770472DE9F843446B2CB154F8D1
:10669000085905B1083D00270CB9BDE8F883D4E9D5
:1066A00000682EB3F9F730F9D6F8B83004F140019C
:1066B000002263B1994233D1236C4ABBD6F8BC2087
:1066C000C6F8B830914201D1C6F8BC302764F9F75A
:1066D0002FF904F13009002200234846F8F78AFB1D
:1066E000064600BBD8F804300BB120469847276017
:1066F000E3680BB120469847D8F820300BB120460C
:106700009847DDB1AB6803B1083B2C461D46C3E793
:106710001360D6F8BC30994208BFC6F8BC20D5E754
:106720001A461B68C5E7B36923B1F16920686FF0A9
:106730006D0298473046EEF7DFFDCCE72B46E4E7E5
:1067400038B5406B0D4620B150F8084904B1083CFB
:1067500000B938BD43689B680BB1294698472CB1F6
:10676000A36803B1083B20461C46F1E72346FAE73D
:10677000F8B50E4600210746154600234FF4803237
:106780000846F1F765FD044630B104210C30FEF7F0
:1067900016FE0770467045802046F8BD70B5054668
:1067A0000068B8B1407B072814D1002A0E7A0CBFCC
:1067B00001200220864210DCC87A07280DD98A61A0
:1067C000CB6105F1300003F0D0F92846FFF732FF26
:1067D000002070BD6FF07F00FBE76FF01500F8E759
:1067E000406B30B1838B8B42A0F1080001D08068F0
:1067F000F7E7704710B54AB989B2FFF7F1FF28B142
:1068000043689B6913B1BDE81040184710BD38B507
:106810000D460521FFF7E4FF00231A462946FFF73E
:10682000BDFF044610B12846EEF766FD204638BD90
:1068300038B50B8A032B05460C4621D9042104F1F7
:106840000C00FEF7F6FD238A42889A4218D141785F
:10685000B1B10378012B13D0132B11D002220120E8
:106860002D68FFF785FF044650B102210C30FEF77A
:10687000A6FD00230370437021462846FFF7C7FF9B
:10688000002038BD406B30B183898B42A0F10800F5
:1068900001D08068F7E7704738B50B8A032B0546AF
:1068A0000C4604D82046BDE83840EEF725BD04214B
:1068B00004F10C00FEF7BDFD41882846FFF7E2FF1A
:1068C0000028EFD0436821465B699847EAE77047A4
:1068D0000346006828B1596802681A60884208BFF8
:1068E0005A6070470346002003B970471A8A5B68F4
:1068F0001044F9E710B5D4682378023113B9217038
:10690000012010BD8B42FBD0038A023B0382002092
:106910001061F6E72DE9F04104468868FFF7E2FFD1
:10692000638B628D934228BF134683420D461DD36D
:106930002165D1F8088000278F60F8F7E5FF414610
:106940002046F1F7C5FD064638B1C5F80880276531
:10695000F8F7EEFF3046BDE8F081618D638B994218
:1069600028BF1946284601F041F9F1E76FF0790692
:10697000F0E72DE9F041C469074644B154F898693D
:1069800006B1983E0022154607F104080CB9BDE88F
:10699000F081236D9BB905B98AB94046FFF798FF8E
:1069A000054658B101462046FFF7B4FF0028EED057
:1069B0007B682B60BB687D6003B9BD60224636B141
:1069C000D6F8983003B1983B34461E46DEE733468E
:1069D000FAE773B51446014605464FF495722068F0
:1069E00000F0C6FF207530B92068294601F001F992
:1069F00020B908232375002002B070BD237AB3B1FB
:106A0000A3F11802534253419B000193638A009300
:106A1000AE68238AE26820682946B047002808DB70
:106A2000238A83420CD1002323750120E4E702234B
:106A3000EBE710F1FF0F03D34042C0B22075DAE755
:106A40000E20FBE738B504460D46F1F741FD30B1A5
:106A5000294604F15400BDE8384003F086B838BD3B
:106A6000F8B59368166805460F46144663B9506832
:106A700001210C30FEF7A3FCA0602B681B78002BD3
:106A800014BF022301230370A3681B78012B03D0DA
:106A9000022B1FD000201CE02B681B78002BF9D1A3
:106AA000606804210C30FEF78AFCE06007802A68E9
:106AB000E36852885A806168728D738B088A9A42A3
:106AC00094BFC0EB0200C0EB0300042894BF002079
:106AD0000120F8BD2B681B78022BDBD160681221E6
:106AE0000C30FEF76CFCE06007802B68E268591CF4
:106AF0000232113351F8040B42F8040B9942F9D1D8
:106B00006168728D738B088A9A4294BFC0EB020051
:106B1000C0EB03001228D9E770B40668F2695AB3D3
:106B2000144654F8983903B1983B002211467CB9B9
:106B3000438D408B8B4201D890421FD9824238BF8F
:106B400002469942306838BF194670BCF3F7FABB69
:106B5000844207D0658D648BA94238BF2946A24282
:106B600038BF224633B1D3F8985005B1983D1C4642
:106B70002B46DCE71D46FAE71146D9E770BC7047A3
:106B80002DE9F041CB681F88BBB2162B05461BD9F7
:106B90000321F1F747FD0646C0B102210C30FEF794
:106BA0000EFC00244FF0410880F80080447031460C
:106BB0002846FFF747FF2846A5F81A806F85FFF79C
:106BC000ABFF2046BDE8F0810420FBE70E20F9E78B
:106BD000D0680378043113B90170012070478B42EB
:106BE000FBD091680B8A0020043B0B821061704738
:106BF0002DE9F041884617460121042205461E462C
:106C0000F1F7BEFC044670B104210C30FEF7D7FB4F
:106C100080F80080A0F80170C67021462846BDE8C3
:106C2000F041FFF70FBFBDE8F0811FB5CDE90123AB
:106C3000002300931A46F2F703FF05B05DF804FB4A
:106C40000368002203B970478B420FD10B683AB931
:106C500042680360914200D1436000230B6070479B
:106C600013604368994208BF4260F6E71A461B6802
:106C7000E8E7BFF35B8F50E8003F43F0080240E8CD
:106C800000210029F7D1BFF35B8FC3F3C000704729
:106C900007B5CA681388528800920C210D22F1F7BB
:106CA00063FD03B05DF804FB07B5CB6800221B88C9
:106CB00000920A210B22F1F757FD03B05DF804FBA7
:106CC00070B504460E46002200230846F8F792F8F5
:106CD000054658B101462046F1F7FAFB044618B1C3
:106CE0002946304602F04CFF204670BD6FF001048B
:106CF000FAE737B50C46054601F10C00FEF7A9FB93
:106D0000228A0192E2680092034613221221284649
:106D1000F1F768FF03B030BD37B50C46054601F109
:106D20000C00FEF796FB228A0192E2680092002294
:106D3000034611462846F1F755FF03B030BD2DE953
:106D4000F04391B0D2F8008007460E46002542F687
:106D500001030068D8F804908DF82C500BA9144654
:106D6000ADF82E30FEF7E6FB002800F082804FF4ED
:106D7000205338688DF82C500BA9ADF82E30FEF753
:106D8000D9FB38B1A3681BB15A88B24200D25E80E9
:106D9000012010E061680846FFF7A4FDB8F82A203A
:106DA000B8F81A309A4294BFC0EB0200C0EB03005F
:106DB000032803D8002011B0BDE8F0830846FEF791
:106DC000D1FA616805460846FFF78CFD6B8A2A8A6E
:106DD000A3EB020C6B69EA68D21AACEB0203B8F8B9
:106DE0001AC0B8F82A20944594BFC0EB0C00C0EB41
:106DF0000200834228BF03466BB9887AEEF7D4F9C4
:106E000000220023FEF77BFA05460028D2D0014677
:106E10006068FEF7B8FA00230093D7F8048039467B
:106E2000102302AA4846C047071E22DB227CE068E6
:106E3000BA421AD001460BA8FEF7A9FBC8B1FAB2B4
:106E400002A906A8FEF7A3FB98B106A90BA8FEF7B6
:106E500071FB70B900236374042105F10C00FEF787
:106E6000AEFAA0600680A36891E702A903F089FF4B
:106E7000EFE70023A3608BE72DE9F04F064685B0CE
:106E8000104690469946FFF72DFD738B728D934205
:106E900028BF134683428B4675D9736803934046D7
:106EA000FEF760FA4FF0000A04464046FFF71AFD6D
:106EB000E168228A658A6369778BCB1AAD1AED1A6D
:106EC000738D9F4294BFC0EB0700C0EB0300854267
:106ED00028BF054625BB98F80A00EEF765F90022A1
:106EE0000023FEF70CFA044608B9574627E001468E
:106EF0004046FEF748FA4046FFF7F4FCE168228A74
:106F0000658A6369778DCB1AAD1AED1A738B9F4230
:106F100094BFC0EB0700C0EB0300854228BF0546C5
:106F2000CDF80090DBF8047003980A44ABB25946E0
:106F3000B847071E07DABAF1000F18BF57463846A0
:106F400005B0BDE8F08F0E9BABB9394604F10C00DB
:106F5000FEF735FA4046FFF7C5FC738D728B9342FE
:106F600028BF1346B9448342BA441FFA89F9BCD9F1
:106F7000AF429AD0B9E70F9A0E9B39462046984700
:106F80000028E2D1B1E70027D9E72DE9F3411768DE
:106F9000D7F8048000231446137301460646952251
:106FA000404600F0E5FC0546207330B931464046C6
:106FB00000F01DFE28B908232373002002B0BDE8AD
:106FC000F081A068798B7A8D038A914294BFC3EBDC
:106FD0000103C3EB0203012BEFDD02210C30FEF7AE
:106FE000EEF9CDE900558046A388A26831463846BF
:106FF000FFF742FF031E06DA13F1FF0F26BF5B42C5
:10700000DBB20E23D8E7A8F800300120D6E72DE93F
:10701000F3411768D7F80480002314461373014620
:1070200006469522404600F0A3FC0546207330B981
:107030003146404600F0DBFD28B9082323730020C9
:1070400002B0BDE8F081CDE900553146A388A268C1
:107050003846FFF711FF002807DA10F1FF0F26BFAF
:107060004042C0B20E202073E9E70120E8E7F8B5FE
:107070000546071F00F1480350F8044CBFF35B8F2F
:1070800053E8001F21F0040143E80012002AF7D161
:10709000BFF35B8FFCB1EB6C83B9636873B1201DE8
:1070A000FFF716FC064601463846FFF733FC90B161
:1070B00063683360A368666003B9A66005F1500198
:1070C0003846FFF7FDFD30B104F10C013846BDE84C
:1070D000F840FFF7F5BDF8BD08B5437B072B01D09D
:1070E000002008BD0421FFF7CDFB0028F8D0BFF336
:1070F0005B8F836CBFF35B8FDB07F1D550F8040C1B
:10710000EFE738B50546BFF35B8F0B68BFF35B8FC6
:10711000DB0716D550F8040C98B1EB6C8BB9043032
:10712000FFF7D6FB044660B10146281FFFF7F2FBCC
:1071300038B155F8043C5A6822609A685C6002B91C
:107140009C6038BD70B50E461546FFF7C5FF78B197
:10715000C3696BB1184650F8983903B1983B691C64
:10716000428D448BA24228BF2246914202D93BB9AC
:10717000002070BD2A463146BDE87040F1F700BAE4
:10718000D3F8984004B1983C18462346E8E7F2F754
:10719000D7BB10B504466438F1F7F8FF54F8640C17
:1071A0001321BDE81040FFF75FB970B550F8043CFB
:1071B0000446061F002B34D039B1C36C002B30D0ED
:1071C0001B7CDA072DD505231EE005682846F3F75A
:1071D000D9F86B7A012B24D0E46C14B3237CDB0741
:1071E0001FD5E368002BEED06269617C3046F1F771
:1071F000C7F9054638B1D4E90512E368984750B19C
:107200002846EEF779F80E23002230461146BDE8F5
:107210007040F1F785BF29463046F1F759F900284B
:10722000EED170BD08B500230A8AC968F1F778FF6E
:10723000002008BD70B50D46FFF74EFF044628B983
:107240002846EEF759F86FF07F0070BD00F10C068C
:107250002946304602F089FCE469C4B154F89859D3
:1072600005B1983D0022104607E022467DB1D5F8D1
:10727000983003B1983B2C461D46831C01D1002A4F
:10728000F4D131462046FFF71BFD0028EDD1002048
:10729000DBE738B505460C46F8F736FB2846FFF71E
:1072A0001BFF20B9F8F744FB6FF07F0038BD0023C7
:1072B000236083683BB9C0E90144FFF75AFBF8F744
:1072C00037FB0020F2E71C608460F6E7012070477E
:1072D00008B5FFF701FF98B1C3698BB1BFF35B8FAE
:1072E000983B03F14C0252E8000F20F0080042E8FE
:1072F00000010029F7D1BFF35B8FD3F89830ECE79A
:1073000008BD08B50421FFF7BDFA30B1BFF35B8FAC
:10731000806CBFF35B8FC0F3C00008BD106000201D
:10732000704710B5029CA36833B1B1F5807F28BFC8
:107330000E21CAB221469847A37DE268013BDBB229
:10734000A37522B11BB92046BDE81040104710BDFF
:1073500010609180002070470020704708B5072218
:1073600003F00FFDB0FA80F0400908BD10B50378B6
:107370009342044607D10130FFF7F0FF002814BF05
:107380002046002010BD0020FCE710B50346BFF3E7
:107390005B8F53E8000F40EA010243E80024002C11
:1073A000F7D1BFF35B8F10BD10B50346BFF35B8F02
:1073B00053E8000F00EA010243E80024002CF7D153
:1073C000BFF35B8F10BD0B6803608B8883808B7964
:1073D00083717047BFF35B8F0068BFF35B8F7047AB
:1073E00070B50D46064611F8010BF0F775FD044621
:1073F00010B12C89F0F78AF96B89A34207D0EB68AA
:107400006C8123B121463046BDE87040184770BDFD
:1074100038B5BDF81040A24215460CD84CB16BB13E
:10742000A41A8C42A8BF0C46A4B22246591903F0F4
:1074300072FC204638BD6FF00604FAE76FF00D04C9
:10744000F7E730B585B0C96814461D46F2F71CF859
:1074500000B10089ADF80E0002230093BDF8202092
:107460000DF10E0329462046FFF7D2FF05B030BDCF
:107470001FB50C461946E3681C781046BDF8182065
:107480003CB110240133069404B0BDE81040FFF76E
:10749000BFBF5B88ADF80E30022300930DF10E03E1
:1074A000FFF7B6FF04B010BD30B585B01D46002310
:1074B00014468DF80C30F1F7B5FF10B1037A8DF852
:1074C0000C3001230093BDF8202003AB2946204651
:1074D000FFF79EFF05B030BD10B5F1F71BFF044666
:1074E00040B1014611F8010BEEF73EF8002323608E
:1074F0006360A36010BD70B500F1700605463146AB
:10750000007AFEF7EAFA04463146287A1CB1BDE853
:107510007040FFF7E1BFF1F7FDFE10B10460446079
:10752000846070BD022A10B508D1002300F17001FB
:107530001A46007AF1F7FEFF022010BDFFF7DBFFCD
:10754000FAE737B504460D46F1F7A2FE024698B1B8
:10755000037A8DF804300C30FFF73CFF10F0010384
:1075600018BF01238DF8053001AA022329462046C1
:10757000EEF702F803B030BD0346F7E7F0B5076851
:107580003D7889B00646144635BB7B88B3F5245F49
:1075900004D01BD8A3F52053032B1DD8ADF80A1037
:1075A00002220DF10A01204603F01BF848B97B883E
:1075B000ADF80A3002220DF10A01204603F011F85D
:1075C00070B16FF01503C4F85C3106E003F5564363
:1075D000FF339BB2042B15D90125284609B0F0BD15
:1075E000009003AA776813233146B847021E02DAD7
:1075F000C4F85C21F1E703A9204602F0F2FF00285D
:10760000EAD0DEE7ADF80A1002220DF10A012046A9
:1076100002F0E7FF0028D4D17B88ADF80A300222BF
:107620000DF10A01E8E708B50C3029B10121FFF797
:10763000ACFEC043084008BD6FF00101FFF7B4FE87
:1076400000F00100F7E710B50446FFF7ECFF38B192
:1076500021460122BDE8104011F8010BF1F728BFC7
:1076600010BD2DE9F0419846BDF81830012B0646B3
:1076700017462ED84344012B45462DDCF1F7D2FEA8
:10768000044618B9F1F7CEFE044640B3B8F1000F36
:1076900011D0217A002321FA03F2D00703D53A78DA
:1076A000DA40D2071ED50133032BF4D13B7803F027
:1076B00007031943217206F17001601CFFF783FE76
:1076C000337A237001212046FFF7BDFF2846BDE82D
:1076D000F0816FF00605F9E76FF00C05F6E76FF043
:1076E0001005F3E76FF01205F0E770B50446154694
:1076F000FFF7ECFD48B12046F1F794FE28B1037A7C
:10770000DB0702D50121FFF79EFF85B9207A04F13E
:107710007001F1F7FFFD024648B101468560BDE802
:10772000704011F8010B04230832EDF70FBF70BD54
:107730002DE9FF41884616461F46044628B96FF0DA
:107740001505284604B0BDE8F08102A9FDF7CAFE80
:1077500005460028F3D101A92046FDF767FC0198F2
:10776000D0B902A90020F1F793FD044648B9F1F71A
:1077700059FE044678B3002300F8013B02A9FFF745
:1077800022FEB8F1000F22D0022269463846B047E7
:10779000002808DA0546D4E70A222946FCF762F9F0
:1077A0000028DED0CBE79DF800302372022804D0F9
:1077B00000212046FFF747FFC3E79DF8011001298C
:1077C000F6D801F001012046FFF72DFFB9E720466A
:1077D000F1F778FFB5E76FF00B05B2E738B5BDF804
:1077E0001010BDF81840059DA14210460CD84CB1B0
:1077F0006DB1641A9C42A8BF1C46A4B2224629441B
:1078000003F089FA204638BD6FF00604FAE76FF0FE
:107810000D04F7E713B5044610B9002002B010BDFF
:1078200000238DF80430006842F6030301A9ADF887
:107830000630FDF77FFE0028EFD1E3689888002826
:10784000ECD12046F2F7CCF8013080B2E6E770B513
:10785000CC6888B008461E46A3798DF80C301546D2
:10786000FFF7D8FFADF80D00246823786BB9638863
:10787000ADF80F3005230093BDF8302003AB31463F
:107880002846FFF7C5FD08B070BD631C0DF10F025F
:10789000113453F8041B42F8041BA342F9D11323FB
:1078A000E9E71FB5CDE90123002300931A46F2F75B
:1078B000C7F805B05DF804FBF2F7B2B938B5044675
:1078C00059B100F170052946007AF2F73FFA207AA3
:1078D0002946BDE83840FFF734BE38BDF8B5064646
:1078E0000F46F1F7F5FC394604463046FEF7F5F849
:1078F00068B364B304F108056FF001012846FFF78F
:1079000053FDC20703D539463046F2F71FFA6FF030
:1079100002012846FFF748FD830703D53946304664
:10792000FFF70FFE2846FFF755FD80B9234603F801
:10793000010BC4F80100C3F80300BFF35B8F55E8E7
:10794000003F45E80002002AF9D1BFF35B8FF8BD84
:1079500010B50446A0F1170110F8180CFFF7BEFF90
:1079600014F80C0CA4F10B01BDE81040FFF7B6BFF2
:1079700038B54C8AD3070546C4F30E0404D514F079
:10798000950F2AD04B6843B3900704D514F4957F24
:1079900025D08B681BB3144014F4DE7F0DD0EB7A36
:1079A0002BB92846FEF780FDD8B9052038BD14F064
:1079B000300F04D114F4C07F07D10020F6E7284629
:1079C000FEF7CBFD0228F5D8EFE7D5F8A430002B61
:1079D000EBD05B7CDB06E8D5EFE70220E6E703208F
:1079E000E4E70F20E2E72DE9F041437B072B86B067
:1079F00006460C46154640F0858000238DF814306D
:107A0000206842F6030305A9ADF81630FDF792FD94
:107A100090B96768002F75D00090012304AA214611
:107A2000B84701286ED19DF8103013F0300F69D09F
:107A30002046F2F7D7F90446002320688DF8143069
:107A400005A942F60213ADF81630FDF773FD18B123
:107A50002046F2F7C7F90446002742F602182068CC
:107A60008DF8087002A9ADF80A80FDF763FDF8B93A
:107A7000002320688DF8143005A942F60213ADF8F2
:107A80001630FDF757FD00283CD16768002F39D02C
:107A90000090022305AA21463046B847022831D17A
:107AA000BDF8143005EA0300003818BF01202AE0B1
:107AB00020688DF80C7042F6030303A9ADF80E3070
:107AC000FDF738FD0028D3D020688DF810704FF4F2
:107AD000205304A9ADF81230FDF72CFD0028C7D0C3
:107AE00020688DF8147042F6010305A9ADF8163030
:107AF000FDF720FD0028BBD02046F2F773F90446BD
:107B00000028ACD1002006B0BDE8F081F8B51446DD
:107B10000F46942261680646FFF72AFF20BB616882
:107B200001223046FFF75FFF08B3A2891B21023212
:107B30003046FFF707FB0546E0B1A1890C30023162
:107B4000FDF73DFC20F8027BA289A16803F0E3F871
:107B5000D4E9041228460123F1F77CFB294630467C
:107B6000BDE8F840FFF766BB4FF0FF30F8BD6FF09F
:107B70001500FBE76FF00B00F8E72DE9F041054633
:107B80008846F1F74FFC0446E0B1037ADB0719D5CC
:107B900000F10C073846FFF71DFC10F0010611D16B
:107BA000B8F1000F0FD06FF002013846FFF7FCFB71
:107BB00010F0020F284609D0FFF78AFB012120466A
:107BC000FFF741FD01263046BDE8F081FFF77EFB5F
:107BD0000028F8D02846FFF794FB0028F3D06FF078
:107BE00002013846FFF7E0FB2846E5E77047012031
:107BF00070470120704713B5C068144668B1002370
:107C00008DF8043001A94FF4C053ADF80630FDF7EC
:107C100091FC10B9236801332360012002B010BD2C
:107C20000720704708B50621FEF72CFE00B1EC389E
:107C300008BDBFF35B8F0068BFF35B8F084100F0A6
:107C40000100704738B50A46034609B9012038BD1E
:107C5000488A10F0240FF9D0197D5D7B147CA9426D
:107C600028BF29468C4201D90020F0E7800607D4BE
:107C7000517CC9070BD4187A003818BF0120E6E7F9
:107C80000521181DFFF7D5FF0028F1D1ECE7197A7F
:107C90000029E9D00521181DFFF7CBFF18B9197A83
:107CA00001390129E0D9527CD207CFD4E3E701237F
:107CB0008B40DB43BFF35B8F50E8002F1A4040E856
:107CC00000210029F8D1BFF35B8F70470720704770
:107CD000002370B51A460446EC300D46FEF75EFDF3
:107CE00020B12846BDE87040EDF706BB04F59C7056
:107CF0004FF47022BDE870400023F7F755BB012315
:107D00008B40BFF35B8F50E8002F1A4340E80021FF
:107D10000029F8D1BFF35B8F704708B50E21FFF73C
:107D2000EEFF002008BD38B505460B4604300D2196
:107D3000FFF77FFFA0B1DC68D5F8EC300220197A9C
:107D400003F1700200F021FC80B1224600F12E0305
:107D500004F1100152F8040B43F8040B8A42F9D1E4
:107D600028460921FFF7CBFF002038BD0820FCE79B
:107D700070B5051D0E4628460421FFF75AFF68B16D
:107D80000022002100230846F0F762FA044640B9B9
:107D900004212846FFF7B3FF204670BD4FF4702240
:107DA000EFE701210C30FDF70AFB0670F4E738B568
:107DB00004210446FFF7DCFF054698B110210C3082
:107DC000FDF7FDFA04F1270304F1370253F8041B11
:107DD00040F8041B9342F9D120462946FFF778FF6B
:107DE000002038BD0820FCE72DE9F04790B004469C
:107DF0000CAD10220021284602F0B4FF237A052B97
:107E00001ED8DFE803F0060303061D21D4F8D8309E
:107E10000C93D4F8EC3004F1470204F1C707CDE924
:107E2000017204F1370803F17E0204F12709009280
:107E300077334A46414604F19700F3F7A1FA98B127
:107E4000082010B0BDE8F087D4F8E430002BE0D073
:107E50002E4603F1100718685968324603C20833EA
:107E6000BB421646F7D1D4E7D4F8EC3003F17702E1
:107E70007E3308AE019304F111030292009303963E
:107E80002B4642464946384600F07DFC0028D7D1B3
:107E9000237A052B0FD1D4F8E010002948D00B46E7
:107EA000AC4601F1100E18685968624603C20833E7
:107EB00073459446F7D1D4F8EC3003F17E02773362
:107EC0000DF1100A019304F10A0302920093CDF818
:107ED0000CA02B464A464146384600F054FC002888
:107EE000AED11022514604F1B70002F04AFF20BB88
:107EF0000D212046FFF73CFF07460028A0D01021A7
:107F00000C30FDF75CFA32460346164603CEAE420D
:107F100018605960324603F10803F6D1394620460D
:107F2000FFF7D6FE201D0121FFF7E9FE002088E7BC
:107F30001022284602F016FFBDE70B2081E770B53E
:107F4000D0F8EC30DB78012B044619D1CD68061D42
:107F500010213046FFF7ABFE2B4604F1B70205F1C6
:107F6000100153F8040B42F8040B8B42F9D107219E
:107F70003046FFF75EFE28B109213046FFF7BFFE0D
:107F8000002070BD0A213046FFF753FE0028F3D1D0
:107F90002046BDE87040FFF727BF70B5061DCD68CD
:107FA00004460B213046FFF782FE2B4604F11702F0
:107FB00005F1100153F8040B42F8040B8B42F9D180
:107FC000237A012B09D0022B13D120460421FFF77D
:107FD00096FEBDE87040F2F789BB0A213046FFF7F4
:107FE00028FE0028F1D030460021FFF788FE00204F
:107FF00070BD0820FCE70720704707207047072066
:10800000704730B5012303FA01F1CA43BFF35B8F18
:1080100050E8003F03EA020440E80045002DF7D194
:10802000BFF35B8F01EA0300003818BF012030BDA9
:1080300038B50446031D0025BFF35B8F53E8002FBE
:1080400043E800510029F9D1BFF35B8F04F59C7020
:1080500001F085FE2572BFF35B8F54E8003F44E8D2
:108060000052002AF9D1BFF35B8F20460121BDE801
:108070003840FFF744BE70B500F1700605460C4667
:1080800007220968304602F07CFEB8B963681A68B6
:108090002A679A88A5F874209B7985F87630D5F8F8
:1080A000A4305BB1A268934208D062681168C3F83B
:1080B00001109188A3F805109279DA7170BD2DE94D
:1080C000F84FDDF82C80BDF82890044692461F46F4
:1080D000FFF7A8FD054600285CD0061DB9F1000F8A
:1080E00027D15AEA070324D103213046FFF7A1FD27
:1080F000F8B101213046FFF79CFDD0B12C7D6B7BA0
:108100009C4228BF1C46224605F14701404602F02A
:1081100002FE0F2C06D8C4F11002494608EB0400F9
:1081200002F020FE30460121FFF7E9FD0120BDE805
:10813000F88FD4F8A43083B904F1700B217A5A4631
:108140002020F3F7B3F8C4F8A40030B9217A5A46D6
:108150000120F3F7ABF8C4F8A400B9F1000F0CD17B
:108160005AEA070709D1D4F8A41031B14B8A9B060B
:1081700003D50C7C1E312246C8E70F213046FFF79D
:1081800058FD20B1022206212046EFF751FE284675
:10819000FFF74EFF0020CAE76FF085007047F8B583
:1081A000031D06460F4618460221FFF742FD04460E
:1081B00020B1B6F8E840B4FA84F464090321184603
:1081C000FFF737FD58B139463046F2F719FE052161
:1081D00094B1D6F8EC00FEF747F90020F8BD012174
:1081E0001846FFF726FD0028EDD10F211846FFF7AE
:1081F00020FD0028E7D1EAE73046FFF7B9FD054644
:1082000088B101210C30FDF7DAF8234607702246C9
:10821000294606F1EC00FEF7C1FA0028DDD0284619
:10822000EDF76AF8D9E76FF06800D7E770B5044654
:108230000820F2F72DF90546E0B1061D0821304669
:10824000FFF735FDBCB30721FFF731FD234605F1EC
:10825000970204F1200153F8040B42F8040B8B42FF
:10826000F9D10A213046FFF7E4FC70B1092130460C
:10827000FFF745FD0720F2F70BF90446E8B1F2F7E6
:1082800057F9D0B10821204612E010213046FFF7FF
:10829000D0FC09210028EAD13046FFF7CAFC0028AB
:1082A000E8D02846FFF7A0FD01460028E2D0284686
:1082B000FFF775FFDEE70B21F9E770BDF0B587B07A
:1082C0000E461546FFF7AEFC044620B96FF01505C3
:1082D000284607B0F0BDC37A321E18BF012203F052
:1082E00001039A4207D0837C2A1E18BF012203F0A3
:1082F00001039A42EAD1271D0C213846FFF781FE7F
:108300000028E3D0C4E93865C5B104F1570102AED5
:108310002A4600960023084600F010FA0546002879
:10832000D6D1D4F8E41010221144304602F029FDD1
:1083300020B104212046FFF732FFC9E70D21204676
:10834000FFF7DDFC10213846FFF7D9FC2046FFF788
:108350002EFD0546BCE710B5FFF764FC044610B9D6
:108360006FF0150010BD0A210430FFF74AFE002807
:10837000F6D0237A062B11D8DFE803F00E04040AA6
:10838000100C0C0001212046BDE81040FFF707BF8C
:108390000421F8E70221F6E70821F4E70020E1E7ED
:1083A0002DE9F0410E460446D0F8EC80F2F77EF855
:1083B000F768261D05460A213046FFF722FE38B130
:1083C0006DB920463978F2F71BFD0020BDE8F08139
:1083D0000B213046FFF715FE0028F1D1F1E72B699C
:1083E000002BEED040469847EBE770B50446A0F16D
:1083F000EC0650F84C3BE83CD3F8A45001F0AFFC3D
:1084000003212046FFF715FCA0B108213046F2F702
:10841000F7FC3DB16B8A13B16B7C9B0702D52846F4
:1084200000F0C7F830464FF4B872BDE87040002144
:1084300002F098BC01212046FFF7FBFB0028E4D1A5
:108440000F212046FFF7F5FB0028DED1E1E710B54C
:1084500008210446A0F59C70F2F7D2FCA4F59A70AE
:108460000421BDE81040FFF74ABC70B50446FFF791
:10847000D9FB0546002875D0061D03213046FFF7BD
:10848000D8FB00286ED0D4F8A40008B100F091F811
:10849000207A04F17001F2F7BDFEC4F8A40028B9F7
:1084A00028460821BDE87040FFF779BE0E2130460E
:1084B000FFF7BFFB28B1D4F8A420537C43F002039C
:1084C00053742B7A032B0DD8002B4CD1D4F8A42055
:1084D000537C23F020035374D4F8A420537C23F05E
:1084E00001030DE0053B012BF0D8D4F8A420537C08
:1084F00043F020035374D4F8A420537C43F00103C9
:1085000053742B7D697BD4F8A4208B4228BF0B4683
:10851000137405213046FFF78CFBD4F8A420537C5C
:1085200040B343F0100353740D213046FFF781FB35
:10853000C0B1D4F8A400202100F037F8D4F8A4305A
:1085400005F147021E33573552F8041B43F8041B4C
:10855000AA42F9D1D4F8A420002353619361D4F83E
:10856000A420938370BD05213046FFF762FB0028ED
:10857000ACD0C0E723F010035374F3E7437C5B06F1
:1085800002D40121EDF768BE704770B504460D4670
:108590001646F2F78BFE38B931462846F2F73AFE16
:1085A00010B1438A1C43448270BD438A19434182FF
:1085B000704710B5037A5B07044601D5EDF726FF37
:1085C000214611F8010BEDF74FF820464422BDE893
:1085D0001040002102F0C6BBF0B5064693B0144629
:1085E000184626B3382204A9A047041E1FDB02A99F
:1085F0003046FCF777FF0546C8B901A93046FCF7BD
:1086000015FD019868B9ACB902AA21463F20F2F7DE
:108610004DFE18B14422214602F0A4FB284613B0B7
:10862000F0BD0A222946FBF71DFA0028EBD06FF0B7
:108630001505F3E702A90020F2F7ECFD0346002838
:1086400059D0382C9DF8102026D0102A3ED8342C32
:108650003CD140F21122C26004AE00F1100210AF12
:10866000344603CCBC4210605160264602F1080239
:10867000F6D120681060D97BB3F80D2042EA0142A0
:10868000022A23D15A7CD107C8D512F0300FC5D1A8
:1086900022F001025A74C1E7102A1BD840F21122BD
:1086A000C26004AE00F1100210AF344603CCBC42ED
:1086B00010605160264602F10802F6D12068106071
:1086C0005A8A02F0220190065982D4D41846FFF744
:1086D00070FFACE704AA00F10C06144603CC7160ED
:1086E00012A98C423060224606F10806F5D11A7BA9
:1086F000112AC0D0EAE76FF00B058FE7014602466A
:10870000382311F8010B0C32ECF7A0BF531E1944AB
:10871000024411F8013900F8013B9042F9D1704749
:1087200010B5431E00F11002073013F8011F12F8B4
:10873000014D1C7083421170F7D110BDF0B597B098
:1087400014460E462022014605A81D461C9FFFF731
:10875000DDFF202231460DA8FFF7D8FF2146102269
:1087600001A88DF85450FFF7D1FF3B46412205A9DF
:1087700001A8F2F79BFE044610B93846FFF7D0FF78
:10878000204617B0F0BD2DE9F04397B004461646D9
:1087900005A810221D46DDE91F98219FFFF7B6FFAF
:1087A0001022314609A8FFF7B1FF102229460DA873
:1087B000FFF7ACFF1E99032211A8FFF7A7FF494658
:1087C000D9F8010011F8013B8DF8473012908B88E1
:1087D000ADF84C30062212A8FFF798FF414606225A
:1087E00011F8013B8DF84E30D8F80130CDF84F30FC
:1087F0000DF14F008B88ADF85330FFF787FF21460E
:10880000102201A8FFF782FF3B46412205A901A8DB
:10881000F2F74CFE044610B93846FFF781FF2046B8
:1088200017B0BDE8F0830369C9B20C2202FB013323
:10883000186C00F00700704770B50346C9B20069B4
:10884000EFF31186402484F31288BFF36F8F0C2559
:1088500005FB0104246C14F0C00401D0A24210D125
:1088600005FB010001220264002086F31188BFF39A
:108870006F8F28B95B6803EBC1035B6898470020E2
:1088800070BD4FF0FF30F0E78022FFF7D5BFF8B59D
:10889000069F04690546C9B2EFF3118C402080F3AE
:1088A0001288BFF36F8F0C2606FB0146306C00F078
:1088B000070EBEF1010F11D1376400268CF3118829
:1088C000BFF36F8F46B90C2000FB0144C4E90E23AF
:1088D0006B6853F8313098473046F8BD00F0C0005F
:1088E00087420CBF6FF077064FF0FF36E6E713B50F
:1088F00080240094FFF7CBFF02B010BD10B40069D4
:10890000CBB21C2404FB0300002110BC104710460E
:10891000F6F7A2BA00F04BBCF4F77EBF4FF4AF609D
:108920007047002208B511461046F9F79DFA002855
:1089300018BF6FF0150008BDF7B54FF480630F4600
:1089400016460024A64203D816D0162003B0F0BD68
:10895000351BB5F5806F28BF1D462A4601AB391976
:108960000020F9F713FB20B9019BAB4201D11C4455
:10897000E8E76FF01500E9E70020E7E7F7B51C46E8
:108980001646002382682360A36053690D4601AA3E
:1089900069469847019B5A1E01921BB96FF015005A
:1089A00003B0F0BD0098A26847682168676085B988
:1089B000B31AD0F800C0634528BF63461A4403FBCE
:1089C00007112160A26002689A4206D80830009020
:1089D000E0E76B1AB3FBF7F3EBE70020E0E71346A1
:1089E0000022FFF7CBBF2DE9F047836886B05B69B3
:1089F0008846914601A902AA98470024A246254626
:108A0000029BAB4202D806B0BDE8F087019F07EB9E
:108A1000C50700267B6804933A68B2420AEB060356
:108A200002D801359A46EBE703940593494603A81B
:108A3000C0470028E7D0049B01361C44ECE74FF404
:108A400000020023C1E900230020704718B901F19A
:108A50001000F6F701BA704737B50D4638B34168D4
:108A6000F9B1D1E900138468ECB1D4E90024DCB198
:108A7000D3B19C421BD10133092B18D800788DF853
:108A8000013040F201138DF80000ADF80230684665
:108A900000238DF804308DF80550F5F75BFE03B028
:108AA00030BD0B46DFE7224601332344E4E76FF095
:108AB0001500F4E71FB5002188420CBF06230423EC
:108AC00001A8CDE9011103918DF80430FFF7C4FF2F
:108AD000002818BF6FF0040005B05DF804FB7FB5F7
:108AE000FF238DF803300DF10303002101930123CF
:108AF000CDE9023105238DF80C3003A801AB0491B8
:108B00000593FFF7A9FF0028A8BF9DF8030007B051
:108B10005DF804FB31B94FF0FF324FF0FF331030F6
:108B2000F6F7CEB9704710B50169BFF35B8F044605
:108B300001F1200353E8002F013A43E80020002808
:108B4000F8D1BFF35B8F4B6A1A4301D1F5F762FE90
:108B50002069BDE81040F6F77FB90369BFF35B8F6A
:108B6000203353E8001F013143E80012002AF8D1F6
:108B7000BFF35B8F00694FF0FF324FF0FF33F6F722
:108B80009FB92DE9F7430E46074641681D469046BA
:108B9000002A6CD0002B6AD0042B01D9AB0766D118
:108BA00016F0030463D1002E61DBCA6A7319934285
:108BB0005DD83846FFF7D1FF2046FFF77BFF00283E
:108BC00052D1032D1CD804210DEB0100324600F0D8
:108BD0003BFE044601463869FFF79CFF94BB2A46DA
:108BE000414601A802F097F8042132460DEB01003E
:108BF00000F027FE044601463869FFF78BFF21E0AD
:108C000008F06043B3F1005F02D118F0030F27D0E2
:108C1000042DA94628BF4FF004094A46414601A841
:108C200002F079F84946324601A800F00AFE0446EF
:108C300001463869FFF76EFF24B9B5EB0905C84452
:108C40004E44E5D10120FFF735FF05463846FFF7D2
:108C50006AFF002C18BF2546284603B0BDE8F08304
:108C6000324629464046C3E76FF00404EAE76FF056
:108C70001505F1E72DE9F04F824685B088461C4680
:108C80001746002A7FD0002B77D000297BDB426873
:108C9000D26ACB18934276D8C8F1000505F00305D7
:108CA000FFF75BFFA54228BF25467B4203F0030385
:108CB00007F0030658BF5E42764206F00306A6425E
:108CC00028BF2646631BA41B24F0030423F00309DA
:108CD000A145C8BFA14603F0030BC8BFA3EB040B1B
:108CE000B9F1000F16D0BB19494608EB050218462A
:108CF000019300F0A9FD04460146DAF81000FFF7E1
:108D000009FFBCBBB54205D0019B4A4619467819FC
:108D100002F00FF8ADB102ABC5F104060421A8EBD7
:108D20000602184600F090FD04460146DAF81000ED
:108D3000FFF7F0FEF4B902AB2A469919384601F064
:108D4000EAFFBBF1000F1CD0082108EB05020DEB78
:108D500001004A4400F078FD04460146DAF81000AC
:108D6000FFF7D8FE34B909EB05005A4602A938448A
:108D700001F0D1FF5046FFF7D6FE204605B0BDE812
:108D8000F08F5C46F6E76FF01504F6E72DE9F8433F
:108D90000D4607464168C5F30B031646002A60D00E
:108DA000C2F30B0252EA03045BD1002D59DBCB6AFC
:108DB000AA199A4255D8FFF7D0FE2046D7F804806A
:108DC000FFF778FE002849D1D8F82C30B34226D1DD
:108DD00000F03DFDB146044638692146FFF79AFE92
:108DE00084B94D44A6EB090600214FF4A47001F0AC
:108DF0009CF8FFF774FE041E04DB14F00104F3D1A9
:108E0000002EE1D10120FFF755FE002C14BF2546AE
:108E100005463846FFF787FE2846BDE8F883B6F5D5
:108E2000803F09D3ABB253B929460120F5F70CFDB9
:108E30004FF480390446CFE7B6F5805F09D3C5F318
:108E40000B0030B92946F5F7FFFC4FF48059044672
:108E5000C2E74FF000096FF01504BDE76FF004059D
:108E6000D7E76FF01505D7E710B50C4600F0DBFC2F
:108E70000023C4E90003184610BD38B505460C466A
:108E800000F0D1FC002D07DBA84205D9401B84422D
:108E90008CBF0020012038BD0020FCE770B50D46D6
:108EA0002846194616461C46FFF7E7FF38B124B19D
:108EB00022462946304601F02EFF002070BD6FF09B
:108EC0001500FBE743685B68D3F810350B600020A2
:108ED000704743685B6802EA010021EA0201C3F8B7
:108EE0000805C3F80C150020704743685B68002034
:108EF000C3F80815704743685B680020C3F80C1579
:108F0000704743685B68D3F8042521EA02001140EA
:108F1000C3F80805C3F80C150020704730B5036985
:108F2000586800B30024884219D108688CB99C683D
:108F30005860A14200D19860002008602AB15A68A8
:108F40000A609A68596002B9996000200FE02846CB
:108F5000E9E720609868814208BF9C60ECE70568FB
:108F60000446002DF3D1002AE9D16FF0150030BD81
:108F7000F4F7E6BE30B543681360057A446804EB45
:108F8000C504A34202D36FF0010030BD5C798C426E
:108F900003F10803F0D10020F7E700F150039B0034
:108FA0009BB203F1804303F5883300221A601B68EB
:108FB000704770B403460C46DA880068197922437A
:108FC000056986682B6801248C4012F0010F14BFDC
:108FD0002343A3432B60336870BC184710B54FF090
:108FE000FF304FF0FF31F3F703FE044628B9D8F7FE
:108FF00099FA044618B1F3F703FE204610BDF3F7C3
:10900000FFFD2046ECF7C6FBF7E738B50B8A0D46A7
:109010003BB101F10C00FCF714FA012818D002282A
:1090200003D06FF01504204638BD4FF0FF304FF0ED
:10903000FF31F3F7DDFD04460028F4D1E868E5F7D9
:10904000F0FD0446F3F7DCFDACB1F3F7C7FEEAE749
:109050004FF0FF304FF0FF31F3F7CAFD0446002810
:10906000E1D1E868F3F762FF0446F3F7C9FD002C8D
:10907000D9D1F3F7B3FE2846ECF73EF90024D2E746
:10908000F3F7D6BE10B532220446002101F06AFE85
:10909000202323708023A3706FF03F0363710423A8
:1090A000A3722823A3730223E3730423A3756FF031
:1090B000480363760323A3766FF01703E3760E234A
:1090C0002377302384F82030402384F8213079231B
:1090D00084F822307E2384F8233084F8243001235E
:1090E00084F82530802384F82630042384F8273040
:1090F00084F82E3010BD08B50323E5F7A5F800204D
:1091000008BD08B5F4F73CFA002008BD08B5F7F72C
:1091100077FE48B1002383F31188BFF36F8F0423D8
:10912000184602DF6FF0040008BD08B54FF0FF31AC
:109130004FF0FF30F3F75CFDE9F72BFEBDE8084088
:10914000F3F75EBD684620F007018D4601B5E3F7F1
:10915000D5FEBDE8014085467047684620F007010E
:109160008D4601B5E3F7BEFEBDE801408546704778
:10917000684620F007018D4601B5E4F7F5FCBDE82F
:1091800001408546704708B5E9F794FB002008BD0B
:10919000684620F007018D4601B5F4F71BFFEBF799
:1091A000E3FDBDE8014085467047F8F7BBBD704759
:1091B000012802D10020E2F733BD70477047E2F783
:1091C0002DBB08B5E4F77CFF30B1EFF30580033821
:1091D000032894BF0020012008BD70474FF0805342
:1091E000D3F83021082A03BFD3F83401B0FA80F055
:1091F00040090020704703460020184700F055BB87
:1092000010B502461168B1B1BFF35B8FB1FA81F3BB
:10921000C3F11F000123834021EA030352E8004FFA
:109220008C4204D142E8003CBCF1000FF6D1BFF300
:109230005B8FE7D110BD6FF00B00FBE710B5036843
:10924000CB40DB0714D401238B400268BFF35B8F54
:1092500043EA020150E8004F944204D140E8001C68
:10926000BCF1000FF6D1BFF35B8FEED1002010BD33
:109270006FF01500FBE70001090400F1804012B116
:10928000C0F804197047C0F808197047F7B5019085
:1092900001A8DDE9084716461D46F4F7B9FC019B15
:1092A000B6F1000C18BF4FF0010C00EB83000B1E51
:1092B00018BF0123002D43EA4C030CBF4FF0000CF4
:1092C0004FF00C0C002C43EA0C030CBF4FF0000CC9
:1092D0004FF4E06C002F43EA0C03D0F800270CBFDA
:1092E0004FF0000C4FF4403C43EA0C0322EA030326
:1092F00001B109780EB13678760019430DB12D7899
:10930000AD0031430CB12478240229430FB13F78DA
:109310003F040C433C43C0F8004703B0F0BD1FB509
:109320000DF10F03019300238DF80F1000931A46DF
:109330001946FFF7ABFF05B05DF804FB10B5044616
:109340000846F4F775FC04EB4004207DC0F34010A0
:1093500010BD10B504460846F4F76AFC04EB40045F
:10936000207DC0F3400010BD10B504460846F4F758
:109370005FFC04EB4004A08A400B10BD70B50446AE
:1093800008461646F4F754FC08300D4634F8103001
:10939000DA0509D5C3F3432304EBC302314654F87D
:1093A0003330526828469847A3682BB1E2683146AB
:1093B0002846BDE87040184770BD10B50446084601
:1093C000F4F736FC04EB4000838ADA051DD5C3F3BD
:1093D000432123F4F853838204F1120204F1720052
:1093E00032F8023F13F4807F03D0C3F34323994242
:1093F0000BD08242F4D104EBC10300225A6004F185
:109400007800BDE81040FFF719BF10BDF0B5034666
:1094100000F58074002005460127844695420AD154
:10942000D3F87C2132B10022C3F87C21D3F87C31FF
:1094300040F00040F0BD25F0404607FA06F6314204
:1094400009D0D4F800E0BEF1000F04D0C4F800C089
:10945000D4F800E0304301350434DFE738B5044682
:109460000D46FFF76BFFA8B12046FFF772FF88B9E2
:109470002046FFF779FF226801238340C2F80833B2
:10948000236803EB8000D0F8103523F00303C0F805
:10949000103538BD28460021BDE83840FFF73FBFF2
:1094A0002DE9F043174685B004460846F4F7C0FBA3
:1094B000D7F800800E460546B8F1000F1ED02046B2
:1094C000FFF747FF18B12046FFF738FF20BB002306
:1094D000CDE900338DF80E308DF80F300DF10F020D
:1094E00043460DF10E013046FFF7D0FE04EB450276
:1094F000938A23F0020343F0010393827B689BB3BA
:109500003146204693F80080D3F80490FFF721FFFE
:1095100028B1B9F1000F1FD06FF0150027E004EB60
:109520004500838A23F4604323F020038382B9F14A
:10953000000F11D0B8F1030FEED87B6821685B688B
:1095400093F800C04FEA8C031944B8F1000F11D111
:10955000C1F81085C1F8108504EB4502938A23F009
:109560001C0343EA88039382BB6843BB002005B019
:10957000BDE8F083D1F8102522F00302C1F81025D0
:1095800022681344D3F8102522F44F3222F440729B
:10959000C3F810253202D3F8101502F47C5242EAC7
:1095A00008420A43C3F8102504EB4C03A3F87C607F
:1095B000838A43EA4C3343F020038382CCE7D3E928
:1095C000007831462046FFF7F8FE002FCED06368C2
:1095D0009F4206D004F17800FFF712FE002804DA5B
:1095E000C5E7A3689845F5D1002004EBC003C3E9A3
:1095F000017804EB4505C0B2AB8A43EA402343F44B
:109600008073AB82B2E72DE9F043054685B008468A
:1096100016461F46F4F70CFB0C46804626B3284638
:10962000FFF797FE18B92846FFF788FE18BB05EB31
:109630004809B9F8143003F01C0313B17378012BF7
:1096400019D001238DF80F300023CDE90063721C7F
:10965000B31C0DF10F012046FFF718FEB9F81430C6
:1096600043F00303A9F81430002F3FD021462846C9
:10967000FFF76FFE20B96FF0150005B0BDE8F0836D
:109680003E782B6803EB86030022C3F81025C3F84D
:10969000102505EB48024FEA860C938A23F46043B9
:1096A00023F020039382787800B32968BF7861445F
:1096B0000004D1F8103523F4991323F4F853C1F8BA
:1096C0001035230200F4403003F47C530343380583
:1096D000D1F8105500F4801003432B43C1F8103526
:1096E000938A43EA463343F0200393820020C4E781
:1096F000C0E90312704770B504461546FFF71EFE19
:1097000048B10846F4F794FA04EB40040020A38A19
:109710005B0B2B7070BD6FF01500FBE738B590F850
:109720008C4005469CB960222146143001F01AFB9A
:109730002868C0F87C41D0F87C3140F30730EBF763
:109740004DFA012385F88C30AB67204638BD6FF0A9
:109750007700FBE790F88C00003818BF01207047B5
:10976000F4F7A0BA2DE9F34104461746FFF7E6FDEA
:109770000D462668F0B12046FFF7EBFD8046C8B9DC
:109780002046FFF7F1FD820002F5807346F8038062
:10979000F35823681344D3F8102542F00102C3F8AC
:1097A000102527B1226801238340C2F8043302B098
:1097B000BDE8F081D6F80433002BA4BF4FF000437E
:1097C000C6F804332846F4F733FA04EB4004A38ABE
:1097D000C3F38203042B12D0052B12D001A80195EC
:1097E000F4F716FA019BD0F81015D94001F00101E9
:1097F0000231284602B0BDE8F041FFF790BD0321D9
:10980000F7E70221F5E7FFF729BE4FF08053D3F8C1
:109810003021082A05D1D3F83401003818BF0120BF
:109820007047002070474FF080531A6958695043C1
:1098300070474FF08053186970474FF08053586954
:1098400070470223F4F778BD0323F4F775BD0021B8
:109850000220F4F7F9BF036801221A6002230373A0
:10986000704703680122DA607047F8B50368D3F8DF
:10987000045304460126002705B9F8BD95FAA5F35F
:10988000B3FA83F3980006FA03F300F5807025EA33
:10989000030523681A58002AEED01F501B5863682E
:1098A000002BE9D0A1689847E6E708B1EBF75EBD69
:1098B000704710B5436904463BB90020E26853780D
:1098C00043F001035370404210BD98470028F4D084
:1098D0000028B8BF4042E368FF28A8BFFF201870E7
:1098E000ECE740B1C368587810F001001EBF18784B
:1098F000B0FA80F040097047EFF31183402383F3FF
:109900001288BFF36F8FFEE708B5FFF7F5FF10B4BD
:1099100000F10C04C0E9034410BCFAF7A8BC38B548
:109920000446EFF31185402383F31288BFF36F8F52
:10993000FAF717FC04F10C0000F0E8FA30B1294600
:1099400004F11400BDE8384000F0C5BA85F3118871
:10995000BFF36F8F38BD10B542696AB1836842EAC0
:109960000301890708D10169A2FB011424B95B181E
:109970002CBF0121002102D36FF0150005E0C1606A
:109980009B1A02698A4201D8002010BDC2681A6081
:109990004269C36001319B1AF3E710B5C0E9043294
:1099A0000023816083610446FFF7D5FF08B9C4E94D
:1099B000004410BD2DE9F04105460F46EFF3118834
:1099C000402383F31288BFF36F8FC668FEB9046823
:1099D000A0421CD0DCB1D4E9003213605A60237C71
:1099E000A66023F002032374C4E9006604F11800A2
:1099F00000F00EFB2046C4F8AC60676100F038FA56
:109A0000414605F10800BDE8F04100F064BA3E604F
:109A1000AB69EF60013BAB6188F31188BFF36F8FD7
:109A2000BDE8F08108B54024EFF3118384F3128878
:109A3000BFF36F8FFBF72CFCF6E790F90E308B42EB
:109A400001D0F5F7E1BE0020704703460020C3E9CE
:109A50000200C3E900337047D0E9003213605A6056
:109A6000027C002322F00202C0E90033027483600A
:109A700070472DE9F843904604469DF820200D4696
:109A8000EFF31187402181F31288BFF36F8F02B18A
:109A90004568A66804F10809B14516D0AEB1304654
:109AA000FFF7DAFF002406F1180000F0B1FA3046A3
:109AB000C6F8AC40C6F8148000F0DAF948463946DA
:109AC00000F009FA2046BDE8F883A3B10820F6F7B4
:109AD00095FA002832D00122C0F8048002600168A3
:109AE00001F003015DB922680A43026062682060E8
:109AF0006AB960600BE0C8F800304046EFE72A68BA
:109B0000032A10D80160616839B9C4E90000002057
:109B100087F31188BFF36F8FD5E70A6802F003025D
:109B200002430A60E5E722F003020A4302602A6862
:109B300002F0030240EA02032B60E8E76FF00B003B
:109B4000E6E710B5044630B10268930703D04468D5
:109B500009B100F0F4FA204610BD0023C0E900333B
:109B600000F10803C0E90233704707B501230093F1
:109B700000230A461946FFF77CFF03B05DF804FB9B
:109B800007B500230A4600931946FFF772FF03B09A
:109B90005DF804FB00680021FFF7D3BF3AB18A42A9
:109BA00005D3C0E90212C0E90000002070476FF041
:109BB00015007047026801238B4022EA030303600B
:109BC00022FA01F000F001007047704710B5032140
:109BD00004460C30FFF7EEFF30B104F1100000F046
:109BE00017FAB0FA80F0400910BD20B100221146EA
:109BF000BC3000F0D3B9704770B5C368C3F34006FA
:109C00009B07044616D4856802210C30FFF7D2FF6B
:109C100080B1D5F8B4206AB194421DD122689EB9B2
:109C2000D5F8B830C5F8B4209C4201D1C5F8B820A9
:109C300000232360E36813F01F001EBF43F00203FC
:109C4000E36040F0020070BD3260D5F8B820944265
:109C500008BFC5F8B860EBE716461268DBE773B5D6
:109C60000446EFF31185402383F31288BFF36F8F0F
:109C700000230193D0E90423B3F1004F08BF012A68
:109C800005D085F31188BFF36F8F02B070BDA0F1CE
:109C9000100603210438FFF78DFF0028F1D0A369D7
:109CA000019301A93046F5F74DFAEAE738B50446C5
:109CB0000D461022002101F055F8656038BD13B53E
:109CC00001900846EFF31184402383F31288BFF319
:109CD0006F8F01A9F5F736FA84F31188BFF36F8F00
:109CE00002B010BD10B5FFF7EAFF041E08DDEFF368
:109CF0001180402383F31288BFF36F8FF5F7F0FDD7
:109D0000204610BD70B50D46EFF31186402383F356
:109D10001288BFF36F8FF5F767FA044686F3118850
:109D2000BFF36F8F38B14FF0FF324FF0FF3305F1C3
:109D30001000F5F7C5F8204670BD08B5D022002107
:109D400001F010F808BD38B5302204460D46002158
:109D500001F008F84FF480736560E36038BD38B5F2
:109D60000446EFF31185402383F31288BFF36F8F0E
:109D7000FFF72CFF2046FFF73FFF85F31188BFF365
:109D80006F8F38BDF8B504460D46EFF311874023B9
:109D900083F31288BFF36F8FC36803F01F03002B98
:109DA00014BF0126002609D0FFF710FF2046FFF759
:109DB00023FF29462046F5F7A7F9034687F31188C4
:109DC000BFF36F8F3BB14FF0FF324FF0FF3305F120
:109DD0000800F5F775F83046F8BDD0E90032136099
:109DE0005A60027C002322F00202C0E900330274B0
:109DF00083607047EFF30580003818BF012070477B
:109E0000D0E9003213605A600023C0E90033704784
:109E100008B5FFF7F5FF037C23F00203037400236A
:109E2000836008BD38B504460D46F5F749FC237C30
:109E300043F002032374D5B1A5602B689D4209D17C
:109E40006B68C4E900531C606C6010E06A689A4259
:109E5000F6D01B68002BF3D093F90E1094F90E2066
:109E60009142F3DD5A68C4E9003214605C6038BD89
:109E700010B5EFF31184402383F31288BFF36F8F83
:109E8000F5F7DEFB84F31188BFF36F8F10BD08B5C3
:109E9000037C13F0280F01460CD183680BB1FFF748
:109EA000B7FF0B7C23F004030B740846BDE80840A1
:109EB000F5F7C6BB08BD10B5EFF31184402383F35B
:109EC0001288BFF36F8F1838FFF7E1FF84F3118812
:109ED000BFF36F8F10BD0846F5F72ABC38B504688C
:109EE0000546AC424FF0000000D138BD002CFCD03C
:109EF0002046FFF78DFF04F1180000F089F8204696
:109F0000F5F79EFB2C680120A542EDE710B5EFF3B5
:109F10001184402383F31288BFF36F8FFFF7DEFFB6
:109F200084F31188BFF36F8F10BD38B50C4605461A
:109F3000F5F772FDB4F1FF3F08BFB5F1FF3F1FBF5A
:109F400047F6FF7300224FF47A71E0FB01321ABF2B
:109F5000D80B40EA42404FF0FF3038BD38B50446D8
:109F6000EFF31185402383F31288BFF36F8F037CD7
:109F70005B070ED5183000F04BF8237C23F0040368
:109F800020462374F5F75CFB2846BDE83840F5F71A
:109F9000CFBB85F31188BFF36F8F38BD38B5EFF3B2
:109FA0001185402383F31288BFF36F8F0468A042AA
:109FB00013D0A4B1C4F8AC1062612046FFF728FFAB
:109FC00004F1180000F024F82046F5F739FB0120D1
:109FD00085F31188BFF36F8F38BD0020F8E7204666
:109FE000F6E708B50246F5F7ABFE70B1D0E90431EB
:109FF0009B1A61EBE272B3F1004F72F1000104DAD7
:10A00000002AACBF1846002008BD6FF00040FBE7F7
:10A0100038B50246EFF31185402383F31288BFF36E
:10A020006F8F0368D3B1F5F78BFE04461046F5F742
:10A0300099FE00224FF000438442C0E9042305D07A
:10A04000002085F31188BFF36F8F38BDF5F780FED0
:10A05000FFF7C7FF0021F2F701FCF1E7D0E9041395
:10A06000B3F1004F08BF012904D100204FF0004197
:10A07000C2E904016FF01500E3E708B5F5F77AFFD0
:10A0800008BDB3F1FF3F08BFB2F1FF3F70B5064610
:10A090001D46144614D01A4316D0002B08DBF5F7E2
:10A0A00069FF041941EB0501C6E90041304670BD66
:10A0B0006FF001031C1B4FF0FF3363EB0501F3E767
:10A0C0004FF0FF342146EFE70024FBE7B3F1FF3FF9
:10A0D00008BFB2F1FF3FF8B5074616461C4610D040
:10A0E00054EA020311D0F5F745FFB0420A46A141F8
:10A0F00003460AD2F31A64EB0204C7E90034384677
:10A10000F8BD4FF0FF331C46F7E70023FBE70432AE
:10A1100070B504460ED2EFF31185402686F31288FF
:10A12000BFF36F8F41F00401984785F31188BFF3A7
:10A130006F8F08B9002070BD40F8044BFBE720B1D9
:10A14000011F50F8040CFFF7EABB7047704700206E
:10A150007047704710B5044608B1F6F715F9204668
:10A16000BDE81040F6F700B90346C068F8B158885A
:10A17000E8B11B8803F44F42B2F5824F02D0B2F52A
:10A18000884F09D1DBB2272B2AD008D8172B0FD044
:10A19000222B34D0122B16D06FF085007047302B55
:10A1A0002FD0413B012BF7D8FF2839D10020704731
:10A1B000C028FBD0E128F9D0B0F5807F14BF6FF044
:10A1C00086000020704720F02003C02BEED020F046
:10A1D0008003B3F5807FE9D040F209239842EDE790
:10A1E000E928E3D0EF28E1D040F21B139842DDD0FC
:10A1F00040F299139842D9D040F23B23EEE7E92888
:10A20000F1E720F02003C02BD0D020F04003B3F5BD
:10A21000807FCBD0B0F5C07FC8D0B0F5007FCDE750
:10A22000B0F5E07FCAE73AB1002918BF0023D21A7F
:10A230002121184400F096BD70472DE9F04F89B0F8
:10A240009B4600238DF81B30159BDDF85080002BBA
:10A2500091460B460D460CBF4FF400624FF48062EE
:10A2600007A9DDE912A7F6F731FA0446D0B9079E2F
:10A270000DF11B0231882846F6F7A4FA044688B986
:10A280009DF81B30BB421FD8CDE90338CDE901BA98
:10A29000CDF80090D6E909122B463046F6F72CFF90
:10A2A000044608B1C8F80070D8F800303A46214694
:10A2B0005046FFF7B8FF0798F6F708FF002C18BFC5
:10A2C000204609B0BDE8F08F6FF08904EAE741F25B
:10A2D000062398421AD8B0F5905F09D241F20103E3
:10A2E00098420CD0B0F5885F09D06FF085007047B8
:10A2F000A0F5905080B26923C340DB07F5D511F07B
:10A30000070F14BF6FF0860000207047B0F5105F94
:10A31000EBD121F04003802B06D0B1F5807F14BF34
:10A320006FF08600002070470020704770B5446AC7
:10A3300005460E463CB90120F6F710F8686228B1D0
:10A34000AE62204670BD6FF08A00FBE76FF08C00B4
:10A35000F8E7F8B51E460F4603881546C2B103F468
:10A36000E043B3F5805F02D0B3F5005F10D1089BE6
:10A37000E90019600088FFF7AAFF044630B92A46B1
:10A380003946304600F0C7FC079B1D602046F8BDEB
:10A390006FF08504FAE710B50446406A10B1A16A6F
:10A3A000FFF7D8FE0020C4E9090010BD38B5044607
:10A3B000FFF7F1FF237F012B0FD0023B012B0FD8BA
:10A3C000236A012B14BF6FF0960500252C22002173
:10A3D000204600F0C7FC284638BD236A002BF1E771
:10A3E0006FF09605F2E738B514460288049D02F432
:10A3F000E040B0F5805F07D0B0F5005F04D002F414
:10A400004F42B2F5824F0ED1AC420FD818462246C9
:10A4100000F081FC2A1B0021204400F0A3FC059BD6
:10A4200000201C6038BD6FF08500FBE76FF08900ED
:10A43000F8E7F0B50F4685B01E461546CAB10023B1
:10A440003360012203A9F6F741F9044670B9CDE95A
:10A45000005603983B46D0E9091200F0CEF90446B5
:10A460000398F6F733FE002C08BF0446204605B0DB
:10A47000F0BD6FF08904F9E770B50488049E1546B5
:10A4800004F4E042B2F5804F22D124F4405044F26B
:10A49000010290420DD004F44F44B4F5824F08D02D
:10A4A000B4F5844F05D0B4F5884F02D0B4F58E4F83
:10A4B0000ED1B5420FD818462A4600F02CFC721B6C
:10A4C0000021284400F04EFC059B00201D6070BD5B
:10A4D0006FF08500FBE76FF08900F8E7F0B50F46F5
:10A4E00085B01E461546FAB1002333601A4603A90B
:10A4F000F6F7ECF8044688B9039803885B0410D596
:10A50000CDE900563B46D0E9091200F081F9044636
:10A510000398F6F7DBFD002C08BF0446204605B083
:10A52000F0BD6FF08604F3E76FF08904F6E710B52D
:10A530000368044643B100F0C9F900232360A388EF
:10A540006FF30803A38010BD1846FCE72DE9FF4117
:10A550000C460168984600230546164603930029D9
:10A5600039D14FF4A872083000F0FCFBB8F1000FAD
:10A57000204633460CBF4FF400624FF4806203A9BB
:10A58000F6F7A4F80446B8B9039F2A1D3988304667
:10A59000F6F718F9044678B96B7968F300036B7124
:10A5A000D7E90923394600962846B8F1000F0FD0A5
:10A5B000F6F7BAFD044610B12846FFF7B8FF039836
:10A5C000F6F784FD002C18BF204604B0BDE8F081EA
:10A5D000F6F7CAFDEEE76FF08804EDE70123FFF719
:10A5E000B5BF38B50368054614464BB132B100F02B
:10A5F00058F9044610B12846FFF799FF204638BDA8
:10A600006FF08804FAE72DE9F04116460268054626
:10A610000F469846F2B14279D2071BD50279CAB1EA
:10A62000B2421AD800F046F9044618B10023C8F81F
:10A6300000602B7137B1D8F80030324621463846D9
:10A64000FFF7F1FD2846FFF772FF002C18BF2046E8
:10A65000BDE8F0816FF08804E8E76FF08904E5E772
:10A660001FB501240394089C0294079C0194069C46
:10A670000094FFF7E2FD04B010BD2DE9F04788B06B
:10A6800005469A460023079325F0004323F47F03F1
:10A69000B3F1106FDDE91096DDF8488008461746E3
:10A6A00023D12B464FF4804207A9F6F70FF8044652
:10A6B00060B9CDE90368CDE901A907980097D0E911
:10A6C00009122B4600F00AF9044628B131464846E3
:10A6D000F6F736FAC8F800600798F6F7F7FC002C92
:10A6E00018BF204608B0BDE8F0876FF08604EDE79C
:10A6F000034608461B8803F4E043B3F5805F114628
:10A7000002D0B3F5005F01D1F6F71ABA6FF08500F9
:10A7100070471C22002100F025BB034668B1017F71
:10A720008A1E012A0BD80329026A03D1012A01D10A
:10A73000FFF73CBE1AB1013A1A62002070476FF071
:10A7400096007047C0B2002814BF6FF0850000204B
:10A75000704700207047704700221A606FF0860033
:10A76000704700230B606FF0860070472DE9F041C1
:10A7700047683F0A04460D461646984611D1078899
:10A780007F0407D44346324629462046BDE8F041BF
:10A79000FFF7AEBF00F0DEF810F1860FF2D0BDE893
:10A7A000F0816FF08600FAE72DE9F04F476885B039
:10A7B0003F0ADDE90E9ADDF840B004460D46164624
:10A7C000984615D1CDE901ABCDF8009000F0B4F872
:10A7D00010F1860F0ED14346324629462046CDE978
:10A7E0000FABCDF8389005B0BDE8F04FFFF7B1BD25
:10A7F0006FF0860005B0BDE8F08F10B44468240AFD
:10A8000002D110BCFFF7EFBD6FF0860010BC70479F
:10A810002DE9F34747683F0ADDE90A9A04460D46E9
:10A820001646984611D1CDE9009A00F077F810F15C
:10A83000860F0CD14346324629462046CDE90A9A76
:10A8400002B0BDE8F047FFF717BE6FF0860002B018
:10A85000BDE8F08713B504464868000A0AD1049899
:10A86000009004F10800F6F727FD08B91C232360C7
:10A8700002B010BD6FF08600FAE710B404681C2C1B
:10A8800003D110BC0830F6F743BD6FF0860010BC52
:10A89000704703681C2B02D1083000F061B900201A
:10A8A000704703681C2B02D1083000F034B96FF0F8
:10A8B0008600704710B404681C2C03D110BC08300B
:10A8C00000F032B96FF0860010BC704703681C2B93
:10A8D00002D1083000F034B90020704710B4446849
:10A8E000240A02D110BC00F043B96FF0860010BCFE
:10A8F00070470020704713B5002001AB1446F7F7EE
:10A9000045FB30B9019BA34218BF6FF0930002B022
:10A9100010BD6FF09200FAE70020704710B4048871
:10A9200004F44F44B4F5824F02D110BC00F045B995
:10A930006FF0850010BC704710B4048804F44F44D5
:10A94000B4F5824F02D110BC00F067B96FF08500FA
:10A9500010BC704710B4048824F0FF04B4F5E24F33
:10A9600002D110BC00F0ACB96FF0850010BC70478C
:10A97000024612F8103B43F3C01303F0870312F8AA
:10A98000011D83EA4103904213704FEA1323F6D16D
:10A9900070472DE9FF4705468846144622B3D0F894
:10A9A000486100F5947786B9A0444FF010090DF185
:10A9B0000C0A102CA8EB040237D823463946384637
:10A9C00000F0EEF8C5F848410EE0C6F110094A451E
:10A9D0000FD8B91913460846424600F0E1F8D5F8F9
:10A9E00048312344C5F848310026304604B0BDE85C
:10A9F000F087B9F1000F08D0B91942464B46084616
:10AA000000F0CEF8103EC844344403AB102201934A
:10AA100000923B4639462846FFF72FFF064600289E
:10AA2000C2D02846FFF735FFDFE710233946384606
:10AA300000F0B6F8CDE9009A3B4610223946284688
:10AA4000FFF71BFF06460028EBD1103CB1E72DE9CC
:10AA5000F0439846D0F84831102B174685B004468D
:10AA6000894600F5947500F59C721CD1294628464C
:10AA700000F096F803AB1022019300922B46294672
:10AA80002046FFF7FAFE064630B93A4629464846C0
:10AA900000F041F9C8F800702046FFF7FAFE304692
:10AAA00005B0BDE8F083C618104696F8283183F04B
:10AAB000800386F82831FFF75BFF10230246D5E7B5
:10AAC000F0B5D5B004460E46174600214FF4A672E5
:10AAD00001A81D4600F046F921463B46324601A832
:10AAE000F6F762FB044680B95A9A294601A8FFF797
:10AAF00050FF044648B9DDE95C235B9901A8FFF7E4
:10AB0000A6FF0446204655B0F0BD01A8FFF7C1FEE0
:10AB1000F8E7F6F76FBB90F84C31022B01D1FFF745
:10AB200038BF6FF08800704710B490F84C41022C89
:10AB300002D110BCFFF78BBF6FF0880010BC7047CC
:10AB400010B590F84C31022B044607D1FFF7A1FE57
:10AB50004FF4A8720021204600F004F9002010BD37
:10AB600008B54FF49072002100F0FCF8002008BDF9
:10AB700010B4048804F44F44B4F5824F02D110BCE1
:10AB8000F6F7ECBB6FF0850010BC7047034601443C
:10AB9000002013F8012B8B4240EA0200F9D17047E4
:10ABA00030B50B4411F8014B12F8015B994284EA6D
:10ABB000050400F8014BF5D130BDF8B50546144643
:10ABC0002F8807F4E04CBCF5804F1846DDE90636C7
:10ABD00006D19A421ED800F09EF834600020F8BDDD
:10ABE00047F21212974202D06FF08500F7E7640037
:10ABF00001349C420ED86B8834600422B3F5807F08
:10AC00000270F1D10130F6F727FD0028E6D06FF091
:10AC10008600E4E76FF08900E1E72DE9F0411F4687
:10AC20000388DDF820800E4644F212118B4215464F
:10AC300042882ED047F212118B423BD102B9EA0072
:10AC4000B2F5807F36D1202D03D06FF08600BDE8AD
:10AC5000F08129463046FFF799FF0028F5D03046AD
:10AC6000F6F7E6FC0028F0D1D8F8004034F4807400
:10AC7000EBD1069B9D4220D82A463146384600F04B
:10AC80004AF8079B1D604FF48073C8F800302046D7
:10AC9000DDE71AB9EB07D8D56A08D200B2F5807F94
:10ACA00008D1412DD1D13378042BCED1701CF6F7C9
:10ACB000C9FCD7E76FF08500C9E76FF08900C6E7E8
:10ACC000F8B50C46478801881E4647F21213FD1D51
:10ACD00099424FEAD50502D06FF08500F8BD954244
:10ACE00016D829462046F5F72BFF0028F6D129462D
:10ACF0002046FFF74BFF0028F3D0B7F5807FEBD15C
:10AD00002046F6F795FC0028EBD120233360E5E7D9
:10AD10006FF08900E2E70A44914200F1FF3300D16D
:10AD2000704710B511F8014B03F8014F9142F9D16A
:10AD300010BD884210B501EB020402D984422346BB
:10AD400007D8431EA14207D011F8012B03F8012FA9
:10AD5000F8E70244824200D110BD13F8011D02F849
:10AD6000011DF7E702440346934200D1704703F800
:10AD7000011BF9E7044608B5F9F71EF92046EAF782
:10AD8000D5F910B501390244904201D1002005E007
:10AD9000037811F8014FA34201D0181B10BD0130F8
:10ADA000F2E710B50139034632B111F8014F03F84B
:10ADB000014B013A002CF7D11A440021934200D1F3
:10ADC00010BD03F8011BF9E710B5024601448A42A1
:10ADD000134603D01C780132002CF8D1181A10BD8C
:10ADE000F0B5C3F137070446FFB203F01F03104666
:10ADF000082BE6B233D0102B3ED06508A40844EAF5
:10AE0000817445EAC1752D194FEA910242EB510256
:10AE1000290941EA02716D1842EB1212290A41EA2E
:10AE200002616D1842EB1222290C41EA02416D18B1
:10AE300042EB1242AD1842F10002EC0844EA4274BF
:10AE4000D10804EB8402A6EB4205EDB2092D0CD922
:10AE50000134A5F10A0541F10001EDB212E0E40868
:10AE600044EA417406F00705C908303554EA010286
:10AE700000F8015BBCD1F0BD240944EA017406F07E
:10AE80000F050909092D84BFED19EDB2EDE7D1E9F0
:10AE9000043293421EBF5A1C0A61187070470000AA
:10AEA00035530100000000000000000060AF020008
:10AEB000C9EB010000000000EDEB01000000000004
:10AEC0000000000098AF0200000000007CAF02000C
:10AED000D5D50100000000008791020000000000AD
:10AEE000AB9102000000000000000000D0AF0200A3
:10AEF00000000000B4AF020009C70100000000001C
:10AF00004D5101000000000000000000ECAF020005
:10AF10004DD6010000000000A5D701000000000090
:10AF20007DEF0100000000000000000008B00200FA
:10AF30000000000024B0020079560100000000006B
:10AF400003910200000000000D91020000000000CB
:10AF50003958010000000000D1430100000000004A
:10AF6000A1CB020034BC02001CB20200B0050020DC
:10AF7000B8310020C1B5010000000000F7CB02008D
:10AF8000C8BC0200F8B10200BA05002068320020F7
:10AF90008DC101000000000005CC0200DCBC0200F5
:10AFA000F8B10200BC050020743200208DC1010000
:10AFB00000000000B0CB020000000000C0B10200A1
:10AFC000B20500200C3200201DBA01000000000074
:10AFD000C0CB02000000000044BC0200B405002009
:10AFE00000000000238902000000000039CC0200AC
:10AFF0000000000000BD0200BE050020C432002099
:10B0000005CD010000000000D0CB020054BC0200BE
:10B01000E0B10200B60500208804002015BB010045
:10B0200000000000DDCB020000000000C8B10200FB
:10B03000B80500200000000011BD01000000000064
:10B04000BF910200F791020000000000755202005B
:10B05000000000007552020000000000755202005E
:10B06000000000007552020000000000755202004E
:10B07000EC020020718F02000000000075520200F7
:10B08000000000007552020000000000755202002E
:10B09000000000007552020000000000755202001E
:10B0A00000000000755202000C32002089BA010035
:10B0B00000000000755202000000000075520200FE
:10B0C00000000000755202000000000099C7010056
:10B0D00000000000755202000000000075520200DE
:10B0E00000000000755202000000000075520200CE
:10B0F00000000000755202000000000075520200BE
:10B100000000000075520200000000003DD6010062
:10B110000000000075520200000000003DE2010046
:10B12000000000007552020000000000755202008D
:10B13000000000007552020000000000755202007D
:10B14000000000007552020000000000755202006D
:10B15000000000007552020000000000755202005D
:10B16000000000007552020000000000755202004D
:10B17000000000007552020000000000755202003D
:10B180000000000075520200D1E80100F7910200B2
:10B19000000000007552020000000000755202001D
:10B1A000000000007552020000000000755202000D
:10B1B00000000000755202000000000075520200FD
:08B1C000C9B9010019B9010031
:10B1C8009D8E020041BF010025BE010009BD01009E
:10B1D800698E0200F9BC0100758C0200838B0200A5
:10B1E8008D8D02000DBB01003F8A0200FDBA0100EF
:10B1F800BDBF0100C58E0200D38E0200EB8E020097
:10B20800F78E0200038F0200C9C101001D8F0200E2
:04B218000000000032
:10B21C0019B6010089880200EF88020000000000C6
:0CB22C0027880200000000000000000065
:10B238000500000035820100060000006DA4010031
:08B2480004000000B18E0100BA
:10B250004935010039340100000000000000000001
:10B2600051320100000000000935010041320100A7
:10B2700000000000000000000000000000000000CE
:10B280000000000000000000899D01000000000097
:08B290000000000000000000B6
:10B29800E8BA02000800000004B802000700000035
:08B2A8001CB7020004000000C5
:10B2B000040000000F000000010000000800000072
:10B2C000200000006000000070000000100000007E
:10B2D0000C0000000E000000500000007400000090
:10B2E000A8000000FFFFFFFFFFFFFFFFFFFFFFFFC2
:04B2F000FFFFFFFF5E
:10B2F40059CB02000000000000000000915301003F
:10B30400DD550100000000007ECB020001000000BA
:10B31400000000005973020000000000000000005B
:10B324008DCB020001000000000000003177020014
:10B33400000000000000000085CB020001000000B6
:10B3440000000000799201009D9C010000000000B3
:10B3540099CB02000100000000000000D985020022
:10B3640099B201000000000093CB0200010000002C
:10B3740000000000A995010099960100000000005A
:10B39000FF000000FF000000FF000000FF000000B1
:10B3A000FF000000FF000000252627000102030324
:10B3B0002804000090420000BE1100004C01000073
:10B3C000E80B0000860400000102030301020303EE
:10B3D0000101000207000102040100010000010157
:10B3E0000000010001000001000100000000000059
:10B3F000020B000001000B0002000A00050009001A
:10B400000A000800140007001E00060032000500B4
:10B410004B0004006400030096000200FA000100E3
:10B42000F40100000102030302030001F401FA0029
:10B43000960064004B0032001E0014000A00050054
:10B44000020001000C0802170D01010209090101A7
:10B450000602091818030101090983838503020103
:10B46000230202240910040405050B0B040B2B1BFB
:10B470001B159A9A1C021D16130501490D15050886
:10B48000061B1B0F01010000FEFEFEFEFEFEFEFE7F
:10B49000FEFEFEFEFEFEFEFEFEFEFEFEFE16FEFEB4
:10B4A000FEFEFEFEFEFEFEFEFEFE1F1FFE26FEFE52
:10B4B000FEFEFEFEFEFEFEFEFEFEFEFEFEFEFEFEAC
:10B4C0003E3EFEFEFEFE3B3B60009006BE022C01AF
:10B4D000D012CE0528049042BE1164005006AE0280
:10B4E0007205DA43081300010202A301B103BF058C
:10B4F000EF024906A309C505F50B25120102030356
:10B500000102030301020401020303002804904224
:10B51000BE117205DA4308132C00D002CE0104409C
:10B52000100028049042BE112C00D002CE01B400BD
:10B53000500BEE0364005006AE02B400500BEE0355
:10B540000102030328049042BE1128049042BE1158
:10B55000010203030001020201000000101100407B
:10B5600000000000000000000000000000000000DB
:10B570000406080A0C0E10121416181C1E20222491
:10B5800026282A2C2E30323436383A3C3E4042446B
:10B5900046484A4C4E021A500000000028000000A5
:10B5A00018000000500100005001000000000000E1
:10B5B000141E0000301100003C730000B45F000056
:10B5C000B80BD0076C396C39000000007017000010
:10B5D000A00F00003C2800003C2800000000DC0513
:10B5E000E803D41700000000000000000000000085
:10B5F00000000000141E00003011000060EA00008E
:10B6000060EA000000002CA6E0A120A820A800000D
:10B61000000000000000000000003408E803280AD1
:10B62000280A00000000000000000000E3A3C3009F
:10B6300001020005040008080000180028000000AE
:10B640002A00D8ECF0F4F8FC000203040506070811
:10B6500000000000000000000000000000000000EA
:10B6600000000000010101010202020203030303C2
:10B670000404040405050505060606080900000083
:10B6800000000000000000000000000000000000BA
:10B690000001010101020202020303030304040486
:10B6A000040505050506060708090A0B0C0D001020
:10B6B0000200FA00000001030062746C65000000E3
:10B6C000000000000000000000000000000000007A
:10B6D000000000000000000000000000000000006A
:10B6E0000000000000000000000000010000000059
:10B6F0000338FDD8704700009D320100B9330100C6
:10B70000D532010000000000000000000000000031
:10B7100009360100893501000000000038BF020031
:10B720007174020000000000CCCC02000000010097
:10B7300034BF02004F7802000000000074020020B5
:10B7400000000100AACC0200E53701000000000063
:10B75000000000000000010030BF0200437402003E
:10B76000899701005C02002000000300713801008D
:10B7700000000000000000000000000000000000C9
:10B7800040060000800700000000000000000000EC
:10B7900003000000A0000000F00000000000000016
:10B7A00001010000A90500202415000094050020D7
:10B7B00001010000AA0500200916000021C60200B0
:10B7C00004000000000000000000000000C00000B5
:10B7D00024B002000100000000C00000006007006B
:10B7E00024B00200020000000020080000600700F2
:10B7F00024B002000300000000800F000080000061
:10B8000024B0020064BF0200717402000000000056
:10B8100060BF0200000001005CBF02004F78020020
:10B8200000000000940200200000010054BF02004C
:10B83000A34F020000000000000000000000010013
:10B8400050BF02004F780200000000008C02002070
:10B850000000010048BF02006F4F0200000000001E
:10B86000000000000000010044BF02004F78020009
:10B870000000000084020020000001003CBF020024
:10B88000D93F01000000000000000000000001009E
:10B8900095420100000000000000000000000000D0
:10B8A000D750020000000000BB5002000000000062
:10B8B00055520200D4020020CC020020C402002015
:10B8C00000000000BC02002005450100F943010012
:10B8D0004D440100AD4401000000002000000000C4
:10B8E00000000B0602000000ECB80200000000009F
:10B8F000FACA0200260002020000002002CB020069
:10B9000022000B11DC020020D951010000000000D0
:10B91000F352020008B9020024B902004A000000F4
:10B92000000000005C73002008B9020038B9020072
:10B9300047000000000000002478002008B9020041
:10B940004CB9020002010000000000004479002010
:10B950000E030000B96001000F04000089610100BE
:10B960001A010000C156020005040000ED57010055
:10B9700013010000FF5702003E0100005959010069
:10B98000011200009F5802000A1E0000A158020088
:10B99000FF0100006D5801003E0100008D580100BC
:10B9A000050400003557020008040000635A020035
:10B9B00030030000FD59020010010000755702001D
:10B9C00001120000496001000A1E0000C95B02006C
:10B9D00003090000C5580200040B00007D57020057
:10B9E000060A00009D5C0200070A00005D57020085
:10B9F0000C05000085590200050C0000D55B020013
:10BA000012050000F96F0100130800008D620200AA
:10BA100008B9020020BA0200030100000000000083
:10BA2000607A002008B9020034BA02000000000069
:10BA300000000000B47D002008B9020048BA0200EE
:10BA40004A00000000000000DC7D00203366020098
:10BA500085660200000000000000000000000000F9
:10BA6000316802000000000000000000000000003B
:10BA70000000000002020100816B020004040100CA
:10BA8000BD860100060601002189010008040100AD
:10BA9000E18901000A020100A96C02000C04010006
:10BAA000916C02000E040100F987010020040100DE
:10BAB0008D88010010040100F58A010012020100C6
:10BAC000F36C02001E000400257202005202000006
:10BAD000196D020008B90200E4BA02004C0000002F
:10BAE00000000000347F002094BF02007174020047
:10BAF0000000000090BF0200000001008CBF0200A7
:10BB00004F78020000000000440400200000010003
:10BB100084BF0200000000000000000000000000E0
:10BB20000000000080BF02004374020089970100FA
:10BB30004C040020000003007CBF02004F7802008C
:10BB4000000000003C0400200000010074BF02005F
:10BB5000A9740200637602000000000000000300E8
:10BB600070BF02004F780200000000003404002083
:10BB70000000010068BF0200A99B01000000000056
:10BB8000000000000000010049A90100EB83020051
:10BB90000DB1010000000000000000006DAF0100C9
:10BBA0000000000000000000000000000000000095
:10BBB000000000000000000005AA010006000000CF
:10BBC000FB7F0200060000009B7F020010000000C7
:10BBD00095A5010010000000A183020001000000F3
:10BBE000217C020010000000F77F02000A00000024
:10BBF000277D020010000000F1AF010007000000E7
:10BC0000FF7F020010000000CD7C02000100000058
:10BC1000A1A80100400000003F7F020010000000CA
:10BC20001B7D0200010000007DB501004DB5010043
:10BC300000000000C9B6010049B6010019890200E0
:10BC4000158902003989020000000000040000008C
:10BC500000FF0000000000000000000000000000E5
:10BC600000000000000000000000000000000000D4
:10BC70000403000000000003F401000000010100C3
:10BC800000008000C22817008CBC02000090024017
:10BC900098BC020001000000A0BC020006000000E9
:10BCA0001318001D1418001F151800201618002165
:10BCB000171800221118001E0008000000100000D4
:10BCC0000400000000FF0000FFFF00000003005020
:10BCD000EC0200200000000001000000BCF801FFA1
:10BCE00000000050EC0200200000000000000000F6
:10BCF00098AF02000B00110098AF02000C00110079
:10BD000051CC0100DD8F02000B9002000800000002
:10BD100003000000A0AE0200A0AE0200F8AE0200D8
:10BD200000AF020058AF020060AF02006DCC02000D
:10BD3000000100000000000065AD0200512563FC19
:10BD4000C2CAB9F3849E17A7ADFAE6BCFFFFFFFF96
:10BD5000FFFFFFFF00000000FFFFFFFFAAAAAAAA43
:10BD6000AAAAAAAAAAAAAAAA5555555555555555DB
:10BD7000555555550000000055555555522563FC45
:10BD8000C2CAB9F3849E17A7ADFAE6BCFFFFFFFF56
:10BD9000FFFFFFFF00000000FFFFFFFF512563FCD6
:10BDA000C2CAB9F3849E17A7ADFAE6BCFFFFFFFF36
:10BDB000FFFFFFFF00000000FFFFFFFF96C298D8C3
:10BDC0004539A1F4A033EB2D817D0377F240A463C4
:10BDD000E5E6BCF847422CE1F2D1176BF551BF37CD
:10BDE0006840B6CBCE5E316B5733CE2B169E0F7CA0
:10BDF0004AEBE78E9B7F1AFEE242E34F4B60D2276D
:10BE00003E3CCE3BF6B053CCB0061D65BC86987662
:10BE100055BDEBB3E7933AAAD835C65AFCFFFFFFEE
:10BE2000FFFFFFFFFFFFFFFF00000000000000001A
:10BE30000000000001000000FFFFFFFFFF8FFFFF79
:10BE4000FF8FFFFFFE8FFFFFFE8FFFFFFD8FFFFFC6
:10BE5000FC8FFFFFFC8FFFFF4661696C20746F2031
:10BE600061637175697265206D757465780A00008B
:10BE70004661696C20746F20696E637265617365D9
:10BE800020504D20636F756E7465720A00000000CB
:10BE90006D757465785F667265652063616C6C654D
:10BEA000642077697468204E554C4C207061726133
:10BEB0006D6574657200000043616E277420696EC1
:10BEC000697469616C697A65206D757465782C2078
:10BED000776173204E554C4C0D0A00004661746129
:10BEE0006C206572726F7200436F756C64206E6FA8
:10BEF00074206C6F636B20706F776572207361764E
:10BF000065206D7574657800647261676F6F6E2F60
:10BF10006C6962732F73636865642F7372632F7328
:10BF2000636865645F68616C5F7274632E630000B0
:10BF30000000022900000328000000280000042A55
:10BF40000000042A000003280000012A0000012A42
:10BF5000000003280000002A0000002A0000032837
:10BF6000000000180000002800002A2B00002A2BE7
:10BF7000000003280000292B0000292B00000328C3
:10BF8000000002290000052A0000052A00000328FD
:10BF900000000118000000285048592075706461A5
:10BFA0007465642C2054583A2025752052583A2044
:10BFB00025750A00436F6E6E656374696F6E20703D
:10BFC0006172616D65746572207570646174656419
:10BFD0000A436F6E6E656374696F6E20696E746577
:10BFE0007276616C3A20312E3235202A2025752058
:10BFF0006D732C206C6174656E63793A2025752C05
:10C000002074696D656F75743A203130202A2025BF
:10C0100075206D730A00506F776572696E67206FC7
:10C0200066660A004661696C656420746F20676506
:10C0300074206C6F63616C206F6F62206461746147
:10C040002028657272202564290A00416476657291
:10C05000746973696E67207465726D696E61746569
:10C06000642E0A005363686564756C696E6720739B
:10C07000797374656D206F66660A004E6F74696629
:10C0800069636174696F6E20656E61626C65640AD4
:10C09000004E6F74696669636174696F6E206469CC
:10C0A0007361626C65640A004E6F746966696361EE
:10C0B00074696F6E2073656E64696E6720656E6467
:10C0C00065642E20446973636F6E6E656374696E78
:10C0D000672E2E2E0A004661696C656420746F20FD
:10C0E000646973636F6E6E65637420426C7565740A
:10C0F0006F6F7468206C696E6B20286572722025E2
:10C1000064290A00436F6E6E65637461626C65201A
:10C110006164766572746973696E67206661696CC3
:10C12000656420746F207374617274202865727264
:10C13000202564290A00436F6E6E65637461626C2A
:10C1400065206164766572746973696E67207374C3
:10C1500061727465640A004E6F6E2D636F6E6E655A
:10C16000637461626C652061647665727469736979
:10C170006E67206661696C656420746F20737461FA
:10C1800072742028657272202564290A004E6F6E31
:10C190002D636F6E6E65637461626C652061647699
:10C1A0006572746973696E67207374617274656413
:10C1B0000A004E6F74696669636174696F6E20630B
:10C1C000616E6E6F742062652070617373656420A8
:10C1D000746F20426C7565746F6F7468207374613E
:10C1E000636B0A004661696C656420746F20736537
:10C1F0006E64205057522073657276696365206EB5
:10C200006F74696669636174696F6E202865727204
:10C21000202564290A00446973636F6E6E65637438
:10C2200065642C20726561736F6E20307825303222
:10C23000782025730A007075626C69630072616E04
:10C24000646F6D007075626C69632D696400726162
:10C250006E646F6D2D69640030782530327800256A
:10C260003032583A253032583A253032583A253053
:10C2700032583A253032583A253032582028257322
:10C2800029005365637572697479206368616E670C
:10C2900065643A202573206C6576656C2025750AE7
:10C2A000005365637572697479206661696C6564B1
:10C2B0003A202573206C6576656C202575206572A3
:10C2C000722025642025730A00436F6E6E656374C7
:10C2D000696F6E206661696C65642C2065727220DE
:10C2E0003078253032782025730A00436F6E6E65F2
:10C2F000637465642025730A0050616972696E6712
:10C300002063616E63656C6C65643A2025730A0076
:10C3100050616972696E67206661696C656420634B
:10C320006F6E6E3A2025732C20726561736F6E20DC
:10C3300025642025730A0050616972696E67206365
:10C340006F6D706C657465643A2025732C20626F84
:10C350006E6465643A2025640A004C455343204FBF
:10C360004F422064617461207265717565737465F4
:10C37000640A00556E737570706F72746564204F37
:10C380004F4220726571756573740A004661696C6D
:10C39000656420746F2067657420636F6E6E20691A
:10C3A0006E666F2028657272202564290A004E6F20
:10C3B000204F4F42206461746120617661696C6135
:10C3C000626C6520666F72206C6F63616C202573F0
:10C3D000004661696C656420746F20736574204F3A
:10C3E0004F42205343206C6F63616C206461746121
:10C3F0002028657272202564290A005374617274C2
:10C40000696E6720426C7565746F6F746820506F39
:10C410007765722050726F66696C696E6720736110
:10C420006D706C650A004661696C656420746F20EC
:10C43000696E697469616C697A6520627574746F7C
:10C440006E732028657272202564290A0057616B7B
:10C450006520757020627920746865206164766556
:10C4600072746973696E6720737461727420627587
:10C4700074746F6E730A004170706C6963617469E3
:10C480006F6E20736F6674207265736574206465C7
:10C490007465637465640A0052657365742066721E
:10C4A0006F6D2070696E2D72657365740A00537923
:10C4B0007374656D2072657365742066726F6D208C
:10C4C000646966666572656E7420726561736F6E0D
:10C4D000203078253038580A00506F7765722D6FFC
:10C4E0006E2072657365740A004661696C6564202C
:10C4F000746F20726567697374657220505752209B
:10C50000736572766963652063616C6C6261636BED
:10C510002028657272202564290A00426C756574B2
:10C520006F6F746820696E6974206661696C6564F8
:10C530002028657272202564290A004661696C65AD
:10C540006420746F206C6F61642073657474696E0D
:10C5500067732028657272202564290A0046616984
:10C560006C656420746F20726567697374657220EE
:10C57000617574686F72697A6174696F6E20696E33
:10C58000666F2063616C6C6261636B7320286572F7
:10C5900072202564290A004661696C656420746F05
:10C5A00020726567697374657220617574686F7253
:10C5B000697A6174696F6E2063616C6C6261636B30
:10C5C000732028657272202564290A004661696C0F
:10C5D000656420746F20696E697469616C697A653D
:10C5E000206164766572746973696E67202865726C
:10C5F00072202564290A004661696C656420746FA5
:10C600002067656E65726174652070616972696E1C
:10C6100067206B6579732028657272202564290A6A
:10C62000004E6F726469635F506F7765725F50721E
:10C630006F66696C696E67002A2A2A20426F6F74E0
:10C64000696E67206E524620436F6E6E656374207C
:10C6500053444B2076332E342E302D393935353333
:10C6600030353536303762202A2A2A0A002A2A2A0B
:10C67000205573696E67205A6570687972204F5330
:10C680002076342E342E302D626638303165346594
:10C6900033643139202A2A2A0A006D757465785F5F
:10C6A000696E69742063616C6C6564207769746875
:10C6B000204E554C4C20706172616D65746572003E
:10C6C000436F756C64206E6F7420616C6C6F636176
:10C6D0007465206D75746578206265666F7265207B
:10C6E000696E697469616C697A696E670072302F6E
:10C6F00061313A2020307825303878202072312F6F
:10C7000061323A2020307825303878202072322F5C
:10C7100061333A20203078253038780A0072332F80
:10C7200061343A2020307825303878207231322F29
:10C7300069703A2020307825303878207231342FD3
:10C740006C723A20203078253038780A00207870D2
:10C7500073723A20203078253038780A00466175A7
:10C760006C74696E6720696E737472756374696F37
:10C770006E206164647265737320287231352F7086
:10C7800063293A203078253038780A00556E686180
:10C790006E646C6564204952516E3A2025640A002B
:10C7A0002A2A2A2A2A204D5055204641554C5420E9
:10C7B0002A2A2A2A2A0A002020537461636B696E90
:10C7C00067206572726F722028636F6E746578746B
:10C7D0002061726561206D69676874206265206EF2
:10C7E0006F742076616C6964290A002020556E738D
:10C7F0007461636B696E67206572726F720A0020E4
:10C800002044617461204163636573732056696FCE
:10C810006C6174696F6E0A0020204D4D46415220B4
:10C82000416464726573733A20307825780A002079
:10C8300020496E737472756374696F6E204163630F
:10C840006573732056696F6C6174696F6E0A00209E
:10C8500020466C6F6174696E672D706F696E74200D
:10C860006C617A7920737461746520707265736588
:10C8700072766174696F6E206572726F720A002A37
:10C880002A2A2A2A205553414745204641554C54CF
:10C89000202A2A2A2A2A0A002020446976697369F4
:10C8A0006F6E206279207A65726F0A002020556EC3
:10C8B000616C69676E6564206D656D6F727920616A
:10C8C00063636573730A0020204E6F20636F70727C
:10C8D0006F636573736F7220696E737472756374BE
:10C8E000696F6E730A002020496C6C6567616C206B
:10C8F0006C6F6164206F66204558435F5245545504
:10C90000524E20696E746F2050430A002020496CFB
:10C910006C6567616C20757365206F66207468654F
:10C9200020455053520A002020417474656D707484
:10C9300020746F206578656375746520756E646515
:10C9400066696E656420696E737472756374696F6D
:10C950006E0A002A2A2A2A2A204255532046415587
:10C960004C54202A2A2A2A2A0A0020205374616360
:10C970006B696E67206572726F720A0020205072B8
:10C9800065636973652064617461206275732065F5
:10C9900072726F720A002020424641522041646444
:10C9A000726573733A20307825780A002020496D2B
:10C9B0007072656369736520646174612062757368
:10C9C000206572726F720A002020496E737472754E
:10C9D0006374696F6E20627573206572726F720A7C
:10C9E000005265736572766564204578636570747E
:10C9F000696F6E20280053707572696F75732069B6
:10CA00006E746572727570742028495251200053FB
:10CA10005053454C20696E20746872656164206DC6
:10CA20006F646520646F6573206E6F7420696E6437
:10CA30006963617465205053500A002A2A2A2A2A01
:10CA40002048415244204641554C54202A2A2A2A43
:10CA50002A0A002020427573206661756C74206F6D
:10CA60006E20766563746F72207461626C652072EB
:10CA70006561640A002020446562756720657665FB
:10CA80006E740A0020204661756C742065736361C2
:10CA90006C6174696F6E20287365652062656C6FC8
:10CAA00077290A00415243485F4558434550542076
:10CAB0007769746820726561736F6E2025780A0A41
:10CAC000002A2A2A2A2A204465627567206D6F6E23
:10CAD00069746F7220657863657074696F6E202A5F
:10CAE0002A2A2A2A0A002A2A2A2A2A2025732025C5
:10CAF0006429202A2A2A2A2A0A00464C4153485FE0
:10CB000030005352414D5F300065786974006274A3
:10CB10002F25732F25303278253032782530327822
:10CB200025303278253032782530327825752F251A
:10CB3000730062742F25732F2530327825303278B8
:10CB400025303278253032782530327825303278E9
:10CB500025750062742F2573006274004254204CC6
:10CB6000572057510062745F74785F70726F63650D
:10CB700073736F72004254205258205751006274F0
:10CB80002F6363630062742F686173680062742F9F
:10CB900063660062742F73630062742F6B65797330
:10CBA00000636C6F636B40343030303030303000B5
:10CBB00072616E646F6D40343030306430303000FC
:10CBC00063727970746F40353030326130303000CC
:10CBD0006D783235723634333566403000666C61BC
:10CBE00073682D636F6E74726F6C6C657240343055
:10CBF000303165303030006770696F40353030302B
:10CC000030333030006770696F403530303030304D
:10CC1000303000536F667444657669636520436FF6
:10CC20006E74726F6C6C6572204153534552543A66
:10CC30002025732C2025640A0062745F6863695F95
:10CC4000736463004D50534C204153534552543A42
:10CC50002025732C2025640A004D50534C20576F1B
:10CC6000726B0069646C65006D61696E0073797345
:10CC7000776F726B7100FFFFFFFF1F00418866AA8C
:10CC80001AFFFF443300C8DA3098F9F034A44B6E31
:10CC9000BAD30819CC0CEA51DA4700286E756C6CCF
:10CCA00029002A666C6F61742A000223D1BCEA5FF6
:10CCB000782415DEEF1212301600000223D1BCEAF0
:10CCC0005F782415DEEF1212301600000223D1BC6B
:10CCD000EA5F782315DEEF12123016000000FFFF26
:10CCE000FFFFFFFF00000000000000FFFFFFFFFF4D
:10CCF000FF000000000000000000000000100080A5
:10CD00000000805F9B34FB01040002000000020071
:10CD1000000000000000050000000000000000000E
:10CD200000000000000005000909090901020909C5
:10CD30000909090909090909090709090909090668
:10CD40000909090909090909090909090909090953
:10CD500005010204E69D350E480103CCDBFDF4AC71
:10CD60001191F4EFB9A5F9E9A7832C5E2CBE97F2D7
:10CD7000D203B0208BD28915D08E1C742430ED8F55
:10CD8000C24563765C15525ABF9A32636DEB2A65D1
:10CD9000499C80DC010101010102030005061F1FFF
:10CDA0002918120308020305080A000801030401F8
:10CDB0000504050906070101060608000001000137
:10CDC0000003010003020201000200000000000253
:10CDD000030100036C888391AAF5A53860370BDB4B
:10CDE0005A6083BE00070E091C1B1215383F3631EE
:10CDF00024232A2D00010203040506070010011157
:10CE0000021203130414051506160717080808086C
:10CE10000808080818181818181818182828282892
:10CE20002828282838383838383838384848484882
:10CE30004848484858585858585858580020303092
:10CE4000303030303030303030303030000110147D
:10CE50001400001C2030401C2000001C203040002A
:04CE6000400000008E
:10CE6400FFFFFFFFFF1F00001F0000000000000085
:10CE74007FFE0000E40700001D40000000000000E9
:10CE84000000000000000000FFFFFFFF1FFF1B0069
:10CE9400BAABBABA10101010A0354D00FF00000054
:10CEA400C4090000000000000080004000000000F1
:10CEB400000000000C0000000000000000FF7F00E4
:10CEC40000000000B701010000000000C9010100DA
:10CED40000000000A9380000000000001502010055
:10CEE40000000000110201000000000074B4000002
:10CEF400FF0000002CE8000001000000000000001A
:10CF040000000000213301000000000000010000C7
:10CF1400000000000000000000000000000000000D
:10CF240000000000000000000000000000000000FD
:10CF340000000000D93301000000000000010000DF
:10CF440000000000000000000000000000000000DD
:10CF540000000000000000000000000000000000CD
:10CF640000000000D73F02000000000000010000A4
:10CF740000000000000000000000000000000000AD
:10CF8400000000000000000000000000000000009D
:10CF9400000000000000000000000000000000008D
:10CFA400000000000000000000000000000000007D
:10CFB400000000000000000000000000000000006D
:10CFC400000000000000000000000000000000005D
:10CFD400000000000000000000000000000000004D
:10CFE400000000000000000000000000000000003D
:10CFF400000000000000000000000000000000002D
:10D00400000000000000000000000000C55D0100F9
:10D01400000000000000000000000000000000000C
:10D0240000000000000000000000000000000000FC
:10D0340000000000000000000000000000000000EC
:10D0440000000000000000000000000000000000DC
:10D0540000000000000000000000000000000000CC
:10D0640000000000000000000000000000000000BC
:10D0740000000000000000000000000000000000AC
:10D08400000000000000000000000000000000009C
:10D0940000000000ECAF0200DD350100A9350100FD
:10D0A4000000000000000000030000000000000079
:10D0B400DD3F02000000000000000000000000004E
:10D0C4000000000000000000AD3701000000000077
:10D0D40000000000BBCC020000001200F14202007C
:10D0E400C4B7020040BF0200000002004CBF0200AF
:10D0F4000000020058BF020000000200A006002049
:10D104003A0000008C0600203A000000500600207F
:10D114003A0000003C0600203A0000007806002097
:10D124003A000000B40600203A000000280600205F
:10D134003A000000DC0600203A0000000000000075
:10D14400E9520200000000000000000000600040FE
:10D1540000000000000000000000000000000000CB
:10D1640000000000000000000000000000000000BB
:10D1740000000000000000000000000000000000AB
:10D18400000000000000000000000000000000009B
:10D19400000000000000000000000000000000008B
:10D1A400000000000000000000000000000000007B
:10D1B400000000000000000000000000000000006B
:10D1C400000000000000000000000000000000005B
:10D1D400000000000000000000000000000000004B
:10D1E400DD54010000000000000000000000000009
:10D1F400F5600100000000000000000000000000D5
:10D20400AD58010000000000000000000000000014
:10D21400ED710100000000000000000000000000AB
:10D22400D9700100000000000000000000000000B0
:10D23400CD780100000000000000000000000000A4
:10D244009D75010000000000000000002987010016
:10D254008D910100AB71020000000000000000008D
:10D26400A58C01006F700200037102001986010091
:10D2740000000000000000007D8F0100000000009D
:10D2840000000000BD780200000000000000000063
:10D29400000000006CBF02000000020078BF020022
:10D2A40000000A0088BF0200000020000000000007
:10D2B40000000000000000000000000025750200CE
:10D2C400000000006404002064040020000000004A
:10D2D400000000000E000000780400207804002004
:10D2E40011AF010000000000880400208804002021
:10D2F40001000000010000009804002098040020B0
:10D304000000000001000000000000000000000018
:10D3140000000000B9D60100000000000000000079
:10D324000881002000000000000000000000000050
:10D33400000800000090D003FF00000000B001408E
:10D3440000000000000000000000000000000000D9
:10D3540090020000F4040020F404002053A1020011
:10D364004FA1020000000000691D020060050020BA
:10D37400580500205005002000000000480500204A
:10D38400C12202000D220200412202008922020071
:10D394003805002040050020903800203A00003A6B
:10D3A400943800203A00003A983800203A00003AB5
:10D3B4009C3800203A00003AA03800203A00003A95
:10D3C400A43800203A00003A35030000CB000000E6
:10D3D40051000000BC380020300500203405002036
:10D3E400880500201C0500201405002010050020DD
:10D3F4000C050020172F2F7777772E6E6F726469D4
:0DD404006373656D692E636F6D0406010191
:10D41100000000000000000000000000000000000B
:03D4210000000008
:10D42400C0050020C00500209080002000000000FE
:10D43400010000002400000000000000DC050020C2
:10D44400DC050020807000200000000001000000C6
:10D45400A000000000000000F8050020F8050020EE
:10D46400B480002000000000030000001C00000045
:04D4740000000000B4
:10D4780000000000207100203C02000000000000B5
:04D4880000000000A0
:10D48C0028060020280600200000000000000000F4
:10D49C000E0000003C0600203C06002000000000AE
:10D4AC00000000000E000000500600205006002076
:10D4BC0000000000000000000E00000064060020C8
:10D4CC006406002000000000000000000E000000B8
:10D4DC007806002078060020000000000000000004
:10D4EC000E0000008C0600208C06002000000000BE
:10D4FC00000000000E000000A0060020A006002086
:10D50C0000000000000000000E000000B406002027
:10D51C00B406002000000000000000000E00000017
:10D52C00C8060020C8060020000000000000000013
:10D53C000E000000DC060020DC06002000000000CD
:08D54C00000000000E000000C9
:10D55400F0060020F006002000000000FFFFFFFF9F
:10D564000000000000000000080700200807002059
:10D574000000000000000000180700201807002029
:10D5840003000300100000000000000038BA02008D
:10D59400BC7E002000000000000000003C070020CA
:10D5A4003C07002003000300100000006D8601000A
:10D5B400D4BA02001880002000000000000000001F
:10D5C4006007002060070020030003000000000043
:10D5D4000000000028B90200FC78002000000000D0
:10D5E40000000000840700208407002001000100DF
:10D5F40010000000E174010024BA0200B47D002090
:10D604000000000000000000A8070020A807002078
:10D6140003000300000000000000000010BA020034
:10D624006C7D00200000000000000000CC070020FA
:10D63400CC0700200C000C0004000000315701004E
:10D6440014B90200D476002000000000000000009D
:10D65400F0070020F0070020010001000000000096
:0CD66400000000003CB90200487A0020E1
:04D6700015E015E0CC
:0400000310004AD1CE
:00000001FF
