:10000000386B002059300100613A02004530010090
:100010004530010045300100453001004530010008
:10002000000000000000000000000000313101006D
:100030004530010000000000E532010045300100BC
:100040006D3301006D3301006D3301006D3301002C
:100050006D3301006D3301006D3301006D3301001C
:100060006D3301006D3301006D3301006D3301000C
:100070006D3301006D3301006D3301006D330100FC
:100080006D3301006D3301006D3301006D330100EC
:100090006D3301006D3301006D3301006D330100DC
:1000A0006D3301006D3301006D3301006D330100CC
:1000B0006D33010069B901006D3301006D3301003A
:1000C0006D3301006D3301006D3301006D330100AC
:1000D0006D3301006D3301006D3301006D3301009C
:1000E0006D3301006D3301006D3301006D3301008C
:1000F0006D3301006D3301006D3301006D3301007C
:100100006D3301006D3301006D3301006D3301006B
:100110006D3301006D3301006D3301006D3301005B
:100120006D3301006D3301006D3301006D3301004B
:100130006D3301006D3301006D3301006D3301003B
:100140006D3301006D3301006D3301006D3301002B
:100150006D3301006D3301006D3301006D3301001B
:100160006D3301006D3301006D3301006D3301000B
:100170006D3301006D3301006D3301006D330100FB
:100180006D3301006D3301006D3301006D330100EB
:100190006D3301006D3301006D3301006D330100DB
:1001A0006D3301006D3301006D3301006D330100CB
:1001B0006D3301006D3301006D3301006D330100BB
:1001C0006D3301006D3301006D3301006D330100AB
:1001D0006D3301006D3301006D3301006D3301009B
:1001E0006D3301006D3301006D3301006D3301008B
:1001F0006D3301006D3301006D3301006D3301007B
:100200006D3301006D3301006D3301006D3301006A
:100210006D3301006D3301006D3301006D3301005A
:100220006D3301006D3301006D3301006D3301004A
:100230006D3301006D3301006D3301006D3301003A
:100240006D3301006D3301006D3301006D3301002A
:100250006D3301003B7D02006D3301006D33010001
:100260006D3301006D330100257D02006D33010007
:100270006D3301006D3301006D3301006D330100FA
:100280006D3301006D3301006D3301006D330100EA
:100290006D3301006D3301006D3301006D330100DA
:1002A0006D3301006D3301006D3301006D330100CA
:1002B0006D3301006D3301006D3301006D330100BA
:1002C0006D3301006D3301006D3301006D330100AA
:1002D0006D3301006D3301006D3301006D3301009A
:1002E0006D3301006D3301006D3301006D3301008A
:1002F0006D3301006D3301006D3301006D3301007A
:100300006D3301006D3301006D3301006D33010069
:100310006D3301006D3301006D3301006D33010059
:100320006D3301006D3301006D3301006D33010049
:100330006D3301006D3301006D3301006D33010039
:100340006D3301006D3301006D3301006D33010029
:100350006D3301006D3301006D3301006D33010019
:100360006D3301006D3301006D3301006D33010009
:100370006D3301006D3301006D3301006D330100F9
:100380006D3301006D3301006D3301006D330100E9
:100390006D3301006D330100717D02006D3301008A
:1003A0006D3301006D3301006D3301006D330100C9
:1003B0006D3301006D3301006D3301006D330100B9
:1003C0006D3301006D3301006D3301006D330100A9
:1003D0006D330100517D02006D3301006D3301006A
:1003E0006D3301006D3301006D3301006D33010089
:1003F0006D3301006D3301006D3301006D33010079
:100400006D3301006D3301006D3301006D33010068
:100410006D3301006D3301006D3301006D33010058
:100420006D3301006D3301006D3301006D33010048
:100430006D3301006D3301006D3301006D33010038
:100440006D3301006D3301006D3301006D33010028
:100450006D3301006D3301006D3301006D33010018
:100460006D3301006D3301006D3301006D33010008
:0C0470006D3301006D3301006D3301009D
:10048000064A074B02604FF44472DB7882800822F0
:10049000C371002382710372704700BFFF06010021
:1004A000A80B0020064A074B02604FF4B072DB7ABB
:1004B00082800822C371FF2382710372704700BFDC
:1004C00039000100A80B00202DE9F341C41D0028CC
:1004D000064624F007040CBF0020204600F06AFC0A
:1004E000071E04DA6FF00B0002B0BDE8F081374D53
:1004F000E988A88803316B7A03302A7A89B280B2FE
:100500000CF090FD0028EDDB3C44A978EB78002E40
:1005100004F10304194424F0030400FB01F10CBFAF
:100520000020204600F0CCFD20440EB90028D9DB85
:10053000EA7A0446B2B1EB7B697C13441944FF2983
:10054000D0D80330002EAA89C9B220F003040CBF12
:100550000020204600F026FE0028C3DB04440EB92C
:10056000002CBFDB012000F01BFCB0B1A97BA1B1C6
:1005700095F82A3033B340234FF481720734002EAC
:1005800024F007040CBF0020204601F067FE00287D
:10059000A8DB04440EB9002CA4DBAB7AFBB1EB7AE8
:1005A000B3B10734002EA97A24F007040CBF002051
:1005B000204604F0E5F9002894DB04447EB9002CC1
:1005C0000DDA8FE725232822D8E700BFA80B0020EB
:1005D000012000F0E5FB10B1AB7B002BE1D1734BA8
:1005E0001B6893B1A97D81B10334002EEA7D24F00C
:1005F00003040CBF0020204698470028FFF672AF86
:10060000044416B9002CFFF66DAF694B1B688BB123
:10061000297C79B10334002E24F003040CBF0020A0
:10062000204698470028FFF65DAF044416B9002C19
:10063000FFF658AF5F4B1F68B7B1697CA1B10334B7
:10064000002E2B7D24F0030408BF0020009318BF68
:100650002046EB7CAA7CB8470028FFF643AF044451
:1006600016B9002CFFF63EAF072000F099FB98B1B9
:10067000A97D89B10334002E2A7E24F003040CBF27
:100680000020204600F07CFE0028FFF62BAF04443B
:1006900016B9002CFFF626AFB6FA86F795F82300B8
:1006A0007F09A0B103346B7FA97E24F007041944AD
:1006B0003B4644F00404C9B2224600F0A1FE0028E3
:1006C000FFF610AF044416B9002CFFF60BAF95F8F7
:1006D000241000294CD004F10708002EEA8C28F0E1
:1006E00007080CBF002040460CF0B0FC041EFFF6CB
:1006F000F9AE4444002E3ED1002CFFF6F3AEA97FA4
:10070000002945D095F82230002B41D02A8C07349F
:10071000002E02F1240224F007080CBF00204046FE
:1007200092B20CF093FC0028FFF6DCAE404416B900
:100730000028FFF6D7AE03302B7FA97E20F00700FC
:1007400019443B4640F0040495F82200C9B2224601
:1007500000F048FE0028FFF6C5AE044486B9002C20
:10076000FFF6C0AEEB6AF3B1C6B1EC620020BBE6A7
:10077000002EC4D08846E98C404609F0D7FCBEE77D
:100780002A8C4046A97F083292B209F0D5FCE9E7ED
:10079000002EE7D0002211461046F6E728343FF538
:1007A000A1AE2046A0E6002EE0D1FAE70419002011
:1007B000081900200C1900201FB572B6194B1C6BCC
:1007C000ECB9BFF34F8F1849184BCA6802F4E062C6
:1007D0001343CB60BFF34F8F00BFFDE7B2FBF6F2D0
:1007E0002B465D1C002AF9D1DBB203F110056D44E4
:1007F00005F80C2C0A2233B901A8A047E1E702460C
:1008000000230A26EDE7013BDBB203F110050DEBF7
:100810000506B0FBF2F502FB1500303006F80C0CB3
:100820002846E8E7A80B002000ED00E00400FA05E8
:1008300013B5124C68462389ADF80030E388ADF853
:100840000430A388ADF8023002F02EFA18B1FA2174
:100850009C20FFF7B1FF207D02F056FA08B1FD2180
:10086000F6E7E07C02F04AFA08B1FE21F0E794F8DE
:10087000290008F09DF802B010BD00BFA80B0020B1
:1008800070B50546002855D00BF06CFD18B94FF037
:10089000FF34204670BD0AF04DF9B0F5FA7FF6D866
:1008A000264C012625630025284684F834502570FF
:1008B00084F82A50E56209F0DBFB1A22294604F18C
:1008C0000F0010F008FD1B2308210322A3802846F7
:1008D000E3800223A1721F216372E375F723227262
:1008E0002384FB23A2734922E3840A23A18129469E
:1008F000E27484F82930A670E670E672A674267653
:1009000001F032FD2A463146304601F0FFFC044634
:1009100020B140F2B5319C20FFF74EFF014601F0B7
:1009200011FDEFF3108572B600F090FD002DB0D1EF
:1009300062B6AEE76FF01504ABE700BFA80B00206E
:1009400038B51446002840F0EE80784D95F83430E4
:10095000032B00F0E58019B312B96FF0150038BD14
:100960000139172900F2DF80DFE811F018002900B3
:100970002C0042006C0075009400480078007B0059
:100980008E004E005400620067009A009D00AC008B
:10099000AF00B200A300B500B900D2001378AB706D
:1009A0000020FFF791FD0028B7BF012302236FF05D
:1009B0000B0085F83430A8BF85F83430CFE71378C2
:1009C000EB70EDE71379002BC7D05379002BC4D01F
:1009D0001288FB2AC1D863881B3B9BB2E02BBCD892
:1009E0001A2ABAD92368A2886B60514B9A80D7E73C
:1009F0001378EA7B9342B0D3EB72D1E71378EA7AAB
:100A00009342AAD8EB73CBE71378EA7A9342A4D83F
:100A10006B74C5E71378002B9FD05378013BDBB292
:100A2000F82B9AD8138892786B82424B9A70B7E76A
:100A30001078687507F07AFFB2E71378002B8CD036
:100A40002B76ADE7012000F0ABF9237808B1012B3C
:100A500083D9AB73A4E71388AB81A1E71378AB7597
:100A60009EE7072000F09CF918B92378012B7FF648
:100A700074AF072000F094F918B12378002B3FF4ED
:100A80006CAF2378EB758BE71378082B3FF665AFD7
:100A90002B7485E71388FF2B3FF65FAFAB727FE7C0
:100AA00013786B767CE713780E2B3FF656AFAB7658
:100AB00076E72368204AC5F81E30636853602389AF
:100AC00013816DE71378EB766AE713786B7767E746
:100AD00013782B7764E7137885F8283060E701F006
:100AE0000FFC98B1007900F001026178207801F0E4
:100AF0000DFC00287FF433AF6378012B7FF650AFF5
:100B000009F0BCFA00287FF44BAF26E70246ECE779
:100B100013785A1E092A3FF620AF85F829303FE79F
:100B20004FF0FF301BE76FF02C0018E7A80B0020F8
:100B3000AC0B0020BA0B0020C60B0020F8B50D4608
:100B4000064630B329B311F0070422D1124F97F8AB
:100B50003430012B02D16FF00B00F8BD032B02D112
:100B60004FF0FF30F9E700F0A7FC0028F8D0284646
:100B7000FFF7AAFC0028EEDB0FF0A7FE3046F96A6B
:100B800002F02AF9FFF754FE0323204687F8343099
:100B9000E3E76FF01500E0E7A80B002010B5074C65
:100BA00094F83430032B03D102F02EF902F0DCFF6D
:100BB0000CF079FB002084F8340010BDA80B002055
:100BC00008B502F0CDF803490320BDE8084000F065
:100BD000DFB800BFA504000008B502F0DBF8034948
:100BE0000220BDE8084000F0D3B800BF8104000037
:100BF000074B4FF0FF3141F6FF72C3E90012054980
:100C00000022C1E900221F21C3E90212704700BF80
:100C100060000020E00B00203F280CD801380B4B6F
:100C2000C0F3421200F01F0053F8223023FA00F004
:100C300000F001007047FF2806D04038044BC0F395
:100C4000421200F01F00EFE7012070476000002013
:100C5000E00B0020074B0146006849681A4603C2B2
:100C600040F48C2200201A6041F0107242F4FF62BE
:100C70005A607047600000200246034B00685168CC
:100C800003C30020704700BFE00B00200246034B67
:100C90000068516803C30020704700BF680000204F
:100CA0000138064BC0F3421200F01F0003EB820331
:100CB0009B6823FA00F000F00100704760000020FC
:100CC0000A8870B595B2C67CC2F30E02048802365B
:100CD00002F118033444C35AA4B233442344013B01
:100CE000B3FBF4F303FB0422438892B29342044B18
:100CF0008BBF2B40AB4313439BB20B8070BD00BF37
:100D00000080FFFF4A1E062A08B50346084604D89D
:100D10004FF4D1711520FFF74FFD094A914202D9D6
:100D200040F2A311F6E711B903B1196008BD2BB168
:100D30001B680022C3E901211A1D1A600430F5E77F
:100D4000FAFFFF7F10B5114B00EB41041A7863895D
:100D5000B3FBF2F303FB0223013A1A44B2F5706FBE
:100D60000279807828BF00231A440B18B2FBF0F1F7
:100D700000FB11215B1AB3FBF0F100FB11331344AC
:100D80006FEA43436FEA5343638110BDE80B0020D1
:100D9000024B03EB80035960704700BFE80B002053
:100DA000034B03EB80035868003818BF01207047DD
:100DB000E80B00202DE9F04F10F0070A85B005463A
:100DC00004D040F26F111720FFF7F6FC534F044692
:100DD0004FF0010B07F15406B146B04657F8043BFB
:100DE0008DF80BA03BB101A898479DF80A30082B5D
:100DF00001D9F521E7E79DF80B1041BB05B1316042
:100E00004F4506F10406E9D1002D6FD00022DFF82E
:100E100010911427964689F8002058F827A0013F22
:100E2000BAF1000F55D09AF804609AF802C0FF2E6C
:100E300060D039460023481C38D19C44BCF1FF0FD8
:100E40003FD90AB189F800E04FF49A71BBE79DF8E9
:100E50000AC04B1D60465A0004EB4303022838BF0A
:100E60000220441E40422344BDF808406444CCF1B3
:100E7000000C0340013C04EA0C04B4F5803F02D3AB
:100E800040F205119FE775B19A1A32609170148093
:100E900082F803B09DF80C00107101984FEA104CD5
:100EA0001081A2F806C004FB0134A9E758F821001C
:100EB00028B190F804B0B34504BF80781B180139FD
:100EC000B9E7DBB2E6458AF804303CBF5FFA8CFE36
:100ED00001227B1CA1D10AB189F800E0142640F65A
:100EE000FF6A58F82670B7B9013EFAD2601B05B008
:100EF000BDE8F08F0023E5E707EB410309F10109A5
:100F00003846A3F80AA0FFF71DFF5FFA89F1BB7806
:100F10008B42F1D8E8E74FF00009F6E7EC0B002030
:100F2000E80B002038B54FF6FF7302460380184BDC
:100F300003EB8103986DA8B184780379B3FBF4F1D6
:100F400004FB1133DBB2194600EB4105B5F90A5039
:100F5000002D0EDB0131B1FBF4F504FB1511C9B214
:100F60008B42F1D1002038BD6381BDE838400CF0E0
:100F700035B800EB41046389C3F30E031380C278D4
:100F8000002AF1D14FF4E5711720FFF715FC00BFDF
:100F9000E80B00201C4B03EB810370B59C6D0546EC
:100FA00044B3030404D54FF4EC711720FFF704FC9D
:100FB000014620460BF0F5FFFF28014604D02046ED
:100FC000BDE870400CF00AB8A078B5FBF0F300FB68
:100FD0001353DBB219460A1D04EB4206B6F9026050
:100FE000002E09DB0131B1FBF0F200FB1211C9B296
:100FF0008B42F0D1002070BD8B4201D00023E37002
:1010000004EB42025580DAE7E80B0020094B03EBC2
:101010008103014610B59C6D20460BF0C2FFFF28EE
:10102000014604D02046BDE810400BF0D7BF002099
:1010300010BD00BFE80B0020F8B5104B074603EBCE
:10104000810301469C6D20460BF0ABFFFF2805464F
:1010500011D0E288238953EA024606D00146204691
:101060000BF0BCFF01463846B04720462946FFF743
:1010700069FE0020F8BD0520FCE700BFE80B00205A
:1010800038B50E4B0446827903EB8203986D08B99C
:10109000052038BD8278E1799142F9D24B1CE37189
:1010A00000EB41035D89B3F90A30002BF3DBA58027
:1010B0000BF094FF20600020EBE700BFE80B00205E
:1010C00070B5044610F003000E4603D04E211820E0
:1010D000FFF772FBFFF716FE054624B103483146C1
:1010E0000460FFF70FFE284670BD00BF940C00207F
:1010F0002DE9F14FDFF870B01E4607460D46DBF8CC
:10110000003090469DF828A09DF82C901BB96021D6
:101110001820FFF751FB5246092140460BF0C5FD50
:101120004A4684B2092130460BF0BFFD81B2DBF89C
:10113000000021440BF009FF386018B9286001B0A5
:10114000BDE8F08F04445346414609222C603868BC
:101150000BF06EFD4B4609223146286801B0BDE810
:10116000F04F0BF065BD00BF940C002070B50E462B
:1011700004460BF0ADFD054630460BF0A9FD044BCF
:101180002A1821461868BDE870400BF003BF00BF65
:10119000940C0020024B186808B10BF0CABE7047CF
:1011A000940C00201F2AF8B5044613460ED892006E
:1011B000033222F00303B3F5803F2DD2184DACB1BA
:1011C000A00710D068210920FFF7F6FAFF2B4FEA9D
:1011D000420204D9FF339A42A8BF1A46E8E77C2AA4
:1011E000B8BF7C22E4E729706C602B8122F00302F7
:1011F00028230127120403FB01F06B680025120C61
:10120000EEB2B14200D8F8BD14B126181F705E606E
:10121000104401352833F3E74FF0FF30F3E700BF08
:10122000980C0020154A002170B553681578C8B293
:10123000854203D8BA210920FFF7BEFA1C4618469A
:10124000013114F8286B0EB92346F0E7002199709C
:1012500001241289996103F126055C709208D96115
:1012600003F11E04596824F8022FA54243F8041F15
:101270001144F8D100234361037070BD980C002025
:101280000A4B1B89B3F5FF7F4FEA930006D25A0839
:101290009B1A9BB2984238BF18467047B3F5EE6F61
:1012A00001D8FF22F4E740F27263F3E7980C0020C4
:1012B0004B782DE9F04106460C4602F0040702F097
:1012C000FB05E3B1A5BBFF23A3707B0804EB570725
:1012D0003A7D032A02D1022D18BF0133E218012101
:1012E000117503F10C01002204EB830324F8112093
:1012F0005B68A27030463360B280BDE8F081002D9B
:10130000E1D1012301F11E028D6120464B7004F1F1
:10131000260C1A4BCD611B8949689B0822F8023FB5
:10132000944540F8041F1944F8D100236361CAE7CB
:10133000D1F8048014220021A01861700FF0CBFFB7
:101340000E4B1B89B3F5FF7F0FD25A089B1A9BB235
:1013500008EB0301C4F804802384A1606284C4F80C
:101360000C80A3842161E284ADE7B3F5EE6F4FF00A
:10137000FF02EBD940F27263EAE700BF980C00204D
:101380002DE9F84305460C46F720052191460BF060
:101390008CFC061E21DB1DB906FB04F0BDE8F883BA
:1013A00015F0030703D098211920FFF705FADFF89D
:1013B0003080C8F81050A8F81460BBB29C42EBD93A
:1013C000B8F814504B46D8F810000522F72107FB57
:1013D000050001370BF02CFCEFE74FF0FF30DDE7A5
:1013E000AC0C002007B5CDE900230B4603490246AB
:1013F000081D0BF032FF03B05DF804FBC40C0020A5
:1014000013B5064CCDE900230B46024604F1080152
:1014100004F10C000BF021FF02B010BDC40C002041
:1014200008B54B1E032B03D923219020FFF7C4F9E5
:101430000028054A0CBF05230C2303EB8103053369
:1014400023F00103137008BDD40C0020114B0122BE
:101450004FF0FF3000215A60C3F80803C3F80015AD
:10146000C3F804255A6040F6FE72C3F80803402012
:10147000C3F8001503F570330749C3F80825C1F810
:101480008800BFF34F8FBFF36F8FC1F88801C3F897
:10149000082570470060045000E100E00268002069
:1014A000014B1A60704700BFD80C0020014B1B682D
:1014B000184700BFD80C0020024B1868003818BF2E
:1014C00001207047D80C00200A4606489C2302F8E9
:1014D000033BC368C1F803300369536043699360F9
:1014E000704700BFDC0C0020024B5A8C02435A8428
:1014F0005B6A1847DC0C0020014B00215B6A18472F
:10150000DC0C002010B5154C08F048FA08F072FD0C
:10151000208DFFF7F1FF237E63B12246104904F1CD
:10152000190052F80C3BE36063685360A368936052
:101530000DF01BFD218DE06A03F05EFAE36AB3F85B
:10154000AA0003F0D3F9636B94F8301094F83100DB
:101550009847002384F8383010BD00BFDC0C002011
:10156000C9140000034B93F838300BB1FFF7CABF22
:10157000704700BFDC0C00202DE9F041DFF88080CF
:1015800005460E4608F12C000BF0CBFE044618B1C0
:1015900001242046BDE8F081D8F82C3093F8A870DB
:1015A0004FB1012D07D1B8F822301A0703D598F8AA
:1015B0003930002BECD1012EEAD8D8F83C3028463F
:1015C00098470028E4D098F83030002BE0D167B974
:1015D000012DDED1B8F82230002BD9D198F8403057
:1015E000002BD6D198F8414007E0002DD1D1B8F8B2
:1015F00022309B07EED598F8394084F00104C8E703
:10160000DC0C002070B5204C0646636DE56A63640F
:101610004FF4817394F85800A4F848302B7D95F866
:10162000211100EB83002EB9FF2803D195F820315A
:101630008B4201D007F05CFE2B7DFBB1E06D08F022
:10164000EBF8E16D606C08F05BFC66B995F8213150
:10165000033B012BB5F8E4308CBF00202820184450
:1016600080B208F027F9B5F8E00007F001FE00208D
:1016700008F05EF9022384F8383070BD606C08F021
:10168000CBF808F0B7FCE0E7DC0C002008B5094B0C
:1016900093F83820022A04D040F257312720FFF770
:1016A0008BF8DA7A42F00102DA72BDE80840FFF7FF
:1016B00029BF00BFDC0C002010B590F86A1086B07E
:1016C000D1B9C2880B4605910021CDE903110C491F
:1016D00091F85840029400F190040194C96A91F87D
:1016E000A810003918BF0121009100F180010220EB
:1016F00008F016FB06B010BDD0E91E23E3E700BFDB
:10170000DC0C00202DE9F041274C06460F4694F8EA
:101710003830012B5FFA83F804D040F60C112720F3
:10172000FFF74AF8E56A2B7953B1002104202971AB
:10173000FFF7DAFEE36A93F8A8300BB185F805806D
:1017400094F860308BB92B7A052B0ED11749022003
:10175000FFF7CAFEE36A93F8A83033B1E36E1B7853
:101760009A1E5342534184F839301EB1BDE8F0410E
:10177000FFF7C8BE002FF9D031463046FFF7FCFE18
:101780000028F3D12B7DE46A13B12846FFF794FFBC
:1017900094F821210120B4F8E2100FF0C5F80020E0
:1017A000BDE8F041FFF72EBFDC0C0020480D002003
:1017B0007FB590F86A10D1B9C2880B460591002117
:1017C000CDE90311FB21029100F19001019109493A
:1017D000C96A91F8A810B1FA81F14909009100F1A4
:1017E0008001042008F09CFA07B05DF804FBD0E902
:1017F0001C23E3E7DC0C00201E4A10B5546E417830
:101800002378C90003F0F30301F008010B4381784A
:10181000890001F004010B43C178090103F0EC03D6
:1018200001F010010B43017801F003010B43237019
:10183000B2F8703063700223516EA2F868300479F8
:101840000B786001012C23F0200300F0200043EA14
:1018500000030B700CD1D36A93F8BA2093F8BB3015
:10186000032A03F01F0308BF002243EA82138B7090
:1018700010BD00BFDC0C0020F7B5184C0646656FA4
:101880000DB1E36C23B940F6C4012720FEF794FFA5
:10189000B4F8503001F003012F466B702B7823F021
:1018A00003030B4307F8033B3846B4F85020E16CC0
:1018B0000AF0C2FE0DF1020201A9A06F6564E7649F
:1018C0000BF02DFB01980BF018FB0122B4F850101F
:1018D0003060A06F0BF0BCFA03B0F0BDDC0C002050
:1018E0002DE9F04FAC4C87B0D4F82C8098F820113B
:1018F00058B998F8142094F8583003EB8203FF2B62
:1019000003D198F821318B4202D0FF2007F0F0FC80
:10191000002304AA02A9A14804938DF8143084F886
:10192000603001AB0BF0F2FC0746002845D0029A6C
:10193000BDF8043022B940F213412720FEF73CFFE6
:101940006266A4F8703003B1D31CE366012384F807
:1019500060309DF8133004A8003B18BF012384F8C1
:10196000403098F81330002B00F01C81B4F8703030
:10197000002B00F01781FFF73FFFE06D07F04CFFF1
:101980009DF81420E16D003A606E18BF012208F046
:10199000CDF818B9616EE06D08F03CFAB8F8E200D5
:1019A00007F066FC012007F0C3FF012384F88830AC
:1019B00084F8383007B0BDE8F08FE66A8DF8030090
:1019C000337AADF80600062B00F2CA80DFE803F098
:1019D00004CBA1A1C8B8B80094F87F300DF106017E
:1019E00003A8A6F81031ADF8063001F033FC38B189
:1019F000039D2DB1012384F88030052333729CE0D0
:101A0000E36A93F85130002B6BD10DF103020DF115
:101A10000601D4F884000BF082F90546002860D056
:101A20009DF80370FFB10146D4F884000BF061FA11
:101A30000BF063FAD0F800B0D0F804A081465BEA5E
:101A40000A0348D1002389F8003089F8013089F869
:101A5000023089F8033089F8043089F8053089F8B4
:101A6000063089F80730BDF80630002B40D101233D
:101A700033720123002784F88030BDF80630656694
:101A8000A4F8703003B1EB1CE366727A357A8DF8F6
:101A90001120022DB27A8DF8122004D0053D012DBF
:101AA0008CBF012503258DF81050002F5ED000203B
:101AB0009DF810308DF81300032B6BD1E36E1B786B
:101AC0001B2B67D1012106F1BA0007F059FC012355
:101AD0008DF814303DE70FF06DF883457AEB010186
:101AE000B0D2002301222E4DADF806303272C6E787
:101AF0009DF803301BB92B80AB700323B8E72B781C
:101B000003F00303012BF8D0022333720023B375D3
:101B1000AFE7B6F810310DF103020DF10601D4F86C
:101B20008400ADF806300BF0FAF8054610B940F223
:101B3000C35102E7012384F88030BDF806309EE7E8
:101B40000DF1060103A801F085FB08B1039D15B94D
:101B500040F2D251F1E6012384F8803006234DE7AC
:101B600040F2DC51E9E60E4D002388E7032D02D157
:101B70001B78022B9BD0D4F884000BF028F938B9DD
:101B8000032D94D001F082FB80F00100C0B28FE7FA
:101B900001208DE700239BE7DC0C0020080D0020CE
:101BA000580D0020FFF728FE606E07F035FE08F0A4
:101BB00021FA9DF81410606E003918BF01210EF053
:101BC000C0FEEBE62DE9F04FB04C87B00027804611
:101BD00094F83830E56A022B019105F1A80ACDE9A5
:101BE000027704D040F6AD112720FEF7E5FD616CC9
:101BF00003200B784A780144A4F84800E16403EA22
:101C00000001A4F850208DF81010C3F3C0018DF826
:101C10001110C3F380018DF81210C3F30011C3F348
:101C200040138DF813108DF81430B8F1000F00F048
:101C30000C8104A904F12C000BF06AFB064630B9B4
:101C4000B4F8501009B3A06F0BF0E2F80746238DEB
:101C50009DF8121043F40073676723856B7A013394
:101C6000DAB203F0010399424AD12B7A33B3032B42
:101C70006A720CD8012B21D002A9D4F884000BF091
:101C800070F8A0B940F2D471AEE70746DFE7053B34
:101C9000012B02D940F2B371A6E701F0E9FA10B9BD
:101CA00040F2DE71A0E700210820FFF71DFCD5E916
:101CB0001C32013342F10002C5E91C320021E36A03
:101CC000297293F8A8302BB16B791BB11020697180
:101CD000FFF70AFC238D4FF0000B43F400632385CC
:101CE0002B7DDBB1B4F85030C3B108F0A1F9032863
:101CF000FBD0022806D1FFF705FC07B0BDE8F08F46
:101D0000C346EDE750B9AB7A9DF8112003F001030B
:101D10009A4203D1012384F83130ECE7B4F85070D3
:101D2000E6B19DF81330591E4B424B4184F84130C7
:101D3000002F40F0B7800027B946019B002B00F030
:101D4000B88007F02BFEB9F1000F00F01E819DF85E
:101D5000101003A8FFF790FD0127C9E0AB7A9DF8AA
:101D6000112003F001039A4223D19DF810307FB374
:101D70005A1E012A2CD8238D95F8149043F48053D1
:101D8000238507F08BFA032894F8893007D1B9F13D
:101D9000000F0CBF1F221B22934228BF1346B4F82A
:101DA00050209A4208D994F8303043F0100384F858
:101DB00030304FF000091EE0636F002BF9D094F82B
:101DC0008A301BB12020FFF797FBF2E79DF8103017
:101DD000AA7A032B02F10102AA722CD05A1E012A00
:101DE0001DD8002FE5D0C146D5E91E32013342F19E
:101DF0000002C5E91E32626F9DF81310002A56D109
:101E0000B4F85020B2FA82F25209012914BF00221C
:101E100002F001023746002684F841208DE7002FAA
:101E2000C7D0002BC5D1D5E91E32013342F10002E3
:101E3000C5E91E32BDE7238D0120154943F48053C7
:101E400028712385FFF750FBEDE72B7D0BB108F0E0
:101E500009F994F88B30013384F88B30238D43F4E7
:101E60008063238595F82131033B012B12D807F0BD
:101E700015FA032812D1B4F850604FF000091B2E58
:101E8000CB4694BF00260126B5E700BFDC0C00203E
:101E9000280D002001F0BAFF0028E8D10026B14645
:101EA000B346A8E7238D43F48053238543E70122FB
:101EB000ABE794F88B100120FFF75EFB00287FF45E
:101EC00040AFEA7C12B12846FFF772FC002095F87B
:101ED0002021B5F8E0100EF027FD0020FFF700FDEF
:101EE000B9F1000F5AD09DF8101003A8FFF7C4FCF9
:101EF000238D5A0606D44020FFF7FEFA238D43F0C7
:101F000040032385BBF1000F10D0EB884BB9E36A87
:101F100093F8A8302BB1B4F80530B4F80720134378
:101F200004D0B4F809300133A4F80930B8F1000F37
:101F30003CD0B4F805300133A4F80530002384F810
:101F40008B301D4802F0C0FC029830B10AF0D5FF7A
:101F500000220272514601F021FF039B33B100229F
:101F60001A720C225146039801F0E6FE002F7FF40E
:101F7000C2AE238D1B063FF5C0AE8020FFF7BCFA32
:101F8000238D43F080032385B7E6002E3FF4E4AEB3
:101F90000A49A1F120000BF0BDF9DDE6002EA7D023
:101FA0000649A1F120000BF0B5F9A1E7B4F807301C
:101FB0000133A4F80730C4E7080D0020280D0020E5
:101FC000064B10B593F8382002F0FF0422B91C76B6
:101FD00002F00AFD204610BD0C24FBE7DC0C0020BB
:101FE000094B0A4A10B51A60FFF7EAFF20B14FF417
:101FF000B1712720FEF7E0FB054C00F021FF606582
:1020000000F022FFE06510BD101900204C220000F6
:10201000DC0C0020F8B5794C054694F8386006F0E1
:10202000FF0016B909B102B123B94FF4207127207E
:10203000FEF7C2FB63639DF81830616284F88A3052
:10204000E26384F8300084F88B0084F8310084F86F
:1020500088006084208584F8400084F8410084F87A
:10206000800084F839006066E066A4F8700060645F
:10207000E064A4F85000E56207F0A4F907F0BAFFA5
:1020800095F9280107F002FAD5F8D460D5F8CC000C
:1020900007F002FA304607F0A3FB95F8250007F099
:1020A00005FAB5F8E030622B03D9B5F8E230622BBF
:1020B00001D807F0E3F8E36A93F8A860002E40F037
:1020C00085800DF05EFC95F820214D4B4FF47A7120
:1020D00053F8223003F5FA73B3FBF1F352331918B6
:1020E000304607F0F1F9474B186807F07FFBD5F849
:1020F000C030C4F88430D5F8C430A367AB7B243B30
:10210000072B6BD9EB7B243B072B67D9B5F8F23053
:10211000B5F8F80095F82011984228BF1846042910
:1021200008BF03210CF0EFFA034695F8F40098423B
:1021300028BF184695F8F03080B2984200D3C3B259
:1021400095F8211105F1E80084F87F300CF08BFF41
:1021500095F821112F7D0329B5F8FC6008BF0421F3
:102160000CF0D1FA0FB9043080B2864228BF06467F
:10217000F6B284F8896001F049FE28B101F04CFE06
:10218000864238BF0646F6B284F858600BF0C5F8B0
:10219000E36A93F8A8301BBBEB7C13B12846FFF72A
:1021A00007FB0120FFF79CFB002323606360A36013
:1021B000EB886380B5F8AA30238095F82530237129
:1021C000D5F824310BB101221A60F8BD0DF0D9FB0E
:1021D00095F8212100F17101012082E71B23AFE76F
:1021E0002B7D13B12846FFF767FA0120FFF70AFAA3
:1021F000E36AD3F8F00107F02BFBD5E7DC0C0020F5
:10220000C8B8020010190020014B93F888007047ED
:10221000DC0C0020054A138D92F8800003F48051F5
:1022200010B113F4C06F00D1080B7047DC0C002014
:10223000024B93F82900C0F3C0007047DC0C00206B
:10224000014B93F88B007047DC0C00208D160000CA
:10225000C51B00000517000065150000343270B57D
:10226000054692B20C461E460AF0F0FE25B1034A1E
:10227000556014745674147070BD00BF800D00203A
:102280000138C0B2032808B504D94FF43F710620C5
:10229000FEF792FA014B185C08BD00BFFCB50200C6
:1022A0000138C0B2032808B504D94FF43F710620A5
:1022B000FEF782FA014B185C08BD00BF19B6020098
:1022C0000138C0B2032808B504D94FF43F71062085
:1022D000FEF772FA014B185C08BD00BF7CB6020025
:1022E0000138C0B2032808B504D94FF43F71062065
:1022F000FEF762FA014B185C08BD00BF75B702001B
:10230000014B1868704700BF4C0E002008B503460B
:1023100010465A1E032A10D84A1E032A0DD8084A0E
:10232000012951700CBF00210A2110719370917224
:102330001946FFF775F8002008BD6FF01500FBE7A0
:1023400006010020074A537A40B143F004030029F4
:1023500053720CBF002307235371704703F0FB0334
:10236000F5E700BF0601002040EA4100014BD870AC
:10237000704700BF06010020304BF0B5B0F86C701C
:102380000C461146DA88B0F86A6085B097421D891C
:1023900028BF1746964228BF16461B2E2ED0B5F5ED
:1023A000A47F2DD040F6480301AA9D4228BF1D46B8
:1023B0000AF0C1FFBDF80A30BB4228BF3B46E380AC
:1023C000BDF80C30AB4228BF2B462381BDF8063048
:1023D000B34228BF33466380BDF80830AB4228BF04
:1023E0002B46A380FF232370E3881B3B9BB2E02B8B
:1023F00008D940F209513920FEF7DEF91B2FCED162
:1024000005B0F0BD63881B3B9BB2E02B02D940F2C4
:102410000B51F0E7238940F64812A3F5A4739BB251
:10242000934202D940F20D51E5E7A388A3F5A473C6
:102430009BB29342E4D940F20F51DCE7580E0020E2
:10244000F7B5002304460E461746CDE9003368462B
:10245000FEF716FE08B100201AE0009DA542F6D056
:10246000304605F1AD030AF060FF394695F8AC201F
:102470000CF0ABF80028EAD005F1B40395F8B320CE
:1024800004F1B40194F8B3000CF09FF80028DED0FA
:1024900003B0F0BD054A516A02F11D03127F11F825
:1024A000030BC0F380100CF090B800BFC8130020DD
:1024B00010B503210020FEF7A9FD044670B90321E1
:1024C000FEF768FD044620B940F225313920FEF7B9
:1024D00073F9034B93F970100DF072FD204610BD97
:1024E000580E0020014B5888704700BF580E00203E
:1024F000044BD87BC0F3400080F0010000F00100E5
:10250000704700BF580E002038B50CF05DF800256C
:1025100001F05CF8214C00F0F7FC0CF0FEFC02F03E
:1025200041FA01F049FA06F03BFA012000F090FC74
:102530001B4B1C4A29461D604FF01B13A4F8685022
:10254000A58184F83650E573C4E900234FF4A473E1
:102550001022A3604FF479432361134B58681B8901
:10256000A06304F14000A3870EF0B5FE012342F200
:10257000107204F15E0084F840306375C4E91122E2
:102580000EF06EF904F150000EF090F900220023D5
:1025900084F88050C4E91E2338BD00BF580E0020C7
:1025A0001419002003021B0019B60200064B41F665
:1025B0004C521B211A629973C3E9062241F28832F8
:1025C0005A62FFF7A1BF00BF580E0020F0B53D4D85
:1025D00085B000F1A8070446AB69C0F8E8302B7C51
:1025E000003B18BF012380F82931374BC0F8C830B1
:1025F00038460DF0D2FA064600F06EFC8306A97B41
:1026000053BF1B236B88AA881A46A4F812312F4B9C
:10261000A4F814211B6884F8F010A4F8F26023B128
:1026200094F92811B4F8AA00984703A803940AF073
:102630007AFE274B1B681BB12649B4F8AA009847BD
:10264000254938460BF030FE0123A4F8DE30234B39
:102650001B681BB10021B4F8AA009847204B1B68E7
:102660001BB10021B4F8AA0098471E4B1B6813B198
:10267000B4F8AA0098471C4B1B6813B1B4F8AA0021
:102680009847AB8804F1C0006A8869780333033245
:1026900001919BB2297892B2009104F1C401FEF736
:1026A00027FDD4F8C03023B940F2E2413920FEF7CB
:1026B00083F8D4F8C43013B940F2E341F6E705B02B
:1026C000F0BD00BF580E002000093D002419002075
:1026D0001C190020800E0020620E002034190020FA
:1026E000281900202C190020301900202DE9F34171
:1026F00004460E460DF0A5FC002800F0968020460A
:102700000DF014FE40B1B6F80130013B7F2B03D928
:10271000122002B0BDE8F08120460DF00BFE08B992
:102720000C20F6E720460DF0EFFA0028F8D12046FD
:102730000DF030FC80460028F2D1204604F018FC51
:102740000028E5D042F21073B6F80170F178204607
:102750005F430DF0D6FD04213078FEF757FC0546A7
:1027600006213078FEF752FC2DB140B141F67621BA
:102770003920FEF721F818B3054690F8E5802C4E75
:102780003368EBB1403528460DF0E4F8C0B1284677
:102790000DF0D1F8A0B9B8F1000F07D0254B2846AD
:1027A0001B68984760B141F68A21E1E72249424619
:1027B00033682846096A984710B141F68F21D7E758
:1027C00020460DF0ABFD014638B93A46204602F0EE
:1027D000CBFD40B341F69821CAE702210DF1060076
:1027E000FEF7A0FB054608B90D2092E7BDF80610DC
:1027F0000CF020F8294620460DF0C3FD2846FFF7CF
:10280000E5FE3A462946204602F0AEFD024610B1EA
:1028100041F6B421ACE7084BDB6E23B105F59771A7
:1028200005F1A8009847002073E7422071E700BF38
:102830001819002020190020580E0020024B1B6898
:1028400003B118470C20704714190020034B5A8815
:1028500002801B7883700020704700BF580E002054
:1028600073B5837806461A2B08D8042B04D9334A4B
:1028700022FA03F3DB0705D412251AE0292B01D035
:102880003B2BF9D13088B0F5706FF5D269460BF06B
:10289000A0FF88B9009B93F82C2102F0FF05C2B974
:1028A000B27883F82D21FF2283F82C2168460AF0A4
:1028B0003FFF284602B070BD09213088FEF7A6FB15
:1028C0000446002837D001A9B0F8AC010BF081FF15
:1028D00008B10C25EDE70821B4F8AE01FEF796FB30
:1028E00020B94FF404613920FDF766FF03781BB966
:1028F00094F8C831032BECD1019B93F84221002AB4
:10290000E7D194F8F02102F0FF05002AE1D1B4F8F4
:10291000B021A3F8442194F8B82183F84621027D20
:1029200083F84721B27883F8482184F8F021FF2208
:1029300083F84221BDE70225BBE700BF2000380431
:102940000188A1F11B039BB2E02B0CD8428844F212
:102950004810A2F5A4739BB2834204D8034B002015
:10296000D9801A8170471220704700BF580E00208E
:1029700038B50278447802F0010302F0020254EA0A
:10298000030101D1112038BDBAB98578002DF9D0E5
:10299000002B18BF002400E01D4620460AF06BFD06
:1029A0000028EFD028460AF066FD0028EAD0054B43
:1029B00000209C72DD729881E5E7002BECD00024AA
:1029C0002546EAE7580E002013B5008801A90BF050
:1029D00022FF044620B9019890F83E311BB13A24F9
:1029E000204602B010BD90F85C3003F0FF04002BCD
:1029F000F5D190F853309B0706D1FF2380F83E3184
:102A000001A80AF095FEEBE7024954300CF0ADFA4C
:102A1000E6E700BF99F80000F7B5067804460F46D0
:102A2000EF2E03D91226304603B0F0BD90F90120F5
:102A30004378002AF6DB82789207F3D113F0100076
:102A40001DD19D0603F0030216D5002AEAD119070D
:102A5000E8D42179E278E57942EA0122617942EA13
:102A60000142A17941EA0521257A41EA05418A42DC
:102A7000D8D81F2A12D8D5E7032AE8D1D2E713F015
:102A8000600FCFD103F00702052A05D003F00F0134
:102A90000D22CA40D207C5D51D07DAD5627A013AA0
:102AA000062ABFD8A27A032ABCD813F0040302D1A5
:102AB000023A012A03D8E27A012AB3D813B9A37CD7
:102AC000032BAFD8237DF8B1012BABD1237E012B93
:102AD000A8D818B36378D90702D500F077F920B3E6
:102AE0006378227D03F01803082B2ED1022A1CD113
:102AF00003213046FEF78AFA054660B30DF004F96B
:102B0000002834D00C268EE7022B8BD0A37D013B0E
:102B1000022B87D8E37D0F2BD8D983E700F0E6F9A5
:102B2000820707D4237D022B01D111267BE7A37DE9
:102B3000022BFAD000F0DAF94307CBD4237D032B24
:102B4000F3D0A37D032BC5D1EFE7022AD0D0237F9A
:102B5000002BCDD0E9E703213046FEF71BFA0546EE
:102B6000002843D0224B93F970100DF029FA002170
:102B700030460DF041FE28BB28460DF0CCFB214627
:102B80003870E07428460DF0AEFAE37E0646002B5E
:102B90003FF449AF00287FF446AF0246E96C68462F
:102BA000FEF786FB3246E86C01210AF0A4FAE96CD4
:102BB00068460422FEF77CFB32463146E86C0AF098
:102BC0009AFA30E740300CF0C5FE0028D4D0637884
:102BD00013F0330F7FF426AFA67D2846296A0DF047
:102BE000BCFBFFF75DFB8642C6D08BE707261AE7E2
:102BF000580E002030B502798BB00346042A4FD816
:102C00004088B0F5804F4BD8264900241144ADF8D8
:102C100000408DF808408A7C4D7B42F010028DF810
:102C2000244042EA4502CD7D097F42EA850242EA1C
:102C3000C102694602F01F028DF80020BDF8002095
:102C4000ADF809201A888DF80E00000A8DF80B20C7
:102C5000120A8DF80D408DF80C208DF80F008DF8BC
:102C600010405A7BD3F807008DF811205A7905904F
:102C700002A88DF812209A798DF81320B3F80B2052
:102C80009B7BADF818208DF81A307F238DF81B3010
:102C90004FF00113CDE90734FFF7BEFE0BB030BD96
:102CA0001220FBE719B602000278034672B142789F
:102CB00062B142881A2A09D982881A2A06D900687C
:102CC000034A106000209B88938070471220704751
:102CD000580E002002680020014B9A61704700BF27
:102CE000580E00200378A3F10A02112A9BBF024A62
:102CF0000020122093737047580E0020014B587427
:102D000000207047580E0020014B98740020704737
:102D1000580E0020024B1B6803B118471120704762
:102D20003819002008B5052000F09EF805F0ECFDEC
:102D3000014B024ADA6608BD580E002079230000D4
:102D400008B50122054B1A7104F0FCF804F07CFF71
:102D50000BF090FABDE8084000F016BFDC0E002032
:102D600010B50C20084C00F07FF8282000F07CF80B
:102D700004F1080005490BF034FA04F10C00044991
:102D8000BDE810400BF02DBADC0E0020D000002072
:102D9000D800002010B5094C094904F108000BF0D7
:102DA00020FA04F10C0007490BF01BFA04F11000A3
:102DB0000549BDE810400BF014BA00BFDC0E00203E
:102DC000E0000020E8000020F0000020014B18790E
:102DD000704700BFDC0E002038B5074C0D4600F0F0
:102DE000AFFEA06825600BF0F4F9FFF7DFFB01F000
:102DF00049F80123237538BDDC0E0020014B187DF6
:102E0000704700BFDC0E002010B50C4CE0680BF0E2
:102E1000E0F920690BF0DDF9FFF776FB202000F0E8
:102E200037F82F2000F034F8262000F031F8292060
:102E300000F02EF80023237510BD00BFDC0E00202B
:102E400000487047F10E002000487047F30F002043
:102E5000014B83F819027047DC0E0020014B93F8F8
:102E600019027047DC0E0020C208074900F0070075
:102E700001238340885C03438B5404490B789342BD
:102E800038BF13460B70704778000020F610002002
:102E90000F4B012110B503EBD002C40800F007006E
:102EA00001FA00F0195D21EA0001195509490B7872
:102EB000A34205D1002012F8014914B100B10B70F2
:102EC00010BD002BFAD0013B0120DBB2F3E700BFBD
:102ED00078000020F6100020014BD3E90001704774
:102EE000780000200048704780000020054B1868DB
:102EF000C0F3C022C0F30020400040EA820040F04E
:102F0000010070477800002008B507F013FE002389
:102F1000074A32F82310814205D302EB83029378EB
:102F2000044A137008BD01330C2BF2D10023F7E7DC
:102F30004CB60200F7100020024B1878072828BF73
:102F400007207047F71000202DE9F04F04689846DD
:102F50000F4685B094F86330164604F1A80994F83A
:102F60000FA043EAD303D90702D4BAF1260F5FD1E9
:102F700094F8A850002F55D1FFF7B8FF8DF80B003B
:102F8000002E51D1FFF7B2FF2B4B8DF80C00D3F878
:102F900000B0BBF1000F0CD0AAF12602284649462A
:102FA000534253410DF10B02009303ABD847054642
:102FB00030B99DF80B3013B19DF80C0028B90925E4
:102FC000BAF1260F2AD10020034694F8292132B104
:102FD0009B0700F002002DD560B302200346FF22BC
:102FE00084F8392194F8382102F0FF05F2B99DF8F0
:102FF000382003A984F83B01484684F8382184F836
:103000003A31A4F83C818DF80C708DF80D60ADF864
:103010000E800BF049F9002384F83931284605B0B9
:10302000BDE8F08F3846A9E73046ADE73A25F2E72C
:103030001A25F3E70925F1E73C19002010B50468CB
:10304000B4F8AA3084F88411A4F8853194F82001EA
:10305000FFF736F984F8870194F82101FFF730F97A
:10306000044984F8880104F27B10BDE810400BF09D
:103070007CBF00BF93E200002DE9FF47046889464A
:10308000054694F80EA0AAF1250359425941052A94
:1030900035D1E37B272B37D104F10F0799F8018055
:1030A00099F8026008F0070806F0070608F1FF33F8
:1030B000721E03EA0803324013431FD130460BF05F
:1030C0008BF960B394F82031984228D094F83A21D3
:1030D000164213D0BAF1250F21D094F819211642C7
:1030E0001DD10138013B474AC0B2DBB21044032B6B
:1030F00000790FD81A441379834210D9284604B0B6
:10310000BDE8F0470BF030B9BAF1250F77D104F1E3
:103110000E07C3E74FF4DD710620FDF74DFB404677
:103120000BF05AF940B194F82131834204D094F85D
:103130003B3118EA030FE1D0B9F8039003AB204606
:103140003246009341464B460BF053F92C6878BB4E
:1031500094F83831012B28D1E38804F5367294F8BD
:103160002011B4F83C010BF0A5F90646D0B9014690
:103170002846FFF763FF2B6883F838613E702B68A1
:1031800003F10F02974201D10022DA732B6803F199
:103190000F0297422FD128460CF0BDF8002004B052
:1031A000BDE8F0872C23A373E9E784F83801E6E74C
:1031B000E388A4F8D89209F1FF39A9EB030947F68F
:1031C000FD731FFA89F9994506D92823284684F802
:1031D000313001F02FF9D9E7E37B0D2B02D00A3B08
:1031E000012B01D82A23F1E7BDF80C30A4F8DA321C
:1031F00029233B70CAE7002283F84A20CEE7022049
:10320000CDE700BF7CB60200034B002283F85020BC
:10321000A3F85220704700BFFA100020044B93F827
:103220005020012A1ABF036001200020704700BF10
:10323000FA100020064B024693F8501001291BBFDC
:103240000120A3F85220002083F85000704700BFEF
:10325000FA100020054B024693F8500028B1136085
:1032600011B1B3F852300B8001207047FA100020E2
:10327000054B002293F85000A3F8522010B1012012
:1032800083F85020704700BFFA100020034B93F8DA
:103290005000B0FA80F04009704700BFFA100020DB
:1032A00050B90A4A0120134603F8010B0868C2F816
:1032B00001008A889A807047012805D1034B0A686B
:1032C000D8719A608A889A81704700BF4E11002099
:1032D00050B90B4B187888B1D3F80120B3F80530FA
:1032E0000A6001208B807047012806D1044BD879F1
:1032F00020B19A689B890A60F3E70020704700BFFD
:103300004E11002010B9044B18787047012806BFF1
:10331000014BD879002070474E110020F7B58A88FC
:1033200000238DF80600ADF8042008680B4A8DF8DC
:1033300007300146147802F5A872019DD8B2844284
:1033400001D8082007E052F8087F01335668AE42E2
:1033500008BF8F42F2D103B0F0BD00BF6011002062
:10336000084B0146002230B55C7803F20113D0B25D
:10337000844201D8082004E013F8015F01328D4235
:10338000F5D130BD60110020F8B52D4C63782218BE
:10339000013B92F80251DBB28342637030D01A01D4
:1033A0000101961C8F1C2644274406F1100C56F888
:1033B00004EB664547F804EBF9D1823282312244AE
:1033C000214402F1100652F8047BB24241F8047B1A
:1033D000F9D1E118221891F8026182F802610626FB
:1033E0007343704303F5857300F58570E618E35861
:1033F00027182350B388BB8091F83A3182F83A31CC
:103400002846FFF7ADFF082818D12378013BDBB22F
:103410009D42237012D02B3305F12B0204EBC30322
:1034200004EBC20293E8030082E803002078FFF770
:1034300097FF08281CBF241884F80251F8BD00BF6C
:1034400060110020F0B5254D89B095F8984105F23E
:1034500099116846224609F0EFF8214668460BF0BC
:10346000D2F80446B8B300EB400102A8C9B2FEF797
:103470001DF8631E95F8A1610124DBB295F898113F
:1034800005E0721CB2FBF1F001FB1022D6B206F18E
:1034900020020DEB020010F8202C002AF1D103EBE2
:1034A000430100F8204C06EB460220312A446944CF
:1034B00011F8187C82F8A27111F8177C11F8161C0B
:1034C00082F8A37182F8A411013BAA19DBB282F839
:1034D0009941FF2BD2D109B0F0BD00BF601100208F
:1034E00070B5064688B00C46002A4ED0294A92F89C
:1034F000A131D01890F8991119B9FF212820FDF7B2
:103500005BF903EB43010133114491F8A251E570DB
:1035100091F8A35191F8A41125716171002180F8EF
:10352000991192F89811B3FBF1F001FB103382F876
:10353000A13192F8C23123B9174902F5DD700BF0C1
:1035400011FD65790D220021684605F03F0545F023
:10355000400565710DF0BFFEE37804AA69468DF859
:103560000F30304623798DF80D508DF80E3004233E
:103570000DF004FE9DF81F3023709DF81E3063701F
:103580009DF81D30A37008B070BD03216018FDF7D1
:103590008DFFD6E76011002045340000044B5A78B7
:1035A000824286BF1B1893F84A010020704700BF73
:1035B00060110020044B5A78824286BF1B1893F892
:1035C00042010020704700BF60110020064B00221E
:1035D0004FF461711A8083F8C32183F8C421A3F8E2
:1035E000C61183F8C2217047601100202DE9F04711
:1035F0008246894617469846FFF790FE08280546FA
:10360000064603D0FFF7ACFE082860D1324C637841
:10361000072B5ED8082D15D12678731C072E237032
:1036200003D96C212820FDF7C7F806F12B02D9F841
:10363000000004EBC20344F83200B9F8042083F818
:1036400006A09A80657807F110026B1C290163704F
:103650004B1C234412F8010DBA4203F8010FF9D1B3
:10366000813108F11003214413F8012D984501F828
:10367000012FF9D12544102140460BF00AF8102102
:1036800085F8420138460BF004F885F80261667847
:10369000002385F84A013146104885F83A310AF08E
:1036A000B2FF0128054607D831460D480AF0ABFFA6
:1036B000002818BF0135EDB284F89851002528463E
:1036C00084F8A151FFF7BEFE2846BDE8F08712201E
:1036D000FBE70720F9E700BF60110020A2120020DD
:1036E000AA120020064B10B55878013840B20028C5
:1036F00000DA10BDC4B22046FFF746FE601EF5E7B3
:1037000060110020014B83F8C30170476011002055
:10371000014B93F8C301704760110020431E4AF229
:10372000B7129BB293429DBF024BA3F8C601012082
:103730000020704760110020014BB3F8C6017047AC
:10374000601100200A4B30B55C7884420ED91844D1
:1037500090F802012B3003EBC004A5790D7053F8EB
:10376000300010600120A388938030BD0020FCE76A
:10377000601100200246074810B590F8C34124B1FB
:10378000417821B1023005F033F9204610BD0C46D6
:10379000FBE700BF601100202DE9F74F2F4C9A4640
:1037A000804689466378834256D9231893F842515C
:1037B00085F00105F9B193F84A31E3B945F0020704
:1037C0000135BAF1000F18D1FA070AD5062104EB2A
:1037D0000810524601FB0841823001F58571FFF760
:1037E0007FFEBB0734D504EB081052464946023031
:1037F000FFF776FE2CE02F46E3E794F8A1614FF047
:10380000010B002DE0D0A31993F89911019399B9F8
:103810000092DAB100F006FB019B06EB4601009A2C
:103820004FEA102C83F899B1214481F8A201000CD1
:1038300081F8A3C181F8A401013694F89831013DC3
:10384000B6FBF3F103FB1166F6B2DAE747F00407C3
:10385000384603B0BDE8F08F0027F9E7601100207B
:10386000074B5A78824209D91A1892F842212AB98C
:10387000062202FB003000F585707047002070477B
:1038800060110020064B5A78824281BF1B1893F8C2
:103890003A01B0FA80F0400998BF0020704700BF9D
:1038A00060110020F8B50E46074606211546304641
:1038B0000AF0EFFE044670B10C4B0022587803F278
:1038C0003913D1B2884202D801242046F8BD013212
:1038D00003F8015FF5E7314638460AF0B0FE0828E4
:1038E000F3D0024B034483F83A51EDE76011002016
:1038F000034B80F880101B680BB140881847704755
:10390000401900200B2808B504D940F229112920BC
:10391000FCF752FF014B33F8100008BD84B60200DB
:10392000036830B50024D3F8C80042F21075A3F83C
:103930004040B3F844404443B4FBF1F4A3F844409E
:103940004C1E05FB0242B2FBF1F2A3F84220094AE9
:10395000B2FBF1F20132A3F848209A8F05FB024432
:103960005A6B5043B4FBF1F4B0FBF1F09C63586325
:1039700030BD00BF005A6202054B1B7833B9054BBE
:103980001A681B790260037101207047002070479C
:103990002813002088000020054BFF221A70054ADA
:1039A000016811600179117100221A70704700BF1F
:1039B000281300208800002007B5064A10681279F5
:1039C000009068468DF80420FFF7E6FF03B05DF82D
:1039D00004FB00BF0CE402000346084671B13F2B14
:1039E0000BD8074AD35C03F07F02914205D08CBF0D
:1039F0000120002000EAD31070470120704700BF6B
:103A00009CB60200FF230B7002234B7083238B7044
:103A1000014B1B78CB7070472C1300202DE9F84F19
:103A2000D0F804800C46D8F81C60304609F04FFAF4
:103A3000054620B94FF4AA711020FCF7BDFE0146DF
:103A4000304609F052FAB5F800B082461FFA8BF7FB
:103A500017B94FF4AC71EFE7224B00F103091B6873
:103A6000D3B998F8023098F803202370637802F0F5
:103A70000F02A4F802B023F00F03134323F0C00396
:103A800063709AF8003003F00303012B0FD0022B70
:103A90000DD04FF4BB71CFE73A464946B8F8020063
:103AA000984705460028DCD12846BDE8F88F6278A3
:103AB000304663F30512627009F021FA054610B929
:103AC0004FF4C071B8E7FB2F02D940F28F11B3E772
:103AD0003A464946201D08F0AFFD304609F066F928
:103AE000E2E700BF4419002038B5134C1022002132
:103AF000201D0DF0F0FB0125257404F108031022B0
:103B0000002104F11400C4E901330DF0E4FB84F852
:103B1000205004F11803094AC4E905330023636205
:103B2000A36284F82C30C4F82D30C4F8313084F806
:103B300035301360A36338BD2C13002044190020D6
:103B400010B5084C2378FF2B04D040F299111020B7
:103B5000FCF732FE08F0DCFC2070BDE81040FFF7F7
:103B6000C3BF00BF8D00002010B5034C207808F0C3
:103B7000E9FCFF23237010BD8D000020014B187855
:103B800008F0F0BC8D000020014B024A1A6070471B
:103B90004C1900201D3A00002DE9F341DFF888811F
:103BA000054608F11407D8F80830D8F81840227AEA
:103BB000012A22D1D8F8382052B1137A1BB9BF217B
:103BC0001020FCF7F9FDD8F83840C4B9002093E084
:103BD0001A7A012AFAD01C46544AEFF3108172B6C1
:103BE00050680068506001B962B6A34208BFC8F8C7
:103BF0003840237A1BB9EE21E2E73A46EDE7267A10
:103C0000F6B205232372731E0B2B7ED8DFE803F078
:103C10007A062336773F4E3F3F3F3F6B636813B9C9
:103C20004FF40371CCE72046294698470420EFF370
:103C3000108272B6237A052BD9B24FF0000369D1F6
:103C40002372D8F83810A14201D1C8F83830002AC0
:103C500045D162B643E0636813B940F21521AFE77E
:103C60002946204698470346ADF80400C0B2C3F386
:103C70000723012B3ED0022BD9D129E0636813B969
:103C800040F21D219CE7204698470020CFE7284BB3
:103C90001B68002BF9D03246606829469847A6F188
:103CA0000A020420534253415B00E4E763680BB906
:103CB000FE2185E786222A7001225988AA706A713E
:103CC00000229869A5F80310AA7109F06FF8042082
:103CD000D8F83830A34202D10023C8F83830002881
:103CE0003FF461AF08E0134B294620461B68984714
:103CF000034668B9267298B102B0BDE8F0814FF46E
:103D000015715DE740F257215AE740F25A2157E713
:103D10000220DDE711B940F27B2151E7184696E712
:103D2000002B7FF440AF51E72C130020301300200C
:103D3000481900204C190020134610B5027A22B110
:103D400040F202311020FCF737FD0A4601460248D6
:103D5000BDE810400BF0E3B830130020044890F8A1
:103D60002C301BB9034924300BF0F6B8704700BF64
:103D70002C1300200FEF00000346064890F83C206B
:103D80003AB190F8352022B9034900F82D3B0BF0E9
:103D9000E3B870472C130020053A00000A4610B51E
:103DA000037A23B140F20A311020FCF705FD0146E9
:103DB00007230248BDE810400BF0B1B840130020C3
:103DC0001346027A0AB1037270470A460146014857
:103DD0000BF0A5B83013002001490BF0C6B800BFA6
:103DE00071EF00000B8BA2F809001046A2F80B300F
:103DF0004B8BA2F80D308B8BA2F80F30CB8B024986
:103E0000A2F811300BF0ABB8CFEF0000014B1878DF
:103E1000704700BF69130020014B1878704700BF3E
:103E20008E000020094AD2E90003434083EAB01122
:103E300081EA43214FEAF34311605360044B584336
:103E40004FEAF06000EB8000704700BF6C13002069
:103E5000BB79379E094AD2E90003434083EAB01197
:103E600081EA43214FEAF34311605360044B584306
:103E70004FEAF06000EB8000704700BF9000002028
:103E8000BB79379E10B50A4C08210948FDF70EFB97
:103E9000D4E900321343F7D0064CFFF7DBFF206074
:103EA000FFF7D8FF236860601843F6D010BD00BF4D
:103EB000900000206C130020174B184A9A60184A93
:103EC0005A60184A1A60184A9A62184ADA62184AFE
:103ED000DA60184A9A61184A1A63184A1A62184A2C
:103EE000DA64184A9A64184A5A62184B184A9A6057
:103EF000184A5A62184ADA62184A1A61184A5A610C
:103F0000184A9A61184A1A63184A9A64184ADA6475
:103F1000184A9A63704700BF50190020BFF3000091
:103F2000E5F3000011F50000AFF600000BF700000C
:103F30005D4500001DF70000254800007D4600009B
:103F4000EFF7000015F80000D9460000501A0020D5
:103F5000D5F30000B5F700003BF70000EBF60000DA
:103F60005BF700000D460000BBF8000059F80000A8
:103F700045F800009FF70000044B054A5A65054BC1
:103F8000054A1A65054A5A65704700BF5019002056
:103F90000BFA0000501A0020F5F9000035FA000075
:103FA000054B064A9A65064A1A66064B064A9A6502
:103FB000064ADA65704700BF5019002067E5000027
:103FC00079300000501A0020C1E30000A9E500008C
:103FD000F7B5044601A80F46FFF720F920B94FF4C2
:103FE000AA615120FCF7E8FB5022002101980DF056
:103FF00072F9019D3F2F2E4606F8037F43D83F2FCD
:1040000044D8DFE817F046004C006C0075008D00C6
:10401000740174019A00B3009E0074017401A3003E
:10402000AF00B30043004300B70074017401CC003B
:10403000CC00E300E300EA00430043007401EF001A
:10404000FC00000104010B010D010F0111011B0116
:10405000250154015601430043002D015E015C011E
:1040600046013C013E014001420148014C014A0128
:104070005001740143004E0144015201600162018C
:10408000430058015A01FF2F00F0258140F24451AE
:10409000A7E7214630460BF0A8FAC0B9BBE0266876
:1040A000D6F838326B6096F83C322B72206890F864
:1040B0009F3033B90BF070F92368DB881844A6F8F9
:1040C0003E02B6F83E3208206B721B0AAB72FFF755
:1040D000B1F8002840F00D8140F2575181E7236884
:1040E00093F8A82052BB93F82D3102202B71EEE7F4
:1040F00023681720D3F880226A60D3F88422AA604C
:10410000B3F88822AA81D3F86022C5F80E20D3F82C
:104110006422C5F81220D3F89030C5F81630D6E7DF
:1041200022680D20D2F8FE316B60D2F80232AB600B
:104130002368D3F89430EB60C9E7236893F8A03084
:10414000D3E73146204600F033FBA6E711230620D3
:104150002B7159236B710023AB713923EB71302321
:104160002B72B4E7236893F89A30BEE7304600F02C
:104170000DFB92E7236893F8A82052B993F8A0208A
:104180003AB193F89D202A7193F89C3003206B710B
:104190009DE793F89B202A7193F89A30F6E72368FD
:1041A0000920B3F80C212A71120A6A71B3F8A2200F
:1041B000AA71120AEA71B3F808212A72120A6A7205
:1041C000B3F8A030AB721B0AEB7280E7236893F858
:1041D0003A212A7193F83B31D8E7214630460AF05C
:1041E00085F95AE723681121B3F8AA00FCF70EFFFE
:1041F00000F15B0130460AF0DDFD232067E7304621
:104200000CF01CFB49E730460CF021FB45E73A4B2C
:104210001B68002B5BD140F24951E2E6374BF7E7D0
:10422000374BF5E7374BF3E7374B1B68002BF2D0E2
:104230002320224631469847042048E7324B1B682A
:10424000002BE8D0224631462420984705203EE73F
:104250002D4B1B68002BDED0224631462520F4E78B
:1042600023681121B3F8AA00FCF7D0FE00F17D020B
:1042700000F15B0130460AF0A9FD2B2027E7234B14
:10428000C6E7234BC4E7234BC2E7234BC0E7234BCE
:10429000BEE7234BBCE7234BBAE7234BB8E7234BDE
:1042A000B6E7234BB4E7234BB2E7234BB0E7234BEE
:1042B000AEE7234BACE7234BAAE7234BA8E7234BFE
:1042C000A6E7234BA4E7234BA2E7234BA0E7214615
:1042D00030469847E1E62368304693F8CF22D3F87A
:1042E000D0120AF034FD236893F8CF02D5E60120FE
:1042F000EDE603B0F0BD00BF501B0020581B0020AE
:10430000541B00205C1B0020601B0020641B00204D
:10431000681B00206C1B0020701B0020841B0020E9
:104320008C1B0020741B0020881B0020901B002089
:10433000781B00207C1B0020801B00209C1B002081
:10434000A01B0020A41B0020A81B0020941B002001
:10435000981B0020AC1B0020B01B00203F289ABFF8
:10436000024B53F820000020704700BF5019002076
:104370003F289ABF024B53F820000020704700BF2F
:10438000501A002030F8023CF7B504460E46B0F84B
:10439000825073B101226846ADF801508DF80020BB
:1043A000ADF80330FEF74AFA18B195216320FCF707
:1043B00003FA1C4B1B6813B1A4F1280098471A4B51
:1043C0001B680BB128469847184B1B680BB1284651
:1043D000984783230027A6F803503370B770637A99
:1043E000D4F89C00737108F0EBFC08B9BA21DDE742
:1043F00039462846FCF720FE02212846FCF71CFE21
:1044000018B90B4B1B6803B198474FF40173002098
:1044100003F004021B0A62F3070063F30F2003B0EA
:10442000F0BD00BFB41B0020B81B0020C01B002043
:10443000BC1B0020F7B5056804464FF6FF77D5F89A
:10444000C0600DF102010DF101023046ADF80270BD
:1044500008F065FC01A9304608F083FC48B10198DA
:1044600008F04BFD2168A83100220272FFF796FC8C
:10447000E7E7044905F1280003B0BDE8F0400AF081
:104480006EBD00BF85430000F0B5044685B00D4603
:10449000FF2600F8E96C10F8EA3CF3B1174F3B78BF
:1044A0001BB162211F20FCF787F90C21381DFCF796
:1044B000FDFF3E70002304F8E93C8A232A4602F8F7
:1044C000033BD4F80930C5F80330D4F80D305360FD
:1044D000D4F81130936005B0F0BD01A80C21FCF7B1
:1044E000E5FFA4F51773039A1A6001AB03CB44F8F8
:1044F000F20C44F8EE1C04F8EA6CDBE774130020BD
:1045000010B5054C23782BB90C21201DFCF7CEFFEC
:10451000FF23237010BD00BF74130020024690F8E3
:104520000632BBB990F8073203F0FF010BB100204F
:104530007047094B18780028F9D01970D9680433EE
:10454000C2F8941003CBC2F8FE01C2F80212FF2396
:1045500082F806320120704774130020026870B59B
:10456000D37B04460D463BB1132B05D0113B0F2BDB
:104570008CBF0120082070BDD2F8A430002B3BD1A5
:1045800092F8523013B920460AF0B3FED5F80B303A
:104590002268C2F8F631D5F80F30C2F8FA31236834
:1045A000D5F81320C3F89020B3F8AA20A3F8F92275
:1045B000D5F80120C3F8FB22D5F80520C3F8FF2267
:1045C0002368B5F809200025A3F80323236883F89E
:1045D000BE5183F8065220680B4900F53C700AF082
:1045E000BBFC2668204608F096FE162286F86A0074
:1045F00028462368DA73BEE720460C220321BDE873
:1046000070400AF09CBE00BF89440000036810B5EA
:10461000DA7B0446202A04D040F29D211F20FCF7BB
:10462000CBF8002193F85220B3F8AA0083F8511078
:1046300082B1C3F8C91183F85210A3F8CD11A3F8C1
:10464000CA0103F5E0700B490AF086FC23680022DA
:10465000DA7310BD0121A3F8B90183F8B82103F280
:10466000AF1083F8BB1183F8BF210349A3F8BC2125
:10467000EAE700BF97F600007FF6000038B504684F
:1046800094F8A8501DB9E37B23B101201AE02368F8
:10469000DB07FAD4D1F801200D4BD1F805101340F7
:1046A0000C4AC4F86230C3F307630A4043F00803BE
:1046B000C4F8662084F865300AF01BFE1DB9042397
:1046C000E373002038BD236843F001032360F8E75B
:1046D0002FC904F76FDB008038B503689A7B042A82
:1046E00034D1D1F801204C1CD1F80550C3F8622018
:1046F000C2F30762C3F8665042F0080283F86520EF
:10470000002283F84A209A73026892F8A8200AB916
:1047100083F83F2193F84021B2B993F8912102F038
:10472000FF008AB9B3F8AA2083F8920103F2891036
:10473000A3F89321D1F801200549C3F895216268B7
:10474000C3F899210AF008FC002038BD0120FCE7DD
:1047500075F70000036893F8402112B1094B1B68FC
:10476000184793F891215AB9B3F8AA2003F2891097
:104770000549A3F893211A2283F892210AF0ECBB91
:10478000704700BFC41B002075F7000010B5044639
:10479000FEF7A2FB044A054B024009200B40C4F877
:1047A0000120C4F8053010BD2FC904F76FDB00806D
:1047B00037B50C460568FEF78FFB0A4B0A4A0340E3
:1047C0000A4095F8621000930B4001928DF800307A
:1047D0006B4603CBC4F801000920C4F8051003B0F0
:1047E00030BD00BF2FC904F76FDB008038B5DB0494
:1047F000154604D5037D13B10023436338BD446BD4
:10480000013444630BF038F8836B9C42F6D30023E9
:10481000034943632846BDE838400AF0A6BB00BF01
:10482000E3F7000070B504680546A37B94F8A86020
:10483000012B07D01EB9E37B23B1012038E02368A8
:104840009807FAD494F853309A0713D44A78D807C3
:1048500084F85D204A88A4F85E208A88A4F8602045
:1048600043F0020284F853200FD5164904F1540096
:104870000AF07BFB94F85330D90710D4CEB9E37B10
:1048800043B153214020FBF797FF94F83E31002BB2
:10489000EBD1EFE70123E37328460AF02AFDA37B5F
:1048A0000020012B4FF0000304BFA37384F84A30AB
:1048B00070BD23689A0701D55821E3E743F002034E
:1048C0002360E9E799F8000070B50568044604F034
:1048D00045F8054B0146E8721B681BB12046BDE850
:1048E0007040184770BD00BFCC1B0020024B1B68F6
:1048F00003B11847704700BFC81B0020F0B51F4D1B
:1049000000242B7814709BB1013B6D68DBB21E1B39
:10491000012E0FDC05EBC40655F8347076688E4224
:1049200008BF874227D0B84271EB060612D2147036
:104930000020F0BD1E197710C6F3470655F837C0A2
:1049400005EBC70E8445DEF804708F412CBF33465B
:104950003446DCE705EBC30455F8335064688C42F9
:1049600008BF854206D0A84271EB040428BF01337A
:104970001370DDE71C4601201470DAE79413002061
:1049800010F0070208B503D063214820FBF714FF9D
:1049900018B1034B197258601A70C80008BD00BFE7
:1049A00094130020014B00221A70704794130020CA
:1049B000024B1879003818BF01207047A41300205B
:1049C000FF23084A0B700D234B7082238B701368F2
:1049D000C1F803305368C1F807309368C1F80B3051
:1049E000704700BFAA1300201622002101480CF0D6
:1049F00072BC00BFAA130020F8B51C4D04466B7DA5
:104A00009BB390F8A83023BBD0E978760AF0B9FFC1
:104A100094F82021164B523053F822304FF47A721A
:104A200003F2E733B3FBF2F3DB19B4F8AA2046F143
:104A300000061B182A8046F100066B60AE60E38812
:104A400005F10C0002220B496B80BDE8F840FFF72E
:104A5000B7B94B0609D5B0F8AA302B80D0F8803210
:104A60006B60D0F88432AB60E9E7F8BDAA13002090
:104A7000C8B80200C1490000094B53F8203003F5C3
:104A8000224370B5B13316464FF47A720C46B3FB2D
:104A9000F2F5344405F03AF82C44204470BD00BFD0
:104AA000B4B802002DE9F04F98468BB000230446BD
:104AB0000F460392069390F821B109F0E8FB0646F1
:104AC00094F82B01FEF71EFF06440AF05AFFE37B21
:104AD00000F14805B6B2472B47D00D2B45D094F8CE
:104AE0000E90A9F14701D1F1000949EB0109039B9F
:104AF000002B40F08580637B032B40F08180B9F16F
:104B0000000F6AD0B4F8D832BB4266D1D4F8203254
:104B10002046B4F8F421C4F81032D4F8C830C4F8F0
:104B20001432B4F892321344C4F8183203F078FE09
:104B300094F829A1BAF1000F09D0D4F8E02241F687
:104B40004B539A428CBF4FF0000A4FF0010A94F881
:104B5000EC326BB9D4F8C820D4F8E0329A4221D0B4
:104B6000B4F8AA000BF089FE1CE04FF00109BEE783
:104B7000B4F8AA000BF07EFE20B940F2427130205A
:104B8000FBF71AFEB4F8E8324FF0000AA4F8DE3062
:104B9000B4F8EA328381B4F8D832A0F80EA0438189
:104BA000013B038294F82A31002B4ED1BAF1000F59
:104BB0004ED1D4F8DC3284F82AA1C4F8D830B4F845
:104BC000DA32A4F8DC30D4F8E032C4F8C830D4F8D3
:104BD000E432C4F8D03002236373A17B292946D084
:104BE000A1F12C0251425141E27B292A00D039B176
:104BF000B4F8D832FB1A1B0402D4204602F0CAFFD4
:104C0000B4F890A204F5187394F82101A7EB0A0AEE
:104C10000293E3880FFA8AFAFB1ABAF1000F0FFA2F
:104C200083FC26DAE246D4E99E23C4E9A2230023CA
:104C300084F833320123627B032A00F2B581DFE876
:104C400012F01A002A0170004E01BAF1000F07D0CD
:104C50004FF04D13C4F8E0300023A4F8E430A8E787
:104C60004FF09613A4F8E4A0C4F8E030A1E70121C6
:104C7000BAE74346DFE7014694F8ED0109F064FD29
:104C80008246D4F8D8003146504405F007FF31463B
:104C9000C4F81C02D4F8C80005F000FF07A9C4F846
:104CA000200208A804F08AFE079B0093DDE9082390
:104CB000D4E9A2010BF0DAFE064604F1A8000AF0DE
:104CC000E9FED4F8943294F82101D4F8D8B00693D0
:104CD00004F024FF069B00F52240D4F81C124FF488
:104CE0007A72203BB1305B445B1A30315B1BB0FB06
:104CF000F2F053442A469B1B1B1A94F82101069399
:104D0000B4F8DC3003EB4101FFF7B6FED4F894228F
:104D1000069BC4F824029B1AB92B5CD840F2C74109
:104D20002DE7D4F8D8303146D4F81402184405F0F1
:104D3000B5FE3146C4F81C02D4F8C80005F0AEFE3A
:104D4000C4F8200204F1A8000AF0A4FED4F8D83078
:104D5000D4F814621E44B4F8F431002B40F097806C
:104D6000B8F1000F00F0938094F8210104F0D6FE12
:104D7000D4F81C12D4F8803200F52240761A94F848
:104D80002121B130203E1E44A44B53F822204FF481
:104D90007A7302F2E732D4E99EABB2FBF3F2A6EBF0
:104DA0000A06B0FBF3F01644761B361AD4F810321C
:104DB000D4F8182294F8210102FB0311B4F8DC3076
:104DC0002A460696303103EB4101FFF755FE0123D9
:104DD000C4F824026373D4F8C83004F1E800D4F8AE
:104DE0002022723B06999B1A5D1BD4F824329D4207
:104DF00028BF1D46002384F86032C4F8F051D4E97E
:104E0000A2325B1842F10002C4E99C320AF029F98F
:104E100004232844A4F8907284F86932C4F8640228
:104E2000D4E99C23C4E9A22302F0CAFF20B1D4F83C
:104E300064321E33C4F86432B4F8E031DB1B18B2BC
:104E40000028D4BF002301235B0084F86832B9F145
:104E5000000F40F0AC80B8F1000F40F0AB80637BF6
:104E6000002B00F0C380D4F8C81004F51870D4F8F3
:104E70002032C91A09F019FC80B2002800F0B6806F
:104E8000149B03B1188001200BB0BDE8F08FD4F85B
:104E90001C12761A8AE7D4F82022D4F8C830D4F845
:104EA00018129B1AD4F810620AFB03F30693B4F8A5
:104EB000F4319C44D4F81C32ACEB010C30330CF1CF
:104EC000FF3C06FB0133B4F8DC1002FB0C332A462E
:104ED00001EB4301FFF7D0FDC4F824027BE7D4F8CF
:104EE000C82002FB0AF20692B8F1000F1CD0B4F8F9
:104EF000F411C9B984F83312D4F8201201FB1A2E28
:104F0000B4F8F4A10291CDF818E06BB3BAF1000F38
:104F10002AD1D4E9A061D4E99E23B24273EB010106
:104F200008D340F20E512AE694F8331200297FF498
:104F300052AFE1E7394B203E53F82B104FF47A7B08
:104F4000D4E99E23CDE9042301F2E73301F52241A0
:104F5000049AB131B61AB3FBFBF3B1FBFBF11E446B
:104F6000761A761B76440696029BE2442A4603FB99
:104F70000AFA0AF1300A4FEA4A0A5146FFF77CFD65
:104F800041F64B53C4F82402D4F8C80098423FF6C7
:104F900022AF06AB2A465146009304F5097309F087
:104FA000EFFB84F8330216E740F22651E7E5B8F14B
:104FB000000F1BD0B4F8081239B3B4F80A2294F8E1
:104FC0000C32551CA4F80A2202FB033399420DDD72
:104FD00000280BDD0023A4F80A5284F86832FEF79B
:104FE00021FF00F00700013084F80C02394608A8C0
:104FF000089408F095F904F5187104F50E7006F0A0
:10500000F5FC20B940F27651B9E50A46D7E7039B93
:1050100083F0010384F83032002035E7B4B8020091
:10502000F0B5044685B018B9A5213020FBF7C4FBC4
:10503000052900F2DA80DFE811F00600D30038001D
:105040003300D800CE0090F83032C288FBB1B0F8FF
:105050002E32934208BFB0F8E4319A1AA0F8E62144
:10506000E3802046D4E99C23C4E99E2302F0FAFDA4
:1050700094F84C30002B00F0AC805D4B1B68002B8B
:1050800000F0A780204605B0BDE8F0401847B0F812
:105090002C329B1AA0F8E631B0F82C329BB2DFE735
:1050A00005B0BDE8F04004F095BC0BF0D7FCD4E9A6
:1050B0009E23801A61EB0301012871F1000302DADB
:1050C00040F20161B1E76FF0010383424FF000034A
:1050D0008B4102DA40F20261A7E7D4F8C8300BB185
:1050E000B0FBF3F3E07BB4F82E2247280ED0A17B6F
:1050F000463901290AD90D2808D0E1880B449BB212
:10510000D11A0D0443D501339BB242E00132A4F819
:105110002E22B4F8923203AEE5880133354FA4F85D
:105120009232B4F842301D44B4F84030013DED1ADB
:10513000ADB23B685BB1B4F82E12002220460139B3
:1051400089B29847B4F82E321844A4F82E02B4F865
:105150002E126B1A18042CD40023204600961A46EF
:10516000FFF7A0FC012834D1B4F82E22B4F8E011E6
:10517000BDF80C301344521A12049BB204D5EA1A3B
:1051800012F4004F18BF0B46A4F82E32D1E70132BB
:1051900093B2A4F82E3294F83132002BB9D1B4F87E
:1051A000E431B4F82E22934204BF0133A4F82E3226
:1051B000AFE7A37C30460394002B14BF08233E23A3
:1051C00084F83130FFF736F920460BF0C3FA00239C
:1051D000637305B0F0BD05B0BDE8F04008F065B8F8
:1051E000437B042BF3D0C6211FE7CB211DE700BF73
:1051F000D01B0020D81B00202DE9F8430E460446A2
:1052000018B9D3213020FBF7D7FA052900F2A7807F
:10521000DFE801F00376413DA52E0BF0CBFCC4E99D
:105220005001204602F0A4F8D4F83401A4380BF061
:1052300017FC20460BF07AF8054600BB01462046D5
:105240000AF004FF00F1AE06D4F83401B04209D2EE
:10525000301A0321192838BF19200BF07DFC60B1EA
:105260000BF000FCC4F8346120460BF098F845B10F
:105270002046BDE8F8430BF093B80125F2E700257E
:10528000F2E7D4E95023C4E94A23BDE8F883BDE836
:10529000F84304F09FBB0AF01AFF042381468846B6
:1052A00084F839310BF0DAFB07220F46A9FB0231F3
:1052B00002FB0811D4E94A525B1941EB0205D4F80C
:1052C00010213AB159EA080204D0984277EB05025E
:1052D00028BF012684F83861D4E95226121A66EBF9
:1052E000070694F8581139B9012A76F100010BDA52
:1052F000204602F045F803E0012A76F10006F7DBCC
:10530000002384F85031C0E7984277EB05010FD2B3
:1053100059EA08080CD01B1A65EB07019A4276EB94
:10532000010005DB012B71F10000A4BF1A460E46F7
:105330000C49012304F1E800914284F851314FF007
:10534000000384F83031B341B8BF0A4604F59871C0
:1053500006F0C4FB002898D140F2B26152E7EF2179
:1053600050E700BF0040420F2DE9F84304460E46C7
:10537000154690F8503103F0FF07002B40F0948061
:1053800000F1E8083946782240460BF0A4FF224697
:10539000464940460BF08BFCC4F81061FF2384F8AB
:1053A000503166B1FEF756FD00F007003246404925
:1053B000013086F80C0206F50E700BF078FC40F216
:1053C00002434FF00009A4F8383184F8309105F019
:1053D000BBFB00F1490620460AF0A8FF0146B6B221
:1053E000C0B308F054FF00F12801284689B205F047
:1053F00055FB2844AE3DC4F834010BF02FFB3018A8
:10540000A4F8269041F10001C4E95001012084F87C
:1054100014010BF093F82D1AC4F818514FF0FF3512
:105420006FF000414046D4E95023C4E952510025B1
:1054300004F59871C4E94823C4E94A2384F851511A
:1054400042F2107206F04AFB38BB40F2B91130202C
:10545000FBF7B2F92046DFF85C900AF0F7FDAE30BA
:10546000C4F83401B9F8000048B1E08C38B1FEF757
:10547000F1FCB9F80030B0FBF3F202FB1300064474
:105480000BF0ECFA361841F10001C4E95061002D2F
:10549000C4D0AD1941F10001C4E7294620460AF005
:1054A00081FF3846BDE8F8830C27FAE7F951000080
:1054B00021500000C0130020F0B5002385B0CDE9D5
:1054C000003303238DF806306846FBF7D9FD88B119
:1054D0000123114EB3700023CDE9023302238DF86E
:1054E0000E3002A8FBF7CCFD044638B10023B370A0
:1054F00005B0F0BD00980AF023FBE5E7029D6B7B49
:10550000002BEED005F50E7738460BF0CCFA384676
:105510000BF0D5FA6C73E4E7C0130020044B0022B3
:10552000DA709A7042F210721A80FFF7C5BF00BF9E
:10553000C0130020014BD870704700BFC01300207B
:1055400008B503F0B1FE044B5A6882422ABF98782E
:10555000002080F0010008BDC0130020F0B5044613
:1055600085B090F84C3003F0FF05002B68D1437BE9
:10557000032B65D10BF072FAD4E99E23801A61EBFC
:105580000301012871F100035ADB6FF0010383422C
:1055900075EB010104DA40F2AA513020FBF70CF957
:1055A000D4F8C820E3880AB1B0FBF2F20133134407
:1055B0009BB2A4F82C32B4F8E431B4F82C229B1A34
:1055C0001BB2002B3CDD04F50E700BF06CFA0028CA
:1055D00036D0FF2384F83132B4F842300DF10E0793
:1055E000E588184E1D44B4F84030013DED1AADB2C7
:1055F000336863B1B4F82C1200222046013989B215
:105600009847B4F82C32184480B2A4F82C02B4F8AD
:105610002C32EB1A1B0413D4B4F82C1200230122F1
:10562000204689B20097FFF73DFA012808D1B4F867
:105630002C32BDF80E2013449BB2A4F82C32D7E7CD
:1056400005B0F0BDD81B00202DE9F743044606291C
:1056500000F2A980DFE801F004251422282DA10022
:10566000524B9B7803F0FF0253B900920123B0F82C
:10567000E411FFF717FA28B140F2CE61302031E093
:105680000423637304F018F806F09CF90023E28801
:10569000A4F89232A4F82E2284F8313203B0BDE887
:1056A000F08303234373F9E70BF02DF9C4E9A0015C
:1056B000F4E73F4B00F1A8081B681BB14246D0E954
:1056C000A00198471321B4F8AA00FBF79FFC00281B
:1056D00061D094F82131022B5BD005D8012B08D082
:1056E000DC21B420FBF768F8033B012BF8D81E300F
:1056F00000E00A30858894F82101DFF8B090C31EDD
:10570000012B8CBF002728270AF0ADF96430D4F8AC
:105710002022373FA842FFB234BF2B1A0023D4F80F
:10572000C85099188D428ABFAD1A0025ED1A99F814
:10573000033023B9D4F8E8309D4228BF1D46D4F881
:10574000F06104F1E80009F08CFC064402200BF043
:10575000D9F90221AD1B25EAE575854228BF05462A
:1057600028460BF0F9F910B12E440BF07BF9012318
:105770003A463146404609F080FDD4F8F031C9F888
:105780000400D4F8C800184403B0BDE8F0430BF09F
:1057900067B91430AEE79625ADE7A83003B0BDE891
:1057A000F0430AF077B940F29C7167E7C01300201C
:1057B000D41B0020014B1880704700BFC01300208D
:1057C000044B1A78012AD0B203D01878831E5842AD
:1057D00058417047C81300200C4B4FF47A7253F8AD
:1057E0002130023903F2E733C9B2B3FBF2F30229E5
:1057F00000F1FF3210B54FEAC21296BF044CF021FF
:1058000034F81110134400FB013010BDC8B8020079
:1058100020B70200D928F0B5054628BFD925BDF824
:1058200014600446303501F5A57006F00207ADB2EC
:10583000FF2D28BFFF2516F0010621D10FBB002B3D
:1058400000F0C580911EC9B2022996BF7B4D40F67B
:10585000480135F811100844D92C7FD9D93C951E40
:10586000F721A4B2EDB2002B00F0CF80F634022D68
:10587000B4FBF1F400F2C680714B33F815306BE0E5
:10588000EFB1911EC9B2022997BF6E4D4FF414714A
:1058900005EB4101C9880144D01E012837D801F623
:1058A00014409830002E3BD0023AD2B2022A97BF61
:1058B000644BC02303EB42035B8A18444EE053B1B0
:1058C000911EC9B2022997BF5E4D40F6480105EB13
:1058D00041018989DFE7032A05D1691D89B2890160
:1058E00001F5C871D7E7042A05D1691D89B20901FC
:1058F00001F5BF71CFE7022A0BBF05F10B0105F1DE
:105900000A0189B289B20CBF8900C900C3E7022A23
:1059100001F19C0114BF4FF4B070B4200844C0E7FB
:10592000EBB1911EC9B2022996BF474D40F648011E
:1059300035F81110D92C084410D9D93C951EF721FF
:10594000A4B2EDB24BB3F634022DB4FBF1F459D846
:105950003C4B03EB45031B8B03FB0400F0BDF12C18
:10596000214628BFF121032A05D1133189B28901CB
:1059700001F5C871DEE7042A05D1133189B20901A6
:1059800001F5BF71D6E7022A0BBF1931183189B270
:1059900089B20CBF8900C900CCE7B4FBF1F3022D3A
:1059A000DBB239D8294931F8151001FB0300C3EBEC
:1059B0004311C3EBC103E41AA3B2002BCED00833CA
:1059C000032A9BB22BD19B0103F21A4375E7032AEA
:1059D00006D10535ADB2AD0105F5C87528443BE7E4
:1059E000042A05D10535ADB22D0105F5BF75F5E7E2
:1059F000022A0BBF0B350A35ADB2ADB20CBFAD00FC
:105A0000ED00EBE740F69213A6E7B4FBF1F3022DAD
:105A1000DBB201D80E49C6E740F69211C5E7042A69
:105A200003D11B0103F5467347E7022A0BBF9B0016
:105A3000DB0003F5BB7303F5CD733EE72CB7020023
:105A400038B7020020B702002CB7020038B70200B6
:105A500038B70200294B5A6A10B5D2F80F30C0F897
:105A6000CC30537D117D1B0443EA0123D17C0B43D1
:105A70006FF45061C0F8D430B2F8193059180629C3
:105A80008DBF40F2E241A3F550634FF47A714B436E
:105A90008EBF00214B430121C0F8C83080F82A1185
:105AA000937DF9B103EB830303EB83039B00A0F821
:105AB000DC30B2F81730F1B164214B43C0F8D83074
:105AC000B2F81B30A0F8D030B2F81D30A0F8D230B8
:105AD00092F8243003F01F025B0980F8232080F83D
:105AE0002B3110BDC3EB431403EB840303EB83039F
:105AF0005B009BB2DBE740F2E241DEE7C813002027
:105B0000032937B5144617D19B0103F53473417946
:105B100090F844500139C9B203291AD8194A0A44E5
:105B2000907FE201CA3203FB0422174B9A4215D937
:105B300040F296712D200FE0042903D11B0103F5DB
:105B4000E773E4E702290BBF0B330A339B00DB004A
:105B5000DDE740F24E310620FAF72EFE1E23B2FB9F
:105B6000F3F205F03F03110AD2B241EA401143F0CB
:105B70004003002063F3070062F30F2061F3174036
:105B800003B030BD20B70200C3BF03000346074A7D
:105B9000506AD3F86920C0F80320B3F86D20A0F84C
:105BA000072093F8681008F05ABF00BFC813002000
:105BB000D0F8803073B50BB101221A604388DB073F
:105BC00027D50023144E056ACDE9003302238DF852
:105BD0000630FF2333776846FBF752FAC8B9009CBA
:105BE000A542F8D005F1B40395F8B32004F1B4014F
:105BF00094F8B30008F0E9FC0028ECD094F8AC303D
:105C0000B4F8B1203377D4F8AD30C6F81D30034B6B
:105C10009A8002B070BD00BFC8130020E5130020B9
:105C200038B5084D044600F169010623686A002270
:105C300008F0F4FF94F86810686ABDE8384008F08E
:105C40000EBF00BFC813002007B50AF0F0FD8DF8A5
:105C500007000548012306220DF10701406A08F0FC
:105C6000DDFF03B05DF804FBC8130020034B586947
:105C700010B1403009F05FBE704700BFC81300206C
:105C8000034B986910B1403009F055BE704700BF12
:105C9000C813002070B504460E461346407F658841
:105CA000324615F0040118BF04F17701FDF774FDC9
:105CB0004107054621D4C2070BD50123607F84F834
:105CC0006830FDF7CDFD0368C4F869308388A4F817
:105CD0006D30AB0701D4012070BD094B0121586A1A
:105CE000D4F8773084F87610C0F80930B4F87B30F7
:105CF000A0F80D3008F0BCFEEDE70020ECE700BF97
:105D0000C813002010B50446084694F8D8306BBB81
:105D10002378082904F1DB0284F8D93016D004F185
:105D2000DA01FDF70FFD20B94FF477612D20FAF766
:105D300043FD94F8DA3043F0020384F8DA3004F1DA
:105D4000D0000B49BDE8104009F006B9094B586A6C
:105D5000034613F8031BC1F3801184F8DA10D0F85E
:105D60000310C4F8DB109B889380E8E710BD00BFE8
:105D70002BFD0000C813002070B504460E461546E2
:105D8000FDF76CF898B92378A4F8C16084F8C030A6
:105D9000637C84F8BF500BB194F8483004F1B6002E
:105DA00084F8C3300249BDE8704009F0D5B870BD31
:105DB0003FFF000010B504460E498C3009F0CCF8C6
:105DC0000D4904F1C40009F0C7F894F89520B4F81F
:105DD00096102046FFF7D0FF084B00221A70084BA0
:105DE0001B682BB12146206A0222BDE810401847EB
:105DF00010BD00BFCDFD000015FD0000C813002040
:105E0000E01B002038B5B0F8483004461A4D013385
:105E1000C3F30E03A0F848302B7B2BB103F06EFDCB
:105E200002F03EFE00232B7300232B7094F8893080
:105E30002BB101212046BDE8384009F0E3BE637C68
:105E4000BBB1B4F848209A4213D30121204609F08F
:105E5000D9FE63882046DB0747BF236A43224322DB
:105E60004FF6FF7148BFB3F8AA10BDE83840FFF7FE
:105E700083BF0021DEE700BFC813002010B5FFF785
:105E80009FFC064C28B1237B1BB103F037FD02F0C9
:105E900007FEA06ABDE81040FFF7B4BFC81300209A
:105EA0002DE9F0410746FFF78BFC054620B940F687
:105EB00082412D20FAF780FC214CA26A166A0EB1AD
:105EC00096F829611FB3616A02F1690392F86820AC
:105ED00011F8097BF80908F078FBC0B13146606A17
:105EE00008F0EBFD98B1A56AFFF76AFC10B940F61F
:105EF0005C41DEE723782846E26A07F00F0103F1F0
:105F000080435269013B52F8233098470546237B72
:105F10001BB103F0F3FC02F0C3FD7DB1A06A09F0F0
:105F20002AFE30B103F06CFBE36ABDE8F0419B68E8
:105F30001847A06ABDE8F041FFF764BFBDE8F081F3
:105F4000C81300200346074A906A03B909B9FFF74E
:105F500059BF1378D26A03F180431269033B52F8A8
:105F600023301847C813002003292DE9F0430546C4
:105F700085B0174607D14388980723D400242046CC
:105F800005B0BDE8F083428890F88830D107DBB2D5
:105F9000F4D5002BF2D14FF00108DFF8D49099F836
:105FA0000C60C6B108F055FB0828387016D002AA5C
:105FB0000DF10701FDF7C6FB38B940F6F7612D205A
:105FC000FAF7FAFB4FF00208E7E702A99DF807008D
:105FD00009F0A7FC06463B78082B08D1D9F8241015
:105FE00011F8030BC0F3801009F09BFC0646D9F8AA
:105FF000241005F1700395F86F2011F8030BC0F31E
:10600000801008F0E2FAD9F82410044611F8030BC6
:10601000C0F3801008F013FB8146FDF733FC40B15C
:10602000B9F1080F1BD04846FDF7B8FA80F001031C
:10603000D8B23A78082A14D01CB96C7FA21A5442FC
:1060400054416A8853079AD4002897D176B9EC7CDA
:10605000444518BF002C0CBF012400248FE700200A
:10606000E7E780F001022240D4B2EAE7344686E74F
:10607000C81300202DE9FF4108230DF10702052177
:1060800004468DF80730FFF76FFF054620B900255D
:10609000284604B0BDE8F081FCF7FCF9064600286C
:1060A000F5D1344F0DF10808216A7A6A91F817C0CA
:1060B000104610F8033BC3F3401303EA0C03CB75FF
:1060C000D2F80330C1F8AD308388A1F8B130114661
:1060D000D4F820C011F81F3BC3F380138CF8AC3008
:1060E000D2F81F000B79029060468DF80C30FFF754
:1060F000B1FC434694F912200121206A09F095FE73
:10610000216A84F895602046B1F8AA309DF80720EE
:10611000A4F89630FF2384F8B3304FF6FF73A4F849
:10612000B43009F0ADFE144904F18C0008F014FFFE
:10613000FCF794FE60B9236A04F1C4000F49B3F878
:10614000AA20A4F8CD20DB7D84F8CF3008F004FF2E
:10615000236A00222046B3F8AA10FFF70DFE084B71
:1061600000221B683A70002B92D02146206A984783
:106170008EE700BFC8130020CDFD000015FD000014
:10618000E01B0020032973B5044604D005292BD059
:10619000012002B070BD08230DF107028DF8073011
:1061A000FFF7E2FE0028F3D0237C23B19DF807100F
:1061B0002046FFF7A7FD114D0622042620466B6AF4
:1061C0005A701E70FFF7E2FCA16D94F85C20686ABB
:1061D00008F064FC686A2E7003F01EFB0021686AF8
:1061E0000AF0AFFB0020D4E7054B1B68002BF9D069
:1061F000984780F00100C0B2CBE700BFC813002071
:10620000DC1B0020F8B504460F4619B300F1300539
:1062100028460AF03DF9A0B963881A072ED528460A
:106220000AF04BF9064628460AF032F9301AC0B295
:106230000AF084F9494A53680344284653600AF037
:1062400006F928460AF008F903F030F921792520EB
:1062500003F04EF8414E002394F87620706A0370E4
:1062600043706388103B0D2B68D8DFE803F0636749
:106270005F0C674467676767676767442046BDE8E8
:10628000F840FFF7BFBD062343702023037020466C
:10629000FFF77CFC638823F008039BB2152B05D025
:1062A00094F85420216D706A08F0E9FB706A03F0DD
:1062B000B3FA0021706A0AF044FB0323217900201D
:1062C000337003F015F9054607B9B06063881B0702
:1062D00004D50AF030F90544C4F81C516388103B1A
:1062E0000D2B36D8DFE803F038352F2F352F353515
:1062F00035353535352F0C2321214370034603F8FE
:10630000091B52B1D4F877200121C0F80920B4F854
:106310007B209A8008F0ACFBB9E7226FC0F8092017
:10632000B4F874209A8094F86F10F3E70623037092
:106330004370ACE7022303700623F9E740F259618A
:106340002D20FAF739FA21790120BDE8F84003F051
:1063500009BB40F6F541F3E7F8BD00BFC8130020C4
:1063600038B543880446102B04D10121BDE83840DC
:10637000FFF748BF0B4D2B7B23B102F06BFB402096
:1063800003F0B0FA686A03F047FA608810F004007E
:1063900002D1217903F0E6FA002003F08BFA012301
:1063A0002B7038BDC8130020024B0121986AFFF7FB
:1063B00029BF00BFC813002003292DE9F34104467B
:1063C00005D0052900F08180FFF71CFD79E0082346
:1063D0000DF103028DF80330FFF7C6FD002872D0DF
:1063E000237C23B19DF803102046FFF78BFCB4F803
:1063F000028001233A4E1F464FEA9812706AC8F392
:10640000801862F386170722437002700022394613
:10641000C27008F029FC2046FFF702FC706A08F001
:106420006DFCB4F85C30C0F1FE05AB42B4BFDDB228
:10643000EDB2AB4228D947F010070022706A033D45
:10644000394608F011FC736AEDB22046D97801F0A4
:106450003F0101312944C9B209F0AAFC0422C0F36A
:1064600007238DF80400C0F307400DEB02018DF8FF
:10647000053003238DF80600706A08F0CFFB002278
:106480003946706A08F0F0FBB8F1000F06D094F9B5
:10649000122094F844106079FFF7D6FB2A46A16DCC
:1064A000706A08F015FCFF20F581617902F020FF89
:1064B0000723706A337003F0AFF90021706A0AF0A5
:1064C00040FA002009E020467EE7064B1B68002BBF
:1064D000F7D0984780F00100C0B202B0BDE8F0816B
:1064E000C8130020E41B002010B5144C237B1BB103
:1064F00003F004FA02F0D4FAA06A09F03CFBA16AA6
:1065000018B14B8803F0180323B90846BDE81040C2
:10651000FFF778BCFFF754F920B940F686312D20FB
:10652000FAF74AF923780846E26A03F18043D26811
:10653000013BBDE8104052F823301847C813002033
:106540002DE9F04FB0F802A08BB0154606461AF0C0
:1065500003020AF00203029101920AF004021CD025
:106560001AF0010F05D043B140F286612D20FAF7F1
:1065700023F9002BF8D0022710E01FFA82F9002A35
:1065800000F0A9800127002D00F0F7804FF00009EE
:106590004FF0010BC84601210DE0019F92B2002B84
:1065A0005BD0002AEFD1002D00F0E78091469046A5
:1065B0004FF0010B114601241AF0400A04D0002DBF
:1065C00000F0E9804FF0010A44EA41040022012171
:1065D000072044EACB04DFF834B244EA0814DBF8BD
:1065E000243044EA49145A70187044EA8A145970E5
:1065F00004F07B04A146002D40F0F080DD70002304
:10660000DBF8240021460193C378019A03F03F038D
:1066100043EA8713E7B2C37008F026FBE30702D50D
:106620003046FFF7FDFAB80710D5029BDBF82400CF
:10663000002B00F0E28006F177010623012208F02A
:10664000EDFA0121DBF8240008F012FA0023002BF8
:1066500000F0DE8040F6690188E70AF02008002A91
:106660004AD125BBB6F854208AB1B8F1000F40F0EA
:10667000848034794FF000094FF00108033C012C6D
:1066800094BF002401244FF0010B494694E7B8F170
:10669000000F72D1FFF7EAFA0028EAD1FFF7F0FA0B
:1066A00001460028E5D1A946A846AB4683E7FFF797
:1066B000DDFA814610B9FFF7E3FA8146B8F1000F21
:1066C00062D134794FF0010B4146033C012C8CBF61
:1066D0000024012470E7047945B9A21E0127A946C8
:1066E00029465442B846BB46544165E7023C2F4612
:1066F000C84618BF0124C6E74DBBB6F85420AAB15E
:10670000B8F1000F21D13479033C012C94BF00244F
:10671000012431794FF000094FF0010803390129B4
:1067200094BF002101214FF0010B45E7B8F1000FA4
:106730000BD1FFF79BFA0028E5D1FFF7A1FA8346BA
:106740000028E0D1A946A84625E72C46E1E7FFF757
:106750008DFA814610B9FFF793FA814631790339F2
:1067600001298CBF00210121B8F1000F14BF0024C2
:1067700001F001044FF00008D5E74FF00108A946E9
:1067800029462C46C34617E74FF000084FF0010B8F
:106790004146444610E7B6F8540058B196F804A0B4
:1067A000AAF1030ABAF1010F94BF4FF0000A4FF0AB
:1067B000010A09E7708800F023000028EED1039158
:1067C000FFF754FA03990028E8D1FFF759FA039923
:1067D0000028E3D1019B002BE0D1F3E6DA70FFF74C
:1067E0004FFA00283FF40BAFDBF8183093F8E53090
:1067F000002B3FF404AF0A2302E706F170010623E1
:10680000012208F00BFA96F86F101BE7C81300205E
:1068100039071AD5726C05A98DF81530C2F30B2211
:10682000BDF81430DBF8240062F30B0396F8462021
:10683000ADF814301209C3F3072362F307130322E0
:106840008DF81530022308F0E9F9BA0640F1B3805B
:10685000D6F84031DBF81820D6F844710393002AAB
:1068600056D09046D8F88830D8F88CA00293FFF71D
:1068700007FA80B1DBF8183093F8E5305BB108F126
:10688000400009F0CDFF30B9029AD8F898309B1833
:106890004AF1000A029398F810C09F4BDBF81000F1
:1068A00053F82C304FF47A7CD0F16E0E039A03F239
:1068B000E7339DF81510B3FBFCF36CEB0C0CBEEB4F
:1068C000020E029A01F0BF016CEB070713EB0E03F7
:1068D00047F100079B184AEB070EB3F5161FD6F8D1
:1068E00034717EF1000C0DDAB3F5703FA7EB0000B8
:1068F0007EF100074FEAE07C0DDB98427CEB0E0C4A
:10690000C0F2008121F020018DF81510002316E05F
:10691000DBF81480A6E7984221F020017CEB0E0CF6
:106920008DF81510F2DA9DF8151011F0200F0CBF3C
:106930001E214FF49671B3FBF1F3C3F30C03BDF8C2
:10694000141063F30C01D8F89830ADF8141040F22D
:10695000E241B3FBF1F3ADF81630D8F8173098F8F0
:106960001B1006939DF81C3061F304038DF81C3056
:10697000FCF7E2FA9DF81C3060F347138DF81C30E9
:106980009DF8153023F080038DF81530D8F80030CD
:10699000CDF81D3098F804308DF8213098F8053086
:1069A0008DF8223098F806308DF82330B8F87A3018
:1069B0000133ADF82430012D4BD1B6F85420002A14
:1069C00047D0B6F802C01CF0020F42D1DFF84C816C
:1069D000D8F82400B8F80E30C178D31A01F03F0B74
:1069E000CBF1FE010BF101078B42B4BFDFB287F0A0
:1069F000FF07BA4222D91CF0010F1FD144F0100149
:106A0000033F019A8946FFB208F02EF90BF1040109
:106A100030463944C9B209F0CBF9C0F307238DF8E9
:106A20001000C0F307408DF8113004228DF81200D9
:106A3000032304A9D8F8240008F0F0F83A46316D91
:106A4000D8F8240008F044F9B8F80E301F44A8F82C
:106A50000E7019F0200F5FFA89F406D02F48122328
:106A6000052205A9406A08F0D9F863060CD5002D67
:106A70004DD106F13000347909F02AFD014696F92E
:106A800012202046FFF7E0F8FFF7FAF8002836D08A
:106A9000224CA36993F8E5308BB30721606A08F0B4
:106AA000DCF8092340F2E242037032234370A36909
:106AB000D3F8B8308370A369D3F8B8301B0AC37019
:106AC000A369B3F8BA300371A36993F8BB3043717B
:106AD000A36993F8C9308371A369D3F8BC30B3FBC1
:106AE000F2F3C371A369D3F8C030B3FBF2F30372BE
:106AF0007D22A369D3F8C430B3FBF2F343720BB029
:106B0000BDE8F08F41F020018DF815100BE7747986
:106B100096F84410B3E700BFC8B80200C8130020BD
:106B2000F7B504460A4619B990F87610FFF708FD44
:106B3000134D6B6ADA78910620D01A79D2061DD5EA
:106B400004F130005F78267909F0A2FC421C3B4634
:106B500031462046D2B2FEF7D3FF0422C0F307230A
:106B60008DF80400C0F307400DEB02018DF80530ED
:106B700003238DF80600686A08F050F803B0F0BDF2
:106B8000C81300202DE9F74304460F4690F844004F
:106B900002F08CFC6179FF20724D02F0A9FB002FFE
:106BA00049D16B6A04F1300094F804805E7809F0F2
:106BB00084FCB8F1030F2FD1B60106F53476A9682D
:106BC000638801EBC011CA3106FB00111E074FF0AC
:106BD000000048BF6B68296144BFC9182961627908
:106BE00002F072FC638898072CD06FBB617901209A
:106BF00002F0B8FE94F8761001222046FFF7A0FCC0
:106C0000686A02F009FE0021686A09F09AFE06230C
:106C10002B7003B0BDE8F083B8F1040F03D1360147
:106C200006F5E776CBE7B8F1020F0BBF0B360A3655
:106C3000B600F600C3E762794FF4A571002009F0B1
:106C400073FECFE7002FD5D0C3F34007C3F3801204
:106C50009907686A87F001074FF0070348BFD4F827
:106C600058804FEAC7074CBFB4F85C90D4F8508006
:106C700047EA821758BFB4F854900022037007F017
:106C800048070123C2703946437007F0EDFF3A0709
:106C900017D5626C01A9BDF80430C2F30B22686AF3
:106CA00062F30B0394F84620ADF804301209C3F3E5
:106CB000072362F3071303228DF80530022307F040
:106CC000ADFF686A08F01AF8EB89C0F1FE06A9EB7F
:106CD0000302B242B4BFD6B2F6B2334499452DDDB9
:106CE000002247F01001686A07F0BEFF686A08F0EA
:106CF00005F8EB89C0F1FE062046A9EB0303B34279
:106D0000B8BFDEB26B6AA8BFF6B2D97801F03F0116
:106D100001313144C9B209F04BF80422C0F3072312
:106D20008DF80400C0F307400DEB02018DF805302B
:106D300003238DF80600686A07F070FF63885B061E
:106D400006D594F9122094F844106079FEF77CFF80
:106D5000E9893246686A414407F0BAFFEB891E446C
:106D6000EE814DE7C813002010B5084CB0F85C3038
:106D7000E2899A4205D00121FFF704FF072323701F
:106D800010BDBDE81040FFF73DB800BFC81300209C
:106D900038B5438804461E4D13F0020F0FD1DB07B0
:106DA0000DD4EA89B0F854309A4203D1BDE8384096
:106DB000FFF728B80121BDE83840FFF7E3BE002007
:106DC000617902F0CFFD6388617913F0020F0CBF87
:106DD00022200C2002F08CFA02232B702B7B4BB16B
:106DE00001F038FE6379033B012B94BF452040201E
:106DF00002F078FD6379033B012B94BF282000202B
:106E000002F058FD686ABDE8384002F005BD00BFD9
:106E1000C81300202DE9F84300F13007304D01235D
:106E2000044638466B7309F033FBE8B96388DA0629
:106E300015D46A7B9AB103F02303B4F854201343AA
:106E400005D020460021BDE8F843FFF79BBEFEF7C2
:106E50000DFF0028F5D1FEF713FF0028F1D12046E1
:106E6000BDE8F843FEF7CEBF384609F011FB28B95C
:106E700063881B07F3D5384609F0E9FA384609F06C
:106E8000EBFA02F013FB2179252002F031FA0121FF
:106E90002046FFF745FE6B6A3846D5F8088093F820
:106EA000019009F00AFB0646384609F0F1FA4A4615
:106EB000711E091A2079C9B209F027FB227908EB63
:106EC0000001002002F000FB686A02F0A5FC00212E
:106ED000686A09F036FD05232B70BDE8F88300BF12
:106EE000C8130020064810B5037803F0FF042BB93F
:106EF000242221460AF0EFF9204610BD0C24FBE7BE
:106F0000C813002010B50023094C2370FBF798FF2D
:106F10006062FFF7E7FF20B14FF442712D20F9F7CF
:106F20004BFCE36A13B940F20B31F7E710BD00BF29
:106F3000C8130020014B024ADA627047C8130020D0
:106F4000FC730000044B054A1A60054B054A1A60A1
:106F5000054B064A1A607047DC1B00207560000074
:106F6000E01B0020C5FB0000E41B00203570000082
:106F70002DE9F041067D0446B31E06F0FD06DBB2A6
:106F8000012B8CBF4FF000084FF00108371E18BFCF
:106F90000127012B1AD800F1700190F86F0007F05B
:106FA0004EFB054663889B0617D4082D10D186B387
:106FB000FBF754FFB8BBE37E93B3D4F81530C4F8A5
:106FC0006930B4F81930A4F86D3006E00825E9E717
:106FD0002846FCF7EFFA0028E9D1657784F81C8091
:106FE00084F86870FCF7A8FB054609F037FD00221D
:106FF0000F4B84F87620E5FB0301C4E91801114624
:107000002046FEF747FE60B940F2A3412D20F9F774
:10701000D3FB04F169013046FCF75AF90028DCD1B2
:107020000020BDE8F08104F169010120F4E700BF10
:1070300040420F002DE9F04385B0082305210446A6
:107040000DF107028DF80730FEF78EFF00287DD086
:10705000FBF720FA002879D13E4D02AF206AFEF7F7
:10706000F9FC6B6AD3F81F0093F8232002903A7161
:10707000226AD3F80310C2F8AD10B3F80710A2F8D3
:10708000B1101B78206AC3F3801380F8AC30324B08
:107090001B6813B1012221469847D4F820800E23A3
:1070A000686A082698F8AC90002243704FF00301FC
:1070B000C378067003F03F03C37007F0D5FD204688
:1070C000FEF7AEFD4946686A07F0D2FC06230122AE
:1070D00008F1AD01686A07F0A1FD6179FF2002F0B7
:1070E00007F9686A02F098FB0021686A09F029FC38
:1070F000D4F820802046414609F02FF93B4601464E
:1071000094F91220404608F090FE216A00239DF871
:107110000720204684F89530B1F8AA30A4F89630BC
:10712000FF2384F8B3304FF6FF73A4F8B43008F0AF
:10713000A7FE236A2E70B3F8AA20A4F8CD20DB7D29
:1071400084F8CF30012005B0BDE8F0832046FEF77B
:1071500059FEF7E7C8130020E01B00202DE9FF418E
:10716000564F04463A7802F0FF0312B90278FF2A1C
:1071700004D140F6DD112D20F9F71EFB7B60FB8169
:107180007B7380F889304E4B684604F130050093DC
:107190004C4B01934C4B0293FB6A5B68039302F0E8
:1071A00025FB02F00FF902F0A9FB01F079FC47483A
:1071B00002F072F9464802F013FB284609F047F93D
:1071C000284609F049F902F071F92179252002F0E9
:1071D0008FF894F9120002F059F904F15001E06CB3
:1071E00005F0A7FF064604F15801E06C05F0C8FF62
:1071F0008046002E3AD094F82430BBB3B4F94850FE
:10720000ED43ED0F237F13B963885B0709D56FF05A
:107210000043D4E918129A4208BFB1F1FF3F2FD1C1
:10722000ADBB94F88B301BB946EA0806F6B2AEB196
:10723000638813F0100511D1606CC0F30B2009F0C6
:1072400097F894F8463084F84500C0F3032023F003
:107250000F03034384F8463084F88B50786A033078
:10726000FCF788FA387304B0BDE8F081B8F1000F7C
:1072700004D094F82550002DC0D1C3E74546C1E79E
:1072800009F0ECFBD4E9182390429941C8D30122BC
:1072900029462046FEF7FEFC50B1FCF74DFA0546A4
:1072A00009F0DCFB0B4BE5FB0301C4E91801B8E76F
:1072B000002DB6D040F61C215DE700BFC8130020AA
:1072C000E9640000A15E0000455F0000D6BE898E23
:1072D0005555550040420F0073B50446234DFFF746
:1072E0003DFF04212078F9F791FE0621686120789E
:1072F000F9F78CFE6B69A8612BB120B140F65521DE
:107300002D20F9F759FA204608F044FD668816F05A
:10731000100618D000212046FEF774FF94F88A303A
:107320005BB16846FCF728FB38B1694604F13600CA
:1073300007F0F2FA002384F88A30204602B0BDE854
:107340007040FEF735BC31462046FFF7E9FB686A1E
:1073500002F062FA3146686A09F0F3FA21793046A0
:1073600002F0C6F80523A8602B70D7E7C8130020E9
:10737000024B9862DB6A1B68184700BFC8130020E5
:1073800043881A0710B504460FD5036A3C221049FA
:107390008C304272B3F8AA304381FF2380F8273043
:1073A0004FF6FF73038507F0D7FD63882046DB07A0
:1073B00047BF236A3C223C224FF6FF7148BFB3F817
:1073C000AA10FEF7D9FCFF2384F8893010BD00BF56
:1073D000CDFD000085FF000093FF00006163000009
:1073E0008BFF0000156E0000916D0000696D0000BC
:1073F000B55D000085610000B9630000D97200002E
:107400007D5E00008FFF0000D4730000DC7300007D
:10741000F47300000138022808B503D9C4212F20D5
:10742000F9F7CAF913290A4B05D811290CD81029E4
:1074300007D0D221F3E71529FBD103EB4003D8880D
:1074400001E033F8100008BD03EB40039889FAE728
:1074500042B702002C4A38B50346948810681C4392
:10746000402B948004D10421BDE83840FEF7ECB8ED
:10747000802B01D10521F7E703F00304032C04D18D
:1074800040F6A4313120F9F797F9DD0706D50C68ED
:1074900091602478062C1AD00B2C22D09C0711D591
:1074A0000C6821780729117329D00B2922D00529CE
:1074B00008D1C17B182905D1002400250121C0E98C
:1074C0001E4501759B0644BF0823537338BDC47B1A
:1074D0001C2CE3D100240025C0E91C450124C47400
:1074E000DCE7C47B122C01BF0024C474012480F8A3
:1074F0005240D3E7C17B1129E4D10021E1E7617853
:1075000080F8A010DEE700BFF81300200C4A034605
:10751000517B89B910683BB9B0F81011B0F8F4206C
:10752000914209D8FEF70CB893881B0706D5007C5A
:10753000083818BF012070470020704701207047AD
:10754000F813002073B5044600680D46036813F075
:10755000300F49D1B1F805101A2904D9B5F8073010
:10756000B3F5A47F06D22978204602B0BDE870406A
:1075700007F001BFB5F801201A2AF4D9B5F8036065
:10758000B6F5A47FEFD3E830009607F09FFD174BC8
:107590009A8892070DD51B7B142B0AD12268136899
:1075A00043F010031360204607F0A3FE002002B052
:1075B00070BD23689A7B212AF0D093F82F31002BDD
:1075C000ECD1236893F82E31002BE7D123681A6899
:1075D00003F1E801B3F8AA0042F020021A6003F5B3
:1075E000B472FCF7FFFBDEE70120E0E7F8130020B0
:1075F0002DE9F843894D06462C68002840F0CC80E0
:10760000AB8819074FD594F89E302A2B16D00CD88A
:107610001C2B13D0222B18D094F89E30FE2B20D197
:1076200040F2FB513120F9F7C7F83C2BF4D17C4BE9
:107630001B68002BF0D028469847EDE7002384F81C
:107640004131764807F04DFEE6E784F84201754B7C
:107650001B68002BF5D004F5A17104F1A400984734
:10766000EFE7FE2384F89E30E37B1E2B06D1002734
:107670006A4884F8517007F04EFEE773A37B372BFE
:1076800033D0432B39D0242B06D1E37B243B072B6B
:1076900094BF2B232523A373237C082B02BF022333
:1076A000AB7384F89E30AB88DA074ED5D5F80080EE
:1076B000A96898F80F30D1F80090113B99F8007044
:1076C0000F2B0BD8BB1EDBB2092B00F2A58040F2BA
:1076D000333222FA03F3DB0740F19E800979384602
:1076E000FCF77AF980B939467FE0012384F8CD327E
:1076F0000023A37384F84A30CEE7002384F8503186
:10770000464807F0EEFDC7E7012F01D9162F4ED1ED
:1077100098F80E0007F01FFE40B198F80E30242BA9
:1077200004D0252B34D12B2388F80E303846FCF7B3
:1077300015FE0346002849D1FF2FD4D12B69002B19
:1077400051D02B68012283F8CE22AB88580704D58C
:10775000227C072A04BF0122AA7399074CD5287BF3
:1077600001222B680D2883F89F2042D011284CD08D
:1077700007284CD0FCF7FCFD034600283AD12A7BB1
:10778000FF2A46D12A68372182F8CC02917333E070
:10779000162F14BF022620266B7B1B0704D5E37B24
:1077A000113B0F2B98BF08263046BDE8F883112FF8
:1077B00015D005D8072F14D00D2FB7D11A4B05E0DF
:1077C000142FB3D1194B1B68002B8CD0AA684946E3
:1077D0001248127998470028B7D00646DCE7144BC8
:1077E000F4E7144BF2E799F800100C4807F0C3FDDA
:1077F000F1E7114B09489847AB88DA06CCD5E37B13
:107800000A2BC9D10B23E373C6E70C4BF2E70C4BF1
:10781000F0E740F2EE5105E70826BDE7F813002037
:10782000481C00200C1C002031790000EC1B0020BB
:10783000E506010089790000450501009105010078
:10784000FF0501000029034608BF1F21252870B548
:1078500014461AD8222846D81D2812D80D2801D837
:10786000002070BDA0F10E060125F6B2B54040F231
:10787000512635401CD116281FD01D28F0D1254A8D
:1078800032E02028ECD1244A2EE0262836D0A0F180
:107890002E02D2B2102AE3D8012040F29515904072
:1078A000284233D10D2A33D0102AD9D11B4B26E0E0
:1078B0000021BDE8704008F0C9BE1668B37B252BD7
:1078C00009D12046FBF7BAFB86F838510023B37381
:1078D00086F84A30C4E72B2BC2D1F37B243B072B1D
:1078E000F4D92A21EDE70E4A1568002DB8D00A46D2
:1078F000204619462B46BDE870401847094B1B68C7
:10790000002BADD02046BDE870401847064AEBE793
:10791000064BF4E7FC1B0020041C0020341C002054
:10792000F01B0020101C00201C1C0020501C0020FC
:10793000024600684978837B212B17D00ED8042B90
:1079400016D00F2B16D0C07B272817D0333BDBB2C5
:107950001C2B15D80B48C05CFFF774BF2B2B03D032
:107960002D2B09D0252BEED11620F5E71420F3E7B7
:107970000E20F1E71220EFE72320EDE71720EBE7D9
:10798000FE20E9E754B7020013B54C7802683E2C9C
:10799000937B6DD8222C07D8A4F10E02D1B20F2907
:1079A00040D9002002B010BD233C1B2CF9D801A205
:1079B00052F824F0DB7A0000A3790000A3790000DC
:1079C000F97A0000A3790000A3790000A3790000F0
:1079D000A37900006B7B0000A3790000A37900006D
:1079E000017B0000A37900002F7B0000A379000039
:1079F000437B0000A3790000A3790000577B0000BF
:107A00001B7B0000A3790000A3790000A37900008C
:107A1000A37900006F7B0000A3790000A379000028
:107A2000FD7A00000F2ABCD801A151F822F000BF56
:107A3000857A0000A3790000A3790000A3790000F3
:107A4000857A0000A3790000857A0000A379000000
:107A5000957A0000857A0000A3790000A3790000E0
:107A6000A3790000A3790000A3790000EF7A000059
:107A7000FF2C96D13F4B1B69002B92D0012382F83B
:107A8000CE328EE702460121204602B0BDE810400A
:107A900008F0DCBD252B01D02B2B82D1019007F003
:107AA00020FC01980368DA7B262A3FF47AAF93F82A
:107AB00063201A2122F0010283F86320026892F801
:107AC000633023F0080382F86330FBF7B7FA0198BC
:107AD0000022036883F8382163E72D2B7FF461AF20
:107AE000254B1B68002B3FF45CAF984759E7362BBA
:107AF0007FF457AF214BF4E7214BF2E7214BF0E73E
:107B0000382B02D04F2B7FF44CAF1F4B1B68002B40
:107B10003FF447AF2E21984743E7392B7FF441AF1D
:107B2000194B1B68002B3FF43CAF3621F3E73A2B8F
:107B30007FF437AF144B1B68002B3FF432AF30217A
:107B4000E9E73E2B7FF42DAF0F4B1B68002B3FF472
:107B500028AF3221DFE7442B7FF423AF0A4B1B68A9
:107B6000002B3FF41EAF3521D5E7084BB9E7084B92
:107B7000B7E700BFF8130020F41B0020001C002012
:107B8000141C0020381C0020201C0020401C002059
:107B9000541C00202DE9F34790F8DA8204460D4684
:107BA00090F8DB62B8F1000F3BD190F82071002E05
:107BB00039D194F821A184F8207184F821A1FF2300
:107BC00084F822311A4B04F1A8091B6813B1394615
:107BD00048469847174B1B6823B13A46514601A8BF
:107BE0000194984794F83831012B02D058EA0606E0
:107BF00003D0237B43F001032373484607F085FA43
:107C000018B1237B43F00203237306212046FDF7BE
:107C10001BFD002384F838313DB1A37302B0BDE8E9
:107C2000F0874746C3E7B246C5E7E573F6E700BF0E
:107C3000F81B0020441C0020024B0020C3E9040074
:107C4000704700BFF813002008B50022044BC3E9B9
:107C50000422FCF731F9BDE80840FCF751BC00BF35
:107C6000F813002073B5514D002604462860AE80FD
:107C70006E73AE73FF2380F84C30B0F8E231002B06
:107C800000F0828090F89E30FE2B7DD190F82C3150
:107C9000002B79D0037C073B012B75D990F82D314F
:107CA0000221A0F84460012280F8A03008F057FCBF
:107CB0000221284684F8EA61FCF78AF9B4F8E61153
:107CC0002046B4F8DE300139B4F8E82189B2B1FBBE
:107CD000F3F31344A4F8E831B4F840300B44A4F8AB
:107CE000403008F06AFC10B1636B0B446363B4F876
:107CF000E2310026012B9CBF0133A4F8E23109B127
:107D000084F8EE61E37B84F8EA610A3B012B0FD82B
:107D1000E388B4F8D8229B1A190409D404F2DA21B2
:107D200004F1170006F0F8FDE673FF2384F84B30EA
:107D3000B4F8E62104F1A801204606F034FEE37B06
:107D40001B49113B1B4A0F2B8CBF002301230093BF
:107D5000194B2868FAF75EF9696911B1002008F03B
:107D6000EFFD2C68237BDA0703D500210F48FBF7D2
:107D700065F9237B9B0703D504F25F10FCF72CF811
:107D80000023237302B070BD94F89E10FE2901D029
:107D9000064891E7094B1E68002E8FD008F00AFFB5
:107DA00002460B460148B04788E700BFF8130020A1
:107DB000557400000D750000D17D0000581C002096
:107DC000024B1869003818BF01207047F8130020D3
:107DD0002DE9F04FDFF8E4810F4687B08146B8F80F
:107DE0000410D8F800408D05204655BFB4F8402057
:107DF00000230132A4F840304CBF84F8EE31A4F8DF
:107E0000402008F0DAFB38B10B4604F5AB7204F100
:107E1000A8012046FCF7EAFCB8F8043003F4C0637C
:107E200033B1A37C002B00F0A080032B00F0A380D3
:107E3000A27CB8F80430012A03D1180544BF0222FD
:107E4000A274B9F1000F40F00381590657BFB4F88E
:107E500008224A46013292B2A4F8082203F00A022C
:107E60000A2A0FD198F80C20022A0BD123F008031C
:107E70003846A8F80430FFF7BBFB38430823C7B2E5
:107E8000A8F804303846FFF7B3FBD8F81030384371
:107E9000C7B2002B50D01422002101A809F01BFA10
:107EA00094F8210101F03AFE054694F8210101F011
:107EB0002DFE05F5FA754FF47A7394F82911B5FB88
:107EC000F3F5B4F8AA300544D4F8C800ADF804308E
:107ED000E388ADF80A50ADF8083006F066FC94F877
:107EE000CE32ADF8060033B1D8F808301A689B8856
:107EF00004928DF8143094F8CD2201A89DF80C302E
:107F000062F300038DF80C30D8F810309847002346
:107F1000049A84F8CE3284F8CD326AB194F8CC3227
:107F200053B9A37B372B07D09DF8143023B11178B8
:107F3000FF2924D11B2B29D9D8F8006096F89E3050
:107F4000FE2B4BD1002F49D1337C073B012B45D968
:107F500096F82C3113B396F82D3101220221A6F8A0
:107F6000447086F8A030304680E10121A17420469B
:107F7000FDF76AFB5CE702230121A374F7E70729F9
:107F8000DAD1022BD8D15178FF29D5D10121C4F8FB
:107F9000D02284F8CF3284F8CC12CDE796F80FA027
:107FA000AAF1100A5FFA8AFABAF1100F40F21B81A7
:107FB0003368DA0704D53A460921D4E7F8130020DC
:107FC0009D0740F1A3803A460C21304608F0C7FADD
:107FD00096F8533043F0010386F85330B4F8E83193
:107FE00094F8EB510133A4F8E831002D00F022831E
:107FF000FAF71EF910B10023A4F8E831B4F8AA008A
:1080000008F038FCA37C8246012B40F25483237C89
:10801000082B40F02783B4F84030022B40F24B830A
:10802000B4F842500135ADB2E38801A920462B4493
:10803000A4F8E0310123ADF8043005F06FF9002811
:1080400000F03D83BDF80430E2881344A4F8E43125
:10805000B8F80430D8F800505E0657BFB5F8F431D0
:108060000023B5F8E6219B1858BF9BB2A5F8F43160
:1080700095F82C311BB92B7C073B012B06D8B5F8A2
:108080004430B5F8E6211344A5F8443095F84A1079
:1080900031B1B5F84630B5F8E6211344A5F84630BD
:1080A00095F95020002AC1BFB5F84E30B5F8E60169
:1080B0001B18A5F84E3095F831306BB9B9F1000FA7
:1080C00040F0A48398F80E30022B40F05B8395F8C3
:1080D000A030062B18BF162395F8302022B9AB48E4
:1080E00085F83130FCF7A6F9284608F033FBA84B99
:1080F0001B681BB1A74A204611689847002384F8E3
:108100004C3007B0BDE8F04FFBF7B2B8580702D5C6
:108110003A46132127E7190706D596F898303A46CC
:1081200086F8A03007211EE71A0602D500221B217F
:1081300019E713F0300138D096F82F31002B72D1A7
:1081400096F82E31C3B1F37B06F1A80006F59771BE
:1081500006F2DA22292B26D0B37BA3F129056B4244
:108160006B4106F087FF336823F0200343F01003D0
:108170003360002386F82E313368DA0653D506F1D2
:10818000A80006F0C2FF18B106F25F10FBF724FE4C
:10819000B6F80A3100221521A6F8A030B6F80E3143
:1081A000A6F8A230DFE60123DBE713F0400202D09D
:1081B0000A462421D7E613F4807101D01E21D2E6AD
:1081C00013F4007202D00A462F21CCE613F40051BA
:1081D000FAD113F4806202D00A463121C3E6DB04EF
:1081E00021D52C21BFE6D8F80050EB7B182B49D0C5
:1081F00014D8112B37D0162B3BD0B37B002B40F07B
:108200008880F37B103B102B40F28B8096F83E3039
:10821000002B00F0868001221221A4E6202BECD155
:108220003A46062121E0D8F80050EB7B3D2B64D084
:108230000CD82F2B67D0352B53D0262BDDD195F8BA
:108240003831022B50D1002217210EE0452B57D098
:108250004E2B5BD0402BD0D14F4B4C481B689847DE
:108260000022332101E03A460B21284608F077F935
:10827000B4E62846FCF752F900283FF4AFAE0022DE
:108280000421F2E795F8C832012B07D13A460521BF
:10829000284608F064F985F8C8729FE695F8C83258
:1082A000022BD9B27FF49AAE95F8523053B106231F
:1082B0003A4685F8A030284608F051F9002385F8A1
:1082C000C832EAE7D8F8003040F20632A3F89A2024
:1082D0003A4695F8623013F0040F0CBF0D211121BE
:1082E000E9E700221121C0E795F83831012B84D14C
:1082F00095F83931002BA6D07FE700222D21B4E775
:1083000000223A21B1E700222021AEE700223C21E1
:10831000ABE7092B05D196F89930012286F8A030F9
:1083200000E7BAF1100F7FF659AED8F8005095F873
:108330000EA0BAF1000F40F0C28095F83F313BB17A
:1083400001220E21284608F00AF985F83FA1A4E78A
:1083500095F83E3183B195F853A01AF0030B0BD179
:108360004AF0010A01220C21284608F0F8F885F8A5
:1083700053A085F83EB190E795F84031B3B195F838
:108380006930DB090AD001222B216EE7F8130020A7
:10839000081C002098000020301C00209D4B1B680A
:1083A000002B00F08C809C48984788E095F82E318F
:1083B0002BB395F82F3113BBEB7B05F1A80005F526
:1083C000977105F2DA22292B17D0AB7BA3F129068E
:1083D0007342734106F04EFE002385F82E310122D0
:1083E0001421284608F0BBF8B5F80A31A5F8A030EA
:1083F000B5F80E31A5F8A230F0E50123EAE795F8CB
:108400003831012B6FD195F83931002B6BD1E87BD6
:10841000A0F12403072B66D995F820114B1EDBB27F
:10842000032B0AD8DFF8F4C1634493F81DE095F8F4
:108430002131013BDBB2032B04D94FF43F710620FD
:10844000F8F7BAF9BEF1020F95F83A2114D0BEF14F
:10845000030F13D0BEF1010F04D1012A14BF002273
:1084600001226AB9A0F14703012B28D90A38042850
:1084700025D901221621F8E6022AEFE7042AF1D1D4
:1084800063445A7F95F83B31022A24D0032A24D032
:10849000012AE7D1012B14BF00230123002BE1D0D7
:1084A000EB8805F53672B5F83C0106F003F8824614
:1084B000B0B901465848FAF7C1FD85F838A1B37B39
:1084C000002B7FF48BAD96F8CC32002B3FF486ADB9
:1084D0000122FF2147E5022BDDE7042BE0D0C1E7B5
:1084E0002C23AB737AE595F8423113B10122222196
:1084F000BBE695F8413143B1494B47481B68984763
:10850000FE280146DBD00122AFE695F84A3113B1CF
:1085100001221D21A9E695F84B316BB195F8673022
:10852000DB0902D001222E219FE63E4B01220C21C5
:1085300039481B68984751E595F84C3113B1012231
:10854000362192E695F84D3113B1012230218CE6A7
:1085500095F8503113B10122382186E695F84E3155
:1085600033B1314B2C481B689847012232217CE6FD
:1085700095F84F3113B10122352176E695F8513146
:1085800013B10122262170E695F8D43213B10122ED
:108590003E216AE695F85231B3B1DFF87CA0122192
:1085A000DAF80030B3F8AA00F8F730FD03699B074A
:1085B00006D51E4B50461B68984701223B2154E6C6
:1085C0001B4B50461B68EFE695F854318BB195F87C
:1085D000393173B9EB7BA3F12402072A09D9AA7BAD
:1085E0003E3A042A05D93E3B042B02D9012223211D
:1085F0003BE695F85331012B05D1002385F8533123
:108600000122252131E695F85331022B7FF457AF33
:10861000F3E700BF401C0020F813002054B702000D
:10862000E81B0020241C00202C1C00204C1C0020D7
:10863000541C0020F9F7E8FD08B1A4F8E851F9F757
:10864000FFFD00283FF4DAAC94F8EE310133DBB2E1
:10865000022B84F8EE3182BF0023A4F8E83184F8BD
:10866000EE31CBE494F83E3013B1A37B0F2B22D133
:10867000B4F842502046B4F840200135B4F8DE305A
:10868000AD1A9900A5EB830507F097FFA8B1A36B7E
:10869000626B01339B1A5B1A9D42A8BF1D46BAF15B
:1086A000000F05D0BAF80E30043B9D42B8BF1D46FE
:1086B000012D3FF7B8AC0125B6E42B46ECE7DFF817
:1086C00058B1B4F8DE60DBF8003073B1012E0CD97C
:1086D000F9F7A0FDDBF800300246E1882046984714
:1086E000BDF804301844ADF8040094F8EC31002BC8
:1086F0003CD1012D3AD9E37B0BB10B2B36D1A37BB7
:10870000A3BB237C93BBA37C022B2FD194F8EE3127
:1087100063BBD4F8C00004F053FB38B394F89E3028
:10872000FE2B23D1B4F8E231012B1FD9B4F8E82194
:10873000B4F8D0309A4219D2BAF1000F02D0BAF888
:108740000E1099B9013D9B1AADB29BB2B5FBF6F57F
:108750009D4228BF1D46BDF8043005FB0633003D91
:1087600018BF0125ADF8043084F8EA512B4B1B6883
:10877000002B3FF467ACBDF8041020469847ADF8D5
:1087800004005FE4012B08D16B7C002B7FF4A4ACC8
:1087900000212846FCF758FFA9E45FB1F80633D45E
:1087A000390733D4BA0633D4BB0733D14FF4316120
:1087B000312045E639B1B5F84610B5F84830994250
:1087C00001D3222388E4002A05DDB5F84E20B5F850
:1087D00048309A42F5D2B5F84420B5F842309A4272
:1087E00009D2AA7CB5F8403052B1B5F842209A427D
:1087F000CED8082370E495F82C31002BE1D1F0E7B6
:10880000052BC5D93E2367E41E2365E43D2363E4BD
:10881000232361E42A235FE4181C0020281C002085
:1088200073B504460190D0F8E002D4F8C8309842FD
:1088300014D1D4F8E462D4F8D030F61A18BF012667
:1088400094F8EC32002B3ED0B4F8AA0008F012F8ED
:1088500030B940F668513120F7F7AEFF0126EFE757
:10886000B4F8E822B4F8DE309A421AD1B4F8EA3209
:1088700082899B1A18BF0123A57B472D15D0E27B67
:10888000472A10D00025B4F8E62201A8D4F8E01257
:10889000FBF746F88DB30023A3730323A37402B040
:1088A00070BD0123E8E73343ECD0154B1B6813B9C7
:1088B00040F67351CFE7A5F14702002101A85542C8
:1088C00055419847DFE7002EDCD0B4F8AA3094F881
:1088D0002911A4F8A73105F068FFB4F8E432A4F830
:1088E000A90104F29D10A4F8AB31B4F8E6320549B1
:1088F000A4F8AD3106F039FBC4E7E573CDE700BF5E
:108900003C1C0020F1F4000008B5FBF735FB024BDE
:10891000024A1A6008BD00BFEC1B0020457500002C
:10892000014B5870704700BF10140020014B1874A1
:10893000704700BFA0140020074B93F90030184483
:10894000142804DC10F17F0F03DB40B270471420C1
:1089500070476FF07E0070470E1500207F2307B52B
:108960000DF107008DF8073000F0D6FF03469DF9A2
:10897000070053B1094B5B785B425BB21844142883
:1089800006DC10F17F0F05DB40B203B05DF804FB9D
:108990001420FAE76FF07E00F7E700BF0E15002005
:1089A000024B00221A705A70704700BF0E1500204B
:1089B000014B1870704700BF10150020064BD3F80C
:1089C000000138B1D3F8040120B1D3F80801B0FA9E
:1089D00080F04009704700BF00600450034B002244
:1089E0001A705A7010229A70704700BF1415002038
:1089F000F8B50646022014460D4600F0CBF8114BA0
:108A0000114A01275C60191D9A6002F180720334DB
:108A10002D011F70DC601D83C3E90426002224336E
:108A200003F80A2C0D2203F8092C084AC2F8301565
:108A3000074903C983E80300C2F80875C2F838354E
:108A4000F8BD00BF141500200300000B00600450A7
:108A500018B8020008B5022000F09CF80D4B012266
:108A60001A7000220C4BC3F80021C3F80421C3F88C
:108A700008210A4AC3F8802003F57433C3F88C2018
:108A8000A3F58023C3F88C21A3F580530822C3F8F3
:108A9000042508BD14150020006004500300008068
:108AA000154A08B51378FBB100231449C1F880308A
:108AB00001F57431C1F88C30A1F58021C1F88C31F9
:108AC00008210F4BC3F80815FFF778FF88B1012381
:108AD0005370938EFF2B03D9BC213B20F7F76CFE1C
:108AE000DBB29370002313700020BDE8084000F053
:108AF00051B810235070F4E71415002000600450A2
:108B000000200450094B1A7862B1094BD3F80021B8
:108B100052B1D3F8040140B1D3F80801B0FA80F0A3
:108B2000400970475878704702207047141500209C
:108B300000600450064A08B513782BB1FFF73EFFDA
:108B400020B192F8340008BD9078FCE71020FAE7D5
:108B50001415002038B5084C0025D4F80035032B37
:108B600004BF01236360C4F80055C4F8005501F048
:108B700041FAC4F8805038BD00600450044B4022D4
:108B8000C3F88820BFF34F8FBFF36F8FFFF7E2BFAB
:108B900000E100E010B50446FFF7DCFF012C06D031
:108BA000022C09D03CB18C213D20F7F705FE074B84
:108BB0000222C3F8002510BD044B0322C3F8002590
:108BC00002F10042C3F88020F5E700BF00600450C6
:108BD000024BD3F8A00300F00100704700C0FF0073
:108BE000084BD3F8A423D3F8A833511C9BB203D16C
:108BF0004FF6FF718B4203D00260838001207047E3
:108C00000020704700C0FF000B4B30B5D3F89053E5
:108C1000D3F89443D3F89813D3F89C2305EA0403BC
:108C20000B401340013317BF056000204460816092
:108C30001CBFC260012030BD00C0FF000B4B30B52F
:108C4000D3F88053D3F88443D3F88813D3F88C2314
:108C500005EA04030B401340013317BF05600020F1
:108C6000446081601CBFC260012030BD00C0FF00B5
:108C7000074B0022C3F80022C3F81822C3F82022B1
:108C8000C3F80C22C3F81422C3F81C22704700BF9B
:108C900000A0085010B50D4C01F03F01D4F8203E63
:108CA00041F40C3123F4702341F4207143EA024370
:108CB000074AC4F8203E536823F00303184350606A
:108CC000C4F8000DC4F8101D10BD00BF00A008506E
:108CD00050150020064B10B50024C3F870432246FF
:108CE00021462046FFF7D6FF024B83F83C4010BDDB
:108CF00000A0085050150020094B0022C3F8482559
:108D0000C3F84425C3F84025C3F84C25C3F85025C3
:108D1000C3F850214FF48012C3F80823704700BFF6
:108D200000500850EFF3108272B60D4B93F83D10CF
:108D300021B15B78012B04D0022B0ED002B962B6B0
:108D4000704710F0040FF9D1064B0021C3F840150D
:108D500003F5A04301211961F0E710F0020FF2E7DB
:108D6000501500200050085008B5104B18720138FB
:108D70000F4B072815D8DFE800F004080C0A140E82
:108D800010120322C3F8002508BD0422FAE70622C8
:108D9000F8E70522F6E70022F4E70122F2E70F22C6
:108DA000F0E740F645513E20F7F706FD501500204C
:108DB00000A00850002814BF0223042307B58DF833
:108DC000043000238DF8063007F0F8FE01284FF03C
:108DD000FF3088BF00208DF8050001A803F0B2FC29
:108DE00020B140F65C313E20F7F7E6FC03F0C2FC10
:108DF00058B15723ADF80230BDF802309BB25A1E6D
:108E000092B2ADF80220002BF6D1034B012283F879
:108E10003D2003B05DF804FB5015002070B5134DE4
:108E2000034608466E7F26B940F6C1013E20F7F79B
:108E3000C3FC63B9012EAC69297F05D100F024FF82
:108E400020442B69C01A70BD07F081FDF8E7012BA3
:108E500009D1012EAC69297F02D100F0FFFEEFE7B6
:108E600007F080FDECE70020EBE700BF5015002085
:108E7000124B93F82900F8B193F82820EAB193F83F
:108E80002A200F4B52B10F4AC3F80821A3F5A04383
:108E9000D3F84001B0FA80F040097047D3F80024BD
:108EA00042F00102C3F80024D3F8200500F0F600D8
:108EB000023818BF0120704701207047501500206C
:108EC00000A008500B00008013B50B4C01AB94F9C7
:108ED000092001F0DBF89DF8050001F05FF920B1F1
:108EE00040F2E3513E20F7F767FC21469DF904006C
:108EF00000F050FE02B010BD5015002008B5134B15
:108F0000DB89952B21D970B9114B28311846D960CE
:108F1000104901F02BF90130012816D940F2C26145
:108F20003E20F7F749FC01280CD1094B293118469E
:108F3000D960084901F020F90130012805D940F233
:108F4000CC61EDE74FF4DA61EAE708BD5015002087
:108F5000A400002020B80200074BD3F8502110B520
:108F600032B10022054CC3F85021D4F8203203B1AD
:108F700010BD08F00DF9F8E70050085000A00850A7
:108F800008B50E4BDA89952A16D95B78012B09D1E1
:108F900001F0F8F8013001280ED940F611113E20F9
:108FA000F7F70AFC022B07D101F0F2F80130012893
:108FB00002D940F61711F2E708BD00BF5015002096
:108FC0000A4B40F409000A4A9B8940F04000B3F57F
:108FD000166F36BFA3F63813A3F5166343F48073F8
:108FE000C2F80837C2F84005704700BF501500208E
:108FF00000A0085010B50C46FFF7B6FE2046FFF75C
:10900000DFFF0D4BD3F8002442F01002C3F8002418
:109010000A4A127A082A0BBF40F2022240F20312D7
:10902000C3F8442EC3F8442E14BF40F25B62044AD6
:10903000C3F8482E10BD00BF00A0085050150020F6
:109040002110010007B50DF1070003F087FB20B1E7
:1090500040F69F313E20F7F7AFFB0D4A9DF80730F1
:109060005278012A04D0022A0ED003B05DF804FB26
:1090700013F0040FF9D1074B0022C3F8402503F584
:10908000A04301221A61F0E713F0020FF2E700BFDC
:10909000501500200050085038B50C460546FFF723
:1090A00063FE20462146FFF78BFF2846FFF70CFFA3
:1090B000094B1B7A082B094B0BBF40F2022240F2EE
:1090C0000312C3F8442EC3F8442E14BF40F25B626F
:1090D000034AC3F8482E38BD5015002000A00850A0
:1090E000211001002DE9F04106460C461746FFF716
:1090F00061FE07F0BFFC0028FBD0524D002E56D178
:109100004FF0010895F8283085F80180002B3BD1FD
:10911000A97A3846FFF7C0FF95F82A30002B37D0E0
:10912000494BC3F80080494B4FF47A7233F817303B
:1091300003F5FA73B3FBF2F3E41A012385F8283040
:109140002B691C44424BC3F8404595F83E302BB187
:10915000032B57D0022B51D1002E53D03D4B3C490D
:10916000C1F8C031FFF784FE0546002865D0012311
:10917000CB64D1F84C35A3425FDA21463046FFF785
:10918000BDFEFFF75FFF59E095F82A30002BCAD1EA
:10919000314B4FF47A7253F8273003F5FA73B3FB6F
:1091A000F2F32C4AE41A284BC3F80021C5E7012E3C
:1091B0001FD102236B7095F8283083B9A97A3846FD
:1091C000FFF718FF95F82A306BB11F4B5E601E4AFF
:1091D000D2F8003443F01003C2F80034ADE795F83C
:1091E0002A30002BF3D1184B293C1A4AC3F804212A
:1091F000A3E740F634013E20F7F7DEFA012BADD1AC
:10920000002EABD02F6C4FF48013114D4FF000089F
:10921000E71B1248C5F85081C5F85075C5F80433EE
:1092200002F020FB0123EB64D5F84C359F4295D822
:109230000720C5F85085FAF79FFD00252846BDE8B0
:10924000F08100BF5015002000A00850ECB80200CB
:10925000005008500B000080C8B80200598F000071
:1092600048220021014808F036B800BF5015002000
:10927000014BD881704700BF50150020024B0122DE
:1092800083F82A20704700BF50150020024B03448A
:10929000187D00F51660704720B80200014B187F5A
:1092A000704700BF50150020024B98691B69C01A17
:1092B000704700BF501500200A4B1A7FD3E90430D5
:1092C000C01A094B03EB8203DB6BC01A074B53F840
:1092D00022304FF47A7203F2F313B3FBF2F3C01AA5
:1092E000704700BF5015002020B80200B4B802003B
:1092F000FF2810B504D940F2CB213E20F7F75CFAE5
:10930000013907292AD8DFE801F02C310404292C7F
:109310002C220024032201214FF0C743234340EABB
:10932000024043EA015340F0007043EA012313492D
:1093300043F00803C1F8203EC1F8280ED1F82035CB
:1093400003F0F703032B17D140F25631D5E7002283
:109350004FF080644FF000731146DFE74FF44F7118
:10936000CBE70024032201212346D7E70024032270
:1093700001214FF08073D1E710BD00BF00A008505D
:1093800008B50A4603460C490C48C1F87003187822
:10939000032804D040F2AB313E20F7F70DFA012A42
:1093A00059780CBF08220022FFF774FC044B0122FD
:1093B00083F83C2008BD00BF00A0085006000080D4
:1093C00050150020F8B5284E4FF48067C6F890700D
:1093D000BFF34F8FBFF36F8F07F046FB0546234C5B
:1093E00007F0E8FB0121401B214D2061C5F8A410C6
:1093F000FFF73EFC4FF40023C5F8401EC5F80034CB
:109400001C4B187C00F0DCFE03F0ECF81A4B1B4AF6
:10941000C5F838331A4BC3F8C820013AC3F8C42042
:1094200040F6FE72174BC5F81433174BC3F80425EA
:1094300000239622A383A361238584F82A30E28146
:10944000D5F8002D84F83C304FF480736260C6F884
:109450009071C5F88834A36C376103B19847BDE8B3
:10946000F84000F077BE00BF00E100E0501500209A
:1094700000A00850A4000020030000800600008027
:10948000005008500100008000200850014B587225
:10949000704700BF50150020020E034B0002C3F8B6
:1094A000342EC3F82C0E704700A00850044B054A18
:1094B000034490721B7D03F516639381704700BFD0
:1094C00020B802005015002008B5FFF70BFE58B970
:1094D000064B0122C3F8400503F5A04302201A61A0
:1094E000BDE80840FAF748BC08BD00BF005008506E
:1094F000F8B53F4F05460E4697F8293023B940F29C
:1095000006713E20F7F758F997F83E40FCB107F096
:10951000B1FA0028FBD0374B0122DA64D3F84C456E
:109520009DB9354B4FF47A72323453F8263003F537
:10953000FA73B3FBF2F31C443B6932462846E41A43
:109540002146FFF7C1FF2046F8BD5B34F4E7FFF783
:1095500031FC0123294A87F82830D2F8003443F03F
:109560000103C2F8003487F82A4007F083FA002884
:10957000FBD03DBB0123B97A30467B70FFF78CFDF1
:109580007B78012B02D04FF4E961BAE7194AD36422
:1095900002F5A0421360174B2846D3F84C452146EC
:1095A000FFF7ACFCFFF74EFD3B69E41AF5B9124B2F
:1095B0004FF47A7253F8263003F5FA73B3FBF2F3E3
:1095C0001C44C0E7012DE6D10223B97A30467B70F6
:1095D000FFF710FD7B78022B02D040F2517190E72B
:1095E000044BDD6403F5A0435D60D4E72934AAE7AA
:1095F0005015002000500850C8B8020000A00850C4
:1096000073B5294B4FF48061284A4FF0FF30D3F8EF
:109610008854C3F89004C2F890114FF40022244CEF
:1096200005F48075C3F8002400222249228584F8BD
:109630002A20C1F84025C3F80821C3F80021C3F847
:109640000421D3F82015C9B2D1B18DF80700C3F8B1
:10965000202201221A619DF8072012B1D3F820229E
:109660003AB19DF807305BB940F6FF013E20F7F7AD
:10967000A3F89DF80720013AD2B28DF80720EAE757
:10968000FFF77EFC084E0023C6F82032238094F8B2
:109690003C300BB1FFF71EFB1DB14FF48073C6F8D1
:1096A000883402B070BD00BF00A0085000E100E0A7
:1096B0005015002000500850F8B52A4FFFF71CFB4A
:1096C000FFF79EFF00F04CFD97F83D304BB103F0E3
:1096D0003FF820B140F2AE413E20F7F76DF887F831
:1096E0003D00002003F040F8044610B140F2B141C3
:1096F000F2E71D4D1D4EC5F8C401C6F80801C6F8B5
:109700000001C6F80401C5F8C800C5F8C400C6F8D1
:109710000401C6F8000102F07DFF154B40F6FE7211
:10972000C6F83843C6F81443C5F8C041C3F8082545
:10973000FC70C7E90544FFF7DFFA0E4B4FF4806277
:10974000C5F84841C5F84441C5F84041C5F84C4109
:10975000C3F89020BFF34F8FBFF36F8FC3F89021F2
:10976000F8BD00BF501500200050085000A0085060
:109770000020085000E100E070B5174C064625783F
:1097800065B994F82A206570E5701AB1134AC2F8D9
:10979000405170BD228584F82A20FAE718B1BDE84F
:1097A0007040FFF72DBF013DE189A27818BF012568
:1097B0002846FFF733FB94F82A300146268043B150
:1097C000064BC3F84061A2782846BDE87040FFF719
:1097D0007BBE84F82830F6E7501500200050085072
:1097E000014BC3F84C0E704700A0085038B5044632
:1097F000074802F0B9FF20B140F668113E20F6F7A5
:10980000DBFF044D94E80F0085E80F0038BD00BF72
:10981000258D00009C1500200A490B4B10B5012432
:10982000C1F8D00E586283F82940FFF721FB40B9F8
:10983000064BC3F8400503200C61BDE81040FAF761
:109840009BBA10BD00A008505015002000500850D1
:10985000144A136918449369834210B5124C09D312
:109860000220FAF789FA00230122C4F840350F4B91
:109870001A6110BD0123D3706364D4F84425053206
:10988000824206D3094AD2F80C120029F1D11361A1
:10989000EFE70023C4F84431054BC4F84405C4F88D
:1098A000C431E6E7501500200050085000A00850D1
:1098B0000900008038B50A4C0346657F217F012DE1
:1098C000227AE08909D100F0EDF9A36922699B1A97
:1098D0001844BDE83840FFF7BBBF00F0FDF9F4E7DE
:1098E00050150020044BC3F8940ED3F8002442F026
:1098F0004002C3F80024704700A00850054BD3F87D
:10990000002422F04002C3F800240022C3F8942E61
:10991000704700BF00A00850044BD3F8183703F07D
:109920007F035B4203700120704700BF00A0085016
:10993000094B93F82A206AB10128084A084902D144
:10994000C2F804117047C2F8001118B9997A187A50
:10995000FFF7BABA704700BF5015002000A00850AA
:1099600007000080002808B518BF02220A4B08BF74
:10997000012299701A7093F82A205AB11B7A8B42EF
:1099800004D040F6C7213E20F6F716FFBDE8084098
:10999000FFF7CEBF08BD00BF50150020054B0022C9
:1099A000C3F84025044AD2F82035DBB20BB10123BD
:1099B000136170470050085000A00850044B30B5A8
:1099C000D3E90C459B6BC0E900450B6030BD00BF7F
:1099D000501500202DE9F04107F040F8484C494D62
:1099E0000123C4E90C01EB64D5F84C35A363FFF700
:1099F000C7FA454B0022C3F80821C3F80021C3F879
:109A00000421C3F80421C3F80021D3F8001421F085
:109A10001D01C3F8001494F83C3084F829200BB1E0
:109A2000FFF758F9D5F84835A361D5F84435636197
:109A300063786377344BD3F81872D3F82002FFF7BA
:109A400017F96678022E40D1E3784BB1D5F844314E
:109A500033B10120FFF790FEE36CBDE8F0411847F9
:109A6000002F45D0237A23B940F24D213E20F6F74E
:109A7000A3FEDA1E012A24D8234BD3F81C3E13F090
:109A800006031DD0022B1ED00323002500202377C0
:109A9000FFF772FE1C4B85F00101D3F80C2ED207A4
:109AA0004CBFD3F81C0E0120236D44BF00F0010011
:109AB000084300F0010080F00100BDE8F0411847C4
:109AC00003230125E2E70423FBE7012E10D1237ACB
:109AD000237737B10020FFF74FFE636D314600203A
:109AE000EBE758B13046FFF747FE636D3946F6E7BE
:109AF00020B10120FFF740FEA36DAEE7BDE8F08185
:109B0000501500200050085000A00850024B03EBF5
:109B10008003D86B704700BF20B80200024B03EBF4
:109B20008003186D704700BF20B80200F7B501230D
:109B30000D4647780146437004462846164600F015
:109B400069F94FF47A73124AADF80630BDF8063061
:109B50009BB243B9BDF806309BB27BB940F65F516A
:109B60003E20F6F729FED2F80431002BF2D1BDF8E1
:109B70000630013B9BB2ADF80630E7E7677016B9D7
:109B8000EB78A370AB707B1E5842584103B0F0BD18
:109B9000006004502E3008B5362854D8DFE800F0B5
:109BA0005053535353534D5353535353535353538E
:109BB00053534B5353535353585358534953475389
:109BC00045534353413F3D3B39373533312F2D2BDF
:109BD00029272523215A1C003F231F4AC2F810378A
:109BE00008BD3323F9E72D23F7E72823F5E72323DF
:109BF000F3E71F23F1E71B23EFE71823EDE7152316
:109C0000EBE71323E9E71123E7E70F23E5E70D234C
:109C1000E3E70B23E1E70A23DFE70923DDE7082376
:109C2000DBE70723D9E70623D7E70523D5E7042396
:109C3000D3E70323D1E70123CFE74FF49873CCE7B1
:109C40004FF48873C9E74FF48E713F20F6F7B4FDE7
:109C50000223C2E73923C0E700A008504FF47A730B
:109C6000033A5843012A10B5064C00F2E73034F9A4
:109C700011100844B0FBF3F08CBF02230A23C01A72
:109C800010BD00BFA0B802004FF47A73044A00FB75
:109C9000033032F911201044B0FBF3F0704700BFDD
:109CA000A0B8020038B51D460A4B33F9114003EB4A
:109CB000820305355B691C444FF47A7304F6B734AC
:109CC00003FB00441046B4FBF3F42544FFF71EFFEA
:109CD000284438BDA0B8020070B5064608461546AF
:109CE000FFF71CFF094B03EB85035C694FF47A73A4
:109CF00004F6B73403FB0644241A2846B4FBF3F4F5
:109D0000FFF704FF0530204470BD00BFA0B802007B
:109D1000024B00221A705A709A707047AC150020DE
:109D20002DE9F0470746012015469DF834400E46C0
:109D30009846DDF824A09DF83090FEF72BFF314ABD
:109D4000D47014B93B1F5C425C4107F0030300214F
:109D500043EA04632C4CC4F804352C4BC4F880103F
:109D6000C3F88410A3F58023C3F88411A3F58053AE
:109D70000221C3F80815BDF8283031689380F368D4
:109D800009BA93FA83FCB36818BA7368C4F810C5AB
:109D90001BBAC4F81405C4F818352B0AC4F81C15EE
:109DA0002D069DF8206043EA0863DAF804102DBA06
:109DB000003E23F00043DAF8000009BA18BF01267C
:109DC000B9F1020F00BAC4F8201543EAC673C4F80B
:109DD00024051BBAC4F82835C4F82C550CD80C4BF4
:109DE000022F13F80930C4F848354FF001035370BF
:109DF00000D11370BDE8F0874FF49B716C20F6F72B
:109E0000DBFC00BFAC15002000600450003008509F
:109E100000B902002DE9F84F334B04460D465A783D
:109E200022B94FF4A8716C20F6F7C6FC4A7893F873
:109E300003801A81B8F1000F51D14A7803F1060B63
:109E400042702A4A4FF0000C294E4FF00E09DFF8FD
:109E5000A4A006F1080706F1300EC3F844B006F1DD
:109E6000400BDD61C3F820A083F82AC083F82B9053
:109E700092E80300C3E90BCC86E80300D2E90201B3
:109E8000C3E9154A87E80300E91C1F8959621F8549
:109E9000D2E904018EE8030017499964D2E906016A
:109EA000E21CDA6507EB0802A3F86020C2F3074260
:109EB0008BE8030083F86220012183F86390C3E9F3
:109EC00019CCAA78A2700D4AC2F83065C2F838E5FC
:109ED00099701970C2F804C11160BDE8F88F00F1E3
:109EE000010B4FF00408ACE7AC15002004B90200E8
:109EF000B81500200100000D0100000C00600450A6
:109F0000334B5A782DE9F04105460E4622B94FF4FD
:109F1000BD716C20F6F750FC2E4A03F13C0C03F1A6
:109F20004C0403F10C07DFF8B080DFF8B0E0C3F8B1
:109F300048805E65C3F858E092E80300C3E9095E13
:109F40008CE80300711C5964D2E9080184E803001D
:109F5000F11C0024D96522499C6683F83240C3E98C
:109F60001814D2E9040187E80300691CC3E9051845
:109F7000D2E90601EA1C03F11C08DA629A881A8603
:109F80000E2288E8030083F833200121C3E90D4441
:109F9000B278AA70134AC2F830C5C2F83875997001
:109FA0001B780BB9A921B4E70F4BC2F80441C2F8E2
:109FB0000841C2F880300D4AC2F88430A2F58022F0
:109FC000C2F8843102220A4BC3F80425BDE8F081AF
:109FD000AC15002004B902000100000C0100000DC6
:109FE000E803000E006004500100008000300850BB
:109FF000002004500C4B1A788AB100220B49022031
:10A00000C1F8802001F57431C1F88420A1F58021C8
:10A01000C1F88421A1F58051C1F808051A70002209
:10A020005A709A70704700BFAC1500200060045051
:10A0300008B50B4BD3F8082122B10420F9F79CFE98
:10A04000022008BDD3F8042122B90520F9F794FEB7
:10A050000320F6E7D3F80004003818BF0120F0E72A
:10A0600000600450014B01225A60704700600450A8
:10A07000014B1860704700BF1C160020024B186887
:10A08000003818BF012070471C1600202DE9F04F42
:10A09000254C85B0054698460F46164600F0CEF88A
:10A0A00023788146AB4211D16378BB420ED194F93B
:10A0B0000230B3420AD1E378834207D1A388A8F8DB
:10A0C000003094F9060005B0BDE8F08F082D1CD1D2
:10A0D0008DF80F6028469DF90FB006F058FC8246B7
:10A0E0003846FFF7D3F8002203464146009258460F
:10A0F000524600F059F8B8F80030A071A3802570DE
:10A100006770A67084F80390DBE7284606F03FFCF2
:10A110000DF10F033246394600F096F80028D9D0E9
:10A120004621A920F6F748FBBA000020014B186031
:10A130009980704740160020024BD86019745A82EB
:10A14000704700BF6C160020014B1B681B68184746
:10A15000F8000020014B1B685B681847F8000020DE
:10A16000014B1B689B681847F8000020014B1B68D7
:10A170001B691847F8000020014B1B685B691847F2
:10A18000F8000020014B1B689B691847F80000206D
:10A19000014B1B68DB691847F8000020014B1B6866
:10A1A0009B6A1847F800002030B4044C9DF8085012
:10A1B00024680295E468A44630BC6047F80000209B
:10A1C00000220D49134610B540FA02F4E40744BFDB
:10A1D000CA545C1C02F1010248BFE3B2042AF3D165
:10A1E000054AFF24D118032B01D9107110BD01338A
:10A1F00001F8014BDBB2F6E7681C0020E50901001D
:10A20000EB090100ED090100130A0100F109010049
:10A210001D0A0100F7090100270A0100FD090100DC
:10A22000330A0100090A01000D0A0100FF090100BB
:10A23000050A0100230A01002D0A0100014B187DC7
:10A24000704700BFD0160020042810B511D883B184
:10A2500004280CBF10242824A1420AD2064C54F82A
:10A26000200018B141568A42A8BF0A4600201A7041
:10A2700010BD6FF01500FBE7D0160020072803463D
:10A2800011DC10F12D0F10DB094A101890F82E0088
:10A2900002EBC00292F93C209A4207D0002918BF75
:10A2A0000130C0B270471B2070470020704700BFCC
:10A2B00084B90200072808B507DCFFF7DFFF044B6D
:10A2C00003EBC00393F93C0008BD0820FCE700BF86
:10A2D00084B90200C0B208B520B9044B01229A60CB
:10A2E0001A6008BD4D21B52001F0AAFF00E0105012
:10A2F00010F0FF0008B513D10B4B01225A60DA6051
:10A300000A4AC3F800011070D3F8082412F00102C1
:10A3100005D1C3F81021C3F81821C3F8142108BDD2
:10A320007C21B52001F08CFF00E01050E5160020E4
:10A33000014B01221A707047E516002008B540B99C
:10A34000064BD3F8103113B9054B187808BD01201E
:10A35000FCE7C221B52001F073FF00BF00E0105000
:10A36000E5160020024BD3F8080400F00100704706
:10A3700000E01050024BD3F8480400F00100704791
:10A3800000E01050024BD3F84004C0B2704700BF49
:10A3900000E0105007490246D1F84C04D1F84C14A3
:10A3A00010F4803005D0D0B201F003031B1A5842DC
:10A3B0005841704700E0105038B51A4BD3F80C34B0
:10A3C000DA0304D440F279116D2001F039FF164A06
:10A3D0000124164B106A536620F03F0094645464C5
:10A3E000136CDB03FCD4136A116C03F03F03C1F35D
:10A3F0000A01C1F5806181EAE1750B29A5EBE175E0
:10A4000009DD3F2B04D0013303431362172DE6DC33
:10A410000023936438BD0B31F8DA002BF8D0013BF0
:10A42000F2E700BF00E01050000812500100008069
:10A4300038B50B4C23781BB100232370FFF7BCFF0A
:10A44000EFF3108572B6637803F0FF000BB9FFF7E6
:10A450004FFF05B962B6034B00225A6638BD00BFF4
:10A46000E816002000081250F8B5104E01270446E7
:10A470000D463318DF7006F0DEFA60B934B90C4BC4
:10A4800011227771B560C3F80423F8BD40F225119D
:10A490006D2001F0D5FE002DF7D01CB90220A84791
:10A4A000B460F2E74FF4A071F2E700BFE8160020B5
:10A4B00000E01050044B0022191803EB80034A718E
:10A4C0009A60CA70704700BFE8160020014B1882DE
:10A4D000704700BFE8160020014B588A704700BF44
:10A4E000E8160020014B188A704700BFE8160020CC
:10A4F00010B5EFF3108472B6064B03445A7801325C
:10A50000D2B25A705B78012B01D1FFF7E3FE04B998
:10A5100062B610BDE8160020034610B5EFF31084B4
:10A5200072B611490B445A7822B940F257216D2076
:10A5300001F086FE5A78013AD2B25A705B7883B93C
:10A540000B7D43B1094BD3F80C34DB0306D44B78B5
:10A5500003F0FF002BB9FFF7CBFE02E0487D02F0CD
:10A5600001F804B962B610BDE816002000E01050F2
:10A5700010B506F063FA0C4C06F05DFA60B1A37DED
:10A580003BB90A4B01229A610423E3750023237629
:10A5900010BD06F056FAF9E703230122E375034BD9
:10A5A000C3F80423F2E700BFE816002000E01050D3
:10A5B000014B01221A62704700E01050044B587E94
:10A5C00028B1044BD3F81001B0FA80F0400970476D
:10A5D000E816002000E0105038B50C4B5D7E5DB9E8
:10A5E00001245C7606F02AFA094B1022C3F81051B8
:10A5F000C3F80423DC6138BDFFF7E0FF0028FAD080
:10A6000040F293216D2001F01BFE00BFE8160020F0
:10A6100000E01050024BD87D003818BF0120704771
:10A62000E816002038B5174C237D23B940F20631D7
:10A630006D2001F005FE01232370A37DC3B9A37E25
:10A64000B3B1227E013B9A4212DA06F0F4F90546D4
:10A6500001F022FFA37E012B82BF237E01332376EC
:10A6600055B1E369C31A0133022B09D935B1E06151
:10A67000BDE83840FFF77CBF236AF3E72062F7E7C5
:10A6800038BD00BFE816002037B5184CA37D63B96C
:10A69000606A00F00300FFF77DFE30B1EFF3108336
:10A6A00072B6E27D1AB103B962B603B030BD0122C1
:10A6B000E27503B962B608230D4DC5F808334FF4AF
:10A6C0002073ADF80630BDF806309BB25A1E92B228
:10A6D000ADF80620002BF6D1C5F80C3184F82830EF
:10A6E000FFF746FF0823C5F80433DEE7E81600202D
:10A6F00000E010502DE9F74F4E4C237D002B00F069
:10A7000096800323ADF804304B4BD3F80051D3F8B7
:10A710000891D3F8142112B9D3F818216AB1002690
:10A72000C3F81461C3F81861C3F81061637E0BB1FC
:10A7300006F087F9667606F0E0FA3F4BD3F8103161
:10A74000002B59D0637E1BB106F07BF900236376A2
:10A75000637913B102238DF80430003D18BF012541
:10A7600045F01005354E0DF1040A334B4FF000084B
:10A77000F71EC3F808531AF8010B03280AD03B78D8
:10A7800043B14FF0000B336887F800B013B198471E
:10A79000C6F800B008F10103043601374FF0010894
:10A7A000022BE8D1B9F1000F08D0234B0022C3F8E7
:10A7B00008210422C3F80823FFF766FF94F82860F5
:10A7C000EA071D4BF6B2D3F80C7108D5E27D032AD7
:10A7D00005D1A27DA2B90422E27501229A61C7B116
:10A7E000154B0022C3F80C21E37D042B0DD040F261
:10A7F00069316D2001F024FD002DD3D00125B1E792
:10A8000006F01FF90223E375E9E70223E37506F07A
:10A8100018F966B1002384F82830E37D022B01D1BA
:10A82000FFF7A6FE03B0BDE8F04F06F00AB903B08B
:10A83000BDE8F08FE816002000E01050F016002070
:10A8400010B5054C606A00F00300FFF7A3FD002877
:10A85000F8D0002010BD00BFE8160020F8B505466E
:10A8600050B10278022A07D8437842B9013B1F2B26
:10A8700002D88378212B07D96FF0150088E0002BD0
:10A88000FAD18378002BF7D1634B2022C3F8A020A4
:10A89000BFF34F8FBFF36F8F604EC3F8A0217D23AE
:10A8A0005F4CC6F808330023C6F80031C6F80831FB
:10A8B000C6F80C316370A370AB886382FFF752FD5A
:10A8C00010B10123E3706370D6F80C0440F25633E4
:10A8D00010F4803023821BD0FFF72AFD514801F08D
:10A8E00017FE4E4E602360750022C6F804332B78A5
:10A8F000A978012B62766262A375A176227620D0B8
:10A90000022B17D0F3B140F21E516D2001F098FCDC
:10A91000C6F81001FFF7DEFC404AD2F81031002BD8
:10A92000FBD0FFF749FD0020FFF7E2FC3E4B002281
:10A930005A66D3E706F082F8D6F80C34D903FBD573
:10A9400002236362FFF716FD40B3FFF71BFD636A46
:10A9500003F00303984221D1AB79D3B9FFF770FF1D
:10A96000A37E63B12B7853B906F065F8054601F074
:10A9700093FD6FF00043002D4BD0C4E90703012382
:10A98000202200202375244BE075C3F8A0211A6211
:10A99000F8BD224B0422C3F80423E1E71F4B012238
:10A9A00000215A61C3F8081194F82410C3F8401428
:10A9B0001A610422C3F80423AA79002AD0D1D3F85B
:10A9C0000423520702D440F2D1419EE7174A176987
:10A9D000116907F0100741F010011161D3F8083137
:10A9E0000BB906F0D7FB0D4ED6F8083173B1FFF75F
:10A9F00027FF27B90D4A136923F0100313610423BD
:10AA0000C6F808330023C6F80831A9E706F0C0FBF2
:10AA1000EAE7C4E90730B2E700E100E000E01050E7
:10AA2000E816002031A400000008125000ED00E0FC
:10AA300038B50C4B0C46197919B183216F2001F000
:10AA4000FFFB60B95D790DB1002038BD01225A715C
:10AA5000FFF74EFD21462846FFF706FDF4E76FF0AD
:10AA60001500F2E71417002038B50B4D04462B797A
:10AA70001BB19A216F2001F0E3FB50B96B790BB940
:10AA8000002038BDFFF716FD20466C71FFF744FD2E
:10AA9000F6E76FF01500F4E71417002010B501B3C6
:10AAA000F0B14FF0FF33104A1C46E0FB01349442F2
:10AAB00003D9DB216F2001F0C3FB1A0DC3F30F1084
:10AAC0000A4B42EA04324FF22444B2FBF4F100EBA9
:10AAD000024003FB1100B0FBF4F040EA01400130FA
:10AAE00010BD0846FCE700BF3F420F00000024F401
:10AAF000014B9B68184700BF14170020014BDB680F
:10AB0000184700BF14170020014B1B69184700BFEE
:10AB10001417002008B5064B1B7923B140F23711FA
:10AB20006F2001F08DFBBDE80840FFF77BBD00BF43
:10AB300014170020034B1A790AB9FFF7CDBC988D82
:10AB4000704700BF14170020034B1A790AB9FFF7AA
:10AB5000C9BC988A704700BF14170020024B1B79AC
:10AB60000BB9FFF791BD704714170020014B9B698B
:10AB7000184700BF1417002038B51D4C237933B394
:10AB8000FFF7C2FF50B91B4DC5F81001FFF7B0FF2A
:10AB9000D5F81031002BFBD0FFF7B0FF154B60222A
:10ABA000C3F80423636A9847002806DB94F82E3024
:10ABB00023B10123002084F8303038BDFFF7D6FFE1
:10ABC0000028F6DA40F28D116F2001F039FB0A4BB4
:10ABD000A3610A4BE3610A4B23620A4BA3600A4B51
:10ABE000E3600A4B2361FFF739FE0028E1D0E4E778
:10ABF0001417002000E0105041A800004F0A010087
:10AC000015A600003D0A0100430A0100490A01009F
:10AC100038B5084B04461D7925B140F2E1116F208B
:10AC200001F00EFB00F0C6FD2046FFF74FFC284662
:10AC300038BD00BF1417002008B5074800F0A8FD74
:10AC4000054800F019F801F0CBF800F0E9FF00F03A
:10AC5000E5F9012008BD00BF4817002008B5054BE5
:10AC60001A781AB12721032001F0EAFA5860197006
:10AC700008BD00BF50170020024B986000221A70D8
:10AC80005A60704750170020F7B51E4C2378012BEF
:10AC9000DAB204D0022A2ED0012003B0F0BD0DF1AB
:10ACA0000701606800F0D8F965686B7DDB071CD58B
:10ACB000AB7F042B19D000F0FFFD0646A8B100F0D1
:10ACC00001FE2B69D5E900279A18B36847F1000700
:10ACD0000A332CBF012500251B1845EB01059342C3
:10ACE000BD4102D3606800F0BBFA002363602370AB
:10ACF0009DF80700D1E70DF10701606800F0B6F993
:10AD0000F3E700BF5017002073B505460C4600F06E
:10AD1000D3FD0646AB7F012B1AD021462B4604F10A
:10AD2000180251F8040B914243F8040BF9D10123A6
:10AD30000DF107012846AB7700F08EF916B101201E
:10AD400002B070BD034B0421986806F08FF9F6E756
:10AD50000020F5E750170020024B0621986806F006
:10AD600085B900BF50170020174B1868F0B560B1C7
:10AD700050F8102C50E9063418380A3344F1000416
:10AD80009B18826944F1000402B9F0BD52E906152E
:10AD9000994275EB0406F8D2077D12F8046CB742AD
:10ADA0000BD00FD90A3152F8103CA2F1180045F12E
:10ADB00000055B1845F1000404E09688878BF61BBC
:10ADC0003604EFD41268DFE75C170020F8B5244C96
:10ADD000002323716371A371E371EFF3108272B6E4
:10ADE000A168E3606160A36002B962B600261D4DF0
:10ADF000636803B9F8BD9A79A3F11800032A07D153
:10AE00001A6801219E7153F80C3C62609847EFE785
:10AE10001B6863B1183B07462A46997F04290ED068
:10AE20009B7F032B04D063219F2001F009FA2A465F
:10AE3000136802211B681360C3688677E6E7B0F8E1
:10AE40001CC0998BA1EB0C010904996944BF07F15F
:10AE5000180218460029EBD01F46A1F11803DCE7C1
:10AE60005C17002060170020042300F1180283778C
:10AE70000023037643768376C376044B996811B931
:10AE80009A60DA607047D9680A60FAE75C170020B8
:10AE90002DE9F041134C06460F460020236833B9D4
:10AEA000E8B1114BBDE8F041187801F05BBB53E904
:10AEB000061553F8082CD3F80080521845F1000508
:10AEC000B242BD4109D22268A3F118001268226083
:10AED000FFF7CAFF01204346E1E71C46FBE7BDE858
:10AEE000F08100BF5C170020FC000020494B1B686C
:10AEF0002DE9F74F044682838B46D0E9002003B149
:10AF0000183B94F815C0DFF80CE10CF0010C002B95
:10AF10003BD0D3E90056AA4270EB060135D3BCF111
:10AF2000000F2CD0277D197D8F4228D399684D19A9
:10AF300046F1000615F10A0846F1000E424570EB95
:10AF40000E0119D22169891840F1000788457EEB6E
:10AF5000070901D241467746A942B7410FD22046A0
:10AF6000FFF782FF2C4B187801F0FCFA00238BF8D6
:10AF7000003003B0BDE8F08F11460746ECE703F15F
:10AF8000180E9B690BB1183BC3E7BCF1000F34D01E
:10AF9000A168891840F10009019173B30199D3E9BF
:10AFA000007611F10A0549F10001AF4276EB01018B
:10AFB00023D2257D197D8D4218D39D68ED1946F168
:10AFC000000615F10A0A46F10008524570EB080127
:10AFD00010D22169891840F100078A4578EB070CE7
:10AFE00001D251464746A942B741B8D39B6923B124
:10AFF000183BD3E711460746F5E7DEF80020234665
:10B0000043F8182FCEF80030FFF7AEFE8442ADD1E2
:10B010000123ACE75C170020FC00002010B50B4CAE
:10B020002378FF2B04D04FF48D719F2001F008F995
:10B03000074801F06DFA074B002220701A705A7011
:10B040009A70DA709A60DA601A8210BDFC000020F3
:10B05000CDAD00005C170020034B1A8A10B4541CBD
:10B060001C8210BCFFF742BF5C17002038B50446B5
:10B070000D46FFF779FE231A04F118015842584192
:10B080002870044806F018F810B100230120A377B7
:10B0900038BD00BF5C17002038B5114B044600F1E5
:10B0A00018019A68B2B19A6800209AB191420ED103
:10B0B00008B1A56905609D68A94204BF12689A603D
:10B0C000DA68914200D1D8600023A37707E01046E8
:10B0D0001268EAE7034805F0EFFF0028F4D138BD15
:10B0E0005C170020601700202DE9F041264E044631
:10B0F0000D46FFF7CDFE3068002843D0A0F1180CB4
:10B1000050E90631A34271EB050250F8102C3CBF08
:10B11000234629460A322CBF012700279B1841EB02
:10B1200007020768604627B900F118037361BDE89C
:10B13000F08157E906EC9E457CEB0201F4D290F8D1
:10B14000148017F8041C884513D019D97445234678
:10B150002A46A7F1180075EB0C0157F8101C3CBFEC
:10B16000734662465B1842F100020A3342F1000264
:10B1700006E0B988B0F81C80A1EB08010904E5D409
:10B180003F68D0E70346D1E75C17002010B5054CB7
:10B190006169204605F090FF18B1606900231838F6
:10B1A000636110BD5C1700209C46144BF0B51D6810
:10B1B000FDB115F8043C183D834218D812F10A0479
:10B1C000D5E900364CF10001A34276EB01070BD222
:10B1D0002F69FF1846F10006A7428E4107D3B4F14C
:10B1E0000A0041F1FF31F0BD1C463146F7E7AD6979
:10B1F000DEE74FF0FF300146F5E700BF5C170020A7
:10B2000008B5837F022B1CD1437D13F0020302D0CB
:10B210000023837708BD0322037643768376C376C3
:10B220000D4B827700F11802996839B99A60DA609B
:10B230000A4B1878BDE8084001F094B9D9680A6053
:10B24000F5E7837F012BE5D0837F042BE2D04FF419
:10B25000FF719F2000F0F4FF5C170020FC0000202D
:10B2600010B500F118010446084805F025FF20B983
:10B270004FF402719F2000F0E3FF2046FFF7F4FD3A
:10B28000034BBDE81040187801F06CB95C17002042
:10B29000FC0000202DE9F74FD0F810E0BEF1000FC0
:10B2A00004D040F227219F2000F0CAFF836890F865
:10B2B00014800193D0E90014EFF3108972B6274B84
:10B2C000B3F810C01B686BB1019D183B0A35D3E978
:10B2D00000264EF1000A6D1844EB0A0A95427AEBFB
:10B2E000060707D2B9F1000F35D0C0E9001403B04A
:10B2F000BDE8F08F8A4276EB04070CD31F69BF18B4
:10B3000046F1000BAF427BEB0A0B34BF0125002551
:10B3100075B99B69D7E712F10A0A9D6846F10007E3
:10B3200015EB0A0547F10007A94274EB0707ECE7A4
:10B330001D7DA84509D0ECD912F10A019D6846F19E
:10B340000004691844F10004E3E79D8BA5EB0C05AC
:10B350002D04DED5F0E762B6C7E700BF5C1700201A
:10B36000024B0521186805F081BE00BF7817002048
:10B37000064B586810B520B94FF41B71B02000F08F
:10B380005FFFC3680521BDE810401847781700200B
:10B390002DE9F84F274C8146237BA668A3BB94F880
:10B3A0000D8018F0010803D0E3899E4238BF1E4685
:10B3B00000F054FD10EB060B05460F4641F1000A64
:10B3C00058465146FFF790FE08B3D0E900329B453E
:10B3D0007AEB020104D29D1B9B46924662F1000764
:10B3E0000023154A284639462362C4E904BAC4E951
:10B3F000065700F007FDB8F1000F02D0E3899E4226
:10B4000016D002230D4A0DE04FF00008D0E7237B51
:10B410002BB1637B9B0702D5636A01209847002309
:10B42000074A237384F82830C9F80020BDE8F88F54
:10B430000123E7E77817002061B3000051B5000051
:10B44000810C01002DE9F04717463D4C002B67D0D9
:10B45000E289D3E900656432864275EB01034FF05F
:10B4600000033CBF06460D462362B6EB000A65EBBF
:10B47000010952451A4672EB0902C4E9046527DA4C
:10B48000237B3BB1637B9A0702D5636A012098470F
:10B490000023237394F80D8008F00108A36803F5D6
:10B4A000E1739A4579F100011DDAB8F1000F11D06E
:10B4B000E089244A301A65F10001C4E9060100F070
:10B4C000A1FC0623204A84F828303A60BDE8F087C2
:10B4D0009846E3E71B4A30462946C4E9066500F072
:10B4E00091FC0523EEE7FFF709FBE089A368B8F1BB
:10B4F000000F0BD0984209D9301A124A65F10001A9
:10B50000C4E9060100F07EFC0123DBE7F01A0D4AD6
:10B5100065F10001C4E9060100F074FC0223D1E7E3
:10B52000237B2BB1637B9B0702D5636A012098477D
:10B5300000252573FFF7E2FA2B46044AC3E700BF54
:10B540007817002061B3000051B50000810C0100A4
:10B55000023970B50546032900F2D480DFE801F016
:10B5600006020840694B002283F82920002024E0CD
:10B57000664C94F82830042B09D8022B28D8013BBC
:10B58000012B1BD94FF4CD71B02000F059FE053BC3
:10B59000012BF7D8FFF778FB0028E7D000F04EFC2E
:10B5A00000F05CFC06460C46FFF79EFD2A4603466B
:10B5B00021463046FFF746FF022070BDFFF764FBCF
:10B5C0000028D3D000F03AFC2846FFF7E1FEF3E76D
:10B5D000FFF75AFB0028C9D0012384F82930C5E7BA
:10B5E0004A4C94F828301A1F012A2AD8042B94F8C0
:10B5F00029600CD100F062FB48B900200021FFF760
:10B6000073FD08B1FFF72CFEFFF778FADCE7002E98
:10B61000C6D1FFF7BBFD0028C2D06060C4E90B664D
:10B6200000F01CFB6068022331468377C3689847AB
:10B63000D4E9040105F022FB354B84F828602B6027
:10B64000BAE700F00BFCA369C01A236A9842ACBFAA
:10B650002062236294F82830022B19D1FFF748FAB0
:10B6600094F82830022BD4E904012CD1637BDB074A
:10B670001BD5237BCBB9E389264AC01A61F10001AF
:10B68000C4E9060100F0BEFB032384F828306DE70F
:10B69000637BDA0701D5207B10B140F2B31173E769
:10B6A000636A984701232373DAE73238236A194A19
:10B6B00041F1FF31C01841EBE371C4E9060100F02C
:10B6C000A1FB0423E1E7012B0AD1A368114AC01AA8
:10B6D00061F10001C4E9060100F094FB0223D4E704
:10B6E000236A32380B4A41F1FF31181841EBE371FC
:10B6F000C4E9060100F086FB94F82830062BE0D15F
:10B700000523C2E740F2F1113EE700BF78170020A1
:10B7100019B7000061B3000002392DE9F041064677
:10B7200004292ED8DFE801F003090B2D0E00174A7B
:10B73000537B003B18BF0123137300201FE0FFF76A
:10B74000A3FAFAE7DFF8448000F098FA00F086FBED
:10B750000C460546FFF7C8FC0746D8F80400FFF77B
:10B760004FFD002300222846C8F80430002321465C
:10B77000C8E904233B463246FFF764FE0220BDE8D9
:10B78000F08140F21721B02000F05AFD7817002018
:10B79000064A002310B5064C0260206084F8283069
:10B7A0006373FFF7D1F93230A06010BD810C010046
:10B7B0007817002008B5074B1A681168064A9142AD
:10B7C00004D040F25121B02000F03AFD32309860B0
:10B7D00008BD00BF78170020810C010010B5EFF301
:10B7E000108472B6034B0421186805F03FFC04B9BD
:10B7F00062B610BD7817002008B5094B5A6822B907
:10B8000040F27221B02000F01BFDD3E90421BDE815
:10B8100008408018034A41F1000100F0F3BA00BF6C
:10B820007817002071B3000008B5064B5B6823B998
:10B830004FF41E71B02000F003FDBDE8084000F099
:10B84000FDBA00BF7817002008B5054B5A6822B929
:10B8500040F27E21B02000F0F3FCD86208BD00BFAA
:10B860007817002008B5054B5A6822B94FF42171AA
:10B87000B02000F0E5FC186308BD00BF7817002079
:10B88000054B1B6B10B523B940F28A21B02000F0A4
:10B89000D7FCBDE81040184778170020054BDB6A3D
:10B8A00010B523B94FF42471B02000F0C9FCBDE8F5
:10B8B0001040184778170020014B5868704700BFA8
:10B8C0007817002008B5054B5A6822B940F29B2131
:10B8D000B02000F0B5FCD3E9040108BD78170020C2
:10B8E000034B587B10F0010018BFD889704700BF88
:10B8F000781700200028ADBF00F1604000F00F0075
:10B90000044B00F56140B4BF185C90F80003400997
:10B91000704700BF14ED00E02DE9F04105460E46EA
:10B92000E1B9114F3B681BB18621452000F088FC2E
:10B9300038600E48FFF788FF0D48FFF793FF05F0CA
:10B9400039F96B7D04465B0708D505F08DF80A349C
:10B95000241A7C6000F094FA0028FBD02B6A314650
:10B96000686ABDE8F0411847B017002095B900009B
:10B9700075B90000064B1B6810B51BB97221452034
:10B9800000F05EFC1A6A0421586ABDE810401047B6
:10B99000B0170020064B1B6810B51BB96C21452061
:10B9A00000F04EFC1A6A0321586ABDE810401047A7
:10B9B000B0170020024B00221A601A81704700BFA6
:10B9C000B017002008B5074B1A681AB9B9214520ED
:10B9D00000F036FC0449D16000221A60BDE808403E
:10B9E000FFF7BAB9B017002019B9000030B587B019
:10B9F0000C46182200210546684605F06CFC637A67
:10BA00004FF000026168C3F38003029183F00103E9
:10BA100063F38202237A8DF81430224B8DF81520BF
:10BA2000039323785BBB9DF81500D4E904324007EB
:10BA3000CDE9003207D50A3B01F10A0142F1FF329C
:10BA40000291CDE90032637A69469DF81520C3F36F
:10BA5000400322F003025B0043F0010313438DF81F
:10BA60001530114B5868C0F30800B8B11038FFF713
:10BA700041FF98B92846FFF747F907B030BD236961
:10BA8000049304F0EBFF9DF815305B0744BF029B65
:10BA90000A33CDE9000148BF0293D4E7284604F0F9
:10BAA000EBFFEAE719B9000000ED00E008B50A4B2A
:10BAB0001B6823B94FF4EE71452000F0C1FB5B7D9C
:10BAC0005B0703D4BDE8084005F074B805F072F8D0
:10BAD0000A3041F1000108BDB017002070B50B78A5
:10BAE00086B023B140F21F21452000F0A9FB4C7A1B
:10BAF0004FF000060593C4F380034D6883F0010303
:10BB0000029563F382060B7A8DF814300F4B8DF893
:10BB1000156076070393D1E90431CDE9003107D5EB
:10BB20000A3B05F10A0541F1FF310295CDE90031EB
:10BB30009DF81530C4F340046946049264F3410350
:10BB40008DF8153004F098FF06B070BD19B90000EB
:10BB50007FB504F083FF002305930B4B039340F262
:10BB60001E2302934FF0FF33CDE9000169460748D9
:10BB70000493FFF7C9F818B99B21432000F060FB3C
:10BB800007B05DF804FB00BFB5BB0000E81700205C
:10BB900010B5074C94F820304BB9FEF7B5FF30B91B
:10BBA000012384F82030BDE81040FFF7D1BF10BD5D
:10BBB000E817002008B505292DD8DFE801F0032E8D
:10BBC000282C2C0D04F046FF144804F0F5FF1E3815
:10BBD000BDE8084004F044BFFEF796FF38B10F4BB4
:10BBE000002283F82020BDE80840FFF7B5B804F034
:10BBF00033FF08B904F02EFF00214FF4007004F069
:10BC0000ABFF0028E0D1B921432000F019FBBDE8CB
:10BC10000840FFF79DBFC521F6E708BDE8170020E3
:10BC20004FF000430B4A0021C2F88030A2F5802279
:10BC3000C2F88031012302F57832C2F80435A2F54A
:10BC40008022C2F804352022034B184683F82010C6
:10BC500005F041BB00400C50E817002008B50FF07C
:10BC600063FE054AD2F8583743F00103C2F858374B
:10BC7000BDE80840FFF78CBF00200E5008B50FF05C
:10BC800063FE0B4AD2F8583723F00103C2F8583745
:10BC90000122084B5A604FF0FF32C3F808232022DC
:10BCA000054BC3F89021BDE8084000F0C7B800BFBD
:10BCB00000200E500050085000E100E008B5FEF7EB
:10BCC00023FFB0B90D4BD3F800314BB90C4A536A7E
:10BCD0000133312B53620BD96C21432000F0B0FAB1
:10BCE00004F0BAFE08B17021F7E704F0B1FE0120BC
:10BCF00008BD034B00225A62F9E700BF00E0105074
:10BD0000E817002040F20251014808B500F08EFA11
:10BD10002DE402001848202208B5C0F89020BFF397
:10BD20004F8FBFF36F8F154BC0F89021D3F80415D8
:10BD300021F00301C3F80415D3F8081541F00301FD
:10BD4000C3F8081592FAA2F1B1FA81F1092904DDCC
:10BD500040F29F310A4800F069FAC3F8101501213A
:10BD60005960D9604FF00041C3F880104FF0FF31A7
:10BD7000C3F80813026108BD00E100E0005008505C
:10BD80002DE40200134A4FF4E0632021C2F8383357
:10BD90000023C2F8AC35C2F8BC35C2F8CC35C2F8C5
:10BDA0002031C2F82431C2F828310B4AC2F89C1164
:10BDB000C2F89C10BFF34F8FBFF36F8FC2F8901083
:10BDC000BFF34F8FBFF36F8FC2F89011034A136018
:10BDD000704700BF00200E5000E100E01018002066
:10BDE00008B5FFF7CFFF054B4FF4A062C3F834232B
:10BDF0002022034BC3F89C21DA6108BD00200E50BD
:10BE000000E100E00B4B10B51C681CB14C21042074
:10BE100000F016FAB1F5801F1A6001D3FFF772FF28
:10BE2000054B0122C3F8A005C3F8A415C3F8AC253F
:10BE300010BD00BF1018002000200E50054A1368E6
:10BE400033B100230449C1F8AC35C1F82031136087
:10BE5000704700BF1018002000200E5030B54FF082
:10BE6000FF30064C6FF04041D4E90023904271EB63
:10BE70000305F9D31046C3F3130130BD40270E501C
:10BE800008B5FFF7EBFF044BD3E902239042994139
:10BE90002CBF0120002008BD1018002008B5FFF7B6
:10BEA00039FF024B01221A6008BD00BF0050085044
:10BEB00010B5FFF72FFF0F4C0023C4F8BC35C4F8B2
:10BEC0002431FFF7CBFF0A3041F10001B1F5801FAB
:10BED00001D1FFF717FF4FF00043C4F8B005C4F8D5
:10BEE000B415C4F8A4310123C4F8BC35024BC3E92E
:10BEF000020110BD00200E5010180020144BD3F882
:10BF0000342312F4A06F10B503D1FB21042000F0FC
:10BF100097F9D3F8202162B100220E49C3F8AC256D
:10BF2000C3F820210B6813B940F20311EEE70A6051
:10BF30009847074BD3F828214AB10022C3F8CC25F3
:10BF4000C3F82821034BBDE810401B69184710BDFA
:10BF500000200E5010180020034610B3007888B956
:10BF60001A79012A1ED85A79012A1BD89A680E49D3
:10BF7000643A8A4216D8D8680C4B98422CBF0020ED
:10BF80000120704701280CD11A79012A09D85A7961
:10BF9000012A06D8DA680449643A8A4201D89868C6
:10BFA000EAE70020704700BF3C8601000040420FD6
:10BFB00070B5044604F052FD40F2F966656AD4E9B2
:10BFC0000632963342F100025B1905F5DF6542F156
:10BFD0000002B5FBF6F55B1942F1000283428A418B
:10BFE0000ED294F82A30052B03D0B3216A2000F03A
:10BFF00027F90A21236A94F858009847B621F5E7F3
:10C00000044C236813B1984700232360BDE87040B7
:10C01000FFF7D8BC2418002070B504460D4639B986
:10C02000012380F85930FFF7C3FF0226304670BD68
:10C030000E78032E70D801A353F826F02BC0000011
:10C040004DC00000B7C000006FC000004868C7289E
:10C0500001D80026EAE7042104F07EFD0028F8D08C
:10C0600004F000FD6968204604F06BFEDEE790F8FE
:10C07000286006BB4D682846FFF76EFF00284BD0AE
:10C080002B78D3B9012121702B796A79003B18BF35
:10C090000123002A14BF0422022243F00403227267
:10C0A000AA68A5326260EA6863720323226184F899
:10C0B0002A3084F829102046B5E794F82A30052B59
:10C0C00004D040F293116A2000F0BAF8267004F10F
:10C0D00030002B796A79003B18BF0123002A14BF76
:10C0E0000422022243F004032272EA686372A5323A
:10C0F000A9686260D4E906325B1842EBE17221461E
:10C10000C4E90432042384F82A30FFF76FFC0028C6
:10C11000D1D140F29511D6E7012384F85930CAE70E
:10C120002DE9F8438846074658B300F02FF84FF042
:10C13000000904465FFA89F6B44203D86FF00B0099
:10C14000BDE8F883304609F1010900F025F890F8C0
:10C150002A50002DEED1304600F01EF80A49044660
:10C16000058580F82A50024680F85860303004F087
:10C170009EFD01232762284684F82A3088F8006053
:10C18000DEE76FF01500DBE7510D0100014B187978
:10C19000704700BF28180020044B1A79824283BFE1
:10C1A0001B68602202FB0030002070472818002026
:10C1B0000A4610F0030110B50AD1074C2271206025
:10C1C00008B9002010BD60235A4305F084F8F8E751
:10C1D0006FF00D00F6E700BF28180020BFF34F8F67
:10C1E0000549064BCA6802F4E0621343CB60BFF313
:10C1F0004F8F00BFFDE700BF00ED00E00400FA052F
:10C20000084B01225A604FF0FF32C3F80823802206
:10C21000054BC3F88820BFF34F8FBFF36F8FC3F870
:10C22000882170470070045000E100E008B572B644
:10C23000024B5B6803B19847FFF7D0FF301800202E
:10C240001FB572B6144B5C6894B9FFF7C7FFB2FB19
:10C25000F6F22B465D1C002AF9D1DBB203F1100582
:10C260006D4405F80C2C0A2233B901A8A047ECE76D
:10C27000024600230A26EDE7013BDBB203F110057D
:10C280000DEB0506B0FBF2F502FB1500303006F8A9
:10C290000C0C2846E8E700BF30180020F8B5234F03
:10C2A00005460C4616463B78002B3CD104F0C2FBF9
:10C2B0007E601F4B01263C814FF48062C3F8A4606E
:10C2C0001C4BC3F89020BFF34F8FBFF36F8FC3F8A1
:10C2D0009021FFF795FF184B002D14BF28461846F4
:10C2E000FEF74AFC0546E0B9FFF764FBFEF736FCB3
:10C2F00004F00BFEFEF7A0FC18B9B8211120FFF7DF
:10C300009FFF002C0BDB04F01F036409A4009E4078
:10C3100004F1604404F56144C4F88061266001239F
:10C320003B702846F8BD4FF0FF35FAE73018002083
:10C3300000A0085000E100E09CBA0200074BB3F9EE
:10C340000830002B09DB5A09012103F01F03994033
:10C3500002F14003024A42F82310704730180020CF
:10C3600000E100E0014B1878704700BF3018002052
:10C3700050B1074B03F1140253F8041B934240F8E9
:10C38000041BF9D1002070476FF01500704700BF03
:10C390005BE402002DE9F84F07468946934698462C
:10C3A000374CDFF8E0A0384D2E780136F6B2D5E8EC
:10C3B0004F3F0133DBB2C5E8403F0028F7D10121F0
:10C3C0006160C4F80001C4F80401EFF3108072B694
:10C3D0002E4BC5F80490AB60C5E905B33B68C4F8C3
:10C3E00010357B68C4F81435BB68C4F81835FB6891
:10C3F000C4F81C35264BC4F830351033C4F8383532
:10C40000216000B962B6D4F800312BB9D4F80431F8
:10C4100013B92B789E421CD0B8F1000F09D00A9BAB
:10C420003BB1D4F840350A9AC8F80030D4F83C350E
:10C430001360D4F80431002BB5D12978B142B2D1C0
:10C44000C4F80031C4F804310323C4F80833BDE84C
:10C45000F88FDAF81030DB06D5D503238021C4F835
:10C4600004330C4BC3F88811D4F80031002BCAD127
:10C47000D4F80431002BC6D104F08AFEC3E700BF14
:10C480000070045000ED00E03C1800201000000B8C
:10C490004018002000E100E01A4B4FF4000270B594
:10C4A000C3F89820BFF34F8FBFF36F8F164C002156
:10C4B000164DC4F80011C3F898212E692B6906F0B7
:10C4C000100643F010032B610123C4F804332360EA
:10C4D000D4F800319BB11EB92B6923F010032B61F6
:10C4E0000123D4F808054FF400026360C4F8083350
:10C4F0000023C4F80031034BC3F8982170BD04F049
:10C5000047FEE5E700E100E000700D5000ED00E0BF
:10C5100038B50B49042301EBC302157905F0FF047C
:10C520002DB1013BF7D240216920FFF789FE41F888
:10C53000330001215471D8B29471117138BD00BF1C
:10C5400060180020042808B503D947216920FFF7A7
:10C5500077FE034B002203EBC0031A7108BD00BF36
:10C5600060180020042808B503D950216920FFF77E
:10C5700067FE094B03EBC0000379012B01D0512169
:10C58000F4E7437982790133DBB29A4218BF4371F1
:10C59000BDE80840FFF7D2BE6018002038B505247A
:10C5A0000F4D95F8281005EBC1031A79012A09D11E
:10C5B00058799A79904205D05A79D2B29A7155F841
:10C5C0003130984795F82830013C0133DBB2052B18
:10C5D00028BF002314F0FF0485F82830E1D138BDCE
:10C5E00060180020094B0A4AC3F800230132C3F83F
:10C5F0000C230132C3F818230132C3F8202301327F
:10C60000C3F81C230132C3F81021704700A0085062
:10C6100004000080074B0022C3F80023C3F80C235A
:10C62000C3F81823C3F82023C3F81C23C3F8102130
:10C63000704700BF00A00850844641EA000313F091
:10C64000030359D1403A33D3F0B4F0C9F0C0F0C974
:10C65000F0C0F0C9F0C0F0C9F0C0403AF5D2F0BC6B
:10C6600026E0403A24D300BF0B6803604B68436068
:10C670008B688360CB68C3600B6903614B6943615E
:10C680008B698361CB69C3610B6A03624B6A436246
:10C690008B6A8362CB6AC3620B6B03634B6B43632E
:10C6A0008B6B8363CB6BC36340304031403ADBD24A
:10C6B00030320BD30B6803604B6843608B68836038
:10C6C000CB68C36010301031103AF3D20C3205D36E
:10C6D00051F8043B40F8043B043AF9D2043208D044
:10C6E000D2071CBF11F8013B00F8013B01D30B88B6
:10C6F00003806046704700BF082A13D38B07B0D071
:10C7000010F00303ADD0C3F10403D21ADB071CBF42
:10C7100011F8013B00F8013BA3D331F8023B20F8AC
:10C72000023B9EE7043AD9D3013A11F8013B00F8E5
:10C73000013BF9D20B7803704B7843708B78837090
:10C7400060467047014B1B681B68184700010020BA
:10C75000014B1B685B68184700010020014B1B68F8
:10C760009B68184700010020014B1B681B69184794
:10C7700000010020034B1868034BC01A18BF0120AA
:10C78000704700BF000100208CC700001913010092
:10C790002513010029130100311301003513010095
:10C7A00053B94AB9002908BF00281CBF4FF0FF3118
:10C7B0004FF0FF3000F00CB8ADF1080C6DE904CE7D
:10C7C00004F0D4FDDDF804E0DDE9022304B0704795
:10C7D000704700BF08B5F4F70BFAF6F715FBF4F74E
:10C7E00027F8002008BDFFF7C3BDF6F79BBA01F09C
:10C7F000E8BC01F0E9BC01F0EABC01F0DFBC10B517
:10C8000086B0044601A8FFF7B3FD02230020237081
:10C8100005236070A3709DF80430E0706371BDF86B
:10C8200005302071E380DDF80730A36006B010BD4D
:10C8300001F045B870B50446FCF7CAF90128054671
:10C840001AD1601CFCF7CCF9B0B1A3790020E61D29
:10C8500063F03F03A371F6F755FD38B110220021B4
:10C86000304604F038FD0020257070BD3046FCF7DE
:10C87000CBF90028F2D0F6E70025F4E710B504461E
:10C880001022002104F027FD04F1100310220021E2
:10C89000184604F020FDFCF7D1F90020F6F732FD30
:10C8A00020B12046FCF7B0F9002010BDFCF790F94C
:10C8B0000028F6D0F8E710B50446FFF7EDFDB0F517
:10C8C000007F09DA10F5007F08DD031EB8BF0333CF
:10C8D0009B100020237010BD7F23FAE76FF07E03CA
:10C8E000F7E78178008801F025BC37B505460C468E
:10C8F00000880DF1060101F0CAF82B882380BDF8ED
:10C900000630638003B030BD38B505460C46F4F7F9
:10C9100083F930B13E2D04D12046BDE83840F4F70C
:10C92000BFB938BD37B504462046F7F735F90228B8
:10C9300005460FD004280DD123788A2B0DD0942BD7
:10C9400021D0204600F038F8A1782078FFF7DCFFEE
:10C950000028E9D0284603B030BD05213E20FFF76E
:10C96000D3FF0028EDD1E37801A92279684643EA94
:10C970000223ADF8003001F069FB0028D4D0532128
:10C980000820F3F719FF1A213E20FFF7BDFF00280A
:10C99000D7D163796946A27901A843EA0223ADF8A9
:10C9A000043011238DF80630F6F7B4F90028BBD017
:10C9B0006521E5E702F077BA10B503780446813BBC
:10C9C0001B2B43D8DFE813F0430049005500590002
:10C9D00063007B0081001C0075004F008F009500F4
:10C9E0006F00850089009B00A900C300CE00DC0019
:10C9F000E200010107010D0113014200FB00F500F7
:10CA00002920F4F74DF930B13E23237022236370BF
:10CA10002923A3701AE00A20F4F742F93E23237079
:10CA200018B11F2363700A23F3E70123A3701323B4
:10CA30006370E37903F00103E371D4F81A30C4F8AA
:10CA40000E30E38B638294F82030237510BD3E23B3
:10CA50000370042343701423DBE73E2303700A238F
:10CA600043700323D5E73E2303700D234370052352
:10CA7000CFE705232370042307E05A20F4F7CCF80E
:10CA800008230028F6D05A2222706370DEE75B206C
:10CA9000F4F7C2F818B15B2323700623F5E73023BF
:10CAA00023700323F1E73E2303700B234370072316
:10CAB000AFE73E230370062343700C23A9E713233B
:10CAC000037083789B000133DFE757230370022351
:10CAD000DBE73E2303700D239BE73E230370012316
:10CAE0004370112395E73E230370062343701223FE
:10CAF0008FE73E23037009234370132389E73E2306
:10CB000003702420F4F7CCF818B12423A370142365
:10CB1000BBE70E23A3701023B7E73E230370252045
:10CB2000F4F7BEF8227B20B125230B32A37062708C
:10CB30008CE70F2304F10B0104F10800A37002F14C
:10CB4000080302326370BDE8104004F0ADBB3E2321
:10CB500003702620F4F7A4F818230028D6D0262244
:10CB6000A27092E73E2303702A20F4F799F818B1D7
:10CB70002B2363702A234CE71D236370192348E796
:10CB80003E230370072343701A2342E73E230370BA
:10CB90003820F4F785F818B13823A370262374E7FA
:10CBA0002C23A37020236370E38A03F00F03E38236
:10CBB0004CE7FF2303700D234370802329E7FF23F5
:10CBC000037029234370812323E73E2303700C2342
:10CBD000437023231DE73E2303700E234370372346
:10CBE00017E73E2303700A234370352311E73E23E2
:10CBF0000370FE2343702B230BE708B510B96FF0C9
:10CC0000150008BDFFF7D6FE0028F8D00020F8E791
:10CC100010B50C4648B141B1FFF784FE00282070E2
:10CC20000CBF6FF02200002010BD6FF01500FBE775
:10CC3000F8B5941C0E46054617460C446343B3F5FD
:10CC4000004FA8BF4FF0FF3310F003019CB203D098
:10CC5000B0211420F3F7B0FDB4F5004F01D9B12194
:10CC6000F7E71422043004F036FBEF746C802E805A
:10CC7000F8BD38B50388C4888B420589C4F30E0219
:10CC800003D2D1211420F3F797FD84EA0503C3F3FF
:10CC90000E030BB9AC4206D102F118030122C152B6
:10CCA0008274184438BD1846FCE7023101444A43F7
:10CCB000B2F5004FA8BF4FF0FF3290B21B3020F00A
:10CCC0000300B0F5004F34BF00B24FF0FF307047A3
:10CCD00040881B3020F00300B0F5004F34BF00B295
:10CCE0004FF0FF3080B2704738B503888B4203D2D3
:10CCF000F7211420F3F760FD857C65B1C388C3F389
:10CD00000E031833C25A8A4207D3C152811DF3F76A
:10CD1000D7FF00238374284638BD0025FBE7034670
:10CD20001830F0B59E88DD88B4B2C6F30E06A54271
:10CD300014D05F89DD7C845B3D44E41B0235A4B2E2
:10CD4000354428440D88A54284BF0C802546598966
:10CD5000B1FA81F149091170DD81F0BD0025284645
:10CD6000FAE7F8B582880026C38904460D4692B2D8
:10CD70000E60CBB14189C2F30E020B4418329BB254
:10CD80008718825A4381934204D94FF4A271142028
:10CD9000F3F712FD04D1011DF3F792FF46812F60D6
:10CDA00000230120E381F8BD1846FCE78388014693
:10CDB00002899BB29A4202D00831F3F781BF7047D3
:10CDC0008388C0889BB2C31A5842584170478288F2
:10CDD00073B595B2C488C2F30E02AC4202F11802D8
:10CDE00012D04189C689835A314499420EDB0DF134
:10CDF0000601ADF80650F3F763FFBDF80600001B0F
:10CE000018BF012002B070BD0020FBE70120F9E748
:10CE100070B5C488034606891830C4F30E0584EA49
:10CE20000602C2F30E020AB9B4420FD19C891A88D5
:10CE30000CB1465B921B914207DCDA7C2C44023237
:10CE4000224410440A461A8270BD00221046FAE7B6
:10CE5000F8B5038A002B38D08B4236D3C48800F152
:10CE600018038589C4F30E041E1995B91D557570F4
:10CE700085891E5B0D443144ADB285811953D2B111
:10CE8000811DF3F71DFF002383810023038201200E
:10CE9000F8BD1E5BAE4204D04FF4F6711420F3F7D8
:10CEA0008BFCC57C2644878A023535445E195F5366
:10CEB000857DB570DCE7C27C254402322A4499188E
:10CEC0009B5A83828B788375DFE70020E0E78388B5
:10CED000C2889BB29A4206D0428922B9C3F30E039C
:10CEE00018331844704700207047C37C0233C818B9
:10CEF0007047C37C0233C81A70470230704738B598
:10CF00008388C2889BB29A4207D045892DB9011DFA
:10CF1000F3F7D6FEC581012038BD0020FCE7038869
:10CF20001380C388C3F30E031833034480890B6056
:10CF300070470368002223B9C0E90132031D036072
:10CF4000704759681B680A44F5E70729034670B51E
:10CF500004D84FF4EC711520F3F72EFC0068C0B133
:10CF6000446806461A688C4210D0106860B901F116
:10CF70000805AC420DD3546850501868651A54180F
:10CF800000686560505002E01346E9E714683046D7
:10CF90001C6070BD0023C1E9003203680B600160B2
:10CFA000704730B590B18478B1FBF4F304FB1313F0
:10CFB00000EB430252898A4201D1D8B230BDC27817
:10CFC00022B900F10803D0B2844201D8FF20F5E76E
:10CFD00033F8025F01328D42F5D1EFE782780388A2
:10CFE00005324B4303EB42031844704737B5002426
:10CFF0000546CDE900448DF806006846ADF80440CA
:10D00000F4F73EF8BDF8044008B103B030BD29463E
:10D010002046F4F711F80028EFD040F23521172010
:10D02000F3F7CAFB70B51E460D460921FFF73DFE1A
:10D030000446324609212846FFF737FE40EA04033A
:10D040001B0454BF00194FF0FF3070BDD31D23F0F7
:10D05000070370B5083390B110F0070403D05821CE
:10D060002220F3F7A9FB04604FF6FF75C28000F1A0
:10D0700008040A468180013A92B2AA4203D103FB16
:10D0800001F0083070BD0668266004601C44F2E7B9
:10D09000012303707047F8B50C46054611461E463D
:10D0A00084F001046400E4B2FF23837003191B7D44
:10D0B000012B05D00134E4B203191B7D012B0AD1E9
:10D0C00005EB44073B8B3A8C9819904205DD002311
:10D0D0002C443B8323750020F8BD05EB84043246C5
:10D0E00060681844FFF7A8FA3B8B1E443E83002378
:10D0F000AB700120F0E781F00101490010B5C9B221
:10D10000FF23837043181C7D012C07D10C3120F8BC
:10D11000112002221A750023837010BD0131C9B29B
:10D1200043181C7D012CF1D04FF499710920F3F7BD
:10D1300043FB024630B5837803F0FF00F3B9137D5B
:10D14000022B19D0537D022B15D10346012089B142
:10D150000024D5180C332C7522F81340131803241F
:10D160001C7502EB80035B680B6000F10C0332F866
:10D1700013308B80012030BD0123E8E70020FAE75F
:10D18000034630B5827802F0FF00E2B99A7D022AA8
:10D1900017D0DC7D022C13D1032281B11D19002090
:10D1A0000C34287523F8140098180324047503EB35
:10D1B00082000C32406833F8123008608B80012006
:10D1C00030BD0324E9E70020FAE7037D012B01D1FC
:10D1D000008B7047437D012B0CBF408B00207047B4
:10D1E000837D012B01D1808B7047C37D012B0CBF48
:10D1F000C08B00207047038B23B9408B003818BFC9
:10D200000120704701207047838B23B9C08B003801
:10D2100018BF0120704701207047027D022A01D10A
:10D22000008B7047437D022B01D1408B7047032A4E
:10D23000F6D0032BF9D000207047827D022A01D15D
:10D24000808B7047C37D022B01D1C08B7047032AAE
:10D25000F6D0032BF9D0002070472DE9F0410646A7
:10D26000069898460D46430711469DF81C7002D05B
:10D2700010F0030003D025214C20F3F79DFA4FF462
:10D280008B72FFF7E3FE002F06AB044600FB08F1AC
:10D2900014BF00201846F3F735FD17B9069B33601D
:10D2A0002C60BDE8F081F4F7D1B8F4F72BB908B5DC
:10D2B00001210020F3F7AAFE20B940F64A313220BE
:10D2C000F3F77AFA90F89400003818BF012008BDEF
:10D2D00090F86C00003818BF0120704710B50E217F
:10D2E000F3F758FE044618B95E215320F3F764FAA9
:10D2F0004FF4BA72002103F0EEFF0123142284F8E8
:10D30000F33084F8F42084F8173110BD0020704702
:10D310000020704770470120704770470020704719
:10D320007047002070477047704700F0FD000038DC
:10D3300018BF012070472DE9F0411646B0F86A7019
:10D34000B0F86C5071B303F042FA0446022101F0C8
:10D35000DAF980460221204601F0D5F9474528BF79
:10D360004746BFB21B2F38BF1B27FB2F28BFFB2709
:10D37000854228BF05467780ADB21B2D38BF1B25DF
:10D38000FB2D28BFFB25B4F5A47F38BF4FF4A47450
:10D39000F580B4F5296F28BF4FF42964B480348137
:10D3A000BDE8F08102F0F9FBCFE7002307B5CDE936
:10D3B000003303238DF806306846F3F761FE08B1A9
:10D3C000002004E0009802F09FFC0028F4D003B095
:10D3D0005DF804FB13B501210020F3F717FEC0B977
:10D3E00001210846F3F712FEF8B9FFF7DEFFA0B9F6
:10D3F00006236C46019000908DF806302046F3F726
:10D400003FFEC0B100230093636007238DF8063010
:10D410001FE0A830FFF75CFF10B1012002B010BD83
:10D42000FFF745FF0028DBD0F7E7A830FFF750FFF4
:10D430000028DAD0F1E70098403002F07CFA0028AA
:10D44000DCD0EAE7009B586F503002F074FA0028F5
:10D45000E4D12046F3F714FE0028F3D00020DDE7E6
:10D460001FB5002240F6881303A90092FCF79CFE2A
:10D4700005B05DF804FB10B5044638B1F5F736FD8C
:10D4800024EA0000B0FA80F0400910BD0120FCE75A
:10D4900070B505460C4602F037FCF0B9284602F09C
:10D4A00079FDD0B904212046F3F7B0FD064678B9DE
:10D4B00006212046F3F7AAFD054680B90321204640
:10D4C000F3F7BAFD88B141F6CC013920F3F774F9CE
:10D4D000403002F030FA0028EAD00C2010E0403052
:10D4E00002F029FA0028E9D0F7E73EB104212046EE
:10D4F000F3F7A2FD10B141F6D301E6E70DB9002024
:10D5000070BD06212046F3F797FD0028F7D041F6BD
:10D51000DA01DAE738B50D460446F3F7B1FEA84262
:10D5200012D3204602F015FF08B11F2D0ED8204659
:10D5300002F087FD60B12946204602F0ADFD0028CB
:10D540000CBF4520002038BD0720FCE71220FAE779
:10D550004220F8E738B5044602F073FDD8B1204602
:10D5600002F0D2FB08B9002038BD204602F0E5FAEF
:10D570000546204602F0E4FA78B9002DF3D00221E6
:10D58000B5F8AA00F3F758FD0028ECD041F6D621F3
:10D590003920F3F711F94220E6E70C20E4E7F0B573
:10D5A00087B00546008802A901F013F90446002857
:10D5B0007CD1029B93F87021029ED11E4A424A41BF
:10D5C0008DF8062096F8A820002A72D1DA7B222A4C
:10D5D00072D19DF8062082F0010293F862308DF836
:10D5E00007209B0603D49DF80730002B68D0EB88FA
:10D5F0001B3B9BB2E02B65D8298944F24810A1F56A
:10D60000A4739BB283425DD86B881B3B9BB2E02B1B
:10D6100058D8AA88A2F5A4739BB2834252D8B1F518
:10D62000296F51D8B2F5296F4ED8FF2786F82F7190
:10D630009DF80630002B41D1029B03AA06F1A800F9
:10D6400093F8A810B1FA81F14909FFF774FE6A88CE
:10D65000BDF8123040F64800BDF814109342B5F8FA
:10D6600006C028BF13468142AA88A6F8343128BFD5
:10D670000146BDF80E30634528BF6346A6F8303139
:10D68000BDF81030834228BF03462889834228BF53
:10D6900003468A42A6F83231134628BF0B46A6F845
:10D6A000363186F82E71002386F82F31204607B0D8
:10D6B000F0BD1A6892068CD422468EE73A24F2E72F
:10D6C0001A24F3E71224F1E71124EFE710B504461A
:10D6D000FFF76BFE58B901210020F3F797FCD0B992
:10D6E00001210846F3F792FCD8B9012009E0F5F7CB
:10D6F000B5FB68B1F4F7DCFE044602F013FE08B196
:10D70000002010BD204602F009FE0028E3D0F7E714
:10D71000002CE0D1F4E7A830FFF7DAFD0028DFD0D5
:10D72000EEE7A830FFF7D4FD80F00100C0B2E8E7D3
:10D73000006890F8A8303BB190F8EA3123B100239B
:10D7400080F8EA31F7F70ABF704710B5037804464E
:10D75000012B01D9122010BDFFF73CFE60B92078E3
:10D76000FFF7E3FD01280DD004F11703E21D611C52
:10D77000BDE81040F5F73ABFF5F7CAFF0028EED034
:10D780000C20E8E7A37903F0C003C02BE2D1EBE75C
:10D7900010B503780446012B0AD8FFF71BFE48B9E1
:10D7A000214611F8010BFFF7C0FD00F039FF38B931
:10D7B000122010BDF5F7ACFF0028F1D00C20F8E7DF
:10D7C0000020F6E708B50088F5F7A8FF00280CBF91
:10D7D0003020002008BD38B50546FFF7FBFD0446A4
:10D7E00038B92878003818BF0120F5F78BFF20469C
:10D7F00038BD0C20FCE708B5FFF7ECFD18B9F5F7CC
:10D8000071FF002008BDF5F783FF0028F7D00C203A
:10D81000F8E70823037000207047112243F2390310
:10D820000270C2705922A0F801308280C3800020AB
:10D830007047082108B5F3F739FE002008BD73B51D
:10D84000064600880C46088001A980B200F0C1FF9E
:10D85000054640B9B3784BB9019B93F92801A070F4
:10D86000FBF76AF8A070284602B070BD7F20FFF772
:10D87000F7FDF4E710B504466FF07F00FFF7F0FD09
:10D88000FBF75AF820707F20FFF7EAFDFBF754F80A
:10D890006070002010BD0A4600F1100108B5072392
:10D8A00003F06CFC002008BD10B5014604460020C2
:10D8B000F5F70EFD08B92060A080002010BD10B55E
:10D8C0000446F5F79BFA28B900202146F5F7E8FC55
:10D8D000002010BD0020FFF7F9FE0028F4D10C2035
:10D8E000F7E710B504460120FFF7F0FE28B101204C
:10D8F0002146F5F7D5FC002010BD0C20FCE7FFF712
:10D900004EBE1FB502880A8044F2902183888B4264
:10D9100015D8B3F5296FADF80420428801A828BFB7
:10D920004FF42963ADF80620ADF80830ADF80A20B1
:10D93000ADF80C30FFF733FE05B05DF804FB1220A4
:10D94000FAE737B508800D4601A900F042FF04460A
:10D9500040B901982A4610F8A81FB1FA81F1490987
:10D96000FFF7E9FC204603B030BD03466FF06F01BE
:10D9700000200A2210B56FF00404587099701C70D2
:10D98000DA701C7158719971DA7110BD10B50446C6
:10D99000FFF720FD58B92078611CFFF7C6FCE2793B
:10D9A000F5F780FF80F001004000C0B210BDF5F730
:10D9B000AFFE0028EFD00C20F8E773B500880D46C5
:10D9C000088001A980B200F004FF044680B9019EDE
:10D9D00086F8224196F82001F4F762FCA87096F8C8
:10D9E0002101F4F75DFCE87096F82231002BEFD1AD
:10D9F000204602B070BD1FB5044603A9008800F0A0
:10DA0000E8FE38B9A388022B14D8E078FFF733FD7D
:10DA100010B9112004B010BDA078FFF72CFD00282C
:10DA2000F7D0012303A80093A388E278A178F5F743
:10DA30008BFAEFE71220EDE737B58378C17803F072
:10DA40000104027903F0020351EA04051DD052EAF1
:10DA500003051AD0002C18BF0021002B037818BF33
:10DA600000228DF802108DF80320427843EA022349
:10DA7000ADF8003043798279684643EA0223ADF875
:10DA80000430FFF7B8FF03B030BD1120FBE713B53A
:10DA90000C4601A900F09DFE28B9019B93F8A8202F
:10DAA000DB8812B9238002B010BD0133FAE713B549
:10DAB000044600F0D8FD00284DD02046FF24F5F79D
:10DAC0006BFF0023CDE900336846F3F7D9FA48B37A
:10DAD00000244FF44033CDE90043FF246846F3F7B8
:10DAE000CFFA18B300204FF48023FF24CDE90003C0
:10DAF0006846F3F7C5FAE8B100214FF4C023FF24CC
:10DB0000CDE900136846F3F7BBFAB8B100224FF431
:10DB10002023CDE900236846F3F7B2FA90B1002044
:10DB200002B010BD009B83F83D42CDE7009B83F817
:10DB30008A40D3E7009B83F83440D9E7009B83F801
:10DB40003440DFE7009B93F83820032AE3D1FF221B
:10DB500083F82220DFE71220E2E707B5008801A959
:10DB600000F059FE30B9019B93F83F2112B9FF2212
:10DB700083F83F2103B05DF804FB10B50446F5F7C8
:10DB8000ABF920600020616010BDF0B5044689B09B
:10DB900000200E4604F11807F5F75AF923466A46A5
:10DBA0001868083353F8041C1546BB4203C52A46BF
:10DBB000F6D119889B782980AB7000238DF81B3033
:10DBC0008DF81C30637E042B10D8A37E042B0DD857
:10DBD000237D022B0AD0637803F01803082B05D0AD
:10DBE00031466846F4F718FF09B0F0BD1220FBE794
:10DBF000F0B5044689B000200E4604F11807F5F789
:10DC000027F923466A461868083353F8041C15465A
:10DC1000BB4203C52A46F6D11B782B7000238DF832
:10DC20001930ADF81A308DF81C30237D022B0AD044
:10DC3000637803F01803082B05D031466846F4F7E3
:10DC4000EBFE09B0F0BD1220FBE710B5032104463E
:10DC50000078F3F7DBF920B12178BDE81040FFF739
:10DC600017BC422010BD2DE9F74306464778032133
:10DC70000078F3F7CBF90446002852D002F069FB94
:10DC8000042F054696F8039004D1B9F1000F4ED049
:10DC9000122013E0E06CFFF798FAF37800EB090824
:10DCA0001FFA88F86BB9204602F012FB80450ED9A6
:10DCB000204602F04EFB0028EAD1072003B0BDE861
:10DCC000F083204602F016FB0028ECD1E0E7414645
:10DCD0002046FFF71FFC0028F0D1FB1E012B22D9A4
:10DCE000B9F1000FD4D0002DD2D1012F04D10222DE
:10DCF000E16C6846F3F7DCFA4B4672680121E06C90
:10DD0000FFF7C9F90028D8D0023F012F07D8E06CEF
:10DD1000FFF75BFA01210246E06CFFF7ECF9002007
:10DD2000CCE74220CAE785F00102D2B2E0E7002842
:10DD3000AED1204601F0E8FF0028A9D0E06CFFF743
:10DD40005AFA0028A4D0204602F02FFBE7E737B5A7
:10DD50000446F4F7ADFB054623781F2B18D8C16C99
:10DD600004226846F3F7A4FA22460021E86C12F870
:10DD7000013BFFF790F968B1EC6C2046FFF730FAF1
:10DD8000002102462046FFF7B6F9002003B030BD5F
:10DD90001220FBE70720F9E72DE9F743074646780D
:10DDA00090F8039003210078F3F730F90446002837
:10DDB0004FD0F5F753F830B1204602F0B3FA0028FF
:10DDC00008BF4FF00009E06CFFF70AFAFB7800EBA0
:10DDD00009081FFA88F84BB941462046FFF79AFB1D
:10DDE000054650B1284603B0BDE8F083204602F056
:10DDF00099FA0028F0D11225F4E7042EFBD0032E67
:10DE00000CD1204602F0A5FA08BB012E14BF052252
:10DE10000622E16C6846F3F74BFA08E0B9F1000F0F
:10DE2000E9D0204601F070FFA8B9012EE9D04B4699
:10DE30007A680021E06CFFF72EF970B1023E012EE6
:10DE4000D0D842460021E06CFFF755F9CAE704221A
:10DE5000DFE74225C6E70C25C4E70725C2E713B56F
:10DE600004460020F4F7F4FFE378FB2B13D8227864
:10DE7000043468468DF803308DF8002014F8022C25
:10DE80008DF8022014F8032C01948DF80120FFF77F
:10DE900083FF02B010BD1220FBE710B5044600203E
:10DEA000F4F7D6FFF3F7ECF92080002010BD73B52E
:10DEB00004460020F4F7CCFF63787BBB23783BBBA0
:10DEC00001936C46009303238DF806302046F3F748
:10DED000D7F8D0B90098FFF73DFB0028F6D018E03E
:10DEE0009E00032104EB83039878F3F78FF8B8B111
:10DEF0002378012B0BD1B11C2144F4F7F7FB01353A
:10DF000038B96278EBB29A42EAD8002001E013B146
:10DF1000122002B070BDFFF71DFBF0E70025F0E70F
:10DF20004220F6E738B5032105460078F3F76EF88E
:10DF30000446A0B101F0E8FE28B92046691C02F0B1
:10DF4000C9F8002038BD204602F0ECF908B10C20D9
:10DF5000F8E7204602F0E2F90028EED0F7E7422089
:10DF6000F0E737B50446F4F7A3FA054623781F2BEC
:10DF700018D8C16C00226846F3F79AF922460121AD
:10DF8000E86C12F8013BFFF786F868B1EC6C2046AC
:10DF9000FFF71BF9012102462046FFF7ACF80020ED
:10DFA00003B030BD1220FBE70720F9E713B50446A4
:10DFB0000020F4F74DFFE378FB2B13D822780434CC
:10DFC00068468DF803308DF8002014F8022C8DF887
:10DFD000022014F8032C01948DF80120FFF743FE72
:10DFE00002B010BD1220FBE773B505460026F4F71A
:10DFF0005FFA04468DF8046002F098F92B78C001AE
:10E000008DF80760012BADF8050005D101A9204668
:10E01000F4F76CFB02B070BD2BB9204602B0BDE82E
:10E020007040FFF797BA1220F4E710B5044634F8B1
:10E03000020B0880022180B2F2F7E8FF20B12146EE
:10E04000BDE8104002F091BB022010BD008808B569
:10E050000880022180B2F2F7D9FF20B10021BDE88B
:10E06000084002F082BB022008BD37B50446008894
:10E070000D460880092180B2F2F7C8FF10B10C20CC
:10E0800003B030BD0B212088F2F7C0FF0028F6D185
:10E090000C212088F2F7BAFF0028F0D101A92088CE
:10E0A00000F097FB0028EBD1019B9B8F6B80E7E78B
:10E0B00037B5044600880880092180B2F2F7A6FF30
:10E0C00010B10C2003B030BD0B212088F2F79EFF69
:10E0D0000028F6D10C212088F2F798FF0028F0D113
:10E0E00063880BB91220EDE701A9208800F071FBCD
:10E0F0000028E7D1658842F21072019BA9B2D3F8DB
:10E10000C8405143B3F8DE206243B3F8D04004FB6B
:10E1100002229142E6D3D3F8C820D3F8C8409442F3
:10E12000F9D100229D875A63621E0A44B2FBF4F2C1
:10E130009A63C7E710B50C460221F2F767FF90B16A
:10E14000022C12D804F00102C4F3400480F8EC2140
:10E1500080F8EB4112B190F8EA310BB9002010BD04
:10E16000F7F7FCF9FAE70220F9E71220F7E710B514
:10E1700004460078FF280AD00321F2F747FF58B180
:10E180006378A27843EA0223C384002010BDB4F868
:10E190000100F7F70FFBF8E74220F7E710B5044658
:10E1A0000078003818BF0120FAF7BAFB2078003851
:10E1B00018BF0120F7F7BEF9002010BD0620F4F7C4
:10E1C00053BE0820F4F750BE0B20F4F74DBE02F00A
:10E1D000FCBA10B5044604B910BD236898476468BA
:10E1E000F9E703680BB9016070471A465B6813B121
:10E1F0008A42FAD170478A4218BF5160704708B509
:10E20000F8F798FEF7F78AF9BDE80840F8F77ABE04
:10E2100008B5F7F751F9F8F765FE20B140F2631140
:10E220009320F2F7C9FA0320BDE80840FEF7DEBEEE
:10E2300008B50220FEF7DAFE0020FEF7D7FEF2F75F
:10E24000A9FFF4F7E1FFF3F7BBFE20B140F2431161
:10E250009320F2F7B1FA08BDFFF7EABF08B5FFF760
:10E26000D7FFF9F7E9FC20B14FF4BC719320F2F726
:10E27000A3FA08BD08B500F0A5F9F3F7B1FE022036
:10E28000FEF7B4FE0020BDE80840FEF7AFBEFCF785
:10E2900051BC0B46892203F8032BD0F80920C1F8A2
:10E2A0000320427B1A71704738B50D460446F4F7D7
:10E2B0001DFE2B78002B08BF034684F874306B7862
:10E2C000002B08BF034684F875306B88A4F87630BD
:10E2D00038BD37B58B780546046803F0070384F82A
:10E2E00019314B7803F0070384F818312623E373C0
:10E2F00094F8393113BB94F83831012B1ED094F8BF
:10E30000213194F81821D91E012998BF04239A427B
:10E31000B4F81E3118D194F8202194F81901D11EB7
:10E320000129B4F81C1198BF042290420CD102229A
:10E33000A4F83A11A4F83C3184F83821284603B0F7
:10E34000BDE8304000F0D5BF022094F81D2194F8BC
:10E350001C1100902846F4F7F7FD0028EED04FF48A
:10E360006671AE20F2F728FA38B5036804460D4608
:10E3700093F83831012B02D11E21F4F75FFE236898
:10E38000002083F8380165B1182283F8992009220A
:10E390009A7393F84A3093B940F25B41AE20F2F79A
:10E3A0000BFADA7B243A072A03D82046DD7300F003
:10E3B000B2FF20461821BDE8384000F0DCBF38BD70
:10E3C00008B503689A7B22B14FF4E671AE20F2F7EC
:10E3D000F3F924229A7308BD034610F0010007D117
:10E3E0009A0704D413F0040018BF032070470220DA
:10E3F00070472DE9F34B1646054610461F4646EA80
:10E400000104FFF7E9FF83460846FFF7E5FF894669
:10E410004BEA0404DDF8288001900443E4B2003C98
:10E4200018BF0124F4F762FD064018BF5E46F4F7FA
:10E430005DFD95F8202110EA0901019B18BF1946DE
:10E44000B24214BF3346002388F8003095F82121EA
:10E450008A4208BF00210B4388F801100AD1EB88DB
:10E46000013FFF1A47F6FD73BFB29F428CBF0024E5
:10E4700004F00104C6B995F82001F3F721FF032841
:10E480000ED195F83831012B0AD1B5F83C2195F819
:10E490002031012A0AD1042B0AD0042388F8003045
:10E4A000204602B0BDE8F08B032EE9E7032BF7D03E
:10E4B0000323F3E7032906D101280AD1042101200F
:10E4C000518013807047042903D1012801D0032112
:10E4D000F5E700207047012807D0022805D003384F
:10E4E00001288CBF00200120800070472DE9F041F9
:10E4F0000C6805460F4694F84222D31E012B2DD8F6
:10E5000094F82031D91E012928D8D31A18BF012325
:10E5100094F84302FFF7DFFF06460BBB1046FFF7F8
:10E52000DAFF804694F89F306BB948EA060313F08F
:10E53000FF0306D0204600F02FFF3B68DB88034432
:10E540009BB2A4F84032B4F840320520AE70EB70B4
:10E550001B0A85F801802B71BDE8F0810023D7E705
:10E560004FF00008DEE770B5056802460B46EC7B0D
:10E57000A4F12406072E15D994B9AD7B292D11D00D
:10E580004D786E0706D08D786D0703D0FFF7A1FE9A
:10E59000204670BD19781046BDE8704000F0EBBE13
:10E5A0000124F5E72024F3E708B50368DA7B262A7F
:10E5B00005D022B140F2D351AE20F2F7FDF8272268
:10E5C000DA7308BDF4F720BE704730B542401C78BE
:10E5D00008785D7860404C786C409D7820448C7859
:10E5E0006C40DD782044CC786C401D795B79204408
:10E5F0000C7949796C404B40204418441044B0FADF
:10E6000080F0400930BD024600200139C9B2FF291F
:10E6100000D17047535C83F001030344D8B2F4E7A0
:10E6200008B5F4F77BFE082807D0F4F799FE082810
:10E6300003D0F4F7A9FE012008BD0020FCE708B5CF
:10E64000F4F76CFE082803D0BDE80840F4F788BE54
:10E6500008BD08B502F044F918B1BDE80840FAF762
:10E6600069BA082008BD70B503791F2B0FD8461E64
:10E67000051D002416F8010F00F022FE0444AE42EE
:10E68000E4B2F7D1012C94BF0020012070BD00201E
:10E69000FCE701440023884203D1B3FA83F0400928
:10E6A000704710F8012B1343F5E7F8B505460C4603
:10E6B000D0E9047602F001FB18B952212920F2F7C3
:10E6C0007BF8E4B1D5E90423D21B63EB0603012AEE
:10E6D00073F100014FF0000113DB6FF00100904275
:10E6E000994101DA5C21E9E7631E1344B3FBF4F3BB
:10E6F0005C43E41946F10006C5E904461C46204681
:10E70000F8BD0C46FBE7022905D13C281AD9801038
:10E710000F3880B27047CB1E012B0ED804290BBFD7
:10E7200096234FF416731022402203F5BC739842CF
:10E7300008D9C01A90FBF2F0EBE7702802D9C0109C
:10E740000E38E6E700207047022908B5034614D0CA
:10E7500005D8012909D0E7212920F2F72DF803393E
:10E760000129F8D840F6A66008BD40F6C41040F272
:10E77000E242002B08BF1046F6E740F6C410F3E76C
:10E78000801A723810B58842029C94BF091A491A3F
:10E790002268012902EB510294BF0020012022606F
:10E7A0001A68A2EB51021A6010BD69B1A0F57A7225
:10E7B00041F270739A4207D84FF47A73B0FBF3F0CA
:10E7C00000F5506080B2704740F2E243B0FBF3F0D6
:10E7D000F8E738B50C4600210546F2F717FC206033
:10E7E00048B902212846F2F711FC2060B0FA80F007
:10E7F0004009400038BD0020FCE70368587BC0B2E8
:10E8000093F830302BB900F0FB00003818BF01201E
:10E8100070470020704710B50C46FFF7DAFF38B993
:10E820002046FFF7EAFF80F001004000C0B210BDB3
:10E830000220FCE738B54FF444720D46002104462F
:10E8400002F049FD6FF036020123A4F8AA5084F8C3
:10E8500063200422E37584F864206FF03B0284F89F
:10E860006A3084F865206F2284F8A83084F8662026
:10E87000032284F86720002284F868206FF07F026A
:10E8800084F869202B2284F86220FE2284F89E20DE
:10E890007F22E27238BD40F6B83307B5B0F8D22017
:10E8A000D0F8C8100190838701A8F5F739F803B0B4
:10E8B0005DF804FBC2B292FAA2F2030A93FAA3F340
:10E8C0001B0E100E40EA0320704701310530002274
:10E8D000C9B270B510F8013F8B4216D310F8054C41
:10E8E0000023012505FA03F626421CBF01F1FF3182
:10E8F000C9B269B10133082BF4D10132D2B2052A71
:10E90000E8D19B214620F1F757FFC91AC9B2F4E7B5
:10E9100003EBC200C0B270BD0B6870B5C0F8013027
:10E9200004460B790546461D03F01F03437100237F
:10E93000C37215F8010F00F0C3FC6871B542E37AA9
:10E940001844E072F5D170BD81EA114170B58CB206
:10E950000546C17A032682EA0400FFF7ABFF013EB9
:10E9600000EB001016F0FF0604EB000290B2F4D1A9
:10E9700044402522B4FBF2F302FB1343C3F3C40269
:10E98000D8B203F007032A445678012202FA03F3AF
:10E990001E4207D161432846C1F30741BDE87040DC
:10E9A000FFF793BF70BDF8B590F8225004466B1E78
:10E9B000242B03D9E1214620F1F7FEFEDAB1C07D18
:10E9C000002843D194F8243094F8231002FB01323C
:10E9D0002523B2FBF3F103FB1123DBB204EBD302DB
:10E9E00003F0070684F82430117E0122B240114260
:10E9F00002D084F82530F8BDB3FBF5F205FB1233E5
:10EA000004F11C01013303F0FF0311F8012F9A42B6
:10EA100019D311F8055C0022012606FA02F72F42ED
:10EA200008D0013B13F0FF0304D102EBC00284F8CD
:10EA30002520E0E70132082AEFD10130C0B20528D5
:10EA4000E3D1D721B7E79B1ADBB2F6E7E28804F1FE
:10EA50001700496AFFF778FF84F82500CBE70378B1
:10EA6000890123F0400301F040010B43037070471C
:10EA7000037803F07F0343EAC113037070471F2A32
:10EA800038B50546144603D9A8212A20F1F794FE8B
:10EA900006340930FDF7D0FD6C7038BD1F2A38B53B
:10EAA0000546144603D9CA212A20F1F785FE06340B
:10EAB0000930FDF7C1FD6C7038BD0378024603F0E4
:10EAC0000F03032B3ED0052B42D1C37F90F82000CB
:10EAD000034392F82100034392F82200034392F883
:10EAE000230000F01F00184333D05378222B2FD17E
:10EAF000B2F81930B1B1B3F5506F13D940F60751E0
:10EB00008B4225D8B2F81B30B3F5FA7F20D2B2F889
:10EB10001D0040F676430A3880B298428CBF002030
:10EB200001207047991F40F67A4089B281420FD880
:10EB3000917D481E07280BD8994209D2B2F81710C8
:10EB40009942DEE74078A0F10C03584258417047E3
:10EB500000207047C37813F03F035DD007295BD8CE
:10EB6000DFE801F0040B1E29343F4A55037913F006
:10EB7000010F0CBF002005207047027912F002003F
:10EB80004BD0052002F00102072902EB420200EB04
:10EB90004200C0B241D1021F9A42C8BF0020704754
:10EBA000027912F0040038D0052012F0020F1CBFC9
:10EBB0000630C0B2E6E7027912F008002DD0052039
:10EBC00012F0040F1CBF0130C0B2EEE7027912F060
:10EBD000100022D0052012F0080F1CBF0230C0B276
:10EBE000EEE7027912F0200017D0084612F0100F5D
:10EBF0001CBF0330C0B2EEE7027912F040000CD027
:10EC0000052012F0200F1CBF1230C0B2EEE70279CF
:10EC10005006F5D50620F4E70020704770B50C4685
:10EC2000064611461D4624B94FF41F712A20F1F7FC
:10EC3000C3FDFFF78FFF10B940F27D21F6E7031FF8
:10EC40002B443F2B02DD40F27E21EFE72A4621468E
:10EC50003044BDE87040FDF7EFBC10B50446FFF747
:10EC600079FF00B1204410BD30B5C1F38003C1F37A
:10EC70008014C1F340052344C1F3001404EB4404A1
:10EC80002344C1F3401404EBC40403EB4403C1F375
:10EC900000042C44C1F3C005134404EB44042C4489
:10ECA00003EB440313F0FF031CBF01330171C17870
:10ECB00018BFDBB221F03F0103F03F042143C170D4
:10ECC000591C41701AB104339B1A013AC25430BD29
:10ECD00070B5C4780646154604F03F041319FE2BA0
:10ECE00004DD40F2B9212A20F1F766FD0135201D2F
:10ECF0002C443044FDF7A0FC747070BDC37802460C
:10ED000013F03F0022D0137913F0200FC3F3C0019A
:10ED1000C3F3400014BF0922002213F0100F114466
:10ED200003F001020244C3F3800002EB42020A44F2
:10ED3000C3F3801114BF032300230844184400EBDD
:10ED4000420010F0FF001CBF0130C0B270471B2A08
:10ED500008B504D940F299312A20F1F72DFDBDE81C
:10ED60000840FDF769BC8388A1B1B3F5506F11D994
:10ED700040F6075293421BD8C388B3F5FA7F17D2E7
:10ED8000008940F676430A3880B298428CBF002052
:10ED9000012070479A420BD8B3F5486F08D84278E3
:10EDA000511E072904D89A4202D242889A42E2E7C9
:10EDB00000207047013001F1200351F8042B9942E3
:10EDC00040F8042BF9D10B880380704738B51546FD
:10EDD0000446FFF7EFFF2B68C4F823306B68C4F8D4
:10EDE000273038BD2DE9F04F85B08846154603A978
:10EDF0009DF838400193FFF7ECFC814618B9039E5B
:10EE00002DB901237375012005B0BDE8F08FD6F848
:10EE1000C0A029465046FDF72CFF074608B9002040
:10EE2000F2E7F3F75FFB8542F9D839465046FEF723
:10EE30005CF8727D8346A0F80190002A18BF4FF05D
:10EE4000020880F800803846FEF757F80746DCB124
:10EE5000B6F8E640C4B101F001FE40F2712254431D
:10EE6000241841F1000179602A4601990BF1030051
:10EE70003C60FDF7E1FB29465046FDF735FF28B918
:10EE800083212B20F1F798FC2146ECE7039B93F8B4
:10EE9000A83033B103A8FEF74BFC039B0022A3F874
:10EEA000E2210023AEE7437837B5C3F301120446ED
:10EEB000032A03D8DFE802F0050E1D05002003B089
:10EEC00030BD057803F00F00002300930221231DBD
:10EED000628807E0057803F00F000023012100930A
:10EEE000231D628845EA0020FFF77CFF60B1012006
:10EEF000E5E7F3F7F7FF03685B05DFD560780123EB
:10EF0000257800F00F00E0E7F4F728FFEFE71A2379
:10EF10000B7001234B708B707047F4F7E5BD10B593
:10EF200021B940F2A9211020F1F746FC4A600B728A
:10EF3000EFF3108472B6031D0B6042681AB1127AA7
:10EF4000012A08BF036003681960016004B962B652
:10EF5000BDE81040F4F712BE0222F4F7EDBE032222
:10EF6000F4F7EABE0422F4F7E7BE0222F4F728BF62
:10EF70008D230B7030F8B53CA1F8033030F86B3CB2
:10EF8000A1F8053030F8673CA1F8073030F8693C4B
:10EF9000A1F8093030F8653CA1F80B30704708B58E
:10EFA000CB1E012B04D8800100F5747080B208BD1F
:10EFB000012902D10E30C000F8E7022902D10F303A
:10EFC0008000F3E74FF40C710620F1F7F5FB30B544
:10EFD00087B004460D46F3F78BFA80B334F8BE4C85
:10EFE00069462046FEF7ADFC18B1FB212C20F1F755
:10EFF000E3FBBDF8063003A8ADF80C40ADF80E30C9
:10F00000BDF80830ADF81030BDF80230ADF8123060
:10F01000BDF80430ADF81430FEF771FC10B14FF4B8
:10F020008271E3E7ADF80C009DF80C30002063F32B
:10F0300007009DF80D3063F30F2007B030BD2B465D
:10F040009A2203F8032BD4F80920C5F80320D4F83A
:10F050000D205A60B4F811201A810423ADF80C3049
:10F06000E2E740687047033901298CBFC08A4FF43A
:10F070002960704770B590F878608D88033E0C89E0
:10F08000012E04D943B11678033E012E04D8B5F5FC
:10F09000296F38BF4FF4296590F87960033E012E3F
:10F0A00004D943B15378033B012B04D8B4F5296F3D
:10F0B00038BF4FF42964CB884A88A0F86430A0F8A0
:10F0C0006020A0F86250A0F8664070BD8383BDF850
:10F0D000003001834283C38370471B2200294FF015
:10F0E0001B110CBF4FF4A4734FF429638284028474
:10F0F000028502F1A472C160C3844384C383838305
:10F1000043820382C0E9052170470346B3F85810D3
:10F11000B3F86420F0B5914293F87940B3F85C50AD
:10F1200028BF1146033CB3F86620E4B2B0F84E7035
:10F13000AA42B0F85200A3F84E1028BF2A46012C6C
:10F14000B3F8544087BFB3F8566015464FF42966AC
:10F150004FF429658C42A3F8525038BF0C46B24296
:10F1600038BF32468F42A3F85440A3F8562026D128
:10F17000401B18BF0120B3F86020B3F85A10B3F851
:10F180004C509142B3F8504028BF114693F8782074
:10F19000033A012A15D9B3F85E20B3F86260B2428F
:10F1A00028BF32468D42A3F84C10A3F850200BD153
:10F1B000944218BF40F0010000F00100F0BD0120B2
:10F1C000D9E74FF42962EDE70120F5E738B5CB1E0A
:10F1D0000446012B10D9C58B438C9D4228BF1D4688
:10F1E000207AFFF7DCFE6389AB4228BF2B469842AA
:10F1F00038BF184680B238BD4FF42965F0E72DE9D5
:10F20000F843994607460D46808919461446FFF78C
:10F21000C6FE06469DF8208049463846FFF7D6FFD1
:10F2200086424146A8F1030828BF0646B88AFFF780
:10F23000B6FEB8F1010F0346B6B28CBFFA8A4FF49E
:10F240002962904204F1060028BF134628449BB26D
:10F2500033441844BDE8F8830346828F13B5403029
:10F2600049B9598F93F87940009493F87830FFF7B3
:10F27000C6FF02B010BD198FF4E770B50C461546F5
:10F2800019464BB9068FFFF7E7FF28443044A042E8
:10F2900094BF201A002070BD468FF4E738B50D46A4
:10F2A00011460446FFF7D8FF2844606438BD01F1D9
:10F2B0009C0383423DBF9C38401A400800207047A1
:10F2C00000F05503400800F05500034403F03300FC
:10F2D0009B0803F03303034403F00F0000EB13100B
:10F2E0007047036800229A7383F84A20A3F84620E7
:10F2F0007047026892F8A8302BB9A2F84E3001236B
:10F3000082F8503070470023A2F84E3092F8503007
:10F3100001335BB2F4E7026808B592F8A83013B97C
:10F3200082F8503008BD92F85030013B5BB2002BA0
:10F3300082F85030F6DA52214A20F1F73DFA08B54A
:10F34000036883F89B1083F89A203522DA73FFF75D
:10F35000D0FF002008BDA0F10A03042B09D9A0F1B9
:10F360004703012B05D9243807288CBF0020012032
:10F370007047012070470268136810B513F0080445
:10F3800008D143F0080382F898101360FFF7B1FF2B
:10F39000204610BD0120FCE7D0F8C82041F64B53B1
:10F3A0009A4296BF4AF6C8730623B3FBF2F3B0F84D
:10F3B000D020B0F8DE001344584380B27047036891
:10F3C00000201A7C073A012A81BF4A785A74072222
:10F3D0001A7470470268137C073B012B84BF082313
:10F3E00013747047026870B5D57BE5B9CB88D688B1
:10F3F000A2F8D832013B9B1B47F6FD769BB2B34285
:10F4000006D9282382F83130F5F714F8284670BD64
:10F41000D1F80130C2F8DA324B7982F8DE320A22B2
:10F420000368DA73F2E70125F0E72DE9F74F0646A6
:10F43000894690460193FFF7AFFFD6F8FC7104466A
:10F4400057B90023C8F80030F38823449CB2019BCD
:10F450001C8003B0BDE8F08FF5F7AAFA0028F0D1C0
:10F46000D6F8C8C0D6E978320CFB04FE1EEB030EBA
:10F47000D7E9021342F100020B44D7E900155B18EB
:10F4800045F10005734575EB020114D2BEEB030193
:10F490006FF0010B62EB050A8B4570EB0A0A03D291
:10F4A0003D215620F1F788F93869471E3944B1FBF0
:10F4B000F0F1E0FB0135B3EB0E0365EB02056FF0F5
:10F4C00001029A424FF00002AA4101D24821E8E726
:10F4D000B3FBF9F209FB1233B3FBFCF291B20CFB64
:10F4E0001133C8F80030F3881C441444A4B2AEE7CA
:10F4F0000B46822203F8032BD0F80920C1F8032021
:10F50000D0F80D205A60427C1A720023CB707047ED
:10F510000368F7B5DD7B06460C46002D63D193F8F2
:10F52000297106230DF107018DF80730FDF7FCFE68
:10F530009DF8072039462046FFF715FC38B9217899
:10F540003046FFF718FF0546284603B0F0BD326885
:10F550006389D188A2F8D832013B5B1A47F6FD7166
:10F560009BB28B4206D92823304682F83130F4F71B
:10F5700061FFE9E7A3886FF450615918062995BF28
:10F58000A3F5506340F2E2414FF47A7128468CBFF4
:10F590004B434B43C2F8E0326378C0B103EB8303C3
:10F5A00003EB83039B00A2F8DA326388C0B16421C5
:10F5B0004B43C2F8DC32E388A2F8E4322389A2F894
:10F5C000E632002382F8EC320D23D373BCE7C3EBA1
:10F5D000431103EB810303EB83035B009BB2E2E780
:10F5E00040F2E241E4E70125AEE7F8B50D680446D4
:10F5F0000F46D5F84C0295F82911FFF7D6F86FF4AD
:10F600005062B5F8463282182071000A92B26071D9
:10F61000062A8BBF40F2E2426422002601268CBFFC
:10F62000B3FBF2F3B3FBF2F36370B5F85032A3719E
:10F630001B0AE371B5F8523223721B0A63723868F1
:10F6400090F89F303BB905F5117305F51272D5F8A6
:10F650004C12FFF7EAFEB5F84432A3721B0AE372BC
:10F66000D5F8483246B164220C20B3FBF2F3A37004
:10F67000C3F30723E370F8BD40F2E242F4E70B4620
:10F68000842203F8022BD0F80920C1F80220D0F818
:10F690000D205A6070470B46852203F8022BD0F8E4
:10F6A0000920C1F80220B0F80D209A80704738B5C3
:10F6B00003680546DC7B34B1113C0F2C8CBF012460
:10F6C0000824204638BD1A7D002AFAD0D3F8A43089
:10F6D0002BB9FFF70EFE2B681122DA73F1E70C222B
:10F6E0000A21BDE83840FFF72ABE08B50368DA7B77
:10F6F000162A04D040F253211F20F1F75DF80122B1
:10F7000083F851201822DA7308BD0368DA7B122AC5
:10F7100005BF132200200220DA737047036810B57A
:10F72000DB7B04461C2B06D1FFF7F5FD2368202266
:10F730000020DA7310BD0220FCE708B50368DA7B0D
:10F74000112A04D040F27E211F20F1F735F8012262
:10F7500083F851201222DA7308BD08B50368DA7BFA
:10F76000182A04D040F28A211F20F1F725F81C2224
:10F77000DA7308BD3E230B700C234B7004238B708F
:10F78000D0F80930C1F80330D0F80D30C1F8073097
:10F79000B0F81130A1F80B30C37C4B73704708B53B
:10F7A00003689A7B1AB1CF211C20F1F705F80422D7
:10F7B0009A7308BD08B5036893F8A82032B9DA73C4
:10F7C000A3F84E20BDE80840FFF7A5BD1A68D10791
:10F7D00003D4DD211C20F0F7EFFF22F001021A60B4
:10F7E000F0E787230B7030F8AC3C4B807047036820
:10F7F00093F8A8109A7B59B9052A08BF00224FF048
:10F80000000002BF83F83E2083F84A209A737047B5
:10F810000F2AF2E738B5046894F8A85045B9E37B9D
:10F820004BB9FFF766FD45B90223E373002038BDED
:10F8300023685B07F5D50120F9E7236843F004034B
:10F840002360F3E7036893F8A8201AB11A6822F03E
:10F8500004021A60FFF75FBD08B503689A7B1AB10E
:10F8600072214B20F0F7A8FF93F8A820002A14BFBC
:10F870000F2205229A7308BD10B5D0E90D42A242AD
:10F8800006D30B8D121BC98E05334B43934202D313
:10F89000012380F83E3010BD0C230B7008234B7001
:10F8A00000238B70B0F85630A1F80330437A4B71C7
:10F8B0004389CB8083890B81704710B5046894F825
:10F8C00053309A070CD4A37B1BB177214020F0F76B
:10F8D00073FF0122A4F84630A27384F84A2010BDB9
:10F8E00094F8A8303BB9E37B0BB9FFF714FD002374
:10F8F00084F83E31F3E723689B07F8D5FFF70BFD4B
:10F90000236823F002032360F1E710B50B79012887
:10F910004C790A6843EA0421104608BF41F480315B
:10F9200010BD07B5FFF7F1FF0DF10702F4F7E6FF91
:10F9300003B05DF804FB90F838300BB90020704735
:10F9400090F83830012BF9D090F83800073818BFFC
:10F950000120704790F83830012BDAB201D0FFF760
:10F96000EABF10467047002307B501A80193FAF7D4
:10F97000EBFB019810F0030018BF012003B05DF805
:10F9800004FB10B5FFF7EFFF002814BF1424002478
:10F99000FCF7F0FE404200F01400204410BD73B5A7
:10F9A0000C46B1F8051005461A2921D9B4F80730DC
:10F9B000B3F5A47F1CD3B4F801201A2A18D9B4F8DF
:10F9C0000340B4F5A47F13D30068009400F1A806A7
:10F9D000E830FFF77BFB2C683046FFF796FB10B949
:10F9E000012002B070BD04F25F10F4F7F5F9F7E7FB
:10F9F0000020F6E708B503689A7B1AB12621A320F8
:10FA0000F0F7DAFE21229A7308BD38B5056804467E
:10FA1000AB7B213B022B0BD8FFF7C1FF18B10621AE
:10FA20002068F5F711FE002085F84A00A87338BD5C
:10FA30000120FCE702681368D90610B5044603D418
:10FA4000B821A320F0F7B8FE990601D5B921F8E74F
:10FA500023F010031360FFF75EFC20680621BDE869
:10FA60001040F5F7F1BD38B50546FAF757F800F53F
:10FA700044434FF47A72033D4933B3FBF2F4FFF78A
:10FA800080FF012D00F1A4038CBF00202820234417
:10FA9000184438BD10B5044690F87900FFF7E3FF2D
:10FAA000012201462046BDE81040FFF7F7BB0023C6
:10FAB00013B51A464373A0F89032194600930446D2
:10FAC000F4F7F0FF20B140F2E7113020F0F774FEB8
:10FAD0000123C4F81802C4F810026373A4F82E02BC
:10FAE000A4F82C0284F83102E388A4F89202013BC6
:10FAF000E38002B010BDF8B50D460023D0F8101118
:10FB0000044680F81431D0E9506781F8ED2180F87F
:10FB10005031D0F81001FEF7BEFED4F81001C0E954
:10FB20009E67C0F89452C0E9A267FFF7C0FFF9F7DB
:10FB3000C3FDBDE8F840FBF745BFD0F810017047A2
:10FB400038B5044690F850319BB1FF2380F8583106
:10FB5000012100F027FC94F8503153B104F1E8057D
:10FB6000284600F0A0FF284600F0A9FF002384F8F3
:10FB70005031002038BD08B590F8582142B990F8AE
:10FB8000142142B1D0E94631994202D9F7F7F8FB86
:10FB90000022104608BD0122FBE710B50446FFF71E
:10FBA000F0FE00F25911226A236C9A4228BF1A46CD
:10FBB0001046FFF77CFBB0F5296F28BF4FF4296092
:10FBC00080B210BD012A70B506460D4614460BD012
:10FBD000022A0ED08AB9F9F767FB22460146284669
:10FBE000BDE87040FFF787BFF9F75EFBC6F89402E7
:10FBF00070BD0122D0F89412F1E740F2C3713020B9
:10FC0000F0F7DAFD70B5044621B1012978D040F251
:10FC1000D37172E000F05BFA94F8513105460E465C
:10FC2000DBB150EA010318D0D4E94832D4E95001DD
:10FC3000C01A334661EB02012A4601F0ECFA05FBDB
:10FC400001F300FB0633A5FB00021344D4E948216D
:10FC5000121843EB0103C4E94823E08C30B1F4F7F8
:10FC6000E1F8E38CB0FBF3F202FB1300D4E9483275
:10FC7000ED184FF0000346EB02062D1840F2024249
:10FC800084F8303146F1000684F85131A4F8382167
:10FC9000C4E94856C4E9505694F8583103F0FF01BE
:10FCA000DBB96FF00043D4E952029A4208BFB0F1C9
:10FCB000FF3F18D02046D4E9505600F0C7F9AE30C7
:10FCC000D4E952325B1B62EB06021B1A62F100029E
:10FCD000002A08DA2046F7F753FBF9F7EDFCBDE8F8
:10FCE0007040FBF76FBE04F5987104F1E800FBF774
:10FCF0007DFE0028F1D14FF4E0613020F0F75CFD8B
:10FD0000002380F81431E8E790F85001003818BF5C
:10FD1000012070470B46812203F8032BB0F809201D
:10FD2000A1F80320C27A9A7070470B468C2203F820
:10FD3000032BD0F80920C1F80320D0F80D205A6019
:10FD400070478B88F7B513F0180506460C461FD18F
:10FD5000086820B940F2EA312D20F0F72DFD00F0BF
:10FD6000ACFB217CF5F738FD677CA38801463A4659
:10FD7000304600932B46F5F74DFDA430D4E902231D
:10FD8000824273F100032CBF0120002003B0F0BDBC
:10FD90000120FBE710B50446F4F744F882B204F101
:10FDA000690104F13600FEF7CFFD84F8440010BD70
:10FDB00037B504460D46FFF7EDFF01222B4661796A
:10FDC000204603B0BDE83040F5F79ABE38B588222A
:10FDD0000B460C4603F8032B00F10902293052F8B8
:10FDE000041B824243F8041BF9D1127802211A70D5
:10FDF0000123A588A3712846F1F708F9A0B1E3789B
:10FE00004BB102212846F1F717F968B140F23321CE
:10FE10002D20F0F7D1FCF3F75FF84B0404D528460A
:10FE2000BDE83840FDF75ABA38BD70B504460D46F6
:10FE3000173019461646FEF76FFD84F8205184F8F6
:10FE40002151FF2384F82231E91E04F1E800012941
:10FE50008CBF00210121FFF740F9314604F1A800D1
:10FE6000F3F746FD94F82A31002B14BF4D23962357
:10FE7000A4F8E230A4F8E0300023A4F8E43070BD28
:10FE800070B50D46044691F829111646D5F8C800FC
:10FE9000FEF78BFCB5F8D030A4F8AC0004F1A0025A
:10FEA000A4F8AE30B5F8D230A4F8B03095F82B31C4
:10FEB00084F8B230237F73B394F86830012B2AD1D1
:10FEC00094F86E3003F0C003402B24D1D4F869308D
:10FED000C4F8A030B4F86D309380082E236A04F182
:10FEE000A60193F8AC2003F1AD0084F8992004F149
:10FEF0009A02D3F8AD3019D0C4F8A63083883046C2
:10FF00008B8004F19901F3F71DFC40B940F6E23112
:10FF10002D20F0F751FC0023C4F8A030DCE794F862
:10FF2000993043F0020384F8993070BDC4F89A30D8
:10FF3000838893800023C4F8A6308B80F5E70B46B6
:10FF40008B2210B503F8032BD0F80920C1F8032049
:10FF5000427B1A71CB78A3B130F8B43C1B0710D4A4
:10FF6000B1F8054002212046F1F750F848B10221CE
:10FF70002046F1F761F820B140F276212D20F0F70C
:10FF80001BFC10BD0121F6F73DB9FFF7FBBFF6F7EB
:10FF90000BBA704708B590F894300BB1012008BD3A
:10FFA00090F8CC30002BF9D190F8BE3003F0FF0070
:10FFB000002BF4D0F2F752FF80F00100C0B2EEE760
:10FFC00030B54FF4B07285B00D460021044601F003
:10FFD00082F9FF2323701323638042F21073E384BA
:10FFE000F1F720F900220146E0646846F1F760F974
:10FFF00000220121E06CFDF77EF80422E16C6846E6
:020000021000EC
:10000000F1F756F90022E06C1146FDF774F804F19F
:100010003000A57400F001FA02A8F3F7ADFC20B996
:100020004FF449712D20F0F7C7FB02A904F1360007
:10003000FEF772FC05B030BDFF23C86C0B70FDF7F6
:1000400027B80078FF3818BF01207047F7B504467D
:1000500030300E4600F031FA61880746CA0605D5F1
:100060002822F7F7D7F96D3003B0F0BD8B07E06CAD
:100070000FD5FDF7E2F8217905463846F5F7ACFBD8
:10008000638801462846009333466279F5F7C2FB40
:10009000E9E7FDF7C2F8EEE7034608465A8812F092
:1000A000180F30B587B010D103F13001ADF804203E
:1000B000D3E902459B8800916946ADF81030CDE93F
:1000C0000245FFF73EFE07B030BD0120FBE7D0E957
:1000D000020170470B68C0F815308B88A0F8193002
:1000E0000123C37670472DE9F04F07469DB00C46BB
:1000F000054610AE0DF120080FCF0FC60FCF0FC66B
:1001000097E80F0086E80F0040466E7900F085F909
:10011000A37A277D039323787A1E0493022A6378B7
:1001200003F07F0AD14600F28380D90603D4A67D6E
:10013000731E022B7CD8637E03F0FD03012B02D1DA
:10014000032F08BF0427A37E03F0FD03012B02D178
:10015000032E08BF0426617A404600F065F9237D2E
:10016000227F4046022B02F101020CBF617D01217A
:10017000D2B204BF0131C9B200F058F91AF0080F29
:100180006CD1404600F099F963788346DA0654D47E
:10019000F1F776F8824639465846F5F71DFB0123FC
:1001A000014632465046CDF80090F5F733FB40F259
:1001B0007122217900F28620E378B0FBF2F043EA65
:1001C00001236179504343EA01435343984239D8AC
:1001D0004FF0000B94F818A00793A37CE86C0593EC
:1001E0000AF1FF33D3F1000A4AEB030AFDF715F8D1
:1001F0000690E86CFDF721F80699079B814238BF0D
:10020000014688B268B308A90C9306930A910AA91B
:10021000ADF82C90CDF834B08DF838708DF8396089
:10022000FFF78FFD069BE0B945201DB0BDE8F08FBC
:1002300040F212310620F0F7BFFA28224946F7F7BC
:10024000E9F8B4E7E179A37943EA0123217A43EAA3
:1002500001435343834228BF0346B9E700239B462B
:10026000B8E7CDE9123B059B049A8DF853308DF821
:10027000447010AF039B8DF845602E468DF850A05A
:100280008DF854308DF84020ADF842900FCF0FC656
:100290000FCF0FC697E80F0086E80F0098E803001D
:1002A00028630020A986E37A03F0FD03003B18BF12
:1002B000012385F86F30E3682B67238AA5F8743033
:1002C00095F84630E27D62F3071385F84630ACE7D7
:1002D000438813F0100005D013F0040F14BF002062
:1002E0001F2070479A0704D4DB0701D4F0F7C8BF7A
:1002F000EE20704708B5FFF7EBFF003818BF01206C
:1003000008BD4FF40043A0F8483043881D2B08BFB8
:1003100000214174704790F912007047408800F046
:10032000010070478078C0F3400070478078C0F3C8
:10033000C000704710B54488C06CE30654BFC4F3D6
:1003400040040024FCF760FF84F001042043C0B2A5
:1003500010BD8078C0F3001070474079C31E012B98
:1003600005D8B1F81E31012B14BF032004207047BB
:1003700010B50446F3F756FDC0F30B00A042F9D0C8
:1003800010BD90F86830016281F8B330D0F8693060
:10039000C1F8B430B0F86D30A1F8B830704770478C
:1003A000F5F730BD80F888107047FF2380F88B3058
:1003B00070478278034612F0010002D0D978C9074D
:1003C00010D5900702D5D97889070AD512F0040014
:1003D00008D0D878C0F3800080F001008000C0B25F
:1003E000704702207047C0F34002C0F3800300F062
:1003F0000100134418447047022808B507D00428A8
:1004000007D0012807D039212E20F0F7D5F9262072
:1004100008BD2720FCE72520FAE70023C0F80230BA
:1004200001234370037070478170704710B54270AC
:10043000144601708078FFF7D6FF484304FB00F2B2
:10044000FE2A03DD5C212E20F0F7B6F910BD002353
:10045000C37043710371704710B50446FFF7A9FFDD
:10046000637962780133DBB29A4263710CD1E3782D
:100470000022A17803436271DBB29942E37001BFAD
:100480002379E27001332371BDE81040FFF7B4BF58
:1004900038B504468078FFF7A6FF0146E078FFF7FD
:1004A000A2FF2378227965789B1A6B4359436379BD
:1004B000C91A00FB1510C0B238BD014608B58078D6
:1004C000FFF791FF4A780B7853435843C0B208BDF9
:1004D00008B5427903462AB1FFF76BFFBDE8084033
:1004E000FFF78ABFC07881070BD410F00100F5D167
:1004F0009B785A0707D413F0020F14BF0220012083
:10050000ECE70220EAE70420E8E7032806D192019D
:1005100002F53472803201FB02F07047042803D1E7
:10052000120102F5E772F5E702280BBF0B320A321F
:100530009200D200EEE740F2EE20704740F25A33CC
:100540005843704708B50368DA7B182A04D040F294
:100550007E513120F0F730F91E22DA7308BD08B55C
:1005600090F89E30FE2B04D040F66F113120F0F74A
:1005700023F9002380F89E1080F89F3012B9A0F86C
:100580004E2008BDA0F84630012380F84A30F8E735
:1005900008B50368DA7B352A05D10022DA73BDE895
:1005A0000840FEF7B8BE182A02D11E22DA7308BD31
:1005B00040F293513120F0F7FFF8037D63B9C37B1C
:1005C000A3F11002032A07D990F8520028B1202B7A
:1005D0008CBF00200120704701207047037D63B964
:1005E000837BA3F11002032A07D990F8520028B1A7
:1005F000202B8CBF0020012070470120704703682A
:1006000010B59A7B93F8A010092A08D193F8992085
:100610008A4204D100229A7383F84A2010BD1A68D6
:1006200012F0080406D022F00802BDE810401A605B
:10063000FEF771BEFF2904D1372283F8CC429A73AA
:10064000ECE74FF4AF613120F0F7B6F838B50E386B
:10065000136814460D469A7B09283ED8DFE800F05F
:10066000053D3D3D0F3D183D3D27042A05D120465F
:10067000FEF737FE2046F4F76DF8002038BD0F2A4C
:10068000FBD1002220461146BDE83840FFF7AFB845
:10069000212AF2D12046FEF724FE002DEDD022685B
:1006A00092F8623023F0200382F86230E5E7DA7BCB
:1006B000272AE2D100252046DD73FEF72CFE2368B1
:1006C00093F83831012B03D129462046F2F7B6FCC6
:1006D0002368002283F83821CFE740F262213120DD
:1006E000F0F76AF8024600680B4690F8621041F095
:1006F000040180F8621099785878F7F7A3B838B5F4
:100700000C460546D1E93001F0F730FD637B3BB183
:1007100004F50E74204600F0C6F9204600F0CFF92B
:100720000F212846F0F788FC10212846F0F784FCBA
:1007300012212846F0F780FC11212846F0F77CFCB6
:1007400013212846F0F778FC28461421BDE83840EC
:10075000F0F772BC0022C281827490F84C3013B161
:100760000221F4F771BF0321FBE738B504460846C0
:10077000E37B162B09D0A3F118025342534194F89E
:10078000C82222B10C25284638BD0123F7E7002BEB
:10079000F8D094F8F83203F0FF05002BF2D190B1B5
:1007A00094F8063223B940F66C313120F0F704F8A2
:1007B000052304F1800204F5FB7100F0DFFC012346
:1007C00084F8C832DFE70223FAE7F3F7E9BB10B594
:1007D0000446FFF7D6F800F58A71226A236C9A4224
:1007E00028BF1A461046FEF762FDB0F5296F28BFF4
:1007F0004FF4296080B210BD70B50D460421064645
:10080000F0F704FC044648B906213046F0F7FEFB39
:1008100020B115B190F8E53003B90446204670BD0B
:1008200090F83C00A0F1FF0358425841704708B5CA
:1008300000F073F8BDE80840F8F77EB81D2310B546
:1008400004460370F2F778FB6070022010BD1E238F
:1008500010B504460370F2F76FFB6070022010BD04
:1008600001234380038000238380C3804FF44863C7
:10087000038170471021F0F7C9BB73B501A9054684
:10088000FDF7A7FF044618B121215420EFF794FF8C
:100890002846019EFFF7EEFF30B10123A6F8DE30B7
:1008A000848144810482C48102B070BD3C230380F2
:1008B0004FF4FA4343800123C380838000230381E4
:1008C00043814FF448638381704708B5F8F7C8FC4B
:1008D000F8F754F9F8F782F8BDE80840F9F718BAC4
:1008E00010B5C824F8F70EF9022808D1013C14F01D
:1008F000FF04F7D10620F3F73FFA204610BD431E50
:1009000058425841FAE710B5F8F7D6FC044600F013
:1009100051F9201841F1000110BD07B501ABF9F7FD
:10092000B5FB03B05DF804FB38B504461546F8F78F
:1009300075FA01462A462046BDE83840F8F7C4BD9E
:10094000704719B943780BB1C3788370704710B5FD
:1009500004460846F9F7E2F84FF47A73B0FBF3F077
:10096000201A10BD38B5044608461546F9F7D6F8E2
:100970004FF47A7300F2E730033DB0FBF3F0012D42
:10098000A4EB00048CBF02200A20201A38BD0138D5
:1009900008B507280BD8DFE800F00F1106040A0F8E
:1009A0000F08032008BD0220FCE70420FAE740F20C
:1009B00089410620EFF700FF0020F3E70120F1E76F
:1009C00000F038B8801A00F3070038B50D46144619
:1009D00059B240B2F9F76EFC0023287020446B70C6
:1009E00040B238BD00230360704770470020704755
:1009F0004FF0FF3070474FF0FF30704770474FF0B7
:100A0000FF307047002070470020704700230370BC
:100A100070479DF800300022FFF7D4BF4FF0FF3041
:100A20007047002070474FF0FF3070474FF0FF30A5
:100A30007047704770470020F9F780BC0020F9F735
:100A400057BD0020F9F768BD0020F9F777BC704763
:100A5000F9F7AEBDF9F7C0BDF9F7B0BDFBF7FEB9C8
:100A6000FAF7CABEFAF7E0BEFBF722BA00F047B9C0
:100A7000FBF714BAFBF704BA10B5837F8BB90346B2
:100A800001F1180251F8044B914243F8044BF9D19B
:100A9000012484772146FAF7E1F8FAF79FFE204611
:100AA00010BD0020FCE710B504460221FAF7D6F885
:100AB000FAF794FEA07FB0FA80F0400910BD38B577
:100AC0000446A37F03B938BDA37F032B02D0A37FC5
:100AD000042B0ED1EFF3108572B62046FAF7DCFA3C
:100AE00005B962B6A37F002BEDD0FF210320FBF7F1
:100AF000A7FBA37F012B02D14FF48271F6E700F030
:100B000047FBDEE7F8B50746FAF7D6FE044620B9FC
:100B100040F229110320FBF793FBFAF7D3FEA468F8
:100B200000252418384641F1000622463346FAF7DC
:100B30003BFBA04271EB060309D3001B6FF00103DE
:100B400061EB0601834275EB010102D3F8BD284633
:100B5000FCE74FF0FF30F9E72DE9F04104460F467E
:100B6000FAF7AAFE064620B94FF4A3710320FBF75B
:100B700067FB8568002362195B4113B10020BDE863
:100B8000F081FAF79FFE2A18384641F1000314EB72
:100B9000020843F10005FAF707FB4045A941EDD3F0
:100BA000FBF75CF900F06AF8B3680120377523445D
:100BB000B360E4E7FAF786BE8068704708B5FAF7D5
:100BC0007BFE20B940F29B110320FBF739FB007D2F
:100BD00008BDF8B50369044623B14FF4D171032071
:100BE000FBF72EFBFBF73AF905460E46F9F78CFFAB
:100BF00070B36435D4E9003246F10001AB4272EBC8
:100C0000010001D22B460A46C4E90032EFF31085F9
:100C100072B6FAF751FE064698B1FAF753FEB3687A
:100C20000B332CBF012200221B18D4E9006042EBD9
:100C30000101B34271EB00023CBF33460146C4E9F7
:100C4000003105B962B62046BDE8F840FAF722BB8C
:100C5000F9F77AFF0746FAF743FEB84238BF38463D
:100C6000963546F100024319D4E9000142F1000231
:100C7000834272EB0105C7D20346C4E7FAF708B90D
:100C8000032910B5044606D801290ED840F25D119B
:100C9000B020FBF7D5FA0429F8D1F9F7F5FF20B118
:100CA0002046FAF775FB022010BD0020FCE7C0E9E2
:100CB00008122022002100F00EBB10B5037886B088
:100CC000044623B14FF4AB714520FBF7B9FA059305
:100CD000CDE90333D0E90423CDE90023436802932F
:100CE000037A68468DF81430FFF773FF0120DDE9C1
:100CF0000023C4E9042306B010BDFAF749BF10B5BC
:100D0000029C241841F10001A01A61EB0301B0F12B
:100D1000004F71F1000103DBAA210420FBF790FAD8
:100D200010BD08B500230B8581F82A300B6A092114
:100D3000984728B103781BB1E9216A20FBF780FAB4
:100D400008BD436A19444162A1F19600FFF788BECD
:100D5000F8B5044620B940F2AD116A20FBF770FAED
:100D600090F85850052900F2C780DFE801F00380B1
:100D700043656F7990F82A30033B012B02D94FF479
:100D8000DC71EAE7052380F82A30002380F8593027
:100D90000378EBB12378012B24D1FAF787FE63683F
:100DA00094F828606362C4E90601F6B9FFF760FEB3
:100DB00031462046FFF7C5FF236A3146284698474B
:100DC00001462046FBF728F9022840F09880F8BD3C
:100DD000FFF744FE07460E46FAF768FE87428E414B
:100DE000F6D3D7E7D4E90401D9E72046BDE8F840B7
:100DF000FBF7DEB890F82A30DA1E012A02D940F259
:100E0000ED11AAE790F828202AB121462846BDE82E
:100E1000F840FFF786BF042B036A18BF012180F852
:100E20002A100521284698470028D0D00378002BA7
:100E3000CDD04FF4007190E790F82A30052B02D006
:100E400040F2062189E7036A0221B7E790F82A30C9
:100E5000052B02D04FF403717FE7036A0121ADE750
:100E600090F82A30052BC0D040F2122175E790F897
:100E70002A30052B07D090F829200AB1032B02D085
:100E800040F2172169E794F82820002ABDD194F890
:100E9000593083B102230821284684F8592084F868
:100EA0002A30236A9847002891D00378002B8ED0EF
:100EB00040F2232151E794F8292062B1214604F140
:100EC000300084F82930FAF791FD00287FF47FAFD5
:100ED0004FF40A7141E702230721284684F82A309B
:100EE000236A984700283FF472AF0378002B3FF441
:100EF0006EAF40F22F2130E74FF40D712DE701283E
:100F0000236A0CBF0421032158E770B50024FBF7C6
:100F10003DF905462646E0B2854200D870BDFBF794
:100F20003BF90134068580F82A60F4E7F8B50446F9
:100F30000D460027FBF72AF90646F8B2864204D888
:100F4000082D0CD96FF0150008E0FBF725F990F893
:100F50002A300137002BF0D04FF0FF30F8BD2CB114
:100F600029462046BDE8F840FBF722B92146204635
:100F7000F8E710B50446FBF70FF9014688B190F881
:100F800028308BB990F82A3073B1013B012B04D87B
:100F90002046FFF7C6FE002010BD012380F8283050
:100FA000F9E76FF00100F7E76FF02200F4E770B5A2
:100FB0000D46FBF7F1F8044600284CD090F82A6063
:100FC000731E012B4DD8002D48D02846FAF7C4FFD8
:100FD000002843D02B780BBB012323702B796A792F
:100FE000003B18BF0123002A14BF0422022243F051
:100FF00004032272AA68A5326260EA68637203235E
:101000002261214604F1300084F82A30FAF7EEFC20
:1010100050BB40F2C1216A20FBF712F9022E20D109
:10102000002323702B796A79003B18BF0123002A23
:1010300018BF042643F004032672EA686372A532DF
:10104000A9686260D4E906325B1842EBE172C4E938
:1010500004320423D5E76FF0010070BD6FF0150076
:10106000FBE76FF02200F8E70020F6E7F8B5037918
:1010700004461BB11B219D20FBF7E2F84679017164
:1010800026B901234371217909B96171F8BD276837
:1010900020462671B84702280546F4D10321204690
:1010A000B84708B12F21E6E723682946204698472C
:1010B0000028E8D03021DEE70346006800B9704719
:1010C0008842F9D102681A60704701F110030138B3
:1010D00013F8012D8B4200F8012FF9D170472DE94B
:1010E000F04713F0010F8EB004460D4617469A469E
:1010F000DDE9168924D006A8FFF7E7FFA30735D05E
:1011000002AA04F110052068083454F8041C1346A0
:10111000AC4203C31A46F6D106AD02AC1AF0020F78
:101120004346CDF8009023D0294620460AAAFBF773
:1011300031F90AA93846FFF7C8FF0EB0BDE8F087BD
:1011400013F0040F0DD106AB0E4601F1100C1D4635
:101150003068083656F8041C1A46664503C2134622
:10116000F6D1214602A8FFF7B0FFD6E706ADD5E7D6
:101170003A4629462046FBF70DF9DEE713B5002471
:10118000CDE90044FFF7ABFF02B010BDFBF706BA94
:1011900020BF704720BF70479142F8B503D3732139
:1011A0009620FBF74DF8B2FA82F33BB1C3F120046D
:1011B00099409A4020FA04F4984021434FEA124C97
:1011C00093B2040C87B2B1FBFCF50CFB151E05FBBA
:1011D00003F64FEA0E4E0EEB1040864205D9361A42
:1011E000964294BF01260226AD1B04EB0141280460
:1011F00005FB1211B1FBFCF40CFB1411634307EB6C
:101200000147BB4205D9DB1B934294BF0123022354
:10121000E41A2043F8BD2DE9F0411D4607460C466F
:10122000164652EA050303D1A6219620FBF708F8DB
:1012300085B9914204D2FFF7AFFF2946BDE8F0819E
:1012400008462946FFF7A8FF05463246384606FB02
:101250001541F0E7B5FA85F80123400803FA08F3D1
:10126000C8F11F0840EAC470A3FB0212610803FB27
:101270000522FFF791FF30FA08F04FF0000102D08D
:10128000013861EB010100FB05F3A0FB062C06FB16
:101290000133BF1A634464EB0304B742AC41CDD3BE
:1012A000013041F10001C9E7431A934200EB020308
:1012B00010B508D3013902469A420BD011F8014FFC
:1012C00002F8014BF8E70A4412F8014D8A4203F88C
:1012D000014DF9D110BDF0B5C9B20446A3072646A9
:1012E0000ED14FF0013522F003034D43E718BC4205
:1012F0000CD1334402F003021A44934209D1F0BDE9
:10130000002AFCD0013A04F8011BE7E744F8045B2B
:10131000EDE703F8011BF0E700280CBF6FF01500A4
:10132000002070470020704707230370002070479B
:10133000002070470020704710F8012B11F8013B86
:10134000012A28BF9A42F7D0D01A7047034611F8F5
:10135000012B03F8012B002AF9D17047034613F83B
:10136000012B002AFBD1181A013870472DE9F047EC
:101370008C468E46089E154604461946002B40F0C2
:10138000D080724547D9B2FA82F74FB1C7F1200336
:101390000EFA07FCBD40BC4020FA03F343EA0C0CF4
:1013A0004FEA154EA8B2230CBCFBFEF80EFB18CC7E
:1013B00008FB00F943EA0C43994528D9EB1808F1DA
:1013C000FF3204D2994502D9A8F102022B44A3EBC3
:1013D0000903A4B2B3FBFEFC0EFB1C330CFB00F0B4
:1013E00044EA0344A04214D92C190CF1FF3304D26F
:1013F000A04202D9ACF102032C44241A43EA024071
:101400001EB1FC40002334607360BDE8F0874246A3
:10141000DDE76346F1E7002A79D0B2FA82F3002BC8
:101420003FD01946C1F1200302FA01F500FA01F498
:101430002EFA03F20EFA01FE20FA03F3AFB243EAEA
:101440000E034FEA154EB2FBFEFC0EFB1C201A0CDD
:101450000CFB07F842EA004290455AD9AA180CF151
:10146000FF3004D2904502D9ACF102002A44A2EB2D
:1014700008029BB2B2FBFEFC0EFB1C220CFB07F722
:1014800043EA02439F4246D9EB180CF1FF3204D2E3
:101490009F4202D9ACF102022B44DB1B42EA00421C
:1014A00002E0AEEB020301224FEA154EAFB2200C70
:1014B000B3FBFEFC0EFB1C330CFB07F840EA0343B6
:1014C00098452AD9EB180CF1FF3004D2984502D97F
:1014D000ACF102002B44A3EB0803A4B2B3FBFEFC67
:1014E0000EFB1C330CFB07F744EA0344A74216D952
:1014F0002C190CF1FF3304D2A74202D9ACF102033C
:101500002C44E41B43EA00400F46114678E71F21B4
:1015100088E76046ABE76246BFE76046DBE76346C5
:10152000EFE7734506D916B9002108466DE7C6E90D
:10153000000EF9E7B3FA83F787B9734501D3824206
:1015400007D8841A6EEB030301209C461EB90021C4
:101550005BE73846FAE7C6E9004CF8E7C7F1200C2C
:10156000BB4000FA07F422FA0CF520FA0CF1BA405D
:101570001D432EFA0CF30EFA07FE4FEA154941EA15
:101580000E011FFA85FEB3FBF9F809FB18300B0CAE
:1015900008FB0EFA43EA00439A4540D9EB1808F1DC
:1015A000FF3004D29A4502D9A8F102002B44A3EBE4
:1015B0000A0389B2B3FBF9F809FB183308FB0EFEE6
:1015C00041EA03418E452CD9691808F1FF3304D252
:1015D0008E4502D9A8F10203294443EA0040A1EB59
:1015E0000E01A0FB02984145CE46434602D306D1E8
:1015F0004C4504D20138B9EB020E68EB0503002E0E
:10160000A5D0B4EB0E0261EB030101FA0CFC22FA47
:1016100007F3F9404CEA0303C6E9003197E7404677
:10162000C5E74346D9E70000F7B5002240F603407E
:10163000114602F049FF0446002850D102F086FE10
:10164000214641F2030001AA02F03EFF04460028B1
:1016500045D1019A234DD16805F12C03D1F8010041
:10166000D1F8051003C3104602F0A2F9214641F259
:10167000010001AA02F028FF044680BB0198C3685C
:101680005A7885F824205A88EA841A7985F8252022
:10169000B3F807202A85B3F805306B8502F088F986
:1016A000214641F2020001AA02F00EFF0446B0B941
:1016B000019F05F13406FA68531C4132344618681C
:1016C0005968083303C493422646F7D1384602F0DE
:1016D0006FF995F83030580606D46FF012042046A2
:1016E00003B0F0BDB8010020002142F2030001AABE
:1016F00002F0EAFE04460028F1D1019BC04EDA68F0
:10170000D2F80100D2F8051003C6184602F050F9CD
:10171000214642F2020001AA02F0D6FE0446002849
:10172000DDD1019CE368B3F8012091B249B1D978C9
:1017300039B1A5F8B420DA78114606F1200017F087
:1017400003F9204602F034F9002142F23A0001AADE
:1017500002F0BAFE0446002840F03C810198C368BC
:10176000B3F80130A5F8C83002F022F995F83060DE
:1017700016F0200619D14FF0FF304FF0FF3102F084
:1017800005FE0446002800F0568102210C3012F0BC
:101790002DFA0123214603704670324640F66D4013
:1017A00002F092FE0446002899D195F850301A07AD
:1017B00012D5002142F21C0001AA02F085FE044667
:1017C00000288CD10198C368D3F80120D3F80530E4
:1017D000C5E9262302F0ECF895F890309B0626D553
:1017E00068460DF1020112F01DFD044600287FF449
:1017F00076AF4FF0FF304FF0FF3102F0C7FD0646E5
:10180000002800F0188104210C3012F0EFF9BDF827
:10181000003022460380BDF802303146438042F258
:10182000240002F051FE044600287FF458AF95F8DA
:1018300090305F0610D5002142F22A0001AA02F082
:1018400043FE044600287FF44AAF0198C3685B78E2
:1018500085F8CA3002F0ACF84FF0FF304FF0FF319E
:1018600002F094FD0446002800F0E58008210C30C9
:1018700012F0BCF995F890100246624811F0020F80
:10188000614B08BF034695F891008E0648BF43F0B0
:10189000400310F0090F18BF43F4006301F0010189
:1018A00043EA0110002112F0F6FB2146002242F229
:1018B000010002F009FE044600287FF410AF95F8FD
:1018C0003030B5F8B410980600F18B80C9B941F2F8
:1018D000050001AA02F0F8FD044600287FF4FFAEDF
:1018E000B5F8B430019C4BB9E368B3F80120A5F812
:1018F000B4209A884548114617F026F8204602F091
:1019000057F84FF0FF304FF0FF3102F03FFD044633
:10191000002800F0908008210C3012F067F995F84B
:1019200090300246D90761D44FF00051384812F088
:10193000B2FB2146002240F6014002F0C5FD0446FC
:1019400000287FF4CCAE014601AA4FF6014002F018
:10195000BBFD044620BB019802F02AF821464FF651
:10196000024001AA02F0B0FD0446C8B90198C3685C
:10197000B3F80130A5F8753002F01AF895F8753013
:101980005A070DD521464FF6034001AA02F09CFDEF
:1019900030B90198C3685B7885F8743002F008F8B4
:1019A000EB79002B38D112F0D6FE044600287FF4E4
:1019B00096AE04F0A9FF044600287FF490AEEB79C0
:1019C000002B3FF48CAE0821124812F0AAFA02F064
:1019D00021FD84E6411D7FF482AE1F23A5F8C830A7
:1019E000C4E600298DD16FF0040478E602A1D1E9A4
:1019F00000019CE7AFF30080908800020080002087
:101A0000480200200E1207002E120700700200206C
:101A100010880002400200202E78002EC3D195F8D5
:101A200075309B061ED54FF0FF304FF0FF3102F0AE
:101A3000ADFC044610B96FF0680450E606210C3086
:101A400012F0D4F8D5F8013021460360074B324636
:101A50009B8883804FF6064002F036FD044600283E
:101A6000A1D03CE66FF0850439E600BFB901002043
:101A700013B500246FF009034FF480621449154830
:101A800000940BF081FD144912480BF089FE1349B4
:101A9000134816F0E1FF224604211C2001F07CFBD4
:101AA0000122104BD3E8EF1FC3E8E02F0028F9D143
:101AB00005A3D3E900230C4906480BF0A5FD2046F9
:101AC00002B010BDAFF30080389C1C000000000085
:101AD000F84F0020D82A0020EFE302000B7D02001F
:101AE0009832002030320020600400200000000006
:101AF00010B50B4BD3E8AF3F53B1F9F70BF806A382
:101B0000D3E90023BDE81040064907480BF07CBD2F
:101B100010BD00BFAFF30080389C1C000000000027
:101B20003032002060040020D82A0020000000008D
:101B300070B4174E0C46B042154608D00136B0427C
:101B40000FD0023EB04210D070BC0EF083BD0AA38D
:101B5000D3E90023C5E900230E4B0020236070BCAD
:101B6000704707A3D3E90023F4E707A3D3E90023D1
:101B7000F0E700BFAFF3008002C0FF7F000000006D
:101B800003C0FF7F0000000001C0FF7F00000000D5
:101B900002C0FF7F03004E804A780248097810F0A7
:101BA0000DB900BF58D70200014810F007B900BFB7
:101BB00074D7020008B5054810F000F9044BD3F8BB
:101BC0000026C3F8002610F006F900BFD6D70200A1
:101BD00000E0105010B50020054903F0CDF904468F
:101BE00018B10146034810F0E9F8204610BD00BFC7
:101BF00074370020E4D7020010B5094B1B686BB99D
:101C0000084810F0DBF8084810F0D8F8BDE810409C
:101C100047F61222002305480BF020BD10BD00BF7F
:101C2000102F00200BD8020024D8020088010020C9
:101C300008B510B101280FD008BD00230A4A0B488F
:101C40000BF00CFD0022002309480BF007FD0948AA
:101C5000BDE8084010F0B2B8054816F056FF03483A
:101C600016F053FF0448F3E7B4C404002801002031
:101C7000580100203BD8020051D8020010B50A4C90
:101C8000236883B1094816F040FF094810F096F820
:101C90001321206812F059FF014620B1BDE8104021
:101CA000044810F08BB810BD102F00205801002000
:101CB00068D8020096D802000840C20708B510D5BF
:101CC0000F4816F022FF00F09FFA014620B10D48A0
:101CD000BDE8084010F072B80B48BDE8084010F0AD
:101CE0006DB883070AD5064816F00FFF00F0BAFA60
:101CF000014608B10548EBE70548EEE708BD00BF1F
:101D000088010020C4D80200F6D8020017D90200CA
:101D10004DD90200044BD3E8EF1F0131C3E8E21FA5
:101D2000002AF8D1704700BF3005002070B5044686
:101D30000F4DD5E8AF3F53B90E4810F03FF820469D
:101D4000BDE8704043F6095200230BF0BBBC0020F5
:101D500000F0F6F9014618B1074810F02FF8EEE749
:101D6000D5E8EF3F013BC5E8E23F002AE7D0F7E7BF
:101D70003005002072D90200A4D902000D4A10B526
:101D80000D4810F01BF803220C4BD3E8EF1FC3E8FB
:101D9000E02F0028F9D10A4816F0B7FE0022094BBF
:101DA00009481A60BDE8104047F6122200230BF0E4
:101DB00055BC00BF58E20200D6D902003005002011
:101DC00058010020102F00208801002070B50378F2
:101DD0008AB004460E4607AD032B20D8DFE803F097
:101DE00002191B1D11492846FFF7B0FA05956378C3
:101DF0001E210493A37830460393E3780C4A0293A0
:101E00002379019363790093A3790FF067FB0AB0FC
:101E100070BD0849E7E70849E5E70849E3E70A2113
:101E20002846074A0FF05AFBE0E700BFF6D9020048
:101E30001FDA0200FDD9020004DA02000EDA020005
:101E400018DA020030B515468BB00C4612F020FFB0
:101E500002A9FFF7BBFF35B92246074802A90FF0D8
:101E6000ADFF0BB030BD054B2246009304482B4616
:101E700002A90FF0A3FFF4E742DA020058E20200E1
:101E800061DA020000B589B031B10A4A0A4809B0E6
:101E90005DF804EB0FF092BF084A106012F0F8FEF4
:101EA0006946FFF793FF694605480FF087FF09B0C1
:101EB0005DF804FB58E2020089DA0200102F0020CE
:101EC000ABDA020000B589B012F0E2FE6946FFF716
:101ED0007DFF694602480FF071FF09B05DF804FB11
:101EE000B9DA020010B50C4688B012F0D1FE69468E
:101EF000FFF76CFF22466946044B05480FF05EFF72
:101F000004480BF03BFB08B010BD00BF58E20200D4
:101F1000D0DA02003405002010B50C4688B012F06B
:101F2000B7FE6946FFF752FF2246694603480FF0A5
:101F300045FF03480BF022FB08B010BDF7DA0200A2
:101F40003405002030B50B780446012B0D4693B0C4
:101F500027D119480FF032FF6B782BB1174813B017
:101F6000BDE830400FF02ABF08A9204604F08CFBE2
:101F7000014618B112480FF021FF12E00B9D072215
:101F80002846104918F07DFC024660B16946284693
:101F9000FFF71CFF0C4869460FF010FF204612F0B7
:101FA000ADFE13B030BD0949204603F00BF80146E1
:101FB0000028F6D00648DEE71ADB020033DB020019
:101FC0004CDB0200743700206EDB02007B37002000
:101FD00091DB0200002307B53048CDE900330FF054
:101FE000EDFE2F4808F000FF014630B12D480FF0FC
:101FF000E5FE002003B05DF804FB684601A908F087
:10200000E3FE294BD3F80016C80503D527480FF087
:10201000D5FE0BE04A0601D52548F8E7CB0701D5E8
:102020002448F4E751B124480FF0C8FE00212348AA
:1020300000F0AEF8014618B12148D8E72148E6E79C
:1020400002F0BAFA014608B11F48D0E711F0B9FA18
:10205000014608B11D48CAE71D4804F03DFC014691
:1020600008B11C48C3E71C4804F01AFC014608B13B
:102070001A48BCE71A4800F0A5F8014608B119480B
:10208000B5E7FFF7A7FD014608B11748AFE7DDE95F
:102090000001FFF711FEFFF78DFD00BFBBDB020063
:1020A000B91C0100E6DB020000E010500DDC02006C
:1020B00037DC020058DC02006EDC02000CBB0200C0
:1020C000A9DC020099DC0200DBDC0200FBDC020080
:1020D000200500201DDD020014BB020057DD0200B8
:1020E00008BB02008CDD0200B7DD0200054B08468C
:1020F0001B685B682BB1044A013818BF01201168C6
:1021000018477047182F0020142F0020034B1B681E
:102110001B6813B1024A116818477047182F002036
:10212000142F00201FB514240294044C0194BDF810
:102130001840009413F0A0FE04B010BD9B3700209F
:1021400010B586B0002104461822684618F08AFBB4
:102150000C4B0D4902931423ADF80C300B4B01913D
:1021600004932CB96946204606F02CFB06B010BD3E
:102170000122204613F081FF0028F3D16FF01500F3
:10218000F4E700BF9B37002054BB02000D21010083
:10219000054A0346106818B91360044B196070476C
:1021A0006FF07700704700BF182F0020142F002019
:1021B000034B1B6813B11B6803B11847704700BF7E
:1021C0001C2F002010B578B103686BB1094C23783F
:1021D0006BB9094B094A186009490A4803F04AFAE1
:1021E00008B90123237010BD6FF01500FBE76FF0F5
:1021F0007700F8E7AF3700201C2F0020202F0020A9
:102200007CBB02009CBB02001FB5124B1B78EBB1DC
:1022100040F6B833ADF80C3000230F4C8DF80E307B
:10222000206812F058FB0D49206812F032FB58B9B3
:102230000090034602220A49206812F077FB18B981
:10224000206803A903F048FA04B010BD6FF0150030
:10225000FAE700BFAF370020202F00209CBB020010
:10226000C0BB02001FB5124B1B78EBB141F270737B
:10227000ADF80C3000230F4C8DF80E30206812F0B2
:102280002AFB0D49206812F004FB58B90090034660
:1022900002220A49206812F049FB18B9206803A9F4
:1022A00003F01AFA04B010BD6FF01500FAE700BF92
:1022B000AF370020202F002088BB0200B0BB0200F7
:1022C0002DE9F04110F0030407464FD121F0030639
:1022D000DFF8B4E0DFF8B4802D4A8D0800EB060C7F
:1022E00060451CD16FF0030303FB0515B8190023EB
:1022F0000544A84242D124484C405843234B4FEA5E
:1023000070405843234B604080EA10405843224BB2
:1023100080EA5030584380EA1040BDE8F08150F820
:10232000043B0EFB03F34FEA734308FB03F36340E4
:102330004FEAF34303EB83039C18D1E71B68043D8A
:102340007B434FEA73430CFB03F363404FEAF343D1
:1023500003EB83039C18032DA6EB0503EED86FF067
:1023600003028B085343CD18C01AC0E70D46002462
:10237000054FDFF818C0064A4618ECE710F8012BA5
:1023800042EA0323B5E700BF512D9ECC9335871B4E
:10239000646B54E66BCAEB8535AEB2C2014B1B6869
:1023A000184700BF6405002030B5044685B00D46CF
:1023B00010220021684618F055FA02238DF80230E9
:1023C000044B2A462146684601930FF017F905B0E1
:1023D00030BD00BF9D23010080B505460E4617465F
:1023E00098460BF0D1FC034600F0D2FF0446DFF81C
:1023F0001890424649F8003039463046A84754F80C
:10240000090000F059FF00BF080000002DE9F04767
:10241000058B0446280717460CD501290CBF45F04B
:10242000100545F02005258387F31188BFF36F8FD2
:10243000BDE8F087022905F0070540F094802046AA
:102440000FF047FD052864D801A353F820F000BF22
:10245000292401006725010013250100D52401006E
:10246000EF2401000125010001F007035A1F012A92
:102470001FD8002221F00701062BD4F8008089B272
:10248000C4E9002209D1434603E0628B0132628332
:102490001B68002BF9D141F00201204621830FF087
:1024A00018FD4FF0000900286DD041F02001218374
:1024B00069E0042B0AD121F0070189B2204621836B
:1024C0000FF007FD10B141F0200121834FF000080B
:1024D000C14658E02369D3F80090238B23F007030B
:1024E00043F006034FF00008238346464BE0236980
:1024F000D3F80490238B23F0070343F00403F1E7A0
:102500002369D3F80890238B23F0070343F00503D6
:10251000E8E74FF00008C146E7E7012243F008036F
:10252000238387F31188BFF36F8F002A3BD1B8F163
:10253000000F4AD1B9F1000F02D020462C49C847FC
:10254000EFF31187402383F31288BFF36F8F238B40
:1025500023F008039BB22383D9063FD523F0100252
:10256000228303F007056669218B002EBFF67CAF3E
:1025700000239946D4F8008021F00701C4E9003314
:1025800041F001012183238B03F0070AAA4502D001
:10259000A268002AC1D1B8F1000F02D1B9F1000F31
:1025A000DAD00022BAE7A1680029C0D00D6800295E
:1025B000BDD03346524620464F68B8471DB12B6800
:1025C00029461D46F3E72B46FAE741463346524675
:1025D0002046D8F800800FF0A8FCA8E79A067FF5FF
:1025E00023AF23F02002228303F0070527E700BF73
:1025F000571F0200014B036000207047D0BB020050
:10260000024B187880F00100704700BFFC3A0020B0
:10261000F8B5C5690646002D5ED00521284610F0A4
:1026200078FD00285BD1304610F017FD04460028E5
:1026300057D10821F06910F06CFDE0B1F569EFF3B6
:102640001187402383F31288BFF36F8F297931B943
:102650003046AB689847041E07DB01232B712B68BB
:1026600043F020032B600023EB6087F31188BFF356
:102670006F8F2046F8BDFFF7C3FF38B94FF0FF3228
:102680004FF0FF3305F1180010F049FD6B692BB9CD
:1026900015496E6105F1380016F02BFA2979C9B990
:1026A000AB6868699847041E0BDB01232B7100237C
:1026B000EB60D5E8EF3F43F02003C5E8E23F002A96
:1026C000F7D1FFF79DFF0028D3D105F1180010F0D6
:1026D00028FDCEE70024EAE76FF08504C9E700246F
:1026E000C7E76FF00F04C4E72534020070B5104B44
:1026F0000D461C68B4B10F4B196800238B4202DBF6
:102700006FF0010070BD224612F8106B864202D0B5
:1027100014460133F2E7E06815F0C6FF28B1002047
:102720002C60EFE76FF00C00ECE76FF01200E9E7C8
:1027300068050020D0BB020010B5436888B0029342
:1027400083680C46CDE9033200230A68C068CDE9EE
:102750000623054901AA059314F027FC079808B938
:10276000059B236008B010BDE534020010B54FF49E
:102770002814DFF820C086B0CDE904C408240294F0
:1027800004AC0194BDF82040009413F075FB06B032
:1027900010BD00BF180028002DE9F0410C4B054684
:1027A0001C680E4617467CB100F018F96368204695
:1027B000D3F8108032463B462946C047044600F015
:1027C00017F92046BDE8F0816FF00104F9E700BF7A
:1027D000242F002000230360044B5A6812B9C3E978
:1027E0000000704710605860704700BF282F00201D
:1027F000014B1860704700BF242F0020002330B524
:1028000085B0CDE902330546019000F0E7F8094BA9
:102810001C6844B9284600F083F8044600F0E8F844
:10282000204605B030BD636820461B6801A9984763
:102830002468EEE7282F00201FB5CDE9010103929F
:1028400000F0CCF8074B1C6824B900F0D1F8204602
:1028500004B010BD636820461B6801A9984724682E
:10286000F2E700BF282F00200022024BC3E900221C
:10287000704700BF282F00200022024BC3E900222E
:10288000FFF7F2BF302F00202DE9F74307460C4633
:1028900009B100230B6000261E4DDFF87C904D45EA
:1028A0000FD31E4B1D6885B355F8188C384641462A
:1028B00001AA183D10F08CFE10B3D6B914BB2E46F9
:1028C0001EE0D5F800803846414601AA10F080FE8F
:1028D00050B116B954B92E4606E000224046316880
:1028E00010F076FE0028F5D11835D8E7019B23605B
:1028F000F1E700224046316810F06AFE0028DDD181
:10290000AD69D0E7019B2360D9E7304603B0BDE84D
:10291000F08300BF38B50200C8B50200302F002098
:102920002DE9F04780464FF000470026DFF8A090E1
:10293000DFF8A0A03D46284C4C450DD3DAF8004006
:10294000002C40D0183CB8F1000F24D1226952BBB2
:10295000A469F5E72F46EDE7B8F1000F03D122692E
:102960004AB91834E8E700224146206810F030FEEA
:102970000028F4D1F5E76368BB4206DDAF4202D020
:10298000AB42A8BF2B461D46EBE7EAD19047002E8D
:1029900008BF0646E5E700224146206810F018FE11
:1029A0000028D3D1D4E76368BB4206DDAF4202D032
:1029B000AB42A8BF2B461D46CAE7C9D19047002E9F
:1029C00008BF0646C4E7AF42C4D13046BDE8F08731
:1029D000C8B50200302F002038B502004FF0FF329A
:1029E0004FF0FF3301480AF0D1BA00BF5C0A002063
:1029F00001480AF03DBB00BF5C0A002038B5094D14
:102A0000FFF7ECFF2B785BB9FFF736FF00F05CF8BF
:102A1000044608B901232B70FFF7EAFF204638BDB2
:102A20000024F9E7B03700202DE9F04F00F1080647
:102A30009BB00746894608234FF00041304607AA5D
:102A400010F0F5FA002827DB089D0DB9284623E091
:102A500025F0010A492307AA5146304610F0E7FA4B
:102A60000AF1804B59460446304610F0EDFA08232F
:102A700080462946304605AA10F0D9FA00280BDB1B
:102A8000002C069D02DDB8F1000F08DC51463846E7
:102A900010F06BFE0028D8D01BB0BDE8F08F04F119
:102AA00068030DEB03040023414604F84C3C054A3F
:102AB000CDF8009003AB07A8CDE9036B10F0BEFD85
:102AC000E8E700BFAB3602007FB50123694603206B
:102AD0000193FFF70BFE044668BB032002AA01A97D
:102AE00010F022FD044610B110F10C0F23D1009B11
:102AF00003999A68134DB2FBF1F2C5E908125A68BE
:102B0000DB68AA602B656B64C3B105F1080010F0A7
:102B100095F9044678B985F85C00284610F0CBFD9D
:102B2000044640B9084E28466E60FFF753FE28461B
:102B30006E60FFF75DFE204604B070BD6FF01204BA
:102B4000F9E700BF701C0020A0BC020008B50448D3
:102B50000FF034F903480FF031F9002008BD00BF31
:102B6000F8DD02002DDE020008B50348034A00210B
:102B7000121A10F06DFF08BDA80B0020003B0020CA
:102B8000074808B5074A0849121A10F063FFBDE864
:102B900008400648064A0749121A10F05BBF00BFFA
:102BA00060000020A40B0020D8E602006000002096
:102BB00060000020D8E6020038B505460C4699B101
:102BC000D1E901230F4809680FF0F8F8D4E904238C
:102BD000E1680D480FF0F2F8E1690C480FF0EEF8EB
:102BE000A1690B480FF0EAF8012D05D1EFF305813B
:102BF000084810390FF0E2F821462846BDE8384071
:102C00000AF042B85ADE02008ADE0200BADE020092
:102C1000CADE0200F9DE020030BFFFF7FDBF00BFD1
:102C20002DE9F04105460B4EDFF82C80324606EBCD
:102C30000807CC1B2046094917F007FEA019424699
:102C40000021083C17F00EFEC5F8AC4007F1080063
:102C5000BDE8F0810000000008000000C8B50200D7
:102C600010B5204C20480FF0A9F8A36A990137D578
:102C70001E480FF0A3F81E20A36ADA0103D51C48F2
:102C80000FF09CF81F20174CA36ADB0203D51948EC
:102C90000FF094F80220A36A1C0303D516480FF026
:102CA0008DF821200F4CA36A590303D513480FF068
:102CB00085F82220A36A9A0303D511480FF07EF805
:102CC0002320084CA36ADB0303D50E480FF076F8E7
:102CD0002420A36A6FEA03436FEA1343A36210BD83
:102CE0001D20C9E700ED00E00DDF020026DF020035
:102CF0003ADF020055DF020080DF02009FDF0200A2
:102D0000C5DF0200E0DF020070B5244C064624480F
:102D10000D460FF053F8A36AD90435D521480FF0BA
:102D20004DF81720A36A1A0503D51F480FF046F87F
:102D300018201A4CA36A9B050FD51C480FF03EF8CB
:102D4000A16BA36A180407D519480FF037F81EB114
:102D5000A36A23F40043A3621920104CA36A590507
:102D600003D514480FF02AF81A20A36ADA050DD506
:102D700011480FF023F81B20084A936A43F47F435D
:102D8000936200232B7070BD1620CBE7A36A9B04CF
:102D9000F2D50A480FF012F81C20EDE700ED00E034
:102DA0000CE0020023E0020035E0020049E00200EE
:102DB00063E0020079E0020095E00200AEE002006C
:102DC00070B5264C064626480D460EF0F7FFA36A5E
:102DD000D80640D523480EF0F1FF1120A36A190749
:102DE00003D521480EF0EAFF12201C4CA36A9A0773
:102DF0000FD51E480EF0E2FF616BA36A1B0607D5D4
:102E00001B480EF0DBFF1EB1A36A23F08003A36210
:102E10001320124CA36ADE0703D516480EF0CEFF2E
:102E20001420A36A9C0603D513480EF0C7FF152093
:102E30000A4B9A6AD10658BF9A6A9A6A920642BFAA
:102E40005A6A22F400525A629A6A42F0FF029A6267
:102E500000232B7070BD1020C0E700BF00ED00E024
:102E6000DEE00200F5E0020035E0020029E10200A8
:102E700042E1020059E10200AEE002002DE9F0411A
:102E80005D4B04465F6800258AB0C7F3080685F3EA
:102E90001188BFF36F8F02F07F43B3F17F4F06D1EC
:102EA00002F00C03082B13D154480EF087FF0025C5
:102EB0002C464FF00008F31E8DF80780092B00F216
:102EC0008B80DFE803F00A7F837B89898989898782
:102ED00010074CBF0C460125EBE74948464E0EF063
:102EE0006DFF8DF80780F36A9A0704D545480EF008
:102EF00065FF00232AE0F36A002B01DA4248F6E777
:102F0000F36A5B00F5D541480EF058FF7369A2697A
:102F100043F480737361BFF34F8FBFF36F8F32F849
:102F2000023C726922F480727261BFF34F8FBFF36B
:102F30006F8F03F47F42B2F55F4F27D1DBB2022BD4
:102F400024D1216832480EF039FF23689DF807200C
:102F5000CAB902AE04F1200732462068616808341D
:102F600003C2BC421646F7D1099A002D40D0C2F3E5
:102F7000080121B96FEA52226FEA422209921846EB
:102F800002A9FFF719FE0AB0BDE8F0811A4B9A6A50
:102F9000D2B22AB101200DF10701FFF711FF0FE0B6
:102FA0009A6A12F47F4F05D001200DF10701FFF757
:102FB000ABFE05E09B6AB3F5803F9AD3FFF750FE66
:102FC0000346C3E700200DF10701E6E700200DF1FD
:102FD0000701ECE70F488AE70F4B17F4F87F0F491A
:102FE0000F4808BF1946A6F110020EF0E7FE80E771
:102FF0006FF30802C2E700BF00ED00E0A7E10200A6
:10300000D3E10200EBE102000DE202001CE202004B
:103010003CE2020059E2020079E102008EE1020086
:103020007EE20200064B5A6942F010025A615A6968
:1030300042F480625A615A6922F008025A6170476C
:1030400000ED00E0EFF30880EFF3098101B572466F
:10305000FFF714FF01BD00BF002080F31488BFF309
:103060006F8F002080F30A8880F30B88104880F36C
:10307000088800200F49087008F006FE00200E495D
:103080000860BFF34F8F00F02DF8402080F31188C7
:103090000A484FF40061401880F30988EFF3148068
:1030A0000221084380F31488BFF36F8F00F09CF86F
:1030B000386B0020FC3A002094ED00E0F85300202B
:1030C000002318460649D1F89020C2F30722934204
:1030D00000DB7047C1F89830C1F8A0000133F6E773
:1030E00000ED00E010B572B6002484F31388FFF7FA
:1030F000E7FF23464FF0FF300C4A03F12001013374
:10310000102B42F82100F8D100234FF0FF30074A7E
:1031100003F160010133102B42F82100F8D162B6AF
:10312000BFF34F8FBFF36F8F10BD00BF00E100E012
:103130001EF0040F0CBFEFF30880EFF309808169E4
:1031400011F8021C0229FFD001B5724610F084FC70
:1031500001BD00BF00B2002807DB01234109034A7B
:1031600000F01F00834042F82130704700E100E08A
:1031700000B200280CDB01220649430900F01F00C1
:103180008240203341F82320BFF34F8FBFF36F8F6E
:10319000704700BF00E100E0D30748BF002100B244
:1031A00058BF02310028ACBF00F16040064A4FEA28
:1031B0004113DBB2ABBF00F5614000F00F0080F8B7
:1031C00000331354704700BF14ED00E0044B054A70
:1031D00023F07F039360BFF34F8FBFF36F8F704770
:1031E0000000000000ED00E008B5FFF7EFFF074A20
:1031F000D2F8883023F47003C2F88830FFF7B4FCAB
:10320000FFF7BEFC00F0A2F809F006FE00ED00E0BA
:1032100042F8203C009B0B4942F81C3C019B21F0EA
:10322000010142F8183C029B42F8081C42F8143C89
:103230004FF0807342F8043C0023203A0265C0F846
:10324000B0307047D923010000B50E4B1546986089
:10325000D0F8AC200C4B0E461A60D0F89C3083F3AB
:103260000B882C4686F309880020044B984720469B
:10327000002100220023024C20470000873A020070
:10328000D923010004330020382F00201022014BE5
:103290001A61704700ED00E0054B5A699B689A423D
:1032A0001FBF044A536843F080535360704700BF08
:1032B0000433002000ED00E0084B9B6883420BD1F3
:1032C000EFF3058343B1064B5A6842F080525A60CF
:1032D0005A6A22F400425A620AF05CBD04330020AC
:1032E00000ED00E016498A684FF030001044EFF31B
:1032F000098C80E8F01F402080F31288BFF36F8FA5
:10330000104F4FF000664A698A603E60D2F8AC0008
:103310000D4C2060D2F8B0000023C2F8B03080F32A
:10332000118802F1300090E8F01F8CF3098802F157
:10333000000004B510F09FFBBDE80440704700009A
:103340000433002004ED00E0382F0020002340204B
:1033500040F20F1210B5044CE1180133934281F88A
:103360000003F9D110BD00BF00E100E008B5EFF3A4
:103370000583064A103B02EBC30152F8330049684B
:103380008847BDE80840FFF787BF00BF84AB020055
:103390000148006870470000382F00201FB5012148
:1033A000094B0A4A0A4800F0F7F80023064A03933B
:1033B000084B0121019301A8D31A029300F0F6F8FB
:1033C00005B05DF804FB00BF0000042000000020F1
:1033D000BCBC0200A80B00200A7A0B6810B562F38F
:1033E00004031C46CB68520923F01F0343EA42033F
:1033F000044A43F00103C2F89800C2F89C40C2F8A6
:10340000A03010BD00ED00E010B5074BD3F89030B0
:10341000C3F30723013B984202D8FFF7DDFF10BD3D
:103420006FF01500FBE700BF00ED00E02DE9F04F65
:103430000F46144606464FF000084B4D85B0B84580
:1034400080F28E80D6F80490B9F1000F35D0B9F132
:103450001F0F40F2838019F01F0F7FD1D6F800A014
:103460001AF01F0F7AD1504610F030FB834609EB5B
:103470000A00013810F02AFB83456FD11BF1160FAB
:103480006CD05C456ADDC5F898B0D5F89C10C5F8DD
:1034900098B0D5F8A03021F01F0143F01F0AD6E9FB
:1034A00000321A44994202F1FF391BD1CA4508D1B2
:1034B00031465FFA8BF010F012FB08F101080C3670
:1034C000BDE73146C5F898B0D5F89C30E0B263F35B
:1034D0000402C5F89C2010F002FB10F1160F3DD03D
:1034E000441CEAE7C5F898B0D5F8A020013B23F0CA
:1034F0001F0302F01F021343CA453146E0B2C5F86C
:10350000A030E8D010F0EBFA10F1160F26D0C5F875
:1035100098B0D5F89C209DF808300AF1FF3A62F384
:1035200004038DF80830D5F8A0309DF808205B081A
:1035300063F347128DF80820D6E900321344009354
:1035400023F01F035344A3EB0903013023F01F03AF
:103550006946C0B20393FFF757FFBEE76FF015044B
:10356000204605B0BDE8F08F00ED00E00522044BD9
:10357000C3F89420BFF34F8FBFF36F8F704700BF26
:1035800000ED00E0BFF35F8F0022024BC3F89420F0
:10359000704700BF00ED00E010B5034C2278FFF744
:1035A00045FF207010BD00BFB13700202DE9F74F57
:1035B000294D8A4606464FF00008AB46274FD045B6
:1035C0001BDAD6F80490B9F1000F3FD031680846F5
:1035D000019110F07BFA0199044609EB01000138D2
:1035E00010F074FA84424FF014021D4B08D002FB15
:1035F00008F36FF015024BF8032003B0BDE8F08F1D
:1036000014F1160F2C60F8D01978A142F5DD02FBF9
:1036100008B0C7F89840C7F89840D7F89C4000F128
:103620000801007B64F304000871D7F8A0000C794E
:10363000400860F347140C71D7F89C1021F01F016B
:103640006960D7F8A01021F01F01296108F1010875
:1036500014350C36B3E700BF3C2F002000ED00E02E
:10366000B1370020F0B55349534DD1F890302C6854
:10367000C3F307239C4287B000F299800020FFF734
:1036800081FF4E4BC1F8C030844216D14C4D01A889
:103690002C70FEF7AFFF002607464A4CB74213D105
:1036A00000202B784349D1F89020C2F3072293429F
:1036B00077DBFFF75BFF002046E0696801EB001154
:1036C000FFF78AFE0130DFE70199300101EB0613B5
:1036D000DA682240B2F1807F52D00AD8B2F5001FDA
:1036E00034D0B2F5800F3ED0B2F5801F12D0013633
:1036F000D4E7B2F1006F43D0B2F1805FF7D15A68DE
:103700009B680958013B22F01F00034423F01F036C
:10371000012032E05A689B680958013B22F01F00E3
:1037200003440120844623F01F0340EA4C10CDE9F6
:1037300002218DF8100002A928780593FFF764FE96
:1037400000282ADA6FF0150007B0F0BD5A689B68B0
:103750000958013B22F01F0003444FF0020C0120E6
:1037600023F01F03E1E75A689B680958013B22F0E8
:103770001F000344022023F01F034FF0000CD4E786
:103780005A689B680958013B22F01F0003444FF020
:10379000030C012023F01F03C7E72B7801332B70A4
:1037A000A5E7C1F89830C1F8A00001337BE74FF0DE
:1037B000FF30C9E700ED00E0C8BC0200AAFF4400EA
:1037C000B13700200000F0FF08B502480DF066FE9A
:1037D000FEE700BFA1E2020008B5024B1B68984754
:1037E000002008BD502F002008B505480EF0E6FA6D
:1037F000002383F31188BFF36F8F0423184602DF81
:10380000A6E2020008B50649064821F00701C1F109
:10381000005202F580220EF08EFA002008BD00BF93
:10382000278B0020542F002070B541690446867A0A
:103830000A4D59B1437ADB0706D4242303FB065310
:10384000DB691B689B68984700236361242021463D
:1038500000FB0650BDE8704015F068B8A80A0020CB
:103860002422024B02FB0030704700BFA80A002050
:103870002421827A054B01FB02331A6A1B7D801AD0
:103880001B3323F00303B0FBF3F07047A80A0020BA
:1038900038B52424827A064B04FB0233DB69D3E972
:1038A00001240C601568FFF7E3FF04FB005038BDEE
:1038B000A80A00202DE9F04385B0054668469046E9
:1038C0001C46039115F0F8FADDE90067EFF3118962
:1038D000402383F31288BFF36F8F6B8A002B41D094
:1038E0002A8A9A4225D900220023284609F010FC92
:1038F0000446F0B189F31188BFF36F8F039B002B4F
:1039000041D032463B46684615F0FBFA2421A27AA4
:10391000254B204601FB0233DB6903A91B681D68A8
:10392000DDE90023A847606170BB2046FFF77CFFFC
:1039300024E0698A4B1E6B8289F31188BFF36F8F75
:103940002B7D2A8A2C6A1B3323F00303521A02FBB5
:103950000344154B154AEB1A9B105343A3722B7D5E
:10396000E372CBE789F31188BFF36F8F234642469A
:10397000284609F0CDFB04460028BFD1002420468C
:1039800005B0BDE8F0836361012300252381039B1B
:1039900029466382E27A656004F1180016F062FF3E
:1039A00063692582E360EAE7A80A0020398EE338DC
:1039B00070B524250C4C00B970BD037A4668002B05
:1039C000FAD0013BDBB20372002BF5D1C360436038
:1039D000837A05FB03439B6913B198473046EAE7B6
:1039E000FFF722FFFAE700BFA80A002008B5244A23
:1039F000244B1A6006F03EF94FF47A612248D0F861
:103A00002436C3F30802C3F309434B4382F48072A4
:103A10001E49883201FB02334FF4FA215B00B3FBED
:103A2000F1F201FB12331A49B3F57A3F28BF013294
:103A3000C1F80429D0F820364FF47A60C3F30802A5
:103A4000C3F30943434342F21C5082F4807202F2F2
:103A5000172200FB02334FF47A701B0AB3FBF0F21B
:103A600000FB12330020B3F5FA7F4FF0010328BFAB
:103A70000132C1F81C27C1F80009C1F8003608BDA1
:103A80000020A1079808002000C0FF00F82A00804D
:103A90000000125048B1054B054A1B68B3FBF2F316
:103AA0005843044B43F0010318477047980800201F
:103AB00040420F00F0BA020008B500224FF4802106
:103AC0004FF0005008F098F90A4AD2F8183523F060
:103AD0000103C2F818354FF0FF32074BC3F8002638
:103AE000012203F59033C3F80025BFF34F8F20BFA9
:103AF000FDE700BF00F00C5000E010502DE9F3414D
:103B0000044617469846184DD5E8AF3FDA0729D541
:103B100020B96FF0010002B0BDE8F08101A90FF0FB
:103B20007BFD02280246F4D12046104916F0A9FE7A
:103B30000028EED1D5E8AF3FC3F3C0061B0711D470
:103B4000A5F18804072221464046B847062887BFCA
:103B50000723B0FBF3F045F8886CE67194BFC4F816
:103B60000360E0710020D6E7400200200BDA02007B
:103B70002DE9F04389B0DDF840909D795E791F7999
:103B800093F803C093F802E093F801800C461B7889
:103B9000B9F1000F15D0CDE90639CDE904E8134697
:103BA000CDE9027CCDE900560D4A0DF097FC0028C6
:103BB00013DBA0422CBF6FF01500002009B0BDE858
:103BC000F083CDE90583CDE903CE1346CDE9016746
:103BD000044A00950DF082FCE9E76FF01500EDE76F
:103BE000AFE20200D3E2020070B504461E4615465D
:103BF0008CB0AAB129B10A4602A804210EF0F8F847
:103C000002A900912B462246242103A8FFF7B0FF0A
:103C100070B93146109A03A8FEF7BEFD0CB070BD16
:103C200003462421044A03A80DF058FC2328F0D9A8
:103C30006FF01500F2E700BFF4E2020007B5064B93
:103C40000648DA79C2EBC202009200221146FFF761
:103C5000CBFF03B05DF804FBB80100200BDA0200D3
:103C600030B5044615468DB09AB129B10A4602A86E
:103C700004210EF0BDF802A900912B462246242112
:103C800003A8FFF775FF60B903A80FF09DFC0DB006
:103C900030BD03462421044A03A80DF01FFC23284D
:103CA000F2D96FF01500F2E7F4E2020007B50093D5
:103CB00013460A4601460348FFF796FF03B05DF836
:103CC00004FB00BF37E302000A4601460148FFF744
:103CD000C7BF00BF37E3020007B5009313460A468B
:103CE00001460348FFF780FF03B05DF804FB00BF07
:103CF00031E3020007B5009313460A460146034824
:103D0000FFF772FF03B05DF804FB00BF22E302007F
:103D100007B500220346009103481146FFF764FFF0
:103D200003B05DF804FB00BF29E3020008B50248B8
:103D300009F024FC002008BD8406002070B5154C55
:103D4000D4E8AF3F13F0010F254616D014F8813C9C
:103D5000A4F188069BB1D4E8AF3F5A0701D400F024
:103D600059FBD5E8EF3F23F40062C5E8E12F0029B5
:103D7000F7D11B0501D5FFF7D9FF002009E001F0BD
:103D80003BF830B9F379002BE5D101F045F8002874
:103D9000E1D070BD4002002007B5009313460A46EB
:103DA00001460348FFF720FF03B05DF804FB00BFA6
:103DB0003DE302000A4601460148FFF751BF00BF3C
:103DC0003DE3020010B50024094B86B00948039377
:103DD000CDE9044414F087FE03AB009340F63802AB
:103DE0000A230549034809F0CFFB204606B010BD61
:103DF000FDE20200D01C0020003B002001460148EB
:103E000009F002BCD01C00200146014814F040BE5D
:103E1000D01C002030B50378012B11D0022B21D00B
:103E20006BB90A46144B03F1100453F8045BA34228
:103E300042F8045BF9D143881A0A8A70CB7030BD0E
:103E40000A460D4B03F1100453F8045BA34242F8F9
:103E5000045BF9D143681A0C180E4A700870C3F35A
:103E60000722EAE700F11003013913F8012998420B
:103E700001F8012FF9D1E2E7CCE4020010B50FF010
:103E8000C9FF14F08DFE044608B909F0B9FE064BCF
:103E9000D3E8AF3F0BB10A2098471CB9BDE81040EA
:103EA00009F0C2BE10BD00BF602F002038B5044627
:103EB00008480FF03BFE054648B1631EDBB21F2BDE
:103EC00096BF054A0021D15C0C300FF09EFE2846BB
:103ED00038BD00BF5C0B0020DCE40200034BD3E8DC
:103EE000EF2FC3E8E10F0029F9D17047602F0020C0
:103EF0000F2810B50CD80D280CD90A480FF016FE63
:103F0000044618B104210C300FF07FFE204610BD8E
:103F10001328F2D009B10448F0E70220BDE81040B0
:103F2000FFF7C4BF800B0020F00A002038B5C56839
:103F30002B7893B9B5F801400F21204602F07CF8A8
:103F4000EB78054650B90A4A118831B96FEA045036
:103F50006FEA10501080074A137038BD03730121B7
:103F600001F0D0FF2846BDE8384001F07FBF00BF18
:103F700054370020B237002010B50024084B86B01B
:103F8000039303AB00934FF462724FF0FF33054984
:103F90000548CDE9044409F0F7FA204606B010BD03
:103FA00006E3020038430020A81D002010B50121BF
:103FB00004460C300FF054FE2146BDE810400023AB
:103FC000014A00780FF0FABFFCBD020010B50121D4
:103FD00004460C300FF044FE2146BDE810400A2391
:103FE000014A00780FF0EABFACBD020070B5254869
:103FF0000FF0B5FD0446002843D000F10C0528461B
:104000000FF036FE022805D004282FD02046FFF7F7
:10401000CFFC21E0238A032BF8D9042128460FF096
:104020001FFEFF22438806882276228AC6F30B00F1
:104030009A426083EAD10F2101F0FEFF0546002875
:10404000E4D002F015F821462076320B284610F015
:1040500018FD284601F00AFF0B4BD3F8EC3083B172
:10406000BDE8704009490A4814F012BD02212846F3
:104070000FF0F6FD06232146064A00780FF09EFF5A
:10408000C4E770BDA4020020B8010020A4060020EF
:10409000801E00207CBD020010B5012104460C30BA
:1040A0000FF0DEFD2146BDE810400223014A0078F2
:1040B0000FF084BF6CBD020073B5C5680121B5F86F
:1040C000010001F0B9FF044600284CD02B78061DF2
:1040D0001A2B19D1C378012B2DD14FF480413046D2
:1040E0000FF01FFF42040FD4D4F88C3069460093C0
:1040F000D4F894302046019302F00CFD204602B023
:10410000BDE8704001F0B2BE2B78A3B940F2E242A4
:10411000B5F803305343C4F88830B5F80530A4F837
:104120009030B5F80730A4F892306FF480513046E3
:104130000FF05BFF13E0D6E8AF3FDB04F5D52B783B
:10414000202BF2D194F89830002BEED0013B84F86C
:104150009830064A002304F1400009F07FFA204617
:1041600002F024F9CAE702B070BD00BF5A62020033
:104170002DE9F0470C4609F043FDE5682B78022B4A
:1041800052D0042B05D02046FFF712FC6FF0150427
:1041900008E0B4F81080B8F1020F08D82046FFF705
:1041A00007FC002409F040FD2046BDE8F087687850
:1041B0003E2809D1B8F1030FF0D0EB78012B01D0E4
:1041C0000A2B31D1032604E00FF099FEC107064601
:1041D0002AD504F10C0701213846D4F814900FF0C9
:1041E00037FD022138460FF03BFD90F800A0BAF1F0
:1041F0003E0F22D1E3681B78012B23D00A2B14BF7A
:1042000002270327124A0623214650460FF0D6FE06
:10421000BA0719D56369A5EB090513FA85F5E560B9
:10422000A4F81080B307BCD521460A480FF082FCE1
:1042300009490A4814F02CFCB3E750460FF05FFE22
:104240000746DFE70327DDE72046FFF7B1FBE9E795
:104250003CBD0200A4020020A4060020801E002015
:104260002DE9F047884616468246002868D000238C
:10427000DFF8D090D9E8EF4FC9E8E23F002AF9D142
:10428000002C5DD02046FFF7F3FA0C232E4D274675
:1042900003FB0050438853450DD0D9E8EF3FC9E8F0
:1042A000E27F002AF9D1002B4AD01F463846BDE8EC
:1042B000F047FFF77DBBA64208D020460FF031FC47
:1042C000328AF16804F10C000FF096FC2046FFF7EB
:1042D000CFFA0C2606FB00504368ABB1B8F1000FD3
:1042E00012D12046FFF7C4FA012106FB00504268B4
:1042F000536803F01F00814010685B0900EB8300E6
:10430000137ACBB10FF00DFE2046FFF7B1FA0C2661
:1043100006FB00508368002BC8D02046FFF7A8FAA0
:10432000704305F800802046FFF7A2FA06FB00550F
:10433000A86808F01FFFB9E7C9430FF056FEE3E78E
:10434000BDE8F087A0020020642F0020054BD3E8D1
:10435000AF2F02F00B02D3E8EF1FC3E8E02F0028D5
:10436000F9D170474002002010B5C1E900239DF843
:1043700008300C460B72FFF77BFA0C22024B02FB53
:1043800000335C6010BD00BF642F0020F8B502460A
:104390000B4610480FF0CAFB0446C0B104210C3094
:1043A0000FF019FC2046FFF763FA0C2700260A4D90
:1043B00007FB005046802046FFF75AFA07FB0050E3
:1043C00086602046FFF754FA07FB00556E602046D2
:1043D000F8BD00BF380B0020642F00200138C0B2A8
:1043E00002289ABF014B185C0020704726E50200A6
:1043F00029289ABF014B185C09207047FCE4020091
:10440000034B0146D3F8040182689268104700BF4D
:10441000B8010020042101480FF083BD40020020B4
:1044200000487047E1DD02000149024814F030BB4A
:1044300094060020A81D002070B505460C4639B131
:10444000CB684A699B1A032B0ED86FF0150509E05B
:104450004FF0FF304FF0FF31FFF798FF044618B9D7
:104460006FF06805284670BD2046FFF701FA0C2260
:10447000134BA61802FB0033032130465D800FF07A
:10448000D6FB0580238A0121033B837030460FF061
:10449000D6FB40F635439D4209D12046FFF7B0FFD9
:1044A00005460028DED02046FFF782FADAE72146EB
:1044B000044814F030FA0025FFF7B6FFD2E700BF3A
:1044C000642F0020AC0200202DE9F043054617467A
:1044D0000C4685B069B94FF0FF304FF0FF31FFF760
:1044E00055FF044658B96FF06805284605B0BDE889
:1044F000F083887AFFF7B4F9264B834243D1012237
:104500000021684614F020FA2046FFF7B1F94FF079
:104510000C09DFF8848009FB0080C0F808D0204631
:104520000FF033FB01462846FFF786FF054618B11A
:104530002046FFF73DFAD8E70023184A684608F0FE
:104540004DFE2046FFF794F909FB00F018F80060D3
:10455000AEB12046093EFFF72BFA092E0CD8DFE852
:1045600006F0050B0B08150B0B0B0B126FF06E050D
:10457000BBE76FF00C05B8E76FF00405B5E7002F57
:10458000D6D03C60B1E76FF01505AEE76FF00B05D4
:10459000ABE700BF380B0020642F0020B4C4040038
:1045A00010B5FDF741F8034B1B6813B1BDE810408F
:1045B000184710BD882F002073B5274D0646D5F843
:1045C000040114F071F800283FD06FF0020105F1EA
:1045D00088000FF00AFD01210FF0A3FCC30737D4B8
:1045E0000FF0AAFB044668BB1C4B1E60012205F1BC
:1045F000D800114614F0A8F905F1F40014F083F97D
:10460000174814F070FA6FF0070340F69802154946
:104610001348009408F0B8FF1349114809F0C0F896
:10462000D5F80401114983681B689847044648B9C6
:1046300026B902B0BDE87040FCF7F6BF05F178007E
:1046400008F09CFF204602B070BD6FF01204F9E73D
:104650006FF07704F6E700BFB8010020882F002034
:10466000801E0020C046002016E3020071410100B8
:104670002DE9F04700260546654BB0F80180198802
:1046800048F47042914286B004BF1E80614B05F130
:10469000040408BF1E7800F0DBF9EB782046012BFC
:1046A0000ABF5D4B4FF0000993F823900FF0AEFB6B
:1046B00004AF2146B0B14FF0010938460FF09BFB23
:1046C000D5F81130CDF80930B5F81530ADF80D300A
:1046D000EB78012B1BD0132140460FF0BBFD06B039
:1046E000BDE8F08748460FF0A7FF0346006895F83D
:1046F000049004909A889B796868BA80BB71A288FC
:10470000A3790290ADF80C208DF80E30E0E7DFF8C9
:1047100008A1062239469AF8230001F093FF0446C7
:1047200040B905223D499AF8230001F08BFF044669
:104730000028D0D02346B5F8012023F8702BBA7991
:104740000498B98820679A7140F2E2429980B5F8DE
:10475000173053430022C4F88830B5F81930A4F854
:104760009030B5F81B30A4F89230EB78227340F209
:104770000112012BE370A4F8A82014D18DF8089041
:104780009DF80E300298BDF80C20C4F87700A4F80C
:104790007B2084F87D30D5F80B30C4F87F30B5F835
:1047A0000F30A4F883304FF0FF304FF0FF31FFF7A8
:1047B000EDFD0546D8B102210C300FF017FA238821
:1047C0002946038001AA42F23000FFF77DFE70B94E
:1047D000019AD168C878FFF701FE84F8A80008792B
:1047E000FFF7FCFD84F8A9001046FFF7E1F8072168
:1047F000204601F087FB26B101212046267301F0F7
:1048000081FB204601F066FC204601F02FFB66E7A5
:1048100054370020B2370020B8010020B2E4020073
:1048200000B5C36889B01A786ABB8DF80020B3F868
:104830000120ADF80120DA788DF80320B3F80B20C1
:10484000ADF81720B3F80D20ADF81920B3F80F20FC
:10485000ADF81B205A7C8DF81D20586801901A89EC
:104860009B7AADF808208DF80A30084B68461A6824
:104870009B88CDF80B20ADF80F30CDF81120ADF8A6
:104880001530FFF7F5FE09B05DF804FBC6E4020041
:1048900038B5032104460C300FF0E2F940F63542FA
:1048A0000346B0F8010090420DD01D78E36822461F
:1048B0001978FFF7D5FC35B1034808F05BFCBDE87B
:1048C0003840FFF7B1BD38BD9002002070B509F047
:1048D00097F9204DD5F8F430C3B30022002305F139
:1048E000D80008F07BFC064680BB0022002305F1BF
:1048F000F40008F00DFC0446D5F8E80018B1FFF705
:1049000057F8C5F8E86020460FF03FF9C5F8E80011
:104910002046FFF775FD98B10F4808F02BFC2046A4
:10492000FEF7A6FF0C220D4B1F2102FB0030224692
:104930004088FFF795FC2046FFF73AF8FFF774FD33
:10494000FFF772FDBDE8704009F06EB901F0D2FBCF
:10495000F8E700BFB801002090020020642F00207B
:1049600038B5042104460C300FF07AF94578017807
:1049700022464088FFF774FC35B1044808F0FAFB82
:10498000BDE83840FFF750BD38BD00BF90020020A1
:10499000F8B506460024094DEF79E3B29F4202D8EC
:1049A0006FF0010007E0294630460FF074FD07352F
:1049B000631C08B12046F8BD1C46EEE7B801002094
:1049C00037B504460D46B9B1284616490FF063FDC8
:1049D00090B929461448C4EBC40420440FF054FD98
:1049E00012480FF04EFD430703D5FFF79FF90FF074
:1049F000A5F9002003B030BD68460FF0EEF900289D
:104A0000F8D16846FFF7C4FF0028F5DA064BC4EB7F
:104A1000C400694618440FF037FD002DE0D0014670
:104A20002846DBE7B9E40200B8010020400200207C
:104A3000064BD3E8EFCF4CF4806CC3E8E2CF002AFA
:104A4000F7D1037A19430172704700BF400200207A
:104A5000084BD3E8EF2F22F48061C3E8E01F002861
:104A6000F7D1530504D500220220034904F094BF76
:104A7000704700BF40020020374702001FB50023E7
:104A80000190CDE9023302208DF80C1001AA0349F0
:104A900004F082FF029805B05DF804FBBF450200F8
:104AA000F7B5044670B1474D95F8CA2095F8CB305C
:104AB0000AB19A4208D2013385F8CB30237A43F009
:104AC0000403237203B0F0BD00210222084601F066
:104AD000B9FD064648B120460121FFF7A9FF30463F
:104AE00003B0BDE8F04001F0C1B98DF8000069469F
:104AF000354800F09BFD9DF8006026B1012120465D
:104B0000FFF796FFDEE73146304800F08FFD95F85D
:104B1000CB30B3B995F8CB2095F8CA309A421CD166
:104B2000002242F229001146FFF7CEFC70B995F839
:104B3000CB30013385F8CB30237A43F00403237262
:104B400004E030460FF0ECFC0028E3D000212048C0
:104B500003B0BDE8F04000F069BD2246671C39464D
:104B600012F82E0B0FF09FFC064630BB95F8CB30A9
:104B7000013385F8CB30237A43F00403237295F890
:104B80005B305B0719D5394668460FF07DFC012381
:104B90004FF0FF304FF0FF318DF80730FFF7F6FB95
:104BA000044650B1082269460C300FF025F8324611
:104BB000214642F24E00FFF787FC01200FF0B0FCC7
:104BC000C4E700BFB801002019460200E945020011
:104BD000534502002DE9F341044608B33F4D95F8D3
:104BE000CA2095F8CB309AB10132934211DC0021F2
:104BF0000222084601F026FD0646A0B12046022109
:104C0000FFF716FF304602B0BDE8F04101F02EB9C3
:104C100013B1013B85F8CB30237A23F004032372D0
:104C200002B0BDE8F0818DF807000DF107012C48B6
:104C300000F0FCFC9DF8076026B102212046FFF73A
:104C4000F7FEEDE73146274800F0F0FC30460FF064
:104C500067FC074688B995F8CB3095F8CA209A4288
:104C600018D2013B85F8CB30237A024623F00403A7
:104C700002201D49237204F08FFE95F8CB3013B14A
:104C800001200FF04DFC0021184802B0BDE8F041B2
:104C900000F0CCBC4FF0FF304FF0FF31FFF776FB58
:104CA00004F1010806460028E7D007210C300EF079
:104CB0009DFF41460FF0E8FB3A46314642F228009C
:104CC000FFF702FC0028D8D195F8CB30013B85F8DE
:104CD000CB30237A23F004032372CEE7B8010020FF
:104CE00019460200E94502000B4502005345020047
:104CF00070B5044611B16FF0150070BDD8B12149EF
:104D00000FF0C9FBB8B92046FFF742FE002832DA9F
:104D100023784BB91C48C2796ABB21460FF0B4FB1B
:104D20000123C3711046E8E7012BE4D1A37903F016
:104D3000C003C02BDFD1144DEB79012B1ED005F140
:104D400088000FF09EFBC30707D4002CD3D0204669
:104D50000C490FF0A0FB0028CDD1EE792146731C41
:104D60003046EB71FFF72CFE08B93046C5E7EB790A
:104D7000013BEB71C1E76FF07700BEE76FF00B000E
:104D8000BBE700BFB9E40200B80100202DE9F34100
:104D90000446D8B1002141F2090001AAFFF794FBB3
:104DA000054698B9019E0622D6F80C80104908F1F4
:104DB0000107384615F065FD28B1062238460D4931
:104DC00015F05FFD30B93046FEF7F2FD002002B06D
:104DD000BDE8F081D8F801303046C4F80130BB8816
:104DE0002570A4F80530FEF7E3FD0120EFE700BFD2
:104DF000C6E40200C0E4020007B56846FFF7C6FF3C
:104E0000044BD87118B169460020FFF7D9FD03B0F3
:104E10005DF804FBB8010020F0B5294D89B0EE79AA
:104E2000002E46D195F87630DB0722D56A4631460A
:104E30004FF60940FFF748FBD8B9DDF800C0DCF8B1
:104E40000C406378012B1E4628BF012673B1A31CBA
:104E500002AA1234174618685968083303C7A342D8
:104E60003A46F7D1186838609B88BB806046FEF7E9
:104E70009FFDEE71002416260127EB79E0B29842DF
:104E800002D3B3B1002012E008AB06FB003353F8A5
:104E9000182C33F8143C6946CDF80120ADF80530E4
:104EA0008DF80070FFF78CFD01340028E5D009B0C3
:104EB000F0BD0021084609B0BDE8F040FFF718BF7B
:104EC000B80100202DE9F0411D460E461746034665
:104ED000002849D0002D47D00A0307D54C0743D4FA
:104EE0000FF008FC10BB01232B701FE0B107047802
:104EF0001ED020492FB1B20603D591F8902050065C
:104F000035D5C4EBC40411F80480B8F1010F08D101
:104F10000134184621440FF09BFB38B985F8008016
:104F200002E0B8F1000FF9D0A7B90020BDE8F08188
:104F3000720716D50F49C4EBC4040F5D012F07D1CA
:104F4000013421440FF084FB0028EFD12F7001E0E1
:104F5000002FFBD0B306E8D52B7843F002032B706B
:104F6000E3E70FF0C7FBBEE76FF01500DEE76FF079
:104F70008500DBE7B801002010B503460C4611B9E7
:104F80006FF0150010BD0D480FF07BFA420711D5E8
:104F9000002BF5D100F068FB204609490FF074FAA8
:104FA000E01D04F0BBF90028ECD010F1860F08BF1B
:104FB0000020E7E76FF00A00E4E700BF40020020AE
:104FC000B801002070B50D460121044616460FF0C9
:104FD00065FE58B108480FF054FA430709D5324628
:104FE00029462046BDE8704011F065BC6FF0150001
:104FF00070BD6FF00A00FBE74002002000232DE99E
:10500000F04F14461D468FB00491516801908B42B9
:1050100009D1FB2D0FD8974BB3F8C8309D4215D955
:105020006FF0200023E12268023502EBC3025278C0
:1050300001331544EBE7019B082103F118000FF041
:105040008FFB0028E7D06FF00A0010E1FB2D69D834
:10505000019B0B2103F118000FF082FB10B91F2DEB
:1050600028BF1F254FF0FF304FF0FF31FFF78EF9BB
:1050700005F104080746002800F0F78041460C308F
:105080000EF0B4FD4FF0000906464246002115F02F
:10509000E9FB4946D4F8008006F1040B63689945A2
:1050A0000FD3019BF1705B780022337003233946E4
:1050B000737001230498B3700FB0BDE8F04FFFF791
:1050C00003BA98F80120881C13189D4298F800C074
:1050D00008D2BCF1090FA5EB00021DD1002A1BDD8F
:1050E0004FF0080C5FFA82FA0AF101030BF8013065
:1050F0000131C9B20BF801C0C3B2D8F8041058444A
:10510000029315F0A2FB029B09F101099A445FFA90
:105110008AF108F10808C1E73846FEF749FC6FF04C
:105120001500A4E0002110220AA815F09BFB00271F
:10513000012340F2726009933B46616808948B42F8
:1051400007D100250123A846AB4603935FB9384633
:105150008DE02268023702EBC3025278174487427F
:10516000DDD80133EBE7FB2F4FF0FF304FF0FF317D
:10517000BA4628BF4FF0FB0AFFF708F90AF1040608
:105180000290002871D031460C300EF02FFD019BAB
:1051900081465B78002603704FF000035FFA8AF2C5
:1051A00083700592031D54F83B2004EBCB0102EB06
:1051B000C80252780232954209D14A6808F10108C2
:1051C000904509BF00250025A8460BF1010BBBF156
:1051D000010F12D054F83B204FEAC80112EBC80C63
:1051E0000BD09819E5B901259CF8012001329A5598
:1051F0000136F6B2059AB242D5D8039BBF1B7BB3EA
:10520000002F0CBF0323012300220299049889F880
:10521000036089F80130FFF757F940BB039095E729
:10522000012D05D1525C013602250270F6B2E1E78C
:105230009CF80120AAEB0601521B02328A4228BFC9
:105240000A46DCF804C0A91E61440793069215F0D3
:10525000FCFA069A079B15443244ADB2D6B2C9E7B0
:10526000B7FA87F35B095B00CEE76FF068000FB019
:10527000BDE8F08FB801002070B500F10F060446BC
:105280000D46072230460C4915F0FBFA03462078FC
:1052900073B90522094901F0D5F9044658B10573DF
:1052A000002100F02FFE2046BDE8704000F0DEBD7A
:1052B00006223146EFE770BDB9E40200B2E4020015
:1052C000F8B504690646456844B140F203432B40F3
:1052D00039D005F48263B3F5806F34D015F4806360
:1052E00002D115F4F84F2ED1184F3078FB79834254
:1052F00029D9C0EBC00007221549384415F0C1FA7E
:10530000A8B115F0030306D197F82420082A02D883
:10531000B2689F2A17D915F0300F09D09CB1EB065F
:1053200008D405F46035B5F5603018BF0120F8BD2C
:10533000002CF6D1D6E902239A4204D81F2A02D9BA
:10534000B3F5804FEDD90020F1E700BFB801002090
:10535000B9E4020038B50E4D28460FF0FEF910F002
:10536000010412D1A5F1180318465822214615F060
:1053700079FA0346D5E8EF2F42F00102C5E8E12FA4
:105380000029F7D118465C7038BD0020FCE700BF4B
:10539000701F0020F8B5044614F80F7B154B064625
:1053A0000D4607222046144983F8237015F069FA48
:1053B00070B93846114901F0FFF8044610B96FF092
:1053C0000B00F8BD052100F09DFD00202C60F8E7E2
:1053D000214638460FF054FC40B92146307801F0A0
:1053E000EBF804460028EAD00621ECE76FF0150040
:1053F000E7E700BFB8010020B9E40200B2E4020010
:105400002DE9F3470F690D46496890463A1E18BFCB
:10541000012201650DF103030646FFF753FD044623
:10542000002840F0DB8006F10F03002F00F0DA8047
:105430002A6911684FF0FF30C6F80F1091889980E3
:1054400092794FF0FF319A71FEF7A0FF8146002854
:1054500000F0D78019210C300EF0C8FB0446002163
:10546000192215F0FFF973782370AB68E370C3F36A
:1054700007221B0C22716371EB68A371C3F307222F
:105480001B0C2372E2716A6812F4004F14BF0623EA
:105490000723D10348BF03F00503920348BF03F07D
:1054A000FB0363729DF80330A3727F23E37401232F
:1054B00023756B6803F44063B3F5806F14BF012359
:1054C0000223A3756B68DB0442BF03232375A37516
:1054D0006A68C2F3802383F001031B0150049BB26E
:1054E00048BF43F04003910448BF43F02003D20576
:1054F00044BF012222766A68900775D043F0010A02
:105500001FB9510501D443F0030A900502D4B8F144
:10551000000F03D04AF0020A1FFA8AFA002F65D062
:10552000D1062A6948BF4AF00403116858BF4AF0FF
:105530000C03C4F80B1091889BB2A4F80F10927959
:1055400062746A784946E275AA7842F2360062755A
:10555000A4F8013001AAFEF7B7FF044600283DD1A8
:10556000019806F11807C36893F90130B370FEF78C
:105570001FFAD7E8EF3F43F00203C7E8E23F002AF3
:10558000F7D16FF0100138460FF0F1F8C2062FD4B2
:105590006A68092112F0030218BF012238460FF091
:1055A000F1F80A213846CAF340020FF0EBF82A79E5
:1055B0000C213846C2F380020FF0E4F86A790B211F
:1055C0003846C2F380020FF0DDF89DF80320032176
:1055D000531E5A4238465A410FF0D4F8204602B0C2
:1055E000BDE8F087084A24E79A468EE75346A8E7C5
:1055F000304606F109010FF02BF80028C8D0044608
:10560000ECE76FF06804E9E7B9E4020008B520B9F7
:1056100004480FF0A2F8C30701D4002008BD0248D7
:10562000FCE700BF701F0020581F0020034610B584
:1056300004480FF092F8C20703D5BDE810400248B5
:10564000184710BD701F0020581F002010B5054CD2
:10565000A06930B16FF0010118300FF088F8002315
:10566000A36110BDB8010020014B9869704700BFCD
:10567000B8010020F8B5044616480FF06EF843074D
:105680000F4616461DD5FAB12046FFF719FED8B1D0
:10569000FFF760FE0546D0B123782146037063789A
:1056A0000022C3704760FFF7ABFE044638B16FF0CD
:1056B000010105F118000FF05AF82046F8BD3560D9
:1056C000FBE76FF00A04F8E76FF01504F5E76FF0F9
:1056D0000B04F2E7400200200023F7B50E46054612
:1056E000019300285BD000F11807082138460FF01D
:1056F00037F8002856D12D480FF02FF8420501D574
:10570000FFF7A6F9092138460FF02AF850BB9EBBD7
:105710003246072138460FF035F8092138460FF098
:105720001FF870B90C2138460FF01AF848B96FF01D
:10573000080138460FF01BF8030726D428460EF060
:10574000D9FF2846324601210FF05BF8019D04463F
:1057500010B375B10021284600F0D4FB284600F0B4
:1057600085FB06E0284601A9FFF714FE0446002841
:10577000CDD0204603B0F0BD338823B9B278003ACB
:1057800018BF0122C5E70122C3E70E2138460EF0FB
:10579000E7FF0028D2D1D4E7002DDFD1E9E76FF091
:1057A0001504E6E76FF07704E3E700BF400200204E
:1057B0002DE9F341C6687078FFF728FF04460028FA
:1057C00061D004F1180875880FF060F86FF48071EB
:1057D00040460EF0CCFF33782C4F1BBB28460121EE
:1057E00000F02AFC054650BB6FF0800140460EF0E9
:1057F000BEFF03060ED520460EF093FFFFF728F9F3
:1058000063683BB11B682BB1327920468DF80420C8
:1058100001A99847BB699C4235D102B0BDE8F0416F
:10582000FFF714BF092140460EF09AFF18B1204639
:105830003178FFF721FD3378002BD5D1CEE7236DEA
:1058400000F17E0213F4002F12D0A368C0F87E305E
:10585000A3899380A37B937163682BB15B681BB1B1
:105860002046019501A99847284600F0FFFABBE7BA
:10587000037AC3EBC303F918FB58C0F87E308B885A
:1058800093808B79E7E702B0BDE8F081B801002092
:1058900070B59AB01822002103A814F0E3FF47F274
:1058A0001213ADF808304FF4807344F20102ADF8E2
:1058B0000A30304B694602A8CDE9042309F0E6FA24
:1058C000F0B11F252C4BD3E8EF1F21F00101C3E8F5
:1058D000E21F002AF7D1294E08F092F9346804B18A
:1058E000043C002D264D18BF0025002C3BD023681A
:1058F0000BB1284698476468002C34D0043CF6E786
:105900004122009801AB09A913F04EFD0028D8D11F
:105910001C4A0DF125030DF1650153F8040B8B4270
:1059200042F8040BF9D120221749009801AB13F07B
:1059300018FD0028C5D1009809F090F90546002807
:10594000BFD110490E480FF045F8104820310FF034
:1059500041F80F4BD3E8EF1F41F01001C3E8E21FFD
:10596000002AAFD0F6E70023C6E9003308F05CF95F
:105970001AB070BD000002098C2F0020942F002067
:1059800013380020D3370020B337002033380020ED
:105990004002002030B5A7B01822002107A814F05B
:1059A00061FF04233D22002116A8159314F05AFF2D
:1059B00047F21213ADF818304FF4807344F201022D
:1059C000ADF81A30234B2449CDE9082306A820223C
:1059D00004AB09F08FF9B8B16FF0040408F010F9C6
:1059E0001E4B1D6865B1002018601D4BD3E8EF1FEA
:1059F00021F00201C3E8E21F002AF7D124B3A8472F
:105A000008F012F927B030BD164B0DF155021946BA
:105A100003F1400053F8044B834242F8044BF9D1A0
:105A200005AB029320230B48CDE9001315AA4123AF
:105A3000049913F088FD0028CED1049809F00EF9DE
:105A400004460028CAD0C7E70DA806490EF0C2FFD9
:105A50000DA8D4E700000209B3370020902F0020E2
:105A60008C2F0020D3370020402208B5034914F0C2
:105A700008FFB0FA80F0400908BD00BF29E5020028
:105A800010B59AB004461822002103A814F0EAFECB
:105A900044F21213ADF808304FF480734FF4804293
:105AA000ADF80A30114B2146CDE9042304230DF152
:105AB00025008DF824300EF08DFF04F120010DF14A
:105AC00045000EF087FF412201AB09A902A809F0A9
:105AD00011F9044602A813F082FD2CB9019809F0CF
:105AE000BDF801201AB010BD0020FBE7000002093C
:105AF00010B560B31A4A136823B1043B834229D01E
:105B00005B68F9E7174BD3E8AF1F890725D4146802
:105B1000011D44605068116000B95160D3E8EF2F57
:105B200042F00101C3E8E01F0028F7D1D30701D5F7
:105B3000002010BD0C4BD3E8EF1F21F01001C3E88B
:105B4000E21F002AF7D10948FEF75EF9F0E76FF08F
:105B50001500EEE76FF07700EBE76FF00F00E8E776
:105B6000942F00208C2F002040020020C40600202B
:105B7000044BD3E8AF3F13F0100F034808BF0020D9
:105B8000704700BF400200201338002070B5054662
:105B9000194803688B4228D0184BD3E8AF3FDA0688
:105BA00026D5036813B16FF00F0070BD144AD2E818
:105BB000AF3FDB07F7D4D2E8EF3F43F00204C2E87F
:105BC000E64F002EF7D113F00204ECD10160294614
:105BD0000C480EF0FFFE0C4805F120010EF0FAFE15
:105BE0000A48FEF711F92046DFE76FF07700DCE79F
:105BF0006FF07C00D9E700BF902F0020400200200A
:105C00008C2F0020D3370020F3370020B40600206B
:105C100070B505460B4B1C6844B154F8203C203C41
:105C200013B12846297B9847246AF5E7064C074EAE
:105C3000B44200D370BD236813B12846297B98472E
:105C40002434F5E7D02F002094B40200DCB4020025
:105C500010B50446FDF70CFE044901EB0011204687
:105C60000EF015F9BDE81040FEF7DEBB9C2F0020BA
:105C7000002270B50446D1E901560748C1E9012266
:105C800012F049FE3DB1314620462B46BDE870403A
:105C90006FF06D02184770BD980A002037B5437B3E
:105CA0000446072B2BD1051D4FF4806128460EF0CA
:105CB000B6FE400523D4D5E8AF3FD90307D4114B36
:105CC00093F890301A0702D520460EF0DFFA637B76
:105CD000072B14D10B4B93F890309B060FD50EF089
:105CE000EBF960B10DF1060101A80EF09BFA30B995
:105CF0002046BDF80620BDF804100EF0E2FA03B00D
:105D000030BD00BFB801002070B505460022002359
:105D10000E4807F063FAB8B90D4B1C6834B154F85B
:105D2000183C203C03B19847246AF7E7094C0A4E17
:105D3000B44204D32846BDE8704007F01FBCA368F6
:105D400003B198472434F3E770BD00BF700A002008
:105D5000D02F002094B40200DCB402002DE9F04101
:105D6000044640270025EFF3118287F31288BFF322
:105D70006F8FE16929B1206A0B688142E36108BF36
:105D8000236282F31188BFF36F8F71B1D1E901688B
:105D90000748C1E9015512F0BEFD1EB1002241467F
:105DA0002046B047FEF740FBDDE7BDE8F08100BFCD
:105DB000980A00200348B0F8B430B830002B08BF70
:105DC00000207047B801002030B50446FDF7E0FA26
:105DD0000D460D4A0D4989B00858D2F8B8108842CE
:105DE00005D1204609B0BDE83040FFF7B7BF2434E5
:105DF0002146104612F04CFE1DB16946204612F0B5
:105E000057FE09B030BD00BF202D00200800000063
:105E100038B5002204468A4202D10024204638BD0B
:105E2000012004F1CC03D3E8EF5F002D04D1C3E8D7
:105E3000EC0FBCF1000FF6D102D0D0340244EAE7F7
:105E4000002CEAD0CC220021204614F00BFD04F1F6
:105E50004000044912F04DFE034904F1240012F001
:105E6000FBFDDBE7C5670100354A020008B500F11C
:105E7000CC03D3E8EF2F013AC3E8E12F0029F8D192
:105E8000AAB90B4B984212D303F1D00290420ED222
:105E9000C01AD023B0FBF3F203FB120038B9054857
:105EA00007F068F9BDE80840034807F067BB08BD84
:105EB000B01F0020700A0020E406002010B5044640
:105EC0000EF02FFE07F09CFE0C4B04F1C001D3F83E
:105ED000CC3043B90A480EF087FD07F0A5FEBDE8B7
:105EE0001040FEF7A1BA994201D01B68F1E707F014
:105EF0009BFE2046FFF7BAFFF1E700BFB801002084
:105F00008402002070B5457B04468D4213D0417356
:105F10000DB90EF006FE637B012B09D1344D05F15E
:105F2000B8066169002950D1BDE87040FEF77CBA1F
:105F3000072B01D0A3B170BD0023C4E90D33E37872
:105F4000012BF8D1A37804F14000012B04BF0323F7
:105F500084F89830274A0023BDE8704007F07EBBE4
:105F6000082DE8D801A353F825F000BF375F0100E2
:105F7000915F0100B75F0100C15F0100C15F0100D7
:105F8000C15F0100B75F0100375F0100375F0100AB
:105F900004F14005284612F0B8FD20460121FFF724
:105FA00013FF20460EF064FD2846BDE87040002235
:105FB000002307F087BB237B13B12046FFF728FEA1
:105FC0002046BDE87040FFF751BFA2690B689142BF
:105FD00008BFA36120466361FFF74AFEB5F8B430FD
:105FE000002B14BF3046002007F0C4F899E700BF2B
:105FF000B80100205A620200F8B5074609480D466C
:1060000016460EF08EFD044650B183781F4203D130
:10601000BDE8F840FFF72ABF3146A8472046F7E71A
:10602000F8BD00BFB01F0020002201200149FFF78A
:10603000E3BF00BF9D5C010038B505460B480C4628
:106040000EF06FFD034670B1427B012A02D0073A81
:10605000012A06D81A88AA4202D19A78144203D19A
:106060001846FFF703FF0023184638BDB01F002075
:10607000034BC01A034B00115843C0B2704700BF16
:10608000B01F0020C54EECC470B51C461443054635
:106090000E4608D0FDF77CF90B4908580B49D1F89A
:1060A000B810884201D1002213460949002D14BFBF
:1060B000284608460DF03AFD044618B1711D0C3013
:1060C0000DF089FD204670BD08000000202D002045
:1060D000A80A002010B50446054807F04FFA2046EC
:1060E00000F0CAFC2046BDE81040FFF791BD00BF9C
:1060F000D406002000232DE9F04F87B003930593C9
:10610000A54B5A8A32B1A54DD5F8CC4034B907B069
:10611000BDE8F08F1B68002BF5D1F8E754F8C039C3
:1061200003B1C03B00269E4901E01C461346B5F86A
:10613000B420002A00F02E81D5F8C0204AB904F11D
:10614000C006002BE3D0D3F8C020002AEDD0C03A1F
:10615000EBE70A68002AF2D0D4F8AC20002AEED08F
:10616000D4F8B020002AEAD0D4F8B420002AE6D02F
:10617000637B072B66D120469047002862D004F14C
:10618000C403D3E8AF3F022B5CDC20460EF0C9FC11
:1061900004460028BBD0637B072B40F0F2802046EA
:1061A000D4F8AC30B5F8B41004AA984707460028D4
:1061B00000F0CA80B5F8B420049B9A4206D3014689
:1061C000D4F8B060204605AB03AAB047059BDDF8C4
:1061D0000C9001933B8A002B00F0D6803846DDF806
:1061E00010A00DF06AFE8046002840F0D080B5F87F
:1061F000B430DFF8B0B1002B14BF584600200022A5
:10620000002306F0EBFF78B900220023644806F073
:106210007FFF064600283BD1B5F8B430002B18BFED
:106220005E46304606F0A6FF6FF00B053846FDF7D8
:10623000BFFBB9F1000F00F083802A462046019988
:10624000C8477DE0D4F8C03004F1C002C6B9D5F823
:10625000D010C5F8CC308A4201D1C5F8D030002327
:106260002046C4F8C030D4F8B4309847002892D003
:10627000637B072B40F085802046FFF71FFE8AE7EF
:106280003360D5F8D0309A4208BFC5F8D060E6E751
:10629000019BC0F804908360B5F8B4B00022DA45E1
:1062A0004FF000034FF000013B4898BF1FFA8AFBF4
:1062B000FDF700FB814650B1FDF7DAFA3A4B5A463A
:1062C00003EB0013394648460DF0BCFD8146B5F896
:1062D000B43094F8C8709A458CBF4FF0010802376B
:1062E00084F8C88098BFFFB204F1C408D8E8EF3F33
:1062F0000133C8E8E23F002AF8D104F1140A31461C
:1063000050460EF071FBA378012B21D0D8E8EF3F67
:10631000013BC8E8E23F002AF8D1314650460EF072
:106320008CFB4846FDF744FB20463146FFF7A0FCB6
:10633000B5F8B4301B48002B08BF002006F01AFF48
:10634000132120460EF001FC2046FFF78FFDDEE60C
:1063500009F10C0B042158460DF069FC238807F065
:10636000FD0743EA07330380B9F810300221043BEC
:10637000438058460DF063FC4846FEF741F800287C
:10638000C4D1FEF751F8DFE76FF079054EE76FF003
:1063900004054BE79368FFDE140B0020B8010020D2
:1063A000980A0020700200209C2F002040F2E24357
:1063B0002DE9F041D0F888600446B6FBF3F6031DE2
:1063C000B6B2D3E8AF2F920413D5B0F88C20B24206
:1063D0000FD8B0F88E20B2420BD3D0E924129142EC
:1063E00007D1D3E8EF1F21F40051C3E8E21F002AD0
:1063F000F7D1114B1D6865B155F8107C203D37B1C0
:1064000031462046B4F89230B4F89020B8472D6A4F
:10641000F1E70A4DDFF82880454501D3BDE8F0815A
:106420002F6937B131462046B4F89230B4F8902045
:10643000B8472435F0E700BFD02F002094B4020005
:10644000DCB40200F8B50F4B05461C685CB1203C7B
:1064500000F1A806E36913B1314628469847246A3B
:106460000CB1203CF6E7084C084E05F1A807B442F1
:1064700000D3F8BDE36913B1394628469847243460
:10648000F5E700BFD02F002094B40200DCB4020076
:106490002DE9F041074608460D460DF02BFE064655
:1064A00018B900263046BDE8F081144B1C6884B151
:1064B00054F8143C203C0BB9246AF8E729463846C6
:1064C00098470028EDD028460DF014FE0028F3D19F
:1064D000E7E70B4CDFF82C804445E3D2E3680BB9C7
:1064E0002434F9E72946384698470028D9D0284669
:1064F0000DF000FE0028F3D1D3E700BFD02F00201D
:1065000094B40200DCB402002DE9F041C3780446E3
:106510008BB900F17E06114B1D687DB1203D04F161
:1065200070076B691BB13A463146204698472D6A81
:1065300025B1203DF5E700F17706ECE7084D094F5E
:1065400004F17008BD4201D3BDE8F0816B691BB155
:1065500042463146204698472435F3E7D02F0020A5
:1065600094B40200DCB40200F8B5437A05468372A5
:1065700016460EF052FC0D4B1C684CB154F8083C0A
:10658000203C1BB132462846697A9847246AF4E7D2
:10659000074C084FBC4200D3F8BDA3691BB132467B
:1065A0002846697A98472434F4E700BFD02F0020AA
:1065B00094B40200DCB4020038B505460C460F481E
:1065C0000121FFF725FCC0B1057223680367A3888A
:1065D000A0F87430A37980F8763001234372837277
:1065E0008370074BC0F8AC30064BC0F8B030064B98
:1065F000C0F8B430054BC0F88C3038BDB01F002057
:10660000A5690100094A0200FD490200180028009E
:1066100070B505460A480E460EF083FA044620B1CE
:106620008378012B04D0FFF721FC0024204670BDA5
:10663000324629460EF004FB0028F7D12046F2E747
:10664000B01F0020F8B505460E480E4617460EF05E
:1066500068FA044620B18378012B03D0FFF706FCCB
:1066600000240DE036B1324629460EF0E9FA08B9A9
:106670002046F3E7637BBB42FAD1237AAB42F7D1E2
:106680002046F8BDB01F0020002210B583780446D4
:106690000B70C3784B70037A8B70437B81F8272093
:1066A000023BDBB2062B8EBF13462A48C35C204652
:1066B00081F82430A378012B14BF0023637A81F87A
:1066C00025300EF079FA81F82600A378012B3DD110
:1066D00004F170038B60237A1F4AC3EBC303134496
:1066E0004B60E27804F1770304F17E002ABB1A467E
:1066F0000346C1E9032340F2E242D4F888304B61FB
:10670000B3FBF2F30B83B4F890304B83B4F89230C0
:106710008B8304F1A8030B62D4F8A4302BB15B7C0B
:10672000DA0644BF012381F82730D4F8A43013B12E
:106730005B7C9B0603D4002010BD0246D9E791F88C
:10674000273043F0020381F82730F4E76FF015009B
:10675000F2E700BF69E50200B801002038B5044641
:1067600008460D460DF0C6FC38B3154B93F8903033
:10677000990707D4E37873B129462046BDE838402D
:1067800000F0C8B994F899309A07F3D5231DD3E8DF
:10679000AF3F5B04EED4294620460EF086FA58B986
:1067A0002B88A4F88C306B88A4F88E30AB88A4F8C2
:1067B0009430EB88A4F8963038BD6FF01500FBE7F5
:1067C000B8010020F7B510F8333C0446A0F14006AC
:1067D0000BBB30460EF0C4FA2D4B1D684DB155F879
:1067E0001C3C203D1BB1304614F8341C98472D6AE0
:1067F000F4E7284D284FBD4205D3304603B0BDE82D
:10680000F040FFF733BB6B681BB1304614F8341C03
:1068100098472435EFE710F83E3C012B35D1A0F125
:106820003C05D5E8EF3F23F40052C5E8E12F0029ED
:10683000F7D19B0418D5E36C69460093636D30462D
:106840000193FFF78BFF38B9D5E8EF3F23F480536E
:10685000C5E8E23F002AF7D14FF40061284603B0B3
:10686000BDE8F0400EF0DBB86B460C4A106851688A
:1068700003C369463046FFF771FF0028ECD14FF49F
:10688000805128460EF0CBF8E6E703B0F0BD00BF1C
:10689000D02F002094B40200DCB40200A4BA02009D
:1068A0000C4B10B91860002070471A6872B9026961
:1068B000002AF7D1026832B9426822B9826812B957
:1068C0004269002AEED06FF0150070476FF0770034
:1068D000704700BFE02F002008B568B1094B00F1F8
:1068E0000C011A6822B907480EF07EF8104605E040
:1068F000914204D01268F5E76FF0150008BD6FF003
:106900007700FBE7D82F002010B50E4811F0FBFFF1
:106910000D490C4811F0FFFF0C490A4811F0FBFF2C
:106920000B49084811F0F7FF0EF090FF02F0F4F861
:10693000044628B902F0F6FF044608B90EF032FB0F
:10694000204610BD980A0020AC2F0020B82F002050
:10695000C42F0020044B186818B9044A5A600B6011
:1069600070476FF00B007047E42F002038BE020024
:1069700070B5044652EA030008D0FCF709FD074D44
:10698000074ED5F8B8503058854201D10022134641
:106990002046BDE870400431FFF776BB202D002073
:1069A000080000002DE9F0470F469046D0F8B840A7
:1069B00044B1403C236B5BB92068B8300EF0C6F997
:1069C000246CF5E7FDF730FD00263046BDE8F08782
:1069D00004F13009484611F0B3FF05460028F1D014
:1069E0000DF06BFA0028EFD128460DF0CEF8656C5B
:1069F00006469DB9A38C058A403B9BB23F2B03D82A
:106A0000238D9D4228BF1D46042106F10C000DF088
:106A10000EF90580A38C043543806564BD421FD800
:106A2000B6F810A0554506D100220023484606F0CE
:106A30006FFBFCF7BDFFA38CA3F140023F2A06D8F1
:106A400055451ABF002213460A4AF361B261206815
:106A5000B8300EF07BF9236B13B120460EF057F9D6
:106A6000636C9F422CBF0027DF1BC8F800306764AF
:106A7000ABE700BFCD4E0200F7B504460026234D1C
:106A8000234FBD4201D303B0F0BD298820460EF04C
:106A900014FA6B68019001A920469847002830DB62
:106AA000019B2A889A829A8403F11002D2E8EF1F90
:106AB000C2E8E06F0028F9D11E645E649E60A16B9D
:106AC00003F10802F9B9C4E90D221C60DE6003F18C
:106AD000300011F018FF019843681B6803B1984714
:106AE000019B1033D3E8EF1F41F00101C3E8E21F1F
:106AF000002AF7D101984368DB6913B100F1100156
:106B000098470835BDE70A60A263DEE77CB402005F
:106B100094B4020070B5134A0C461378064601334C
:106B200013F0FF010ABF01230B4619461370122010
:106B300008220EF08AF9054688B108210C300DF0C4
:106B400055F822882946028062884280A288828085
:106B5000E288C2803046BDE870400EF0C4B96FF0E4
:106B60000B0070BD5338002023281FD81A2804D8E2
:106B7000431E182B0ED906207047A0F11B03082BCB
:106B80001ED8DFE803F0051D1B231D19251D050078
:106B90000320704701230F4A83401A40C2B90E4AAE
:106BA0001A40002A0CBF06200120704700F07F0326
:106BB000522B05D1002070470120704705207047F7
:106BC00010F0400F14BF00200620704704207047CB
:106BD00002207047AAAA8A02545545012DE9F74FB1
:106BE000054608468946FCF743FE18234343264FD3
:106BF0000446FA189168D9F80C60019105F14C002F
:106C0000D0E8AF0FC1073BD5D9F80C000078107160
:106C10000022FA503378D22B0ED12B6849461868DF
:106C20000FF0B7FD40B101904846FCF7C1FE019B53
:106C3000184603B0BDE8F08F18235C430023494693
:106C40001A4607EB0408281DD9F80C60D9F814B0CF
:106C5000B9F810A0C8F808500EF00DF90346002846
:106C6000E6D0D9F81420A6EB0B0612FA86F6019AA4
:106C7000C9F80C60A9F810A0C8F808203851D7E767
:106C80006FF01503D4E700BF3430002070B50E4616
:106C9000438D418B01328B4228BF0B469A420546F9
:106CA00031D83046FFF760FF6FF01403034113F053
:106CB000010310D0FCF76CFB144B1958144BD3F89C
:106CC000B83099421DD0134B1B685A1A18BF4FF0A9
:106CD000FF32134600E0104A00211048FFF748FE3B
:106CE000044660B1FCF7C4FD18220D4B012102FBE4
:106CF000003304F10C009D600CF078FF0670204614
:106D000070BD0022E5E70024F9E700BF080000009D
:106D1000202D00207C3000201C4E0E00CC0A0020CC
:106D200034300020011F014811F01ABD98090020DD
:106D3000F8B50F4A074600230E480E460CF0F6FE43
:106D4000044690B100F10C05092128460CF043FFE0
:106D50002046FCF78DFD1822074B012102FB003372
:106D600028469F600CF042FF06702046F8BD00BF29
:106D70001C4E0E00CC0A00203430002008B5EFF382
:106D80001181402383F31288BFF36F8F00230360C8
:106D90000C4B5A689AB9C3E9000081F31188BFF31C
:106DA0006F8F094806F0EAFB002807DA002383F317
:106DB0001188BFF36F8F0323184602DF08BD1060F0
:106DC0005860EAE72C3000201C0700207FB5CB6814
:106DD00004461D888DB15E8876B1AE420DD3102277
:106DE0000021684613F03EFD05212046FFF7A0FF75
:106DF000019058B9112007E0354601232A460421A5
:106E000020460EF060FA002004B070BD6B4631469B
:106E10002846084A00940EF073FADDE9011323B9FD
:106E20000846FCF7C5FD0A23E8E720460EF075F991
:106E3000E9E700BF3751020010B5044600F14803EE
:106E4000D3E8EF1F41F00101C3E8E21F002AF7D1A8
:106E5000201F0EF0CCF904F16400044911F049FE42
:106E60002068BDE8104001F0A7BD00BF51580200E6
:106E7000F0B51D46036804460E4685B0012118682A
:106E800017460FF0C4F938B904F14C000EF05CFA63
:106E900050BB122005B0F0BD65B31022002168463A
:106EA00013F0E0FC39462046FFF742FF029018B38A
:106EB000BDF828302946ADF80430012328468DF866
:106EC0000C300E4A6B4600940EF01AFA9DF80C3006
:106ED00002995BB10846FCF76BFD2A463146204615
:106EE0009DF80C300EF0EFF90020D3E720460EF0AD
:106EF00014F9F9E70120CDE71120CBE7DD560200B8
:106F00002DE9FF41036804460D46186801210FF082
:106F10007EF940B904F14C000EF016FAA0BB122025
:106F200004B0BDE8F08110220021684613F09AFCFD
:106F30000F212046FFF7FCFE029038B34FF0010806
:106F4000009405F10C072B8A012B04D820460299E6
:106F50000EF0E3F818E038460CF092FE6B4601465E
:106F60000B4A06468DF80C800EF0CAF99DF80C30DD
:106F7000002BE8D00298FCF71BFD32460E2120467C
:106F80009DF80C300EF09FF90020C9E71120C7E7EB
:106F9000DD5602002DE9FF41036804460D461868DE
:106FA00001210FF034F940B904F14C000EF0CCF996
:106FB000A0BB122004B0BDE8F08110220021684679
:106FC00013F050FC21212046FFF7B2FE029038B3A7
:106FD0004FF00108009405F10C072B8A012B04D80F
:106FE000204602990EF099F818E038460CF048FE59
:106FF0006B4601460B4A06468DF80C800EF080F970
:107000009DF80C30002BE8D00298FCF7D1FC3246FA
:10701000202120469DF80C300EF055F90020C9E7DC
:107020001120C7E7595602002DE9F0430F460446E8
:10703000062187B007F10C000CF012FE0588EDB1B7
:10704000B0F80280B8F1000F17D0A84516D300237E
:1070500082888DF800308DF804304FF42053684654
:1070600001A9D7F80C90ADF80220ADF806300CF06D
:1070700067FE064660B10A2301E0454601232A4621
:10708000062120460EF01FF9002007B0BDE8F0836E
:107090000146142201A83F7C13F0E4FB072120469F
:1070A000FFF746FE0290D8B10A2341468DF815300D
:1070B000284601AB0B4ACDE9036901948DF81470A1
:1070C0000EF01EF99DF8153002992BB10846FCF719
:1070D0006FFC9DF81530D2E720460EF01EF8D3E77E
:1070E0001120D2E70D5402002DE9F0410E8A04462A
:1070F000043EF6B2022E08468CB001D0102E76D196
:1071000004210C300CF0ACFD0DF104080588478813
:10711000011D324640460CF040FE002869D085B380
:1071200077B3BD422DD8012160680FF070F8064694
:1071300078BB42F602038DF8000069464046ADF880
:1071400002300CF0FDFD20B342F60303404606A9D1
:107150008DF81860ADF81A300CF0F2FDC8B1012DB1
:1071600003D14FF6FF739F4213D004F14C000EF091
:10717000EBF8002814BF002012200CB0BDE8F0810D
:107180003D4601232A46082120460EF09CF80020A7
:10719000F3E7182200210DEB020013F063FB092135
:1071A0002046FFF7C5FD0890F8B101210C30CDE96C
:1071B00006480CF01BFD0023099003700A23394692
:1071C0008DF82C30284606AB0B4A0EF099F89DF846
:1071D0002C3008992BB10846FCF7EAFB9DF82C30BF
:1071E000D0E720460DF099FFD1E71120C5E7042034
:1071F000C3E70E20C1E700BFF97401002DE9F0419B
:107200000E8A0446043EF6B2022E08468CB001D027
:10721000102E64D104210C300CF022FD0DF1080871
:1072200005884788011D324640460CF0B6FD00280F
:1072300057D0A5B300268FB3BD4230D84FF42053AA
:10724000404601A98DF80460ADF806300CF078FDD9
:1072500048BB1422002107A813F004FB112120468B
:10726000FFF766FD0990002837D001210C30CDE9E9
:1072700007480CF0BBFC00230A90394603701A4AF9
:107280000B93284607AB0EF03BF8DDE909131B789A
:10729000FBB90846FCF78CFB0A2301E03D460123BD
:1072A0002A4610210EE042F60103404607A98DF858
:1072B0001C60ADF81E300CF043FD0028C9D010232F
:1072C0002A46194620460DF0FEFF00200CB0BDE80E
:1072D000F08120460DF021FFF7E71120F6E70420AA
:1072E000F4E70E20F2E700BF41740100F0B51D463F
:1072F00003680E460039044618BF012187B018689C
:1073000017460EF084FF40B904F14C000EF01CF853
:10731000002844D0002007B0F0BD002D41D0182235
:107320000021684613F09EFA47BB236829461B6874
:10733000284600930023ADF812300C9B1A4A0393A1
:10734000BDF834308DF80860ADF8103001238DF8A9
:1073500014306B460DF0D4FF9DF81430C3B1002FEC
:10736000D8D00198FCF724FB002ED3D02A46122156
:1073700020469DF814300DF0A6FFCBE70022132124
:107380002046FFF783FC01900028CED11120C2E7F0
:1073900001990029BED020460DF0BFFEBAE71220A9
:1073A000B9E70120B7E700BFA95002002DE9F0417D
:1073B0000B8A04460D46002B3AD00668012105F1E0
:1073C0000C000CF04DFC737B0746072B30D154F8B2
:1073D000043C6BB300230178184E043C16F83300CC
:1073E0004FEAC308884206EBC30211D1298A5378B9
:1073F000994220D35368294620469847034646447D
:10740000B278012A14D19BB1397889B100220CE0FD
:1074100001330C2BE2D10846FFF7A6FB2122C24024
:1074200012F0010204D119B1062320460DF04BFFE2
:107430000020BDE8F0810423E1E700BF60BE020048
:107440002DE9FF414FF000084FF4205305460E464A
:10745000006802A9144617688DF80880ADF80A3054
:107460000CF06EFCA0B142F60103286803A98DF868
:107470000C80ADF80E300CF063FC48B123691BB1F1
:107480005A88B24200D25E80012004B0BDE8F0818B
:10749000616828680CF054FC10B100232361F3E705
:1074A000E368A0681A786AB1B7F82AC0798B038AB2
:1074B0008C4594BFC3EB0C03C3EB0103934201DA89
:1074C0000020E2E704210C300CF090FB20610680E4
:1074D000236929465E80074B0194009338460023B8
:1074E000A2680EF030F80028EADB2069003818BFE7
:1074F0000120CAE7A75202002DE9F34717680546A5
:107500008946006851681446D7F804A00CF018FCAE
:10751000804600284BD19522294650460EF072FD38
:107520000646207540B1E3681B780BB184F81480DF
:10753000002002B0BDE8F087294650460EF0A1FEBB
:1075400010B908232375F3E7A06826750CF021FB1A
:1075500002210C300CF04AFB164B2061A0F8009081
:1075600000930194334629463846A2680DF0EBFF9C
:10757000002807DA10F1FF0F32BF0E204042C0B2E0
:107580002075D5E72369002BD2D0A0680DF015FD3A
:107590007B8B7A8D9A4294BFC0EB0200C0EB030054
:1075A000E3681B78984294BF00200120C1E70120C6
:1075B000BFE700BFCB4F0200F7B5002304460E46DD
:1075C00000226946284805F0B3FC0546D0B9FBF710
:1075D000DFFE264B29461A58254B00981A602422B4
:1075E00013F040F9009B00221C60009C0023C4E9BA
:1075F0000155C4E907551F4801A9019505F098FCFC
:10760000054620B16FF00B05284603B0F0BD0146DA
:10761000A022019813F026F90198174B836054308B
:1076200011F071F9019B4C33D3E8EF2FC3E8E15F10
:107630000029F9D1019B1C60E369019F1BB904F18A
:107640000C0011F060F9E26907F19803C7F898207F
:10765000226AE36102B923621722019B5A855A8389
:1076600004333360D0E700BF7C090020080000002D
:107670007C30002098090020F40600202DE9F74F07
:107680000646EFF31187402383F31288BFF36F8F11
:10769000404C20460DF087FC23680546009387F395
:1076A0001188BFF36F8F00285ED0FCF7E1F8182235
:1076B00002FB00F33849C81851F803B003690021F0
:1076C000D0E90247019390F80480B0F806A013F0C7
:1076D000C9F8A87AFCF7C4F86969814651B16A7A99
:1076E000D00705D4D9F81C20284612689268904724
:1076F00000226A612946484611F018F9B8F1000FD6
:1077000022D00CB32368FBB11B68EBB1BBF1000FB7
:107710001AD1201D0EF012F84046FFF725FA052871
:1077200012D8DFE800F024031124110304F14C0304
:10773000D3E8AF3FDA0707D5236D2BB10023174AF3
:1077400004F1680005F0BEFF009B6BB131460020DC
:1077500011F09EF9002807DA002383F31188BFF3A4
:107760006F8F0323184602DF03B0BDE8F08F54F893
:107770004C3B1D68D4E8AF3FDB07E5D5002FE3D0D5
:10778000002403E028460199B8470134A3B25345C9
:10779000F8D3D9E72C300020343000201C4E0E00E6
:1077A00007B50B4600210246FBF7F2FD01910E4999
:1077B00009580E480068884204D00D48D0F8B80037
:1077C000884201D10022134601A90A4805F0B0FB06
:1077D000014638B91C22019813F044F8019803B00F
:1077E0005DF804FB0020FAE7080000007C30002070
:1077F000202D0020B409002010B50446806818B17F
:10780000FCF7D6F80023A3602146BDE810400148EC
:1078100010F0A6BFB40900202DE9F74304466830F4
:107820000F4690461E4611F070F9206D48B9201D94
:1078300000F028F81321606803B0BDE8F0430DF0B4
:1078400084B90F4B98424FF0000317D0456843604E
:10785000206DD0F81890FFF7CFFF00232068236534
:107860000DF0F2FB3DB12068CDF8009043463A465A
:1078700031460068A84703B0BDE8F0831D46ECE739
:1078800080300020F7B550F8044C0546002C55D048
:1078900000F1940104F11C000DF03DFD2E1F05F1D7
:1078A000500700220023384605F032FC024658BB40
:1078B000EB6C2BB101466FF067033046FFF7ACFF6E
:1078C000002345F8043C05F14803D3E8EF1F21F0FD
:1078D0000101C3E8E21F002AF7D1E36973BB04F199
:1078E0000C0600220023304605F012FC78B96668C9
:1078F00086B921461248266010F032FF286803B08E
:10790000BDE8F04001F0CCB8FCF752F8C9E7FCF74D
:107910004FF8E6E7A26833689642636008BFA36049
:1079200077683FB1B3696FF0670100930023206867
:107930001A46B8473046FFF75FFFD8E703B0F0BDFF
:107940007C090020F8B51D460F461646FBF790FF50
:107950001823044C03FB00400123C0E90376C380D5
:107960000575F8BD3430002010B51846144603499B
:107970001022A04700EAE07010BD00BFD820002010
:1079800070B50D4C064623780D46834204D1284637
:10799000611C0EF03CF858B9237CB3420AD128464A
:1079A00006490EF034F810B1012004EB001070BD50
:1079B0000020FAE70020FAE7B4300020C5300020AC
:1079C00070B50D4C064623780D46834204D12846F7
:1079D000611C0EF01CF858B9237BB3420AD128462B
:1079E00006490EF014F80028054808BF002070BDB5
:1079F0002046FCE70020FAE7802000208D200020B0
:107A00008C20002070B50E4C054623780E4683422C
:107A100003D1601C0DF0FBFF68B9237BAB420CD196
:107A2000314608480DF0F3FF20B10120404200F03C
:107A30000C00204470BD0020F8E70020FAE700BFEA
:107A40005A3700206737002038B514460D4B82683E
:107A50000D469A4211D122792168C0680DF0DFFFEE
:107A600058B1D4F8C8302F2B09D804EB8302158104
:107A7000018901335181C4F8C830012038BD00208C
:107A8000FCE700BF757E010070B5204B144682688C
:107A90009A420FD1A568C66875B922793046216827
:107AA0000DF0BDFF024628B1194901300DF0DCFF91
:107AB00015701581012070BDE0680028FBD02B886F
:107AC0008B420AD0F6D2E068A36801380433E06044
:107AD000003818BF0120A360EDE725682279294608
:107AE00030460DF09CFF024660B9304608490DF063
:107AF00096FF02460028E6D0294601300DF0B4FF7B
:107B000023791370A3685B881381DCE7757E01001D
:107B1000B9E4020038B5054648B1154B1A4613F8CA
:107B2000011C5C1E0DF08CF858B1204606E011498E
:107B30000F480DF06CFF78B10D4B581E38BD00207A
:107B4000FCE72846217C04F111020DF079F80028A9
:107B5000F5D004F11000F1E7054B064903F11000E0
:107B60000DF055FF0028EAD0014B03F10F00E5E7C7
:107B7000B5300020B9E4020010B54A1C0C4628B10B
:107B800009780DF05DF830B1204610BD104603496C
:107B90000DF03DFFF7E70020F7E700BFB9E4020072
:107BA0002DE9F0410646884617460CF032FB60B3DB
:107BB00041463046FFF704FF0546B0B914480DF0C2
:107BC0005AFF0446F8B113480DF055FF68B9012477
:107BD000114D6342114A03F00C030133D0184146A2
:107BE0000DF042FF0C235C431655012105F10800FE
:107BF000B9400DF023FFBDE8F04147F61222002303
:107C0000074805F05FBD054DE3E7BDE8F08100BF23
:107C100088200020942000208C200020802000203C
:107C2000982000202DE9F04180460F4616461D465B
:107C3000FFF7E8FE044648B91649FFF7E3FE04469D
:107C400030B3394600F8018B0DF00EFF23899BB944
:107C500062899AB926816581254615F8010B294666
:107C60000CF0D7FAA0B122462946BDE8F041042322
:107C700012F8080BFCF71AB8B34204D86289AA427A
:107C800006D2B342E7D963892681AB42E4D2E2E768
:107C9000BDE8F081B9E402002DE9FF410E46174628
:107CA0009846044628B96FF01505284604B0BDE88B
:107CB000F08102A90CF01CF805460028F3D12046FB
:107CC00001A90BF0A9FC0198D0B9002002A9FFF787
:107CD00099FE0446D8B9002EE7D01149FFF792FE6D
:107CE0000446D0B1002302A900F8013B0DF0BCFE10
:107CF0000422404604F10801B84700EAE075D4E7E1
:107D00000A22294609F014FC0028DED0CBE7002E19
:107D1000EED1066046608660C7E76FF00B05C4E7EA
:107D2000B9E4020038B51546084B82689A420AD178
:107D3000C4682968013420460DF069FE18B1204658
:107D400069680DF091FE012038BD00BF757E01000D
:107D500008B513468168074A914209D11A79196812
:107D6000C0680DF05CFE18B100230360436003811E
:107D7000012008BD757E010040F239120023014840
:107D800005F0A0BC5821002008B5042108480DF0DA
:107D900055FE6FF0020106480DF05BFE04480DF041
:107DA0006AFEC30701D5FFF7E7FF002008BD00BF4B
:107DB00088210020024608B5074901300DF054FE25
:107DC00000230C3202F8043CD2E8EF1FC2E8E03F87
:107DD0000028F9D108BD00BFB9E402002DE9F04147
:107DE000214B1546826807469A4202D1C4686389CE
:107DF000E3B90120BDE8F08105F170084146287A19
:107E00000CF007FA68B9194B9C4202D128460DF0D4
:107E1000C0FE304616490DF027FE00232370238153
:107E200019E0414630460DF01FFE14E0238993B15E
:107E3000264616F8011B284632460CF001FF0028A2
:107E4000DAD131462078FEF7E3FB20B1457BFEF71F
:107E50000DF8072DCDD00021E3686181002BC8D03B
:107E600038469847C5E700BF757E010054070020DB
:107E7000B9E402002DE9F0471F46BDF82030064660
:107E80008846D1F80C90002B46D17B1E012B46D89A
:107E9000012F49460CBF15781588FFF76DFE044683
:107EA00078B915B93846BDE8F0874946FFF764FE52
:107EB0000446B8B306F1700101300DF0D5FD337AF8
:107EC0002370D9F81030DBB9B4F808A02581B9F8CF
:107ED0000A30AB4203D0494640460DF0CFFDAA45DB
:107EE00005D00022307A06F17001FFF759FE002D0F
:107EF000D8D10E49601C0DF0B7FD25702581D1E762
:107F00002A464146304698470028CCDB01380128F4
:107F1000DAD96FF00D00C6E76FF00600C3E76FF027
:107F20000C00C0E76FF01000BDE700BFB9E402002D
:107F300008B5012111480DF081FD10F0010F104B23
:107F40000AD1104A9A610D480DF095FD830713D4AC
:107F5000BDE80840FFF710BF1A8B588B012A4FF677
:107F6000FF7205D8904207D04FF6FF725A83EAE7B6
:107F700090421983E7D0F7E708BD00BF88210020B1
:107F8000382100200100FFFF104908B510480DF00E
:107F90003EFD014640B90E4B581E0DF092FE0C49B5
:107FA00011F8010C0DF01BFE08490A480DF02FFDD9
:107FB000014650B908480DF084FE084B187C03F1C7
:107FC0001101BDE808400DF00ABE08BDB9E4020089
:107FD000B5300020C5300020C4300020B43000206F
:107FE00010B56FF0020104460E480DF032FD0D4849
:107FF0000DF041FDC20704D5002200230A4805F018
:1080000061FB20460DF0C1FC58B12046FFF782FD10
:1080100038B1037ADB0704D5BDE8104001210DF02B
:1080200060BE10BD8821002058210020012110B51C
:108030001A480DF003FDC3072ED4022117480DF096
:10804000FDFC084007D11649164A0B88164CA2427F
:108050001CD300B10B801549154810F04AFD40F2C1
:10806000391200231248FBF7C9FE1249124810F0DA
:1080700040FD022111480DF0E1FC1148114910F0BA
:1080800038FDBDE810401048FEF726BC50680832A5
:1080900003449BB20120DAE710BD00BFD4300020BA
:1080A00072370020DCB40200F4B40200555F020015
:1080B000E82000209586010058210020882100201A
:1080C00098200020E55F02002C07002003462DE9E0
:1080D000F04148B1008A38B901244FF0140C11491D
:1080E000DFF844E0714501D3BDE8F081D1E90076C5
:1080F000BB4204D30CFB0672143A93420ED93444AB
:10810000A2B214460831EDE70CFB0578434507D0D1
:1081100001356219AE4292B2F6D1F2E70025F8E7D6
:108120001046E1E7DCB40200F4B402002DE9F74F99
:1081300099464FF6FF73BDF830500746002D08BF33
:108140001D46244B90461B88009183423CD203B0CD
:10815000BDE8F08F73682344BB4232D29CB208362C
:108160001D4B9E42F6D3F2E74046895801930BF02F
:10817000E7FD019B90B101340AF1010AA4B27368D2
:108180005345ECD9009B9C42E1D8BC42F3D30BFB96
:108190000AF231688B18B8F1000FE5D1B9F1000F80
:1081A0000BD1013D1846ADB221460E9A0D9B984762
:1081B000002DCCD00028DED1C9E7DA689145DAD1AC
:1081C000EFE74FF0000ADAE701244FF0140B034EFB
:1081D000C6E700BF72370020F4B40200DCB402002E
:1081E00030B5F1B010220021684612F03BFB182296
:1081F000002105A812F036FB4FF41053ADF81030F3
:1082000080231022ADF812304FF480631D4D694673
:10821000CDE906350DEB02006EAB06F06BFD0BAC45
:10822000014660BB4FF4C672204612F01BFB2A4683
:1082300020466E9911F038F908BB23464FF6FF71BE
:108240000120114A0DF07BFE102220460F4904AB9D
:1082500011F03FF905466E9806F000FD7DB9082241
:108260000A4B03F11001187811F8014D013A03F897
:10827000014B0870F7D1082105480DF0DFFB71B004
:1082800030BD00BF0002C003195C0200C8200020FE
:10829000882100202DE9F04119490446A1F1300060
:1082A00015461E46BDF8187010F042FC15480DF03A
:1082B000E2FB010707D4FFF793FFFFF765FE1021EC
:1082C0001148FBF725FD2046FFF724FC68B1037A2F
:1082D000DA070AD500F10C0420460DF0CCFBC307E9
:1082E00003D4022120460DF0A9FB10233A46069341
:1082F00031462846BDE8F041034B0DF0D7BB00BF27
:108300001821002088210020C820002010B51B481B
:108310000DF0B1FBC0F3C00080F0010408B9FFF715
:108320005FFF16480DF0A7FB034614480DF0A3FBB2
:10833000DA0621D5830608D5F4B1FFF725FEBDE89E
:10834000104010210E48FBF7E3BC20210B480DF034
:1083500075FB10220A49881812F093FA48B90948A7
:1083600010F0D3FBBDE810406FF0010103480DF0A1
:1083700070BBFFF7DDFDE0E710BD00BF88210020E6
:10838000C82000205821002008B5102103480DF016
:1083900055FBFFF7BBFF002008BD00BF8821002070
:1083A0002DE9F041B8B00C46164621496A463E9880
:1083B0001F460BF00DF9002837D0009D01A9284673
:1083C0000BF02AF965B1019870B900230DF1080886
:1083D000284641468DF814300BF08AFC054650B112
:1083E0006FF0150425461AE00A22002109F0A0F8D2
:1083F0000028EAD0F4E7CDF81080A4B1C0223846B6
:1084000008A9B047041EEDDBA40808ABCDE906348B
:108410004FF6FF710120074A04AB0DF090FD28468E
:1084200038B0BDE8F0812346F0E76FF01505F6E7B8
:108430001FE30200897A0100002330B5B5B0019135
:108440008DF808003393044601AB0D4601204FF62A
:10845000FF71074A0DF073FD339B3BB19B0003AAEC
:1084600029462046FBF746FC35B030BD1A46F7E7F3
:10847000497A01002DE9F34100F17008CDE90012BD
:1084800004460F46007A414616460BF0C2FE0546EA
:108490006B464FF6FF7101200C4A0DF050FD1DB1E7
:1084A0004146207AFFF7C8FF3946207AFFF768FA7D
:1084B00040B1314601300DF0D7FA1DB14146207A66
:1084C0000DF08DFB02B0BDE8F08100BF257D0100FD
:1084D000002307B50193FFF7F9FD411C89B2084657
:1084E000034A01AB0DF02BFD019803B05DF804FBCE
:1084F000CF5902002DE9F843154689469422696850
:1085000006460DF07FFD8046002841D1022230460C
:1085100069680DF0B2FD00283DD000211F48AF8AE8
:10852000FFF73EF90237044680B11D211C4B47611D
:108530003A464174C0F80C804360856130460DF0C6
:1085400060F9074638B92046FFF756F96FF00B057A
:108550002846BDE8F883012342464146FFF7F2F979
:10856000A98A07F10C0002310BF040FB20F8029BB6
:10857000AA8A296912F069F921463046A7600DF0F0
:10858000E7F905460028E3D02046FFF735F9DFE795
:108590004FF0FF35DCE76FF01505D9E71C4E0E00F4
:1085A000D559020070B504468AB037480DF063FA19
:1085B00042070D4661D514B1637B072B60D16E680D
:1085C00030460596FFF782FD2A68ADF8180032B3F1
:1085D00005A902912D4900230191012100914FF637
:1085E000FF710593FFF7A2FD059E1EB96FF0010014
:1085F0000AB070BD6E60002330688DF8103042F60E
:10860000030304A9ADF812300BF09AFB70B905987A
:10861000C3689B799B0605D46FF01500E8E7002836
:10862000E9D1E3E70DF044FCADF81800BDF81800FF
:108630003CB1012301462A462046AB75FFF75AFF9D
:10864000D6E76FF07F0307930223ADF8203042F6A0
:108650000213ADF8123005ABAC7502930C4B4FF61C
:10866000FF710193012304AA0093234609958DF815
:108670001040FFF75BFD0798BAE76FF00A00B7E715
:108680006FF07F00B4E700BF40020020035A0200F1
:10869000AD88010073B5044650F8083C00F1300580
:1086A0006FF00101A0F12006284601930DF0D1F9E9
:1086B0000D4B002044F81C3C0C4B314644F8183C50
:1086C00001AB44F8103C042324F8080C24F8060CF1
:1086D00024F80C3CFFF766FF18B9022128460DF07C
:1086E000ADF902B070BD00BFFCBE0200E17F010029
:1086F0002DE9F0412D4B1646826805469A4223D15A
:10870000C76834683B89FBB13A46204612F8011B22
:108710000CF096FAC0B14FF49572294620460DF040
:1087200071FCA0B103280FD0052820460CBF4FF0E4
:1087300003084FF002080CF07DFA804507D9337921
:10874000434501D286F804800120BDE8F081394616
:1087500028460DF093F9164B9F42F5D1207A04F18B
:108760007001FFF74FF905460028EDD0038913B9D2
:108770004389002BE8D02046FDF77AFC2A890D4B6F
:108780000D4923F820206A8903EB80035A801822C0
:1087900002FB00110B610423084A20464A60084A84
:1087A0008B828A60FFF7FEFECEE700BF757E010078
:1087B00054070020563700209C300020FCBE0200E9
:1087C000875D020070B504468AB035480DF053F954
:1087D00042070D465DD514B1637B072B5CD16E68F3
:1087E00030460596FFF772FC2A68ADF8180032B3E0
:1087F00005A902912B4900230191012100914FF617
:10880000FF710593FFF792FC059E1EB96FF0010002
:108810000AB070BD6E60002330688DF8103042F6EB
:10882000030304A9ADF812300BF08AFA70B9059869
:10883000C3689B79DB0605D46FF01500E8E70028D4
:10884000E9D1E3E70DF034FBADF81800BDF81800EE
:108850002CB101462A4620460DF0A2FCD8E76FF065
:108860007F0342F6021207930123ADF8122005AAF6
:1088700002920D4AADF82030CDE900324FF6FF717B
:10888000234604AA09958DF81040FFF74FFC07987E
:10889000BEE76FF00A00BBE76FF07F00B8E700BFEC
:1088A00040020020035A0200AD8801002DE9F0418A
:1088B0003D4B1546826807469A4203D00127384649
:1088C000BDE8F081D0F80C80384B984512D0B8F84C
:1088D0000820AB899A42F1D1414611F8010BFDF70E
:1088E00097FE06460028E9D0437B072B24D0FDF7EE
:1088F000BDFAE3E700262E4C20462E490DF087F8FE
:1089000078B90722214614F8010CFDF79BFE80B9C7
:108910002B6921461A6914F8010C53881288FFF755
:1089200081F9731C022B4FF0010604F10C04E3D112
:10893000CDE7FDF79BFAF4E7D8F8143023B13946B8
:10894000984708B93046D2E73946942230460DF0B0
:1089500059FB07460028F5D1AB89022B15D1B8F891
:1089600008309A071ED530462A69A988FFF7C2FD4C
:10897000044618B92A69937D013393753046FDF793
:1089800075FA002CAC609ADB98E7012B0AD1B8F895
:108990000830DB0706D530462A69A9880DF000FCAF
:1089A0000446EBE73C46E9E7757E010054070020EA
:1089B0005B370020B9E40200012370B500F17005B7
:1089C0008EB0044603902946007A8DF810300BF0E3
:1089D00020FC90B1227A1AB302AE0421304609F08D
:1089E00007FA009624210F4A2B4605A8FBF7C0F88A
:1089F00005AA10460C49F9F71FFF4FF6FF71012039
:108A00000A4A03AB0DF09BFA20460CF013F99DF8CF
:108A10001010884202D220460CF0DBF80EB070BD78
:108A20000092DFE722E30200A1830100F18601004A
:108A30002DE9F0410D4B06461B680F46904623B1C9
:108A400053F8044904B1043C0BB9BDE8F0811B683C
:108A50001BB142463946304698472CB1656805B18E
:108A6000043D23462C46EFE72546FAE7D8300020A0
:108A700013B50446009001204FF6FF716B46074A7C
:108A80008DF804000DF05BFA002120460DF0BFFBCD
:108A900008B9FFF74DFA02B010BD00BFF186010022
:108AA00073B5044603464FF6FF710120184A04F1DE
:108AB00070060DF044FA3146207A0DF05DFA314629
:108AC000207A0BF0A6FB50B1237A4FF6FF718DF898
:108AD000043001206B460F4A00960DF030FA204614
:108AE000FFF718F8054688B13146207A0BF091FB64
:108AF00028B9284602B0BDE87040FFF75BB931469F
:108B0000681C02B0BDE870400CF0AEBF02B070BD92
:108B1000DD7D0100517D01007FB54FF4205200231F
:108B2000ADF8162004AA02920A4A0120CDE90032CB
:108B30004FF6FF7105AA04938DF81430FFF7F6FA8B
:108B4000049B012B14BF6FF01500002007B05DF8E7
:108B500004FB00BF8B620200054BD3F8EC0020B988
:108B6000044AEC335A600B6070476FF00B0070479B
:108B70009021002074BF0200014608B505480DF0A1
:108B8000A2FB044B0028A3F1040314BF18460020E5
:108B900008BD00BF94210020084B00F5B4701A688E
:108BA000074BD0E8EF1F994204D1C0E8EC2FBCF18D
:108BB000000FF6D1D0E8AF0F704700BFE02F0020C4
:108BC0009021002008B5FFF7E7FFB8B1036843B173
:108BD000426832B1826812B90B4A12783AB904205D
:108BE0000BE0094A127812B10BB1826842B94268AF
:108BF00042B9002B14BF0020032008BD0320FCE76E
:108C00000120FAE70220F8E754380020002370B56D
:108C10001A460446EC300D460CF02DF920B12846DA
:108C2000BDE87040FAF7C4BE04F59C700023BDE8AF
:108C30007040014A04F046BD1C4E0E0038B5044693
:108C4000051D082128460DF086FB064904F1570052
:108C5000FCF79CFF20B1284608210DF06FFB08208F
:108C600038BD00BF2768020038B50546EC22002158
:108C700011F0F8FD102105F1270002F0D9FD04469E
:108C800048B9052128460DF066FBFCF771FF034B40
:108C90001860204638BD0824FBE700BFE030002004
:108CA00070B5051D0E46284604210DF00CFB68B179
:108CB0000022002100230846FDF75AFE044638B979
:108CC000042128460DF047FB204670BD034AF0E71B
:108CD00001210C300AF08AFF0670F5E71C4E0E00E9
:108CE00070B504460E4686B0FFF756FF04F1370212
:108CF0001146F368054603F1100053F8046B8342F4
:108D000041F8046BF9D1237A052B40D8DFE803F052
:108D1000172323033F6502AB45490093096804F11B
:108D2000270304F1570000F027FF80BB0A21201D14
:108D30000DF011FBAB680299D4F8EC00984720467F
:108D40000D210DF008FB201D10210DF004FB204625
:108D50000DF036FB19E094F8DC10D4F8D83002ADF1
:108D6000CB40334903F001030095096843F08003C9
:108D700004F157000DF0DFFF48B91022294604F135
:108D8000170011F07EFD20B1042006B070BD082050
:108D9000FBE7032120460DF0DEFA0DF011FB002861
:108DA000F5D194F8DC300133DBB2142B84F8DC30DD
:108DB00009D10D2120460DF0CEFA1021201D0DF015
:108DC000CAFA0020E1E7102104F1270002F030FD8B
:108DD000003818BF0120C000D7E7102104F1270098
:108DE00002F026FD0028D2D105B3EB68F3B1114B98
:108DF000E27A1B8812F0010FADF80830A37C08BF9F
:108E00000320DB0703D5002814BF01200220002324
:108E10008DF80900C4E93833201D0C210DF09BFAB0
:108E2000EB68D4F8EC0002A99847CAE70220ACE747
:108E3000E0300020ACBA020073B5047A0546022C7B
:108E400023D844B190F8DC30D0F8D840DC4004F0AE
:108E5000010444F0800403212846FFF721FF064661
:108E6000A8B110210C300AF0C1FE00900F48234633
:108E7000006805F1270205F157010DF05CFF04467B
:108E800050B13046FAF794FD01E0032C02D00820DF
:108E900002B070BD0024DEE731462846FFF7B6FE7B
:108EA000281D21460DF04AFA2046F1E7E030002067
:108EB000F7B50446FFF770FE261D05460E21304625
:108EC0000DF001FA38B9474B2022196804F1570018
:108ED00011F0D7FC90B30C212046FFF7E1FE0746C6
:108EE00060B340210C300AF081FE3E4B02461B6805
:108EF000014603F1200053F804CB834241F804CB30
:108F0000F9D1203203F1200153F8040B8B4242F8CF
:108F1000040BF9D139462046FFF778FE237A052B5A
:108F20000CD8DFE803F0033D0E030B5A0421204662
:108F30000DF011FAFFF780FF002840D0082003B0A1
:108F4000F0BD2046D4F8EC70FFF726FE04214FF068
:108F5000FF3305460DEB0100019302F069FC002888
:108F6000ECD1019B204A84F8DC00B3FBF2F102FB58
:108F700011330193C4F8D83055B12B6843B10B219C
:108F800030460DF0E8F938462B68D4F8D8109847E9
:108F9000032120460DF0DFF90E210DF0DCF90EE083
:108FA000204603210DF0D7F90E210DF0D4F93046FB
:108FB0000A210DF0D0F96B68D4F8EC0098473046E0
:108FC00007210DF0C8F90820FFF7D6FD40B920466B
:108FD00003B0BDE8F040FFF731BE04212046DCE7D6
:108FE0000020ACE7E030002040420F0070B505469D
:108FF0000E4605F15704FFF7CFFD2246F36803F153
:10900000200153F8040B8B4242F8040BF9D105F10F
:10901000770203F1200153F8040B8B4242F8040B52
:10902000F9D12046FCF720FD18B3281D0E210DF0C4
:1090300092F9D5F8EC40D4F8A40080B9207A04F174
:10904000700100F07DFCC4F8A40040B9104B1C680E
:10905000B4B9281D06210DF07EF9204608E0438AA8
:1090600003F02403002BF1D0437C9B07EED40320B4
:1090700070BD2046FCF704FD0028E7D10B20F7E780
:109080002846FFF715FF003818BF0120C000EFE7A2
:10909000E030002038B504460D49A0F1EC054C3015
:1090A0000FF027FD28460DF0C8FA0A4A04F17C03A8
:1090B000D3E8EF1FC3E8E02F0028F9D14FF0FF33CA
:1090C0008034D4E8EF2FC4E8E13F0029F9D138BD5E
:1090D000496A02009021002038B5134B05461B78E1
:1090E000E3B101F00F042846FFF76CFD0F4B032896
:1090F0001B780CBF04F00B0444F0040405F5B670B3
:10910000D0E8EF2F013203D1C0E8E13F0029F7D1C9
:10911000D0E8AF3F2BB144F0010038BD01F00704A7
:10912000E1E704F0FE00F8E754380020630900206E
:10913000F8B50D460446D0F8EC70FFF72DFDED684C
:10914000EB78102B01D00620F8BDD7F8A430002B07
:1091500073D0261D0F2130460DF0B5F820B92046FA
:10916000FFF782FD002871D1012363722B6820462E
:10917000C4F80A30AB88E38102232374A978FFF78F
:10918000ABFFE0742046FFF71DFD102360742375CC
:109190002B7903F0030363756B7903F00103A37567
:1091A000E37C1A0754D4052130460DF08CF80028D2
:1091B0005CD0574B1B78A374E37C980606D5AB783C
:1091C000990603D5142130460DF0C5F8E37CDA0783
:1091D0004ED5AB78DB074BD50D2130460DF0BBF8F3
:1091E000A37D032184F8E830637D304684F8E930BC
:1091F0000DF0B1F8237BE17C2D7803EA0102100722
:1092000004D5E27AA07C0243D20735D4042D35D8A8
:109210000B4313F0040307D02046FFF7D3FC3D4B6C
:1092200005EB85052B441B5C23722046D7F8A41060
:109230000DF04FF820BB032086E7387A07F1700164
:1092400000F07EFBC7F8A400002882D108207BE74D
:10925000AB781B07A7D5052130460DF07CF8637D60
:1092600003F0020363750023A3759CE72A4BA1E773
:1092700000236375A375B3E70523D5E70023D3E780
:10928000D4F8EC309B7A032B33D022D8013B012B4E
:10929000DCD8052130460DF016F80028CBD00C2183
:1092A00020460DF058F80221FFF7FAFC0546002889
:1092B000CCD006210C300AF099FCD4F811302946A4
:1092C0000360B4F8153083802046FFF79FFC002030
:1092D0003AE7042BBAD1237D627B934228BF134621
:1092E000102B7FF430AF052130460CF0ECFF002846
:1092F000A1D0237A002B9ED0052130460CF0E3FF4D
:109300000028C6D1237A013B012BC2D893E700BFC6
:109310005638002090E502005538002073B51E4EE7
:109320000546336833BB4FF0FF324FF0FF331B4825
:1093300003F02CFE1A48FCF7DBFB044640B110F1A9
:10934000780F05D0154803F093FE204602B070BD9B
:1093500012490023134A01F1140004F0F1F9044604
:109360000028F2D10D4803F083FE336813B96FF083
:109370000A04EAE71021284602F05AFA04460028B7
:10938000E3D1316805F1100300932A4603460846ED
:109390000DF0D1FC0446D8E7E03000206C07002037
:1093A000880700201C4E0E002DE9F041C7780446C6
:1093B000012F04D06FF015042046BDE8F0810CF0B9
:1093C0007BFF0546002800F0A980061D04213046D9
:1093D0000CF079FF002840F0A480032130460CF007
:1093E00072FF10B16FF00F04E6E7394630460CF01B
:1093F0006AFF0028F6D12846FFF7CEFBD5F8EC30FF
:1094000007469B7A032B40D030D8013B012B46D92D
:109410000F21201D0CF057FF0028CBD1D4F8A40059
:1094200090B904F170073A462020217A00F0D2FA70
:10943000C4F8A40040B93A460420217A00F0CAFAE0
:10944000C4F8A4000028B5D0438A13F0240FB1D08B
:10945000A27A022A23D9417CC907ABD5032A1ED0A0
:109460009B06A7D5037C102BA4D118E0042BCFD1E9
:109470002846FFF7A7FB032804D1002FC8D0FB68BC
:10948000002BC5D0284B1B7807E02846FFF79AFB36
:10949000032804D1002FBBD0FB68002BB8D0D4F830
:1094A000A4303BB12846FFF7DFFB044670B16FF0F4
:1094B000680481E7207A04F1700100F041FAC4F8F1
:1094C000A4000028EED16FF00B0475E70B212846AD
:1094D000FFF7E6FB07460028E9D001210C300AF02F
:1094E00085FB092180462846FFF7F6FD23462246E4
:1094F00088F80000394605F1EC000BF0BCFC04468E
:1095000018B13846FAF754FA56E730460F210CF0F6
:1095100022FF012128460CF01EFF4DE76FF07F046B
:109520004AE76FF0040447E754380020F8B5D0F854
:10953000EC400546D4F8A430061D002B74D079BB4E
:109540000D2130460CF0BFFE074620B1D4F8A40030
:1095500008B10DF0D0FB374B1B6823B153F80C69F1
:1095600006B10C3E73B928460DF067F8637B072BF4
:109570005ED1627AA37A9A425AD02046BDE8F8407A
:10958000FFF712BF1B6813B13946204698472EB12A
:10959000F26802B10C3A33461646E3E73246FAE780
:1095A0000139C9B20E2998BF234A1B7C8CBF0927F9
:1095B000575C002B31D1D4F8A4000DF0F7FA00234A
:1095C000C4F8A430022130460CF07DFE48B9072FC4
:1095D00094BF1A4B1F213A46204698BFD95DFCF72D
:1095E000C3FF032130460CF06EFE0028BBD0114BA8
:1095F0001B68002BB7D053F80C6906B10C3E002B4A
:10960000B1D05B6813B139462046984776B1F2680D
:1096100002B10C3A33461646F1E7022130460CF00F
:1096200052FE0028C7D1CDE70927CBE73246F1E744
:10963000F8BD00BFD82F002081E5020070E50200D0
:10964000104B10B5044618604FF0FF324FF0FF3357
:109650000D4803F09BFC0D4804F03AF80A4803F06B
:1096600007FD04B910BD0A4CD4E8AF3F5B06F9D53D
:10967000201FFFF71DFC0028F4D00821201F0DF04B
:109680008BF8EFE7E03000206C0700208007002017
:10969000942100202DE9F0410B8A04460E46B3B315
:1096A000012106F10C000AF0DBFAA4F1EC05E83C1C
:1096B0000746042120460CF006FE40BB39780E29EF
:1096C00025D8DFF8508058F8313023B907212846D3
:1096D0000DF062F81BE028460CF09CFF30B9032126
:1096E00020460CF0F0FD90B10821F0E73B78318A7C
:1096F00008EBC3021279914201D00A21E7E7314613
:10970000284658F83330984701460028DFD100201A
:10971000BDE8F0819CBF02002DE9FF4190F8E930DF
:10972000CF6823F0020380F8E9303B780446D0F894
:10973000EC6023B1BB7903F0C003C02B73D106F1F9
:10974000700807223946404611F09BF888B1394627
:10975000307A00F097F9054658B1014620460CF0E2
:10976000B8FD18B9082004B0BDE8F08128460DF016
:109770001DFA0D21201D0CF0A6FD00283FD0424609
:109780000220317A0DF0FEF905460028EAD0F37880
:10979000002B41D106F17E031878012827D19A7950
:1097A00002F0C002402A22D1D3F80120C5F83E20A1
:1097B000B3F80530A5F8423096F87030BBB196F892
:1097C000763003F0C003C02B11D0194901AACDE9AE
:1097D00001870395FCF710FC3B683046C5F8013063
:1097E000BB88A5F80530BB79EB71FCF78DFE002135
:1097F0002846FBF743F9C0B92846FBF751F994F81E
:10980000E9305B0703D50A2120460CF0A4FDB4F82B
:10981000E81021B10020A6E706F17703BCE7204657
:10982000FFF784FEF6E70A209DE703209BE700BFD1
:10983000716602002DE9F0410546A0F1E8060446F4
:109840000F463046012155F8EC890CF0E3FE002864
:109850005BD0DFB1032130460CF035FD002854D039
:109860003846FAF7C5FD0138C0B208288CBF00247D
:109870002B4B4FF0020198BF1C5C30460CF06BFD87
:1098800021462846BDE8F041FFF750BE98F80B305E
:10989000002B3AD0032130460CF015FD20B92846A4
:1098A000BDE8F0410CF0C9BE052130460CF00BFDBF
:1098B000B8B114F8043C1F0707D514F8033C180787
:1098C00003D5112130460CF046FD14F8043C23F07A
:1098D000080304F8043C14F8033C23F0080304F8DC
:1098E000033C14F8033CD90711D5062128460CF097
:1098F00032FD022130460CF02EFD2368D3F8A4304F
:109900001BB134F8041C0029BBD0BDE8F0819A07D4
:1099100001D50821EAE75B07EBD50A21E6E700BF9E
:1099200078E50200012208B5034B04481A70FCF7E1
:10993000DFF8002008BD00BF543800208807002051
:1099400070B5054611480C4603780126AB4204D198
:109950000722304410F095FFA0B12EB107220C4928
:109960000C4810F08EFF78B9084A134603F8015BE3
:109970002168C2F80110A1889980A179997140F2FB
:109980001123D360014870BD0020FCE7E4300020C3
:10999000B9E40200E5300020F8B5164604460D464D
:1099A0000022064F7B8A234002B1F8BD002BFCD079
:1099B00031463846A8470122F4E700BFE4300020D2
:1099C00008B5002202200249FFF7E6FF002008BD8B
:1099D000776B020070B50B4C0D46638A114603404D
:1099E0004FF00006227808D0AA4204D10722601C5A
:1099F00010F047FF18B1304600E0184670BD204611
:109A0000FCE700BFE4300020F8B50B780646012BD8
:109A10000C4601D00020F8BD8B7903F0C003402B29
:109A2000F8D1154D002329466F8A11F83E2BBF0748
:109A300004F1010006D5B24204D1062210F021FF44
:109A4000B8B10023002BE5D16B8A9B07E2D52B78B8
:109A5000B342DFD1661C314608480AF036F90028C7
:109A6000D8D0D4F80130C5F83E30B4F80520044B06
:109A70009A800148CFE700BFE43000201231002077
:109A80002231002010B5074C2378834208D10722E9
:109A9000601C10F0F6FE00280CBF2046002010BD10
:109AA0000020FCE7E43000202DE9F043844689469D
:109AB00016462F4C9BB01D46DDE923870CAB04F105
:109AC000300E1A4620686168083403C27445134694
:109AD000F7D1206861461060227904A81A7120220B
:109AE0000DF011F96B462022224804A900F072F80B
:109AF0000446C0BB102249460DF135000DF003F9B4
:109B0000102231460DF145000DF0FDF8294611F8FF
:109B1000013B06220DF156008DF855300DF0F3F89B
:109B20002299062211F8013B0DF15D008DF85C30A1
:109B30000DF0E9F84346352268460CA900F04AF8D2
:109B4000044680B940460DF0E8F8012335228DF82F
:109B5000303068463B460CA900F03CF8044610B98A
:109B600038460DF0DAF820461BB0BDE8F08300BFA0
:109B7000AEBA0200A9E5020070B50E461D461446B5
:109B800098B00146202204A80DF0BDF820223146ED
:109B90000CA80DF0B8F81022294614A80DF0B3F85F
:109BA0001022214668460DF0AEF86B4650226846FA
:109BB00004A900F00FF840B9039B054A1BBAB3FB98
:109BC000F2F102FB11331C9A136018B070BD00BF94
:109BD00040420F002DE9F0418EB007460C46154675
:109BE0000021182208A81E4610F03CFE4FF4105326
:109BF000ADF81C308023ADF81E304FF44063DFF821
:109C000044801022CDE90938394605AB07A805F094
:109C100071F820B16FF004000EB0BDE8F08106AB22
:109C20000293102322464146CDE9006305982B4656
:109C30000FF07CFC0446059805F010F82043EBD0AB
:109C4000E8E700BF0002C00310B5094C0A44914286
:109C500000D110BD11F8013B58400309E35C00013D
:109C6000C0B243401809205C1B01DBB25840EEE74C
:109C7000B9E502000122024BC3F80424704700BF7B
:109C8000002008E0084B70B5C31A0D4607499B1029
:109C900004465943402206480DF0CBF82B460146B6
:109CA0002046BDE8704018473C310020B76DDBB658
:109CB00064AA0200402373B50B4C0093041B0B46AF
:109CC0000D460A49A41061430646094A09480DF0A9
:109CD000DBF8014628B130462B4602B0BDE87040A3
:109CE000184702B070BD00BF3C310020B76DDBB635
:109CF000F76E020064AA0200F8B5002201210546B1
:109D000040F20510F9F748FA0F4801F0D7FE044673
:109D1000B8B90EF041F82F690C49384608F028F917
:109D2000031E09DB01263E642D69084905F11C006C
:109D300008F01EF9031E02DA1C462046F8BDEE6448
:109D4000FBE76FF00404F8E7799E010014C00200FD
:109D50001FB5002201236C46CDE902236B46074A5A
:109D6000CDE900440DF0C0F828B943F609520023AC
:109D7000684603F033FA04B010BD00BF096F02005B
:109D800010B5EFF31184402383F31288BFF36F8F74
:109D9000074A136823F00201DB07116002D4012097
:109DA0000DF0F4FF84F31188BFF36F8F10BD00BF77
:109DB0008C3100200C22104B014602FB00330020A6
:109DC00030B4D3E90E529863EFF31180402484F34A
:109DD0001288BFF36F8F1C6C04F0C00444F00204BF
:109DE0001C6480F31188BFF36F8F1DB12B4630BC0C
:109DF0000248184730BC70473C31002064AA02007A
:109E000010B4EFF31180402282F31288BFF36F8FFA
:109E100016490B6843F0020413F001030C6017D0DD
:109E2000134BD3F80C3413F4803311D0EFF31181BA
:109E300082F31288BFF36F8F0E4A136C03F0C003D6
:109E400043F00203136481F31188BFF36F8F012382
:109E500080F31188BFF36F8F1BB1002010BCFFF798
:109E6000A9BF012010BC01F019BE00BF8C31002039
:109E700000E010503C310020022808D0042808D10E
:109E8000044B186C10F0070003D1FFF793BF0120BB
:109E9000FBE770473C3100202DE9F041012280466C
:109EA0003549D1E8EF3FC1E8E02F0028F9D133B9B7
:109EB000324933484B60CB608A6008F06CF808F197
:109EC000FF33012B4BD8B8F1010F06D12D4BD3F83E
:109ED000503403F00303012B41D00EF061FE054620
:109EE00050B1EFF31186402383F31288BFF36F8FD5
:109EF0000125244C244F20E0244B1B78002BF0D06C
:109F00000422204B0646C3F80823F2E74DB330463F
:109F100009F0CDFDD4F8403413F0FF030DD1D4F88F
:109F2000082152B1C4F80831D4F8083120220123A5
:109F3000C4F84034C7F8A0212361D4F84C24D4F8E5
:109F40004C34D203E2D503F00303012B02D0B8F165
:109F5000010FDBD155B186F31188BFF36F8FBDE8D8
:109F6000F081002120200EF0B5FED3E70422054B3E
:109F7000C3F80423F3E700BF383100202831002064
:109F80005831002000E0105000E100E0FC3A0020D1
:109F90000023024A0020C1E90023704700D01700C7
:109FA0000048704730C00200024B0B600123136071
:109FB000704700BF38C0020008B5012205481146AD
:109FC0000EF0C2FC01F0C4FD034B044A0020C3F8AC
:109FD0000C2508BD9031002000B0045080000080A6
:109FE00038B542F201030F4D1446C5F80035A1B152
:109FF00010F02BFCBFF35F8FD5F81834DB0706D4C5
:10A00000C4F308041CB10123AB60BFF35F8F4FF4AE
:10A010000052044BC3F8002538BDFF2110F022FC8C
:10A02000E8E700BF00B00450F0B5051E0F46144627
:10A0300087B033DB1B4B9D4230D8C5F5BE1303F50B
:10A0400080539A422AD8FAB14FF0FF324FF0FF33D3
:10A05000154803F0C3F80DF0A2FE0646B8B101237F
:10A060008DF81430114B4FF4FA50009302AB049466
:10A070000193CDE9027501F073FD684601F076FDAC
:10A080000446094803F076F8204607B0F0BD2246A2
:10A0900039462846FFF7A4FF3446F2E76FF015046F
:10A0A000F2E700BFFFCF17009031002003700200DD
:10A0B00010B50C1E10461A460CDB084B9C4209D802
:10A0C000C4F5BE1404F58054A24203D810F0BDFBC1
:10A0D000002010BD6FF01500FBE700BFFFCF170099
:10A0E0000048704784C0020010B504460069012191
:10A0F0004FF0FF320EF028FC2046BDE81040014929
:10A1000008F0BEBFE77302002DE9F34743680F1E56
:10A1100005461646D3F8289076DBBB184B4573D816
:10A1200047EA0204C4F30B04002C6DD109F01AF8BD
:10A1300000286CDB28460CF0BEFF4FF0FF3A002EE3
:10A1400055D0002C53D12346CDE90044802206216E
:10A1500028460CF0BEFF0446002848D14E4513D1D6
:10A160000346CDE900008022C72128460CF0B1FF4C
:10A1700000260446002C3AD140F21B6200232846F8
:10A180000DF008F80446DAE78046224B5A7882B18F
:10A190000AFA02F137EA01010BD101219140B142E3
:10A1A00007D8B8F1000F1ED098F80110914238BFBF
:10A1B00098460134042C03F10203E7D1B8F1000FF3
:10A1C00013D00023812298F800102846CDE90033EF
:10A1D0003B460CF07EFF012398F801200446934093
:10A1E0001F44F61AC6E79846E3E76FF015042846C1
:10A1F0000CF056FF40F239120023284609F04EF9C0
:10A20000204602B0BDE8F0876FF01504F8E76FF064
:10A210000404F5E7C9E5020070B546680546B06874
:10A22000C0B10DF0F0FF0146A0B9B06801F0E2FE48
:10A230000446A8B902460C49B0680DF0CEFF22468C
:10A240000121DB20F8F7A8FF2246012140F20D1082
:10A25000F8F7A2FF2846BDE87040044908F010BF97
:10A260006FF0040070BD00BFEDA30100C7760200CF
:10A270002DE9F04340F206354768D00648BF4FF05D
:10A28000030C3B7C02EA050558BFC2F3401C87B0B3
:10A2900001F01F06B5F5837F144646EA43168DF894
:10A2A00003C045D00DD8062D44D005D8A5B1022D48
:10A2B00012D06FF0150038E0B5F5807FF9D1012597
:10A2C0000AE040F20222954236D0B5F5407F35D003
:10A2D000B5F5007FEDD10425220331D501237A683D
:10A2E0008B405360B86890BB5F2E06F01F034FEAA7
:10A2F000561175D83C4A52F82120C4F3004102EBB4
:10A300008302D2F8803081F00101C4F3404423F489
:10A31000706344EA410423F00F031C4344EA8C04B5
:10A3200044EA0524C2F88040002007B0BDE8F0836D
:10A330000925D1E70825CFE70625CDE70525CBE799
:10A34000630341BF01237A688B409360CAE73146BB
:10A350000DF102020DF044FF14F4403F80460CD191
:10A360003146B8680DF055FFB8F1000FDCD19DF80B
:10A370000210B86801F076FED6E74FF0000901AB95
:10A38000CDE90199CDE90439CDF80C903146B86892
:10A3900003AA0DF06EFE4845C6DB14F4003314D05A
:10A3A0009DF80330C4F3004484F001048DF80E30AE
:10A3B0008DF80C508DF80D404B463146B86803AA15
:10A3C00001F0A2FD0028CFDAAEE7CDE904330DF1AC
:10A3D000030303933146B86803AA0DF04AFEF1E780
:10A3E000203350F82330FFDE8CC002004209022ADD
:10A3F000034670B503D0012A18D0CAB170BD0E4E05
:10A40000326951680029F9D0012503F01F030C6857
:10A410009D400029F2D08A682A4002D030464B681D
:10A4200098473CB1236821461C46F2E7034EE7E714
:10A43000034EE5E72346F6E7C4AA0200A4AA0200F9
:10A4400084AA0200F0B544681646A068227C01F098
:10A450001F0587B045EA421500286CD0B6F5001FED
:10A4600004D129460DF027FF002055E06268607C8A
:10A47000B6F5800F50624FF0000001AA01905060C5
:10A4800039D1B3F1007F14BF052304238DF80430C4
:10A490000023CDE904230393E3680DF1030723FAB6
:10A4A00001F111F0010139D1B6F1A07F36D105F0EB
:10A4B0001F035F2D4FEA551003F120033ED8214AB8
:10A4C00052F8202052F82330DB0727D43A46294699
:10A4D000A0680DF085FE163018D002972946A068B6
:10A4E00003AA0DF0C6FD002816DB01222946A0684C
:10A4F0000DF091FEB8E7B3F1C06F05D0B3F1007F66
:10A5000014BF01230223C1E70323BFE73946A06834
:10A5100001F0B2FD0028E0DA07B0F0BD3A46294666
:10A52000A0680DF05DFE0028D8D19DF80310A0684A
:10A5300001F098FDD2E76FF08500EDE751F8233088
:10A54000FFDE00BF8CC00200036803F01F025F2B18
:10A5500002604FEA53129ABF024B53F822000020C8
:10A56000704700BFD4C002002DE9F74F15460646DC
:10A570004FF0010800EB8101B14203D1002003B08C
:10A58000BDE8F08F3268C2F3C323082BC2F308047E
:10A5900000F2A0805148C75C40F2FF139C4208BF04
:10A5A0004FF0FF34B2F1D05F4FEA126310D2192B93
:10A5B00012D8DFE803F014233734282F3411111197
:10A5C0001111111111111111111111113A71747729
:10A5D000382B6AD04E2B25D06FF08500CFE7C5F819
:10A5E0000446621C56D001A80194FFF7ADFF019B01
:10A5F0004FF0010908FA03F3436029E0C5F80C465F
:10A600004FF0000A62E04FF00009C5F80046601CF8
:10A6100016D13FE04FF00109C5F80446F7E7C5F849
:10A620000846EDE7C5F81046DBE7C5F860457388D6
:10A63000621C03F001032DD0002BD4D14FF001098F
:10A6400001A80194FFF780FF019B08FA03F38360E0
:10A650004FF0010AD6F800B001A81BF4004F1CBF50
:10A660004FF001094FF0000A0194FFF76DFF019BC5
:10A670001B4C00EB8300D0F88020CBF3412B3B0236
:10A6800043EA8B0343EA0A031440234343EA4903A2
:10A69000C0F8803004366FE7C5F86445C7E7C5F8F1
:10A6A0006845C4E7C5F86C45C1E701A80194FFF708
:10A6B0004BFF4FF0010A019B00EB8300D0F8803084
:10A6C00023F0E04343F08043C0F88030631CE1D0C6
:10A6D000D146BFE76FF0150051E700BFD1E502009A
:10A6E000F0F0FCFF38B5044605690DF019FA014693
:10A6F00070B9012205F1B4000EF026F905F15C00F5
:10A700000DF033F82046BDE83840024908F0B8BCE7
:10A7100038BD00BFA77A02002DE9F04198468B882A
:10A720000F46990406461546046900F189804FF0EA
:10A73000FF324FF0FF3304F16C0002F04FFD27664B
:10A74000002D40F08680C4F890500023C4F8943067
:10A7500004F1A80204F1940104F190000CF0F2FF5E
:10A760000546C4F8A400B8F1000F7AD1C4F8988067
:10A770000023C4F89C3004F1B00204F19C0104F100
:10A7800098000CF0DFFF00231A46D4F894C0C4F8F8
:10A79000AC00C4F88C3062456CD100221146D4F86C
:10A7A0009CE071456ED193422CBFC4F8A030C4F830
:10A7B000A02015B1D4F8A8302BB9002878D0D4F84F
:10A7C000B030002B74D0304608F0CCFC054648BBB6
:10A7D0003946304600F072F80546002864D104F18D
:10A7E0005C08E76504F1B405284602F01DFD30461B
:10A7F00031490DF01CF94FF0FF324FF0FF3328467E
:10A8000002F0ECFC394630460DF012F930460CF0FF
:10A81000F0FF40460CF06DFF054600283BD1BB8899
:10A820009A040AD4E36D13B19B889B0405D40023DA
:10A83000236604F16C0002F09DFC2846BDE8F0811F
:10A84000636F002B7FF473AF236E9F427FF46FAF73
:10A8500076E72B68C4F89030002B3FF476AF6B6836
:10A8600074E7D8F80030C4F89830002B80D0D8F8BE
:10A8700004307EE7D4F8901001EBC2014968013240
:10A880000B4488E7D4F898C00CEBC10CDCF804C08A
:10A890000131624485E710F1740F05D130460DF0A7
:10A8A000FFF840460CF025FF304608F03CFCB9E7C5
:10A8B0006FF01505B6E700BF03790200F0B5056932
:10A8C000034695F828200C468BB00AB3E96A226843
:10A8D00091421DD1296B6268914219D195F84020AF
:10A8E000207D904214D1B5F84410228B91420FD1B3
:10A8F0006A6BA16800286ED0914209D1AA6BE16809
:10A900004A4032F47F4003D1E96B2269914260D022
:10A91000A288110574D412F0090674D102F4FC6106
:10A92000B1F5807F6FD120683A4988426BD9296898
:10A930005868D1F800164F1C0FD012F0020201F037
:10A940001F07DFF8D4C04FEA511149D102295DD861
:10A9500001225CF82110BA408A604FF0FF32039266
:10A96000827F21688DF812208269914294BF0591FF
:10A970000592A288960702F0040139D500290CBF80
:10A9800002210321C2F300128DF819204FF0FF328B
:10A99000079290F820208DF818108DF820200122C1
:10A9A0008DF823208DF8242095F8282012B36946CD
:10A9B00028460DF029FD60B905F12C0304F11C02B5
:10A9C00054F8041B944243F8041BF9D1012385F881
:10A9D00028300BB0F0BD91429AD1A96BE26895E79F
:10A9E000022915D801225CF82110BA404A60B4E768
:10A9F0008908C7E769462846084A0DF0E4FCDAE70B
:10AA00006FF08500E5E76FF01500E2E79260FFDE8A
:10AA10007660FCE747E8010040C10200F9790200D6
:10AA200070B4104CD4E90015501A63EB05064009C8
:10AA300040EAC6602026E0FB0615C4E900150024A4
:10AA400000250949C1E90023084BC3E90045EFF39C
:10AA50001181402383F31288BFF36F8F70BC03F022
:10AA6000A9BB00BF202300200823002018230020BA
:10AA700008B500220121E420F8F78EFB164A0020D9
:10AA8000D2F8183723F44033C2F8183701F03CFCF1
:10AA9000002820DB0120114901F0C2FC00281ADB4C
:10AAA00001F00CFC0E4B20F01F00C3E900010D4B20
:10AAB0000022C3E900014FF0FF304FF0FF310A4B95
:10AAC000C3E90001094B0A49187A01F007FC672223
:10AAD0000020084B1A6008BD00200E5070080020AE
:10AAE00020230020002300200823002068080020E5
:10AAF00021AA0100DC31002008B501F0DFFB064A85
:10AB0000D2E90032C01A054B61EB0201C3E9000132
:10AB1000400940EAC16008BD20230020182300201E
:10AB2000F7B5224B0146224F187A224BD7E900563F
:10AB3000D3E900239E4208BF954211D1B1F1806F45
:10AB40000ED24901012938BF012101224D1946F1D8
:10AB50000006C7E9005603B0BDE8F04001F0E6BCCE
:10AB6000154BDFF858C0D3E90043DCE9002CA418EA
:10AB700043EB0C0C4FF0200E22466346C1FB0E2324
:10AB8000954276EB0301C7E900230DD2291B66EB42
:10AB90000C04C82974F10004B4BF01210021009104
:10ABA00001F08EFC03B0F0BD0021F8E7680800203A
:10ABB0001023002008230020202300201823002039
:10ABC000034630B40C46DA88006802F04002197976
:10ABD000224383689C6984B1130207D50123056968
:10ABE0008B402D682B4218BF82F0C062054BA446F3
:10ABF00030BC134002F0B07260476FF0570030BCB9
:10AC0000704700BF40000006002810B514BF4FF089
:10AC100098644FF4001406482146FFF7D1FF28B985
:10AC20002146BDE810400348FFF7CABF10BD00BF72
:10AC30004CC1020054C102002DE9F3410024264614
:10AC4000124D28682F79D0F81080836801A95B68BD
:10AC5000984700280ED016DB0123B3401C43731C19
:10AC6000022B4FF0010605F10805EAD1204602B09B
:10AC7000BDE8F081019BD8F800205A400123BB4079
:10AC80001A42ECD0E8E70024F0E700BF4CC1020014
:10AC900038B5EFF31185402383F31288BFF36F8F2C
:10ACA0000D4C237893B90D4B984202D00C4B98422F
:10ACB00005D10020FFF7A8FF00220A4B1A700123DC
:10ACC000202223700848002302F0FCFC85F3118841
:10ACD000BFF36F8F38BD00BF6838002084AA020020
:10ACE000A4AA020067380020282300202DE9F041A3
:10ACF0002C4F3B782BB10020FFF786FF00284FD167
:10AD00003870FFF799FF0446274BD3E8EF2FC3E8CD
:10AD1000E14F0029F9D1254BDFF894801A7842BB26
:10AD2000D8F80060A64219D0224B66401B680BB1D0
:10AD3000314698474FF0FF334FF0FF321E4802F084
:10AD400025F91E4B1D6835B1043D2B683146204660
:10AD500098476D68F7E7184802F08AF9C8F800408C
:10AD600054B1BDE8F04140F239120023144802F01A
:10AD7000A9BC00221A70F1E7EFF31186402383F398
:10AD80001288BFF36F8F0F4B1D78012D04D1284619
:10AD90001C70FFF739FF3D7086F31188BFF36F8F8A
:10ADA000BDE8F081673800201032002064090020DF
:10ADB000E431002014320020E8310020FC31002072
:10ADC0002823002068380020054BD3E8AF3F00B1AE
:10ADD0000360044811B102685A400A60036070477A
:10ADE00010320020E03100202C4B70B518602C4848
:10ADF0000DF001FD2B492C480CF0CBFE0446F8B9B0
:10AE000028492A480CF0C5FE0446C8B94FF4001181
:10AE10002548FFF7D5FE044690B94FF400112348AA
:10AE2000FFF7CEFE044658B9214B224A224D53600B
:10AE30004FF40853AE689360F3691BB96FF0570481
:10AE4000204670BD012228461A499847044600282A
:10AE5000F6D1F369002BF1D0012228461549984715
:10AE600004460028ECD1154915480DF042FE012298
:10AE7000144B13481A700023002202F0EFFB214606
:10AE80002046FFF7A1FFFFF7D7FE0F4BD3E8EF2FC8
:10AE9000C3E8E10F0029D3D0F8E700BF1432002047
:10AEA000E8310020100001004CC1020054C1020032
:10AEB00091AC010004320020A4AA0200EDAC010014
:10AEC00028230020683800201032002002460B465C
:10AED000014802F05BB800BF480A0020014802F0B8
:10AEE000C7B800BF480A00201FB500240A220194F9
:10AEF0000294CDF80B400091014601A80FF0D1FC5F
:10AF0000009A01A9074806F059FF074806F056FFC6
:10AF100084F31188BFF36F8F0323184602DF04B058
:10AF200010BD00BFA9E3020057E2020070B506465B
:10AF300088B00D46234824490DF08EFD03A8F1F793
:10AF400052FC22480DF0B0FB002834D0204B01A861
:10AF50000193E6F7A3FA88BB4FF0FF304FF0FF31C3
:10AF6000FFF7B4FF044638B91A491B48E5F7E6FD78
:10AF7000044620B1FFF7B2FF204608B070BD41F68D
:10AF80004C5302A80293E7F7A5FE20B1FFF7A6FFF6
:10AF90006FF08504F0E7012368468DF80030F3F781
:10AFA000FDF80028F2D1FFF799FF33690B481D60C7
:10AFB000F8F794FFE0E76FF01204DDE76FF0150497
:10AFC000DAE700BF1C320020617C0200E4AA020024
:10AFD000F5B00100582300200DB10100C9B00100F7
:10AFE00030B5344885B0E5F74BFC044600285BD10A
:10AFF000E5F7E6FDE5F7F0FDF1F7F7FBF1F7F7FB15
:10B00000F1F7F9FBF1F7F5FBF1F7F5FBF1F7F5FBDC
:10B010000121204601AA8DF80440E5F791FC0028A3
:10B0200041DB01250221204601AA8DF80450E5F7F5
:10B0300087FC002837DB08230721204601AAADF84A
:10B040000430E5F77DFC00282DDB4FF0451301931C
:10B0500040F203230321204601AAADF80830E5F7AA
:10B060006FFC00281FDB0421204601AA8DF8045044
:10B07000E5F766FC002816DB1F230621204601AAFF
:10B08000ADF80430E5F75CFC00280CDB40F27E7381
:10B0900098420CD984F31188BFF36F8F04231846AC
:10B0A00002DF6FF00B000446204605B030BD20469D
:10B0B000F9E700BFE9AE0100014902480DF0E8BC24
:10B0C0001C320020D82A0020094B93F84A30042B68
:10B0D00002D1810709D47047022B02D1020704D4A0
:10B0E0007047082B03D1830601D5FFF7E5BF7047F2
:10B0F0006938002010B403460A46034881680C688A
:10B100001946234610BC1847E4AA020070B53B4C10
:10B1100094F84A3023B394F84A30042B42D1207873
:10B120003E2831D1A378022B2CD00D2B2CD1E378E3
:10B13000012B29D1A588C5F30015637802334A2B6A
:10B1400053D8002200232946F8F7D2FE0646E8B974
:10B15000BDB1002384F84A30BDE87040FFF7ACBFB2
:10B160004FF0FF304FF0FF31FFF7B0FE48B92046F7
:10B1700004F14A0100F046FB0546FFF7AFFE002D43
:10B18000C9D070BD0125D8E70025D6E762781B49F4
:10B1900002320C3008F030FD3146194B1B6819485B
:10B1A0009847D6E7022B14D1002200230820F8F795
:10B1B0007DFE05460028E4D0628804324A2A14D86D
:10B1C0000E4905F10C0008F017FD0D4B29461B68D0
:10B1D000E5E7082BBDD1002200232020F8F766FE0A
:10B1E000628805460028E8D1CBE7002383F3118865
:10B1F000BFF36F8F0423184602DFAAE769380020E7
:10B200001832002004AB02002DE9F341A34C07469D
:10B210002678002E40F0F38204238DF80730A04BEF
:10B220000588D3F80080B8F1000F19D1B5F5105F8B
:10B230004FEA95230FD2002B5BD0013B072B00F286
:10B24000A382DFE813F02A00A10242008500A102D8
:10B25000A102A102C3003F2B00F00A82012045E2B7
:10B260000DF106030DF10702611CC0470128DDD076
:10B270009DF8063013B9012840F0B7820F236370A0
:10B280000423A3700123E0702371A4F80550012367
:10B290000020237002B0BDE8F081384640F206423B
:10B2A00030F9033B93420AD040F21D42934209D049
:10B2B000012040F206439D4240F00C8170E2E7F726
:10B2C000CFFAF6E7E7F780FBF3E7384640F663424C
:10B2D00030F9033B93422FD00DDC40F603429342FA
:10B2E0001ED040F62D4293421DD040F601429342BB
:10B2F00012D0012012E040F67B4293421FD040F66C
:10B300007C429342F5D19DF80730664902338DF8AF
:10B310000730F2F7CDFE01E0E5F79CFC01263FE2A5
:10B32000F1F758FAFAE79DF807305E4903338DF8D4
:10B330000730F2F784FAF1E7E5F79EFCEEE79DF8B7
:10B340000730584904338DF80730F2F78EFEE5E7F1
:10B350003B88A3F58053013B082B00F21582DFE800
:10B3600013F0090012001C0013021302130213024F
:10B3700013022C009DF807304A4808338DF8073037
:10B38000F2F74BFACAE79DF80730464840338DF88C
:10B3900007300CF067FC0020C0E700229DF8073062
:10B3A00008338DF807303F4B1A605A60E37A23F078
:10B3B000600343F06003E372EDE79DF8073039481E
:10B3C00006338DF80730F2F76FFAA7E7384642F2F6
:10B3D0004E0130F8033B1AB28A4257DCB2F5005FE7
:10B3E00059DDA3F50053013B4D2B54D8DFE813F092
:10B3F0005C007800810053008A008D0053009000AB
:10B400009300960053005300530053005300530021
:10B41000530053005300990053009C009F00A80064
:10B420005300B100BA00C30053005300530053004F
:10B430005300CE005300D70053005300DA00DD0064
:10B44000E000E30053005300EC00EF00F200FB00CB
:10B4500004010701530053000A0116011F012201D4
:10B4600025012801530031015300530053005300BC
:10B470005300530053005300530053005300530034
:10B48000530053003401530053003D0142F27F0347
:10B490009A4200F0BA80012008E000BFB4380020D2
:10B4A0002C320020BB380020E5F7F0FB42F26403A9
:10B4B0009D4200F0758142F264039D4200F28A8150
:10B4C00042F219039D4200F2778142F20C039D4241
:10B4D00000F26B8140F21D439D427FF41FAF5FE19C
:10B4E0009DF80730B94803338DF80730E7F7AEF918
:10B4F000DCE79DF80730B54808338DF80730F2F7E0
:10B500003CFBD3E7F2F7EDF9D0E7E7F773FBCDE7C4
:10B51000F2F727FDCAE7F2F71AFCC7E7F2F764FD76
:10B52000C4E7F2F7C4FAC1E7F2F717FBBEE79DF8EC
:10B530000730A64910338DF80730F2F7ACF9B5E7BC
:10B540009DF80730A14808338DF80730F2F771F9FC
:10B55000ACE79DF807309D4902338DF80730F2F7CC
:10B5600064FDA3E79DF80730984902338DF8073052
:10B57000F2F76CFD9AE79DF80730002008338DF84C
:10B5800007308F23E371C023E3728FE79DF8073004
:10B590008E4902338DF80730F2F7B3F986E7E7F703
:10B5A000CFF983E7F2F7D1F880E7F2F7F1F87DE71A
:10B5B000F2F721F97AE79DF80730844801338DF8D6
:10B5C0000730F2F726F971E7F2F705F96EE7F2F7BF
:10B5D000F9F86BE79DF807307C4808338DF80730A1
:10B5E000F2F7C3F962E79DF80730784904338DF824
:10B5F0000730F2F7E2F959E7E7F7BAF956E7F2F759
:10B600001BFA53E7F2F78EFC50E79DF807306F49BD
:10B6100001338DF80730F2F7B8FA47E79DF80730A5
:10B620006A4901338DF80730F2F7E2FA3EE7F2F7A4
:10B63000BDFC3BE7F2F713FC38E7F2F738FC35E7DF
:10B640009DF80730614802338DF80730F2F725FC8A
:10B650002CE7F2F7FAFA29E79DF807305B48023346
:10B660008DF80730F2F706F920E7F2F78FF91DE7BA
:10B6700038464FF60C5230F8033B934222D84FF62F
:10B680000252934212D803F2FF3292B20A2A3FF6D4
:10B69000E5ADA3F57C43013B0A2B75D8DFE803F049
:10B6A0001E2C747474537474414A5600A3F57D4380
:10B6B000033B092B68D8DFE803F0526755676767DB
:10B6C0005867675B4FF61452934254D04FF61652A8
:10B6D00093427FF4C3ADE7F705FB07E09DF8073021
:10B6E0003A480C338DF80730F1F789F84FF60252DB
:10B6F00025F008039342F0E600209DF80730403320
:10B700008DF80730314B1880E37923F0230343F0A1
:10B710002303E371237A23F0070343F00703237223
:10B72000E4E79DF80730294817338DF80730F1F723
:10B7300081F8DBE79DF80730244820338DF8073087
:10B74000F1F79CF8D2E7F1F773F8CFE79DF80730EF
:10B750001E4801338DF80730F1F7ADF8C6E7F2F770
:10B760001DFDC3E7E7F7B6FAC0E7F1F7BAF8BDE7A2
:10B77000F2F7FDFCBAE79DF80730144904338DF861
:10B780000730F1F7B2F8B1E7012094E6A5F50153CF
:10B79000283B0F4A9BB222FA03F3DB077FF5BEADCD
:10B7A00086F001068DF8066062E5A5F500530D3BB5
:10B7B00041F241229BB2EEE742F232039D42EFD0CA
:10B7C000A5F50153033B012BEAD9A7E5BB380020BF
:10B7D0002F80402042F285039D4287D842F26703C2
:10B7E0009D42D3D842F2660376E69DF807300E22DA
:10B7F000A37001236270E370A580A07147E54FF04C
:10B80000FF3047E538B5094C0D4623781BB9BDE834
:10B810003840F1F7FDB9A278611C02320FF015F83B
:10B820000020042320702B7038BD00BFB4380020E6
:10B8300070B505460E46084C20460CF035FF38B171
:10B84000A36829462046B2B21B68BDE8704018477D
:10B850006FF0120070BD00BFE4AA02004FF4007147
:10B86000014802F0C7BE00BFFC3800201FB500240D
:10B870000A2201940294CDF80B400091014601A8E0
:10B880000FF00FF8009A01A9074806F097FA074849
:10B8900006F094FA84F31188BFF36F8F03231846E0
:10B8A00002DF04B010BD00BFDAE3020057E202007D
:10B8B000322337B50125ADF8043000231C2168463A
:10B8C000134A8DF80630ADF800508DF80230F0F7CD
:10B8D000E5FC0446C8B90BF01EFB80B2EFF798F9FF
:10B8E00029460C48F5F722FB044670B901462A4662
:10B8F0008520F7F751FC2A462146E520F7F74CFC56
:10B900002A4621468A20F7F747FC204603B030BD7F
:10B910006DB8010034320020014902480DF0B8B87A
:10B9200098320020D82A00200122054B05491A63CD
:10B93000A3F54323D3F818050860C3F8182570470A
:10B9400000E01050943200200122044B5A63044B53
:10B950001A68044BC3F81825704700BF00E0105068
:10B960009432002000B00450684620F007018D4654
:10B9700001B5044801F002FEF7F78EFCBDE8014076
:10B98000854670477408002070B5374C86B006466F
:10B9900004226946204606F0A7FB042805464ED13E
:10B9A00020469DF8002002A906F09EFB9DF800307D
:10B9B000834244D19DF80130DA0719D42A46204643
:10B9C00001A906F091FB042839D10025274B0199E4
:10B9D0001B6802A898479DF80130DB0736D46289BE
:10B9E000E3889A4202D0304601F0C8FD06B070BD2F
:10B9F0002146E38831F80A2FBDF802509B1A9BB20A
:10BA0000AB4228BF2B46204601AA06F02DFB8542FB
:10BA1000DBD90022204604F10A0106F04CFB70B984
:10BA2000284602F07DFC0146019040B12A4620469E
:10BA300006F05AFB854207D901980DF00EFB002352
:10BA4000C4E90133E360D1E70125BFE71DB10198E7
:10BA50000DF003FBC3E70649BDF80220A1F10A007F
:10BA600006F029FBBBE700BF84080020A8320020B5
:10BA70008E08002028B1022806D10420034B1B6841
:10BA80001847024B1B68FBE7704700BFAC32002031
:10BA9000014B02201B681847AC32002028B1012856
:10BAA00007D100200349EEF7C3BF034B02201B68F8
:10BAB0001847704775BA0100AC320020014B18607E
:10BAC00000207047AC32002010B51D48D0E8AF3FD1
:10BAD00023B9062904D8042926D839B1002010BD7D
:10BAE0000729FBD1383801F045FBF7E750F8203C37
:10BAF000A0F13804D3E900209047012808D0114B69
:10BB0000984203D00223606384F82C300E48E6E7A5
:10BB100042F21073A362032384F82C3004F11C0357
:10BB200084F821002363F1E700F8173C074BA0F1EC
:10BB30001C0140F8103C3838007CF5F738FACDE7A6
:10BB4000E83200201F646602DC320020FF3F420F13
:10BB50000122002101480CF0F7BE00BFB0320020E6
:10BB6000014B5861704700BFB032002038B54FF02C
:10BB7000FF3105464FF0FF30FFF7A8F929492A4861
:10BB8000F0F7CEFA0446FFF7A9F9002C46DB40F2A5
:10BB90000113264C002223846369A5616433636228
:10BBA00042F21073A3626FF073032277636304F1B0
:10BBB0003805D5E8EF3FC5E8E12F0029F9D14FF06E
:10BBC000FF314FF0FF30FFF781F904F11C01207CB9
:10BBD000F5F7EDF9FFF782F900232046144A01F04A
:10BBE000FDFA00282B4606DA0122D3E8EF1FC3E84E
:10BBF000E02F0028F9D14FF0FF314FF0FF30FFF771
:10BC000065F9207CF5F7B5F9FFF768F9D5E8AF3F9E
:10BC100013B1064801F008FB606B38BD6FF00B00F4
:10BC2000FBE700BFC0320020C9BA0100B0320020DB
:10BC30000E720B00064BD3F840231C2A05D1D3F813
:10BC40004403431E5842584170470020704700BFCC
:10BC500000C0FF0003689A070CD50368DB070DD509
:10BC60000922074BC3F80C250F22C3F80425012233
:10BC70001A60FEE7034B0360EF3B0360704700BFB1
:10BC800000801050F000FA5008B50123404A4148A6
:10BC9000C2F80038404AD2F840231C2A04BF3F4A69
:10BCA000C2F80C34FFF7D6FF0830FFF7D3FF083097
:10BCB000FFF7D0FF0830FFF7CDFF00F5F470FFF776
:10BCC000C9FF374AD2F88C3043F44063C2F88C3055
:10BCD0000022D30003F57F0303F54043D3F800149B
:10BCE00001310AD0D3F8001439B1D3F8001401326D
:10BCF000D3F80434402A0B60EBD1254BD3F8402411
:10BD0000002A41D0FFF796FF48B1234BD3F83423E4
:10BD1000244B9A429EBF1E4B234AC3F84026FFF78E
:10BD200089FF18B1214B224AC3F8AC27FFF782FFE5
:10BD300048B13422164BC3F82426D3F83C2622F40B
:10BD40000022C3F83C261B4B1549D3F80026D20726
:10BD500044BF6FF00102C3F80026174BD3F8182533
:10BD600022F00302C3F81825D3F8182542F0030285
:10BD7000C3F81825D1F88C2042F44062C1F88C2019
:10BD80000022C3F8A02508BDC822C3F84024B9E7A3
:10BD90000000125000C50D5000C0FF0000300550DB
:10BDA00000ED00E0001D0A1840E0A91E00A00850A8
:10BDB00078000A0400E0105000B004500D4B000160
:10BDC000034452B1D3F808250A43C3F80825D3F831
:10BDD0000C251143C3F80C157047D3F8082522EA47
:10BDE0000102C3F80825D3F80C2522EA0102C3F8A2
:10BDF0000C25704700F00C50014B0CF017B800BF39
:10BE0000BDBD0100036803F01F025F2B02604FEA13
:10BE100053129ABF024B53F822000020704700BF14
:10BE200068C10200034A4309D35C00F01F001844B4
:10BE3000C0B27047DAE50200F0B50646002487B0CC
:10BE4000114F019117F8012B06AB03EBD20313F846
:10BE5000143C02F00702D34013F0010306D1013471
:10BE6000032CEFD10023184607B0F0BD074A03ADFD
:10BE700007CA85E8070055F824100A6A46F8242006
:10BE80000A62002AEBD0EEE7EAE50200D0B5020034
:10BE9000F7B504460846FFF7C5FF04EB4006B38A32
:10BEA0000D46DB072AD520460CF0C1F8294620466E
:10BEB0000CF02EF850B120460CF040F80023276813
:10BEC00007EB8000C0F81035C0F810352946204631
:10BED0000CF05DF8002101A8B1820195FFF792FFF7
:10BEE000019B00EB8300D0F88020064B134043F009
:10BEF0000203C0F88030084603B0F0BD6FF01500B3
:10BF0000FAE700BFF0F0FCFF2DE9F043044685B0EE
:10BF1000084615461F46FFF785FF0E46804625B3A7
:10BF200020460CF000F818B920460BF0F1FF18BBC2
:10BF300004EB4809B9F8143003F01C0313B16B7813
:10BF4000012B19D001238DF80F3000233046CDE9A5
:10BF500000536A1CAB1C0DF10F010BF081FFB9F807
:10BF6000143043F00303A9F81430002F3ED03146BB
:10BF700020460BF0D8FF20B96FF0150005B0BDE8E2
:10BF8000F0830022397823684FEA810C03EB8103A8
:10BF9000C3F81025C3F8102504EB4802938A23F454
:10BFA000604323F0200393827D78FDB12468B87844
:10BFB0006444D4F810750E4B2D043B40C4F8103582
:10BFC00041F6F07305F4403503EA06130005D4F892
:10BFD00010752B4300F4801003433B43C4F8103525
:10BFE000938A43EA413343F0200393820020C5E75C
:10BFF0000FE0ECFF70B590F87440054690F875605E
:10C0000044BB4622214614300EF02CFC2146134A34
:10C010002B6852F836608E4212D1002440F20D1087
:10C02000C3F84441D3F844210D4A934208BFDB20B2
:10C03000F7F790F80123204685F874302B6670BD21
:10C04000CAB2920002F58070442A04BF1C501A58EC
:10C050000131E0E76FF07700F1E700BF74C1020043
:10C0600000A00D5090F87500024B03EB80000BF020
:10C07000C4BE00BF9C08002010B5064B90F87500A8
:10C080000C4603EB80000BF09EFE0028A4BF20703E
:10C09000002010BD9C0800202DE9F04F804658F884
:10C0A00004BB90F87540DBF814136A4BC9B253F81F
:10C0B000342007468BB0584641F400310BF090FF16
:10C0C0008203054639D50023CDE907330993614B37
:10C0D000E60003EBC404636807A819460093FFF762
:10C0E000ABFE331D03934FF0000A5B4B0DF11C09AF
:10C0F0000293029A574912F8013B0292039A02EB0B
:10C10000D3028A5C03F0070322FA03F3DB071AD495
:10C110000AF1010ABAF1030F09F10409E9D14FF458
:10C120000031002258460BF05BFF009907A8FFF78B
:10C1300083FE0028D7D125F400350124002D73D1CA
:10C140000BB0BDE8F08F454B53440493D9F8006021
:10C15000002EDDD096FAA6F6B6FA86F6049B1C7879
:10C1600046EA44142046FFF75DFE07EB4000818A53
:10C17000F208C1F3820305930193012319F8020029
:10C1800006F0070603FA06F620EA060009F80200A0
:10C1900006A80694FFF736FE069A11F0100F02F17A
:10C1A000200250F82260059BC6F3014623D040468A
:10C1B000019A21460BF0CCFE06A80694FFF722FE5A
:10C1C000069BF6B2203350F82330C3F301439E425E
:10C1D00007D1002120460BF08CFE314620460BF0A3
:10C1E00088FE06A80694FFF70DFE0122069B02FAC0
:10C1F00003F30362AAE7022E14BF022103212046A3
:10C2000005930BF076FE059B032B03D0022E07D17E
:10C21000012BE6D121464046019A0BF099FEE0E75A
:10C22000032EDED1022BF4E795FAA5F3B3FA83F3DC
:10C2300004FA03F225EA020503F5A2725BF8222054
:10C2400007EB43034046B3F86410C2F301420BF01E
:10C250007FFE73E774C10200EAE50200EAE502002E
:10C260000123034A03FA00F0936803439360704785
:10C270009004002073B504460191EFF3118640232A
:10C2800083F31288BFF36F8F0B4D019B6A6801A87F
:10C29000134001930BF097FD002807DB01226B6828
:10C2A000824023EA02036B602070002086F311882D
:10C2B000BFF36F8F02B070BD900400204FF0FF32CB
:10C2C0006FF0404330B5044CD4E90001824273EB77
:10C2D0000105F9D330BD00BF40270E5030B50C2505
:10C2E000074B1C1894F8544005FB0433C3E90312B0
:10C2F00018750123034A8340C2F8243330BD00BFC0
:10C300009004002000200E50F8B53E4C2278002A00
:10C3100072D13D4BD3F8101521F00201C3F810156E
:10C32000D3F8101541F00101C3F810150521C3F829
:10C33000A4160421C3F8AC160723672101F00100FD
:10C340000244013BD2B24FEA5101F7D1052A56D13E
:10C3500019464FF0010C2B4E00256720CFB204E0A8
:10C360000CFA02F220EA0200013590FAA0F25FFA1C
:10C3700085FEBE45B2FA82F2F2D30131327505294B
:10C38000224482F8547006F10C06E5D10121002503
:10C390001E489A0801FA02F212F0670F18BF1D50EA
:10C3A0000433302BF5D1E420F6F7D4FE164B1849B0
:10C3B000D3F8102503F5C07322F00202C3F89023CE
:10C3C00040F6FF72C3F8A82100221A60A3F580701E
:10C3D00004338B420260F8D101250B4B0D4A1D66D8
:10C3E0000D4B5D201B68B3FBF2F358430B4B2B4303
:10C3F000984700202570F8BD6FF07700FBE76FF0DD
:10C400008B00F8E79004002000200E5000210E5011
:10C41000B0210E5040420F009808002000BB0200DF
:10C4200038B5244B0D46D3F8102594073CD4D3F8E7
:10C43000102542F00202C3F81025C0B1D3F84827F6
:10C4400012F0010202BFD3F8481741F00101C3F80E
:10C450004817184BD3F84017D3F844174800F9D4BD
:10C460002AB9D3F8482722F00102C3F84827124B13
:10C47000124A1B68B3FBF2F30E4A03EB4313B3B14A
:10C48000D2F84017D2F8441749000BD44FF0FF31CF
:10C490002846FFF7EFFE044610B92878FFF7E0FEC4
:10C4A000204638BD013BEAE76FF07704F8E76FF00C
:10C4B0007304F5E700200E509808002040420F005A
:10C4C00070B51E461546174A9DF81010131893F8BC
:10C4D00054300C3302EBC30442F833506660C6F3A9
:10C4E00013020401A1B104F1A04404F56224C4F8CC
:10C4F0002055C4F824250C4C80000444236833B133
:10C50000FFF7DCFEA842B14101D20023236070BDD9
:10C5100004F1A04303F56223C3F82055C3F8242592
:10C52000F5E700BF9004002000210E50F0B50E4D3D
:10C530002B1893F8543000010C3355F8334005EBB9
:10C54000C3077E68641800F1A04021F0004146F165
:10C55000000641EAC27100F5622045F833407E6072
:10C56000C0F82815F0BD00BF90040020F7B5284B97
:10C57000284CD3F82C6304F188070EB903B0F0BD42
:10C5800096FAA6F00123B0FA80F08340DA432249FC
:10C5900026EA0306231893F85450830019440C2309
:10C5A00003FB0543DB6873B3D7E8EF3F03EA020CF4
:10C5B000C7E8EECFBEF1000FF6D1C340DB0719D5B7
:10C5C000020102F1A04202F56222D2F82435D2F82B
:10C5D0002025D1F800C0BCF1000FCED04FF0000CE8
:10C5E000C1F800C00C2101FB054529690091E968EB
:10C5F0008847C2E705F10C0304EBC30C54F8332061
:10C60000DCF80430E5E70A68002AB6D00B60B4E72E
:10C6100000200E509004002000210E50034BD3F850
:10C620004003A0F11C0358425841704700C0FF006E
:10C63000034BD3F83C0410F0030018BF01207047EF
:10C6400000600D5030B587B08DF80700FFF7E6FFAA
:10C6500010B11F4B1B7C53BB9DF80730032B05D13A
:10C66000FFF7E6FF0130C0B28DF807009DF80730F4
:10C67000012BD9B21DD0022919D1164D6B7B03F0C5
:10C68000FF02A3B9FFF7CAFF48B10123104C2046AF
:10C690002382A2740BF0C3FF20460BF0BAFF0123E4
:10C6A0006B73022302936B680BB102A8984707B023
:10C6B00030BD084B5A7B002AF9D0074A9160782197
:10C6C000C2F8081300225A7304225B680292EBE757
:10C6D000A4080020EC32002000600D5030B5964BCD
:10C6E00085B0D3F804412CB100220224C3F8042100
:10C6F000D3F80421D3F8082132B10022C3F808216D
:10C70000D3F8083144F004048B4BD3F80C2132B138
:10C710000022C3F80C21D3F80C2144F00804D3F80C
:10C72000102132B10022C3F81021D3F8103144F0A7
:10C730001004814BD3F8142132B10022C3F8142124
:10C74000D3F8142144F02004D3F8182132B1002288
:10C75000C3F81821D3F8183144F04004764BD3F8CD
:10C760001C2132B10022C3F81C21D3F81C2144F053
:10C770008004D3F84C2132B10022C3F84C21D3F805
:10C780004C3144F4002414F040051EBF6A4BD3F82A
:10C790001025D3F8243514F0020306D0664BD3F8E5
:10C7A0000433C3F340035B00DBB2610740F1BF8099
:10C7B000614AD2F80423520740F1B980002B14BF1C
:10C7C00003200120FFF73EFFA0060FD55A4BD3F8F8
:10C7D000043399060AD50023CDE9013303932023BE
:10C7E0000093564B5B680BB1684698473DB3524B7C
:10C7F000D3F80423520622D540220021CDE900219E
:10C80000D3F810250392D3F82425C2F30B02103A73
:10C81000C2F3CC020292D3F828215AB1C3F82811EE
:10C82000D3F82821D3F80C2402F00D0201920D2236
:10C83000C3F80C24414B5B680BB16846984725034D
:10C840002BD53D4BD3F80423100326D50022C3F883
:10C850001821D3F81811C3F82821D3F82811374824
:10C86000C3F80C21D3F80C11C3F81021D3F8101120
:10C870000169C1F31301C3F808150D21C3F80C14A5
:10C880000121C3F804144FF4002300934368CDE959
:10C89000012203920BB16846984721061AD5264B10
:10C8A000D3F80423120615D50022D3F80414CDE9D9
:10C8B000012203928022CD07009207D50122C3F8FE
:10C8C00004241E4B5B680BB16846984701221A4B43
:10C8D000C3F80424200713D5174BD3F804231107FA
:10C8E0000ED5164A52685AB108210091D3F8101596
:10C8F00068460291D3F81C35C3F3C80301939047EF
:10C90000E20612D50C4AD2F80433DB060DD500231B
:10C91000CDE901330393102300931823C2F80833A1
:10C92000064B5B680BB16846984705B030BD002BDD
:10C930003FF44AAF022045E700600D50EC32002082
:10C9400001480BF070BE00BFA4080020044B40EA71
:10C950000120C3F80005D3F80024D207FBD57047A7
:10C9600000B00450036803F01F025F2B02604FEA1F
:10C9700053129ABF024B53F822000020704700BFA9
:10C9800084C1020010B50B4B04680B4A0B4884426B
:10C9900008BF1346B3FBF1F001FB1033834206D20C
:10C9A000C30704D47E288CBF0020012010BD0020C6
:10C9B000FCE700BF0024F4000020A10700A0045001
:10C9C00073B51646421C1C460546069B18D0012925
:10C9D00002D1BBB10BF0C6FC01A80195FFF7C2FF65
:10C9E000019B240200EB8300D0F88020074B44EA2F
:10C9F00086040C4313401C4344EA4101C0F88010F4
:10CA000002B070BD0BF0BAFCE6E700BFF0F0FCFF2F
:10CA10002DE9F04F91F8213005460C4685B0002BEA
:10CA200000F0BA8091F822706A4A29686A4E6B4811
:10CA30006369914208BF064694F82320B6FBF3F6DB
:10CA400095F8223062F3000385F82230227CDBB2B5
:10CA500062F3410385F8223094F82380B8F1000F87
:10CA600034D162695E4B01219A4214BF4FF005092F
:10CA70004FF00F09237E4246012B94BF0023012370
:10CA8000009320684B46FFF79BFFCDF800804B4694
:10CA9000424601216068FFF793FFCDF800804B46C6
:10CAA0004146A27EA068FFF78BFF237C424683F0BD
:10CAB0000103009301214B46E068FFF781FF01214C
:10CAC00000914B464246E069FFF77AFF94F8213027
:10CAD000002B63D04FF0FF336B62637E94F821101C
:10CAE00094F81280207E0393002961D0D4F80CC002
:10CAF000217C94F8249094F820E02B68B9F1000F81
:10CB000012D1D4E901BAD4F81C902268C3F80026E7
:10CB1000C3F804B6C3F808A6C3F80C96C3F810C649
:10CB2000C3F8B815C3F8B075039AC3F8C085003AC6
:10CB300018BF01220228C3F82C653CD003283DD041
:10CB4000012801D142F00202C3F85425C3F8ACE534
:10CB5000244BD3F840331C2B14D1022E31D9237E21
:10CB600013F0FD0F2DD176080136F6B2BE4238BF64
:10CB70003E462B68C3F8B06595F8223043F00403B5
:10CB800085F822306B680BB32868C0F3083005B015
:10CB9000BDE8F04FF6F7DEBA022745E7E3686B62BF
:10CBA000227C95F8223062F3410385F8223094E725
:10CBB0004FF0FF3C9DE742F00402C5E742F0060259
:10CBC000C2E795F8223023F00403D9E705B0BDE8A9
:10CBD000F08F00BF00A004500024F4000020A10743
:10CBE0000048E80100C0FF00431C07B50ED00190CB
:10CBF00001A8FFF7B7FE019B00EB8300D0F880206F
:10CC0000044B134043F00203C0F8803003B05DF8DA
:10CC100004FB00BFF0F0FCFF38B504460068C0F329
:10CC20000830F6F7A5FA636843B12146154A51F872
:10CC3000043BC3F8082320680BF0ACFB2368D3F84F
:10CC40000006D3F80416D3F8085694F82230DB0710
:10CC500014D4FFF7C9FF2846FFF7C6FF0846FFF7C1
:10CC6000C3FF606AFFF7C0FF2368D3F80C06D3F850
:10CC70001016FFF7B9FF0846FFF7B6FF002384F848
:10CC8000203038BD0700F81F38B5EFF31185402379
:10CC900083F31288BFF36F8F064B9C680BF017FD70
:10CCA00085F31188BFF36F8F2046BDE83840F6F753
:10CCB00003BB00BF0433002038B50A4B53F82040B3
:10CCC000013053F82050A54200D838BD606830B11B
:10CCD000037EDB0701D40BF0CAFC0834F3E72368BA
:10CCE0009847FAE790C10200012270B5294B86B03F
:10CCF00003201A70FFF7E0FF0CF0B6F90420FFF7ED
:10CD0000DBFF254C254D2646AE4204F130040FD3FF
:10CD100000F076FF204CAC4226D300F085FFF5F7FB
:10CD200059F91F4A938923F00103938106B070BD1E
:10CD300054F80C3C059354F8103C049354F8143CFC
:10CD4000039354F8183C029354F81C3C019354F894
:10CD5000203C009354E90A2354E90C0100F030FD13
:10CD600054F8303C5E65CEE7D4E90A23B3F1FF3FC7
:10CD700008BFB2F1FF3F05D052EA0301206803D19A
:10CD80000BF0D1FF3034C6E70649183001F082F9C4
:10CD9000F8E700BFFC3A0020FCB30200FCB302003D
:10CDA000682C0020638C0200B82370B5144E86B046
:10CDB00003FB0066134B012205930F23CDE90332D9
:10CDC0000023CDE9013314234FF4A0720E4D0F4917
:10CDD00003FB0055044602FB00110D4B3046009545
:10CDE00000F0EEFC337C2C7423F004033374094B05
:10CDF000013403EBC423EE606B6006B070BD00BF6E
:10CE0000B02B0020F9E3020004330020F85B00207F
:10CE1000D1870200F85300207FB50020FFF74CFFB8
:10CE2000284B03F5006282F3088883F30A88E02325
:10CE3000254C002584F822302023E377257665767B
:10CE4000A57684F82050636A43F4E023636284F893
:10CE50002350F6F7E7F8F6F719FA4FF0FF33A3621D
:10CE6000E362F6F7FFFBF6F799FA184800F03AFD8F
:10CE70000120FFF721FF0220154CFFF71DFF00F0F6
:10CE8000FDFE144B4FF460625C61134B1349059334
:10CE900001232046CDE90353CDE90155104B009500
:10CEA00000F08EFC0646237C204623F00403237406
:10CEB0000BF0B4FE2846FFF777FF31462046084ABC
:10CEC000F6F7C2F9F853002000ED00E0F82D00203D
:10CED000682C002004330020FEE30200385D0020AF
:10CEE000E9CC010038B5064C064DAC4201D3002018
:10CEF00038BD2046D4E901120BF0ECFB1434F4E702
:10CF0000D0090020E409002038B5074C074DAC4299
:10CF100001D3002038BD20460BF000FC08B91C34BA
:10CF2000F5E76FF01500F5E77C090020D009002037
:10CF300073B50C46EFF31181402585F31288BFF3DA
:10CF40006F8FC5685DB125602B68C360836901334D
:10CF50008361002081F31188BFF36F8F11E052EAE3
:10CF6000030603D16FF00B002560F3E7CDE9002342
:10CF70000246083000F0A2FD18B9034B9B685B69BC
:10CF8000236002B070BD00BF043300202DE9F341DF
:10CF9000044617461E46EFF31188402383F3128898
:10CFA000BFF36F8F304BC2689B6872B18068984244
:10CFB00017D057EA060216D188F31188BFF36F8F96
:10CFC0006FF00F0002B0BDE8F08193F90E1001324E
:10CFD0002161C4E9023288F31188BFF36F8F00200A
:10CFE000F0E72169F3E793F90E1090F90E309942BA
:10CFF00030DA9942A8BF19460BF0F5FB05462246E8
:10D000004146CDE90076194800F058FD0028E6D0E9
:10D01000EFF31186402383F31288BFF36F8FA0686C
:10D02000D0B1236821699C420AD04BB193F90E30EC
:10D030009942A8BF19466FF07F039942B8BF1946BD
:10D040000BF0D1FB40B1314608480BF01AFE6FF0EF
:10D050000A00B7E70025D2E7002DF4D186F3118846
:10D06000BFF36F8FF3E700BF04330020FD3A0020C9
:10D07000F8B583680546002B40D0234A9268934256
:10D080003FD1C368012B03D9013BC3600020F8BD29
:10D09000EFF31187402383F31288BFF36F8F016989
:10D0A00080680BF0A0FB2C68A54207D10023C5E9DE
:10D0B000023387F31188BFF36F8FE7E7002CF5D0B9
:10D0C000D4E90032002613605A60237CC4E900666C
:10D0D00023F002032374A66004F118000BF0B1FEE4
:10D0E000AC6094F90E3020462B61C4F8B4600BF0AC
:10D0F00095FD394605480BF0C4FDC7E76FF01500F4
:10D10000C5E74FF0FF30C2E704330020FD3A0020AE
:10D1100037B51146EFF31185402282F31288BFF331
:10D120006F8F04689CB12368426823F00303944224
:10D13000036008BF4360012120460BF0D8FB044682
:10D1400085F31188BFF36F8F204603B030BD51EADD
:10D150000302F5D000F10802CDE90013104629467C
:10D1600000F0ACFC0028EFD1014B9B685C69EBE759
:10D170000433002070B5EFF31186402383F3128847
:10D18000BFF36F8F0468A0421BD0D4B1D4E9003242
:10D19000002513605A60237CC4E9005523F0020384
:10D1A0002374A56004F118000BF04BFE2046C4F870
:10D1B000B4500BF033FD3146BDE8704006480BF02B
:10D1C00060BDD0E902329A4218BF0133836086F312
:10D1D0001188BFF36F8F70BDFD3A002013B5EFF3D8
:10D1E0001181402484F31288BFF36F8F846844B1A7
:10D1F000013C846081F31188BFF36F8F002002B07F
:10D2000010BD52EA030406D181F31188BFF36F8F7A
:10D210006FF00F00F3E7CDE900230246014800F06C
:10D220004DFCECE7FD3A002070B50546EFF31186A2
:10D23000402383F31288BFF36F8F00232C68A5422D
:10D2400019D0C4B1D4E9003213605A600023227CA3
:10D25000C4E9003322F002022274A36004F1180032
:10D260000BF0EFFD6FF00A032046C4F8B4300BF06A
:10D27000D5FC0123E2E70022AA6023B986F31188D6
:10D28000BFF36F8F70BD3146BDE8704001480BF0B1
:10D29000F8BC00BFFD3A002007B5074B4FF4006211
:10D2A000009306494FF0FF33054800F06DF9002068
:10D2B00003B05DF804FB00BFA8C10200386B00207A
:10D2C000202D00202DE9FF4104464027534EEFF367
:10D2D000118887F31288BFF36F8FD4F8BC50F5B96B
:10D2E000022104F1D4000BF03BFB002870D004F1C4
:10D2F000CC050022012128460BF035FD0028F8D18D
:10D3000000234FF0FF3202934FF0FF334146CDE947
:10D310000023434804F1C40200F0DEFDD7E7D4F84F
:10D32000C0202B689542C4F8BC3008BFC4F8C03098
:10D33000D4F8D43043F00203C4F8D430EB6823F0BF
:10D34000040343F00103EB606B6888F31188BFF3BB
:10D350006F8F28469847EFF3118887F31288BFF341
:10D360006F8FEB68D80623F001023ED4EA60EB68C9
:10D370009A0717D5306823F00203EB6090B10021C3
:10D38000036878B1426895423DD10368002934D1E1
:10D3900072683360904200D17360002340F8083B0C
:10D3A000FFF7E8FED4F8D43023F00203C4F8D430F9
:10D3B000DB0530D4D4F8BC30003B18BF012388F320
:10D3C0001188BFF36F8F002B81D000F05FFC7EE7E8
:10D3D000D4F8D430D90693D5C4F8D40088F3118892
:10D3E000BFF36F8F04B0BDE8F08123F01103EB6051
:10D3F00005F11000FFF7BEFEB9E70B6073689842B5
:10D4000008BF7160C9E701461BB11A681846134688
:10D41000B7E71A46FAE70023D1E700BF2833002018
:10D42000FD3A002070B5C3680546C3F340069B076C
:10D430000C460DD50122002104F108000BF084FAFE
:10D4400000232360054B65605A681AB9C3E900449C
:10D45000304670BD14605C60FAE700BF28330020DE
:10D46000F8B5C36804469A070E46C3F3400542D494
:10D470005F0742D40B680BB983680B60E368D80779
:10D4800042BFA36802253360376858BF012557B3F0
:10D490001B4B9A68D7F8B8309A421ED10BF080FB2C
:10D4A00080F00100C0B2D7F8D430D907C3F38002AE
:10D4B0001CD5F2B1F8B100232360D7F8C03073B99E
:10D4C000C7E92F4438460BF066FAE36843F00403DB
:10D4D000E3603368A3602846F8BD0020E3E71C60E2
:10D4E000C7F8C040EEE76FF0150506E06FF01205D3
:10D4F00003E01B07DFD56FF00F0500233360EAE779
:10D5000004330020F8B5C368064603F00503002B7A
:10D510000C4614BF012700271CD08568012200217A
:10D5200004F110000BF010FA204613490BF094FAA6
:10D53000E36843F01003E360F3685B0712D53368D8
:10D5400023606BB9D5F8C03033B9C5E92F442846FC
:10D550000BF021FA3846F8BD1C60C5F8C040F6E76C
:10D560003460F4E7D5F8BC302360D5F8C030C5F896
:10D57000BC40002BEBD1F0E777890200014601485F
:10D580000BF086BA202D0020F0B50446002089B0AB
:10D590000E9DC4E92F0004F1C400C4E9310004F178
:10D5A000CC00C4E9330055B32879002840F20110BB
:10D5B00008BF0120C4F8D40000204FF0FF364FF020
:10D5C000FF37CDE90330CDE90100CDE906672046FC
:10D5D0000C4B009400F05AF955B1296811B120465E
:10D5E00000F0DEF86B791BB1A38943F00103A3813E
:10D5F00020460BF098FBC4F8B84009B0F0BD0120FC
:10D60000D8E700BFC5D2010037B501900846EFF357
:10D610001184402181F31288BFF36F8FC16811F02C
:10D620001E0F16D153EA020508D101A9FFF718FF12
:10D6300084F31188BFF36F8F03B030BD41F0080150
:10D64000C160019910308161034900F023FD012080
:10D65000EEE70020ECE700BF0B8A0200014601481C
:10D66000FFF7D2BF202D0020F7B50C4616461D4609
:10D670000190EFF31187402383F31288BFF36F8F7C
:10D6800008460BF079F955EA060309D1204601A9AD
:10D69000FFF7E6FE87F31188BFF36F8F03B0F0BD8D
:10D6A000E368324643F00803E360019B0449A36248
:10D6B00004F110002B4600F0EDFC0120EAE700BF6A
:10D6C0000B8A020001460148FFF7CEBF202D002043
:10D6D0002DE9F0410546EFF31187402383F31288CB
:10D6E000BFF36F8F0468A0421BD0D4B10026204640
:10D6F0000BF049FA04F118000BF0A3FBB0462046EA
:10D70000C4F8B4800BF08AFA2C680136A54210D018
:10D710007CB120460BF037FA04F118000BF091FBB6
:10D72000EDE787F31188BFF36F8F00263046BDE821
:10D73000F081394601480BF0A4FAF7E7FD3A0020E2
:10D740002DE9F3411C4652EA040307460D461646EE
:10D7500008D10846FFF78CFC6FF00A04204602B09F
:10D76000BDE8F081EFF31188402383F31288BFF303
:10D770006F8F0846FFF77CFCCDE900643A464146CE
:10D78000064800F09BF904460028E7D14FF0FF322D
:10D790004FF0FF332846FFF7F9FBDFE7FD3A0020A3
:10D7A00010B5044608B9054B9C681F2204F17C00A3
:10D7B0000DF077F8002084F89B0010BD04330020A2
:10D7C0002DE9F04F984685B000F15803C0E91633B3
:10D7D000129B002583810423D61D26F007060374BF
:10D7E000119B01EB060A0F46C0E9065551468560BC
:10D7F0008373C5730446DDF838B0DDF84C90F5F757
:10D800000FFA109B073020F00700C4E92776C4F810
:10D81000A40002930F9BAAEB0006CDE900B33246A9
:10D82000434639462046F5F7F3FC0F9BC4E91A8BB3
:10D830002367109B65656367EFF31183402282F3D2
:10D840001288BFF36F8F104F3A6A3C62A26783F36E
:10D850001188BFF36F8FB9F1000F11D01F22494615
:10D8600004F17C000DF01DF884F89B50BB680BB1EF
:10D87000D3F8A8303046C4F8A83005B0BDE8F08F22
:10D8800084F87C90F2E700BF04330020F0B5002557
:10D8900087B00595109DDDE9127604950F9D04462D
:10D8A00003950E9D02950D9D01950C9D0095FFF72A
:10D8B00087FFB6F1FF3F08BFB7F1FF3F05D056EA3B
:10D8C000070305D120460BF02EFA204607B0F0BD25
:10D8D0003A46334604F11800014900F0DBFBF4E757
:10D8E000638C0200012310B5037483810023044676
:10D8F000C0E9273300F01EFD014B9C6010BD00BF46
:10D90000043300206FF00A01094A9368C3F8B41089
:10D910000849C3F8B0004B6843F080534B600023C4
:10D9200083F31188BFF36F8F9368D3F8B400704707
:10D930000433002000ED00E070B590F91020037C66
:10D94000002A2FDBD9062DD11A4C63F07F03224623
:10D95000037452F8183FE169934207D1C0E90021EE
:10D960000860E0610FE09942F8D01B68002BF5D009
:10D9700093F90E6090F90E50AE42F4DD5968C0E99B
:10D98000003108605860A569954200D005B9E56886
:10D99000A3681A7CD20606D1DA897F2A03D9AA693C
:10D9A0000AB9636170BDAB4202D0284600F0D6FAD6
:10D9B0006561F7E70433002038B590F9102001467F
:10D9C000002A037C04DA03F07F0303740BF0EEF803
:10D9D0000D4D2A4652F8184FAB68944200D004B956
:10D9E000EC688B4207D01A7CD20604D1DA897F2AF0
:10D9F00001D9A2692AB1A34202D0204600F0AEFAB2
:10DA000023466B6138BD00BF04330020B3F1FF3FF4
:10DA100008BFB2F1FF3F03D00249183000F03ABB13
:10DA2000704700BF638C0200034648B9EFF30582DC
:10DA300032B9064A51699268914201D0FFF762BF3C
:10DA400083F31188BFF36F8F704700BF043300204A
:10DA500038B5184CA168E0690B68814214BF1A46BA
:10DA6000002249680B605960A368E1692AB9124A2B
:10DA7000C3E900210B60E3610AE092F90E5093F9CB
:10DA80000E00854212DD5168C3E900210B6053602E
:10DA9000A569094B9D4200D005B9E568A3689D4280
:10DAA00002D0284600F05AFA656138BD8A42DED0BD
:10DAB0001268DBE7043300201C330020F8B5DDE9F1
:10DAC00006670D4B0C46986811460C4A1060EFF340
:10DAD0001182402282F31288BFF36F8F9D6828461F
:10DAE0000BF076F8284632463B46FFF78FFF20467C
:10DAF000BDE8F840FFF706BF0433002030330020B4
:10DB0000F8B50446EFF31187402383F31288BFF37F
:10DB10006F8F037C49B203F01F02002A0CBF01265D
:10DB2000002635D103F07F032A4D03740BF03EF835
:10DB30002A46037C817363F07F03037452F8183F15
:10DB4000E869934207D1C4E900200460EC610DE06C
:10DB50009842F8D01B68002BF5D093F90EC08C4585
:10DB6000F6DD5968C4E900310C605C60AC69944230
:10DB700000D004B9EC68AB689C4202D0204600F0AB
:10DB8000EDF96C6187F31188BFF36F8F3046F8BDF4
:10DB90009B071CD585680BF009F881732B689D42A3
:10DBA00009D16B68C4E900531C606C60EAE76A68DD
:10DBB0009A42F6D01B68002BF3D093F90E208A42CC
:10DBC000F5DD5A68C4E9003214605C60DAE78173FD
:10DBD000D8E700BF04330020034648B9EFF30582BD
:10DBE00032B9064A51699268914201D0FFF78ABE64
:10DBF00083F31188BFF36F8F704700BF0433002099
:10DC0000EFF31181402383F31288BFF36F8F054B2D
:10DC10009A68D37B013BD37381F31188BFF36F8F75
:10DC2000704700BF0433002070B5EFF31186402326
:10DC300083F31288BFF36F8F0F4DAB68DA7B01322D
:10DC4000DA732A4652F8184F944200D004B9EC68AF
:10DC50001A7CD20604D1DA897F2A01D9A2692AB1B5
:10DC60009C4202D0204600F079F923466B61304691
:10DC7000BDE87040FFF7D8BE04330020024B03F12B
:10DC80001802C3E9062270470433002070B5EFF391
:10DC90001186402383F31288BFF36F8F1A4CA1685B
:10DCA000E0690B68814214BF1A46002249680B6084
:10DCB0005960A368E1692AB9144AC3E900210B60DD
:10DCC000E3610AE092F90E5093F90E00854216DDE9
:10DCD0005168C3E900210B605360A5690B4B9D425D
:10DCE00000D005B9E568A3689D4202D0284600F03F
:10DCF00035F965613046BDE87040FFF703BE8A42E2
:10DD0000DAD01268D7E700BF043300201C330020AC
:10DD1000F8B550EA010306460C4603D1FFF7B6FFFB
:10DD20000020F8BDEFF31187402383F31288BFF37F
:10DD30006F8F124D124BA8681860FFF73DFEA86860
:10DD4000234632460F49183000F0A4F9AA68044669
:10DD5000137C384643F004031374FFF7D3FDAB681C
:10DD6000D3E90A23B3F1004F08BF002AD8D10BF042
:10DD70009DF8201A20EAE070D3E700BF04330020AA
:10DD800030330020638C0200014B9868704700BF5D
:10DD9000043300202DE9F84304468789EFF3118608
:10DDA000402383F31288BFF36F8F037C190705D5D7
:10DDB00086F31188BFF36F8FBDE8F883D90943F06C
:10DDC000080272D10274A36813B120460AF0F6FE6D
:10DDD00004F118000BF035F8A56D04F15808A845BA
:10DDE00011D04FF0000975B128460AF0E7FE05F1A1
:10DDF00018000BF026F82846C5F8B490FFF79CFDF4
:10DE0000A56DA845EFD1DFF8C480D8F808309C4252
:10DE100053D1EFF30589B9F1000918BF4FF001099B
:10DE2000D8F818502A4A954200D00DB9D8F80C50AD
:10DE3000AB4202D0284600F091F82046C8F81450B2
:10DE400005F01EFE204600F0D9F8B9F1000F02D00F
:10DE50002048FFF747FDD8F808309C4230D1EFF357
:10DE600005836BBBA289D20711D586F31188BFF356
:10DE70006F8F83F31188BFF36F8F0423184602DF7F
:10DE8000EFF31186402383F31288BFF36F8F304680
:10DE9000FFF738FDFB078FD5002383F31188BFF30D
:10DEA0006F8F0423184602DF86E703F07F0343F0F9
:10DEB000080303740AF07AFE85E74FF00009AFE724
:10DEC00086F31188BFF36F8FE4E700BF04330020AF
:10DED0001C330020F82D0020D3B5DDE90667089C2F
:10DEE000CDE90067FFF7EAFD1CB1034B9B685B6956
:10DEF000236002B0D0BD00BF04330020027C034683
:10DF000012F01F0210D10A4988420DD00949086851
:10DF100068B1D9897F2909D893F90E20064B1B686F
:10DF20009A42B8BF002070470020704710467047E3
:10DF3000B02B0020B8080020343300200122044B0D
:10DF4000C01A044BC0105843034B1A54704700BF0B
:10DF5000B02E0020ABAAAAAAFD3A002070B50C4B47
:10DF60000C4D1E7CFFF7CAFF182303FB0655044621
:10DF700028460AF066FF0022074B9A553CB1621E04
:10DF80002846BDE870400549D31700F083B870BD3E
:10DF900004330020B02E0020FD3A00203DDF0100B8
:10DFA00038B5EFF31185402383F31288BFF36F8FE9
:10DFB0000F4B104A9C681068A04206D1FFF7CEFFB5
:10DFC00085F31188BFF36F8F38BD00211B7C116072
:10DFD000094AD35C002BF3D02046FFF78FFF0028BF
:10DFE000EED0237CDB0601D1FFF732FD2046E5E7CA
:10DFF0000433002030330020FD3A0020EFF311817C
:10E00000402383F31288BFF36F8F0A4A136A834257
:10E0100007D19B6F136281F31188BFF36F8F704735
:10E020001346002BF7D09A6F8242F9D1826F9A671C
:10E03000F1E700BF04330020024B1868984208BF84
:10E0400000207047BC080020034B1B680BB9FCF78D
:10E0500053BD0020704700BF3833002030B570B189
:10E060000B4B5B6898420AD0036843B1D3E90421A3
:10E07000D0E90445121941EB0501C3E90421D0E9B7
:10E08000003213605A600023C0E9003330BD00BF86
:10E09000BC080020B3F1FF3F08BFB2F1FF3F2DE9FC
:10E0A000F84F0446994615461F467AD08160EFF333
:10E0B0001188402383F31288BFF36F8FB9F1000FEB
:10E0C000DFF8E4A020DBFFF7BFFFDAE90027013526
:10E0D00049F100092D1849EBE07306464FF001099C
:10E0E000C4E90453AD1843EB0707FFF7A5FF034648
:10E0F000DFF8B8E0DEF804A0EBB9C4E900EACAF83A
:10E100000040CEF8044028E06FF00103DAE9001285
:10E110005B1A4FF0FF3161EB02025B1B62EB0902FD
:10E12000012B72F10001BCBF012300224FF0000956
:10E13000C0E90432D9E7D3E9041CD4E904208A42B7
:10E1400070EB0C0B24DA891A5A686CEB0000C3E9F7
:10E150000410C4E9003214605C60FFF76DFF844274
:10E160000ED1134B1B685BB9B9F1000F02D1FFF759
:10E170006BFF064630460AF04DFE0021FCF7D0FC4E
:10E1800088F31188BFF36F8F28463946BDE8F88FB2
:10E19000521A60EB0C005345C4E90420ADD01B6853
:10E1A000AAE700252F46EFE7C82E0020BC08002074
:10E1B000383300202DE9F047DFF8A8900246C9F86F
:10E1C00000000D46FFF738FF00260027DFF8988093
:10E1D0004FEAE27ED8E9001350B1D0E9044CA242E4
:10E1E0007EEB0C0A1ADAA41A6CEB0E06C0E90446A0
:10E1F0000024521843EB0E032046C8E90023C9F857
:10E2000000400AF007FE2146FCF78AFC85F31188DE
:10E21000BFF36F8FBDE8F047FFF7C2BE611843EB55
:10E22000E473C0E90467C8E90013FFF717FF012290
:10E230004FF00043C0E9042385F31188BFF36F8FCB
:10E2400083689847EFF31185402383F31288BFF367
:10E250006F8FD9F80020121BC9F80020FFF7ECFEE1
:10E26000B6E700BF38330020C82E002010B5EFF30A
:10E270001184402383F31288BFF36F8FFFF7E4FE0E
:10E280000346054AD2E90001181841EBE37184F313
:10E290001188BFF36F8F10BDC82E002073B50446E0
:10E2A000EFF31186402383F31288BFF36F8F8368E7
:10E2B000594003EA02050A405340002200930949ED
:10E2C0006B4601920AF072FDDDE9003223EA020397
:10E2D00004F10C003146A3600AF0D3FC284602B0DA
:10E2E00070BD00BFCB8F02002DE9F04105460E4600
:10E2F00017460AF055FC30B9074B9B68D3F8A84085
:10E3000014B9BDE8F081054C3B463246294620460B
:10E31000BDE8F0410AF089BE04330020D009002096
:10E3200002460021014B02480AF07FBE311D020067
:10E33000D0090020014BC0F8A8307047D009002058
:10E340000146024A0020FFF7CFBF00BF311D020087
:10E3500001680E4A0346914215D1C169A2F110220B
:10E36000A2F1EF1291420ED18268012A0BD8C26845
:10E3700012B101698A4206D0586928B19B691B1AFB
:10E380005842584170470120704700BF55AA00FF0E
:10E3900070B50E4B9E68B6B13046FFF7D9FF044604
:10E3A00018B9F3687BB935690DB9204670BD2846A8
:10E3B000FFF7CEFF28B9EB68B34204D12E462D6992
:10E3C000F2E70446F1E70124EFE700BF3C33002009
:10E3D0002DE9F041404D0646686988460AF047FE3F
:10E3E00018B100242046BDE8F0812C68DCB1AC688F
:10E3F000CCB1002E6AD0B8F1000F69D008FB06F747
:10E40000B7FBF6F6B04565D1391D63D8BA0710D011
:10E4100027F003020432EC6803E0616891420AD2FB
:10E42000A469002CF9D168690AF027FE0028D9D028
:10E43000D7E73A46EFE7D4F808C0BCF1000F02D0A6
:10E4400001200CF017FA891A232904F120061CD8A0
:10E450000123A360D4E90523AAB19361A3690BB199
:10E4600062695A610023C4E905332B69DB0703D5D0
:10E47000FFF78EFF0028E3D13A46002130463446AC
:10E480000CF0F0F9CFE7EB60E8E702F12000231889
:10E490002039C3E9011CDC602169DFF840C0196143
:10E4A00044F800C00E48D86101B1CB606169596180
:10E4B000A069986141B18B61996901B14B610121FA
:10E4C0002361C4E90121CDE7EB60F5E73446AAE713
:10E4D0004446A8E70446A6E73C33002055AA00FFBF
:10E4E000669911EE70B5424E054670690AF0BFFD9F
:10E4F00000287BD1002D5FD03368002B5CD0B26840
:10E50000002A59D09D4203D3726813449D4202D31E
:10E5100001200CF0AFF9A5F120042046FFF718FF09
:10E520000028F5D155F8183C012BF1D155F8143CD1
:10E5300045F8180CC3B19A68002A42D155F81C2C32
:10E5400002F120015A680A445A6055E905321A61FD
:10E5500055F8145C2B6903B1DD60204620220021B0
:10E560000CF080F923462C462069002836D08268BA
:10E57000002A33D16368426820331344636003691F
:10E580002361D4E90523F2B923BB4369636182693E
:10E59000A2610BB39C61A36903B15C61236903B100
:10E5A000DC60202200210CF05DF933699B0703D564
:10E5B000FFF7EEFE0028ABD17069BDE870400AF0AD
:10E5C0005CBD0023D0E79361A369002BDDD06269B5
:10E5D0005A61DAE7F360F7E7F460DCE7002BE4D197
:10E5E000F368A36103B15C61F460DEE770BD00BF56
:10E5F0003C33002070B50C46164E1422002105460F
:10E6000030460CF02FF9144870610AF02EFD1349C2
:10E61000134800F035F8232C1BD915F003031FBF56
:10E62000043CE418C3F10403ED18224600212846F7
:10E630000CF018F9C6E90054203CB5606C60B36872
:10E64000084A1A60B368A2F11022A2F1EF12DA614F
:10E65000F36070BD3C330020C4080020E5E40100F5
:10E66000D1E3010055AA00FF014B1B68184700BF0A
:10E6700028090020014B1B68184700BF240900200F
:10E68000024B1860024B00201960704728090020D7
:10E690002409002010B50A46044619B1024B002196
:10E6A0001B68984710BD00BFB4C102000E4B034069
:10E6B000B3F1607F06D1B1F5885F0CBF00206FF029
:10E6C00086007047B3F1707F0BD101F4E043B3F5DE
:10E6D000005F06D111F4E06F14BF00206FF08600D8
:10E6E00070476FF0860070470000C07F8A42F8B51F
:10E6F00006460D4600F00A8101F0FE41B1F1C06FFF
:10E7000061D1884C22F4FF7121F00101A14222F075
:10E71000FF0014D004F58854A04210D022F47F7674
:10E7200026F00306A4F57064A64208D004F5A064A0
:10E73000A04204D004F57454A14240F0EB80D1B261
:10E74000784E19B922F48061B14224D125F4FF74C6
:10E7500024F00104B44225F0FF0112D0724EB14200
:10E760000FD025F47F7727F00307A6F57066B74230
:10E7700007D006F5A066B14203D006F57456B44240
:10E7800009D115F0FF0406D0684E44F00074B4427D
:10E7900004BF02460D468BB122F4FF7323F0010340
:10E7A000B3F1062F06D0624B22F4FF6121F007017E
:10E7B000994203D122F4807225F48075954214BFEA
:10E7C00000200120F8BDB1F1A06F16D102F0FE4388
:10E7D000B3F1A06F40F0888082EA050333F47E1322
:10E7E00040F0828028047FD5C5F30540C2F305427E
:10E7F00090428CBF00200120E4E74E4B9D4209D19E
:10E80000A3F500439A4200F081804B4B22F47E1026
:10E810009842D4E7B1F1407F60D102F0FE43B3F1FA
:10E82000407F5BD182EA050030F47E1456D1314638
:10E830002846FFF73BFF00286AD1404912F47C17B5
:10E8400001EA020113D0B1F1607FC2F3054333D175
:10E85000D1B241F0007101F17E410339122901D892
:10E860003748445C15F47C1F2DD19C42A7E7B1F1D9
:10E87000607F0AD1D3B243F0007303F17E43033BC0
:10E88000122B4BD82F49CB5CE2E7B1F1707F17D147
:10E8900006F4E043B3F5005F42D10123C6F3022141
:10E8A0008B4006F4E041B1F5005FDBD10120C6F3F7
:10E8B000022600FA06F4D5E7B1F1707FD2D1F0E775
:10E8C00000242346CEE71FB9C5F30541A1421DD060
:10E8D000290403D5C5F3054098428AE71A4B9D42A7
:10E8E00002D1B2F1082F6AE725F0004323F47F0339
:10E8F000B3F1106F0CD102F0FE43B3F1106F07D1EA
:10E900001248104040F01060A84258E7012059E733
:10E91000002057E7002B7FF446AF4FE7002397E72F
:10E920000023BEE70002000600130006FF000002FD
:10E93000004000060093C004000140050000C07FB5
:10E94000EDE50200EDE502000002C0030000FFF665
:10E9500070B505460F480E460AF089FB044618B10B
:10E960006FF08F04204670BD6B6933602B7F012BE5
:10E970000ABF022330602B77064818BF6FF0960459
:10E980000AF07BFB0028EDD0002CE9D06FF0960454
:10E99000E8E700BF0C09002038B50C4C0C480AF021
:10E9A00066FB65780A480AF068FB0A480AF05FFBD4
:10E9B000022D08D12478E31F5C425C4105480AF02F
:10E9C0005CFB204638BD0024F8E700BF543300202C
:10E9D000DC080020F40800202DE9F04789461546A0
:10E9E0001C4600F0C5FC0646002851D1D9F800703D
:10E9F000B7F800A00AF4E043B3F5804FBB6808BF46
:10EA000025F0010535EA03033AD1002C40D0B5F5D5
:10EA1000006F40D0A5F5005255425541284A24F4D4
:10EA2000FF7323F00103934213D0264924F0FF0221
:10EA30008A420ED024F47F7020F00300A1F57061AB
:10EA4000884206D001F5A0618A4202D01E4A934254
:10EA500023D114F0FF0304D01C4A43F00073934207
:10EA600022D02B4622465046F968FFF73FFE8046EB
:10EA700070B92B46224650463969FFF737FEE0B998
:10EA80006FF0840600233846C9F8003000F03AFDE4
:10EA90003046BDE8F0870125C0E704F0FE43B3F13E
:10EAA000407F04D12304DCD56FF08606EAE7B3F19A
:10EAB000A06FF7D0054B9C42D2E74646E8E700BF7F
:10EAC000000200060013000600460006FF000002D8
:10EAD00038B500F0FE43B3F1407F04460D4602D046
:10EAE0006FF0860038BDFFF7E1FD0028F8D114F47F
:10EAF0007C1F18D0C4F30543032B137022D9224A7C
:10EB00002240B2F1607F31D1E4B244F0007404F1EC
:10EB10007E44033C122CE3D81C4A125D9342DFD89A
:10EB2000202BDFD90EE0184B2340B3F1607F0FD1CB
:10EB3000E3B243F0007303F17E43033B122B04D98D
:10EB4000002313706FF08500CCE71149CB5CD3E74D
:10EB5000B3F1707FF4D101F4E043B3F5005FEFD17E
:10EB60000123C1F302218B40DBB2C5E7B2F1707F14
:10EB7000B6D105F4E042B2F5005FB1D10122C5F390
:10EB80000225AA40CAE700BF0000C07FEDE50200F1
:10EB9000EDE502002DE9F3414768D0F81480044602
:10EBA00038460E460AF041FD0546E8B9FFB22FB9D6
:10EBB000B8F1000F05D06FF0860515E0B8F1000F31
:10EBC000F9D0A36823F0031323F47F43002BF2D181
:10EBD0004FF6F87362889A4228D8164827790AF0C7
:10EBE00046FA28B16FF08F05284602B0BDE8F081E3
:10EBF00007B901A8314600F071FB05460D480AF03F
:10EC00003CFA10B1002DEFD1ECE7002DECD10FCC88
:10EC1000D6F800C066460FC694E8070086E80700ED
:10EC2000002FE1D1019BCCF81430DDE76FF08505B2
:10EC3000DAE700BF0C09002010B5044650B10648C1
:10EC40000AF015FA20460AF049FBBDE810400248D8
:10EC50000AF013BA10BD00BF0C09002013B504461A
:10EC600010B301A900F084FB0446E8B91F480AF07C
:10EC7000FEF958B1002401980AF0C2FC002818BF20
:10EC800004461A480AF0F9F970B10AE00198037FC6
:10EC9000032B11D10AF0B4FC044614480AF0EDF934
:10ECA00028B10CB96FF08F04204602B010BD002CC3
:10ECB00008BF6FF08704F7E7022B10D10323037717
:10ECC0000379FF2B0ED04369094A03F14043A3F5B2
:10ECD00080539342CED800F0BFFD0446CBE76FF0DF
:10ECE0009604C8E76FF08404C5E700BF0C09002054
:10ECF000FFDFFF3F2DE9F04190461E46002288B01D
:10ED0000038805460F460592CDF81C803260B8F1A5
:10ED1000000F65D0B8F1005F80F0A18023F0FF0301
:10ED2000B3F5E24F02D0B3F5824F25D128460AF061
:10ED3000B3F90446002840F08680EB6883B16A8806
:10ED400072B12B8803F44F41B1F5824F02D0B1F577
:10ED5000884F05D1DBB2222B36D02CD8122B38D0DD
:10ED60003A46002308EB070112F8010B8A4243EAF6
:10ED70000003F9D1002B33D0284605A9FFF70AFF7D
:10ED80000446A0B9059B9B6A6BB3059B39465A881C
:10ED90002846069206AA029203F1280201929A6A74
:10EDA00000925B6A424600F01BFC044680B3059863
:10EDB000FFF742FF47E0273BDBB21B2BD0D82949A6
:10EDC00021FA03F3DB07CBD50732B8EBD20FC7D25A
:10EDD00006E040F209239A42F6D1B8F1400FBFD8BD
:10EDE0006FF086042FE06B681B0A07D1079905981E
:10EDF0000AF034FA04460028C7D0D8E7424639461C
:10EE0000284607AB00F094FB04460028EED0CEE77E
:10EE10000599069B4A88D2B94B804FF6F873069A3B
:10EE20009A4219D82B88059813B102889A4210D1BA
:10EE30006B8813B142889A420BD13146FFF788FDA7
:10EE400004460028B3D1204608B0BDE8F0819A42BC
:10EE5000E3D06FF08604AAE76FF08504A7E76FF0B0
:10EE60008504F0E70102000C38B504460D46FFF7B3
:10EE700093FD30B12A462146BDE8384002480AF0E9
:10EE8000FEBB6FF0880038BD58330020002273B5F8
:10EE900003880A600092428804460D46002A00F06A
:10EEA000FF80028802F4E042B2F5804F00F0F88063
:10EEB00023F0FF03B3F5E24F02D0B3F5824F04D144
:10EEC00020460AF0E9F80646D0B969462046FFF721
:10EED00061FE064660BB009B9B6AA3B10099204679
:10EEE00001F12803D1E9091200F052FB064600980F
:10EEF000002E40F0D2802946FFF72AFD0646B8B919
:10EF0000304602B070BD63681B0A40F0BD802288A5
:10EF1000618802F4E043B3F5805F0DD0B3F5005F84
:10EF20000AD002F44F40B0F5824F1ED06FF0850634
:10EF30000098FFF781FEE3E710460AF060F9064605
:10EF40000028F5D147F201039A4220D14B08013342
:10EF5000DB0803EBC3033B330193DDE900010AF057
:10EF60007DF906460028B9D0E2E7B3F5E04FDDD1E0
:10EF700047F201039A42E9D022F0FF03B3F5884F2C
:10EF800015D1CB1DDB0803EB43030133E4E744F267
:10EF900001039A4202D1CB081033DDE722F0FF03D0
:10EFA000B3F5E84FEAD1CB1DDB085B00D4E7B3F53E
:10EFB000EE4F67D0B3F58E4F02D1CB1DDB08CBE708
:10EFC00002F44F40B0F5824F02D0B0F5884F06D121
:10EFD000D0B2422801D1CB08D7E74128EDD0B3F514
:10EFE000E24FEAD0B3F5824F03D1CB1DDB085B00C3
:10EFF000CBE744F20D039A4224D844F201039A422B
:10F00000DBD9A2F58042023A0B2AD6D801A353F8E5
:10F0100022F000BF59F00100BBEF010065F00100D4
:10F02000BBEF0100BBEF01006DF0010075F00100C6
:10F03000BBEF0100BBEF01007DF00100BBEF010061
:10F040007DF0010047F202039A421BD047F204030D
:10F050009A42B2D140237FE74FF4A0724B09534349
:10F06000203379E74FF4C0720B0AF8E7CB1DDB08B9
:10F07000183371E7CB1DDB081C336DE7CB1DDB08B4
:10F08000023392E7202367E7204601A900F068FADF
:10F09000064600283FF461AF4AE70AF014F947E753
:10F0A0006FF086062CE700BF10B51B4C1B4809F01B
:10F0B000DEFF2378590744BF03F0FB0323709A0750
:10F0C00005D500F0F1F8237823F0020323701348EC
:10F0D00009F0D3FF124809F0CAFF637813B1114851
:10F0E0000AF0D0FA002304210E486370FFF7D2FA29
:10F0F0000B4809F0C2FF094809F0B9FF2378DB0784
:10F1000005D50AF09BFA237823F001032370034806
:10F11000BDE8104009F0B1BF54330020F4080020CE
:10F12000DC0800205833002070B5FFF735FC10B123
:10F130000024204670BD344809F099FF044620B1F0
:10F140006FF08F04FFF7B0FFF3E7304D2B789E0789
:10F1500006D400F0A1F804462B7843F002032B708C
:10F16000294809F08AFF10B1002CE9D0EAE7002C09
:10F17000E8D1254809F07BFF04460028E0D12B7830
:10F18000D80706D40AF058FA04462B7843F0010356
:10F190002B701D4809F071FF0028E5D1002CD1D15A
:10F1A000194809F064FF0028CAD117482E7809F0E1
:10F1B00064FF0028C4D1164809F059FF044600280E
:10F1C000BED16B783BB9F10705D512480AF054FA65
:10F1D000022304466B700E4809F04FFF0028C3D18C
:10F1E000002CAFD1084809F042FF0028A8D12B78A5
:10F1F00005485A075CBF43F004032B7009F03DFF3C
:10F20000002895D09CE700BFF4080020543300206C
:10F21000DC0800205833002038B500F140430F2BA4
:10F220000CD82C221A4C02FB0344237F022B02D160
:10F230006369834224D06FF08B001AE06FF0404284
:10F24000441E94420ED2124B00221C461D7F022DFA
:10F2500002D15D69854210D00132102A03F12C03DE
:10F26000F4D1E8E70B4AA3F580539342EBD96FF052
:10F27000870038BD6FF09600FBE72C2303FB0244A8
:10F2800020460AF0B0F90028F4D10C60F1E700BF85
:10F290005C330020FFDFFF3F0122024B002083F898
:10F2A000C02270475C3300202DE9F0410A4C002554
:10F2B00026464FF0010803272046C4F82080277710
:10F2C00001350AF00BF8102D04F12C04F4D10023C1
:10F2D00086F8C032BDE8F0815C330020F8B5214DDE
:10F2E000064621480F4609F0C2FE95F8C0421E4866
:10F2F00009F0C3FE7CB300242B462246197FD1B10E
:10F300003CB9022905D1196A19B91979002918BF20
:10F310001C460132102A03F12C03EFD114B96FF00F
:10F320008C0006E020460AF05EF9204609F0D6FF80
:10F3300010B100240DE01C46237F7BB90123237705
:10F3400036B10A4B651BAD105D4305F18045356054
:10F3500000203C60F8BD6FF08800EAE76FF096008F
:10F36000E7E700BF5C330020F4080020A38B2EBA2F
:10F370000023F0B5054691B05E480B600E4609F0DB
:10F3800076FE5D4B5B4893F8C04209F076FE002C98
:10F3900000F0AC80594809F06AFE074620B16FF0D2
:10F3A0008F04204611B0F0BD31462846FFF734FFE8
:10F3B00010F18C0F044607D0504809F05EFE00287B
:10F3C000EFD0002CEDD1EAE73846FFF787FF07467C
:10F3D00020B14A4809F051FE3C46E2E70122336879
:10F3E00001465D61336809A85A601C2235680BF03C
:10F3F00039FA002200236869CDE90623404A00F16A
:10F400004043A3F580539342CDE9047703971DD879
:10F4100006AA03A90AF039F90446B8B9039B6A6938
:10F420000A93DBB2002B08BF00220346CDE900009F
:10F43000DDE906010E9209AA00F060F910F18A0FC9
:10F4400004460ED0002808BF6FF09604306809F01B
:10F4500045FF14F18C0F08BF6FF087040023336061
:10F46000AAE704A909A800F07BF804460028EDD11A
:10F470002846049909F0F2FE04460028E6D1DDE9A9
:10F48000060105AB0193AB6A09AA00936B6A00F011
:10F4900035F9044618B1284609F015FFD6E72C4681
:10F4A000059BAB6209AD0FCD0FC495E8070084E85A
:10F4B000070032689368D80414D4990444BF43F415
:10F4C0000063936033681A7F012A04BF02221A770F
:10F4D00030680AF088F8044600283FF46DAF6FF0FA
:10F4E0009604BBE743F480639360E6E76FF088041B
:10F4F00057E700BFF40800205C3300200C0900200F
:10F50000FFDFFF3F10B50446084809F0B0FD40B9E1
:10F5100020460AF075F80446044809F0AEFD10B123
:10F520000CB96FF08F04204610BD00BF0C090020FD
:10F5300010B41946002443680C60074C1A0AB4EB57
:10F54000132F02D0054B9A4202D110BC00F014BB1D
:10F550006FF0860010BC7047004E80004B4E80005C
:10F5600010B4002443680C60074C1A0AB4EB132F44
:10F5700002D0064B9A4202D110BC00F0FDBA6FF0E7
:10F58000860010BC704700BF004E80004B4E8000CC
:10F590002DE9F041456804462D0A0E461746984667
:10F5A00006D00E4CA54214D06FF08600BDE8F08165
:10F5B00005886D0407D443463A4631462046BDE8E7
:10F5C000F04109F0FBBF00F0B5FD10F1860FEDD161
:10F5D000F1E7BDE8F04100F0ADBD00BF4B4E80004B
:10F5E0002DE9F04FDFF880B0D0F804E085B0BBEB38
:10F5F0001E2F0446DDE90E890D4616461F46DDF82E
:10F6000040A04FEA1E2C1CD0DFF860E0F44518D073
:10F61000BCF1000F22D1CDE9019ACDF8008000F0B5
:10F6200027FD10F1860F1BD13B4632462946204666
:10F63000CDE90F9ACDF8388005B0BDE8F04F09F05C
:10F6400020BE3B46324629462046CDE90F9ACDF8EA
:10F65000388005B0BDE8F04F00F00ABD6FF08600BD
:10F6600005B0BDE8F08F00BF004E80004B4E80001B
:10F6700030B44468240A06D0064DAC4206D030BCF3
:10F680006FF08600704730BC09F045BE30BC0AF010
:10F69000EBB900BF4B4E80002DE9F7430D46DDE985
:10F6A0000A891646134942681F46B1EB122F0446D9
:10F6B0004FEA12230ED0104A934200D0ABB93B461A
:10F6C000324629462046CDE900890AF0A1F910F119
:10F6D000860F0CD13B46324629462046CDE90A89A1
:10F6E00003B0BDE8F0430AF093B96FF0860003B0B1
:10F6F000BDE8F083004E80004B4E8000F0B4DFF890
:10F700002CC05468DDE90456BCEB142F4FEA1427D3
:10F7100002D0074CA74204D1CDE90456F0BC00F05A
:10F720005FBD6FF08B00F0BC704700BF004E8000E3
:10F730004B4E80002DE9F043DFF84490DDB2446881
:10F7400045F000754D45DDF82C804FEA1424DDE9C5
:10F750000767DDE909CE0CD014B10A4DAC420CD1DB
:10F76000CDE90AE8CDE9087C0796BDE8F0430AF048
:10F770005FB86FF08500BDE8F0836FF08600FAE7B0
:10F78000050000024B4E8000F7B5089E0E4FF5B203
:10F79000044645F000754868BD424FEA10200DD080
:10F7A00010B10A4DA8420CD1009604F108000AF0ED
:10F7B00034F808B90523236003B0F0BD6FF085006D
:10F7C000FAE76FF08600F7E7050000024B4E800075
:10F7D000F7B5089E0E4FF5B2044645F0007548682F
:10F7E000BD424FEA10200DD010B10A4DA8420CD1F5
:10F7F000009604F108000AF012F808B90523236006
:10F8000003B0F0BD6FF08500FAE76FF08600F7E710
:10F81000050000024B4E80002DE9F04144681D4672
:10F82000DDE9087CDDE90636240ADDF828E003D0AE
:10F83000DFF82080444508D1CDE909E5CDE9077C12
:10F840000696BDE8F04101F029B86FF08600BDE8EA
:10F85000F08100BF4B4E80004268044BB3EB122F87
:10F8600001D10AF038B96FF0850070474B4E800027
:10F8700010B50C4C20680AF08DFF0B4A1368591C18
:10F8800011604BB9094A4820D2F8003443F007030D
:10F89000C2F80034F3F75EFC2068BDE810400AF0BF
:10F8A0007FBF00BF300900202036002000800450B8
:10F8B00038B5164D28680AF06DFF154B1C68013CE1
:10F8C0001C60ECB94820F3F753FC0722114BC3F836
:10F8D0000823D3F8002422F00702C3F80024C3F859
:10F8E0000041D3F80021C3F80441D3F804214FF4B8
:10F8F0008072C3F80841D3F80831074BC3F8882158
:10F900002868BDE838400AF04BBF00BF300900202E
:10F91000203600200080045000E100E070B5154D55
:10F92000154E2B68B34222D0FFF7A2FF01F03AFA3E
:10F93000124A134B134952F8040B43F8040B8B4241
:10F94000F9D101F07FFA38B109F0A1FE0446FFF7C2
:10F95000AFFF3CB92E6005E000F03EFE044618B152
:10F96000FFF7A6FF204670BD0AF054F9EEE7002429
:10F97000F8E700BF2C09002011736500B8C1020030
:10F9800000C080511CD38051F8B505460E4618467C
:10F990001C2117461C460AF04CFF6B6821491A0AC5
:10F9A000B1EB132F1BD1204A337822611F4A13F089
:10F9B0000303E26066610CD0023303F00303012B02
:10F9C00026D86B880733DB086360194B236000205F
:10F9D000F8BD6B880733DB086360164BF6E7164B00
:10F9E0009A4212D16A69154B1344022B13D9002392
:10F9F000224642F8183FC4E9033362616A69104B3A
:10FA00009A4201D12023E7E747B1C4E90067DEE766
:10FA10006FF08400DCE76FF08500D9E76FF09600A7
:10FA2000D6E700BF4B4E800051020200DD9B020072
:10FA30000000002040008151004E8000FF3F008008
:10FA400004C0FF7F0022074BC3F81021C3F80C212C
:10FA5000C3F80021C3F80421C3F80821C3F8142116
:10FA6000704700BF0050045008B5FFF7EBFF0123BB
:10FA70000360104B0A6832B9D3F80C211AB9D3F8D5
:10FA80000821002AF6D00B687BB90B4B99420ED0A7
:10FA9000A3F58473D3F80831002B14BF6FF0020074
:10FAA0004FF0FF30FFF7CEFF08BD0020FAE74FF020
:10FAB000FF30F7E7005004500851045038B50546B0
:10FAC0000C4691B10021012008F0F7FB08480949D4
:10FAD000C0F80055C0F80445FFF7C6FF00210446F2
:10FAE000084608F0EAFB204638BD6FF00104FAE74B
:10FAF0000050045000510450034B0449C3F8000562
:10FB00000348FFF7B1BF00BF005004500451045038
:10FB10000450045010B504460021012008F0CDFB2C
:10FB2000064B0749C3F800450648FFF79DFF002133
:10FB30000446084608F0C1FB204610BD00500450A2
:10FB4000085104500850045038B50C4659B1074DBF
:10FB50000749C5F800050748FFF786FF10B9D5F833
:10FB60000835236038BD6FF00100FBE700500450FA
:10FB7000105104500C50045070B51C4E446802885B
:10FB8000B6EB142F43884FEA142514D14069184B63
:10FB900098420CD003F5FF437D330344012B22D858
:10FBA000B2F5105F1FD1022300200B6070BD47F239
:10FBB00012139A42F6E70F48854214D102F44F40DF
:10FBC000B0F5824F09D144F21210073382424FEA56
:10FBD000D303E9D15B000133E6E7B2F5885FE2D1F8
:10FBE0000733DB08E0E76FF08600DFE7004E8000B8
:10FBF00001C0FF7F4B4E800000212DE9F0430646F7
:10FC000095B0084601F052F80DF12705044625F09D
:10FC10001F0520B115B0BDE8F04309F038BD4FF025
:10FC20001009DFF88080012210211F4809F09BFD98
:10FC30001D4A2B19009320211023CDF80490A2F126
:10FC4000200000F089FE074650B1002001F01CF8AA
:10FC5000384609F01CFD0746384615B0BDE8F0836C
:10FC6000D8E90C321034013342F10002302CC8E9DB
:10FC70000C32D8D101F008F826B122463146284688
:10FC800009F064FD2E46074C0FCE0FC496E80F0016
:10FC9000203584E80F0095E80F00103484E80F0049
:10FCA000DAE700BFD02E0020F02E0020F0B5194D6D
:10FCB000194FAB6B8DB0BB4229D0184E30680AF09B
:10FCC00069FD40230022194628460AF0A7FD30218D
:10FCD000684609F078FD044678B96846FFF78CFF5E
:10FCE000044690B930230246194668460AF096FD4C
:10FCF00001220023C5E90C23AF6330680AF050FDF0
:10FD0000204609F0C4FC0DB0F0BD0E24F5E700203C
:10FD1000F9E700BFD02E0020B4A5B4A53409002017
:10FD20002DE9F04F99B00DF1570902F10F0A044681
:10FD30008846154629F01F094FEA1A1A32B10029E0
:10FD400000F08580B2F5803F00F28180414F424E45
:10FD500038680AF01FFDD6E90C32134308D120465B
:10FD6000FFF7A4FF044618B138680AF019FD5AE0FD
:10FD7000D6E90C231AEB020243F10003B3F5803FEE
:10FD800014D3302102A809F01EFDF8B902A8FFF72C
:10FD900033FF04460028E7D130230246194602A863
:10FDA0000AF03CFD00220023C6E90C23002108468E
:10FDB00000F07CFF044660B910249DB9284600F08D
:10FDC00063FF2846FFF718FF0446CDE76FF0920463
:10FDD000CAE738680AF0E4FC204619B0BDE8F04FE5
:10FDE00009F055BC102D4FF001024FF010011B48D7
:10FDF000AB4628BF4FF0100B09F0B5FC174A102393
:10FE00002021CDE90094A2F1200000F0A5FD82465A
:10FE100068B1002000F038FF38680AF0C1FC504695
:10FE200009F035FC0446204619B0BDE8F08F5A466B
:10FE3000404649460AF009FDD6E90C32013342F149
:10FE40000002C6E90C32A5EB0B05D844B5E76FF00C
:10FE50008604E8E734090020D02E0020F02E002090
:10FE6000F0B40568049C65BB14F47C1604600AD0E9
:10FE7000C4F30546164D24F47E14AC42466024D1EA
:10FE8000F0BC00F075B8134D2540B5F1607F0AD184
:10FE9000E5B245F0007505F17E45033D122DE9D828
:10FEA0000D4E765DE6E7B5F1707FE3D10D8805F480
:10FEB000E047B7F5005F02BF0126C5F30225AE405B
:10FEC000D8E76FF08800F0BC70476FF08500FAE764
:10FED0000002C0030000C07F00E6020010B4046806
:10FEE00044B15AB1084B24F47E149C4208D110BC92
:10FEF00009F0D6BC6FF0880010BC70471046FBE7D5
:10FF00006FF08500F8E700BF0002C003F8B51E4699
:10FF1000036805460F4603B311B34168914222D8E6
:10FF2000124A23F47E13934211D109F039FD04469D
:10FF300078B905F10C0138466A680AF086FC6B68EE
:10FF40004FF4C271284633600AF073FC03E06FF08F
:10FF50009604002333602046F8BD6FF08804FAE76A
:10FF60006FF08604F7E76FF08904F4E70002C0033E
:10FF70002DE9F0410E461C4633880546B3F5105F67
:10FF800011463DD10F2C0BD873681F481A0AB0EBED
:10FF9000132F07D01D4B9A4204D06FF086042CE03B
:10FFA000202CFAD805F5B2772246384605F5A47814
:10FFB0000AF04BFC2246434639463046FFF7E4FC44
:10FFC0000446D0B905F164060121304600F06EFE0A
:10FFD00018B1BDE8F04109F05ABB414605F15000A7
:10FFE00000F008FD0446304600F04EFE0CB12046FD
:10FFF000EFE7102385F84C40AB602046BDE8F08168
:020000022000DC
:100000006FF08504F9E700BF4B4E8000004E800082
:10001000602A2DE9F04105460F4616461FD8DFF845
:100020004880D8F800000AF0B5FB284609F0D6FD54
:10003000044620B9324638460C490AF006FC2846E8
:1000400000F006F90546D8F800000AF0A9FB002DDB
:1000500014BF28462046BDE8F04109F018BB6FF0F8
:100060008900BDE8F08100BF3809002000000020B1
:100070004FF0000C2DE9F04F8DB0DDF86090058851
:10008000DDE9166AC9F800C004460F46904603939E
:10009000CAF800C0002E44D0D0F804C0DFF890B0F9
:1000A0004FEA1C2EBBEB1C2F26D104A94569FFF794
:1000B00063FD0146C8B9049B9E421AD35FFA85FBD3
:1000C000594643463A46204600F020F9014660B9B9
:1000D0005846CDE9006A039B05AA00F0DDFA014607
:1000E00018B9BDF81630C9F8003008460DB0BDE8A3
:1000F000F08F6FF08901F8E7BEF1000F14D125F001
:10010000FF04B4F5E24F04D10DB0BDE8F04F0AF0A2
:1001100073B8B4F5824F07D10DB0BDE8F04F0AF0C7
:1001200092B86FF08601E0E76FF08501DDE700BF70
:100130004B4E80002DE9F043DFF8A090D0F804C0CA
:100140000546B9EB1C2F0F4616469846048893B017
:100150004FEA1C2E2DD142880732B2F5C47F4FEAF8
:10016000D20937D224F0FF02B2F5E24F11D14A464C
:1001700006A909F0D5FF48B905ABCDE901834A4688
:100180003B462846009606A9FFF772FF13B0BDE86C
:10019000F083B4F5105F06D0B4F5885F03D042F267
:1001A00004039C4216D14A4606A90020FFF7B8FD79
:1001B000E1E7BEF1000F0DD14AB124F0FF04B4F520
:1001C000E24F07D113B0BDE8F04309F0A9BF6FF0CB
:1001D0008600DBE76FF08500D8E700BF4B4E80005C
:1001E00030B4074C041961F10005032C75F10005CA
:1001F00002D330BC00F050BA6FF0850030BC7047BD
:10020000FF3F00806029F8B505460E4618D80E4F0E
:1002100038680AF0BFFA284609F0E0FC09F037FA1E
:10022000044640B90949324628460AF00EFB6021CF
:1002300006480AF0FEFA38680AF0B2FA2046F8BD1D
:100240006FF08904FAE700BF3809002000000020A1
:1002500008B503789B0705D0054860210AF0E9FA44
:10026000002008BD09F0D6FC0028F5D00220F8E7F0
:1002700000000020F7B5244943680446B1EB132F72
:10028000DAB23DD1032A03D16FF0840003B0F0BD90
:10029000466901A9F5B2284609F04AFC0028F5D1C3
:1002A00021466A46019809F018FC044610BB009FDD
:1002B000A74218D89DF8043007F0070223F01F0367
:1002C00043EA820301A88DF804308DF80560FFF73A
:1002D000BFFF3946284609F046FC70B903B0BDE8B7
:1002E000F04009F058BC6019FFF706FC0028CBD19C
:1002F0000134DCE76FF09800C8E76FF09200C5E7C3
:100300006FF08B00C2E700BF4B4E80002DE9F04F2D
:1003100089B005460E4617461C4609F03CFC0028ED
:1003200040F030816B690090C3F3013262F3051035
:100330008DF8000010F0300008D1A968890710D0AE
:100340006FF08608404609B0BDE8F08F102808D14C
:10035000BDF8023023F4F87343F4A873ADF802300B
:1003600089E0E96801F0FE4CBCF1A06F0BD0DFF82A
:100370004CC261450AD0DFF848C2614515D0DFF8AC
:1003800044C261450ED0DBB2F82B07E01421009B7C
:1003900061F3933300932B88B3F5105F1BD06FF09C
:1003A0008508CFE72421009BF2E7AB685B04F6D514
:1003B0002B8803F44F41B1F5824F02D0B1F5884F3D
:1003C000EDD1DBB2122B01D0412BE8D13821009BBB
:1003D00061F39333009300234FF0010B98461946C5
:1003E0009C46D5F808E0DFF8E09159F804AB1EEA26
:1003F0000A0F08D00BFA0CF343EA080303F07F0856
:10040000012341EA0A010CF1010CBCF1070FECD108
:100410002BB19DF8033068F347038DF803303EEAB3
:100420000101BCD16B88FF2B39D005D8802B38D087
:10043000C02BB4D1022306E0B3F5807F33D0B3F5EF
:10044000C07FACD106239DF8021063F306118DF82E
:10045000021018B91EF0030F7FF472AF2B79022B34
:100460002ED022D8012B7FF46BAFBDF8021063F3BE
:10047000C811ADF80210012A3AD0032A25D0002A6B
:100480007FF45EAF2B88B3F5105F88D1182C04D0B1
:10049000202C02D0102C7FF453AF4C4D2CE00323C2
:1004A000D1E70123CFE70423CDE7032B02D0FF2BB5
:1004B0007FF446AF0221BDF8023061F3C8134DE767
:1004C000BDF8023043F4C07348E7202C05D006D8AD
:1004D000102C02D0182C7FF433AF3D4D0CE024F0EB
:1004E0002003412B01D0302CF5E70137013CF4E724
:1004F000302C7FF425AF374D4FF000080F344FEA12
:10050000141906EB080009F054F9002852D008F13C
:100510000108C145F5D11F2C2ED11C22002101A8B4
:100520000AF0A0F94FF0000B4FF0FF3A05EB0B1269
:100530004FEA0B130692BBF1000F26D1009A0792E7
:10054000BDF802203B44C2F3C11205920DF1040C28
:1005500003F1100E624618685968083303C27345E8
:100560009446F7D101A906EB0B00FFF7A7FA8046E6
:1005700070B109F010FB05E04946304609F0F3FA86
:100580000028CAD06FF09208DCE6CDF81CA0D7E7AF
:100590001C2101A80BF1010B0AF04BF9D945C5D17B
:1005A0001F2C3FF4CFAEBA20FFF7B4FA00283FF477
:1005B000C9AEE7E76FF08A08C4E600BF0044400414
:1005C000000002090002C003D4D40200400081519F
:1005D000000000201084045010B590B01C220021AF
:1005E00001A80AF03FF9F82009F0E3F800B320224F
:1005F00000200DEB0201FFF793FB0446F0B94FF426
:100600008071104A104B01A8CDE901230F4BCDE9B1
:1006100003130F4BF821069320230DEB0302FFF782
:1006200075FE202104460DEB01000AF002F905E0F9
:10063000F92009F0BEF80028D9D10446204610B0B0
:1006400010BD00BF00240001014B4E800010C0040B
:10065000F800FF7F73B5C5B20E46284601A91446BF
:1006600009F066FA88B9BDF80630C3F3C113013B3F
:10067000DBB2022B8FBF6FF08600054AD25C054BC0
:100680009EBF13433360C4E9005002B070BD00BF89
:1006900013E60200004B4E802DE9FF41884601A978
:1006A000064614461D460A9F09F042FA48B9B6F1BB
:1006B000F80348F1FF38022B78F1000804D26FF0FC
:1006C000860004B0BDE8F08109F065FA002861D128
:1006D000002CF4D09DF8041011F00F0240F0C380FC
:1006E000BDF80630C3F3C113013BDBB2022B00F2AD
:1006F000BD80634801F03008C05C624BB8F1100F58
:1007000043EA000363602AD15F4B2360204602A9BD
:10071000FFF732FA0028D4D1029BBB4200F2AC8032
:1007200044F2121221880198914204BF042205F874
:10073000012B0B9A214613609DF804302A78C3F3ED
:10074000011363F301022A7003AA08BF07F1FF3700
:1007500009F0C3F9002870D06FF09800B1E7134694
:100760009DF807C0DFF824E14FEA5C00A8B9D00487
:1007700054BF134642F48063990448BF43F40063B6
:10078000A360019BC3F38533242B35D0382B0ED0C7
:10079000142B35D06FF0920093E7C10704D5062BD8
:1007A00067D85EF823100A4340080133DEE747F2BA
:1007B000121347F2411C9DF8060000F0700030282B
:1007C00008BF63463248E0609DF806002380C0F30E
:1007D000021001380528BFD80FF2040C5CF820F095
:1007E0003708020009080200270802002B0802004F
:1007F00059070200310802004FF410532548E2E780
:100800004FF410532448DEE7C0206080B8F1000F99
:100810007FF47CAFB3F5105F02D193073FF476AF5E
:100820006FF096004DE7FF20EFE74FF48070ECE7A4
:100830004FF4C070E9E78020E7E72B78039A6E70E9
:1008400062F384032B70238803F44F42B2F5824F86
:1008500004D139462846FFF7D5FC32E7B3F5885F67
:100860007FF42FAFF5E76FF088002AE76FF0910073
:1008700027E76FF0830024E76FF0890021E700BFCE
:1008800013E60200004B4E8001108001D4D4020018
:10089000000002090002C003004440042DE9F047B3
:1008A0000688174606F44F4286B0B2F5824F994645
:1008B000DDE911A3884602D0B2F5884F1DD1F6B20A
:1008C0000024224D41881D4023F0004323F47F0380
:1008D000B3F1106FCAF800401D4B45F010650ED102
:1008E0009D420ED1038823F0FF03B3F5E24F0ED0F3
:1008F0006FF0860006B0BDE8F0870026E0E79D4275
:1009000002D0144B9D42F3D16FF08500F2E73046E0
:1009100005AA00F06DFBB8B9059B5B68BB42E7D147
:10092000304600F0A5FB0028EED0109B3A4602931B
:100930000F9B414601930E9B05980093CDF80CA0A8
:100940004B4600F0C1FCD5E72046D3E70000FFF698
:10095000000002090000010937B54FF480740194CA
:10096000214C41F00051A16140F6110143F00053C8
:10097000A3622123E16104F120016161012122626E
:10098000E362069A194B01AD1A60079A256042F09E
:1009900000521125C3E901122022DFF854C0206162
:1009A000C4E902C504F1100565606162DA60BFF355
:1009B0005F8F4FF0A3421460BFF35F8FBFF35F8F71
:1009C0001361BFF35F8FBFF35F8F03235363BFF3E5
:1009D0005F8FBFF35F8F9363BFF35F8F09F0A5F95C
:1009E000431CFBD003B030BD343600202436002039
:1009F0000400002038B504460D4619B10A688B681A
:100A00001AB953B96FF0210029E033B94B6823F0CC
:100A10000802102A01D0202B36D12561EB68D3B90A
:100A20001B4B04F17801236001236360AB6804F180
:100A300014009A069B01DBB202F0E0421A4342F432
:100A40008032112300F026F8AB684BB10020102350
:100A5000C4E9020303E0686998470028E0D038BD84
:100A60002A68A3691A606B68A26943F00053936017
:100A70002268A36992699268DA60A3691033A3615E
:100A8000636801336360E1E76FF04100E7E700BFAF
:100A9000F0D40200026100F11402826000F1100241
:100AA0004160C2600A604268034991604268D36055
:100AB000436810334360704704000020BFF35F8F2A
:100AC000094A1368BFF35F8F43F48071BFF35F8FF0
:100AD0001160BFF35F8F23F48073BFF35F8F1360E8
:100AE000BFF35F8F704700BF0010805108B5FFF75C
:100AF000E5FFBFF35F8F064A1368BFF35F8F43F0D4
:100B00000103BFF35F8F1360BFF35F8F08BD00BFAA
:100B10000010805170B50026C0E9006605460C46FD
:100B2000FEF7A6FE01232B70FFF7C8FFBFF35F8F10
:100B3000204BDB68BFF35F8F9B08013BACB322689F
:100B400042B19A4205D9FEF7B3FE6FF03F002E7016
:100B500070BD1346D4E90115E068002908BF4FF4C1
:100B60000071002808BFF1202469BFF35F8F114A8C
:100B70009360BFF35F8FBFF35F8F1564BFF35F8F29
:100B8000BFF35F8F5064BFF35F8FBFF35F8F51631D
:100B9000BFF35F8F44F4802444F00104BFF35F8F00
:100BA0001460BFF35F8F0020D2E74FF40071F12093
:100BB0002546DAE70010805170B503780D461446DB
:100BC000002B52D0BFF35F8F2C4A136BBFF35F8FA4
:100BD00003F00E010A294BD013F00C0F02D14FF095
:100BE000FF3070BD4368D3B9BFF35F8F5368BFF365
:100BF0005F8F032BF3D9224B2249BFF35F8FD2F8CB
:100C00008060BFF35F8FBFF35F8F43F8046BBFF368
:100C10005F8F8B42F1D1FFF769FF01234360BFF380
:100C20005F8F164B9A68BFF35F8F0132B4EB021FE0
:100C300021D8BFF35F8F5A68BFF35F8FB4EB820F89
:100C4000CDD884B1BFF35F8FD3F88020BFF35F8F1F
:100C5000291D05F8012BA9424FEA122204F1FF34A5
:100C6000EFD0002CF5D10020BBE76FF02000B8E7F3
:100C70006FF05100B5E76FF03F00B2E70010805110
:100C8000101080512010805110B5044608B103782F
:100C900043B1FEF70DFE044B186809F081FD0CB15D
:100CA0000023237010BD00BF3809002073B50D4626
:100CB0000646FEF7DDFD15F0010509D001A800F09C
:100CC00073F9044620B1FEF7F3FD204602B070BD73
:100CD000184B186809F05EFD0EB101233370BFF3A5
:100CE0005F8F4FF0A3430022DA61BFF35F8FBFF342
:100CF0005F8F4FF0FF321A63BFF35F8FBFF35F8FD9
:100D00003422DA61BFF35F8F01220B4BC3F8042357
:100D100075B1019809F0F3FA042104460DEB0100C6
:100D200009F087FD002CD0D03046FFF7ADFFCCE7AF
:100D30002C46CAE7380900200080045038B5164C0C
:100D4000D4F80051C5B1BFF35F8F4FF0A343996A48
:100D5000BFF35F8FBFF35F8F4FF0FF321A63BFF3B4
:100D60005F8F0023C4F80031D4F800310B4B1868B2
:100D7000BDE8384009F027BDD4F8083153B100F080
:100D8000A9F809F08AF9C4F80851D4F8083101210A
:100D9000034BECE738BD00BF008004504009002041
:100DA0003C09002008B5074B186809F0FBFC064B0E
:100DB000186809F0F7FCBDE80840002248201146F9
:100DC000F2F7EAB9400900203C09002038B5094B88
:100DD0001C7864B1084B4FF0FF311D68284609F0BC
:100DE000E3FC4FF0FF310446284609F0EAFC2046B8
:100DF00038BD00BFFC3A00204009002038B5074B41
:100E00004FF0FF311D68284609F0CEFC04464FF034
:100E1000FF31284609F0D5FC204638BD3C090020AA
:100E200010B5064CE36C3BB9214651F84C3B986930
:100E300009F050F90123E364014810BD6436002035
:100E4000B036002010B50A4B0A4C236003F5C043AE
:100E500063602461FFF7E4FF236D0020B3F5007F9A
:100E6000CCBF4FF480634FF40073A36010BD00BF8C
:100E7000002080516436002010B50446114B1868DC
:100E800009F088FC104B1A68236122605A6862607E
:100E90009A68A2600D4A12689A660023A364FEF75E
:100EA000E7FC04220A4BC3F80423204609F0E6F8C5
:100EB00020B9204609F0E7F800B910BDFFF79EFF02
:100EC000F3E700BF44090020643600201CD502006F
:100ED000008004500048704764360020042210B59A
:100EE0000446084BC3F80823FEF7E2FC064A2369D0
:100EF00012689A6600236364044BBDE810401868CA
:100F000009F04EBC008004501CD5020044090020AA
:100F1000244B0340B3F5806F30D016DC402B2FD02C
:100F200008DC102B2ED0202B2ED0181E18BF01202D
:100F300040007047B3F5807F28D0B3F5007F27D0FD
:100F4000802B14BF02200B207047B3F5804F21D0B7
:100F50000BDCB3F5805F1FD0B3F5005F1ED0B3F597
:100F6000006F14BF022006207047B3F5004F17D062
:100F7000B3F5803F14BF0220032070471120704753
:100F80000A2070470C2070470920704708207047DE
:100F900007207047142070470520704704207047D1
:100FA0000F207047F0FF010070B50E4D0E4E044645
:100FB000286809F0EFFB306828B980220B49FEF75A
:100FC000AFFE60B92020094A013852F82020306075
:100FD00022600024286809F0E3FB204670BD02244B
:100FE000F8E700BF48090020D0360020D4360020A2
:100FF00012281BD0A0F11203302B2DD826280DD893
:101000001738C3B20B2B27D81648184100F001003F
:10101000C0F1FF2000F57F007A3070472738C3B257
:101020001148D84000F0010087387047B1F5807F43
:101030000ED006D8E02914BF6FF086006FF085004F
:101040007047B1F5C07F0AD040F209239942F2E718
:10105000064B0020136070476FF0860070476FF0FA
:1010600085007047EEF7FFFF1102000CB0D60200BA
:10107000A0F11203DBB21E2B9DBF0348D84000F045
:1010800001000020704700BF2102214270B50446D4
:10109000A4B0466811A80D46FFF7EEFE174B11A845
:1010A000196809F011F821466B46002211A809F0D1
:1010B00076FA044680B911A809F015FADDE90012A4
:1010C0000346284609F07BF911A809F0CBFA11A8CC
:1010D00008F0EBFF044648B111A8FFF7FFFE2046D9
:1010E00008F0D5FA0446204624B070BD11A8FFF7D9
:1010F000F5FE3146684609F09CFBF4E7C0D60200D5
:1011000070B5D51D1C78ED080646042C084611461E
:101110004FEA450286B002F101021DD10A9C9442B9
:101120001AD1104C104A344044F0106494424FF0ED
:10113000000414D15A1CCDE902526A1C134401AABE
:10114000CDE904530194FFF753FF18B9019802A9A0
:10115000FFF79CFF06B070BD6FF08600FAE72046EF
:10116000F8E700BF0000FFF6000002092DE9F0419A
:10117000038803F44F44B4F5824F02D0B4F5884F8E
:1011800022D1DEB2C56803F4E0401F4B00241F46A5
:1011900093F800C0B4451BD1D2F80080B0F5804F61
:1011A0000CBFD3F80CC0D3F808C0D3F804E0B8F1F2
:1011B000000F0BD18C4509D1C2F800E08C450DD051
:1011C0006FF08600BDE8F0810026DBE7F045F5D042
:1011D0000134132C03F11403DAD1F1E7142303FBD8
:1011E00004773B7C13B96FF08500EBE7422E09D101
:1011F000064B9D4206D003F20B139D4202D00A33E8
:101200009D42DDD10020DDE734D502000008000654
:101210002DE9F34105881F4605F44F43B3F5824F8E
:101220000E468046418802D0B3F5884F1BD1EDB2FF
:10123000422D3DD8402D13D8A5F11203DBB21E2B51
:1012400036D81E4A42FA03F3DA0731D4CC1DE4083B
:1012500064000134089BA34207D26FF0890024E0A8
:10126000CC1DE408F6E700242546284601AAFFF72E
:10127000BFFED0B9D8F80420114BB3EB122F19D010
:10128000123DEDB21E2D15D80E4BEB40DB0711D5EC
:1012900039460423019A01F8013B304600F0A6F8D4
:1012A00008F0F5F908B9099B1C6002B0BDE8F081AF
:1012B0000024DAE76FF08500F7E700BFDEFFFFBF2D
:1012C000004E8000210000402DE9F0411546C4B0D9
:1012D00003AC1E460DF104080FABC8E90021C4E9B8
:1012E0000132226020AB10220746002107A8E360EC
:1012F00009F0B8FA4A9A6B0001339A426DD13378FB
:10130000042B6AD14C9B9D426AD8731CCDE90753CC
:101310006B1C1E44384607A9CDE90956FFF7B6FEF7
:101320000546002855D131A8FFF7A6FD2E4B31A860
:10133000196808F0C9FE0A26002239460BAB31A80D
:1013400009F02DF90546002834D131A809F0CBF871
:10135000054602460B99404609F008F8DDE90C12F3
:101360002B4607A809F02BF831A809F07BF931A822
:1013700008F09BFE0546E8B9013EDDD131A809F031
:10138000EFF8064631A809F0AEF823460246D6E942
:10139000000109F004F8636822680C93A3684B9974
:1013A0000D93E3680BA80B920E9308F0DFFF4D9BA3
:1013B0000B9A1A60D4E9001009F03BFAD4E9021044
:1013C00009F037FA284608F062F9054631A8FFF718
:1013D00085FD284644B0BDE8F0816FF08605F8E74A
:1013E0006FF08905F5E700BFD8D602002DE9F04778
:1013F00096B0814603A80E4615465768FFF73CFD98
:10140000254B03A8D3F800A04FF00008514608F080
:101410005BFE6B460022294603A809F0C0F804468B
:1014200018B103A8FFF75AFD21E03A464946009853
:1014300008F0F0FFDDE90123294603A809F07EF852
:1014400003A809F00FF903A808F02FFE06280446A8
:1014500011D108F10108B8F10A0F04D0514603A8D0
:1014600008F032FED5E703A8FFF738FD6A242046CE
:1014700016B0BDE8F0870028D3D103A809F070F8B2
:1014800005463A460168304609F0DFF93A46696890
:10149000F01909F0DAF9C4E7D8D60200F8B50E4B16
:1014A00006461D68AB789B0712D56F6816F8014B8E
:1014B00029462CB90A20B847002805DB204609E058
:1014C0002046B8470028F1DAAB7843F00403AB704C
:1014D0004FF0FF30F8BD00BFF0BC02000CB430B5D7
:1014E0008BB004460D462022002102A809F0BAF96B
:1014F0000223002D06948DF80A300C4B039312DB67
:1015000001D06B1E1C440FAA0E9902A807940192E9
:1015100000F074F815B1069B00221A700BB0BDE8FC
:10152000304002B070470024EDE700BF8DA90200F3
:10153000242AF0B5044601D8012A40D12E4B1622A8
:10154000F1F726FF1A5001B10C600020F0BD2F46C4
:101550003D4615F8010B2028F9D0A0F109060346F5
:10156000042EF4D92B282CD02D282CD101262B7811
:10157000BD1C302B2DD1287840F02000782824D1B4
:1015800032F0100021D16B782C4610220235002059
:10159000392B82BF03F1FF3343F02003263B303B5E
:1015A0009A421AD9A0FB02040CB9C01801D346F024
:1015B00002062F462C4617F8013B3D46E8E7074652
:1015C000C6E70026D3E70026D3E7002A08BF082293
:1015D000DDE7002A08BF0A22D9E701B10C60F20753
:1015E00048BF4042B307B1D5034B2222F1F7D0FEEA
:1015F0001A504FF0FF30A9E70C0000002DE9F04F22
:1016000043688BB080469246009383789C0740F1F4
:10161000F98000250878002800F0F68025280AD0F7
:101620004B1C019301354146009B98470028C0F2AE
:10163000E3800199EEE74E788B1C252E0193F1D0C3
:1016400000270A22B9463C461F2C22D8A6F12003C7
:10165000102B20D8DFE803F0141F1F1A1F1F1F0BC9
:101660001F1F1F121F171F1F090044F00104019BB9
:1016700013F8016B0193002EE6D13AE044F0020426
:1016800044F00404F3E744F00804F0E744F01004E5
:10169000EDE77F2C24D8A6F13003092B08D860068B
:1016A0004EBF02FB073744F0200402FB0939DEE796
:1016B0002A2E0DD161065AF8043B53D4002BA7BF44
:1016C00044F020049946C3F1000944F02804CEE711
:1016D0002E2E05D1630600F1978044F04004C6E742
:1016E0006C2E2ED028D8682E32D06A2E37D04C2EB1
:1016F00035D0002F46F02003B8BF24F04004A3F1FA
:101700006502BCBF0027A4B2022A01D9612B2BD1EC
:101710000AF1070A07279D4E2AF0070A0AF1080A6C
:10172000210760D506EB070B34465C455DD1AE1B47
:10173000A9EB0709A21959E1742E98D07A2E96D0F8
:10174000D7E7260648BF44F4007444F080048EE7CF
:10175000E00548BF44F4007444F4807487E744F41F
:10176000207484E71F4682E7A6F16302122A00F282
:10177000D880DFE812F013004D00D600D600D60066
:10178000D6004D00D600D600D600D600D600E80020
:10179000D100D600D6001A00D600A0005AF8043BAB
:1017A000012704AE8DF81030BAE75AF8046B784B75
:1017B000002E08BF1E4614F0400F304614BF3946B5
:1017C0004FF0FF3109F080F80746A9E74146202095
:1017D000009B984700280FDB013CA742F6D34D44FD
:1017E000A1462D1B9EE74C46F7E7414614F8010B36
:1017F000009B9847002898DA98F8023043F00403D9
:1018000088F802304FF0FF3528460BB0BDE8F08F66
:10181000220630D5A3052AD50AF1070A2AF00703C4
:101820009A4659685AF8080B24F0100B00291FFA41
:101830008BFB2FDA40424BF4806B61EB410104AC2F
:101840000A23224609F04CF81BF0400FA0EB0402DB
:1018500000F08E802BF001049742A4B240F38F80F9
:10186000002E40F08E802BF01104A4B21DE05AF837
:10187000040BC117D8E7E0055AF8041B01D4084649
:10188000F7E7A20547BF48B241F3C01108B241F3E0
:10189000C031C9E750EA0103D1D16306CFD5002F8B
:1018A000CDD124F011043A46A4B23B4640F20641A1
:1018B0000C4262D124E024F010040A23A4B214F0F4
:1018C000800243D014F4007117BF0AF1070A5AF8D6
:1018D000040B2AF0070292461CBF51685AF8080B05
:1018E00050EA01023ED124F0160B62061FFA8BFB70
:1018F0003CD5002F3AD124F017043A463B46A4B217
:1019000021075AD4E10705D5994572DDA9EB0303F8
:101910009F184B469B464AE044F01004102378265B
:10192000CDE7782B04D1C6F1780343F01003C6E766
:1019300041462520009B98470028FFF65DAF023501
:101940004146304670E608230026B8E714F480715B
:101950005AF8040BC4D014F400711ABFC0B2114677
:1019600080B2BDE724F006041FFA84FB04AC68E7EC
:1019700013465C46E10699D52EB90133C0E71346FC
:10198000F8E73B46F6E70233BAE700BF77E4020028
:1019900070E40200CDE9023241462020009B9847C6
:1019A0000028FFF629AF0BF1010BDDE90232D94522
:1019B000F0DCEB1A03EB0B055B46E10627D541464D
:1019C0003020CDE90232009B98470028FFF614AF83
:1019D000DDE902327EB901352F44791B8A4229DBC9
:1019E000144604AE94BB2A44A9EB0309154691445E
:1019F00040E017468EE7023541463046CDE90232D7
:101A0000009B98470028DDE90232E5DAF4E640F26F
:101A100006410C42E0D014F0020F05F101054146E9
:101A200014BF2B20202014F4806FCDE9023218BFA0
:101A30002D20E5E7CDE902324146009B30200135FB
:101A400098470028DDE90232C7DAD5E6013C414675
:101A5000CDE90232305D009B98470028DDE9023273
:101A6000C0DAC9E641462020009B0135984700288E
:101A7000FFF6C2AEA9EB0503002BF3DCD9E500BFEE
:101A800038B5044C044DAC4200D138BD54F8043D87
:101A90009847F8E70000000000000000704708B514
:101AA000F0F788F8F0F796B800EBC10040884008DE
:101AB0007047F8B50346FFF7F7FFB0FA80F0C0F1C2
:101AC0001F0003EB800CDCF81060CA00171D0C46E9
:101AD00006328DB256B9012101FA00F0D9680143EE
:101AE000D960CCF81040DD539D52F8BDF1000431AF
:101AF000585AD85303EBC0009E52C5805D52F4E79C
:101B000010B500EBC104E388994202F104010AD147
:101B1000012303FA02F2C36823EA0203C36000232D
:101B200040F8213010BDA28840F8213000EBC201FE
:101B300000EBC300CB808280F4E708B50346FFF7D3
:101B4000B3FFB0FA80F21846BDE80840C2F11F02A8
:101B5000FFF7D6BF2DE9F843B1FA81F3C3F11F02B5
:101B600000EB8209D9F8107006460D4687B94FF090
:101B7000FF34C3F120039C40F3681C4014D094FA56
:101B8000A4F2B2FA82F2131D56F82340214608E06F
:101B90003C464FF0030821463046FFF785FFA84238
:101BA00005D33046FFF7ACFF2046BDE8F88306EBCF
:101BB000C404E488B8F10108C9F81040D7D0A7429E
:101BC000E9D1D4E738B50446FFF76EFF0D4603466A
:101BD00011462046FFF768FF03449BB204EBC5059E
:101BE0005A0020466A80FFF75FFF014424F8313035
:101BF00038BD70B50B460446FFF756FF04EBC3052E
:101C0000511A9B1A89B203444E009BB26E8004EBBA
:101C1000C2005D00458024F8321020461146FFF7CF
:101C200043FF014424F8313070BDF8B5002951D08C
:101C300004680D1F2D1BEE0825F007056219538857
:101C400013F0010306D183F31188BFF36F8F0423D0
:101C5000184602DF31462046FFF726FF304434F8AD
:101C60003030C01A864207D0002383F31188BFF3B7
:101C70006F8F0423184602DF5388314623F0010397
:101C800053802046FFF710FF371804EBC7035B882B
:101C9000DA0708D439462046FFF74FFF3A46314667
:101CA0002046FFF78FFF655B751B04EBC5035B8860
:101CB000DB0709D429462046FFF73FFF3246294675
:101CC0002046FFF77FFF2E4631462046BDE8F8400C
:101CD000FFF7EFBEF8BD70B509B9002070BD05680B
:101CE00001F007030B33CC0804EBD304AB682846A0
:101CF0009C4228BF1C462146FFF72CFF06460028C1
:101D0000EBD001462846FFF7CFFEA04207D9284670
:101D10003219FFF76EFF11462846FFF7CAFE05EBA2
:101D2000C60210465388043043F001035380D5E7C0
:101D30001146FFF7D0BF043A2DE9F843CC1D1144FA
:101D400024F0070421F00706A6EB04084FEAD807A1
:101D5000B7FA87F24FF00009C2F12405AD0007354C
:101D6000C2F12002ED0804604946A760C4F80C9057
:101D7000920004F1100008F075FDAAB2530043F080
:101D8000010363807B1B9BB204EBC5015800A4F8E0
:101D90000090488024F83520A6F8029024F80830F6
:101DA00004EBC7035A88294642F001025A802046B4
:101DB000BDE8F843FFF77DBE002070470FB407B5BC
:101DC00004A951F8040B0191F0F7EEFA03B05DF8A5
:101DD00004EB04B0704708B5EFF31183402383F39D
:101DE0001288BFF36F8FEFF3108372B6F1F764FEC2
:101DF000F0B564230446042500204FF00A0C11B10D
:101E0000013D01D12570F0BDB2FBF3F79A42FEB25D
:101E100002D2012B00D030B130360139013004F844
:101E2000016BC9B2C0B203FB1722B3FBFCF3D2B201
:101E3000E5E7A0F13003DBB2092B02D80B700020DC
:101E40007047A0F16103052B02D857380870F6E7F8
:101E5000A0F14103052B01D83738F7E76FF01500E3
:101E60007047F7B5054601F0010000EB51069E42B0
:101E70004FEA510703D90026304603B0F0BD58B1F0
:101E800028780DF10701FFF7D4FF0028F3D19DF862
:101E90000730013502F8013B01351744BA42EBD057
:101EA00015F8010C0DF10701FFF7C3FF0028E2D17F
:101EB0009DF807402401E4B2147015F8020BFFF7F7
:101EC000B8FF0028D7D19DF807301C4402F8014B19
:101ED000E4E7038B13F0070306D10368002B18BF58
:101EE000032008BF00207047022B05D1408BB0FAB9
:101EF00080F0400980007047012B04D10368002B5B
:101F000018BF0520EDE70020704710B50C4600B162
:101F100011B96FF0150010BD081D00F087F80028FA
:101F2000F9D1A368032BF6D9F3E72DE9F0410D466B
:101F300007461946281D90461E4600F088F80446BC
:101F400038B13346424629463846A446BDE8F041FA
:101F50006047BDE8F08110B4EFF31182402484F3B0
:101F60001288BFF36F8F416110BC0121F0F74EBAA8
:101F700038B50C46054658B151B10B6843B14B68B2
:101F800033B11C22002108F06DFC00202C6138BD0B
:101F90006FF01500FBE7F8B504460E46FFF7B5FFF6
:101FA000051E3BDBEFF31182402383F31288BFF35E
:101FB0006F8F4FF6FF71638B278B8B4207F00707FC
:101FC0002ED0062F2FD8DFE807F0182E082E180481
:101FD00018006FF08505002303E0013363830225B9
:101FE000012382F31188BFF36F8FBBB100233A4600
:101FF00031462046FFF799FF10E000233360636805
:1020000023B9C4E9006627B13D46E4E71E60666077
:10201000F9E702212046F0F7F9F93D462846F8BDD8
:102020006FF00A05D7E76FF00405D4E7034658B10F
:10203000426802F00302012A03D0032A04D1026895
:1020400012B10020986070476FF015007047426829
:10205000034602F00302032A4FF00002816014BF1E
:10206000104600685A60704770B506460C8888882C
:10207000241A3069A4B2844285B224BF641BA4B27E
:102080002D1BA8B2984228BF18463368234413601A
:102090000B8803440B8070BD70B40E460146C588A2
:1020A00031F80A3FEC1AA3B2934228BF13463246D6
:1020B00070BCFFF7D9BF10B54B880C88E41AA4B2E6
:1020C00094420ED31A4492B28B884A800A800069E7
:1020D000D21A92B2824201D2002010BD03448B80FA
:1020E000FAE76FF01500F8E72DE9F34107460E46D1
:1020F00015464FF000082A46384601A9FFF7CCFFE5
:10210000044648B12EB102460199304608F09DFBC5
:1021100026442D1BA044EED14246384607F10A0161
:10212000FFF7C9FF404602B0BDE8F081704770B4C8
:102130001E461546DDE9032381690468C06B06FB72
:102140000141294484682468A44670BC604707B5EF
:102150001021019104990091FFF7E9FF03B05DF8A8
:1021600004FB00224B6801334B60C069924208BFF8
:10217000834208BF4A607047F7B5426C85695200D8
:10218000AD1A63F10006099B2A46009333460446C4
:10219000089FFFF7DCFF50B92046626C0897521980
:1021A00046F1000303B0BDE8F040FFF7D0BF03B035
:1021B000F0BD10B5411C04460F22FF20F7F744FD87
:1021C000207010BD2DE9F04F1D46036C04461B79AD
:1021D00097B0DB0703D5002017B0BDE8F08F826908
:1021E00001684FF0000A05FB0211C06B83689B6811
:1021F000002B49D098470028EED1216C06A80B6827
:1022000049795B4203F020031A46D4F818900393EF
:1022100008F028FBB9F1000FDDD0039E236C4E457A
:1022200028BF4E461B68B3465B4203F0200304936D
:10223000D0462B4606AA0292BBF1000F07D1A9EBAC
:10224000060916EB0A06B24645F10005E2E7049FCF
:102250000EAA5F4528BF5F4600922046424601977E
:102260000593FFF764FF90B93A4602980EA908F06B
:1022700008FB60B9059B029A17EB0808ABEB070B4C
:1022800043F100033A44D6E76FF05700A4E76FF03C
:102290000500A1E7FAF77ABE10B5437804468B42F1
:1022A00009D1411C0F22FF20F7F7CEFC23781B1A1F
:1022B0005842584110BD0020FCE710B54178044653
:1022C000FFF7EAFF40B14FF6FF7362889A4206D1EA
:1022D0006068431C5842584100F0010010BD0020C6
:1022E000FAE710B58269416C86B0521A02AC63F10C
:1022F00000030094FFF72BFF002808DB2046FFF7C0
:10230000DCFF30B100209DF80920089B1A7006B050
:1023100010BD6FF00100FAE730B58269416C87B0FB
:10232000521A02AD63F1000300950A9CFFF70FFFFC
:1023300000280ADB2846FFF7C0FF50B1049B33B9E1
:102340009DF809201AB12260002007B030BD23603B
:10235000FAE76FF00100F8E770B5064608460D464B
:102360001446FFF7AAFF08B9002070BD2046617827
:10237000FFF792FF0028F7D06388002BF4D1636841
:102380000133F1D1A268B3699B1A726CB3FBF2F10D
:1023900002FB1133002BE7D168786378C31A5842E7
:1023A0005841E2E773B5DDE90656CDE9005604462B
:1023B000FFF7E2FE20B9324629462046FFF7CCFF60
:1023C00002B070BD30B50C46D1E900130546426C31
:1023D0008BB0521843F10003C4E90023406CA96993
:1023E000A1EB40018A4213D1ABB9E9699A184B1E9F
:1023F00006A9C4E90023019102A928460091FFF72C
:10240000D1FF002805DB08D1D5E90223C4E9002368
:1024100000200BB030BD013BEAE7089B2360F7E7E3
:102420002DE9F04F99460646884614464FF0FF378F
:102430008DB0CDE90629DDE916A308AD02930DF1B3
:10244000170B22464B4630460095FFF780FE0246AA
:1024500000283FD1304606A9FFF7B4FF00283DD140
:10246000099A42451AD1FA17904208BFB94503901C
:102470000CD022464B463046CDF800B0FFF731FF76
:10248000831C0246039923D18DF8171028469DF826
:102490001710FFF701FF024640B94F46DDE906126B
:1024A000029B9A4208BF51450FD10022189F2E4629
:1024B0000CAB03CE9E4238607960354607F10807C1
:1024C000F5D1199BC3E9004904E00C469146B8E7F1
:1024D0000028DBD010460DB0BDE8F08F0246F9E7CA
:1024E0000368012B81BFC91801F1FF315B4219401C
:1024F00008467047FAF7BCBD2DE9F04389B007469E
:10250000DDE910851DB9002009B0BDE8F0838169BF
:10251000066803FB0166036C16441C6864422C4089
:102520000DD0C06B83684246D3F8049031462346F1
:10253000C8470028E8D12D1BE5D02644A0442A46F0
:102540004146684608F081F93C6C0DEB05002268B5
:102550006179521B08F086F9F86B2368826831466E
:1025600054686A46A047CFE737B51025CDE9001576
:10257000D0E902230446FFF7BFFF024650B92946BF
:10258000206CFFF7ADFFD4E902311B1A61F10001A5
:10259000C4E90231104603B030BD2DE9F0414FF0DF
:1025A000FF3200268CB004960592ADF8122044F25A
:1025B000012207920DF10F02009232461D46044699
:1025C0000696FFF78EFE831CB0463AD18DF80F6059
:1025D000A269616C12EB08024FEA410145F1000368
:1025E000521A08A963F1000320460091FFF7AFFDDE
:1025F000002828DB9DF80F209DF82110531CDBB22A
:10260000994204BF0232D3B2129A04A80132069250
:102610008DF81130FFF7CDFDD4E90267A369626C34
:1026200013EB080345F100059B1A65F100052046F0
:10263000C4E9023504A9FFF797FF20B9C4E902678E
:1026400001E00028C4D00CB0BDE8F081F0B5002452
:102650000546264685B003AFEB69A34202D80020A9
:1026600005B0F0BD00222346284600970396FFF7E9
:1026700053FE08B1831CF3D1002223462846FFF7FE
:10268000A1FD0028ECD1039B024600932846234677
:10269000FFF783FF0028E3D10134DDE71FB50446CF
:1026A0001022FF21684608F0DDF80023ADF8023063
:1026B00023696846029394F824308DF80130FFF7BF
:1026C00078FD69462046FFF74FFF04B010BD30B5D6
:1026D0008BB004461022FF2102A808F0C3F80023A3
:1026E000A268ADF80A30636C06A89B18049394F8AE
:1026F000243010228DF80930236C597908F0B2F893
:10270000D4E9021341BB626CA1695000884288BFC2
:10271000013BA1EB4202C4E9022302A8FFF749FDF5
:1027200002A92046FFF720FF204604F10801FFF729
:1027300018FD04F124030093D4E902232046FFF797
:10274000D0FD831C4FF0000514D184F82450E368B9
:102750000020C4E904530BE0D4E90402814273EB86
:102760000202D0D3204606A9FFF7FEFE0028C7D0FC
:102770000BB030BD0028EAD0FAE737B5CDE900123A
:102780001546D0E904230446FFF7B6FE00280CDB0B
:102790002946206CFFF7A4FED4E904321B184FF041
:1027A000000042F10002C4E9043203B030BD00234E
:1027B0002DE9F04F00F12405ABB000950B93D0E963
:1027C00002230446FFF78DFD821C12D1D4E90223B7
:1027D0002046FFF7F7FC78BB0090D4E9022320469F
:1027E000FFF7DBFE40BB00952046D4E90223FFF74C
:1027F00078FD08BB002294F8243020460593E36856
:102800000CA9CDE90C23FFF7ACFCDDE90C79A56937
:10281000636CED1949F10006ED1A12AB66F1000682
:1028200001931EAB00932A4633462046CDE90E564F
:10283000FFF7B8FD002802DA2BB0BDE8F08F2CD0EE
:102840009DF879300DF1580A84F82430636C5B00F0
:10285000EB1A079366F100030893149BCDE90E363B
:10286000DDE90EB820465A464346CDF800A0FFF7F2
:102870006EFC0028E0D120460EA9FFF7A3FD00283A
:10288000DAD1504694F82410FFF706FD30BBDDE99D
:102890000732424508BF5B45E2D1059B204684F8DC
:1028A0002430FFF7FBFE0028C6D10BAB00933A465D
:1028B0004B462046FFF730FD08B1831CBCD13A4699
:1028C0004B462046FFF77EFC0028B5D10B9B3A46CD
:1028D000009320464B46FFF760FEADE7BDF85A3047
:1028E000002BD4D0D4E9022310A903911AA9029194
:1028F0002046CDE900231799CDE910B8FFF790FDE8
:10290000002899DBDDE91023434508BF5A45BED1B5
:10291000BDF85A60082E29D9189B226904934346B2
:102920001892226C1268524202F020020692069D12
:1029300022AAB54228BF354600922046049A019546
:102940000993FFF7F4FB00287FF476AF2A46204670
:1029500022A9FFF712FF00287FF46EAF049BEA184C
:10296000099B049243F10003761BE0D1059B50467E
:102970008DF85930FFF71DFC51462046FFF7F4FD56
:10298000002884D058E7002200232DE9F04F0026CC
:102990009FB0CDE90823036C00F128091B79044698
:1029A00002934FF0FF324FF0FF334846FFF772FCBF
:1029B000374635460DF148080DF1580AE369AB4238
:1029C00007D8E369BB4250D1002E4ED16FF085038A
:1029D0002DE0626CA1695000884294BF2B466B1EAB
:1029E000A1EB42022046CDE900A8CDE90823FFF77C
:1029F000C3FB0346D8B99DF8593084F82430199B9D
:102A000003F47023B3F5803F2DD242465146204651
:102A1000FFF7A2FC38B3199B013703F47F42B2F5EC
:102A2000844F0ED1DBB2012B0AD06FF07A034846F7
:102A30000293FFF75FFD029B18461FB0BDE8F08FC1
:102A40000646204608A9FFF78CFBDDE9082320464F
:102A5000CDE900A8FFF7A6FC031EE8DB9DF859307E
:102A600084F82430ADD00135A8E7AB4244D1636C83
:102A7000089A0EADD21A099B204663F10003009517
:102A8000FFF765FB03460028D1D1284694F82410AF
:102A9000FFF702FC18B9204608A9FFF762FBDDE941
:102AA000086712AB16AD019332463B4620460095AF
:102AB000FFF762FB03460028B9D1199B03F470238A
:102AC000B3F5803F3DD22846FFF7F7FB002838D00A
:102AD000199B03F47F42B2F5844F2ED004F12403F6
:102AE000009332463B462046FFF7FBFB851C03461E
:102AF0003ED1002384F824300026636C089A099D97
:102B00005B00B2EB030B65F10005B0462F46CDE943
:102B100008B503950DF1680A0495039B5E45AB412A
:102B200029D3029BC4E90487DD43DDE9082305F0CE
:102B30000105C4E902230AAE6AE0DBB2012BCDD065
:102B400073E7236AD8073FF541AF3B46324620463C
:102B5000FFF738FB034600287FF469AF3B4600903F
:102B600032462046FFF719FD03460028B6D05EE73F
:102B70000028C1D05BE72B465A462046CDF800A07E
:102B8000FFF7E5FA034600287FF451AF059094F86B
:102B900024105046FFF780FB78B1BDF86A10059B02
:102BA00008291E4607D9206CFFF79AFC1C9B049F3E
:102BB00018448619B046CDE908B5636CBBEB030336
:102BC0009B4665F10005A8E720460096FFF7BFFA8F
:102BD000034600287FF42BAF002D4DD0226C517995
:102BE000324612F8010B884217D0D4E90223D4E907
:102BF0000487BB4208BF424504D1BDF82A10002912
:102C000040F0CB80616C521A63F10003C4E90223E7
:102C1000424573EB0707D7D202E00133102BE0D116
:102C2000626CA3695200E1689B1A61F10001CDE971
:102C30000831204608A9FFF794FA12AB019316ABAE
:102C400000932046DDE90823FFF7ACFB031EFFF6E7
:102C5000EEAE012B18D00023626CA169A06802EBD4
:102C60004202891A9B4208BF88427FF4E0AE2046A8
:102C7000FFF714FD0346DAE6304694F82410FFF718
:102C80000BFB0028B1D1CBE70023D4E90257626CDB
:102C900007939DF85930551984F8243047F10007FF
:102CA0001AAEA169CDE90857A1EB42018D422CD3A0
:102CB0000021D4E9022307AD002943D00022204699
:102CC00008A9CDE90823FFF74CFADDE9086720469B
:102CD0003B4632460095FFF71FFB034610B1811CAF
:102CE0007FF4A5AE3B4632462046FFF76BFA031E43
:102CF000FFF69DAE079B3246009320463B46FFF70A
:102D00004CFC03460028A6D091E63B462A462046C6
:102D10000096FFF71CFA034600287FF488AE304681
:102D20009DF86910FFF7B8FA28B1BDF86A3013B9F9
:102D30001B9B013304D0626C551947F10007B0E7C3
:102D40000121B6E720460095FFF7E6FA034610B1E9
:102D5000821C7FF46CAED4E902232046FFF732FADE
:102D6000034600287FF463AE079B20460093D4E916
:102D70000223FFF712FC034600287FF458AE616C73
:102D8000A26901EB4101521AE1681218C4E9040179
:102D9000A2602046FFF70BFDB3E76FF01C0346E689
:102DA00030B50D46044685B018B96FF0150005B072
:102DB00030BD283005F01FFDE06B8368DB68984765
:102DC000024620640028F0D01021FFF789FB6064E0
:102DD0001368013B1F2BE8D81379DB0711D5636C0F
:102DE000A26903EB83039A42DFD3E369012BDCD9A9
:102DF0002046FFF7C8FDB0B90123002084F8253034
:102E0000D5E7E06B216801AA04F0CBF80028CCD10B
:102E1000A369002BC9D0029AB3FBF2F102FB113374
:102E2000002BDCD0C1E7002DC1D02046FFF70EFCFF
:102E30002046FFF7A8FD0028DED0B8E70021FFF705
:102E4000AFBF2DE9F04F894617461E46054685B0AF
:102E5000002800F0858090F82530002B7DD0314689
:102E6000006CFFF73DFB6B6CAA6903EB8301521A00
:102E70009642824674D8B6F5803F71D20EB1002FCB
:102E80006ED0BAF1000F03D0082E94BF9A469A4430
:102E900005F128084FF0FF324FF0FF334046FFF7AF
:102EA000F9F94FF0000BEB695B4553D0D5E90221EE
:102EB000002A40D0D5E904431AEB040043F1000393
:102EC0008242994137D36B6C9A4200D19EBB10224B
:102ED0000021684607F0C6FC95F82430082ECDF88E
:102EE0000490ADF802608DF801301BD90294684659
:102EF000FFF75FF9082E06D9324639462846FFF714
:102F00003CFC044638B969462846FFF72DFB0028EB
:102F100014BF044634464046FFF7ECFA204605B09D
:102F2000BDE8F08F731E072BE1D83246394602A860
:102F300007F08BFCDBE72846FFF7C9FB04460028B7
:102F4000E9D12846FFF733FC04460028E3D10BF112
:102F5000010BA8E76FF01B04DDE76FF00C04DDE761
:102F60006FF01504DAE700231A46FFF76ABF2DE970
:102F7000F04F884615461E4604468BB0002850D0B8
:102F800090F82530002B4FD0D0E902234FF00009F4
:102F900004AF0DF1180BCDE902B7D4E90201CDE978
:102FA000000141462046CDE90423FFF739FA002805
:102FB00013DB10D039462046DDF814A009F10109D1
:102FC000FFF700FA48B9DDE9042314994945E2D234
:102FD000079A424504D06FF001000BB0BDE8F08FB6
:102FE000BDF81A70002FF6D0082F0AD83DB1BE42A6
:102FF0003246284628BF3A4608A907F026FC38463C
:10300000EBE7002DFBD0089A53460244B74294BF29
:103010000197019620460095FFF789F80028EED029
:10302000DBE76FF01500D8E76FF00C00D5E737B598
:10303000002500951C46FFF79AFF002802DBA042FE
:1030400028BF204603B030BD002307B51A460093C1
:10305000FFF78DFF03B05DF804FBC06918B1D0E83D
:10306000AF0F00F001007047C3693BB11B692BB182
:10307000DB691879B0FA80F0400970470120704789
:1030800070B5C56904460E460DB103232B71204669
:10309000FFF7EAFF80B103212046B047002802DA9B
:1030A00010F1860F09D12DB920463346BDE8704096
:1030B0000121184701232B71002070BD38B5C46968
:1030C0002568A90601D4002038BDE168D9B10139CD
:1030D000E1600029F7D1A3689847002803DAE36884
:1030E0000133E360F0E701236A072371ECD520691F
:1030F000C3691B68DB0509D5FFF7E0FF236823F0F0
:1031000004032360E0E76FF07700DDE76FF00A006B
:10311000DAE7D0E8AF0F084100F001007047FAF796
:103120005DB8FAF727B870B50446C06990B10821B8
:10313000FFF7EFFF014670B1EFF31185402383F3F2
:103140001288BFF36F8F2046FFF7B8FF85F3118811
:10315000BFF36F8F70BD2046BDE870400022002392
:1031600000F0ECB82DE9F74FC569064625B90024F3
:10317000204603B0BDE8F08F05212846FFF7C9FFC0
:1031800002460028F3D00821F069FFF7C2FF044689
:1031900078B3EFF31187402383F31288BFF36F8F67
:1031A000F569EB6803BB2B685A070DD4286958B141
:1031B000C3691B68DB0519D5FFF7D4FF041E0EDBBE
:1031C0002B6843F004032B6001213046AB6898471D
:1031D000041E04DB00232B71EB680133EB6087F3E3
:1031E0001188BFF36F8FC3E70024F5E76FF00A047F
:1031F000F5E7EFF705FA0746F0B9EFF31181402341
:1032000083F31288BFF36F8FEB6823B1287910B96D
:1032100017460133EB6081F31188BFF36F8F002FE6
:10322000A5D105F0BDFC421E67F1000305F11800B1
:10323000FFF775FF041E7EDB05F0B2FC10B12B79A1
:10324000022B13D02F692FB30221F069FFF761FF22
:1032500000BB3846FFF786FF044648B901212846DF
:10326000FFF757FF70B13846FFF75DFF6FF00A04B4
:10327000EFF7C6F900287FF47BAF05F11800FFF7E0
:1032800050FF75E7D5E8EF3F43F00403C5E8E23FA0
:10329000002AF7D1EB680133EB602B79022B08D1C0
:1032A00005F1380005F031FC10F0010001D1287162
:1032B000DEE7EFF7A5F940B94FF0FF384FF0FF39DF
:1032C00005F1280A2B79022B1AD0EB68012BCFD8F5
:1032D0000121AB6868699847041E29DAEB68013B55
:1032E000EB60002FC4D03846FFF71DFFF369D3E829
:1032F000EF1F21F00401C3E8E21F002AB8D0F6E76F
:103300000321504605F1180B05F088FE5846FFF7DB
:1033100008FF002203215046CDE9008905F082FE16
:103320004FF0FF324FF0FF335846FFF7F8FEC9E782
:1033300000232B719CE76FF00A0419E72DE9F04791
:10334000C46907468A4620460521FFF7E2FE9146FA
:103350009846064618B900252846BDE8F087EFF3E1
:103360001182402383F31288BFF36F8FE368012B30
:103370008ABF03F1FF330026E36082F31188BFF3B5
:103380006F8F002EE7D1EFF73BF918BB05F008FC73
:10339000421E66F1000304F11800FFF7C0FE051E8F
:1033A0003DDB5646E368002B36D0013BE36043B972
:1033B00096B102234A46237104F138004346FAF7D6
:1033C0004DF9EFF71DF90028C6D104F11800FFF7F9
:1033D000A8FEC1E73546E5E73146A368606998472E
:1033E000051E03DAE3680133E360EAE70123237192
:1033F0000221F869FFF78DFE0028E2D0FB69186909
:10340000FFF791FEFB69D3E8EF1F21F00401C3E849
:10341000E21F002AD5D0F6E76FF07705D1E76FF00D
:103420000F0599E7F8B50021044650F8303C50F8F4
:10343000240C98470546A4F120074FF0FF334FF0C6
:10344000FF323846FFF76BFE002DB7BF54F82C3C17
:103450000123013344F82C3CB8BF002304F8343C6A
:103460000121A4F11000994005F0D4FD3846A4F1E3
:103470003806FFF756FE85B902213046FFF749FEB0
:1034800058B154F8280CFFF74EFED6E8EF3F23F072
:103490000403C6E8E23F002AF7D1F8BD70B5044640
:1034A000C06988B10821FFF734FE70B1EFF31185D0
:1034B000402383F31288BFF36F8F2046FFF7FEFD92
:1034C00085F31188BFF36F8F70BD2046BDE8704053
:1034D0000121FFF733BFC3690BB1EFF799B8184665
:1034E0007047704730B54C680368A34201D2012091
:1034F00030BD8A682244934201D30020F8E7D1E925
:103500000452954203D36FF00B038B61F5E7CA6851
:103510001B1B42F835304368086902EBC002536058
:103520000B6901330B61E2E737B50C46C0B201A964
:103530001546EFF7DBF800280CDB019850B1214667
:103540002A46EFF7F9F804460198FFF7CAFF20462C
:1035500003B030BD6FF01504F9E7F0B587B01F4632
:1035600004460D46164600F052FE022302930DF16A
:1035700016030193BDF83030ADF8160000933246C3
:103580003B462946204602F077FC07B0F0BD2DE906
:10359000FF411F460D4616460446F0F741FF8046A0
:1035A000EDF7DCFEBDF8283080B2CDE90180009354
:1035B00032463B462946204602F05EFC04B0BDE898
:1035C000F0810020EFF71AB900221146EFF7E4B8B6
:1035D000034610B508460AB10021116053B1D0B1BD
:1035E000411E11F8010F80B113F8014BA04201D127
:1035F0003D28F6D100200EE0013313600AE03D289B
:1036000008D0B0FA80F0400905E018782F28F6D1EC
:10361000002AF1D1012010BD10B509B100230B60C3
:1036200058B103461A781C4601332AB13D2A03D00B
:103630002F2AF7D101B10B60201A10BD2DE9F341FB
:10364000DDF8208007460C4615461E460190B8F16D
:10365000000F07D0D8F8001081B9D8F804E0BEF107
:10366000000F14D1384601A9EFF70EF958B1C76819
:1036700033462A4621460198B84704E001AAFFF7DD
:10368000A7FF0028E9D1002002B0BDE8F081D8F8FA
:1036900008302A46089321463346F446019802B082
:1036A000BDE8F04160470830704713460A46D0E94C
:1036B0000001FFF7BCBCF0B5002704464FF0004501
:1036C00085B000F1080680F85C7008236A46294638
:1036D0003046FFF7ACFC831C21D1B5F1004F4FF011
:1036E00000070FD10823294630460DEB0302CDE930
:1036F0000277FFF7A6FB002802DB3846C4E915571E
:1037000005B0F0BDA36D3046CDE902370823616DE9
:103710000DEB0302FFF795FB00EAE070F0E70028ED
:10372000EEDB0099B9420ED194F85C20C5F3430357
:10373000934217D8009B01982F466565A365002822
:10374000DED00546C1E73046FFF70DFC0028D7DB89
:1037500008236A46294630460097FFF772FB002887
:10376000E2DACDE784F85C30E4E77FB500F10805E4
:10377000044628460E46FFF7F6FB002818DB2846CD
:1037800006F18041FFF7EFFB002811DB46F0010650
:1037900008236A4631462846FFF749FC002807DB24
:1037A000009939B931462846FFF7DDFB002818DAC1
:1037B00004B070BD082328460DEB0302FFF737FC69
:1037C0000028F5DB019B0BB9029AA265039308233D
:1037D000284600990DEB0302FFF733FB0028E1DADE
:1037E000E6E70199C1B1082328460DEB0302FFF774
:1037F0001EFC0028DCDB009B28460293082301996D
:103800000DEB0302FFF71DFB0028D1DB039B0BB977
:10381000009BA3650020CBE7009B6365FAE72DE9D9
:10382000F04F9BB004468846CDE90123002900F003
:10383000A1804A21404607F047F8019B814693B397
:10384000029BB3FA83F56D094FF0000B49464046E1
:10385000EEF736FD4FF0FF36DA4620F0404020F01C
:103860001F0040F00043009304F10803039394F811
:103870005C305B4519DA53453CD3009F760006F077
:103880001E0637436DB90125DDE9012304F1080661
:10389000304607F18041FFF7D4FA002839DB002DCC
:1038A0003AD1002035E00125CEE7009B039803EBD9
:1038B0004B073946492307AAFFF7B9FB831C06D1FA
:1038C000B6F1FF3F08BF5E460BF1010BCFE70028C2
:1038D0001FDB002200F168036B44484503F84C2CC1
:1038E00005D14A46404607A906F0CBFF58B10AF178
:1038F000010AE9E7BAF10F0F3FD8009B84F85CA0FA
:1039000043EA4A07BEE7002DBED039462046FFF7FE
:103910002CFF1BB0BDE8F08F00230693636D002BD6
:1039200022DA636D47F001050593294608233046E6
:1039300005AAFFF786FA0028EBDBA36D3046059356
:10394000616D082305AA0695FFF77BFA0028E0DBE6
:10395000636D4246C4E9155339464B463046FFF77E
:1039600070FA00EAE070D4E72046FFF7A4FE0028D2
:10397000D7D0CEE76FF01500CBE76FF01B00C8E79C
:103980002DE9F0410D4607464A2194B0284606F03D
:103990009BFF01462846EEF793FC002620F04044AA
:1039A00024F01F0407F1080897F85C30B34201DAED
:1039B000002417E066F344044923404601AA44F07A
:1039C0000041FFF734FB031E01DC0136ECE7002267
:1039D00050336B44284601A903F84C2CEDF7ACFC9E
:1039E0000028F2D1204614B0BDE8F08110B504469D
:1039F00061B1FFF7C5FF58B140F0004101F18041CE
:103A000004F10800BDE81040FFF71EBB6FF0150081
:103A100010BDF8B5044616461D46B1B1AAB1FFF770
:103A2000AFFFA0B140F0004000F1804708342B46C2
:103A3000324639462046FFF7FAFAA84207D13946FE
:103A40002046BDE8F840FFF7FFBA6FF01500F8BD5B
:103A500006F008BF06F0F9BE01460068EFF7ACB803
:103A600008B5EFF7D9F8BDE80840EFF715BC00211D
:103A70000120EFF7A1B8D0F89C3083F30B88704792
:103A80006FF08500704761B662B680F31188BFF3AE
:103A90006F8F704772B6002383F31188BFF36F8F67
:103AA000BFF34F8F30BF62B6BFF36F8F704772B6F0
:103AB000002383F31188BFF36F8FBFF34F8F20BFB5
:103AC00080F31188BFF36F8F62B6704740E800F350
:103AD00013F4803FD8B208BF6FF01500704730B5BF
:103AE0000C684B6885B00A894D890094013B24F02D
:103AF0001F04234402F01F0242EA451223F01F0371
:103B000069468DF808200393EFF77EFC05B030BDC1
:103B100008B5EFF769FE08B5EFF75EFE002008BDB7
:103B20007047002303824369C3607047C169896895
:103B3000EFF7C0BEEFF31182402383F31288BFF387
:103B40006F8F00230B60436833B9C0E9001182F323
:103B50001188BFF36F8F704719604160F7E7034624
:103B600010B5EFF31181402282F31288BFF36F8FFB
:103B7000006828B15C680268A0421A6008BF5A60F9
:103B800081F31188BFF36F8F10BD027A0132027288
:103B90007047034618465B68002BFBD170474268AC
:103BA00010B52AB10B461C465B68002BFBD1626046
:103BB000416010BD10B5044620B908460B7A0133A8
:103BC0000B7210BD034618465B68002BFBD1FFF754
:103BD000E6FF2046F5E783680B44036070470368FF
:103BE0000B6043684B6083688B6070478388026812
:103BF00019448180D018704730B484880568A318B0
:103C00008380281930BC06F020BE10B58388026876
:103C10005C1C8480D154D01810BD30B583880268F4
:103C20009D1C8580D418D154090A617030BD0346AB
:103C300000689A88401A1144186099807047026899
:103C4000531E036083880133838002F8011C704790
:103C500003468288521A82800068084418607047C0
:103C6000034600689A88521A01449A801960704786
:103C700010B5036801211C78FFF7EAFF204610BD4C
:103C800010B5036802211C88FFF7E2FF204610BD33
:103C90007FB5064614460A888B78ADF800200021CF
:103CA0000D220DF103008DF8023006F0DBFD6A46AF
:103CB0006946304604F00FF828B9BDF800209DF899
:103CC00002302280A37004B070BD13B50C4601AA67
:103CD0000331FFF7DDFF48B90322204601A906F0B2
:103CE000D0FDB0FA80F0400902B010BD0020FBE723
:103CF00070B50D4600210446FFF78EFC0D2818D143
:103D0000237B302B13D1002305F8063B04F10C066E
:103D10002A462046012302210234FEF7A2F8B442CB
:103D200005F1FF35F4D1002070BD0123ECE7312B04
:103D3000FBD06FF01500F7E7EEF760BE002070478C
:103D400010B50C460178227888B08A420ED06946B8
:103D5000F0F760F8204604A9F0F75CF810226846F6
:103D60000DEB020106F08DFD08B010BD012A06D052
:103D7000022A07D072B940886388C01AF4E7406805
:103D80006368FAE71022611C013008B0BDE81040FA
:103D900006F077BD6FF01500E6E7042A0AD0102A76
:103DA0000DD0022A4FF0000315D103700B88438019
:103DB00001207047012303700B684360F8E702237A
:103DC00000F8013B01F1100351F8042B994240F82F
:103DD000042BF9D1ECE718467047012310B50621F2
:103DE000044600F8013BF7F723FD18B9A37963F007
:103DF0003F03A37110BD0B6803608B8883808B79B0
:103E00008371037823F00203037070470078C0F3D6
:103E10004000704738B50446807AEFF721FD6169AC
:103E2000054649B1637ADB0704D4C36920461B68A1
:103E30009B6898470023636121462846BDE83840C7
:103E400004F074BD2DE9F0410C461746054601F11A
:103E50000C0800F10C0140461E46FFF7C0FE6269E7
:103E6000E36839469B1A13FA87F36B8201234046B5
:103E70006B722F82FFF7ECFEE36828467360002325
:103E8000628AE360728163823460BDE8F08138B594
:103E90000C46D1E900320546DA600B684A895A823D
:103EA0000868EFF785FD20461022002106F0DAFCB5
:103EB0002846BDE83840FFF7ADBF438A23B9C06844
:103EC000B0FA80F040097047002070477047D0F882
:103ED000A43083B15A7CD1070DD5D2060DD51B7CF9
:103EE000102B0CBF042303234372807A98428CBFAB
:103EF0000020012070470223F6E70323F4E70F2890
:103F000006D80D280BD8052814BF022003207047BF
:103F1000132804D01A2814BF022001207047012062
:103F20007047034610B5D3E8EF0F40EA0102C3E83B
:103F3000E42F002CF7D110BD38B5C3681D7875B9D2
:103F40000F21B3F80100F2F777F8044638B129469B
:103F5000F1F7D8FF2046BDE83840F1F787BF38BDFC
:103F600008B5C36801211888F2F766F818B1BDE8F2
:103F70000840F1F77BBF08BD01210C30FFF770BE90
:103F800038B5C5680121B5F80100F2F755F80446C7
:103F900098B12B783BB9D5F80330C0F89930D5F8F3
:103FA0000730C0F89D30201D4FF48031FFF7B9FF76
:103FB0002046BDE83840F1F759BF38BD30B404465B
:103FC000084602EBC3039A4201D130BC7047114648
:103FD00011F8085BA54206D1018A53789942F4D3BF
:103FE00030BC536818470A46EDE7D0E8EF3F0B4076
:103FF000C0E8E23F002AF8D170472DE9F047D0F839
:104000000C80028A98F800309B00013393423DD91E
:10401000BDE8F08708EB86030F21B3F80100B3F881
:104020000370F2F709F8044628B100F1C40947B952
:104030002046F1F71BFF013698F800309E42E9DB7D
:10404000E6E76569002DF3D0A2692B68954220460A
:10405000636108BFA361F1F7ADFEF9F78BF8C5F80E
:1040600000A0236A7BB9C4E90755D9E8EF3F013BBB
:10407000C9E8E23F002AF8D100212046013FF1F7CC
:10408000A3FEBFB2D3E71D602562EEE70026B2466D
:10409000D2E770477047C0F30723537000231070B6
:1040A000000C9070000AD070C1F30720090E137144
:1040B00050719371D17170470020704738B5C56851
:1040C0000121B5F80100F1F7B7FF044688B1E8789F
:1040D000F0F784F984F8A8002879F0F77FF984F8DC
:1040E000A9002046F2F7AEF92046BDE83840F1F7C6
:1040F000BDBE38BD10B5028843889A4218D8052A3B
:1041000016D9B3F5486F13D88488B4F5FA7F0FD267
:10411000C18840F67640A1F10A0292B2824207D8E5
:1041200004FB0333B3EB810F34BF0120002010BD2B
:104130000020FCE738B5C3680F21B3F801001D78F3
:10414000F1F77AFF044638B365B12846F0F750F925
:10415000294602462046F2F707FA2046BDE83840D5
:10416000F1F784BE8378012B07D102F07BFC204657
:10417000FFF7ADFE002808BF05252846F0F738F9FF
:10418000294602462046F2F7EFF9002DE5D0052139
:10419000204600F0DAFCE0E738BD70B5C6680F21B4
:1041A000B6F801003578F1F747FF044670B34DB11A
:1041B0002846F0F71DF9294602462046F2F7D4F9C1
:1041C000204603E0F378C27A9A4203D1BDE87040FA
:1041D000F1F74CBE8278C372012A08D10BB102F00C
:1041E00041FC2046FFF773FE002808BF052528463E
:1041F000F0F7FEF8294602462046F2F7B5F9002D01
:10420000DED00521204600F0A0FCD9E770BD0020DB
:10421000704708B5F5F736FC18B1408A003818BF6A
:10422000012008BD73B506460D4642F22F0000215D
:1042300001AAF0F749F9044648B90198C368B3F8F0
:1042400001203280B3F803302B80EFF7B1FB20461A
:1042500002B070BD70B506460D464FF0FF304FF00E
:10426000FF31F0F793F8044668B103210C30FFF7F3
:10427000BDFC068085702146BDE87040002240F2FA
:104280000640F0F721B96FF0680070BD38B54FF007
:10429000FF3105464FF0FF30F0F778F8044668B17B
:1042A00002210C30FFF7A2FC2B882146038000225C
:1042B000BDE8384042F21600F0F706B96FF068002A
:1042C00038BDF8B507460E464FF0FF304FF0FF31CE
:1042D0001546F0F75BF8044678B106210C30FFF77D
:1042E00085FC3B884680038085802146BDE8F840F8
:1042F000002242F22200F0F7E7B86FF06800F8BD44
:10430000C06803780BB9F0F7B3B97047F0B5C5686A
:1043100001212F8887B0B8B2F1F78EFE064660B350
:1043200002ACD5F80220D5F80630019469890091D5
:1043300002F0C2F918B34FF0FF304FF0FF31F0F741
:1043400025F80546B0B112210C30FFF74FFC0346AB
:10435000224623F8027B144603CC596006A98C42FE
:104360001860224603F10803F5D1294642F21A00EB
:10437000F0F762F83046F1F779FD07B0F0BD4FF085
:10438000FF304FF0FF31F0F701F804460028F1D07C
:1043900002210C30FFF72AFC2146078042F21B0065
:1043A000E6E770B506460D464FF0FF304FF0FF319F
:1043B000EFF7ECFF044660B103210C30FFF716FC69
:1043C000068085702146BDE8704042F22100F0F77A
:1043D00033B870BD73B5C368D9789A781E8842EA3D
:1043E0000122ADF8002059791A79B4B242EA0122CB
:1043F000ADF80220D9799A79204642EA0122ADF837
:1044000004201A7A5B7A012142EA0323ADF80630D0
:10441000F1F712FE054628B902212046FFF7C1FF39
:1044200002B070BD6946F2F733F838B91E21204654
:10443000FFF7B7FF2846F1F719FDF1E74FF0FF301E
:104440004FF0FF31EFF7A2FF04460028F2D00E2113
:104450000C30FFF7CBFB00230680C0F80A30BDF814
:10446000003021464380BDF802308380BDF804301F
:10447000C380BDF80630038142F22000EFF7DCFF75
:10448000D8E7D0E8AF0F70470B6803608B88838054
:104490008B7983717047072208B506F0F2F9B0FAFC
:1044A00080F0400908BDF8B50F46144638BB4FF000
:1044B000FF304FF0FF31EFF769FF054610B32721BA
:1044C0000C30FFF793FB224606463946FFF7DCFF28
:1044D000C31D04F1100152F8040B8A4243F8040B87
:1044E000F9D11022002106F1170006F0BBF9294688
:1044F000BDE8F840002242F22700EFF7E5BF6FF079
:104500001500F8BD6FF06800FBE7037A02465B0711
:1045100005D501462E3211F8010BFFF7C4BF7047D5
:1045200038B54FF0FF3105464FF0FF30EFF72EFF63
:10453000044658B129460C30FFF767FB2146BDE819
:104540003840002242F22D00EFF7BEBF6FF0680046
:1045500038BD10B400F11803D3E8EF2F22F4005156
:10456000C3E8E41F002CF7D1930403D5012110BC4C
:1045700000F089B910BC704770B5044686B00E468D
:1045800001300131FFF787FF2E3416220021054646
:10459000684606F067F910226946204606F071F970
:1045A00040B11022204606F12E0106F06AF9B0FA59
:1045B00080F04009284300F0010006B070BD38B516
:1045C0004B6805460C4673B90B7A13B9037A5B073F
:1045D00009D520682A7803789A4204D02946FFF743
:1045E000CBFF00B1656038BD00F1180208B5034685
:1045F0001046FFF746FFC1050DD5D2E8EF0F40F496
:104600000050C2E8E10F0029F7D11846BDE8084084
:10461000002100F038B908BD08B500F118031846AC
:10462000FFF72FFFC20506D51846FFF72AFF03063E
:1046300044BF01230B7008BD10B50C4630B919B149
:10464000F5F7E2F900B1441C204610BD0024FBE759
:1046500070B50D460446002846D0002944D000F12C
:1046600018031846FFF70DFF820711D40A68C4F833
:1046700009208A88A4F80D2001222272D3E8EF1FB6
:1046800041F01001C3E8E21F002AF7D1002070BDFD
:104690004FF0FF304FF0FF31EFF778FE064630B3B2
:1046A00007210C30FFF7A2FA03466278314603F87F
:1046B000012B2A68C0F80120AA8842F235009A80AE
:1046C0000022EFF701FF0028E1D104F10903AB421A
:1046D0004FF001031EBF2A68C4F80920AA8823727C
:1046E00018BFA4F80D20D1E76FF01500CFE76FF0E9
:1046F0006800CCE713B5044680B106216846F7F799
:1047000097F848B99DF80530694603F03F03204605
:104710008DF80530FFF79CFF02B010BD6FF015005B
:10472000FAE71830D0E8EF3F23F02003C0E8E23F7B
:10473000002AF7D17047037AD90704D523F0010383
:104740000372F0F7ADB9990704D523F002030372A1
:10475000F0F740BA704700207047D0E8AF0F7047BD
:1047600008B5FFF7FAFF084100F0010008BD034655
:1047700010B5D3E8EF0F00EA0102C3E8E42F002CE4
:10478000F7D110BD012310B403FA01F1044642B180
:10479000D4E8EF3F0B43C4E8E23F002AF8D110BC55
:1047A0007047C94310BCFFF7E2BF73B51D469DF8C3
:1047B0001C3004469DF8206063B15EB1069B6A46DA
:1047C00042F23801204600950193F0F717FC68B1DA
:1047D00002B070BDCDE9001220466A4642F23701B0
:1047E000F0F70CFC0028F3D1002EE7D11834D4E800
:1047F000EF3F43F00403C4E8E23F002AF7D1002072
:10480000E6E72DE9F04180460F464FF0FF304FF0CC
:10481000FF3186B01446EFF7B9FD054680B300F1CD
:104820000C063FB301213046FFF7EFF90121304676
:10483000FFF7EBF9304698F80110FFF7E6F9DCB125
:1048400021883046FFF7E9F9C4B1A1783046FFF777
:10485000DCF9284608F1180203A908230097EFF7AE
:1048600083FD0022294642F23900EFF72DFE06B003
:10487000BDE8F0813946D6E72146E2E72146E5E783
:104880006FF06800F3E70022FFF7BBBF203004F0B1
:104890003CB938B50D460446D0B10846F0F710FDD6
:1048A000B0B104F1180208211046FFF759FF78B99A
:1048B00029782378994204D06FF020011046FFF741
:1048C00056FF29462046BDE838400022F0F798BD43
:1048D0006FF0150038BD38B5044620B304F1180553
:1048E000FFF7D4FF08212846FFF73AFFE8B16FF041
:1048F00080012846FFF73BFF030604D52046FFF75B
:1049000010FFF0F7A5F809212846FFF729FF18B195
:1049100000212046F0F7B0FC00222046BDE83840D8
:104920001146FFF76EBF6FF0150038BD2DE9F0435B
:1049300085B00F4699460446DDF83080F8B100F1A5
:1049400018060B213046FFF70BFF05460A213046BB
:10495000FFF706FF3DB118B12AB16FF085000BE0FB
:10496000B8F1000FF9D1CDE901504B463946204648
:10497000CDF80080FFF719FF05B0BDE8F0836FF0B8
:104980001500F9E77FB5C5682878F0F73FFE0446C3
:1049900098B143688BB19B687BB101352846FFF71E
:1049A00035FA02AE294650B13046FFF724FA636863
:1049B00020469B68019601A9984704B070BD2078F5
:1049C000FFF73AFE0346006802909A889B79B2800E
:1049D000B371ECE701F12003013813F8012D8B428C
:1049E00000F8012FF9D1704700230B60436813B919
:1049F000C0E900117047196041607047D0F8B800F5
:104A0000003818BF012070470846896918301160C6
:104A1000426800211A6010F80D2C05F023BF0346F0
:104A200010B5D3E8EF0F40EA0102C3E8E42F002CF1
:104A3000F7D110BD2438F1F791B9002203680BB902
:104A4000184670478B4210D10B6842B94268036028
:104A5000914200D14360002301200B607047136036
:104A60004368994208BF4260F5E71A461B68E6E7CB
:104A700010B50446006918B1EEF79AFF00232361D0
:104A800010BD70B516460D4601210446F1F79CF99C
:104A9000012E17D0022E17D1236913B12046FFF73C
:104AA000E7FF256121690A8A012A39D9CB681B8869
:104AB00004339BB29A4233D32AD92046BDE87040D2
:104AC000FFF7D6BF206918B92046FFF7D1FF01E0F4
:104AD0002A8A22B92846BDE87040EEF769BF018AEC
:104AE000438A46695B1AC168891B5B1A9A4207D9D7
:104AF00001460022204600F03AFA00232361E9E74C
:104B0000E9680C30FFF778F82846EEF751FFC9E75F
:104B1000002323612046BDE87040012200F027BA3F
:104B200070BD10B500F1CC02D2E8AF3F5BB1591CAB
:104B3000D2E8EF4F9C4204D1C2E8EC1FBCF1000F59
:104B4000F6D1F1D110BD1846FCE710B5437B044601
:104B5000023B062B16D8DFE803F009041515150BE8
:104B60000900017300212046F1F7CCF9002010BDA7
:104B70000088FFF76FFB0028F9D1637B072BF5D185
:104B80000821F0E76FF07F00F1E710B50446D0F898
:104B9000A40028B9207A04F17001F4F773FF38B14A
:104BA000E278438A2AB903F02100003818BF0120B7
:104BB00010BD03F02400F8E782780346012A06D1ED
:104BC000C07A28B1D3F8A40010B1007C704700204F
:104BD000704738B583780446012B23D1437B072BDC
:104BE00023D10B0601F07F050CD54FF400410430B2
:104BF000FFF715FF2046A572F4F7D6FB08B1637ADC
:104C0000A37238BD437AAB4212D2837AAB420FD241
:104C1000031DD3E8EF1F21F40041C3E8E21F002A7F
:104C2000E8D0F6E76FF01500EBE76FF07F00E8E7FC
:104C30000020E6E78378012B0CBF407A0020704704
:104C400038B5037A04468B42154615D100F1700140
:104C50000722284605F015FE80B1E378072243B904
:104C600004F17E01284605F00CFEB0FA80F0400900
:104C700038BD04F17701F5E70020F9E70120F7E7F7
:104C800008B5F1F7C5FC10B1F1F7F0F8012008BD47
:104C90008378012B0CBF70300020704720B18378DF
:104CA0001940081E18BF01207047F8B507460D4689
:104CB0004FF0FF304FF0FF31EFF768FB0646D0B101
:104CC0000E210C30FEF792FF04460E22002105F063
:104CD000C9FD3B88314623802B88002263806B8886
:104CE00042F21300A380AB88E380EB882381BDE808
:104CF000F840EFF7E9BB6FF06800F8BD8378012B4F
:104D000001D101F025BE6FF015007047704710B556
:104D10000446F8F775FF234653F8402BD2F8B81035
:104D200061B92164D2F8BC1061B9C2E92E33F8F739
:104D30007BFF2068BDE81040F1F7C0B88B42F6D089
:104D40000968EDE70B60C2F8BC30F0E703682BB1EF
:104D500041681A688B42026008BF42607047704722
:104D60002DE9F843446B2CB154F8085905B1083DBE
:104D700000270CB9BDE8F883D4E900682EB3F8F732
:104D80003FFF0022D6F8B83004F1400163B19942E8
:104D900033D1236C4ABBD6F8BC20C6F8B830914258
:104DA00001D1C6F8BC302764F8F73EFF04F13009A2
:104DB000002200234846F8F7ABF9064600BBD8F8B6
:104DC00004300BB1204698472760E3680BB12046BA
:104DD0009847D8F820300BB120469847DDB1AB6832
:104DE00003B1083B2C461D46C3E71360D6F8BC3020
:104DF000994208BFC6F8BC20D5E71A461B68C5E72C
:104E0000B36923B16FF06D02F169206898473046AD
:104E1000EEF7CEFDCCE72B46E4E738B5406B0D4608
:104E200020B150F8084904B1083C00B938BD4368C6
:104E30009B680BB1294698472CB1A36803B1083B86
:104E400020461C46F1E72346FAE7F8B50E46002156
:104E50000746154600234FF224420846F1F788FD25
:104E6000044630B104210C30FEF7C0FE07704670D6
:104E700045802046F8BD70B505460068B8B1407B56
:104E8000072814D1002A0CBF012002200E7A864286
:104E900010DCC87A07280DD98A61CB6105F1300092
:104EA00003F039FD2846FFF732FF002070BD6FF098
:104EB0007F00FBE76FF01500F8E7406B28B1838BAC
:104EC00008388B4201D08068F8E7704710B54AB9BE
:104ED00089B2FFF7F2FF28B143689B6913B1BDE8BF
:104EE0001040184710BD38B50D460521FFF7E5FF06
:104EF000002329461A46FFF7BEFF044610B1284694
:104F0000EEF756FD204638BD38B50B8A0546032B13
:104F10000C4621D9042104F10C00FEF7A1FE238ADE
:104F200042889A4218D14178B1B10378012B13D04D
:104F3000132B11D0022201202D68FFF786FF0446B3
:104F400050B102210C30FEF751FE002321460370C0
:104F500043702846FFF7C7FF002038BD406B28B1DB
:104F6000838908388B4201D08068F8E7704738B5EC
:104F70000B8A0546032B0C4604D82046BDE8384072
:104F8000EEF716BD042104F10C00FEF769FE41881E
:104F90002846FFF7E3FF0028EFD0436821465B690E
:104FA0009847EAE770470346006828B159680268E5
:104FB00088421A6008BF5A6070470346002003B950
:104FC00070471A8A5B681044F9E710B5D46802315B
:104FD000237813B92170012010BD8B42FBD0038AC6
:104FE000023B038200201061F6E72DE9F041044600
:104FF0008868FFF7E2FF638B628D0D46934228BFFE
:10500000134683421DD300272165D1F808808F60A5
:10501000F8F7F6FD41462046F1F7E0FD064638B1C7
:10502000C5F808802765F8F7FFFD3046BDE8F08138
:10503000618D638B2846994228BF194601F020F9FB
:10504000F1E76FF07906F0E72DE9F041C469074612
:1050500044B154F8986906B1983E0022154607F10C
:1050600004080CB9BDE8F081236D9BB905B98AB974
:105070004046FFF798FF054658B101462046FFF726
:10508000B4FF0028EED07B682B60BB687D6003B95D
:10509000BD60224636B1D6F8983003B1983B34460D
:1050A0001E46DEE73346FAE773B514460146054669
:1050B0004FF49572206800F0A5FF207530B929469D
:1050C000206801F0E0F820B908232375002002B021
:1050D00070BD237AB3B1A3F11802534253419B0030
:1050E0000193638A29460093AE68238AE2682068A8
:1050F000B047002808DB238A83420CD1002301201B
:105100002375E4E70223EBE710F1FF0F03D34042DE
:10511000C0B22075DAE70E20FBE738B504460D462D
:10512000F1F75CFD30B1294604F15400BDE8384088
:1051300003F0F1BB38BDF8B5936805460F46144639
:10514000166863B9506801210C30FEF74FFDA0606E
:105150002B681B78002B14BF022301230370A36864
:105160001B78012B03D0022B1FD000201CE02B68E2
:105170001B78002BF9D1606804210C30FEF736FD56
:10518000E06007802A68E36852885A806168728DFF
:10519000738B088A9A4294BFC0EB0200C0EB0300F5
:1051A000042894BF00200120F8BD2B681B78022B37
:1051B000DBD1606812210C30FEF718FDE06007803B
:1051C0002B68E268591C0232113351F8040B9942E2
:1051D00042F8040BF9D16168728D738B088A9A4288
:1051E00094BFC0EB0200C0EB03001228D9E770B4F3
:1051F0000668F2695AB3144654F8983903B1983BDB
:10520000002211467CB9438D408B8B4201D89042DD
:105210001FD9824238BF02469942306838BF1946CA
:1052200070BCF3F705BC844207D0658D648BA9423E
:1052300038BF2946A24238BF224633B1D3F898502E
:1052400005B1983D1C462B46DCE71D46FAE71146A2
:10525000D9E770BC70472DE9F041CB6805461F883F
:10526000BBB2162B1BD90321F1F762FD0646C0B174
:1052700002210C30FEF7BAFC00244FF04108314601
:1052800080F8008044702846FFF747FF2846A5F8BD
:105290001A806F85FFF7ABFF2046BDE8F081042040
:1052A000FBE70E20F9E7D0680431037813B90170E9
:1052B000012070478B42FBD0002091680B8A043B91
:1052C0000B82106170472DE9F04188461746012195
:1052D000042205461E46F1F7D9FC044670B10421AC
:1052E0000C30FEF783FC80F80080A0F80170C670D7
:1052F00021462846BDE8F041FFF70FBFBDE8F08129
:105300001FB5CDE9012300231A460093F2F70EFFE3
:1053100005B05DF804FB0022036803B970478B42B7
:105320000FD10B683AB942680360914200D14360E3
:1053300000230B60704713604368994208BF4260C6
:10534000F6E71A461B68E8E7D0E8EF3F43F00802AB
:10535000C0E8E12F0029F7D1C3F3C000704707B5BB
:10536000CA680C211388528800920D22F1F780FD43
:1053700003B05DF804FB07B50022CB680A211B8847
:1053800000920B22F1F774FD03B05DF804FB70B5D9
:1053900004460E46002200230846F7F7B9FE0546EC
:1053A00058B101462046F1F719FC044618B12946C8
:1053B000304603F0BBFA204670BD6FF00104FAE7F7
:1053C00037B50C46054601F10C00FEF759FC228A60
:1053D00003460192E2681221009228461322F1F757
:1053E00085FF03B030BD37B50C46054601F10C0012
:1053F000FEF746FC228A03460192E26828460092A4
:1054000000221146F1F772FF03B030BD2DE9F043E1
:1054100042F60103002591B0D2F8008007460E46FF
:1054200000680BA9D8F8049014468DF82C50ADF8FC
:105430002E30FEF785FC002800F082804FF42053C8
:1054400038680BA98DF82C50ADF82E30FEF778FC9B
:1054500038B1A3681BB15A88B24200D25E800120E5
:1054600010E061680846FFF7A8FDB8F82A20B8F8F0
:105470001A309A4294BFC0EB0200C0EB030003282D
:1054800003D8002011B0BDE8F0830846FEF781FB89
:10549000054661680846FFF790FD6B8A2A8AA3EBF0
:1054A000020C6B69EA68D21AACEB0203B8F81AC0B6
:1054B000B8F82A20944594BFC0EB0C00C0EB020062
:1054C000834228BF03466BB9887AEEF7C9F90022F8
:1054D0000023FEF72BFB05460028D2D0014660686A
:1054E000FEF768FB002300933946D7F804801023A9
:1054F000484602AAC047071E22DB227CE068BA4267
:105500001AD001460BA8FEF748FCC8B1FAB202A9AE
:1055100006A8FEF742FC98B106A90BA8FEF710FCFE
:1055200070B900230421637405F10C00FEF75EFBE3
:10553000A0600680A36891E702A905F0A2F9EFE751
:105540000023A3608BE72DE9F04F064685B0104697
:1055500090469946FFF731FD738B728D8B469342CF
:1055600028BF1346834275D9736840460393FEF7FC
:1055700010FB4FF0000A04464046FFF71EFDE168AD
:10558000228A658A6369AD1ACB1AED1A778B738DFF
:105590009F4294BFC0EB0700C0EB0300854228BFC9
:1055A000054625BB98F80A00EEF75AF900220023B9
:1055B000FEF7BCFA044608B9574627E001464046C4
:1055C000FEF7F8FA4046FFF7F8FCE168228A658AA0
:1055D0006369AD1ACB1AED1A778D738B9F4294BF16
:1055E000C0EB0700C0EB0300854228BF0546CDF89D
:1055F0000090DBF804700A4403985946ABB2B847F0
:10560000071E07DABAF1000F18BF5746384605B033
:10561000BDE8F08F0E9BABB9394604F10C00FEF7E4
:10562000E5FA4046FFF7C9FC738D728BB94493428B
:1056300028BF13468342BA441FFA89F9BCD9AF4246
:105640009AD0B9E7394620460F9A0E9B9847002812
:10565000E2D1B1E70027D9E700232DE9F34117682C
:105660001446D7F804800146137306469522404637
:1056700000F0C8FC0546207330B93146404600F0C2
:1056800000FE28B908232373002002B0BDE8F08192
:10569000A068798B7A8D038A914294BFC3EB010392
:1056A000C3EB0203012BEFDD02210C30FEF79EFA63
:1056B000CDE900558046A38831463846A268FFF7F9
:1056C00042FF031E06DA13F1FF0F2ABF5B420E23CF
:1056D000DBB2D8E70120A8F80030D6E700232DE997
:1056E000F34117681446D7F8048001461373064641
:1056F0009522404600F086FC0546207330B93146BD
:10570000404600F0BEFD28B908232373002002B0F4
:10571000BDE8F081CDE9005531463846A388A2683E
:10572000FFF711FF002807DA10F1FF0F32BF0E203C
:105730004042C0B22073E9E70120E8E7F8B505462A
:1057400050F8044C071F00F14803D3E8EF1F21F085
:105750000401C3E8E21F002AF7D1FCB1EB6C83B966
:10576000636873B1201DFFF71EFC064601463846EC
:10577000FFF73BFC90B163683360A368666003B9D0
:10578000A660384605F15001FFF701FE30B13846FA
:1057900004F10C01BDE8F840FFF7F9BDF8BD08B50C
:1057A000437B072B01D0002008BD0421FFF7D6FB67
:1057B0000028F8D000F14803D3E8AF3FDB07F2D56B
:1057C00050F8040CF0E738B50546D1E8AF3FDB07E9
:1057D00016D550F8040C98B1EB6C8BB90430FFF778
:1057E000E2FB044660B10146281FFFF7FEFB38B11B
:1057F00055F8043C5A6822609A685C6002B99C6063
:1058000038BD70B50E461546FFF7C9FF78B1C369BC
:105810006BB1184650F8983903B1983B691C428D1A
:10582000448BA24228BF2246914202D93BB90020B4
:1058300070BD2A463146BDE87040F1F727BAD3F86B
:10584000984004B1983C18462346E8E7F2F7EEBBCF
:1058500010B504466438F2F715F854F8640C1321B7
:10586000BDE81040FFF771B970B550F8043C04462C
:10587000061F002B34D039B1C36C002B30D01B7CF9
:10588000DA072DD505231EE005682846F3F7F0F862
:105890006B7A012B24D0E46C14B3237CDB071FD577
:1058A000E368002BEED030466269617CF1F7EEF9D7
:1058B000054638B1D4E90512E368984750B1284647
:1058C000EEF776F80E2300223046BDE87040114610
:1058D000F1F7A2BF29463046F1F780F90028EED152
:1058E00070BD08B500230A8AC968F1F795FF00204A
:1058F00008BD70B50D46FFF752FF044628B928468B
:10590000EEF756F86FF07F0070BD00F10C062946E7
:10591000304603F000F8E469C4B154F8985905B171
:10592000983D0022104607E022467DB1D5F8983018
:1059300003B1983B2C461D46831C01D1002AF4D1AB
:1059400031462046FFF723FD0028EDD10020DBE79C
:1059500038B505460C46F8F753F92846FFF71FFF00
:1059600020B9F8F761F96FF07F0038BD002323609C
:1059700083683BB9C0E90144FFF766FBF8F754F9C7
:105980000020F2E71C608460F6E70120704708B54C
:10599000FFF705FF78B1C3696BB1983B03F14C0287
:1059A000D2E8EF0F20F00800C2E8E10F0029F7D19C
:1059B000D3F89830F0E708BD08B50421FFF7CEFA18
:1059C00020B14830D0E8AF0FC0F3C00008BD106070
:1059D0000020704710B5029CA36833B1B1F5807FF9
:1059E00028BF0E21CAB221469847A37DE268013B39
:1059F000DBB2A37522B11BB92046BDE810401047A9
:105A000010BD106091800020704700207047072271
:105A100008B504F036FFB0FA80F0400908BD10B5B3
:105A200003780446934207D10130FFF7F0FF0028C6
:105A300014BF2046002010BD0020FCE7034610B52F
:105A4000D3E8EF0F40EA0102C3E8E42F002CF7D1BE
:105A500010BD034610B5D3E8EF0F00EA0102C3E81A
:105A6000E42F002CF7D110BD0B6803608B88838076
:105A70008B7983717047D0E8AF0F704770B50D46D2
:105A8000064611F8010BF0F7C3FD044610B12C894E
:105A9000F0F7ECF96B89A34207D0EB686C8123B176
:105AA00021463046BDE87040184770BD38B5BDF896
:105AB00010401546A2420CD84CB16BB1A41A8C42CE
:105AC000A8BF0C46A4B22246591904F0BEFE2046D7
:105AD00038BD6FF00604FAE76FF00D04F7E730B554
:105AE00085B0C96814461D46F2F746F800B1008932
:105AF0000223ADF80E00009329462046BDF8202071
:105B00000DF10E03FFF7D2FF05B030BD1FB50C46F7
:105B10001946E36810461C78BDF818203CB11024E3
:105B20000133069404B0BDE81040FFF7BFBF5B88A7
:105B3000ADF80E30022300930DF10E03FFF7B6FF10
:105B400004B010BD30B51D46002385B014468DF855
:105B50000C30F1F7DFFF10B1037A8DF80C30012320
:105B6000294600932046BDF8202003ABFFF79EFF97
:105B700005B030BD10B5F1F745FF044640B1014610
:105B800011F8010BEEF7A0F8002323606360A36017
:105B900010BD70B500F1700605463146007AFEF77B
:105BA00038FB04463146287A1CB1BDE87040FFF747
:105BB000E1BFF1F727FF10B104604460846070BD5D
:105BC000022A10B508D1002300F170011A46007AAC
:105BD000F2F728F8022010BDFFF7DBFFFAE737B530
:105BE00004460D46F1F7CCFE024698B1037A0C301C
:105BF0008DF80430FFF73FFF10F0010318BF0123B9
:105C00008DF80530022301AA29462046EEF764F8F4
:105C100003B030BD0346F7E7F0B5076806463D78A8
:105C2000144689B035BB7B88B3F5245F04D01BD8FC
:105C3000A3F52053032B1DD8ADF80A1002222046ED
:105C40000DF10A0103F033FC48B97B88022220469B
:105C50000DF10A01ADF80A3003F029FC70B16FF0C4
:105C60001503C4F8903106E003F55643FF339BB2A9
:105C7000042B15D90125284609B0F0BD009003AAD0
:105C8000132331467768B847021E02DAC4F8902120
:105C9000F1E703A9204603F00AFC0028EAD0DEE77A
:105CA000ADF80A10022220460DF10A0103F0FFFBB5
:105CB0000028D4D17B880222ADF80A300DF10A0108
:105CC000E8E708B50C3029B10121FFF7B7FEC04362
:105CD000084008BD6FF00101FFF7BBFE00F00100B6
:105CE000F7E710B50446FFF7ECFF38B12146BDE8F1
:105CF0001040012211F8010BF1F752BF10BD2DE940
:105D0000F0419846BDF818300646012B17462ED8AC
:105D10004344012B45462DDCF1F7FCFE044618B93F
:105D2000F1F7F8FE044640B3B8F1000F11D000239C
:105D3000217A21FA03F2D00703D53A78DA40D20764
:105D40001ED50133032BF4D13B7803F0070319432D
:105D5000217206F17001601CFFF786FE337A012183
:105D600020462370FFF7BDFF2846BDE8F0816FF0A5
:105D70000605F9E76FF00C05F6E76FF01005F3E79D
:105D80006FF01205F0E770B504461546FFF7FDFD0C
:105D900048B12046F1F7BEFE28B1037ADB0702D5F1
:105DA0000121FFF79EFF85B9207A04F17001F1F718
:105DB00029FE024648B1014685600423BDE87040D3
:105DC00011F8010B0832EDF771BF70BD2DE9FF41ED
:105DD000884616461F46044628B96FF01505284622
:105DE00004B0BDE8F08102A9FDF782FF0546002856
:105DF000F3D1204601A9FDF70FFC0198D0B900208E
:105E000002A9F1F7BDFD044648B9F1F783FE044647
:105E100078B3002302A900F8013BFFF725FEB8F193
:105E2000000F22D0022269463846B047002808DA1F
:105E30000546D4E70A222946FBF77AFB0028DED084
:105E4000CBE79DF800300228237204D000212046C1
:105E5000FFF747FFC3E79DF801100129F6D8204658
:105E600001F00101FFF72DFFB9E72046F1F7A2FF8E
:105E7000B5E76FF00B05B2E738B5BDF81010BDF807
:105E800018401046A142059D0CD84CB16DB1641A62
:105E90009C42A8BF1C46A4B22246294404F0D5FC6B
:105EA000204638BD6FF00604FAE76FF00D04F7E7FF
:105EB00013B5044610B9002002B010BD00238DF8C0
:105EC000043042F60303006801A9ADF80630FDF77F
:105ED00037FF0028EFD1E36898880028ECD12046EE
:105EE000F2F7F4F8013080B2E6E770B5CC681E46F0
:105EF000A37988B008468DF80C301546FFF7D8FF17
:105F0000ADF80D00246823786BB96388ADF80F30C5
:105F10000523009331462846BDF8302003ABFFF738
:105F2000C5FD08B070BD631C0DF10F02113453F8AC
:105F3000041BA34242F8041BF9D11323E9E71FB560
:105F4000CDE9012300231A460093F2F7EFF805B0DC
:105F50005DF804FBF2F7DAB938B5044659B100F13F
:105F600070052946007AF2F767FA2946207ABDE8DB
:105F70003840FFF734BE38BDF8B506460F46F1F796
:105F80001FFD394604463046FEF743F948B344B393
:105F900004F108056FF001012846FFF75AFDC2071A
:105FA00003D539463046F2F747FA6FF0020128462A
:105FB000FFF74FFD830703D539463046FFF70FFE45
:105FC0002846FFF758FD60B9234603F8010BC4F8D3
:105FD0000100C3F80300D5E8EF3FC5E8E20F002A4F
:105FE000F9D1F8BD10B50446A0F1170110F8180C4E
:105FF000FFF7C2FF14F80C0CA4F10B01BDE8104030
:10600000FFF7BABF38B54C8AD3070546C4F30E0470
:1060100004D514F0950F2AD04B6843B3900704D5EC
:1060200014F4957F25D08B681BB3144014F4DE7FE5
:106030000DD0EB7A2BB92846FEF7A7FDD8B905207D
:1060400038BD14F0300F04D114F4C07F07D1002004
:10605000F6E72846FEF7EEFD0228F5D8EFE7D5F87B
:10606000A430002BEBD05B7CDB06E8D5EFE7022009
:10607000E6E70320E4E70F20E2E72DE9F041437B68
:106080000646072B0C46154686B040F08580002357
:106090008DF8143042F60303206805A9ADF81630D8
:1060A000FDF74EFE90B96768002F75D00123214699
:1060B000009004AAB84701286ED19DF8103013F063
:1060C000300F69D02046F2F703FA04460023206817
:1060D0008DF8143042F6021305A9ADF81630FDF71D
:1060E0002FFE18B12046F2F7F3F90446002742F6D6
:1060F0000218206802A98DF80870ADF80A80FDF733
:106100001FFEF8B9002320688DF8143042F6021300
:1061100005A9ADF81630FDF713FE00283CD16768DD
:10612000002F39D0009002232146304605AAB847F7
:10613000022831D1BDF8143005EA0300003818BF39
:1061400001202AE042F60303206803A98DF80C70B1
:10615000ADF80E30FDF7F4FD0028D3D04FF42053F6
:10616000206804A98DF81070ADF81230FDF7E8FD35
:106170000028C7D042F60103206805A98DF81470E5
:10618000ADF81630FDF7DCFD0028BBD02046F2F755
:106190009FF904460028ACD1002006B0BDE8F0818C
:1061A000F8B514460F46942261680646FFF72AFFA9
:1061B00020BB012230466168FFF75FFF08B3A28968
:1061C0001B2130460232FFF71CFB0546E0B1A189D6
:1061D0000C300231FDF70AFD20F8027BA289A1688C
:1061E00004F033FBD4E9041228460123F1F7AAFB9B
:1061F00029463046BDE8F840FFF77BBB4FF0FF3043
:10620000F8BD6FF01500FBE76FF00B00F8E72DE924
:10621000F04105468846F1F77DFC0446E0B1037A7B
:10622000DB0719D500F10C073846FFF724FC10F006
:10623000010611D1B8F1000F0FD06FF002013846FE
:10624000FFF707FC10F0020F284609D0FFF79FFB6D
:1062500001212046FFF745FD01263046BDE8F081CB
:10626000FFF793FB0028F8D02846FFF7A5FB00288E
:10627000F3D06FF002013846FFF7EBFB2846E5E765
:106280007047012070470120704713B5C06814465D
:1062900068B100238DF804304FF4C05301A9ADF864
:1062A0000630FDF74DFD10B923680133236001204E
:1062B00002B010BD0720704708B50621FEF74EFE5C
:1062C00000B1EC3808BDD0E8AF0F084100F0010084
:1062D000704738B50A46034609B9012038BD488AD7
:1062E00010F0240FF9D0197D5D7B147CA94228BFE2
:1062F00029468C4201D90020F0E7800607D4517C62
:10630000C9070BD4187A003818BF0120E6E7052129
:10631000181DFFF7D8FF0028F1D1ECE7197A002902
:10632000E9D00521181DFFF7CEFF18B9197A0139F8
:106330000129E0D9527CD207CFD4E3E701238B4077
:10634000DB43D0E8EF2F1A40C0E8E12F0029F8D155
:1063500070470720704701238B40D0E8EF2F1A4386
:10636000C0E8E12F0029F8D1704708B50E21FFF7EA
:10637000F2FF002008BD38B505460B4604300D215C
:10638000FFF7A1FFA0B1DC68D5F8EC300220197A44
:1063900003F1700200F0F6FB80B1224600F12E03FB
:1063A00004F1100152F8040B8A4243F8040BF9D1AE
:1063B00028460921FFF7CFFF002038BD0820FCE761
:1063C00038B504210446F2F76BFC054698B110215C
:1063D0000C30FDF70BFC04F1270304F1370253F8EE
:1063E000041B934240F8041BF9D120462946F2F7DA
:1063F0000DFC002038BD0820FCE72DE9F0470446DD
:1064000090B00CAD10220021284604F02BFA237A1C
:10641000052B1ED8DFE803F0060303061D21D4F880
:10642000D8300C93D4F8EC3004F1470204F1C707DC
:10643000CDE9017204F1370803F17E0204F1270966
:10644000009241464A46773304F19700F3F72CFB5C
:1064500098B1082010B0BDE8F087D4F8E430002BE4
:10646000E0D02E4603F11007324618685968083309
:1064700003C2BB421646F7D1D4E7D4F8EC3008AEDD
:1064800003F177027E33019304F11103029200932A
:1064900042462B4649463846039600F071FC0028D8
:1064A000D7D1237A052B0FD1D4F8E010002948D09A
:1064B0000B46AC4601F1100E624618685968083365
:1064C00003C273459446F7D1D4F8EC300DF1100AAD
:1064D00003F17E027733019304F10A0302920093E1
:1064E0004A462B4641463846CDF80CA000F048FC01
:1064F0000028AED11022514604F1B70004F0C1F9D2
:1065000020BB0D212046F2F7CBFB07460028A0D088
:1065100010210C30FDF76AFB32460346164603CEC7
:10652000AE4218605960324603F10803F6D139468D
:106530002046F2F76BFB201D0121FFF70CFF002026
:1065400088E71022284604F08DF9BDE70B2081E78B
:1065500070B5D0F8EC300446DB78012B19D1CD684A
:10656000061D10213046FFF7E9FE2B4604F1B70265
:1065700005F1100153F8040B8B4242F8040BF9D1DA
:1065800007213046FFF79FFE28B109213046FFF76B
:10659000E2FE002070BD0A213046FFF794FE00287D
:1065A000F3D12046BDE87040FFF727BF70B5061D48
:1065B000CD6804460B213046FFF7C0FE2B4604F1A0
:1065C000170205F1100153F8040B8B4242F8040B3B
:1065D000F9D1237A012B09D0022B13D120460421B3
:1065E000FFF7B9FEBDE87040F2F726BC0A2130463D
:1065F000FFF769FE0028F1D030460021FFF7ABFE1F
:10660000002070BD0820FCE7072070470720704776
:1066100007207047012303FA01F1CA4330B5D0E8DF
:10662000EF3F03EA0204C0E8E54F002DF7D101EA8D
:106630000300003818BF012030BD38B504460025DE
:10664000031DD3E8EF2FC3E8E15F0029F9D104F57A
:106650009C7002F05AFA2572D4E8EF3FC4E8E25F7A
:10666000002AF9D12046BDE838400121FFF773BE6A
:1066700070B500F1700605460C46072230460968E1
:1066800004F0FFF8B8B963681A682A679A88A5F811
:1066900074209B7985F87630D5F8A4305BB1A26878
:1066A000934208D062681168C3F801109188A3F87A
:1066B00005109279DA7170BD2DE9F84FDDF82C8064
:1066C000044692461F46BDF82890FFF7F5FD0546A3
:1066D00000285CD0061DB9F1000F27D15AEA070344
:1066E00024D103213046FFF7EEFDF8B101213046F9
:1066F000FFF7E9FDD0B12C7D6B7B05F147019C4292
:1067000028BF1C462246404604F09FF80F2C06D8AE
:106710004946C4F1100208EB040004F0A3F8304627
:106720000121FFF718FE0120BDE8F88FD4F8A4304E
:1067300083B904F1700B5A462020217AF3F74AF905
:10674000C4F8A40030B95A460120217AF3F742F97F
:10675000C4F8A400B9F1000F0CD15AEA070709D117
:10676000D4F8A41031B14B8A9B0603D50C7C1E31A2
:106770002246C8E70F213046FFF7A5FD20B10222CF
:1067800006212046EFF7F0FE2846FFF756FF0020CF
:10679000CAE76FF085007047F8B5031D06460F463F
:1067A00018460221FFF78FFD044620B1B6F8E840F5
:1067B000B4FA84F4640903211846FFF784FD58B144
:1067C00039463046F2F7B2FE052194B1D6F8EC0016
:1067D000FEF7BBF90020F8BD01211846FFF773FD55
:1067E0000028EDD10F211846FFF76DFD0028E7D1F5
:1067F000EAE73046F2F754FA054688B101210C3039
:10680000FDF7F4F9234607702246294606F1EC000D
:10681000FEF731FB0028DDD02846EDF7C9F8D9E7AF
:106820006FF06800D7E770B504460820F2F7A4F9C6
:106830000546E0B1061D08213046FFF77FFDBCB3D9
:106840000721FFF77BFD234605F1970204F12001A4
:1068500053F8040B8B4242F8040BF9D10A2130465D
:10686000FFF731FD70B109213046FFF774FD0720B5
:10687000F2F782F90446E8B1F2F7E0F9D0B1082165
:10688000204612E010213046FFF71DFD09210028A7
:10689000EAD13046FFF717FD0028E8D02846FFF779
:1068A000ACFD01460028E2D02846FFF775FFDEE781
:1068B0000B21F9E770BDF0B587B00E461546FFF71E
:1068C000FBFC044620B96FF01505284607B0F0BD63
:1068D000321E18BF0122C37A03F001039A4207D087
:1068E0002A1E18BF0122837C03F001039A42EAD1D9
:1068F000271D0C213846FFF78DFE0028E3D0C4E9A0
:106900003865C5B104F1570102AE2A460023084696
:10691000009600F010FA05460028D6D11022D4F8CF
:10692000E4103046114403F0ACFF20B104212046AE
:10693000FFF732FFC9E70D212046FFF70CFD1021BC
:106940003846FFF708FD2046FFF73AFD0546BCE74D
:1069500010B5FFF7B1FC044610B96FF0150010BD7B
:106960000A210430FFF756FE0028F6D0237A062BC2
:1069700011D8DFE803F00E04040A100C0C0001210A
:106980002046BDE81040FFF707BF0421F8E70221C9
:10699000F6E70821F4E70020E1E72DE9F0410E4693
:1069A0000446D0F8EC80F2F7F7F8F768261D0546A4
:1069B0000A213046FFF72EFE38B16DB920463978EE
:1069C000F2F7B4FD0020BDE8F0810B213046FFF75F
:1069D00021FE0028F1D1F1E72B69002BEED04046D3
:1069E0009847EBE770B50446A0F1EC0650F84C3B35
:1069F000E83CD3F8A45002F088F803212046FFF7C2
:106A000062FCA0B108213046F2F790FD3DB16B8ADF
:106A100013B16B7C9B0702D5284600F0C7F83046BF
:106A2000BDE870404FF4B872002103F01BBF012194
:106A30002046FFF748FC0028E4D10F212046FFF74D
:106A400042FC0028DED1E1E710B504460821A0F59C
:106A50009C70F2F76BFDA4F59A700421BDE810401C
:106A6000FFF779BC70B50446FFF726FC0546002801
:106A700075D0061D03213046FFF725FC00286ED097
:106A8000D4F8A40008B100F091F8207A04F1700164
:106A9000F2F756FFC4F8A40028B92846BDE87040B4
:106AA0000821FFF779BE0E213046FFF70CFC28B114
:106AB000D4F8A420537C43F0020353742B7A032BA5
:106AC0000DD8002B4CD1D4F8A420537C23F0200304
:106AD0005374D4F8A420537C23F001030DE0053B4C
:106AE000012BF0D8D4F8A420537C43F02003537436
:106AF000D4F8A420537C43F0010353742B7D697BAD
:106B0000D4F8A4208B4228BF0B46304613740521CD
:106B1000FFF7D9FBD4F8A420537C40B343F0100313
:106B20000D2130465374FFF7CEFBC0B12021D4F8BD
:106B3000A40000F037F8D4F8A43005F147021E3362
:106B4000573552F8041BAA4243F8041BF9D100231D
:106B5000D4F8A42053619361D4F8A420938370BD2A
:106B600005213046FFF7AFFB0028ACD0C0E723F08B
:106B700010035374F3E7437C5B0602D40121EDF765
:106B800057BF704770B504460D461646F2F722FF10
:106B900038B931462846F2F7D3FE10B1438A1C4378
:106BA000448270BD438A19434182704710B5037A0D
:106BB00004465B0701D5EEF70DF8214611F8010BED
:106BC000EDF7F8F82046BDE810404422002103F01C
:106BD00049BEF0B506461446184693B026B338228F
:106BE00004A9A047041E1FDB304602A9FDF780F868
:106BF0000546C8B9304601A9FCF70EFD019868B9F1
:106C0000ACB921463F2002AAF2F7E4FE18B14422B3
:106C1000214603F027FE284613B0F0BD0A2229467C
:106C2000FAF786FC0028EBD06FF01505F3E700209B
:106C300002A9F2F785FE0346002859D0382C9DF8AA
:106C4000102026D0102A3ED8342C3CD140F21122FC
:106C500004AEC26010AF00F11002344603CCBC4257
:106C600010605160264602F10802F6D120681060DB
:106C7000D97BB3F80D2042EA0142022A23D15A7C83
:106C8000D107C8D512F0300FC5D122F001025A74D5
:106C9000C1E7102A1BD840F2112204AEC26010AF27
:106CA00000F11002344603CCBC421060516026460D
:106CB00002F10802F6D1206810605A8A02F022011F
:106CC00090065982D4D41846FFF770FFACE704AAA7
:106CD00000F10C06144603CC716012A98C4230609E
:106CE000224606F10806F5D11A7B112AC0D0EAE740
:106CF0006FF00B058FE702460146382311F8010BB0
:106D00000C32EDF749B8531E1944024411F8013909
:106D100000F8013B9042F9D1704710B5431E00F1D5
:106D20001002073013F8011F12F8014D83421C7046
:106D30001170F7D110BDF0B50E4614461D4697B040
:106D40000146202205A81C9FFFF7DDFF20223146C7
:106D50000DA8FFF7D8FF2146102201A88DF8545046
:106D6000FFF7D1FF3B46412205A901A8F2F732FF08
:106D7000044610B93846FFF7D0FF204617B0F0BDE3
:106D80002DE9F04316461D4697B00446DDE91F98ED
:106D9000102205A8219FFFF7B6FF1022314609A84F
:106DA000FFF7B1FF102229460DA8FFF7ACFF032221
:106DB0001E9911A8FFF7A7FF494611F8013BD9F822
:106DC00001008DF847308B880622129012A8ADF88A
:106DD0004C30FFF798FF414611F8013B06228DF831
:106DE0004E30D8F801300DF14F00CDF84F308B8880
:106DF000ADF85330FFF787FF2146102201A8FFF7B7
:106E000082FF3B46412205A901A8F2F7E3FE0446B2
:106E100010B93846FFF781FF204617B0BDE8F08370
:106E20000C220369C9B202FB0133186C00F00700A1
:106E3000704770B50346C9B20069EFF3118640246C
:106E400084F31288BFF36F8F0C2505FB0104246CBB
:106E500014F0C00401D0A24210D1012205FB0100B0
:106E60000264002086F31188BFF36F8F28B95B6836
:106E700003EBC1035B689847002070BD4FF0FF3003
:106E8000F0E78022FFF7D5BFF8B5069F05460469F5
:106E9000C9B2EFF3118C402080F31288BFF36F8FDB
:106EA0000C2606FB0146306C00F0070EBEF1010F08
:106EB00011D1376400268CF31188BFF36F8F46B968
:106EC0000C2000FB0144C4E90E236B6853F83130F9
:106ED00098473046F8BD00F0C00087420CBF6FF005
:106EE00077064FF0FF36E6E713B580240094FFF7EE
:106EF000CBFF02B010BD10B41C240069CBB204FB60
:106F00000300002110BC10471046F6F733B900F01B
:106F10003CBFF4F7BDBD40F272607047084608B54B
:106F20001146F7F7A1FF002818BF6FF0040008BD55
:106F300008B5F8F7F9F8002818BF6FF0040008BD8D
:106F4000F7B51C460023164682682360A3600D46F1
:106F50005369694601AA9847019B5A1E01921BB9C1
:106F60006FF0150003B0F0BD0098A2684768216873
:106F7000676085B9B31AD0F800C0634528BF63467F
:106F800003FB07111A442160A26002689A4206D8E6
:106F900008300090E0E76B1AB3FBF7F3EBE7002053
:106FA000E0E713460022FFF7CBBF2DE9F0470024AE
:106FB000836886B0884691465B6902AA01A9984712
:106FC000A2462546029BAB4202D806B0BDE8F08738
:106FD0000026019F07EBC5077B6804933A680AEB1C
:106FE0000603B24202D89A460135EBE749460394BC
:106FF000059303A8C0470028E7D0049B01361C4432
:10700000ECE770B5037B04460BB100F0D4FE00261C
:10701000A06800B970BDB0F5007F28BF4FF40070C4
:1070200005460246D4E90010F2F7DAFF63682B4404
:10703000636023680BB12B442360A3685B1BA360D0
:10704000002BE5D0237B0136002BE1D0304600F049
:10705000B3FE0028DCD00120DCE741EA0203084649
:10706000C3F30B0109B9F2F7DFBF6FF015007047EA
:10707000084611461A4621B103431B0701D1F2F716
:10708000D3BF6FF01500704743682C330B600123AA
:1070900013607047436800209B6AC1E90030704765
:1070A00010B5044643681868FCF73DF82069BDE850
:1070B0001040F6F75FB810B5446800694FF0FF3232
:1070C0004FF0FF33F6F78AF82068BDE81040FCF770
:1070D00049B88C46F0B58FB08DF800C04FF0010C68
:1070E000DDE914154468D0F810E00020CDE907C1AF
:1070F000CDE90BC10DF10107D107CDF80100CDE9B4
:10710000095002F080063871CDF818D00D9513D5CE
:107110009EF814201BBAD207049357BFBDF8113054
:10712000CDF80130ADF801309DF813304EBF052386
:10713000BB70042307930B9306AB02939EB1002D03
:1071400014BF0223012303930AAB049302232146B5
:10715000059351F8040B46B183681C68002302AA0A
:10716000A0470FB0F0BD0123EDE783681C6804ABB6
:10717000F5E71FB5012301930DF10F0300930023E1
:1071800005211A46FFF7A5FF08B99DF80F0005B0C5
:107190005DF804FB2DE9FF41064615461C46012714
:1071A0000DF10F08002305211A463046CDE900876E
:1071B000FFF78FFF40B99DF80F30DB0704D5284655
:1071C000214601F087FDEDE704B0BDE8F0812DE92F
:1071D000F3471F4643680D1E064690469B6A58DBE0
:1071E000EA199A4255D8FBF7BDFF002854DB304618
:1071F000FFF761FF4FF000090FB93C463CE0B7F5DF
:10720000807FBA4628BF4FF4807A2A460AEB0503EE
:10721000002D03F1FF334FEA1323B8BF05F1FF023E
:10722000B3EB222F08D06B42DBB25FFA85FA58BF6E
:10723000C3F1000ACAF5807A002380220621304675
:10724000CDE90099FFF745FF0446A8B92B468122F6
:1072500002213046CDE9008AFFF73BFF044658B9CA
:10726000012200233046FFF795FFA7EB0A070446EB
:10727000D04455440028BFD03046FFF711FF40F2FC
:10728000391200233046FCF709F9204602B0BDE868
:10729000F0876FF01504F8E76FF00404F5E7F7B531
:1072A0001E4643680D1E044617469B6A1EDBAA193C
:1072B0009A421BD8FBF756FF00281ADB2046FFF73F
:1072C000FAFE2B46012203212046CDE90076FFF786
:1072D00000FF05462046FFF7E3FE40F23912002387
:1072E0002046FCF7DBF8284603B0F0BD6FF015052B
:1072F000F9E76FF00405F6E7F7B54468054694F83A
:1073000040309A0746D5076901F0D4FD4FF47A76EC
:10731000A0FB060C002347F6122206FB01C1E5F78D
:107320003FFA3B69C31A13D4628FA68F9B1AB342EC
:107330000EDA47F6122740F2E7300021F61A4FF432
:107340007A720023E6FB0701E5F72AFA01F0C2FC96
:1073500094F8403013F004031CD18022AB2128465E
:10736000CDE90033FFF7B5FEA8B994F840309B078C
:1073700010D540F2E7310D46014647F61220E48F62
:107380004FF47A72E4FB005100232846E5F708FA2F
:1073900001F0A0FC002003B0F0BD73B543680446C3
:1073A00093F840309A071BD500238022B921CDE9FC
:1073B0000033FFF78EFEA0B9636893F840309B0757
:1073C0000ED5256901F076FD4FF47A74A0FB040612
:1073D00047F61222002304FB0161E5F7E1F9286179
:1073E000002002B070BD2DE9FF410446032900F2E0
:1073F0001981DFE801F0D40702110025284604B006
:10740000BDE8F081FFF757FE2046FFF775FF054600
:107410002046FFF745FEF1E74668306801F044F981
:10742000A0B1337E1BB1F06801F03EF970B196F85F
:107430004030D9060DD42046FFF73DFE2046FFF729
:107440005BFF00283ADA2046FFF72AFE6FF01205AC
:10745000D4E7306A01F028F90028F7D0306A96F8AE
:107460002410F38C0127D0F810C0DA0754BF43F47E
:10747000D01383F4B013DCF8005023F480128F4053
:10748000DB07D0F808E04CBF3D43BD43CCF80050CB
:10749000DEF8003098470028D8D1012196F8243032
:1074A000306A994003691B681942836814BFDB681E
:1074B0001B69984705460028BDD09FE72046FFF787
:1074C00058FE051E07DDE90705D5002200232046EA
:1074D000FFF760FE05462046FFF7E2FD002DB5DB15
:1074E0002046FBF73FFE0028B0DB2046FFF7E3FD18
:1074F0004FF00308002303AF1A469F212046CDF822
:1075000004800097FFF7E5FD05462046FFF7C8FD1C
:1075100040F2391200232046FBF7C0FF002D95D121
:107520003846424606F1340103F0ABF9074600281D
:1075300075D196F838307BB32046FFF7BCFD204666
:10754000FFF717FE051E21DD96F83830802225EA68
:10755000030506213B462046CDE900778DF80B5008
:10756000FFF7B7FD054688B901210DF10B03009324
:107570008022034601912046FFF7ABFD054628B95E
:10758000002200232046FFF705FE05462046FFF7B0
:1075900087FD002D7FF45AAF96F8375035B9204655
:1075A000FFF789FD2046FFF7F8FE30E7FF2DF6D004
:1075B00015F00B0F3FF44AAF2046FFF77CFD15F0A6
:1075C000080314D00123802201930DF10B030093D3
:1075D000172100238DF80B202046FFF77AFD054682
:1075E000B8B92269137D43F00103137511E0AA07AE
:1075F00005D400238022B721CDE90033ECE78022B7
:1076000006212046CDE90033FFF763FD054600283B
:10761000EFD02046FFF744FD002DC0D016E76FF0F5
:107620001505EBE66FF05705E8E6436800205B6858
:10763000DB680B607047436802EA01005B6821EA7F
:1076400002015860002099607047436800205B6821
:1076500059607047436800205B68996070474368D1
:107660005B681A6821EA02001140586000209960A6
:10767000704730B50369586800B30024884219D1B7
:1076800008688CB99C685860A14200D198600020BD
:1076900008602AB15A680A609A68596002B999600C
:1076A00000200FE02846E9E720609868814208BF83
:1076B0009C60ECE705680446002DF3D1002AE9D16F
:1076C0006FF0150030BD00207047F4F7E5BC30B511
:1076D00043681360057A446804EBC504A34202D3EF
:1076E0006FF0010030BD5C7908338C42F1D100208D
:1076F000F8E770B54FF4FA530646446C47F6122C7F
:107700005C4356F8203B05461B6840F2E730B4FB6B
:10771000F3F40021C8344FF47A720023E4FB0C0127
:10772000E5F73EF802460B463046F5F757FD08B937
:10773000286B70BD6FF07300FBE7002201214A2027
:10774000EBF72ABD10B50B6813B91846136005E0B6
:1077500003685C681CB114600368186810BD0833C6
:1077600003600B68013B0B60EDE710B5036804464E
:107770008BB11A7D7AB1186900F075FF0121236879
:1077800098681B7B994003691B68194283680CBF8A
:107790001B69DB689847A36933B9636004F1100083
:1077A000BDE81040F5F7E6BC10BD08B50069C36D33
:1077B0008B4204D15C30FFF7D8FF002008BD4FF0AA
:1077C000FF30FBE7F8B50C4606690546F76DFBF799
:1077D000AAFC14B9BB88DB0403D43946284600F060
:1077E0003DF9C6F88C4006F17C00BDE8F840F5F79D
:1077F000C1BC37B503690546D3F8A820D3F8B0104B
:10780000A2B9C9B10C46D3F8A400E0B1EAB9104658
:10781000D3F8AC30DBB1002904BF0C462346014647
:107820000094284600F02EF903B030BD49B19142D2
:107830000C4628BF1446E6E703B0BDE83040FFF72A
:10784000C1BF1446DFE70246E2E72246E0E71C46F6
:10785000E5E770B50D1E0646046903DABDE8704021
:10786000FFF7B0BFD4F8A830CBB19D4217D85B1B4F
:10787000C4F8A830ABBBD4F8903004F1A8020833A8
:10788000C4F89030D4F8943004F19401013BC4F86A
:10789000943004F19000FFF755FFC4F8A400D4F829
:1078A000B030CBB19D4217D85B1BC4F8B03003BBDE
:1078B000D4F8983004F1B0020833C4F89830D4F802
:1078C0009C3004F19C01013BC4F89C3004F1980009
:1078D000FFF738FFC4F8AC003046BDE87040FFF752
:1078E00088BFD4F8A430002BD9D02B44C4F8A430DE
:1078F000D5E7D4F8AC30002BEED02B44C4F8AC3034
:10790000EAE70069B430F5F735BC13B501AA0446BF
:10791000FFF7DDFE002805DB019B22681979186856
:10792000F2F722FE02B010BD03460A461979012380
:10793000006803FA01F103691B68194218BF82F05D
:10794000010212B18368DB68184783681B69FBE793
:10795000F0B504690646D4E915128B1A476885B05C
:1079600004D1BB6805B0BDE8F0401847BD8BE16CA1
:107970009D4228BF1D4621B101F06043B3F1005F75
:1079800006D1236D3BB103F06043B3F1005F02D039
:10799000082D28BF08250023A36451B1114401F02C
:1079A0006043B3F1005F04D02A46386902F04DFF0E
:1079B0003969236D43B1A26D134403F06042B2F103
:1079C000005F1CBF7B69A364002914BF2A46002204
:1079D000002B08BF0025CDE9012300910022694654
:1079E0002046039500F02EFD014618B1736830461D
:1079F0009B68984705B0F0BD70B50C690E46A16C48
:107A0000054639B1A36D206D2A69184402F01DFFA7
:107A10000023A3642969AA68A36D304691422CBF54
:107A20005B189B18A365BDE87040FFF791BF08473E
:107A3000072210B503690C461B68C3F800250B7DAF
:107A40005BB1012104F10800FFF76EFF237D23B134
:107A50002069BDE8104000F006BE10BD38B50369CE
:107A60000C461D680B7D4BB1086900F0FCFD237DC1
:107A700023B1002104F10800FFF756FF0023C5F8E9
:107A8000003538BD10B40469C4E91313019B934257
:107A90002CBF636562650023A36510BCFFF758BF68
:107AA000006900F076BD0129F8B5044627D007D952
:107AB000023901298CBF6FF015006FF08500F8BD09
:107AC0000569466895F828302BB12846F5F7A4F8E3
:107AD000002385F8283063680024DF68DD7FAC422E
:107AE00005D301217068BDE8F840FFF70EBF57F8D5
:107AF0003400FBF718FB0028E1D10134EFE7002444
:107B00004568EF68EE7FB44202D300216868EAE777
:107B100057F83400FBF726FB0028D0D10134F2E7F8
:107B20002DE9F84304460025012743681B68984760
:107B30006368DE7FDC68B54202D30020BDE8F883CD
:107B400020682179E388D0F810E0DA0754BF43F4C5
:107B5000B01383F4D013DEF800C023F4801207FAC8
:107B600001F8DB07D0F808904CBF48EA0C032CEA78
:107B70000803CEF80030D9F80030984708340028C0
:107B8000DCD10135D7E708B50220F2F785F90020EE
:107B900008BD034670B40C46DA88006819792243A0
:107BA000012405698C402B6812F0010F866814BF10
:107BB0002343A3432B60336870BC184710B54FF0C4
:107BC000FF304FF0FF31F3F781F9044628B9D8F7B9
:107BD000E5FF044618B1F3F781F9204610BDF3F72D
:107BE0007DF92046ECF77AF9F7E738B50B8A0D46B0
:107BF0003BB101F10C00FCF73BF8012818D002283A
:107C000003D06FF01504204638BD4FF0FF304FF021
:107C1000FF31F3F75BF904460028F4D1E868E4F794
:107C2000ECFF0446F3F75AF9ACB1F3F745FAEAE78B
:107C30004FF0FF304FF0FF31F3F748F904460028CA
:107C4000E1D1E868F3F7E0FA0446F3F747F9002CCE
:107C5000D9D1F3F731FA2846EBF7AAFE0024D2E790
:107C6000F3F754BA10B532220021044602F0FAFDAF
:107C7000202323708023A3706FF03F0363710423DC
:107C8000A3722823A3730223E3730423A3756FF065
:107C9000480363760323A3766FF01703E3760E237E
:107CA0002377302384F82030402384F8213079234F
:107CB00084F822307E2384F8233084F82430012392
:107CC00084F82530802384F82630042384F8273074
:107CD00084F82E3010BD08B50323E9F74FFA0020D1
:107CE00008BD08B5F3F7BAFD002008BD08B5F7F7E1
:107CF0001BFA48B1002383F31188BFF36F8F04236D
:107D0000184602DF6FF0040008BD08B54FF0FF31E0
:107D10004FF0FF30F3F7DAF8E9F738FABDE808403A
:107D2000F3F7DCB8684620F007018D4601B5E3F7AC
:107D3000B5FDBDE8014085467047684620F0070163
:107D40008D4601B5E3F79CFDBDE8014085467047CF
:107D5000684620F007018D4601B5E4F7CFF8BDE88D
:107D600001408546704708B5E8F72AFE002008BDA7
:107D7000684620F007018D4601B5F4F7AFFCEBF73C
:107D80008BFABDE80140854670477047012802D153
:107D90000020E2F769BE70477047E2F7ABBC08B558
:107DA000E4F7E0FA30B1EFF305800338032894BF1D
:107DB0000020012008BD70470120704703460020C5
:107DC000184700F050BC024610B5116891B1B1FAE5
:107DD00081F3C3F11F000123834021EA0303D2E8AA
:107DE000EF4F8C4204D1C2E8EC3FBCF1000FF6D15A
:107DF000EBD110BD6FF00B00FBE710B50368CB4073
:107E0000DB0710D401238B40026843EA0201D0E86B
:107E1000EF4F944204D1C0E8EC1FBCF1000FF6D143
:107E2000F2D1002010BD6FF01500FBE72DE9F04105
:107E300016461F464FF0010800F160404C1E0444F6
:107E4000C50BE40BA54201D9BDE8F08105F007019F
:107E5000C5F3C700324608FA01F1B8470135F1E72A
:107E6000F7B51646DDE90847019001A81D46F3F76E
:107E7000C9FF019BB6F1000C18BF4FF0010C00EBDD
:107E800083000B1E18BF0123002D43EA4C030CBFD7
:107E90004FF0000C4FF00C0C002C43EA0C030CBF0D
:107EA0004FF0000C4FF4706C002F43EA0C030CBF32
:107EB0004FF0000C4FF4403CD0F8802043EA0C0314
:107EC00022EA030301B109780EB13678760019432E
:107ED0000DB12D78AD0031430CB124782402294333
:107EE0000FB13F783F040C433C43C0F8804003B0DF
:107EF000F0BD1FB50DF10F03019300238DF80F1096
:107F00001A4619460093FFF7ABFF05B05DF804FB76
:107F100010B504460846F3F785FF04EB4004207DC6
:107F2000C0F3401010BD10B504460846F3F77AFFC1
:107F300004EB4004207DC0F3400010BD10B50446A2
:107F40000846F3F76FFF04EB4004A08A400B10BD16
:107F500070B5044608461646F3F764FF083034F857
:107F600010300D46DA0509D5C3F3432304EBC302F1
:107F70003146284654F8333052689847A3682BB1ED
:107F800031462846E268BDE87040184770BD10B51C
:107F900004460846F3F746FF04EB4000838ADA05FF
:107FA0001DD5C3F3432123F4F853838204F1120255
:107FB00004F1580032F8023F13F4807F03D0C3F37A
:107FC000432399420BD08242F4D1002204EBC10337
:107FD0005A6004F16000BDE81040FFF70EBF10BD0D
:107FE000F0B50446002001270546844695420AD193
:107FF000D4F8443133B10023C4F84431D4F84431C7
:1080000040F40030F0BDEBB29B0003F580769B0896
:1080100007FA03F3194208D054F806E0BEF1000F46
:1080200003D044F806C0A65918430135DEE738B539
:1080300004460D46FFF76CFFA8B12046FFF773FF1B
:1080400088B92046FFF77AFF012322688340C2F8EF
:108050001833236803EB8000D0F8103523F00303B6
:10806000C0F8103538BD2846BDE838400021FFF77C
:1080700040BF2DE9F0431746044685B00846F3F7A4
:10808000D1FED7F800800E460546B8F1000F1ED08D
:108090002046FFF748FF18B12046FFF739FF20BB05
:1080A00000230DF10F02CDE900338DF80E308DF86D
:1080B0000F30304643460DF10E01FFF7D1FE04EBC1
:1080C0004502938A23F0020343F0010393827B6805
:1080D0009BB33146204693F80080D3F80490FFF715
:1080E00022FF28B1B9F1000F1FD06FF0150027E073
:1080F00004EB4500838A23F4604323F0200383824A
:10810000B9F1000F11D0B8F1030FEED87B682168E8
:108110005B6893F800C04FEA8C031944B8F1000F74
:1081200011D1C1F81085C1F8108504EB4502938A7E
:1081300023F01C0343EA88039382BB684BBB0020F7
:1081400005B0BDE8F083D1F8102522F00302C1F894
:10815000102522681344D3F8102522F4473222F464
:108160007C72C3F8102541F6F072D3F8101502EABC
:10817000061242EA08420A43C3F8102504EB4C03F6
:10818000A3F86460838A43EA4C3343F0200383827C
:10819000CBE73146D3E900782046FFF7F8FE002F01
:1081A000CDD063689F4206D004F16000FFF70BFE5C
:1081B000002804DAC4E7A3689845F5D1002004EB51
:1081C000C003C3E9017804EB4505AB8AC0B243EABA
:1081D000402343F48073AB82B1E7C0E903127047D8
:1081E00070B504461546FFF793FE48B10846F3F70D
:1081F00019FE04EB40040020A38A5B0B2B7070BDBA
:108200006FF01500FBE790F87400003818BF0120EC
:108210007047F3F73DBE2DE9F34104461746FFF7DB
:1082200077FE0D462668F0B12046FFF77CFE8046BB
:10823000C8B92046FFF782FE820002F5807346F837
:108240000380F35823681344D3F8102542F0010249
:10825000C3F8102527B1012322688340C2F81433E4
:1082600002B0BDE8F081D6F8143328469B035CBF0A
:108270004FF40033C6F81433F3F7D4FD04EB400495
:10828000A38AC3F38203042B11D0052B11D001A8BC
:108290000195F3F7B7FD019BC168D94001F00101D9
:1082A0000231284602B0BDE8F041FFF722BE0321AB
:1082B000F7E70221F5E7FFF7BABEC9B2F4F746BB0C
:1082C00030B50124054690084038844014EA010086
:1082D00009D0A85838B10021A950AA5813B11A687A
:1082E00022431A60012030BD00232DE9F3410446EA
:1082F0000D460193904601AB4FF48072FFF7E0FF0B
:108300004FF4827229462046FFF7DAFF4FF4847259
:10831000074629462046FFF7D3FF064630B1B8F19D
:10832000000F1DD017B13E46D4F80C374FF4A6729B
:108330002946204601ABFFF7C3FF30B1B8F1000F6B
:1083400003D016B90FB1D4F80C374FF4B4722946E4
:10835000204601ABFFF7B4FF019802B0BDE8F08101
:108360004646E3E707B5019001A8F4F7FBFA0123BD
:10837000019A9340436003B05DF804FB07B5019098
:1083800001A8F4F7EFFA0123019A9340836003B048
:108390005DF804FB70B54B7F04460D467BB10123AD
:1083A00064264360002202212046FFF79DFF20B98A
:1083B0000120FFF706FD013EF4D100236B77002377
:1083C000C4F8003570BDF8B51E4690F8203004465C
:1083D0000D46174693B919B14969F4F7D3FA80B13C
:1083E000C4E901761DB129462046F4F711FB0020AF
:1083F000012384F8210084F82030F8BD6FF0770065
:10840000FBE76FF01500F8E770B590F820300546EF
:108410000E4673B190F8213003F0FF0463B9496947
:10842000F4F7B0FA58B128463146F4F7F1FA20468D
:1084300070BD6FF07600FBE76FF00F00F8E76FF0AC
:108440001500F5E7F0B590F8213005460E461746C1
:1084500085B0002B40F09A8043682BB112F0140FC6
:1084600004BF012380F8213005F1100496E80F00C5
:1084700084E80F00686A431C05D095F822309C07F9
:1084800017D5FFF76FFF33682C6823B103F0604303
:10849000B3F1005F06D1B36873B103F06043B3F189
:1084A000005F09D000236FF00C0085F8213005B083
:1084B000F0BDFFF763FFE6E717F0010318BF0123E4
:1084C000C4F84C3717F0020318BF0123C4F814375F
:1084D000D6E900C1D6E902230026C4F83CC7C4F897
:1084E0004017C4F80427C4F80837C4F80861D4F862
:1084F00008010720C4F8000595F8220040070BD5B5
:108500008220C4F8840C686830B1C4F80061D4F8E3
:1085100000010120C4F8040317F0080612D14FF03F
:10852000010E6868C4F800E060B9D4F808010028BA
:10853000FBD0CDE900C1CDE9022304216A462046E3
:10854000FFF7D2FE6B68C3B995F82220510748BFE8
:10855000C4F8843C686A421C05D095F822309B0719
:1085600008D5FFF70BFF1EB92046291DFFF712FFA4
:1085700000209CE7FFF7F6FEF5E7042317F0040F51
:1085800014BFC4F80833C4F80433F1E76FF00F00E8
:108590008DE7011D0068FFF7FDBE70B590F8223031
:1085A00004460568580710D5D5F80433D9070CD50B
:1085B000D5F800314BB10023C5F80031D5F80021C2
:1085C000C5F8843C0123C5F808330421284604F18A
:1085D0001002FFF789FED8B1606A421C05D094F8FA
:1085E00022309B0711D5FFF7C9FE94F821301BB14B
:1085F0002846211DFFF7CEFE2046002300F80C3F41
:10860000D4E90131BDE870401847FFF7ABFEECE755
:1086100070BD012203681A600223037370470122B0
:108620000368DA607047F8B504460126002703683E
:10863000D3F8045305B9F8BD95FAA5F3B3FA83F35B
:10864000980006FA03F325EA0305236800F5807015
:108650001A58002AEED01F501B586368002BE9D02F
:10866000A1689847E6E708B1EBF714BA704738B548
:10867000436905465BB90024EA68537843F0010377
:10868000537014B92846FAF726FF604238BD984760
:108690000028F0D080EAE074A4EBE074FF2CA8BFBF
:1086A000FF24EB681C70E7E740B1C368587810F00E
:1086B00001001EBF1878B0FA80F040097047EFF350
:1086C0001183402383F31288BFF36F8FFEE708B551
:1086D000FFF7F5FF10B400F10C04C0E9034410BC2F
:1086E000F9F729BB38B50446EFF31185402383F32E
:1086F0001288BFF36F8FF9F798FA04F10C0000F0BD
:10870000DAFA30B1294604F11400BDE8384000F02F
:10871000B8BA85F31188BFF36F8F38BD10B54269C1
:108720006AB1836842EA0301890708D10169A2FBA3
:10873000011424B95B182CBF0121002102D36FF072
:10874000150005E0C1609B1A02698A4201D8002029
:1087500010BDC26801311A604269C3609B1AF3E719
:108760002DE9F04105460F46EFF31188402383F3CE
:108770001288BFF36F8FC668FEB90468A0421CD090
:10878000DCB1D4E9003213605A60237CC4E900668E
:1087900023F002032374A66004F1180000F051FBDB
:1087A0002046C4F8B460676100F038FA414605F12C
:1087B0000800BDE8F04100F064BA3E60AB69EF60CC
:1087C000013BAB6188F31188BFF36F8FBDE8F08187
:1087D000402408B5EFF3118384F31288BFF36F8F41
:1087E000FBF758F9F6E790F90E308B4201D0F5F718
:1087F00087B90020704703460020C3E90033C3E96E
:1088000002007047D0E9003213605A600023027CF6
:10881000C0E9003322F002020274836070472DE940
:10882000F843904604460D469DF82020EFF311874B
:10883000402181F31288BFF36F8F02B14568A668AB
:1088400004F10809B14516D0AEB100243046FFF757
:10885000D9FF06F1180000F0F4FA3046C6F8B4402B
:10886000C6F8148000F0DAF94846394600F009FAF3
:108870002046BDE8F883A3B10820F5F761FD002884
:1088800032D00122C0F804800260016801F00301C7
:108890005DB922680A430260626820606AB960605C
:1088A0000BE04046C8F80030EFE72A68032A10D8EA
:1088B0000160616839B9C4E90000002087F31188BC
:1088C000BFF36F8FD5E70A6802F0030202430A6024
:1088D000E5E722F003020A4302602A6802F003027D
:1088E00040EA02032B60E8E76FF00B00E6E710B503
:1088F000044630B10268930703D0446809B100F020
:10890000ACFB204610BD0023C0E9003300F1080392
:10891000C0E902337047012307B5009300230A46DC
:108920001946FFF77CFF03B05DF804FB002307B591
:108930000A4600931946FFF772FF03B05DF804FB87
:1089400000210068FFF7D3BF3AB18A4205D3C0E9DE
:108950000212C0E90000002070476FF01500704758
:10896000012302688B4022EA0303036022FA01F02C
:1089700000F001007047704710B5032104460C3029
:10898000FFF7EEFF30B104F1100000F05AFAB0FA30
:1089900080F0400910BD20B10022C430114600F023
:1089A000E2B9704770B5C3680446C3F340069B073D
:1089B00016D4856802210C30FFF7D2FF80B1D5F8BC
:1089C000BC206AB194421DD122689EB9D5F8C0304E
:1089D000C5F8BC209C4201D1C5F8C020002323600B
:1089E000E36813F01F001EBF43F00203E36040F092
:1089F000020070BD3260D5F8C020944208BFC5F8AF
:108A0000C060EBE716461268DBE773B50446EFF388
:108A10001185402383F31288BFF36F8F00230193E6
:108A2000D0E90423B3F1004F08BF012A05D085F334
:108A30001188BFF36F8F02B070BDA0F11006032143
:108A40000438FFF78DFF0028F1D0A369304601A953
:108A50000193F4F705FDEAE738B504460D46102208
:108A6000002101F0FFFE656038BD13B50190084696
:108A7000EFF31184402383F31288BFF36F8F01A9B2
:108A8000F4F7EEFC84F31188BFF36F8F02B010BDD2
:108A900010B5FFF7EAFF041E08DDEFF31180402355
:108AA00083F31288BFF36F8FF5F796F8204610BD59
:108AB00070B50D46EFF31186402383F31288BFF3A0
:108AC0006F8FF4F71FFD044686F31188BFF36F8F95
:108AD00038B14FF0FF324FF0FF3305F11000F4F7DB
:108AE0007DFB204670BD08B5D822002101F0BAFEFA
:108AF00008BD38B530220D460021044601F0B2FE13
:108B00004FF480736560E36038BD38B50446EFF319
:108B10001185402383F31288BFF36F8FFFF72CFF7B
:108B20002046FFF73FFF85F31188BFF36F8F38BDF5
:108B3000F8B504460D46EFF31187402383F31288FE
:108B4000BFF36F8FC36803F01F03002B14BF012610
:108B5000002609D0FFF710FF2046FFF723FF294624
:108B60002046F4F75FFC034687F31188BFF36F8F4D
:108B70003BB14FF0FF324FF0FF3305F10800F4F73F
:108B80002DFB3046F8BDD0E9003213605A60002357
:108B9000027CC0E9003322F0020202748360704755
:108BA000EFF30580003818BF01207047D0E900328C
:108BB00013605A600023C0E90033704708B5FFF71F
:108BC000F5FF037C23F0020303740023836008BDD8
:108BD00038B504460D46F4F7EFFE237C43F002035C
:108BE0002374D5B1A5602B689D4209D16B68C4E997
:108BF00000531C606C6010E06A689A42F6D01B68F3
:108C0000002BF3D093F90E1094F90E209142F3DD6E
:108C10005A68C4E9003214605C6038BD10B5EFF3E7
:108C20001184402383F31288BFF36F8FF4F784FE1F
:108C300084F31188BFF36F8F10BD08B5037C014624
:108C400013F0280F0CD183680BB1FFF7B7FF0B7C33
:108C5000084623F004030B74BDE80840F4F76CBE2B
:108C600008BD10B5EFF31184402383F31288BFF3DE
:108C70006F8F1838FFF7E1FF84F31188BFF36F8F10
:108C800010BD0846F4F7D0BE38B50546046800208C
:108C9000AC4200D138BD002CFCD02046FFF78EFF3F
:108CA00004F1180000F0CDF82046F4F745FE2C68DA
:108CB0000120A542EDE710B5EFF31184402383F3C3
:108CC0001288BFF36F8FFFF7DFFF84F31188BFF3C4
:108CD0006F8F10BD70B506460D46F5F719F8B5F162
:108CE000FF3F08BFB6F1FF3F04460CD047F6112006
:108CF00000214FF47A7547F612220023E4FB0501A8
:108D0000E3F74EFD70BD4FF0FF30FBE708B5C3172A
:108D10001F3043F10003400940EAC360C117F4F774
:108D2000F7FF400108BD38B50446EFF31185402335
:108D300083F31288BFF36F8F037C5B070ED5183067
:108D400000F07FF8237C204623F004032374F4F71B
:108D5000F3FD2846BDE83840F4F766BE85F3118878
:108D6000BFF36F8F38BD38B5EFF31185402383F320
:108D70001288BFF36F8F0468A04213D0A4B1C4F867
:108D8000B41062612046FFF719FF04F1180000F0EB
:108D900058F82046F4F7D0FD012085F31188BFF381
:108DA0006F8F38BD0020F8E72046F6E72DE9F04741
:108DB00006460F4691469A46EFF31188402383F307
:108DC0001288BFF36F8F0068864206D028B173689F
:108DD00098420CBF0025056868B90024B9F1000F5E
:108DE00002D051462046C84788F31188BFF36F8FE1
:108DF0002046BDE8F0875146B84704460028EDD12B
:108E000035B17368AB4200D02C6828462546E3E7AD
:108E10002C46FAE708B50246F5F70EF970B1D0E92D
:108E200004319B1A61EBE272B3F1004F72F1000161
:108E300004DA002AACBF1846002008BD6FF00040DD
:108E4000FBE7024638B5EFF31185402383F3128820
:108E5000BFF36F8F0368D3B1F5F7EEF80446104601
:108E6000F5F7FCF800224FF000438442C0E90423E8
:108E700005D0002085F31188BFF36F8F38BDF5F75B
:108E8000E3F8FFF7C7FF0021F1F74AFEF1E7D0E969
:108E90000413B3F1004F08BF012904D100204FF0A3
:108EA0000041C2E904016FF01500E3E708B5F5F7EA
:108EB000DDF908BDF5F7DAB9B3F1FF3F08BFB2F14C
:108EC000FF3F70B506461D46144614D01A4316D00F
:108ED000002B08DBF5F7CAF9041941EB0501C6E9D7
:108EE0000041304670BD6FF001031C1B4FF0FF3393
:108EF00063EB0501F3E74FF0FF342146EFE7002471
:108F0000FBE7B3F1FF3F08BFB2F1FF3FF8B50746FB
:108F100016461C4610D054EA020311D0F5F7A6F904
:108F2000B0420A46A14103460AD2F31A64EB020496
:108F3000C7E900343846F8BD4FF0FF331C46F7E769
:108F40000023FBE72DE9F3470446DDE90A981546BF
:108F50000E4659B302F0010AF4F716FF0746EFF385
:108F60001181402383F31288BFF36F8FA80744BF9A
:108F70000023A360A36803EA0600BAF1000F0CD037
:108F800086420CD16A0744BF8343A36081F31188F2
:108F9000BFF36F8F02B0BDE8F0870028F2D159EA25
:108FA000080305D181F31188BFF36F8F0020F1E72B
:108FB000C7E918652246CDE9009804F10C00F4F7E2
:108FC0007DFD0028F2D1386EE4E710B50B68044649
:108FD000D0E9180212F0010F03EA000301D0984211
:108FE00011D183B12366520748BF4A6804F11800C3
:108FF00044BF1A434A60FFF724FF00232046C4F809
:10900000B430FFF71AFE002010BD0023C0E90000B5
:10901000836070474FF0FF32F5F740B90A460021F0
:10902000F5F73CB95200FFF78DBF043270B5044626
:109030000ED2EFF31185402686F31288BFF36F8FAF
:1090400041F00401984785F31188BFF36F8F08B989
:10905000002070BD40F8044BFBE720B1011F50F821
:10906000040CFFF73FBB70477047FFF7C4BB4FF0DE
:10907000FF324FF0FF33F3F789BFF3F7F9BF00205A
:109080007047704710B5044608B1F5F703FB20465A
:10909000BDE81040F5F7EEBA0346C068F8B158884D
:1090A000E8B11B8803F44F42B2F5824F02D0B2F50B
:1090B000884F09D1DBB2272B2AD008D8172B0FD025
:1090C000222B34D0122B16D06FF085007047302B36
:1090D0002FD0413B012BF7D8FF2839D10020704712
:1090E000C028FBD0E128F9D0B0F5807F14BF6FF025
:1090F00086000020704720F02003C02BEED020F027
:109100008003B3F5807FE9D040F209239842EDE770
:10911000E928E3D0EF28E1D040F21B139842DDD0DC
:1091200040F299139842D9D040F23B23EEE7E92868
:10913000F1E720F02003C02BD0D020F04003B3F59E
:10914000807FCBD0B0F5C07FC8D0B0F5007FCDE731
:10915000B0F5E07FCAE73AB1002918BF002321210A
:10916000D21A184401F07EBB70472DE9F04F9B46A0
:10917000002389B08DF81B30159B9146DDE912A7BD
:10918000002B0D460B460CBF4FF400624FF480627B
:1091900007A9DDF85080F5F71FFC0446D0B9079EFB
:1091A000284631880DF11B02F5F792FC044688B978
:1091B0009DF81B30BB421FD8CDE90338CDE901BA79
:1091C000CDF800902B46D6E909123046F6F7B2FAF0
:1091D000044608B1C8F800703A4621465046D8F80F
:1091E0000030FFF7B8FF0798F6F78CF9002C18BF8E
:1091F000204609B0BDE8F08F6FF08904EAE741F23C
:10920000062398421AD8B0F5905F09D241F20103C3
:1092100098420CD0B0F5885F09D06FF08500704798
:109220006923A0F5905080B2C340DB07F5D511F05B
:10923000070F14BF6FF0860000207047B0F5105F75
:10924000EBD121F04003802B06D0B1F5807F14BF15
:109250006FF08600002070470020704770B5446AA8
:1092600005460E463CB90120F5F7FEF9686228B1C3
:109270002046AE6270BD6FF08A00FBE76FF08C0095
:10928000F8E7F8B51E460F4615460388C2B103F449
:10929000E043B3F5805F02D0B3F5005F10D1089BC7
:1092A000E90019600088FFF7AAFF044630B92A4692
:1092B0003946304601F0C9FA079B1D602046F8BDCB
:1092C0006FF08504FAE710B50446406A10B1A16A50
:1092D000FFF7D8FE0020C4E9090010BD38B50446E8
:1092E000FFF7F1FF237F012B0FD0023B012B0FD89B
:1092F000236A012B14BF6FF0960500252C22002154
:10930000204601F0AFFA284638BD236A002BF1E76A
:109310006FF09605F2E738B514460288049D02F412
:10932000E040B0F5805F07D0B0F5005F04D002F4F4
:109330004F42B2F5824F0ED1AC420FD818462246AA
:1093400001F083FA00212A1B204401F08BFA00204F
:10935000059B1C6038BD6FF08500FBE76FF089004E
:10936000F8E7F0B50F461E46154685B0CAB1002392
:109370000122336003A9F5F72FFB044670B9CDE94C
:10938000005603983B46D0E90912F6F771F90446F6
:109390000398F6F7B7F8002C08BF0446204605B03E
:1093A000F0BD6FF08904F9E7F0B50F461E4615468B
:1093B00085B0FAB1002303A91A463360F5F70CFB18
:1093C000044688B9039803885B0410D5CDE900569C
:1093D0003B46D0E90912F6F75FF904460398F6F721
:1093E00091F8002C08BF0446204605B0F0BD6FF090
:1093F0008604F3E76FF08904F6E710B503680446C6
:1094000043B100F031F900232360A3886FF3080310
:10941000A38010BD1846FCE72DE9FF4198460023C4
:109420000C460168054616460393002939D14FF4CE
:10943000C272083001F016FAB8F1000F2046334628
:109440000CBF4FF400624FF4806203A9F5F7C4FA31
:109450000446B8B9039F304639882A1DF5F738FB12
:10946000044678B96B79394668F300036B71D7E924
:10947000092328460096B8F1000F0FD0F6F784F9BB
:10948000044610B12846FFF7B8FF0398F6F73AF8FC
:10949000002C18BF204604B0BDE8F081F6F798F91B
:1094A000EEE76FF08804EDE70123FFF7B5BF38B5AD
:1094B0000368054614464BB132B100F0C0F80446CB
:1094C00010B12846FFF799FF204638BD6FF0880499
:1094D000FAE72DE9F0411646026805460F46984620
:1094E000F2B14279D2071BD50279CAB1B2421AD879
:1094F00000F0AEF8044618B10023C8F800602B71E4
:1095000037B1324621463846D8F80030FFF723FEFF
:109510002846FFF772FF002C18BF2046BDE8F081F7
:109520006FF08804E8E76FF08904E5E71FB50124D0
:109530000394089C0294079C0194069C0094FFF7F6
:1095400014FE04B010BD2DE9F04705469A460023ED
:1095500088B0079325F0004323F47F03B3F1106F25
:109560000846DDE910961746DDF8488023D12B46E2
:109570004FF4804207A9F5F72FFA044660B9CDE908
:109580000368CDE901A9079800972B46D0E9091295
:10959000F6F742F9044628B131464846F5F764FC2F
:1095A000C8F800600798F5F7ADFF002C18BF2046FB
:1095B00008B0BDE8F0876FF08604EDE703461B882E
:1095C000084603F4E043B3F5805F114602D0B3F5DB
:1095D000005F01D1F5F748BC6FF0850070471C2291
:1095E000002101F03FB9037F022B06D1036A5A1C08
:1095F00003D001330362002070476FF0960070477C
:10960000034668B1017F8A1E012A0BD80329026A2A
:1096100003D1012A01D1FFF761BE1AB1013A1A62E2
:10962000002070476FF096007047C0B2FF280CBF53
:109630006FF0860000207047F6F770B97047036836
:10964000052B02D10830F6F749BC6FF08600704751
:1096500010B40468052C03D110BC0830F6F756BCD2
:109660006FF0860010BC70470368052B02D10830EC
:1096700000F0D7B8002070470020F6F717BB002095
:10968000F6F74EBB002000F0C6B8E8F751BA0A283A
:1096900042DCC31C1FDA10F1400F45D010F13F0F20
:1096A0002BDA10F1410F42D010F1550F42D010F1DA
:1096B000490F14BF6FF086006FF0840070470928CF
:1096C0002DD8DFE800F0052C2C2F172C372C2C3A46
:1096D0006FF09800704703300D2820D8DFE800F0C5
:1096E0000A331F221F1F1F1F1F1F071F1F076FF097
:1096F000940070476FF08500704710F1210F1FD064
:109700000DDB10F1200F1ED010F1100F14BF6FF001
:1097100086006FF09400704764380928CFD96FF045
:1097200086007047002070476FF0840070476FF02C
:10973000890070476FF0930070476FF08C0070479E
:109740006FF0880070476FF09200704710B50138D5
:109750000A44914200D110BD10F8013F11F8014BAD
:1097600063400370F5E70144814200D1704711F86E
:10977000013D1A440A70120AF6E730B5002503F5D8
:109780008073013A002A0ADAD8B2284303D0FF2BAB
:1097900094BF00200120FF2B98BF013830BD845CAE
:1097A0001C448B5C013AE41A230AE4B2FF332543DC
:1097B000E8E707B501A9F6F7C7F9003818BF012097
:1097C00003B05DF804FBF7B506460D46202D2F4685
:1097D000A8BF202700216846F7F79CF9044670B916
:1097E0003A4631466846F7F7E7F910F1520F04465A
:1097F00008D0431CF4D0684600F036FC34B1204653
:1098000003B0F0BD684600F02FFCE3E7EC1B3E44DC
:10981000F5D02546DAE700207047F6F721BBF6F7CA
:109820001FBB08B54FF4C27101F003F8002008BD5A
:10983000F0B504461F460D461646E5B04FF4C27219
:10984000002103A801F00EF8214633462A4600976E
:1098500003A8F6F705FB044670B9DDE96A1203A810
:10986000F6F73CFB044638B9DDE96D236C9903A893
:10987000F6F74CFB044610B103A8FFF7D2FF2046D1
:1098800065B0F0BD90F84C3013B1503000F024BBFF
:10989000D0F8543113B1D0F85C011847184670471E
:1098A0002DE9F0470446806889469042174609D35F
:1098B000201A1C3000F0C9FFA368DB1BA360002046
:1098C000BDE8F08704F1640A01215046F7F7EEF98C
:1098D000064618B1BDE8F047FFF7D9BE2046FFF7AE
:1098E000D1FF054600284BD1A26832F0100309D001
:1098F000A01A49461C3000F0A8FF2A46A368A560BC
:109900009944FF1A07F1FF3828F00F08A7EB080663
:1099100062B9102204F10C0104F1500000F04CFA7D
:1099200080BB1023A360012384F84C30B8F1000FF2
:109930001CD04246494604F1500000F03DFA05466D
:10994000C0B9012384F84C3004F15007384600F0C8
:1099500021FB054670B9384600F079FB054648B949
:10996000402104F10C0000F064FF03E094F84C3057
:10997000002BE9D15046F7F787F92DB12846A9E722
:10998000B046F7E70546F5E7002E98D0324609EBDA
:10999000080104F10C0000F058FFA3689B1B8DE741
:1099A000F8B543680546102B2FD800F16406012155
:1099B0003046F7F77BF918B1BDE8F840FFF767BE0E
:1099C0002846FFF75FFF0446D0B9AA6805F15007A3
:1099D000102A05F10C050AD12946384600F01DFA77
:1099E000044668B9384600F032FB044608E02946D0
:1099F0003846C2F1100200F0DFF904460028EBD02F
:109A00003046F7F741F92046D6E76FF08600F8BDFB
:109A10002DE9F0414FF00008DDE906CE04880D463F
:109A200016461F46CEF80080BCF1000F15D024F07A
:109A3000FF04B4F5E24F03D1BDE8F041F7F7E8BB0E
:109A4000B4F5824F0DD13A4631462846CDF818E09C
:109A50006346BDE8F04100F041BC6FF08600BDE810
:109A6000F0816FF08500FAE72DE9F04107463C8868
:109A7000184604F44F43B3F5824F0D469046079EB7
:109A800002D0B3F5884F0FD1E4B2A4F14103012B0A
:109A900001D9122C0BD14246294600F0D6FE0020F7
:109AA000C6F80080BDE8F081B4F5885FF2E77B88F6
:109AB000069A0733B2EBD30F4FEAD30408D301461B
:109AC00022462846F6F7A4FA0028EBD13460E9E7ED
:109AD0006FF08900E6E7F6F7CDBBC0F30253013B18
:109AE00010B5052B21D8DFE803F01B0B0B0B03137C
:109AF000032300F030002028136013D0002010BD95
:109B00000B8844F212118B420CBF04230223F0E7AE
:109B10000B8844F212118B420CBF06230323E8E7A3
:109B20000123E6E702331360E8E76FF09800E6E709
:109B300013B50C46F6F708F8C31C0FD0013009D056
:109B400004224FF0FF3321460DEB0200019300F099
:109B500098FE30B96FF08B0002B010BD6FF084003A
:109B6000FAE70020F8E730B589B0054618220C4620
:109B700001A8002100F076FE012344EA052401A992
:109B8000BA2007940593F5F799FF002818BF6FF0E6
:109B9000920009B030BDF7B5BA2001A9F5F7D4FF9E
:109BA000044610B1002003B0F0BD019D2F0AEDB2B4
:109BB000AC4205D1BA20F5F7ADFF0028F2D008E09D
:109BC000E6193046F5F7A6FF30B13046FFF7F1FD54
:109BD00010B96FF09200E6E70134E9E738B5037891
:109BE0000446033303F00303012B0FD86FF0210069
:109BF00038BD60782844F5F77FFF48B901352378F0
:109C0000C3F382039D42F4D30020F1E70025F6E779
:109C10000220EDE708B5F820FFF7CBFD18B9F920D1
:109C2000FFF7C7FD10B16FF0920008BDF820F5F7FF
:109C300063FF0028F7D1F920F5F75EFF0028F4D084
:109C4000F1E74368A3F11001914241D8012243F8A2
:109C50000C2C53F8042C42F0200243F8042C53F847
:109C6000082C42F0005243F8082C836800F11402DB
:109C7000A3F1100191422FD8012243F80C2C53F884
:109C8000042C42F0200243F8042C53F8082C42F034
:109C9000005243F8082CC36803F15402BFF35F8FEE
:109CA0004FF0A3431A60BFF35F8FC2680432BFF363
:109CB0005F8F1A61BFF35F8FBFF35F8F03225A6319
:109CC000BFF35F8FBFF35F8F9A63BFF35F8F704700
:109CD000103242F80C2CB7E7103242F80C2CC9E7CE
:109CE00038B5BFF35F8F4FF0A344E569BFF35F8FD3
:109CF000BFF35F8F10236363BFF35F8F012000F01A
:109D000064FDBFF35F8F00236363BFF35F8FBFF317
:109D10005F8FE36BBFF35F8F5B06F8D425B1BFF3B2
:109D20005F8FE561BFF35F8F38BD08B5F7F74EF879
:109D300030B9BFF35F8F4FF0A343986ABFF35F8FD3
:109D4000BFF35F8F4FF0A342D36BBFF35F8F10F071
:109D5000240F03F0230304D0FFF7C2FF6FF01F00AE
:109D600008BD4FF0FF30002BFAD1BFF35F8F1063B7
:109D7000BFF35F8F1846F3E7026913690BB15069AF
:109D800018471846704708B5826803465AB90268F2
:109D90001169426A114206D0FFF7EEFF002808BFA2
:109DA0006FF0530008BD03F11400702103F1780235
:109DB000FFF747FF0020F5E710B5047D03464CB3DD
:109DC000B2F1807F06D3FFF7D7FF002808BF6FF0FE
:109DD0003F0010BD4468062C06D9FFF7CDFF0028D0
:109DE00008BF6FF04400F4E70AB90020F1E780698A
:109DF000016099698A60186899698069C068C8605B
:109E00009969103199615968013159609968114413
:109E10009960EAE76FF02000DBE710B4037D002BC8
:109E200056D08368C3B9836900F124021A600368BD
:109E300082691B68013343F00053936004688269B0
:109E40002368A4690133E4681B0203F4F853234335
:109E5000D360836910338361036882681C681319B7
:109E600023EA040384699B1A54F8042C42EA03226F
:109E700044F8042C826952F8084C234443F0005300
:109E800042F8083C03681A68C368134423EA0203D3
:109E9000C2691160C269C1689160C26902F11001B2
:109EA000C161C1688B420AD000211161C168C269D9
:109EB0005B1A43F080439360C3691033C361036846
:109EC000DA68436A23EA0203436210BCFFF75BBF10
:109ED0006FF0200010BC704738B5037D0446002B9E
:109EE00052D003685B69002B51D00269D3685BB123
:109EF00050699847054638B12046FFF73DFF0028D6
:109F000018BF0546284638BD214651F8783B626A9D
:109F10009B6904F114001B68F6F7BCFD0123636024
:109F200023699A689AB9A2691B6813602369A269B8
:109F30005B6843F0005393602268A369926992685A
:109F4000DA60A3691033A36163680133636000259D
:109F5000236AA269C43313602368A2695B6943F072
:109F6000005393602268A36992695268DA60A3691A
:109F700022681033A3616368013363601269636A06
:109F8000A56013436362BDE76FF02005BAE76FF089
:109F90004705B7E738B5027D0346002A40D002687E
:109FA000816894688C4206D9FFF7E6FE002808BF56
:109FB0006FF0530038BD5468B1FBF4F504FB151481
:109FC00034B1FFF7D9FE002808BF6FF04500F1E774
:109FD000416AD06801435962D3E90701C43152692B
:109FE00001601868D96940690F328860D96922F028
:109FF0000F0201F11000D8611868406990420AD040
:10A000000C611868D9694069121A42F080428A606E
:10A01000DA691032DA611846BDE83840FFF7B3BE9E
:10A020006FF02000C6E738B5037D054663B1FFF742
:10A030007CFE431C044605D02846FFF79DFE002801
:10A0400018BF0446204638BD6FF02004FAE710B56B
:10A05000037D04462BB12046FFF7E5FF431CFAD0F1
:10A0600010BD6FF02000FBE710B5037804461BB16C
:10A07000F5F71EFC00232370002010BD0368D8688C
:10A08000C0F300407047036803F58053586A00F43A
:10A09000A020003818BF01207047022203689A6090
:10A0A00070470368D868F6F733BF024608B5104614
:10A0B000FFF7E4FF0028FAD1BDE808401046FFF79B
:10A0C000F0BF03685A507047036999667047036987
:10A0D000986E7047C0F30B03482B4B6028BF482392
:10A0E00010F4003F8B6008BF0023CB6010F4803376
:10A0F00008BFC1E9013300F47003B3F5700F14BF5A
:10A1000000238B6800284FF0010C4FF008028B6091
:10A11000B8BF0023C1E905C2B8BFC1E90533704724
:10A120002DE9F0479946058843888AB003F107086E
:10A13000009305F44F43B3F5824F04468A46174611
:10A140004FEAD80602D0B3F5884F3FD1EDB22022B6
:10A15000002102A800F086FB0023BE42C9F80030AF
:10A1600041D8B8F5847F41D220466A463946F6F791
:10A17000FDFF044630BB2846009901AAF6F738FFD8
:10A180000446F8B9A5F14103012B21D8324602A9B2
:10A19000F5F7C6FD28BB314602A800F018FB40BB0E
:10A1A000412D04D1202E02D102A800F076FA3246C9
:10A1B000504602A900F049FB202102A800F039FB1B
:10A1C000C9F8006020460AB0BDE8F0870025BEE768
:10A1D0003A465146019800F06BFA0028ECD0FFF7A0
:10A1E00056FA0446EEE76FF08904EBE76FF085045A
:10A1F000E8E76FF09304E5E72DE9F341DDF820800F
:10A200001E46438842450F461546019315D82946F8
:10A2100001AAF6F7ABFF044658B92B463A46414629
:10A22000304600F0E9FA58B10A9B019A1A60099B7E
:10A230001D60204602B0BDE8F0816FF08904F8E7A8
:10A240006FF08604F5E72DE9F0431F460688438842
:10A2500095B0029306F44F43B3F5824F054614467A
:10A2600002D0B3F5884F2FD1F6B20A4623464121DA
:10A2700003A8D5F80C9000F0BFFA38B31C9B9C42A1
:10A2800027D82846214602AAF6F770FF0546B8B936
:10A29000122EDDF8088001D0302E07D1424631461B
:10A2A0004846009403ABF6F72BFFA8B92246384680
:10A2B00003A900F0CAFA1E9BC3F800801D9B1C6016
:10A2C000284615B0BDE8F0830026CEE76FF086057E
:10A2D000F6E76FF08905F3E70546F1E78B4238B5FD
:10A2E00005460C46104607D30A46294600F0ADFA4B
:10A2F0000020049B1C6038BD6FF08900FBE710B59F
:10A300009EB0024646F611031AA901A8F6F7C2FB51
:10A310000023039A10211360039A01A89360039B02
:10A320001AAA10330393FFF78CFCFFF7FEFC431CC3
:10A330000446FAD001A8742100F07BFA20461EB032
:10A3400010BDF8B50668054696420C46A2EB060716
:10A3500001DDF9F7DDFB3946204600F03FF83246D3
:10A360006968E019BDE8F84000F054B8FFF7E9BFAC
:10A37000F8B507461646D2E900208A420C460BDBA8
:10A38000551A294600F02AF82246394670682844B2
:10A39000BDE8F84000F059BA891A3944F8E770B5B9
:10A3A00014460E461D4621461A46FFF7E1FF214698
:10A3B000304605F10802BDE87040FFF7D9BF70B51F
:10A3C000054616461C461A46FFF7BBFF2246314695
:10A3D00005F10800BDE87040FFF7B3BF38B503468C
:10A3E0000C4699B10022590703D0013C03F8012B18
:10A3F000F9D124F00F052A460021184600F032FA60
:10A4000003460021421923449A4200D138BD02F884
:10A41000011BF9E78B18991A12B110F00F0F01D137
:10A4200000F013BA0978013AC9B200F8011BF2E74B
:10A4300070B506460D461446FFF749FE013D026819
:10A4400044EA0524304622430421BDE87040FFF76A
:10A4500038BE73B50546D0E90146CDE90023FFF7C4
:10A4600036FE0068ED68C0009DF800209DF80730BA
:10A4700004EB0614A5F1080114D502F03F0242F0E6
:10A48000200243F00103601B8DF800208DF8073097
:10A49000FFF7A4FF083C082269462046FFF7BAFFF1
:10A4A00002B070BDA41B03F03F0342F0010243F071
:10A4B000200304F108008DF800208DF80730FFF725
:10A4C0008DFFE8E710B50446FFF701FEC2684AB108
:10A4D00042F420222046BDE81040002142F40062F0
:10A4E000FFF7EFBD10BDC06870472DE9F8430A685B
:10A4F0000C4612F4700F15D1D0E90159D1F808803B
:10A50000FFF7E5FD03682046DB0048BF63684FF0B6
:10A51000000744BFA9EB0303ED1800F0B0F80646AE
:10A52000B74201DBBDE8F883414628466268FFF781
:10A5300071FF63684D4498440137F1E770B50C46EC
:10A540001E461046D1E9012505EB42052946FFF7D5
:10A5500061FF62683046A918BDE87040FFF75ABF36
:10A5600038B50446FFF7B3FDD4E901350168426808
:10A57000C90042BFE168691A5B18002112B904F1F1
:10A58000140038BDD00707D50B2901D9F9F7C0FA57
:10A5900004EB8100436101312B445210EEE72DE9B9
:10A5A000F04F044685B00E4691460193FFF78FFDAC
:10A5B000D4F848A00546BAF1000F07D02046F6F7B8
:10A5C0008DFC1025284605B0BDE8F08F8768D4E9DA
:10A5D000018BF6F725FC326811064CBFC268426851
:10A5E0007168914204DD2046F6F778FC0D25E9E715
:10A5F000E1603268204649EA02092A6949EA020212
:10A60000FFF716FF2A68D20003D5E268ABEB02021F
:10A6100090443FB931462046FFF767FF2B696BB97D
:10A620000025CFE7FB0748BF019B4FEA670744BF00
:10A6300043F82A800AF1010AD844EAE702A800F0A8
:10A6400043F8054618B12046F6F748FCBAE720461D
:10A65000DDE90223FFF7FDFE08210DEB010000F00C
:10A66000E8F8DDE710B50446FFF72CFFBFF35F8F76
:10A6700003222046BDE810400821FFF722BD0368F1
:10A68000024613F4700F06D1806828B1D368506871
:10A6900093FBF0F0704700207047037823F0070326
:10A6A0000370C37F03F07F0343F04003C377704719
:10A6B0000B46D0E901108A42084402D31A4600F042
:10A6C00019B86FF04000704710B50446F6F7A8FBC4
:10A6D000436963B12046F6F767FC50B9D4E900320C
:10A6E0001343F7D0201DBDE81040F6F75DBC6FF0B6
:10A6F000020010BD2DE9F0470446104639B122464C
:10A700000023164612F8015B35B98B4202D16FF077
:10A71000530435E00133F4E78B42F8D04A1E9A42E5
:10A7200001D1022DF3D9A25CD2072FD5FF2415EA5F
:10A73000040228D1E443A1EB0308C71800F06EF827
:10A74000E5B208EB070A424639460020F5F7E8FA79
:10A750000446E8B93B7881462B403B703B4613F8F2
:10A76000012B9A4549EA0209F9D1002342463146B4
:10A770003846FFF702F8B9F1000FE4D00028E2DA1A
:10A780002046BDE8F0876400E4B2D0E76624F7E72E
:10A790000224F5E74FF0FF324FF0FF33F2F7F6BB3C
:10A7A000F2F766BCFEF731BC07B54FF0FF334FF050
:10A7B000FF32CDE900230022FEF734FC03B05DF840
:10A7C00004FBFEF72BBCFEF725BCFEF79FBA002367
:10A7D00013B58DF807308B4206D19DF80700B0FA0B
:10A7E00080F0400902B010BDC45C9DF80720013321
:10A7F00022438DF80720EEE78B4230B50CD80024B9
:10A8000021469C4203D1081E18BF012030BD155DB2
:10A81000055529430134F4E70020F7E710B58B42D2
:10A8200094BFC4184418A04200D110BD00F8012BF9
:10A83000F9E700231A4682B001908B4201D102B0A1
:10A8400070470198C2540133F7E70A44431E91420E
:10A8500000D1704710B511F8014B914203F8014F38
:10A86000F9D110BD02440346934200D1704703F86A
:10A87000011BF9E7044608B5F7F702F92046E8F7A7
:10A88000A3FF0139024410B5904201D1002005E038
:10A89000037811F8014FA34201D0181B10BD0130FD
:10A8A000F2E70139034610B532B111F8014F013A10
:10A8B00003F8014B002CF7D11A440021934200D138
:10A8C00010BD03F8011BF9E70246014410B58A42A6
:10A8D000134603D01C780132002CF8D1181A10BD91
:10A8E000F0B5C3F13707044603F01F031046FFB26B
:10A8F000082BE6B232D0102B3DD06508A40845EAFB
:10A90000C17544EA81748A082D1942EB5102290964
:10A9100041EA02716D1842EB1212290A41EA026102
:10A920006D1842EB1222290C41EA02416D1842EBEC
:10A930001242AD1842F10002EC0844EA4274D10818
:10A9400004EB8402A6EB4205EDB2092D0CD90134CB
:10A95000A5F10A0541F10001EDB212E0E40806F0AC
:10A96000070544EA4174C908303554EA010200F889
:10A97000015BBDD1F0BD240906F00F0544EA017466
:10A980000909092D84BFED19EDB2EDE7D1E90432D3
:0CA9900093421EBF5A1C0A6118707047E9
:08A99C00D069FE7F01000000FC
:10A9A400ED3901000000000071AA01000000000060
:10A9B4000000000064AA0200E5CE010000000000CF
:10A9C40009CF01000000000000000000A4AA02005A
:10A9D40000000000C4AA02000000000084AA0200D3
:10A9E400B1B8010000000000677D02000000000013
:10A9F40000000000E4AA0200877B020000000000BF
:10AA040005380100000000000000000004AB020053
:10AA1400711A01000000000099D20100000000003A
:10AA24000000000044AB02000000000024AB020060
:10AA3400C53D010000000000E37C020000000000AE
:10AA4400ED7C0200000000000000000064AB020086
:10AA5400793F0100000000004D2B010000000000C0
:10AA640042E3020020C0020060B402006809002032
:10AA74003C310020F99C01000000000000000000AF
:10AA84007DE3020098C0020034B402007009002083
:10AA9400B831002019A201000000000028030020A2
:10AAA40089E30200ACC0020034B402007209002041
:10AAB400C431002019A2010000000000900300200E
:10AAC40094E30200C0C0020034B402007409002000
:10AAD400D031002019A2010000000000F80300207A
:10AAE4004FE3020000000000FCB302006A090020EA
:10AAF40000000000316F02000000000000000000B0
:10AB0400CFE30200000000005CC1020078090020CD
:10AB140018320020E1AF0100000000000000000036
:10AB240057E302000000000004B402006C09002096
:10AB340000000000B99F01000000000000000000B8
:10AB44009FE30200E0C0020058B40200760900202E
:10AB5400A4070020E5A601000000000090070020E3
:10AB640070E3020040C002001CB402006E09002021
:10AB7400A0310020E9A0010000000000C002002074
:10AB8400000000006F3A0200000000006F3A02006B
:10AB9400000000006F3A0200000000006F3A02005B
:10ABA400000000006F3A0200000000006F3A02004B
:10ABB400000000006F3A0200000000006F3A02003B
:10ABC400000000006F3A0200000000006F3A02002B
:10ABD400000000006F3A0200000000006F3A02001B
:10ABE400000000006F3A0200000000006F3A02000B
:10ABF400000000006F3A0200000000006F3A0200FB
:10AC0400000000006F3A0200000000006F3A0200EA
:10AC1400000000006F3A0200000000006F3A0200DA
:10AC2400000000006F3A0200000000006F3A0200CA
:10AC3400000000006F3A0200000000006F3A0200BA
:10AC4400000000006F3A0200000000006F3A0200AA
:10AC5400000000006F3A0200000000006F3A02009A
:10AC64000000000019B90100000000006F3A020062
:10AC7400000000006F3A0200000000006F3A02007A
:10AC8400000000006F3A0200000000006F3A02006A
:10AC9400000000006F3A0200000000006F3A02005A
:10ACA400000000006F3A0200000000006F3A02004A
:10ACB400000000006F3A0200000000006F3A02003A
:10ACC400000000006F3A0200000000006F3A02002A
:10ACD400000000006F3A0200000000006F3A02001A
:10ACE400000000006F3A0200000000006F3A02000A
:10ACF400000000006F3A0200000000006F3A0200FA
:10AD0400000000006F3A0200000000006F3A0200E9
:10AD1400000000006F3A0200000000006F3A0200D9
:10AD2400000000006F3A0200000000006F3A0200C9
:10AD3400000000006F3A0200000000006F3A0200B9
:10AD4400000000006F3A0200000000006F3A0200A9
:10AD5400000000006F3A0200000000006F3A020099
:10AD6400000000006F3A0200000000006F3A020089
:10AD7400000000006F3A0200000000006F3A020079
:10AD8400000000006F3A0200000000006F3A020069
:10AD9400000000006F3A0200000000006F3A020059
:10ADA400000000006F3A0200000000006F3A020049
:10ADB400000000006F3A0200000000006F3A020039
:10ADC400000000003D0D0200000000006F3A020088
:10ADD400A40700209B850200000000006F3A0200D7
:10ADE400000000006F3A0200000000006F3A020009
:10ADF400000000006F3A0200000000006F3A0200F9
:10AE0400000000006F3A0200000000006F3A0200E8
:10AE1400000000006F3A0200000000006F3A0200D8
:10AE2400000000006F3A0200000000006F3A0200C8
:10AE3400000000006F3A0200000000006F3A0200B8
:10AE4400000000006F3A0200000000006F3A0200A8
:10AE5400000000006F3A0200000000006F3A020098
:10AE6400000000006F3A0200000000006F3A020088
:10AE7400000000006F3A0200000000006F3A020078
:10AE8400000000006F3A0200000000006F3A020068
:10AE9400000000006F3A0200000000006F3A020058
:10AEA400000000006F3A0200000000006F3A020048
:10AEB400000000006F3A0200000000006F3A020038
:10AEC400000000006F3A0200000000006F3A020028
:10AED400000000006F3A0200000000006F3A020018
:10AEE400000000006F3A0200000000006F3A020008
:10AEF400000000006F3A0200000000006F3A0200F8
:10AF0400000000006F3A0200000000006F3A0200E7
:10AF1400000000006F3A0200000000006F3A0200D7
:10AF2400000000006F3A0200000000006F3A0200C7
:10AF3400000000006F3A0200000000006F3A0200B7
:10AF4400000000006F3A0200000000006F3A0200A7
:10AF5400000000006F3A0200000000006F3A020097
:10AF6400000000006F3A0200000000006F3A020087
:10AF7400000000006F3A0200000000006F3A020077
:10AF8400000000006F3A0200000000006F3A020067
:10AF9400000000006F3A0200000000006F3A020057
:10AFA400000000006F3A0200000000006F3A020047
:10AFB400000000006F3A0200000000006F3A020037
:10AFC400000000006F3A0200000000006F3A020027
:10AFD400000000006F3A0200000000006F3A020017
:10AFE400000000006F3A0200000000006F3A020007
:10AFF400000000006F3A0200000000006F3A0200F7
:10B00400000000006F3A0200000000006F3A0200E6
:10B01400000000006F3A0200000000006F3A0200D6
:10B02400000000006F3A0200000000006F3A0200C6
:10B03400000000006F3A0200000000006F3A0200B6
:10B04400000000006F3A0200000000006F3A0200A6
:10B05400000000006F3A0200000000006F3A020096
:10B06400000000006F3A0200000000006F3A020086
:10B07400000000006F3A0200000000006F3A020076
:10B08400000000006F3A0200000000006F3A020066
:10B09400000000006F3A0200000000006F3A020056
:10B0A400000000006F3A0200000000006F3A020046
:10B0B400000000006F3A0200000000006F3A020036
:10B0C400000000006F3A0200000000006F3A020026
:10B0D400000000006F3A0200000000006F3A020016
:10B0E400000000006F3A0200000000006F3A020006
:10B0F400000000006F3A0200000000006F3A0200F6
:10B10400000000006F3A0200000000006F3A0200E5
:10B11400000000006F3A0200000000006F3A0200D5
:10B12400000000006F3A0200000000006F3A0200C5
:10B13400000000006F3A0200000000006F3A0200B5
:10B14400000000006F3A0200000000006F3A0200A5
:10B15400000000006F3A0200000000006F3A020095
:10B16400000000006F3A0200000000006F3A020085
:10B17400000000006F3A0200000000006F3A020075
:10B18400000000006F3A0200000000006F3A020065
:10B19400000000006F3A0200000000006F3A020055
:10B1A400000000006F3A0200000000006F3A020045
:10B1B400000000006F3A0200000000006F3A020035
:10B1C400000000006F3A0200000000006F3A020025
:10B1D400000000006F3A0200000000006F3A020015
:10B1E400000000006F3A0200000000006F3A020005
:10B1F4000000000041C90100000000006F3A020095
:10B20400000000006F3A0200000000006F3A0200E4
:10B21400000000006F3A0200000000006F3A0200D4
:10B22400000000006F3A0200000000006F3A0200C4
:10B23400000000006F3A0200000000006F3A0200B4
:10B24400000000006F3A0200000000006F3A0200A4
:10B25400000000006F3A02000C060020CB760200CA
:10B26400000000006F3A0200000000006F3A020084
:10B27400000000006F3A0200000000006F3A020074
:10B28400000000006F3A0200000000006F3A020064
:10B29400000000006F3A0200000000006F3A020054
:10B2A4006DC50100BD7D0200000000006F3A020080
:10B2B400000000006F3A0200000000006F3A020034
:10B2C400000000006F3A0200000000006F3A020024
:10B2D400000000006F3A0200000000006F3A020014
:10B2E400000000006F3A0200000000006F3A020004
:10B2F400000000006F3A0200000000006F3A0200F4
:10B30400000000006F3A0200000000006F3A0200E3
:10B31400000000006F3A0200000000006F3A0200D3
:10B32400000000006F3A0200000000006F3A0200C3
:10B33400000000006F3A0200000000006F3A0200B3
:10B34400000000006F3A0200000000006F3A0200A3
:10B35400000000006F3A0200000000006F3A020093
:10B36400000000006F3A0200000000006F3A020083
:10B37400000000006F3A0200000000006F3A020073
:10B38400000000006F3A0200000000006F3A020063
:10B39400000000006F3A0200000000006F3A020053
:10B3A400000000006F3A02009B7D0200BD7D020098
:10B3B400000000006F3A0200000000006F3A020033
:10B3C400000000006F3A0200000000006F3A020023
:10B3D400000000006F3A0200000000006F3A020013
:10B3E400000000006F3A020094050020CB760200B2
:08B3F400000000006F3A0200A6
:08B3FC001D6F020000000000BB
:10B40400B1A00100717002005B700200A19F0100F5
:10B41400919F0100A99F01009F720200CF71020059
:10B4240009A10100E1A001009570020089700200E9
:10B4340071A201002B760200377602004B760200DF
:10B44400557602005F76020045A40100737602007F
:04B4540000000000F4
:08B4580019A70100AB77020007
:10B46000519D0100836E0200E96E020000000000A1
:0CB47000216E020000000000000000003F
:10B47C00050000005569010006000000598B010011
:08B48C0004000000B975010085
:10B49400851E01007D1D0100000000000000000069
:10B4A400A91B010000000000451E0100991B0100BA
:10B4B4000000000000000000000000000000000088
:10B4C400000000000000000075840100000000007E
:08B4D400000000000000000070
:10B4DC00D4BE02000800000014BC020007000000EB
:08B4EC002CBB0200040000006B
:10B4F400040000000F00000001000000080000002C
:10B504002000000068000000780000001000000027
:10B514000C0000000E000000500000007C00000041
:10B52400B0000000FFFFFFFFFFFFFFFFFFFFFFFF73
:04B53400FFFFFFFF17
:10B53800FAE202000000000000000000FD3A0100ED
:10B548003D3D0100000000001FE302000100000073
:10B55800000000000B5A020000000000000000007C
:10B568002EE302000100000000000000CD5D020093
:10B57800000000000000000026E3020001000000B7
:10B5880000000000697901008983010000000000C3
:10B598003AE302000100000000000000D36B020043
:10B5A800C19901000000000034E30200010000001E
:10B5B80000000000997C0100897D01000000000066
:10B5D00000A0105000820D50000405500102082503
:10B5E00026270102030328049042BE11B400500B29
:10B5F000EE03010204004C01E80B86040102030380
:10B6000000000028000000200102FFFFFFFFFF03F1
:10B610000F141E28323C506478010203030101001C
:10B620000207000102040100010000010100000105
:10B63000000100000100010000000102080F141EBB
:10B6400028323C5064780000020B000001000B001F
:10B6500002000A00050009000A00080014000700A3
:10B660001E000600320005004B00040064000300C9
:10B6700096000200FA000100F40100000102030339
:10B6800002030001F401FA00960064004B0032004E
:10B690001E0014000A000500020001000C08021739
:10B6A0000D0101020909010106020918180301012F
:10B6B000090983838503020123020224091004047B
:10B6C00005050B0B040B2B1B1B159A9A1C021D1650
:10B6D000130501490D150508061B1B0F010100008C
:10B6E000FEFEFEFEFEFEFEFEFEFEFEFEFEFEFEFE7A
:10B6F000FEFEFEFEFE16FEFEFEFEFEFEFEFEFEFE52
:10B70000FEFE1F1FFE26FEFEFEFEFE30FEFEFE3289
:10B71000FEFE32FEFE35FEFE3E3EFEFEFEFE3B3BE4
:10B7200060009006BE022C01D012CE052804904283
:10B73000BE1164005006AE027205DA430813000120
:10B740000202A201B003BE05EE024806A209C4052A
:10B75000F40B241226FEFEFEFE2E3630FEFEFE32D6
:10B76000FEFEFEFEFE35FEFEFEFEFEFEFEFEFEFEC2
:10B770002E010203030102030301020412FEFEFE76
:10B78000FEFEFEFEFEFEFE030303030303030303AC
:10B79000030303030303030314FEFE16FEFEFEFE73
:10B7A000FEFEFEFE23FEFEFEFEFEFEFEFEFEFE2E64
:10B7B000363039FEFE32FEFEFEFEFE35FEFEFEFE99
:10B7C000FEFEFEFEFEFE2E01020303002804904250
:10B7D000BE117205DA4308132C00D002CE010440DA
:10B7E000100028049042BE112C00D002CE01B400FB
:10B7F000500BEE0364005006AE02B400500BEE0393
:10B800000102030328049042BE1128049042BE1195
:10B810000102030300010202481500200200000B90
:10B820000100000007000000000000000000000010
:10B83000000000000406080A0C0E10121416181C52
:10B840001E20222426282A2C2E30323436383A3C28
:10B850003E40424446484A4C4E021A500000000006
:10B8600028000000180000005001000050010000F6
:10B8700000000000F02300002413000018790000ED
:10B88000E86700001C0C78051437A438000000009D
:10B890004006000040060000400600004006000090
:10B8A000000098086B039C1858020000000000007C
:10B8B0000000000000000000F0230000241300003E
:10B8C0003CF000003CF000000000000048A3000035
:10B8D00014A000003CA5000068A6000000000000C5
:10B8E0000000000000000000000000000000400612
:10B8F0000C03340860090000000000000000000094
:10B90000E3A3C300B80000200200000BB415002020
:10B910000200000CB21500200200000BB21500203E
:10B920000100000C181600200100000C010208FFA5
:10B930007F00200018000A800720029801AA8000DA
:10B9400001020304020304040102030401010102D1
:10B950000101010102030402E4E1D8D2C6C9B4B175
:10B960009C93878D6C6378724E4B272D1B1E363946
:10B9700000206020406080000102000504000808EB
:10B9800000000000000000000000010101010101B1
:10B990000101010101010202020202020303040487
:10B9A0000505060607070808090A0B0C0D0E0F10FF
:10B9B0001112131415161718191A1B001001000084
:10B9C000D200000030010000D8000000010000009B
:10B9D000E400000002000000EA0000000200000095
:10B9E000EC00000003000000EE0000000400000076
:10B9F000F000000005000000F2000000060000005A
:10BA0000F400000007000000F6000000080000003D
:10BA1000F700000009000000F80000000A00000024
:10BA2000F90000000B000000FA0000000D0000000B
:10BA3000FB0000000F000000FC00000011000000EF
:10BA4000FD00000013000000FE00000015000000D3
:10BA5000FF00000018000000000000001B000000B4
:10BA6000010000001F000000020000002300000091
:10BA70000300000028000000040000002D0000006A
:10BA8000050000003300000006000000390000003F
:10BA9000070000003F000000080000000010020046
:10BAA000FA0000001800280000002A0001030062CC
:10BAB000746C650000000000000000000000000041
:10BAC0000000000000000000000000000000000076
:10BAD0000000000000000000000000000000000066
:10BAE0000001000000000000000000000000000055
:10BAF0000338FDD87047000000000000000000007F
:10BB00000338FDD870470000F91B0100151D010026
:10BB1000311C0100000000000000000000000000D7
:10BB2000451F0100C51E010000000000F8D60200FC
:10BB30000D5B020000000000A1E402000000010013
:10BB4000F4D60200EB5E0200000000005C0500205D
:10BB5000000001007FE40200252101000000000038
:10BB60000000000000000100F0D60200DF5A0200D1
:10BB7000757E01004405002000000300B121010092
:10BB800000000000000000000000000000000000B5
:10BB900040060000800700000000000000000000D8
:10BBA00003000000A0000000F00000000000000002
:10BBB0000101000061090020241500004C0900204B
:10BBC000010100006209002009160000E1DD020009
:10BBD00004000000000000000000000000F8000069
:10BBE00024AB0200010000000000010000200B0057
:10BBF00024AB02000200000000200C0000200B001B
:10BC000024AB020003000000004017000090000079
:10BC100024AB020024D702000D5B020000000000EC
:10BC200020D70200000001001CD70200EB5E0200DA
:10BC3000000000007C0500200000010014D7020075
:10BC40008F3502000000000000000000000001002D
:10BC500010D70200EB5E0200000000007405002017
:10BC60000000010008D702005B3502000000000060
:10BC7000000000000000010004D70200EB5E02009B
:10BC8000000000006C05002000000100FCD602004E
:10BC90006D2701000000000000000000000001000E
:10BCA000292A0100133A0200ED39020000000000C9
:10BCB0001F38020000000000A736020060000020CC
:10BCC000000000000600010002000000D0BC0200DD
:10BCD0000000000092E2020002000000E0CF170026
:10BCE000000000209AE2020021000000E0FF032093
:10BCF000840500209138010000000000213B020073
:10BD0000F4BC020010BD02004A0000000000000068
:10BD100074750020F4BC020024BD0200470000003E
:10BD2000000000003C7A0020F4BC020038BD020094
:10BD300002010000000000005C7B00200E030000F8
:10BD4000914801000F040000614901001A01000040
:10BD5000CD3E0200050400002D3F0100130100004C
:10BD6000FB3F02003E01000099400100011200006B
:10BD7000934002000A1E000095400200FF010000EF
:10BD8000AD3F01003E010000CD3F01000504000071
:10BD9000393F0200080400009B410200300300000C
:10BDA0003541020010010000793F0200011200003D
:10BDB000214801000A1E000001430200030900009F
:10BDC000B9400100040B0000813F0200060A000098
:10BDD000D5430200070A0000613F02000C05000085
:10BDE000BD400200050C00000D43020012050000DA
:10BDF000B15701001308000085490200F4BC02009D
:10BE00000CBE02000301000000000000787C00204E
:10BE1000F4BC020020BE0200000000000000000090
:10BE2000CC7F0020F4BC020034BE02004A000000B7
:10BE300000000000F47F00200D4D02005F4D020065
:10BE4000000000000000000000000000094F020098
:10BE500000000000000000000000000000000000E2
:10BE6000020201005752020004040100CD6D0100DE
:10BE7000060601002970010008040100E9700100B4
:10BE80000A020100775302000C0401005F53020014
:10BE90000E040100016F010020040100956F0100F4
:10BEA00010040100FD71010012020100C1530200E3
:10BEB0001E000400E358020052020000E753020093
:10BEC000F4BC0200D0BE02004C00000000000000E4
:10BED0004C81002054D702000D5B020000000000DE
:10BEE00050D70200000001004CD70200EB5E0200B8
:10BEF000000000004C0700200000010044D70200B1
:10BF00000000000000000000000000000000000031
:10BF100040D70200DF5A0200757E0100540700205E
:10BF2000000003003CD70200EB5E020000000000AE
:10BF3000440700200000010034D70200455B0200E6
:10BF4000FF5C0200000000000000030030D7020088
:10BF5000EB5E0200000000003C0700200000010032
:10BF600028D70200958201000000000000000000B8
:10BF70000000010095900100E5690200359801007C
:10BF80000000000000000000959601000000000085
:10BF900000000000000000000000000000000000A1
:10BFA0000000000031910100060000000D66020053
:10BFB00006000000AD65020010000000E18C0100E9
:10BFC000100000009B69020001000000B562020041
:10BFD00010000000096602000A00000077630200FA
:10BFE0001000000019970100070000001166020010
:10BFF000100000005363020001000000ED8F0100FB
:10C000004000000051650200100000006B63020058
:10C0100001000000B59C0100859C010000000000AB
:10C02000019E0100819D0100136F02000F6F02004D
:10C030001000000001FF00007D0100000010000062
:10C0400044AB020000127A0000010000C4AA020002
:10C0500005000100000000000100000000000000D9
:10C06000C4AA02000000010000008000800000005F
:10C0700000000100C22817000000010000000100BC
:10C08000120000000100000000FF000000A010509E
:10C0900000820D50000405507F00000000A01050E9
:10C0A000940500200000000000000000FFFF0100D8
:10C0B00000820D500C06002000000000010000006E
:10C0C000FF07000000040550000000000000000011
:10C0D0000200000000A0105000820D500004055026
:10C0E0003B77020004C102005378020038C102000D
:10C0F0005F380020573800200048E801FFFFFF01AB
:10C100000100000000A0045010C102000200000065
:10C110002CC102000300000020C102000301000046
:10C120004180000442800005448000064100000474
:10C130004200000544000006C4AA020005000100F8
:10C1400000A0105000820D5000040550A4AA020067
:10C150000D001100A4AA0200090011002DAF01007A
:10C16000BD7B0200EB7B020000A0105000820D504E
:10C170000004055008000000020000000400000058
:10C180000100000000A0105000820D500004055076
:10C19000A4A90200B4A90200FCA9020004AA02009A
:10C1A0005CAA020064AA020003E40200000100008D
:10C1B0000000000065A8020000388A408F409440CB
:10C1C000A140A640AC401548CB40AE40A34000384B
:10C1D000003800380038CE40ED409D41494156417D
:10C1E000324137413C414141B941BE41D7410E4204
:10C1F000FA418D411B42804162426A427742744358
:10C200006E4366437F432E4824460038003800388A
:10C210000038AF48D548F34863457D4585439D4583
:10C22000A845BB45E345ED45CF45FC4515468C4645
:10C230006E4695468E460038003800382842003851
:10C24000003800380038003800380038003800382E
:10C250000038003800380038194919491949194976
:10C260001949194919491949194919490038003812
:10C2700000380038003800380038003800380038FE
:10C2800000380038003800380038003800380038EE
:10C2900000380038003800380038003800380038DE
:10C2A00000380038003800380038003800380038CE
:10C2B00000380038003800388C090038FFFFFF00D4
:10C2C0000000000010270081878A001A7B627AA68E
:10C2D00078797A8D00307B627AA778797A8D003010
:10C2E00078207B6279217A220C10865082A280818C
:10C2F00082A28287828D001A0030722095407AAC2B
:10C30000797B003078247B627AA884797A8D00303A
:10C310007224A7407B2479257A26856286A87284B8
:10C32000868D11A68584116286A785868420862144
:10C33000862286509A5086A6867286A88685868D25
:10C340008462868D781086A67270001A00307ABBDF
:10C350007879003000830030001C001C001C001C99
:10C36000001B7C22001D1310D040001A001C001C72
:10C37000001C001B7C22001D001B7C22001D1310D2
:10C38000DA40001A000C016A3427001A006E1027E8
:10C39000001A7B62782479257A260C1086500E10BC
:10C3A00022590E101A59848FC50811B885850410BA
:10C3B000295911A284871AA211111120071890A2DD
:10C3C000801A9020001919A272871AA61970001BF2
:10C3D0007C201AA21A8013100B410E101D59041054
:10C3E000335986A21A72868D001A0030870811B858
:10C3F000858211A284871AA211111120031890A21C
:10C40000801A9020001915A281871AA215151520EF
:10C41000031890A2801A9020001907418650052425
:10C4200008250426F5408650042406250526F540F7
:10C4300086500C2406250B26F54086500B24082533
:10C440001A26F55000AB0C1A00300DA702720AAC88
:10C45000060D0EA703720BAC060E02620CA8720347
:10C460000C8D00307DBB0203048F05A67070036243
:10C470008650042072210E229A500070108A0E24D9
:10C480000B250E26F35002728650042072210D22D5
:10C490009A5002721027108A0D240A250D26F35097
:10C4A00005A70D0E05200C2105229A50007005BB32
:10C4B000030505A60E050030026286500420722195
:10C4C0000D229A500070108A0D240A250D26F35073
:10C4D00000300DA70D0E05A67070027286500C205C
:10C4E0000D2105229A50007005BB030505A60E0517
:10C4F000003002620DA7027203620EA7037201BB35
:10C500000D0E00BB02030D200E21802282AC808123
:10C51000812082213910A941006201A80180018D8A
:10C52000012408250626B1500030032406250826DC
:10C530008650F340032405250A268650F3500262F4
:10C5400086500A2072210A229A503810003906209B
:10C550000A210B229A500BA60B0C0BA80B050B8D76
:10C5600038100039003002620A8E0A8F0B8E0B8F52
:10C57000072787500EA8720B0C200E210D229A500F
:10C580000A200E210E229A500062865003240D25A7
:10C590001A2608210E221A510262008107271A204A
:10C5A00072211A229A5000AB0A1A003086500DBB35
:10C5B00008060DA6040D032406250E26F3500E20B2
:10C5C00007210E229A500EA7050E0E8D0E240D2562
:10C5D0000B26F34086500A2408250D26F35002202E
:10C5E0000D210E229A500E240C250B26F340865066
:10C5F00007200A210D229A5003240C250E26F35001
:10C6000005A60D0E058D0030865001A700720AB9EF
:10C61000010006240A250426F55077A70472381075
:10C620000030011877A704013810003004200421DD
:10C6300004229A5077A704723810003C001977A79B
:10C6400004013910003C0030A0A27210685380A28F
:10C65000811090A291100210965308105B54141090
:10C66000FB5439108134001A000C865033A2041098
:10C6700002102D440810D74414105B455852262050
:10C68000782148522621001C7A20CC42585226207C
:10C69000782148521D2079214A52262026211D2228
:10C6A000001E7A20CC425852782479257D527A2077
:10C6B000CC42112084214852112010107A590E10BA
:10C6C000364901218526006886AC86012EA6707049
:10C6D000C1522E2236102C2235A78682006CC80843
:10C6E00011B83581EA5026201121001C26200210A5
:10C6F0001254112126220718B120021015540810D7
:10C70000C7541410515580210019E35226202621C8
:10C71000D0501122BC520068C152006C2320361048
:10C7200026201B220318001E802100192621001A32
:10C73000001B0B102320001F001A2CBA73742CBA94
:10C740002C2C2CA72C742DA7018677A72D2C001A32
:10C75000A122DC5202108D53081054541410F654C8
:10C7600080A2807290A29072808D908D001A00300D
:10C7700082A2821082A2827282A81082001A2C20C9
:10C7800013211622071880A2818280219020B222D4
:10C7900000193222DC5229A2322828A2323131A2D9
:10C7A000292525A2293030A2312222A2312F2FA201
:10C7B000301F1FA2302E2EA22F1C1CA22F2D2DA207
:10C7C0002E1919A22E2C2CA22D1616A22D132FA62F
:10C7D000117030A6127031A6137013A62C701120A0
:10C7E0001121081802108D53081054541410F654D7
:10C7F000A020B121001926A62F7027A6307028A6E8
:10C800003170001A1120842148521D208221485283
:10C810008A0811B88583142011211122001C0518E3
:10C820008024B1208421001E001920201D211D22FA
:10C83000001C05188024B1208421001E0019E35239
:10C84000262026211922001EDA501122BC5219225C
:10C850002620BC5277A22872F810821077A7850193
:10C8600077108620CC4285A6850183A6830183A606
:10C87000830113A272101DA619701EA61A701FA69E
:10C8800013702C43585278210810E044818F918F07
:10C89000001A003077A701003810013A001A003062
:10C8A000585204216853021039540810F0543810BB
:10C8B000053A001A00305852262078214A52001AB0
:10C8C00000305852151075536E53262002214A52DB
:10C8D00000302DA2A1A12EA2A12D80A2812D90A277
:10C8E000912E001A2FA205102EA280802CA2803338
:10C8F0002EA22E802DA290902EA62E2C2EA62F2E6C
:10C900002CA72D2E2CA22C722C8D001A30A69191C2
:10C910002CA681812DA230911A10E24331A2A1A14F
:10C920001810C5432EA2818131A231312CA22C2DA9
:10C9300031A231332FBA2E742EA62F3131A62C2CD2
:10C94000D1432EA681312FA781312CA22C2D2EA2CE
:10C950002E2F31A62C2C2EBA2E742DA22D2D2FA2C7
:10C960002E2E2DA62D2D80A72F3131A72C80A0A2F1
:10C9700030A12FA22E3190A72F2D001A2EA2818137
:10C980002CA22C2DCD4331A67092ED4331A770928D
:10C99000ED4330A2A1A12FA231A131A230822FA25A
:10C9A0002F3031A731812FA72F9130A23131A0A292
:10C9B00031A12CA2813030A231302EA62C2C31A2F4
:10C9C0002F2F2EA6302E80A7312E2CA72C802EA202
:10C9D000913031A22F2C90A7312E001AB0A2A0A026
:10C9E000001A2EA670921B442EA770921B442DA2F3
:10C9F000A2B231A2A1A12CA281B22FA2A13131A257
:10CA000082312DA2912D2FA22E2F2EA2A1A22C2158
:10CA1000F543AAC3E7D3EAE32CA6047477A72C0056
:10CA2000381477A604707814001A2DA205102EA6CB
:10CA300033332FA62D2D2EA22E2E2FA62F2D2EA234
:10CA40002E332FA22F2F30A62F2F2EA62E2F2FA61C
:10CA50002E3077A22F72001A90A77090908D001A36
:10CA60002DA2A1A180A281A190A2912D001A2FA296
:10CA700005102EA280802CA280332EA22E802CA204
:10CA80002C802DA2909030A280902EA62E2C2DA628
:10CA90002D302EA62F2E2CA72D2E001A2CA281A1D0
:10CAA0002DA281812EA62D912DA22D2DA0A22C2C60
:10CAB0002CA22C2E2EA22E2E181085442FA2A0338D
:10CAC00087442FBAA0042EA62E2C80A62E2F2CA68B
:10CAD000A02C2DA22DA02CA22C8090A62C2D001ACB
:10CAE000702398448223984431A683922FA282A176
:10CAF00030A2A1A130A2313031A2818132A22F2FE8
:10CB000029A6313231A63191A0A229A131A22F311B
:10CB10002EA6812F32A630322FA6913032A281323A
:10CB20002FA22F2E2CA2812F2DA2299180A6323147
:10CB30002CA62C2D32A62FA031A22C2929A232807E
:10CB400090A63129001A30A2A1A12DA2A2A22CA246
:10CB500081A22FA282A12DA2912D30A292302EA2CD
:10CB6000A1A22C21A04472C494D496E4006877A7B3
:10CB700072043714006C001A2DA272872CA22D812A
:10CB800077A7812C391081362CA22D9177A7912C73
:10CB900039109136001A003077A60570001A90A659
:10CBA0008090001A80A281A190A291A1001A31A2C6
:10CBB00072102CA280802DA290902EA62C2D2FA238
:10CBC0002C2D2FA2332F2FA62F312EA72E2F2E8DB7
:10CBD000001A2CA6819130A281812DA291912EA2C2
:10CBE000A1A12CA22C2C2EA62E2E2FA6302D2DA7A7
:10CBF000302D2CA72C2F2EA72F2E90A22D2F80A2C8
:10CC00002C2EA0A22E2F001A2EA670822E452EA703
:10CC100070822E452FA2A1922EA2A12E30A2819128
:10CC200031A22E2F32A6912E2EA7812E2CA6812F37
:10CC30002FA6912F32A22C322CA22E2F2EA63031CD
:10CC40002FA7303130A72C2F31A7322E80A22E30C3
:10CC500090A22F31A0A23031001A2CA2A2812DA2C5
:10CC6000A2912FA2A1922EA2A1822C2132450DC504
:10CC700028D52BE5001A80A77080808D001A5852A5
:10CC8000022407257D522620CC52E65087502620CC
:10CC900072210A229A503810003906200A210B22EC
:10CCA0009A500BA60C0B0BA80B070B8D38100039F4
:10CCB0000030E65087500A8E0A8F0B8E0B8F0DA81E
:10CCC000720B0C200D2135229A500A202B229A50EB
:10CCD000EA50585208222B230224352526262653B3
:10CCE000E6500081262072212C229A5000AB0A2C9B
:10CCF0000030E6502BA872062B8DEA5058520224C1
:10CD00002B257D520820CC42000C006435A60A0C6D
:10CD1000E65087503520722135229A500BA70735EF
:10CD200006200B210B229A50381000390030000CDD
:10CD3000006435A60A0CE65087500B8F352072210F
:10CD400035229A50EA50585208220B2302243525E6
:10CD50000D2626530030585226200B2148521D2004
:10CD600006214A52262026211D22001E1D200821B0
:10CD70004A52262026211D22001E0D20CC42E650BC
:10CD800087500B200C210A229A5082A70882828D9C
:10CD90000030585208220C2378240A2526262653D0
:10CDA00000682620062100AB818000AB9190003006
:10CDB00058520620021050540810F35414105F55B6
:10CDC00006240B257D521D2008214A5226202621AB
:10CDD0001D22001E1120CC5211240A257D520D2047
:10CDE000CC42E65087500A200D212B229A50EA505F
:10CDF000CF550BA62B700D240B257D520820CC425D
:10CE00008650000800B8797917A70173179E179EFE
:10CE10000BA2781017A217100C200E2280A60B7000
:10CE200090A2721082A6907092A6707068460E2230
:10CE30007AA882927A8D00300E210C2211A681915F
:10CE400012A7819113A2111114A2121215A6829297
:10CE500016A7829215A2151216A2111611A7131465
:10CE600081A2131412A2171114A6151615A71516D0
:10CE700082A2141416A2151513A6131292A2160B51
:10CE800091A2111312103B46001B0A1040460C21C0
:10CE90000E22424606217A5608217C5636A2060BFF
:10CEA00036A236870AA608360A8D0030E65087502B
:10CEB00091A2918736A2768736A2913681A2818788
:10CEC00081A6368181A28172818D91A67070001A2F
:10CED00002248F46062408217A56EA501410C447CB
:10CEE000F34606217A560A8FEA501410C9471C47A8
:10CEF00035A2811034A2911031A2353536A23434D6
:10CF000033A2041035A2313634A2721033A2333565
:10CF100031A7363136A6343331A73136318D391049
:10CF20008134001A31A2911036A2041031A231319D
:10CF300033A2721036A2363131A7313336A63633DA
:10CF400033A2363633A2333634A2333335A23436E5
:10CF500035A2353134A2313335A23572358D33A740
:10CF6000007333A73374339E339E339E35243325A9
:10CF70003526F55035A2351034A2343533A2343479
:10CF800033A2333633A63331338D72203810052067
:10CF900081A23480818D7D1081A70081001A000C50
:10CFA0008650D00811B8080132A2041032A63232DD
:10CFB00084210C20A5570C212D2088571120AE5715
:10CFC000071880222D21C0205D578021AE570019FF
:10CFD0000C210C2088C75DD768E7D0501122175765
:10CFE0000A20B9570030001B0C200B102D20684779
:10CFF000000C86500821B6569C5632A2041032A668
:10D000003232920811B80A0602210C20A5570C21D1
:10D010002D2088571120AE57031880222D21C020C3
:10D020005D578021AE57001908212120A5572121E5
:10D030002D2088572120AE57031880222D21C02093
:10D040005D578021AE5700190C2121220C205D571D
:10D0500088C75DD768E7DA50112217572122175782
:10D060000C20B95777A680703E10003900AB0B90AA
:10D07000003031A6918136A7918131A2318236A24A
:10D08000369233A670B2734731A6918136A791814B
:10D0900031A2319236A2368233A770B2734734A2DE
:10D0A000A1A233A2B13335A6313631A7313636A726
:10D0B000343333A6343380A2313690A23533A0A264
:10D0C0003633B0A23531001A31A6918136A791814D
:10D0D00034A2313133A2313631A2A1B136A2A1A19D
:10D0E00031A6313136A6363636A7363334A7343139
:10D0F00080A23136A0A2363390A23334B0A23134AC
:10D10000001A80A2811090A29110A0A27210B0A269
:10D110008090001A31A6918190A7918180A63170EC
:10D12000A0A6A1A1B0A2B132001A35A2721035A8F2
:10D1300035A180A2813590A29135808D908D001A05
:10D14000082558527D520A20CC4258520821DB57FC
:10D1500008205F550822062302240A252626265386
:10D1600077A626703E100B3900AB0B270030918F4D
:10D170002CA291872DA272872CA22C2C2EA72C2DAD
:10D180002CA22C332CA72C2D2DA22E2E2FA22E2CF0
:10D190002DA22D2F2FA22F2F2FA22D2F2FA22F7296
:10D1A0002F8D30A70074309E309E2F2430252F26DF
:10D1B000F5502FA22F872DA22F2D2FA22D2D2FA27C
:10D1C0002F2C2FA72F2E2F8D3910913481A22D7245
:10D1D000818D7C1081A7008177A781003710913461
:10D1E000001A000C7B62865078231BA67D721B9E62
:10D1F000341043481B9E83241B257A26F5507A2041
:10D200007A211B229A501BA71B831B8D3910003DCE
:10D21000001A00305852782078211C229A501CA6FF
:10D220001C041C209A501CA61C051C8D1C2319587C
:10D2300077A67A703D1000307AA7007A00301DA7DB
:10D240007D721EA61D701E9E83241E257A26F55013
:10D25000381000301EA77A723910003D1FA28310CB
:10D260001DB91D0020A6757021A2721022A62121D1
:10D2700022239E5824A6287025A67570A85823A797
:10D280002821238D39106B4822A622215C481DA736
:10D290001D721D9E1F239E5826A21F2827A22628E6
:10D2A00028A72721288D381099482AA6727029A20C
:10D2B000272728A72921288D3810874829A229291E
:10D2C0002AA62A727D481EA7202A28A6247025A6F1
:10D2D0001E70A8582BA6287024A22B2B20A62A70DB
:10D2E00026A22B2627A2272474487AA226727A8D9A
:10D2F000001A003023A28372238D23241D252326A8
:10D30000F55028A22310001A25A725723810001AFC
:10D3100028A22828A84806100038585202240725B9
:10D320007D522620CC5200680AA60C800AAC0A0165
:10D33000381000392AA67206E6502BA8722A2AACA9
:10D340002B0187500A2006212B229A502BA7072B4E
:10D350002BAC2B012A202B210B229A50381000399C
:10D36000003006100038E65087500A8E0A8F0B8E68
:10D370000B8F2AA60A0B2AAC2A0138100039EA5072
:10D38000585208222A2302240B2523262653E6502E
:10D390002AA60C232AAC2A0100AB0A2A0030061068
:10D3A00000385852E65087502AAC0D0F2AA62A0F93
:10D3B0002A2007212A229A502AA6062A2AAC2A01C4
:10D3C0002BAC0A0F2BA62B0F2B202A212B229A5095
:10D3D0002BBB2B0C2ABB2A0CEA50585208222A23BA
:10D3E0000A242B250D2626530030003885A9010F6D
:10D3F000001A11BA010F85A78511001A007001A645
:10D400007070007001A77D72001A007009A670701C
:10D41000007009BB7D0F7D2109620081001A8162C5
:10D420000081001A0F210F260068868EC152361027
:10D430008636006C021050590310875211A62670D0
:10D4400012A6277013A62870E65036A8850F368DD1
:10D4500001213626EA508742900811B8868615D4F5
:10D4600018E4112012541D201121001C1254112106
:10D470001D220318C120001E12548021001926A667
:10D48000117027A6127028A6137026202621001CD2
:10D49000001C001C001B7C22001D262113106B4960
:10D4A0001122BC522621E7D3EAE3001A00680F8E4E
:10D4B000006C2CA20F10875902108759A0A2A02C33
:10D4C00015108959001A80A2802C90A2902C001A65
:10D4D000FA1ED65F000101000002020000140000E5
:10D4E00000280000004000000100000002000000D1
:10D4F0000F000000100000001000000020000000DD
:10D5000010000000100000000CD502001100000007
:10D5100011280000110800000100000020D50200C1
:10D5200000000000000000000000000000000000FB
:10D530000000000030000000C000000018000000E3
:10D54000310000000000000030000000E00000009A
:10D550001C00000039000000000000003000000046
:10D560000001000020000000410000000000000059
:10D5700030000000400100002800000051000000C1
:10D5800000000000300000008001000030000000BA
:10D5900061000000000000003000000000020000F8
:10D5A00040000000810000000000000017000000A3
:10D5B000C000000018000000310000000000000062
:10D5C00017000000E10000001D0000003B0000000B
:10D5D0000000000017000000000100002000000013
:10D5E000410000000000000012000000C000000028
:10D5F00018000000310000000100000012000000CF
:10D60000E00000001C0000003900000001000000E4
:10D610001200000000010000200000004100000096
:10D62000010000001200000040010000280000007E
:10D630005100000001000000120000008001000005
:10D640003000000061000000010000001200000036
:10D6500009020000420000008500000001000000F7
:10D6600041000000FF00000020000000200000003A
:10D670000000000041000000C00100003800000070
:10D68000380000000000000042000000FF00000021
:10D690002000000020000000000000004200000008
:10D6A000C001000039000000390000000000000047
:10D6B000000010002000000016E60200C00000007C
:10D6C000C4D6020026000010000000000030000058
:10D6D0000C00000000000000DCD602002200001058
:10D6E000000C0000003100000C00000000000003EE
:10D6F0000000022900000328000000280000042A7E
:10D700000000042A000003280000012A0000012A6A
:10D71000000003280000002A0000002A000003285F
:10D72000000000180000002800002A2B00002A2B0F
:10D73000000003280000292B0000292B00000328EB
:10D74000000002290000052A0000052A0000032825
:10D7500000000118000000285048592075706461CD
:10D760007465642C2054583A2025752052583A206C
:10D7700025750A00436F6E6E656374696F6E207065
:10D780006172616D65746572207570646174656441
:10D790000A436F6E6E656374696F6E20696E74659F
:10D7A0007276616C3A20312E3235202A2025752080
:10D7B0006D732C206C6174656E63793A2025752C2D
:10D7C0002074696D656F75743A203130202A2025E8
:10D7D00075206D730A00506F776572696E67206FF0
:10D7E00066660A004661696C656420746F2067652F
:10D7F00074206C6F63616C206F6F62206461746170
:10D800002028657272202564290A004164766572B9
:10D81000746973696E67207465726D696E61746591
:10D82000642E0A005363686564756C696E672073C3
:10D83000797374656D206F66660A004E6F74696651
:10D8400069636174696F6E20656E61626C65640AFC
:10D85000004E6F74696669636174696F6E206469F4
:10D860007361626C65640A004E6F74696669636116
:10D8700074696F6E2073656E64696E6720656E648F
:10D8800065642E20446973636F6E6E656374696EA0
:10D89000672E2E2E0A004661696C656420746F2025
:10D8A000646973636F6E6E65637420426C75657432
:10D8B0006F6F7468206C696E6B202865727220250A
:10D8C00064290A00436F6E6E65637461626C652043
:10D8D0006164766572746973696E67206661696CEC
:10D8E000656420746F20737461727420286572728D
:10D8F000202564290A00436F6E6E65637461626C53
:10D9000065206164766572746973696E67207374EB
:10D9100061727465640A004E6F6E2D636F6E6E6582
:10D92000637461626C6520616476657274697369A1
:10D930006E67206661696C656420746F2073746122
:10D9400072742028657272202564290A004E6F6E59
:10D950002D636F6E6E65637461626C6520616476C1
:10D960006572746973696E6720737461727465643B
:10D970000A004E6F74696669636174696F6E206333
:10D98000616E6E6F742062652070617373656420D0
:10D99000746F20426C7565746F6F74682073746166
:10D9A000636B0A004661696C656420746F2073655F
:10D9B0006E64205057522073657276696365206EDD
:10D9C0006F74696669636174696F6E20286572722D
:10D9D000202564290A00446973636F6E6E65637461
:10D9E00065642C20726561736F6E2030782530324B
:10D9F000782025730A007075626C69630072616E2D
:10DA0000646F6D007075626C69632D69640072618A
:10DA10006E646F6D2D696400307825303278002592
:10DA20003032583A253032583A253032583A25307B
:10DA300032583A253032583A25303258202825734A
:10DA400029005365637572697479206368616E6734
:10DA500065643A202573206C6576656C2025750A0F
:10DA6000005365637572697479206661696C6564D9
:10DA70003A202573206C6576656C202575206572CB
:10DA8000722025642025730A00436F6E6E656374EF
:10DA9000696F6E206661696C65642C206572722006
:10DAA0003078253032782025730A00436F6E6E651A
:10DAB000637465642025730A0050616972696E673A
:10DAC0002063616E63656C6C65643A2025730A009F
:10DAD00050616972696E67206661696C6564206374
:10DAE0006F6E6E3A2025732C20726561736F6E2005
:10DAF00025642025730A0050616972696E6720638E
:10DB00006F6D706C657465643A2025732C20626FAC
:10DB10006E6465643A2025640A004C455343204FE7
:10DB20004F4220646174612072657175657374651C
:10DB3000640A00556E737570706F72746564204F5F
:10DB40004F4220726571756573740A004661696C95
:10DB5000656420746F2067657420636F6E6E206942
:10DB60006E666F2028657272202564290A004E6F48
:10DB7000204F4F42206461746120617661696C615D
:10DB8000626C6520666F72206C6F63616C20257318
:10DB9000004661696C656420746F20736574204F62
:10DBA0004F42205343206C6F63616C206461746149
:10DBB0002028657272202564290A005374617274EA
:10DBC000696E6720426C7565746F6F746820506F62
:10DBD0007765722050726F66696C696E6720736139
:10DBE0006D706C650A004661696C656420746F2015
:10DBF000696E697469616C697A6520627574746FA5
:10DC00006E732028657272202564290A0057616BA3
:10DC1000652075702062792074686520616476657E
:10DC200072746973696E67207374617274206275AF
:10DC300074746F6E730A004170706C69636174690B
:10DC40006F6E20736F6674207265736574206465EF
:10DC50007465637465640A00526573657420667246
:10DC60006F6D2070696E2D72657365740A0053794B
:10DC70007374656D2072657365742066726F6D20B4
:10DC8000646966666572656E7420726561736F6E35
:10DC9000203078253038580A00506F7765722D6F24
:10DCA0006E2072657365740A004661696C65642054
:10DCB000746F2072656769737465722050575220C3
:10DCC000736572766963652063616C6C6261636B16
:10DCD0002028657272202564290A00426C756574DB
:10DCE0006F6F746820696E6974206661696C656421
:10DCF0002028657272202564290A004661696C65D6
:10DD00006420746F206C6F61642073657474696E35
:10DD100067732028657272202564290A00466169AC
:10DD20006C656420746F2072656769737465722016
:10DD3000617574686F72697A6174696F6E20696E5B
:10DD4000666F2063616C6C6261636B73202865721F
:10DD500072202564290A004661696C656420746F2D
:10DD600020726567697374657220617574686F727B
:10DD7000697A6174696F6E2063616C6C6261636B58
:10DD8000732028657272202564290A004661696C37
:10DD9000656420746F20696E697469616C697A6565
:10DDA000206164766572746973696E672028657294
:10DDB00072202564290A004661696C656420746FCD
:10DDC0002067656E65726174652070616972696E45
:10DDD00067206B6579732028657272202564290A93
:10DDE000004E6F726469635F506F7765725F507247
:10DDF0006F66696C696E67002A2A2A20426F6F7409
:10DE0000696E67206E524620436F6E6E65637420A4
:10DE100053444B2076332E342E302D39393535335B
:10DE200030353536303762202A2A2A0A002A2A2A33
:10DE3000205573696E67205A6570687972204F5358
:10DE40002076342E342E302D6266383031653465BC
:10DE500033643139202A2A2A0A0072302F61313A7C
:10DE60002020307825303878202072312F61323AE6
:10DE70002020307825303878202072322F61333AD4
:10DE800020203078253038780A0072332F61343AF8
:10DE90002020307825303878207231322F69703A5E
:10DEA0002020307825303878207231342F6C723A47
:10DEB00020203078253038780A0020787073723A44
:10DEC00020203078253038780A004661756C7469F6
:10DED0006E6720696E737472756374696F6E20610A
:10DEE00064647265737320287231352F7063293A28
:10DEF000203078253038780A00556E68616E646C81
:10DF00006564204952516E3A2025640A002A2A2A63
:10DF10002A2A205553414745204641554C54202A32
:10DF20002A2A2A2A0A0020204469766973696F6EBA
:10DF3000206279207A65726F0A002020556E616C2C
:10DF400069676E6564206D656D6F727920616363CA
:10DF50006573730A002020537461636B206F7665CC
:10DF600072666C6F772028636F6E746578742061B9
:10DF7000726561206E6F742076616C6964290A0095
:10DF800020204E6F20636F70726F636573736F72C2
:10DF900020696E737472756374696F6E730A002002
:10DFA00020496C6C6567616C206C6F6164206F66E2
:10DFB000204558435F52455455524E20696E746F48
:10DFC0002050430A002020496C6C6567616C207505
:10DFD0007365206F662074686520455053520A00AF
:10DFE0002020417474656D707420746F20657865AD
:10DFF0006375746520756E646566696E6564206915
:10E000006E737472756374696F6E0A002A2A2A2A05
:10E010002A20425553204641554C54202A2A2A2A68
:10E020002A0A002020537461636B696E6720657251
:10E03000726F720A002020556E737461636B696E93
:10E0400067206572726F720A0020205072656369E2
:10E050007365206461746120627573206572726FEC
:10E06000720A002020424641522041646472657366
:10E07000733A20307825780A002020496D70726547
:10E0800063697365206461746120627573206572D1
:10E09000726F720A002020496E737472756374691E
:10E0A0006F6E20627573206572726F720A00202095
:10E0B000466C6F6174696E672D706F696E74206C49
:10E0C000617A79207374617465207072657365720A
:10E0D000766174696F6E206572726F720A002A2A07
:10E0E0002A2A2A204D5055204641554C54202A2A90
:10E0F0002A2A2A0A002020537461636B696E672004
:10E100006572726F722028636F6E74657874206117
:10E11000726561206D69676874206265206E6F7436
:10E120002076616C6964290A0020204461746120B2
:10E130004163636573732056696F6C6174696F6EB8
:10E140000A0020204D4D464152204164647265739F
:10E15000733A20307825780A002020496E73747253
:10E16000756374696F6E20416363657373205669CC
:10E170006F6C6174696F6E0A0052657365727665C3
:10E180006420457863657074696F6E202800537051
:10E190007572696F757320696E74657272757074CB
:10E1A00020284952512000535053454C20696E207D
:10E1B000746872656164206D6F646520646F657357
:10E1C000206E6F7420696E646963617465205053BA
:10E1D000500A002A2A2A2A2A20484152442046412D
:10E1E000554C54202A2A2A2A2A0A002020427573D4
:10E1F000206661756C74206F6E20766563746F7233
:10E20000207461626C6520726561640A002020449C
:10E2100065627567206576656E740A002020466128
:10E22000756C7420657363616C6174696F6E20280E
:10E230007365652062656C6F77290A004152434817
:10E240005F45584345505420776974682072656172
:10E25000736F6E2025780A0A002A2A2A2A2A204467
:10E2600065627567206D6F6E69746F722065786383
:10E27000657074696F6E202A2A2A2A2A0A002A2ABF
:10E280002A2A2A20257320256429202A2A2A2A2A94
:10E290000A00464C4153485F30005352414D5F30B5
:10E2A00000657869740061626F727428290A0062DF
:10E2B000742F25732F25303278253032782530326F
:10E2C0007825303278253032782530327825752F10
:10E2D00025730062742F25732F2530327825303254
:10E2E0007825303278253032782530327825303232
:10E2F0007825750062742F257300627400425420E3
:10E300004C572057510062745F74785F70726F636E
:10E310006573736F72004254205258205751006247
:10E32000742F6363630062742F68617368006274A2
:10E330002F63660062742F73630062742F6B6579BC
:10E340007300636C6F636B40313065303030007048
:10E3500073612D726E67007272616D2D636F6E74E2
:10E36000726F6C6C65724035303034623030300022
:10E370006D783235723634333566403000677069F7
:10E380006F40313061303030006770696F40643801
:10E39000323030006770696F403530343030007390
:10E3A000706940346130303000536F667444657674
:10E3B00069636520436F6E74726F6C6C6572204187
:10E3C00053534552543A2025732C2025640A006289
:10E3D000745F6863695F736463004D50534C204100
:10E3E00053534552543A2025732C2025640A004D7E
:10E3F00050534C20576F726B0069646C65006D61FF
:10E40000696E00737973776F726B7100FFFFFFFFA6
:10E410001F00FFC1FBE84C90728BE7B3518963ABDF
:10E42000232300418866AA1AFFFF44330064726107
:10E43000676F6F6E2F6C6962732F73636865642FEB
:10E440007372632F73636865645F68616C5F74697E
:10E450006D65725F677274632E6300C8DA3098F975
:10E46000F034A44B6EBAD30819CC0CEA51DA470049
:10E47000286E756C6C29002A666C6F61742A000224
:10E4800023D1BCEA5F782415DEEF121230160000AB
:10E490000223D1BCEA5F782415DEEF121230160099
:10E4A000000223D1BCEA5F782315DEEF121230168A
:10E4B000000000FFFFFFFFFFFF0000000000000062
:10E4C000FFFFFFFFFFFF0000000000000000000052
:10E4D00000001000800000805F9B34FB01040002FC
:10E4E0000000000200000000000000050000000025
:10E4F00000000000000000000000000500090909FC
:10E50000090102090909090909090909090907098C
:10E51000090909090609090909090909090909096E
:10E52000090909090905010204E69D350E480103A0
:10E53000CCDBFDF4AC1191F4EFB9A5F9E9A7832C7C
:10E540005E2CBE97F2D203B0208BD28915D08E1CE0
:10E55000742430ED8FC24563765C15525ABF9A32EF
:10E56000636DEB2A65499C80DC0101010101020316
:10E570000005061F1F2918120308020305080A00D8
:10E580000801030401050405090607010106060840
:10E59000000001000100030100030202010002006B
:10E5A0000000000002030100036C888391AAF5A516
:10E5B0003860370BDB5A6083BE00070E091C1B1244
:10E5C00015383F363124232A2DD810200C000000A6
:10E5D0000000010405020608090F00071823232381
:10E5E0002323232323232323232300010210141492
:10E5F00000001C2030401C2000001C203040004047
:10E6000010141400001C2030401C2000001C20307E
:10E61000400040010302FFFFFFFF00000001000077
:10E6200000000000000000000000FFFFFFFFFFFFF0
:10E63000FFFFFFFFFFFFFFFFFFFF00000000FFFFE6
:10E64000FFFFFFFFFFFFBCE6FAADA7179E84F3B9FB
:10E65000CAC2FC6325516B17D1F2E12C4247F8BCCA
:10E66000E6E563A440F277037D812DEB33A0F4A1AE
:10E670003945D898C2964FE342E2FE1A7F9B8EE757
:10E68000EB4A7C0F9E162BCE33576B315ECECBB64A
:10E69000406837BF51F5FFFFFFFF00000001000099
:10E6A00000000000000000000000FFFFFFFFFFFF70
:10E6B000FFFFFFFFFFFC5AC635D8AA3A93E7B3EB3A
:10E6C000BD55769886BC651D06B0CC53B0F63BCEE2
:08E6D0003C3E27D2604B000024
:10E6D800FFFFFFFFFF1F00001F00000000000000F9
:10E6E8007FFE0000E40700001D400000000000005D
:10E6F8000000000000000000FFFFFFFF1FFF1B00DD
:10E70800BAABBABA10101010A0354D00FF000000C7
:10E71800C40900000000000000500850000000007C
:10E72800000000000C000000010000FF7F00000056
:10E7380000000000AAAAAAAA5555555501000000D4
:10E74800FFE100000000000011E2000000000000EE
:10E75800412D0000000000005DE200000000000004
:10E7680059E2000000000000FCA10000FF000000CA
:10E778008CC7000001000101010300001E001E02F9
:10E78800000000000000000012007C007E00E00194
:10E7980003007E000A1E001E000000007D1C010010
:10E7A8000000000000010000000000000000000060
:10E7B8000000000000000000000000000000000051
:10E7C8000000000000000000000000002D1D0100F6
:10E7D8000000000000010000000000000000000030
:10E7E8000000000000000000000000000000000021
:10E7F8000000000000000000000000009F1A020056
:10E8080000000000000100000000000000000000FF
:10E8180000000000000000000000000000000000F0
:10E8280000000000000000000000000000000000E0
:10E8380000000000000000000000000000000000D0
:10E8480000000000000000000000000000000000C0
:10E8580000000000000000000000000000000000B0
:10E8680000000000000000000000000000000000A0
:10E878000000000000000000000000000000000090
:10E888000000000000000000000000000000000080
:10E898000000000000000000000000000000000070
:10E8A80000000000A1450100000000000000000079
:10E8B8000000000000000000000000000000000050
:10E8C8000000000000000000000000000000000040
:10E8D8000000000000000000000000000000000030
:10E8E8000000000000000000000000000000000020
:10E8F8000000000000000000000000000000000010
:10E9080000000000000000000000000000000000FF
:10E9180000000000000000000000000000000000EF
:10E9280000000000000000000000000004AB02002E
:10E938000000000000000000E77302000000000073
:10E948000000000000000000D8020020D8020020CB
:10E958000100000001000000E8020020E802002099
:10E96800000000000000000000000000000000009F
:10E97800000000000000000000000000000000008F
:10E98800000000000000000000000000000000007F
:10E99800000000000000000000000000000000006F
:10E9A800C776020000000000000000000000000020
:10E9B8004003002040030020010000000100000087
:10E9C8005003002050030020000000000000000059
:10E9D800000000000000000000000000000000002F
:10E9E800000000000000000000000000000000001F
:10E9F800000000000000000000000000000000000F
:10EA08000000000000000000C776020000000000BF
:10EA18000000000000000000A8030020A803002058
:10EA28000100000001000000B8030020B803002026
:10EA380000000000000000000000000000000000CE
:10EA480000000000000000000000000000000000BE
:10EA580000000000000000000000000000000000AE
:10EA6800000000000000000000000000000000009E
:10EA7800C77602000000000000000000000000004F
:10EA88001004002010040020010000000100000014
:10EA980020040020200400200000000000000000E6
:10EAA800000000000000000000000000000000005E
:10EAB800000000000000000000000000000000004E
:10EAC800000000000000000000000000000000003E
:10EAD80000000000F11A0100000000000001000021
:10EAE800000000000000000000000000000000001E
:10EAF800000000000000000000000000000000000E
:10EB08000000000067000000000000000000000096
:10EB180000000000000000000000000000000000ED
:10EB280000000000000000000000000000000000DD
:10EB380000000000000000000000000000000000CD
:10EB480000000000000000000000000000000000BD
:10EB580000000000000000000000000000000000AD
:10EB6800000000000000000000000000000000009D
:10EB7800000000000000000000000000000000008D
:10EB8800000000000000000000000000000000007D
:10EB9800191F0100E51E0100000000000000000030
:10EBA8000300000000000000A51A02000000000099
:10EBB800000000000000000000000000000000004D
:10EBC800ED200100000000000000000090E40200B9
:10EBD80000001200B91D0200D4BB020000D70200D9
:10EBE800000002000CD702000000020018D7020043
:10EBF8000000020000000000173B020000000000B7
:10EC08000000000000C010500000000000000000DC
:10EC180000000000000000000000000000000000EC
:10EC280000000000000000000000000000000000DC
:10EC380000000000000000000000000000000000CC
:10EC480000000000000000000000000000000000BC
:10EC580000000000000000000000000000000000AC
:10EC6800000000000000000000000000000000009C
:10EC780000000000000000000001000000A00D508E
:10EC8800000000000000000000000000000000007C
:10EC9800000000000000000000000000000000006C
:10ECA800000000000000000000000000000000005C
:10ECB800000000000000000000000000000000004C
:10ECC800000000000000000000000000000000003C
:10ECD800000000000000000000000000000000002C
:10ECE800000000000000000000000000000000001C
:10ECF80000000000000000003D3C01000000000092
:10ED08000000000000000000CD48010000000000E5
:10ED18000000000000000000ED3F010000000000BE
:10ED280000000000000000009559010000000000EC
:10ED380000000000000000009158010000000000E1
:10ED48000000000000000000296001000000000031
:10ED58000000000000000000095D01000000000044
:10ED680000000000396E0100857801006958020032
:10ED78000000000000000000AD7301003D570200D4
:10ED8800C7570200256D01000000000000000000C8
:10ED98007D7601000000000000000000595F0200BD
:10EDA8000000000000000000000000002CD7020056
:10EDB8000000020038D7020000000A0048D702000D
:10EDC800000020000000000000000000000000001B
:10EDD80000000000C15B0200000000006C0700207A
:10EDE8006C07002000000000000000000E0000007A
:10EDF80080070020800700204196010000000000E5
:10EE08000001000000000000A77A020000000000D6
:10EE18000000000000A004500000000000000000F6
:10EE280000000000000000000000000000000000DA
:10EE380000000000000000000000000000000000CA
:10EE480000000000000000000000000000000000BA
:10EE580000000000000000000000000000000000AA
:10EE6800000000000000000000000000000000009A
:10EE7800000000000000000000000000000000008A
:10EE88001008002010080020000000000100000009
:10EE980020080020200800200000000001000000D9
:10EEA800000000000000000000000000000000005A
:10EEB800000000000000000000000000000000004A
:10EEC800000000000000000000000000000000003A
:10EED800000000000000000021AA0100000000005E
:10EEE800FF0000000000000089B9010000000000D8
:10EEF8000000000020830020000000000000000047
:10EF080000000000000800000090D003FF0000008F
:10EF18000F00000000E00C5000000000000000009E
:10EF2800000000000000000071020000BC08002082
:10EF3800BC080020C4080020C4080020000000000D
:10EF4800000000000E00000000000000DC080020A7
:10EF5800DC08002000000000000000000E00000097
:10EF680000000000F4080020F40800200000000061
:10EF7800000000000E000000000000000C09002046
:10EF88000C09002000000000000000000E00000036
:10EF980000000000839002007F9002006774200048
:10EFA800E4090020340A00200C0A00208C0A002002
:10EFB800800A0020F8090020200A0020172F2F7748
:10EFC80077772E6E6F7264696373656D692E636FF0
:05EFD8006D04060101BB
:10EFDD000000000000000000000000000000000024
:07EFED00000000000000001D
:10EFF4007C0900207C090020A88200200000000079
:10F004000100000024000000000000009809002016
:10F0140098090020584F0020000000000100000063
:10F02400A000000000000000B4090020B409002082
:10F03400CC82002000000000030000001C0000003F
:04F0440000000000C8
:10F0480000000000387300203C02000000000000AF
:04F0580000000000B4
:10F05C00E4090020E409002000000000000000008A
:10F06C000E000000F8090020F80900200000000044
:10F07C00000000000E0000000C0A00200C0A00200A
:10F08C0000000000000000000E000000200A00201C
:10F09C00200A002000000000000000000E0000000C
:10F0AC00340A0020340A0020000000000000000098
:10F0BC000E000000480A0020480A00200000000052
:10F0CC00000000000E0000005C0A00205C0A00201A
:0CF0DC0000000000000000000E0000001A
:10F0E800700A0020700A002000000000FFFFFFFFE8
:10F0F800800A0020800A0020000000008C0A0020FE
:08F108008C0A00200000000049
:10F110000000000000000000A00A0020A00A00205B
:10F120000000000000000000B00A0020B00A00202B
:10F1300003000300100000000000000024BE0200D5
:10F14000D48000200000000000000000D40A00204D
:10F15000D40A002003000300100000007D6D0100B0
:10F16000C0BE02003082002000000000000000004D
:10F17000F80A0020F80A0020030003000000000045
:10F180000000000014BD0200147B002000000000FD
:10F19000000000001C0B00201C0B002001000100DF
:10F1A00010000000515C010010BE0200CC7F002066
:10F1B0000000000000000000400B0020400B002079
:10F1C000030003000000000000000000FCBD02007E
:10F1D000847F00200000000000000000640B00207D
:10F1E000640B00200C000C00040000007D3E0100B8
:10F1F00000BD0200EC7800200000000000000000CC
:10F20000880B0020880B0020010001000000000096
:0CF210000000000028BD0200607C00200F
:04F21C0015E015E004
:040000031000305960
:00000001FF
